rule,side,btc_ret_bin,ema15_bin,target_c,trades,avg_entry_c,median_entry_minute,hit_rate,breakeven_hit_rate,avg_pnl_c,min_quartile_ev_c,quartile_ev_c,positive_weeks,weeks,min_week_ev_c,avg_signed_btc_ret_window,avg_signed_dist_ema21_15m,avg_signed_ema21_slope_15m,avg_early_low_c
m5_low0-20_close35-55_green,NO,flat,below>150,65,27,41.25925925925926,6.0,0.6666666666666666,0.6347578347578348,2.074074074074074,-10.166666666666666,"14.86,8.14,-10.17,-6.29",4,10,-37.0,0.9685185185188419,-299.6400850424732,-78.45155444534774,16.307407407407407
m5_low0-20_close35-55_green,NO,flat,below>150,70,27,41.25925925925926,6.0,0.6666666666666666,0.5894179894179894,5.407407407407407,-7.666666666666667,"19.14,11.71,-7.67,-3.43",5,10,-37.0,0.9685185185188419,-299.6400850424732,-78.45155444534774,16.307407407407407
m5_low0-20_close35-55_green,NO,flat,below>150,75,27,41.25925925925926,6.0,0.5555555555555556,0.5501234567901234,0.4074074074074074,-8.714285714285715,"-8.71,15.29,-5.17,-0.57",4,10,-37.0,0.9685185185188419,-299.6400850424732,-78.45155444534774,16.307407407407407
m5_low0-20_close35-55_green,NO,flat,below>150,80,27,41.25925925925926,6.0,0.5185185185185185,0.5157407407407407,0.2222222222222222,-6.571428571428572,"-6.57,7.43,-2.67,2.29",5,10,-37.0,0.9685185185188419,-299.6400850424732,-78.45155444534774,16.307407407407407
m5_low0-20_close35-55_green,NO,flat,below>150,85,27,41.25925925925926,6.0,0.5185185185185185,0.4854030501089325,2.814814814814815,-4.42857142857143,"-4.43,10.29,-0.17,5.14",6,10,-37.0,0.9685185185188419,-299.6400850424732,-78.45155444534774,16.307407407407407
m5_low0-20_close35-55_green,NO,flat,above50-150,65,26,42.69230769230769,6.0,0.4230769230769231,0.6568047337278107,-15.192307692307692,-25.0,"-25.00,-13.33,-6.83,-14.14",0,9,-43.99999999999999,-1.5892307692313177,88.18365173048929,26.57323372279811,16.6
m5_low0-20_close35-55_green,NO,flat,above50-150,70,26,42.69230769230769,6.0,0.38461538461538464,0.6098901098901099,-15.76923076923077,-23.571428571428573,"-23.57,-22.50,-4.33,-12.00",1,9,-43.99999999999999,-1.5892307692313177,88.18365173048929,26.57323372279811,16.6
m5_low0-20_close35-55_green,NO,flat,above50-150,75,26,42.69230769230769,6.0,0.34615384615384615,0.5692307692307692,-16.73076923076923,-22.142857142857142,"-22.14,-20.83,-14.33,-9.86",2,9,-43.99999999999999,-1.5892307692313177,88.18365173048929,26.57323372279811,16.6
m5_low0-20_close35-55_green,NO,flat,above50-150,80,26,42.69230769230769,6.0,0.3076923076923077,0.5336538461538461,-18.076923076923077,-32.5,"-20.71,-32.50,-12.67,-7.71",3,9,-43.99999999999999,-1.5892307692313177,88.18365173048929,26.57323372279811,16.6
m5_low0-20_close35-55_green,NO,flat,above50-150,85,26,42.69230769230769,6.0,0.23076923076923078,0.502262443438914,-23.076923076923077,-31.666666666666668,"-31.43,-31.67,-11.00,-17.71",1,9,-43.99999999999999,-1.5892307692313177,88.18365173048929,26.57323372279811,16.6
m5_low0-20_close35-55_green,YES,flat,below50-150,65,27,42.7037037037037,6.0,0.7037037037037037,0.656980056980057,3.037037037037037,-8.714285714285714,"5.00,-8.71,12.50,4.71",4,8,-35.0,0.9125925925920321,-91.29904869987567,-22.809784008554644,17.037037037037038
m5_low0-20_close35-55_green,YES,flat,below50-150,70,27,42.7037037037037,6.0,0.7037037037037037,0.6100529100529101,6.555555555555555,-5.857142857142857,"8.57,-5.86,16.67,8.29",4,8,-35.0,0.9125925925920321,-91.29904869987567,-22.809784008554644,17.037037037037038
m5_low0-20_close35-55_green,YES,flat,below50-150,75,27,42.7037037037037,6.0,0.6296296296296297,0.5693827160493827,4.518518518518518,-13.714285714285714,"1.43,-13.71,20.83,11.86",4,8,-37.0,0.9125925925920321,-91.29904869987567,-22.809784008554644,17.037037037037038
m5_low0-20_close35-55_green,YES,flat,below50-150,80,27,42.7037037037037,6.0,0.5925925925925926,0.5337962962962963,4.703703703703703,-11.571428571428571,"4.29,-11.57,25.00,4.00",4,8,-37.0,0.9125925925920321,-91.29904869987567,-22.809784008554644,17.037037037037038
m5_low0-20_close35-55_green,YES,flat,below50-150,85,27,42.7037037037037,6.0,0.5925925925925926,0.50239651416122,7.666666666666667,-9.428571428571429,"7.14,-9.43,29.17,6.86",4,8,-37.0,0.9125925925920321,-91.29904869987567,-22.809784008554644,17.037037037037038
m5_low0-20_close40-60_green,YES,flat,below50-150,65,26,48.34615384615385,6.0,0.7692307692307693,0.7437869822485207,1.6538461538461537,-14.166666666666666,"5.57,-14.17,4.50,8.86",4,7,-11.0,1.459230769230299,-90.93367141628634,-23.9530898541816,17.115384615384617
m5_low0-20_close40-60_green,YES,flat,below50-150,70,26,48.34615384615385,6.0,0.7307692307692307,0.6906593406593406,2.8076923076923075,-11.666666666666666,"-0.14,-11.67,8.67,13.14",4,7,-8.5,1.459230769230299,-90.93367141628634,-23.9530898541816,17.115384615384617
m5_low0-20_close40-60_green,YES,flat,below50-150,75,26,48.34615384615385,6.0,0.6538461538461539,0.6446153846153846,0.6923076923076923,-9.166666666666666,"-7.29,-9.17,0.33,17.43",4,7,-57.99999999999999,1.459230769230299,-90.93367141628634,-23.9530898541816,17.115384615384617
m5_low0-20_close40-60_green,YES,flat,below50-150,80,26,48.34615384615385,6.0,0.6153846153846154,0.604326923076923,0.8846153846153846,-6.666666666666667,"-4.43,-6.67,3.67,10.29",4,7,-57.99999999999999,1.459230769230299,-90.93367141628634,-23.9530898541816,17.115384615384617
m5_low0-20_close40-60_green,YES,flat,below50-150,85,26,48.34615384615385,6.0,0.6153846153846154,0.5687782805429864,3.9615384615384617,-4.166666666666667,"-1.57,-4.17,7.00,13.86",4,7,-57.99999999999999,1.459230769230299,-90.93367141628634,-23.9530898541816,17.115384615384617
m5_low15-25_close35-55_green,NO,against20-50,below>150,65,26,41.69230769230769,7.0,0.6538461538461539,0.6414201183431952,0.8076923076923074,-19.166666666666664,"-2.71,22.83,-19.17,2.57",5,9,-36.5,-34.361153846153265,-410.62302315618916,-118.24902489546199,20.46153846153846
m5_low15-25_close35-55_green,NO,against20-50,below>150,70,26,41.69230769230769,7.0,0.6538461538461539,0.5956043956043956,4.076923076923077,-17.499999999999996,"0.14,27.83,-17.50,6.14",5,9,-36.5,-34.361153846153265,-410.62302315618916,-118.24902489546199,20.46153846153846
m5_low15-25_close35-55_green,NO,against20-50,below>150,75,26,41.69230769230769,7.0,0.5769230769230769,0.5558974358974359,1.5769230769230766,-15.83333333333333,"-7.71,32.83,-15.83,-1.00",4,9,-36.5,-34.361153846153265,-410.62302315618916,-118.24902489546199,20.46153846153846
m5_low15-25_close35-55_green,NO,against20-50,below>150,80,26,41.69230769230769,7.0,0.5384615384615384,0.5211538461538462,1.3846153846153846,-27.5,"-5.57,37.83,-27.50,1.86",6,9,-42.333333333333336,-34.361153846153265,-410.62302315618916,-118.24902489546199,20.46153846153846
m5_low15-25_close35-55_green,NO,against20-50,below>150,85,26,41.69230769230769,7.0,0.5,0.4904977375565611,0.8076923076923074,-26.666666666666668,"-3.43,28.67,-26.67,4.71",6,9,-42.333333333333336,-34.361153846153265,-410.62302315618916,-118.24902489546199,20.46153846153846
m5_low15-25_close35-55_green,NO,flat,below>150,65,36,42.666666666666664,6.0,0.6111111111111112,0.6564102564102564,-2.944444444444445,-14.333333333333334,"7.00,1.78,-6.22,-14.33",2,10,-26.0,0.08388888888900208,-290.3007324079681,-78.90345520480757,19.86111111111111
m5_low15-25_close35-55_green,NO,flat,below>150,70,36,42.666666666666664,6.0,0.5833333333333334,0.6095238095238095,-1.8333333333333341,-12.11111111111111,"10.89,-2.67,-3.44,-12.11",5,10,-24.333333333333332,0.08388888888900208,-290.3007324079681,-78.90345520480757,19.86111111111111
m5_low15-25_close35-55_green,NO,flat,below>150,75,36,42.666666666666664,6.0,0.5555555555555556,0.5688888888888889,-1.0000000000000009,-9.88888888888889,"6.44,0.11,-0.67,-9.89",5,10,-22.666666666666668,0.08388888888900208,-290.3007324079681,-78.90345520480757,19.86111111111111
m5_low15-25_close35-55_green,NO,flat,below>150,80,36,42.666666666666664,6.0,0.5277777777777778,0.5333333333333333,-0.4444444444444454,-7.666666666666667,"9.78,2.89,-6.78,-7.67",5,10,-21.000000000000004,0.08388888888900208,-290.3007324079681,-78.90345520480757,19.86111111111111
m5_low15-25_close35-55_green,NO,flat,below>150,85,36,42.666666666666664,6.0,0.5277777777777778,0.5019607843137255,2.1944444444444438,-5.444444444444445,"13.11,5.67,-4.56,-5.44",7,10,-19.333333333333336,0.08388888888900208,-290.3007324079681,-78.90345520480757,19.86111111111111
m5_low15-25_close35-55_green,NO,flat,below50-150,65,26,41.73076923076923,6.0,0.5384615384615384,0.6420118343195267,-6.730769230769231,-22.666666666666668,"5.86,-8.83,-22.67,-3.86",3,9,-43.00000000000001,-7.999230769230612,-85.3961239947418,-18.347097042254273,20.923076923076923
m5_low15-25_close35-55_green,NO,flat,below50-150,70,26,41.73076923076923,6.0,0.5384615384615384,0.5961538461538461,-4.038461538461538,-21.0,"9.43,-6.33,-21.00,-1.00",3,9,-43.00000000000001,-7.999230769230612,-85.3961239947418,-18.347097042254273,20.923076923076923
m5_low15-25_close35-55_green,NO,flat,below50-150,75,26,41.73076923076923,6.0,0.5384615384615384,0.5564102564102564,-1.3461538461538463,-19.333333333333332,"13.00,-3.83,-19.33,1.86",3,9,-43.00000000000001,-7.999230769230612,-85.3961239947418,-18.347097042254273,20.923076923076923
m5_low15-25_close35-55_green,NO,flat,below50-150,80,26,41.73076923076923,6.0,0.5384615384615384,0.5216346153846154,1.3461538461538458,-17.666666666666668,"16.57,-1.33,-17.67,4.71",4,9,-43.00000000000001,-7.999230769230612,-85.3961239947418,-18.347097042254273,20.923076923076923
m5_low15-25_close35-55_green,NO,flat,below50-150,85,26,41.73076923076923,6.0,0.5,0.4909502262443439,0.7692307692307693,-16.0,"8.00,1.17,-16.00,7.57",5,9,-51.0,-7.999230769230612,-85.3961239947418,-18.347097042254273,20.923076923076923
m5_low15-25_close35-55_green,NO,flat,below0-50,65,28,42.785714285714285,6.0,0.6428571428571429,0.6582417582417582,-1.0,-8.571428571428571,"-8.57,15.29,-4.00,-6.71",5,10,-26.5,-4.5903571428573615,-27.15143348892447,-5.2016773419711955,20.821428571428573
m5_low15-25_close35-55_green,NO,flat,below0-50,70,28,42.785714285714285,6.0,0.6071428571428571,0.6112244897959184,-0.2857142857142857,-5.714285714285714,"-5.71,9.57,-1.14,-3.86",6,10,-25.25,-4.5903571428573615,-27.15143348892447,-5.2016773419711955,20.821428571428573
m5_low15-25_close35-55_green,NO,flat,below0-50,75,28,42.785714285714285,6.0,0.5,0.5704761904761905,-5.285714285714286,-13.571428571428571,"-13.57,2.43,1.71,-11.71",4,10,-46.0,-4.5903571428573615,-27.15143348892447,-5.2016773419711955,20.821428571428573
m5_low15-25_close35-55_green,NO,flat,below0-50,80,28,42.785714285714285,6.0,0.4642857142857143,0.5348214285714286,-5.642857142857143,-21.0,"-11.43,5.29,4.57,-21.00",4,10,-46.0,-4.5903571428573615,-27.15143348892447,-5.2016773419711955,20.821428571428573
m5_low15-25_close35-55_green,NO,flat,below0-50,85,28,42.785714285714285,6.0,0.4642857142857143,0.5033613445378151,-3.3214285714285716,-19.571428571428573,"-9.29,8.14,7.43,-19.57",4,10,-46.0,-4.5903571428573615,-27.15143348892447,-5.2016773419711955,20.821428571428573
m5_low15-25_close35-55_green,NO,flat,above0-50,65,34,42.911764705882355,7.0,0.47058823529411764,0.6601809954751131,-12.323529411764707,-24.25,"-9.22,-2.62,-24.25,-13.44",2,9,-28.2,-3.2458823529414076,26.60257489534963,10.888110819778163,20.38235294117647
m5_low15-25_close35-55_green,NO,flat,above0-50,70,34,42.911764705882355,7.0,0.4411764705882353,0.6130252100840337,-12.029411764705882,-31.75,"-6.44,0.50,-31.75,-11.22",2,9,-41.2,-3.2458823529414076,26.60257489534963,10.888110819778163,20.38235294117647
m5_low15-25_close35-55_green,NO,flat,above0-50,75,34,42.911764705882355,7.0,0.4411764705882353,0.572156862745098,-9.823529411764707,-31.125,"-3.67,3.63,-31.12,-9.00",2,9,-41.2,-3.2458823529414076,26.60257489534963,10.888110819778163,20.38235294117647
m5_low15-25_close35-55_green,NO,flat,above0-50,80,34,42.911764705882355,7.0,0.38235294117647056,0.5363970588235294,-12.323529411764707,-40.5,"-9.78,6.75,-40.50,-6.78",2,9,-41.2,-3.2458823529414076,26.60257489534963,10.888110819778163,20.38235294117647
m5_low15-25_close35-55_green,NO,flat,above0-50,85,34,42.911764705882355,7.0,0.38235294117647056,0.5048442906574395,-10.411764705882353,-40.5,"-7.56,9.88,-40.50,-4.56",2,9,-41.2,-3.2458823529414076,26.60257489534963,10.888110819778163,20.38235294117647
m5_low15-25_close35-55_green,NO,flat,above50-150,65,37,43.75675675675676,6.0,0.5675675675675675,0.6731808731808732,-6.864864864864865,-10.399999999999999,"-10.40,-9.44,-5.56,-1.67",3,10,-40.666666666666664,-2.0562162162154767,84.07992840112452,26.31117738185984,20.135135135135137
m5_low15-25_close35-55_green,NO,flat,above50-150,70,37,43.75675675675676,6.0,0.5405405405405406,0.6250965250965251,-5.918918918918919,-14.444444444444445,"-7.90,-14.44,-2.78,1.67",3,10,-40.666666666666664,-2.0562162162154767,84.07992840112452,26.31117738185984,20.135135135135137
m5_low15-25_close35-55_green,NO,flat,above50-150,75,37,43.75675675675676,6.0,0.4864864864864865,0.5834234234234235,-7.27027027027027,-12.222222222222221,"-5.40,-12.22,-8.33,-3.33",3,10,-46.74999999999999,-2.0562162162154767,84.07992840112452,26.31117738185984,20.135135135135137
m5_low15-25_close35-55_green,NO,flat,above50-150,80,37,43.75675675675676,6.0,0.43243243243243246,0.5469594594594595,-9.162162162162161,-18.88888888888889,"-2.90,-18.89,-6.11,-9.44",3,10,-46.74999999999999,-2.0562162162154767,84.07992840112452,26.31117738185984,20.135135135135137
m5_low15-25_close35-55_green,NO,flat,above50-150,85,37,43.75675675675676,6.0,0.32432432432432434,0.5147853736089031,-16.18918918918919,-26.666666666666668,"-8.90,-26.67,-13.33,-16.67",3,10,-46.74999999999999,-2.0562162162154767,84.07992840112452,26.31117738185984,20.135135135135137
m5_low15-25_close35-55_green,YES,flat,below>150,65,25,43.96,6.0,0.6,0.6763076923076923,-4.96,-19.5,"-6.57,-0.67,-19.50,7.17",4,9,-42.0,2.458399999999965,-345.04818792431035,-98.65623540295114,20.8
m5_low15-25_close35-55_green,YES,flat,below>150,70,25,43.96,6.0,0.6,0.628,-1.96,-17.833333333333332,"-3.71,2.67,-17.83,11.33",4,9,-42.0,2.458399999999965,-345.04818792431035,-98.65623540295114,20.8
m5_low15-25_close35-55_green,YES,flat,below>150,75,25,43.96,6.0,0.56,0.5861333333333334,-1.96,-16.166666666666668,"-11.57,6.00,-16.17,15.50",6,9,-42.0,2.458399999999965,-345.04818792431035,-98.65623540295114,20.8
m5_low15-25_close35-55_green,YES,flat,below>150,80,25,43.96,6.0,0.48,0.5495,-5.56,-27.833333333333332,"-9.43,-4.00,-27.83,19.67",4,9,-42.0,2.458399999999965,-345.04818792431035,-98.65623540295114,20.8
m5_low15-25_close35-55_green,YES,flat,below>150,85,25,43.96,6.0,0.4,0.5171764705882353,-9.96,-27.0,"-19.43,-15.67,-27.00,23.83",4,9,-42.0,2.458399999999965,-345.04818792431035,-98.65623540295114,20.8
m5_low15-25_close35-55_green,YES,flat,below50-150,65,37,44.189189189189186,6.0,0.8108108108108109,0.6798336798336798,8.513513513513514,3.0,"12.00,3.00,5.67,13.00",7,10,-10.5,-1.30621621621705,-94.7351702714073,-19.75305676524629,20.324324324324323
m5_low15-25_close35-55_green,YES,flat,below50-150,70,37,44.189189189189186,6.0,0.8108108108108109,0.6312741312741312,12.567567567567568,6.888888888888889,"16.00,6.89,9.56,17.44",7,10,-8.0,-1.30621621621705,-94.7351702714073,-19.75305676524629,20.324324324324323
m5_low15-25_close35-55_green,YES,flat,below50-150,75,37,44.189189189189186,6.0,0.7567567567567568,0.5891891891891892,12.567567567567568,5.111111111111111,"12.50,10.78,5.11,21.89",7,10,-43.0,-1.30621621621705,-94.7351702714073,-19.75305676524629,20.324324324324323
m5_low15-25_close35-55_green,YES,flat,below50-150,80,37,44.189189189189186,6.0,0.7027027027027027,0.5523648648648648,12.027027027027026,5.777777777777778,"16.00,5.78,8.44,17.44",7,10,-43.0,-1.30621621621705,-94.7351702714073,-19.75305676524629,20.324324324324323
m5_low15-25_close35-55_green,YES,flat,below50-150,85,37,44.189189189189186,6.0,0.7027027027027027,0.519872813990461,15.54054054054054,9.11111111111111,"19.50,9.11,11.78,21.33",8,10,-43.0,-1.30621621621705,-94.7351702714073,-19.75305676524629,20.324324324324323
m5_low15-25_close35-55_green,YES,flat,below0-50,65,27,43.81481481481482,6.0,0.5555555555555556,0.674074074074074,-7.703703703703703,-14.0,"-8.00,0.00,-9.00,-14.00",3,9,-54.0,0.5888888888897512,-22.94872957424296,-7.157488748338505,20.59259259259259
m5_low15-25_close35-55_green,YES,flat,below0-50,70,27,43.81481481481482,6.0,0.5185185185185185,0.625925925925926,-7.518518518518518,-15.142857142857142,"-15.14,3.57,-6.50,-11.86",3,9,-54.0,0.5888888888897512,-22.94872957424296,-7.157488748338505,20.59259259259259
m5_low15-25_close35-55_green,YES,flat,below0-50,75,27,43.81481481481482,6.0,0.4444444444444444,0.5841975308641976,-10.481481481481481,-20.428571428571427,"-13.00,-3.57,-4.00,-20.43",2,9,-54.0,0.5888888888897512,-22.94872957424296,-7.157488748338505,20.59259259259259
m5_low15-25_close35-55_green,YES,flat,below0-50,80,27,43.81481481481482,6.0,0.4074074074074074,0.5476851851851852,-11.222222222222221,-19.0,"-10.86,-0.71,-14.83,-19.00",2,9,-54.0,0.5888888888897512,-22.94872957424296,-7.157488748338505,20.59259259259259
m5_low15-25_close35-55_green,YES,flat,below0-50,85,27,43.81481481481482,6.0,0.4074074074074074,0.5154684095860567,-9.185185185185185,-17.571428571428573,"-8.71,2.14,-13.17,-17.57",2,9,-54.0,0.5888888888897512,-22.94872957424296,-7.157488748338505,20.59259259259259
m5_low15-25_close35-55_green,YES,flat,above50-150,65,39,42.43589743589744,6.0,0.5641025641025641,0.6528599605522682,-5.769230769230769,-24.2,"-16.70,9.60,9.78,-24.20",4,10,-39.666666666666664,0.43487179487177247,89.42648392858133,25.99972848804632,21.358974358974358
m5_low15-25_close35-55_green,YES,flat,above50-150,70,39,42.43589743589744,6.0,0.5641025641025641,0.6062271062271063,-2.948717948717949,-22.7,"-14.70,13.60,13.67,-22.70",4,10,-39.666666666666664,0.43487179487177247,89.42648392858133,25.99972848804632,21.358974358974358
m5_low15-25_close35-55_green,YES,flat,above50-150,75,39,42.43589743589744,6.0,0.5641025641025641,0.5658119658119658,-0.1282051282051282,-21.2,"-12.70,17.60,17.56,-21.20",4,10,-39.666666666666664,0.43487179487177247,89.42648392858133,25.99972848804632,21.358974358974358
m5_low15-25_close35-55_green,YES,flat,above50-150,80,39,42.43589743589744,6.0,0.5641025641025641,0.530448717948718,2.6923076923076925,-19.7,"-10.70,21.60,21.44,-19.70",4,10,-39.666666666666664,0.43487179487177247,89.42648392858133,25.99972848804632,21.358974358974358
m5_low15-25_close35-55_green,YES,flat,above50-150,85,39,42.43589743589744,6.0,0.48717948717948717,0.49924585218702866,-1.0256410256410255,-26.7,"-17.20,17.10,25.33,-26.70",3,10,-43.0,0.43487179487177247,89.42648392858133,25.99972848804632,21.358974358974358
m5_low15-25_close35-55_green,YES,flat,above>150,65,30,42.96666666666667,6.0,0.6333333333333333,0.6610256410256411,-1.8,-15.857142857142858,"-5.50,5.29,-15.86,8.00",3,9,-39.0,-0.17000000000019402,284.4436120264834,78.84876724742595,21.7
m5_low15-25_close35-55_green,YES,flat,above>150,70,30,42.96666666666667,6.0,0.5666666666666667,0.6138095238095238,-3.3,-23.714285714285715,"-2.38,-1.14,-23.71,11.75",4,9,-42.25,-0.17000000000019402,284.4436120264834,78.84876724742595,21.7
m5_low15-25_close35-55_green,YES,flat,above>150,75,30,42.96666666666667,6.0,0.5333333333333333,0.5728888888888889,-2.966666666666667,-22.285714285714285,"0.75,-9.00,-22.29,15.50",3,9,-42.25,-0.17000000000019402,284.4436120264834,78.84876724742595,21.7
m5_low15-25_close35-55_green,YES,flat,above>150,80,30,42.96666666666667,6.0,0.5,0.5370833333333334,-2.966666666666667,-20.857142857142858,"3.88,-6.86,-20.86,9.25",4,9,-42.25,-0.17000000000019402,284.4436120264834,78.84876724742595,21.7
m5_low15-25_close35-55_green,YES,flat,above>150,85,30,42.96666666666667,6.0,0.5,0.5054901960784314,-0.4666666666666667,-19.428571428571427,"7.00,-4.71,-19.43,12.38",5,9,-42.25,-0.17000000000019402,284.4436120264834,78.84876724742595,21.7
m5_low15-25_close40-60_green,NO,flat,below>150,65,29,47.37931034482759,6.0,0.6206896551724138,0.7289124668435013,-7.034482758620691,-10.285714285714286,"-1.75,-9.29,-7.57,-10.29",3,9,-26.0,1.4293103448269842,-284.46658476911597,-74.95404645512136,20.0
m5_low15-25_close40-60_green,NO,flat,below>150,70,29,47.37931034482759,6.0,0.6206896551724138,0.6768472906403941,-3.9310344827586228,-7.428571428571428,"2.00,-6.43,-4.71,-7.43",4,9,-24.333333333333332,1.4293103448269842,-284.46658476911597,-74.95404645512136,20.0
m5_low15-25_close40-60_green,NO,flat,below>150,75,29,47.37931034482759,6.0,0.5862068965517241,0.6317241379310345,-3.4137931034482767,-4.57142857142857,"-3.63,-3.57,-1.86,-4.57",3,9,-50.0,1.4293103448269842,-284.46658476911597,-74.95404645512136,20.0
m5_low15-25_close40-60_green,NO,flat,below>150,80,29,47.37931034482759,6.0,0.5517241379310345,0.5922413793103448,-3.2413793103448287,-10.428571428571429,"-0.50,-0.71,-10.43,-1.71",4,9,-50.0,1.4293103448269842,-284.46658476911597,-74.95404645512136,20.0
m5_low15-25_close40-60_green,NO,flat,below>150,85,29,47.37931034482759,6.0,0.5517241379310345,0.5574036511156186,-0.4827586206896559,-8.285714285714286,"2.62,2.14,-8.29,1.14",5,9,-50.0,1.4293103448269842,-284.46658476911597,-74.95404645512136,20.0
m5_low15-25_close40-60_green,NO,flat,above0-50,65,31,47.58064516129032,7.0,0.6129032258064516,0.7320099255583126,-7.741935483870968,-16.0,"0.12,-7.38,-16.00,-8.75",3,9,-27.5,-0.7048387096773724,29.792416590086614,11.870373439711036,21.096774193548388
m5_low15-25_close40-60_green,NO,flat,above0-50,70,31,47.58064516129032,7.0,0.5806451612903226,0.6797235023041475,-6.935483870967742,-23.857142857142858,"3.87,-4.25,-23.86,-5.63",3,9,-43.75,-0.7048387096773724,29.792416590086614,11.870373439711036,21.096774193548388
m5_low15-25_close40-60_green,NO,flat,above0-50,75,31,47.58064516129032,7.0,0.5806451612903226,0.6344086021505376,-4.032258064516129,-22.428571428571427,"7.62,-1.12,-22.43,-2.50",5,9,-43.75,-0.7048387096773724,29.792416590086614,11.870373439711036,21.096774193548388
m5_low15-25_close40-60_green,NO,flat,above0-50,80,31,47.58064516129032,7.0,0.5161290322580645,0.594758064516129,-6.290322580645162,-32.42857142857143,"1.37,2.00,-32.43,0.62",5,9,-43.75,-0.7048387096773724,29.792416590086614,11.870373439711036,21.096774193548388
m5_low15-25_close40-60_green,NO,flat,above0-50,85,31,47.58064516129032,7.0,0.5161290322580645,0.5597722960151802,-3.7096774193548394,-31.714285714285715,"4.50,5.12,-31.71,3.75",5,9,-43.75,-0.7048387096773724,29.792416590086614,11.870373439711036,21.096774193548388
m5_low15-25_close40-60_green,NO,flat,above50-150,65,33,47.39393939393939,7.0,0.7272727272727273,0.729137529137529,-0.12121212121212122,-4.333333333333332,"-4.33,-0.50,3.37,1.50",6,10,-40.0,-0.5406060606050729,85.94027867997383,27.201038606713126,20.575757575757574
m5_low15-25_close40-60_green,NO,flat,above50-150,70,33,47.39393939393939,7.0,0.696969696969697,0.677056277056277,1.393939393939394,-5.500000000000002,"-1.00,-5.50,7.12,5.25",6,10,-40.0,-0.5406060606050729,85.94027867997383,27.201038606713126,20.575757575757574
m5_low15-25_close40-60_green,NO,flat,above50-150,75,33,47.39393939393939,7.0,0.6363636363636364,0.6319191919191919,0.3333333333333333,-2.3750000000000018,"2.33,-2.38,1.50,-0.37",5,10,-46.74999999999999,-0.5406060606050729,85.94027867997383,27.201038606713126,20.575757575757574
m5_low15-25_close40-60_green,NO,flat,above50-150,80,33,47.39393939393939,7.0,0.5757575757575758,0.5924242424242424,-1.3333333333333333,-7.249999999999999,"5.67,0.75,-5.38,-7.25",5,10,-50.0,-0.5406060606050729,85.94027867997383,27.201038606713126,20.575757575757574
m5_low15-25_close40-60_green,NO,flat,above50-150,85,33,47.39393939393939,7.0,0.45454545454545453,0.5575757575757575,-8.757575757575758,-15.375,"-0.44,-6.75,-13.50,-15.38",4,10,-50.0,-0.5406060606050729,85.94027867997383,27.201038606713126,20.575757575757574
m5_low15-25_close40-60_green,YES,flat,below50-150,65,36,49.583333333333336,6.0,0.8333333333333334,0.7628205128205129,4.583333333333333,0.0,"5.89,3.00,0.00,9.44",7,10,-20.999999999999996,-0.8880555555563964,-94.13775415057938,-21.55911773495811,20.055555555555557
m5_low15-25_close40-60_green,YES,flat,below50-150,70,36,49.583333333333336,6.0,0.7777777777777778,0.7083333333333334,4.861111111111111,-3.888888888888889,"2.56,6.89,-3.89,13.89",7,10,-18.499999999999996,-0.8880555555563964,-94.13775415057938,-21.55911773495811,20.055555555555557
m5_low15-25_close40-60_green,YES,flat,below50-150,75,36,49.583333333333336,6.0,0.7222222222222222,0.6611111111111111,4.583333333333333,-8.88888888888889,"-1.89,10.78,-8.89,18.33",7,10,-53.5,-0.8880555555563964,-94.13775415057938,-21.55911773495811,20.055555555555557
m5_low15-25_close40-60_green,YES,flat,below50-150,80,36,49.583333333333336,6.0,0.6666666666666666,0.6197916666666667,3.75,-6.111111111111111,"1.44,5.78,-6.11,13.89",6,10,-53.5,-0.8880555555563964,-94.13775415057938,-21.55911773495811,20.055555555555557
m5_low15-25_close40-60_green,YES,flat,below50-150,85,36,49.583333333333336,6.0,0.6666666666666666,0.5833333333333334,7.083333333333333,-3.3333333333333335,"4.78,9.11,-3.33,17.78",8,10,-53.5,-0.8880555555563964,-94.13775415057938,-21.55911773495811,20.055555555555557
m5_low15-25_close40-60_green,YES,flat,above50-150,65,35,48.542857142857144,6.0,0.6,0.7468131868131869,-9.542857142857143,-25.666666666666668,"-18.11,0.33,7.12,-25.67",4,10,-47.666666666666664,1.7591428571430567,91.10184685695069,25.87039645250105,21.714285714285715
m5_low15-25_close40-60_green,YES,flat,above50-150,70,35,48.542857142857144,6.0,0.6,0.693469387755102,-6.542857142857143,-24.0,"-15.89,4.22,11.50,-24.00",4,10,-47.666666666666664,1.7591428571430567,91.10184685695069,25.87039645250105,21.714285714285715
m5_low15-25_close40-60_green,YES,flat,above50-150,75,35,48.542857142857144,6.0,0.6,0.6472380952380953,-3.5428571428571436,-22.333333333333332,"-13.67,8.11,15.88,-22.33",5,10,-47.666666666666664,1.7591428571430567,91.10184685695069,25.87039645250105,21.714285714285715
m5_low15-25_close40-60_green,YES,flat,above50-150,80,35,48.542857142857144,6.0,0.6,0.6067857142857143,-0.5428571428571433,-20.666666666666668,"-11.44,12.00,20.25,-20.67",7,10,-47.666666666666664,1.7591428571430567,91.10184685695069,25.87039645250105,21.714285714285715
m5_low15-25_close40-60_green,YES,flat,above50-150,85,35,48.542857142857144,6.0,0.5428571428571428,0.57109243697479,-2.4000000000000004,-28.444444444444443,"-18.67,15.89,24.62,-28.44",6,10,-48.0,1.7591428571430567,91.10184685695069,25.87039645250105,21.714285714285715
m5_low15-25_close40-60_green,YES,flat,above>150,65,26,47.96153846153846,7.0,0.6923076923076923,0.737869822485207,-2.9615384615384617,-16.166666666666668,"-12.43,9.50,-16.17,7.14",4,8,-48.0,0.7046153846148138,292.2963292290336,82.47632574403458,21.46153846153846
m5_low15-25_close40-60_green,YES,flat,above>150,70,26,47.96153846153846,7.0,0.6153846153846154,0.6851648351648352,-4.884615384615385,-25.333333333333332,"-9.57,2.00,-25.33,11.43",3,8,-48.0,0.7046153846148138,292.2963292290336,82.47632574403458,21.46153846153846
m5_low15-25_close40-60_green,YES,flat,above>150,75,26,47.96153846153846,7.0,0.5384615384615384,0.6394871794871795,-7.576923076923077,-23.666666666666668,"-6.71,-7.17,-23.67,5.00",2,8,-48.0,0.7046153846148138,292.2963292290336,82.47632574403458,21.46153846153846
m5_low15-25_close40-60_green,YES,flat,above>150,80,26,47.96153846153846,7.0,0.5384615384615384,0.5995192307692307,-4.884615384615385,-22.0,"-3.86,-4.67,-22.00,8.57",2,8,-48.0,0.7046153846148138,292.2963292290336,82.47632574403458,21.46153846153846
m5_low15-25_close40-60_green,YES,flat,above>150,85,26,47.96153846153846,7.0,0.5384615384615384,0.5642533936651584,-2.1923076923076925,-20.333333333333332,"-1.00,-2.17,-20.33,12.14",4,8,-48.0,0.7046153846148138,292.2963292290336,82.47632574403458,21.46153846153846
m5_low15-25_close45-65_green,NO,flat,below>150,65,26,52.5,7.0,0.7307692307692307,0.8076923076923077,-5.0,-8.714285714285714,"-7.57,-8.00,5.33,-8.71",5,10,-21.5,2.4776923076922404,-276.98526475741977,-68.78563494239083,20.192307692307693
m5_low15-25_close45-65_green,NO,flat,below>150,70,26,52.5,7.0,0.7307692307692307,0.75,-1.3461538461538467,-5.142857142857143,"-4.00,-4.67,9.50,-5.14",6,10,-19.0,2.4776923076922404,-276.98526475741977,-68.78563494239083,20.192307692307693
m5_low15-25_close45-65_green,NO,flat,below>150,75,26,52.5,7.0,0.6923076923076923,0.7,-0.5769230769230774,-13.833333333333334,"-0.43,-13.83,13.67,-1.57",5,10,-50.0,2.4776923076922404,-276.98526475741977,-68.78563494239083,20.192307692307693
m5_low15-25_close45-65_green,NO,flat,below>150,80,26,52.5,7.0,0.6923076923076923,0.65625,2.884615384615384,-11.333333333333334,"3.14,-11.33,17.83,2.00",6,10,-50.0,2.4776923076922404,-276.98526475741977,-68.78563494239083,20.192307692307693
m5_low15-25_close45-65_green,NO,flat,below>150,85,26,52.5,7.0,0.6923076923076923,0.6176470588235294,6.346153846153846,-8.833333333333334,"6.71,-8.83,22.00,5.57",6,10,-50.0,2.4776923076922404,-276.98526475741977,-68.78563494239083,20.192307692307693
m5_low15-25_close45-65_green,NO,flat,above50-150,65,32,53.1875,7.0,0.78125,0.8182692307692307,-2.40625,-12.625,"2.37,-12.62,5.00,-4.38",6,10,-62.0,-1.2931249999987813,85.39311504661123,27.653204517933773,20.4375
m5_low15-25_close45-65_green,NO,flat,above50-150,70,32,53.1875,7.0,0.75,0.7598214285714285,-0.6875,-18.25,"6.75,-18.25,9.38,-0.62",6,10,-62.0,-1.2931249999987813,85.39311504661123,27.653204517933773,20.4375
m5_low15-25_close45-65_green,NO,flat,above50-150,75,32,53.1875,7.0,0.6875,0.7091666666666666,-1.625,-15.75,"11.12,-15.75,-5.00,3.12",5,10,-62.0,-1.2931249999987813,85.39311504661123,27.653204517933773,20.4375
m5_low15-25_close45-65_green,NO,flat,above50-150,80,32,53.1875,7.0,0.65625,0.66484375,-0.6875,-13.25,"15.50,-13.25,-11.88,6.88",5,10,-62.0,-1.2931249999987813,85.39311504661123,27.653204517933773,20.4375
m5_low15-25_close45-65_green,NO,flat,above50-150,85,32,53.1875,7.0,0.5625,0.6257352941176471,-5.375,-21.375,"19.88,-21.38,-20.00,0.00",5,10,-62.0,-1.2931249999987813,85.39311504661123,27.653204517933773,20.4375
m5_low15-25_close45-65_green,YES,flat,below50-150,65,35,52.714285714285715,7.0,0.9142857142857143,0.810989010989011,6.714285714285714,4.4444444444444455,"10.78,6.22,5.25,4.44",9,10,-1.0000000000000013,-0.4000000000010394,-94.18944590915989,-23.154493738794866,20.314285714285713
m5_low15-25_close45-65_green,YES,flat,below50-150,70,35,52.714285714285715,7.0,0.8285714285714286,0.753061224489796,5.285714285714286,0.2222222222222222,"0.22,10.67,0.88,8.89",8,10,-24.999999999999996,-0.4000000000010394,-94.18944590915989,-23.154493738794866,20.314285714285713
m5_low15-25_close45-65_green,YES,flat,below50-150,75,35,52.714285714285715,7.0,0.7714285714285715,0.7028571428571428,5.142857142857143,-4.75,"-4.22,15.11,-4.75,13.33",8,10,-60.0,-0.4000000000010394,-94.18944590915989,-23.154493738794866,20.314285714285713
m5_low15-25_close45-65_green,YES,flat,below50-150,80,35,52.714285714285715,7.0,0.7142857142857143,0.6589285714285714,4.428571428571429,-9.777777777777779,"-9.78,19.56,-1.62,8.89",7,10,-60.0,-0.4000000000010394,-94.18944590915989,-23.154493738794866,20.314285714285713
m5_low15-25_close45-65_green,YES,flat,below50-150,85,35,52.714285714285715,7.0,0.6857142857142857,0.6201680672268908,5.571428571428571,-7.0,"-7.00,24.00,1.50,3.33",7,10,-60.0,-0.4000000000010394,-94.18944590915989,-23.154493738794866,20.314285714285713
m5_low15-25_close45-65_green,YES,flat,above50-150,65,32,52.03125,6.0,0.71875,0.8004807692307693,-5.312500000000001,-17.875,"-17.75,2.12,12.25,-17.88",5,10,-28.0,2.090624999999818,93.95662905945983,25.246271718673825,21.6875
m5_low15-25_close45-65_green,YES,flat,above50-150,70,32,52.03125,6.0,0.71875,0.7433035714285714,-1.7187500000000004,-15.375,"-15.25,6.50,17.25,-15.38",5,10,-26.333333333333332,2.090624999999818,93.95662905945983,25.246271718673825,21.6875
m5_low15-25_close45-65_green,YES,flat,above50-150,75,32,52.03125,6.0,0.71875,0.69375,1.8749999999999996,-12.875,"-12.75,10.87,22.25,-12.88",6,10,-24.666666666666668,2.090624999999818,93.95662905945983,25.246271718673825,21.6875
m5_low15-25_close45-65_green,YES,flat,above50-150,80,32,52.03125,6.0,0.71875,0.650390625,5.46875,-10.375,"-10.25,15.25,27.25,-10.38",6,10,-23.0,2.090624999999818,93.95662905945983,25.246271718673825,21.6875
m5_low15-25_close45-65_green,YES,flat,above50-150,85,32,52.03125,6.0,0.625,0.6121323529411765,1.09375,-18.5,"-18.38,9.00,32.25,-18.50",5,10,-49.666666666666664,2.090624999999818,93.95662905945983,25.246271718673825,21.6875
m5_low15-25_close50-70_green,NO,flat,below>150,65,25,57.76,7.0,0.84,0.8886153846153846,-3.1600000000000006,-14.333333333333336,"-0.86,-14.33,7.50,-5.33",6,10,-16.666666666666668,2.6620000000001163,-299.59538319676767,-79.38548743812396,20.08
m5_low15-25_close50-70_green,NO,flat,below>150,70,25,57.76,7.0,0.84,0.8251428571428571,1.0399999999999994,-11.000000000000002,"3.43,-11.00,12.50,-1.17",6,10,-13.333333333333336,2.6620000000001163,-299.59538319676767,-79.38548743812396,20.08
m5_low15-25_close50-70_green,NO,flat,below>150,75,25,57.76,7.0,0.76,0.7701333333333333,-0.7600000000000006,-20.166666666666668,"-3.00,-20.17,17.50,3.00",5,10,-57.5,2.6620000000001163,-299.59538319676767,-79.38548743812396,20.08
m5_low15-25_close50-70_green,NO,flat,below>150,80,25,57.76,7.0,0.76,0.722,3.04,-17.666666666666668,"0.57,-17.67,22.50,7.17",6,10,-57.5,2.6620000000001163,-299.59538319676767,-79.38548743812396,20.08
m5_low15-25_close50-70_green,NO,flat,below>150,85,25,57.76,7.0,0.76,0.6795294117647058,6.84,-15.16666666666667,"4.14,-15.17,27.50,11.33",6,10,-57.5,2.6620000000001163,-299.59538319676767,-79.38548743812396,20.08
m5_low15-25_close50-70_green,NO,flat,above50-150,65,30,58.06666666666667,7.5,0.8,0.8933333333333334,-6.066666666666666,-20.714285714285715,"-1.00,-20.71,2.29,-5.62",5,10,-62.0,0.03733333333414824,84.15163031859774,23.888736968794788,20.666666666666668
m5_low15-25_close50-70_green,NO,flat,above50-150,70,30,58.06666666666667,7.5,0.8,0.8295238095238096,-2.066666666666667,-17.857142857142858,"3.37,-17.86,6.57,-1.25",6,10,-62.0,0.03733333333414824,84.15163031859774,23.888736968794788,20.666666666666668
m5_low15-25_close50-70_green,NO,flat,above50-150,75,30,58.06666666666667,7.5,0.7333333333333333,0.7742222222222223,-3.066666666666667,-15.0,"7.75,-15.00,0.14,-6.25",5,10,-62.0,0.03733333333414824,84.15163031859774,23.888736968794788,20.666666666666668
m5_low15-25_close50-70_green,NO,flat,above50-150,80,30,58.06666666666667,7.5,0.6333333333333333,0.7258333333333333,-7.4,-22.5,"12.12,-12.14,-7.71,-22.50",3,10,-62.0,0.03733333333414824,84.15163031859774,23.888736968794788,20.666666666666668
m5_low15-25_close50-70_green,NO,flat,above50-150,85,30,58.06666666666667,7.5,0.5666666666666667,0.6831372549019609,-9.9,-21.428571428571427,"16.50,-21.43,-17.00,-20.00",3,10,-62.0,0.03733333333414824,84.15163031859774,23.888736968794788,20.666666666666668
m5_low15-25_close50-70_green,YES,flat,below50-150,65,32,55.5625,7.0,0.9375,0.8548076923076923,5.375,2.250000000000001,"8.25,2.87,8.12,2.25",8,10,-1.7999999999999985,0.5509374999990087,-95.1224644350259,-23.17005916549897,20.53125
m5_low15-25_close50-70_green,YES,flat,below50-150,70,32,55.5625,7.0,0.84375,0.79375,3.499999999999999,-4.25,"-4.25,7.25,4.38,6.63",9,10,-24.999999999999996,0.5509374999990087,-95.1224644350259,-23.17005916549897,20.53125
m5_low15-25_close50-70_green,YES,flat,below50-150,75,32,55.5625,7.0,0.78125,0.7408333333333333,3.03125,-9.875,"-9.88,11.62,-0.62,11.00",8,10,-60.0,0.5509374999990087,-95.1224644350259,-23.17005916549897,20.53125
m5_low15-25_close50-70_green,YES,flat,below50-150,80,32,55.5625,7.0,0.75,0.69453125,4.4375,-6.75,"-6.75,6.00,3.12,15.38",7,10,-60.0,0.5509374999990087,-95.1224644350259,-23.17005916549897,20.53125
m5_low15-25_close50-70_green,YES,flat,below50-150,85,32,55.5625,7.0,0.71875,0.6536764705882353,5.53125,-3.625,"-3.62,9.75,6.88,9.12",6,10,-60.0,0.5509374999990087,-95.1224644350259,-23.17005916549897,20.53125
m5_low15-25_close50-70_green,YES,flat,above50-150,65,28,59.07142857142857,7.0,0.8571428571428571,0.9087912087912088,-3.357142857142857,-23.428571428571427,"-4.57,4.86,9.71,-23.43",6,9,-36.333333333333336,-0.347142857142379,94.07223846141174,25.78314843071868,21.785714285714285
m5_low15-25_close50-70_green,YES,flat,above50-150,70,28,59.07142857142857,7.0,0.8571428571428571,0.8438775510204082,0.9285714285714286,-20.571428571428573,"-0.29,9.86,14.71,-20.57",6,9,-34.666666666666664,-0.347142857142379,94.07223846141174,25.78314843071868,21.785714285714285
m5_low15-25_close50-70_green,YES,flat,above50-150,75,28,59.07142857142857,7.0,0.8571428571428571,0.7876190476190476,5.214285714285714,-17.714285714285715,"4.00,14.86,19.71,-17.71",6,9,-33.0,-0.347142857142379,94.07223846141174,25.78314843071868,21.785714285714285
m5_low15-25_close50-70_green,YES,flat,above50-150,80,28,59.07142857142857,7.0,0.8571428571428571,0.7383928571428571,9.5,-14.857142857142858,"8.29,19.86,24.71,-14.86",6,9,-31.333333333333332,-0.347142857142379,94.07223846141174,25.78314843071868,21.785714285714285
m5_low15-25_close50-70_green,YES,flat,above50-150,85,28,59.07142857142857,7.0,0.7857142857142857,0.6949579831932773,7.714285714285714,-12.0,"0.43,12.71,29.71,-12.00",5,9,-56.00000000000001,-0.347142857142379,94.07223846141174,25.78314843071868,21.785714285714285
m5_low15-25_close50-70_green,YES,flat,above>150,65,25,58.28,7.0,0.88,0.8966153846153846,-1.0799999999999996,-7.142857142857143,"-7.14,-4.00,3.50,4.33",3,9,-9.333333333333334,2.1188000000006286,249.95056555081857,78.33338399731495,21.2
m5_low15-25_close50-70_green,YES,flat,above>150,70,25,58.28,7.0,0.8,0.8325714285714286,-2.28,-13.571428571428571,"-13.57,0.17,-3.17,9.33",5,9,-27.0,2.1188000000006286,249.95056555081857,78.33338399731495,21.2
m5_low15-25_close50-70_green,YES,flat,above>150,75,25,58.28,7.0,0.72,0.7770666666666667,-4.28,-10.714285714285714,"-10.71,-8.17,1.00,1.83",5,9,-25.333333333333332,2.1188000000006286,249.95056555081857,78.33338399731495,21.2
m5_low15-25_close50-70_green,YES,flat,above>150,80,25,58.28,7.0,0.68,0.7285,-3.88,-8.166666666666666,"-7.86,-4.83,-8.17,6.00",5,9,-23.666666666666668,2.1188000000006286,249.95056555081857,78.33338399731495,21.2
m5_low15-25_close50-70_green,YES,flat,above>150,85,25,58.28,7.0,0.68,0.6856470588235294,-0.4799999999999997,-5.0,"-5.00,-1.50,-4.83,10.17",5,9,-22.0,2.1188000000006286,249.95056555081857,78.33338399731495,21.2
m5_low20-30_close35-55_green,NO,flat,below>150,65,26,42.92307692307692,6.0,0.6153846153846154,0.6603550295857987,-2.923076923076924,-20.0,"0.57,9.50,0.50,-20.00",5,9,-42.00000000000001,-1.0107692307694658,-260.32883713052655,-71.16592355173606,23.96153846153846
m5_low20-30_close35-55_green,NO,flat,below>150,70,26,42.92307692307692,6.0,0.5384615384615384,0.6131868131868131,-5.230769230769231,-18.571428571428573,"4.14,2.00,-7.83,-18.57",3,9,-42.00000000000001,-1.0107692307694658,-260.32883713052655,-71.16592355173606,23.96153846153846
m5_low20-30_close35-55_green,NO,flat,below>150,75,26,42.92307692307692,6.0,0.5,0.5723076923076923,-5.423076923076923,-17.142857142857146,"7.71,-7.17,-5.33,-17.14",3,9,-42.00000000000001,-1.0107692307694658,-260.32883713052655,-71.16592355173606,23.96153846153846
m5_low20-30_close35-55_green,NO,flat,below>150,80,26,42.92307692307692,6.0,0.46153846153846156,0.5365384615384615,-6.0,-18.0,"11.29,-18.00,-2.83,-15.71",4,9,-42.00000000000001,-1.0107692307694658,-260.32883713052655,-71.16592355173606,23.96153846153846
m5_low20-30_close35-55_green,NO,flat,below>150,85,26,42.92307692307692,6.0,0.4230769230769231,0.5049773755656108,-6.961538461538462,-26.428571428571427,"14.86,-16.33,-0.33,-26.43",3,9,-42.00000000000001,-1.0107692307694658,-260.32883713052655,-71.16592355173606,23.96153846153846
m5_low20-30_close35-55_green,NO,flat,below50-150,65,41,43.24390243902439,6.0,0.6341463414634146,0.6652908067542214,-2.024390243902439,-18.2,"4.64,1.30,3.50,-18.20",4,10,-44.99999999999999,-5.227804878049228,-89.47667560909066,-24.14581523635748,25.853658536585368
m5_low20-30_close35-55_green,NO,flat,below50-150,70,41,43.24390243902439,6.0,0.6097560975609756,0.6177700348432056,-0.5609756097560971,-16.2,"1.91,4.80,7.00,-16.20",5,10,-44.99999999999999,-5.227804878049228,-89.47667560909066,-24.14581523635748,25.853658536585368
m5_low20-30_close35-55_green,NO,flat,below50-150,75,41,43.24390243902439,6.0,0.5609756097560976,0.5765853658536585,-1.170731707317073,-14.2,"-1.73,8.30,3.00,-14.20",4,10,-44.99999999999999,-5.227804878049228,-89.47667560909066,-24.14581523635748,25.853658536585368
m5_low20-30_close35-55_green,NO,flat,below50-150,80,41,43.24390243902439,6.0,0.5609756097560976,0.5405487804878049,1.6341463414634145,-12.2,"1.00,11.80,6.00,-12.20",4,10,-44.99999999999999,-5.227804878049228,-89.47667560909066,-24.14581523635748,25.853658536585368
m5_low20-30_close35-55_green,NO,flat,below50-150,85,41,43.24390243902439,6.0,0.4878048780487805,0.508751793400287,-1.7804878048780481,-10.2,"-4.00,-1.70,9.00,-10.20",5,10,-47.0,-5.227804878049228,-89.47667560909066,-24.14581523635748,25.853658536585368
m5_low20-30_close35-55_green,NO,flat,below0-50,65,33,43.93939393939394,6.0,0.5151515151515151,0.675990675990676,-10.454545454545455,-26.625,"-11.67,-3.13,-26.62,-0.25",2,9,-38.5,-3.634242424242874,-23.201659285296927,-6.247021344640278,25.727272727272727
m5_low20-30_close35-55_green,NO,flat,below0-50,70,33,43.93939393939394,6.0,0.45454545454545453,0.6277056277056277,-12.121212121212121,-25.375,"-17.22,-0.00,-25.38,-5.25",3,9,-38.5,-3.634242424242874,-23.201659285296927,-6.247021344640278,25.727272727272727
m5_low20-30_close35-55_green,NO,flat,below0-50,75,33,43.93939393939394,6.0,0.42424242424242425,0.5858585858585859,-12.121212121212121,-33.5,"-15.56,3.12,-33.50,-2.12",4,9,-38.5,-3.634242424242874,-23.201659285296927,-6.247021344640278,25.727272727272727
m5_low20-30_close35-55_green,NO,flat,below0-50,80,33,43.93939393939394,6.0,0.3939393939393939,0.5492424242424242,-12.424242424242424,-32.875,"-13.89,-3.75,-32.88,1.00",3,9,-38.5,-3.634242424242874,-23.201659285296927,-6.247021344640278,25.727272727272727
m5_low20-30_close35-55_green,NO,flat,below0-50,85,33,43.93939393939394,6.0,0.36363636363636365,0.5169340463458111,-13.030303030303031,-42.875,"-12.22,-1.25,-42.88,4.13",3,9,-38.5,-3.634242424242874,-23.201659285296927,-6.247021344640278,25.727272727272727
m5_low20-30_close35-55_green,NO,flat,above0-50,65,37,43.16216216216216,7.0,0.5405405405405406,0.664033264033264,-8.027027027027026,-21.0,"-5.90,-7.56,-21.00,2.11",3,10,-53.0,-3.8627027027020655,27.391790455575354,8.291808857015772,25.37837837837838
m5_low20-30_close35-55_green,NO,flat,above0-50,70,37,43.16216216216216,7.0,0.5405405405405406,0.6166023166023166,-5.324324324324325,-19.333333333333332,"-2.90,-4.78,-19.33,5.44",3,10,-53.0,-3.8627027027020655,27.391790455575354,8.291808857015772,25.37837837837838
m5_low20-30_close35-55_green,NO,flat,above0-50,75,37,43.16216216216216,7.0,0.5135135135135135,0.5754954954954955,-4.648648648648648,-17.666666666666668,"0.10,-10.33,-17.67,8.78",4,10,-53.0,-3.8627027027020655,27.391790455575354,8.291808857015772,25.37837837837838
m5_low20-30_close35-55_green,NO,flat,above0-50,80,37,43.16216216216216,7.0,0.4594594594594595,0.539527027027027,-6.405405405405405,-24.88888888888889,"-4.90,-8.11,-24.89,12.11",2,10,-53.0,-3.8627027027020655,27.391790455575354,8.291808857015772,25.37837837837838
m5_low20-30_close35-55_green,NO,flat,above0-50,85,37,43.16216216216216,7.0,0.4594594594594595,0.5077901430842607,-4.108108108108108,-23.77777777777778,"-2.40,-5.89,-23.78,15.44",3,10,-53.0,-3.8627027027020655,27.391790455575354,8.291808857015772,25.37837837837838
m5_low20-30_close35-55_green,NO,flat,above50-150,65,30,43.3,6.0,0.6,0.6661538461538461,-4.3,-10.5,"-10.50,-3.86,2.00,-4.00",4,10,-53.0,-2.534333333332567,92.02502078302568,25.814204212520416,24.833333333333332
m5_low20-30_close35-55_green,NO,flat,above50-150,70,30,43.3,6.0,0.6,0.6185714285714285,-1.3,-7.999999999999999,"-8.00,-1.00,5.57,-0.87",4,10,-53.0,-2.534333333332567,92.02502078302568,25.814204212520416,24.833333333333332
m5_low20-30_close35-55_green,NO,flat,above50-150,75,30,43.3,6.0,0.5666666666666667,0.5773333333333333,-0.8,-7.124999999999999,"-5.50,1.86,9.14,-7.12",4,10,-53.0,-2.534333333332567,92.02502078302568,25.814204212520416,24.833333333333332
m5_low20-30_close35-55_green,NO,flat,above50-150,80,30,43.3,6.0,0.5,0.54125,-3.3,-14.625,"-3.00,-6.71,12.71,-14.62",4,10,-53.0,-2.534333333332567,92.02502078302568,25.814204212520416,24.833333333333332
m5_low20-30_close35-55_green,NO,flat,above50-150,85,30,43.3,6.0,0.4,0.5094117647058823,-9.3,-16.714285714285715,"-0.50,-16.71,-8.00,-12.75",3,10,-53.0,-2.534333333332567,92.02502078302568,25.814204212520416,24.833333333333332
m5_low20-30_close35-55_green,NO,flat,above>150,65,27,43.51851851851852,6.0,0.7037037037037037,0.6695156695156695,2.2222222222222223,-9.999999999999998,"-10.00,5.14,-1.33,14.57",6,9,-32.5,-1.584074074073686,296.0704890002445,94.1117196368634,25.814814814814813
m5_low20-30_close35-55_green,NO,flat,above>150,70,27,43.51851851851852,6.0,0.7037037037037037,0.6216931216931217,5.7407407407407405,-7.142857142857141,"-7.14,8.71,2.00,18.86",6,9,-31.25,-1.584074074073686,296.0704890002445,94.1117196368634,25.814814814814813
m5_low20-30_close35-55_green,NO,flat,above>150,75,27,43.51851851851852,6.0,0.6296296296296297,0.5802469135802469,3.7037037037037037,-4.285714285714284,"-4.29,1.57,5.33,12.43",6,9,-30.0,-1.584074074073686,296.0704890002445,94.1117196368634,25.814814814814813
m5_low20-30_close35-55_green,NO,flat,above>150,80,27,43.51851851851852,6.0,0.5925925925925926,0.5439814814814815,3.888888888888889,-4.666666666666669,"-1.43,4.43,-4.67,16.00",6,9,-44.5,-1.584074074073686,296.0704890002445,94.1117196368634,25.814814814814813
m5_low20-30_close35-55_green,NO,flat,above>150,85,27,43.51851851851852,6.0,0.5925925925925926,0.5119825708061002,6.851851851851852,-2.166666666666669,"1.43,7.29,-2.17,19.57",6,9,-44.5,-1.584074074073686,296.0704890002445,94.1117196368634,25.814814814814813
m5_low20-30_close35-55_green,YES,against20-50,below>150,65,30,42.13333333333333,7.0,0.7333333333333333,0.6482051282051282,5.533333333333333,-5.857142857142857,"13.25,-5.86,3.71,9.38",6,9,-18.6,-34.55933333333305,-301.41666916230434,-80.12272649273048,25.033333333333335
m5_low20-30_close35-55_green,YES,against20-50,below>150,70,30,42.13333333333333,7.0,0.7333333333333333,0.6019047619047619,9.2,-3.0,"17.62,-3.00,7.29,13.12",6,9,-16.6,-34.55933333333305,-301.41666916230434,-80.12272649273048,25.033333333333335
m5_low20-30_close35-55_green,YES,against20-50,below>150,75,30,42.13333333333333,7.0,0.7333333333333333,0.5617777777777778,12.866666666666667,-0.14285714285714285,"22.00,-0.14,10.86,16.88",6,9,-14.6,-34.55933333333305,-301.41666916230434,-80.12272649273048,25.033333333333335
m5_low20-30_close35-55_green,YES,against20-50,below>150,80,30,42.13333333333333,7.0,0.7,0.5266666666666666,13.866666666666667,2.7142857142857144,"26.38,2.71,14.43,10.62",6,9,-38.0,-34.55933333333305,-301.41666916230434,-80.12272649273048,25.033333333333335
m5_low20-30_close35-55_green,YES,against20-50,below>150,85,30,42.13333333333333,7.0,0.7,0.4956862745098039,17.366666666666667,5.571428571428571,"30.75,5.57,18.00,13.75",7,9,-38.0,-34.55933333333305,-301.41666916230434,-80.12272649273048,25.033333333333335
m5_low20-30_close35-55_green,YES,against20-50,above>150,65,25,43.56,7.0,0.56,0.6701538461538462,-7.16,-21.166666666666668,"-3.71,-21.17,6.83,-11.17",2,8,-39.666666666666664,-33.85880000000092,316.3322702341378,95.53401464749477,26.16
m5_low20-30_close35-55_green,YES,against20-50,above>150,70,25,43.56,7.0,0.52,0.6222857142857143,-7.16,-20.333333333333332,"-0.86,-19.50,11.00,-20.33",3,8,-40.0,-33.85880000000092,316.3322702341378,95.53401464749477,26.16
m5_low20-30_close35-55_green,YES,against20-50,above>150,75,25,43.56,7.0,0.52,0.5808,-4.56,-18.666666666666668,"2.00,-17.83,15.17,-18.67",3,8,-40.0,-33.85880000000092,316.3322702341378,95.53401464749477,26.16
m5_low20-30_close35-55_green,YES,against20-50,above>150,80,25,43.56,7.0,0.52,0.5445,-1.96,-17.0,"4.86,-16.17,19.33,-17.00",3,8,-40.0,-33.85880000000092,316.3322702341378,95.53401464749477,26.16
m5_low20-30_close35-55_green,YES,against20-50,above>150,85,25,43.56,7.0,0.52,0.5124705882352941,0.64,-15.333333333333334,"7.71,-14.50,23.50,-15.33",3,8,-40.0,-33.85880000000092,316.3322702341378,95.53401464749477,26.16
m5_low20-30_close35-55_green,YES,flat,below>150,65,36,44.638888888888886,6.0,0.6388888888888888,0.6867521367521368,-3.111111111111111,-8.333333333333334,"-2.11,-8.33,-6.11,4.11",2,9,-42.0,2.2511111111113373,-318.9284355362983,-86.69274716252019,26.36111111111111
m5_low20-30_close35-55_green,YES,flat,below>150,70,36,44.638888888888886,6.0,0.6111111111111112,0.6376984126984127,-1.8611111111111112,-11.11111111111111,"1.22,-5.56,-11.11,8.00",5,9,-42.0,2.2511111111113373,-318.9284355362983,-86.69274716252019,26.36111111111111
m5_low20-30_close35-55_green,YES,flat,below>150,75,36,44.638888888888886,6.0,0.6111111111111112,0.5951851851851852,1.1944444444444444,-8.88888888888889,"4.56,-2.78,-8.89,11.89",6,9,-42.0,2.2511111111113373,-318.9284355362983,-86.69274716252019,26.36111111111111
m5_low20-30_close35-55_green,YES,flat,below>150,80,36,44.638888888888886,6.0,0.5277777777777778,0.5579861111111111,-2.4166666666666665,-15.555555555555555,"-1.00,0.00,-15.56,6.89",3,9,-42.0,2.2511111111113373,-318.9284355362983,-86.69274716252019,26.36111111111111
m5_low20-30_close35-55_green,YES,flat,below>150,85,36,44.638888888888886,6.0,0.5,0.5251633986928104,-2.138888888888889,-13.88888888888889,"-7.67,2.78,-13.89,10.22",3,9,-42.0,2.2511111111113373,-318.9284355362983,-86.69274716252019,26.36111111111111
m5_low20-30_close35-55_green,YES,flat,below50-150,65,40,45.025,6.0,0.825,0.6926923076923077,8.6,4.9,"8.00,12.40,4.90,9.10",8,10,-42.5,-2.5232499999996434,-98.34200076128563,-26.36628025198952,25.8
m5_low20-30_close35-55_green,YES,flat,below50-150,70,40,45.025,6.0,0.825,0.6432142857142857,12.725,8.9,"12.00,16.90,8.90,13.10",8,10,-42.5,-2.5232499999996434,-98.34200076128563,-26.36628025198952,25.8
m5_low20-30_close35-55_green,YES,flat,below50-150,75,40,45.025,6.0,0.7,0.6003333333333333,7.475,-1.1,"16.00,-1.10,5.40,9.60",8,10,-42.5,-2.5232499999996434,-98.34200076128563,-26.36628025198952,25.8
m5_low20-30_close35-55_green,YES,flat,below50-150,80,40,45.025,6.0,0.65,0.5628124999999999,6.975,-6.1,"12.00,-6.10,8.90,13.10",7,10,-42.5,-2.5232499999996434,-98.34200076128563,-26.36628025198952,25.8
m5_low20-30_close35-55_green,YES,flat,below50-150,85,40,45.025,6.0,0.65,0.5297058823529411,10.225,-3.6,"15.50,-3.60,12.40,16.60",7,10,-42.5,-2.5232499999996434,-98.34200076128563,-26.36628025198952,25.8
m5_low20-30_close35-55_green,YES,flat,below0-50,65,37,44.62162162162162,7.0,0.5945945945945946,0.6864864864864865,-5.972972972972973,-27.666666666666668,"-6.20,11.78,-27.67,-1.78",4,10,-48.0,-3.1029729729725166,-23.66876802706837,-4.028748703453685,25.243243243243242
m5_low20-30_close35-55_green,YES,flat,below0-50,70,37,44.62162162162162,7.0,0.5675675675675675,0.6374517374517374,-4.891891891891892,-26.555555555555557,"-10.20,16.22,-26.56,1.56",4,10,-48.0,-3.1029729729725166,-23.66876802706837,-4.028748703453685,25.243243243243242
m5_low20-30_close35-55_green,YES,flat,below0-50,75,37,44.62162162162162,7.0,0.5135135135135135,0.594954954954955,-6.108108108108108,-25.444444444444443,"-15.20,20.67,-25.44,-3.44",4,10,-48.0,-3.1029729729725166,-23.66876802706837,-4.028748703453685,25.243243243243242
m5_low20-30_close35-55_green,YES,flat,below0-50,80,37,44.62162162162162,7.0,0.4594594594594595,0.5577702702702703,-7.864864864864865,-24.333333333333332,"-21.20,16.22,-24.33,-0.67",3,10,-51.0,-3.1029729729725166,-23.66876802706837,-4.028748703453685,25.243243243243242
m5_low20-30_close35-55_green,YES,flat,below0-50,85,37,44.62162162162162,7.0,0.4594594594594595,0.5249602543720191,-5.5675675675675675,-23.22222222222222,"-19.70,20.11,-23.22,2.11",3,10,-51.0,-3.1029729729725166,-23.66876802706837,-4.028748703453685,25.243243243243242
m5_low20-30_close35-55_green,YES,flat,above0-50,65,35,45.4,6.0,0.7142857142857143,0.6984615384615385,1.0285714285714285,-9.875,"12.00,10.22,-9.88,-9.44",7,10,-51.0,-3.97485714285701,26.702321014894448,9.613525398781972,26.02857142857143
m5_low20-30_close35-55_green,YES,flat,above0-50,70,35,45.4,6.0,0.6857142857142857,0.6485714285714286,2.6,-7.375,"16.44,6.89,-7.38,-6.67",6,10,-51.0,-3.97485714285701,26.702321014894448,9.613525398781972,26.02857142857143
m5_low20-30_close35-55_green,YES,flat,above0-50,75,35,45.4,6.0,0.6857142857142857,0.6053333333333333,6.0285714285714285,-4.875,"20.89,10.78,-4.88,-3.89",7,10,-51.0,-3.97485714285701,26.702321014894448,9.613525398781972,26.02857142857143
m5_low20-30_close35-55_green,YES,flat,above0-50,80,35,45.4,6.0,0.6571428571428571,0.5675,7.171428571428572,-2.375,"25.33,5.78,-2.38,-1.11",6,10,-51.0,-3.97485714285701,26.702321014894448,9.613525398781972,26.02857142857143
m5_low20-30_close35-55_green,YES,flat,above0-50,85,35,45.4,6.0,0.6,0.5341176470588235,5.6,-10.5,"29.78,9.11,-10.50,-7.78",4,10,-51.0,-3.97485714285701,26.702321014894448,9.613525398781972,26.02857142857143
m5_low20-30_close35-55_green,YES,flat,above50-150,65,40,43.55,6.0,0.625,0.6699999999999999,-2.925,-17.9,"-1.00,9.00,-1.80,-17.90",6,10,-42.0,0.6755000000002838,84.72942924755371,25.945539580933293,24.75
m5_low20-30_close35-55_green,YES,flat,above50-150,70,40,43.55,6.0,0.625,0.6221428571428571,0.2,-15.9,"2.50,13.00,1.20,-15.90",6,10,-42.0,0.6755000000002838,84.72942924755371,25.945539580933293,24.75
m5_low20-30_close35-55_green,YES,flat,above50-150,75,40,43.55,6.0,0.575,0.5806666666666667,-0.425,-13.9,"-1.50,17.00,-3.30,-13.90",5,10,-42.0,0.6755000000002838,84.72942924755371,25.945539580933293,24.75
m5_low20-30_close35-55_green,YES,flat,above50-150,80,40,43.55,6.0,0.575,0.5443749999999999,2.45,-11.9,"1.50,21.00,-0.80,-11.90",5,10,-42.0,0.6755000000002838,84.72942924755371,25.945539580933293,24.75
m5_low20-30_close35-55_green,YES,flat,above50-150,85,40,43.55,6.0,0.5,0.5123529411764706,-1.05,-18.4,"-4.00,16.50,1.70,-18.40",4,10,-44.5,0.6755000000002838,84.72942924755371,25.945539580933293,24.75
m5_low20-30_close35-55_green,YES,flat,above>150,65,38,45.078947368421055,6.0,0.5789473684210527,0.6935222672064778,-7.447368421052632,-22.333333333333332,"-1.90,-9.67,-22.33,2.40",3,10,-43.666666666666664,0.8663157894726808,316.91476811773464,85.6494179838046,25.81578947368421
m5_low20-30_close35-55_green,YES,flat,above>150,70,38,45.078947368421055,6.0,0.5526315789473685,0.6439849624060151,-6.394736842105263,-20.666666666666668,"1.60,-6.89,-20.67,-1.10",5,10,-43.666666666666664,0.8663157894726808,316.91476811773464,85.6494179838046,25.81578947368421
m5_low20-30_close35-55_green,YES,flat,above>150,75,38,45.078947368421055,6.0,0.5263157894736842,0.6010526315789474,-5.605263157894737,-27.333333333333332,"5.10,-4.11,-27.33,1.90",5,10,-47.333333333333336,0.8663157894726808,316.91476811773464,85.6494179838046,25.81578947368421
m5_low20-30_close35-55_green,YES,flat,above>150,80,38,45.078947368421055,6.0,0.4473684210526316,0.5634868421052632,-9.289473684210526,-26.22222222222222,"-7.40,-1.33,-26.22,-3.10",3,10,-50.0,0.8663157894726808,316.91476811773464,85.6494179838046,25.81578947368421
m5_low20-30_close35-55_green,YES,flat,above>150,85,38,45.078947368421055,6.0,0.4473684210526316,0.5303405572755419,-7.052631578947368,-25.11111111111111,"-4.90,1.44,-25.11,-0.60",4,10,-50.0,0.8663157894726808,316.91476811773464,85.6494179838046,25.81578947368421
m5_low20-30_close40-60_green,NO,flat,below>150,65,27,49.370370370370374,6.0,0.7037037037037037,0.7595441595441595,-3.6296296296296315,-4.85714285714286,"-4.86,-3.71,-1.83,-3.86",4,9,-42.00000000000001,1.4770370370366706,-263.8133761410473,-71.62612713230865,24.703703703703702
m5_low20-30_close40-60_green,NO,flat,below>150,70,27,49.370370370370374,6.0,0.6666666666666666,0.7052910052910053,-2.703703703703706,-10.166666666666666,"-1.29,-0.14,-10.17,-0.29",4,9,-42.00000000000001,1.4770370370366706,-263.8133761410473,-71.62612713230865,24.703703703703702
m5_low20-30_close40-60_green,NO,flat,below>150,75,27,49.370370370370374,6.0,0.6296296296296297,0.6582716049382716,-2.14814814814815,-7.666666666666667,"2.29,-7.29,-7.67,3.29",5,9,-42.00000000000001,1.4770370370366706,-263.8133761410473,-71.62612713230865,24.703703703703702
m5_low20-30_close40-60_green,NO,flat,below>150,80,27,49.370370370370374,6.0,0.5185185185185185,0.6171296296296297,-7.888888888888891,-18.5,"5.86,-4.43,-18.50,-16.00",3,9,-58.00000000000001,1.4770370370366706,-263.8133761410473,-71.62612713230865,24.703703703703702
m5_low20-30_close40-60_green,NO,flat,below>150,85,27,49.370370370370374,6.0,0.48148148148148145,0.5808278867102397,-8.444444444444445,-26.000000000000004,"9.43,-1.57,-16.83,-26.00",3,9,-58.00000000000001,1.4770370370366706,-263.8133761410473,-71.62612713230865,24.703703703703702
m5_low20-30_close40-60_green,NO,flat,below50-150,65,39,48.30769230769231,7.0,0.7435897435897436,0.7431952662721893,0.025641025641024183,-9.000000000000002,"8.60,-0.50,1.11,-9.00",5,9,-18.0,-3.945641025641145,-89.48462477058413,-24.294056440081384,25.41025641025641
m5_low20-30_close40-60_green,NO,flat,below50-150,70,39,48.30769230769231,7.0,0.6923076923076923,0.6901098901098901,0.1538461538461531,-6.000000000000002,"6.10,3.00,-2.78,-6.00",4,9,-16.5,-3.945641025641145,-89.48462477058413,-24.294056440081384,25.41025641025641
m5_low20-30_close40-60_green,NO,flat,below50-150,75,39,48.30769230769231,7.0,0.6666666666666666,0.6441025641025641,1.692307692307691,-7.777777777777781,"10.10,6.50,-7.78,-3.00",4,9,-14.0,-3.945641025641145,-89.48462477058413,-24.294056440081384,25.41025641025641
m5_low20-30_close40-60_green,NO,flat,below50-150,80,39,48.30769230769231,7.0,0.6666666666666666,0.6038461538461538,5.025641025641024,-5.0000000000000036,"14.10,10.00,-5.00,-0.00",4,9,-11.5,-3.945641025641145,-89.48462477058413,-24.294056440081384,25.41025641025641
m5_low20-30_close40-60_green,NO,flat,below50-150,85,39,48.30769230769231,7.0,0.5897435897435898,0.5683257918552036,1.8205128205128205,-2.2222222222222263,"1.10,5.00,-2.22,3.00",4,9,-51.5,-3.945641025641145,-89.48462477058413,-24.294056440081384,25.41025641025641
m5_low20-30_close40-60_green,NO,flat,below0-50,65,28,48.607142857142854,6.0,0.6428571428571429,0.7478021978021978,-6.821428571428571,-22.428571428571427,"-11.29,-0.86,-22.43,7.29",3,9,-42.00000000000001,-2.1850000000005303,-20.491913756281324,-4.792546310466215,25.714285714285715
m5_low20-30_close40-60_green,NO,flat,below0-50,70,28,48.607142857142854,6.0,0.5714285714285714,0.6943877551020408,-8.607142857142858,-20.285714285714285,"-18.43,2.71,-20.29,1.57",3,9,-50.0,-2.1850000000005303,-20.491913756281324,-4.792546310466215,25.714285714285715
m5_low20-30_close40-60_green,NO,flat,below0-50,75,28,48.607142857142854,6.0,0.5357142857142857,0.6480952380952381,-8.428571428571429,-28.857142857142858,"-16.29,6.29,-28.86,5.14",3,9,-50.0,-2.1850000000005303,-20.491913756281324,-4.792546310466215,25.714285714285715
m5_low20-30_close40-60_green,NO,flat,below0-50,80,28,48.607142857142854,6.0,0.5,0.6075892857142857,-8.607142857142858,-27.428571428571427,"-14.14,-1.57,-27.43,8.71",3,9,-50.0,-2.1850000000005303,-20.491913756281324,-4.792546310466215,25.714285714285715
m5_low20-30_close40-60_green,NO,flat,below0-50,85,28,48.607142857142854,6.0,0.4642857142857143,0.5718487394957983,-9.142857142857142,-38.142857142857146,"-12.00,1.29,-38.14,12.29",3,9,-50.0,-2.1850000000005303,-20.491913756281324,-4.792546310466215,25.714285714285715
m5_low20-30_close40-60_green,NO,flat,above0-50,65,43,47.86046511627907,6.0,0.6744186046511628,0.7363148479427549,-4.023255813953489,-15.9,"-2.82,-3.82,-15.90,5.36",4,10,-22.000000000000004,-1.8823255813947262,27.366812895752997,8.246582045242683,25.302325581395348
m5_low20-30_close40-60_green,NO,flat,above0-50,70,43,47.86046511627907,6.0,0.6744186046511628,0.6837209302325582,-0.6511627906976759,-13.4,"0.82,-0.64,-13.40,9.45",4,10,-19.500000000000004,-1.8823255813947262,27.366812895752997,8.246582045242683,25.302325581395348
m5_low20-30_close40-60_green,NO,flat,above0-50,75,43,47.86046511627907,6.0,0.6744186046511628,0.638139534883721,2.720930232558138,-10.9,"4.45,2.55,-10.90,13.55",5,10,-17.000000000000004,-1.8823255813947262,27.366812895752997,8.246582045242683,25.302325581395348
m5_low20-30_close40-60_green,NO,flat,above0-50,80,43,47.86046511627907,6.0,0.627906976744186,0.5982558139534884,2.3720930232558133,-8.4,"0.82,-1.55,-8.40,17.64",4,10,-14.500000000000004,-1.8823255813947262,27.366812895752997,8.246582045242683,25.302325581395348
m5_low20-30_close40-60_green,NO,flat,above0-50,85,43,47.86046511627907,6.0,0.627906976744186,0.5630642954856362,5.511627906976743,-5.9,"4.00,1.18,-5.90,21.73",5,10,-12.000000000000004,-1.8823255813947262,27.366812895752997,8.246582045242683,25.302325581395348
m5_low20-30_close40-60_green,NO,flat,above50-150,65,29,48.44827586206897,7.0,0.7241379310344828,0.7453580901856764,-1.3793103448275872,-3.5714285714285734,"-0.88,-2.00,0.86,-3.57",5,10,-53.0,-1.104827586206174,90.76103185172342,26.198234646373873,25.103448275862068
m5_low20-30_close40-60_green,NO,flat,above50-150,70,29,48.44827586206897,7.0,0.7241379310344828,0.6921182266009852,2.2413793103448265,-2.0301221021717147e-15,"2.87,1.57,4.43,-0.00",5,10,-53.0,-1.104827586206174,90.76103185172342,26.198234646373873,25.103448275862068
m5_low20-30_close40-60_green,NO,flat,above50-150,75,29,48.44827586206897,7.0,0.6896551724137931,0.6459770114942529,3.2758620689655173,-7.142857142857145,"6.62,5.14,8.00,-7.14",6,10,-53.0,-1.104827586206174,90.76103185172342,26.198234646373873,25.103448275862068
m5_low20-30_close40-60_green,NO,flat,above50-150,80,29,48.44827586206897,7.0,0.6206896551724138,0.6056034482758621,1.2068965517241375,-15.714285714285717,"0.37,8.71,11.57,-15.71",5,10,-53.0,-1.104827586206174,90.76103185172342,26.198234646373873,25.103448275862068
m5_low20-30_close40-60_green,NO,flat,above50-150,85,29,48.44827586206897,7.0,0.5172413793103449,0.5699797160243408,-4.482758620689655,-13.571428571428573,"3.50,0.14,-9.14,-13.57",5,10,-53.0,-1.104827586206174,90.76103185172342,26.198234646373873,25.103448275862068
m5_low20-30_close40-60_green,YES,against20-50,below>150,65,27,47.48148148148148,7.0,0.7037037037037037,0.7304843304843305,-1.74074074074074,-8.857142857142856,"7.86,-8.86,-5.17,-1.29",5,9,-40.0,-35.97074074074098,-300.8412208423216,-75.52916669140784,24.74074074074074
m5_low20-30_close40-60_green,YES,against20-50,below>150,70,27,47.48148148148148,7.0,0.7037037037037037,0.6783068783068783,1.7777777777777777,-5.999999999999999,"12.14,-6.00,-1.83,2.29",6,9,-40.0,-35.97074074074098,-300.8412208423216,-75.52916669140784,24.74074074074074
m5_low20-30_close40-60_green,YES,against20-50,below>150,75,27,47.48148148148148,7.0,0.7037037037037037,0.6330864197530864,5.296296296296297,-3.142857142857142,"16.43,-3.14,1.50,5.86",6,9,-40.0,-35.97074074074098,-300.8412208423216,-75.52916669140784,24.74074074074074
m5_low20-30_close40-60_green,YES,against20-50,below>150,80,27,47.48148148148148,7.0,0.7037037037037037,0.5935185185185186,8.814814814814815,-0.2857142857142847,"20.71,-0.29,4.83,9.43",6,9,-40.0,-35.97074074074098,-300.8412208423216,-75.52916669140784,24.74074074074074
m5_low20-30_close40-60_green,YES,against20-50,below>150,85,27,47.48148148148148,7.0,0.7037037037037037,0.5586056644880174,12.333333333333334,2.5714285714285725,"25.00,2.57,8.17,13.00",6,9,-40.0,-35.97074074074098,-300.8412208423216,-75.52916669140784,24.74074074074074
m5_low20-30_close40-60_green,YES,flat,below>150,65,35,50.25714285714286,6.0,0.7714285714285715,0.7731868131868133,-0.11428571428571489,-2.1111111111111134,"-2.11,-0.67,1.38,1.11",5,9,-16.999999999999996,2.568571428571678,-318.35831708217466,-87.4289598113485,26.485714285714284
m5_low20-30_close40-60_green,YES,flat,below>150,70,35,50.25714285714286,6.0,0.7714285714285715,0.7179591836734694,3.742857142857142,1.7777777777777755,"1.78,3.22,5.12,5.00",7,9,-14.499999999999996,2.568571428571678,-318.35831708217466,-87.4289598113485,26.485714285714284
m5_low20-30_close40-60_green,YES,flat,below>150,75,35,50.25714285714286,6.0,0.7428571428571429,0.6700952380952381,5.457142857142856,-1.222222222222223,"5.67,-1.22,8.88,8.89",7,9,-11.999999999999996,2.568571428571678,-318.35831708217466,-87.4289598113485,26.485714285714284
m5_low20-30_close40-60_green,YES,flat,below>150,80,35,50.25714285714286,6.0,0.6571428571428571,0.6282142857142857,2.3142857142857136,-8.222222222222225,"-8.22,2.11,2.62,12.78",4,9,-9.499999999999996,2.568571428571678,-318.35831708217466,-87.4289598113485,26.485714285714284
m5_low20-30_close40-60_green,YES,flat,below>150,85,35,50.25714285714286,6.0,0.6,0.5912605042016807,0.7428571428571422,-14.888888888888893,"-14.89,5.44,5.75,7.22",4,9,-18.000000000000007,2.568571428571678,-318.35831708217466,-87.4289598113485,26.485714285714284
m5_low20-30_close40-60_green,YES,flat,below50-150,65,37,48.54054054054054,6.0,0.8918918918918919,0.7467775467775468,9.432432432432432,2.599999999999999,"2.60,17.22,3.00,15.67",8,10,-49.0,-3.110270270269924,-99.20568885476344,-27.493735443363736,26.0
m5_low20-30_close40-60_green,YES,flat,below50-150,70,37,48.54054054054054,6.0,0.8648648648648649,0.6934362934362934,12.0,-0.8888888888888881,"6.60,22.22,-0.89,20.67",8,10,-49.0,-3.110270270269924,-99.20568885476344,-27.493735443363736,26.0
m5_low20-30_close40-60_green,YES,flat,below50-150,75,37,48.54054054054054,6.0,0.7297297297297297,0.6472072072072073,6.1891891891891895,-5.888888888888888,"10.60,2.22,-5.89,17.33",7,10,-49.0,-3.110270270269924,-99.20568885476344,-27.493735443363736,26.0
m5_low20-30_close40-60_green,YES,flat,below50-150,80,37,48.54054054054054,6.0,0.6756756756756757,0.6067567567567568,5.513513513513513,-3.1111111111111103,"-1.40,5.56,-3.11,21.78",6,10,-49.0,-3.110270270269924,-99.20568885476344,-27.493735443363736,26.0
m5_low20-30_close40-60_green,YES,flat,below50-150,85,37,48.54054054054054,6.0,0.6756756756756757,0.5710651828298887,8.891891891891891,-0.33333333333333254,"1.60,8.89,-0.33,26.22",6,10,-49.0,-3.110270270269924,-99.20568885476344,-27.493735443363736,26.0
m5_low20-30_close40-60_green,YES,flat,below0-50,65,42,47.61904761904762,7.0,0.6428571428571429,0.7326007326007327,-5.833333333333333,-12.454545454545455,"-12.45,10.40,-9.20,-10.91",5,10,-51.5,-2.7616666666660983,-24.085325757279083,-2.909171159000488,25.547619047619047
m5_low20-30_close40-60_green,YES,flat,below0-50,70,42,47.61904761904762,7.0,0.6190476190476191,0.6802721088435374,-4.285714285714286,-16.09090909090909,"-16.09,14.90,-6.20,-8.18",4,10,-51.5,-2.7616666666660983,-24.085325757279083,-2.909171159000488,25.547619047619047
m5_low20-30_close40-60_green,YES,flat,below0-50,75,42,47.61904761904762,7.0,0.5714285714285714,0.6349206349206349,-4.761904761904762,-27.454545454545453,"-27.45,19.40,-3.20,-5.45",4,10,-51.5,-2.7616666666660983,-24.085325757279083,-2.909171159000488,25.547619047619047
m5_low20-30_close40-60_green,YES,flat,below0-50,80,42,47.61904761904762,7.0,0.5238095238095238,0.5952380952380952,-5.714285714285714,-26.09090909090909,"-26.09,7.90,-0.20,-2.73",3,10,-51.5,-2.7616666666660983,-24.085325757279083,-2.909171159000488,25.547619047619047
m5_low20-30_close40-60_green,YES,flat,below0-50,85,42,47.61904761904762,7.0,0.5238095238095238,0.5602240896358543,-3.0952380952380953,-24.727272727272727,"-24.73,11.40,2.80,0.00",3,10,-51.5,-2.7616666666660983,-24.085325757279083,-2.909171159000488,25.547619047619047
m5_low20-30_close40-60_green,YES,flat,above0-50,65,39,49.666666666666664,6.0,0.7435897435897436,0.764102564102564,-1.3333333333333333,-9.9,"7.60,0.30,-3.56,-9.90",4,10,-51.0,-2.2856410256406376,26.988607242345424,9.563122843364768,25.923076923076923
m5_low20-30_close40-60_green,YES,flat,above0-50,70,39,49.666666666666664,6.0,0.717948717948718,0.7095238095238094,0.5897435897435898,-6.9,"12.10,-2.70,-0.22,-6.90",6,10,-51.0,-2.2856410256406376,26.988607242345424,9.563122843364768,25.923076923076923
m5_low20-30_close40-60_green,YES,flat,above0-50,75,39,49.666666666666664,6.0,0.717948717948718,0.6622222222222222,4.17948717948718,-3.900000000000001,"16.60,0.80,3.11,-3.90",6,10,-51.0,-2.2856410256406376,26.988607242345424,9.563122843364768,25.923076923076923
m5_low20-30_close40-60_green,YES,flat,above0-50,80,39,49.666666666666664,6.0,0.6923076923076923,0.6208333333333333,5.717948717948718,-3.7,"21.10,-3.70,6.44,-0.90",6,10,-51.0,-2.2856410256406376,26.988607242345424,9.563122843364768,25.923076923076923
m5_low20-30_close40-60_green,YES,flat,above0-50,85,39,49.666666666666664,6.0,0.6410256410256411,0.584313725490196,4.82051282051282,-6.4,"25.60,-0.70,0.33,-6.40",5,10,-51.0,-2.2856410256406376,26.988607242345424,9.563122843364768,25.923076923076923
m5_low20-30_close40-60_green,YES,flat,above50-150,65,41,49.951219512195124,6.0,0.7073170731707317,0.7684803001876173,-3.975609756097561,-11.399999999999997,"-3.18,7.90,-11.40,-9.30",5,9,-37.8,2.928048780488231,89.64493228600782,25.43427526958893,25.121951219512194
m5_low20-30_close40-60_green,YES,flat,above50-150,70,41,49.951219512195124,6.0,0.7073170731707317,0.713588850174216,-0.43902439024390244,-8.399999999999997,"0.45,12.40,-8.40,-6.30",6,9,-36.8,2.928048780488231,89.64493228600782,25.43427526958893,25.121951219512194
m5_low20-30_close40-60_green,YES,flat,above50-150,75,41,49.951219512195124,6.0,0.6585365853658537,0.6660162601626016,-0.5609756097560972,-12.899999999999997,"-2.73,16.90,-12.90,-3.30",4,9,-35.8,2.928048780488231,89.64493228600782,25.43427526958893,25.121951219512194
m5_low20-30_close40-60_green,YES,flat,above50-150,80,41,49.951219512195124,6.0,0.6585365853658537,0.624390243902439,2.731707317073171,-10.399999999999997,"0.45,21.40,-10.40,-0.30",4,9,-34.8,2.928048780488231,89.64493228600782,25.43427526958893,25.121951219512194
m5_low20-30_close40-60_green,YES,flat,above50-150,85,41,49.951219512195124,6.0,0.6097560975609756,0.587661406025825,1.8780487804878048,-7.899999999999997,"-4.09,25.90,-7.90,-5.80",5,9,-49.5,2.928048780488231,89.64493228600782,25.43427526958893,25.121951219512194
m5_low20-30_close40-60_green,YES,flat,above>150,65,36,48.25,6.0,0.6111111111111112,0.7423076923076923,-8.527777777777779,-24.22222222222222,"-5.33,-5.33,-24.22,0.78",4,10,-48.333333333333336,0.14305555555458543,343.43087181244,95.1914313476878,26.11111111111111
m5_low20-30_close40-60_green,YES,flat,above>150,70,36,48.25,6.0,0.5833333333333334,0.6892857142857143,-7.416666666666667,-22.555555555555557,"-2.00,-2.00,-22.56,-3.11",4,10,-48.333333333333336,0.14305555555458543,343.43087181244,95.1914313476878,26.11111111111111
m5_low20-30_close40-60_green,YES,flat,above>150,75,36,48.25,6.0,0.5277777777777778,0.6433333333333333,-8.666666666666666,-29.22222222222222,"1.33,1.33,-29.22,-8.11",3,10,-55.00000000000001,0.14305555555458543,343.43087181244,95.1914313476878,26.11111111111111
m5_low20-30_close40-60_green,YES,flat,above>150,80,36,48.25,6.0,0.4444444444444444,0.603125,-12.694444444444445,-28.11111111111111,"-4.22,-13.11,-28.11,-5.33",2,10,-55.00000000000001,0.14305555555458543,343.43087181244,95.1914313476878,26.11111111111111
m5_low20-30_close40-60_green,YES,flat,above>150,85,36,48.25,6.0,0.4444444444444444,0.5676470588235294,-10.472222222222221,-27.0,"-1.44,-10.89,-27.00,-2.56",4,10,-55.00000000000001,0.14305555555458543,343.43087181244,95.1914313476878,26.11111111111111
m5_low20-30_close45-65_green,NO,flat,below>150,65,30,53.5,7.0,0.8,0.823076923076923,-1.500000000000001,-6.500000000000002,"-6.50,-5.14,6.71,-0.50",7,10,-16.200000000000003,2.9166666666661816,-268.73930338858844,-73.91244808828196,25.2
m5_low20-30_close45-65_green,NO,flat,below>150,70,30,53.5,7.0,0.7666666666666667,0.7642857142857142,0.16666666666666524,-2.7500000000000018,"-2.75,-1.57,1.00,3.87",6,10,-13.200000000000003,2.9166666666661816,-268.73930338858844,-73.91244808828196,25.2
m5_low20-30_close45-65_green,NO,flat,below>150,75,30,53.5,7.0,0.7333333333333333,0.7133333333333334,1.4999999999999991,-8.714285714285715,"1.00,-8.71,4.57,8.25",5,10,-10.5,2.9166666666661816,-268.73930338858844,-73.91244808828196,25.2
m5_low20-30_close45-65_green,NO,flat,below>150,80,30,53.5,7.0,0.6333333333333333,0.66875,-2.833333333333335,-7.375000000000003,"4.75,-5.86,-3.29,-7.38",5,10,-58.00000000000001,2.9166666666661816,-268.73930338858844,-73.91244808828196,25.2
m5_low20-30_close45-65_green,NO,flat,below>150,85,30,53.5,7.0,0.6,0.6294117647058823,-2.500000000000001,-14.875000000000004,"8.50,-3.00,-0.43,-14.88",5,10,-58.00000000000001,2.9166666666661816,-268.73930338858844,-73.91244808828196,25.2
m5_low20-30_close45-65_green,NO,flat,below50-150,65,30,53.46666666666667,7.0,0.8666666666666667,0.8225641025641026,2.866666666666664,-8.428571428571432,"11.75,1.57,-8.43,5.00",7,9,-31.66666666666667,-2.7629999999994954,-88.97043118758447,-26.415031056417988,25.533333333333335
m5_low20-30_close45-65_green,NO,flat,below50-150,70,30,53.46666666666667,7.0,0.8,0.7638095238095238,2.5333333333333306,-4.85714285714286,"8.00,5.86,-4.86,0.62",6,9,-30.000000000000004,-2.7629999999994954,-88.97043118758447,-26.415031056417988,25.533333333333335
m5_low20-30_close45-65_green,NO,flat,below50-150,75,30,53.46666666666667,7.0,0.7666666666666667,0.7128888888888889,4.0333333333333306,-5.000000000000003,"12.37,10.14,-1.29,-5.00",5,9,-28.33333333333334,-2.7629999999994954,-88.97043118758447,-26.415031056417988,25.533333333333335
m5_low20-30_close45-65_green,NO,flat,below50-150,80,30,53.46666666666667,7.0,0.7666666666666667,0.6683333333333333,7.866666666666663,-1.8750000000000027,"16.75,14.43,2.29,-1.88",6,9,-26.66666666666667,-2.7629999999994954,-88.97043118758447,-26.415031056417988,25.533333333333335
m5_low20-30_close45-65_green,NO,flat,below50-150,85,30,53.46666666666667,7.0,0.6666666666666666,0.6290196078431373,3.199999999999997,-0.12500000000000266,"-0.13,6.57,5.86,1.25",6,9,-51.5,-2.7629999999994954,-88.97043118758447,-26.415031056417988,25.533333333333335
m5_low20-30_close45-65_green,NO,flat,below0-50,65,26,52.96153846153846,7.0,0.6923076923076923,0.814792899408284,-7.961538461538463,-11.66666666666667,"-4.86,-11.00,-11.67,-5.29",4,8,-23.833333333333332,-1.376538461538495,-23.391289783480225,-5.537706533711361,25.76923076923077
m5_low20-30_close45-65_green,NO,flat,below0-50,70,26,52.96153846153846,7.0,0.6538461538461539,0.7565934065934066,-7.192307692307693,-11.285714285714288,"-11.29,-7.67,-8.33,-1.71",4,8,-50.0,-1.376538461538495,-23.391289783480225,-5.537706533711361,25.76923076923077
m5_low20-30_close45-65_green,NO,flat,below0-50,75,26,52.96153846153846,7.0,0.6153846153846154,0.7061538461538461,-6.8076923076923075,-17.500000000000004,"-8.43,-4.33,-17.50,1.86",3,8,-50.0,-1.376538461538495,-23.391289783480225,-5.537706533711361,25.76923076923077
m5_low20-30_close45-65_green,NO,flat,below0-50,80,26,52.96153846153846,7.0,0.6153846153846154,0.6620192307692307,-3.730769230769231,-15.000000000000002,"-5.57,-1.00,-15.00,5.43",4,8,-50.0,-1.376538461538495,-23.391289783480225,-5.537706533711361,25.76923076923077
m5_low20-30_close45-65_green,NO,flat,below0-50,85,26,52.96153846153846,7.0,0.5769230769230769,0.6230769230769231,-3.9230769230769242,-26.666666666666668,"-2.71,2.33,-26.67,9.00",4,8,-50.0,-1.376538461538495,-23.391289783480225,-5.537706533711361,25.76923076923077
m5_low20-30_close45-65_green,NO,flat,above0-50,65,32,55.03125,7.0,0.8125,0.8466346153846154,-2.2187500000000027,-12.875000000000004,"-12.88,-0.75,2.62,2.12",5,10,-22.000000000000004,0.2628125000003365,26.485963363539895,8.354227310835995,25.125
m5_low20-30_close45-65_green,NO,flat,above0-50,70,32,55.03125,7.0,0.8125,0.7861607142857143,1.8437499999999971,-9.750000000000004,"-9.75,3.62,7.00,6.50",5,10,-19.500000000000004,0.2628125000003365,26.485963363539895,8.354227310835995,25.125
m5_low20-30_close45-65_green,NO,flat,above0-50,75,32,55.03125,7.0,0.8125,0.73375,5.906249999999997,-6.625000000000003,"-6.63,8.00,11.37,10.87",5,10,-17.000000000000004,0.2628125000003365,26.485963363539895,8.354227310835995,25.125
m5_low20-30_close45-65_green,NO,flat,above0-50,80,32,55.03125,7.0,0.78125,0.687890625,7.468749999999997,-13.500000000000004,"-13.50,12.37,15.75,15.25",6,10,-23.666666666666668,0.2628125000003365,26.485963363539895,8.354227310835995,25.125
m5_low20-30_close45-65_green,NO,flat,above0-50,85,32,55.03125,7.0,0.75,0.6474264705882353,8.718749999999996,-11.000000000000004,"-11.00,6.12,20.12,19.62",7,10,-22.0,0.2628125000003365,26.485963363539895,8.354227310835995,25.125
m5_low20-30_close45-65_green,NO,flat,above50-150,65,28,54.464285714285715,7.0,0.8214285714285714,0.8379120879120879,-1.0714285714285727,-16.714285714285715,"2.86,-1.57,11.14,-16.71",5,9,-20.000000000000004,-1.9592857142849556,86.63598692830445,26.81632095898853,24.821428571428573
m5_low20-30_close45-65_green,NO,flat,above50-150,70,28,54.464285714285715,7.0,0.75,0.778061224489796,-1.9642857142857153,-13.85714285714286,"-2.86,-7.29,16.14,-13.86",4,9,-64.0,-1.9592857142849556,86.63598692830445,26.81632095898853,24.821428571428573
m5_low20-30_close45-65_green,NO,flat,above50-150,75,28,54.464285714285715,7.0,0.7142857142857143,0.7261904761904762,-0.8928571428571439,-11.000000000000002,"0.71,-3.71,10.43,-11.00",5,9,-64.0,-1.9592857142849556,86.63598692830445,26.81632095898853,24.821428571428573
m5_low20-30_close45-65_green,NO,flat,above50-150,80,28,54.464285714285715,7.0,0.6785714285714286,0.6808035714285714,-0.17857142857142957,-11.571428571428571,"4.29,-11.57,14.71,-8.14",4,9,-64.0,-1.9592857142849556,86.63598692830445,26.81632095898853,24.821428571428573
m5_low20-30_close45-65_green,NO,flat,above50-150,85,28,54.464285714285715,7.0,0.6071428571428571,0.6407563025210085,-2.857142857142858,-8.714285714285715,"7.86,-8.71,-5.29,-5.29",4,9,-64.0,-1.9592857142849556,86.63598692830445,26.81632095898853,24.821428571428573
m5_low20-30_close45-65_green,YES,flat,below>150,65,36,53.583333333333336,6.0,0.8055555555555556,0.8243589743589744,-1.2222222222222228,-8.666666666666666,"-2.11,1.44,4.44,-8.67",4,9,-61.0,2.5425000000003717,-302.7611367789822,-83.60711960718274,26.75
m5_low20-30_close45-65_green,YES,flat,below>150,70,36,53.583333333333336,6.0,0.7777777777777778,0.7654761904761905,0.8611111111111105,-5.333333333333333,"1.78,5.89,1.11,-5.33",5,9,-61.0,2.5425000000003717,-302.7611367789822,-83.60711960718274,26.75
m5_low20-30_close45-65_green,YES,flat,below>150,75,36,53.583333333333336,6.0,0.75,0.7144444444444444,2.666666666666666,-2.0,"5.67,2.00,5.00,-2.00",5,9,-61.0,2.5425000000003717,-302.7611367789822,-83.60711960718274,26.75
m5_low20-30_close45-65_green,YES,flat,below>150,80,36,53.583333333333336,6.0,0.6388888888888888,0.6697916666666667,-2.4722222222222223,-8.88888888888889,"-8.22,5.89,-8.89,1.33",3,9,-61.0,2.5425000000003717,-302.7611367789822,-83.60711960718274,26.75
m5_low20-30_close45-65_green,YES,flat,below>150,85,36,53.583333333333336,6.0,0.5833333333333334,0.6303921568627451,-4.000000000000001,-14.888888888888893,"-14.89,9.78,-6.11,-4.78",2,9,-61.0,2.5425000000003717,-302.7611367789822,-83.60711960718274,26.75
m5_low20-30_close45-65_green,YES,flat,below50-150,65,42,52.73809523809524,6.5,0.9285714285714286,0.8113553113553114,7.619047619047619,-2.599999999999999,"6.36,15.60,-2.60,10.91",8,10,-23.0,-2.1747619047618216,-94.44639889729436,-27.468248987390584,26.166666666666668
m5_low20-30_close45-65_green,YES,flat,below50-150,70,42,52.73809523809524,6.5,0.8809523809523809,0.7534013605442177,8.928571428571429,-5.6,"4.55,20.60,-5.60,15.91",8,10,-55.5,-2.1747619047618216,-94.44639889729436,-27.468248987390584,26.166666666666668
m5_low20-30_close45-65_green,YES,flat,below50-150,75,42,52.73809523809524,6.5,0.7619047619047619,0.7031746031746032,4.404761904761905,-9.6,"8.64,3.10,-9.60,14.09",6,10,-55.5,-2.1747619047618216,-94.44639889729436,-27.468248987390584,26.166666666666668
m5_low20-30_close45-65_green,YES,flat,below50-150,80,42,52.73809523809524,6.5,0.7380952380952381,0.6592261904761905,6.309523809523809,-6.6,"5.45,6.60,-6.60,18.64",5,10,-55.5,-2.1747619047618216,-94.44639889729436,-27.468248987390584,26.166666666666668
m5_low20-30_close45-65_green,YES,flat,below50-150,85,42,52.73809523809524,6.5,0.7142857142857143,0.6204481792717087,7.976190476190476,-3.599999999999999,"9.09,10.10,-3.60,15.45",8,10,-55.5,-2.1747619047618216,-94.44639889729436,-27.468248987390584,26.166666666666668
m5_low20-30_close45-65_green,YES,flat,below0-50,65,38,52.921052631578945,7.0,0.7894736842105263,0.81417004048583,-1.605263157894737,-11.900000000000002,"-11.90,10.67,-7.44,2.90",6,10,-51.5,-1.2807894736833987,-23.739490240779944,-2.998187322336315,25.289473684210527
m5_low20-30_close45-65_green,YES,flat,below0-50,70,38,52.921052631578945,7.0,0.7631578947368421,0.7560150375939849,0.5,-15.9,"-15.90,15.67,-4.11,7.40",6,10,-51.5,-1.2807894736833987,-23.739490240779944,-2.998187322336315,25.289473684210527
m5_low20-30_close45-65_green,YES,flat,below0-50,75,38,52.921052631578945,7.0,0.6842105263157895,0.7056140350877192,-1.605263157894737,-28.4,"-28.40,20.67,-0.78,4.40",5,10,-51.5,-1.2807894736833987,-23.739490240779944,-2.998187322336315,25.289473684210527
m5_low20-30_close45-65_green,YES,flat,below0-50,80,38,52.921052631578945,7.0,0.631578947368421,0.6615131578947369,-2.3947368421052633,-26.9,"-26.90,7.89,2.56,8.40",4,10,-51.5,-1.2807894736833987,-23.739490240779944,-2.998187322336315,25.289473684210527
m5_low20-30_close45-65_green,YES,flat,below0-50,85,38,52.921052631578945,7.0,0.631578947368421,0.6226006191950464,0.7631578947368421,-25.4,"-25.40,11.78,5.89,12.40",4,10,-51.5,-1.2807894736833987,-23.739490240779944,-2.998187322336315,25.289473684210527
m5_low20-30_close45-65_green,YES,flat,above0-50,65,37,53.432432432432435,7.0,0.8378378378378378,0.822037422037422,1.027027027027027,-6.111111111111111,"5.50,-1.56,-6.11,5.78",5,10,-25.0,-0.10189189189141207,28.28254112680765,9.005515167022217,25.91891891891892
m5_low20-30_close45-65_green,YES,flat,above0-50,70,37,53.432432432432435,7.0,0.8108108108108109,0.7633204633204633,3.324324324324324,-5.4444444444444455,"10.00,-5.44,-2.22,10.22",7,10,-22.5,-0.10189189189141207,28.28254112680765,9.005515167022217,25.91891891891892
m5_low20-30_close45-65_green,YES,flat,above0-50,75,37,53.432432432432435,7.0,0.8108108108108109,0.7124324324324325,7.378378378378378,-2.111111111111112,"14.50,-2.11,1.67,14.67",8,10,-20.0,-0.10189189189141207,28.28254112680765,9.005515167022217,25.91891891891892
m5_low20-30_close45-65_green,YES,flat,above0-50,80,37,53.432432432432435,7.0,0.7837837837837838,0.6679054054054054,9.27027027027027,-3.3333333333333326,"19.00,1.22,-3.33,19.11",7,10,-51.0,-0.10189189189141207,28.28254112680765,9.005515167022217,25.91891891891892
m5_low20-30_close45-65_green,YES,flat,above0-50,85,37,53.432432432432435,7.0,0.7567567567567568,0.628616852146264,10.891891891891891,7.894919286223335e-16,"23.50,4.56,0.00,14.11",6,10,-51.0,-0.10189189189141207,28.28254112680765,9.005515167022217,25.91891891891892
m5_low20-30_close45-65_green,YES,flat,above50-150,65,41,53.4390243902439,6.0,0.7804878048780488,0.822138836772983,-2.707317073170732,-9.299999999999999,"-0.27,5.60,-9.30,-7.10",6,10,-30.0,3.7919512195125784,93.89019224684911,24.970115584919192,25.170731707317074
m5_low20-30_close45-65_green,YES,flat,above50-150,70,41,53.4390243902439,6.0,0.7804878048780488,0.7634146341463415,1.1951219512195121,-5.799999999999999,"3.82,10.10,-5.80,-3.60",6,10,-28.333333333333332,3.7919512195125784,93.89019224684911,24.970115584919192,25.170731707317074
m5_low20-30_close45-65_green,YES,flat,above50-150,75,41,53.4390243902439,6.0,0.7560975609756098,0.712520325203252,3.268292682926829,-2.2999999999999985,"1.09,14.60,-2.30,-0.10",5,10,-26.666666666666668,3.7919512195125784,93.89019224684911,24.970115584919192,25.170731707317074
m5_low20-30_close45-65_green,YES,flat,above50-150,80,41,53.4390243902439,6.0,0.7560975609756098,0.6679878048780488,7.048780487804878,1.2000000000000015,"4.73,19.10,1.20,3.40",6,10,-25.0,3.7919512195125784,93.89019224684911,24.970115584919192,25.170731707317074
m5_low20-30_close45-65_green,YES,flat,above50-150,85,41,53.4390243902439,6.0,0.6829268292682927,0.6286944045911047,4.609756097560975,-1.6,"0.64,15.10,4.70,-1.60",6,10,-62.0,3.7919512195125784,93.89019224684911,24.970115584919192,25.170731707317074
m5_low20-30_close45-65_green,YES,flat,above>150,65,34,52.794117647058826,7.0,0.7058823529411765,0.8122171945701357,-6.911764705882353,-35.375,"-0.56,-3.13,-35.38,8.67",5,10,-50.333333333333336,-0.2338235294121071,331.4492764698567,91.68023286445575,25.91176470588235
m5_low20-30_close45-65_green,YES,flat,above>150,70,34,52.794117647058826,7.0,0.6764705882352942,0.7542016806722689,-5.4411764705882355,-42.875,"3.33,0.62,-42.88,13.67",5,10,-50.333333333333336,-0.2338235294121071,331.4492764698567,91.68023286445575,25.91176470588235
m5_low20-30_close45-65_green,YES,flat,above>150,75,34,52.794117647058826,7.0,0.6176470588235294,0.703921568627451,-6.470588235294118,-51.625,"7.22,4.37,-51.62,10.33",4,10,-55.00000000000001,-0.2338235294121071,331.4492764698567,91.68023286445575,25.91176470588235
m5_low20-30_close45-65_green,YES,flat,above>150,80,34,52.794117647058826,7.0,0.5,0.6599264705882353,-12.794117647058824,-51.625,"2.22,-11.88,-51.62,5.89",4,10,-55.00000000000001,-0.2338235294121071,331.4492764698567,91.68023286445575,25.91176470588235
m5_low20-30_close45-65_green,YES,flat,above>150,85,34,52.794117647058826,7.0,0.5,0.6211072664359862,-10.294117647058824,-51.625,"5.56,-9.38,-51.62,9.78",4,10,-55.00000000000001,-0.2338235294121071,331.4492764698567,91.68023286445575,25.91176470588235
m5_low20-30_close50-70_green,NO,flat,below>150,65,34,59.0,7.0,0.7941176470588235,0.9076923076923077,-7.382352941176472,-16.875,"-9.00,-3.88,-16.88,-0.44",5,10,-24.000000000000007,1.3105882352942633,-278.1683322155034,-77.56975708097204,25.11764705882353
m5_low20-30_close50-70_green,NO,flat,below>150,70,34,59.0,7.0,0.7352941176470589,0.8428571428571429,-7.529411764705884,-31.25,"-5.11,0.50,-31.25,4.00",5,10,-41.0,1.3105882352942633,-278.1683322155034,-77.56975708097204,25.11764705882353
m5_low20-30_close50-70_green,NO,flat,below>150,75,34,59.0,7.0,0.6764705882352942,0.7866666666666666,-8.264705882352942,-29.375,"-1.22,-13.88,-29.38,8.44",5,10,-39.75,1.3105882352942633,-278.1683322155034,-77.56975708097204,25.11764705882353
m5_low20-30_close50-70_green,NO,flat,below>150,80,34,59.0,7.0,0.6176470588235294,0.7375,-9.588235294117647,-27.500000000000004,"2.67,-10.75,-27.50,-4.89",5,10,-58.00000000000001,1.3105882352942633,-278.1683322155034,-77.56975708097204,25.11764705882353
m5_low20-30_close50-70_green,NO,flat,below>150,85,34,59.0,7.0,0.5882352941176471,0.6941176470588235,-9.0,-25.625000000000004,"6.56,-7.63,-25.63,-11.00",4,10,-58.00000000000001,1.3105882352942633,-278.1683322155034,-77.56975708097204,25.11764705882353
m5_low20-30_close50-70_green,NO,flat,below50-150,65,30,56.53333333333333,8.0,0.9,0.8697435897435897,1.9666666666666641,-7.714285714285718,"10.50,5.57,-7.71,-1.25",7,9,-56.50000000000001,-2.4783333333327997,-90.2101343883085,-26.762967149190807,25.666666666666668
m5_low20-30_close50-70_green,NO,flat,below50-150,70,30,56.53333333333333,8.0,0.8333333333333334,0.8076190476190476,1.7999999999999978,-14.142857142857148,"6.75,10.57,-14.14,3.12",6,9,-56.50000000000001,-2.4783333333327997,-90.2101343883085,-26.762967149190807,25.666666666666668
m5_low20-30_close50-70_green,NO,flat,below50-150,75,30,56.53333333333333,8.0,0.7666666666666667,0.7537777777777778,0.9666666666666646,-22.000000000000004,"11.12,15.57,-22.00,-1.88",5,9,-56.50000000000001,-2.4783333333327997,-90.2101343883085,-26.762967149190807,25.666666666666668
m5_low20-30_close50-70_green,NO,flat,below50-150,80,30,56.53333333333333,8.0,0.7333333333333333,0.7066666666666667,2.133333333333331,-19.85714285714286,"15.50,20.57,-19.86,-8.12",4,9,-56.50000000000001,-2.4783333333327997,-90.2101343883085,-26.762967149190807,25.666666666666668
m5_low20-30_close50-70_green,NO,flat,below50-150,85,30,56.53333333333333,8.0,0.6333333333333333,0.6650980392156862,-2.700000000000002,-17.71428571428572,"-1.38,13.43,-17.71,-5.00",4,9,-56.50000000000001,-2.4783333333327997,-90.2101343883085,-26.762967149190807,25.666666666666668
m5_low20-30_close50-70_green,NO,flat,above0-50,65,34,57.294117647058826,7.0,0.8529411764705882,0.8814479638009051,-1.8529411764705899,-12.888888888888893,"-12.89,4.25,0.12,2.00",5,10,-22.000000000000004,0.7394117647062932,26.171996853122597,8.432505370153248,25.529411764705884
m5_low20-30_close50-70_green,NO,flat,above0-50,70,34,57.294117647058826,7.0,0.8529411764705882,0.8184873949579833,2.411764705882351,-9.555555555555559,"-9.56,9.25,4.50,6.44",6,10,-19.500000000000004,0.7394117647062932,26.171996853122597,8.432505370153248,25.529411764705884
m5_low20-30_close50-70_green,NO,flat,above0-50,75,34,57.294117647058826,7.0,0.8529411764705882,0.763921568627451,6.676470588235291,-6.222222222222225,"-6.22,14.25,8.87,10.89",6,10,-17.000000000000004,0.7394117647062932,26.171996853122597,8.432505370153248,25.529411764705884
m5_low20-30_close50-70_green,NO,flat,above0-50,80,34,57.294117647058826,7.0,0.8235294117647058,0.7161764705882353,8.588235294117643,-11.77777777777778,"-11.78,19.25,13.25,15.33",7,10,-29.666666666666668,0.7394117647062932,26.171996853122597,8.432505370153248,25.529411764705884
m5_low20-30_close50-70_green,NO,flat,above0-50,85,34,57.294117647058826,7.0,0.7941176470588235,0.6740484429065744,10.205882352941174,-18.444444444444446,"-18.44,24.25,17.62,19.78",7,10,-28.0,0.7394117647062932,26.171996853122597,8.432505370153248,25.529411764705884
m5_low20-30_close50-70_green,NO,flat,above50-150,65,30,59.666666666666664,7.0,0.9333333333333333,0.9179487179487179,0.9999999999999996,-4.625,"-1.38,5.57,5.57,-4.62",6,10,-26.999999999999993,1.4646666666672294,85.9621631011362,22.649725986483098,24.933333333333334
m5_low20-30_close50-70_green,NO,flat,above50-150,70,30,59.666666666666664,7.0,0.8666666666666667,0.8523809523809524,0.9999999999999996,-5.75,"-5.75,0.57,10.57,-0.25",6,10,-64.0,1.4646666666672294,85.9621631011362,22.649725986483098,24.933333333333334
m5_low20-30_close50-70_green,NO,flat,above50-150,75,30,59.666666666666664,7.0,0.8333333333333334,0.7955555555555556,2.833333333333333,-5.25,"-2.00,4.86,15.57,-5.25",7,10,-64.0,1.4646666666672294,85.9621631011362,22.649725986483098,24.933333333333334
m5_low20-30_close50-70_green,NO,flat,above50-150,80,30,59.666666666666664,7.0,0.7333333333333333,0.7458333333333333,-1.0,-21.5,"1.75,-2.29,20.57,-21.50",4,10,-64.0,1.4646666666672294,85.9621631011362,22.649725986483098,24.933333333333334
m5_low20-30_close50-70_green,NO,flat,above50-150,85,30,59.666666666666664,7.0,0.6666666666666666,0.7019607843137254,-3.0,-19.0,"5.50,1.29,1.29,-19.00",4,10,-64.0,1.4646666666672294,85.9621631011362,22.649725986483098,24.933333333333334
m5_low20-30_close50-70_green,NO,with20-50,above>150,65,25,59.68,7.0,0.72,0.9181538461538461,-12.880000000000003,-25.5,"-21.86,-25.50,-6.67,4.00",4,9,-37.0,32.0003999999995,324.7010839912418,90.58870200110628,25.8
m5_low20-30_close50-70_green,NO,with20-50,above>150,70,25,59.68,7.0,0.6,0.8525714285714285,-17.68,-37.5,"-19.00,-23.00,-37.50,9.00",3,9,-58.666666666666664,32.0003999999995,324.7010839912418,90.58870200110628,25.8
m5_low20-30_close50-70_green,NO,with20-50,above>150,75,25,59.68,7.0,0.6,0.7957333333333333,-14.68,-35.833333333333336,"-16.14,-20.50,-35.83,14.00",3,9,-58.666666666666664,32.0003999999995,324.7010839912418,90.58870200110628,25.8
m5_low20-30_close50-70_green,NO,with20-50,above>150,80,25,59.68,7.0,0.6,0.746,-11.68,-34.166666666666664,"-13.29,-18.00,-34.17,19.00",4,9,-58.666666666666664,32.0003999999995,324.7010839912418,90.58870200110628,25.8
m5_low20-30_close50-70_green,NO,with20-50,above>150,85,25,59.68,7.0,0.56,0.7021176470588235,-12.08,-32.5,"-10.43,-29.67,-32.50,24.00",4,9,-59.0,32.0003999999995,324.7010839912418,90.58870200110628,25.8
m5_low20-30_close50-70_green,YES,flat,below>150,65,34,56.588235294117645,7.0,0.8529411764705882,0.8705882352941177,-1.1470588235294124,-4.777777777777779,"-4.44,7.50,-2.00,-4.78",4,9,-61.0,2.312941176470785,-306.7146486197682,-83.61285457550206,26.823529411764707
m5_low20-30_close50-70_green,YES,flat,below>150,70,34,56.588235294117645,7.0,0.8235294117647058,0.8084033613445378,1.0588235294117638,-6.375,"-0.56,12.50,-6.38,-0.89",4,9,-61.0,2.312941176470785,-306.7146486197682,-83.61285457550206,26.823529411764707
m5_low20-30_close50-70_green,YES,flat,below>150,75,34,56.588235294117645,7.0,0.7941176470588235,0.7545098039215686,2.9705882352941178,-2.625,"3.33,8.12,-2.62,3.00",5,9,-61.0,2.312941176470785,-306.7146486197682,-83.61285457550206,26.823529411764707
m5_low20-30_close50-70_green,YES,flat,below>150,80,34,56.588235294117645,7.0,0.6764705882352942,0.7073529411764705,-2.4705882352941178,-18.875,"-10.56,12.50,-18.88,6.89",2,9,-61.0,2.312941176470785,-306.7146486197682,-83.61285457550206,26.823529411764707
m5_low20-30_close50-70_green,YES,flat,below>150,85,34,56.588235294117645,7.0,0.6176470588235294,0.6657439446366782,-4.088235294117647,-17.222222222222225,"-17.22,16.88,-16.38,1.33",3,9,-61.0,2.312941176470785,-306.7146486197682,-83.61285457550206,26.823529411764707
m5_low20-30_close50-70_green,YES,flat,below50-150,65,43,56.116279069767444,7.0,0.9534883720930233,0.8633273703041145,5.8604651162790695,-5.099999999999999,"8.00,10.82,-5.10,8.73",8,10,-14.0,-1.1809302325579432,-93.34728558267823,-26.81642013252256,26.3953488372093
m5_low20-30_close50-70_green,YES,flat,below50-150,70,43,56.116279069767444,7.0,0.8837209302325582,0.8016611295681063,5.744186046511628,-8.099999999999998,"6.64,9.45,-8.10,13.73",7,10,-30.5,-1.1809302325579432,-93.34728558267823,-26.81642013252256,26.3953488372093
m5_low20-30_close50-70_green,YES,flat,below50-150,75,43,56.116279069767444,7.0,0.7674418604651163,0.7482170542635659,1.441860465116279,-12.099999999999998,"11.18,-6.45,-12.10,11.91",5,10,-28.0,-1.1809302325579432,-93.34728558267823,-26.81642013252256,26.3953488372093
m5_low20-30_close50-70_green,YES,flat,below50-150,80,43,56.116279069767444,7.0,0.7441860465116279,0.7014534883720931,3.4186046511627906,-9.099999999999998,"8.45,-3.27,-9.10,16.45",4,10,-25.5,-1.1809302325579432,-93.34728558267823,-26.81642013252256,26.3953488372093
m5_low20-30_close50-70_green,YES,flat,below50-150,85,43,56.116279069767444,7.0,0.7209302325581395,0.6601915184678523,5.162790697674419,-6.099999999999999,"12.55,-0.09,-6.10,13.27",6,10,-23.0,-1.1809302325579432,-93.34728558267823,-26.81642013252256,26.3953488372093
m5_low20-30_close50-70_green,YES,flat,below0-50,65,35,57.82857142857143,8.0,0.8857142857142857,0.8896703296703297,-0.25714285714285756,-6.88888888888889,"-6.89,-0.56,6.50,0.67",7,10,-55.00000000000001,-3.1482857142849494,-24.434329749259007,-3.057005432726458,25.97142857142857
m5_low20-30_close50-70_green,YES,flat,below0-50,70,35,57.82857142857143,8.0,0.8285714285714286,0.8261224489795919,0.171428571428571,-10.777777777777779,"-10.78,3.89,11.50,-2.67",5,10,-55.00000000000001,-3.1482857142849494,-24.434329749259007,-3.057005432726458,25.97142857142857
m5_low20-30_close50-70_green,YES,flat,below0-50,75,35,57.82857142857143,8.0,0.7428571428571429,0.7710476190476191,-2.1142857142857143,-24.11111111111111,"-24.11,8.33,7.12,1.22",5,10,-55.00000000000001,-3.1482857142849494,-24.434329749259007,-3.057005432726458,25.97142857142857
m5_low20-30_close50-70_green,YES,flat,below0-50,80,35,57.82857142857143,8.0,0.6857142857142857,0.7228571428571429,-2.971428571428572,-30.77777777777778,"-30.78,3.89,11.50,5.11",4,10,-55.00000000000001,-3.1482857142849494,-24.434329749259007,-3.057005432726458,25.97142857142857
m5_low20-30_close50-70_green,YES,flat,below0-50,85,35,57.82857142857143,8.0,0.6857142857142857,0.6803361344537815,0.45714285714285674,-29.11111111111111,"-29.11,7.78,15.88,9.00",4,10,-55.00000000000001,-3.1482857142849494,-24.434329749259007,-3.057005432726458,25.97142857142857
m5_low20-30_close50-70_green,YES,flat,above0-50,65,34,57.6764705882353,7.0,0.8823529411764706,0.8873303167420815,-0.32352941176470607,-7.500000000000001,"-1.11,-7.50,4.13,2.89",6,10,-25.0,0.4211764705886547,30.016005324772028,9.91317158602375,25.823529411764707
m5_low20-30_close50-70_green,YES,flat,above0-50,70,34,57.6764705882353,7.0,0.8529411764705882,0.8239495798319328,2.029411764705882,-12.5,"3.33,-12.50,9.12,7.33",6,10,-22.5,0.4211764705886547,30.016005324772028,9.91317158602375,25.823529411764707
m5_low20-30_close50-70_green,YES,flat,above0-50,75,34,57.6764705882353,7.0,0.8529411764705882,0.7690196078431373,6.294117647058823,-9.375,"7.78,-9.38,14.12,11.78",6,10,-20.0,0.4211764705886547,30.016005324772028,9.91317158602375,25.823529411764707
m5_low20-30_close50-70_green,YES,flat,above0-50,80,34,57.6764705882353,7.0,0.8235294117647058,0.7209558823529412,8.205882352941176,-6.250000000000001,"12.22,-6.25,9.12,16.22",6,10,-19.5,0.4211764705886547,30.016005324772028,9.91317158602375,25.823529411764707
m5_low20-30_close50-70_green,YES,flat,above0-50,85,34,57.6764705882353,7.0,0.7941176470588235,0.6785467128027682,9.823529411764707,-3.125000000000001,"16.67,-3.13,13.50,11.22",6,10,-17.0,0.4211764705886547,30.016005324772028,9.91317158602375,25.823529411764707
m5_low20-30_close50-70_green,YES,flat,above50-150,65,41,58.926829268292686,7.0,0.8048780487804879,0.9065666041275797,-6.609756097560975,-16.299999999999997,"-4.55,8.20,-16.30,-14.00",4,10,-25.249999999999996,3.4060975609756454,93.03573383976334,24.608844974124555,25.414634146341463
m5_low20-30_close50-70_green,YES,flat,above50-150,70,41,58.926829268292686,7.0,0.7804878048780488,0.8418118466898955,-4.2926829268292686,-17.5,"-0.45,13.20,-12.80,-17.50",4,10,-22.749999999999996,3.4060975609756454,93.03573383976334,24.608844974124555,25.414634146341463
m5_low20-30_close50-70_green,YES,flat,above50-150,75,41,58.926829268292686,7.0,0.7560975609756098,0.7856910569105692,-2.2195121951219514,-14.5,"-3.18,18.20,-9.30,-14.50",4,10,-32.0,3.4060975609756454,93.03573383976334,24.608844974124555,25.414634146341463
m5_low20-30_close50-70_green,YES,flat,above50-150,80,41,58.926829268292686,7.0,0.7560975609756098,0.7365853658536585,1.5609756097560976,-11.5,"0.45,23.20,-5.80,-11.50",4,10,-30.333333333333332,3.4060975609756454,93.03573383976334,24.608844974124555,25.414634146341463
m5_low20-30_close50-70_green,YES,flat,above50-150,85,41,58.926829268292686,7.0,0.7073170731707317,0.6932568149210904,1.1951219512195121,-8.5,"-3.64,19.70,-2.30,-8.50",4,10,-62.0,3.4060975609756454,93.03573383976334,24.608844974124555,25.414634146341463
m5_low20-30_close50-70_green,YES,flat,above>150,65,33,58.121212121212125,7.0,0.8181818181818182,0.8941724941724942,-4.93939393939394,-18.5,"-4.89,-1.38,-18.50,5.00",5,10,-51.0,0.6400000000005204,288.3041418888908,82.3321303591548,25.545454545454547
m5_low20-30_close50-70_green,YES,flat,above>150,70,33,58.121212121212125,7.0,0.7878787878787878,0.8303030303030303,-2.9696969696969706,-24.125,"-1.00,3.00,-24.12,10.00",5,10,-51.0,0.6400000000005204,288.3041418888908,82.3321303591548,25.545454545454547
m5_low20-30_close50-70_green,YES,flat,above>150,75,33,58.121212121212125,7.0,0.7272727272727273,0.7749494949494949,-3.5757575757575766,-21.625,"2.89,-2.00,-21.62,5.62",7,10,-55.00000000000001,0.6400000000005204,288.3041418888908,82.3321303591548,25.545454545454547
m5_low20-30_close50-70_green,YES,flat,above>150,80,33,58.121212121212125,7.0,0.6363636363636364,0.7265151515151516,-7.212121212121212,-29.125,"-2.11,-8.25,-29.12,10.00",4,10,-55.00000000000001,0.6400000000005204,288.3041418888908,82.3321303591548,25.545454545454547
m5_low20-30_close50-70_green,YES,flat,above>150,85,33,58.121212121212125,7.0,0.6363636363636364,0.6837789661319074,-4.030303030303031,-27.25,"1.22,-5.13,-27.25,14.38",4,10,-55.00000000000001,0.6400000000005204,288.3041418888908,82.3321303591548,25.545454545454547
m5_low20-30_close50-70_green,YES,with20-50,above>150,65,26,60.42307692307692,6.0,0.8846153846153846,0.929585798816568,-2.923076923076924,-15.714285714285717,"-15.71,3.33,3.83,-1.29",4,10,-25.500000000000004,33.97884615384548,323.4415338974689,75.73277002774753,26.26923076923077
m5_low20-30_close50-70_green,YES,with20-50,above>150,70,26,60.42307692307692,6.0,0.7692307692307693,0.8631868131868131,-6.576923076923077,-27.0,"-12.14,8.33,8.83,-27.00",6,10,-65.0,33.97884615384548,323.4415338974689,75.73277002774753,26.26923076923077
m5_low20-30_close50-70_green,YES,with20-50,above>150,75,26,60.42307692307692,6.0,0.7692307692307693,0.8056410256410256,-2.7307692307692313,-24.857142857142858,"-8.57,13.33,13.83,-24.86",6,10,-65.0,33.97884615384548,323.4415338974689,75.73277002774753,26.26923076923077
m5_low20-30_close50-70_green,YES,with20-50,above>150,80,26,60.42307692307692,6.0,0.7307692307692307,0.7552884615384615,-1.9615384615384621,-22.714285714285715,"-16.43,18.33,18.83,-22.71",6,10,-65.0,33.97884615384548,323.4415338974689,75.73277002774753,26.26923076923077
m5_low20-30_close50-70_green,YES,with20-50,above>150,85,26,60.42307692307692,6.0,0.7307692307692307,0.7108597285067872,1.6923076923076914,-20.571428571428573,"-13.57,23.33,23.83,-20.57",6,10,-65.0,33.97884615384548,323.4415338974689,75.73277002774753,26.26923076923077
m5_low25-35_close35-55_green,NO,flat,below>150,65,30,45.06666666666667,6.0,0.6333333333333333,0.6933333333333334,-3.9,-18.75,"-6.50,0.43,11.71,-18.75",4,9,-44.99999999999999,-5.519666666666065,-279.09329124276167,-72.09728073468189,30.466666666666665
m5_low25-35_close35-55_green,NO,flat,below>150,70,30,45.06666666666667,6.0,0.6,0.6438095238095238,-3.066666666666667,-16.875,"-3.38,4.00,6.00,-16.88",4,9,-44.99999999999999,-5.519666666666065,-279.09329124276167,-72.09728073468189,30.466666666666665
m5_low25-35_close35-55_green,NO,flat,below>150,75,30,45.06666666666667,6.0,0.5,0.6008888888888889,-7.566666666666666,-24.375,"-0.25,-3.14,-1.14,-24.38",4,9,-50.0,-5.519666666666065,-279.09329124276167,-72.09728073468189,30.466666666666665
m5_low25-35_close35-55_green,NO,flat,below>150,80,30,45.06666666666667,6.0,0.4666666666666667,0.5633333333333334,-7.733333333333333,-23.125,"2.88,-11.71,1.71,-23.12",4,9,-50.0,-5.519666666666065,-279.09329124276167,-72.09728073468189,30.466666666666665
m5_low25-35_close35-55_green,NO,flat,below>150,85,30,45.06666666666667,6.0,0.43333333333333335,0.5301960784313726,-8.233333333333333,-32.5,"6.00,-9.57,4.57,-32.50",4,9,-50.0,-5.519666666666065,-279.09329124276167,-72.09728073468189,30.466666666666665
m5_low25-35_close35-55_green,NO,flat,below50-150,65,56,45.142857142857146,6.0,0.6607142857142857,0.6945054945054946,-2.1964285714285716,-15.714285714285714,"-4.79,5.64,6.07,-15.71",7,10,-20.545454545454547,-2.4462499999999636,-91.32255444129896,-26.145991770063898,30.017857142857142
m5_low25-35_close35-55_green,NO,flat,below50-150,70,56,45.142857142857146,6.0,0.625,0.6448979591836735,-1.3928571428571435,-18.571428571428573,"-6.57,9.57,10.00,-18.57",6,10,-23.166666666666668,-2.4462499999999636,-91.32255444129896,-26.145991770063898,30.017857142857142
m5_low25-35_close35-55_green,NO,flat,below50-150,75,56,45.142857142857146,6.0,0.5892857142857143,0.6019047619047619,-0.9464285714285717,-16.785714285714285,"-9.07,13.50,8.57,-16.79",5,10,-34.0,-2.4462499999999636,-91.32255444129896,-26.145991770063898,30.017857142857142
m5_low25-35_close35-55_green,NO,flat,below50-150,80,56,45.142857142857146,6.0,0.5714285714285714,0.5642857142857143,0.5714285714285712,-15.0,"-6.57,17.43,6.43,-15.00",4,10,-33.166666666666664,-2.4462499999999636,-91.32255444129896,-26.145991770063898,30.017857142857142
m5_low25-35_close35-55_green,NO,flat,below50-150,85,56,45.142857142857146,6.0,0.5357142857142857,0.5310924369747899,0.39285714285714285,-13.214285714285714,"-10.14,15.29,9.64,-13.21",3,10,-32.333333333333336,-2.4462499999999636,-91.32255444129896,-26.145991770063898,30.017857142857142
m5_low25-35_close35-55_green,NO,flat,below0-50,65,45,43.266666666666666,6.0,0.4888888888888889,0.6656410256410257,-11.488888888888889,-20.90909090909091,"-14.33,0.09,-10.55,-20.91",3,8,-37.666666666666664,-3.568888888889503,-23.03452036292551,-5.793166462345431,30.066666666666666
m5_low25-35_close35-55_green,NO,flat,below0-50,70,45,43.266666666666666,6.0,0.4222222222222222,0.618095238095238,-13.71111111111111,-20.545454545454547,"-12.25,-3.09,-20.55,-19.09",3,8,-37.666666666666664,-3.568888888889503,-23.03452036292551,-5.793166462345431,30.066666666666666
m5_low25-35_close35-55_green,NO,flat,below0-50,75,45,43.266666666666666,6.0,0.37777777777777777,0.5768888888888889,-14.933333333333334,-25.545454545454547,"-10.17,-7.18,-25.55,-17.27",3,8,-37.666666666666664,-3.568888888889503,-23.03452036292551,-5.793166462345431,30.066666666666666
m5_low25-35_close35-55_green,NO,flat,below0-50,80,45,43.266666666666666,6.0,0.3333333333333333,0.5408333333333333,-16.6,-31.454545454545453,"-8.08,-12.18,-31.45,-15.45",2,8,-37.666666666666664,-3.568888888889503,-23.03452036292551,-5.793166462345431,30.066666666666666
m5_low25-35_close35-55_green,NO,flat,below0-50,85,45,43.266666666666666,6.0,0.3111111111111111,0.5090196078431373,-16.822222222222223,-38.27272727272727,"-6.00,-10.36,-38.27,-13.64",2,8,-37.666666666666664,-3.568888888889503,-23.03452036292551,-5.793166462345431,30.066666666666666
m5_low25-35_close35-55_green,NO,flat,above0-50,65,46,44.32608695652174,6.0,0.5869565217391305,0.6819397993311037,-6.173913043478261,-10.727272727272727,"-2.92,-2.00,-10.73,-9.08",5,10,-31.25,-1.591956521738409,24.87939065855687,6.783676351465819,30.369565217391305
m5_low25-35_close35-55_green,NO,flat,above0-50,70,46,44.32608695652174,6.0,0.5434782608695652,0.6332298136645963,-6.282608695652174,-14.363636363636363,"0.42,-5.18,-14.36,-6.58",4,10,-30.0,-1.591956521738409,24.87939065855687,6.783676351465819,30.369565217391305
m5_low25-35_close35-55_green,NO,flat,above0-50,75,46,44.32608695652174,6.0,0.5,0.5910144927536233,-6.826086956521739,-18.90909090909091,"3.75,-9.27,-18.91,-4.08",3,10,-29.2,-1.591956521738409,24.87939065855687,6.783676351465819,30.369565217391305
m5_low25-35_close35-55_green,NO,flat,above0-50,80,46,44.32608695652174,6.0,0.4782608695652174,0.5540760869565218,-6.065217391304348,-17.09090909090909,"0.42,-7.00,-17.09,-1.58",3,10,-28.2,-1.591956521738409,24.87939065855687,6.783676351465819,30.369565217391305
m5_low25-35_close35-55_green,NO,flat,above0-50,85,46,44.32608695652174,6.0,0.4782608695652174,0.5214833759590793,-3.6739130434782608,-15.272727272727273,"3.33,-4.73,-15.27,0.92",5,10,-27.2,-1.591956521738409,24.87939065855687,6.783676351465819,30.369565217391305
m5_low25-35_close35-55_green,NO,flat,above50-150,65,29,45.55172413793103,6.0,0.6206896551724138,0.7007957559681697,-5.206896551724138,-16.142857142857142,"2.25,-8.29,0.29,-16.14",4,10,-53.0,-0.48758620689628074,87.66924293276378,22.200158376267265,29.620689655172413
m5_low25-35_close35-55_green,NO,flat,above50-150,70,29,45.55172413793103,6.0,0.5862068965517241,0.6507389162561577,-4.517241379310345,-14.0,"-2.75,-5.43,3.86,-14.00",5,10,-53.0,-0.48758620689628074,87.66924293276378,22.200158376267265,29.620689655172413
m5_low25-35_close35-55_green,NO,flat,above50-150,75,29,45.55172413793103,6.0,0.5862068965517241,0.6073563218390804,-1.5862068965517242,-11.857142857142858,"0.38,-2.57,7.43,-11.86",5,10,-53.0,-0.48758620689628074,87.66924293276378,22.200158376267265,29.620689655172413
m5_low25-35_close35-55_green,NO,flat,above50-150,80,29,45.55172413793103,6.0,0.4827586206896552,0.569396551724138,-6.931034482758621,-22.571428571428573,"-6.50,-22.57,11.00,-9.71",4,10,-53.0,-0.48758620689628074,87.66924293276378,22.200158376267265,29.620689655172413
m5_low25-35_close35-55_green,NO,flat,above50-150,85,29,45.55172413793103,6.0,0.4482758620689655,0.5359026369168357,-7.448275862068965,-21.142857142857142,"-4.00,-21.14,2.43,-7.57",3,10,-53.0,-0.48758620689628074,87.66924293276378,22.200158376267265,29.620689655172413
m5_low25-35_close35-55_green,NO,flat,above>150,65,37,45.5945945945946,6.0,0.6756756756756757,0.7014553014553014,-1.6756756756756757,-14.6,"-14.60,-3.67,5.11,7.89",7,10,-47.333333333333336,-1.1905405405408158,336.4153121361038,101.17070750624447,29.54054054054054
m5_low25-35_close35-55_green,NO,flat,above>150,70,37,45.5945945945946,6.0,0.6756756756756757,0.6513513513513514,1.7027027027027029,-12.1,"-12.10,-0.33,9.00,11.78",8,10,-47.333333333333336,-1.1905405405408158,336.4153121361038,101.17070750624447,29.54054054054054
m5_low25-35_close35-55_green,NO,flat,above>150,75,37,45.5945945945946,6.0,0.6216216216216216,0.6079279279279279,1.0270270270270276,-9.6,"-9.60,3.00,4.56,7.33",8,10,-47.333333333333336,-1.1905405405408158,336.4153121361038,101.17070750624447,29.54054054054054
m5_low25-35_close35-55_green,NO,flat,above>150,80,37,45.5945945945946,6.0,0.5945945945945946,0.5699324324324324,1.972972972972973,-15.1,"-15.10,6.33,7.89,10.67",8,10,-47.333333333333336,-1.1905405405408158,336.4153121361038,101.17070750624447,29.54054054054054
m5_low25-35_close35-55_green,NO,flat,above>150,85,37,45.5945945945946,6.0,0.5675675675675675,0.5364069952305247,2.6486486486486487,-13.1,"-13.10,9.67,1.78,14.00",7,10,-52.0,-1.1905405405408158,336.4153121361038,101.17070750624447,29.54054054054054
m5_low25-35_close35-55_green,YES,flat,below>150,65,36,45.25,6.0,0.6388888888888888,0.6961538461538461,-3.7222222222222223,-14.777777777777779,"-8.67,-14.78,3.11,5.44",4,8,-15.444444444444445,-1.7341666666660684,-295.25514852929905,-84.59673360764727,30.11111111111111
m5_low25-35_close35-55_green,YES,flat,below>150,70,36,45.25,6.0,0.6111111111111112,0.6464285714285715,-2.4722222222222223,-12.555555555555555,"-5.89,-12.56,-0.78,9.33",4,8,-25.0,-1.7341666666660684,-295.25514852929905,-84.59673360764727,30.11111111111111
m5_low25-35_close35-55_green,YES,flat,below>150,75,36,45.25,6.0,0.6111111111111112,0.6033333333333334,0.5833333333333334,-10.333333333333334,"-3.11,-10.33,2.56,13.22",5,8,-23.75,-1.7341666666660684,-295.25514852929905,-84.59673360764727,30.11111111111111
m5_low25-35_close35-55_green,YES,flat,below>150,80,36,45.25,6.0,0.5833333333333334,0.565625,1.4166666666666667,-9.222222222222221,"-9.22,-8.11,5.89,17.11",5,8,-22.5,-1.7341666666660684,-295.25514852929905,-84.59673360764727,30.11111111111111
m5_low25-35_close35-55_green,YES,flat,below>150,85,36,45.25,6.0,0.5277777777777778,0.5323529411764706,-0.3888888888888889,-16.444444444444443,"-16.44,-5.89,-0.22,21.00",4,8,-21.25,-1.7341666666660684,-295.25514852929905,-84.59673360764727,30.11111111111111
m5_low25-35_close35-55_green,YES,flat,below50-150,65,40,45.075,6.0,0.7,0.6934615384615385,0.425,-2.6,"-1.20,7.20,-1.70,-2.60",7,10,-39.0,-2.285999999999331,-94.71672737216359,-27.55348176019197,30.25
m5_low25-35_close35-55_green,YES,flat,below50-150,70,40,45.075,6.0,0.7,0.6439285714285715,3.925,0.4,"2.30,11.20,1.80,0.40",7,10,-39.0,-2.285999999999331,-94.71672737216359,-27.55348176019197,30.25
m5_low25-35_close35-55_green,YES,flat,below50-150,75,40,45.075,6.0,0.55,0.6010000000000001,-3.825,-7.3,"-1.70,-7.30,-2.20,-4.10",5,10,-39.0,-2.285999999999331,-94.71672737216359,-27.55348176019197,30.25
m5_low25-35_close35-55_green,YES,flat,below50-150,80,40,45.075,6.0,0.45,0.5634375,-9.075,-17.6,"-14.70,-4.80,0.80,-17.60",2,10,-39.0,-2.285999999999331,-94.71672737216359,-27.55348176019197,30.25
m5_low25-35_close35-55_green,YES,flat,below50-150,85,40,45.075,6.0,0.425,0.5302941176470588,-8.95,-16.1,"-12.70,-2.30,-4.70,-16.10",2,10,-39.0,-2.285999999999331,-94.71672737216359,-27.55348176019197,30.25
m5_low25-35_close35-55_green,YES,flat,below0-50,65,41,44.048780487804876,6.0,0.5365853658536586,0.6776735459662289,-9.170731707317072,-12.3,"-8.36,-12.30,-11.00,-5.10",3,9,-42.5,-3.5117073170727164,-23.36186496941206,-3.9517002317130925,30.51219512195122
m5_low25-35_close35-55_green,YES,flat,below0-50,70,41,44.048780487804876,6.0,0.4634146341463415,0.6292682926829268,-11.609756097560975,-16.8,"-12.00,-16.80,-15.50,-2.10",2,9,-42.5,-3.5117073170727164,-23.36186496941206,-3.9517002317130925,30.51219512195122
m5_low25-35_close35-55_green,YES,flat,below0-50,75,41,44.048780487804876,6.0,0.43902439024390244,0.5873170731707317,-11.121951219512194,-16.545454545454547,"-16.55,-14.80,-13.50,0.90",2,9,-42.5,-3.5117073170727164,-23.36186496941206,-3.9517002317130925,30.51219512195122
m5_low25-35_close35-55_green,YES,flat,below0-50,80,41,44.048780487804876,6.0,0.3902439024390244,0.5506097560975609,-12.829268292682928,-22.0,"-22.00,-20.80,-11.50,3.90",1,9,-48.0,-3.5117073170727164,-23.36186496941206,-3.9517002317130925,30.51219512195122
m5_low25-35_close35-55_green,YES,flat,below0-50,85,41,44.048780487804876,6.0,0.3902439024390244,0.5182209469153515,-10.878048780487806,-20.636363636363637,"-20.64,-19.30,-9.50,6.90",2,9,-48.0,-3.5117073170727164,-23.36186496941206,-3.9517002317130925,30.51219512195122
m5_low25-35_close35-55_green,YES,flat,above0-50,65,33,45.121212121212125,6.0,0.6363636363636364,0.6941724941724943,-3.757575757575758,-13.75,"19.33,-11.88,-11.62,-13.75",7,10,-22.5,-4.029090909091103,25.28133964902901,9.899360393520372,29.848484848484848
m5_low25-35_close35-55_green,YES,flat,above0-50,70,33,45.121212121212125,6.0,0.6060606060606061,0.6445887445887446,-2.696969696969697,-11.25,"16.56,-9.38,-9.12,-11.25",7,10,-20.625,-4.029090909091103,25.28133964902901,9.899360393520372,29.848484848484848
m5_low25-35_close35-55_green,YES,flat,above0-50,75,33,45.121212121212125,6.0,0.5151515151515151,0.6016161616161617,-6.484848484848484,-16.25,"12.67,-16.25,-16.00,-8.75",5,10,-28.125,-4.029090909091103,25.28133964902901,9.899360393520372,29.848484848484848
m5_low25-35_close35-55_green,YES,flat,above0-50,80,33,45.121212121212125,6.0,0.5151515151515151,0.5640151515151516,-3.909090909090909,-14.375,"16.56,-14.38,-14.12,-6.25",5,10,-26.875,-4.029090909091103,25.28133964902901,9.899360393520372,29.848484848484848
m5_low25-35_close35-55_green,YES,flat,above0-50,85,33,45.121212121212125,6.0,0.48484848484848486,0.5308377896613191,-3.909090909090909,-14.375,"20.44,-12.50,-12.25,-14.38",4,10,-25.625,-4.029090909091103,25.28133964902901,9.899360393520372,29.848484848484848
m5_low25-35_close35-55_green,YES,flat,above50-150,65,41,46.26829268292683,6.0,0.5853658536585366,0.7118198874296435,-8.21951219512195,-26.4,"-5.45,4.80,-26.40,-6.10",3,10,-45.333333333333336,0.16585365853665635,87.78387518501705,25.466119271599958,31.0
m5_low25-35_close35-55_green,YES,flat,above50-150,70,41,46.26829268292683,6.0,0.5609756097560976,0.6609756097560975,-7.0,-24.9,"-2.27,1.80,-24.90,-3.10",3,10,-45.333333333333336,0.16585365853665635,87.78387518501705,25.466119271599958,31.0
m5_low25-35_close35-55_green,YES,flat,above50-150,75,41,46.26829268292683,6.0,0.5121951219512195,0.616910569105691,-7.853658536585366,-30.9,"-5.91,5.30,-30.90,-0.10",4,10,-51.0,0.16585365853665635,87.78387518501705,25.466119271599958,31.0
m5_low25-35_close35-55_green,YES,flat,above50-150,80,41,46.26829268292683,6.0,0.4878048780487805,0.5783536585365854,-7.2439024390243905,-29.9,"-3.18,0.80,-29.90,2.90",4,10,-51.0,0.16585365853665635,87.78387518501705,25.466119271599958,31.0
m5_low25-35_close35-55_green,YES,flat,above50-150,85,41,46.26829268292683,6.0,0.4878048780487805,0.5443328550932568,-4.804878048780488,-28.9,"-0.45,3.80,-28.90,5.90",4,10,-51.0,0.16585365853665635,87.78387518501705,25.466119271599958,31.0
m5_low25-35_close35-55_green,YES,flat,above>150,65,34,47.3235294117647,6.0,0.5882352941176471,0.7280542986425339,-9.088235294117647,-13.555555555555555,"-13.56,-5.75,-5.38,-10.89",2,10,-51.0,0.6302941176466393,372.1783696271951,104.50114211130067,30.558823529411764
m5_low25-35_close35-55_green,YES,flat,above>150,70,34,47.3235294117647,6.0,0.5588235294117647,0.6760504201680672,-8.205882352941176,-15.88888888888889,"-10.78,-2.62,-2.25,-15.89",3,10,-51.0,0.6302941176466393,372.1783696271951,104.50114211130067,30.558823529411764
m5_low25-35_close35-55_green,YES,flat,above>150,75,34,47.3235294117647,6.0,0.5294117647058824,0.6309803921568627,-7.617647058823529,-13.666666666666666,"-8.00,0.50,-8.50,-13.67",3,10,-53.0,0.6302941176466393,372.1783696271951,104.50114211130067,30.558823529411764
m5_low25-35_close35-55_green,YES,flat,above>150,80,34,47.3235294117647,6.0,0.4411764705882353,0.5915441176470588,-12.029411764705882,-23.0,"-23.00,3.62,-16.00,-11.44",3,10,-53.0,0.6302941176466393,372.1783696271951,104.50114211130067,30.558823529411764
m5_low25-35_close35-55_green,YES,flat,above>150,85,34,47.3235294117647,6.0,0.4411764705882353,0.5567474048442906,-9.823529411764707,-21.333333333333332,"-21.33,6.75,-14.12,-9.22",4,10,-53.0,0.6302941176466393,372.1783696271951,104.50114211130067,30.558823529411764
m5_low25-35_close40-60_green,NO,flat,below>150,65,41,50.19512195121951,6.0,0.7804878048780488,0.7722326454033771,0.5365853658536562,-6.0000000000000036,"-1.82,6.60,3.60,-6.00",5,9,-24.666666666666668,-1.2151219512191502,-272.113472205928,-73.21876978796088,30.78048780487805
m5_low25-35_close40-60_green,NO,flat,below>150,70,41,50.19512195121951,6.0,0.7317073170731707,0.7170731707317073,1.0243902439024364,-2.5000000000000036,"1.82,4.10,0.60,-2.50",6,9,-23.0,-1.2151219512191502,-272.113472205928,-73.21876978796088,30.78048780487805
m5_low25-35_close40-60_green,NO,flat,below>150,75,41,50.19512195121951,6.0,0.6097560975609756,0.6692682926829269,-4.4634146341463445,-14.000000000000004,"5.45,0.60,-10.90,-14.00",4,9,-54.5,-1.2151219512191502,-272.113472205928,-73.21876978796088,30.78048780487805
m5_low25-35_close40-60_green,NO,flat,below>150,80,41,50.19512195121951,6.0,0.5365853658536586,0.6274390243902439,-7.268292682926832,-27.500000000000007,"9.09,-3.90,-8.40,-27.50",4,9,-54.5,-1.2151219512191502,-272.113472205928,-73.21876978796088,30.78048780487805
m5_low25-35_close40-60_green,NO,flat,below>150,85,41,50.19512195121951,6.0,0.5121951219512195,0.5905308464849355,-6.658536585365856,-34.50000000000001,"12.73,-0.90,-5.90,-34.50",4,9,-54.5,-1.2151219512191502,-272.113472205928,-73.21876978796088,30.78048780487805
m5_low25-35_close40-60_green,NO,flat,below50-150,65,61,48.22950819672131,6.0,0.7377049180327869,0.7419924337957124,-0.27868852459016497,-12.466666666666669,"-1.63,6.27,6.80,-12.47",6,10,-22.2,-2.2490163934426612,-93.69844572520975,-27.341284059628975,30.40983606557377
m5_low25-35_close40-60_green,NO,flat,below50-150,70,61,48.22950819672131,6.0,0.6885245901639344,0.6889929742388758,-0.03278688524590269,-14.466666666666669,"-6.63,10.27,11.13,-14.47",5,10,-34.2,-2.2490163934426612,-93.69844572520975,-27.341284059628975,30.40983606557377
m5_low25-35_close40-60_green,NO,flat,below50-150,75,61,48.22950819672131,6.0,0.6721311475409836,0.6430601092896175,2.1803278688524586,-12.133333333333335,"-3.50,14.27,10.47,-12.13",7,10,-33.2,-2.2490163934426612,-93.69844572520975,-27.341284059628975,30.40983606557377
m5_low25-35_close40-60_green,NO,flat,below50-150,80,61,48.22950819672131,6.0,0.6557377049180327,0.6028688524590164,4.22950819672131,-9.800000000000002,"-0.38,18.27,9.13,-9.80",7,10,-32.2,-2.2490163934426612,-93.69844572520975,-27.341284059628975,30.40983606557377
m5_low25-35_close40-60_green,NO,flat,below50-150,85,61,48.22950819672131,6.0,0.6229508196721312,0.5674059787849566,4.721311475409836,-7.466666666666669,"-2.56,16.60,12.80,-7.47",6,10,-31.2,-2.2490163934426612,-93.69844572520975,-27.341284059628975,30.40983606557377
m5_low25-35_close40-60_green,NO,flat,below0-50,65,47,49.91489361702128,6.0,0.6808510638297872,0.7679214402618658,-5.659574468085109,-13.583333333333336,"-7.67,1.33,-2.45,-13.58",5,9,-37.75000000000001,-0.8757446808511381,-20.92844650024044,-5.521193238382848,30.425531914893618
m5_low25-35_close40-60_green,NO,flat,below0-50,70,47,49.91489361702128,6.0,0.5957446808510638,0.7130699088145896,-8.21276595744681,-17.90909090909091,"-10.17,5.08,-17.91,-10.67",3,9,-36.50000000000001,-0.8757446808511381,-20.92844650024044,-5.521193238382848,30.425531914893618
m5_low25-35_close40-60_green,NO,flat,below0-50,75,47,49.91489361702128,6.0,0.574468085106383,0.6655319148936171,-6.829787234042556,-22.454545454545457,"-7.25,8.83,-22.45,-7.75",3,9,-35.25000000000001,-0.8757446808511381,-20.92844650024044,-5.521193238382848,30.425531914893618
m5_low25-35_close40-60_green,NO,flat,below0-50,80,47,49.91489361702128,6.0,0.5106382978723404,0.6239361702127659,-9.063829787234045,-27.90909090909091,"-4.33,-0.75,-27.91,-4.83",2,9,-34.00000000000001,-0.8757446808511381,-20.92844650024044,-5.521193238382848,30.425531914893618
m5_low25-35_close40-60_green,NO,flat,below0-50,85,47,49.91489361702128,6.0,0.48936170212765956,0.5872340425531914,-8.319148936170215,-34.27272727272727,"-1.42,2.17,-34.27,-1.92",3,9,-41.625,-0.8757446808511381,-20.92844650024044,-5.521193238382848,30.425531914893618
m5_low25-35_close40-60_green,NO,flat,above0-50,65,52,47.96153846153846,6.0,0.6923076923076923,0.737869822485207,-2.9615384615384626,-6.615384615384617,"-4.69,-0.00,-0.54,-6.62",5,10,-26.5,-0.281153846153057,25.074697513888307,6.466320454025313,30.423076923076923
m5_low25-35_close40-60_green,NO,flat,above0-50,70,52,47.96153846153846,6.0,0.6538461538461539,0.6851648351648352,-2.192307692307693,-7.3076923076923075,"-1.23,-7.31,3.31,-3.54",5,10,-25.25,-0.281153846153057,25.074697513888307,6.466320454025313,30.423076923076923
m5_low25-35_close40-60_green,NO,flat,above0-50,75,52,47.96153846153846,6.0,0.6346153846153846,0.6394871794871795,-0.36538461538461553,-4.615384615384616,"2.23,-4.62,1.38,-0.46",4,10,-24.0,-0.281153846153057,25.074697513888307,6.466320454025313,30.423076923076923
m5_low25-35_close40-60_green,NO,flat,above0-50,80,52,47.96153846153846,6.0,0.6153846153846154,0.5995192307692307,1.2692307692307687,-1.9230769230769236,"-0.46,-1.92,4.85,2.62",4,10,-22.75,-0.281153846153057,25.074697513888307,6.466320454025313,30.423076923076923
m5_low25-35_close40-60_green,NO,flat,above0-50,85,52,47.96153846153846,6.0,0.6153846153846154,0.5642533936651584,4.346153846153846,0.7692307692307687,"2.62,0.77,8.31,5.69",6,10,-21.5,-0.281153846153057,25.074697513888307,6.466320454025313,30.423076923076923
m5_low25-35_close40-60_green,NO,flat,above50-150,65,36,50.72222222222222,6.0,0.7222222222222222,0.7803418803418803,-3.7777777777777795,-15.0,"7.33,-6.78,-15.00,-0.67",5,10,-41.0,1.2747222222226102,87.3988161157724,23.56232674543733,30.27777777777778
m5_low25-35_close40-60_green,NO,flat,above50-150,70,36,50.72222222222222,6.0,0.6944444444444444,0.7246031746031746,-2.1111111111111125,-12.222222222222223,"4.00,-3.44,-12.22,3.22",6,10,-41.0,1.2747222222226102,87.3988161157724,23.56232674543733,30.27777777777778
m5_low25-35_close40-60_green,NO,flat,above50-150,75,36,50.72222222222222,6.0,0.6944444444444444,0.6762962962962963,1.3611111111111103,-9.444444444444446,"7.89,-0.11,-9.44,7.11",6,10,-41.0,1.2747222222226102,87.3988161157724,23.56232674543733,30.27777777777778
m5_low25-35_close40-60_green,NO,flat,above50-150,80,36,50.72222222222222,6.0,0.6111111111111112,0.6340277777777777,-1.8333333333333341,-6.666666666666668,"-6.00,-5.67,-6.67,11.00",6,10,-54.5,1.2747222222226102,87.3988161157724,23.56232674543733,30.27777777777778
m5_low25-35_close40-60_green,NO,flat,above50-150,85,36,50.72222222222222,6.0,0.5833333333333334,0.5967320261437908,-1.13888888888889,-13.333333333333336,"-3.22,-2.89,-13.33,14.89",6,10,-54.5,1.2747222222226102,87.3988161157724,23.56232674543733,30.27777777777778
m5_low25-35_close40-60_green,NO,flat,above>150,65,37,48.16216216216216,6.0,0.7027027027027027,0.740956340956341,-2.4864864864864864,-16.2,"-16.20,-6.11,10.11,3.78",8,10,-47.333333333333336,-1.2745945945950823,340.63843943394477,101.12928696615445,30.027027027027028
m5_low25-35_close40-60_green,NO,flat,above>150,70,37,48.16216216216216,6.0,0.7027027027027027,0.688030888030888,1.0270270270270268,-13.7,"-13.70,-2.78,14.56,7.67",8,10,-47.333333333333336,-1.2745945945950823,340.63843943394477,101.12928696615445,30.027027027027028
m5_low25-35_close40-60_green,NO,flat,above>150,75,37,48.16216216216216,6.0,0.6756756756756757,0.6421621621621622,2.5135135135135136,-11.2,"-11.20,0.56,10.67,11.56",8,10,-47.333333333333336,-1.2745945945950823,340.63843943394477,101.12928696615445,30.027027027027028
m5_low25-35_close40-60_green,NO,flat,above>150,80,37,48.16216216216216,6.0,0.6486486486486487,0.602027027027027,3.72972972972973,-16.7,"-16.70,3.89,14.56,15.44",8,10,-47.333333333333336,-1.2745945945950823,340.63843943394477,101.12928696615445,30.027027027027028
m5_low25-35_close40-60_green,NO,flat,above>150,85,37,48.16216216216216,6.0,0.6216216216216216,0.5666136724960255,4.675675675675675,-14.7,"-14.70,7.22,9.00,19.33",7,10,-52.0,-1.2745945945950823,340.63843943394477,101.12928696615445,30.027027027027028
m5_low25-35_close40-60_green,YES,flat,below>150,65,41,49.853658536585364,6.0,0.7560975609756098,0.7669793621013133,-0.7073170731707322,-5.400000000000001,"-2.82,-5.40,2.40,3.20",5,9,-15.500000000000004,-1.3341463414628112,-310.22716185831194,-91.5108674043749,30.195121951219512
m5_low25-35_close40-60_green,YES,flat,below>150,70,41,49.853658536585364,6.0,0.7560975609756098,0.7121951219512195,3.0731707317073162,-1.9000000000000015,"0.82,-1.90,6.40,7.20",5,9,-13.000000000000004,-1.3341463414628112,-310.22716185831194,-91.5108674043749,30.195121951219512
m5_low25-35_close40-60_green,YES,flat,below>150,75,41,49.853658536585364,6.0,0.7317073170731707,0.6647154471544715,5.024390243902438,-5.900000000000001,"4.45,-5.90,10.40,11.20",6,9,-10.500000000000004,-1.3341463414628112,-310.22716185831194,-91.5108674043749,30.195121951219512
m5_low25-35_close40-60_green,YES,flat,below>150,80,41,49.853658536585364,6.0,0.6829268292682927,0.6231707317073171,4.780487804878048,-6.454545454545457,"-6.45,-2.90,14.40,15.20",5,9,-8.66666666666667,-1.3341463414628112,-310.22716185831194,-91.5108674043749,30.195121951219512
m5_low25-35_close40-60_green,YES,flat,below>150,85,41,49.853658536585364,6.0,0.6097560975609756,0.5865136298421808,1.9756097560975603,-11.454545454545457,"-11.45,0.10,9.90,10.70",6,9,-20.333333333333336,-1.3341463414628112,-310.22716185831194,-91.5108674043749,30.195121951219512
m5_low25-35_close40-60_green,YES,flat,below50-150,65,42,47.523809523809526,6.0,0.7619047619047619,0.7311355311355312,1.9999999999999993,-7.545454545454546,"-7.55,12.60,-2.80,6.27",6,10,-45.5,-3.4714285714281212,-93.09610714566935,-26.393539560459992,30.595238095238095
m5_low25-35_close40-60_green,YES,flat,below50-150,70,42,47.523809523809526,6.0,0.7380952380952381,0.6789115646258503,4.142857142857143,-4.363636363636363,"-4.36,10.10,0.70,10.36",6,10,-45.5,-3.4714285714281212,-93.09610714566935,-26.393539560459992,30.595238095238095
m5_low25-35_close40-60_green,YES,flat,below50-150,75,42,47.523809523809526,6.0,0.5952380952380952,0.6336507936507937,-2.8809523809523814,-8.400000000000002,"-8.00,-8.40,-3.30,7.64",5,10,-45.5,-3.4714285714281212,-93.09610714566935,-26.393539560459992,30.595238095238095
m5_low25-35_close40-60_green,YES,flat,below50-150,80,42,47.523809523809526,6.0,0.5,0.594047619047619,-7.523809523809524,-19.818181818181817,"-19.82,-5.90,-0.30,-3.27",3,10,-45.5,-3.4714285714281212,-93.09610714566935,-26.393539560459992,30.595238095238095
m5_low25-35_close40-60_green,YES,flat,below50-150,85,42,47.523809523809526,6.0,0.47619047619047616,0.5591036414565826,-7.0476190476190474,-18.0,"-18.00,-3.40,-5.80,-0.55",3,10,-45.5,-3.4714285714281212,-93.09610714566935,-26.393539560459992,30.595238095238095
m5_low25-35_close40-60_green,YES,flat,below0-50,65,50,48.28,7.0,0.62,0.7427692307692307,-7.98,-21.25,"-3.54,-21.25,-3.50,-4.31",3,10,-46.5,-2.07059999999954,-24.51844708400051,-3.8972547848122487,30.5
m5_low25-35_close40-60_green,YES,flat,below0-50,70,50,48.28,7.0,0.56,0.6897142857142857,-9.08,-25.0,"-5.46,-25.00,-6.00,-0.85",1,10,-46.5,-2.07059999999954,-24.51844708400051,-3.8972547848122487,30.5
m5_low25-35_close40-60_green,YES,flat,below0-50,75,50,48.28,7.0,0.52,0.6437333333333334,-9.28,-23.333333333333332,"-13.92,-23.33,-3.08,2.62",1,10,-46.5,-2.07059999999954,-24.51844708400051,-3.8972547848122487,30.5
m5_low25-35_close40-60_green,YES,flat,below0-50,80,50,48.28,7.0,0.48,0.6035,-9.88,-28.333333333333332,"-17.77,-28.33,-0.17,6.08",2,10,-48.0,-2.07059999999954,-24.51844708400051,-3.8972547848122487,30.5
m5_low25-35_close40-60_green,YES,flat,below0-50,85,50,48.28,7.0,0.48,0.5680000000000001,-7.48,-27.083333333333332,"-15.85,-27.08,2.75,9.54",3,10,-48.0,-2.07059999999954,-24.51844708400051,-3.8972547848122487,30.5
m5_low25-35_close40-60_green,YES,flat,above0-50,65,38,49.63157894736842,6.0,0.6842105263157895,0.7635627530364372,-5.157894736842105,-18.11111111111111,"13.80,-18.11,-0.33,-16.80",6,10,-19.333333333333332,-2.4934210526313874,27.432858736784844,10.06974703134409,30.44736842105263
m5_low25-35_close40-60_green,YES,flat,above0-50,70,38,49.63157894736842,6.0,0.6578947368421053,0.7090225563909774,-3.5789473684210527,-15.88888888888889,"11.80,-15.89,3.56,-14.30",6,10,-17.11111111111111,-2.4934210526313874,27.432858736784844,10.06974703134409,30.44736842105263
m5_low25-35_close40-60_green,YES,flat,above0-50,75,38,49.63157894736842,6.0,0.5526315789473685,0.6617543859649122,-8.18421052631579,-22.0,"8.80,-22.00,-9.22,-11.80",5,10,-48.0,-2.4934210526313874,27.432858736784844,10.06974703134409,30.44736842105263
m5_low25-35_close40-60_green,YES,flat,above0-50,80,38,49.63157894736842,6.0,0.5526315789473685,0.6203947368421052,-5.421052631578948,-20.333333333333332,"12.80,-20.33,-6.44,-9.30",6,10,-48.0,-2.4934210526313874,27.432858736784844,10.06974703134409,30.44736842105263
m5_low25-35_close40-60_green,YES,flat,above0-50,85,38,49.63157894736842,6.0,0.5263157894736842,0.5839009287925696,-4.894736842105263,-18.666666666666668,"16.80,-18.67,-3.67,-15.30",5,10,-48.0,-2.4934210526313874,27.432858736784844,10.06974703134409,30.44736842105263
m5_low25-35_close40-60_green,YES,flat,above50-150,65,45,50.84444444444444,6.0,0.6666666666666666,0.7822222222222222,-7.511111111111111,-22.18181818181818,"2.42,-4.55,-22.18,-6.64",3,10,-32.25,2.1015555555560343,94.27033460240362,27.937546753389242,31.066666666666666
m5_low25-35_close40-60_green,YES,flat,above50-150,70,45,50.84444444444444,6.0,0.6666666666666666,0.7263492063492063,-4.177777777777778,-19.909090909090907,"6.58,-0.91,-19.91,-3.45",3,10,-31.0,2.1015555555560343,94.27033460240362,27.937546753389242,31.066666666666666
m5_low25-35_close40-60_green,YES,flat,above50-150,75,45,50.84444444444444,6.0,0.6,0.6779259259259259,-5.844444444444444,-24.454545454545453,"4.50,-4.09,-24.45,-0.27",3,10,-29.75,2.1015555555560343,94.27033460240362,27.937546753389242,31.066666666666666
m5_low25-35_close40-60_green,YES,flat,above50-150,80,45,50.84444444444444,6.0,0.5777777777777777,0.6355555555555555,-4.622222222222222,-22.636363636363633,"8.25,-8.18,-22.64,2.91",4,10,-28.5,2.1015555555560343,94.27033460240362,27.937546753389242,31.066666666666666
m5_low25-35_close40-60_green,YES,flat,above50-150,85,45,50.84444444444444,6.0,0.5777777777777777,0.5981699346405228,-1.7333333333333334,-20.818181818181817,"12.00,-5.45,-20.82,6.09",4,10,-27.25,2.1015555555560343,94.27033460240362,27.937546753389242,31.066666666666666
m5_low25-35_close40-60_green,YES,flat,above>150,65,41,50.707317073170735,6.0,0.6585365853658537,0.7801125703564729,-7.902439024390244,-15.3,"-9.27,-2.30,-15.30,-4.60",3,10,-27.0,0.3492682926827423,374.42139058686803,106.42496174766107,30.804878048780488
m5_low25-35_close40-60_green,YES,flat,above>150,70,41,50.707317073170735,6.0,0.6097560975609756,0.7243902439024391,-8.024390243902438,-12.3,"-6.09,-5.80,-12.30,-8.10",3,10,-25.0,0.3492682926827423,374.42139058686803,106.42496174766107,30.804878048780488
m5_low25-35_close40-60_green,YES,flat,above>150,75,41,50.707317073170735,6.0,0.5609756097560976,0.6760975609756098,-8.634146341463415,-16.8,"-2.91,-2.80,-16.80,-12.60",4,10,-53.0,0.3492682926827423,374.42139058686803,106.42496174766107,30.804878048780488
m5_low25-35_close40-60_green,YES,flat,above>150,80,41,50.707317073170735,6.0,0.4634146341463415,0.6338414634146342,-13.634146341463415,-22.3,"-21.55,0.20,-22.30,-10.10",3,10,-53.0,0.3492682926827423,374.42139058686803,106.42496174766107,30.804878048780488
m5_low25-35_close40-60_green,YES,flat,above>150,85,41,50.707317073170735,6.0,0.4634146341463415,0.5965566714490674,-11.317073170731707,-20.3,"-19.73,3.20,-20.30,-7.60",3,10,-53.0,0.3492682926827423,374.42139058686803,106.42496174766107,30.804878048780488
m5_low25-35_close45-65_green,NO,flat,below>150,65,45,54.71111111111111,6.0,0.8888888888888888,0.8417094017094017,3.0666666666666647,-1.3636363636363649,"-0.42,12.00,-1.36,2.36",8,10,-22.5,0.6575555555551545,-270.1365226453718,-74.54488321783347,30.844444444444445
m5_low25-35_close45-65_green,NO,flat,below>150,70,45,54.71111111111111,6.0,0.8444444444444444,0.7815873015873015,4.399999999999999,-3.6363636363636376,"3.75,10.64,-3.64,6.91",8,10,-20.0,0.6575555555551545,-270.1365226453718,-74.54488321783347,30.844444444444445
m5_low25-35_close45-65_green,NO,flat,below>150,75,45,54.71111111111111,6.0,0.7111111111111111,0.7294814814814814,-1.3777777777777787,-9.000000000000002,"7.92,1.55,-6.82,-9.00",4,10,-23.500000000000004,0.6575555555551545,-270.1365226453718,-74.54488321783347,30.844444444444445
m5_low25-35_close45-65_green,NO,flat,below>150,80,45,54.71111111111111,6.0,0.6444444444444445,0.6838888888888889,-3.155555555555557,-20.363636363636367,"12.08,-2.09,-3.64,-20.36",4,10,-61.0,0.6575555555551545,-270.1365226453718,-74.54488321783347,30.844444444444445
m5_low25-35_close45-65_green,NO,flat,below>150,85,45,54.71111111111111,6.0,0.6222222222222222,0.6436601307189542,-1.8222222222222237,-18.090909090909093,"16.25,1.09,-8.18,-18.09",5,10,-61.0,0.6575555555551545,-270.1365226453718,-74.54488321783347,30.844444444444445
m5_low25-35_close45-65_green,NO,flat,below50-150,65,55,53.54545454545455,7.0,0.8545454545454545,0.8237762237762238,1.999999999999999,-6.928571428571431,"1.50,3.86,10.15,-6.93",8,10,-17.25,-0.6807272727274474,-92.38435521300099,-28.133989575498642,30.836363636363636
m5_low25-35_close45-65_green,NO,flat,below50-150,70,55,53.54545454545455,7.0,0.8,0.7649350649350649,2.4545454545454537,-8.35714285714286,"-4.21,8.14,15.15,-8.36",6,10,-32.25,-0.6807272727274474,-92.38435521300099,-28.133989575498642,30.836363636363636
m5_low25-35_close45-65_green,NO,flat,below50-150,75,55,53.54545454545455,7.0,0.7818181818181819,0.713939393939394,5.09090909090909,-5.142857142857145,"-0.64,12.43,14.38,-5.14",7,10,-31.0,-0.6807272727274474,-92.38435521300099,-28.133989575498642,30.836363636363636
m5_low25-35_close45-65_green,NO,flat,below50-150,80,55,53.54545454545455,7.0,0.7636363636363637,0.6693181818181818,7.545454545454544,-1.9285714285714302,"2.93,16.71,12.85,-1.93",7,10,-29.75,-0.6807272727274474,-92.38435521300099,-28.133989575498642,30.836363636363636
m5_low25-35_close45-65_green,NO,flat,below50-150,85,55,53.54545454545455,7.0,0.7090909090909091,0.6299465240641712,6.7272727272727275,0.42857142857142655,"0.43,14.93,10.54,1.29",7,10,-28.5,-0.6807272727274474,-92.38435521300099,-28.133989575498642,30.836363636363636
m5_low25-35_close45-65_green,NO,flat,below0-50,65,53,56.56603773584906,7.0,0.7169811320754716,0.8702467343976779,-9.962264150943396,-15.000000000000002,"-4.57,-15.00,-6.54,-14.15",4,9,-37.75000000000001,1.2460377358489358,-21.11581897781242,-5.073183062783017,30.867924528301888
m5_low25-35_close45-65_green,NO,flat,below0-50,70,53,56.56603773584906,7.0,0.6792452830188679,0.8080862533692722,-9.018867924528303,-11.53846153846154,"-5.64,-11.54,-8.08,-11.08",3,9,-36.50000000000001,1.2460377358489358,-21.11581897781242,-5.073183062783017,30.867924528301888
m5_low25-35_close45-65_green,NO,flat,below0-50,75,53,56.56603773584906,7.0,0.6037735849056604,0.7542138364779875,-11.283018867924529,-21.923076923076923,"-7.43,-8.08,-21.92,-8.00",2,9,-35.25000000000001,1.2460377358489358,-21.11581897781242,-5.073183062783017,30.867924528301888
m5_low25-35_close45-65_green,NO,flat,below0-50,80,53,56.56603773584906,7.0,0.5660377358490566,0.7070754716981132,-11.283018867924529,-25.76923076923077,"-4.21,-10.77,-25.77,-4.92",2,9,-34.00000000000001,1.2460377358489358,-21.11581897781242,-5.073183062783017,30.867924528301888
m5_low25-35_close45-65_green,NO,flat,below0-50,85,53,56.56603773584906,7.0,0.5471698113207547,0.6654827968923419,-10.056603773584905,-30.384615384615383,"-1.00,-7.69,-30.38,-1.85",4,9,-33.285714285714285,1.2460377358489358,-21.11581897781242,-5.073183062783017,30.867924528301888
m5_low25-35_close45-65_green,NO,flat,above0-50,65,47,54.212765957446805,7.0,0.7872340425531915,0.8340425531914893,-3.042553191489363,-11.083333333333336,"-11.08,0.25,3.64,-4.42",5,10,-21.000000000000004,1.557446808511041,24.132763015394726,4.926809451718037,30.638297872340427
m5_low25-35_close45-65_green,NO,flat,above0-50,70,47,54.212765957446805,7.0,0.7446808510638298,0.774468085106383,-2.0851063829787253,-7.750000000000003,"-7.75,-1.42,1.82,-0.67",4,10,-18.500000000000004,1.557446808511041,24.132763015394726,4.926809451718037,30.638297872340427
m5_low25-35_close45-65_green,NO,flat,above0-50,75,47,54.212765957446805,7.0,0.723404255319149,0.7228368794326241,0.04255319148935989,-4.416666666666669,"-4.42,2.33,-0.91,3.08",4,10,-16.000000000000004,1.557446808511041,24.132763015394726,4.926809451718037,30.638297872340427
m5_low25-35_close45-65_green,NO,flat,above0-50,80,47,54.212765957446805,7.0,0.7021276595744681,0.6776595744680851,1.9574468085106371,-7.750000000000003,"-7.75,6.08,2.73,6.83",6,10,-48.0,1.557446808511041,24.132763015394726,4.926809451718037,30.638297872340427
m5_low25-35_close45-65_green,NO,flat,above0-50,85,47,54.212765957446805,7.0,0.6808510638297872,0.6377972465581977,3.6595744680851063,-11.91666666666667,"-11.92,9.83,6.36,10.58",7,10,-48.0,1.557446808511041,24.132763015394726,4.926809451718037,30.638297872340427
m5_low25-35_close45-65_green,NO,flat,above50-150,65,39,56.0,6.0,0.8461538461538461,0.8615384615384616,-1.0000000000000018,-5.111111111111113,"2.40,-3.70,-5.11,2.00",5,9,-22.000000000000004,1.3179487179489418,88.09438777056886,25.37611645462778,30.41025641025641
m5_low25-35_close45-65_green,NO,flat,above50-150,70,39,56.0,6.0,0.717948717948718,0.8,-5.743589743589745,-13.7,"-7.10,-13.70,-1.22,-0.50",4,9,-39.0,1.3179487179489418,88.09438777056886,25.37611645462778,30.41025641025641
m5_low25-35_close45-65_green,NO,flat,above50-150,75,39,56.0,6.0,0.717948717948718,0.7466666666666667,-2.1538461538461555,-10.700000000000001,"-3.60,-10.70,2.67,3.50",4,9,-37.75,1.3179487179489418,88.09438777056886,25.37611645462778,30.41025641025641
m5_low25-35_close45-65_green,NO,flat,above50-150,80,39,56.0,6.0,0.6410256410256411,0.7,-4.71794871794872,-15.7,"-8.10,-15.70,-2.33,7.50",4,9,-36.5,1.3179487179489418,88.09438777056886,25.37611645462778,30.41025641025641
m5_low25-35_close45-65_green,NO,flat,above50-150,85,39,56.0,6.0,0.6153846153846154,0.6588235294117647,-3.692307692307694,-13.2,"-5.10,-13.20,-8.44,11.50",5,9,-35.25,1.3179487179489418,88.09438777056886,25.37611645462778,30.41025641025641
m5_low25-35_close45-65_green,NO,flat,above>150,65,31,53.61290322580645,6.0,0.8387096774193549,0.8248138957816377,0.9032258064516113,-10.375,"-10.38,0.50,-0.00,13.37",6,8,-25.6,-0.4722580645170491,316.213217329182,86.34614300047942,29.774193548387096
m5_low25-35_close45-65_green,NO,flat,above>150,70,31,53.61290322580645,6.0,0.8387096774193549,0.7658986175115207,5.096774193548385,-7.250000000000001,"-7.25,4.87,4.29,18.38",6,8,-23.6,-0.4722580645170491,316.213217329182,86.34614300047942,29.774193548387096
m5_low25-35_close45-65_green,NO,flat,above>150,75,31,53.61290322580645,6.0,0.8064516129032258,0.7148387096774194,6.870967741935483,-4.125000000000001,"-4.13,9.25,-2.14,23.38",5,8,-21.6,-0.4722580645170491,316.213217329182,86.34614300047942,29.774193548387096
m5_low25-35_close45-65_green,NO,flat,above>150,80,31,53.61290322580645,6.0,0.7741935483870968,0.6701612903225806,8.32258064516129,-11.0,"-11.00,13.62,1.43,28.38",5,8,-19.6,-0.4722580645170491,316.213217329182,86.34614300047942,29.774193548387096
m5_low25-35_close45-65_green,NO,flat,above>150,85,31,53.61290322580645,6.0,0.7419354838709677,0.6307400379506641,9.451612903225806,-8.5,"-8.50,18.00,-7.14,33.38",5,8,-58.0,-0.4722580645170491,316.213217329182,86.34614300047942,29.774193548387096
m5_low25-35_close45-65_green,NO,with20-50,above>150,65,25,57.52,6.0,0.76,0.8849230769230769,-8.120000000000003,-26.666666666666668,"-1.14,-26.67,-10.83,5.00",4,9,-64.0,33.030800000000454,299.22566997818416,72.51265076278564,29.88
m5_low25-35_close45-65_green,NO,with20-50,above>150,70,25,57.52,6.0,0.64,0.8217142857142857,-12.720000000000002,-35.833333333333336,"3.14,-35.83,-7.50,-13.33",3,9,-64.0,33.030800000000454,299.22566997818416,72.51265076278564,29.88
m5_low25-35_close45-65_green,NO,with20-50,above>150,75,25,57.52,6.0,0.6,0.7669333333333334,-12.520000000000003,-34.166666666666664,"-3.29,-34.17,-4.17,-10.00",3,9,-64.0,33.030800000000454,299.22566997818416,72.51265076278564,29.88
m5_low25-35_close45-65_green,NO,with20-50,above>150,80,25,57.52,6.0,0.6,0.7190000000000001,-9.520000000000003,-32.5,"0.29,-32.50,-0.83,-6.67",3,9,-64.0,33.030800000000454,299.22566997818416,72.51265076278564,29.88
m5_low25-35_close45-65_green,NO,with20-50,above>150,85,25,57.52,6.0,0.6,0.6767058823529413,-6.520000000000002,-30.833333333333332,"3.86,-30.83,2.50,-3.33",3,9,-64.0,33.030800000000454,299.22566997818416,72.51265076278564,29.88
m5_low25-35_close45-65_green,YES,flat,below>150,65,45,54.08888888888889,6.0,0.8,0.8321367521367521,-2.0888888888888895,-11.454545454545455,"-3.83,2.45,4.64,-11.45",6,9,-58.0,0.7640000000004269,-298.6407068948994,-88.93679842666266,30.333333333333332
m5_low25-35_close45-65_green,YES,flat,below>150,70,45,54.08888888888889,6.0,0.7555555555555555,0.7726984126984127,-1.200000000000001,-8.272727272727273,"-5.92,7.00,2.82,-8.27",4,9,-58.0,0.7640000000004269,-298.6407068948994,-88.93679842666266,30.333333333333332
m5_low25-35_close45-65_green,YES,flat,below>150,75,45,54.08888888888889,6.0,0.7333333333333333,0.7211851851851852,0.9111111111111106,-5.090909090909092,"-2.58,4.73,6.91,-5.09",4,9,-58.0,0.7640000000004269,-298.6407068948994,-88.93679842666266,30.333333333333332
m5_low25-35_close45-65_green,YES,flat,below>150,80,45,54.08888888888889,6.0,0.6888888888888889,0.6761111111111111,1.0222222222222215,-12.583333333333336,"-12.58,8.82,11.00,-1.91",4,9,-58.0,0.7640000000004269,-298.6407068948994,-88.93679842666266,30.333333333333332
m5_low25-35_close45-65_green,YES,flat,below>150,85,45,54.08888888888889,6.0,0.6,0.6363398692810458,-3.0888888888888903,-17.166666666666668,"-17.17,5.18,7.36,-6.45",3,9,-58.0,0.7640000000004269,-298.6407068948994,-88.93679842666266,30.333333333333332
m5_low25-35_close45-65_green,YES,flat,below50-150,65,45,52.266666666666666,6.0,0.8444444444444444,0.8041025641025641,2.6222222222222222,-5.909090909090909,"-1.67,13.45,-5.91,5.00",6,10,-49.0,-2.126666666666602,-90.11362209547612,-26.431769580274704,30.333333333333332
m5_low25-35_close45-65_green,YES,flat,below50-150,70,45,52.266666666666666,6.0,0.8222222222222222,0.7466666666666667,5.288888888888889,-2.2727272727272734,"2.08,12.09,-2.27,9.55",7,10,-49.0,-2.126666666666602,-90.11362209547612,-26.431769580274704,30.333333333333332
m5_low25-35_close45-65_green,YES,flat,below50-150,75,45,52.266666666666666,6.0,0.6888888888888889,0.6968888888888889,-0.6000000000000006,-6.666666666666667,"-6.67,3.00,-5.45,7.27",4,10,-49.0,-2.126666666666602,-90.11362209547612,-26.431769580274704,30.333333333333332
m5_low25-35_close45-65_green,YES,flat,below50-150,80,45,52.266666666666666,6.0,0.6222222222222222,0.6533333333333333,-2.4888888888888894,-10.416666666666666,"-10.42,6.64,-2.27,-3.18",3,10,-49.0,-2.126666666666602,-90.11362209547612,-26.431769580274704,30.333333333333332
m5_low25-35_close45-65_green,YES,flat,below50-150,85,45,52.266666666666666,6.0,0.6,0.6149019607843137,-1.2666666666666673,-7.916666666666667,"-7.92,10.27,-6.82,-0.00",6,10,-49.0,-2.126666666666602,-90.11362209547612,-26.431769580274704,30.333333333333332
m5_low25-35_close45-65_green,YES,flat,below0-50,65,44,53.77272727272727,7.0,0.7727272727272727,0.8272727272727273,-3.5454545454545463,-8.727272727272728,"0.09,-8.73,-4.91,-0.64",4,10,-46.5,-0.27386363636320643,-23.12547829172664,-3.7818658145685977,30.5
m5_low25-35_close45-65_green,YES,flat,below0-50,70,44,53.77272727272727,7.0,0.7045454545454546,0.7681818181818182,-4.454545454545454,-17.818181818181817,"-2.18,-17.82,-1.27,3.45",2,10,-46.5,-0.27386363636320643,-23.12547829172664,-3.7818658145685977,30.5
m5_low25-35_close45-65_green,YES,flat,below0-50,75,44,53.77272727272727,7.0,0.6590909090909091,0.7169696969696969,-4.340909090909091,-15.090909090909092,"-12.18,-15.09,2.36,7.55",3,10,-50.5,-0.27386363636320643,-23.12547829172664,-3.7818658145685977,30.5
m5_low25-35_close45-65_green,YES,flat,below0-50,80,44,53.77272727272727,7.0,0.6136363636363636,0.6721590909090909,-4.681818181818182,-19.636363636363637,"-16.73,-19.64,6.00,11.64",2,10,-50.5,-0.27386363636320643,-23.12547829172664,-3.7818658145685977,30.5
m5_low25-35_close45-65_green,YES,flat,below0-50,85,44,53.77272727272727,7.0,0.6136363636363636,0.6326203208556149,-1.6136363636363642,-17.363636363636363,"-14.45,-17.36,9.64,15.73",2,10,-50.5,-0.27386363636320643,-23.12547829172664,-3.7818658145685977,30.5
m5_low25-35_close45-65_green,YES,flat,above0-50,65,37,53.78378378378378,7.0,0.8108108108108109,0.8274428274428274,-1.0810810810810811,-12.444444444444445,"12.50,-12.44,-2.78,-3.11",7,10,-31.4,-0.5821621621615958,28.26603795560112,8.534387211947752,30.81081081081081
m5_low25-35_close45-65_green,YES,flat,above0-50,70,37,53.78378378378378,7.0,0.7567567567567568,0.7683397683397684,-0.8108108108108109,-24.666666666666668,"17.50,-24.67,1.11,0.78",6,10,-43.4,-0.5821621621615958,28.26603795560112,8.534387211947752,30.81081081081081
m5_low25-35_close45-65_green,YES,flat,above0-50,75,37,53.78378378378378,7.0,0.6486486486486487,0.7171171171171171,-5.135135135135135,-30.77777777777778,"15.00,-30.78,-11.67,4.67",6,10,-55.0,-0.5821621621615958,28.26603795560112,8.534387211947752,30.81081081081081
m5_low25-35_close45-65_green,YES,flat,above0-50,80,37,53.78378378378378,7.0,0.6486486486486487,0.6722972972972973,-1.8918918918918919,-29.11111111111111,"19.50,-29.11,-8.89,8.56",7,10,-55.0,-0.5821621621615958,28.26603795560112,8.534387211947752,30.81081081081081
m5_low25-35_close45-65_green,YES,flat,above0-50,85,37,53.78378378378378,7.0,0.6216216216216216,0.6327503974562798,-0.9459459459459459,-27.444444444444443,"24.00,-27.44,-6.11,3.00",7,10,-55.0,-0.5821621621615958,28.26603795560112,8.534387211947752,30.81081081081081
m5_low25-35_close45-65_green,YES,flat,above50-150,65,52,54.13461538461539,6.0,0.7307692307692307,0.8328402366863905,-6.634615384615385,-21.53846153846154,"1.23,1.00,-21.54,-7.23",3,10,-29.8,3.7448076923084535,92.52903938762883,26.538490691145153,31.384615384615383
m5_low25-35_close45-65_green,YES,flat,above50-150,70,52,54.13461538461539,6.0,0.7115384615384616,0.7733516483516484,-4.326923076923077,-18.846153846153847,"5.46,-0.15,-18.85,-3.77",4,10,-27.8,3.7448076923084535,92.52903938762883,26.538490691145153,31.384615384615383
m5_low25-35_close45-65_green,YES,flat,above50-150,75,52,54.13461538461539,6.0,0.6730769230769231,0.7217948717948718,-3.6538461538461537,-16.153846153846153,"3.92,-2.08,-16.15,-0.31",4,10,-27.666666666666668,3.7448076923084535,92.52903938762883,26.538490691145153,31.384615384615383
m5_low25-35_close45-65_green,YES,flat,above50-150,80,52,54.13461538461539,6.0,0.6538461538461539,0.6766826923076923,-1.8269230769230769,-13.461538461538462,"7.77,-4.77,-13.46,3.15",4,10,-26.0,3.7448076923084535,92.52903938762883,26.538490691145153,31.384615384615383
m5_low25-35_close45-65_green,YES,flat,above50-150,85,52,54.13461538461539,6.0,0.6346153846153846,0.6368778280542987,-0.19230769230769246,-17.307692307692307,"11.62,-1.69,-17.31,6.62",4,10,-38.8,3.7448076923084535,92.52903938762883,26.538490691145153,31.384615384615383
m5_low25-35_close45-65_green,YES,flat,above>150,65,41,53.292682926829265,6.0,0.7317073170731707,0.8198874296435271,-5.7317073170731705,-9.8,"-6.18,-1.50,-9.80,-5.40",4,10,-27.0,-0.07512195121955478,380.66497411414366,103.29223301714069,30.926829268292682
m5_low25-35_close45-65_green,YES,flat,above>150,70,41,53.292682926829265,6.0,0.6829268292682927,0.7613240418118467,-5.487804878048781,-8.9,"-2.55,-4.50,-6.30,-8.90",4,10,-25.0,-0.07512195121955478,380.66497411414366,103.29223301714069,30.926829268292682
m5_low25-35_close45-65_green,YES,flat,above>150,75,41,53.292682926829265,6.0,0.6097560975609756,0.7105691056910569,-7.560975609756097,-17.8,"1.09,-1.00,-17.80,-13.40",4,10,-53.0,-0.07512195121955478,380.66497411414366,103.29223301714069,30.926829268292682
m5_low25-35_close45-65_green,YES,flat,above>150,80,41,53.292682926829265,6.0,0.5121951219512195,0.6661585365853658,-12.317073170731707,-23.3,"-17.09,2.50,-23.30,-10.90",2,10,-53.0,-0.07512195121955478,380.66497411414366,103.29223301714069,30.926829268292682
m5_low25-35_close45-65_green,YES,flat,above>150,85,41,53.292682926829265,6.0,0.5121951219512195,0.6269727403156384,-9.75609756097561,-21.3,"-14.82,6.00,-21.30,-8.40",2,10,-53.0,-0.07512195121955478,380.66497411414366,103.29223301714069,30.926829268292682
m5_low25-35_close50-70_green,NO,flat,below>150,65,47,58.744680851063826,7.0,0.9148936170212766,0.9037643207855973,0.7234042553191465,-6.500000000000003,"-6.50,3.50,0.55,5.33",7,10,-22.333333333333332,-0.5257446808510452,-269.14093101543233,-74.27274582567584,30.70212765957447
m5_low25-35_close50-70_green,NO,flat,below>150,70,47,58.744680851063826,7.0,0.8297872340425532,0.8392097264437689,-0.6595744680851078,-7.636363636363637,"-2.33,2.25,-7.64,4.50",6,10,-19.0,-0.5257446808510452,-269.14093101543233,-74.27274582567584,30.70212765957447
m5_low25-35_close50-70_green,NO,flat,below>150,75,47,58.744680851063826,7.0,0.6808510638297872,0.7832624113475177,-7.680851063829788,-17.636363636363637,"-4.42,0.17,-17.64,-9.67",5,10,-38.333333333333336,-0.5257446808510452,-269.14093101543233,-74.27274582567584,30.70212765957447
m5_low25-35_close50-70_green,NO,flat,below>150,80,47,58.744680851063826,7.0,0.6382978723404256,0.7343085106382978,-7.68085106382979,-19.66666666666667,"-0.67,3.92,-14.91,-19.67",4,10,-63.333333333333336,-0.5257446808510452,-269.14093101543233,-74.27274582567584,30.70212765957447
m5_low25-35_close50-70_green,NO,flat,below>150,85,47,58.744680851063826,7.0,0.6170212765957447,0.6911138923654567,-6.297872340425533,-24.250000000000004,"3.08,7.67,-12.18,-24.25",4,10,-63.333333333333336,-0.5257446808510452,-269.14093101543233,-74.27274582567584,30.70212765957447
m5_low25-35_close50-70_green,NO,flat,below50-150,65,55,57.10909090909091,7.0,0.9090909090909091,0.8786013986013986,1.9818181818181804,-5.714285714285716,"4.14,2.43,7.46,-5.71",7,10,-8.333333333333334,0.6849090909086623,-93.30288223304656,-28.33078074640613,30.78181818181818
m5_low25-35_close50-70_green,NO,flat,below50-150,70,55,57.10909090909091,7.0,0.8363636363636363,0.8158441558441558,1.4363636363636354,-6.785714285714287,"-6.21,7.07,12.46,-6.79",6,10,-37.5,0.6849090909086623,-93.30288223304656,-28.33078074640613,30.78181818181818
m5_low25-35_close50-70_green,NO,flat,below50-150,75,55,57.10909090909091,7.0,0.7818181818181819,0.7614545454545455,1.5272727272727262,-8.571428571428573,"-8.00,11.71,11.69,-8.57",7,10,-36.25,0.6849090909086623,-93.30288223304656,-28.33078074640613,30.78181818181818
m5_low25-35_close50-70_green,NO,flat,below50-150,80,55,57.10909090909091,7.0,0.7636363636363637,0.7138636363636364,3.9818181818181806,-5.357142857142859,"-4.79,16.36,10.15,-5.36",7,10,-35.0,0.6849090909086623,-93.30288223304656,-28.33078074640613,30.78181818181818
m5_low25-35_close50-70_green,NO,flat,below50-150,85,55,57.10909090909091,7.0,0.7090909090909091,0.6718716577540107,3.1636363636363627,-7.642857142857145,"-7.64,14.93,7.85,-2.14",6,10,-33.75,0.6849090909086623,-93.30288223304656,-28.33078074640613,30.78181818181818
m5_low25-35_close50-70_green,NO,flat,below0-50,65,52,59.26923076923077,7.0,0.7692307692307693,0.9118343195266272,-9.26923076923077,-10.846153846153848,"-10.15,-10.85,-8.62,-7.46",4,8,-31.600000000000005,1.0826923076920838,-21.079060363546187,-5.673801864944975,30.865384615384617
m5_low25-35_close50-70_green,NO,flat,below0-50,70,52,59.26923076923077,7.0,0.7115384615384616,0.8467032967032967,-9.461538461538462,-17.07692307692308,"-17.08,-7.00,-10.15,-3.62",3,8,-43.6,1.0826923076920838,-21.079060363546187,-5.673801864944975,30.865384615384617
m5_low25-35_close50-70_green,NO,flat,below0-50,75,52,59.26923076923077,7.0,0.6346153846153846,0.7902564102564102,-11.673076923076923,-24.0,"-19.77,-3.15,-24.00,0.23",2,8,-42.6,1.0826923076920838,-21.079060363546187,-5.673801864944975,30.865384615384617
m5_low25-35_close50-70_green,NO,flat,below0-50,80,52,59.26923076923077,7.0,0.6153846153846154,0.7408653846153845,-10.038461538461538,-21.692307692307693,"-17.08,-5.46,-21.69,4.08",2,8,-41.6,1.0826923076920838,-21.079060363546187,-5.673801864944975,30.865384615384617
m5_low25-35_close50-70_green,NO,flat,below0-50,85,52,59.26923076923077,7.0,0.5961538461538461,0.6972850678733031,-8.596153846153847,-25.923076923076923,"-14.38,-2.00,-25.92,7.92",2,8,-40.6,1.0826923076920838,-21.079060363546187,-5.673801864944975,30.865384615384617
m5_low25-35_close50-70_green,NO,flat,above0-50,65,52,58.13461538461539,7.0,0.8269230769230769,0.894378698224852,-4.384615384615386,-13.30769230769231,"-13.31,-4.15,1.00,-1.08",3,10,-23.500000000000004,2.101346153846512,24.522426961152004,3.9995746703004373,30.634615384615383
m5_low25-35_close50-70_green,NO,flat,above0-50,70,52,58.13461538461539,7.0,0.7884615384615384,0.8304945054945055,-2.942307692307693,-9.846153846153848,"-9.85,0.08,-5.15,3.15",4,10,-21.000000000000004,2.101346153846512,24.522426961152004,3.9995746703004373,30.634615384615383
m5_low25-35_close50-70_green,NO,flat,above0-50,75,52,58.13461538461539,7.0,0.7884615384615384,0.7751282051282051,0.9999999999999993,-6.384615384615387,"-6.38,4.31,-1.31,7.38",6,10,-18.500000000000004,2.101346153846512,24.522426961152004,3.9995746703004373,30.634615384615383
m5_low25-35_close50-70_green,NO,flat,above0-50,80,52,58.13461538461539,7.0,0.7884615384615384,0.7266826923076923,4.9423076923076925,-2.923076923076925,"-2.92,8.54,2.54,11.62",7,10,-16.000000000000004,2.101346153846512,24.522426961152004,3.9995746703004373,30.634615384615383
m5_low25-35_close50-70_green,NO,flat,above0-50,85,52,58.13461538461539,7.0,0.7692307692307693,0.6839366515837104,7.25,-6.000000000000002,"-6.00,12.77,6.38,15.85",8,10,-13.500000000000005,2.101346153846512,24.522426961152004,3.9995746703004373,30.634615384615383
m5_low25-35_close50-70_green,NO,flat,above50-150,65,42,60.333333333333336,6.0,0.9047619047619048,0.9282051282051282,-1.523809523809526,-8.200000000000003,"-2.82,-1.20,-8.20,5.55",6,10,-17.6,2.9185714285714703,86.23707436468369,24.420739948050358,30.738095238095237
m5_low25-35_close50-70_green,NO,flat,above50-150,70,42,60.333333333333336,6.0,0.7619047619047619,0.861904761904762,-7.000000000000003,-17.363636363636363,"-17.36,-10.70,-4.20,4.18",4,10,-59.0,2.9185714285714703,86.23707436468369,24.420739948050358,30.738095238095237
m5_low25-35_close50-70_green,NO,flat,above50-150,75,42,60.333333333333336,6.0,0.7619047619047619,0.8044444444444445,-3.190476190476192,-14.181818181818182,"-14.18,-7.20,-0.20,8.73",5,10,-59.0,2.9185714285714703,86.23707436468369,24.420739948050358,30.738095238095237
m5_low25-35_close50-70_green,NO,flat,above50-150,80,42,60.333333333333336,6.0,0.6904761904761905,0.7541666666666667,-5.095238095238098,-19.7,"-18.27,-19.70,3.80,13.27",5,10,-59.0,2.9185714285714703,86.23707436468369,24.420739948050358,30.738095238095237
m5_low25-35_close50-70_green,NO,flat,above50-150,85,42,60.333333333333336,6.0,0.6666666666666666,0.7098039215686275,-3.6666666666666674,-17.2,"-15.55,-17.20,-0.70,17.82",5,10,-59.0,2.9185714285714703,86.23707436468369,24.420739948050358,30.738095238095237
m5_low25-35_close50-70_green,NO,flat,above>150,65,30,58.03333333333333,6.5,0.8666666666666667,0.8928205128205128,-1.7,-15.000000000000002,"-15.00,-1.29,2.86,7.25",6,8,-29.0,0.6999999999992724,315.42237336498437,86.83036891714752,30.3
m5_low25-35_close50-70_green,NO,flat,above>150,70,30,58.03333333333333,6.5,0.8666666666666667,0.829047619047619,2.633333333333333,-11.875000000000002,"-11.88,3.00,7.86,12.25",6,8,-27.0,0.6999999999992724,315.42237336498437,86.83036891714752,30.3
m5_low25-35_close50-70_green,NO,flat,above>150,75,30,58.03333333333333,6.5,0.8,0.7737777777777778,1.9666666666666663,-8.750000000000002,"-8.75,7.29,-8.57,17.25",4,8,-25.0,0.6999999999992724,315.42237336498437,86.83036891714752,30.3
m5_low25-35_close50-70_green,NO,flat,above>150,80,30,58.03333333333333,6.5,0.7666666666666667,0.7254166666666666,3.3,-15.625000000000002,"-15.63,11.57,-5.00,22.25",5,8,-23.0,0.6999999999992724,315.42237336498437,86.83036891714752,30.3
m5_low25-35_close50-70_green,NO,flat,above>150,85,30,58.03333333333333,6.5,0.7333333333333333,0.6827450980392157,4.3,-13.57142857142857,"-13.13,15.86,-13.57,27.25",5,8,-33.333333333333336,0.6999999999992724,315.42237336498437,86.83036891714752,30.3
m5_low25-35_close50-70_green,NO,with20-50,above>150,65,30,60.766666666666666,6.0,0.8333333333333334,0.9348717948717948,-6.6000000000000005,-23.428571428571427,"-1.75,-23.43,-6.14,2.87",4,9,-64.0,33.081666666667296,298.69218649040704,76.15303272833165,30.266666666666666
m5_low25-35_close50-70_green,NO,with20-50,above>150,70,30,60.766666666666666,6.0,0.6666666666666666,0.868095238095238,-14.1,-30.571428571428573,"2.62,-30.57,-21.86,-9.63",3,9,-64.0,33.081666666667296,298.69218649040704,76.15303272833165,30.266666666666666
m5_low25-35_close50-70_green,NO,with20-50,above>150,75,30,60.766666666666666,6.0,0.6,0.8102222222222222,-15.766666666666667,-29.714285714285705,"-2.38,-28.43,-29.71,-5.88",3,9,-64.0,33.081666666667296,298.69218649040704,76.15303272833165,30.266666666666666
m5_low25-35_close50-70_green,NO,with20-50,above>150,80,30,60.766666666666666,6.0,0.6,0.7595833333333333,-12.766666666666667,-27.571428571428562,"1.37,-26.29,-27.57,-2.13",3,9,-64.0,33.081666666667296,298.69218649040704,76.15303272833165,30.266666666666666
m5_low25-35_close50-70_green,NO,with20-50,above>150,85,30,60.766666666666666,6.0,0.6,0.7149019607843137,-9.766666666666667,-25.42857142857142,"5.12,-24.14,-25.43,1.62",3,9,-64.0,33.081666666667296,298.69218649040704,76.15303272833165,30.266666666666666
m5_low25-35_close50-70_green,YES,flat,below>150,65,44,58.31818181818182,7.0,0.8863636363636364,0.8972027972027973,-0.7045454545454558,-10.90909090909091,"1.64,6.09,0.36,-10.91",6,9,-39.333333333333336,1.408863636364086,-307.1968231343098,-88.23084163928102,30.318181818181817
m5_low25-35_close50-70_green,YES,flat,below>150,70,44,58.31818181818182,7.0,0.8409090909090909,0.8331168831168831,0.5454545454545449,-7.272727272727274,"-0.18,11.09,-1.45,-7.27",5,9,-37.666666666666664,1.408863636364086,-307.1968231343098,-88.23084163928102,30.318181818181817
m5_low25-35_close50-70_green,YES,flat,below>150,75,44,58.31818181818182,7.0,0.7954545454545454,0.7775757575757576,1.3409090909090904,-10.454545454545457,"3.91,9.27,2.64,-10.45",5,9,-36.0,1.408863636364086,-307.1968231343098,-88.23084163928102,30.318181818181817
m5_low25-35_close50-70_green,YES,flat,below>150,80,44,58.31818181818182,7.0,0.75,0.7289772727272728,1.6818181818181812,-7.272727272727275,"-6.55,13.82,6.73,-7.27",4,9,-34.333333333333336,1.408863636364086,-307.1968231343098,-88.23084163928102,30.318181818181817
m5_low25-35_close50-70_green,YES,flat,below>150,85,44,58.31818181818182,7.0,0.6590909090909091,0.686096256684492,-2.2954545454545454,-11.81818181818182,"-11.09,10.64,3.09,-11.82",2,9,-36.0,1.408863636364086,-307.1968231343098,-88.23084163928102,30.318181818181817
m5_low25-35_close50-70_green,YES,flat,below50-150,65,46,56.95652173913044,7.0,0.9130434782608695,0.8762541806020068,2.391304347826087,-8.090909090909092,"3.25,7.18,-8.09,6.75",7,10,-14.0,-1.2793478260867668,-90.005518544741,-26.06683902961911,30.08695652173913
m5_low25-35_close50-70_green,YES,flat,below50-150,70,46,56.95652173913044,7.0,0.8695652173913043,0.8136645962732919,3.9130434782608696,-4.454545454545454,"7.83,-0.55,-4.45,11.75",7,10,-10.666666666666666,-1.2793478260867668,-90.005518544741,-26.06683902961911,30.08695652173913
m5_low25-35_close50-70_green,YES,flat,below50-150,75,46,56.95652173913044,7.0,0.7391304347826086,0.7594202898550725,-1.5217391304347827,-10.090909090909092,"-0.08,-10.09,-7.64,10.50",6,10,-15.999999999999996,-1.2793478260867668,-90.005518544741,-26.06683902961911,30.08695652173913
m5_low25-35_close50-70_green,YES,flat,below50-150,80,46,56.95652173913044,7.0,0.6521739130434783,0.7119565217391305,-4.782608695652175,-6.909090909090909,"-3.00,-6.91,-4.45,-4.92",3,10,-13.499999999999996,-1.2793478260867668,-90.005518544741,-26.06683902961911,30.08695652173913
m5_low25-35_close50-70_green,YES,flat,below50-150,85,46,56.95652173913044,7.0,0.6304347826086957,0.670076726342711,-3.369565217391304,-9.0,"0.33,-3.73,-9.00,-1.58",5,10,-11.875,-1.2793478260867668,-90.005518544741,-26.06683902961911,30.08695652173913
m5_low25-35_close50-70_green,YES,flat,below0-50,65,45,57.977777777777774,7.0,0.8666666666666667,0.8919658119658119,-1.644444444444445,-9.16666666666667,"-9.17,0.18,-4.09,7.18",4,10,-24.500000000000004,-0.8024444444442957,-24.3771252106188,-4.16805866694453,30.355555555555554
m5_low25-35_close50-70_green,YES,flat,below0-50,70,45,57.977777777777774,7.0,0.8,0.8282539682539682,-1.977777777777778,-8.0,"-5.42,-8.00,0.00,5.82",3,10,-65.0,-0.8024444444442957,-24.3771252106188,-4.16805866694453,30.355555555555554
m5_low25-35_close50-70_green,YES,flat,below0-50,75,45,57.977777777777774,7.0,0.7555555555555555,0.773037037037037,-1.3111111111111113,-14.16666666666667,"-14.17,-4.36,4.09,10.36",3,10,-65.0,-0.8024444444442957,-24.3771252106188,-4.16805866694453,30.355555555555554
m5_low25-35_close50-70_green,YES,flat,below0-50,80,45,57.977777777777774,7.0,0.7111111111111111,0.7247222222222222,-1.0888888888888888,-17.916666666666668,"-17.92,-8.00,8.18,14.91",3,10,-65.0,-0.8024444444442957,-24.3771252106188,-4.16805866694453,30.355555555555554
m5_low25-35_close50-70_green,YES,flat,below0-50,85,45,57.977777777777774,7.0,0.7111111111111111,0.6820915032679739,2.466666666666667,-15.41666666666667,"-15.42,-4.82,12.27,19.45",3,10,-65.0,-0.8024444444442957,-24.3771252106188,-4.16805866694453,30.355555555555554
m5_low25-35_close50-70_green,YES,flat,above0-50,65,41,59.41463414634146,7.0,0.8780487804878049,0.9140712945590994,-2.341463414634146,-14.5,"2.82,-14.50,-1.00,2.80",6,10,-26.5,1.1102439024394788,29.07790458136985,7.341915928623987,31.24390243902439
m5_low25-35_close50-70_green,YES,flat,above0-50,70,41,59.41463414634146,7.0,0.8292682926829268,0.848780487804878,-1.3658536585365855,-25.0,"7.82,-25.00,3.50,7.30",8,10,-35.666666666666664,1.1102439024394788,29.07790458136985,7.341915928623987,31.24390243902439
m5_low25-35_close50-70_green,YES,flat,above0-50,75,41,59.41463414634146,7.0,0.7073170731707317,0.7921951219512195,-6.365853658536586,-30.0,"6.00,-30.00,-7.00,4.30",5,10,-34.0,1.1102439024394788,29.07790458136985,7.341915928623987,31.24390243902439
m5_low25-35_close50-70_green,YES,flat,above0-50,80,41,59.41463414634146,7.0,0.7073170731707317,0.7426829268292683,-2.8292682926829267,-28.0,"10.55,-28.00,-3.50,8.30",5,10,-32.333333333333336,1.1102439024394788,29.07790458136985,7.341915928623987,31.24390243902439
m5_low25-35_close50-70_green,YES,flat,above0-50,85,41,59.41463414634146,7.0,0.6585365853658537,0.6989956958393113,-3.4390243902439024,-26.0,"15.09,-26.00,0.00,-4.70",6,10,-30.666666666666668,1.1102439024394788,29.07790458136985,7.341915928623987,31.24390243902439
m5_low25-35_close50-70_green,YES,flat,above50-150,65,55,57.836363636363636,7.0,0.7636363636363637,0.8897902097902097,-8.2,-20.384615384615383,"0.57,-7.29,-20.38,-6.57",3,10,-23.999999999999993,4.2581818181821625,94.03739049820565,27.068788254899978,31.272727272727273
m5_low25-35_close50-70_green,YES,flat,above50-150,70,55,57.836363636363636,7.0,0.7272727272727273,0.8262337662337662,-6.927272727272728,-17.307692307692307,"4.86,-8.36,-17.31,-7.64",2,10,-21.499999999999993,4.2581818181821625,94.03739049820565,27.068788254899978,31.272727272727273
m5_low25-35_close50-70_green,YES,flat,above50-150,75,55,57.836363636363636,7.0,0.6727272727272727,0.7711515151515151,-7.381818181818182,-15.5,"3.79,-15.50,-14.23,-4.07",4,10,-27.666666666666668,4.2581818181821625,94.03739049820565,27.068788254899978,31.272727272727273
m5_low25-35_close50-70_green,YES,flat,above50-150,80,55,57.836363636363636,7.0,0.6545454545454545,0.7229545454545454,-5.472727272727273,-18.357142857142858,"7.71,-18.36,-11.15,-0.50",4,10,-39.0,4.2581818181821625,94.03739049820565,27.068788254899978,31.272727272727273
m5_low25-35_close50-70_green,YES,flat,above50-150,85,55,57.836363636363636,7.0,0.6363636363636364,0.680427807486631,-3.7454545454545456,-15.857142857142858,"11.64,-15.86,-14.62,3.07",4,10,-37.75,4.2581818181821625,94.03739049820565,27.068788254899978,31.272727272727273
m5_low25-35_close50-70_green,YES,flat,above>150,65,38,57.05263157894737,6.5,0.7894736842105263,0.8777327935222672,-5.7368421052631575,-8.5,"-3.50,-2.56,-8.33,-8.50",5,10,-27.0,0.4547368421052325,361.082308079418,96.16085897428083,31.026315789473685
m5_low25-35_close50-70_green,YES,flat,above>150,70,38,57.05263157894737,6.5,0.7368421052631579,0.8150375939849624,-5.473684210526316,-12.0,"0.50,-5.89,-4.44,-12.00",4,10,-25.0,0.4547368421052325,361.082308079418,96.16085897428083,31.026315789473685
m5_low25-35_close50-70_green,YES,flat,above>150,75,38,57.05263157894737,6.5,0.6578947368421053,0.7607017543859649,-7.710526315789475,-17.22222222222222,"4.50,-2.00,-17.22,-16.50",4,10,-53.0,0.4547368421052325,361.082308079418,96.16085897428083,31.026315789473685
m5_low25-35_close50-70_green,YES,flat,above>150,80,38,57.05263157894737,6.5,0.5789473684210527,0.7131578947368421,-10.736842105263158,-22.0,"-7.50,1.89,-14.44,-22.00",3,10,-53.0,0.4547368421052325,361.082308079418,96.16085897428083,31.026315789473685
m5_low25-35_close50-70_green,YES,flat,above>150,85,38,57.05263157894737,6.5,0.5789473684210527,0.6712074303405573,-7.842105263157895,-20.0,"-4.50,5.78,-11.67,-20.00",4,10,-53.0,0.4547368421052325,361.082308079418,96.16085897428083,31.026315789473685
m5_low25-35_close50-70_green,YES,with20-50,below>150,65,25,61.0,6.0,0.96,0.9384615384615385,1.3999999999999995,-6.166666666666667,"2.57,6.67,-6.17,2.33",6,9,-6.4,34.13680000000051,-330.2370741289493,-113.30545033668575,30.36
m5_low25-35_close50-70_green,YES,with20-50,below>150,70,25,61.0,6.0,0.88,0.8714285714285714,0.5999999999999998,-11.666666666666666,"7.57,-11.67,-2.00,7.33",7,9,-16.4,34.13680000000051,-330.2370741289493,-113.30545033668575,30.36
m5_low25-35_close50-70_green,YES,with20-50,below>150,75,25,61.0,6.0,0.8,0.8133333333333334,-1.0,-10.333333333333334,"1.86,-8.33,-10.33,12.33",7,9,-28.4,34.13680000000051,-330.2370741289493,-113.30545033668575,30.36
m5_low25-35_close50-70_green,YES,with20-50,below>150,80,25,61.0,6.0,0.8,0.7625,3.0,-7.0,"6.14,-5.00,-7.00,17.33",7,9,-26.4,34.13680000000051,-330.2370741289493,-113.30545033668575,30.36
m5_low25-35_close50-70_green,YES,with20-50,below>150,85,25,61.0,6.0,0.72,0.7176470588235294,0.2,-17.833333333333332,"10.43,-1.67,-17.83,8.17",5,9,-24.4,34.13680000000051,-330.2370741289493,-113.30545033668575,30.36
m5_low25-35_close50-70_green,YES,with20-50,above50-150,65,30,61.6,6.0,0.9666666666666667,0.9476923076923077,1.2333333333333332,-2.1250000000000018,"-2.13,1.86,2.57,2.88",7,9,-11.000000000000002,30.187333333332937,91.06036294752533,23.411132802292073,31.133333333333333
m5_low25-35_close50-70_green,YES,with20-50,above50-150,70,30,61.6,6.0,0.9,0.88,1.4000000000000001,-6.500000000000002,"-6.50,6.86,7.57,-0.87",6,9,-11.499999999999998,30.187333333332937,91.06036294752533,23.411132802292073,31.133333333333333
m5_low25-35_close50-70_green,YES,with20-50,above50-150,75,30,61.6,6.0,0.8333333333333334,0.8213333333333334,0.9000000000000002,-12.125000000000002,"-12.13,11.86,1.86,3.50",5,9,-22.25,30.187333333332937,91.06036294752533,23.411132802292073,31.133333333333333
m5_low25-35_close50-70_green,YES,with20-50,above50-150,80,30,61.6,6.0,0.7666666666666667,0.77,-0.26666666666666644,-9.000000000000002,"-9.00,5.43,6.14,-2.12",5,9,-24.0,30.187333333332937,91.06036294752533,23.411132802292073,31.133333333333333
m5_low25-35_close50-70_green,YES,with20-50,above50-150,85,30,61.6,6.0,0.7333333333333333,0.7247058823529412,0.7333333333333336,-5.875000000000002,"-5.88,-2.43,10.43,1.63",5,9,-21.5,30.187333333332937,91.06036294752533,23.411132802292073,31.133333333333333
m5_low25-35_close50-70_green,YES,with20-50,above>150,65,32,61.6875,6.0,0.875,0.9490384615384615,-4.812499999999999,-14.75,"-14.75,2.50,-4.87,-2.13",2,9,-18.000000000000004,34.17531249999956,298.905846794921,75.6938740391115,30.375
m5_low25-35_close50-70_green,YES,with20-50,above>150,70,32,61.6875,6.0,0.8125,0.88125,-4.812499999999999,-15.25,"-11.00,7.50,-0.50,-15.25",4,9,-62.0,34.17531249999956,298.905846794921,75.6938740391115,30.375
m5_low25-35_close50-70_green,YES,with20-50,above>150,75,32,61.6875,6.0,0.8125,0.8225,-0.7499999999999996,-12.125,"-7.25,12.50,3.88,-12.12",5,9,-62.0,34.17531249999956,298.905846794921,75.6938740391115,30.375
m5_low25-35_close50-70_green,YES,with20-50,above>150,80,32,61.6875,6.0,0.75,0.77109375,-1.6874999999999991,-19.0,"-13.50,17.50,8.25,-19.00",5,9,-62.0,34.17531249999956,298.905846794921,75.6938740391115,30.375
m5_low25-35_close50-70_green,YES,with20-50,above>150,85,32,61.6875,6.0,0.71875,0.725735294117647,-0.59375,-27.125,"-10.38,22.50,12.63,-27.12",6,9,-62.0,34.17531249999956,298.905846794921,75.6938740391115,30.375
m5_low30-40_close35-55_green,NO,flat,below>150,65,30,47.4,6.0,0.7,0.7292307692307692,-1.8999999999999997,-13.5,"2.13,6.43,-1.57,-13.50",4,9,-46.0,-4.8386666666665406,-281.0051040428094,-73.0102721048308,33.833333333333336
m5_low30-40_close35-55_green,NO,flat,below>150,70,30,47.4,6.0,0.7,0.6771428571428572,1.6000000000000003,-11.0,"5.88,10.71,2.00,-11.00",4,9,-46.0,-4.8386666666665406,-281.0051040428094,-73.0102721048308,33.833333333333336
m5_low30-40_close35-55_green,NO,flat,below>150,75,30,47.4,6.0,0.6333333333333333,0.632,0.10000000000000024,-27.25,"9.63,15.00,5.57,-27.25",3,9,-46.0,-4.8386666666665406,-281.0051040428094,-73.0102721048308,33.833333333333336
m5_low30-40_close35-55_green,NO,flat,below>150,80,30,47.4,6.0,0.6,0.5925,0.6000000000000002,-26.0,"13.38,7.86,9.14,-26.00",3,9,-46.0,-4.8386666666665406,-281.0051040428094,-73.0102721048308,33.833333333333336
m5_low30-40_close35-55_green,NO,flat,below>150,85,30,47.4,6.0,0.5,0.5576470588235294,-4.9,-24.75,"-4.12,11.43,0.57,-24.75",3,9,-46.0,-4.8386666666665406,-281.0051040428094,-73.0102721048308,33.833333333333336
m5_low30-40_close35-55_green,NO,flat,below50-150,65,46,46.891304347826086,6.0,0.6739130434782609,0.7214046822742475,-3.0869565217391304,-10.416666666666666,"-10.42,6.09,-6.45,-1.08",4,10,-19.0,-1.4289130434786468,-90.5736636533598,-26.611011799692672,33.78260869565217
m5_low30-40_close35-55_green,NO,flat,below50-150,70,46,46.891304347826086,6.0,0.6086956521739131,0.6698757763975155,-4.282608695652174,-9.416666666666666,"-7.50,3.82,-3.27,-9.42",4,10,-20.666666666666668,-1.4289130434786468,-90.5736636533598,-26.611011799692672,33.78260869565217
m5_low30-40_close35-55_green,NO,flat,below50-150,75,46,46.891304347826086,6.0,0.6086956521739131,0.6252173913043478,-1.2391304347826089,-6.916666666666667,"-4.58,7.45,-0.09,-6.92",5,10,-19.0,-1.4289130434786468,-90.5736636533598,-26.611011799692672,33.78260869565217
m5_low30-40_close35-55_green,NO,flat,below50-150,80,46,46.891304347826086,6.0,0.5869565217391305,0.5861413043478261,0.06521739130434737,-4.416666666666667,"-1.67,11.09,-4.18,-4.42",4,10,-22.333333333333332,-1.4289130434786468,-90.5736636533598,-26.611011799692672,33.78260869565217
m5_low30-40_close35-55_green,NO,flat,below50-150,85,46,46.891304347826086,6.0,0.5652173913043478,0.5516624040920716,1.152173913043478,-1.9166666666666672,"1.25,7.00,-1.45,-1.92",4,10,-20.666666666666668,-1.4289130434786468,-90.5736636533598,-26.611011799692672,33.78260869565217
m5_low30-40_close35-55_green,NO,flat,below0-50,65,38,44.078947368421055,6.0,0.5526315789473685,0.6781376518218624,-8.157894736842104,-24.3,"-6.20,8.00,-8.56,-24.30",5,8,-38.0,-3.9539473684210527,-25.977684534713358,-5.717954633615974,33.78947368421053
m5_low30-40_close35-55_green,NO,flat,below0-50,70,38,44.078947368421055,6.0,0.5,0.6296992481203008,-9.078947368421053,-22.8,"-3.20,4.11,-13.56,-22.80",3,8,-38.0,-3.9539473684210527,-25.977684534713358,-5.717954633615974,33.78947368421053
m5_low30-40_close35-55_green,NO,flat,below0-50,75,38,44.078947368421055,6.0,0.42105263157894735,0.5877192982456141,-12.5,-28.8,"-0.20,-0.89,-19.67,-28.80",2,8,-38.0,-3.9539473684210527,-25.977684534713358,-5.717954633615974,33.78947368421053
m5_low30-40_close35-55_green,NO,flat,below0-50,80,38,44.078947368421055,6.0,0.39473684210526316,0.5509868421052632,-12.5,-27.8,"2.80,1.89,-26.89,-27.80",3,8,-38.0,-3.9539473684210527,-25.977684534713358,-5.717954633615974,33.78947368421053
m5_low30-40_close35-55_green,NO,flat,below0-50,85,38,44.078947368421055,6.0,0.3684210526315789,0.5185758513931888,-12.763157894736842,-26.8,"-2.70,4.67,-25.78,-26.80",4,8,-38.0,-3.9539473684210527,-25.977684534713358,-5.717954633615974,33.78947368421053
m5_low30-40_close35-55_green,NO,flat,above0-50,65,39,46.256410256410255,6.0,0.5384615384615384,0.71163708086785,-11.256410256410257,-23.444444444444443,"-7.20,-6.00,-23.44,-9.60",4,9,-41.0,-0.7141025641021537,22.654110698347303,7.104682179620468,33.84615384615385
m5_low30-40_close35-55_green,NO,flat,above0-50,70,39,46.256410256410255,6.0,0.48717948717948717,0.6608058608058608,-12.153846153846153,-21.77777777777778,"-4.20,-17.00,-21.78,-6.60",3,9,-41.0,-0.7141025641021537,22.654110698347303,7.104682179620468,33.84615384615385
m5_low30-40_close35-55_green,NO,flat,above0-50,75,39,46.256410256410255,6.0,0.46153846153846156,0.6167521367521367,-11.64102564102564,-28.444444444444443,"-1.20,-15.00,-28.44,-3.60",3,9,-41.0,-0.7141025641021537,22.654110698347303,7.104682179620468,33.84615384615385
m5_low30-40_close35-55_green,NO,flat,above0-50,80,39,46.256410256410255,6.0,0.4358974358974359,0.5782051282051281,-11.384615384615385,-27.333333333333332,"-6.20,-13.00,-27.33,-0.60",2,9,-41.0,-0.7141025641021537,22.654110698347303,7.104682179620468,33.84615384615385
m5_low30-40_close35-55_green,NO,flat,above0-50,85,39,46.256410256410255,6.0,0.4358974358974359,0.5441930618401206,-9.205128205128204,-26.22222222222222,"-3.70,-11.00,-26.22,2.40",2,9,-41.0,-0.7141025641021537,22.654110698347303,7.104682179620468,33.84615384615385
m5_low30-40_close35-55_green,NO,flat,above>150,65,30,47.9,6.0,0.8,0.7369230769230769,4.1,-8.5,"-8.50,8.29,18.43,0.50",6,9,-15.500000000000004,0.9619999999985642,353.82002106366537,109.5562159720784,33.8
m5_low30-40_close35-55_green,NO,flat,above>150,70,30,47.9,6.0,0.8,0.6842857142857143,8.1,-5.375,"-5.38,12.57,23.43,4.25",6,9,-13.000000000000004,0.9619999999985642,353.82002106366537,109.5562159720784,33.8
m5_low30-40_close35-55_green,NO,flat,above>150,75,30,47.9,6.0,0.7666666666666667,0.6386666666666666,9.6,-2.25,"-2.25,16.86,17.71,8.00",6,9,-10.500000000000004,0.9619999999985642,353.82002106366537,109.5562159720784,33.8
m5_low30-40_close35-55_green,NO,flat,above>150,80,30,47.9,6.0,0.7333333333333333,0.59875,10.766666666666667,-9.125,"-9.12,21.14,22.00,11.75",6,9,-10.333333333333332,0.9619999999985642,353.82002106366537,109.5562159720784,33.8
m5_low30-40_close35-55_green,NO,flat,above>150,85,30,47.9,6.0,0.7,0.5635294117647058,11.6,-6.625,"-6.62,25.43,14.14,15.50",6,9,-7.833333333333332,0.9619999999985642,353.82002106366537,109.5562159720784,33.8
m5_low30-40_close35-55_green,YES,flat,below50-150,65,27,46.074074074074076,6.0,0.5185185185185185,0.7088319088319088,-12.37037037037037,-29.0,"-29.00,-19.14,-3.67,3.57",3,10,-42.0,-2.7340740740740634,-90.41332833426013,-22.56945464161011,34.77777777777778
m5_low30-40_close35-55_green,YES,flat,below50-150,70,27,46.074074074074076,6.0,0.5185185185185185,0.6582010582010582,-9.777777777777779,-27.571428571428573,"-27.57,-17.00,-0.33,7.14",4,10,-42.0,-2.7340740740740634,-90.41332833426013,-22.56945464161011,34.77777777777778
m5_low30-40_close35-55_green,YES,flat,below50-150,75,27,46.074074074074076,6.0,0.4444444444444444,0.614320987654321,-12.74074074074074,-26.142857142857142,"-26.14,-25.57,3.00,0.00",3,10,-42.0,-2.7340740740740634,-90.41332833426013,-22.56945464161011,34.77777777777778
m5_low30-40_close35-55_green,YES,flat,below50-150,80,27,46.074074074074076,6.0,0.3333333333333333,0.575925925925926,-19.40740740740741,-36.142857142857146,"-36.14,-24.14,6.33,-20.00",1,10,-47.0,-2.7340740740740634,-90.41332833426013,-22.56945464161011,34.77777777777778
m5_low30-40_close35-55_green,YES,flat,below50-150,85,27,46.074074074074076,6.0,0.2962962962962963,0.5420479302832244,-20.88888888888889,-35.42857142857143,"-35.43,-22.71,-4.50,-18.57",1,10,-47.0,-2.7340740740740634,-90.41332833426013,-22.56945464161011,34.77777777777778
m5_low30-40_close35-55_green,YES,flat,below0-50,65,33,45.09090909090909,6.0,0.6060606060606061,0.6937062937062938,-5.696969696969697,-20.5,"-15.22,-20.50,17.50,-3.38",4,9,-42.5,-2.8612121212116275,-24.856309720036347,-6.4058827597621,34.96969696969697
m5_low30-40_close35-55_green,YES,flat,below0-50,70,33,45.09090909090909,6.0,0.5151515151515151,0.6441558441558441,-9.030303030303031,-27.375,"-20.78,-27.38,13.75,-0.25",2,9,-44.0,-2.8612121212116275,-24.856309720036347,-6.4058827597621,34.96969696969697
m5_low30-40_close35-55_green,YES,flat,below0-50,75,33,45.09090909090909,6.0,0.5151515151515151,0.6012121212121212,-6.454545454545454,-26.125,"-19.11,-26.12,18.12,2.88",2,9,-44.0,-2.8612121212116275,-24.856309720036347,-6.4058827597621,34.96969696969697
m5_low30-40_close35-55_green,YES,flat,below0-50,80,33,45.09090909090909,6.0,0.5151515151515151,0.5636363636363637,-3.878787878787879,-24.875,"-17.44,-24.88,22.50,6.00",2,9,-44.0,-2.8612121212116275,-24.856309720036347,-6.4058827597621,34.96969696969697
m5_low30-40_close35-55_green,YES,flat,below0-50,85,33,45.09090909090909,6.0,0.5151515151515151,0.5304812834224599,-1.303030303030303,-23.625,"-15.78,-23.62,26.88,9.12",2,9,-44.0,-2.8612121212116275,-24.856309720036347,-6.4058827597621,34.96969696969697
m5_low30-40_close35-55_green,YES,flat,above0-50,65,31,48.193548387096776,6.0,0.6774193548387096,0.741439205955335,-4.161290322580645,-23.375,"8.75,-23.38,-1.86,0.12",5,10,-43.0,-0.09548387096771377,25.07440223568612,10.786100043232446,35.67741935483871
m5_low30-40_close35-55_green,YES,flat,above0-50,70,31,48.193548387096776,6.0,0.6451612903225806,0.6884792626728111,-3.032258064516129,-30.25,"13.12,-30.25,1.71,3.88",5,10,-43.0,-0.09548387096771377,25.07440223568612,10.786100043232446,35.67741935483871
m5_low30-40_close35-55_green,YES,flat,above0-50,75,31,48.193548387096776,6.0,0.4838709677419355,0.6425806451612903,-11.903225806451612,-29.0,"-1.25,-29.00,-5.43,-11.12",3,10,-43.0,-0.09548387096771377,25.07440223568612,10.786100043232446,35.67741935483871
m5_low30-40_close35-55_green,YES,flat,above0-50,80,31,48.193548387096776,6.0,0.45161290322580644,0.6024193548387097,-12.064516129032258,-27.75,"1.88,-27.75,-14.00,-8.62",3,10,-43.0,-0.09548387096771377,25.07440223568612,10.786100043232446,35.67741935483871
m5_low30-40_close35-55_green,YES,flat,above0-50,85,31,48.193548387096776,6.0,0.45161290322580644,0.5669829222011386,-9.806451612903226,-26.5,"5.00,-26.50,-11.86,-6.12",3,10,-43.0,-0.09548387096771377,25.07440223568612,10.786100043232446,35.67741935483871
m5_low30-40_close35-55_green,YES,flat,above50-150,65,38,47.0,6.0,0.5263157894736842,0.7230769230769231,-12.789473684210526,-26.444444444444443,"-7.60,-5.89,-26.44,-11.90",2,10,-50.0,-1.076052631578932,92.95370155370466,25.424095740584516,34.526315789473685
m5_low30-40_close35-55_green,YES,flat,above50-150,70,38,47.0,6.0,0.5,0.6714285714285714,-12.0,-24.77777777777778,"-11.60,-2.56,-24.78,-9.40",1,10,-50.0,-1.076052631578932,92.95370155370466,25.424095740584516,34.526315789473685
m5_low30-40_close35-55_green,YES,flat,above50-150,75,38,47.0,6.0,0.5,0.6266666666666667,-9.5,-23.11111111111111,"-9.10,0.78,-23.11,-6.90",1,10,-50.0,-1.076052631578932,92.95370155370466,25.424095740584516,34.526315789473685
m5_low30-40_close35-55_green,YES,flat,above50-150,80,38,47.0,6.0,0.4473684210526316,0.5875,-11.210526315789474,-21.444444444444443,"-6.60,-13.67,-21.44,-4.40",2,10,-50.0,-1.076052631578932,92.95370155370466,25.424095740584516,34.526315789473685
m5_low30-40_close35-55_green,YES,flat,above50-150,85,38,47.0,6.0,0.4473684210526316,0.5529411764705883,-8.973684210526315,-19.77777777777778,"-4.10,-11.44,-19.78,-1.90",2,10,-50.0,-1.076052631578932,92.95370155370466,25.424095740584516,34.526315789473685
m5_low30-40_close35-55_green,YES,flat,above>150,65,29,48.241379310344826,6.0,0.7931034482758621,0.7421750663129973,3.310344827586207,-2.0,"4.75,11.14,-2.00,-0.86",5,9,-51.0,-2.749999999999749,398.9112415581927,121.14788130058226,35.41379310344828
m5_low30-40_close35-55_green,YES,flat,above>150,70,29,48.241379310344826,6.0,0.7931034482758621,0.6891625615763547,7.275862068965517,1.5714285714285714,"9.12,15.43,1.57,2.71",6,9,-51.0,-2.749999999999749,398.9112415581927,121.14788130058226,35.41379310344828
m5_low30-40_close35-55_green,YES,flat,above>150,75,29,48.241379310344826,6.0,0.7241379310344828,0.6432183908045976,6.068965517241379,-5.571428571428571,"4.12,19.71,-5.57,6.29",6,9,-51.0,-2.749999999999749,398.9112415581927,121.14788130058226,35.41379310344828
m5_low30-40_close35-55_green,YES,flat,above>150,80,29,48.241379310344826,6.0,0.6896551724137931,0.6030172413793103,6.931034482758621,-14.142857142857142,"7.88,24.00,-14.14,9.86",5,9,-51.0,-2.749999999999749,398.9112415581927,121.14788130058226,35.41379310344828
m5_low30-40_close35-55_green,YES,flat,above>150,85,29,48.241379310344826,6.0,0.6896551724137931,0.5675456389452332,10.379310344827585,-12.0,"11.62,28.29,-12.00,13.43",5,9,-51.0,-2.749999999999749,398.9112415581927,121.14788130058226,35.41379310344828
m5_low30-40_close40-60_green,NO,flat,below>150,65,40,50.25,6.0,0.8,0.7730769230769231,1.7499999999999982,-10.100000000000001,"3.20,6.80,7.10,-10.10",5,9,-46.0,-1.9334999999999127,-271.6112920465468,-74.20889816740073,33.875
m5_low30-40_close40-60_green,NO,flat,below>150,70,40,50.25,6.0,0.775,0.7178571428571429,3.9999999999999987,-7.100000000000001,"7.20,11.30,4.60,-7.10",4,9,-46.0,-1.9334999999999127,-271.6112920465468,-74.20889816740073,33.875
m5_low30-40_close40-60_green,NO,flat,below>150,75,40,50.25,6.0,0.675,0.67,0.37499999999999856,-19.1,"11.20,15.80,-6.40,-19.10",4,9,-46.0,-1.9334999999999127,-271.6112920465468,-74.20889816740073,33.875
m5_low30-40_close40-60_green,NO,flat,below>150,80,40,50.25,6.0,0.65,0.628125,1.7499999999999978,-17.1,"15.20,12.30,-3.40,-17.10",4,9,-46.0,-1.9334999999999127,-271.6112920465468,-74.20889816740073,33.875
m5_low30-40_close40-60_green,NO,flat,below>150,85,40,50.25,6.0,0.55,0.5911764705882353,-3.5000000000000013,-15.1,"2.20,7.80,-8.90,-15.10",4,9,-46.0,-1.9334999999999127,-271.6112920465468,-74.20889816740073,33.875
m5_low30-40_close40-60_green,NO,flat,below50-150,65,63,50.17460317460318,6.0,0.7619047619047619,0.771916971916972,-0.6507936507936527,-3.6875000000000036,"-3.69,4.19,0.67,-3.69",5,10,-12.333333333333334,-0.6092063492067696,-91.67331232123333,-26.817030664038263,34.285714285714285
m5_low30-40_close40-60_green,NO,flat,below50-150,70,63,50.17460317460318,6.0,0.6825396825396826,0.716780045351474,-2.3968253968253985,-9.000000000000002,"-4.31,-0.50,4.67,-9.00",5,10,-17.333333333333332,-0.6092063492067696,-91.67331232123333,-26.817030664038263,34.285714285714285
m5_low30-40_close40-60_green,NO,flat,below50-150,75,63,50.17460317460318,6.0,0.6825396825396826,0.668994708994709,1.0158730158730138,-6.187500000000002,"-0.88,2.94,8.67,-6.19",6,10,-15.11111111111111,-0.6092063492067696,-91.67331232123333,-26.817030664038263,34.285714285714285
m5_low30-40_close40-60_green,NO,flat,below50-150,80,63,50.17460317460318,6.0,0.6666666666666666,0.6271825396825397,3.1587301587301577,-8.375000000000002,"2.56,6.37,12.67,-8.38",5,10,-12.88888888888889,-0.6092063492067696,-91.67331232123333,-26.817030664038263,34.285714285714285
m5_low30-40_close40-60_green,NO,flat,below50-150,85,63,50.17460317460318,6.0,0.6507936507936508,0.5902894491129785,5.142857142857142,-5.875000000000002,"6.00,4.50,16.67,-5.88",7,10,-10.666666666666666,-0.6092063492067696,-91.67331232123333,-26.817030664038263,34.285714285714285
m5_low30-40_close40-60_green,NO,flat,below0-50,65,49,50.69387755102041,6.0,0.7142857142857143,0.779905808477237,-4.265306122448982,-19.250000000000004,"-5.23,3.42,4.08,-19.25",6,9,-24.000000000000007,-1.2289795918367585,-23.61375876694424,-5.817817417159024,34.265306122448976
m5_low30-40_close40-60_green,NO,flat,below0-50,70,49,50.69387755102041,6.0,0.6326530612244898,0.7241982507288629,-6.408163265306125,-16.750000000000004,"-7.15,7.58,-9.25,-16.75",3,9,-21.500000000000007,-1.2289795918367585,-23.61375876694424,-5.817817417159024,34.265306122448976
m5_low30-40_close40-60_green,NO,flat,below0-50,75,49,50.69387755102041,6.0,0.5918367346938775,0.6759183673469388,-6.306122448979594,-20.500000000000004,"-4.08,11.75,-12.58,-20.50",4,9,-19.500000000000004,-1.2289795918367585,-23.61375876694424,-5.817817417159024,34.265306122448976
m5_low30-40_close40-60_green,NO,flat,below0-50,80,49,50.69387755102041,6.0,0.5510204081632653,0.633673469387755,-6.612244897959186,-18.416666666666668,"-1.00,9.25,-16.75,-18.42",3,9,-24.666666666666668,-1.2289795918367585,-23.61375876694424,-5.817817417159024,34.265306122448976
m5_low30-40_close40-60_green,NO,flat,below0-50,85,49,50.69387755102041,6.0,0.5306122448979592,0.5963985594237695,-5.59183673469388,-16.333333333333336,"-4.46,13.00,-14.67,-16.33",5,9,-23.0,-1.2289795918367585,-23.61375876694424,-5.817817417159024,34.265306122448976
m5_low30-40_close40-60_green,NO,flat,above0-50,65,47,49.234042553191486,6.0,0.6595744680851063,0.7574468085106383,-6.3617021276595755,-8.636363636363638,"-6.92,-2.92,-8.64,-7.17",4,9,-41.0,0.1591489361707453,23.919933222472807,7.061201726431658,34.4468085106383
m5_low30-40_close40-60_green,NO,flat,above0-50,70,47,49.234042553191486,6.0,0.6170212765957447,0.7033434650455926,-6.042553191489363,-11.818181818181818,"-3.58,-5.42,-11.82,-3.83",3,9,-41.0,0.1591489361707453,23.919933222472807,7.061201726431658,34.4468085106383
m5_low30-40_close40-60_green,NO,flat,above0-50,75,47,49.234042553191486,6.0,0.5957446808510638,0.6564539007092198,-4.553191489361702,-15.909090909090908,"-0.25,-2.50,-15.91,-0.50",4,9,-41.0,0.1591489361707453,23.919933222472807,7.061201726431658,34.4468085106383
m5_low30-40_close40-60_green,NO,flat,above0-50,80,47,49.234042553191486,6.0,0.5531914893617021,0.6154255319148936,-4.9787234042553195,-13.636363636363637,"-3.58,-6.25,-13.64,2.83",3,9,-48.0,0.1591489361707453,23.919933222472807,7.061201726431658,34.4468085106383
m5_low30-40_close40-60_green,NO,flat,above0-50,85,47,49.234042553191486,6.0,0.5531914893617021,0.5792240300375469,-2.212765957446809,-11.363636363636365,"-0.67,-3.75,-11.36,6.17",4,9,-48.0,0.1591489361707453,23.919933222472807,7.061201726431658,34.4468085106383
m5_low30-40_close40-60_green,NO,flat,above50-150,65,34,51.588235294117645,6.0,0.7352941176470589,0.7936651583710407,-3.794117647058826,-19.875000000000004,"-0.33,4.37,-19.88,-0.22",4,10,-53.0,1.6152941176470075,79.21676347950543,20.87336488819325,33.6764705882353
m5_low30-40_close40-60_green,NO,flat,above50-150,70,34,51.588235294117645,6.0,0.7058823529411765,0.7369747899159663,-2.176470588235296,-17.375000000000004,"-4.22,8.75,-17.38,3.67",5,10,-53.0,1.6152941176470075,79.21676347950543,20.87336488819325,33.6764705882353
m5_low30-40_close40-60_green,NO,flat,above50-150,75,34,51.588235294117645,6.0,0.7058823529411765,0.687843137254902,1.3529411764705865,-14.875000000000004,"-0.89,13.12,-14.88,7.56",5,10,-53.0,1.6152941176470075,79.21676347950543,20.87336488819325,33.6764705882353
m5_low30-40_close40-60_green,NO,flat,above50-150,80,34,51.588235294117645,6.0,0.6470588235294118,0.6448529411764705,0.17647058823529244,-12.375000000000004,"-6.44,7.50,-12.38,11.44",5,10,-53.0,1.6152941176470075,79.21676347950543,20.87336488819325,33.6764705882353
m5_low30-40_close40-60_green,NO,flat,above50-150,85,34,51.588235294117645,6.0,0.6176470588235294,0.6069204152249135,0.9117647058823513,-20.500000000000004,"-3.67,11.25,-20.50,15.33",6,10,-53.0,1.6152941176470075,79.21676347950543,20.87336488819325,33.6764705882353
m5_low30-40_close40-60_green,NO,flat,above>150,65,42,50.666666666666664,6.0,0.8095238095238095,0.7794871794871795,1.9523809523809503,-5.181818181818185,"-5.18,0.70,17.80,-4.18",5,9,-7.666666666666671,-0.1592857142866359,341.7229866629333,103.58658215686592,34.666666666666664
m5_low30-40_close40-60_green,NO,flat,above>150,70,42,50.666666666666664,6.0,0.7857142857142857,0.7238095238095238,4.333333333333332,-7.909090909090912,"-7.91,4.70,22.80,-0.55",6,9,-8.625000000000002,-0.1592857142866359,341.7229866629333,103.58658215686592,34.666666666666664
m5_low30-40_close40-60_green,NO,flat,above>150,75,42,50.666666666666664,6.0,0.7619047619047619,0.6755555555555556,6.4761904761904745,-4.72727272727273,"-4.73,8.70,20.30,3.09",7,9,-5.500000000000002,-0.1592857142866359,341.7229866629333,103.58658215686592,34.666666666666664
m5_low30-40_close40-60_green,NO,flat,above>150,80,42,50.666666666666664,6.0,0.7380952380952381,0.6333333333333333,8.38095238095238,-8.81818181818182,"-8.82,12.70,24.80,6.73",8,9,-12.375000000000002,-0.1592857142866359,341.7229866629333,103.58658215686592,34.666666666666664
m5_low30-40_close40-60_green,NO,flat,above>150,85,42,50.666666666666664,6.0,0.7142857142857143,0.596078431372549,10.047619047619046,-6.0909090909090935,"-6.09,16.70,20.80,10.36",8,9,-9.875000000000002,-0.1592857142866359,341.7229866629333,103.58658215686592,34.666666666666664
m5_low30-40_close40-60_green,YES,flat,below>150,65,27,49.666666666666664,6.0,0.6296296296296297,0.764102564102564,-8.740740740740742,-21.142857142857146,"-21.14,-5.14,5.00,-11.71",3,9,-55.00000000000001,-6.772962962963329,-279.9519331531876,-88.42379579963637,34.22222222222222
m5_low30-40_close40-60_green,YES,flat,below>150,70,27,49.666666666666664,6.0,0.5925925925925926,0.7095238095238094,-8.185185185185187,-19.000000000000004,"-19.00,-11.57,9.17,-8.86",3,9,-55.00000000000001,-6.772962962963329,-279.9519331531876,-88.42379579963637,34.22222222222222
m5_low30-40_close40-60_green,YES,flat,below>150,75,27,49.666666666666664,6.0,0.5555555555555556,0.6622222222222222,-8.0,-16.85714285714286,"-16.86,-8.71,13.33,-16.71",4,9,-55.00000000000001,-6.772962962963329,-279.9519331531876,-88.42379579963637,34.22222222222222
m5_low30-40_close40-60_green,YES,flat,below>150,80,27,49.666666666666664,6.0,0.5555555555555556,0.6208333333333333,-5.222222222222222,-14.714285714285719,"-14.71,-5.86,17.50,-14.57",4,9,-55.00000000000001,-6.772962962963329,-279.9519331531876,-88.42379579963637,34.22222222222222
m5_low30-40_close40-60_green,YES,flat,below>150,85,27,49.666666666666664,6.0,0.5185185185185185,0.584313725490196,-5.592592592592593,-12.571428571428575,"-12.57,-3.00,7.50,-12.43",4,9,-55.00000000000001,-6.772962962963329,-279.9519331531876,-88.42379579963637,34.22222222222222
m5_low30-40_close40-60_green,YES,flat,below50-150,65,34,48.294117647058826,6.0,0.5588235294117647,0.7429864253393665,-11.970588235294118,-27.77777777777778,"-27.78,-16.12,1.00,-4.00",3,10,-42.0,-3.0800000000002483,-89.22342198121409,-22.94047679343502,35.1764705882353
m5_low30-40_close40-60_green,YES,flat,below50-150,70,34,48.294117647058826,6.0,0.5294117647058824,0.6899159663865546,-11.235294117647058,-26.11111111111111,"-26.11,-13.63,-4.00,-0.67",3,10,-42.0,-3.0800000000002483,-89.22342198121409,-22.94047679343502,35.1764705882353
m5_low30-40_close40-60_green,YES,flat,below50-150,75,34,48.294117647058826,6.0,0.47058823529411764,0.643921568627451,-13.0,-24.444444444444443,"-24.44,-20.50,-10.25,2.67",3,10,-42.0,-3.0800000000002483,-89.22342198121409,-22.94047679343502,35.1764705882353
m5_low30-40_close40-60_green,YES,flat,below50-150,80,34,48.294117647058826,6.0,0.38235294117647056,0.6036764705882354,-17.705882352941178,-31.666666666666668,"-31.67,-18.62,-7.75,-11.78",1,10,-42.0,-3.0800000000002483,-89.22342198121409,-22.94047679343502,35.1764705882353
m5_low30-40_close40-60_green,YES,flat,below50-150,85,34,48.294117647058826,6.0,0.35294117647058826,0.568166089965398,-18.294117647058822,-30.555555555555557,"-30.56,-16.75,-15.88,-9.56",1,10,-42.0,-3.0800000000002483,-89.22342198121409,-22.94047679343502,35.1764705882353
m5_low30-40_close40-60_green,YES,flat,below0-50,65,39,48.48717948717949,6.0,0.6410256410256411,0.7459566074950691,-6.82051282051282,-15.9,"-14.40,-15.90,1.00,2.80",4,10,-46.5,-0.4661538461534805,-26.224427525809098,-6.183664228997189,34.97435897435897
m5_low30-40_close40-60_green,YES,flat,below0-50,70,39,48.48717948717949,6.0,0.5641025641025641,0.6926739926739927,-9.0,-20.4,"-18.90,-20.40,-2.89,6.80",3,10,-46.5,-0.4661538461534805,-26.224427525809098,-6.183664228997189,34.97435897435897
m5_low30-40_close40-60_green,YES,flat,below0-50,75,39,48.48717948717949,6.0,0.5641025641025641,0.6464957264957265,-6.17948717948718,-18.4,"-16.90,-18.40,0.44,10.80",4,10,-46.5,-0.4661538461534805,-26.224427525809098,-6.183664228997189,34.97435897435897
m5_low30-40_close40-60_green,YES,flat,below0-50,80,39,48.48717948717949,6.0,0.5641025641025641,0.6060897435897437,-3.358974358974359,-16.4,"-14.90,-16.40,3.78,14.80",4,10,-46.5,-0.4661538461534805,-26.224427525809098,-6.183664228997189,34.97435897435897
m5_low30-40_close40-60_green,YES,flat,below0-50,85,39,48.48717948717949,6.0,0.5641025641025641,0.5704374057315234,-0.5384615384615381,-14.4,"-12.90,-14.40,7.11,18.80",4,10,-46.5,-0.4661538461534805,-26.224427525809098,-6.183664228997189,34.97435897435897
m5_low30-40_close40-60_green,YES,flat,above0-50,65,40,51.325,6.0,0.725,0.7896153846153846,-4.200000000000001,-18.3,"1.00,-18.30,-0.80,1.30",4,10,-30.333333333333332,-0.14949999999989813,26.979367457120315,11.339190378301828,35.575
m5_low30-40_close40-60_green,YES,flat,above0-50,70,40,51.325,6.0,0.675,0.7332142857142857,-4.075,-29.8,"5.00,-29.80,3.20,5.30",5,10,-28.666666666666668,-0.14949999999989813,26.979367457120315,11.339190378301828,35.575
m5_low30-40_close40-60_green,YES,flat,above0-50,75,40,51.325,6.0,0.525,0.6843333333333333,-11.95,-28.3,"-6.00,-28.30,-7.80,-5.70",3,10,-48.5,-0.14949999999989813,26.979367457120315,11.339190378301828,35.575
m5_low30-40_close40-60_green,YES,flat,above0-50,80,40,51.325,6.0,0.475,0.6415625,-13.325,-26.8,"-3.00,-26.80,-12.80,-10.70",4,10,-48.5,-0.14949999999989813,26.979367457120315,11.339190378301828,35.575
m5_low30-40_close40-60_green,YES,flat,above0-50,85,40,51.325,6.0,0.45,0.6038235294117648,-13.075,-33.8,"-0.00,-33.80,-10.30,-8.20",4,10,-48.5,-0.14949999999989813,26.979367457120315,11.339190378301828,35.575
m5_low30-40_close40-60_green,YES,flat,above50-150,65,49,51.48979591836735,6.0,0.5918367346938775,0.7921507064364207,-13.020408163265307,-20.416666666666668,"-3.23,-9.25,-20.00,-20.42",1,9,-50.0,0.5283673469392091,97.28391213420029,27.55648736539282,35.16326530612245
m5_low30-40_close40-60_green,YES,flat,above50-150,70,49,51.48979591836735,6.0,0.5918367346938775,0.7355685131195335,-10.061224489795919,-18.333333333333332,"0.62,-5.92,-17.50,-18.33",1,9,-50.0,0.5283673469392091,97.28391213420029,27.55648736539282,35.16326530612245
m5_low30-40_close40-60_green,YES,flat,above50-150,75,49,51.48979591836735,6.0,0.5714285714285714,0.686530612244898,-8.63265306122449,-16.25,"4.46,-8.83,-15.00,-16.25",1,9,-50.0,0.5283673469392091,97.28391213420029,27.55648736539282,35.16326530612245
m5_low30-40_close40-60_green,YES,flat,above50-150,80,49,51.48979591836735,6.0,0.4897959183673469,0.6436224489795919,-12.306122448979592,-25.833333333333332,"8.31,-19.25,-25.83,-14.17",2,9,-50.0,0.5283673469392091,97.28391213420029,27.55648736539282,35.16326530612245
m5_low30-40_close40-60_green,YES,flat,above50-150,85,49,51.48979591836735,6.0,0.4897959183673469,0.6057623049219688,-9.857142857142858,-24.166666666666668,"12.15,-17.17,-24.17,-12.08",2,9,-50.0,0.5283673469392091,97.28391213420029,27.55648736539282,35.16326530612245
m5_low30-40_close40-60_green,YES,flat,above>150,65,40,51.35,6.0,0.8,0.79,0.6500000000000004,-3.9,"6.00,-3.90,-0.90,1.40",5,10,-21.999999999999996,-0.6149999999995999,373.84912547111145,111.33660428093098,35.325
m5_low30-40_close40-60_green,YES,flat,above>150,70,40,51.35,6.0,0.775,0.7335714285714285,2.9000000000000004,-7.4,"10.50,-7.40,3.10,5.40",6,10,-19.499999999999996,-0.6149999999995999,373.84912547111145,111.33660428093098,35.325
m5_low30-40_close40-60_green,YES,flat,above>150,75,40,51.35,6.0,0.7,0.6846666666666666,1.15,-4.4,"7.50,-4.40,-0.40,1.90",6,10,-29.75,-0.6149999999995999,373.84912547111145,111.33660428093098,35.325
m5_low30-40_close40-60_green,YES,flat,above>150,80,40,51.35,6.0,0.675,0.641875,2.65,-4.8999999999999995,"11.50,-1.40,-4.90,5.40",5,10,-28.5,-0.6149999999995999,373.84912547111145,111.33660428093098,35.325
m5_low30-40_close40-60_green,YES,flat,above>150,85,40,51.35,6.0,0.675,0.6041176470588235,6.025,-1.8999999999999992,"15.50,1.60,-1.90,8.90",5,10,-27.25,-0.6149999999995999,373.84912547111145,111.33660428093098,35.325
m5_low30-40_close45-65_green,NO,flat,below>150,65,44,55.13636363636363,6.0,0.9090909090909091,0.8482517482517482,3.9545454545454533,-3.454545454545456,"6.91,3.82,8.55,-3.45",8,10,-46.0,0.5538636363631998,-274.9958786436979,-75.18443378560336,34.22727272727273
m5_low30-40_close45-65_green,NO,flat,below>150,70,44,55.13636363636363,6.0,0.8863636363636364,0.7876623376623376,6.909090909090907,0.636363636363635,"11.45,2.00,13.55,0.64",8,10,-46.0,0.5538636363631998,-274.9958786436979,-75.18443378560336,34.22727272727273
m5_low30-40_close45-65_green,NO,flat,below>150,75,44,55.13636363636363,6.0,0.7727272727272727,0.7351515151515151,2.818181818181816,-15.727272727272727,"16.00,6.09,4.91,-15.73",5,10,-64.0,0.5538636363631998,-274.9958786436979,-75.18443378560336,34.22727272727273
m5_low30-40_close45-65_green,NO,flat,below>150,80,44,55.13636363636363,6.0,0.7272727272727273,0.6892045454545455,3.045454545454544,-13.0,"20.55,2.91,1.73,-13.00",5,10,-64.0,0.5538636363631998,-274.9958786436979,-75.18443378560336,34.22727272727273
m5_low30-40_close45-65_green,NO,flat,below>150,85,44,55.13636363636363,6.0,0.6363636363636364,0.6486631016042781,-1.0454545454545463,-10.272727272727273,"9.64,-8.91,5.36,-10.27",5,10,-64.0,0.5538636363631998,-274.9958786436979,-75.18443378560336,34.22727272727273
m5_low30-40_close45-65_green,NO,flat,below50-150,65,70,54.52857142857143,6.0,0.8428571428571429,0.838901098901099,0.257142857142855,-3.555555555555557,"-0.39,3.00,2.24,-3.56",5,10,-7.4,1.0952857142849617,-92.43257941038465,-27.881684784832863,34.74285714285714
m5_low30-40_close45-65_green,NO,flat,below50-150,70,70,54.52857142857143,6.0,0.7285714285714285,0.7789795918367347,-3.5285714285714302,-7.888888888888892,"-7.89,-0.82,2.53,-7.44",3,10,-14.500000000000005,1.0952857142849617,-92.43257941038465,-27.881684784832863,34.74285714285714
m5_low30-40_close45-65_green,NO,flat,below50-150,75,70,54.52857142857143,6.0,0.7,0.727047619047619,-2.02857142857143,-8.722222222222225,"-8.72,-1.41,6.65,-4.11",4,10,-19.000000000000007,1.0952857142849617,-92.43257941038465,-27.881684784832863,34.74285714285714
m5_low30-40_close45-65_green,NO,flat,below50-150,80,70,54.52857142857143,6.0,0.6857142857142857,0.6816071428571429,0.32857142857142724,-5.66666666666667,"-5.67,2.12,10.76,-5.22",3,10,-16.500000000000007,1.0952857142849617,-92.43257941038465,-27.881684784832863,34.74285714285714
m5_low30-40_close45-65_green,NO,flat,below50-150,85,70,54.52857142857143,6.0,0.6571428571428571,0.6415126050420168,1.3285714285714278,-2.611111111111114,"-2.61,0.65,9.88,-2.17",5,10,-14.000000000000005,1.0952857142849617,-92.43257941038465,-27.881684784832863,34.74285714285714
m5_low30-40_close45-65_green,NO,flat,below0-50,65,60,56.88333333333333,6.5,0.7833333333333333,0.8751282051282051,-5.966666666666669,-12.000000000000004,"-6.87,1.47,-6.47,-12.00",4,9,-18.800000000000004,0.769666666666429,-23.183430030789776,-5.09580084018562,34.21666666666667
m5_low30-40_close45-65_green,NO,flat,below0-50,70,60,56.88333333333333,6.5,0.7333333333333333,0.8126190476190476,-5.550000000000002,-11.800000000000002,"-7.87,6.13,-11.80,-8.67",2,9,-15.800000000000006,0.769666666666429,-23.183430030789776,-5.09580084018562,34.21666666666667
m5_low30-40_close45-65_green,NO,flat,below0-50,75,60,56.88333333333333,6.5,0.65,0.7584444444444445,-8.133333333333335,-23.466666666666672,"-9.53,10.80,-23.47,-10.33",2,9,-23.4,0.769666666666429,-23.183430030789776,-5.09580084018562,34.21666666666667
m5_low30-40_close45-65_green,NO,flat,below0-50,80,60,56.88333333333333,6.5,0.6166666666666667,0.7110416666666667,-7.550000000000002,-26.466666666666672,"-6.53,10.13,-26.47,-7.33",2,9,-28.181818181818183,0.769666666666429,-23.183430030789776,-5.09580084018562,34.21666666666667
m5_low30-40_close45-65_green,NO,flat,below0-50,85,60,56.88333333333333,6.5,0.5833333333333334,0.6692156862745098,-7.300000000000001,-24.466666666666672,"-9.20,8.80,-24.47,-4.33",4,9,-26.363636363636363,0.769666666666429,-23.183430030789776,-5.09580084018562,34.21666666666667
m5_low30-40_close45-65_green,NO,flat,above0-50,65,53,55.16981132075472,6.0,0.7735849056603774,0.848766328011611,-4.88679245283019,-8.53846153846154,"-4.64,-0.85,-5.54,-8.54",5,10,-26.000000000000004,1.740566037735849,23.854720081140634,4.7522408374297465,34.84905660377358
m5_low30-40_close45-65_green,NO,flat,above0-50,70,53,55.16981132075472,6.0,0.7169811320754716,0.7881401617250674,-4.981132075471699,-7.076923076923079,"-5.71,-2.00,-7.08,-5.08",3,10,-23.500000000000004,1.740566037735849,23.854720081140634,4.7522408374297465,34.84905660377358
m5_low30-40_close45-65_green,NO,flat,above0-50,75,53,55.16981132075472,6.0,0.6981132075471698,0.7355974842767296,-2.811320754716982,-9.384615384615387,"-2.14,1.85,-9.38,-1.62",5,10,-21.000000000000004,1.740566037735849,23.854720081140634,4.7522408374297465,34.84905660377358
m5_low30-40_close45-65_green,NO,flat,above0-50,80,53,55.16981132075472,6.0,0.660377358490566,0.689622641509434,-2.339622641509435,-6.30769230769231,"-4.29,-0.46,-6.31,1.85",3,10,-18.500000000000004,1.740566037735849,23.854720081140634,4.7522408374297465,34.84905660377358
m5_low30-40_close45-65_green,NO,flat,above0-50,85,53,55.16981132075472,6.0,0.660377358490566,0.6490566037735849,0.9622641509433957,-3.2307692307692326,"-1.07,3.00,-3.23,5.31",4,10,-16.000000000000004,1.740566037735849,23.854720081140634,4.7522408374297465,34.84905660377358
m5_low30-40_close45-65_green,NO,flat,above50-150,65,46,56.69565217391305,6.0,0.8478260869565217,0.8722408026755853,-1.5869565217391324,-8.363636363636367,"-1.58,2.18,-8.36,1.17",4,9,-16.333333333333332,2.6636956521735713,85.92775702750077,24.577190619586673,34.04347826086956
m5_low30-40_close45-65_green,NO,flat,above50-150,70,46,56.69565217391305,6.0,0.7608695652173914,0.8099378881987578,-3.434782608695654,-11.090909090909093,"-3.25,0.36,-11.09,-0.08",3,9,-25.000000000000004,2.6636956521735713,85.92775702750077,24.577190619586673,34.04347826086956
m5_low30-40_close45-65_green,NO,flat,above50-150,75,46,56.69565217391305,6.0,0.7608695652173914,0.7559420289855073,0.3695652173913031,-7.909090909090912,"0.50,4.45,-7.91,4.08",4,9,-22.500000000000004,2.6636956521735713,85.92775702750077,24.577190619586673,34.04347826086956
m5_low30-40_close45-65_green,NO,flat,above50-150,80,46,56.69565217391305,6.0,0.717391304347826,0.7086956521739131,0.6956521739130426,-4.72727272727273,"-2.42,1.27,-4.73,8.25",4,9,-20.000000000000004,2.6636956521735713,85.92775702750077,24.577190619586673,34.04347826086956
m5_low30-40_close45-65_green,NO,flat,above50-150,85,46,56.69565217391305,6.0,0.6739130434782609,0.6670076726342712,0.5869565217391292,-9.272727272727275,"0.92,-2.82,-9.27,12.42",4,9,-17.500000000000004,2.6636956521735713,85.92775702750077,24.577190619586673,34.04347826086956
m5_low30-40_close45-65_green,NO,flat,above>150,65,40,55.675,6.0,0.9,0.8565384615384615,2.824999999999997,-5.400000000000002,"3.90,-5.40,8.80,4.00",7,9,-10.250000000000002,0.8687499999992724,323.36537203131354,93.2274071423708,35.375
m5_low30-40_close45-65_green,NO,flat,above>150,70,40,55.675,6.0,0.85,0.7953571428571428,3.824999999999998,-8.400000000000002,"1.40,-8.40,13.80,8.50",6,9,-9.66666666666667,0.8687499999992724,323.36537203131354,93.2274071423708,35.375
m5_low30-40_close45-65_green,NO,flat,above>150,75,40,55.675,6.0,0.825,0.7423333333333333,6.1999999999999975,-4.900000000000002,"5.40,-4.90,11.30,13.00",6,9,-6.333333333333336,0.8687499999992724,323.36537203131354,93.2274071423708,35.375
m5_low30-40_close45-65_green,NO,flat,above>150,80,40,55.675,6.0,0.8,0.6959375,8.325,-1.4000000000000021,"1.40,-1.40,15.80,17.50",7,9,-7.85714285714286,0.8687499999992724,323.36537203131354,93.2274071423708,35.375
m5_low30-40_close45-65_green,NO,flat,above>150,85,40,55.675,6.0,0.775,0.6549999999999999,10.2,2.099999999999998,"4.90,2.10,11.80,22.00",7,9,-12.25,0.8687499999992724,323.36537203131354,93.2274071423708,35.375
m5_low30-40_close45-65_green,YES,flat,below>150,65,33,55.333333333333336,6.0,0.7878787878787878,0.8512820512820514,-4.121212121212123,-18.333333333333336,"-18.33,-2.38,11.38,-5.38",4,9,-55.00000000000001,-2.2666666666674162,-313.4544033974693,-94.67120510032515,34.696969696969695
m5_low30-40_close45-65_green,YES,flat,below>150,70,33,55.333333333333336,6.0,0.7272727272727273,0.7904761904761906,-4.424242424242424,-23.333333333333336,"-23.33,2.00,7.62,-1.62",5,9,-55.00000000000001,-2.2666666666674162,-313.4544033974693,-94.67120510032515,34.696969696969695
m5_low30-40_close45-65_green,YES,flat,below>150,75,33,55.333333333333336,6.0,0.696969696969697,0.7377777777777778,-3.0606060606060606,-21.111111111111114,"-21.11,6.37,12.00,-7.25",4,9,-55.00000000000001,-2.2666666666674162,-313.4544033974693,-94.67120510032515,34.696969696969695
m5_low30-40_close45-65_green,YES,flat,below>150,80,33,55.333333333333336,6.0,0.696969696969697,0.6916666666666667,0.4242424242424238,-18.888888888888893,"-18.89,10.75,16.38,-4.12",5,9,-55.00000000000001,-2.2666666666674162,-313.4544033974693,-94.67120510032515,34.696969696969695
m5_low30-40_close45-65_green,YES,flat,below>150,85,33,55.333333333333336,6.0,0.6363636363636364,0.6509803921568628,-1.2424242424242424,-16.66666666666667,"-16.67,4.50,10.12,-1.00",4,9,-55.00000000000001,-2.2666666666674162,-313.4544033974693,-94.67120510032515,34.696969696969695
m5_low30-40_close45-65_green,YES,flat,below50-150,65,37,53.75675675675676,6.0,0.6756756756756757,0.827027027027027,-9.837837837837839,-20.2,"-20.20,-11.89,-1.44,-4.67",3,8,-28.0,-1.9291891891895117,-90.40903180994988,-22.395407096666876,35.54054054054054
m5_low30-40_close45-65_green,YES,flat,below50-150,70,37,53.75675675675676,6.0,0.6216216216216216,0.7679536679536679,-10.243243243243244,-24.7,"-24.70,-8.56,-5.33,-0.78",3,8,-40.0,-1.9291891891895117,-90.40903180994988,-22.395407096666876,35.54054054054054
m5_low30-40_close45-65_green,YES,flat,below50-150,75,37,53.75675675675676,6.0,0.5675675675675675,0.7167567567567568,-11.18918918918919,-22.7,"-22.70,-13.56,-10.33,3.11",2,8,-39.0,-1.9291891891895117,-90.40903180994988,-22.395407096666876,35.54054054054054
m5_low30-40_close45-65_green,YES,flat,below50-150,80,37,53.75675675675676,6.0,0.4864864864864865,0.6719594594594595,-14.837837837837839,-28.7,"-28.70,-10.78,-7.56,-10.78",1,8,-38.0,-1.9291891891895117,-90.40903180994988,-22.395407096666876,35.54054054054054
m5_low30-40_close45-65_green,YES,flat,below50-150,85,37,53.75675675675676,6.0,0.4594594594594595,0.6324324324324324,-14.702702702702704,-27.2,"-27.20,-8.00,-14.22,-8.00",2,8,-37.0,-1.9291891891895117,-90.40903180994988,-22.395407096666876,35.54054054054054
m5_low30-40_close45-65_green,YES,flat,below0-50,65,42,54.42857142857143,6.0,0.7142857142857143,0.8373626373626374,-8.0,-19.727272727272727,"-19.73,-11.50,-1.20,0.73",4,10,-46.5,1.2878571428574062,-24.499251692744327,-6.831497310303911,35.38095238095238
m5_low30-40_close45-65_green,YES,flat,below0-50,70,42,54.42857142857143,6.0,0.6190476190476191,0.7775510204081633,-11.095238095238095,-29.727272727272727,"-29.73,-15.00,-4.20,4.82",3,10,-50.666666666666664,1.2878571428574062,-24.499251692744327,-6.831497310303911,35.38095238095238
m5_low30-40_close45-65_green,YES,flat,below0-50,75,42,54.42857142857143,6.0,0.6190476190476191,0.7257142857142858,-8.0,-27.90909090909091,"-27.91,-12.00,-0.70,8.91",3,10,-50.666666666666664,1.2878571428574062,-24.499251692744327,-6.831497310303911,35.38095238095238
m5_low30-40_close45-65_green,YES,flat,below0-50,80,42,54.42857142857143,6.0,0.6190476190476191,0.6803571428571429,-4.904761904761904,-26.09090909090909,"-26.09,-9.00,2.80,13.00",4,10,-50.666666666666664,1.2878571428574062,-24.499251692744327,-6.831497310303911,35.38095238095238
m5_low30-40_close45-65_green,YES,flat,below0-50,85,42,54.42857142857143,6.0,0.6190476190476191,0.6403361344537816,-1.8095238095238089,-24.272727272727273,"-24.27,-6.00,6.30,17.09",5,10,-50.666666666666664,1.2878571428574062,-24.499251692744327,-6.831497310303911,35.38095238095238
m5_low30-40_close45-65_green,YES,flat,above0-50,65,47,55.255319148936174,6.0,0.7872340425531915,0.8500818330605565,-4.085106382978723,-17.000000000000004,"4.00,-17.00,-2.18,-1.00",4,10,-31.4,0.8961702127660132,25.015161428980758,9.74791162447698,35.97872340425532
m5_low30-40_close45-65_green,YES,flat,above0-50,70,47,55.255319148936174,6.0,0.7021276595744681,0.7893617021276597,-6.1063829787234045,-25.75,"8.58,-25.75,-4.45,-2.67",4,10,-43.4,0.8961702127660132,25.015161428980758,9.74791162447698,35.97872340425532
m5_low30-40_close45-65_green,YES,flat,above0-50,75,47,55.255319148936174,6.0,0.5957446808510638,0.7367375886524823,-10.574468085106384,-29.916666666666668,"6.92,-29.92,-14.45,-5.17",3,10,-42.4,0.8961702127660132,25.015161428980758,9.74791162447698,35.97872340425532
m5_low30-40_close45-65_green,YES,flat,above0-50,80,47,55.255319148936174,6.0,0.5531914893617021,0.6906914893617022,-11.0,-28.25,"11.08,-28.25,-19.00,-8.50",4,10,-41.4,0.8961702127660132,25.015161428980758,9.74791162447698,35.97872340425532
m5_low30-40_close45-65_green,YES,flat,above0-50,85,47,55.255319148936174,6.0,0.5319148936170213,0.6500625782227785,-10.042553191489361,-33.666666666666664,"15.25,-33.67,-16.73,-5.58",4,10,-40.4,0.8961702127660132,25.015161428980758,9.74791162447698,35.97872340425532
m5_low30-40_close45-65_green,YES,flat,above50-150,65,65,55.353846153846156,6.0,0.7230769230769231,0.8515976331360947,-8.353846153846154,-16.0625,"-6.00,-3.44,-8.06,-16.06",2,10,-55.0,2.4461538461546297,94.30506068363265,26.800051086276316,35.53846153846154
m5_low30-40_close45-65_green,YES,flat,above50-150,70,65,55.353846153846156,6.0,0.6923076923076923,0.7907692307692308,-6.892307692307693,-13.25,"-2.18,-3.75,-8.69,-13.25",4,10,-55.0,2.4461538461546297,94.30506068363265,26.800051086276316,35.53846153846154
m5_low30-40_close45-65_green,YES,flat,above50-150,75,65,55.353846153846156,6.0,0.676923076923077,0.7380512820512821,-4.584615384615384,-10.4375,"1.65,-4.69,-5.25,-10.44",5,10,-55.0,2.4461538461546297,94.30506068363265,26.800051086276316,35.53846153846154
m5_low30-40_close45-65_green,YES,flat,above50-150,80,65,55.353846153846156,6.0,0.6,0.691923076923077,-7.3538461538461535,-16.8125,"5.47,-11.25,-16.81,-7.62",4,10,-55.0,2.4461538461546297,94.30506068363265,26.800051086276316,35.53846153846154
m5_low30-40_close45-65_green,YES,flat,above50-150,85,65,55.353846153846156,6.0,0.5692307692307692,0.6512217194570136,-6.969230769230769,-19.625,"9.29,-13.75,-19.62,-4.81",4,10,-55.0,2.4461538461546297,94.30506068363265,26.800051086276316,35.53846153846154
m5_low30-40_close45-65_green,YES,flat,above>150,65,48,55.291666666666664,6.0,0.8333333333333334,0.8506410256410256,-1.125,-5.833333333333333,"4.75,-5.83,-2.67,-0.75",5,10,-14.8,1.8637499999998302,370.49850547107434,108.16748176925239,35.583333333333336
m5_low30-40_close45-65_green,YES,flat,above>150,70,48,55.291666666666664,6.0,0.8125,0.7898809523809524,1.5833333333333333,-7.916666666666667,"9.33,-7.92,1.50,3.42",6,10,-14.0,1.8637499999998302,370.49850547107434,108.16748176925239,35.583333333333336
m5_low30-40_close45-65_green,YES,flat,above>150,75,48,55.291666666666664,6.0,0.7291666666666666,0.7372222222222222,-0.6041666666666666,-10.833333333333334,"7.67,-10.83,-0.58,1.33",5,10,-31.0,1.8637499999998302,370.49850547107434,108.16748176925239,35.583333333333336
m5_low30-40_close45-65_green,YES,flat,above>150,80,48,55.291666666666664,6.0,0.7083333333333334,0.6911458333333333,1.375,-7.916666666666667,"11.83,-7.92,-3.50,5.08",5,10,-29.333333333333332,1.8637499999998302,370.49850547107434,108.16748176925239,35.583333333333336
m5_low30-40_close45-65_green,YES,flat,above>150,85,48,55.291666666666664,6.0,0.7083333333333334,0.6504901960784314,4.916666666666667,-5.0,"16.00,-5.00,-0.17,8.83",5,10,-27.666666666666668,1.8637499999998302,370.49850547107434,108.16748176925239,35.583333333333336
m5_low30-40_close50-70_green,NO,flat,below>150,65,47,59.57446808510638,7.0,0.9787234042553191,0.9165302782324058,4.04255319148936,1.8333333333333304,"5.25,1.83,6.18,3.08",7,10,-2.0,1.007021276595627,-294.35149438509814,-79.31939379039699,34.851063829787236
m5_low30-40_close50-70_green,NO,flat,below>150,70,47,59.57446808510638,7.0,0.9361702127659575,0.851063829787234,5.957446808510637,0.5833333333333304,"10.25,0.58,11.18,2.25",9,10,-20.333333333333332,1.007021276595627,-294.35149438509814,-79.31939379039699,34.851063829787236
m5_low30-40_close50-70_green,NO,flat,below>150,75,47,59.57446808510638,7.0,0.8085106382978723,0.7943262411347518,1.0638297872340423,-11.91666666666667,"15.25,-1.50,2.55,-11.92",7,10,-42.0,1.007021276595627,-294.35149438509814,-79.31939379039699,34.851063829787236
m5_low30-40_close50-70_green,NO,flat,below>150,80,47,59.57446808510638,7.0,0.7659574468085106,0.7446808510638298,1.702127659574468,-8.583333333333336,"20.25,-4.42,-0.64,-8.58",7,10,-40.333333333333336,1.007021276595627,-294.35149438509814,-79.31939379039699,34.851063829787236
m5_low30-40_close50-70_green,NO,flat,below>150,85,47,59.57446808510638,7.0,0.7021276595744681,0.7008760951188986,0.1063829787234029,-15.250000000000002,"18.17,-15.25,3.00,-5.25",7,10,-38.666666666666664,1.007021276595627,-294.35149438509814,-79.31939379039699,34.851063829787236
m5_low30-40_close50-70_green,NO,flat,below50-150,65,72,57.90277777777778,6.0,0.9027777777777778,0.8908119658119659,0.7777777777777755,-2.944444444444446,"1.33,2.67,2.06,-2.94",6,10,-5.300000000000002,1.8461111111102784,-92.67082180431882,-27.861101322780492,34.93055555555556
m5_low30-40_close50-70_green,NO,flat,below50-150,70,72,57.90277777777778,6.0,0.7777777777777778,0.8271825396825397,-3.458333333333335,-9.777777777777779,"-9.78,-0.39,2.89,-6.56",3,10,-10.333333333333334,1.8461111111102784,-92.67082180431882,-27.861101322780492,34.93055555555556
m5_low30-40_close50-70_green,NO,flat,below50-150,75,72,57.90277777777778,6.0,0.7361111111111112,0.7720370370370371,-2.694444444444446,-10.611111111111114,"-10.61,-4.56,7.33,-2.94",4,10,-19.272727272727277,1.8461111111102784,-92.67082180431882,-27.861101322780492,34.93055555555556
m5_low30-40_close50-70_green,NO,flat,below50-150,80,72,57.90277777777778,6.0,0.7222222222222222,0.7237847222222222,-0.12500000000000158,-7.555555555555559,"-7.56,-0.94,11.78,-3.78",3,10,-16.545454545454547,1.8461111111102784,-92.67082180431882,-27.861101322780492,34.93055555555556
m5_low30-40_close50-70_green,NO,flat,below50-150,85,72,57.90277777777778,6.0,0.6944444444444444,0.6812091503267974,1.124999999999999,-4.500000000000003,"-4.50,-2.06,11.50,-0.44",4,10,-14.000000000000002,1.8461111111102784,-92.67082180431882,-27.861101322780492,34.93055555555556
m5_low30-40_close50-70_green,NO,flat,below0-50,65,63,59.74603174603175,7.0,0.8412698412698413,0.9191697191697192,-5.063492063492064,-12.266666666666667,"-5.94,3.81,-12.27,-6.31",3,9,-16.000000000000004,0.9342857142851461,-24.018477384852535,-5.982422046127174,34.301587301587304
m5_low30-40_close50-70_green,NO,flat,below0-50,70,63,59.74603174603175,7.0,0.7777777777777778,0.853514739229025,-5.301587301587303,-17.933333333333334,"-10.63,8.81,-17.93,-2.25",2,9,-24.33333333333334,0.9342857142851461,-24.018477384852535,-5.982422046127174,34.301587301587304
m5_low30-40_close50-70_green,NO,flat,below0-50,75,63,59.74603174603175,7.0,0.6984126984126984,0.7966137566137567,-7.365079365079366,-24.933333333333334,"-11.88,13.81,-24.93,-7.56",3,9,-26.727272727272727,0.9342857142851461,-24.018477384852535,-5.982422046127174,34.301587301587304
m5_low30-40_close50-70_green,NO,flat,below0-50,80,63,59.74603174603175,7.0,0.6825396825396826,0.7468253968253968,-5.142857142857144,-22.6,"-8.75,13.81,-22.60,-4.13",2,9,-24.454545454545453,0.9342857142851461,-24.018477384852535,-5.982422046127174,34.301587301587304
m5_low30-40_close50-70_green,NO,flat,below0-50,85,63,59.74603174603175,7.0,0.6507936507936508,0.7028944911297853,-4.428571428571431,-20.266666666666666,"-10.94,13.19,-20.27,-0.69",4,9,-22.181818181818183,0.9342857142851461,-24.018477384852535,-5.982422046127174,34.301587301587304
m5_low30-40_close50-70_green,NO,flat,above0-50,65,61,59.377049180327866,7.0,0.8524590163934426,0.9134930643127364,-3.967213114754099,-6.562500000000002,"-6.56,-4.13,0.93,-5.93",5,10,-26.000000000000004,1.8140983606555563,23.484518925952305,3.9115416661352653,35.09836065573771
m5_low30-40_close50-70_green,NO,flat,above0-50,70,61,59.377049180327866,7.0,0.8032786885245902,0.8482435597189695,-3.147540983606558,-6.875000000000002,"-6.88,0.20,-3.73,-1.93",3,10,-23.500000000000004,1.8140983606555563,23.484518925952305,3.9115416661352653,35.09836065573771
m5_low30-40_close50-70_green,NO,flat,above0-50,75,61,59.377049180327866,7.0,0.8032786885245902,0.7916939890710382,0.868852459016393,-3.1250000000000018,"-3.13,4.53,0.27,2.07",6,10,-21.000000000000004,1.8140983606555563,23.484518925952305,3.9115416661352653,35.09836065573771
m5_low30-40_close50-70_green,NO,flat,above0-50,80,61,59.377049180327866,7.0,0.7868852459016393,0.7422131147540983,3.5737704918032787,-1.066666666666667,"0.62,8.87,-1.07,6.07",7,10,-18.500000000000004,1.8140983606555563,23.484518925952305,3.9115416661352653,35.09836065573771
m5_low30-40_close50-70_green,NO,flat,above0-50,85,61,59.377049180327866,7.0,0.7704918032786885,0.6985535197685632,6.114754098360656,2.5999999999999996,"4.37,13.20,2.60,4.40",7,10,-16.000000000000004,1.8140983606555563,23.484518925952305,3.9115416661352653,35.09836065573771
m5_low30-40_close50-70_green,NO,flat,above50-150,65,49,59.755102040816325,6.0,0.8979591836734694,0.919309262166405,-1.387755102040818,-5.230769230769233,"-5.23,-0.00,-3.17,3.17",6,10,-13.66666666666667,3.8314285714283813,84.361743560253,24.969100179673827,34.30612244897959
m5_low30-40_close50-70_green,NO,flat,above50-150,70,49,59.755102040816325,6.0,0.7755102040816326,0.8536443148688047,-5.469387755102042,-11.769230769230772,"-11.77,-1.25,-10.67,2.33",4,10,-25.000000000000004,3.8314285714283813,84.361743560253,24.969100179673827,34.30612244897959
m5_low30-40_close50-70_green,NO,flat,above50-150,75,49,59.755102040816325,6.0,0.7755102040816326,0.796734693877551,-1.5918367346938787,-8.30769230769231,"-8.31,2.92,-7.33,6.92",5,10,-22.500000000000004,3.8314285714283813,84.361743560253,24.969100179673827,34.30612244897959
m5_low30-40_close50-70_green,NO,flat,above50-150,80,49,59.755102040816325,6.0,0.7346938775510204,0.746938775510204,-0.9795918367346953,-11.000000000000002,"-11.00,0.42,-4.00,11.50",5,10,-22.500000000000004,3.8314285714283813,84.361743560253,24.969100179673827,34.30612244897959
m5_low30-40_close50-70_green,NO,flat,above50-150,85,49,59.755102040816325,6.0,0.6938775510204082,0.7030012004801921,-0.7755102040816338,-7.923076923076925,"-7.92,-2.92,-7.75,16.08",5,10,-20.000000000000004,3.8314285714283813,84.361743560253,24.969100179673827,34.30612244897959
m5_low30-40_close50-70_green,NO,flat,above>150,65,44,58.11363636363637,6.0,0.9090909090909091,0.8940559440559441,0.977272727272726,-4.363636363636366,"1.09,-4.36,5.64,1.55",7,9,-10.250000000000002,1.1829545454536194,311.9793969442754,91.48912288856148,35.47727272727273
m5_low30-40_close50-70_green,NO,flat,above>150,70,44,58.11363636363637,6.0,0.8409090909090909,0.8301948051948053,0.7499999999999993,-6.636363636363639,"-0.73,-6.64,10.64,-0.27",5,9,-16.400000000000002,1.1829545454536194,311.9793969442754,91.48912288856148,35.47727272727273
m5_low30-40_close50-70_green,NO,flat,above>150,75,44,58.11363636363637,6.0,0.7954545454545454,0.7748484848484849,1.545454545454544,-3.0000000000000027,"3.36,-3.00,2.00,3.82",4,9,-13.400000000000002,1.1829545454536194,311.9793969442754,91.48912288856148,35.47727272727273
m5_low30-40_close50-70_green,NO,flat,above>150,80,44,58.11363636363637,6.0,0.7727272727272727,0.7264204545454546,3.7045454545454537,0.18181818181817988,"0.18,0.64,6.09,7.91",6,9,-10.400000000000002,1.1829545454536194,311.9793969442754,91.48912288856148,35.47727272727273
m5_low30-40_close50-70_green,NO,flat,above>150,85,44,58.11363636363637,6.0,0.75,0.6836898395721925,5.636363636363635,2.4545454545454564,"3.82,4.27,2.45,12.00",5,9,-15.75,1.1829545454536194,311.9793969442754,91.48912288856148,35.47727272727273
m5_low30-40_close50-70_green,NO,with20-50,below>150,65,25,61.76,6.0,0.96,0.9501538461538461,0.6400000000000017,-7.333333333333326,"1.00,-7.33,3.33,5.50",7,9,-24.5,32.06839999999968,-412.12323616606534,-123.76914917096205,34.84
m5_low30-40_close50-70_green,NO,with20-50,below>150,70,25,61.76,6.0,0.92,0.8822857142857142,2.6400000000000023,-3.1666666666666594,"6.00,-3.17,8.33,-1.17",7,9,-22.0,32.06839999999968,-412.12323616606534,-123.76914917096205,34.84
m5_low30-40_close50-70_green,NO,with20-50,below>150,75,25,61.76,6.0,0.84,0.8234666666666667,1.240000000000002,-23.99999999999999,"11.00,-24.00,13.33,3.00",5,9,-19.5,32.06839999999968,-412.12323616606534,-123.76914917096205,34.84
m5_low30-40_close50-70_green,NO,with20-50,below>150,80,25,61.76,6.0,0.8,0.772,2.240000000000002,-21.49999999999999,"16.00,-21.50,5.00,7.17",5,9,-17.0,32.06839999999968,-412.12323616606534,-123.76914917096205,34.84
m5_low30-40_close50-70_green,NO,with20-50,below>150,85,25,61.76,6.0,0.68,0.7265882352941176,-3.9599999999999977,-18.999999999999993,"-3.29,-19.00,-5.00,11.33",4,9,-57.0,32.06839999999968,-412.12323616606534,-123.76914917096205,34.84
m5_low30-40_close50-70_green,YES,flat,below>150,65,39,60.69230769230769,7.0,0.8974358974358975,0.9337278106508876,-2.35897435897436,-13.500000000000004,"-13.50,3.90,5.67,-4.70",7,9,-26.666666666666668,0.17589743589726425,-318.325208904286,-91.61198260886289,34.94871794871795
m5_low30-40_close50-70_green,YES,flat,below>150,70,39,60.69230769230769,7.0,0.8205128205128205,0.8670329670329671,-3.2564102564102573,-17.000000000000004,"-17.00,-5.10,10.67,-0.20",6,9,-24.166666666666668,0.17589743589726425,-318.325208904286,-91.61198260886289,34.94871794871795
m5_low30-40_close50-70_green,YES,flat,below>150,75,39,60.69230769230769,7.0,0.7692307692307693,0.8092307692307692,-3.000000000000001,-14.000000000000004,"-14.00,-1.10,15.67,-10.70",5,9,-21.666666666666668,0.17589743589726425,-318.325208904286,-91.61198260886289,34.94871794871795
m5_low30-40_close50-70_green,YES,flat,below>150,80,39,60.69230769230769,7.0,0.7692307692307693,0.7586538461538461,0.8461538461538461,-11.000000000000004,"-11.00,2.90,20.67,-7.20",5,9,-19.166666666666668,0.17589743589726425,-318.325208904286,-91.61198260886289,34.94871794871795
m5_low30-40_close50-70_green,YES,flat,below>150,85,39,60.69230769230769,7.0,0.6923076923076923,0.714027149321267,-1.8461538461538463,-12.2,"-8.00,-1.60,16.22,-12.20",4,9,-21.5,0.17589743589726425,-318.325208904286,-91.61198260886289,34.94871794871795
m5_low30-40_close50-70_green,YES,flat,below50-150,65,39,59.23076923076923,7.0,0.7948717948717948,0.9112426035502958,-7.564102564102564,-13.0,"-13.00,-8.30,-6.56,-2.30",2,9,-21.0,-0.41307692307712457,-90.72500002181019,-23.435089879020197,35.64102564102564
m5_low30-40_close50-70_green,YES,flat,below50-150,70,39,59.23076923076923,7.0,0.7435897435897436,0.8461538461538461,-7.17948717948718,-16.5,"-16.50,-11.30,-2.67,2.20",4,9,-31.8,-0.41307692307712457,-90.72500002181019,-23.435089879020197,35.64102564102564
m5_low30-40_close50-70_green,YES,flat,below50-150,75,39,59.23076923076923,7.0,0.6923076923076923,0.7897435897435898,-7.3076923076923075,-15.3,"-13.50,-15.30,-7.11,6.70",4,9,-29.8,-0.41307692307712457,-90.72500002181019,-23.435089879020197,35.64102564102564
m5_low30-40_close50-70_green,YES,flat,below50-150,80,39,59.23076923076923,7.0,0.5897435897435898,0.7403846153846154,-12.051282051282051,-18.5,"-18.50,-12.30,-3.78,-12.80",2,9,-27.8,-0.41307692307712457,-90.72500002181019,-23.435089879020197,35.64102564102564
m5_low30-40_close50-70_green,YES,flat,below50-150,85,39,59.23076923076923,7.0,0.5641025641025641,0.6968325791855204,-11.282051282051283,-16.0,"-16.00,-9.30,-9.89,-9.80",3,9,-30.857142857142858,-0.41307692307712457,-90.72500002181019,-23.435089879020197,35.64102564102564
m5_low30-40_close50-70_green,YES,flat,below0-50,65,46,60.15217391304348,6.0,0.8260869565217391,0.9254180602006689,-6.456521739130435,-17.0,"-17.00,-6.82,-6.64,4.58",4,9,-58.5,2.6060869565210494,-24.253314217663263,-7.673955919095929,36.04347826086956
m5_low30-40_close50-70_green,YES,flat,below0-50,70,46,60.15217391304348,6.0,0.7391304347826086,0.8593167701863353,-8.41304347826087,-19.5,"-19.50,-9.09,-15.27,9.58",3,9,-58.5,2.6060869565210494,-24.253314217663263,-7.673955919095929,36.04347826086956
m5_low30-40_close50-70_green,YES,flat,below0-50,75,46,60.15217391304348,6.0,0.717391304347826,0.8020289855072463,-6.3478260869565215,-18.90909090909091,"-16.58,-5.45,-18.91,14.58",4,9,-58.5,2.6060869565210494,-24.253314217663263,-7.673955919095929,36.04347826086956
m5_low30-40_close50-70_green,YES,flat,below0-50,80,46,60.15217391304348,6.0,0.717391304347826,0.7519021739130435,-2.760869565217391,-16.181818181818183,"-13.67,-1.82,-16.18,19.58",5,9,-58.5,2.6060869565210494,-24.253314217663263,-7.673955919095929,36.04347826086956
m5_low30-40_close50-70_green,YES,flat,below0-50,85,46,60.15217391304348,6.0,0.6956521739130435,0.7076726342710997,-1.0217391304347827,-13.454545454545455,"-10.75,-5.91,-13.45,24.58",4,9,-58.5,2.6060869565210494,-24.253314217663263,-7.673955919095929,36.04347826086956
m5_low30-40_close50-70_green,YES,flat,above0-50,65,58,59.689655172413794,6.0,0.8275862068965517,0.9183023872679045,-5.896551724137931,-17.714285714285715,"0.07,-17.71,-3.93,-2.67",3,10,-26.5,3.502413793103689,23.83687559700298,7.803786684672277,35.89655172413793
m5_low30-40_close50-70_green,YES,flat,above0-50,70,58,59.689655172413794,6.0,0.7586206896551724,0.8527093596059113,-6.586206896551725,-19.5,"4.73,-19.50,-9.64,-3.00",3,10,-35.666666666666664,3.502413793103689,23.83687559700298,7.803786684672277,35.89655172413793
m5_low30-40_close50-70_green,YES,flat,above0-50,75,58,59.689655172413794,6.0,0.6551724137931034,0.7958620689655173,-10.551724137931034,-22.0,"4.40,-22.00,-16.79,-9.00",2,10,-34.0,3.502413793103689,23.83687559700298,7.803786684672277,35.89655172413793
m5_low30-40_close50-70_green,YES,flat,above0-50,80,58,59.689655172413794,6.0,0.6206896551724138,0.7461206896551724,-10.03448275862069,-19.5,"8.73,-19.50,-13.93,-16.33",3,10,-32.333333333333336,3.502413793103689,23.83687559700298,7.803786684672277,35.89655172413793
m5_low30-40_close50-70_green,YES,flat,above0-50,85,58,59.689655172413794,6.0,0.5689655172413793,0.7022312373225152,-11.327586206896552,-29.142857142857142,"13.07,-29.14,-11.07,-19.33",4,10,-34.75,3.502413793103689,23.83687559700298,7.803786684672277,35.89655172413793
m5_low30-40_close50-70_green,YES,flat,above50-150,65,68,58.779411764705884,6.0,0.8088235294117647,0.9042986425339367,-6.205882352941177,-11.823529411764707,"-4.71,-5.12,-3.18,-11.82",3,10,-55.0,3.4800000000008473,92.79368525441842,26.441664378030563,35.61764705882353
m5_low30-40_close50-70_green,YES,flat,above50-150,70,68,58.779411764705884,6.0,0.7647058823529411,0.8397058823529412,-5.25,-12.411764705882353,"-0.59,-9.24,1.24,-12.41",5,10,-55.0,3.4800000000008473,92.79368525441842,26.441664378030563,35.61764705882353
m5_low30-40_close50-70_green,YES,flat,above50-150,75,68,58.779411764705884,6.0,0.7352941176470589,0.7837254901960784,-3.6323529411764706,-10.117647058823529,"3.53,-10.12,1.24,-9.18",5,10,-55.0,3.4800000000008473,92.79368525441842,26.441664378030563,35.61764705882353
m5_low30-40_close50-70_green,YES,flat,above50-150,80,68,58.779411764705884,6.0,0.6470588235294118,0.7347426470588235,-7.014705882352941,-16.294117647058822,"2.94,-16.29,-8.76,-5.94",4,10,-55.0,3.4800000000008473,92.79368525441842,26.441664378030563,35.61764705882353
m5_low30-40_close50-70_green,YES,flat,above50-150,85,68,58.779411764705884,6.0,0.6176470588235294,0.691522491349481,-6.279411764705882,-15.529411764705882,"6.76,-13.65,-15.53,-2.71",4,10,-55.0,3.4800000000008473,92.79368525441842,26.441664378030563,35.61764705882353
m5_low30-40_close50-70_green,YES,flat,above>150,65,51,59.09803921568628,6.0,0.8823529411764706,0.9092006033182505,-1.7450980392156856,-4.538461538461538,"1.38,-4.54,-0.92,-2.85",7,10,-16.166666666666668,2.6403921568623856,366.4020737213823,105.479187382163,35.72549019607843
m5_low30-40_close50-70_green,YES,flat,above>150,70,51,59.09803921568628,6.0,0.8627450980392157,0.8442577030812325,1.2941176470588236,-5.6923076923076925,"6.00,-5.69,3.67,1.38",7,10,-12.833333333333334,2.6403921568623856,366.4020737213823,105.479187382163,35.72549019607843
m5_low30-40_close50-70_green,YES,flat,above>150,75,51,59.09803921568628,6.0,0.7647058823529411,0.7879738562091504,-1.7450980392156863,-7.615384615384615,"4.85,-7.62,2.00,-5.92",6,10,-22.499999999999996,2.6403921568623856,366.4020737213823,105.479187382163,35.72549019607843
m5_low30-40_close50-70_green,YES,flat,above>150,80,51,59.09803921568628,6.0,0.7254901960784313,0.7387254901960785,-1.0588235294117643,-8.615384615384615,"9.08,-4.15,-0.50,-8.62",6,10,-32.833333333333336,2.6403921568623856,366.4020737213823,105.479187382163,35.72549019607843
m5_low30-40_close50-70_green,YES,flat,above>150,85,51,59.09803921568628,6.0,0.7058823529411765,0.6952710495963091,0.9019607843137256,-5.538461538461538,"13.31,-0.69,-3.83,-5.54",6,10,-45.333333333333336,2.6403921568623856,366.4020737213823,105.479187382163,35.72549019607843
m5_low30-40_close50-70_green,YES,with20-50,above50-150,65,27,62.925925925925924,6.0,0.9629629629629629,0.968091168091168,-0.3333333333333333,-7.571428571428572,"-7.57,0.29,2.67,3.71",7,9,-13.750000000000002,29.51111111111122,95.89101330720749,20.625443182458522,34.44444444444444
m5_low30-40_close50-70_green,YES,with20-50,above50-150,70,27,62.925925925925924,6.0,0.9629629629629629,0.8989417989417989,4.481481481481482,-3.285714285714287,"-3.29,5.29,7.67,8.71",8,9,-10.000000000000002,29.51111111111122,95.89101330720749,20.625443182458522,34.44444444444444
m5_low30-40_close50-70_green,YES,with20-50,above50-150,75,27,62.925925925925924,6.0,0.8888888888888888,0.8390123456790123,3.740740740740741,-9.714285714285714,"-9.71,10.29,0.17,13.71",7,9,-25.0,29.51111111111122,95.89101330720749,20.625443182458522,34.44444444444444
m5_low30-40_close50-70_green,YES,with20-50,above50-150,80,27,62.925925925925924,6.0,0.8148148148148148,0.7865740740740741,2.2592592592592595,-6.142857142857144,"-6.14,3.86,4.33,7.29",6,9,-22.5,29.51111111111122,95.89101330720749,20.625443182458522,34.44444444444444
m5_low30-40_close50-70_green,YES,with20-50,above50-150,85,27,62.925925925925924,6.0,0.7777777777777778,0.7403050108932462,3.185185185185185,-4.0,"-2.57,-4.00,8.50,11.57",5,9,-20.0,29.51111111111122,95.89101330720749,20.625443182458522,34.44444444444444
m5_low30-40_close50-70_green,YES,with20-50,above>150,65,26,61.88461538461539,6.0,0.8846153846153846,0.9520710059171598,-4.384615384615385,-9.666666666666666,"-7.43,-5.33,-9.67,4.00",2,8,-16.999999999999996,34.06500000000009,315.02255596866456,77.58859987177522,34.73076923076923
m5_low30-40_close50-70_green,YES,with20-50,above>150,70,26,61.88461538461539,6.0,0.8846153846153846,0.8840659340659341,0.038461538461538464,-5.499999999999999,"-3.14,-1.17,-5.50,9.00",5,8,-13.666666666666664,34.06500000000009,315.02255596866456,77.58859987177522,34.73076923076923
m5_low30-40_close50-70_green,YES,with20-50,above>150,75,26,61.88461538461539,6.0,0.8846153846153846,0.8251282051282052,4.461538461538462,-1.3333333333333321,"1.14,3.00,-1.33,14.00",6,8,-10.33333333333333,34.06500000000009,315.02255596866456,77.58859987177522,34.73076923076923
m5_low30-40_close50-70_green,YES,with20-50,above>150,80,26,61.88461538461539,6.0,0.8461538461538461,0.7735576923076923,5.8076923076923075,2.8333333333333344,"5.43,7.17,2.83,7.57",6,8,-6.999999999999997,34.06500000000009,315.02255596866456,77.58859987177522,34.73076923076923
m5_low30-40_close50-70_green,YES,with20-50,above>150,85,26,61.88461538461539,6.0,0.8076923076923077,0.728054298642534,6.769230769230769,-0.28571428571428675,"9.71,11.33,7.00,-0.29",6,8,-9.200000000000001,34.06500000000009,315.02255596866456,77.58859987177522,34.73076923076923
m6_low0-20_close35-55_green,NO,flat,below>150,65,29,43.13793103448276,7.0,0.6551724137931034,0.6636604774535809,-0.5517241379310345,-9.714285714285714,"-0.38,5.29,2.57,-9.71",3,10,-40.5,-3.3096551724141543,-368.5186619617151,-101.06315124724993,14.56206896551724
m6_low0-20_close35-55_green,NO,flat,below>150,70,29,43.13793103448276,7.0,0.5862068965517241,0.616256157635468,-2.103448275862069,-6.857142857142856,"-6.00,-1.14,6.14,-6.86",3,10,-40.5,-3.3096551724141543,-368.5186619617151,-101.06315124724993,14.56206896551724
m6_low0-20_close35-55_green,NO,flat,below>150,75,29,43.13793103448276,7.0,0.5517241379310345,0.5751724137931035,-1.7586206896551724,-3.999999999999999,"-3.50,1.71,-1.00,-4.00",3,10,-40.5,-3.3096551724141543,-368.5186619617151,-101.06315124724993,14.56206896551724
m6_low0-20_close35-55_green,NO,flat,below>150,80,29,43.13793103448276,7.0,0.5172413793103449,0.5392241379310345,-1.7586206896551724,-6.857142857142857,"-1.00,-6.86,1.86,-1.14",4,10,-42.666666666666664,-3.3096551724141543,-368.5186619617151,-101.06315124724993,14.56206896551724
m6_low0-20_close35-55_green,NO,flat,below>150,85,29,43.13793103448276,7.0,0.5172413793103449,0.5075050709939148,0.8275862068965517,-4.714285714285714,"1.50,-4.71,4.71,1.71",6,10,-42.666666666666664,-3.3096551724141543,-368.5186619617151,-101.06315124724993,14.56206896551724
m6_low0-20_close35-55_green,NO,flat,below50-150,65,29,42.55172413793103,8.0,0.5172413793103449,0.6546419098143236,-8.931034482758621,-24.0,"6.75,-24.00,-15.57,-5.14",1,9,-46.0,-6.392413793102605,-95.44913629909018,-17.297367908096177,14.362068965517237
m6_low0-20_close35-55_green,NO,flat,below50-150,70,29,42.55172413793103,8.0,0.5172413793103449,0.6078817733990147,-6.344827586206897,-22.571428571428573,"10.50,-22.57,-13.43,-2.29",1,9,-46.0,-6.392413793102605,-95.44913629909018,-17.297367908096177,14.362068965517237
m6_low0-20_close35-55_green,NO,flat,below50-150,75,29,42.55172413793103,8.0,0.5172413793103449,0.5673563218390805,-3.7586206896551726,-21.142857142857142,"14.25,-21.14,-11.29,0.57",1,9,-46.0,-6.392413793102605,-95.44913629909018,-17.297367908096177,14.362068965517237
m6_low0-20_close35-55_green,NO,flat,below50-150,80,29,42.55172413793103,8.0,0.4827586206896552,0.5318965517241379,-3.9310344827586206,-19.714285714285715,"8.00,-19.71,-9.14,3.43",3,9,-46.0,-6.392413793102605,-95.44913629909018,-17.297367908096177,14.362068965517237
m6_low0-20_close35-55_green,NO,flat,below50-150,85,29,42.55172413793103,8.0,0.4482758620689655,0.5006085192697769,-4.448275862068965,-30.428571428571427,"11.12,-30.43,-7.00,6.29",5,9,-46.0,-6.392413793102605,-95.44913629909018,-17.297367908096177,14.362068965517237
m6_low0-20_close35-55_green,NO,flat,above50-150,65,32,44.25,7.5,0.5625,0.6807692307692308,-7.6875,-20.75,"2.50,-20.75,-9.50,-3.00",4,9,-24.25,-0.7343749999993179,98.85861085341003,32.67919519248585,14.58125
m6_low0-20_close35-55_green,NO,flat,above50-150,70,32,44.25,7.5,0.53125,0.6321428571428571,-7.0625,-27.625,"6.25,-27.62,-7.00,0.12",6,9,-33.333333333333336,-0.7343749999993179,98.85861085341003,32.67919519248585,14.58125
m6_low0-20_close35-55_green,NO,flat,above50-150,75,32,44.25,7.5,0.46875,0.59,-9.09375,-26.375,"10.00,-26.38,-13.88,-6.13",5,9,-32.5,-0.7343749999993179,98.85861085341003,32.67919519248585,14.58125
m6_low0-20_close35-55_green,NO,flat,above50-150,80,32,44.25,7.5,0.46875,0.553125,-6.75,-25.125,"13.75,-25.12,-12.00,-3.63",5,9,-31.666666666666668,-0.7343749999993179,98.85861085341003,32.67919519248585,14.58125
m6_low0-20_close35-55_green,NO,flat,above50-150,85,32,44.25,7.5,0.40625,0.5205882352941177,-9.71875,-23.875,"-3.75,-23.88,-10.12,-1.13",3,9,-30.833333333333332,-0.7343749999993179,98.85861085341003,32.67919519248585,14.58125
m6_low0-20_close35-55_green,YES,flat,below50-150,65,26,44.0,7.0,0.8461538461538461,0.676923076923077,11.0,-5.333333333333333,"23.29,20.67,-5.33,4.43",7,10,-14.0,-1.270769230769824,-92.56950365693271,-26.440554941219418,15.984615384615383
m6_low0-20_close35-55_green,YES,flat,below50-150,70,26,44.0,7.0,0.8461538461538461,0.6285714285714286,15.23076923076923,-2.0,"28.29,25.67,-2.00,8.00",7,10,-11.5,-1.270769230769824,-92.56950365693271,-26.440554941219418,15.984615384615383
m6_low0-20_close35-55_green,YES,flat,below50-150,75,26,44.0,7.0,0.7692307692307693,0.5866666666666667,13.692307692307692,-11.166666666666666,"22.57,30.67,-11.17,11.57",7,10,-9.0,-1.270769230769824,-92.56950365693271,-26.440554941219418,15.984615384615383
m6_low0-20_close35-55_green,YES,flat,below50-150,80,26,44.0,7.0,0.6538461538461539,0.55,8.307692307692308,-8.666666666666666,"15.43,35.67,-8.67,-7.71",6,10,-20.666666666666668,-1.270769230769824,-92.56950365693271,-26.440554941219418,15.984615384615383
m6_low0-20_close35-55_green,YES,flat,below50-150,85,26,44.0,7.0,0.5769230769230769,0.5176470588235295,5.038461538461538,-6.166666666666667,"19.00,12.33,-6.17,-5.57",6,10,-19.0,-1.270769230769824,-92.56950365693271,-26.440554941219418,15.984615384615383
m6_low0-20_close40-60_green,NO,flat,below>150,65,25,46.12,7.0,0.68,0.7095384615384615,-1.92,-14.0,"-1.71,11.50,-3.50,-14.00",3,9,-46.0,-3.1376000000009663,-354.7460615217075,-96.44802676367661,14.532000000000004
m6_low0-20_close40-60_green,NO,flat,below>150,70,25,46.12,7.0,0.64,0.6588571428571428,-1.32,-11.5,"1.86,4.00,-0.17,-11.50",3,9,-46.0,-3.1376000000009663,-354.7460615217075,-96.44802676367661,14.532000000000004
m6_low0-20_close40-60_green,NO,flat,below>150,75,25,46.12,7.0,0.6,0.6149333333333333,-1.12,-9.333333333333334,"5.43,7.33,-9.33,-9.00",4,9,-46.0,-3.1376000000009663,-354.7460615217075,-96.44802676367661,14.532000000000004
m6_low0-20_close40-60_green,NO,flat,below>150,80,25,46.12,7.0,0.56,0.5765,-1.32,-6.833333333333333,"9.00,-2.67,-6.83,-6.50",5,9,-46.0,-3.1376000000009663,-354.7460615217075,-96.44802676367661,14.532000000000004
m6_low0-20_close40-60_green,NO,flat,below>150,85,25,46.12,7.0,0.56,0.5425882352941176,1.48,-4.333333333333333,"12.57,-0.17,-4.33,-4.00",5,9,-46.0,-3.1376000000009663,-354.7460615217075,-96.44802676367661,14.532000000000004
m6_low0-20_close40-60_green,NO,flat,above50-150,65,31,48.0,7.0,0.6774193548387096,0.7384615384615385,-3.967741935483871,-14.125,"6.37,-14.12,-10.43,1.50",5,9,-23.333333333333332,-0.7380645161282436,96.67869624511373,31.93087490875135,14.935483870967742
m6_low0-20_close40-60_green,NO,flat,above50-150,70,31,48.0,7.0,0.6451612903225806,0.6857142857142857,-2.838709677419355,-20.375,"10.75,-20.38,-7.57,5.25",6,9,-33.333333333333336,-0.7380645161282436,96.67869624511373,31.93087490875135,14.935483870967742
m6_low0-20_close40-60_green,NO,flat,above50-150,75,31,48.0,7.0,0.5806451612903226,0.64,-4.451612903225806,-18.5,"15.12,-18.50,-15.43,-0.38",5,9,-51.0,-0.7380645161282436,96.67869624511373,31.93087490875135,14.935483870967742
m6_low0-20_close40-60_green,NO,flat,above50-150,80,31,48.0,7.0,0.5806451612903226,0.6,-1.5483870967741935,-16.625,"19.50,-16.62,-13.29,2.75",5,9,-51.0,-0.7380645161282436,96.67869624511373,31.93087490875135,14.935483870967742
m6_low0-20_close40-60_green,NO,flat,above50-150,85,31,48.0,7.0,0.5161290322580645,0.5647058823529412,-4.129032258064516,-36.0,"23.87,-36.00,-11.14,5.87",3,9,-51.0,-0.7380645161282436,96.67869624511373,31.93087490875135,14.935483870967742
m6_low0-20_close40-60_green,YES,flat,below50-150,65,25,48.6,8.0,0.8,0.7476923076923078,3.4,-5.333333333333333,"5.14,17.83,-5.33,-4.33",5,9,-22.666666666666668,-0.19680000000051223,-89.39738977874745,-26.20648161677091,15.943999999999999
m6_low0-20_close40-60_green,YES,flat,below50-150,70,25,48.6,8.0,0.8,0.6942857142857143,7.4,-2.0,"9.43,22.83,-2.00,-1.00",6,9,-21.0,-0.19680000000051223,-89.39738977874745,-26.20648161677091,15.943999999999999
m6_low0-20_close40-60_green,YES,flat,below50-150,75,25,48.6,8.0,0.72,0.648,5.4,-11.166666666666666,"3.00,27.83,-11.17,2.33",6,9,-30.666666666666668,-0.19680000000051223,-89.39738977874745,-26.20648161677091,15.943999999999999
m6_low0-20_close40-60_green,YES,flat,below50-150,80,25,48.6,8.0,0.6,0.6075,-0.6000000000000003,-21.0,"-4.86,32.83,-8.67,-21.00",5,9,-44.333333333333336,-0.19680000000051223,-89.39738977874745,-26.20648161677091,15.943999999999999
m6_low0-20_close40-60_green,YES,flat,below50-150,85,25,48.6,8.0,0.52,0.571764705882353,-4.4,-19.333333333333332,"-2.00,9.50,-6.17,-19.33",5,9,-44.333333333333336,-0.19680000000051223,-89.39738977874745,-26.20648161677091,15.943999999999999
m6_low0-20_close45-65_green,NO,flat,above50-150,65,27,52.7037037037037,8.0,0.7777777777777778,0.8108262108262108,-2.1481481481481493,-17.285714285714285,"11.86,-17.29,3.33,-5.71",5,9,-48.0,-1.6125925925920859,96.11155101925532,31.56836746145294,14.896296296296295
m6_low0-20_close45-65_green,NO,flat,above50-150,70,27,52.7037037037037,8.0,0.7407407407407407,0.7529100529100529,-0.8518518518518529,-14.428571428571429,"16.86,-14.43,-4.17,-2.14",5,9,-48.0,-1.6125925925920859,96.11155101925532,31.56836746145294,14.896296296296295
m6_low0-20_close45-65_green,NO,flat,above50-150,75,27,52.7037037037037,8.0,0.6666666666666666,0.702716049382716,-2.7037037037037046,-13.333333333333334,"21.86,-11.57,-13.33,-9.29",4,9,-51.0,-1.6125925925920859,96.11155101925532,31.56836746145294,14.896296296296295
m6_low0-20_close45-65_green,NO,flat,above50-150,80,27,52.7037037037037,8.0,0.6666666666666666,0.6587962962962963,0.6296296296296289,-10.833333333333334,"26.86,-8.71,-10.83,-6.43",4,9,-51.0,-1.6125925925920859,96.11155101925532,31.56836746145294,14.896296296296295
m6_low0-20_close45-65_green,NO,flat,above50-150,85,27,52.7037037037037,8.0,0.5925925925925926,0.6200435729847494,-2.3333333333333335,-30.142857142857142,"31.86,-30.14,-8.33,-3.57",4,9,-51.0,-1.6125925925920859,96.11155101925532,31.56836746145294,14.896296296296295
m6_low0-20_close45-65_green,YES,flat,below50-150,65,25,51.64,8.0,0.8,0.7944615384615384,0.36000000000000026,-10.499999999999998,"4.14,14.17,-7.00,-10.50",6,10,-28.666666666666668,-1.8044000000000233,-93.91635018843371,-27.839271512378183,15.432
m6_low0-20_close45-65_green,YES,flat,below50-150,70,25,51.64,8.0,0.8,0.7377142857142858,4.36,-7.166666666666664,"8.43,19.17,-3.67,-7.17",6,10,-27.0,-1.8044000000000233,-93.91635018843371,-27.839271512378183,15.432
m6_low0-20_close45-65_green,YES,flat,below50-150,75,25,51.64,8.0,0.68,0.6885333333333333,-0.64,-25.333333333333332,"2.00,24.17,-25.33,-3.83",6,10,-30.666666666666668,-1.8044000000000233,-93.91635018843371,-27.839271512378183,15.432
m6_low0-20_close45-65_green,YES,flat,below50-150,80,25,51.64,8.0,0.6,0.6455,-3.64,-23.666666666666668,"-5.86,29.17,-23.67,-13.83",5,10,-50.333333333333336,-1.8044000000000233,-93.91635018843371,-27.839271512378183,15.432
m6_low0-20_close45-65_green,YES,flat,below50-150,85,25,51.64,8.0,0.52,0.6075294117647059,-7.44,-22.0,"-3.00,5.83,-22.00,-11.33",5,10,-50.333333333333336,-1.8044000000000233,-93.91635018843371,-27.839271512378183,15.432
m6_low15-25_close35-55_green,NO,flat,below>150,65,27,44.333333333333336,7.0,0.6296296296296297,0.6820512820512821,-3.4074074074074074,-13.571428571428571,"-5.43,-13.57,20.17,-11.43",2,9,-38.0,-3.6177777777783273,-348.8589540093809,-98.33868822154047,19.51851851851852
m6_low15-25_close35-55_green,NO,flat,below>150,70,27,44.333333333333336,7.0,0.6296296296296297,0.6333333333333334,-0.25925925925925924,-11.428571428571429,"-2.57,-11.43,25.17,-8.57",3,9,-38.0,-3.6177777777783273,-348.8589540093809,-98.33868822154047,19.51851851851852
m6_low15-25_close35-55_green,NO,flat,below>150,75,27,44.333333333333336,7.0,0.6296296296296297,0.5911111111111111,2.888888888888889,-9.285714285714286,"0.29,-9.29,30.17,-5.71",3,9,-38.0,-3.6177777777783273,-348.8589540093809,-98.33868822154047,19.51851851851852
m6_low15-25_close35-55_green,NO,flat,below>150,80,27,44.333333333333336,7.0,0.5925925925925926,0.5541666666666667,3.074074074074074,-18.571428571428573,"3.14,-18.57,35.17,-2.86",3,9,-41.5,-3.6177777777783273,-348.8589540093809,-98.33868822154047,19.51851851851852
m6_low15-25_close35-55_green,NO,flat,below>150,85,27,44.333333333333336,7.0,0.5925925925925926,0.5215686274509804,6.037037037037037,-17.142857142857142,"6.00,-17.14,40.17,0.00",5,9,-41.5,-3.6177777777783273,-348.8589540093809,-98.33868822154047,19.51851851851852
m6_low15-25_close35-55_green,NO,flat,below50-150,65,26,43.19230769230769,8.0,0.46153846153846156,0.6644970414201183,-13.192307692307692,-21.666666666666668,"-13.86,-21.67,-2.33,-14.57",1,9,-51.0,-6.806538461538226,-80.34586231621535,-15.58446581127646,20.807692307692303
m6_low15-25_close35-55_green,NO,flat,below50-150,70,26,43.19230769230769,8.0,0.46153846153846156,0.6170329670329671,-10.884615384615385,-20.000000000000004,"-11.71,-20.00,1.00,-12.43",1,9,-51.0,-6.806538461538226,-80.34586231621535,-15.58446581127646,20.807692307692303
m6_low15-25_close35-55_green,NO,flat,below50-150,75,26,43.19230769230769,8.0,0.46153846153846156,0.5758974358974359,-8.576923076923077,-18.333333333333336,"-9.57,-18.33,4.33,-10.29",2,9,-51.0,-6.806538461538226,-80.34586231621535,-15.58446581127646,20.807692307692303
m6_low15-25_close35-55_green,NO,flat,below50-150,80,26,43.19230769230769,8.0,0.46153846153846156,0.5399038461538461,-6.269230769230769,-16.666666666666668,"-7.43,-16.67,7.67,-8.14",2,9,-51.0,-6.806538461538226,-80.34586231621535,-15.58446581127646,20.807692307692303
m6_low15-25_close35-55_green,NO,flat,below50-150,85,26,43.19230769230769,8.0,0.46153846153846156,0.5081447963800905,-3.961538461538462,-15.000000000000002,"-5.29,-15.00,11.00,-6.00",4,9,-51.0,-6.806538461538226,-80.34586231621535,-15.58446581127646,20.807692307692303
m6_low15-25_close35-55_green,NO,flat,below0-50,65,28,43.964285714285715,7.0,0.6785714285714286,0.6763736263736264,0.1428571428571426,-7.142857142857143,"11.71,2.43,-6.43,-7.14",7,10,-14.0,-1.1882142857136517,-24.884844152374303,-4.732867343002779,20.714285714285715
m6_low15-25_close35-55_green,NO,flat,below0-50,70,28,43.964285714285715,7.0,0.6428571428571429,0.628061224489796,1.0357142857142854,-14.285714285714286,"16.00,6.00,-3.57,-14.29",7,10,-21.857142857142858,-1.1882142857136517,-24.884844152374303,-4.732867343002779,20.714285714285715
m6_low15-25_close35-55_green,NO,flat,below0-50,75,28,43.964285714285715,7.0,0.5714285714285714,0.5861904761904762,-1.1071428571428572,-12.142857142857142,"9.57,9.57,-11.43,-12.14",6,10,-20.428571428571427,-1.1882142857136517,-24.884844152374303,-4.732867343002779,20.714285714285715
m6_low15-25_close35-55_green,NO,flat,below0-50,80,28,43.964285714285715,7.0,0.5,0.5495535714285714,-3.9642857142857144,-20.714285714285715,"1.71,13.14,-20.71,-10.00",5,10,-38.0,-1.1882142857136517,-24.884844152374303,-4.732867343002779,20.714285714285715
m6_low15-25_close35-55_green,NO,flat,below0-50,85,28,43.964285714285715,7.0,0.5,0.5172268907563026,-1.4642857142857142,-19.285714285714285,"4.57,16.71,-19.29,-7.86",5,10,-38.0,-1.1882142857136517,-24.884844152374303,-4.732867343002779,20.714285714285715
m6_low15-25_close35-55_green,NO,flat,above0-50,65,33,43.90909090909091,8.0,0.5454545454545454,0.6755244755244755,-8.454545454545455,-18.666666666666668,"-18.67,7.25,-11.50,-9.62",3,10,-52.0,-0.8448484848488464,27.86129966514537,8.418245037651849,20.242424242424242
m6_low15-25_close35-55_green,NO,flat,above0-50,70,33,43.90909090909091,8.0,0.5454545454545454,0.6272727272727272,-5.7272727272727275,-16.444444444444443,"-16.44,11.00,-9.00,-7.12",4,10,-52.0,-0.8448484848488464,27.86129966514537,8.418245037651849,20.242424242424242
m6_low15-25_close35-55_green,NO,flat,above0-50,75,33,43.90909090909091,8.0,0.5151515151515151,0.5854545454545454,-5.2727272727272725,-14.222222222222221,"-14.22,5.38,-6.50,-4.62",4,10,-52.0,-0.8448484848488464,27.86129966514537,8.418245037651849,20.242424242424242
m6_low15-25_close35-55_green,NO,flat,above0-50,80,33,43.90909090909091,8.0,0.45454545454545453,0.5488636363636363,-7.545454545454546,-20.88888888888889,"-20.89,8.50,-14.00,-2.12",3,10,-52.0,-0.8448484848488464,27.86129966514537,8.418245037651849,20.242424242424242
m6_low15-25_close35-55_green,NO,flat,above0-50,85,33,43.90909090909091,8.0,0.45454545454545453,0.5165775401069519,-5.2727272727272725,-19.22222222222222,"-19.22,11.63,-12.12,0.38",3,10,-52.0,-0.8448484848488464,27.86129966514537,8.418245037651849,20.242424242424242
m6_low15-25_close35-55_green,NO,flat,above50-150,65,34,44.88235294117647,7.0,0.6764705882352942,0.6904977375565611,-0.9117647058823529,-13.000000000000002,"-1.89,-13.00,-5.75,15.11",5,9,-40.0,0.5494117647065329,94.26684205130111,28.792292071926887,20.08823529411765
m6_low15-25_close35-55_green,NO,flat,above50-150,70,34,44.88235294117647,7.0,0.6470588235294118,0.6411764705882353,0.4117647058823529,-19.25,"1.44,-19.25,-2.63,19.56",5,9,-40.0,0.5494117647065329,94.26684205130111,28.792292071926887,20.08823529411765
m6_low15-25_close35-55_green,NO,flat,above50-150,75,34,44.88235294117647,7.0,0.5588235294117647,0.5984313725490196,-2.9705882352941178,-17.375,"-3.56,-17.38,-8.88,15.67",5,9,-43.666666666666664,0.5494117647065329,94.26684205130111,28.792292071926887,20.08823529411765
m6_low15-25_close35-55_green,NO,flat,above50-150,80,34,44.88235294117647,7.0,0.5,0.5610294117647059,-4.882352941176471,-16.375,"-0.78,-15.50,-16.38,10.67",3,9,-43.666666666666664,0.5494117647065329,94.26684205130111,28.792292071926887,20.08823529411765
m6_low15-25_close35-55_green,NO,flat,above50-150,85,34,44.88235294117647,7.0,0.4117647058823529,0.5280276816608996,-9.882352941176471,-25.125,"-7.44,-24.25,-25.12,14.00",1,9,-43.666666666666664,0.5494117647065329,94.26684205130111,28.792292071926887,20.08823529411765
m6_low15-25_close35-55_green,YES,flat,below50-150,65,33,44.93939393939394,7.0,0.9090909090909091,0.6913752913752913,14.151515151515152,9.875,"14.22,19.75,9.88,12.75",10,10,4.2,-0.0942424242422214,-87.68448795943902,-21.171111272155198,20.303030303030305
m6_low15-25_close35-55_green,YES,flat,below50-150,70,33,44.93939393939394,7.0,0.8484848484848485,0.641991341991342,14.454545454545455,5.5,"10.89,24.75,5.50,17.12",9,10,-5.8,-0.0942424242422214,-87.68448795943902,-21.171111272155198,20.303030303030305
m6_low15-25_close35-55_green,YES,flat,below50-150,75,33,44.93939393939394,7.0,0.7878787878787878,0.5991919191919192,14.151515151515152,-0.125,"6.44,29.75,-0.12,21.50",9,10,-17.8,-0.0942424242422214,-87.68448795943902,-21.171111272155198,20.303030303030305
m6_low15-25_close35-55_green,YES,flat,below50-150,80,33,44.93939393939394,7.0,0.7272727272727273,0.5617424242424243,13.242424242424242,3.0,"9.78,34.75,3.00,5.88",9,10,-31.8,-0.0942424242422214,-87.68448795943902,-21.171111272155198,20.303030303030305
m6_low15-25_close35-55_green,YES,flat,below50-150,85,33,44.93939393939394,7.0,0.7272727272727273,0.528698752228164,16.87878787878788,6.125,"13.11,39.75,6.12,9.00",9,10,-30.8,-0.0942424242422214,-87.68448795943902,-21.171111272155198,20.303030303030305
m6_low15-25_close35-55_green,YES,flat,above50-150,65,37,44.567567567567565,7.0,0.6756756756756757,0.6856548856548856,-0.6486486486486487,-7.888888888888889,"7.60,-7.89,-2.33,-0.89",5,10,-45.0,0.07486486486536828,86.62495284183447,25.52545966091153,21.216216216216218
m6_low15-25_close35-55_green,YES,flat,above50-150,70,37,44.567567567567565,7.0,0.6486486486486487,0.6366795366795367,0.8378378378378378,-5.111111111111111,"4.60,-5.11,1.00,2.44",5,10,-45.0,0.07486486486536828,86.62495284183447,25.52545966091153,21.216216216216218
m6_low15-25_close35-55_green,YES,flat,above50-150,75,37,44.567567567567565,7.0,0.5675675675675675,0.5942342342342342,-2.0,-10.666666666666666,"8.10,-10.67,-4.00,-2.56",3,10,-45.0,0.07486486486536828,86.62495284183447,25.52545966091153,21.216216216216218
m6_low15-25_close35-55_green,YES,flat,above50-150,80,37,44.567567567567565,7.0,0.5405405405405406,0.5570945945945945,-1.3243243243243243,-10.11111111111111,"11.60,-8.44,-10.11,0.22",4,10,-45.0,0.07486486486536828,86.62495284183447,25.52545966091153,21.216216216216218
m6_low15-25_close35-55_green,YES,flat,above50-150,85,37,44.567567567567565,7.0,0.4864864864864865,0.5243243243243243,-3.2162162162162162,-7.888888888888889,"6.60,-6.22,-7.89,-6.44",3,10,-45.0,0.07486486486536828,86.62495284183447,25.52545966091153,21.216216216216218
m6_low15-25_close40-60_green,NO,flat,below>150,65,26,49.5,8.0,0.6923076923076923,0.7615384615384615,-4.500000000000001,-5.5000000000000036,"-3.57,-5.50,-5.50,-3.71",2,9,-19.000000000000004,-1.5261538461546968,-357.97585111586494,-101.05538133472818,19.653846153846153
m6_low15-25_close40-60_green,NO,flat,below>150,70,26,49.5,8.0,0.6923076923076923,0.7071428571428572,-1.0384615384615392,-2.16666666666667,"0.00,-2.17,-2.17,-0.14",3,9,-16.500000000000004,-1.5261538461546968,-357.97585111586494,-101.05538133472818,19.653846153846153
m6_low15-25_close40-60_green,NO,flat,below>150,75,26,49.5,8.0,0.6538461538461539,0.66,-0.46153846153846206,-7.142857142857143,"-7.14,1.17,1.17,3.43",3,9,-58.00000000000001,-1.5261538461546968,-357.97585111586494,-101.05538133472818,19.653846153846153
m6_low15-25_close40-60_green,NO,flat,below>150,80,26,49.5,8.0,0.6153846153846154,0.61875,-0.2692307692307698,-8.833333333333337,"-4.29,-8.83,4.50,7.00",3,9,-58.00000000000001,-1.5261538461546968,-357.97585111586494,-101.05538133472818,19.653846153846153
m6_low15-25_close40-60_green,NO,flat,below>150,85,26,49.5,8.0,0.6153846153846154,0.5823529411764706,2.8076923076923075,-6.333333333333337,"-1.43,-6.33,7.83,10.57",3,9,-58.00000000000001,-1.5261538461546968,-357.97585111586494,-101.05538133472818,19.653846153846153
m6_low15-25_close40-60_green,NO,flat,below0-50,65,25,48.48,7.0,0.72,0.7458461538461538,-1.6800000000000017,-9.66666666666667,"6.29,-9.67,-2.67,-2.00",5,9,-19.0,1.3431999999997788,-26.73380239058286,-7.928128991278936,21.2
m6_low15-25_close40-60_green,NO,flat,below0-50,70,25,48.48,7.0,0.68,0.6925714285714285,-0.8800000000000017,-10.333333333333334,"10.57,-6.33,0.67,-10.33",6,9,-20.666666666666668,1.3431999999997788,-26.73380239058286,-7.928128991278936,21.2
m6_low15-25_close40-60_green,NO,flat,below0-50,75,25,48.48,7.0,0.6,0.6464,-3.4800000000000013,-8.500000000000002,"4.14,-3.00,-8.50,-7.83",5,9,-19.0,1.3431999999997788,-26.73380239058286,-7.928128991278936,21.2
m6_low15-25_close40-60_green,NO,flat,below0-50,80,25,48.48,7.0,0.56,0.606,-3.680000000000001,-19.333333333333336,"7.71,0.33,-19.33,-5.33",5,9,-30.666666666666668,1.3431999999997788,-26.73380239058286,-7.928128991278936,21.2
m6_low15-25_close40-60_green,NO,flat,below0-50,85,25,48.48,7.0,0.52,0.5703529411764705,-4.280000000000001,-17.666666666666668,"-0.86,3.67,-17.67,-2.83",4,9,-29.833333333333332,1.3431999999997788,-26.73380239058286,-7.928128991278936,21.2
m6_low15-25_close40-60_green,NO,flat,above0-50,65,30,47.333333333333336,7.5,0.6333333333333333,0.7282051282051283,-6.166666666666667,-16.625,"-16.62,0.86,-8.14,-0.13",4,9,-52.0,0.43866666666678306,28.160602794412746,7.964648524954343,20.9
m6_low15-25_close40-60_green,NO,flat,above0-50,70,30,47.333333333333336,7.5,0.6333333333333333,0.6761904761904762,-3.0,-14.125,"-14.12,4.43,-5.29,3.62",5,9,-52.0,0.43866666666678306,28.160602794412746,7.964648524954343,20.9
m6_low15-25_close40-60_green,NO,flat,above0-50,75,30,47.333333333333336,7.5,0.6,0.6311111111111112,-2.3333333333333335,-11.625,"-11.62,-2.71,-2.43,7.37",4,9,-52.0,0.43866666666678306,28.160602794412746,7.964648524954343,20.9
m6_low15-25_close40-60_green,NO,flat,above0-50,80,30,47.333333333333336,7.5,0.5333333333333333,0.5916666666666667,-4.666666666666667,-19.125,"-19.12,0.14,-11.00,11.12",4,9,-52.0,0.43866666666678306,28.160602794412746,7.964648524954343,20.9
m6_low15-25_close40-60_green,NO,flat,above0-50,85,30,47.333333333333336,7.5,0.5333333333333333,0.5568627450980392,-2.0,-17.25,"-17.25,3.00,-8.86,14.87",4,9,-52.0,0.43866666666678306,28.160602794412746,7.964648524954343,20.9
m6_low15-25_close40-60_green,NO,flat,above50-150,65,37,48.891891891891895,7.0,0.7837837837837838,0.7521829521829523,2.0540540540540517,-5.222222222222225,"-0.30,-4.78,-5.22,18.78",5,9,-40.0,1.802972972973736,93.0489605784336,26.907399464979715,20.135135135135137
m6_low15-25_close40-60_green,NO,flat,above50-150,70,37,48.891891891891895,7.0,0.7567567567567568,0.6984555984555985,4.08108108108108,-9.222222222222225,"3.70,-9.22,-1.89,23.78",5,9,-40.0,1.802972972973736,93.0489605784336,26.907399464979715,20.135135135135137
m6_low15-25_close40-60_green,NO,flat,above50-150,75,37,48.891891891891895,7.0,0.7027027027027027,0.6518918918918919,3.810810810810809,-6.888888888888891,"7.70,-6.44,-6.89,20.44",6,9,-47.0,1.802972972973736,93.0489605784336,26.907399464979715,20.135135135135137
m6_low15-25_close40-60_green,NO,flat,above50-150,80,37,48.891891891891895,7.0,0.6486486486486487,0.6111486486486487,2.9999999999999982,-13.000000000000004,"11.70,-3.67,-13.00,16.00",5,9,-47.0,1.802972972973736,93.0489605784336,26.907399464979715,20.135135135135137
m6_low15-25_close40-60_green,NO,flat,above50-150,85,37,48.891891891891895,7.0,0.5675675675675675,0.5751987281399047,-0.6486486486486502,-20.222222222222225,"15.70,-19.78,-20.22,19.89",4,9,-47.0,1.802972972973736,93.0489605784336,26.907399464979715,20.135135135135137
m6_low15-25_close40-60_green,NO,flat,above>150,65,26,48.34615384615385,7.0,0.7692307692307693,0.7437869822485207,1.6538461538461529,-4.666666666666664,"-3.43,-4.67,4.83,9.43",5,9,-13.999999999999995,1.3057692307688389,325.65895059448275,101.78860572370243,21.307692307692307
m6_low15-25_close40-60_green,NO,flat,above>150,70,26,48.34615384615385,7.0,0.7307692307692307,0.6906593406593406,2.8076923076923075,-1.333333333333331,"0.14,-1.33,9.00,3.71",6,9,-51.0,1.3057692307688389,325.65895059448275,101.78860572370243,21.307692307692307
m6_low15-25_close40-60_green,NO,flat,above>150,75,26,48.34615384615385,7.0,0.6153846153846154,0.6446153846153846,-2.1923076923076925,-11.833333333333336,"3.71,-10.50,-11.83,7.29",5,9,-51.0,1.3057692307688389,325.65895059448275,101.78860572370243,21.307692307692307
m6_low15-25_close40-60_green,NO,flat,above>150,80,26,48.34615384615385,7.0,0.5,0.604326923076923,-8.346153846153847,-22.666666666666668,"7.29,-21.33,-22.67,-0.57",4,9,-51.0,1.3057692307688389,325.65895059448275,101.78860572370243,21.307692307692307
m6_low15-25_close40-60_green,NO,flat,above>150,85,26,48.34615384615385,7.0,0.46153846153846156,0.5687782805429864,-9.115384615384615,-33.833333333333336,"10.86,-33.83,-21.00,2.29",4,9,-51.0,1.3057692307688389,325.65895059448275,101.78860572370243,21.307692307692307
m6_low15-25_close40-60_green,YES,flat,below50-150,65,30,48.8,7.0,0.9333333333333333,0.7507692307692307,11.866666666666667,8.25,"15.12,15.86,8.29,8.25",9,9,0.75,1.1519999999999224,-85.60739506782775,-23.061340434123363,20.233333333333334
m6_low15-25_close40-60_green,YES,flat,below50-150,70,30,48.8,7.0,0.8666666666666667,0.6971428571428571,11.866666666666667,3.875000000000001,"11.38,20.86,12.57,3.88",7,9,-15.5,1.1519999999999224,-85.60739506782775,-23.061340434123363,20.233333333333334
m6_low15-25_close40-60_green,YES,flat,below50-150,75,30,48.8,7.0,0.8,0.6506666666666666,11.2,6.142857142857143,"6.38,25.86,6.14,7.63",6,9,-13.0,1.1519999999999224,-85.60739506782775,-23.061340434123363,20.233333333333334
m6_low15-25_close40-60_green,YES,flat,below50-150,80,30,48.8,7.0,0.7333333333333333,0.61,9.866666666666667,-8.625,"10.12,30.86,9.71,-8.62",5,9,-22.833333333333332,1.1519999999999224,-85.60739506782775,-23.061340434123363,20.233333333333334
m6_low15-25_close40-60_green,YES,flat,below50-150,85,30,48.8,7.0,0.7333333333333333,0.5741176470588235,13.533333333333333,-6.124999999999999,"13.88,35.86,13.29,-6.12",6,9,-21.166666666666668,1.1519999999999224,-85.60739506782775,-23.061340434123363,20.233333333333334
m6_low15-25_close40-60_green,YES,flat,above50-150,65,31,48.96774193548387,8.0,0.7096774193548387,0.753349875930521,-2.838709677419355,-8.375,"7.88,-8.38,-3.86,-7.12",4,10,-18.999999999999996,0.5638709677422734,87.97860542255793,24.520167104538903,21.903225806451612
m6_low15-25_close40-60_green,YES,flat,above50-150,70,31,48.96774193548387,8.0,0.6774193548387096,0.6995391705069125,-1.5483870967741935,-5.25,"3.50,-5.25,-0.29,-4.00",4,10,-16.499999999999996,0.5638709677422734,87.97860542255793,24.520167104538903,21.903225806451612
m6_low15-25_close40-60_green,YES,flat,above50-150,75,31,48.96774193548387,8.0,0.5806451612903226,0.6529032258064517,-5.419354838709677,-11.5,"7.25,-11.50,-7.43,-10.25",4,10,-21.333333333333332,0.5638709677422734,87.97860542255793,24.520167104538903,21.903225806451612
m6_low15-25_close40-60_green,YES,flat,above50-150,80,31,48.96774193548387,8.0,0.5483870967741935,0.6120967741935484,-5.096774193548387,-16.0,"11.00,-9.00,-16.00,-7.75",4,10,-34.4,0.5638709677422734,87.97860542255793,24.520167104538903,21.903225806451612
m6_low15-25_close40-60_green,YES,flat,above50-150,85,31,48.96774193548387,8.0,0.5161290322580645,0.5760910815939279,-5.096774193548387,-15.875,"14.75,-6.50,-13.86,-15.88",4,10,-49.0,0.5638709677422734,87.97860542255793,24.520167104538903,21.903225806451612
m6_low15-25_close45-65_green,NO,flat,above50-150,65,36,54.861111111111114,7.0,0.8333333333333334,0.844017094017094,-0.694444444444446,-10.555555555555555,"1.89,-10.56,-4.11,10.00",5,9,-62.0,-0.4866666666657693,90.80979721993248,26.619232046469026,20.416666666666668
m6_low15-25_close45-65_green,NO,flat,above50-150,70,36,54.861111111111114,7.0,0.8055555555555556,0.7837301587301587,1.5277777777777761,-15.0,"6.33,-15.00,-0.22,15.00",5,9,-62.0,-0.4866666666657693,90.80979721993248,26.619232046469026,20.416666666666668
m6_low15-25_close45-65_green,NO,flat,above50-150,75,36,54.861111111111114,7.0,0.7222222222222222,0.7314814814814815,-0.6944444444444449,-12.222222222222221,"2.44,-12.22,-4.67,11.67",4,9,-62.0,-0.4866666666657693,90.80979721993248,26.619232046469026,20.416666666666668
m6_low15-25_close45-65_green,NO,flat,above50-150,80,36,54.861111111111114,7.0,0.6944444444444444,0.685763888888889,0.6944444444444436,-10.222222222222223,"6.33,-9.44,-10.22,16.11",5,9,-62.0,-0.4866666666657693,90.80979721993248,26.619232046469026,20.416666666666668
m6_low15-25_close45-65_green,NO,flat,above50-150,85,36,54.861111111111114,7.0,0.6388888888888888,0.6454248366013072,-0.5555555555555556,-16.88888888888889,"10.22,-16.11,-16.89,20.56",4,9,-62.0,-0.4866666666657693,90.80979721993248,26.619232046469026,20.416666666666668
m6_low15-25_close45-65_green,YES,flat,below50-150,65,33,53.15151515151515,8.0,0.9393939393939394,0.8177156177156176,7.909090909090909,2.625,"10.67,13.00,5.00,2.62",8,10,-1.3999999999999972,0.6733333333333686,-87.7048222921596,-23.75740133022632,20.727272727272727
m6_low15-25_close45-65_green,YES,flat,below50-150,70,33,53.15151515151515,8.0,0.8787878787878788,0.7593073593073593,8.363636363636363,0.6250000000000018,"7.89,18.00,0.63,7.00",8,10,-11.399999999999997,0.6733333333333686,-87.7048222921596,-23.75740133022632,20.727272727272727
m6_low15-25_close45-65_green,YES,flat,below50-150,75,33,53.15151515151515,8.0,0.8181818181818182,0.7086868686868687,8.212121212121213,-4.999999999999998,"4.00,23.00,-5.00,11.38",7,10,-23.4,0.6733333333333686,-87.7048222921596,-23.75740133022632,20.727272727272727
m6_low15-25_close45-65_green,YES,flat,below50-150,80,33,53.15151515151515,8.0,0.7878787878787878,0.6643939393939393,9.878787878787879,-1.8749999999999982,"7.89,28.00,-1.87,5.75",7,10,-21.4,0.6733333333333686,-87.7048222921596,-23.75740133022632,20.727272727272727
m6_low15-25_close45-65_green,YES,flat,below50-150,85,33,53.15151515151515,8.0,0.7272727272727273,0.6253119429590017,8.666666666666666,-1.125,"11.78,22.38,1.25,-1.12",7,10,-19.4,0.6733333333333686,-87.7048222921596,-23.75740133022632,20.727272727272727
m6_low15-25_close45-65_green,YES,flat,above50-150,65,31,51.193548387096776,8.0,0.7741935483870968,0.7875930521091812,-0.8709677419354834,-9.5,"7.13,-2.75,2.00,-9.50",6,10,-25.8,1.8209677419360941,86.93589199690577,22.666947992905577,21.741935483870968
m6_low15-25_close45-65_green,YES,flat,above50-150,70,31,51.193548387096776,8.0,0.7419354838709677,0.7313364055299539,0.7419354838709682,-6.375,"2.75,1.00,6.29,-6.38",6,10,-23.8,1.8209677419360941,86.93589199690577,22.666947992905577,21.741935483870968
m6_low15-25_close45-65_green,YES,flat,above50-150,75,31,51.193548387096776,8.0,0.6774193548387096,0.6825806451612904,-0.3870967741935484,-12.625,"6.50,-4.62,10.57,-12.62",5,10,-21.8,1.8209677419360941,86.93589199690577,22.666947992905577,21.741935483870968
m6_low15-25_close45-65_green,YES,flat,above50-150,80,31,51.193548387096776,8.0,0.6451612903225806,0.6399193548387097,0.41935483870967744,-10.125,"10.25,-1.50,3.43,-10.12",6,10,-35.8,1.8209677419360941,86.93589199690577,22.666947992905577,21.741935483870968
m6_low15-25_close45-65_green,YES,flat,above50-150,85,31,51.193548387096776,8.0,0.5806451612903226,0.6022770398481974,-1.8387096774193548,-18.25,"14.00,-9.00,7.00,-18.25",4,10,-49.0,1.8209677419360941,86.93589199690577,22.666947992905577,21.741935483870968
m6_low15-25_close50-70_green,NO,flat,above50-150,65,35,58.42857142857143,8.0,0.8285714285714286,0.8989010989010989,-4.571428571428571,-16.11111111111111,"1.67,-16.11,2.25,-5.33",5,9,-62.0,1.5408571428577749,90.99932333811802,25.703250596350284,20.6
m6_low15-25_close50-70_green,NO,flat,above50-150,70,35,58.42857142857143,8.0,0.8285714285714286,0.8346938775510204,-0.42857142857142916,-12.777777777777779,"6.11,-12.78,6.62,-0.89",5,9,-62.0,1.5408571428577749,90.99932333811802,25.703250596350284,20.6
m6_low15-25_close50-70_green,NO,flat,above50-150,75,35,58.42857142857143,8.0,0.7428571428571429,0.7790476190476191,-2.7142857142857153,-9.444444444444445,"2.22,-9.44,1.62,-4.78",5,9,-62.0,1.5408571428577749,90.99932333811802,25.703250596350284,20.6
m6_low15-25_close50-70_green,NO,flat,above50-150,80,35,58.42857142857143,8.0,0.6857142857142857,0.7303571428571429,-3.5714285714285716,-9.777777777777775,"6.11,-6.11,-4.63,-9.78",4,9,-62.0,1.5408571428577749,90.99932333811802,25.703250596350284,20.6
m6_low15-25_close50-70_green,NO,flat,above50-150,85,35,58.42857142857143,8.0,0.6,0.6873949579831933,-7.428571428571429,-22.75,"10.00,-12.22,-22.75,-6.44",3,9,-62.0,1.5408571428577749,90.99932333811802,25.703250596350284,20.6
m6_low15-25_close50-70_green,YES,flat,below50-150,65,32,58.15625,8.0,1.0,0.8947115384615385,6.84375,3.624999999999999,"7.00,3.62,9.50,7.25",10,10,1.4,1.3912500000003547,-90.30252173873214,-24.58157594552631,21.09375
m6_low15-25_close50-70_green,YES,flat,below50-150,70,32,58.15625,8.0,0.90625,0.8308035714285714,5.28125,-0.1250000000000009,"3.25,-0.13,14.50,3.50",7,10,-7.6,1.3912500000003547,-90.30252173873214,-24.58157594552631,21.09375
m6_low15-25_close50-70_green,YES,flat,below50-150,75,32,58.15625,8.0,0.84375,0.7754166666666666,5.125,-1.7499999999999991,"-1.75,4.25,19.50,-1.50",6,10,-17.499999999999996,1.3912500000003547,-90.30252173873214,-24.58157594552631,21.09375
m6_low15-25_close50-70_green,YES,flat,below50-150,80,32,58.15625,8.0,0.84375,0.726953125,9.34375,2.000000000000001,"2.00,8.62,24.50,2.25",9,10,-14.999999999999996,1.3912500000003547,-90.30252173873214,-24.58157594552631,21.09375
m6_low15-25_close50-70_green,YES,flat,below50-150,85,32,58.15625,8.0,0.78125,0.6841911764705882,8.25,-4.624999999999998,"5.75,13.00,18.88,-4.62",8,10,-12.499999999999996,1.3912500000003547,-90.30252173873214,-24.58157594552631,21.09375
m6_low20-30_close35-55_green,NO,flat,below50-150,65,26,44.42307692307692,7.0,0.6538461538461539,0.6834319526627218,-1.9230769230769231,-13.833333333333334,"5.14,-11.33,-13.83,9.29",4,9,-51.0,-2.187307692307793,-79.898439585079,-20.69134888726834,25.384615384615383
m6_low20-30_close35-55_green,NO,flat,below50-150,70,26,44.42307692307692,7.0,0.6538461538461539,0.6346153846153846,1.3461538461538463,-11.333333333333334,"8.71,-8.83,-11.33,13.57",4,9,-51.0,-2.187307692307793,-79.898439585079,-20.69134888726834,25.384615384615383
m6_low20-30_close35-55_green,NO,flat,below50-150,75,26,44.42307692307692,7.0,0.6153846153846154,0.5923076923076923,1.7307692307692308,-8.833333333333334,"12.29,-6.33,-8.83,7.14",4,9,-51.0,-2.187307692307793,-79.898439585079,-20.69134888726834,25.384615384615383
m6_low20-30_close35-55_green,NO,flat,below50-150,80,26,44.42307692307692,7.0,0.6153846153846154,0.5552884615384615,4.8076923076923075,-6.333333333333333,"15.86,-3.83,-6.33,10.71",5,9,-51.0,-2.187307692307793,-79.898439585079,-20.69134888726834,25.384615384615383
m6_low20-30_close35-55_green,NO,flat,below50-150,85,26,44.42307692307692,7.0,0.5769230769230769,0.5226244343891402,4.615384615384615,-15.5,"19.43,-15.50,-3.83,14.29",6,9,-51.0,-2.187307692307793,-79.898439585079,-20.69134888726834,25.384615384615383
m6_low20-30_close35-55_green,NO,flat,below0-50,65,29,44.758620689655174,7.0,0.6551724137931034,0.6885941644562334,-2.1724137931034493,-15.000000000000002,"13.00,-15.00,-10.00,1.14",3,8,-13.75,-1.5965517241380314,-24.809824975060927,-7.376383446050599,25.344827586206897
m6_low20-30_close35-55_green,NO,flat,below0-50,70,29,44.758620689655174,7.0,0.6551724137931034,0.6394088669950739,1.1034482758620687,-12.85714285714286,"17.38,-12.86,-7.14,4.71",4,8,-11.25,-1.5965517241380314,-24.809824975060927,-7.376383446050599,25.344827586206897
m6_low20-30_close35-55_green,NO,flat,below0-50,75,29,44.758620689655174,7.0,0.5862068965517241,0.5967816091954024,-0.7931034482758628,-15.0,"21.75,-10.71,-15.00,-2.43",2,8,-20.333333333333336,-1.5965517241380314,-24.809824975060927,-7.376383446050599,25.344827586206897
m6_low20-30_close35-55_green,NO,flat,below0-50,80,29,44.758620689655174,7.0,0.5517241379310345,0.5594827586206896,-0.620689655172414,-24.285714285714285,"26.12,-8.57,-24.29,0.43",3,8,-26.25,-1.5965517241380314,-24.809824975060927,-7.376383446050599,25.344827586206897
m6_low20-30_close35-55_green,NO,flat,below0-50,85,29,44.758620689655174,7.0,0.5517241379310345,0.5265720081135903,2.1379310344827585,-22.857142857142858,"30.50,-6.43,-22.86,3.29",4,8,-25.0,-1.5965517241380314,-24.809824975060927,-7.376383446050599,25.344827586206897
m6_low20-30_close35-55_green,NO,flat,above0-50,65,33,44.09090909090909,7.0,0.6060606060606061,0.6783216783216783,-4.696969696969697,-17.11111111111111,"-17.11,14.50,-12.25,-2.38",2,8,-23.0,-2.490909090909444,24.847235029681265,6.687696613009118,24.87878787878788
m6_low20-30_close35-55_green,NO,flat,above0-50,70,33,44.09090909090909,7.0,0.6060606060606061,0.6298701298701299,-1.6666666666666667,-14.88888888888889,"-14.89,18.88,-9.75,0.75",3,8,-21.333333333333332,-2.490909090909444,24.847235029681265,6.687696613009118,24.87878787878788
m6_low20-30_close35-55_green,NO,flat,above0-50,75,33,44.09090909090909,7.0,0.5454545454545454,0.5878787878787879,-3.1818181818181817,-12.666666666666666,"-12.67,4.50,-7.25,3.88",4,8,-19.666666666666664,-2.490909090909444,24.847235029681265,6.687696613009118,24.87878787878788
m6_low20-30_close35-55_green,NO,flat,above0-50,80,33,44.09090909090909,7.0,0.48484848484848486,0.5511363636363636,-5.303030303030303,-19.333333333333332,"-19.33,7.63,-14.75,7.00",2,8,-43.00000000000001,-2.490909090909444,24.847235029681265,6.687696613009118,24.87878787878788
m6_low20-30_close35-55_green,NO,flat,above0-50,85,33,44.09090909090909,7.0,0.48484848484848486,0.518716577540107,-2.878787878787879,-17.666666666666668,"-17.67,10.75,-12.88,10.12",3,8,-43.00000000000001,-2.490909090909444,24.847235029681265,6.687696613009118,24.87878787878788
m6_low20-30_close35-55_green,NO,flat,above50-150,65,25,46.16,7.0,0.68,0.7101538461538461,-1.9600000000000006,-17.285714285714285,"-17.29,-12.83,16.17,8.67",6,9,-47.0,-0.9839999999999418,88.27055442492478,23.631679114655416,24.52
m6_low20-30_close35-55_green,NO,flat,above50-150,70,25,46.16,7.0,0.68,0.6594285714285714,1.44,-15.142857142857142,"-15.14,-10.33,21.17,12.83",6,9,-47.0,-0.9839999999999418,88.27055442492478,23.631679114655416,24.52
m6_low20-30_close35-55_green,NO,flat,above50-150,75,25,46.16,7.0,0.64,0.6154666666666666,1.8399999999999994,-23.714285714285715,"-23.71,-7.83,26.17,17.00",5,9,-47.0,-0.9839999999999418,88.27055442492478,23.631679114655416,24.52
m6_low20-30_close35-55_green,NO,flat,above50-150,80,25,46.16,7.0,0.56,0.577,-1.3600000000000005,-22.285714285714285,"-22.29,-5.33,4.50,21.17",5,9,-47.0,-0.9839999999999418,88.27055442492478,23.631679114655416,24.52
m6_low20-30_close35-55_green,NO,flat,above50-150,85,25,46.16,7.0,0.48,0.5430588235294117,-5.36,-20.857142857142858,"-20.86,-17.00,-6.33,25.33",4,9,-47.0,-0.9839999999999418,88.27055442492478,23.631679114655416,24.52
m6_low20-30_close35-55_green,NO,flat,above>150,65,25,44.4,7.0,0.68,0.683076923076923,-0.1999999999999997,-33.666666666666664,"0.00,-33.67,10.17,22.67",7,10,-45.0,0.6932000000003609,241.6880566707591,78.12120435802557,24.84
m6_low20-30_close35-55_green,NO,flat,above>150,70,25,44.4,7.0,0.64,0.6342857142857142,0.4000000000000014,-32.833333333333336,"3.57,-32.83,14.33,16.00",7,10,-45.0,0.6932000000003609,241.6880566707591,78.12120435802557,24.84
m6_low20-30_close35-55_green,NO,flat,above>150,75,25,44.4,7.0,0.64,0.592,3.600000000000001,-32.0,"7.14,-32.00,18.50,20.17",7,10,-45.0,0.6932000000003609,241.6880566707591,78.12120435802557,24.84
m6_low20-30_close35-55_green,NO,flat,above>150,80,25,44.4,7.0,0.56,0.5549999999999999,0.4000000000000003,-31.166666666666668,"10.71,-31.17,9.33,11.00",5,10,-47.0,0.6932000000003609,241.6880566707591,78.12120435802557,24.84
m6_low20-30_close35-55_green,NO,flat,above>150,85,25,44.4,7.0,0.56,0.5223529411764706,3.200000000000001,-30.333333333333332,"14.29,-30.33,12.67,14.33",6,10,-47.0,0.6932000000003609,241.6880566707591,78.12120435802557,24.84
m6_low20-30_close35-55_green,YES,flat,below50-150,65,40,44.1,7.0,0.825,0.6784615384615384,9.525,0.4,"15.00,7.50,0.40,15.20",10,10,0.5714285714285714,-2.5737500000001092,-95.06886848731938,-23.359535219308235,25.875
m6_low20-30_close35-55_green,YES,flat,below50-150,70,40,44.1,7.0,0.775,0.63,10.15,-3.1,"12.50,11.50,-3.10,19.70",9,10,-5.857142857142857,-2.5737500000001092,-95.06886848731938,-23.359535219308235,25.875
m6_low20-30_close35-55_green,YES,flat,below50-150,75,40,44.1,7.0,0.7,0.588,8.4,-7.6,"16.50,8.00,-7.60,16.70",7,10,-13.714285714285714,-2.5737500000001092,-95.06886848731938,-23.359535219308235,25.875
m6_low20-30_close35-55_green,YES,flat,below50-150,80,40,44.1,7.0,0.675,0.55125,9.9,-5.1,"12.50,11.50,-5.10,20.70",8,10,-11.571428571428571,-2.5737500000001092,-95.06886848731938,-23.359535219308235,25.875
m6_low20-30_close35-55_green,YES,flat,below50-150,85,40,44.1,7.0,0.65,0.5188235294117647,11.15,-11.1,"16.00,15.00,-11.10,24.70",9,10,-21.571428571428573,-2.5737500000001092,-95.06886848731938,-23.359535219308235,25.875
m6_low20-30_close35-55_green,YES,flat,below0-50,65,32,44.40625,8.0,0.71875,0.6831730769230769,2.3125,-11.625,"5.62,12.50,-11.62,2.75",7,9,-22.666666666666668,-2.2278125000000273,-25.690610403622486,-1.977389543606023,26.0
m6_low20-30_close35-55_green,YES,flat,below0-50,70,32,44.40625,8.0,0.65625,0.634375,1.53125,-9.125,"0.62,8.12,-9.12,6.50",6,9,-21.0,-2.2278125000000273,-25.690610403622486,-1.977389543606023,26.0
m6_low20-30_close35-55_green,YES,flat,below0-50,75,32,44.40625,8.0,0.59375,0.5920833333333333,0.125,-6.625,"-5.62,11.88,-6.62,0.88",4,9,-46.0,-2.2278125000000273,-25.690610403622486,-1.977389543606023,26.0
m6_low20-30_close35-55_green,YES,flat,below0-50,80,32,44.40625,8.0,0.5625,0.555078125,0.59375,-13.125,"-13.12,15.62,-4.12,4.00",4,9,-49.0,-2.2278125000000273,-25.690610403622486,-1.977389543606023,26.0
m6_low20-30_close35-55_green,YES,flat,below0-50,85,32,44.40625,8.0,0.5625,0.5224264705882353,3.40625,-11.25,"-11.25,19.38,-1.62,7.12",4,9,-49.0,-2.2278125000000273,-25.690610403622486,-1.977389543606023,26.0
m6_low20-30_close35-55_green,YES,flat,above0-50,65,34,44.14705882352941,7.0,0.6176470588235294,0.679185520361991,-4.0,-20.375,"7.56,-10.00,-20.38,4.33",5,10,-21.0,-4.373235294117287,25.289678038548384,10.149181371929872,26.323529411764707
m6_low20-30_close35-55_green,YES,flat,above0-50,70,34,44.14705882352941,7.0,0.5882352941176471,0.630672268907563,-2.9705882352941178,-27.25,"11.44,-7.50,-27.25,8.22",5,10,-42.666666666666664,-4.373235294117287,25.289678038548384,10.149181371929872,26.323529411764707
m6_low20-30_close35-55_green,YES,flat,above0-50,75,34,44.14705882352941,7.0,0.5588235294117647,0.5886274509803922,-2.235294117647059,-26.0,"7.00,-5.00,-26.00,12.11",4,10,-42.666666666666664,-4.373235294117287,25.289678038548384,10.149181371929872,26.323529411764707
m6_low20-30_close35-55_green,YES,flat,above0-50,80,34,44.14705882352941,7.0,0.5294117647058824,0.5518382352941177,-1.7941176470588236,-34.75,"10.33,-2.50,-34.75,16.00",4,10,-51.0,-4.373235294117287,25.289678038548384,10.149181371929872,26.323529411764707
m6_low20-30_close35-55_green,YES,flat,above0-50,85,34,44.14705882352941,7.0,0.5294117647058824,0.5193771626297577,0.8529411764705882,-34.125,"13.67,0.00,-34.12,19.89",6,10,-51.0,-4.373235294117287,25.289678038548384,10.149181371929872,26.323529411764707
m6_low20-30_close35-55_green,YES,flat,above50-150,65,47,45.48936170212766,7.0,0.6170212765957447,0.6998363338788871,-5.382978723404255,-13.333333333333334,"-3.00,-5.92,1.27,-13.33",2,10,-17.666666666666668,-2.1497872340428814,89.11261122183691,27.141343888891534,25.170212765957448
m6_low20-30_close35-55_green,YES,flat,above50-150,70,47,45.48936170212766,7.0,0.5957446808510638,0.6498480243161094,-3.7872340425531914,-10.833333333333334,"0.33,-3.00,-1.45,-10.83",3,10,-16.0,-2.1497872340428814,89.11261122183691,27.141343888891534,25.170212765957448
m6_low20-30_close35-55_green,YES,flat,above50-150,75,47,45.48936170212766,7.0,0.5319148936170213,0.6065248226950355,-5.595744680851064,-14.583333333333334,"3.67,-6.33,-5.09,-14.58",4,10,-39.333333333333336,-2.1497872340428814,89.11261122183691,27.141343888891534,25.170212765957448
m6_low20-30_close35-55_green,YES,flat,above50-150,80,47,45.48936170212766,7.0,0.5106382978723404,0.5686170212765957,-4.638297872340425,-12.5,"7.00,-3.83,-9.64,-12.50",4,10,-39.333333333333336,-2.1497872340428814,89.11261122183691,27.141343888891534,25.170212765957448
m6_low20-30_close35-55_green,YES,flat,above50-150,85,47,45.48936170212766,7.0,0.46808510638297873,0.5351689612015019,-5.702127659574468,-17.5,"3.25,-1.33,-7.36,-17.50",3,10,-39.333333333333336,-2.1497872340428814,89.11261122183691,27.141343888891534,25.170212765957448
m6_low20-30_close35-55_green,YES,flat,above>150,65,36,45.19444444444444,7.0,0.6111111111111112,0.6952991452991453,-5.472222222222222,-19.555555555555557,"-15.11,5.78,-19.56,7.00",3,10,-36.0,-1.2136111111111758,319.72493808660084,83.87181200665772,26.305555555555557
m6_low20-30_close35-55_green,YES,flat,above>150,70,36,45.19444444444444,7.0,0.6111111111111112,0.6456349206349206,-2.4166666666666665,-17.333333333333332,"-12.89,9.67,-17.33,10.89",3,10,-36.0,-1.2136111111111758,319.72493808660084,83.87181200665772,26.305555555555557
m6_low20-30_close35-55_green,YES,flat,above>150,75,36,45.19444444444444,7.0,0.5833333333333334,0.6025925925925926,-1.4444444444444444,-15.11111111111111,"-10.67,13.56,-15.11,6.44",4,10,-36.0,-1.2136111111111758,319.72493808660084,83.87181200665772,26.305555555555557
m6_low20-30_close35-55_green,YES,flat,above>150,80,36,45.19444444444444,7.0,0.5277777777777778,0.5649305555555555,-2.9722222222222223,-21.77777777777778,"-17.33,17.44,-21.78,9.78",4,10,-50.333333333333336,-1.2136111111111758,319.72493808660084,83.87181200665772,26.305555555555557
m6_low20-30_close35-55_green,YES,flat,above>150,85,36,45.19444444444444,7.0,0.5277777777777778,0.5316993464052288,-0.3333333333333333,-20.11111111111111,"-15.67,21.33,-20.11,13.11",4,10,-50.333333333333336,-1.2136111111111758,319.72493808660084,83.87181200665772,26.305555555555557
m6_low20-30_close40-60_green,NO,flat,below50-150,65,29,50.13793103448276,7.0,0.7931034482758621,0.7713527851458887,1.4137931034482736,-11.142857142857144,"7.25,-11.14,3.71,5.00",6,9,-44.99999999999999,-1.8855172413795713,-83.46846300938742,-23.450535049202855,25.310344827586206
m6_low20-30_close40-60_green,NO,flat,below50-150,70,29,50.13793103448276,7.0,0.7586206896551724,0.716256157635468,2.965517241379309,-8.285714285714288,"11.62,-8.29,-2.00,9.29",5,9,-44.99999999999999,-1.8855172413795713,-83.46846300938742,-23.450535049202855,25.310344827586206
m6_low20-30_close40-60_green,NO,flat,below50-150,75,29,50.13793103448276,7.0,0.7241379310344828,0.6685057471264368,4.1724137931034475,-9.142857142857144,"16.00,-5.43,-9.14,13.57",5,9,-44.99999999999999,-1.8855172413795713,-83.46846300938742,-23.450535049202855,25.310344827586206
m6_low20-30_close40-60_green,NO,flat,below50-150,80,29,50.13793103448276,7.0,0.7241379310344828,0.6267241379310345,7.793103448275861,-6.285714285714287,"20.37,-2.57,-6.29,17.86",5,9,-44.99999999999999,-1.8855172413795713,-83.46846300938742,-23.450535049202855,25.310344827586206
m6_low20-30_close40-60_green,NO,flat,below50-150,85,29,50.13793103448276,7.0,0.6896551724137931,0.5898580121703855,8.482758620689655,-11.85714285714286,"24.75,-11.86,-3.43,22.14",5,9,-44.99999999999999,-1.8855172413795713,-83.46846300938742,-23.450535049202855,25.310344827586206
m6_low20-30_close40-60_green,NO,flat,below0-50,65,28,47.92857142857143,7.0,0.6785714285714286,0.7373626373626374,-3.8214285714285734,-9.142857142857142,"2.57,0.43,-9.14,-9.14",4,9,-17.5,-0.30928571428609886,-27.0100403338981,-9.108901207657514,25.071428571428573
m6_low20-30_close40-60_green,NO,flat,below0-50,70,28,47.92857142857143,7.0,0.6785714285714286,0.6846938775510204,-0.4285714285714301,-6.285714285714286,"6.86,4.00,-6.29,-6.29",5,9,-15.0,-0.30928571428609886,-27.0100403338981,-9.108901207657514,25.071428571428573
m6_low20-30_close40-60_green,NO,flat,below0-50,75,28,47.92857142857143,7.0,0.6071428571428571,0.6390476190476191,-2.3928571428571437,-14.142857142857142,"11.14,7.57,-14.14,-14.14",4,9,-20.333333333333336,-0.30928571428609886,-27.0100403338981,-9.108901207657514,25.071428571428573
m6_low20-30_close40-60_green,NO,flat,below0-50,80,28,47.92857142857143,7.0,0.5714285714285714,0.5991071428571428,-2.2142857142857157,-23.428571428571427,"15.43,11.14,-23.43,-12.00",4,9,-26.25,-0.30928571428609886,-27.0100403338981,-9.108901207657514,25.071428571428573
m6_low20-30_close40-60_green,NO,flat,below0-50,85,28,47.92857142857143,7.0,0.5357142857142857,0.5638655462184874,-2.3928571428571437,-22.0,"7.57,14.71,-22.00,-9.86",3,9,-25.0,-0.30928571428609886,-27.0100403338981,-9.108901207657514,25.071428571428573
m6_low20-30_close40-60_green,NO,flat,above0-50,65,35,47.42857142857143,8.0,0.6857142857142857,0.7296703296703297,-2.857142857142858,-17.444444444444443,"-17.44,2.22,-1.25,5.22",3,8,-18.0,-1.8197142857143522,25.154867889980128,6.762121557301517,24.942857142857143
m6_low20-30_close40-60_green,NO,flat,above0-50,70,35,47.42857142857143,8.0,0.6857142857142857,0.6775510204081633,0.5714285714285706,-15.222222222222221,"-15.22,6.11,2.50,9.11",4,8,-15.5,-1.8197142857143522,25.154867889980128,6.762121557301517,24.942857142857143
m6_low20-30_close40-60_green,NO,flat,above0-50,75,35,47.42857142857143,8.0,0.6571428571428571,0.6323809523809524,1.8571428571428572,-13.0,"-13.00,1.67,6.25,13.00",5,8,-20.166666666666668,-1.8197142857143522,25.154867889980128,6.762121557301517,24.942857142857143
m6_low20-30_close40-60_green,NO,flat,above0-50,80,35,47.42857142857143,8.0,0.6,0.5928571428571429,0.5714285714285711,-19.666666666666668,"-19.67,5.00,-0.00,16.89",3,8,-22.333333333333332,-1.8197142857143522,25.154867889980128,6.762121557301517,24.942857142857143
m6_low20-30_close40-60_green,NO,flat,above0-50,85,35,47.42857142857143,8.0,0.6,0.5579831932773109,3.5714285714285707,-18.0,"-18.00,8.33,3.12,20.78",4,8,-20.666666666666664,-1.8197142857143522,25.154867889980128,6.762121557301517,24.942857142857143
m6_low20-30_close40-60_green,NO,flat,above50-150,65,30,50.06666666666667,7.0,0.7666666666666667,0.7702564102564103,-0.23333333333333617,-19.5,"-19.50,-3.57,13.14,10.25",5,9,-49.5,0.6023333333333236,89.03304448649747,21.348496391702064,24.866666666666667
m6_low20-30_close40-60_green,NO,flat,above50-150,70,30,50.06666666666667,7.0,0.7666666666666667,0.7152380952380953,3.599999999999997,-17.0,"-17.00,-0.00,18.14,14.62",6,9,-49.5,0.6023333333333236,89.03304448649747,21.348496391702064,24.866666666666667
m6_low20-30_close40-60_green,NO,flat,above50-150,75,30,50.06666666666667,7.0,0.7333333333333333,0.6675555555555556,4.933333333333331,-14.500000000000002,"-14.50,3.57,12.43,19.00",6,9,-49.5,0.6023333333333236,89.03304448649747,21.348496391702064,24.866666666666667
m6_low20-30_close40-60_green,NO,flat,above50-150,80,30,50.06666666666667,7.0,0.6333333333333333,0.6258333333333334,0.5999999999999972,-22.0,"-22.00,7.14,5.29,13.37",4,9,-49.5,0.6023333333333236,89.03304448649747,21.348496391702064,24.866666666666667
m6_low20-30_close40-60_green,NO,flat,above50-150,85,30,50.06666666666667,7.0,0.5666666666666667,0.5890196078431373,-1.9000000000000037,-20.125,"-20.12,-1.43,-3.29,17.12",5,9,-49.5,0.6023333333333236,89.03304448649747,21.348496391702064,24.866666666666667
m6_low20-30_close40-60_green,NO,flat,above>150,65,32,49.8125,7.0,0.78125,0.7663461538461539,0.9687499999999982,-14.75,"-3.25,-14.75,6.25,15.62",7,10,-26.66666666666667,1.652500000000373,273.8016336852031,85.80377762480634,25.125
m6_low20-30_close40-60_green,NO,flat,above>150,70,32,49.8125,7.0,0.75,0.7116071428571429,2.6874999999999982,-12.25,"0.50,-12.25,10.62,11.88",6,10,-25.000000000000004,1.652500000000373,273.8016336852031,85.80377762480634,25.125
m6_low20-30_close40-60_green,NO,flat,above>150,75,32,49.8125,7.0,0.71875,0.6641666666666667,4.093749999999998,-9.75,"4.25,-9.75,5.62,16.25",7,10,-48.333333333333336,1.652500000000373,273.8016336852031,85.80377762480634,25.125
m6_low20-30_close40-60_green,NO,flat,above>150,80,32,49.8125,7.0,0.59375,0.62265625,-2.3125000000000013,-10.625000000000002,"-2.00,-7.25,-10.63,10.62",6,10,-48.333333333333336,1.652500000000373,273.8016336852031,85.80377762480634,25.125
m6_low20-30_close40-60_green,NO,flat,above>150,85,32,49.8125,7.0,0.59375,0.5860294117647059,0.6562499999999987,-8.125000000000002,"1.12,-4.75,-8.13,14.38",6,10,-48.333333333333336,1.652500000000373,273.8016336852031,85.80377762480634,25.125
m6_low20-30_close40-60_green,YES,flat,below50-150,65,38,47.10526315789474,7.0,0.8421052631578947,0.7246963562753037,7.631578947368421,3.222222222222223,"10.70,3.78,3.22,12.00",8,10,-4.25,-2.7442105263161416,-96.00570495161867,-24.679377812675643,26.0
m6_low20-30_close40-60_green,YES,flat,below50-150,70,38,47.10526315789474,7.0,0.7894736842105263,0.6729323308270677,8.157894736842104,-0.6666666666666659,"8.20,7.67,-0.67,16.50",7,10,-7.6,-2.7442105263161416,-96.00570495161867,-24.679377812675643,26.0
m6_low20-30_close40-60_green,YES,flat,below50-150,75,38,47.10526315789474,7.0,0.7105263157894737,0.6280701754385966,6.184210526315789,-5.666666666666666,"12.20,3.22,-5.67,13.50",7,10,-15.5,-2.7442105263161416,-96.00570495161867,-24.679377812675643,26.0
m6_low20-30_close40-60_green,YES,flat,below50-150,80,38,47.10526315789474,7.0,0.6842105263157895,0.5888157894736843,7.631578947368421,-2.888888888888888,"8.20,6.56,-2.89,17.50",7,10,-13.0,-2.7442105263161416,-96.00570495161867,-24.679377812675643,26.0
m6_low20-30_close40-60_green,YES,flat,below50-150,85,38,47.10526315789474,7.0,0.6578947368421053,0.5541795665634676,8.81578947368421,-9.555555555555555,"11.70,9.89,-9.56,21.50",8,10,-21.571428571428573,-2.7442105263161416,-96.00570495161867,-24.679377812675643,26.0
m6_low20-30_close40-60_green,YES,flat,below0-50,65,41,48.390243902439025,8.0,0.7317073170731707,0.7444652908067543,-0.8292682926829268,-15.299999999999997,"-5.18,13.10,-15.30,4.50",5,10,-25.499999999999996,-1.1439024390244257,-25.29064583650076,-2.8717647474984958,26.146341463414632
m6_low20-30_close40-60_green,YES,flat,below0-50,70,41,48.390243902439025,8.0,0.6829268292682927,0.6912891986062718,-0.5853658536585366,-12.799999999999997,"-1.55,3.60,-12.80,8.50",5,10,-22.999999999999996,-1.1439024390244257,-25.29064583650076,-2.8717647474984958,26.146341463414632
m6_low20-30_close40-60_green,YES,flat,below0-50,75,41,48.390243902439025,8.0,0.6097560975609756,0.6452032520325204,-2.658536585365854,-11.545454545454545,"-11.55,7.10,-10.30,5.00",3,10,-52.5,-1.1439024390244257,-25.29064583650076,-2.8717647474984958,26.146341463414632
m6_low20-30_close40-60_green,YES,flat,below0-50,80,41,48.390243902439025,8.0,0.5853658536585366,0.6048780487804878,-1.5609756097560974,-16.09090909090909,"-16.09,10.60,-7.80,8.50",2,10,-52.5,-1.1439024390244257,-25.29064583650076,-2.8717647474984958,26.146341463414632
m6_low20-30_close40-60_green,YES,flat,below0-50,85,41,48.390243902439025,8.0,0.5853658536585366,0.569296987087518,1.3658536585365855,-13.818181818181818,"-13.82,14.10,-5.30,12.00",2,10,-52.5,-1.1439024390244257,-25.29064583650076,-2.8717647474984958,26.146341463414632
m6_low20-30_close40-60_green,YES,flat,above0-50,65,38,49.578947368421055,7.0,0.7105263157894737,0.762753036437247,-3.3947368421052633,-7.999999999999998,"-2.50,-7.00,-8.00,3.10",3,10,-23.333333333333332,-3.379736842104888,26.333780625435075,8.819622965959608,26.736842105263158
m6_low20-30_close40-60_green,YES,flat,above0-50,70,38,49.578947368421055,7.0,0.6578947368421053,0.7082706766917294,-3.526315789473684,-12.444444444444443,"1.00,-11.44,-12.44,7.10",5,10,-52.0,-3.379736842104888,26.333780625435075,8.819622965959608,26.736842105263158
m6_low20-30_close40-60_green,YES,flat,above0-50,75,38,49.578947368421055,7.0,0.6052631578947368,0.6610526315789474,-4.1842105263157885,-10.500000000000002,"-10.50,-8.67,-9.67,11.10",4,10,-52.0,-3.379736842104888,26.333780625435075,8.819622965959608,26.736842105263158
m6_low20-30_close40-60_green,YES,flat,above0-50,80,38,49.578947368421055,7.0,0.5526315789473685,0.6197368421052631,-5.368421052631578,-15.777777777777779,"-8.00,-5.89,-15.78,7.10",3,10,-52.0,-3.379736842104888,26.333780625435075,8.819622965959608,26.736842105263158
m6_low20-30_close40-60_green,YES,flat,above0-50,85,38,49.578947368421055,7.0,0.5526315789473685,0.58328173374613,-2.6052631578947363,-13.555555555555554,"-5.50,-3.11,-13.56,10.60",4,10,-52.0,-3.379736842104888,26.333780625435075,8.819622965959608,26.736842105263158
m6_low20-30_close40-60_green,YES,flat,above50-150,65,44,49.04545454545455,7.0,0.6818181818181818,0.7545454545454545,-4.7272727272727275,-18.09090909090909,"-2.27,-0.64,2.09,-18.09",2,10,-24.8,-0.39386363636367605,90.21379956249356,26.400709927907386,25.227272727272727
m6_low20-30_close40-60_green,YES,flat,above50-150,70,44,49.04545454545455,7.0,0.6590909090909091,0.7006493506493506,-2.909090909090909,-15.818181818181818,"1.36,3.00,-0.18,-15.82",3,10,-22.8,-0.39386363636367605,90.21379956249356,26.400709927907386,25.227272727272727
m6_low20-30_close40-60_green,YES,flat,above50-150,75,44,49.04545454545455,7.0,0.5909090909090909,0.6539393939393939,-4.7272727272727275,-20.363636363636363,"5.00,-0.18,-3.36,-20.36",4,10,-45.0,-0.39386363636367605,90.21379956249356,26.400709927907386,25.227272727272727
m6_low20-30_close40-60_green,YES,flat,above50-150,80,44,49.04545454545455,7.0,0.5681818181818182,0.6130681818181818,-3.590909090909091,-18.545454545454547,"8.64,3.00,-7.45,-18.55",4,10,-45.0,-0.39386363636367605,90.21379956249356,26.400709927907386,25.227272727272727
m6_low20-30_close40-60_green,YES,flat,above50-150,85,44,49.04545454545455,7.0,0.5227272727272727,0.5770053475935829,-4.613636363636363,-24.454545454545453,"4.55,6.18,-4.73,-24.45",3,10,-45.0,-0.39386363636367605,90.21379956249356,26.400709927907386,25.227272727272727
m6_low20-30_close40-60_green,YES,flat,above>150,65,35,48.142857142857146,7.0,0.6285714285714286,0.7406593406593407,-7.285714285714286,-26.625,"-10.33,-2.67,-26.62,8.33",2,10,-41.0,-1.2345714285718195,340.1096385936723,90.18492437449875,26.17142857142857
m6_low20-30_close40-60_green,YES,flat,above>150,70,35,48.142857142857146,7.0,0.6285714285714286,0.6877551020408164,-4.142857142857143,-24.75,"-7.56,0.67,-24.75,12.78",3,10,-41.0,-1.2345714285718195,340.1096385936723,90.18492437449875,26.17142857142857
m6_low20-30_close40-60_green,YES,flat,above>150,75,35,48.142857142857146,7.0,0.6,0.641904761904762,-3.142857142857143,-22.875,"-4.78,4.00,-22.88,8.89",3,10,-41.0,-1.2345714285718195,340.1096385936723,90.18492437449875,26.17142857142857
m6_low20-30_close40-60_green,YES,flat,above>150,80,35,48.142857142857146,7.0,0.5428571428571428,0.6017857142857144,-4.714285714285714,-31.0,"-10.89,7.33,-31.00,12.78",4,10,-50.333333333333336,-1.2345714285718195,340.1096385936723,90.18492437449875,26.17142857142857
m6_low20-30_close40-60_green,YES,flat,above>150,85,35,48.142857142857146,7.0,0.5428571428571428,0.5663865546218487,-2.0,-29.75,"-8.67,10.67,-29.75,16.67",5,10,-50.333333333333336,-1.2345714285718195,340.1096385936723,90.18492437449875,26.17142857142857
m6_low20-30_close45-65_green,NO,flat,below50-150,65,31,55.0,8.0,0.8064516129032258,0.8461538461538461,-2.5806451612903243,-7.7500000000000036,"-7.38,-7.75,1.57,3.75",7,10,-57.0,-0.9661290322582053,-87.5571710632233,-23.19769942837053,25.70967741935484
m6_low20-30_close45-65_green,NO,flat,below50-150,70,31,55.0,8.0,0.7741935483870968,0.7857142857142857,-0.8064516129032281,-4.142857142857145,"-3.63,-4.00,-4.14,8.12",6,10,-57.0,-0.9661290322582053,-87.5571710632233,-23.19769942837053,25.70967741935484
m6_low20-30_close45-65_green,NO,flat,below50-150,75,31,55.0,8.0,0.7419354838709677,0.7333333333333333,0.6451612903225784,-0.5714285714285735,"0.12,-0.25,-0.57,3.12",6,10,-57.0,-0.9661290322582053,-87.5571710632233,-23.19769942837053,25.70967741935484
m6_low20-30_close45-65_green,NO,flat,below50-150,80,31,55.0,8.0,0.7419354838709677,0.6875,4.354838709677417,2.999999999999998,"3.87,3.50,3.00,6.87",6,10,-57.0,-0.9661290322582053,-87.5571710632233,-23.19769942837053,25.70967741935484
m6_low20-30_close45-65_green,NO,flat,below50-150,85,31,55.0,8.0,0.6774193548387096,0.6470588235294118,2.5806451612903207,-3.3750000000000036,"-3.00,-3.38,6.57,10.62",6,10,-57.0,-0.9661290322582053,-87.5571710632233,-23.19769942837053,25.70967741935484
m6_low20-30_close45-65_green,NO,flat,above0-50,65,28,55.285714285714285,7.0,0.75,0.8505494505494505,-6.5357142857142865,-16.857142857142858,"-9.43,-16.86,0.29,-0.14",5,9,-26.2,0.8903571428568934,21.424695033959974,5.091011199101558,25.214285714285715
m6_low20-30_close45-65_green,NO,flat,above0-50,70,28,55.285714285714285,7.0,0.75,0.789795918367347,-2.7857142857142874,-14.0,"-5.86,-14.00,4.57,4.14",5,9,-24.2,0.8903571428568934,21.424695033959974,5.091011199101558,25.214285714285715
m6_low20-30_close45-65_green,NO,flat,above0-50,75,28,55.285714285714285,7.0,0.7142857142857143,0.7371428571428571,-1.7142857142857157,-21.857142857142858,"-2.29,-21.86,8.86,8.43",5,9,-22.2,0.8903571428568934,21.424695033959974,5.091011199101558,25.214285714285715
m6_low20-30_close45-65_green,NO,flat,above0-50,80,28,55.285714285714285,7.0,0.6785714285714286,0.6910714285714286,-1.0,-19.714285714285715,"-10.14,-19.71,13.14,12.71",5,9,-51.0,0.8903571428568934,21.424695033959974,5.091011199101558,25.214285714285715
m6_low20-30_close45-65_green,NO,flat,above0-50,85,28,55.285714285714285,7.0,0.6428571428571429,0.6504201680672269,-0.6428571428571429,-19.428571428571427,"-19.43,-17.57,17.43,17.00",5,9,-51.0,0.8903571428568934,21.424695033959974,5.091011199101558,25.214285714285715
m6_low20-30_close45-65_green,NO,flat,above50-150,65,32,54.84375,7.0,0.8125,0.84375,-2.0312500000000018,-13.875,"-13.88,1.25,1.25,3.25",4,9,-47.0,-0.8549999999997908,92.54159071399863,23.04385121383916,24.75
m6_low20-30_close45-65_green,NO,flat,above50-150,70,32,54.84375,7.0,0.8125,0.7834821428571429,2.0312499999999987,-10.75,"-10.75,5.62,5.62,7.62",6,9,-47.0,-0.8549999999997908,92.54159071399863,23.04385121383916,24.75
m6_low20-30_close45-65_green,NO,flat,above50-150,75,32,54.84375,7.0,0.75,0.73125,1.4062499999999991,-17.0,"-17.00,0.62,10.00,12.00",5,9,-55.00000000000001,-0.8549999999997908,92.54159071399863,23.04385121383916,24.75
m6_low20-30_close45-65_green,NO,flat,above50-150,80,32,54.84375,7.0,0.6875,0.685546875,0.1562499999999989,-14.5,"-14.50,-5.63,4.37,16.38",4,9,-55.00000000000001,-0.8549999999997908,92.54159071399863,23.04385121383916,24.75
m6_low20-30_close45-65_green,NO,flat,above50-150,85,32,54.84375,7.0,0.65625,0.6452205882352942,0.9374999999999991,-12.0,"-12.00,-2.50,-2.50,20.75",4,9,-55.00000000000001,-0.8549999999997908,92.54159071399863,23.04385121383916,24.75
m6_low20-30_close45-65_green,NO,flat,above>150,65,25,52.4,7.0,0.88,0.8061538461538461,4.799999999999996,-6.571428571428575,"-6.57,1.33,13.00,13.33",7,9,-11.66666666666667,3.6780000000001745,260.71222030337145,77.72209372041951,25.44
m6_low20-30_close45-65_green,NO,flat,above>150,70,25,52.4,7.0,0.84,0.7485714285714286,6.399999999999997,-3.000000000000003,"-3.00,5.50,18.00,6.67",6,9,-8.333333333333336,3.6780000000001745,260.71222030337145,77.72209372041951,25.44
m6_low20-30_close45-65_green,NO,flat,above>150,75,25,52.4,7.0,0.8,0.6986666666666667,7.6,0.5714285714285684,"0.57,9.67,10.50,10.83",7,9,-30.0,3.6780000000001745,260.71222030337145,77.72209372041951,25.44
m6_low20-30_close45-65_green,NO,flat,above>150,80,25,52.4,7.0,0.64,0.655,-1.2000000000000022,-12.000000000000005,"-7.29,13.83,-12.00,1.67",5,9,-47.0,3.6780000000001745,260.71222030337145,77.72209372041951,25.44
m6_low20-30_close45-65_green,NO,flat,above>150,85,25,52.4,7.0,0.64,0.6164705882352941,1.999999999999999,-9.500000000000004,"-4.43,18.00,-9.50,5.00",6,9,-47.0,3.6780000000001745,260.71222030337145,77.72209372041951,25.44
m6_low20-30_close45-65_green,YES,flat,below50-150,65,37,54.32432432432432,8.0,0.918918918918919,0.8357588357588357,5.405405405405405,2.999999999999999,"4.80,3.00,4.67,9.22",9,10,-7.833333333333332,-0.26918918918916557,-94.83344757126139,-25.45004006501266,25.405405405405407
m6_low20-30_close45-65_green,YES,flat,below50-150,70,37,54.32432432432432,8.0,0.8378378378378378,0.7760617760617761,4.324324324324325,-0.33333333333333415,"2.30,-0.33,1.33,14.22",8,10,-5.833333333333333,-0.26918918918916557,-94.83344757126139,-25.45004006501266,25.405405405405407
m6_low20-30_close45-65_green,YES,flat,below50-150,75,37,54.32432432432432,8.0,0.7567567567567568,0.7243243243243243,2.432432432432432,-13.11111111111111,"6.30,-13.11,-3.11,19.22",5,10,-20.000000000000004,-0.26918918918916557,-94.83344757126139,-25.45004006501266,25.405405405405407
m6_low20-30_close45-65_green,YES,flat,below50-150,80,37,54.32432432432432,8.0,0.7297297297297297,0.6790540540540541,4.054054054054054,-10.333333333333334,"10.30,-10.33,0.22,15.33",7,10,-17.500000000000004,-0.26918918918916557,-94.83344757126139,-25.45004006501266,25.405405405405407
m6_low20-30_close45-65_green,YES,flat,below50-150,85,37,54.32432432432432,8.0,0.6486486486486487,0.6391096979332274,0.8108108108108109,-17.0,"14.30,-17.00,-5.89,10.33",6,10,-21.2,-0.26918918918916557,-94.83344757126139,-25.45004006501266,25.405405405405407
m6_low20-30_close45-65_green,YES,flat,below0-50,65,38,53.68421052631579,8.0,0.8157894736842105,0.8259109311740891,-0.6578947368421051,-5.1111111111111125,"3.30,-5.11,-1.33,0.00",6,10,-25.499999999999996,-1.0926315789474756,-23.743736458304692,-2.9851122940210764,25.973684210526315
m6_low20-30_close45-65_green,YES,flat,below0-50,70,38,53.68421052631579,8.0,0.7894736842105263,0.7669172932330827,1.5789473684210529,-9.000000000000002,"7.80,-9.00,2.56,4.00",6,10,-22.999999999999996,-1.0926315789474756,-23.743736458304692,-2.9851122940210764,25.973684210526315
m6_low20-30_close45-65_green,YES,flat,below0-50,75,38,53.68421052631579,8.0,0.7105263157894737,0.7157894736842105,-0.394736842105263,-5.666666666666668,"-2.70,-5.67,6.44,0.50",4,10,-52.5,-1.0926315789474756,-23.743736458304692,-2.9851122940210764,25.973684210526315
m6_low20-30_close45-65_green,YES,flat,below0-50,80,38,53.68421052631579,8.0,0.6842105263157895,0.6710526315789473,1.0526315789473684,-7.2,"-7.20,-2.33,10.33,4.00",4,10,-52.5,-1.0926315789474756,-23.743736458304692,-2.9851122940210764,25.973684210526315
m6_low20-30_close45-65_green,YES,flat,below0-50,85,38,53.68421052631579,8.0,0.6842105263157895,0.631578947368421,4.473684210526316,-4.199999999999999,"-4.20,1.00,14.22,7.50",6,10,-52.5,-1.0926315789474756,-23.743736458304692,-2.9851122940210764,25.973684210526315
m6_low20-30_close45-65_green,YES,flat,above0-50,65,40,53.275,7.5,0.8,0.8196153846153846,-1.275,-7.5,"-0.00,-7.50,-3.70,6.10",5,10,-25.0,-2.4722499999998035,24.79416849968038,7.121722023387702,26.775
m6_low20-30_close45-65_green,YES,flat,above0-50,70,40,53.275,7.5,0.75,0.7610714285714285,-0.7750000000000004,-11.0,"4.00,-11.00,-6.70,10.60",6,10,-34.666666666666664,-2.4722499999998035,24.79416849968038,7.121722023387702,26.775
m6_low20-30_close45-65_green,YES,flat,above0-50,75,40,53.275,7.5,0.675,0.7103333333333333,-2.65,-8.0,"-7.00,-8.00,-3.20,7.60",6,10,-33.0,-2.4722499999998035,24.79416849968038,7.121722023387702,26.775
m6_low20-30_close45-65_green,YES,flat,above0-50,80,40,53.275,7.5,0.6,0.6659375,-5.275,-13.0,"-4.00,-13.00,-7.70,3.60",4,10,-54.666666666666664,-2.4722499999998035,24.79416849968038,7.121722023387702,26.775
m6_low20-30_close45-65_green,YES,flat,above0-50,85,40,53.275,7.5,0.6,0.6267647058823529,-2.275000000000001,-10.5,"-1.00,-10.50,-4.70,7.10",5,10,-54.666666666666664,-2.4722499999998035,24.79416849968038,7.121722023387702,26.775
m6_low20-30_close45-65_green,YES,flat,above50-150,65,42,51.976190476190474,7.5,0.7619047619047619,0.7996336996336996,-2.4523809523809526,-9.909090909090908,"0.09,0.10,0.40,-9.91",3,10,-50.0,0.07261904761929015,88.84104867413718,23.09673282541986,25.261904761904763
m6_low20-30_close45-65_green,YES,flat,above50-150,70,42,51.976190476190474,7.5,0.7380952380952381,0.742517006802721,-0.30952380952380937,-6.7272727272727275,"4.18,4.10,-2.60,-6.73",6,10,-50.0,0.07261904761929015,88.84104867413718,23.09673282541986,25.261904761904763
m6_low20-30_close45-65_green,YES,flat,above50-150,75,42,51.976190476190474,7.5,0.6904761904761905,0.693015873015873,-0.1904761904761903,-10.363636363636363,"8.27,0.60,0.90,-10.36",5,10,-50.0,0.07261904761929015,88.84104867413718,23.09673282541986,25.261904761904763
m6_low20-30_close45-65_green,YES,flat,above50-150,80,42,51.976190476190474,7.5,0.6666666666666666,0.649702380952381,1.3571428571428572,-7.636363636363637,"12.36,4.10,-3.60,-7.64",6,10,-50.0,0.07261904761929015,88.84104867413718,23.09673282541986,25.261904761904763
m6_low20-30_close45-65_green,YES,flat,above50-150,85,42,51.976190476190474,7.5,0.5952380952380952,0.611484593837535,-1.3809523809523812,-12.636363636363637,"8.73,-0.90,-0.60,-12.64",4,10,-50.0,0.07261904761929015,88.84104867413718,23.09673282541986,25.261904761904763
m6_low20-30_close45-65_green,YES,flat,above>150,65,34,53.26470588235294,7.0,0.7352941176470589,0.8194570135746606,-5.470588235294118,-15.555555555555555,"-15.56,2.00,-11.75,3.56",4,9,-28.666666666666668,-1.1200000000006933,377.84077240935864,98.78151478513888,26.794117647058822
m6_low20-30_close45-65_green,YES,flat,above>150,70,34,53.26470588235294,7.0,0.7352941176470589,0.7609243697478991,-1.7941176470588236,-12.777777777777779,"-12.78,6.38,-8.62,8.00",5,9,-27.0,-1.1200000000006933,377.84077240935864,98.78151478513888,26.794117647058822
m6_low20-30_close45-65_green,YES,flat,above>150,75,34,53.26470588235294,7.0,0.7058823529411765,0.7101960784313726,-0.3235294117647063,-10.0,"-10.00,10.75,-5.50,4.11",4,9,-25.333333333333332,-1.1200000000006933,377.84077240935864,98.78151478513888,26.794117647058822
m6_low20-30_close45-65_green,YES,flat,above>150,80,34,53.26470588235294,7.0,0.6470588235294118,0.6658088235294117,-1.5,-16.11111111111111,"-16.11,15.12,-12.38,8.00",5,9,-50.333333333333336,-1.1200000000006933,377.84077240935864,98.78151478513888,26.794117647058822
m6_low20-30_close45-65_green,YES,flat,above>150,85,34,53.26470588235294,7.0,0.6470588235294118,0.626643598615917,1.7352941176470589,-13.88888888888889,"-13.89,19.50,-9.88,11.89",5,9,-50.333333333333336,-1.1200000000006933,377.84077240935864,98.78151478513888,26.794117647058822
m6_low20-30_close50-70_green,NO,flat,below50-150,65,33,58.484848484848484,8.0,0.9090909090909091,0.8997668997668997,0.6060606060606043,-6.7777777777777795,"-6.78,-3.63,9.37,4.37",8,10,-38.666666666666664,0.7724242424239602,-86.6340407124616,-24.124016566725693,25.848484848484848
m6_low20-30_close50-70_green,NO,flat,below50-150,70,33,58.484848484848484,8.0,0.8484848484848485,0.8354978354978355,0.9090909090909076,-10.666666666666668,"-10.67,0.75,5.62,9.38",8,10,-60.333333333333336,0.7724242424239602,-86.6340407124616,-24.124016566725693,25.848484848484848
m6_low20-30_close50-70_green,NO,flat,below50-150,75,33,58.484848484848484,8.0,0.7878787878787878,0.7797979797979798,0.606060606060605,-7.333333333333335,"-7.33,5.12,0.62,5.00",7,10,-60.333333333333336,0.7724242424239602,-86.6340407124616,-24.124016566725693,25.848484848484848
m6_low20-30_close50-70_green,NO,flat,below50-150,80,33,58.484848484848484,8.0,0.7575757575757576,0.7310606060606061,2.12121212121212,-4.000000000000002,"-4.00,9.50,4.37,-0.63",6,10,-60.333333333333336,0.7724242424239602,-86.6340407124616,-24.124016566725693,25.848484848484848
m6_low20-30_close50-70_green,NO,flat,below50-150,85,33,58.484848484848484,8.0,0.696969696969697,0.6880570409982175,0.7575757575757569,-10.111111111111112,"-10.11,3.25,8.12,3.12",7,10,-60.333333333333336,0.7724242424239602,-86.6340407124616,-24.124016566725693,25.848484848484848
m6_low20-30_close50-70_green,NO,flat,above0-50,65,29,56.62068965517241,7.0,0.7931034482758621,0.8710875331564987,-5.068965517241382,-17.714285714285715,"-3.00,-17.71,0.29,-0.14",5,10,-21.25,0.14620689655140298,20.99101876333639,4.9575458313579315,25.310344827586206
m6_low20-30_close50-70_green,NO,flat,above0-50,70,29,56.62068965517241,7.0,0.7931034482758621,0.8088669950738916,-1.1034482758620705,-14.857142857142858,"1.38,-14.86,4.57,4.14",6,10,-18.75,0.14620689655140298,20.99101876333639,4.9575458313579315,25.310344827586206
m6_low20-30_close50-70_green,NO,flat,above0-50,75,29,56.62068965517241,7.0,0.7586206896551724,0.7549425287356322,0.2758620689655153,-22.714285714285715,"5.75,-22.71,8.86,8.43",6,10,-21.000000000000004,0.14620689655140298,20.99101876333639,4.9575458313579315,25.310344827586206
m6_low20-30_close50-70_green,NO,flat,above0-50,80,29,56.62068965517241,7.0,0.7241379310344828,0.7077586206896551,1.310344827586206,-20.571428571428573,"0.12,-20.57,13.14,12.71",6,10,-29.666666666666668,0.14620689655140298,20.99101876333639,4.9575458313579315,25.310344827586206
m6_low20-30_close50-70_green,NO,flat,above0-50,85,29,56.62068965517241,7.0,0.6896551724137931,0.6661257606490872,1.9999999999999991,-18.428571428571427,"-6.75,-18.43,17.43,17.00",6,10,-28.333333333333332,0.14620689655140298,20.99101876333639,4.9575458313579315,25.310344827586206
m6_low20-30_close50-70_green,NO,flat,above50-150,65,35,59.25714285714286,7.0,0.9142857142857143,0.9116483516483517,0.1714285714285704,-7.666666666666667,"-7.67,4.11,8.75,-3.56",5,8,-16.33333333333333,0.7651428571434475,93.26467702060388,23.407396665254367,25.0
m6_low20-30_close50-70_green,NO,flat,above50-150,70,35,59.25714285714286,7.0,0.8571428571428571,0.846530612244898,0.742857142857142,-11.555555555555555,"-11.56,1.33,13.75,0.89",4,8,-17.666666666666668,0.7651428571434475,93.26467702060388,23.407396665254367,25.0
m6_low20-30_close50-70_green,NO,flat,above50-150,75,35,59.25714285714286,7.0,0.8,0.7900952380952382,0.7428571428571422,-16.555555555555557,"-16.56,5.78,9.37,5.33",5,8,-39.333333333333336,0.7651428571434475,93.26467702060388,23.407396665254367,25.0
m6_low20-30_close50-70_green,NO,flat,above50-150,80,35,59.25714285714286,7.0,0.7142857142857143,0.7407142857142858,-2.114285714285715,-13.777777777777779,"-13.78,1.33,3.75,0.89",3,8,-37.666666666666664,0.7651428571434475,93.26467702060388,23.407396665254367,25.0
m6_low20-30_close50-70_green,NO,flat,above50-150,85,35,59.25714285714286,7.0,0.6857142857142857,0.6971428571428572,-0.9714285714285722,-11.0,"-11.00,5.22,-3.13,4.78",4,8,-36.0,0.7651428571434475,93.26467702060388,23.407396665254367,25.0
m6_low20-30_close50-70_green,YES,flat,below>150,65,26,58.65384615384615,8.0,0.9230769230769231,0.9023668639053254,1.3461538461538458,-1.4285714285714275,"-0.86,3.00,5.50,-1.43",7,9,-61.0,4.3415384615380805,-289.01892195039267,-76.77597739635222,26.0
m6_low20-30_close50-70_green,YES,flat,below>150,70,26,58.65384615384615,8.0,0.8076923076923077,0.8379120879120879,-2.1153846153846154,-16.571428571428573,"-16.57,8.00,-1.17,2.86",5,9,-61.0,4.3415384615380805,-289.01892195039267,-76.77597739635222,26.0
m6_low20-30_close50-70_green,YES,flat,below>150,75,26,58.65384615384615,8.0,0.7307692307692307,0.782051282051282,-3.8461538461538463,-13.714285714285714,"-13.71,0.50,-9.50,7.14",3,9,-61.0,4.3415384615380805,-289.01892195039267,-76.77597739635222,26.0
m6_low20-30_close50-70_green,YES,flat,below>150,80,26,58.65384615384615,8.0,0.6538461538461539,0.7331730769230769,-6.346153846153846,-19.5,"-10.86,-8.67,-19.50,11.43",2,9,-61.0,4.3415384615380805,-289.01892195039267,-76.77597739635222,26.0
m6_low20-30_close50-70_green,YES,flat,below>150,85,26,58.65384615384615,8.0,0.5769230769230769,0.6900452488687783,-9.615384615384615,-20.142857142857142,"-20.14,-5.33,-17.00,3.57",3,9,-61.0,4.3415384615380805,-289.01892195039267,-76.77597739635222,26.0
m6_low20-30_close50-70_green,YES,flat,below50-150,65,40,57.625,8.0,0.95,0.8865384615384615,4.125,-1.4999999999999987,"6.60,5.60,-1.50,5.80",8,10,-13.4,0.6140000000003056,-98.05512658035896,-26.83101014810436,25.6
m6_low20-30_close50-70_green,YES,flat,below50-150,70,40,57.625,8.0,0.875,0.8232142857142857,3.625,-4.499999999999998,"4.60,3.60,-4.50,10.80",9,10,-10.399999999999999,0.6140000000003056,-98.05512658035896,-26.83101014810436,25.6
m6_low20-30_close50-70_green,YES,flat,below50-150,75,40,57.625,8.0,0.8,0.7683333333333333,2.375,-8.499999999999998,"9.10,-6.90,-8.50,15.80",6,10,-10.66666666666667,0.6140000000003056,-98.05512658035896,-26.83101014810436,25.6
m6_low20-30_close50-70_green,YES,flat,below50-150,80,40,57.625,8.0,0.775,0.7203125,4.375,-5.499999999999998,"13.60,-3.40,-5.50,12.80",6,10,-7.333333333333336,0.6140000000003056,-98.05512658035896,-26.83101014810436,25.6
m6_low20-30_close50-70_green,YES,flat,below50-150,85,40,57.625,8.0,0.7,0.6779411764705883,1.875,-10.999999999999998,"18.10,-8.40,-11.00,8.80",6,10,-21.2,0.6140000000003056,-98.05512658035896,-26.83101014810436,25.6
m6_low20-30_close50-70_green,YES,flat,below0-50,65,35,58.457142857142856,8.0,0.8285714285714286,0.8993406593406593,-4.6,-10.555555555555555,"-1.89,-10.56,-9.25,2.78",6,10,-25.499999999999996,-0.11857142857126227,-23.910280120610384,-3.3313315770719782,26.114285714285714
m6_low20-30_close50-70_green,YES,flat,below0-50,70,35,58.457142857142856,8.0,0.7714285714285715,0.8351020408163266,-4.457142857142857,-14.444444444444445,"2.56,-14.44,-5.50,-0.56",5,10,-22.999999999999996,-0.11857142857126227,-23.910280120610384,-3.3313315770719782,26.114285714285714
m6_low20-30_close50-70_green,YES,flat,below0-50,75,35,58.457142857142856,8.0,0.7142857142857143,0.7794285714285714,-4.885714285714286,-11.11111111111111,"-9.67,-11.11,-1.75,3.33",4,10,-56.0,-0.11857142857126227,-23.910280120610384,-3.3313315770719782,26.114285714285714
m6_low20-30_close50-70_green,YES,flat,below0-50,80,35,58.457142857142856,8.0,0.6857142857142857,0.7307142857142856,-3.6,-15.222222222222221,"-15.22,-7.78,2.00,7.22",3,10,-59.0,-0.11857142857126227,-23.910280120610384,-3.3313315770719782,26.114285714285714
m6_low20-30_close50-70_green,YES,flat,below0-50,85,35,58.457142857142856,8.0,0.6857142857142857,0.6877310924369747,-0.171428571428571,-12.444444444444445,"-12.44,-4.44,5.75,11.11",4,10,-59.0,-0.11857142857126227,-23.910280120610384,-3.3313315770719782,26.114285714285714
m6_low20-30_close50-70_green,YES,flat,above0-50,65,38,57.6578947368421,8.0,0.8421052631578947,0.8870445344129554,-2.9210526315789482,-12.500000000000004,"-12.50,-5.78,-0.44,7.00",5,10,-25.0,-0.6936842105265226,26.602419402405136,7.3310531906109215,26.973684210526315
m6_low20-30_close50-70_green,YES,flat,above0-50,70,38,57.6578947368421,8.0,0.7894736842105263,0.8236842105263158,-2.3947368421052637,-17.444444444444443,"-9.00,-17.44,4.00,12.00",5,10,-25.25,-0.6936842105265226,26.602419402405136,7.3310531906109215,26.973684210526315
m6_low20-30_close50-70_green,YES,flat,above0-50,75,38,57.6578947368421,8.0,0.7105263157894737,0.7687719298245613,-4.368421052631579,-20.500000000000004,"-20.50,-14.67,8.44,9.50",5,10,-26.000000000000007,-0.6936842105265226,26.602419402405136,7.3310531906109215,26.973684210526315
m6_low20-30_close50-70_green,YES,flat,above0-50,80,38,57.6578947368421,8.0,0.631578947368421,0.7207236842105262,-7.131578947368421,-20.77777777777778,"-18.00,-20.78,4.00,6.00",4,10,-59.0,-0.6936842105265226,26.602419402405136,7.3310531906109215,26.973684210526315
m6_low20-30_close50-70_green,YES,flat,above0-50,85,38,57.6578947368421,8.0,0.631578947368421,0.6783281733746129,-3.973684210526316,-18.555555555555557,"-15.50,-18.56,7.89,10.00",5,10,-59.0,-0.6936842105265226,26.602419402405136,7.3310531906109215,26.973684210526315
m6_low20-30_close50-70_green,YES,flat,above50-150,65,36,57.583333333333336,8.0,0.7777777777777778,0.885897435897436,-7.027777777777778,-16.0,"-5.11,-0.67,-6.33,-16.00",2,9,-50.0,-0.1255555555550624,84.89062929348478,22.37431357391607,25.61111111111111
m6_low20-30_close50-70_green,YES,flat,above50-150,70,36,57.583333333333336,8.0,0.75,0.8226190476190477,-5.083333333333332,-12.666666666666666,"-1.22,3.78,-10.22,-12.67",3,9,-50.0,-0.1255555555550624,84.89062929348478,22.37431357391607,25.61111111111111
m6_low20-30_close50-70_green,YES,flat,above50-150,75,36,57.583333333333336,8.0,0.75,0.7677777777777778,-1.333333333333333,-9.333333333333334,"2.67,8.22,-6.89,-9.33",3,9,-50.0,-0.1255555555550624,84.89062929348478,22.37431357391607,25.61111111111111
m6_low20-30_close50-70_green,YES,flat,above50-150,80,36,57.583333333333336,8.0,0.7222222222222222,0.7197916666666667,0.19444444444444425,-12.444444444444445,"6.56,12.67,-12.44,-6.00",5,9,-50.0,-0.1255555555550624,84.89062929348478,22.37431357391607,25.61111111111111
m6_low20-30_close50-70_green,YES,flat,above50-150,85,36,57.583333333333336,8.0,0.6666666666666666,0.6774509803921569,-0.9166666666666666,-9.666666666666666,"1.00,7.67,-9.67,-2.67",3,9,-50.0,-0.1255555555550624,84.89062929348478,22.37431357391607,25.61111111111111
m6_low20-30_close50-70_green,YES,flat,above>150,65,34,58.23529411764706,8.0,0.8823529411764706,0.8959276018099548,-0.8823529411764706,-9.125,"0.22,-0.75,-9.12,5.22",5,10,-18.5,-0.9205882352939893,347.68694166313907,91.71316886696299,26.735294117647058
m6_low20-30_close50-70_green,YES,flat,above>150,70,34,58.23529411764706,8.0,0.8529411764705882,0.8319327731092437,1.4705882352941178,-5.375,"4.67,3.62,-5.38,2.44",6,10,-16.0,-0.9205882352939893,347.68694166313907,91.71316886696299,26.735294117647058
m6_low20-30_close50-70_green,YES,flat,above>150,75,34,58.23529411764706,8.0,0.8235294117647058,0.7764705882352941,3.5294117647058822,-1.625,"9.11,8.00,-1.62,-1.44",6,10,-36.0,-0.9205882352939893,347.68694166313907,91.71316886696299,26.735294117647058
m6_low20-30_close50-70_green,YES,flat,above>150,80,34,58.23529411764706,8.0,0.7647058823529411,0.7279411764705882,2.9411764705882355,-7.875,"4.67,12.38,-7.88,2.44",8,10,-51.0,-0.9205882352939893,347.68694166313907,91.71316886696299,26.735294117647058
m6_low20-30_close50-70_green,YES,flat,above>150,85,34,58.23529411764706,8.0,0.7647058823529411,0.6851211072664359,6.764705882352941,-4.75,"8.56,16.75,-4.75,6.33",8,10,-51.0,-0.9205882352939893,347.68694166313907,91.71316886696299,26.735294117647058
m6_low25-35_close35-55_green,NO,flat,below>150,65,28,46.75,7.0,0.7857142857142857,0.7192307692307692,4.321428571428571,-14.857142857142858,"16.00,16.71,-0.57,-14.86",7,8,-40.25,-6.233928571428676,-259.12079287731984,-72.91379958524418,30.642857142857142
m6_low25-35_close35-55_green,NO,flat,below>150,70,28,46.75,7.0,0.6428571428571429,0.6678571428571428,-1.750000000000001,-22.714285714285715,"11.00,11.71,-7.00,-22.71",5,8,-40.25,-6.233928571428676,-259.12079287731984,-72.91379958524418,30.642857142857142
m6_low25-35_close35-55_green,NO,flat,below>150,75,28,46.75,7.0,0.5357142857142857,0.6233333333333333,-6.571428571428571,-25.571428571428573,"4.57,16.00,-25.57,-21.29",4,8,-51.0,-6.233928571428676,-259.12079287731984,-72.91379958524418,30.642857142857142
m6_low25-35_close35-55_green,NO,flat,below>150,80,28,46.75,7.0,0.5,0.584375,-6.75,-24.142857142857142,"-3.29,20.29,-24.14,-19.86",4,8,-51.0,-6.233928571428676,-259.12079287731984,-72.91379958524418,30.642857142857142
m6_low25-35_close35-55_green,NO,flat,below>150,85,28,46.75,7.0,0.5,0.55,-4.25,-22.714285714285715,"-0.43,24.57,-22.71,-18.43",4,8,-51.0,-6.233928571428676,-259.12079287731984,-72.91379958524418,30.642857142857142
m6_low25-35_close35-55_green,NO,flat,below50-150,65,33,44.81818181818182,7.0,0.6060606060606061,0.6895104895104895,-5.424242424242424,-20.625,"8.89,-7.00,-4.75,-20.62",3,9,-17.285714285714285,-3.1742424242424243,-83.95255632876554,-24.43678099329951,30.03030303030303
m6_low25-35_close35-55_green,NO,flat,below50-150,70,33,44.81818181818182,7.0,0.6060606060606061,0.6402597402597403,-2.3939393939393936,-18.75,"12.78,-3.87,-1.62,-18.75",3,9,-15.142857142857142,-3.1742424242424243,-83.95255632876554,-24.43678099329951,30.03030303030303
m6_low25-35_close35-55_green,NO,flat,below50-150,75,33,44.81818181818182,7.0,0.5454545454545454,0.5975757575757576,-3.909090909090909,-16.875,"8.33,-0.75,-7.88,-16.88",4,9,-38.0,-3.1742424242424243,-83.95255632876554,-24.43678099329951,30.03030303030303
m6_low25-35_close35-55_green,NO,flat,below50-150,80,33,44.81818181818182,7.0,0.5454545454545454,0.5602272727272728,-1.1818181818181819,-15.0,"11.67,2.38,-5.38,-15.00",4,9,-38.0,-3.1742424242424243,-83.95255632876554,-24.43678099329951,30.03030303030303
m6_low25-35_close35-55_green,NO,flat,below50-150,85,33,44.81818181818182,7.0,0.5151515151515151,0.5272727272727273,-1.0303030303030303,-13.125,"15.00,-5.12,-2.88,-13.12",6,9,-38.0,-3.1742424242424243,-83.95255632876554,-24.43678099329951,30.03030303030303
m6_low25-35_close35-55_green,NO,flat,below0-50,65,37,45.78378378378378,7.0,0.5405405405405406,0.7043659043659043,-10.64864864864865,-23.88888888888889,"-0.90,-23.89,-10.44,-8.44",4,10,-52.5,-5.743243243243047,-26.165274533685423,-6.77531343821131,30.7027027027027
m6_low25-35_close35-55_green,NO,flat,below0-50,70,37,45.78378378378378,7.0,0.5405405405405406,0.654054054054054,-7.945945945945946,-22.22222222222222,"2.60,-22.22,-7.67,-5.67",5,10,-52.5,-5.743243243243047,-26.165274533685423,-6.77531343821131,30.7027027027027
m6_low25-35_close35-55_green,NO,flat,below0-50,75,37,45.78378378378378,7.0,0.5135135135135135,0.6104504504504504,-7.27027027027027,-20.555555555555557,"6.10,-20.56,-4.89,-11.22",5,10,-52.5,-5.743243243243047,-26.165274533685423,-6.77531343821131,30.7027027027027
m6_low25-35_close35-55_green,NO,flat,below0-50,80,37,45.78378378378378,7.0,0.4594594594594595,0.5722972972972973,-9.027027027027026,-18.88888888888889,"1.60,-18.89,-11.00,-9.00",3,10,-52.5,-5.743243243243047,-26.165274533685423,-6.77531343821131,30.7027027027027
m6_low25-35_close35-55_green,NO,flat,below0-50,85,37,45.78378378378378,7.0,0.40540540540540543,0.5386327503974563,-11.324324324324325,-17.22222222222222,"-3.90,-17.22,-8.78,-16.22",2,10,-52.5,-5.743243243243047,-26.165274533685423,-6.77531343821131,30.7027027027027
m6_low25-35_close35-55_green,NO,flat,above0-50,65,38,44.76315789473684,7.0,0.6052631578947368,0.6886639676113361,-5.421052631578948,-9.3,"-9.30,0.33,-8.44,-4.00",3,10,-54.0,-2.8623684210529303,22.213228210651945,4.998191695625505,30.57894736842105
m6_low25-35_close35-55_green,NO,flat,above0-50,70,38,44.76315789473684,7.0,0.5789473684210527,0.6394736842105263,-4.2368421052631575,-13.444444444444445,"-6.30,3.67,-13.44,-1.00",2,10,-54.0,-2.8623684210529303,22.213228210651945,4.998191695625505,30.57894736842105
m6_low25-35_close35-55_green,NO,flat,above0-50,75,38,44.76315789473684,7.0,0.5,0.596842105263158,-7.2631578947368425,-27.88888888888889,"-3.30,-1.33,-27.89,2.00",4,10,-54.0,-2.8623684210529303,22.213228210651945,4.998191695625505,30.57894736842105
m6_low25-35_close35-55_green,NO,flat,above0-50,80,38,44.76315789473684,7.0,0.5,0.5595394736842105,-4.7631578947368425,-26.77777777777778,"-0.30,1.44,-26.78,5.00",5,10,-54.0,-2.8623684210529303,22.213228210651945,4.998191695625505,30.57894736842105
m6_low25-35_close35-55_green,NO,flat,above0-50,85,38,44.76315789473684,7.0,0.5,0.526625386996904,-2.263157894736842,-25.666666666666668,"2.70,4.22,-25.67,8.00",6,10,-54.0,-2.8623684210529303,22.213228210651945,4.998191695625505,30.57894736842105
m6_low25-35_close35-55_green,NO,flat,above50-150,65,25,47.52,7.0,0.56,0.7310769230769232,-11.12,-17.833333333333332,"-10.71,-5.33,-17.83,-10.67",3,10,-46.0,-0.5444000000000233,79.61041843100713,24.858362100670057,30.44
m6_low25-35_close35-55_green,NO,flat,above50-150,70,25,47.52,7.0,0.48,0.6788571428571429,-13.92,-19.833333333333332,"-17.86,-2.00,-15.33,-19.83",2,10,-46.0,-0.5444000000000233,79.61041843100713,24.858362100670057,30.44
m6_low25-35_close35-55_green,NO,flat,above50-150,75,25,47.52,7.0,0.48,0.6336,-11.52,-18.166666666666668,"-15.71,1.33,-12.83,-18.17",2,10,-46.0,-0.5444000000000233,79.61041843100713,24.858362100670057,30.44
m6_low25-35_close35-55_green,NO,flat,above50-150,80,25,47.52,7.0,0.4,0.5940000000000001,-15.52,-25.0,"-25.00,-8.67,-10.33,-16.50",0,10,-46.0,-0.5444000000000233,79.61041843100713,24.858362100670057,30.44
m6_low25-35_close35-55_green,NO,flat,above50-150,85,25,47.52,7.0,0.4,0.5590588235294118,-13.52,-23.571428571428573,"-23.57,-6.17,-7.83,-14.83",0,10,-46.0,-0.5444000000000233,79.61041843100713,24.858362100670057,30.44
m6_low25-35_close35-55_green,NO,flat,above>150,65,27,45.333333333333336,7.0,0.6296296296296297,0.6974358974358975,-4.407407407407407,-9.285714285714286,"-9.29,-1.57,-1.33,-5.00",4,9,-43.5,-1.6633333333318459,303.65090395834653,82.3494836546597,30.037037037037038
m6_low25-35_close35-55_green,NO,flat,above>150,70,27,45.333333333333336,7.0,0.6296296296296297,0.6476190476190476,-1.259259259259259,-6.42857142857143,"-6.43,2.00,2.00,-2.14",5,9,-43.5,-1.6633333333318459,303.65090395834653,82.3494836546597,30.037037037037038
m6_low25-35_close35-55_green,NO,flat,above>150,75,27,45.333333333333336,7.0,0.5555555555555556,0.6044444444444445,-3.6666666666666665,-7.166666666666665,"-3.57,-5.14,-7.17,0.71",5,9,-46.666666666666664,-1.6633333333318459,303.65090395834653,82.3494836546597,30.037037037037038
m6_low25-35_close35-55_green,NO,flat,above>150,80,27,45.333333333333336,7.0,0.5555555555555556,0.5666666666666667,-0.8888888888888886,-4.666666666666665,"-0.71,-2.29,-4.67,3.57",5,9,-46.666666666666664,-1.6633333333318459,303.65090395834653,82.3494836546597,30.037037037037038
m6_low25-35_close35-55_green,NO,flat,above>150,85,27,45.333333333333336,7.0,0.5555555555555556,0.5333333333333333,1.888888888888889,-2.1666666666666656,"2.14,0.57,-2.17,6.43",5,9,-46.666666666666664,-1.6633333333318459,303.65090395834653,82.3494836546597,30.037037037037038
m6_low25-35_close35-55_green,YES,flat,below50-150,65,41,44.4390243902439,7.0,0.6829268292682927,0.6836772983114446,-0.04878048780487805,-10.1,"4.00,-10.10,1.30,4.20",6,10,-16.0,-1.8563414634150033,-91.2671629942401,-22.741496316954088,30.317073170731707
m6_low25-35_close35-55_green,YES,flat,below50-150,70,41,44.4390243902439,7.0,0.6829268292682927,0.6348432055749129,3.3658536585365852,-7.1,"7.64,-7.10,4.80,7.70",7,10,-13.5,-1.8563414634150033,-91.2671629942401,-22.741496316954088,30.317073170731707
m6_low25-35_close35-55_green,YES,flat,below50-150,75,41,44.4390243902439,7.0,0.6097560975609756,0.592520325203252,1.2926829268292683,-11.6,"11.27,-11.60,0.80,3.70",6,10,-23.5,-1.8563414634150033,-91.2671629942401,-22.741496316954088,30.317073170731707
m6_low25-35_close35-55_green,YES,flat,below50-150,80,41,44.4390243902439,7.0,0.5365853658536586,0.5554878048780487,-1.5121951219512195,-9.1,"0.36,-9.10,3.80,-1.30",4,10,-39.0,-1.8563414634150033,-91.2671629942401,-22.741496316954088,30.317073170731707
m6_low25-35_close35-55_green,YES,flat,below50-150,85,41,44.4390243902439,7.0,0.5121951219512195,0.5228120516499283,-0.9024390243902439,-6.6,"3.09,-6.60,-1.70,1.20",5,10,-39.0,-1.8563414634150033,-91.2671629942401,-22.741496316954088,30.317073170731707
m6_low25-35_close35-55_green,YES,flat,below0-50,65,34,44.23529411764706,7.0,0.7058823529411765,0.6805429864253394,1.6470588235294117,-2.7777777777777777,"-2.78,7.88,1.75,0.44",4,9,-16.0,-2.136470588234849,-27.147803318880023,-3.132280839733165,30.264705882352942
m6_low25-35_close35-55_green,YES,flat,below0-50,70,34,44.23529411764706,7.0,0.6176470588235294,0.6319327731092437,-1.0,-7.222222222222222,"-7.22,-5.88,5.50,3.78",5,9,-43.5,-2.136470588234849,-27.147803318880023,-3.132280839733165,30.264705882352942
m6_low25-35_close35-55_green,YES,flat,below0-50,75,34,44.23529411764706,7.0,0.5,0.5898039215686275,-6.735294117647059,-12.777777777777779,"-12.78,-3.38,-0.12,-9.56",3,9,-46.0,-2.136470588234849,-27.147803318880023,-3.132280839733165,30.264705882352942
m6_low25-35_close35-55_green,YES,flat,below0-50,80,34,44.23529411764706,7.0,0.4411764705882353,0.5529411764705883,-8.941176470588236,-19.444444444444443,"-19.44,-10.88,3.00,-7.33",2,9,-46.0,-2.136470588234849,-27.147803318880023,-3.132280839733165,30.264705882352942
m6_low25-35_close35-55_green,YES,flat,below0-50,85,34,44.23529411764706,7.0,0.4411764705882353,0.5204152249134948,-6.735294117647059,-17.77777777777778,"-17.78,-9.00,6.12,-5.11",3,9,-46.0,-2.136470588234849,-27.147803318880023,-3.132280839733165,30.264705882352942
m6_low25-35_close35-55_green,YES,flat,above0-50,65,35,44.94285714285714,7.0,0.6,0.6914285714285714,-5.942857142857143,-11.11111111111111,"-3.56,-5.22,-3.62,-11.11",3,9,-20.666666666666668,-2.267428571428172,27.11994101681921,10.758757333705061,29.228571428571428
m6_low25-35_close35-55_green,YES,flat,above0-50,70,35,44.94285714285714,7.0,0.6,0.6420408163265307,-2.942857142857143,-8.333333333333334,"-0.22,-2.44,-0.50,-8.33",4,9,-19.0,-2.267428571428172,27.11994101681921,10.758757333705061,29.228571428571428
m6_low25-35_close35-55_green,YES,flat,above0-50,75,35,44.94285714285714,7.0,0.5714285714285714,0.5992380952380952,-2.085714285714286,-5.555555555555555,"-5.22,0.33,2.62,-5.56",4,9,-17.333333333333332,-2.267428571428172,27.11994101681921,10.758757333705061,29.228571428571428
m6_low25-35_close35-55_green,YES,flat,above0-50,80,35,44.94285714285714,7.0,0.5714285714285714,0.5617857142857143,0.7714285714285715,-2.7777777777777777,"-2.44,3.11,5.75,-2.78",5,9,-15.666666666666666,-2.267428571428172,27.11994101681921,10.758757333705061,29.228571428571428
m6_low25-35_close35-55_green,YES,flat,above0-50,85,35,44.94285714285714,7.0,0.5714285714285714,0.5287394957983194,3.6285714285714286,0.0,"0.33,5.89,8.88,0.00",5,9,-14.0,-2.267428571428172,27.11994101681921,10.758757333705061,29.228571428571428
m6_low25-35_close35-55_green,YES,flat,above50-150,65,36,46.55555555555556,7.0,0.5555555555555556,0.7162393162393162,-10.444444444444445,-16.11111111111111,"-5.00,-9.00,-16.11,-11.67",3,10,-47.5,-4.476944444445002,89.35581048881573,28.661900494015047,29.61111111111111
m6_low25-35_close35-55_green,YES,flat,above50-150,70,36,46.55555555555556,7.0,0.5277777777777778,0.665079365079365,-9.61111111111111,-16.666666666666668,"-1.67,-6.22,-13.89,-16.67",3,10,-47.5,-4.476944444445002,89.35581048881573,28.661900494015047,29.61111111111111
m6_low25-35_close35-55_green,YES,flat,above50-150,75,36,46.55555555555556,7.0,0.5,0.6207407407407408,-9.055555555555555,-20.0,"1.67,-3.44,-20.00,-14.44",4,10,-47.5,-4.476944444445002,89.35581048881573,28.661900494015047,29.61111111111111
m6_low25-35_close35-55_green,YES,flat,above50-150,80,36,46.55555555555556,7.0,0.5,0.5819444444444445,-6.555555555555555,-18.333333333333332,"5.00,-0.67,-18.33,-12.22",5,10,-47.5,-4.476944444445002,89.35581048881573,28.661900494015047,29.61111111111111
m6_low25-35_close35-55_green,YES,flat,above50-150,85,36,46.55555555555556,7.0,0.4722222222222222,0.5477124183006536,-6.416666666666667,-16.666666666666668,"-1.11,2.11,-16.67,-10.00",4,10,-47.5,-4.476944444445002,89.35581048881573,28.661900494015047,29.61111111111111
m6_low25-35_close35-55_green,YES,flat,above>150,65,33,45.75757575757576,7.0,0.696969696969697,0.703962703962704,-0.45454545454545453,-9.666666666666666,"-9.67,-4.88,1.75,12.12",5,10,-18.5,-2.157272727273018,358.3775444688142,99.90210934038359,29.606060606060606
m6_low25-35_close35-55_green,YES,flat,above>150,70,33,45.75757575757576,7.0,0.6666666666666666,0.6536796536796536,0.9090909090909091,-14.666666666666666,"-14.67,-1.75,5.50,16.50",5,10,-43.0,-2.157272727273018,358.3775444688142,99.90210934038359,29.606060606060606
m6_low25-35_close35-55_green,YES,flat,above>150,75,33,45.75757575757576,7.0,0.6363636363636364,0.6101010101010101,1.9696969696969697,-12.444444444444445,"-12.44,1.38,9.25,11.50",4,10,-43.0,-2.157272727273018,358.3775444688142,99.90210934038359,29.606060606060606
m6_low25-35_close35-55_green,YES,flat,above>150,80,33,45.75757575757576,7.0,0.5757575757575758,0.571969696969697,0.30303030303030304,-19.11111111111111,"-19.11,4.50,3.00,15.25",4,10,-51.0,-2.157272727273018,358.3775444688142,99.90210934038359,29.606060606060606
m6_low25-35_close35-55_green,YES,flat,above>150,85,33,45.75757575757576,7.0,0.5757575757575758,0.5383244206773619,3.1818181818181817,-17.444444444444443,"-17.44,7.62,6.12,19.00",5,10,-51.0,-2.157272727273018,358.3775444688142,99.90210934038359,29.606060606060606
m6_low25-35_close40-60_green,NO,flat,below>150,65,32,51.0625,7.0,0.90625,0.7855769230769231,7.843749999999998,-2.5000000000000027,"12.37,15.12,-2.50,6.37",8,9,-20.000000000000004,-2.9999999999995453,-258.6195582629059,-70.42422972251597,30.875
m6_low25-35_close40-60_green,NO,flat,below>150,70,32,51.0625,7.0,0.78125,0.7294642857142857,3.6249999999999982,-16.250000000000004,"8.62,20.12,-16.25,2.00",5,9,-17.500000000000004,-2.9999999999995453,-258.6195582629059,-70.42422972251597,30.875
m6_low25-35_close40-60_green,NO,flat,below>150,75,32,51.0625,7.0,0.625,0.6808333333333333,-4.187500000000002,-23.125000000000004,"13.00,6.37,-23.13,-13.00",5,9,-52.5,-2.9999999999995453,-258.6195582629059,-70.42422972251597,30.875
m6_low25-35_close40-60_green,NO,flat,below>150,80,32,51.0625,7.0,0.5625,0.63828125,-6.062500000000002,-31.250000000000004,"17.37,0.12,-31.25,-10.50",4,9,-52.5,-2.9999999999995453,-258.6195582629059,-70.42422972251597,30.875
m6_low25-35_close40-60_green,NO,flat,below>150,85,32,51.0625,7.0,0.5625,0.600735294117647,-3.2500000000000018,-30.000000000000004,"21.75,3.25,-30.00,-8.00",4,9,-52.5,-2.9999999999995453,-258.6195582629059,-70.42422972251597,30.875
m6_low25-35_close40-60_green,NO,flat,below50-150,65,38,50.44736842105263,7.0,0.7105263157894737,0.7761133603238867,-4.263157894736843,-24.0,"9.70,-6.44,4.33,-24.00",6,10,-44.99999999999999,-1.2073684210529456,-82.59886314175195,-24.72163896307163,29.973684210526315
m6_low25-35_close40-60_green,NO,flat,below50-150,70,38,50.44736842105263,7.0,0.7105263157894737,0.7206766917293232,-0.7105263157894753,-22.0,"14.20,-3.11,8.78,-22.00",7,10,-44.99999999999999,-1.2073684210529456,-82.59886314175195,-24.72163896307163,29.973684210526315
m6_low25-35_close40-60_green,NO,flat,below50-150,75,38,50.44736842105263,7.0,0.6578947368421053,0.6726315789473684,-1.1052631578947385,-20.0,"11.20,0.22,4.89,-20.00",5,10,-44.99999999999999,-1.2073684210529456,-82.59886314175195,-24.72163896307163,29.973684210526315
m6_low25-35_close40-60_green,NO,flat,below50-150,80,38,50.44736842105263,7.0,0.6578947368421053,0.6305921052631579,2.184210526315788,-18.0,"15.20,3.56,8.78,-18.00",6,10,-44.99999999999999,-1.2073684210529456,-82.59886314175195,-24.72163896307163,29.973684210526315
m6_low25-35_close40-60_green,NO,flat,below50-150,85,38,50.44736842105263,7.0,0.631578947368421,0.5934984520123839,3.236842105263156,-16.0,"10.70,6.89,12.67,-16.00",6,10,-44.99999999999999,-1.2073684210529456,-82.59886314175195,-24.72163896307163,29.973684210526315
m6_low25-35_close40-60_green,NO,flat,below0-50,65,42,49.07142857142857,7.0,0.6190476190476191,0.7549450549450549,-8.833333333333334,-11.454545454545457,"-11.45,-7.50,-9.20,-7.09",3,10,-29.400000000000006,-4.0709523809517645,-25.36610545300729,-6.979006143034938,30.952380952380953
m6_low25-35_close40-60_green,NO,flat,below0-50,70,42,49.07142857142857,7.0,0.6190476190476191,0.7010204081632653,-5.738095238095238,-8.272727272727275,"-8.27,-4.50,-6.20,-3.91",4,10,-27.400000000000006,-4.0709523809517645,-25.36610545300729,-6.979006143034938,30.952380952380953
m6_low25-35_close40-60_green,NO,flat,below0-50,75,42,49.07142857142857,7.0,0.5952380952380952,0.6542857142857142,-4.428571428571429,-7.545454545454546,"-5.09,-1.50,-3.20,-7.55",4,10,-25.400000000000006,-4.0709523809517645,-25.36610545300729,-6.979006143034938,30.952380952380953
m6_low25-35_close40-60_green,NO,flat,below0-50,80,42,49.07142857142857,7.0,0.5476190476190477,0.6133928571428571,-5.261904761904762,-9.181818181818185,"-9.18,1.50,-8.20,-4.82",3,10,-23.400000000000006,-4.0709523809517645,-25.36610545300729,-6.979006143034938,30.952380952380953
m6_low25-35_close40-60_green,NO,flat,below0-50,85,42,49.07142857142857,7.0,0.5,0.5773109243697478,-6.571428571428571,-14.181818181818185,"-14.18,4.50,-5.70,-9.82",2,10,-47.0,-4.0709523809517645,-25.36610545300729,-6.979006143034938,30.952380952380953
m6_low25-35_close40-60_green,NO,flat,above0-50,65,43,48.74418604651163,7.0,0.6976744186046512,0.7499105545617174,-3.3953488372093035,-11.909090909090908,"-8.45,-11.91,8.60,-0.73",3,10,-22.000000000000004,-1.2248837209300227,23.859057720751753,4.503149035806885,30.627906976744185
m6_low25-35_close40-60_green,NO,flat,above0-50,70,43,48.74418604651163,7.0,0.6744186046511628,0.6963455149501662,-1.534883720930234,-9.181818181818182,"-5.27,-9.18,6.10,2.91",5,10,-19.500000000000004,-1.2248837209300227,23.859057720751753,4.503149035806885,30.627906976744185
m6_low25-35_close40-60_green,NO,flat,above0-50,75,43,48.74418604651163,7.0,0.627906976744186,0.649922480620155,-1.6511627906976771,-6.454545454545454,"-2.09,-6.45,-4.90,6.55",5,10,-17.000000000000004,-1.2248837209300227,23.859057720751753,4.503149035806885,30.627906976744185
m6_low25-35_close40-60_green,NO,flat,above0-50,80,43,48.74418604651163,7.0,0.627906976744186,0.6093023255813954,1.4883720930232545,-3.727272727272727,"1.09,-3.73,-1.90,10.18",5,10,-14.500000000000004,-1.2248837209300227,23.859057720751753,4.503149035806885,30.627906976744185
m6_low25-35_close40-60_green,NO,flat,above0-50,85,43,48.74418604651163,7.0,0.627906976744186,0.5734610123119015,4.6279069767441845,-1.0,"4.27,-1.00,1.10,13.82",7,10,-12.000000000000004,-1.2248837209300227,23.859057720751753,4.503149035806885,30.627906976744185
m6_low25-35_close40-60_green,NO,flat,above50-150,65,32,50.0625,7.0,0.625,0.7701923076923077,-9.4375,-17.25,"-9.38,-5.13,-17.25,-6.00",3,10,-46.0,0.2234374999998181,83.55764469792325,24.166269770018516,30.15625
m6_low25-35_close40-60_green,NO,flat,above50-150,70,32,50.0625,7.0,0.5625,0.7151785714285714,-10.687500000000002,-15.0,"-15.00,-1.38,-14.75,-11.62",1,10,-48.0,0.2234374999998181,83.55764469792325,24.166269770018516,30.15625
m6_low25-35_close40-60_green,NO,flat,above50-150,75,32,50.0625,7.0,0.53125,0.6675,-10.218750000000002,-21.625,"-12.50,2.37,-21.62,-9.12",2,10,-48.0,0.2234374999998181,83.55764469792325,24.166269770018516,30.15625
m6_low25-35_close40-60_green,NO,flat,above50-150,80,32,50.0625,7.0,0.4375,0.62578125,-15.0625,-30.0,"-30.00,-3.88,-19.75,-6.62",1,10,-48.0,0.2234374999998181,83.55764469792325,24.166269770018516,30.15625
m6_low25-35_close40-60_green,NO,flat,above50-150,85,32,50.0625,7.0,0.4375,0.5889705882352941,-12.875,-28.75,"-28.75,-0.75,-17.88,-4.12",2,10,-48.0,0.2234374999998181,83.55764469792325,24.166269770018516,30.15625
m6_low25-35_close40-60_green,NO,flat,above>150,65,34,50.35294117647059,7.0,0.7352941176470589,0.7746606334841629,-2.558823529411767,-12.777777777777779,"3.22,-5.38,5.25,-12.78",4,9,-51.0,0.17882352941267207,306.8154768262654,82.62178253537893,30.11764705882353
m6_low25-35_close40-60_green,NO,flat,above>150,70,34,50.35294117647059,7.0,0.7352941176470589,0.719327731092437,1.1176470588235272,-10.0,"7.67,-2.25,9.62,-10.00",6,9,-51.0,0.17882352941267207,306.8154768262654,82.62178253537893,30.11764705882353
m6_low25-35_close40-60_green,NO,flat,above>150,75,34,50.35294117647059,7.0,0.6764705882352942,0.6713725490196079,0.3823529411764683,-8.500000000000002,"12.11,-8.50,4.62,-7.22",6,9,-51.0,0.17882352941267207,306.8154768262654,82.62178253537893,30.11764705882353
m6_low25-35_close40-60_green,NO,flat,above>150,80,34,50.35294117647059,7.0,0.6176470588235294,0.6294117647058823,-0.9411764705882376,-6.000000000000002,"7.67,-6.00,-1.63,-4.44",5,9,-51.0,0.17882352941267207,306.8154768262654,82.62178253537893,30.11764705882353
m6_low25-35_close40-60_green,NO,flat,above>150,85,34,50.35294117647059,7.0,0.6176470588235294,0.5923875432525951,2.1470588235294095,-3.5000000000000018,"11.56,-3.50,1.50,-1.67",5,9,-51.0,0.17882352941267207,306.8154768262654,82.62178253537893,30.11764705882353
m6_low25-35_close40-60_green,YES,flat,below50-150,65,44,47.38636363636363,7.0,0.7272727272727273,0.729020979020979,-0.11363636363636348,-3.9999999999999996,"0.09,-2.64,-4.00,6.09",7,10,-25.666666666666668,-1.1843181818183603,-90.50695436128163,-22.54478393904554,30.545454545454547
m6_low25-35_close40-60_green,YES,flat,below50-150,70,44,47.38636363636363,7.0,0.7045454545454546,0.6769480519480519,1.9318181818181819,-5.363636363636365,"3.73,-5.36,-0.82,10.18",7,10,-24.0,-1.1843181818183603,-90.50695436128163,-22.54478393904554,30.545454545454547
m6_low25-35_close40-60_green,YES,flat,below50-150,75,44,47.38636363636363,7.0,0.6363636363636364,0.6318181818181817,0.3409090909090908,-9.000000000000002,"7.36,-9.00,-4.45,7.45",6,10,-28.571428571428573,-1.1843181818183603,-90.50695436128163,-22.54478393904554,30.545454545454547
m6_low25-35_close40-60_green,YES,flat,below50-150,80,44,47.38636363636363,7.0,0.5681818181818182,0.5923295454545454,-1.9318181818181819,-6.272727272727274,"-3.55,-6.27,-1.73,3.82",3,10,-44.0,-1.1843181818183603,-90.50695436128163,-22.54478393904554,30.545454545454547
m6_low25-35_close40-60_green,YES,flat,below50-150,85,44,47.38636363636363,7.0,0.5454545454545454,0.5574866310160428,-1.0227272727272727,-6.7272727272727275,"-0.82,-3.55,-6.73,7.00",5,10,-44.0,-1.1843181818183603,-90.50695436128163,-22.54478393904554,30.545454545454547
m6_low25-35_close40-60_green,YES,flat,below0-50,65,44,49.84090909090909,7.0,0.7272727272727273,0.7667832167832168,-2.5681818181818175,-7.818181818181816,"-4.91,-2.00,-7.82,4.45",2,10,-25.499999999999996,-0.39704545454531565,-25.394462590727926,-4.008413253901877,29.818181818181817
m6_low25-35_close40-60_green,YES,flat,below0-50,70,44,49.84090909090909,7.0,0.6590909090909091,0.7120129870129871,-3.7045454545454546,-10.999999999999998,"-7.64,-4.73,-11.00,8.55",4,10,-43.5,-0.39704545454531565,-25.394462590727926,-4.008413253901877,29.818181818181817
m6_low25-35_close40-60_green,YES,flat,below0-50,75,44,49.84090909090909,7.0,0.5681818181818182,0.6645454545454546,-7.2272727272727275,-11.272727272727273,"-11.27,-8.36,-8.27,-1.00",3,10,-52.5,-0.39704545454531565,-25.394462590727926,-4.008413253901877,29.818181818181817
m6_low25-35_close40-60_green,YES,flat,below0-50,80,44,49.84090909090909,7.0,0.5227272727272727,0.6230113636363637,-8.022727272727272,-15.818181818181818,"-15.82,-5.64,-12.82,2.18",3,10,-52.5,-0.39704545454531565,-25.394462590727926,-4.008413253901877,29.818181818181817
m6_low25-35_close40-60_green,YES,flat,below0-50,85,44,49.84090909090909,7.0,0.5,0.5863636363636364,-7.340909090909091,-13.545454545454545,"-13.55,-2.91,-10.55,-2.36",3,10,-52.5,-0.39704545454531565,-25.394462590727926,-4.008413253901877,29.818181818181817
m6_low25-35_close40-60_green,YES,flat,above0-50,65,43,50.25581395348837,7.0,0.7209302325581395,0.7731663685152057,-3.395348837209302,-8.181818181818182,"-2.45,-8.18,-1.80,-1.00",4,10,-55.00000000000001,-1.6490697674416033,27.872414850854067,10.121493269115089,29.88372093023256
m6_low25-35_close40-60_green,YES,flat,above0-50,70,43,50.25581395348837,7.0,0.6976744186046512,0.7179401993355482,-1.4186046511627908,-11.363636363636363,"1.18,-11.36,2.20,2.64",4,10,-55.00000000000001,-1.6490697674416033,27.872414850854067,10.121493269115089,29.88372093023256
m6_low25-35_close40-60_green,YES,flat,above0-50,75,43,50.25581395348837,7.0,0.5813953488372093,0.6700775193798449,-6.651162790697675,-15.454545454545455,"-8.82,-15.45,-1.30,-0.55",3,10,-57.0,-1.6490697674416033,27.872414850854067,10.121493269115089,29.88372093023256
m6_low25-35_close40-60_green,YES,flat,above0-50,80,43,50.25581395348837,7.0,0.5813953488372093,0.6281976744186046,-3.744186046511628,-13.181818181818182,"-6.09,-13.18,2.20,2.64",3,10,-57.0,-1.6490697674416033,27.872414850854067,10.121493269115089,29.88372093023256
m6_low25-35_close40-60_green,YES,flat,above0-50,85,43,50.25581395348837,7.0,0.5813953488372093,0.5912448700410396,-0.8372093023255814,-10.909090909090908,"-3.36,-10.91,5.70,5.82",5,10,-57.0,-1.6490697674416033,27.872414850854067,10.121493269115089,29.88372093023256
m6_low25-35_close40-60_green,YES,flat,above50-150,65,37,50.054054054054056,7.0,0.6756756756756757,0.7700623700623701,-6.135135135135135,-20.444444444444443,"-12.00,8.00,0.56,-20.44",2,10,-28.666666666666668,-2.7321621621622643,91.21202775546546,27.854448754621025,29.89189189189189
m6_low25-35_close40-60_green,YES,flat,above50-150,70,37,50.054054054054056,7.0,0.6486486486486487,0.715057915057915,-4.648648648648648,-18.22222222222222,"-9.00,12.44,-3.33,-18.22",3,10,-45.0,-2.7321621621622643,91.21202775546546,27.854448754621025,29.89189189189189
m6_low25-35_close40-60_green,YES,flat,above50-150,75,37,50.054054054054056,7.0,0.6216216216216216,0.6673873873873875,-3.4324324324324333,-16.0,"-6.00,16.89,-8.33,-16.00",3,10,-45.0,-2.7321621621622643,91.21202775546546,27.854448754621025,29.89189189189189
m6_low25-35_close40-60_green,YES,flat,above50-150,80,37,50.054054054054056,7.0,0.6216216216216216,0.6256756756756757,-0.3243243243243251,-13.777777777777779,"-3.00,21.33,-5.56,-13.78",5,10,-45.0,-2.7321621621622643,91.21202775546546,27.854448754621025,29.89189189189189
m6_low25-35_close40-60_green,YES,flat,above50-150,85,37,50.054054054054056,7.0,0.5945945945945946,0.5888712241653419,0.48648648648648574,-11.555555555555555,"-8.50,25.78,-2.78,-11.56",4,10,-45.0,-2.7321621621622643,91.21202775546546,27.854448754621025,29.89189189189189
m6_low25-35_close40-60_green,YES,flat,above>150,65,35,49.57142857142857,7.0,0.7142857142857143,0.7626373626373626,-3.142857142857143,-12.0,"-12.00,-4.89,-3.25,7.56",4,10,-23.5,-2.295142857143115,365.33062914941695,103.17250939130754,30.0
m6_low25-35_close40-60_green,YES,flat,above>150,70,35,49.57142857142857,7.0,0.6857142857142857,0.7081632653061224,-1.5714285714285714,-17.0,"-17.00,-1.56,0.50,12.00",4,10,-45.5,-2.295142857143115,365.33062914941695,103.17250939130754,30.0
m6_low25-35_close40-60_green,YES,flat,above>150,75,35,49.57142857142857,7.0,0.6571428571428571,0.660952380952381,-0.2857142857142857,-14.777777777777779,"-14.78,1.78,4.25,8.11",3,10,-45.5,-2.295142857143115,365.33062914941695,103.17250939130754,30.0
m6_low25-35_close40-60_green,YES,flat,above>150,80,35,49.57142857142857,7.0,0.6,0.6196428571428572,-1.5714285714285714,-21.444444444444443,"-21.44,5.11,-2.00,12.00",4,10,-45.5,-2.295142857143115,365.33062914941695,103.17250939130754,30.0
m6_low25-35_close40-60_green,YES,flat,above>150,85,35,49.57142857142857,7.0,0.6,0.5831932773109243,1.4285714285714286,-19.77777777777778,"-19.78,8.44,1.13,15.89",4,10,-45.5,-2.295142857143115,365.33062914941695,103.17250939130754,30.0
m6_low25-35_close45-65_green,NO,flat,below>150,65,38,54.68421052631579,7.0,0.9210526315789473,0.8412955465587044,5.184210526315788,-3.6666666666666683,"7.50,12.78,-3.67,4.00",8,10,-12.333333333333336,0.021842105262437957,-270.60585675201776,-71.42838253227934,31.57894736842105
m6_low25-35_close45-65_green,NO,flat,below>150,70,38,54.68421052631579,7.0,0.8157894736842105,0.781203007518797,2.421052631578946,-15.333333333333334,"5.50,17.78,-15.33,1.50",7,10,-20.714285714285715,0.021842105262437957,-270.60585675201776,-71.42838253227934,31.57894736842105
m6_low25-35_close45-65_green,NO,flat,below>150,75,38,54.68421052631579,7.0,0.6578947368421053,0.7291228070175438,-5.342105263157895,-20.88888888888889,"10.00,6.11,-20.89,-17.00",6,10,-55.666666666666664,0.021842105262437957,-270.60585675201776,-71.42838253227934,31.57894736842105
m6_low25-35_close45-65_green,NO,flat,below>150,80,38,54.68421052631579,7.0,0.6052631578947368,0.6835526315789473,-6.2631578947368425,-27.555555555555557,"14.50,1.11,-27.56,-14.50",5,10,-55.666666666666664,0.021842105262437957,-270.60585675201776,-71.42838253227934,31.57894736842105
m6_low25-35_close45-65_green,NO,flat,below>150,85,38,54.68421052631579,7.0,0.6052631578947368,0.6433436532507739,-3.2368421052631593,-25.88888888888889,"19.00,4.44,-25.89,-12.00",6,10,-55.666666666666664,0.021842105262437957,-270.60585675201776,-71.42838253227934,31.57894736842105
m6_low25-35_close45-65_green,NO,flat,below50-150,65,40,54.7,7.0,0.8,0.8415384615384616,-2.700000000000002,-14.800000000000002,"-4.80,3.70,5.10,-14.80",8,10,-36.333333333333336,-0.2212500000003274,-85.55686318346088,-25.16349271372037,29.75
m6_low25-35_close45-65_green,NO,flat,below50-150,70,40,54.7,7.0,0.8,0.7814285714285715,1.2999999999999983,-11.800000000000002,"-0.80,8.20,9.60,-11.80",8,10,-34.666666666666664,-0.2212500000003274,-85.55686318346088,-25.16349271372037,29.75
m6_low25-35_close45-65_green,NO,flat,below50-150,75,40,54.7,7.0,0.75,0.7293333333333334,1.5499999999999976,-8.800000000000002,"-4.30,12.70,6.60,-8.80",6,10,-33.0,-0.2212500000003274,-85.55686318346088,-25.16349271372037,29.75
m6_low25-35_close45-65_green,NO,flat,below50-150,80,40,54.7,7.0,0.725,0.6837500000000001,3.299999999999997,-8.8,"-8.80,17.20,10.60,-5.80",7,10,-31.333333333333332,-0.2212500000003274,-85.55686318346088,-25.16349271372037,29.75
m6_low25-35_close45-65_green,NO,flat,below50-150,85,40,54.7,7.0,0.675,0.6435294117647059,2.6749999999999985,-14.3,"-14.30,13.20,14.60,-2.80",7,10,-54.0,-0.2212500000003274,-85.55686318346088,-25.16349271372037,29.75
m6_low25-35_close45-65_green,NO,flat,below0-50,65,46,55.08695652173913,7.0,0.6739130434782609,0.8474916387959867,-11.282608695652174,-20.181818181818183,"-12.25,-4.45,-20.18,-8.42",3,10,-29.400000000000006,-1.6943478260865326,-25.489938371068526,-6.922713513861907,31.217391304347824
m6_low25-35_close45-65_green,NO,flat,below0-50,70,46,55.08695652173913,7.0,0.6739130434782609,0.7869565217391304,-7.913043478260869,-17.454545454545453,"-8.92,-0.36,-17.45,-5.08",3,10,-27.400000000000006,-1.6943478260865326,-25.489938371068526,-6.922713513861907,31.217391304347824
m6_low25-35_close45-65_green,NO,flat,below0-50,75,46,55.08695652173913,7.0,0.6739130434782609,0.7344927536231884,-4.543478260869565,-14.727272727272727,"-5.58,3.73,-14.73,-1.75",4,10,-25.400000000000006,-1.6943478260865326,-25.489938371068526,-6.922713513861907,31.217391304347824
m6_low25-35_close45-65_green,NO,flat,below0-50,80,46,55.08695652173913,7.0,0.6304347826086957,0.6885869565217392,-4.6521739130434785,-19.272727272727273,"-8.92,7.82,-19.27,1.58",4,10,-23.400000000000006,-1.6943478260865326,-25.489938371068526,-6.922713513861907,31.217391304347824
m6_low25-35_close45-65_green,NO,flat,below0-50,85,46,55.08695652173913,7.0,0.5869565217391305,0.6480818414322251,-5.195652173913044,-17.0,"-13.08,11.91,-17.00,-2.17",2,10,-21.400000000000006,-1.6943478260865326,-25.489938371068526,-6.922713513861907,31.217391304347824
m6_low25-35_close45-65_green,NO,flat,above0-50,65,40,54.7,7.0,0.775,0.8415384615384616,-4.325000000000001,-8.3,"-8.30,-7.40,2.00,-3.60",3,9,-17.333333333333336,1.4412500000000363,22.224512699089793,4.335912703404029,30.475
m6_low25-35_close45-65_green,NO,flat,above0-50,70,40,54.7,7.0,0.75,0.7814285714285715,-2.2000000000000006,-4.800000000000001,"-4.80,-3.90,-0.50,0.40",3,9,-14.000000000000002,1.4412500000000363,22.224512699089793,4.335912703404029,30.475
m6_low25-35_close45-65_green,NO,flat,above0-50,75,40,54.7,7.0,0.7,0.7293333333333334,-2.2000000000000006,-11.500000000000004,"-1.30,-0.40,-11.50,4.40",3,9,-10.66666666666667,1.4412500000000363,22.224512699089793,4.335912703404029,30.475
m6_low25-35_close45-65_green,NO,flat,above0-50,80,40,54.7,7.0,0.7,0.6837500000000001,1.2999999999999994,-8.500000000000004,"2.20,3.10,-8.50,8.40",5,9,-7.400000000000001,1.4412500000000363,22.224512699089793,4.335912703404029,30.475
m6_low25-35_close45-65_green,NO,flat,above0-50,85,40,54.7,7.0,0.675,0.6435294117647059,2.6749999999999994,-5.500000000000003,"-2.80,6.60,-5.50,12.40",6,9,-5.571428571428572,1.4412500000000363,22.224512699089793,4.335912703404029,30.475
m6_low25-35_close45-65_green,NO,flat,above50-150,65,38,54.94736842105263,7.0,0.7631578947368421,0.8453441295546559,-5.342105263157896,-9.0,"-9.00,-5.00,-5.22,-2.10",4,10,-21.25,1.4821052631573126,88.32470209457556,25.879828761730767,30.57894736842105
m6_low25-35_close45-65_green,NO,flat,above50-150,70,38,54.94736842105263,7.0,0.7105263157894737,0.7849624060150375,-5.210526315789475,-8.888888888888893,"-5.50,-8.89,-1.33,-5.10",4,10,-36.25,1.4821052631573126,88.32470209457556,25.879828761730767,30.57894736842105
m6_low25-35_close45-65_green,NO,flat,above50-150,75,38,54.94736842105263,7.0,0.6842105263157895,0.7326315789473684,-3.6315789473684226,-5.7777777777777795,"-2.00,-5.56,-5.78,-1.60",3,10,-35.0,1.4821052631573126,88.32470209457556,25.879828761730767,30.57894736842105
m6_low25-35_close45-65_green,NO,flat,above50-150,80,38,54.94736842105263,7.0,0.6052631578947368,0.6868421052631579,-6.526315789473684,-11.333333333333336,"-6.50,-11.11,-11.33,1.90",3,10,-33.75,1.4821052631573126,88.32470209457556,25.879828761730767,30.57894736842105
m6_low25-35_close45-65_green,NO,flat,above50-150,85,38,54.94736842105263,7.0,0.6052631578947368,0.6464396284829721,-3.5,-8.555555555555557,"-3.50,-8.33,-8.56,5.40",5,10,-32.5,1.4821052631573126,88.32470209457556,25.879828761730767,30.57894736842105
m6_low25-35_close45-65_green,NO,flat,above>150,65,32,53.59375,7.0,0.8125,0.8245192307692307,-0.7812500000000024,-11.000000000000004,"0.50,-2.75,10.12,-11.00",5,9,-51.0,-0.3990624999994452,290.0046890904912,77.30649958895515,30.4375
m6_low25-35_close45-65_green,NO,flat,above>150,70,32,53.59375,7.0,0.8125,0.765625,3.2812499999999973,-7.875000000000003,"4.87,1.00,15.12,-7.88",6,9,-51.0,-0.3990624999994452,290.0046890904912,77.30649958895515,30.4375
m6_low25-35_close45-65_green,NO,flat,above>150,75,32,53.59375,7.0,0.75,0.7145833333333333,2.6562499999999982,-4.750000000000003,"9.25,-4.63,10.75,-4.75",6,9,-51.0,-0.3990624999994452,290.0046890904912,77.30649958895515,30.4375
m6_low25-35_close45-65_green,NO,flat,above>150,80,32,53.59375,7.0,0.625,0.669921875,-3.5937500000000018,-11.5,"3.62,-11.50,-4.88,-1.63",5,9,-51.0,-0.3990624999994452,290.0046890904912,77.30649958895515,30.4375
m6_low25-35_close45-65_green,NO,flat,above>150,85,32,53.59375,7.0,0.625,0.6305147058823529,-0.46875000000000155,-9.0,"7.37,-9.00,-1.75,1.50",5,9,-51.0,-0.3990624999994452,290.0046890904912,77.30649958895515,30.4375
m6_low25-35_close45-65_green,YES,flat,below>150,65,28,56.142857142857146,7.0,0.8928571428571429,0.8637362637362638,1.892857142857142,-6.285714285714286,"1.29,6.86,5.71,-6.29",7,9,-58.0,1.8510714285720107,-269.68535193849624,-78.81316149164766,30.285714285714285
m6_low25-35_close45-65_green,YES,flat,below>150,70,28,56.142857142857146,7.0,0.7857142857142857,0.8020408163265307,-1.1428571428571437,-14.42857142857143,"-14.43,11.86,0.71,-2.71",5,9,-58.0,1.8510714285720107,-269.68535193849624,-78.81316149164766,30.285714285714285
m6_low25-35_close45-65_green,YES,flat,below>150,75,28,56.142857142857146,7.0,0.75,0.7485714285714287,0.10714285714285639,-11.571428571428573,"-11.57,6.14,5.00,0.86",4,9,-58.0,1.8510714285720107,-269.68535193849624,-78.81316149164766,30.285714285714285
m6_low25-35_close45-65_green,YES,flat,below>150,80,28,56.142857142857146,7.0,0.7142857142857143,0.7017857142857143,0.9999999999999998,-20.142857142857142,"-20.14,10.43,9.29,4.43",5,9,-58.0,1.8510714285720107,-269.68535193849624,-78.81316149164766,30.285714285714285
m6_low25-35_close45-65_green,YES,flat,below>150,85,28,56.142857142857146,7.0,0.6071428571428571,0.6605042016806723,-4.535714285714286,-30.142857142857142,"-30.14,2.57,13.57,-4.14",5,9,-58.0,1.8510714285720107,-269.68535193849624,-78.81316149164766,30.285714285714285
m6_low25-35_close45-65_green,YES,flat,below50-150,65,39,53.48717948717949,7.0,0.8461538461538461,0.822879684418146,1.5128205128205126,-1.8888888888888882,"2.50,0.20,-1.89,4.90",7,10,-29.0,2.136410256410622,-90.13321776204172,-21.147911745909557,30.76923076923077
m6_low25-35_close45-65_green,YES,flat,below50-150,70,39,53.48717948717949,7.0,0.7692307692307693,0.7641025641025642,0.3589743589743586,-7.0,"-7.00,-2.80,2.00,9.40",7,10,-28.0,2.136410256410622,-90.13321776204172,-21.147911745909557,30.76923076923077
m6_low25-35_close45-65_green,YES,flat,below50-150,75,39,53.48717948717949,7.0,0.6923076923076923,0.7131623931623932,-1.564102564102564,-11.0,"-11.00,-6.80,-2.44,13.90",6,10,-60.0,2.136410256410622,-90.13321776204172,-21.147911745909557,30.76923076923077
m6_low25-35_close45-65_green,YES,flat,below50-150,80,39,53.48717948717949,7.0,0.6153846153846154,0.6685897435897437,-4.256410256410256,-16.0,"-16.00,-3.80,0.89,2.40",4,10,-60.0,2.136410256410622,-90.13321776204172,-21.147911745909557,30.76923076923077
m6_low25-35_close45-65_green,YES,flat,below50-150,85,39,53.48717948717949,7.0,0.5897435897435898,0.6292609351432881,-3.358974358974359,-13.5,"-13.50,-0.80,-5.22,5.90",5,10,-60.0,2.136410256410622,-90.13321776204172,-21.147911745909557,30.76923076923077
m6_low25-35_close45-65_green,YES,flat,below0-50,65,42,53.88095238095238,7.0,0.7857142857142857,0.8289377289377289,-2.809523809523809,-6.899999999999999,"-2.09,-3.40,-6.90,0.73",3,10,-25.499999999999996,-0.08952380952385804,-25.06502013325406,-4.198640473637733,29.785714285714285
m6_low25-35_close45-65_green,YES,flat,below0-50,70,42,53.88095238095238,7.0,0.7380952380952381,0.7697278911564626,-2.2142857142857135,-6.400000000000001,"-4.36,-6.40,-3.40,4.82",4,10,-45.0,-0.08952380952385804,-25.06502013325406,-4.198640473637733,29.785714285714285
m6_low25-35_close45-65_green,YES,flat,below0-50,75,42,53.88095238095238,7.0,0.6428571428571429,0.7184126984126984,-5.666666666666666,-10.400000000000002,"-7.55,-10.40,0.10,-4.73",3,10,-52.5,-0.08952380952385804,-25.06502013325406,-4.198640473637733,29.785714285714285
m6_low25-35_close45-65_green,YES,flat,below0-50,80,42,53.88095238095238,7.0,0.5952380952380952,0.6735119047619047,-6.261904761904762,-11.636363636363635,"-11.64,-7.40,-4.40,-1.55",3,10,-52.5,-0.08952380952385804,-25.06502013325406,-4.198640473637733,29.785714285714285
m6_low25-35_close45-65_green,YES,flat,below0-50,85,42,53.88095238095238,7.0,0.5714285714285714,0.6338935574229692,-5.309523809523808,-8.909090909090908,"-8.91,-4.40,-1.40,-6.09",3,10,-52.5,-0.08952380952385804,-25.06502013325406,-4.198640473637733,29.785714285714285
m6_low25-35_close45-65_green,YES,flat,above0-50,65,45,52.93333333333333,7.0,0.8,0.8143589743589743,-0.9333333333333333,-6.363636363636363,"-3.58,-1.09,-6.36,7.55",5,10,-61.0,-1.1257777777776936,26.446460701027696,8.427533158701003,30.022222222222222
m6_low25-35_close45-65_green,YES,flat,above0-50,70,45,52.93333333333333,7.0,0.7555555555555555,0.7561904761904762,-0.044444444444444446,-9.090909090909092,"0.17,-3.36,-9.09,12.09",5,10,-61.0,-1.1257777777776936,26.446460701027696,8.427533158701003,30.022222222222222
m6_low25-35_close45-65_green,YES,flat,above0-50,75,45,52.93333333333333,7.0,0.6444444444444445,0.7057777777777777,-4.6,-8.583333333333334,"-8.58,-6.55,-5.91,3.00",4,10,-61.0,-1.1257777777776936,26.446460701027696,8.427533158701003,30.022222222222222
m6_low25-35_close45-65_green,YES,flat,above0-50,80,45,52.93333333333333,7.0,0.6222222222222222,0.6616666666666666,-3.1555555555555554,-10.636363636363635,"-5.67,-10.64,-2.73,6.64",5,10,-61.0,-1.1257777777776936,26.446460701027696,8.427533158701003,30.022222222222222
m6_low25-35_close45-65_green,YES,flat,above0-50,85,45,52.93333333333333,7.0,0.6,0.6227450980392156,-1.9333333333333333,-15.636363636363637,"-2.75,-15.64,0.45,10.27",6,10,-61.0,-1.1257777777776936,26.446460701027696,8.427533158701003,30.022222222222222
m6_low25-35_close45-65_green,YES,flat,above50-150,65,40,53.95,7.0,0.8,0.8300000000000001,-1.95,-8.100000000000003,"-8.10,4.10,2.60,-6.40",5,10,-50.5,-1.6592499999998835,91.22226923119251,25.613338615518295,30.175
m6_low25-35_close45-65_green,YES,flat,above50-150,70,40,53.95,7.0,0.775,0.7707142857142858,0.2999999999999998,-9.9,"-4.60,8.60,7.10,-9.90",5,10,-50.5,-1.6592499999998835,91.22226923119251,25.613338615518295,30.175
m6_low25-35_close45-65_green,YES,flat,above50-150,75,40,53.95,7.0,0.75,0.7193333333333334,2.3,-6.9,"-1.10,13.10,4.10,-6.90",5,10,-50.5,-1.6592499999998835,91.22226923119251,25.613338615518295,30.175
m6_low25-35_close45-65_green,YES,flat,above50-150,80,40,53.95,7.0,0.725,0.6743750000000001,4.05,-3.9,"2.40,17.60,0.10,-3.90",5,10,-50.5,-1.6592499999998835,91.22226923119251,25.613338615518295,30.175
m6_low25-35_close45-65_green,YES,flat,above50-150,85,40,53.95,7.0,0.65,0.6347058823529412,1.3,-9.4,"-2.60,13.60,3.60,-9.40",5,10,-53.5,-1.6592499999998835,91.22226923119251,25.613338615518295,30.175
m6_low25-35_close45-65_green,YES,flat,above>150,65,40,54.375,7.0,0.8,0.8365384615384616,-2.375,-11.9,"-11.90,3.90,-4.90,3.40",4,10,-18.25,-1.792750000000342,389.70383002770103,106.74173323916276,30.375
m6_low25-35_close45-65_green,YES,flat,above>150,70,40,54.375,7.0,0.775,0.7767857142857143,-0.12500000000000036,-15.9,"-15.90,8.40,-0.90,7.90",4,10,-50.0,-1.792750000000342,389.70383002770103,106.74173323916276,30.375
m6_low25-35_close45-65_green,YES,flat,above>150,75,40,54.375,7.0,0.7,0.725,-1.875,-13.4,"-13.40,5.40,-4.40,4.90",4,10,-50.0,-1.792750000000342,389.70383002770103,106.74173323916276,30.375
m6_low25-35_close45-65_green,YES,flat,above>150,80,40,54.375,7.0,0.65,0.6796875,-2.375,-18.9,"-18.90,9.40,-8.90,8.90",4,10,-50.0,-1.792750000000342,389.70383002770103,106.74173323916276,30.375
m6_low25-35_close45-65_green,YES,flat,above>150,85,40,54.375,7.0,0.65,0.6397058823529411,0.875,-16.9,"-16.90,13.40,-5.90,12.90",4,10,-50.0,-1.792750000000342,389.70383002770103,106.74173323916276,30.375
m6_low25-35_close50-70_green,NO,flat,below>150,65,44,59.38636363636363,7.0,0.9318181818181818,0.9136363636363636,1.1818181818181808,-4.909090909090909,"5.00,1.27,-4.91,3.36",8,10,-7.500000000000005,-1.4681818181826118,-276.0374141612746,-76.55468045101142,31.431818181818183
m6_low25-35_close50-70_green,NO,flat,below>150,70,44,59.38636363636363,7.0,0.8409090909090909,0.8483766233766233,-0.5227272727272735,-13.545454545454545,"3.64,5.82,-13.55,2.00",7,10,-17.444444444444443,-1.4681818181826118,-276.0374141612746,-76.55468045101142,31.431818181818183
m6_low25-35_close50-70_green,NO,flat,below>150,75,44,59.38636363636363,7.0,0.6818181818181818,0.7918181818181818,-8.25,-24.0,"1.36,3.55,-24.00,-13.91",4,10,-27.0,-1.4681818181826118,-276.0374141612746,-76.55468045101142,31.431818181818183
m6_low25-35_close50-70_green,NO,flat,below>150,80,44,59.38636363636363,7.0,0.6590909090909091,0.7423295454545454,-6.659090909090909,-29.0,"5.45,7.64,-29.00,-10.73",3,10,-24.5,-1.4681818181826118,-276.0374141612746,-76.55468045101142,31.431818181818183
m6_low25-35_close50-70_green,NO,flat,below>150,85,44,59.38636363636363,7.0,0.6363636363636364,0.698663101604278,-5.295454545454546,-27.181818181818183,"1.82,11.73,-27.18,-7.55",5,10,-22.0,-1.4681818181826118,-276.0374141612746,-76.55468045101142,31.431818181818183
m6_low25-35_close50-70_green,NO,flat,below50-150,65,42,58.523809523809526,7.5,0.8809523809523809,0.9003663003663004,-1.2619047619047634,-8.363636363636363,"-8.36,0.10,9.50,-5.18",6,10,-27.75,1.5923809523803703,-85.89459931264528,-25.567220943909064,29.833333333333332
m6_low25-35_close50-70_green,NO,flat,below50-150,70,42,58.523809523809526,7.5,0.8095238095238095,0.8360544217687075,-1.8571428571428585,-17.0,"-17.00,4.60,14.50,-7.45",6,10,-42.75,1.5923809523803703,-85.89459931264528,-25.567220943909064,29.833333333333332
m6_low25-35_close50-70_green,NO,flat,below50-150,75,42,58.523809523809526,7.5,0.7619047619047619,0.7803174603174603,-1.3809523809523818,-13.818181818181818,"-13.82,9.10,12.00,-10.64",6,10,-41.5,1.5923809523803703,-85.89459931264528,-25.567220943909064,29.833333333333332
m6_low25-35_close50-70_green,NO,flat,below50-150,80,42,58.523809523809526,7.5,0.7380952380952381,0.7315476190476191,0.523809523809523,-17.90909090909091,"-17.91,13.60,16.50,-7.45",6,10,-40.25,1.5923809523803703,-85.89459931264528,-25.567220943909064,29.833333333333332
m6_low25-35_close50-70_green,NO,flat,below50-150,85,42,58.523809523809526,7.5,0.6666666666666666,0.688515406162465,-1.8571428571428579,-22.90909090909091,"-22.91,9.60,12.50,-4.27",6,10,-39.0,1.5923809523803703,-85.89459931264528,-25.567220943909064,29.833333333333332
m6_low25-35_close50-70_green,NO,flat,below0-50,65,49,59.42857142857143,7.0,0.7755102040816326,0.9142857142857144,-9.020408163265307,-14.0,"-5.15,-14.00,-8.50,-8.75",3,10,-25.000000000000004,-1.344081632652776,-25.845713301572463,-7.226003347713101,31.428571428571427
m6_low25-35_close50-70_green,NO,flat,below0-50,70,49,59.42857142857143,7.0,0.7551020408163265,0.8489795918367348,-6.571428571428571,-10.249999999999998,"-6.31,-10.25,-4.75,-5.00",4,10,-22.500000000000004,-1.344081632652776,-25.845713301572463,-7.226003347713101,31.428571428571427
m6_low25-35_close50-70_green,NO,flat,below0-50,75,49,59.42857142857143,7.0,0.7551020408163265,0.7923809523809524,-2.795918367346939,-6.499999999999999,"-2.46,-6.50,-1.00,-1.25",5,10,-20.000000000000004,-1.344081632652776,-25.845713301572463,-7.226003347713101,31.428571428571427
m6_low25-35_close50-70_green,NO,flat,below0-50,80,49,59.42857142857143,7.0,0.7346938775510204,0.7428571428571429,-0.6530612244897961,-9.416666666666666,"1.38,-9.42,2.75,2.50",5,10,-17.500000000000004,-1.344081632652776,-25.845713301572463,-7.226003347713101,31.428571428571427
m6_low25-35_close50-70_green,NO,flat,below0-50,85,49,59.42857142857143,7.0,0.7142857142857143,0.6991596638655463,1.2857142857142858,-6.083333333333332,"-1.31,-6.08,6.50,6.25",5,10,-15.000000000000005,-1.344081632652776,-25.845713301572463,-7.226003347713101,31.428571428571427
m6_low25-35_close50-70_green,NO,flat,above0-50,65,43,58.44186046511628,8.0,0.813953488372093,0.8991055456171735,-5.534883720930231,-7.800000000000002,"-5.55,-4.91,-7.80,-4.09",4,10,-17.333333333333336,2.0725581395347756,22.19185034882245,1.6558873491868686,30.58139534883721
m6_low25-35_close50-70_green,NO,flat,above0-50,70,43,58.44186046511628,8.0,0.813953488372093,0.8348837209302326,-1.4651162790697665,-3.8000000000000016,"-1.45,-0.82,-3.80,-0.00",5,10,-14.000000000000002,2.0725581395347756,22.19185034882245,1.6558873491868686,30.58139534883721
m6_low25-35_close50-70_green,NO,flat,above0-50,75,43,58.44186046511628,8.0,0.7906976744186046,0.7792248062015503,0.8604651162790707,-7.300000000000002,"2.64,3.27,-7.30,4.09",5,10,-10.66666666666667,2.0725581395347756,22.19185034882245,1.6558873491868686,30.58139534883721
m6_low25-35_close50-70_green,NO,flat,above0-50,80,43,58.44186046511628,8.0,0.7906976744186046,0.7305232558139535,4.8139534883720945,-3.8000000000000016,"6.73,7.36,-3.80,8.18",6,10,-7.400000000000001,2.0725581395347756,22.19185034882245,1.6558873491868686,30.58139534883721
m6_low25-35_close50-70_green,NO,flat,above0-50,85,43,58.44186046511628,8.0,0.7674418604651163,0.6875512995896033,6.790697674418604,-0.30000000000000143,"3.09,11.45,-0.30,12.27",7,10,-6.000000000000001,2.0725581395347756,22.19185034882245,1.6558873491868686,30.58139534883721
m6_low25-35_close50-70_green,NO,flat,above50-150,65,42,59.333333333333336,7.0,0.8809523809523809,0.9128205128205129,-2.071428571428573,-6.200000000000003,"-0.73,-6.20,3.60,-4.82",6,10,-13.833333333333334,2.0723809523808,90.23972333457277,24.2959117570823,30.357142857142858
m6_low25-35_close50-70_green,NO,flat,above50-150,70,42,59.333333333333336,7.0,0.7619047619047619,0.8476190476190476,-6.0,-16.200000000000003,"-8.91,-16.20,1.60,-0.73",4,10,-32.666666666666664,2.0723809523808,90.23972333457277,24.2959117570823,30.357142857142858
m6_low25-35_close50-70_green,NO,flat,above50-150,75,42,59.333333333333336,7.0,0.7380952380952381,0.7911111111111111,-3.9761904761904767,-13.200000000000003,"-5.27,-13.20,-1.40,3.36",4,10,-31.0,2.0723809523808,90.23972333457277,24.2959117570823,30.357142857142858
m6_low25-35_close50-70_green,NO,flat,above50-150,80,42,59.333333333333336,7.0,0.6666666666666666,0.7416666666666667,-6.0,-18.200000000000003,"-8.91,-18.20,-5.40,7.45",5,10,-30.5,2.0723809523808,90.23972333457277,24.2959117570823,30.357142857142858
m6_low25-35_close50-70_green,NO,flat,above50-150,85,42,59.333333333333336,7.0,0.6666666666666666,0.6980392156862746,-2.6666666666666674,-15.700000000000003,"-5.73,-15.70,-1.90,11.55",6,10,-28.833333333333332,2.0723809523808,90.23972333457277,24.2959117570823,30.357142857142858
m6_low25-35_close50-70_green,NO,flat,above>150,65,36,58.75,7.0,0.8611111111111112,0.9038461538461539,-2.7777777777777786,-15.222222222222225,"0.67,-2.11,5.56,-15.22",3,9,-57.00000000000001,0.45833333333353543,284.0969243231949,72.20419611764777,31.22222222222222
m6_low25-35_close50-70_green,NO,flat,above>150,70,36,58.75,7.0,0.8333333333333334,0.8392857142857143,-0.41666666666666785,-11.888888888888893,"5.11,2.33,2.78,-11.89",5,9,-57.00000000000001,0.45833333333353543,284.0969243231949,72.20419611764777,31.22222222222222
m6_low25-35_close50-70_green,NO,flat,above>150,75,36,58.75,7.0,0.7777777777777778,0.7833333333333333,-0.4166666666666671,-8.555555555555559,"9.56,-1.56,-1.11,-8.56",5,9,-57.00000000000001,0.45833333333353543,284.0969243231949,72.20419611764777,31.22222222222222
m6_low25-35_close50-70_green,NO,flat,above>150,80,36,58.75,7.0,0.6666666666666666,0.734375,-5.416666666666667,-15.000000000000004,"-3.78,2.33,-15.00,-5.22",3,9,-57.00000000000001,0.45833333333353543,284.0969243231949,72.20419611764777,31.22222222222222
m6_low25-35_close50-70_green,NO,flat,above>150,85,36,58.75,7.0,0.6388888888888888,0.6911764705882353,-4.444444444444445,-21.66666666666667,"-0.44,6.22,-21.67,-1.89",3,9,-57.00000000000001,0.45833333333353543,284.0969243231949,72.20419611764777,31.22222222222222
m6_low25-35_close50-70_green,NO,with20-50,above>150,65,25,62.32,7.0,0.8,0.9587692307692308,-10.32,-24.571428571428573,"-24.57,-17.17,3.17,-0.33",5,10,-43.75,33.27880000000005,347.3786991328478,90.07586261297692,30.16
m6_low25-35_close50-70_green,NO,with20-50,above>150,70,25,62.32,7.0,0.72,0.8902857142857142,-11.92,-25.500000000000004,"-21.71,-25.50,8.17,-7.00",7,10,-42.5,33.27880000000005,347.3786991328478,90.07586261297692,30.16
m6_low25-35_close50-70_green,NO,with20-50,above>150,75,25,62.32,7.0,0.64,0.8309333333333333,-14.32,-29.571428571428573,"-29.57,-23.00,0.67,-2.83",6,10,-46.8,33.27880000000005,347.3786991328478,90.07586261297692,30.16
m6_low25-35_close50-70_green,NO,with20-50,above>150,80,25,62.32,7.0,0.64,0.779,-11.12,-27.428571428571427,"-27.43,-20.50,4.83,1.33",6,10,-45.8,33.27880000000005,347.3786991328478,90.07586261297692,30.16
m6_low25-35_close50-70_green,NO,with20-50,above>150,85,25,62.32,7.0,0.6,0.7331764705882353,-11.32,-32.16666666666667,"-25.29,-32.17,9.00,5.50",5,10,-44.8,33.27880000000005,347.3786991328478,90.07586261297692,30.16
m6_low25-35_close50-70_green,YES,flat,below>150,65,33,59.303030303030305,7.0,0.9090909090909091,0.9123543123543124,-0.21212121212121254,-9.75,"1.00,2.75,5.00,-9.75",7,9,-58.0,3.5806060606061663,-276.7622000657432,-79.90664397934178,30.424242424242426
m6_low25-35_close50-70_green,YES,flat,below>150,70,33,59.303030303030305,7.0,0.7878787878787878,0.8471861471861472,-4.151515151515151,-14.75,"-10.11,7.75,1.25,-14.75",4,9,-58.0,3.5806060606061663,-276.7622000657432,-79.90664397934178,30.424242424242426
m6_low25-35_close50-70_green,YES,flat,below>150,75,33,59.303030303030305,7.0,0.7575757575757576,0.7907070707070707,-2.484848484848485,-11.625,"-6.78,3.37,5.62,-11.62",5,9,-58.0,3.5806060606061663,-276.7622000657432,-79.90664397934178,30.424242424242426
m6_low25-35_close50-70_green,YES,flat,below>150,80,33,59.303030303030305,7.0,0.7272727272727273,0.7412878787878788,-1.121212121212121,-12.333333333333336,"-12.33,7.75,10.00,-8.50",6,9,-58.0,3.5806060606061663,-276.7622000657432,-79.90664397934178,30.424242424242426
m6_low25-35_close50-70_green,YES,flat,below>150,85,33,59.303030303030305,7.0,0.6363636363636364,0.6976827094474154,-5.212121212121212,-19.0,"-19.00,1.50,14.38,-16.00",4,9,-58.0,3.5806060606061663,-276.7622000657432,-79.90664397934178,30.424242424242426
m6_low25-35_close50-70_green,YES,flat,below50-150,65,39,57.58974358974359,7.0,0.9487179487179487,0.8859960552268245,4.076923076923077,-4.222222222222221,"4.40,7.90,-4.22,7.40",9,10,-53.5,2.430256410256567,-92.6561335966656,-23.681592784605574,30.641025641025642
m6_low25-35_close50-70_green,YES,flat,below50-150,70,39,57.58974358974359,7.0,0.8717948717948718,0.8227106227106228,3.4358974358974357,-1.1000000000000014,"2.40,-1.10,-0.33,12.40",8,10,-53.5,2.430256410256567,-92.6561335966656,-23.681592784605574,30.641025641025642
m6_low25-35_close50-70_green,YES,flat,below50-150,75,39,57.58974358974359,7.0,0.7948717948717948,0.7678632478632479,2.025641025641025,-4.777777777777777,"-0.60,-4.60,-4.78,17.40",6,10,-53.5,2.430256410256567,-92.6561335966656,-23.681592784605574,30.641025641025642
m6_low25-35_close50-70_green,YES,flat,below50-150,80,39,57.58974358974359,7.0,0.717948717948718,0.7198717948717949,-0.15384615384615422,-4.6,"-4.60,-1.10,-1.44,6.40",5,10,-53.5,2.430256410256567,-92.6561335966656,-23.681592784605574,30.641025641025642
m6_low25-35_close50-70_green,YES,flat,below50-150,85,39,57.58974358974359,7.0,0.6923076923076923,0.677526395173454,1.256410256410256,-7.555555555555555,"-1.10,2.40,-7.56,10.40",5,10,-53.5,2.430256410256567,-92.6561335966656,-23.681592784605574,30.641025641025642
m6_low25-35_close50-70_green,YES,flat,below0-50,65,43,58.55813953488372,8.0,0.8604651162790697,0.9008944543828264,-2.627906976744186,-12.5,"-7.64,2.18,-12.50,6.55",3,10,-23.5,1.5448837209302393,-25.270938750044586,-3.8711167727832256,30.023255813953487
m6_low25-35_close50-70_green,YES,flat,below0-50,70,43,58.55813953488372,8.0,0.813953488372093,0.8365448504983389,-1.5813953488372092,-9.0,"-3.55,0.36,-9.00,5.18",4,10,-65.0,1.5448837209302393,-25.270938750044586,-3.8711167727832256,30.023255813953487
m6_low25-35_close50-70_green,YES,flat,below0-50,75,43,58.55813953488372,8.0,0.7209302325581395,0.7807751937984496,-4.488372093023256,-13.090909090909092,"-13.09,-2.36,-5.50,2.91",4,10,-65.0,1.5448837209302393,-25.270938750044586,-3.8711167727832256,30.023255813953487
m6_low25-35_close50-70_green,YES,flat,below0-50,80,43,58.55813953488372,8.0,0.6744186046511628,0.7319767441860465,-4.604651162790698,-10.0,"-9.91,-6.00,-10.00,7.00",4,10,-65.0,1.5448837209302393,-25.270938750044586,-3.8711167727832256,30.023255813953487
m6_low25-35_close50-70_green,YES,flat,below0-50,85,43,58.55813953488372,8.0,0.6511627906976745,0.6889192886456909,-3.2093023255813953,-7.0,"-6.73,-2.82,-7.00,3.36",4,10,-65.0,1.5448837209302393,-25.270938750044586,-3.8711167727832256,30.023255813953487
m6_low25-35_close50-70_green,YES,flat,above0-50,65,47,58.87234042553192,8.0,0.851063829787234,0.9057283142389526,-3.5531914893617023,-10.75,"-10.75,-3.92,-8.00,8.08",4,10,-61.0,1.853829787233832,28.813691068910828,8.03547812678292,30.361702127659573
m6_low25-35_close50-70_green,YES,flat,above0-50,70,47,58.87234042553192,8.0,0.8085106382978723,0.841033434650456,-2.276595744680851,-10.272727272727273,"-7.00,-5.58,-10.27,13.08",6,10,-61.0,1.853829787233832,28.813691068910828,8.03547812678292,30.361702127659573
m6_low25-35_close50-70_green,YES,flat,above0-50,75,47,58.87234042553192,8.0,0.7021276595744681,0.7849645390070922,-6.212765957446808,-15.75,"-15.75,-8.08,-6.64,5.58",3,10,-61.0,1.853829787233832,28.813691068910828,8.03547812678292,30.361702127659573
m6_low25-35_close50-70_green,YES,flat,above0-50,80,47,58.87234042553192,8.0,0.6808510638297872,0.7359042553191489,-4.404255319148936,-12.833333333333334,"-12.83,-11.42,-3.00,9.75",6,10,-61.0,1.853829787233832,28.813691068910828,8.03547812678292,30.361702127659573
m6_low25-35_close50-70_green,YES,flat,above0-50,85,47,58.87234042553192,8.0,0.6595744680851063,0.6926157697121402,-2.8085106382978724,-15.583333333333334,"-9.92,-15.58,0.64,13.92",5,10,-61.0,1.853829787233832,28.813691068910828,8.03547812678292,30.361702127659573
m6_low25-35_close50-70_green,YES,flat,above50-150,65,49,59.04081632653061,7.0,0.8367346938775511,0.908320251177394,-4.653061224489796,-9.416666666666666,"-5.92,-2.00,-1.17,-9.42",3,10,-50.5,-0.11081632652987573,90.05443052331901,23.89324854402871,30.959183673469386
m6_low25-35_close50-70_green,YES,flat,above50-150,70,49,59.04081632653061,7.0,0.7755102040816326,0.8434402332361516,-4.755102040816326,-11.5,"-2.08,-3.25,-2.42,-11.50",3,10,-50.5,-0.11081632652987573,90.05443052331901,23.89324854402871,30.959183673469386
m6_low25-35_close50-70_green,YES,flat,above50-150,75,49,59.04081632653061,7.0,0.7346938775510204,0.7872108843537414,-3.938775510204082,-10.75,"1.77,0.92,-10.75,-8.17",4,10,-50.5,-0.11081632652987573,90.05443052331901,23.89324854402871,30.959183673469386
m6_low25-35_close50-70_green,YES,flat,above50-150,80,49,59.04081632653061,7.0,0.7142857142857143,0.7380102040816326,-1.8979591836734695,-7.416666666666667,"5.62,-1.58,-7.42,-4.83",4,10,-50.5,-0.11081632652987573,90.05443052331901,23.89324854402871,30.959183673469386
m6_low25-35_close50-70_green,YES,flat,above50-150,85,49,59.04081632653061,7.0,0.6530612244897959,0.6945978391356542,-3.5306122448979593,-11.166666666666666,"2.92,-4.92,-11.17,-1.50",4,10,-50.5,-0.11081632652987573,90.05443052331901,23.89324854402871,30.959183673469386
m6_low25-35_close50-70_green,YES,flat,above>150,65,40,57.725,7.0,0.9,0.8880769230769231,0.7749999999999997,-5.499999999999999,"2.60,1.40,-5.50,4.60",6,10,-11.5,-0.42475000000013097,374.01038861348735,100.85454888105797,30.25
m6_low25-35_close50-70_green,YES,flat,above>150,70,40,57.725,7.0,0.85,0.8246428571428571,1.775,-1.4999999999999993,"0.10,5.90,-1.50,2.60",5,10,-22.5,-0.42475000000013097,374.01038861348735,100.85454888105797,30.25
m6_low25-35_close50-70_green,YES,flat,above>150,75,40,57.725,7.0,0.775,0.7696666666666667,0.4,-4.6000000000000005,"4.10,-4.60,2.50,-0.40",5,10,-36.0,-0.42475000000013097,374.01038861348735,100.85454888105797,30.25
m6_low25-35_close50-70_green,YES,flat,above>150,80,40,57.725,7.0,0.725,0.7215625,0.275,-1.4999999999999993,"0.10,-1.10,-1.50,3.60",4,10,-34.333333333333336,-0.42475000000013097,374.01038861348735,100.85454888105797,30.25
m6_low25-35_close50-70_green,YES,flat,above>150,85,40,57.725,7.0,0.725,0.6791176470588235,3.9,2.000000000000001,"3.60,2.40,2.00,7.60",5,10,-32.666666666666664,-0.42475000000013097,374.01038861348735,100.85454888105797,30.25
m6_low30-40_close35-55_green,NO,flat,below>150,65,29,47.689655172413794,7.0,0.8620689655172413,0.7336870026525198,8.344827586206897,0.42857142857142755,"16.38,15.00,0.43,0.43",8,9,-42.5,-7.597586206896361,-264.10512881276094,-71.78635315425872,34.310344827586206
m6_low30-40_close35-55_green,NO,flat,below>150,70,29,47.689655172413794,7.0,0.7241379310344828,0.68128078817734,3.0,-6.000000000000001,"12.62,10.00,-6.00,-6.00",5,9,-42.5,-7.597586206896361,-264.10512881276094,-71.78635315425872,34.310344827586206
m6_low30-40_close35-55_green,NO,flat,below>150,75,29,47.689655172413794,7.0,0.6551724137931034,0.6358620689655172,1.4482758620689655,-13.857142857142858,"17.00,14.29,-13.86,-13.86",5,9,-42.5,-7.597586206896361,-264.10512881276094,-71.78635315425872,34.310344827586206
m6_low30-40_close35-55_green,NO,flat,below>150,80,29,47.689655172413794,7.0,0.6206896551724138,0.5961206896551724,1.9655172413793103,-11.714285714285714,"21.38,7.14,-11.71,-11.71",5,9,-42.5,-7.597586206896361,-264.10512881276094,-71.78635315425872,34.310344827586206
m6_low30-40_close35-55_green,NO,flat,below>150,85,29,47.689655172413794,7.0,0.5862068965517241,0.5610547667342799,2.1379310344827585,-21.714285714285715,"25.75,10.71,-9.57,-21.71",5,9,-51.5,-7.597586206896361,-264.10512881276094,-71.78635315425872,34.310344827586206
m6_low30-40_close35-55_green,NO,flat,below50-150,65,34,45.85294117647059,7.0,0.6176470588235294,0.7054298642533936,-5.705882352941177,-16.22222222222222,"6.33,-6.88,-6.25,-16.22",3,9,-16.428571428571427,-6.908529411765117,-84.02449502240351,-22.621172558291992,34.5
m6_low30-40_close35-55_green,NO,flat,below50-150,70,34,45.85294117647059,7.0,0.5294117647058824,0.6550420168067227,-8.794117647058824,-21.77777777777778,"10.22,-12.50,-11.88,-21.78",4,9,-24.285714285714285,-6.908529411765117,-84.02449502240351,-22.621172558291992,34.5
m6_low30-40_close35-55_green,NO,flat,below50-150,75,34,45.85294117647059,7.0,0.47058823529411764,0.6113725490196078,-10.558823529411764,-28.444444444444443,"5.78,-10.00,-9.38,-28.44",4,9,-48.0,-6.908529411765117,-84.02449502240351,-22.621172558291992,34.5
m6_low30-40_close35-55_green,NO,flat,below50-150,80,34,45.85294117647059,7.0,0.47058823529411764,0.5731617647058823,-8.205882352941176,-27.333333333333332,"9.11,-7.50,-6.87,-27.33",4,9,-48.0,-6.908529411765117,-84.02449502240351,-22.621172558291992,34.5
m6_low30-40_close35-55_green,NO,flat,below50-150,85,34,45.85294117647059,7.0,0.4411764705882353,0.5394463667820069,-8.352941176470589,-26.22222222222222,"3.00,-5.00,-4.37,-26.22",4,9,-48.0,-6.908529411765117,-84.02449502240351,-22.621172558291992,34.5
m6_low30-40_close35-55_green,NO,flat,below0-50,65,32,47.625,7.0,0.5625,0.7326923076923076,-11.0625,-21.75,"-7.87,-15.38,0.75,-21.75",3,8,-52.5,-5.0643749999994725,-29.031154513854972,-9.46573933158038,33.9375
m6_low30-40_close35-55_green,NO,flat,below0-50,70,32,47.625,7.0,0.53125,0.6803571428571429,-10.4375,-19.875,"-4.75,-12.88,-4.25,-19.88",3,8,-52.5,-5.0643749999994725,-29.031154513854972,-9.46573933158038,33.9375
m6_low30-40_close35-55_green,NO,flat,below0-50,75,32,47.625,7.0,0.53125,0.635,-7.781249999999999,-18.0,"-1.62,-10.38,-1.12,-18.00",3,8,-52.5,-5.0643749999994725,-29.031154513854972,-9.46573933158038,33.9375
m6_low30-40_close35-55_green,NO,flat,below0-50,80,32,47.625,7.0,0.46875,0.5953125,-10.125,-17.875,"-8.50,-17.88,2.00,-16.12",2,8,-52.5,-5.0643749999994725,-29.031154513854972,-9.46573933158038,33.9375
m6_low30-40_close35-55_green,NO,flat,below0-50,85,32,47.625,7.0,0.40625,0.5602941176470588,-13.09375,-16.625,"-16.62,-16.00,-5.50,-14.25",1,8,-52.5,-5.0643749999994725,-29.031154513854972,-9.46573933158038,33.9375
m6_low30-40_close35-55_green,NO,flat,above0-50,65,31,46.096774193548384,7.0,0.5483870967741935,0.709181141439206,-10.451612903225806,-22.0,"-7.63,-19.38,-22.00,5.75",1,8,-52.5,-3.1958064516124245,22.364280274751852,6.249110319335746,33.96774193548387
m6_low30-40_close35-55_green,NO,flat,above0-50,70,31,46.096774193548384,7.0,0.4838709677419355,0.6585253456221197,-12.225806451612904,-26.25,"-4.50,-26.25,-19.86,0.75",2,8,-52.5,-3.1958064516124245,22.364280274751852,6.249110319335746,33.96774193548387
m6_low30-40_close35-55_green,NO,flat,above0-50,75,31,46.096774193548384,7.0,0.41935483870967744,0.6146236559139785,-14.64516129032258,-39.142857142857146,"-1.38,-25.00,-39.14,3.87",4,8,-52.5,-3.1958064516124245,22.364280274751852,6.249110319335746,33.96774193548387
m6_low30-40_close35-55_green,NO,flat,above0-50,80,31,46.096774193548384,7.0,0.41935483870967744,0.5762096774193548,-12.548387096774194,-38.42857142857143,"1.75,-23.75,-38.43,7.00",4,8,-52.5,-3.1958064516124245,22.364280274751852,6.249110319335746,33.96774193548387
m6_low30-40_close35-55_green,NO,flat,above0-50,85,31,46.096774193548384,7.0,0.41935483870967744,0.5423149905123339,-10.451612903225806,-37.714285714285715,"4.87,-22.50,-37.71,10.12",4,8,-52.5,-3.1958064516124245,22.364280274751852,6.249110319335746,33.96774193548387
m6_low30-40_close35-55_green,YES,flat,below0-50,65,27,45.629629629629626,8.0,0.6666666666666666,0.7019943019943019,-2.2962962962962963,-14.714285714285714,"-7.57,6.86,7.67,-14.71",4,9,-50.0,-3.577777777776646,-23.48575218625774,-1.6781802699557307,35.111111111111114
m6_low30-40_close35-55_green,YES,flat,below0-50,70,27,45.629629629629626,8.0,0.6296296296296297,0.6518518518518518,-1.5555555555555556,-14.714285714285714,"-14.71,11.14,11.83,-12.57",4,9,-50.0,-3.577777777776646,-23.48575218625774,-1.6781802699557307,35.111111111111114
m6_low30-40_close35-55_green,YES,flat,below0-50,75,27,45.629629629629626,8.0,0.5555555555555556,0.608395061728395,-3.962962962962963,-21.142857142857142,"-12.57,15.43,3.50,-21.14",4,9,-50.0,-3.577777777776646,-23.48575218625774,-1.6781802699557307,35.111111111111114
m6_low30-40_close35-55_green,YES,flat,below0-50,80,27,45.629629629629626,8.0,0.5185185185185185,0.5703703703703703,-4.148148148148148,-19.714285714285715,"-10.43,19.71,-6.50,-19.71",3,9,-50.0,-3.577777777776646,-23.48575218625774,-1.6781802699557307,35.111111111111114
m6_low30-40_close35-55_green,YES,flat,below0-50,85,27,45.629629629629626,8.0,0.48148148148148145,0.5368191721132897,-4.703703703703703,-20.428571428571427,"-20.43,24.00,-4.00,-18.29",3,9,-50.0,-3.577777777776646,-23.48575218625774,-1.6781802699557307,35.111111111111114
m6_low30-40_close35-55_green,YES,flat,above50-150,65,26,47.42307692307692,7.0,0.5384615384615384,0.729585798816568,-12.423076923076923,-23.166666666666668,"-3.43,-15.17,-23.17,-9.86",3,9,-54.0,-5.44307692307708,85.21443282879828,25.432131497095096,34.80769230769231
m6_low30-40_close35-55_green,YES,flat,above50-150,70,26,47.42307692307692,7.0,0.5384615384615384,0.6774725274725274,-9.73076923076923,-21.5,"0.14,-12.67,-21.50,-7.00",3,9,-54.0,-5.44307692307708,85.21443282879828,25.432131497095096,34.80769230769231
m6_low30-40_close35-55_green,YES,flat,above50-150,75,26,47.42307692307692,7.0,0.5,0.6323076923076922,-9.923076923076923,-22.666666666666668,"3.71,-22.67,-19.83,-4.14",3,9,-54.0,-5.44307692307708,85.21443282879828,25.432131497095096,34.80769230769231
m6_low30-40_close35-55_green,YES,flat,above50-150,80,26,47.42307692307692,7.0,0.5,0.5927884615384615,-7.423076923076923,-21.0,"7.29,-21.00,-18.17,-1.29",3,9,-54.0,-5.44307692307708,85.21443282879828,25.432131497095096,34.80769230769231
m6_low30-40_close35-55_green,YES,flat,above50-150,85,26,47.42307692307692,7.0,0.5,0.5579185520361991,-4.923076923076923,-19.333333333333332,"10.86,-19.33,-16.50,1.57",3,9,-54.0,-5.44307692307708,85.21443282879828,25.432131497095096,34.80769230769231
m6_low30-40_close40-60_green,NO,flat,below>150,65,36,50.888888888888886,7.0,0.9166666666666666,0.7829059829059829,8.694444444444443,1.3333333333333333,"14.44,12.67,1.33,6.33",8,9,-18.000000000000004,-3.805833333333188,-262.042372741995,-73.52365676648212,34.666666666666664
m6_low30-40_close40-60_green,NO,flat,below>150,70,36,50.888888888888886,7.0,0.7777777777777778,0.726984126984127,3.555555555555554,-4.777777777777781,"11.67,9.89,-2.56,-4.78",6,9,-50.5,-3.805833333333188,-262.042372741995,-73.52365676648212,34.666666666666664
m6_low30-40_close40-60_green,NO,flat,below>150,75,36,50.888888888888886,7.0,0.6944444444444444,0.6785185185185185,1.1944444444444435,-9.77777777777778,"16.11,6.00,-7.56,-9.78",4,9,-50.5,-3.805833333333188,-262.042372741995,-73.52365676648212,34.666666666666664
m6_low30-40_close40-60_green,NO,flat,below>150,80,36,50.888888888888886,7.0,0.6666666666666666,0.6361111111111111,2.4444444444444446,-7.0000000000000036,"20.56,1.00,-4.78,-7.00",5,9,-50.5,-3.805833333333188,-262.042372741995,-73.52365676648212,34.666666666666664
m6_low30-40_close40-60_green,NO,flat,below>150,85,36,50.888888888888886,7.0,0.6111111111111112,0.5986928104575163,1.0555555555555554,-13.66666666666667,"25.00,-5.11,-2.00,-13.67",5,9,-50.5,-3.805833333333188,-262.042372741995,-73.52365676648212,34.666666666666664
m6_low30-40_close40-60_green,NO,flat,below50-150,65,41,49.75609756097561,7.0,0.6829268292682927,0.7654784240150094,-5.365853658536586,-23.0,"3.45,-4.00,1.20,-23.00",3,9,-24.875,-4.248292682927546,-79.74073211309144,-21.604975256257337,34.707317073170735
m6_low30-40_close40-60_green,NO,flat,below50-150,70,41,49.75609756097561,7.0,0.6097560975609756,0.710801393728223,-7.073170731707317,-28.0,"7.55,-7.50,-1.80,-28.00",4,9,-31.75,-4.248292682927546,-79.74073211309144,-21.604975256257337,34.707317073170735
m6_low30-40_close40-60_green,NO,flat,below50-150,75,41,49.75609756097561,7.0,0.5609756097560976,0.6634146341463415,-7.682926829268292,-34.0,"4.82,-4.50,1.70,-34.00",4,9,-48.0,-4.248292682927546,-79.74073211309144,-21.604975256257337,34.707317073170735
m6_low30-40_close40-60_green,NO,flat,below50-150,80,41,49.75609756097561,7.0,0.5609756097560976,0.6219512195121951,-4.878048780487806,-33.0,"8.45,-1.50,5.20,-33.00",4,9,-48.0,-4.248292682927546,-79.74073211309144,-21.604975256257337,34.707317073170735
m6_low30-40_close40-60_green,NO,flat,below50-150,85,41,49.75609756097561,7.0,0.5365853658536586,0.5853658536585366,-4.146341463414635,-32.0,"4.36,1.50,8.70,-32.00",4,9,-48.0,-4.248292682927546,-79.74073211309144,-21.604975256257337,34.707317073170735
m6_low30-40_close40-60_green,NO,flat,below0-50,65,43,50.55813953488372,7.0,0.627906976744186,0.7778175313059034,-9.744186046511627,-15.272727272727275,"-5.55,-15.27,-9.50,-8.64",3,9,-23.16666666666667,-3.4704651162788056,-26.04650167164428,-9.546491588192767,33.95348837209303
m6_low30-40_close40-60_green,NO,flat,below0-50,70,43,50.55813953488372,7.0,0.6046511627906976,0.7222591362126246,-8.232558139534884,-12.545454545454549,"-1.91,-12.55,-6.50,-11.82",4,9,-20.66666666666667,-3.4704651162788056,-26.04650167164428,-9.546491588192767,33.95348837209303
m6_low30-40_close40-60_green,NO,flat,below0-50,75,43,50.55813953488372,7.0,0.6046511627906976,0.6741085271317829,-5.209302325581396,-9.81818181818182,"1.73,-9.82,-3.50,-9.09",4,9,-18.16666666666667,-3.4704651162788056,-26.04650167164428,-9.546491588192767,33.95348837209303
m6_low30-40_close40-60_green,NO,flat,below0-50,80,43,50.55813953488372,7.0,0.5581395348837209,0.6319767441860465,-5.906976744186046,-8.499999999999998,"-1.91,-7.09,-8.50,-6.36",3,9,-15.666666666666671,-3.4704651162788056,-26.04650167164428,-9.546491588192767,33.95348837209303
m6_low30-40_close40-60_green,NO,flat,below0-50,85,43,50.55813953488372,7.0,0.5116279069767442,0.5948016415868673,-7.069767441860465,-11.363636363636363,"-6.45,-4.36,-6.00,-11.36",2,9,-13.428571428571429,-3.4704651162788056,-26.04650167164428,-9.546491588192767,33.95348837209303
m6_low30-40_close40-60_green,NO,flat,above0-50,65,38,49.81578947368421,7.0,0.631578947368421,0.7663967611336032,-8.763157894736842,-19.0,"-10.80,-19.00,-15.56,8.60",3,8,-34.0,-1.5718421052624763,22.97981246628057,5.3366568737131415,34.21052631578947
m6_low30-40_close40-60_green,NO,flat,above0-50,70,38,49.81578947368421,7.0,0.5789473684210527,0.7116541353383459,-9.289473684210527,-24.555555555555557,"-7.80,-24.56,-12.78,6.10",2,8,-47.0,-1.5718421052624763,22.97981246628057,5.3366568737131415,34.21052631578947
m6_low30-40_close40-60_green,NO,flat,above0-50,75,38,49.81578947368421,7.0,0.5,0.6642105263157895,-12.31578947368421,-31.22222222222222,"-4.80,-31.22,-26.67,10.10",3,8,-54.333333333333336,-1.5718421052624763,22.97981246628057,5.3366568737131415,34.21052631578947
m6_low30-40_close40-60_green,NO,flat,above0-50,80,38,49.81578947368421,7.0,0.5,0.6226973684210526,-9.81578947368421,-30.11111111111111,"-1.80,-30.11,-25.00,14.10",3,8,-54.333333333333336,-1.5718421052624763,22.97981246628057,5.3366568737131415,34.21052631578947
m6_low30-40_close40-60_green,NO,flat,above0-50,85,38,49.81578947368421,7.0,0.5,0.5860681114551084,-7.315789473684212,-29.0,"1.20,-29.00,-23.33,18.10",3,8,-54.333333333333336,-1.5718421052624763,22.97981246628057,5.3366568737131415,34.21052631578947
m6_low30-40_close40-60_green,NO,flat,above50-150,65,28,51.142857142857146,7.0,0.5714285714285714,0.7868131868131869,-14.000000000000002,-28.0,"-4.00,-0.14,-23.86,-28.00",2,9,-35.0,-0.44107142857163645,77.13321095909434,27.838500327466527,33.75
m6_low30-40_close40-60_green,NO,flat,above50-150,70,28,51.142857142857146,7.0,0.5,0.7306122448979592,-16.142857142857146,-36.57142857142857,"-10.43,4.14,-21.71,-36.57",1,9,-48.0,-0.44107142857163645,77.13321095909434,27.838500327466527,33.75
m6_low30-40_close40-60_green,NO,flat,above50-150,75,28,51.142857142857146,7.0,0.5,0.6819047619047619,-13.642857142857144,-35.857142857142854,"-7.57,8.43,-19.57,-35.86",2,9,-48.0,-0.44107142857163645,77.13321095909434,27.838500327466527,33.75
m6_low30-40_close40-60_green,NO,flat,above50-150,80,28,51.142857142857146,7.0,0.42857142857142855,0.6392857142857143,-16.857142857142858,-35.142857142857146,"-16.14,1.29,-17.43,-35.14",1,9,-48.0,-0.44107142857163645,77.13321095909434,27.838500327466527,33.75
m6_low30-40_close40-60_green,NO,flat,above50-150,85,28,51.142857142857146,7.0,0.39285714285714285,0.6016806722689076,-17.75,-34.42857142857143,"-14.00,4.86,-27.43,-34.43",2,9,-50.666666666666664,-0.44107142857163645,77.13321095909434,27.838500327466527,33.75
m6_low30-40_close40-60_green,NO,flat,above>150,65,28,50.892857142857146,7.0,0.6785714285714286,0.782967032967033,-6.7857142857142865,-20.857142857142858,"12.00,-12.00,-20.86,-6.29",3,8,-45.333333333333336,-1.3742857142858287,341.46332254503744,94.6348686909818,34.035714285714285
m6_low30-40_close40-60_green,NO,flat,above>150,70,28,50.892857142857146,7.0,0.6785714285714286,0.7270408163265306,-3.3928571428571437,-18.714285714285715,"17.00,-9.14,-18.71,-2.71",4,8,-45.333333333333336,-1.3742857142858287,341.46332254503744,94.6348686909818,34.035714285714285
m6_low30-40_close40-60_green,NO,flat,above>150,75,28,50.892857142857146,7.0,0.5714285714285714,0.6785714285714286,-8.035714285714286,-27.714285714285715,"22.00,-27.71,-27.29,0.86",3,8,-46.0,-1.3742857142858287,341.46332254503744,94.6348686909818,34.035714285714285
m6_low30-40_close40-60_green,NO,flat,above>150,80,28,50.892857142857146,7.0,0.5714285714285714,0.6361607142857143,-5.17857142857143,-26.285714285714285,"27.00,-26.29,-25.86,4.43",3,8,-46.0,-1.3742857142858287,341.46332254503744,94.6348686909818,34.035714285714285
m6_low30-40_close40-60_green,NO,flat,above>150,85,28,50.892857142857146,7.0,0.5714285714285714,0.5987394957983193,-2.3214285714285725,-24.857142857142858,"32.00,-24.86,-24.43,8.00",3,8,-46.0,-1.3742857142858287,341.46332254503744,94.6348686909818,34.035714285714285
m6_low30-40_close40-60_green,YES,flat,below50-150,65,31,49.67741935483871,7.0,0.6774193548387096,0.7642679900744417,-5.645161290322582,-18.25,"-18.25,-7.38,4.86,-0.50",3,10,-53.5,0.8932258064521574,-85.04259235296898,-20.535963230129592,35.03225806451613
m6_low30-40_close40-60_green,YES,flat,below50-150,70,31,49.67741935483871,7.0,0.6451612903225806,0.7096774193548387,-4.516129032258066,-15.75,"-15.75,-4.25,-0.86,3.25",4,10,-53.5,0.8932258064521574,-85.04259235296898,-20.535963230129592,35.03225806451613
m6_low30-40_close40-60_green,YES,flat,below50-150,75,31,49.67741935483871,7.0,0.5483870967741935,0.6623655913978495,-8.548387096774194,-22.625,"-22.62,-1.12,2.71,-11.75",4,10,-53.5,0.8932258064521574,-85.04259235296898,-20.535963230129592,35.03225806451613
m6_low30-40_close40-60_green,YES,flat,below50-150,80,31,49.67741935483871,7.0,0.4838709677419355,0.6209677419354839,-10.96774193548387,-30.75,"-30.75,2.00,6.29,-19.25",2,10,-53.5,0.8932258064521574,-85.04259235296898,-20.535963230129592,35.03225806451613
m6_low30-40_close40-60_green,YES,flat,below50-150,85,31,49.67741935483871,7.0,0.4838709677419355,0.5844402277039848,-8.548387096774194,-29.5,"-29.50,5.12,9.86,-17.38",2,10,-53.5,0.8932258064521574,-85.04259235296898,-20.535963230129592,35.03225806451613
m6_low30-40_close40-60_green,YES,flat,below0-50,65,30,49.733333333333334,7.0,0.7,0.7651282051282051,-4.233333333333333,-10.375,"-9.75,-1.86,6.71,-10.38",3,9,-45.0,-1.9133333333326543,-22.16548627955708,-2.4730136252081136,35.166666666666664
m6_low30-40_close40-60_green,YES,flat,below0-50,70,30,49.733333333333334,7.0,0.6666666666666666,0.7104761904761905,-3.066666666666667,-15.375,"-15.38,1.71,11.00,-7.25",5,9,-45.0,-1.9133333333326543,-22.16548627955708,-2.4730136252081136,35.166666666666664
m6_low30-40_close40-60_green,YES,flat,below0-50,75,30,49.733333333333334,7.0,0.6333333333333333,0.6631111111111111,-2.2333333333333334,-13.5,"-12.88,5.29,15.29,-13.50",4,9,-45.0,-1.9133333333326543,-22.16548627955708,-2.4730136252081136,35.166666666666664
m6_low30-40_close40-60_green,YES,flat,below0-50,80,30,49.733333333333334,7.0,0.6,0.6216666666666667,-1.7333333333333332,-11.0,"-10.38,8.86,8.14,-11.00",3,9,-45.0,-1.9133333333326543,-22.16548627955708,-2.4730136252081136,35.166666666666664
m6_low30-40_close40-60_green,YES,flat,below0-50,85,30,49.733333333333334,7.0,0.5333333333333333,0.5850980392156863,-4.4,-19.125,"-7.88,0.29,11.71,-19.12",3,9,-45.0,-1.9133333333326543,-22.16548627955708,-2.4730136252081136,35.166666666666664
m6_low30-40_close40-60_green,YES,flat,above0-50,65,33,50.84848484848485,7.0,0.7272727272727273,0.7822843822843824,-3.5757575757575757,-12.0,"1.00,-9.38,-12.00,5.50",3,8,-23.000000000000007,-0.4830303030301531,28.77178515511354,10.86775058330849,35.42424242424242
m6_low30-40_close40-60_green,YES,flat,above0-50,70,33,50.84848484848485,7.0,0.6363636363636364,0.7264069264069265,-6.303030303030303,-17.625,"4.89,-15.00,-17.62,1.13",4,8,-22.0,-0.4830303030301531,28.77178515511354,10.86775058330849,35.42424242424242
m6_low30-40_close40-60_green,YES,flat,above0-50,75,33,50.84848484848485,7.0,0.48484848484848486,0.677979797979798,-14.484848484848484,-24.5,"-7.89,-12.50,-24.50,-13.88",3,8,-55.50000000000001,-0.4830303030301531,28.77178515511354,10.86775058330849,35.42424242424242
m6_low30-40_close40-60_green,YES,flat,above0-50,80,33,50.84848484848485,7.0,0.45454545454545453,0.6356060606060606,-14.484848484848484,-22.625,"-14.00,-10.00,-22.62,-11.38",2,8,-55.50000000000001,-0.4830303030301531,28.77178515511354,10.86775058330849,35.42424242424242
m6_low30-40_close40-60_green,YES,flat,above0-50,85,33,50.84848484848485,7.0,0.45454545454545453,0.5982174688057041,-12.212121212121213,-20.75,"-11.78,-7.50,-20.75,-8.88",3,8,-55.50000000000001,-0.4830303030301531,28.77178515511354,10.86775058330849,35.42424242424242
m6_low30-40_close40-60_green,YES,flat,above50-150,65,32,50.28125,7.0,0.6875,0.7735576923076923,-5.59375,-10.999999999999998,"5.00,-11.00,-10.12,-6.25",4,10,-54.0,-4.216249999999945,89.12021824660337,25.206392239619845,35.25
m6_low30-40_close40-60_green,YES,flat,above50-150,70,32,50.28125,7.0,0.6875,0.7183035714285714,-2.15625,-7.874999999999998,"9.37,-7.87,-7.00,-3.12",4,10,-54.0,-4.216249999999945,89.12021824660337,25.206392239619845,35.25
m6_low30-40_close40-60_green,YES,flat,above50-150,75,32,50.28125,7.0,0.65625,0.6704166666666667,-1.0625000000000002,-14.124999999999998,"13.75,-14.12,-3.88,0.00",5,10,-54.0,-4.216249999999945,89.12021824660337,25.206392239619845,35.25
m6_low30-40_close40-60_green,YES,flat,above50-150,80,32,50.28125,7.0,0.65625,0.628515625,2.21875,-11.624999999999998,"18.12,-11.62,-0.75,3.12",5,10,-54.0,-4.216249999999945,89.12021824660337,25.206392239619845,35.25
m6_low30-40_close40-60_green,YES,flat,above50-150,85,32,50.28125,7.0,0.65625,0.5915441176470588,5.5,-9.124999999999998,"22.50,-9.12,2.37,6.25",5,10,-54.0,-4.216249999999945,89.12021824660337,25.206392239619845,35.25
m6_low30-40_close40-60_green,YES,flat,above>150,65,28,51.07142857142857,7.0,0.8214285714285714,0.7857142857142857,2.3214285714285716,-11.571428571428571,"4.00,-11.57,5.57,11.29",6,8,-51.5,-0.8146428571422543,375.04906023289703,108.82921465136835,35.32142857142857
m6_low30-40_close40-60_green,YES,flat,above>150,70,28,51.07142857142857,7.0,0.7857142857142857,0.7295918367346939,3.9285714285714284,-8.714285714285714,"-1.71,-8.71,9.86,16.29",6,8,-51.5,-0.8146428571422543,375.04906023289703,108.82921465136835,35.32142857142857
m6_low30-40_close40-60_green,YES,flat,above>150,75,28,51.07142857142857,7.0,0.7142857142857143,0.680952380952381,2.4999999999999996,-7.285714285714286,"1.86,-5.86,-7.29,21.29",4,8,-51.5,-0.8146428571422543,375.04906023289703,108.82921465136835,35.32142857142857
m6_low30-40_close40-60_green,YES,flat,above>150,80,28,51.07142857142857,7.0,0.7142857142857143,0.6383928571428571,6.071428571428571,-4.428571428571429,"5.43,-3.00,-4.43,26.29",4,8,-51.5,-0.8146428571422543,375.04906023289703,108.82921465136835,35.32142857142857
m6_low30-40_close40-60_green,YES,flat,above>150,85,28,51.07142857142857,7.0,0.6785714285714286,0.6008403361344538,6.607142857142857,-12.285714285714286,"9.00,-12.29,-1.57,31.29",4,8,-51.5,-0.8146428571422543,375.04906023289703,108.82921465136835,35.32142857142857
m6_low30-40_close45-65_green,NO,flat,below>150,65,48,55.625,7.0,0.9375,0.8557692307692307,5.312499999999998,0.24999999999999942,"6.83,10.67,0.25,3.50",8,10,-6.000000000000002,-0.4468750000006973,-276.2864022061397,-74.43176600522459,34.875
m6_low30-40_close45-65_green,NO,flat,below>150,70,48,55.625,7.0,0.7916666666666666,0.7946428571428571,-0.2083333333333345,-7.25,"11.83,-1.83,-7.25,-3.58",6,10,-17.375,-0.4468750000006973,-276.2864022061397,-74.43176600522459,34.875
m6_low30-40_close45-65_green,NO,flat,below>150,75,48,55.625,7.0,0.7083333333333334,0.7416666666666667,-2.5000000000000013,-12.333333333333334,"16.83,-4.33,-10.17,-12.33",6,10,-28.0,-0.4468750000006973,-276.2864022061397,-74.43176600522459,34.875
m6_low30-40_close45-65_green,NO,flat,below>150,80,48,55.625,7.0,0.6875,0.6953125,-0.625,-9.416666666666668,"21.83,-7.67,-7.25,-9.42",6,10,-26.0,-0.4468750000006973,-276.2864022061397,-74.43176600522459,34.875
m6_low30-40_close45-65_green,NO,flat,below>150,85,48,55.625,7.0,0.6458333333333334,0.6544117647058824,-0.7291666666666666,-13.583333333333334,"26.83,-11.83,-4.33,-13.58",5,10,-24.0,-0.4468750000006973,-276.2864022061397,-74.43176600522459,34.875
m6_low30-40_close45-65_green,NO,flat,below50-150,65,44,54.47727272727273,7.0,0.8181818181818182,0.8381118881118881,-1.2954545454545467,-12.81818181818182,"3.18,-6.82,11.27,-12.82",5,9,-24.142857142857142,-1.6738636363641655,-79.62501982351601,-22.929583152488703,35.02272727272727
m6_low30-40_close45-65_green,NO,flat,below50-150,70,44,54.47727272727273,7.0,0.75,0.7782467532467532,-1.9772727272727286,-16.000000000000004,"7.73,-9.55,9.91,-16.00",6,9,-32.0,-1.6738636363641655,-79.62501982351601,-22.929583152488703,35.02272727272727
m6_low30-40_close45-65_green,NO,flat,below50-150,75,44,54.47727272727273,7.0,0.6818181818181818,0.7263636363636363,-3.340909090909092,-20.090909090909093,"-1.36,-6.36,14.45,-20.09",5,9,-46.5,-1.6738636363641655,-79.62501982351601,-22.929583152488703,35.02272727272727
m6_low30-40_close45-65_green,NO,flat,below50-150,80,44,54.47727272727273,7.0,0.6590909090909091,0.680965909090909,-1.7500000000000007,-17.81818181818182,"2.27,-10.45,19.00,-17.82",5,9,-46.5,-1.6738636363641655,-79.62501982351601,-22.929583152488703,35.02272727272727
m6_low30-40_close45-65_green,NO,flat,below50-150,85,44,54.47727272727273,7.0,0.6363636363636364,0.6409090909090909,-0.386363636363637,-15.545454545454549,"5.91,-15.45,23.55,-15.55",5,9,-46.5,-1.6738636363641655,-79.62501982351601,-22.929583152488703,35.02272727272727
m6_low30-40_close45-65_green,NO,flat,below0-50,65,51,55.15686274509804,7.0,0.7058823529411765,0.8485671191553544,-9.27450980392157,-12.076923076923078,"-6.23,-7.08,-11.92,-12.08",4,10,-23.16666666666667,-0.296274509803505,-25.27852570978889,-8.661869068757868,33.80392156862745
m6_low30-40_close45-65_green,NO,flat,below0-50,70,51,55.15686274509804,7.0,0.6470588235294118,0.7879551820728291,-9.862745098039216,-14.416666666666666,"-7.77,-3.23,-14.42,-14.38",3,10,-20.66666666666667,-0.296274509803505,-25.27852570978889,-8.661869068757868,33.80392156862745
m6_low30-40_close45-65_green,NO,flat,below0-50,75,51,55.15686274509804,7.0,0.6274509803921569,0.7354248366013072,-8.098039215686276,-17.461538461538463,"-4.31,0.62,-11.50,-17.46",3,10,-18.16666666666667,-0.296274509803505,-25.27852570978889,-8.661869068757868,33.80392156862745
m6_low30-40_close45-65_green,NO,flat,below0-50,80,51,55.15686274509804,7.0,0.5882352941176471,0.6894607843137255,-8.098039215686276,-15.25,"-7.00,4.46,-15.25,-15.15",4,10,-16.750000000000004,-0.296274509803505,-25.27852570978889,-8.661869068757868,33.80392156862745
m6_low30-40_close45-65_green,NO,flat,below0-50,85,51,55.15686274509804,7.0,0.5490196078431373,0.6489042675893887,-8.490196078431374,-19.384615384615387,"-10.46,8.31,-12.75,-19.38",3,10,-16.857142857142858,-0.296274509803505,-25.27852570978889,-8.661869068757868,33.80392156862745
m6_low30-40_close45-65_green,NO,flat,above0-50,65,42,55.595238095238095,7.0,0.7619047619047619,0.8553113553113553,-6.071428571428573,-11.909090909090908,"-11.91,0.30,-10.90,-1.64",2,8,-23.500000000000004,1.2945238095240452,23.13464298431652,4.477264208767294,34.88095238095238
m6_low30-40_close45-65_green,NO,flat,above0-50,70,42,55.595238095238095,7.0,0.6904761904761905,0.79421768707483,-7.261904761904762,-15.090909090909092,"-15.09,-2.20,-7.40,-3.91",2,8,-56.0,1.2945238095240452,23.13464298431652,4.477264208767294,34.88095238095238
m6_low30-40_close45-65_green,NO,flat,above0-50,75,42,55.595238095238095,7.0,0.6190476190476191,0.7412698412698413,-9.166666666666666,-18.9,"-12.36,-5.70,-18.90,-0.27",3,8,-56.0,1.2945238095240452,23.13464298431652,4.477264208767294,34.88095238095238
m6_low30-40_close45-65_green,NO,flat,above0-50,80,42,55.595238095238095,7.0,0.5952380952380952,0.6949404761904762,-7.976190476190476,-16.4,"-9.64,-10.20,-16.40,3.36",3,8,-56.0,1.2945238095240452,23.13464298431652,4.477264208767294,34.88095238095238
m6_low30-40_close45-65_green,NO,flat,above0-50,85,42,55.595238095238095,7.0,0.5714285714285714,0.65406162464986,-7.023809523809524,-15.7,"-6.91,-15.70,-13.90,7.00",2,8,-56.0,1.2945238095240452,23.13464298431652,4.477264208767294,34.88095238095238
m6_low30-40_close45-65_green,NO,flat,above50-150,65,37,56.351351351351354,7.0,0.7567567567567568,0.8669438669438669,-7.162162162162164,-12.777777777777779,"-4.50,1.00,-12.67,-12.78",3,10,-29.0,0.7802702702693578,82.53591395771808,28.072463195686026,33.83783783783784
m6_low30-40_close45-65_green,NO,flat,above50-150,70,37,56.351351351351354,7.0,0.7027027027027027,0.8050193050193051,-7.162162162162164,-17.22222222222222,"-0.50,-2.33,-9.33,-17.22",3,10,-27.333333333333332,0.7802702702693578,82.53591395771808,28.072463195686026,33.83783783783784
m6_low30-40_close45-65_green,NO,flat,above50-150,75,37,56.351351351351354,7.0,0.7027027027027027,0.7513513513513513,-3.64864864864865,-14.444444444444445,"3.50,1.56,-6.00,-14.44",3,10,-25.666666666666668,0.7802702702693578,82.53591395771808,28.072463195686026,33.83783783783784
m6_low30-40_close45-65_green,NO,flat,above50-150,80,37,56.351351351351354,7.0,0.6486486486486487,0.7043918918918919,-4.459459459459461,-11.666666666666666,"-0.50,-3.44,-2.67,-11.67",4,10,-24.0,0.7802702702693578,82.53591395771808,28.072463195686026,33.83783783783784
m6_low30-40_close45-65_green,NO,flat,above50-150,85,37,56.351351351351354,7.0,0.6216216216216216,0.6629570747217807,-3.5135135135135145,-8.88888888888889,"3.00,-0.11,-8.78,-8.89",6,10,-50.666666666666664,0.7802702702693578,82.53591395771808,28.072463195686026,33.83783783783784
m6_low30-40_close45-65_green,NO,flat,above>150,65,31,55.0,7.0,0.8064516129032258,0.8461538461538461,-2.5806451612903234,-9.571428571428571,"6.50,-3.00,-9.57,-5.13",4,9,-23.0,-1.7832258064515754,304.5493425468366,84.92857754429649,34.45161290322581
m6_low30-40_close45-65_green,NO,flat,above>150,70,31,55.0,7.0,0.8064516129032258,0.7857142857142857,1.451612903225805,-6.0,"11.50,0.75,-6.00,-1.38",5,9,-20.5,-1.7832258064515754,304.5493425468366,84.92857754429649,34.45161290322581
m6_low30-40_close45-65_green,NO,flat,above>150,75,31,55.0,7.0,0.7096774193548387,0.7333333333333333,-1.7741935483870976,-14.25,"16.50,-14.25,-13.14,2.37",4,9,-51.5,-1.7832258064515754,304.5493425468366,84.92857754429649,34.45161290322581
m6_low30-40_close45-65_green,NO,flat,above>150,80,31,55.0,7.0,0.6451612903225806,0.6875,-3.3870967741935485,-21.714285714285715,"11.50,-11.75,-21.71,6.12",4,9,-55.5,-1.7832258064515754,304.5493425468366,84.92857754429649,34.45161290322581
m6_low30-40_close45-65_green,NO,flat,above>150,85,31,55.0,7.0,0.6451612903225806,0.6470588235294118,-0.1612903225806463,-19.571428571428573,"15.87,-9.25,-19.57,9.87",4,9,-55.5,-1.7832258064515754,304.5493425468366,84.92857754429649,34.45161290322581
m6_low30-40_close45-65_green,YES,flat,below50-150,65,34,54.88235294117647,7.0,0.8235294117647058,0.8443438914027149,-1.3529411764705888,-14.25,"-5.11,-14.25,8.50,5.11",4,8,-19.6,3.2561764705888514,-85.9545256103689,-18.693939447626583,35.23529411764706
m6_low30-40_close45-65_green,YES,flat,below50-150,70,34,54.88235294117647,7.0,0.7647058823529411,0.7840336134453781,-1.3529411764705885,-11.125,"-9.00,-11.12,4.75,9.56",6,8,-30.6,3.2561764705888514,-85.9545256103689,-18.693939447626583,35.23529411764706
m6_low30-40_close45-65_green,YES,flat,below50-150,75,34,54.88235294117647,7.0,0.6764705882352942,0.731764705882353,-4.147058823529412,-14.0,"-14.00,-8.00,9.12,-2.67",4,8,-56.99999999999999,3.2561764705888514,-85.9545256103689,-18.693939447626583,35.23529411764706
m6_low30-40_close45-65_green,YES,flat,below50-150,80,34,54.88235294117647,7.0,0.6176470588235294,0.6860294117647059,-5.470588235294118,-20.11111111111111,"-20.11,-4.88,13.50,-8.22",2,8,-56.99999999999999,3.2561764705888514,-85.9545256103689,-18.693939447626583,35.23529411764706
m6_low30-40_close45-65_green,YES,flat,below50-150,85,34,54.88235294117647,7.0,0.6176470588235294,0.6456747404844291,-2.3823529411764706,-17.88888888888889,"-17.89,-1.75,17.87,-5.44",2,8,-56.99999999999999,3.2561764705888514,-85.9545256103689,-18.693939447626583,35.23529411764706
m6_low30-40_close45-65_green,YES,flat,below0-50,65,34,54.26470588235294,7.0,0.7647058823529411,0.834841628959276,-4.5588235294117645,-14.333333333333334,"-14.33,4.62,-4.38,-3.11",4,9,-45.0,-0.04735294117605971,-21.97505699630796,-3.417526218727075,35.64705882352941
m6_low30-40_close45-65_green,YES,flat,below0-50,70,34,54.26470588235294,7.0,0.7352941176470589,0.7752100840336135,-2.794117647058824,-18.77777777777778,"-18.78,9.00,-0.63,0.78",4,9,-54.5,-0.04735294117605971,-21.97505699630796,-3.417526218727075,35.64705882352941
m6_low30-40_close45-65_green,YES,flat,below0-50,75,34,54.26470588235294,7.0,0.7058823529411765,0.7235294117647059,-1.3235294117647063,-16.0,"-16.00,13.38,3.12,-3.67",3,9,-54.5,-0.04735294117605971,-21.97505699630796,-3.417526218727075,35.64705882352941
m6_low30-40_close45-65_green,YES,flat,below0-50,80,34,54.26470588235294,7.0,0.6470588235294118,0.6783088235294118,-2.5,-13.222222222222221,"-13.22,17.75,-13.12,-0.33",4,9,-54.5,-0.04735294117605971,-21.97505699630796,-3.417526218727075,35.64705882352941
m6_low30-40_close45-65_green,YES,flat,below0-50,85,34,54.26470588235294,7.0,0.5882352941176471,0.6384083044982699,-4.264705882352941,-10.625,"-10.44,11.50,-10.62,-6.44",4,9,-54.5,-0.04735294117605971,-21.97505699630796,-3.417526218727075,35.64705882352941
m6_low30-40_close45-65_green,YES,flat,above0-50,65,39,53.717948717948715,7.0,0.7948717948717948,0.8264299802761341,-2.051282051282052,-8.444444444444445,"9.00,-6.60,-8.44,-2.80",4,9,-24.5,0.39666666666650996,27.536195162122358,8.320189573017556,35.56410256410256
m6_low30-40_close45-65_green,YES,flat,above0-50,70,39,53.717948717948715,7.0,0.6666666666666666,0.7673992673992673,-7.051282051282051,-28.444444444444443,"14.00,-10.10,-28.44,-5.80",4,9,-28.666666666666668,0.39666666666650996,27.536195162122358,8.320189573017556,35.56410256410256
m6_low30-40_close45-65_green,YES,flat,above0-50,75,39,53.717948717948715,7.0,0.5384615384615384,0.7162393162393162,-13.333333333333334,-26.77777777777778,"11.50,-14.60,-26.78,-24.80",3,9,-32.66666666666667,0.39666666666650996,27.536195162122358,8.320189573017556,35.56410256410256
m6_low30-40_close45-65_green,YES,flat,above0-50,80,39,53.717948717948715,7.0,0.5128205128205128,0.6714743589743589,-12.692307692307692,-25.11111111111111,"8.00,-12.10,-25.11,-22.80",2,9,-31.000000000000004,0.39666666666650996,27.536195162122358,8.320189573017556,35.56410256410256
m6_low30-40_close45-65_green,YES,flat,above0-50,85,39,53.717948717948715,7.0,0.48717948717948717,0.6319758672699849,-12.307692307692308,-23.444444444444443,"3.50,-9.60,-23.44,-20.80",1,9,-29.33333333333334,0.39666666666650996,27.536195162122358,8.320189573017556,35.56410256410256
m6_low30-40_close45-65_green,YES,flat,above50-150,65,36,54.44444444444444,7.0,0.8055555555555556,0.8376068376068376,-2.083333333333334,-7.888888888888889,"0.44,3.44,-4.33,-7.89",4,10,-54.0,-1.093888888888816,96.19328715545352,26.95926582622552,35.02777777777778
m6_low30-40_close45-65_green,YES,flat,above50-150,70,36,54.44444444444444,7.0,0.7777777777777778,0.7777777777777778,-3.9474596431116675e-16,-12.333333333333334,"4.89,7.89,-0.44,-12.33",5,10,-54.0,-1.093888888888816,96.19328715545352,26.95926582622552,35.02777777777778
m6_low30-40_close45-65_green,YES,flat,above50-150,75,36,54.44444444444444,7.0,0.75,0.7259259259259259,1.8055555555555556,-9.555555555555555,"9.33,4.00,3.44,-9.56",5,10,-54.0,-1.093888888888816,96.19328715545352,26.95926582622552,35.02777777777778
m6_low30-40_close45-65_green,YES,flat,above50-150,80,36,54.44444444444444,7.0,0.7222222222222222,0.6805555555555556,3.3333333333333335,-6.777777777777779,"13.78,-1.00,7.33,-6.78",5,10,-54.0,-1.093888888888816,96.19328715545352,26.95926582622552,35.02777777777778
m6_low30-40_close45-65_green,YES,flat,above50-150,85,36,54.44444444444444,7.0,0.6666666666666666,0.6405228758169934,2.2222222222222223,-4.000000000000001,"8.78,2.33,1.78,-4.00",5,10,-54.0,-1.093888888888816,96.19328715545352,26.95926582622552,35.02777777777778
m6_low30-40_close45-65_green,YES,flat,above>150,65,32,54.34375,7.0,0.875,0.8360576923076923,2.53125,-6.5,"3.88,-6.50,2.38,10.37",7,9,-33.333333333333336,0.42000000000030013,370.80167930216635,107.28371866151042,35.1875
m6_low30-40_close45-65_green,YES,flat,above>150,70,32,54.34375,7.0,0.84375,0.7763392857142857,4.71875,-2.75,"-0.50,-2.75,6.75,15.37",6,9,-50.0,0.42000000000030013,370.80167930216635,107.28371866151042,35.1875
m6_low30-40_close45-65_green,YES,flat,above>150,75,32,54.34375,7.0,0.71875,0.7245833333333334,-0.4375,-17.75,"3.25,-17.75,-7.62,20.38",5,9,-55.0,0.42000000000030013,370.80167930216635,107.28371866151042,35.1875
m6_low30-40_close45-65_green,YES,flat,above>150,80,32,54.34375,7.0,0.71875,0.679296875,3.15625,-15.25,"7.00,-15.25,-4.50,25.38",5,9,-55.0,0.42000000000030013,370.80167930216635,107.28371866151042,35.1875
m6_low30-40_close45-65_green,YES,flat,above>150,85,32,54.34375,7.0,0.6875,0.6393382352941176,4.09375,-12.75,"10.75,-12.75,-12.00,30.38",5,9,-55.0,0.42000000000030013,370.80167930216635,107.28371866151042,35.1875
m6_low30-40_close50-70_green,NO,flat,below>150,65,59,59.79661016949152,7.0,0.9661016949152542,0.919947848761408,2.9999999999999996,-2.8571428571428554,"4.80,6.00,-2.86,3.67",9,10,-5.499999999999998,-2.0137288135600224,-283.4046388151365,-78.43816138000582,35.08474576271186
m6_low30-40_close50-70_green,NO,flat,below>150,70,59,59.79661016949152,7.0,0.847457627118644,0.8542372881355932,-0.4745762711864413,-8.57142857142857,"5.13,1.67,-8.57,-0.67",6,10,-25.0,-2.0137288135600224,-283.4046388151365,-78.43816138000582,35.08474576271186
m6_low30-40_close50-70_green,NO,flat,below>150,75,59,59.79661016949152,7.0,0.7627118644067796,0.7972881355932203,-2.5932203389830515,-15.714285714285712,"9.80,1.00,-15.71,-6.33",6,10,-22.5,-2.0137288135600224,-283.4046388151365,-78.43816138000582,35.08474576271186
m6_low30-40_close50-70_green,NO,flat,below>150,80,59,59.79661016949152,7.0,0.7288135593220338,0.747457627118644,-1.491525423728814,-12.857142857142856,"14.47,-5.67,-12.86,-2.67",6,10,-20.0,-2.0137288135600224,-283.4046388151365,-78.43816138000582,35.08474576271186
m6_low30-40_close50-70_green,NO,flat,below>150,85,59,59.79661016949152,7.0,0.6779661016949152,0.7034895314057826,-2.1694915254237293,-9.999999999999998,"13.47,-8.00,-10.00,-4.67",5,10,-17.5,-2.0137288135600224,-283.4046388151365,-78.43816138000582,35.08474576271186
m6_low30-40_close50-70_green,NO,flat,below50-150,65,49,59.10204081632653,7.0,0.8571428571428571,0.9092621664050236,-3.3877551020408174,-6.846153846153846,"-6.85,-4.33,2.50,-4.58",4,9,-19.66666666666666,1.028775510203559,-83.81949097543615,-25.07670294143671,35.42857142857143
m6_low30-40_close50-70_green,NO,flat,below50-150,70,49,59.10204081632653,7.0,0.7346938775510204,0.8443148688046647,-7.673469387755102,-17.666666666666668,"-2.62,-17.67,1.25,-12.08",4,9,-39.666666666666664,1.028775510203559,-83.81949097543615,-25.07670294143671,35.42857142857143
m6_low30-40_close50-70_green,NO,flat,below50-150,75,49,59.10204081632653,7.0,0.6938775510204082,0.7880272108843537,-7.061224489795919,-15.000000000000002,"-4.15,-14.75,5.42,-15.00",4,9,-37.99999999999999,1.028775510203559,-83.81949097543615,-25.07670294143671,35.42857142857143
m6_low30-40_close50-70_green,NO,flat,below50-150,80,49,59.10204081632653,7.0,0.6530612244897959,0.7387755102040816,-6.857142857142857,-18.500000000000004,"-0.31,-18.50,2.92,-12.08",4,9,-36.33333333333333,1.028775510203559,-83.81949097543615,-25.07670294143671,35.42857142857143
m6_low30-40_close50-70_green,NO,flat,below50-150,85,49,59.10204081632653,7.0,0.6326530612244898,0.6953181272509004,-5.326530612244898,-16.000000000000004,"3.54,-16.00,-0.42,-9.17",4,9,-34.666666666666664,1.028775510203559,-83.81949097543615,-25.07670294143671,35.42857142857143
m6_low30-40_close50-70_green,NO,flat,below0-50,65,57,59.333333333333336,7.0,0.8070175438596491,0.9128205128205129,-6.87719298245614,-11.642857142857142,"-4.40,-6.21,-11.64,-5.43",5,10,-16.333333333333336,0.2682456140352307,-26.308540729883692,-9.359663999129497,34.14035087719298
m6_low30-40_close50-70_green,NO,flat,below0-50,70,57,59.333333333333336,7.0,0.7192982456140351,0.8476190476190476,-8.982456140350877,-14.066666666666668,"-14.07,-1.93,-13.07,-6.50",4,10,-21.200000000000003,0.2682456140352307,-26.308540729883692,-9.359663999129497,34.14035087719298
m6_low30-40_close50-70_green,NO,flat,below0-50,75,57,59.333333333333336,7.0,0.7017543859649122,0.7911111111111111,-6.701754385964913,-10.733333333333336,"-10.73,2.36,-9.86,-8.29",4,10,-18.200000000000003,0.2682456140352307,-26.308540729883692,-9.359663999129497,34.14035087719298
m6_low30-40_close50-70_green,NO,flat,below0-50,80,57,59.333333333333336,7.0,0.6842105263157895,0.7416666666666667,-4.5964912280701755,-7.400000000000002,"-7.40,0.93,-6.64,-5.07",5,10,-15.222222222222225,0.2682456140352307,-26.308540729883692,-9.359663999129497,34.14035087719298
m6_low30-40_close50-70_green,NO,flat,below0-50,85,57,59.333333333333336,7.0,0.6666666666666666,0.6980392156862746,-2.6666666666666665,-9.733333333333336,"-9.73,4.86,-3.43,-1.86",5,10,-14.75,0.2682456140352307,-26.308540729883692,-9.359663999129497,34.14035087719298
m6_low30-40_close50-70_green,NO,flat,above0-50,65,48,59.354166666666664,7.0,0.8125,0.9131410256410256,-6.541666666666665,-10.333333333333334,"-9.25,-2.00,-10.33,-4.58",2,10,-23.500000000000004,2.2352083333333517,23.70461921371725,1.7066212514135561,35.0625
m6_low30-40_close50-70_green,NO,flat,above0-50,70,48,59.354166666666664,7.0,0.7708333333333334,0.8479166666666667,-5.395833333333333,-11.333333333333334,"-11.33,-3.25,-6.58,-0.42",5,10,-56.0,2.2352083333333517,23.70461921371725,1.7066212514135561,35.0625
m6_low30-40_close50-70_green,NO,flat,above0-50,75,48,59.354166666666664,7.0,0.7291666666666666,0.7913888888888888,-4.666666666666667,-9.083333333333334,"-8.00,-5.33,-9.08,3.75",4,10,-56.0,2.2352083333333517,23.70461921371725,1.7066212514135561,35.0625
m6_low30-40_close50-70_green,NO,flat,above0-50,80,48,59.354166666666664,7.0,0.7083333333333334,0.7419270833333333,-2.6874999999999987,-12.416666666666666,"-4.67,-1.58,-12.42,7.92",6,10,-56.0,2.2352083333333517,23.70461921371725,1.7066212514135561,35.0625
m6_low30-40_close50-70_green,NO,flat,above0-50,85,48,59.354166666666664,7.0,0.6666666666666666,0.6982843137254902,-2.6874999999999987,-9.5,"-1.33,-4.92,-9.50,5.00",5,10,-56.0,2.2352083333333517,23.70461921371725,1.7066212514135561,35.0625
m6_low30-40_close50-70_green,NO,flat,above50-150,65,43,59.116279069767444,7.0,0.813953488372093,0.9094812164579607,-6.209302325581396,-13.363636363636362,"-5.09,-0.91,-5.40,-13.36",3,10,-20.000000000000004,1.6097674418599845,84.95401333422173,26.228102134562842,34.18604651162791
m6_low30-40_close50-70_green,NO,flat,above50-150,70,43,59.116279069767444,7.0,0.7441860465116279,0.8445182724252492,-7.023255813953488,-9.727272727272725,"-7.36,-9.09,-1.40,-9.73",2,10,-17.500000000000004,1.6097674418599845,84.95401333422173,26.228102134562842,34.18604651162791
m6_low30-40_close50-70_green,NO,flat,above50-150,75,43,59.116279069767444,7.0,0.7441860465116279,0.7882170542635659,-3.302325581395349,-6.090909090909088,"-3.73,-5.45,2.60,-6.09",4,10,-15.000000000000004,1.6097674418599845,84.95401333422173,26.228102134562842,34.18604651162791
m6_low30-40_close50-70_green,NO,flat,above50-150,80,43,59.116279069767444,7.0,0.6976744186046512,0.7389534883720931,-3.3023255813953494,-7.363636363636365,"-7.36,-1.82,-1.40,-2.45",3,10,-12.500000000000004,1.6097674418599845,84.95401333422173,26.228102134562842,34.18604651162791
m6_low30-40_close50-70_green,NO,flat,above50-150,85,43,59.116279069767444,7.0,0.6511627906976745,0.6954856361149111,-3.7674418604651168,-6.400000000000003,"-4.18,-5.91,-6.40,1.18",6,10,-52.5,1.6097674418599845,84.95401333422173,26.228102134562842,34.18604651162791
m6_low30-40_close50-70_green,NO,flat,above>150,65,42,59.42857142857143,7.0,0.8571428571428571,0.9142857142857144,-3.714285714285715,-7.4,"5.00,-7.10,-7.40,-6.00",3,9,-15.833333333333337,0.033095238095051,295.9454039162362,80.38019036294472,34.61904761904762
m6_low30-40_close50-70_green,NO,flat,above>150,70,42,59.42857142857143,7.0,0.8095238095238095,0.8489795918367348,-2.7619047619047628,-10.4,"10.00,-10.10,-10.40,-1.91",4,9,-17.0,0.033095238095051,295.9454039162362,80.38019036294472,34.61904761904762
m6_low30-40_close50-70_green,NO,flat,above>150,75,42,59.42857142857143,7.0,0.7380952380952381,0.7923809523809524,-4.071428571428572,-21.599999999999998,"15.00,-21.60,-14.40,2.18",3,9,-29.0,0.033095238095051,295.9454039162362,80.38019036294472,34.61904761904762
m6_low30-40_close50-70_green,NO,flat,above>150,80,42,59.42857142857143,7.0,0.6904761904761905,0.7428571428571429,-4.190476190476192,-19.4,"12.73,-19.10,-19.40,6.27",3,9,-32.0,0.033095238095051,295.9454039162362,80.38019036294472,34.61904761904762
m6_low30-40_close50-70_green,NO,flat,above>150,85,42,59.42857142857143,7.0,0.6428571428571429,0.6991596638655463,-4.7857142857142865,-25.4,"17.27,-25.10,-25.40,10.36",3,9,-38.0,0.033095238095051,295.9454039162362,80.38019036294472,34.61904761904762
m6_low30-40_close50-70_green,NO,with20-50,above>150,65,27,61.851851851851855,7.0,0.9259259259259259,0.9515669515669516,-1.666666666666669,-6.4285714285714315,"-6.43,4.00,-5.00,0.29",6,10,-17.333333333333336,34.04518518518442,369.1593778258011,93.70638331960556,35.148148148148145
m6_low30-40_close50-70_green,NO,with20-50,above>150,70,27,61.851851851851855,7.0,0.7407407407407407,0.8835978835978836,-10.000000000000002,-22.142857142857146,"-22.14,9.00,-12.50,-14.71",5,10,-62.0,34.04518518518442,369.1593778258011,93.70638331960556,35.148148148148145
m6_low30-40_close50-70_green,NO,with20-50,above>150,75,27,61.851851851851855,7.0,0.6666666666666666,0.8246913580246914,-11.851851851851851,-21.666666666666668,"-19.29,3.29,-21.67,-11.14",4,10,-62.0,34.04518518518442,369.1593778258011,93.70638331960556,35.148148148148145
m6_low30-40_close50-70_green,NO,with20-50,above>150,80,27,61.851851851851855,7.0,0.6296296296296297,0.7731481481481481,-11.481481481481481,-19.166666666666668,"-16.43,7.57,-19.17,-19.00",4,10,-62.0,34.04518518518442,369.1593778258011,93.70638331960556,35.148148148148145
m6_low30-40_close50-70_green,NO,with20-50,above>150,85,27,61.851851851851855,7.0,0.5925925925925926,0.7276688453159041,-11.481481481481481,-16.666666666666668,"-13.57,-0.29,-16.67,-16.14",3,10,-62.0,34.04518518518442,369.1593778258011,93.70638331960556,35.148148148148145
m6_low30-40_close50-70_green,YES,flat,below>150,65,27,60.851851851851855,7.0,0.8518518518518519,0.9361823361823363,-5.481481481481482,-16.571428571428573,"-12.57,2.14,6.83,-16.57",5,9,-38.0,0.5088888888893524,-281.559280316523,-76.3974154884768,34.592592592592595
m6_low30-40_close50-70_green,YES,flat,below>150,70,27,60.851851851851855,7.0,0.7037037037037037,0.8693121693121694,-11.592592592592593,-33.0,"-19.00,-2.86,11.83,-33.00",3,9,-36.333333333333336,0.5088888888893524,-281.559280316523,-76.3974154884768,34.592592592592595
m6_low30-40_close50-70_green,YES,flat,below>150,75,27,60.851851851851855,7.0,0.7037037037037037,0.8113580246913581,-8.074074074074074,-30.857142857142858,"-16.14,1.43,16.83,-30.86",3,9,-34.666666666666664,0.5088888888893524,-281.559280316523,-76.3974154884768,34.592592592592595
m6_low30-40_close50-70_green,YES,flat,below>150,80,27,60.851851851851855,7.0,0.6666666666666666,0.7606481481481482,-7.518518518518518,-28.714285714285715,"-24.71,5.71,21.83,-28.71",4,9,-33.0,0.5088888888893524,-281.559280316523,-76.3974154884768,34.592592592592595
m6_low30-40_close50-70_green,YES,flat,below>150,85,27,60.851851851851855,7.0,0.5925925925925926,0.7159041394335512,-10.481481481481481,-38.714285714285715,"-34.71,10.00,26.83,-38.71",3,9,-61.0,0.5088888888893524,-281.559280316523,-76.3974154884768,34.592592592592595
m6_low30-40_close50-70_green,YES,flat,below50-150,65,35,59.4,7.0,0.9714285714285714,0.9138461538461539,3.742857142857143,-2.555555555555555,"-2.56,4.33,8.25,5.44",7,9,-9.999999999999998,3.0162857142861217,-89.73776759517163,-21.68691135972227,35.628571428571426
m6_low30-40_close50-70_green,YES,flat,below50-150,70,35,59.4,7.0,0.9142857142857143,0.8485714285714285,4.6,-5.888888888888888,"-5.89,9.33,4.50,10.44",8,9,-20.0,3.0162857142861217,-89.73776759517163,-21.68691135972227,35.628571428571426
m6_low30-40_close50-70_green,YES,flat,below50-150,75,35,59.4,7.0,0.8285714285714286,0.7919999999999999,2.742857142857143,-10.333333333333334,"-10.33,14.33,8.87,-1.22",6,9,-23.499999999999996,3.0162857142861217,-89.73776759517163,-21.68691135972227,35.628571428571426
m6_low30-40_close50-70_green,YES,flat,below50-150,80,35,59.4,7.0,0.7714285714285715,0.7424999999999999,2.3142857142857145,-15.88888888888889,"-15.89,19.33,13.25,-6.22",5,9,-32.0,3.0162857142861217,-89.73776759517163,-21.68691135972227,35.628571428571426
m6_low30-40_close50-70_green,YES,flat,below50-150,85,35,59.4,7.0,0.7714285714285715,0.6988235294117647,6.171428571428573,-13.11111111111111,"-13.11,24.33,17.62,-2.89",5,9,-30.333333333333332,3.0162857142861217,-89.73776759517163,-21.68691135972227,35.628571428571426
m6_low30-40_close50-70_green,YES,flat,below0-50,65,35,59.91428571428571,7.0,0.8857142857142857,0.9217582417582417,-2.342857142857143,-18.555555555555557,"-18.56,7.00,7.00,-3.78",5,9,-32.0,2.284285714285839,-23.64735578873723,-4.391203337507406,35.628571428571426
m6_low30-40_close50-70_green,YES,flat,below0-50,70,35,59.91428571428571,7.0,0.8857142857142857,0.8559183673469387,2.085714285714286,-15.222222222222221,"-15.22,12.00,12.00,0.67",7,9,-29.5,2.284285714285839,-23.64735578873723,-4.391203337507406,35.628571428571426
m6_low30-40_close50-70_green,YES,flat,below0-50,75,35,59.91428571428571,7.0,0.8285714285714286,0.7988571428571428,2.2285714285714286,-20.22222222222222,"-20.22,17.00,17.00,-3.22",6,9,-27.0,2.284285714285839,-23.64735578873723,-4.391203337507406,35.628571428571426
m6_low30-40_close50-70_green,YES,flat,below0-50,80,35,59.91428571428571,7.0,0.7714285714285715,0.7489285714285714,1.8,-17.444444444444443,"-17.44,22.00,2.00,0.67",6,9,-58.5,2.284285714285839,-23.64735578873723,-4.391203337507406,35.628571428571426
m6_low30-40_close50-70_green,YES,flat,below0-50,85,35,59.91428571428571,7.0,0.6857142857142857,0.7048739495798318,-1.6285714285714286,-14.666666666666666,"-14.67,8.11,5.75,-4.89",3,9,-58.5,2.284285714285839,-23.64735578873723,-4.391203337507406,35.628571428571426
m6_low30-40_close50-70_green,YES,flat,above0-50,65,42,59.023809523809526,7.0,0.8571428571428571,0.908058608058608,-3.3095238095238093,-8.200000000000003,"5.18,-8.20,-7.00,-4.00",3,9,-17.0,3.537142857142455,27.751778691516456,7.508297556411327,35.404761904761905
m6_low30-40_close50-70_green,YES,flat,above0-50,70,42,59.023809523809526,7.0,0.7380952380952381,0.8431972789115646,-7.357142857142857,-24.0,"10.18,-4.20,-24.00,-12.64",3,9,-23.833333333333332,3.537142857142455,27.751778691516456,7.508297556411327,35.404761904761905
m6_low30-40_close50-70_green,YES,flat,above0-50,75,42,59.023809523809526,7.0,0.6428571428571429,0.786984126984127,-10.80952380952381,-23.09090909090909,"8.36,-7.70,-21.50,-23.09",3,9,-32.0,3.537142857142455,27.751778691516456,7.508297556411327,35.404761904761905
m6_low30-40_close50-70_green,YES,flat,above0-50,80,42,59.023809523809526,7.0,0.6190476190476191,0.7377976190476191,-9.5,-20.818181818181817,"5.64,-4.20,-19.00,-20.82",2,9,-30.333333333333332,3.537142857142455,27.751778691516456,7.508297556411327,35.404761904761905
m6_low30-40_close50-70_green,YES,flat,above0-50,85,42,59.023809523809526,7.0,0.5952380952380952,0.6943977591036414,-8.428571428571429,-18.545454545454547,"2.00,-0.70,-16.50,-18.55",1,9,-28.666666666666668,3.537142857142455,27.751778691516456,7.508297556411327,35.404761904761905
m6_low30-40_close50-70_green,YES,flat,above50-150,65,47,59.95744680851064,7.0,0.8936170212765957,0.9224222585924714,-1.872340425531915,-5.5,"0.83,-2.42,-0.27,-5.50",4,10,-54.0,0.9423404255328623,92.07754367402231,23.33556546673347,34.638297872340424
m6_low30-40_close50-70_green,YES,flat,above50-150,70,47,59.95744680851064,7.0,0.8085106382978723,0.8565349544072949,-3.3617021276595747,-15.333333333333334,"5.42,-15.33,4.27,-7.17",5,10,-54.0,0.9423404255328623,92.07754367402231,23.33556546673347,34.638297872340424
m6_low30-40_close50-70_green,YES,flat,above50-150,75,47,59.95744680851064,7.0,0.7659574468085106,0.7994326241134752,-2.5106382978723403,-18.25,"10.00,-18.25,2.00,-3.42",5,10,-54.0,0.9423404255328623,92.07754367402231,23.33556546673347,34.638297872340424
m6_low30-40_close50-70_green,YES,flat,above50-150,80,47,59.95744680851064,7.0,0.723404255319149,0.749468085106383,-2.0851063829787235,-22.0,"14.58,-22.00,6.09,-6.33",4,10,-54.0,0.9423404255328623,92.07754367402231,23.33556546673347,34.638297872340424
m6_low30-40_close50-70_green,YES,flat,above50-150,85,47,59.95744680851064,7.0,0.6595744680851063,0.7053817271589486,-3.893617021276596,-26.583333333333332,"12.08,-26.58,2.45,-3.00",4,10,-54.0,0.9423404255328623,92.07754367402231,23.33556546673347,34.638297872340424
m6_low30-40_close50-70_green,YES,flat,above>150,65,34,58.088235294117645,7.0,0.9117647058823529,0.8936651583710407,1.1764705882352937,-8.625,"1.89,-8.62,4.50,6.22",8,9,-33.333333333333336,1.429117647059149,368.7156105329713,105.64259179228954,35.23529411764706
m6_low30-40_close50-70_green,YES,flat,above>150,70,34,58.088235294117645,7.0,0.8529411764705882,0.8298319327731092,1.617647058823529,-4.875,"-1.44,-4.88,0.75,11.22",6,9,-50.0,1.429117647059149,368.7156105329713,105.64259179228954,35.23529411764706
m6_low30-40_close50-70_green,YES,flat,above>150,75,34,58.088235294117645,7.0,0.7352941176470589,0.7745098039215687,-2.9411764705882355,-19.875,"2.44,-19.88,-13.62,16.22",4,9,-55.0,1.429117647059149,368.7156105329713,105.64259179228954,35.23529411764706
m6_low30-40_close50-70_green,YES,flat,above>150,80,34,58.088235294117645,7.0,0.7058823529411765,0.7261029411764706,-1.6176470588235297,-20.5,"6.33,-17.38,-20.50,21.22",4,9,-55.0,1.429117647059149,368.7156105329713,105.64259179228954,35.23529411764706
m6_low30-40_close50-70_green,YES,flat,above>150,85,34,58.088235294117645,7.0,0.7058823529411765,0.6833910034602075,1.911764705882353,-18.0,"10.22,-14.88,-18.00,26.22",4,9,-55.0,1.429117647059149,368.7156105329713,105.64259179228954,35.23529411764706
