kind,pred,threshold,cost_lo,cost_hi,target,trades,win_rate,avg_entry_c,avg_pnl_c,total_unit_pnl_c,avg_win_c,avg_loss_c,pf,min_q,q,pos_weeks,weeks,min_week,yes_share,final_balance_c,account_pnl_c,max_dd_c
ml,pred_hit99_logit,0.52,0.4,0.6,80,945,0.6698412698412698,55.14920634920636,-8.061904761904762,-7618.5,18.11137440758294,-61.16346153846154,0.6007703191322119,-11.972573839662447,"-11.97,-9.66,-6.21,-4.39",0,8,-13.592307692307692,0.4126984126984127,-27.5,-11527.5,-11983.0
ml,pred_hit99_logit,0.52,0.4,0.6,85,945,0.6275132275132275,55.14920634920636,-8.310582010582014,-7853.500000000003,23.12900505902192,-61.27556818181818,0.6358894710000463,-14.651898734177216,"-14.65,-8.92,-5.60,-4.05",0,8,-14.553846153846157,0.4126984126984127,-28.500000000000007,-11528.5,-12093.5
ml,pred_hit99_logit,0.52,0.4,0.6,90,945,0.6021164021164022,55.14920634920636,-7.458730158730159,-7048.5,28.125659050966608,-61.308510638297875,0.6942347735554398,-13.069620253164556,"-13.07,-8.86,-4.18,-3.71",0,8,-13.9,0.4126984126984127,-15.5,-11515.5,-12554.0
ml,pred_hit99_logit,0.52,0.4,0.6,95,945,0.5756613756613757,55.14920634920636,-6.961375661375666,-6578.500000000004,33.14154411764706,-61.36533665835412,0.7326628060550645,-12.415611814345992,"-12.42,-8.33,-3.78,-3.31",0,8,-13.2479674796748,0.4126984126984127,-53.00000000000001,-11553.0,-13030.0
ml,pred_hit99_logit,0.52,0.4,0.6,99,945,0.5523809523809524,55.14920634920636,-6.9634920634920645,-6580.500000000001,37.13793103448276,-61.38652482269504,0.7465773207786957,-12.462025316455696,"-12.46,-7.75,-4.25,-3.36",0,8,-13.761538461538464,0.4126984126984127,-14.5,-11514.5,-13315.5
ml,pred_hit99_logit,0.53,0.4,0.6,80,821,0.6833130328867235,55.53105968331303,-7.3660170523751525,-6047.5,17.79590017825312,-61.65769230769231,0.6227621483375959,-10.684466019417476,"-10.68,-9.26,-4.38,-5.13",0,8,-12.089285714285714,0.3995127892813642,-14.499999999999972,-11514.5,-11970.0
ml,pred_hit99_logit,0.53,0.4,0.6,85,821,0.6382460414129111,55.53105968331303,-7.780146163215594,-6387.500000000003,22.801526717557252,-61.735690235690235,0.6516320798451092,-13.305825242718447,"-13.31,-9.26,-3.65,-4.89",0,8,-12.881355932203393,0.3995127892813642,-30.000000000000014,-11530.0,-12095.0
ml,pred_hit99_logit,0.53,0.4,0.6,90,821,0.6126674786845311,55.53105968331303,-6.8909866017052375,-5657.5,27.78628230616302,-61.742138364779876,0.7118518895793012,-11.800970873786408,"-11.80,-9.21,-2.38,-4.15",0,8,-12.330508474576272,0.3995127892813642,-16.5,-11516.5,-12555.0
ml,pred_hit99_logit,0.53,0.4,0.6,95,821,0.584652862362972,55.53105968331303,-6.4890377588306976,-5327.500000000003,32.78333333333333,-61.76979472140763,0.7470743228808128,-11.364077669902912,"-11.36,-8.11,-2.28,-4.18",0,8,-11.228813559322038,0.3995127892813642,-10.0,-11510.0,-12987.0
ml,pred_hit99_logit,0.53,0.4,0.6,99,821,0.5627283800243605,55.53105968331303,-6.320950060901341,-5189.500000000001,36.78138528138528,-61.789693593314766,0.7660543221007551,-11.669902912621358,"-11.67,-7.28,-2.64,-3.67",0,8,-12.48305084745763,0.3995127892813642,-33.5,-11533.5,-13334.5
ml,pred_hit99_logit,0.54,0.4,0.6,80,722,0.6814404432132964,55.815789473684205,-7.800554016620499,-5632.0,17.48780487804878,-61.89565217391304,0.6043832537229559,-11.035911602209945,"-11.04,-11.02,-4.99,-4.11",0,8,-12.098130841121495,0.39058171745152354,-17.000000000000007,-11517.0,-12906.5
ml,pred_hit99_logit,0.54,0.4,0.6,85,722,0.6329639889196675,55.815789473684205,-8.513850415512469,-6147.000000000002,22.48030634573304,-61.96415094339623,0.6256508632502056,-12.582872928176796,"-12.58,-12.49,-4.69,-4.25",0,8,-13.193548387096778,0.39058171745152354,-7.5,-11507.5,-12925.0
ml,pred_hit99_logit,0.54,0.4,0.6,90,722,0.6121883656509696,55.815789473684205,-7.218836565096953,-5212.0,27.486425339366516,-62.003571428571426,0.6997868786360233,-12.51657458563536,"-10.70,-12.52,-3.27,-2.33",0,8,-12.01764705882353,0.39058171745152354,-23.0,-11523.0,-13255.5
ml,pred_hit99_logit,0.54,0.4,0.6,95,722,0.5844875346260388,55.815789473684205,-6.78947368421053,-4902.000000000003,32.4739336492891,-62.02,0.7365366010964205,-11.301104972375695,"-9.99,-11.30,-3.66,-2.17",0,8,-12.547058823529417,0.39058171745152354,-12.000000000000021,-11512.0,-13559.5
ml,pred_hit99_logit,0.54,0.4,0.6,99,722,0.5623268698060941,55.815789473684205,-6.645429362880888,-4798.000000000001,36.470443349753694,-62.04113924050633,0.7552665136444785,-10.55524861878453,"-10.56,-10.23,-4.47,-1.28",0,8,-12.758823529411767,0.39058171745152354,-60.50000000000001,-11560.5,-13896.5
ml,pred_hit99_logit,0.55,0.4,0.6,80,580,0.6913793103448276,56.30862068965518,-7.498275862068965,-4349.0,17.081047381546135,-62.56145251396648,0.6116444166629459,-11.355172413793104,"-9.44,-11.36,-4.80,-4.40",0,8,-11.680555555555555,0.3775862068965517,-29.000000000000014,-11529.0,-12918.5
ml,pred_hit99_logit,0.55,0.4,0.6,85,580,0.6396551724137931,56.30862068965518,-8.437931034482762,-4894.000000000002,22.06873315363881,-62.59090909090909,0.6258838818178343,-12.803448275862074,"-11.44,-12.80,-5.25,-4.26",0,8,-14.388888888888893,0.3775862068965517,-54.000000000000064,-11554.0,-12971.5
ml,pred_hit99_logit,0.55,0.4,0.6,90,580,0.6206896551724138,56.30862068965518,-6.946551724137931,-4029.0,27.094444444444445,-62.65,0.7076833780744395,-13.562068965517241,"-9.09,-13.56,-3.70,-1.43",0,8,-14.041666666666668,0.3775862068965517,-10.5,-11510.5,-13243.0
ml,pred_hit99_logit,0.55,0.4,0.6,95,580,0.5879310344827586,56.30862068965518,-6.955172413793107,-4034.000000000002,32.06304985337243,-62.6255230125523,0.730482712543845,-12.768965517241382,"-8.13,-12.77,-4.98,-1.95",0,8,-11.333333333333337,0.3775862068965517,-54.000000000000064,-11554.0,-13601.5
ml,pred_hit99_logit,0.55,0.4,0.6,99,580,0.5672413793103448,56.30862068965518,-6.651724137931036,-3858.000000000001,36.056231003039514,-62.63147410358566,0.7545879583982698,-11.327586206896553,"-9.28,-11.33,-4.57,-1.43",1,8,-10.702247191011239,0.3775862068965517,-55.50000000000005,-11555.5,-13891.5
ml,pred_hit99_logit,0.56,0.4,0.6,80,474,0.689873417721519,56.5126582278481,-7.822784810126582,-3708.0,16.87920489296636,-62.77210884353742,0.5981576808452994,-12.819327731092438,"-12.82,-11.13,-2.47,-4.80",0,8,-13.732876712328768,0.35654008438818563,-2.000000000000007,-11502.0,-12891.5
ml,pred_hit99_logit,0.56,0.4,0.6,85,474,0.6434599156118144,56.5126582278481,-8.318565400843884,-3943.0000000000014,21.886885245901635,-62.83136094674556,0.6286669491924469,-14.752100840336135,"-14.75,-12.14,-2.98,-3.31",0,8,-14.21232876712329,0.35654008438818563,-27.000000000000107,-11527.0,-12944.5
ml,pred_hit99_logit,0.56,0.4,0.6,90,474,0.6265822784810127,56.5126582278481,-6.620253164556962,-3138.0,26.893939393939394,-62.855932203389834,0.7179452608871512,-12.735294117647058,"-12.74,-12.14,-0.95,-0.56",0,8,-13.321428571428571,0.35654008438818563,-14.500000000000007,-11514.5,-13247.0
ml,pred_hit99_logit,0.56,0.4,0.6,95,474,0.5907172995780591,56.5126582278481,-6.894514767932494,-3268.000000000002,31.835714285714285,-62.79381443298969,0.7317353472336233,-11.676470588235299,"-11.60,-11.68,-2.31,-1.92",0,8,-12.458333333333337,0.35654008438818563,-24.00000000000002,-11524.0,-13571.5
ml,pred_hit99_logit,0.56,0.4,0.6,99,474,0.5675105485232067,56.5126582278481,-6.829113924050634,-3237.0000000000005,35.812267657992564,-62.78292682926829,0.7484946194786527,-13.642857142857142,"-13.64,-9.49,-2.25,-1.86",1,8,-13.130136986301373,0.35654008438818563,-23.500000000000014,-11523.5,-13859.5
ml,pred_hit99_logit,0.57,0.4,0.6,80,363,0.7052341597796143,56.741046831955934,-6.822314049586777,-2476.5,16.7109375,-63.126168224299064,0.6333555407506107,-11.873626373626374,"-11.87,-6.43,-4.23,-4.73",0,8,-12.916666666666666,0.3333333333333333,-54.50000000000001,-11554.5,-12944.0
ml,pred_hit99_logit,0.57,0.4,0.6,85,363,0.6556473829201102,56.741046831955934,-7.511019283746559,-2726.500000000001,21.72689075630252,-63.18,0.654764165875277,-13.412087912087914,"-13.41,-7.53,-5.16,-3.90",0,8,-12.66666666666667,0.3333333333333333,-15.000000000000021,-11515.0,-12932.5
ml,pred_hit99_logit,0.57,0.4,0.6,90,363,0.6391184573002755,56.741046831955934,-5.720385674931129,-2076.5,26.75862068965517,-63.24045801526717,0.7493511980203995,-10.554945054945055,"-10.55,-8.19,-2.69,-1.40",1,8,-10.602564102564104,0.3333333333333333,-37.5,-11537.5,-13270.0
ml,pred_hit99_logit,0.57,0.4,0.6,95,363,0.6005509641873278,56.741046831955934,-6.188705234159785,-2246.500000000002,31.68807339449541,-63.13448275862069,0.7546015620732973,-9.78571428571429,"-9.79,-7.20,-6.59,-1.12",1,8,-14.961538461538467,0.3333333333333333,-0.5,-11500.5,-13548.0
ml,pred_hit99_logit,0.57,0.4,0.6,99,363,0.581267217630854,56.741046831955934,-5.6955922865013795,-2067.500000000001,35.65165876777251,-63.0921052631579,0.7844108446298227,-10.851648351648354,"-10.85,-5.92,-6.35,0.40",2,8,-12.910256410256412,0.3333333333333333,-32.50000000000003,-11532.5,-13868.5
ml,pred_hit99_logit,0.58,0.4,0.6,80,269,0.7211895910780669,57.10408921933086,-5.908921933085502,-1589.5,16.371134020618555,-63.54,0.6664568250970517,-12.0,"-12.00,-6.47,-7.07,1.99",1,8,-13.095744680851064,0.3271375464684015,822.0,-10678.0,-12323.5
ml,pred_hit99_logit,0.58,0.4,0.6,85,269,0.6617100371747212,57.10408921933086,-7.3587360594795586,-1979.5000000000011,21.365168539325836,-63.543956043956044,0.6576740164288801,-15.088235294117654,"-15.09,-9.23,-7.29,2.29",2,8,-13.648148148148152,0.3271375464684015,366.49999999999994,-11133.5,-12822.5
ml,pred_hit99_logit,0.58,0.4,0.6,90,269,0.6431226765799256,57.10408921933086,-5.723048327137547,-1539.5,26.390173410404625,-63.59375,0.7478296478296478,-12.294117647058824,"-12.29,-10.05,-5.28,4.83",2,8,-17.35185185185185,0.3271375464684015,835.5,-10664.5,-12928.5
ml,pred_hit99_logit,0.58,0.4,0.6,95,269,0.6171003717472119,57.10408921933086,-4.97955390334573,-1339.5000000000014,31.35542168674699,-63.53883495145631,0.7953243181297273,-10.897058823529415,"-10.90,-8.49,-4.83,4.38",2,8,-14.759259259259263,0.3271375464684015,935.5,-10564.5,-13108.5
ml,pred_hit99_logit,0.58,0.4,0.6,99,269,0.6059479553903345,57.10408921933086,-3.615241635687734,-972.5000000000005,35.36503067484663,-63.556603773584904,0.8556479145020038,-10.176470588235295,"-10.18,-6.16,-3.80,5.77",3,8,-12.685185185185189,0.3271375464684015,1568.0,-9932.0,-13164.0
ml,pred_hit99_logit,0.59,0.4,0.6,80,202,0.7277227722772277,57.14356435643565,-5.425742574257424,-1095.9999999999998,16.35034013605442,-63.627272727272725,0.6868124017716817,-9.264705882352942,"-9.26,-7.36,-8.50,3.54",1,8,-10.41891891891892,0.3069306930693069,1314.5,-10185.5,-11883.0
ml,pred_hit99_logit,0.59,0.4,0.6,85,202,0.6881188118811881,57.14356435643565,-5.153465346534658,-1041.000000000001,21.37769784172661,-63.69047619047619,0.7405607476635512,-10.931372549019612,"-10.93,-7.17,-8.40,6.04",2,8,-15.131578947368427,0.3069306930693069,1568.0,-9932.0,-11979.0
ml,pred_hit99_logit,0.59,0.4,0.6,90,202,0.6683168316831684,57.14356435643565,-3.495049504950495,-706.0,26.403703703703705,-63.73880597014925,0.8346797798852593,-9.127450980392156,"-7.89,-9.13,-6.90,10.14",3,8,-21.710526315789473,0.3069306930693069,2427.5,-9072.5,-12177.5
ml,pred_hit99_logit,0.59,0.4,0.6,95,202,0.6435643564356436,57.14356435643565,-2.50495049504951,-506.000000000001,31.37692307692307,-63.68055555555556,0.8896401308615047,-6.715686274509809,"-6.72,-6.09,-5.60,8.54",2,8,-19.3421052631579,0.3069306930693069,2575.5,-8924.5,-12184.5
ml,pred_hit99_logit,0.59,0.4,0.6,99,202,0.6386138613861386,57.14356435643565,-0.4207920792079225,-85.00000000000034,35.383720930232556,-63.69178082191781,0.9817184643510055,-6.3039215686274535,"-6.30,-3.66,-3.12,11.58",3,8,-17.447368421052634,0.3069306930693069,5553.5,-5946.5,-11885.5
ml,pred_hit99_logit,0.6,0.4,0.6,80,140,0.75,57.328571428571436,-3.8285714285714287,-536.0,16.30952380952381,-64.24285714285715,0.7616188570157884,-10.842857142857143,"-10.84,-4.04,-2.76,2.33",1,8,-11.282608695652174,0.2642857142857143,3942.5,-7557.5,-9905.0
ml,pred_hit99_logit,0.6,0.4,0.6,85,140,0.7,57.328571428571436,-4.328571428571434,-606.0000000000007,21.3469387755102,-64.23809523809524,0.7753891771682726,-12.414285714285718,"-12.41,-7.61,-1.33,4.04",1,8,-18.500000000000004,0.2642857142857143,3117.0,-8383.0,-10456.5
ml,pred_hit99_logit,0.6,0.4,0.6,90,140,0.6857142857142857,57.328571428571436,-2.1142857142857148,-296.00000000000006,26.364583333333332,-64.25,0.8952953661124867,-9.414285714285715,"-9.41,-6.90,-0.19,8.04",2,8,-22.73076923076923,0.2642857142857143,5013.5,-6486.5,-9836.5
ml,pred_hit99_logit,0.6,0.4,0.6,95,140,0.6642857142857143,57.328571428571436,-0.721428571428578,-101.00000000000091,31.349462365591393,-64.18085106382979,0.9665174871539862,-9.128571428571435,"-9.13,-3.76,0.67,9.33",4,8,-20.42307692307693,0.2642857142857143,7023.0,-4477.0,-9479.0
ml,pred_hit99_logit,0.6,0.4,0.6,99,140,0.6571428571428571,57.328571428571436,1.2285714285714253,171.99999999999955,35.358695652173914,-64.1875,1.0558260305095748,-9.671428571428574,"-9.67,-1.24,3.41,12.41",4,8,-18.57692307692308,0.2642857142857143,9862.5,-1637.5,-9441.0
ml,pred_hit99_logit,0.61,0.4,0.6,80,92,0.7934782608695652,57.36956521739132,-0.3913043478260871,-36.000000000000014,16.34931506849315,-64.71052631578948,0.9707198047986987,-15.195652173913043,"-15.20,-0.85,5.33,9.15",3,8,-15.75,0.1956521739130435,9716.0,-1784.0,-6437.0
ml,pred_hit99_logit,0.61,0.4,0.6,85,92,0.7391304347826086,57.36956521739132,-1.04347826086957,-96.00000000000045,21.367647058823522,-64.54166666666667,0.9380245319561005,-15.847826086956525,"-15.85,-8.02,9.67,10.02",4,8,-17.000000000000007,0.1956521739130435,8662.0,-2838.0,-7440.0
ml,pred_hit99_logit,0.61,0.4,0.6,90,92,0.7391304347826086,57.36956521739132,2.6521739130434763,243.99999999999983,26.36764705882353,-64.54166666666667,1.157520981278244,-13.021739130434783,"-13.02,-4.76,14.02,14.37",4,8,-14.250000000000004,0.1956521739130435,14724.5,3224.5,-6766.5
ml,pred_hit99_logit,0.61,0.4,0.6,95,92,0.717391304347826,57.36956521739132,4.282608695652167,393.9999999999994,31.34848484848484,-64.42307692307692,1.2352238805970146,-14.326086956521744,"-14.33,-1.50,18.37,14.59",5,8,-16.250000000000007,0.1956521739130435,18036.5,6536.5,-6714.5
ml,pred_hit99_logit,0.61,0.4,0.6,99,92,0.717391304347826,57.36956521739132,7.152173913043476,657.9999999999998,35.34848484848485,-64.42307692307692,1.3928358208955225,-12.239130434782611,"-12.24,1.11,21.85,17.89",7,8,-14.250000000000004,0.1956521739130435,28479.0,16979.0,-6127.0
ml,pred_hit99_logit,0.62,0.4,0.6,80,55,0.8181818181818182,57.2909090909091,1.663636363636363,91.49999999999996,16.366666666666667,-64.5,1.1418604651162791,-12.428571428571429,"-12.43,-0.79,4.21,16.73",4,8,-12.42857142857143,0.16363636363636364,12748.0,1248.0,-4814.5
ml,pred_hit99_logit,0.62,0.4,0.6,85,55,0.7454545454545455,57.2909090909091,-0.4272727272727334,-23.500000000000338,21.353658536585357,-64.21428571428571,0.9738598442714123,-15.285714285714288,"-15.29,-9.00,8.50,15.19",4,8,-15.28571428571429,0.16363636363636364,10003.5,-1496.5,-6075.0
ml,pred_hit99_logit,0.62,0.4,0.6,90,55,0.7454545454545455,57.2909090909091,3.2999999999999976,181.49999999999986,26.353658536585368,-64.21428571428571,1.2018909899888766,-12.428571428571429,"-12.43,-5.79,12.79,19.81",5,8,-12.42857142857143,0.16363636363636364,13815.0,2315.0,-5605.5
ml,pred_hit99_logit,0.62,0.4,0.6,95,55,0.7090909090909091,57.2909090909091,3.5727272727272643,196.49999999999955,31.32051282051281,-64.0625,1.1917073170731702,-16.35714285714286,"-16.36,-2.57,17.07,17.12",5,8,-16.357142857142865,0.16363636363636364,13789.5,2289.5,-6019.0
ml,pred_hit99_logit,0.62,0.4,0.6,99,55,0.7090909090909091,57.2909090909091,6.409090909090905,352.4999999999998,35.32051282051282,-64.0625,1.3439024390243903,-14.35714285714286,"-14.36,-0.00,20.50,20.50",6,8,-14.357142857142861,0.16363636363636364,17989.5,6489.5,-5629.5
ml,pred_hit99_logit,0.63,0.4,0.6,80,37,0.8378378378378378,57.00000000000001,3.5270270270270263,130.49999999999997,16.661290322580644,-64.33333333333333,1.3380829015544042,-10.277777777777779,"-8.10,-10.28,16.17,17.61",6,7,-12.42857142857143,0.21621621621621623,14037.5,2537.5,-4137.0
ml,pred_hit99_logit,0.63,0.4,0.6,85,37,0.7567567567567568,57.00000000000001,0.8243243243243191,30.499999999999808,21.821428571428562,-64.5,1.0525409130060288,-16.388888888888893,"-13.10,-16.39,11.72,22.61",5,7,-15.28571428571429,0.21621621621621623,11590.5,90.5,-5371.0
ml,pred_hit99_logit,0.63,0.4,0.6,90,37,0.7567567567567568,57.00000000000001,4.608108108108107,170.49999999999994,26.821428571428573,-64.5,1.2937123169681308,-13.611111111111114,"-10.10,-13.61,16.17,27.61",5,7,-12.42857142857143,0.21621621621621623,14587.0,3087.0,-4826.0
ml,pred_hit99_logit,0.63,0.4,0.6,95,37,0.7297297297297297,57.00000000000001,5.824324324324318,215.49999999999977,31.722222222222214,-64.1,1.3361934477379092,-16.600000000000005,"-16.60,-10.83,20.61,32.61",6,7,-16.357142857142865,0.21621621621621623,15420.0,3920.0,-5358.5
ml,pred_hit99_logit,0.63,0.4,0.6,99,37,0.7297297297297297,57.00000000000001,8.74324324324324,323.4999999999999,35.722222222222214,-64.1,1.504680187207488,-14.600000000000003,"-14.60,-8.61,24.17,36.61",6,7,-14.357142857142861,0.21621621621621623,18626.0,7126.0,-4895.5
ml,pred_hit99_logit,0.52,0.45,0.6,80,942,0.6709129511677282,55.18471337579619,-8.011677282377919,-7547.0,18.091772151898734,-61.229032258064514,0.6023918655497603,-11.533898305084746,"-11.53,-10.04,-5.98,-4.47",0,8,-13.306201550387597,0.4140127388535032,-41.5,-11541.5,-11997.0
ml,pred_hit99_logit,0.52,0.45,0.6,85,942,0.6284501061571125,55.18471337579619,-8.266454352441615,-7787.000000000002,23.10810810810811,-61.33428571428571,0.6372571854474309,-14.203389830508474,"-14.20,-9.32,-5.36,-4.15",0,8,-14.275193798449616,0.4140127388535032,-11.000000000000007,-11511.0,-12076.0
ml,pred_hit99_logit,0.52,0.45,0.6,90,942,0.6029723991507431,55.18471337579619,-7.417197452229299,-6987.0,28.10387323943662,-61.36363636363637,0.6955555555555556,-12.59322033898305,"-12.59,-9.28,-3.94,-3.83",0,8,-13.616279069767442,0.4140127388535032,-24.0,-11524.0,-12562.5
ml,pred_hit99_logit,0.52,0.45,0.6,95,942,0.5764331210191083,55.18471337579619,-6.923566878980894,-6522.000000000003,33.11878453038674,-61.41729323308271,0.7338556650547836,-11.915254237288135,"-11.92,-8.77,-3.53,-3.45",0,8,-13.2479674796748,0.4140127388535032,-56.0,-11556.0,-13033.0
ml,pred_hit99_logit,0.52,0.45,0.6,99,942,0.5530785562632696,55.18471337579619,-6.929936305732485,-6528.000000000001,37.11420345489444,-61.43586698337292,0.7476077248738618,-11.944915254237289,"-11.94,-8.21,-4.01,-3.53",0,8,-13.613821138211383,0.4140127388535032,-20.5,-11520.5,-13321.5
ml,pred_hit99_logit,0.53,0.45,0.6,80,818,0.684596577017115,55.57334963325184,-7.30562347188264,-5976.0,17.773214285714285,-61.74031007751938,0.6248352062276351,-10.21219512195122,"-10.21,-9.64,-4.10,-5.24",0,8,-12.089285714285714,0.40097799511002447,-31.0,-11531.0,-11986.5
ml,pred_hit99_logit,0.53,0.45,0.6,85,818,0.6393643031784841,55.57334963325184,-7.727383863080687,-6321.000000000002,22.777246653919693,-61.80847457627119,0.6533304083143664,-12.821951219512195,"-12.82,-9.67,-3.78,-4.60",0,8,-12.917910447761198,0.40097799511002447,-7.500000000000021,-11507.5,-12072.5
ml,pred_hit99_logit,0.53,0.45,0.6,90,818,0.6136919315403423,55.57334963325184,-6.841075794621027,-5596.0,27.760956175298805,-61.81012658227848,0.7134958017612124,-11.285365853658536,"-11.29,-9.64,-2.53,-3.87",0,8,-12.004273504273504,0.40097799511002447,-11.0,-11511.0,-12549.5
ml,pred_hit99_logit,0.53,0.45,0.6,95,818,0.5855745721271394,55.57334963325184,-6.443765281173596,-5271.000000000002,32.75678496868476,-61.833333333333336,0.7485389881449324,-10.821951219512197,"-10.82,-8.57,-2.46,-3.89",0,8,-10.893162393162397,0.40097799511002447,-59.50000000000003,-11559.5,-13036.5
ml,pred_hit99_logit,0.53,0.45,0.6,99,818,0.5635696821515892,55.57334963325184,-6.2799511002444985,-5137.0,36.753796095444685,-61.85014005602241,0.7673512828060959,-11.109756097560975,"-11.11,-7.75,-2.84,-3.38",0,8,-12.15811965811966,0.40097799511002447,-3.5,-11503.5,-13304.5
ml,pred_hit99_logit,0.54,0.45,0.6,80,720,0.6819444444444445,55.84861111111111,-7.793055555555555,-5611.0,17.46130346232179,-61.9410480349345,0.6044273679015827,-11.311111111111112,"-11.31,-10.76,-4.99,-4.11",0,8,-12.098130841121495,0.39166666666666666,-26.000000000000007,-11526.0,-12915.5
ml,pred_hit99_logit,0.54,0.45,0.6,85,720,0.6333333333333333,55.84861111111111,-8.51527777777778,-6131.000000000001,22.45175438596491,-62.003787878787875,0.6254505467652269,-12.894444444444444,"-12.89,-12.23,-4.69,-4.25",0,8,-13.36666666666667,0.39166666666666666,-31.5,-11531.5,-12949.0
ml,pred_hit99_logit,0.54,0.45,0.6,90,720,0.6125,55.84861111111111,-7.223611111111111,-5201.0,27.45691609977324,-62.041218637992834,0.6995291602877033,-12.255555555555556,"-11.03,-12.26,-3.27,-2.33",0,8,-12.01764705882353,0.39166666666666666,-13.5,-11513.5,-13246.0
ml,pred_hit99_logit,0.54,0.45,0.6,95,720,0.5847222222222223,55.84861111111111,-6.800000000000003,-4896.000000000003,32.442992874109265,-62.05518394648829,0.7361287019321459,-11.033333333333335,"-10.34,-11.03,-3.66,-2.17",0,8,-12.547058823529417,0.39166666666666666,-44.00000000000009,-11544.0,-13591.5
ml,pred_hit99_logit,0.54,0.45,0.6,99,720,0.5625,55.84861111111111,-6.661111111111113,-4796.000000000002,36.43827160493827,-62.074603174603176,0.7547242181706599,-10.933333333333335,"-10.93,-9.96,-4.47,-1.28",0,8,-12.758823529411767,0.39166666666666666,-60.00000000000001,-11560.0,-13896.0
ml,pred_hit99_logit,0.55,0.45,0.6,80,580,0.6913793103448276,56.30862068965518,-7.498275862068965,-4349.0,17.081047381546135,-62.56145251396648,0.6116444166629459,-11.355172413793104,"-9.44,-11.36,-4.80,-4.40",0,8,-11.680555555555555,0.3775862068965517,-29.000000000000014,-11529.0,-12918.5
ml,pred_hit99_logit,0.55,0.45,0.6,85,580,0.6396551724137931,56.30862068965518,-8.437931034482762,-4894.000000000002,22.06873315363881,-62.59090909090909,0.6258838818178343,-12.803448275862074,"-11.44,-12.80,-5.25,-4.26",0,8,-14.388888888888893,0.3775862068965517,-54.000000000000064,-11554.0,-12971.5
ml,pred_hit99_logit,0.55,0.45,0.6,90,580,0.6206896551724138,56.30862068965518,-6.946551724137931,-4029.0,27.094444444444445,-62.65,0.7076833780744395,-13.562068965517241,"-9.09,-13.56,-3.70,-1.43",0,8,-14.041666666666668,0.3775862068965517,-10.5,-11510.5,-13243.0
ml,pred_hit99_logit,0.55,0.45,0.6,95,580,0.5879310344827586,56.30862068965518,-6.955172413793107,-4034.000000000002,32.06304985337243,-62.6255230125523,0.730482712543845,-12.768965517241382,"-8.13,-12.77,-4.98,-1.95",0,8,-11.333333333333337,0.3775862068965517,-54.000000000000064,-11554.0,-13601.5
ml,pred_hit99_logit,0.55,0.45,0.6,99,580,0.5672413793103448,56.30862068965518,-6.651724137931036,-3858.000000000001,36.056231003039514,-62.63147410358566,0.7545879583982698,-11.327586206896553,"-9.28,-11.33,-4.57,-1.43",1,8,-10.702247191011239,0.3775862068965517,-55.50000000000005,-11555.5,-13891.5
ml,pred_hit99_logit,0.56,0.45,0.6,80,474,0.689873417721519,56.5126582278481,-7.822784810126582,-3708.0,16.87920489296636,-62.77210884353742,0.5981576808452994,-12.819327731092438,"-12.82,-11.13,-2.47,-4.80",0,8,-13.732876712328768,0.35654008438818563,-2.000000000000007,-11502.0,-12891.5
ml,pred_hit99_logit,0.56,0.45,0.6,85,474,0.6434599156118144,56.5126582278481,-8.318565400843884,-3943.0000000000014,21.886885245901635,-62.83136094674556,0.6286669491924469,-14.752100840336135,"-14.75,-12.14,-2.98,-3.31",0,8,-14.21232876712329,0.35654008438818563,-27.000000000000107,-11527.0,-12944.5
ml,pred_hit99_logit,0.56,0.45,0.6,90,474,0.6265822784810127,56.5126582278481,-6.620253164556962,-3138.0,26.893939393939394,-62.855932203389834,0.7179452608871512,-12.735294117647058,"-12.74,-12.14,-0.95,-0.56",0,8,-13.321428571428571,0.35654008438818563,-14.500000000000007,-11514.5,-13247.0
ml,pred_hit99_logit,0.56,0.45,0.6,95,474,0.5907172995780591,56.5126582278481,-6.894514767932494,-3268.000000000002,31.835714285714285,-62.79381443298969,0.7317353472336233,-11.676470588235299,"-11.60,-11.68,-2.31,-1.92",0,8,-12.458333333333337,0.35654008438818563,-24.00000000000002,-11524.0,-13571.5
ml,pred_hit99_logit,0.56,0.45,0.6,99,474,0.5675105485232067,56.5126582278481,-6.829113924050634,-3237.0000000000005,35.812267657992564,-62.78292682926829,0.7484946194786527,-13.642857142857142,"-13.64,-9.49,-2.25,-1.86",1,8,-13.130136986301373,0.35654008438818563,-23.500000000000014,-11523.5,-13859.5
ml,pred_hit99_logit,0.57,0.45,0.6,80,363,0.7052341597796143,56.741046831955934,-6.822314049586777,-2476.5,16.7109375,-63.126168224299064,0.6333555407506107,-11.873626373626374,"-11.87,-6.43,-4.23,-4.73",0,8,-12.916666666666666,0.3333333333333333,-54.50000000000001,-11554.5,-12944.0
ml,pred_hit99_logit,0.57,0.45,0.6,85,363,0.6556473829201102,56.741046831955934,-7.511019283746559,-2726.500000000001,21.72689075630252,-63.18,0.654764165875277,-13.412087912087914,"-13.41,-7.53,-5.16,-3.90",0,8,-12.66666666666667,0.3333333333333333,-15.000000000000021,-11515.0,-12932.5
ml,pred_hit99_logit,0.57,0.45,0.6,90,363,0.6391184573002755,56.741046831955934,-5.720385674931129,-2076.5,26.75862068965517,-63.24045801526717,0.7493511980203995,-10.554945054945055,"-10.55,-8.19,-2.69,-1.40",1,8,-10.602564102564104,0.3333333333333333,-37.5,-11537.5,-13270.0
ml,pred_hit99_logit,0.57,0.45,0.6,95,363,0.6005509641873278,56.741046831955934,-6.188705234159785,-2246.500000000002,31.68807339449541,-63.13448275862069,0.7546015620732973,-9.78571428571429,"-9.79,-7.20,-6.59,-1.12",1,8,-14.961538461538467,0.3333333333333333,-0.5,-11500.5,-13548.0
ml,pred_hit99_logit,0.57,0.45,0.6,99,363,0.581267217630854,56.741046831955934,-5.6955922865013795,-2067.500000000001,35.65165876777251,-63.0921052631579,0.7844108446298227,-10.851648351648354,"-10.85,-5.92,-6.35,0.40",2,8,-12.910256410256412,0.3333333333333333,-32.50000000000003,-11532.5,-13868.5
ml,pred_hit99_logit,0.58,0.45,0.6,80,269,0.7211895910780669,57.10408921933086,-5.908921933085502,-1589.5,16.371134020618555,-63.54,0.6664568250970517,-12.0,"-12.00,-6.47,-7.07,1.99",1,8,-13.095744680851064,0.3271375464684015,822.0,-10678.0,-12323.5
ml,pred_hit99_logit,0.58,0.45,0.6,85,269,0.6617100371747212,57.10408921933086,-7.3587360594795586,-1979.5000000000011,21.365168539325836,-63.543956043956044,0.6576740164288801,-15.088235294117654,"-15.09,-9.23,-7.29,2.29",2,8,-13.648148148148152,0.3271375464684015,366.49999999999994,-11133.5,-12822.5
ml,pred_hit99_logit,0.58,0.45,0.6,90,269,0.6431226765799256,57.10408921933086,-5.723048327137547,-1539.5,26.390173410404625,-63.59375,0.7478296478296478,-12.294117647058824,"-12.29,-10.05,-5.28,4.83",2,8,-17.35185185185185,0.3271375464684015,835.5,-10664.5,-12928.5
ml,pred_hit99_logit,0.58,0.45,0.6,95,269,0.6171003717472119,57.10408921933086,-4.97955390334573,-1339.5000000000014,31.35542168674699,-63.53883495145631,0.7953243181297273,-10.897058823529415,"-10.90,-8.49,-4.83,4.38",2,8,-14.759259259259263,0.3271375464684015,935.5,-10564.5,-13108.5
ml,pred_hit99_logit,0.58,0.45,0.6,99,269,0.6059479553903345,57.10408921933086,-3.615241635687734,-972.5000000000005,35.36503067484663,-63.556603773584904,0.8556479145020038,-10.176470588235295,"-10.18,-6.16,-3.80,5.77",3,8,-12.685185185185189,0.3271375464684015,1568.0,-9932.0,-13164.0
ml,pred_hit99_logit,0.59,0.45,0.6,80,202,0.7277227722772277,57.14356435643565,-5.425742574257424,-1095.9999999999998,16.35034013605442,-63.627272727272725,0.6868124017716817,-9.264705882352942,"-9.26,-7.36,-8.50,3.54",1,8,-10.41891891891892,0.3069306930693069,1314.5,-10185.5,-11883.0
ml,pred_hit99_logit,0.59,0.45,0.6,85,202,0.6881188118811881,57.14356435643565,-5.153465346534658,-1041.000000000001,21.37769784172661,-63.69047619047619,0.7405607476635512,-10.931372549019612,"-10.93,-7.17,-8.40,6.04",2,8,-15.131578947368427,0.3069306930693069,1568.0,-9932.0,-11979.0
ml,pred_hit99_logit,0.59,0.45,0.6,90,202,0.6683168316831684,57.14356435643565,-3.495049504950495,-706.0,26.403703703703705,-63.73880597014925,0.8346797798852593,-9.127450980392156,"-7.89,-9.13,-6.90,10.14",3,8,-21.710526315789473,0.3069306930693069,2427.5,-9072.5,-12177.5
ml,pred_hit99_logit,0.59,0.45,0.6,95,202,0.6435643564356436,57.14356435643565,-2.50495049504951,-506.000000000001,31.37692307692307,-63.68055555555556,0.8896401308615047,-6.715686274509809,"-6.72,-6.09,-5.60,8.54",2,8,-19.3421052631579,0.3069306930693069,2575.5,-8924.5,-12184.5
ml,pred_hit99_logit,0.59,0.45,0.6,99,202,0.6386138613861386,57.14356435643565,-0.4207920792079225,-85.00000000000034,35.383720930232556,-63.69178082191781,0.9817184643510055,-6.3039215686274535,"-6.30,-3.66,-3.12,11.58",3,8,-17.447368421052634,0.3069306930693069,5553.5,-5946.5,-11885.5
ml,pred_hit99_logit,0.6,0.45,0.6,80,140,0.75,57.328571428571436,-3.8285714285714287,-536.0,16.30952380952381,-64.24285714285715,0.7616188570157884,-10.842857142857143,"-10.84,-4.04,-2.76,2.33",1,8,-11.282608695652174,0.2642857142857143,3942.5,-7557.5,-9905.0
ml,pred_hit99_logit,0.6,0.45,0.6,85,140,0.7,57.328571428571436,-4.328571428571434,-606.0000000000007,21.3469387755102,-64.23809523809524,0.7753891771682726,-12.414285714285718,"-12.41,-7.61,-1.33,4.04",1,8,-18.500000000000004,0.2642857142857143,3117.0,-8383.0,-10456.5
ml,pred_hit99_logit,0.6,0.45,0.6,90,140,0.6857142857142857,57.328571428571436,-2.1142857142857148,-296.00000000000006,26.364583333333332,-64.25,0.8952953661124867,-9.414285714285715,"-9.41,-6.90,-0.19,8.04",2,8,-22.73076923076923,0.2642857142857143,5013.5,-6486.5,-9836.5
ml,pred_hit99_logit,0.6,0.45,0.6,95,140,0.6642857142857143,57.328571428571436,-0.721428571428578,-101.00000000000091,31.349462365591393,-64.18085106382979,0.9665174871539862,-9.128571428571435,"-9.13,-3.76,0.67,9.33",4,8,-20.42307692307693,0.2642857142857143,7023.0,-4477.0,-9479.0
ml,pred_hit99_logit,0.6,0.45,0.6,99,140,0.6571428571428571,57.328571428571436,1.2285714285714253,171.99999999999955,35.358695652173914,-64.1875,1.0558260305095748,-9.671428571428574,"-9.67,-1.24,3.41,12.41",4,8,-18.57692307692308,0.2642857142857143,9862.5,-1637.5,-9441.0
ml,pred_hit99_logit,0.61,0.45,0.6,80,92,0.7934782608695652,57.36956521739132,-0.3913043478260871,-36.000000000000014,16.34931506849315,-64.71052631578948,0.9707198047986987,-15.195652173913043,"-15.20,-0.85,5.33,9.15",3,8,-15.75,0.1956521739130435,9716.0,-1784.0,-6437.0
ml,pred_hit99_logit,0.61,0.45,0.6,85,92,0.7391304347826086,57.36956521739132,-1.04347826086957,-96.00000000000045,21.367647058823522,-64.54166666666667,0.9380245319561005,-15.847826086956525,"-15.85,-8.02,9.67,10.02",4,8,-17.000000000000007,0.1956521739130435,8662.0,-2838.0,-7440.0
ml,pred_hit99_logit,0.61,0.45,0.6,90,92,0.7391304347826086,57.36956521739132,2.6521739130434763,243.99999999999983,26.36764705882353,-64.54166666666667,1.157520981278244,-13.021739130434783,"-13.02,-4.76,14.02,14.37",4,8,-14.250000000000004,0.1956521739130435,14724.5,3224.5,-6766.5
ml,pred_hit99_logit,0.61,0.45,0.6,95,92,0.717391304347826,57.36956521739132,4.282608695652167,393.9999999999994,31.34848484848484,-64.42307692307692,1.2352238805970146,-14.326086956521744,"-14.33,-1.50,18.37,14.59",5,8,-16.250000000000007,0.1956521739130435,18036.5,6536.5,-6714.5
ml,pred_hit99_logit,0.61,0.45,0.6,99,92,0.717391304347826,57.36956521739132,7.152173913043476,657.9999999999998,35.34848484848485,-64.42307692307692,1.3928358208955225,-12.239130434782611,"-12.24,1.11,21.85,17.89",7,8,-14.250000000000004,0.1956521739130435,28479.0,16979.0,-6127.0
ml,pred_hit99_logit,0.62,0.45,0.6,80,55,0.8181818181818182,57.2909090909091,1.663636363636363,91.49999999999996,16.366666666666667,-64.5,1.1418604651162791,-12.428571428571429,"-12.43,-0.79,4.21,16.73",4,8,-12.42857142857143,0.16363636363636364,12748.0,1248.0,-4814.5
ml,pred_hit99_logit,0.62,0.45,0.6,85,55,0.7454545454545455,57.2909090909091,-0.4272727272727334,-23.500000000000338,21.353658536585357,-64.21428571428571,0.9738598442714123,-15.285714285714288,"-15.29,-9.00,8.50,15.19",4,8,-15.28571428571429,0.16363636363636364,10003.5,-1496.5,-6075.0
ml,pred_hit99_logit,0.62,0.45,0.6,90,55,0.7454545454545455,57.2909090909091,3.2999999999999976,181.49999999999986,26.353658536585368,-64.21428571428571,1.2018909899888766,-12.428571428571429,"-12.43,-5.79,12.79,19.81",5,8,-12.42857142857143,0.16363636363636364,13815.0,2315.0,-5605.5
ml,pred_hit99_logit,0.62,0.45,0.6,95,55,0.7090909090909091,57.2909090909091,3.5727272727272643,196.49999999999955,31.32051282051281,-64.0625,1.1917073170731702,-16.35714285714286,"-16.36,-2.57,17.07,17.12",5,8,-16.357142857142865,0.16363636363636364,13789.5,2289.5,-6019.0
ml,pred_hit99_logit,0.62,0.45,0.6,99,55,0.7090909090909091,57.2909090909091,6.409090909090905,352.4999999999998,35.32051282051282,-64.0625,1.3439024390243903,-14.35714285714286,"-14.36,-0.00,20.50,20.50",6,8,-14.357142857142861,0.16363636363636364,17989.5,6489.5,-5629.5
ml,pred_hit99_logit,0.63,0.45,0.6,80,37,0.8378378378378378,57.00000000000001,3.5270270270270263,130.49999999999997,16.661290322580644,-64.33333333333333,1.3380829015544042,-10.277777777777779,"-8.10,-10.28,16.17,17.61",6,7,-12.42857142857143,0.21621621621621623,14037.5,2537.5,-4137.0
ml,pred_hit99_logit,0.63,0.45,0.6,85,37,0.7567567567567568,57.00000000000001,0.8243243243243191,30.499999999999808,21.821428571428562,-64.5,1.0525409130060288,-16.388888888888893,"-13.10,-16.39,11.72,22.61",5,7,-15.28571428571429,0.21621621621621623,11590.5,90.5,-5371.0
ml,pred_hit99_logit,0.63,0.45,0.6,90,37,0.7567567567567568,57.00000000000001,4.608108108108107,170.49999999999994,26.821428571428573,-64.5,1.2937123169681308,-13.611111111111114,"-10.10,-13.61,16.17,27.61",5,7,-12.42857142857143,0.21621621621621623,14587.0,3087.0,-4826.0
ml,pred_hit99_logit,0.63,0.45,0.6,95,37,0.7297297297297297,57.00000000000001,5.824324324324318,215.49999999999977,31.722222222222214,-64.1,1.3361934477379092,-16.600000000000005,"-16.60,-10.83,20.61,32.61",6,7,-16.357142857142865,0.21621621621621623,15420.0,3920.0,-5358.5
ml,pred_hit99_logit,0.63,0.45,0.6,99,37,0.7297297297297297,57.00000000000001,8.74324324324324,323.4999999999999,35.722222222222214,-64.1,1.504680187207488,-14.600000000000003,"-14.60,-8.61,24.17,36.61",6,7,-14.357142857142861,0.21621621621621623,18626.0,7126.0,-4895.5
ml,pred_hit99_logit,0.52,0.5,0.6,80,905,0.6784530386740332,55.48176795580111,-7.705524861878453,-6973.5,17.877850162866448,-61.68556701030928,0.6115149995821844,-10.93362831858407,"-10.50,-10.93,-4.57,-4.81",0,8,-11.591666666666667,0.4220994475138122,-55.5,-11555.5,-12011.0
ml,pred_hit99_logit,0.52,0.5,0.6,85,905,0.6353591160220995,55.48176795580111,-7.976243093922654,-7218.500000000002,22.891304347826082,-61.76060606060606,0.645822089200726,-12.922907488986784,"-12.92,-10.73,-3.97,-4.26",0,8,-13.654929577464792,0.4220994475138122,-38.500000000000014,-11538.5,-12103.5
ml,pred_hit99_logit,0.52,0.5,0.6,90,905,0.6099447513812155,55.48176795580111,-7.086740331491713,-6413.5,27.889492753623188,-61.78045325779037,0.7059174175206915,-11.248898678414097,"-11.25,-10.89,-2.13,-4.06",0,8,-12.091666666666667,0.4220994475138122,-4.999999999999986,-11505.0,-12543.5
ml,pred_hit99_logit,0.52,0.5,0.6,95,905,0.5823204419889503,55.48176795580111,-6.661325966850833,-6028.500000000004,32.894686907020876,-61.80952380952381,0.741974833076528,-10.55752212389381,"-10.54,-10.56,-1.73,-3.79",0,8,-12.70512820512821,0.4220994475138122,-57.000000000000064,-11557.0,-13034.0
ml,pred_hit99_logit,0.52,0.5,0.6,99,905,0.5591160220994476,55.48176795580111,-6.629281767955802,-5999.500000000001,36.89328063241107,-61.82330827067669,0.7567852437417655,-10.138766519823788,"-10.14,-10.13,-2.25,-3.98",0,8,-13.15811965811966,0.4220994475138122,-46.50000000000001,-11546.5,-13347.5
ml,pred_hit99_logit,0.53,0.5,0.6,80,798,0.6867167919799498,55.764411027568926,-7.327067669172933,-5847.0,17.614963503649633,-62.0,0.6227741935483871,-10.94,"-8.97,-10.94,-3.50,-5.87",0,8,-12.089285714285714,0.40476190476190477,-5.499999999999993,-11505.5,-11961.0
ml,pred_hit99_logit,0.53,0.5,0.6,85,798,0.6416040100250626,55.764411027568926,-7.7280701754386,-6167.000000000003,22.62109375,-62.05944055944056,0.6525438052848048,-11.195000000000002,"-11.20,-11.12,-3.22,-5.34",0,8,-13.023809523809527,0.40476190476190477,-50.5,-11550.5,-12115.5
ml,pred_hit99_logit,0.53,0.5,0.6,90,798,0.6165413533834586,55.764411027568926,-6.775689223057644,-5407.0,27.61178861788618,-62.06535947712418,0.7153011794439764,-11.24,"-9.57,-11.24,-1.54,-4.72",0,8,-10.981818181818182,0.40476190476190477,-10.5,-11510.5,-12549.0
ml,pred_hit99_logit,0.53,0.5,0.6,95,798,0.5877192982456141,55.764411027568926,-6.431077694235594,-5132.000000000004,32.60021321961621,-62.07142857142857,0.7486962270156453,-10.290000000000003,"-9.05,-10.29,-1.49,-4.87",0,8,-10.325396825396831,0.40476190476190477,-26.500000000000078,-11526.5,-13003.5
ml,pred_hit99_logit,0.53,0.5,0.6,99,798,0.5664160401002506,55.764411027568926,-6.18922305764411,-4939.0,36.60619469026549,-62.09537572254335,0.7701186874563649,-9.575,"-8.81,-9.57,-1.90,-4.44",0,8,-11.30909090909091,0.40476190476190477,-23.0,-11523.0,-13324.0
ml,pred_hit99_logit,0.54,0.5,0.6,80,704,0.6846590909090909,56.02698863636364,-7.754261363636363,-5459.0,17.32572614107884,-62.207207207207205,0.6047067342505431,-11.5625,"-10.15,-11.56,-4.58,-4.72",0,8,-11.212871287128714,0.3934659090909091,-42.5,-11542.5,-12932.0
ml,pred_hit99_logit,0.54,0.5,0.6,85,704,0.6363636363636364,56.02698863636364,-8.436079545454549,-5939.000000000003,22.321428571428573,-62.26171875,0.6273919317397578,-12.710227272727273,"-12.71,-11.73,-4.32,-4.98",0,8,-12.710526315789478,0.3934659090909091,-48.50000000000003,-11548.5,-12966.0
ml,pred_hit99_logit,0.54,0.5,0.6,90,704,0.6164772727272727,56.02698863636364,-7.044034090909091,-4959.0,27.338709677419356,-62.31111111111111,0.7052425106990015,-11.789772727272727,"-10.84,-11.79,-2.42,-3.13",0,8,-12.05421686746988,0.3934659090909091,-10.499999999999979,-11510.5,-13243.0
ml,pred_hit99_logit,0.54,0.5,0.6,95,704,0.5880681818181818,56.02698863636364,-6.660511363636368,-4689.000000000003,32.31884057971015,-62.30689655172414,0.7404947700481488,-10.568181818181824,"-10.15,-10.57,-2.85,-3.07",0,8,-12.656626506024102,0.3934659090909091,-39.50000000000001,-11539.5,-13587.0
ml,pred_hit99_logit,0.54,0.5,0.6,99,704,0.5667613636363636,56.02698863636364,-6.417613636363638,-4518.000000000001,36.32706766917293,-62.33606557377049,0.7623668639053255,-10.221590909090908,"-10.22,-9.49,-3.70,-2.26",0,8,-12.921686746987955,0.3934659090909091,-13.0,-11513.0,-13849.0
ml,pred_hit99_logit,0.55,0.5,0.6,80,570,0.6912280701754386,56.45438596491228,-7.656140350877193,-4364.0,16.944162436548222,-62.72727272727273,0.6047101449275363,-10.786713286713287,"-10.79,-10.71,-4.15,-4.93",0,8,-12.204225352112676,0.37719298245614036,-36.99999999999999,-11537.0,-12926.5
ml,pred_hit99_logit,0.55,0.5,0.6,85,570,0.6403508771929824,56.45438596491228,-8.524561403508775,-4859.000000000002,21.94109589041096,-62.76829268292683,0.622381970079658,-12.772727272727275,"-12.33,-12.77,-4.05,-4.89",0,8,-15.021126760563384,0.37719298245614036,-14.000000000000014,-11514.0,-12931.5
ml,pred_hit99_logit,0.55,0.5,0.6,90,570,0.6228070175438597,56.45438596491228,-6.901754385964912,-3934.0,26.984507042253522,-62.853488372093025,0.7088837088837089,-13.576923076923077,"-10.02,-13.58,-1.83,-2.11",0,8,-14.73943661971831,0.37719298245614036,-40.0,-11540.0,-13272.5
ml,pred_hit99_logit,0.55,0.5,0.6,95,570,0.5894736842105263,56.45438596491228,-6.954385964912285,-3964.0000000000023,31.946428571428573,-62.81196581196581,0.7303034426452578,-12.80769230769231,"-9.11,-12.81,-3.10,-2.75",0,8,-12.063380281690145,0.37719298245614036,-7.5,-11507.5,-13555.0
ml,pred_hit99_logit,0.55,0.5,0.6,99,570,0.5701754385964912,56.45438596491228,-6.507017543859652,-3709.0000000000014,35.95846153846154,-62.83877551020408,0.7590854470462148,-11.374125874125875,"-9.64,-11.37,-2.65,-2.30",1,8,-10.982352941176472,0.37719298245614036,-5.999999999999993,-11506.0,-13842.0
ml,pred_hit99_logit,0.56,0.5,0.6,80,466,0.6909871244635193,56.6587982832618,-7.879828326180258,-3672.0,16.76086956521739,-62.979166666666664,0.5951042011247105,-12.277777777777779,"-11.78,-12.28,-2.15,-5.24",0,8,-13.142857142857142,0.3540772532188841,-23.500000000000007,-11523.5,-12913.0
ml,pred_hit99_logit,0.56,0.5,0.6,85,466,0.6459227467811158,56.6587982832618,-8.255364806866957,-3847.000000000002,21.78571428571428,-63.057575757575755,0.630256139170551,-13.431623931623935,"-12.98,-13.43,-2.71,-3.82",0,8,-13.714285714285717,0.3540772532188841,-12.000000000000092,-11512.0,-12929.5
ml,pred_hit99_logit,0.56,0.5,0.6,90,466,0.630901287553648,56.6587982832618,-6.377682403433476,-2972.0,26.816326530612244,-63.116279069767444,0.7262343404568902,-13.55982905982906,"-10.84,-13.56,0.09,-1.10",1,8,-13.321428571428571,0.3540772532188841,-30.99999999999997,-11531.0,-13263.5
ml,pred_hit99_logit,0.56,0.5,0.6,95,466,0.5944206008583691,56.6587982832618,-6.688841201716742,-3117.000000000002,31.752707581227437,-63.02910052910053,0.7383420776495279,-13.217948717948723,"-9.60,-13.22,-1.28,-2.57",1,8,-11.788888888888893,0.3540772532188841,-27.000000000000007,-11527.0,-13574.5
ml,pred_hit99_logit,0.56,0.5,0.6,99,466,0.572961373390558,56.6587982832618,-6.435622317596568,-2999.000000000001,35.754681647940075,-63.04271356783919,0.7609501414849946,-11.098290598290598,"-10.76,-11.10,-2.08,-1.72",2,8,-12.785714285714288,0.3540772532188841,-19.0,-11519.0,-13855.0
ml,pred_hit99_logit,0.57,0.5,0.6,80,359,0.7047353760445683,56.83844011142062,-6.959610027855153,-2498.5,16.618577075098813,-63.235849056603776,0.6272564523347754,-11.6,"-11.60,-6.71,-4.44,-5.06",0,8,-12.916666666666666,0.33147632311977715,-23.500000000000007,-11523.5,-12913.0
ml,pred_hit99_logit,0.57,0.5,0.6,85,359,0.6573816155988857,56.83844011142062,-7.4610027855153245,-2678.5000000000014,21.661016949152543,-63.33739837398374,0.6561838136191516,-12.211111111111114,"-12.21,-7.88,-5.44,-4.28",0,8,-12.66666666666667,0.33147632311977715,-41.50000000000008,-11541.5,-12959.0
ml,pred_hit99_logit,0.57,0.5,0.6,90,359,0.6406685236768802,56.83844011142062,-5.678272980501393,-2038.5,26.691304347826087,-63.39147286821706,0.7507184347294406,-9.266666666666667,"-9.27,-8.60,-3.00,-1.80",1,8,-10.602564102564104,0.33147632311977715,-14.0,-11514.0,-13246.5
ml,pred_hit99_logit,0.57,0.5,0.6,95,359,0.6016713091922006,56.83844011142062,-6.179665738161564,-2218.5000000000014,31.61574074074074,-63.26923076923077,0.7547941420281846,-8.711111111111116,"-8.43,-8.71,-5.94,-1.58",0,8,-14.961538461538467,0.33147632311977715,-22.000000000000007,-11522.0,-13569.5
ml,pred_hit99_logit,0.57,0.5,0.6,99,359,0.584958217270195,56.83844011142062,-5.427576601671309,-1948.5,35.614285714285714,-63.27181208053691,0.7933174224343675,-8.366666666666667,"-8.37,-7.50,-5.70,-0.08",2,8,-12.910256410256412,0.33147632311977715,-20.000000000000007,-11520.0,-13856.0
ml,pred_hit99_logit,0.58,0.5,0.6,80,268,0.7201492537313433,57.13432835820896,-6.022388059701493,-1614.0,16.32901554404145,-63.54,0.6613157066414856,-12.544776119402986,"-12.54,-6.47,-7.07,1.99",1,8,-13.095744680851064,0.3283582089552239,762.5,-10737.5,-12383.0
ml,pred_hit99_logit,0.58,0.5,0.6,85,268,0.664179104477612,57.13432835820896,-7.179104477611944,-1924.0000000000011,21.365168539325836,-63.63333333333333,0.6640474943251264,-14.485074626865675,"-14.49,-9.23,-7.29,2.29",2,8,-13.648148148148152,0.3283582089552239,362.99999999999994,-11137.0,-12826.0
ml,pred_hit99_logit,0.58,0.5,0.6,90,268,0.6455223880597015,57.13432835820896,-5.537313432835821,-1484.0,26.390173410404625,-63.67894736842105,0.7546904702868006,-11.649253731343284,"-11.65,-10.05,-5.28,4.83",2,8,-17.35185185185185,0.3283582089552239,840.5,-10659.5,-12923.5
ml,pred_hit99_logit,0.58,0.5,0.6,95,268,0.6194029850746269,57.13432835820896,-4.791044776119408,-1284.0000000000014,31.35542168674699,-63.61764705882353,0.8021266759130837,-10.231343283582095,"-10.23,-8.49,-4.83,4.38",2,8,-14.759259259259263,0.3283582089552239,1064.0,-10436.0,-12980.0
ml,pred_hit99_logit,0.58,0.5,0.6,99,268,0.6082089552238806,57.13432835820896,-3.421641791044778,-917.0000000000005,35.36503067484663,-63.63333333333333,0.8627553693033002,-9.500000000000004,"-9.50,-6.16,-3.80,5.77",3,8,-12.685185185185189,0.3283582089552239,1558.5,-9941.5,-13122.5
ml,pred_hit99_logit,0.59,0.5,0.6,80,202,0.7277227722772277,57.14356435643565,-5.425742574257424,-1095.9999999999998,16.35034013605442,-63.627272727272725,0.6868124017716817,-9.264705882352942,"-9.26,-7.36,-8.50,3.54",1,8,-10.41891891891892,0.3069306930693069,1314.5,-10185.5,-11883.0
ml,pred_hit99_logit,0.59,0.5,0.6,85,202,0.6881188118811881,57.14356435643565,-5.153465346534658,-1041.000000000001,21.37769784172661,-63.69047619047619,0.7405607476635512,-10.931372549019612,"-10.93,-7.17,-8.40,6.04",2,8,-15.131578947368427,0.3069306930693069,1568.0,-9932.0,-11979.0
ml,pred_hit99_logit,0.59,0.5,0.6,90,202,0.6683168316831684,57.14356435643565,-3.495049504950495,-706.0,26.403703703703705,-63.73880597014925,0.8346797798852593,-9.127450980392156,"-7.89,-9.13,-6.90,10.14",3,8,-21.710526315789473,0.3069306930693069,2427.5,-9072.5,-12177.5
ml,pred_hit99_logit,0.59,0.5,0.6,95,202,0.6435643564356436,57.14356435643565,-2.50495049504951,-506.000000000001,31.37692307692307,-63.68055555555556,0.8896401308615047,-6.715686274509809,"-6.72,-6.09,-5.60,8.54",2,8,-19.3421052631579,0.3069306930693069,2575.5,-8924.5,-12184.5
ml,pred_hit99_logit,0.59,0.5,0.6,99,202,0.6386138613861386,57.14356435643565,-0.4207920792079225,-85.00000000000034,35.383720930232556,-63.69178082191781,0.9817184643510055,-6.3039215686274535,"-6.30,-3.66,-3.12,11.58",3,8,-17.447368421052634,0.3069306930693069,5553.5,-5946.5,-11885.5
ml,pred_hit99_logit,0.6,0.5,0.6,80,140,0.75,57.328571428571436,-3.8285714285714287,-536.0,16.30952380952381,-64.24285714285715,0.7616188570157884,-10.842857142857143,"-10.84,-4.04,-2.76,2.33",1,8,-11.282608695652174,0.2642857142857143,3942.5,-7557.5,-9905.0
ml,pred_hit99_logit,0.6,0.5,0.6,85,140,0.7,57.328571428571436,-4.328571428571434,-606.0000000000007,21.3469387755102,-64.23809523809524,0.7753891771682726,-12.414285714285718,"-12.41,-7.61,-1.33,4.04",1,8,-18.500000000000004,0.2642857142857143,3117.0,-8383.0,-10456.5
ml,pred_hit99_logit,0.6,0.5,0.6,90,140,0.6857142857142857,57.328571428571436,-2.1142857142857148,-296.00000000000006,26.364583333333332,-64.25,0.8952953661124867,-9.414285714285715,"-9.41,-6.90,-0.19,8.04",2,8,-22.73076923076923,0.2642857142857143,5013.5,-6486.5,-9836.5
ml,pred_hit99_logit,0.6,0.5,0.6,95,140,0.6642857142857143,57.328571428571436,-0.721428571428578,-101.00000000000091,31.349462365591393,-64.18085106382979,0.9665174871539862,-9.128571428571435,"-9.13,-3.76,0.67,9.33",4,8,-20.42307692307693,0.2642857142857143,7023.0,-4477.0,-9479.0
ml,pred_hit99_logit,0.6,0.5,0.6,99,140,0.6571428571428571,57.328571428571436,1.2285714285714253,171.99999999999955,35.358695652173914,-64.1875,1.0558260305095748,-9.671428571428574,"-9.67,-1.24,3.41,12.41",4,8,-18.57692307692308,0.2642857142857143,9862.5,-1637.5,-9441.0
ml,pred_hit99_logit,0.61,0.5,0.6,80,92,0.7934782608695652,57.36956521739132,-0.3913043478260871,-36.000000000000014,16.34931506849315,-64.71052631578948,0.9707198047986987,-15.195652173913043,"-15.20,-0.85,5.33,9.15",3,8,-15.75,0.1956521739130435,9716.0,-1784.0,-6437.0
ml,pred_hit99_logit,0.61,0.5,0.6,85,92,0.7391304347826086,57.36956521739132,-1.04347826086957,-96.00000000000045,21.367647058823522,-64.54166666666667,0.9380245319561005,-15.847826086956525,"-15.85,-8.02,9.67,10.02",4,8,-17.000000000000007,0.1956521739130435,8662.0,-2838.0,-7440.0
ml,pred_hit99_logit,0.61,0.5,0.6,90,92,0.7391304347826086,57.36956521739132,2.6521739130434763,243.99999999999983,26.36764705882353,-64.54166666666667,1.157520981278244,-13.021739130434783,"-13.02,-4.76,14.02,14.37",4,8,-14.250000000000004,0.1956521739130435,14724.5,3224.5,-6766.5
ml,pred_hit99_logit,0.61,0.5,0.6,95,92,0.717391304347826,57.36956521739132,4.282608695652167,393.9999999999994,31.34848484848484,-64.42307692307692,1.2352238805970146,-14.326086956521744,"-14.33,-1.50,18.37,14.59",5,8,-16.250000000000007,0.1956521739130435,18036.5,6536.5,-6714.5
ml,pred_hit99_logit,0.61,0.5,0.6,99,92,0.717391304347826,57.36956521739132,7.152173913043476,657.9999999999998,35.34848484848485,-64.42307692307692,1.3928358208955225,-12.239130434782611,"-12.24,1.11,21.85,17.89",7,8,-14.250000000000004,0.1956521739130435,28479.0,16979.0,-6127.0
ml,pred_hit99_logit,0.62,0.5,0.6,80,55,0.8181818181818182,57.2909090909091,1.663636363636363,91.49999999999996,16.366666666666667,-64.5,1.1418604651162791,-12.428571428571429,"-12.43,-0.79,4.21,16.73",4,8,-12.42857142857143,0.16363636363636364,12748.0,1248.0,-4814.5
ml,pred_hit99_logit,0.62,0.5,0.6,85,55,0.7454545454545455,57.2909090909091,-0.4272727272727334,-23.500000000000338,21.353658536585357,-64.21428571428571,0.9738598442714123,-15.285714285714288,"-15.29,-9.00,8.50,15.19",4,8,-15.28571428571429,0.16363636363636364,10003.5,-1496.5,-6075.0
ml,pred_hit99_logit,0.62,0.5,0.6,90,55,0.7454545454545455,57.2909090909091,3.2999999999999976,181.49999999999986,26.353658536585368,-64.21428571428571,1.2018909899888766,-12.428571428571429,"-12.43,-5.79,12.79,19.81",5,8,-12.42857142857143,0.16363636363636364,13815.0,2315.0,-5605.5
ml,pred_hit99_logit,0.62,0.5,0.6,95,55,0.7090909090909091,57.2909090909091,3.5727272727272643,196.49999999999955,31.32051282051281,-64.0625,1.1917073170731702,-16.35714285714286,"-16.36,-2.57,17.07,17.12",5,8,-16.357142857142865,0.16363636363636364,13789.5,2289.5,-6019.0
ml,pred_hit99_logit,0.62,0.5,0.6,99,55,0.7090909090909091,57.2909090909091,6.409090909090905,352.4999999999998,35.32051282051282,-64.0625,1.3439024390243903,-14.35714285714286,"-14.36,-0.00,20.50,20.50",6,8,-14.357142857142861,0.16363636363636364,17989.5,6489.5,-5629.5
ml,pred_hit99_logit,0.63,0.5,0.6,80,37,0.8378378378378378,57.00000000000001,3.5270270270270263,130.49999999999997,16.661290322580644,-64.33333333333333,1.3380829015544042,-10.277777777777779,"-8.10,-10.28,16.17,17.61",6,7,-12.42857142857143,0.21621621621621623,14037.5,2537.5,-4137.0
ml,pred_hit99_logit,0.63,0.5,0.6,85,37,0.7567567567567568,57.00000000000001,0.8243243243243191,30.499999999999808,21.821428571428562,-64.5,1.0525409130060288,-16.388888888888893,"-13.10,-16.39,11.72,22.61",5,7,-15.28571428571429,0.21621621621621623,11590.5,90.5,-5371.0
ml,pred_hit99_logit,0.63,0.5,0.6,90,37,0.7567567567567568,57.00000000000001,4.608108108108107,170.49999999999994,26.821428571428573,-64.5,1.2937123169681308,-13.611111111111114,"-10.10,-13.61,16.17,27.61",5,7,-12.42857142857143,0.21621621621621623,14587.0,3087.0,-4826.0
ml,pred_hit99_logit,0.63,0.5,0.6,95,37,0.7297297297297297,57.00000000000001,5.824324324324318,215.49999999999977,31.722222222222214,-64.1,1.3361934477379092,-16.600000000000005,"-16.60,-10.83,20.61,32.61",6,7,-16.357142857142865,0.21621621621621623,15420.0,3920.0,-5358.5
ml,pred_hit99_logit,0.63,0.5,0.6,99,37,0.7297297297297297,57.00000000000001,8.74324324324324,323.4999999999999,35.722222222222214,-64.1,1.504680187207488,-14.600000000000003,"-14.60,-8.61,24.17,36.61",6,7,-14.357142857142861,0.21621621621621623,18626.0,7126.0,-4895.5
ml,pred_hit99_logit,0.52,0.5,0.65,80,1500,0.7026666666666667,58.07533333333333,-8.362,-12543.0,15.18595825426945,-64.01121076233184,0.5606501103366143,-10.753333333333334,"-10.75,-9.88,-6.72,-6.10",0,8,-11.531578947368418,0.43933333333333335,-11.0,-11511.0,-11511.0
ml,pred_hit99_logit,0.52,0.5,0.65,85,1500,0.6653333333333333,58.07533333333333,-8.022000000000002,-12033.000000000002,20.152304609218437,-64.03386454183267,0.625664955669622,-11.486666666666666,"-11.49,-9.61,-6.05,-4.94",0,8,-11.821052631578949,0.43933333333333335,-51.5,-11551.5,-11551.5
ml,pred_hit99_logit,0.52,0.5,0.65,90,1500,0.6333333333333333,58.07533333333333,-7.575333333333333,-11363.0,25.198947368421052,-64.18545454545455,0.6781202198175741,-11.98,"-11.98,-9.48,-4.29,-4.55",0,8,-13.005263157894737,0.43933333333333335,-47.0,-11547.0,-12064.0
ml,pred_hit99_logit,0.52,0.5,0.65,95,1500,0.6026666666666667,58.07533333333333,-7.322000000000003,-10983.000000000004,30.214601769911503,-64.25671140939598,0.7132151343447267,-11.353333333333333,"-11.35,-9.44,-2.97,-5.52",0,8,-12.663157894736845,0.43933333333333335,-31.5,-11531.5,-12610.5
ml,pred_hit99_logit,0.52,0.5,0.65,99,1500,0.5786666666666667,58.07533333333333,-7.287333333333334,-10931.0,34.214285714285715,-64.2863924050633,0.7309557212828275,-10.972,"-10.97,-9.48,-2.76,-5.94",0,8,-13.62105263157895,0.43933333333333335,-33.5,-11533.5,-13060.5
ml,pred_hit99_logit,0.53,0.5,0.65,80,1391,0.7095614665708123,58.43278217109993,-8.16786484543494,-11361.5,14.863728470111448,-64.43564356435644,0.5635563921327597,-10.083333333333332,"-9.87,-10.08,-5.86,-6.85",0,8,-10.723463687150836,0.42990654205607476,-46.00000000000001,-11546.0,-11546.0
ml,pred_hit99_logit,0.53,0.5,0.65,85,1391,0.6714593817397556,58.43278217109993,-7.858734723220707,-10931.500000000004,19.823340471092077,-64.43435448577681,0.6287674256702834,-10.362068965517242,"-10.36,-10.05,-5.34,-5.67",0,8,-11.170391061452516,0.42990654205607476,-9.5,-11509.5,-11509.5
ml,pred_hit99_logit,0.53,0.5,0.65,90,1391,0.6391085549964055,58.43278217109993,-7.413012221423436,-10311.5,24.86782902137233,-64.5796812749004,0.6819303494864123,-11.051724137931034,"-11.05,-9.91,-3.65,-5.03",0,8,-12.567039106145252,0.42990654205607476,-69.0,-11569.0,-12086.0
ml,pred_hit99_logit,0.53,0.5,0.65,95,1391,0.6074766355140186,58.43278217109993,-7.222501797268155,-10046.500000000004,29.871597633136094,-64.63003663003663,0.7152998186352301,-10.53448275862069,"-10.53,-9.57,-2.43,-6.36",0,8,-12.343575418994416,0.42990654205607476,-41.0,-11541.0,-12620.0
ml,pred_hit99_logit,0.53,0.5,0.65,99,1391,0.5844716031631919,58.43278217109993,-7.070093457943925,-9834.5,33.88130381303813,-64.6712802768166,0.736904761904762,-10.25,"-10.25,-9.50,-2.07,-6.46",0,8,-13.472067039106149,0.42990654205607476,-60.5,-11560.5,-13087.5
ml,pred_hit99_logit,0.54,0.5,0.65,80,1295,0.7104247104247104,58.766795366795364,-8.432818532818533,-10920.5,14.516304347826088,-64.73466666666667,0.5501431484418446,-10.898148148148149,"-9.80,-10.90,-6.39,-6.64",0,8,-11.435294117647057,0.4247104247104247,-21.5,-11521.5,-12396.5
ml,pred_hit99_logit,0.54,0.5,0.65,85,1295,0.6710424710424711,58.766795366795364,-8.228185328185328,-10655.5,19.464326812428077,-64.71830985915493,0.6135110627493653,-10.882716049382717,"-10.29,-10.88,-6.13,-5.61",0,8,-11.611764705882356,0.4247104247104247,-10.000000000000007,-11510.0,-12194.5
ml,pred_hit99_logit,0.54,0.5,0.65,90,1295,0.640926640926641,58.766795366795364,-7.583397683397683,-9820.5,24.534939759036146,-64.91290322580645,0.6746508969835512,-10.969135802469136,"-10.97,-10.71,-4.32,-4.32",0,8,-12.729411764705882,0.4247104247104247,-36.5,-11536.5,-12677.5
ml,pred_hit99_logit,0.54,0.5,0.65,95,1295,0.6092664092664093,58.766795366795364,-7.386486486486489,-9565.500000000004,29.53548795944233,-64.95849802371542,0.7089811068179744,-10.32098765432099,"-10.32,-10.30,-3.29,-5.64",0,8,-12.082352941176474,0.4247104247104247,-5.5,-11505.5,-13157.0
ml,pred_hit99_logit,0.54,0.5,0.65,99,1295,0.5861003861003861,58.766795366795364,-7.242857142857143,-9379.5,33.546113306982875,-65.0018656716418,0.7307913090898653,-10.16358024691358,"-10.16,-10.10,-3.13,-5.57",0,8,-13.364705882352943,0.4247104247104247,-21.0,-11521.0,-13597.0
ml,pred_hit99_logit,0.55,0.5,0.65,80,1157,0.7173725151253241,59.28867761452031,-8.398876404494382,-9717.5,14.039759036144579,-65.35321100917432,0.5452843873564025,-10.759515570934257,"-9.85,-10.76,-6.31,-6.67",0,8,-11.516666666666664,0.42005185825410546,-5.499999999999979,-11505.5,-12380.5
ml,pred_hit99_logit,0.55,0.5,0.65,85,1157,0.6776145203111495,59.28867761452031,-8.191443388072601,-9477.5,18.987244897959183,-65.3176943699732,0.6109959570669239,-10.828719723183392,"-10.49,-10.83,-6.12,-5.32",0,8,-11.87777777777778,0.42005185825410546,-59.50000000000001,-11559.5,-12244.0
ml,pred_hit99_logit,0.55,0.5,0.65,90,1157,0.6473638720829732,59.28867761452031,-7.525929127052723,-8707.5,24.074098798397863,-65.53676470588235,0.6743520700100976,-11.001730103806228,"-10.99,-11.00,-4.48,-3.63",0,8,-12.342105263157896,0.42005185825410546,-30.5,-11530.5,-12671.5
ml,pred_hit99_logit,0.55,0.5,0.65,95,1157,0.6127917026793431,59.28867761452031,-7.573465859982717,-8762.500000000004,29.055712270803948,-65.54241071428571,0.7015802200047679,-10.897923875432527,"-10.26,-10.90,-3.70,-5.43",0,8,-11.91447368421053,0.42005185825410546,-23.500000000000057,-11523.5,-13175.0
ml,pred_hit99_logit,0.55,0.5,0.65,99,1157,0.5903197925669835,59.28867761452031,-7.347018150388937,-8500.5,33.072474377745245,-65.5886075949367,0.7265753160281772,-10.6280276816609,"-10.33,-10.63,-2.79,-5.62",0,8,-13.585526315789476,0.42005185825410546,-24.000000000000007,-11524.0,-13600.0
ml,pred_hit99_logit,0.56,0.5,0.65,80,1049,0.7206863679694948,59.65586272640609,-8.500953288846521,-8917.5,13.686507936507937,-65.74914675767918,0.5371019232266604,-10.648854961832058,"-10.28,-10.65,-6.03,-7.05",0,8,-11.830882352941174,0.41182078169685415,-57.5,-11557.5,-12432.5
ml,pred_hit99_logit,0.56,0.5,0.65,85,1049,0.684461391801716,59.65586272640609,-7.976644423260248,-8367.5,18.66016713091922,-65.75679758308156,0.6155613241138499,-10.693916349809886,"-10.69,-10.40,-5.51,-5.29",0,8,-11.61029411764706,0.41182078169685415,-31.0,-11531.0,-12215.5
ml,pred_hit99_logit,0.56,0.5,0.65,90,1049,0.6539561487130601,59.65586272640609,-7.299809342230696,-7657.5,23.744897959183675,-65.96831955922865,0.6802246674879419,-11.568441064638783,"-11.57,-10.19,-3.66,-3.76",0,8,-13.080882352941176,0.41182078169685415,-8.5,-11508.5,-12649.5
ml,pred_hit99_logit,0.56,0.5,0.65,95,1049,0.6177311725452812,59.65586272640609,-7.471401334604387,-7837.500000000002,28.71141975308642,-65.94139650872818,0.7036021556206864,-10.731939163498101,"-10.73,-10.32,-2.73,-6.09",0,8,-12.272058823529415,0.41182078169685415,-36.5,-11536.5,-13188.0
ml,pred_hit99_logit,0.56,0.5,0.65,99,1049,0.5938989513822688,59.65586272640609,-7.359866539561487,-7720.5,32.71829855537721,-65.97183098591549,0.7252882152006832,-11.05513307984791,"-11.06,-9.85,-2.32,-6.20",0,8,-14.404411764705884,0.41182078169685415,-8.000000000000007,-11508.0,-13584.0
ml,pred_hit99_logit,0.57,0.5,0.65,80,922,0.7321041214750542,60.049891540130155,-7.981561822125814,-7359.0,13.34,-66.24898785425101,0.5502795856632139,-9.63852813852814,"-9.64,-9.43,-5.66,-7.19",0,8,-12.20731707317073,0.4067245119305857,-20.5,-11520.5,-12194.0
ml,pred_hit99_logit,0.57,0.5,0.65,85,922,0.6963123644251626,60.049891540130155,-7.363340563991324,-6789.000000000001,18.317757009345794,-66.24642857142857,0.6339964418567039,-9.443722943722944,"-9.44,-9.15,-5.16,-5.69",0,8,-11.638211382113823,0.4067245119305857,-45.99999999999999,-11546.0,-11996.0
ml,pred_hit99_logit,0.57,0.5,0.65,90,922,0.6626898047722343,60.049891540130155,-6.907809110629067,-6369.0,23.398527004909983,-66.44855305466238,0.6918051825506278,-10.417748917748918,"-10.42,-9.25,-3.49,-4.45",0,8,-12.857723577235772,0.4067245119305857,-17.5,-11517.5,-12266.0
ml,pred_hit99_logit,0.57,0.5,0.65,95,922,0.6258134490238612,60.049891540130155,-7.097613882863342,-6544.000000000002,28.361351819757363,-66.40144927536232,0.714341838182334,-9.811688311688314,"-9.81,-9.34,-3.27,-5.95",0,8,-12.2479674796748,0.4067245119305857,-39.0,-11539.0,-12706.0
ml,pred_hit99_logit,0.57,0.5,0.65,99,922,0.6030368763557483,60.049891540130155,-6.849240780911063,-6315.0,32.37769784172662,-66.43989071038251,0.7403051363243821,-10.028138528138529,"-10.03,-9.06,-2.31,-5.97",0,8,-14.028455284552848,0.4067245119305857,-37.5,-11537.5,-13020.5
ml,pred_hit99_logit,0.58,0.5,0.65,80,808,0.7388613861386139,60.48267326732674,-7.873762376237623,-6362.0,12.947236180904525,-66.78436018957346,0.5485221587481817,-10.282178217821782,"-9.98,-10.28,-6.85,-4.39",0,8,-12.105769230769228,0.4084158415841584,-44.50000000000001,-11544.5,-12218.0
ml,pred_hit99_logit,0.58,0.5,0.65,85,808,0.7017326732673267,60.48267326732674,-7.33539603960396,-5927.0,17.914462081128747,-66.74066390041494,0.631508595231434,-10.925742574257425,"-9.83,-10.93,-5.59,-3.00",0,8,-12.409836065573773,0.4084158415841584,-19.0,-11519.0,-11969.0
ml,pred_hit99_logit,0.58,0.5,0.65,90,808,0.6646039603960396,60.48267326732674,-7.1683168316831685,-5792.0,22.987895716945996,-66.92435424354244,0.6806440051829185,-11.410891089108912,"-11.41,-11.17,-4.18,-1.91",0,8,-14.336065573770492,0.4084158415841584,-5.0,-11505.0,-12253.5
ml,pred_hit99_logit,0.58,0.5,0.65,95,808,0.6324257425742574,60.48267326732674,-6.902227722772279,-5577.000000000002,27.995107632093934,-66.94444444444444,0.7195020746887967,-10.71782178217822,"-10.72,-10.41,-2.54,-3.94",0,8,-13.721311475409838,0.4084158415841584,-35.5,-11535.5,-12702.5
ml,pred_hit99_logit,0.58,0.5,0.65,99,808,0.6101485148514851,60.48267326732674,-6.577970297029703,-5315.0,32.02535496957404,-66.9952380952381,0.7481460421257138,-10.46039603960396,"-10.34,-10.46,-1.28,-4.23",0,8,-13.596153846153848,0.4084158415841584,-12.0,-11512.0,-12995.0
ml,pred_hit99_logit,0.59,0.5,0.65,80,705,0.7375886524822695,60.75886524822695,-8.25177304964539,-5817.5,12.698076923076924,-67.13783783783784,0.5316211102612616,-10.788135593220339,"-10.79,-10.77,-7.44,-3.99",0,8,-12.387850467289718,0.39858156028368796,-2.0,-11502.0,-12175.5
ml,pred_hit99_logit,0.59,0.5,0.65,85,705,0.7063829787234043,60.75886524822695,-7.21631205673759,-5087.500000000001,17.69277108433735,-67.14251207729468,0.6339533043134151,-10.602272727272727,"-9.71,-10.60,-6.56,-1.97",0,8,-12.901869158878506,0.39858156028368796,-36.0,-11536.0,-12652.5
ml,pred_hit99_logit,0.59,0.5,0.65,90,705,0.6680851063829787,60.75886524822695,-7.131205673758865,-5027.5,22.76326963906582,-67.30341880341881,0.6807733824369802,-11.466101694915254,"-11.47,-11.34,-5.00,-0.69",0,8,-15.565420560747663,0.39858156028368796,-16.0,-11516.0,-12264.5
ml,pred_hit99_logit,0.59,0.5,0.65,95,705,0.6368794326241135,60.75886524822695,-6.755319148936173,-4762.500000000002,27.771714922048996,-67.3125,0.723624651810585,-10.562146892655369,"-10.56,-9.84,-3.66,-2.94",1,8,-14.443925233644862,0.39858156028368796,-19.5,-11519.5,-13461.0
ml,pred_hit99_logit,0.59,0.5,0.65,99,705,0.6156028368794326,60.75886524822695,-6.31418439716312,-4451.5,31.81336405529954,-67.37453874538745,0.7561957444477915,-10.44915254237288,"-10.45,-9.65,-2.09,-3.05",2,8,-15.00561797752809,0.39858156028368796,-62.0,-11562.0,-14231.0
ml,pred_hit99_logit,0.6,0.5,0.65,80,583,0.7444253859348199,61.11663807890223,-8.062607204116638,-4700.5,12.412442396313365,-67.70134228187919,0.5340272614622057,-9.883561643835616,"-9.78,-9.88,-7.32,-5.25",0,8,-12.02238805970149,0.37392795883361923,-6.999999999999993,-11507.0,-11857.0
ml,pred_hit99_logit,0.6,0.5,0.65,85,583,0.7101200686106347,61.11663807890223,-7.256432246998285,-4230.5,17.396135265700483,-67.64792899408285,0.6299584517821999,-10.32876712328767,"-9.13,-10.33,-5.84,-3.70",0,8,-12.320895522388062,0.37392795883361923,-8.5,-11508.5,-11958.5
ml,pred_hit99_logit,0.6,0.5,0.65,90,583,0.6740994854202401,61.11663807890223,-6.947684391080617,-4050.5,22.459287531806616,-67.77368421052631,0.6854469208666615,-10.67123287671233,"-10.67,-10.64,-3.41,-3.04",0,8,-14.074712643678161,0.37392795883361923,-53.0,-11553.0,-12103.0
ml,pred_hit99_logit,0.6,0.5,0.65,95,583,0.6415094339622641,61.11663807890223,-6.673241852487138,-3890.5000000000014,27.481283422459892,-67.79186602870813,0.7254120055051699,-10.157534246575343,"-10.16,-9.40,-2.42,-4.70",0,8,-13.270114942528739,0.37392795883361923,-20.000000000000007,-11520.0,-12170.0
ml,pred_hit99_logit,0.6,0.5,0.65,99,583,0.6192109777015438,61.11663807890223,-6.3147512864493995,-3681.5,31.51108033240997,-67.82432432432432,0.7554957826924354,-10.486301369863014,"-10.49,-8.97,-1.68,-4.10",1,8,-14.38888888888889,0.37392795883361923,0.0,-11500.0,-12230.0
ml,pred_hit99_logit,0.61,0.5,0.65,80,489,0.7525562372188139,61.464212678936605,-7.759713701431492,-3794.4999999999995,12.111413043478262,-68.19421487603306,0.5401442162031146,-11.207317073170731,"-11.21,-8.08,-8.05,-3.67",0,8,-11.584745762711863,0.35787321063394684,-1.0,-11501.0,-11501.0
ml,pred_hit99_logit,0.61,0.5,0.65,85,489,0.7177914110429447,61.464212678936605,-6.951942740286299,-3399.5,17.095441595441596,-68.1159420289855,0.6383510638297872,-10.475609756097562,"-10.48,-8.49,-6.37,-2.44",0,8,-12.43220338983051,0.35787321063394684,-51.0,-11551.0,-11551.0
ml,pred_hit99_logit,0.61,0.5,0.65,90,489,0.6789366053169734,61.464212678936605,-6.859918200408998,-3354.5,22.17168674698795,-68.2515923566879,0.6869488124679203,-12.995934959349594,"-13.00,-8.66,-4.93,-0.80",0,8,-15.313559322033898,0.35787321063394684,-36.000000000000014,-11536.0,-11536.0
ml,pred_hit99_logit,0.61,0.5,0.65,95,489,0.6441717791411042,61.464212678936605,-6.7678936605316995,-3309.500000000001,27.195238095238096,-68.25287356321839,0.7213287302121927,-13.077235772357726,"-13.08,-6.89,-4.52,-2.52",1,8,-15.65254237288136,0.35787321063394684,-3.5000000000000284,-11503.5,-11503.5
ml,pred_hit99_logit,0.61,0.5,0.65,99,489,0.621676891615542,61.464212678936605,-6.418200408997955,-3138.5,31.23355263157895,-68.28918918918919,0.7515731982427672,-12.410569105691057,"-12.41,-6.74,-4.27,-2.20",1,8,-15.161016949152541,0.35787321063394684,-65.0,-11565.0,-11565.0
ml,pred_hit99_logit,0.62,0.5,0.65,80,370,0.7486486486486487,61.77027027027028,-8.378378378378379,-3100.0,11.824909747292422,-68.55376344086021,0.5137636263822447,-12.801075268817204,"-7.91,-12.80,-8.89,-3.87",0,8,-16.26315789473684,0.34324324324324323,-30.99999999999997,-11531.0,-12300.5
ml,pred_hit99_logit,0.62,0.5,0.65,85,370,0.7135135135135136,61.77027027027028,-7.621621621621622,-2820.0,16.78787878787879,-68.41509433962264,0.6111417539988968,-12.048387096774194,"-6.94,-12.05,-8.84,-2.62",0,8,-17.44736842105263,0.34324324324324323,-9.000000000000014,-11509.0,-11860.5
ml,pred_hit99_logit,0.62,0.5,0.65,90,370,0.6810810810810811,61.77027027027028,-6.972972972972973,-2580.0,21.83730158730159,-68.5,0.6808115798589632,-11.618279569892474,"-7.26,-11.62,-9.22,0.26",0,8,-14.979166666666666,0.34324324324324323,-52.5,-11552.5,-11999.0
ml,pred_hit99_logit,0.62,0.5,0.65,95,370,0.6486486486486487,61.77027027027028,-6.648648648648651,-2460.000000000001,26.833333333333332,-68.46153846153847,0.7235955056179775,-9.467741935483874,"-8.02,-9.47,-6.93,-2.13",1,8,-16.02083333333334,0.34324324324324323,67.0,-11433.0,-12003.0
ml,pred_hit99_logit,0.62,0.5,0.65,99,370,0.6270270270270271,61.77027027027028,-6.194594594594594,-2292.0,30.857758620689655,-68.48550724637681,0.757485980319543,-9.102150537634408,"-7.65,-9.10,-5.40,-2.58",2,8,-15.916666666666666,0.34324324324324323,93.0,-11407.0,-12024.5
ml,pred_hit99_logit,0.63,0.5,0.65,80,276,0.7463768115942029,61.97826086956522,-8.768115942028986,-2420.0,11.62135922330097,-68.77142857142857,0.49729954299958457,-14.485507246376812,"-6.92,-14.49,-7.56,-6.11",0,8,-24.195652173913043,0.3333333333333333,159.0,-11341.0,-12141.0
ml,pred_hit99_logit,0.63,0.5,0.65,85,276,0.7101449275362319,61.97826086956522,-8.115942028985508,-2240.0,16.602040816326532,-68.675,0.592282489989079,-13.543478260869565,"-6.85,-13.54,-8.64,-3.43",0,8,-25.065217391304348,0.3333333333333333,275.5,-11224.5,-11621.5
ml,pred_hit99_logit,0.63,0.5,0.65,90,276,0.677536231884058,61.97826086956522,-7.5,-2070.0,21.665775401069517,-68.78089887640449,0.6618475863758883,-12.891304347826088,"-5.91,-12.89,-10.31,-0.89",0,8,-22.456521739130434,0.3333333333333333,496.0,-11004.0,-11472.0
ml,pred_hit99_logit,0.63,0.5,0.65,95,276,0.6413043478260869,61.97826086956522,-7.55434782608696,-2085.000000000001,26.663841807909606,-68.73232323232324,0.6935851274891616,-11.15217391304348,"-6.63,-11.15,-8.43,-4.01",0,8,-23.978260869565222,0.3333333333333333,364.0,-11136.0,-11677.5
ml,pred_hit99_logit,0.63,0.5,0.65,99,276,0.6231884057971014,61.97826086956522,-6.782608695652174,-1872.0,30.709302325581394,-68.78846153846153,0.738328207995527,-10.152173913043478,"-6.95,-10.15,-5.88,-4.15",1,8,-26.369565217391305,0.3333333333333333,452.5,-11047.5,-11665.0
ml,pred_hit99_logit,0.64,0.5,0.65,80,221,0.7420814479638009,62.09049773755656,-9.223981900452488,-2038.4999999999998,11.481707317073173,-68.79824561403508,0.48017340303455325,-15.227272727272727,"-7.07,-15.23,-6.59,-8.05",0,8,-29.333333333333332,0.29411764705882354,576.5,-10923.5,-11712.0
ml,pred_hit99_logit,0.64,0.5,0.65,85,221,0.7013574660633484,62.09049773755656,-8.975113122171948,-1983.5000000000005,16.448387096774194,-68.68181818181819,0.5624310611074343,-14.954545454545455,"-7.88,-14.95,-8.86,-4.23",2,8,-31.555555555555557,0.29411764705882354,563.5,-10936.5,-11317.0
ml,pred_hit99_logit,0.64,0.5,0.65,90,221,0.669683257918552,62.09049773755656,-8.319004524886878,-1838.5,21.5,-68.77397260273973,0.6338014142017727,-13.409090909090908,"-7.61,-13.41,-10.23,-2.05",1,8,-29.333333333333332,0.29411764705882354,666.0,-10834.0,-11280.5
ml,pred_hit99_logit,0.64,0.5,0.65,95,221,0.6289592760180995,62.09049773755656,-8.839366515837106,-1953.5000000000005,26.48561151079136,-68.71951219512195,0.6533274179236911,-13.772727272727275,"-7.70,-13.77,-8.68,-5.23",1,8,-32.388888888888886,0.29411764705882354,460.5,-11039.5,-11581.0
ml,pred_hit99_logit,0.64,0.5,0.65,99,221,0.6108597285067874,62.09049773755656,-8.115384615384615,-1793.5,30.522222222222222,-68.76744186046511,0.6967365573216098,-11.445454545454545,"-8.73,-11.45,-6.14,-6.14",1,8,-30.833333333333332,0.29411764705882354,617.0,-10883.0,-11500.5
ml,pred_hit99_logit,0.65,0.5,0.65,80,144,0.75,62.2361111111111,-8.736111111111109,-1257.9999999999998,11.305555555555555,-68.86111111111111,0.4925373134328358,-11.527777777777779,"-9.44,-11.19,-11.53,-2.78",1,8,-33.611111111111114,0.1875,1455.5,-10044.5,-10576.5
ml,pred_hit99_logit,0.65,0.5,0.65,85,144,0.7083333333333334,62.2361111111111,-8.527777777777779,-1228.0,16.264705882352942,-68.73809523809524,0.5746449601662625,-12.63888888888889,"-10.56,-12.31,-12.64,1.39",2,8,-40.833333333333336,0.1875,1439.5,-10060.5,-10162.0
ml,pred_hit99_logit,0.65,0.5,0.65,90,144,0.6666666666666666,62.2361111111111,-8.73611111111111,-1258.0,21.333333333333332,-68.875,0.6194797338173019,-16.805555555555557,"-12.22,-8.97,-16.81,3.06",1,8,-39.166666666666664,0.1875,1306.0,-10194.0,-10331.0
ml,pred_hit99_logit,0.65,0.5,0.65,95,144,0.6319444444444444,62.2361111111111,-8.701388888888893,-1253.0000000000005,26.291208791208792,-68.78301886792453,0.6562885749554245,-13.888888888888893,"-11.81,-10.92,-13.89,1.81",2,8,-48.05555555555556,0.1875,1453.5,-10046.5,-10204.5
ml,pred_hit99_logit,0.65,0.5,0.65,99,144,0.6180555555555556,62.2361111111111,-7.548611111111111,-1087.0,30.331460674157302,-68.84545454545454,0.7129275056120428,-12.222222222222221,"-12.22,-11.22,-11.56,4.81",2,8,-47.166666666666664,0.1875,1446.0,-10054.0,-10336.5
ml,pred_hit99_logit,0.66,0.5,0.65,80,94,0.7553191489361702,62.13829787234042,-8.212765957446807,-771.9999999999999,11.330985915492962,-68.54347826086956,0.5103076435141137,-15.583333333333334,"-10.58,-15.58,-9.98,3.72",3,8,-53.1,0.1595744680851064,3137.5,-8362.5,-9300.5
ml,pred_hit99_logit,0.66,0.5,0.65,85,94,0.7340425531914894,62.13829787234042,-6.244680851063831,-587.0000000000001,16.297101449275363,-68.46,0.6570260005842828,-15.791666666666666,"-10.58,-15.79,-6.28,8.28",4,8,-69.1,0.1595744680851064,3889.0,-7611.0,-8651.5
ml,pred_hit99_logit,0.66,0.5,0.65,90,94,0.6808510638297872,62.13829787234042,-7.361702127659575,-692.0,21.390625,-68.7,0.6642406598738476,-16.416666666666668,"-11.00,-16.42,-10.41,8.93",4,8,-69.1,0.1595744680851064,3163.5,-8336.5,-9187.5
ml,pred_hit99_logit,0.66,0.5,0.65,95,94,0.648936170212766,62.13829787234042,-6.989361702127662,-657.0000000000002,26.434426229508198,-68.77272727272727,0.7105089226701917,-17.458333333333332,"-7.88,-17.46,-7.15,5.02",3,8,-69.1,0.1595744680851064,3429.5,-8070.5,-8731.0
ml,pred_hit99_logit,0.66,0.5,0.65,99,94,0.6382978723404256,62.13829787234042,-5.446808510638298,-512.0,30.466666666666665,-68.82352941176471,0.7811965811965812,-15.291666666666666,"-9.50,-15.29,-4.54,8.15",3,8,-69.1,0.1595744680851064,4032.5,-7467.5,-8554.0
ml,pred_hit99_logit,0.67,0.5,0.65,80,62,0.7096774193548387,62.403225806451616,-12.129032258064516,-752.0,11.113636363636367,-68.94444444444444,0.3940370668815472,-24.125,"-13.06,-24.12,-9.97,-0.50",2,8,-53.1,0.1935483870967742,3297.0,-8203.0,-8875.0
ml,pred_hit99_logit,0.67,0.5,0.65,85,62,0.6935483870967742,62.403225806451616,-9.951612903225806,-617.0,16.127906976744182,-68.97368421052632,0.5291873330789774,-26.625,"-9.63,-26.62,-6.30,3.83",3,8,-69.1,0.1935483870967742,4182.5,-7317.5,-9263.5
ml,pred_hit99_logit,0.67,0.5,0.65,90,62,0.6129032258064516,62.403225806451616,-13.741935483870968,-852.0,21.263157894736842,-69.16666666666667,0.4867469879518072,-29.75,"-11.81,-29.75,-14.63,2.17",2,8,-69.1,0.1935483870967742,2762.0,-8738.0,-10478.5
ml,pred_hit99_logit,0.67,0.5,0.65,95,62,0.5645161290322581,62.403225806451616,-15.274193548387096,-947.0,26.328571428571422,-69.20370370370371,0.49317634466149307,-33.5,"-8.69,-33.50,-11.63,-6.50",4,8,-69.1,0.1935483870967742,2420.5,-9079.5,-11300.0
ml,pred_hit99_logit,0.67,0.5,0.65,99,62,0.5483870967741935,62.403225806451616,-14.612903225806452,-906.0,30.38235294117647,-69.25,0.5327488396080454,-32.0,"-12.38,-32.00,-9.23,-3.83",3,8,-69.1,0.1935483870967742,2577.0,-8923.0,-9842.5
ml,pred_hit99_logit,0.68,0.5,0.65,80,38,0.7894736842105263,62.28947368421053,-5.631578947368421,-214.0,11.16666666666667,-68.625,0.6102003642987252,-13.8,"-11.90,-13.80,-5.50,10.28",5,8,-70.5,0.18421052631578946,7867.5,-3632.5,-5927.0
ml,pred_hit99_logit,0.68,0.5,0.65,85,38,0.7894736842105263,62.28947368421053,-1.6842105263157903,-64.00000000000003,16.166666666666664,-68.625,0.8834244080145718,-10.3,"-8.40,-10.30,-1.61,15.28",6,8,-70.5,0.18421052631578946,9860.5,-1639.5,-5713.5
ml,pred_hit99_logit,0.68,0.5,0.65,90,38,0.6842105263157895,62.28947368421053,-7.2105263157894735,-274.0,21.346153846153847,-69.08333333333333,0.669481302774427,-15.8,"-13.90,-15.80,-7.72,10.28",4,8,-70.5,0.18421052631578946,6900.0,-4600.0,-7003.0
ml,pred_hit99_logit,0.68,0.5,0.65,95,38,0.6052631578947368,62.28947368421053,-11.28947368421053,-429.0000000000001,26.45652173913043,-69.16666666666667,0.5865060240963854,-22.3,"-10.90,-22.30,-4.39,-6.39",4,8,-70.5,0.18421052631578946,5409.5,-6090.5,-8248.0
ml,pred_hit99_logit,0.68,0.5,0.65,99,38,0.5789473684210527,62.28947368421053,-11.473684210526315,-436.0,30.545454545454547,-69.25,0.6064981949458483,-20.3,"-18.40,-20.30,-1.72,-3.72",4,8,-70.5,0.18421052631578946,5344.0,-6156.0,-6820.5
ml,pred_hit99_logit,0.52,0.55,0.65,80,1181,0.7197290431837426,59.56138865368331,-8.483065198983912,-10018.5,13.83529411764706,-65.79607250755286,0.5399820924306081,-10.58813559322034,"-10.21,-10.59,-6.46,-6.68",0,8,-12.031249999999998,0.4674005080440305,-57.5,-11557.5,-11907.5
ml,pred_hit99_logit,0.52,0.55,0.65,85,1181,0.6816257408975445,59.56138865368331,-8.123200677392042,-9593.500000000002,18.803105590062113,-65.77127659574468,0.6120703598867772,-10.859322033898305,"-10.16,-10.86,-6.49,-4.98",0,8,-12.375000000000004,0.4674005080440305,-2.500000000000014,-11502.5,-12187.0
ml,pred_hit99_logit,0.52,0.55,0.65,90,1181,0.6469093988145639,59.56138865368331,-7.839542760372566,-9258.5,23.849476439790575,-65.89808153477219,0.6630761112829564,-11.266101694915255,"-10.81,-11.27,-5.13,-4.13",0,8,-13.15625,0.4674005080440305,-23.0,-11523.0,-12664.0
ml,pred_hit99_logit,0.52,0.55,0.65,95,1181,0.6164267569856055,59.56138865368331,-7.500846740050807,-8858.500000000004,28.86401098901099,-65.94150110375276,0.7034464288703279,-10.791525423728816,"-10.31,-10.79,-3.37,-5.52",0,8,-13.187500000000004,0.4674005080440305,-7.5,-11507.5,-13159.0
ml,pred_hit99_logit,0.52,0.55,0.65,99,1181,0.5910245554614734,59.56138865368331,-7.54995766299746,-8916.5,32.85243553008596,-65.9368530020704,0.7200251197111234,-10.631756756756756,"-10.63,-10.14,-3.43,-5.99",0,8,-13.4375,0.4674005080440305,-68.0,-11568.0,-13644.0
ml,pred_hit99_logit,0.53,0.55,0.65,80,1147,0.7218831734960767,59.6512641673932,-8.400610287707062,-9635.5,13.748792270531402,-65.89184952978056,0.5415923309308024,-10.151567944250871,"-9.45,-10.15,-6.58,-7.42",0,8,-11.919354838709676,0.45684394071490847,-51.5,-11551.5,-12426.5
ml,pred_hit99_logit,0.53,0.55,0.65,85,1147,0.6835222319093287,59.6512641673932,-8.051874455100261,-9235.5,18.711734693877553,-65.85537190082644,0.6136663110999561,-10.5,"-9.45,-10.50,-6.42,-5.83",0,8,-12.370967741935488,0.45684394071490847,-38.0,-11538.0,-12222.5
ml,pred_hit99_logit,0.53,0.55,0.65,90,1147,0.6495204882301656,59.6512641673932,-7.694420226678291,-8825.5,23.764429530201344,-65.9950248756219,0.6673388616660384,-10.674216027874564,"-10.18,-10.67,-5.12,-4.79",0,8,-12.693548387096774,0.45684394071490847,-45.49999999999999,-11545.5,-12686.5
ml,pred_hit99_logit,0.53,0.55,0.65,95,1147,0.6198779424585876,59.6512641673932,-7.262859633827379,-8330.500000000004,28.78410689170183,-66.04587155963303,0.7107063481039033,-9.71254355400697,"-9.71,-9.58,-3.39,-6.37",0,8,-11.564516129032262,0.45684394071490847,-13.500000000000028,-11513.5,-13165.0
ml,pred_hit99_logit,0.53,0.55,0.65,99,1147,0.5954664341761116,59.6512641673932,-7.200087183958152,-8258.5,32.781112737920935,-66.05172413793103,0.7305370660401984,-10.088850174216027,"-10.09,-8.92,-3.52,-6.27",0,8,-13.334586466165415,0.45684394071490847,-5.5,-11505.5,-13581.5
ml,pred_hit99_logit,0.54,0.55,0.65,80,1111,0.7245724572457246,59.75697569756975,-8.291179117911792,-9211.5,13.650310559006211,-66.01307189542484,0.5439851485148515,-9.676258992805755,"-9.65,-9.68,-7.04,-6.80",0,8,-10.963087248322145,0.4527452745274527,-56.5,-11556.5,-12431.5
ml,pred_hit99_logit,0.54,0.55,0.65,85,1111,0.684968496849685,59.75697569756975,-8.034653465346535,-8926.5,18.606438896189225,-65.96,0.6133370874122845,-10.107913669064748,"-9.47,-10.11,-7.32,-5.23",0,8,-11.500000000000002,0.4527452745274527,-49.5,-11549.5,-12234.0
ml,pred_hit99_logit,0.54,0.55,0.65,90,1111,0.6516651665166516,59.75697569756975,-7.607110711071107,-8451.5,23.665745856353592,-66.1124031007752,0.6696761837759668,-10.359712230215827,"-10.33,-10.36,-5.81,-3.91",0,8,-11.90268456375839,0.4527452745274527,-21.5,-11521.5,-12662.5
ml,pred_hit99_logit,0.54,0.55,0.65,95,1111,0.6228622862286228,59.75697569756975,-7.085058505850588,-7871.500000000004,28.69364161849711,-66.17541766109785,0.7161121630150572,-9.611510791366909,"-9.61,-9.30,-4.18,-5.25",0,8,-11.141221374045806,0.4527452745274527,-52.5,-11552.5,-13204.0
ml,pred_hit99_logit,0.54,0.55,0.65,99,1111,0.5976597659765976,59.75697569756975,-7.088658865886589,-7875.5,32.68674698795181,-66.17337807606263,0.7337514156763975,-10.071942446043165,"-10.07,-8.68,-4.06,-5.54",0,8,-13.35496183206107,0.4527452745274527,-27.000000000000007,-11527.0,-13603.0
ml,pred_hit99_logit,0.55,0.55,0.65,80,1051,0.7240723120837298,59.93815413891532,-8.512369172216935,-8946.5,13.45400788436268,-66.15517241379311,0.5336721396924681,-9.553231939163496,"-9.55,-9.42,-7.51,-7.56",0,8,-10.217741935483868,0.4424357754519505,-7.999999999999979,-11508.0,-12383.0
ml,pred_hit99_logit,0.55,0.55,0.65,85,1051,0.6841103710751665,59.93815413891532,-8.288772597526165,-8711.5,18.405424200278166,-66.09939759036145,0.603030303030303,-9.724334600760455,"-9.55,-9.72,-7.72,-6.15",0,8,-10.443262411347519,0.4424357754519505,-40.00000000000001,-11540.0,-12224.5
ml,pred_hit99_logit,0.55,0.55,0.65,90,1051,0.6508087535680305,59.93815413891532,-7.865366317792579,-8266.5,23.470760233918128,-66.2683923705722,0.6601015604119981,-10.655893536121672,"-10.66,-10.14,-5.99,-4.66",0,8,-11.911290322580646,0.4424357754519505,-59.5,-11559.5,-12700.5
ml,pred_hit99_logit,0.55,0.55,0.65,95,1051,0.6203615604186489,59.93815413891532,-7.503805899143674,-7886.500000000002,28.49079754601227,-66.32205513784461,0.7019744922059519,-10.08555133079848,"-10.09,-9.17,-4.45,-6.31",0,8,-11.95161290322581,0.4424357754519505,-26.0,-11526.0,-13177.5
ml,pred_hit99_logit,0.55,0.55,0.65,99,1051,0.5956232159847764,59.93815413891532,-7.471455756422455,-7852.5,32.48562300319489,-66.32588235294118,0.7214289515227841,-10.724334600760455,"-10.72,-8.64,-3.73,-6.79",0,8,-14.451612903225808,0.4424357754519505,-23.500000000000007,-11523.5,-13599.5
ml,pred_hit99_logit,0.56,0.55,0.65,80,972,0.7263374485596708,60.197530864197525,-8.590534979423868,-8350.0,13.202549575070822,-66.43233082706767,0.527474393073397,-10.290123456790123,"-9.34,-10.29,-7.32,-7.41",0,8,-11.437007874015745,0.42901234567901236,-2.9999999999999716,-11503.0,-12378.0
ml,pred_hit99_logit,0.56,0.55,0.65,85,972,0.6893004115226338,60.197530864197525,-8.106995884773664,-7880.000000000001,18.171641791044777,-66.40728476821192,0.6070805285464971,-10.248971193415638,"-9.61,-10.25,-7.11,-5.46",0,8,-11.318897637795278,0.42901234567901236,-19.5,-11519.5,-12204.0
ml,pred_hit99_logit,0.56,0.55,0.65,90,972,0.6563786008230452,60.197530864197525,-7.6234567901234565,-7410.0,23.238244514106583,-66.57485029940119,0.6667566109012413,-11.067901234567902,"-11.07,-10.25,-5.10,-4.08",0,8,-13.216814159292035,0.42901234567901236,-27.0,-11527.0,-12668.0
ml,pred_hit99_logit,0.56,0.55,0.65,95,972,0.6255144032921811,60.197530864197525,-7.2736625514403315,-7070.000000000002,28.25657894736842,-66.62087912087912,0.7084536082474227,-10.32716049382716,"-10.33,-9.45,-3.64,-5.69",0,8,-12.774336283185844,0.42901234567901236,-18.50000000000002,-11518.5,-13170.0
ml,pred_hit99_logit,0.56,0.55,0.65,99,972,0.5997942386831275,60.197530864197525,-7.317901234567901,-7113.0,32.24442538593482,-66.61053984575835,0.7254886826312641,-11.216049382716049,"-11.22,-8.66,-3.43,-5.97",0,8,-15.765486725663719,0.42901234567901236,-28.5,-11528.5,-13604.5
ml,pred_hit99_logit,0.57,0.55,0.65,80,868,0.7315668202764977,60.51036866359447,-8.485023041474655,-7365.0,12.881102362204725,-66.71459227467811,0.5261989771301747,-10.352534562211982,"-10.35,-8.90,-7.41,-7.28",0,8,-12.383495145631066,0.4228110599078341,-49.5,-11549.5,-12223.0
ml,pred_hit99_logit,0.57,0.55,0.65,85,868,0.6947004608294931,60.51036866359447,-7.960829493087559,-6910.000000000001,17.844941956882256,-66.6811320754717,0.608952774398008,-10.744239631336406,"-10.74,-8.79,-6.81,-5.50",0,8,-12.286407766990294,0.4228110599078341,-12.999999999999993,-11513.0,-11963.0
ml,pred_hit99_logit,0.57,0.55,0.65,90,868,0.6589861751152074,60.51036866359447,-7.701612903225806,-6685.0,22.905594405594407,-66.84797297297297,0.662151917925911,-12.426267281105991,"-12.43,-9.09,-4.92,-4.38",0,8,-14.325242718446601,0.4228110599078341,-4.5,-11504.5,-12253.0
ml,pred_hit99_logit,0.57,0.55,0.65,95,868,0.6278801843317973,60.51036866359447,-7.361751152073735,-6390.000000000002,27.923853211009167,-66.89938080495357,0.7042830367679384,-11.59677419354839,"-11.60,-8.49,-3.65,-5.71",0,8,-14.17961165048544,0.4228110599078341,-53.0,-11553.0,-12798.0
ml,pred_hit99_logit,0.57,0.55,0.65,99,868,0.6036866359447005,60.51036866359447,-7.2453917050691246,-6289.0,31.923664122137403,-66.90988372093024,0.7267671720901943,-12.011520737327189,"-12.01,-8.30,-2.80,-5.87",0,8,-16.771844660194176,0.4228110599078341,-4.0,-11504.0,-12987.0
ml,pred_hit99_logit,0.58,0.55,0.65,80,777,0.7387387387387387,60.79536679536679,-8.196267696267695,-6368.499999999999,12.635888501742164,-67.10098522167488,0.5324670557574425,-10.341025641025642,"-10.34,-9.69,-7.71,-5.04",0,8,-12.230337078651683,0.41827541827541825,-28.500000000000007,-11528.5,-12202.0
ml,pred_hit99_logit,0.58,0.55,0.65,85,777,0.7014157014157014,60.79536679536679,-7.675032175032175,-5963.5,17.59908256880734,-67.04741379310344,0.6166184506589522,-10.725641025641025,"-10.73,-10.02,-6.60,-3.34",0,8,-12.045454545454547,0.41827541827541825,-25.500000000000007,-11525.5,-11975.5
ml,pred_hit99_logit,0.58,0.55,0.65,90,777,0.6628056628056628,60.79536679536679,-7.642857142857143,-5938.5,22.657281553398057,-67.20229007633588,0.6627193729766571,-12.956410256410257,"-12.96,-10.36,-4.88,-2.36",0,8,-14.47752808988764,0.41827541827541825,-46.5,-11546.5,-12295.0
ml,pred_hit99_logit,0.58,0.55,0.65,95,777,0.6332046332046332,60.79536679536679,-7.140926640926642,-5548.500000000001,27.6890243902439,-67.26842105263158,0.7105860261325405,-12.392307692307693,"-12.39,-8.65,-3.36,-4.13",0,8,-14.758426966292138,0.41827541827541825,-12.000000000000071,-11512.0,-12679.0
ml,pred_hit99_logit,0.58,0.55,0.65,99,777,0.61003861003861,60.79536679536679,-6.901544401544402,-5362.5,31.70886075949367,-67.3019801980198,0.7370356748804707,-12.125641025641025,"-12.13,-8.73,-2.19,-4.54",0,8,-15.893258426966295,0.41827541827541825,-25.5,-11525.5,-13008.5
ml,pred_hit99_logit,0.59,0.55,0.65,80,679,0.7363770250368189,61.069219440353464,-8.659057437407952,-5879.5,12.370000000000001,-67.39944134078212,0.5126611131833064,-10.741176470588234,"-10.74,-10.65,-8.19,-5.03",0,8,-12.387850467289718,0.40795287187039764,-31.0,-11531.0,-12204.5
ml,pred_hit99_logit,0.59,0.55,0.65,85,679,0.7054491899852725,61.069219440353464,-7.6060382916053015,-5164.5,17.366388308977037,-67.415,0.6169621004227546,-10.594117647058823,"-10.21,-10.59,-6.95,-2.64",0,8,-12.901869158878506,0.40795287187039764,-55.5,-11555.5,-12005.5
ml,pred_hit99_logit,0.59,0.55,0.65,90,679,0.6656848306332842,61.069219440353464,-7.65758468335788,-5199.5,22.420353982300885,-67.54845814977973,0.6609058597189161,-12.68235294117647,"-12.68,-10.95,-5.48,-1.48",0,8,-15.86,0.40795287187039764,-11.5,-11511.5,-12260.0
ml,pred_hit99_logit,0.59,0.55,0.65,95,679,0.6362297496318114,61.069219440353464,-7.127393225331373,-4839.500000000002,27.444444444444443,-67.59311740890688,0.7101314725524842,-11.329411764705883,"-11.33,-9.48,-4.25,-3.43",0,8,-15.526666666666669,0.40795287187039764,-38.00000000000001,-11538.0,-12705.0
ml,pred_hit99_logit,0.59,0.55,0.65,99,679,0.614138438880707,61.069219440353464,-6.769513991163476,-4596.5,31.476019184652277,-67.6412213740458,0.7406331113869766,-11.305882352941177,"-11.31,-9.36,-2.73,-3.67",2,8,-17.3,0.40795287187039764,-7.5,-11507.5,-12990.5
ml,pred_hit99_logit,0.6,0.55,0.65,80,567,0.7389770723104057,61.35449735449735,-8.736331569664904,-4953.5,12.108591885441527,-67.75,0.50598384362222,-11.612676056338028,"-11.61,-9.92,-7.38,-6.01",0,8,-13.796874999999998,0.37742504409171074,-15.999999999999986,-11516.0,-11866.0
ml,pred_hit99_logit,0.6,0.55,0.65,85,567,0.7054673721340388,61.35449735449735,-7.889770723104056,-4473.5,17.0975,-67.73952095808383,0.6045524861878453,-11.718309859154932,"-11.72,-9.89,-5.97,-3.95",0,8,-14.421875000000002,0.37742504409171074,-53.0,-11553.0,-12003.0
ml,pred_hit99_logit,0.6,0.55,0.65,90,567,0.6684303350970018,61.35449735449735,-7.695767195767195,-4363.5,22.146437994722955,-67.8563829787234,0.6579524966684958,-14.147887323943662,"-14.15,-9.64,-3.58,-3.39",0,8,-16.921875,0.37742504409171074,-62.50000000000001,-11562.5,-12112.5
ml,pred_hit99_logit,0.6,0.55,0.65,95,567,0.63668430335097,61.35449735449735,-7.369488536155206,-4178.500000000002,27.173130193905816,-67.90291262135922,0.7012796682871032,-13.197183098591552,"-13.20,-8.41,-2.66,-5.20",0,8,-17.078125000000004,0.37742504409171074,-15.000000000000028,-11515.0,-12165.0
ml,pred_hit99_logit,0.6,0.55,0.65,99,567,0.6137566137566137,61.35449735449735,-7.092592592592593,-4021.5,31.192528735632184,-67.92922374429224,0.729674318556112,-13.704225352112676,"-13.70,-7.99,-1.99,-4.66",1,8,-19.59375,0.37742504409171074,-6.500000000000007,-11506.5,-12236.5
ml,pred_hit99_logit,0.61,0.55,0.65,80,478,0.7468619246861925,61.67573221757322,-8.426778242677823,-4027.9999999999995,11.830532212885155,-68.19421487603306,0.5118463309701267,-12.958333333333334,"-12.96,-8.42,-7.96,-4.32",0,8,-14.611111111111109,0.3577405857740586,-17.0,-11517.0,-11517.0
ml,pred_hit99_logit,0.61,0.55,0.65,85,478,0.7133891213389121,61.67573221757322,-7.53765690376569,-3603.0,16.825513196480937,-68.17883211678833,0.6142604785611049,-12.375,"-12.38,-8.93,-6.32,-2.47",0,8,-16.000000000000004,0.3577405857740586,-2.0,-11502.0,-11502.0
ml,pred_hit99_logit,0.61,0.55,0.65,90,478,0.6736401673640168,61.67573221757322,-7.548117154811716,-3608.0,21.888198757763973,-68.3076923076923,0.6614114114114115,-15.875,"-15.88,-8.43,-4.94,-0.88",0,8,-19.61111111111111,0.3577405857740586,-41.5,-11541.5,-11541.5
ml,pred_hit99_logit,0.61,0.55,0.65,95,478,0.6401673640167364,61.67573221757322,-7.359832635983265,-3518.000000000001,26.92156862745098,-68.34883720930233,0.7007485539299081,-15.375000000000002,"-15.38,-6.68,-4.60,-2.73",0,8,-20.44444444444445,0.3577405857740586,-34.5,-11534.5,-11534.5
ml,pred_hit99_logit,0.61,0.55,0.65,99,478,0.6171548117154811,61.67573221757322,-7.077405857740586,-3383.0,30.95084745762712,-68.37978142076503,0.7296519758660647,-14.825,"-14.82,-7.38,-3.58,-2.47",1,8,-20.27777777777778,0.3577405857740586,-1.5,-11501.5,-11501.5
ml,pred_hit99_logit,0.62,0.55,0.65,80,362,0.7430939226519337,61.98342541436463,-9.035911602209943,-3270.9999999999995,11.540892193308553,-68.55376344086021,0.4869422006117168,-12.456043956043956,"-9.61,-12.46,-9.46,-4.58",0,8,-16.26315789473684,0.3397790055248619,-48.99999999999997,-11549.0,-12318.5
ml,pred_hit99_logit,0.62,0.55,0.65,85,362,0.7099447513812155,61.98342541436463,-8.138121546961326,-2946.0,16.523346303501945,-68.5,0.5904066736183524,-11.741758241758241,"-8.79,-11.74,-9.51,-2.47",0,8,-17.44736842105263,0.3397790055248619,-29.0,-11529.0,-11880.5
ml,pred_hit99_logit,0.62,0.55,0.65,90,362,0.6767955801104972,61.98342541436463,-7.571823204419889,-2741.0,21.56122448979592,-68.57692307692308,0.6583785131177167,-11.357142857142858,"-9.28,-11.36,-9.01,-0.58",0,8,-17.0,0.3397790055248619,-29.5,-11529.5,-11976.0
ml,pred_hit99_logit,0.62,0.55,0.65,95,362,0.6464088397790055,61.98342541436463,-7.074585635359118,-2561.000000000001,26.576923076923077,-68.59375,0.7083143507972666,-9.214285714285717,"-9.17,-9.21,-6.73,-3.13",1,8,-18.30434782608696,0.3397790055248619,-61.5,-11561.5,-12103.0
ml,pred_hit99_logit,0.62,0.55,0.65,99,362,0.6243093922651933,61.98342541436463,-6.676795580110498,-2417.0,30.5929203539823,-68.61029411764706,0.7409709570249705,-8.884615384615385,"-8.88,-8.88,-5.21,-3.68",2,8,-18.369565217391305,0.3397790055248619,45.0,-11455.0,-12072.5
ml,pred_hit99_logit,0.63,0.55,0.65,80,270,0.7407407407407407,62.2074074074074,-9.448148148148148,-2551.0,11.315,-68.77142857142857,0.47008724553385955,-14.970588235294118,"-7.53,-14.97,-8.26,-6.98",0,8,-24.195652173913043,0.32592592592592595,-17.0,-11517.0,-12286.5
ml,pred_hit99_logit,0.63,0.55,0.65,85,270,0.7037037037037037,62.2074074074074,-8.892592592592592,-2401.0,16.278947368421054,-68.675,0.5629777939570441,-14.088235294117647,"-7.53,-14.09,-9.53,-4.37",0,8,-25.065217391304348,0.32592592592592595,127.0,-11373.0,-11770.0
ml,pred_hit99_logit,0.63,0.55,0.65,90,270,0.6703703703703704,62.2074074074074,-8.374074074074073,-2261.0,21.328729281767956,-68.78089887640449,0.6306460834762722,-13.5,"-6.65,-13.50,-11.40,-1.90",0,8,-22.456521739130434,0.32592592592592595,261.0,-11239.0,-11707.0
ml,pred_hit99_logit,0.63,0.55,0.65,95,270,0.6370370370370371,62.2074074074074,-8.188888888888892,-2211.000000000001,26.3546511627907,-68.81632653061224,0.672153024911032,-11.808823529411766,"-6.06,-11.81,-9.60,-5.26",0,8,-23.978260869565222,0.32592592592592595,284.5,-11215.5,-11757.0
ml,pred_hit99_logit,0.63,0.55,0.65,99,270,0.6185185185185185,62.2074074074074,-7.474074074074074,-2018.0,30.392215568862277,-68.86893203883496,0.7155142031437232,-10.852941176470589,"-6.38,-10.85,-7.10,-5.53",0,8,-26.369565217391305,0.32592592592592595,329.5,-11170.5,-11788.0
ml,pred_hit99_logit,0.64,0.55,0.65,80,218,0.7385321100917431,62.23394495412844,-9.65137614678899,-2104.0,11.288819875776401,-68.79824561403508,0.463470610735688,-13.790909090909091,"-9.25,-13.79,-7.11,-8.39",0,8,-29.333333333333332,0.2889908256880734,475.0,-11025.0,-11813.5
ml,pred_hit99_logit,0.64,0.55,0.65,85,218,0.6972477064220184,62.23394495412844,-9.46788990825688,-2064.0,16.24342105263158,-68.68181818181819,0.5446724023825281,-13.427272727272728,"-10.25,-13.43,-9.52,-4.59",2,8,-31.555555555555557,0.2889908256880734,561.0,-10939.0,-11319.5
ml,pred_hit99_logit,0.64,0.55,0.65,90,218,0.6651376146788991,62.23394495412844,-8.871559633027523,-1934.0,21.286206896551725,-68.77397260273973,0.6147794044417887,-11.790909090909091,"-10.15,-11.79,-11.00,-2.46",1,8,-29.333333333333332,0.2889908256880734,629.0,-10871.0,-11317.5
ml,pred_hit99_logit,0.64,0.55,0.65,95,218,0.6284403669724771,62.23394495412844,-9.032110091743121,-1969.0000000000002,26.317518248175176,-68.82098765432099,0.646784464974437,-12.063636363636366,"-8.70,-12.06,-9.52,-5.80",1,8,-32.388888888888886,0.2889908256880734,450.0,-11050.0,-11591.5
ml,pred_hit99_logit,0.64,0.55,0.65,99,218,0.6100917431192661,62.23394495412844,-8.3348623853211,-1817.0,30.349624060150376,-68.86470588235294,0.6895874263261297,-9.827272727272728,"-9.83,-9.66,-7.00,-6.80",1,8,-30.833333333333332,0.2889908256880734,623.0,-10877.0,-11494.5
ml,pred_hit99_logit,0.65,0.55,0.65,80,142,0.7464788732394366,62.37323943661971,-9.154929577464788,-1300.0,11.122641509433961,-68.86111111111111,0.4755949979830577,-12.5,"-9.67,-11.25,-12.50,-3.13",1,8,-33.611111111111114,0.18309859154929578,1359.0,-10141.0,-10673.0
ml,pred_hit99_logit,0.65,0.55,0.65,85,142,0.704225352112676,62.37323943661971,-9.014084507042254,-1280.0,16.07,-68.73809523809524,0.5566331832351923,-13.785714285714286,"-10.78,-12.36,-13.79,1.01",2,8,-40.833333333333336,0.18309859154929578,1342.0,-10158.0,-10298.0
ml,pred_hit99_logit,0.65,0.55,0.65,90,142,0.6619718309859155,62.37323943661971,-9.295774647887324,-1320.0,21.127659574468087,-68.875,0.6007259528130672,-18.214285714285715,"-12.44,-9.03,-18.21,2.59",1,8,-39.166666666666664,0.18309859154929578,1193.0,-10307.0,-10412.0
ml,pred_hit99_logit,0.65,0.55,0.65,95,142,0.6338028169014085,62.37323943661971,-8.66197183098592,-1230.0000000000005,26.166666666666668,-68.9423076923077,0.6569037656903766,-15.357142857142858,"-9.39,-10.97,-15.36,1.16",2,8,-48.05555555555556,0.18309859154929578,1267.0,-10233.0,-10343.5
ml,pred_hit99_logit,0.65,0.55,0.65,99,142,0.6197183098591549,62.37323943661971,-7.52112676056338,-1068.0,30.204545454545453,-69.0,0.7133655394524959,-13.071428571428571,"-9.69,-11.28,-13.07,4.13",2,8,-47.166666666666664,0.18309859154929578,1854.5,-9645.5,-10087.0
ml,pred_hit99_logit,0.66,0.55,0.65,80,93,0.7526881720430108,62.25806451612903,-8.54301075268817,-794.4999999999999,11.171428571428574,-68.54347826086956,0.4960355217253411,-16.67391304347826,"-10.58,-16.67,-10.54,3.72",3,8,-53.1,0.15053763440860216,3052.5,-8447.5,-9363.5
ml,pred_hit99_logit,0.66,0.55,0.65,85,93,0.7311827956989247,62.25806451612903,-6.607526881720431,-614.5000000000001,16.13235294117647,-68.46,0.6409582237803096,-17.108695652173914,"-10.58,-17.11,-6.85,8.28",4,8,-69.1,0.15053763440860216,3682.5,-7817.5,-8766.0
ml,pred_hit99_logit,0.66,0.55,0.65,90,93,0.6774193548387096,62.25806451612903,-7.790322580645161,-724.5,21.214285714285715,-68.7,0.648471615720524,-17.97826086956522,"-11.00,-17.98,-10.98,8.93",4,8,-69.1,0.15053763440860216,3080.5,-8419.5,-9231.5
ml,pred_hit99_logit,0.66,0.55,0.65,95,93,0.6451612903225806,62.25806451612903,-7.467741935483874,-694.5000000000002,26.25,-68.77272727272727,0.6939854593522803,-19.282608695652176,"-7.88,-19.28,-7.72,5.02",3,8,-69.1,0.15053763440860216,3162.0,-8338.0,-8949.5
ml,pred_hit99_logit,0.66,0.55,0.65,99,93,0.6344086021505376,62.25806451612903,-5.951612903225806,-553.5,30.279661016949152,-68.82352941176471,0.7634615384615384,-17.195652173913043,"-9.50,-17.20,-5.11,8.15",3,8,-69.1,0.15053763440860216,3758.0,-7742.0,-8721.0
ml,pred_hit99_logit,0.67,0.55,0.65,80,61,0.7049180327868853,62.59016393442622,-12.69672131147541,-774.5,10.848837209302328,-68.94444444444444,0.3759065269943595,-26.366666666666667,"-13.06,-26.37,-10.83,-0.50",2,8,-53.1,0.18032786885245902,3212.5,-8287.5,-8940.5
ml,pred_hit99_logit,0.67,0.55,0.65,85,61,0.6885245901639344,62.59016393442622,-10.565573770491802,-644.5,15.857142857142854,-68.97368421052632,0.5082029759633727,-29.366666666666667,"-9.63,-29.37,-7.17,3.83",3,8,-69.1,0.18032786885245902,3935.5,-7564.5,-9470.5
ml,pred_hit99_logit,0.67,0.55,0.65,90,61,0.6065573770491803,62.59016393442622,-14.5,-884.5,20.95945945945946,-69.16666666666667,0.4671686746987952,-33.03333333333333,"-11.81,-33.03,-15.50,2.17",1,8,-69.1,0.18032786885245902,2577.0,-8923.0,-10604.0
ml,pred_hit99_logit,0.67,0.55,0.65,95,61,0.5573770491803278,62.59016393442622,-16.139344262295083,-984.5,25.999999999999993,-69.20370370370371,0.473106770136473,-37.36666666666667,"-8.69,-37.37,-12.50,-6.50",3,8,-69.1,0.18032786885245902,2279.5,-9220.5,-11441.0
ml,pred_hit99_logit,0.67,0.55,0.65,99,61,0.5409836065573771,62.59016393442622,-15.532786885245901,-947.5,30.045454545454547,-69.25,0.5113460546673543,-36.03333333333333,"-12.38,-36.03,-10.10,-3.83",2,8,-69.1,0.18032786885245902,2334.0,-9166.0,-10040.0
ml,pred_hit99_logit,0.68,0.55,0.65,80,37,0.7837837837837838,62.5945945945946,-6.391891891891892,-236.5,10.775862068965521,-68.625,0.5692167577413482,-16.5,"-11.90,-16.50,-6.83,10.28",5,8,-70.5,0.16216216216216217,7600.0,-3900.0,-6166.0
ml,pred_hit99_logit,0.68,0.55,0.65,85,37,0.7837837837837838,62.5945945945946,-2.472972972972973,-91.5,15.775862068965512,-68.625,0.8333333333333331,-13.166666666666666,"-8.40,-13.17,-2.94,15.28",6,8,-70.5,0.16216216216216217,9430.0,-2070.0,-5722.0
ml,pred_hit99_logit,0.68,0.55,0.65,90,37,0.6756756756756757,62.5945945945946,-8.283783783783784,-306.5,20.9,-69.08333333333333,0.6302774427020507,-19.833333333333332,"-13.90,-19.83,-9.06,10.28",4,8,-70.5,0.16216216216216217,6647.0,-4853.0,-7286.5
ml,pred_hit99_logit,0.68,0.55,0.65,95,37,0.5945945945945946,62.5945945945946,-12.608108108108109,-466.5,25.95454545454545,-69.16666666666667,0.5503614457831324,-27.61111111111111,"-10.90,-27.61,-5.72,-6.39",4,8,-70.5,0.16216216216216217,4981.5,-6518.5,-8672.0
ml,pred_hit99_logit,0.68,0.55,0.65,99,37,0.5675675675675675,62.5945945945946,-12.905405405405405,-477.5,30.023809523809526,-69.25,0.569043321299639,-25.833333333333332,"-18.40,-25.83,-3.06,-3.72",4,8,-70.5,0.16216216216216217,5066.0,-6434.0,-7139.5
ml,pred_hit99_logit,0.52,0.55,0.7,80,1802,0.7602663706992231,62.138179800221984,-7.8168701442841275,-14085.999999999998,11.024817518248181,-67.56944444444444,0.5174374785885579,-9.67960088691796,"-9.68,-8.70,-6.72,-6.16",0,8,-9.882812499999996,0.4750277469478357,-5.5,-11505.5,-11855.5
ml,pred_hit99_logit,0.52,0.55,0.7,85,1802,0.7225305216426193,62.138179800221984,-7.223085460599335,-13016.000000000002,15.993855606758833,-67.68,0.6153664302600473,-9.369179600886918,"-9.37,-8.72,-6.07,-4.72",0,8,-9.862549800796815,0.4750277469478357,-37.5,-11537.5,-12222.0
ml,pred_hit99_logit,0.52,0.55,0.7,90,1802,0.6903440621531631,62.138179800221984,-6.5072142064372915,-11726.0,20.990353697749196,-67.81003584229391,0.690099899571859,-9.657427937915743,"-9.66,-8.79,-4.21,-3.36",0,8,-10.699203187250994,0.4750277469478357,-1.0,-11501.0,-12642.0
ml,pred_hit99_logit,0.52,0.55,0.7,95,1802,0.660377358490566,62.138179800221984,-5.902330743618204,-10636.000000000004,25.984033613445376,-67.90359477124183,0.7440623721635344,-9.313747228381375,"-9.31,-7.57,-2.75,-3.96",0,8,-9.716814159292037,0.4750277469478357,-53.5,-11553.5,-13205.0
ml,pred_hit99_logit,0.52,0.55,0.7,99,1802,0.6337402885682575,62.138179800221984,-5.897891231964484,-10628.0,29.964098073555167,-67.95,0.7630164782482663,-9.21840354767184,"-9.22,-7.63,-2.63,-4.10",0,8,-11.163716814159292,0.4750277469478357,-19.000000000000007,-11519.0,-13595.0
ml,pred_hit99_logit,0.53,0.55,0.7,80,1768,0.7624434389140271,62.246040723981885,-7.750565610859726,-13702.999999999996,10.925816023738879,-67.69285714285714,0.5180260982730122,-9.190045248868776,"-9.19,-8.47,-6.95,-6.39",0,8,-9.707317073170728,0.4683257918552036,-53.99999999999997,-11554.0,-12429.0
ml,pred_hit99_logit,0.53,0.55,0.7,85,1768,0.7245475113122172,62.246040723981885,-7.159502262443441,-12658.000000000004,15.891881342701016,-67.79363449691992,0.6166043222122942,-8.714932126696834,"-8.71,-8.55,-6.38,-5.00",0,8,-9.808943089430896,0.4683257918552036,-34.0,-11534.0,-12218.5
ml,pred_hit99_logit,0.53,0.55,0.7,90,1768,0.6928733031674208,62.246040723981885,-6.387443438914027,-11293.0,20.894285714285715,-67.93462246777163,0.693861230464779,-9.031674208144796,"-9.03,-8.67,-4.35,-3.50",0,8,-10.35772357723577,0.4683257918552036,-57.999999999999915,-11558.0,-12699.0
ml,pred_hit99_logit,0.53,0.55,0.7,95,1768,0.6634615384615384,62.246040723981885,-5.7171945701357485,-10108.000000000004,25.89386189258312,-68.03613445378151,0.7503056951941011,-8.703619909502263,"-8.70,-7.05,-2.94,-4.17",0,8,-9.540909090909093,0.4683257918552036,-39.0,-11539.0,-13190.5
ml,pred_hit99_logit,0.53,0.55,0.7,99,1768,0.6374434389140271,62.246040723981885,-5.639140271493213,-9970.0,29.88243123336291,-68.09282371294852,0.7715791282433129,-8.624434389140271,"-8.62,-7.14,-2.64,-4.15",0,8,-11.081818181818182,0.4683257918552036,-45.0,-11545.0,-13621.0
ml,pred_hit99_logit,0.54,0.55,0.7,80,1732,0.7650115473441108,62.36778290993071,-7.666859122401846,-13278.999999999996,10.816981132075478,-67.84152334152334,0.5190771960958299,-9.102771362586603,"-9.10,-8.30,-6.88,-6.38",0,8,-9.385321100917428,0.4659353348729792,-8.999999999999972,-11509.0,-12384.0
ml,pred_hit99_logit,0.54,0.55,0.7,85,1732,0.7263279445727483,62.36778290993071,-7.129907621247114,-12349.000000000002,15.776629570747218,-67.92405063291139,0.6164430364020376,-8.687066974595844,"-8.69,-8.44,-6.36,-5.03",0,8,-9.20416666666667,0.4659353348729792,-1.0000000000000142,-11501.0,-12185.5
ml,pred_hit99_logit,0.54,0.55,0.7,90,1732,0.6951501154734411,62.36778290993071,-6.304272517321016,-10919.0,20.78488372093023,-68.07575757575758,0.6962219007344759,-9.079676674364896,"-9.08,-8.63,-4.15,-3.36",0,8,-9.808333333333332,0.4659353348729792,-28.5,-11528.5,-12669.5
ml,pred_hit99_logit,0.54,0.55,0.7,95,1732,0.6662817551963048,62.36778290993071,-5.571016166281757,-9649.000000000004,25.79202772963605,-68.18858131487889,0.7551823002562607,-8.594688221709008,"-8.59,-7.03,-2.77,-3.89",0,8,-9.500000000000002,0.4659353348729792,-46.5,-11546.5,-13198.0
ml,pred_hit99_logit,0.54,0.55,0.7,99,1732,0.6397228637413395,62.36778290993071,-5.535219399538106,-9587.0,29.776173285198556,-68.23557692307692,0.7748420582916461,-8.560046189376443,"-8.56,-7.17,-2.51,-3.90",0,8,-11.073394495412844,0.4659353348729792,-31.0,-11531.0,-13607.0
ml,pred_hit99_logit,0.55,0.55,0.7,80,1672,0.7661483253588517,62.57535885167464,-7.783492822966505,-13013.999999999996,10.603044496487124,-68.02173913043478,0.5106874964751004,-9.019138755980858,"-9.02,-8.26,-7.42,-6.44",0,8,-9.447867298578196,0.4599282296650718,-56.49999999999997,-11556.5,-12431.5
ml,pred_hit99_logit,0.55,0.55,0.7,85,1672,0.7272727272727273,62.57535885167464,-7.257177033492823,-12134.0,15.560032894736842,-68.1030701754386,0.6092738689421994,-8.708133971291867,"-8.71,-8.32,-6.83,-5.17",0,8,-9.329383886255926,0.4599282296650718,-16.500000000000014,-11516.5,-12201.0
ml,pred_hit99_logit,0.55,0.55,0.7,90,1672,0.6961722488038278,62.57535885167464,-6.419856459330144,-10734.0,20.5713058419244,-68.26574803149606,0.6904755039072638,-9.23444976076555,"-9.23,-8.40,-4.69,-3.35",0,8,-10.063981042654026,0.4599282296650718,-0.4999999999999787,-11500.5,-12641.5
ml,pred_hit99_logit,0.55,0.55,0.7,95,1672,0.666267942583732,62.57535885167464,-5.779904306220097,-9664.000000000004,25.56912028725314,-68.36559139784946,0.746670860857712,-8.851674641148326,"-8.85,-6.84,-3.40,-4.02",0,8,-9.9218009478673,0.4599282296650718,-73.5,-11573.5,-13225.0
ml,pred_hit99_logit,0.55,0.55,0.7,99,1672,0.6399521531100478,62.57535885167464,-5.720095693779904,-9564.0,29.55514018691589,-68.4186046511628,0.7677964455666699,-8.911483253588516,"-8.91,-7.06,-2.78,-4.13",0,8,-11.64218009478673,0.4599282296650718,-51.5,-11551.5,-13627.5
ml,pred_hit99_logit,0.56,0.55,0.7,80,1593,0.7696170747018205,62.86440677966101,-7.795040803515377,-12417.499999999996,10.33034257748777,-68.34468664850137,0.5049337187281971,-9.196741854636588,"-9.20,-8.35,-7.29,-6.34",0,8,-9.649999999999997,0.45260514752040176,-2.9999999999999716,-11503.0,-12378.0
ml,pred_hit99_logit,0.56,0.55,0.7,85,1593,0.7325800376647834,62.86440677966101,-7.095103578154426,-11302.5,15.306341045415596,-68.46244131455398,0.6124635693468198,-9.046365914786968,"-9.05,-8.16,-6.41,-4.76",0,8,-9.725000000000001,0.45260514752040176,-48.499999999999986,-11548.5,-12233.0
ml,pred_hit99_logit,0.56,0.55,0.7,90,1593,0.7018204645323289,62.86440677966101,-6.200564971751413,-9877.5,20.31932021466905,-68.62,0.6969580757489761,-9.773182957393484,"-9.77,-7.94,-4.07,-3.00",0,8,-10.699999999999998,0.45260514752040176,-65.5,-11565.5,-12706.5
ml,pred_hit99_logit,0.56,0.55,0.7,95,1593,0.6716886377903327,62.86440677966101,-5.553986189579412,-8847.500000000004,25.31588785046729,-68.71032504780115,0.753794993808351,-9.30952380952381,"-9.31,-6.44,-2.60,-3.86",0,8,-10.275000000000002,0.45260514752040176,-37.00000000000004,-11537.0,-13188.5
ml,pred_hit99_logit,0.56,0.55,0.7,99,1593,0.6446955430006277,62.86440677966101,-5.53954802259887,-8824.5,29.29552093476144,-68.74734982332156,0.7732132301919765,-9.502506265664161,"-9.50,-6.52,-2.29,-3.84",0,8,-12.23,0.45260514752040176,-20.0,-11520.0,-13596.0
ml,pred_hit99_logit,0.57,0.55,0.7,80,1489,0.7756883814640698,63.233042310275344,-7.677971793149762,-11432.499999999996,9.977056277056281,-68.73053892215569,0.5019820526224084,-9.499999999999998,"-9.50,-7.62,-7.02,-6.56",0,8,-10.536842105263153,0.4506380120886501,-72.49999999999999,-11572.5,-12246.0
ml,pred_hit99_logit,0.57,0.55,0.7,85,1489,0.7387508394895903,63.233042310275344,-6.9392209536601746,-10332.5,14.952727272727273,-68.84447300771208,0.6141782266947966,-9.151474530831099,"-9.15,-7.62,-5.84,-5.14",0,8,-10.405263157894739,0.4506380120886501,-36.5,-11536.5,-11986.5
ml,pred_hit99_logit,0.57,0.55,0.7,90,1489,0.7065144392209537,63.233042310275344,-6.146742780389523,-9152.5,19.95532319391635,-68.98283752860412,0.6963891791477999,-9.687667560321715,"-9.69,-7.84,-3.52,-3.53",0,8,-11.168421052631576,0.4506380120886501,-27.49999999999995,-11527.5,-12530.5
ml,pred_hit99_logit,0.57,0.55,0.7,95,1489,0.6762928139691068,63.233042310275344,-5.48522498321021,-8167.500000000003,24.95183714001986,-69.0746887966805,0.7546855289241304,-9.406166219839141,"-9.41,-6.19,-2.14,-4.20",0,8,-10.905263157894739,0.4506380120886501,-64.50000000000004,-11564.5,-12731.5
ml,pred_hit99_logit,0.57,0.55,0.7,99,1489,0.6501007387508395,63.233042310275344,-5.373069173942243,-8000.5,28.94214876033058,-69.12955854126679,0.7778657004428526,-9.518766756032171,"-9.52,-6.44,-1.42,-4.11",0,8,-12.589473684210526,0.4506380120886501,-25.5,-11525.5,-13008.5
ml,pred_hit99_logit,0.58,0.55,0.7,80,1397,0.7823908375089478,63.56764495347173,-7.476377952755903,-10444.499999999996,9.687557182067707,-69.1875,0.5034231921266583,-9.485714285714284,"-9.49,-7.99,-6.71,-5.71",0,8,-10.312499999999996,0.4502505368647101,-10.999999999999986,-11511.0,-12184.5
ml,pred_hit99_logit,0.58,0.55,0.7,85,1397,0.7451682176091625,63.56764495347173,-6.728346456692913,-9399.5,14.664265129682997,-69.28370786516854,0.6189134400973039,-9.1,"-9.10,-8.25,-5.18,-4.38",0,8,-9.94318181818182,0.4502505368647101,-40.50000000000006,-11540.5,-11990.5
ml,pred_hit99_logit,0.58,0.55,0.7,90,1397,0.7115246957766643,63.56764495347173,-6.03042233357194,-8424.5,19.658953722334005,-69.39330024813896,0.6987538216731329,-9.885714285714286,"-9.89,-8.48,-2.90,-2.85",0,8,-10.99431818181818,0.4502505368647101,-19.49999999999995,-11519.5,-12268.0
ml,pred_hit99_logit,0.58,0.55,0.7,95,1397,0.6821760916249106,63.56764495347173,-5.260916249105228,-7349.500000000004,24.666841552990554,-69.49774774774775,0.7618206565771137,-9.8,"-9.80,-6.14,-1.88,-3.21",0,8,-10.937500000000002,0.4502505368647101,-10.5,-11510.5,-12677.5
ml,pred_hit99_logit,0.58,0.55,0.7,99,1397,0.6564065855404438,63.56764495347173,-5.083392984967788,-7101.5,28.670119956379498,-69.56666666666666,0.787329300431241,-9.525714285714285,"-9.53,-6.57,-0.99,-3.24",1,8,-11.8125,0.4502505368647101,-25.499999999999986,-11525.5,-13008.5
ml,pred_hit99_logit,0.59,0.55,0.7,80,1297,0.7841171935235158,63.9159599074788,-7.6865844255975295,-9969.499999999996,9.347590953785648,-69.55714285714286,0.48811357568289193,-9.632307692307688,"-9.63,-8.40,-7.08,-5.62",0,8,-10.139751552795026,0.4464148033924441,-30.5,-11530.5,-12204.0
ml,pred_hit99_logit,0.59,0.55,0.7,85,1297,0.7501927525057825,63.9159599074788,-6.649575944487278,-8624.5,14.356115107913668,-69.73148148148148,0.618266719780463,-8.70923076923077,"-8.71,-8.20,-5.73,-3.96",0,8,-10.046583850931677,0.4464148033924441,-68.0,-11568.0,-12018.0
ml,pred_hit99_logit,0.59,0.55,0.7,90,1297,0.7162683114880494,63.9159599074788,-5.951811873554354,-7719.499999999998,19.346071044133478,-69.81521739130434,0.6995368208002491,-9.509230769230768,"-9.51,-8.71,-3.29,-2.29",0,8,-11.50621118012422,0.4464148033924441,-26.0,-11526.0,-12274.5
ml,pred_hit99_logit,0.59,0.55,0.7,95,1297,0.686969930609098,63.9159599074788,-5.153816499614496,-6684.500000000002,24.350729517396186,-69.9039408866995,0.7644727106162573,-9.340000000000002,"-9.34,-6.16,-2.18,-2.92",0,8,-11.164596273291927,0.4464148033924441,-10.0,-11510.0,-12677.0
ml,pred_hit99_logit,0.59,0.55,0.7,99,1297,0.661526599845798,63.9159599074788,-4.924826522744795,-6387.5,28.361305361305362,-69.98063781321184,0.792083719870449,-9.204615384615385,"-9.20,-6.52,-1.12,-2.85",0,8,-12.34472049689441,0.4464148033924441,-21.999999999999993,-11522.0,-13005.0
ml,pred_hit99_logit,0.6,0.55,0.7,80,1182,0.7901861252115059,64.31895093062606,-7.604060913705581,-8987.999999999996,8.971092077087798,-70.02822580645162,0.48246674727932304,-9.918918918918916,"-9.92,-7.44,-7.53,-5.52",0,8,-10.365771812080533,0.4357021996615905,-35.5,-11535.5,-11885.5
ml,pred_hit99_logit,0.6,0.55,0.7,85,1182,0.754653130287648,64.31895093062606,-6.673434856175973,-7888.0,13.971973094170403,-70.17586206896551,0.6124023389514028,-8.989864864864865,"-8.99,-7.78,-5.85,-4.06",0,8,-10.56711409395973,0.4357021996615905,-21.5,-11521.5,-11971.5
ml,pred_hit99_logit,0.6,0.55,0.7,90,1182,0.7225042301184433,64.31895093062606,-5.793570219966158,-6847.999999999999,18.96487119437939,-70.2560975609756,0.7028293699010588,-9.614864864864863,"-9.61,-8.01,-2.92,-2.61",0,8,-11.238255033557044,0.4357021996615905,-20.0,-11520.0,-12070.0
ml,pred_hit99_logit,0.6,0.55,0.7,95,1182,0.6920473773265652,64.31895093062606,-5.074450084602371,-5998.000000000003,23.965770171149146,-70.33516483516483,0.7657214280134365,-9.750000000000002,"-9.75,-5.48,-1.70,-3.35",1,8,-11.104026845637586,0.4357021996615905,-9.000000000000014,-11509.0,-12159.0
ml,pred_hit99_logit,0.6,0.55,0.7,99,1182,0.6658206429780034,64.31895093062606,-4.9027072758037225,-5795.0,27.96632782719187,-70.39113924050633,0.7915804995594239,-9.858108108108109,"-9.86,-5.73,-1.12,-2.88",1,8,-12.56711409395973,0.4357021996615905,-5.5,-11505.5,-12235.5
ml,pred_hit99_logit,0.61,0.55,0.7,80,1082,0.7985212569316081,64.69408502772643,-7.3123844731977785,-7911.999999999996,8.638888888888895,-70.53211009174312,0.4854318418314259,-9.953874538745383,"-9.95,-7.06,-6.83,-5.40",0,8,-10.249999999999995,0.4297597042513863,-32.99999999999996,-11533.0,-11533.0
ml,pred_hit99_logit,0.61,0.55,0.7,85,1082,0.7624768946395564,64.69408502772643,-6.383548983364141,-6907.0,13.644242424242425,-70.6750972762646,0.6197318798689679,-8.957564575645756,"-8.96,-7.43,-4.98,-4.16",0,8,-10.801470588235293,0.4297597042513863,-7.5,-11507.5,-11507.5
ml,pred_hit99_logit,0.61,0.55,0.7,90,1082,0.7292051756007394,64.69408502772643,-5.565619223659888,-6021.999999999999,18.638149556400506,-70.74232081911263,0.7094680979375226,-9.953874538745387,"-9.95,-7.65,-2.05,-2.58",0,8,-11.867647058823525,0.4297597042513863,-4.4999999999999645,-11504.5,-11504.5
ml,pred_hit99_logit,0.61,0.55,0.7,95,1082,0.6977818853974121,64.69408502772643,-4.904805914972275,-5307.000000000002,23.63907284768212,-70.80886850152905,0.7708004923449006,-10.415129151291515,"-10.42,-4.81,-1.70,-2.67",1,8,-12.051470588235295,0.4297597042513863,-35.50000000000006,-11535.5,-11535.5
ml,pred_hit99_logit,0.61,0.55,0.7,99,1082,0.6719038817005545,64.69408502772643,-4.675600739371534,-5059.0,27.641678129298487,-70.85774647887324,0.7988829036554096,-10.05350553505535,"-10.05,-4.93,-1.32,-2.38",1,8,-12.463235294117647,0.4297597042513863,-37.0,-11537.0,-11537.0
ml,pred_hit99_logit,0.62,0.55,0.7,80,953,0.8048268625393494,65.1563483735572,-7.27019937040923,-6928.499999999996,8.18448500651891,-71.0,0.4753521126760566,-8.407949790794975,"-8.41,-7.75,-7.56,-5.36",0,8,-10.007936507936503,0.42707240293809023,-5.499999999999929,-11505.5,-12410.0
ml,pred_hit99_logit,0.62,0.55,0.7,85,953,0.7681007345225603,65.1563483735572,-6.3677859391395595,-6068.5,13.187158469945356,-71.13800904977376,0.6139999363928378,-7.668067226890757,"-7.32,-7.67,-6.03,-4.45",0,8,-10.206349206349206,0.42707240293809023,-24.999999999999986,-11525.0,-11876.5
ml,pred_hit99_logit,0.62,0.55,0.7,90,953,0.7376705141657922,65.1563483735572,-5.266002098635885,-5018.499999999998,18.182788051209105,-71.204,0.7180776360878602,-7.668067226890755,"-7.32,-7.67,-2.89,-3.17",1,8,-10.166666666666663,0.42707240293809023,-48.49999999999997,-11548.5,-11995.0
ml,pred_hit99_logit,0.62,0.55,0.7,95,953,0.7072402938090241,65.1563483735572,-4.468520461699897,-4258.500000000002,23.183976261127597,-71.27060931899642,0.7858382156956424,-8.135983263598327,"-8.14,-4.50,-1.45,-3.78",1,8,-10.523809523809526,0.42707240293809023,-1.0,-11501.0,-12042.5
ml,pred_hit99_logit,0.62,0.55,0.7,99,953,0.6810073452256034,65.1563483735572,-4.236621196222456,-4037.5,27.18104776579353,-71.3092105263158,0.813751268567211,-7.960251046025105,"-7.96,-4.57,-0.55,-3.85",1,8,-11.095238095238095,0.42707240293809023,-25.500000000000007,-11525.5,-12143.0
ml,pred_hit99_logit,0.63,0.55,0.7,80,840,0.8071428571428572,65.54761904761904,-7.476190476190472,-6279.999999999996,7.80530973451328,-71.4320987654321,0.4573107500864158,-8.138095238095234,"-7.90,-8.14,-7.39,-6.48",0,8,-10.886792452830182,0.42142857142857143,-17.999999999999943,-11518.0,-12422.5
ml,pred_hit99_logit,0.63,0.55,0.7,85,840,0.7678571428571429,65.54761904761904,-6.779761904761905,-5695.0,12.79922480620155,-71.54102564102564,0.5917709042686642,-8.161904761904761,"-7.17,-8.16,-6.15,-5.64",0,8,-11.040816326530612,0.42142857142857143,-44.5,-11544.5,-11896.0
ml,pred_hit99_logit,0.63,0.55,0.7,90,840,0.7380952380952381,65.54761904761904,-5.619047619047617,-4719.999999999998,17.79677419354839,-71.60909090909091,0.7003935508442302,-7.804761904761904,"-6.81,-7.80,-3.10,-4.76",0,8,-10.792452830188678,0.42142857142857143,-28.499999999999986,-11528.5,-12455.5
ml,pred_hit99_logit,0.63,0.55,0.7,95,840,0.7071428571428572,65.54761904761904,-4.86904761904762,-4090.000000000001,22.7979797979798,-71.67479674796748,0.7680353901996371,-7.2857142857142865,"-7.29,-5.11,-2.41,-4.67",1,8,-8.245283018867926,0.42142857142857143,-8.0,-11508.0,-12049.5
ml,pred_hit99_logit,0.63,0.55,0.7,99,840,0.680952380952381,65.54761904761904,-4.633333333333334,-3892.0,26.804195804195803,-71.73134328358209,0.7975447357469829,-7.40952380952381,"-7.41,-5.10,-1.81,-4.20",1,8,-8.330188679245282,0.42142857142857143,-17.0,-11517.0,-12134.5
ml,pred_hit99_logit,0.64,0.55,0.7,80,749,0.8104138851802403,65.73564753004004,-7.402536715620823,-5544.499999999996,7.616968698517304,-71.6056338028169,0.4547108575924472,-9.430481283422456,"-7.78,-9.43,-5.22,-7.17",0,8,-11.897727272727268,0.41255006675567424,-69.99999999999986,-11570.0,-12474.5
ml,pred_hit99_logit,0.64,0.55,0.7,85,749,0.7690253671562083,65.73564753004004,-6.86849132176235,-5144.5,12.60763888888889,-71.71387283236994,0.5853383307137388,-10.018716577540108,"-7.41,-10.02,-3.72,-6.32",0,8,-12.110526315789473,0.41255006675567424,-5.5,-11505.5,-11857.0
ml,pred_hit99_logit,0.64,0.55,0.7,90,749,0.7409879839786382,65.73564753004004,-5.546728971962614,-4154.499999999998,17.604504504504504,-71.77835051546391,0.7016517055655296,-9.21657754010695,"-6.98,-9.22,-0.62,-5.36",0,8,-11.373684210526314,0.41255006675567424,-31.999999999999993,-11532.0,-13632.0
ml,pred_hit99_logit,0.64,0.55,0.7,95,749,0.7076101468624834,65.73564753004004,-5.01268357810414,-3754.500000000001,22.60377358490566,-71.84703196347031,0.7613842193905113,-7.941489361702128,"-7.94,-6.70,-0.17,-5.22",1,8,-9.113636363636365,0.41255006675567424,-47.5,-11547.5,-12282.0
ml,pred_hit99_logit,0.64,0.55,0.7,99,749,0.6809078771695594,65.73564753004004,-4.825767690253672,-3614.5,26.603921568627452,-71.89330543933055,0.7896406227266114,-7.8936170212765955,"-7.89,-6.57,0.24,-5.07",2,8,-8.862745098039214,0.41255006675567424,-30.0,-11530.0,-12147.5
ml,pred_hit99_logit,0.65,0.55,0.7,80,618,0.8187702265372169,66.15210355987054,-7.150485436893198,-4418.999999999996,7.223320158102774,-72.08928571428571,0.45268763933614115,-9.035483870967738,"-9.04,-7.65,-6.63,-5.27",0,8,-12.218309859154923,0.37216828478964403,-31.99999999999997,-11532.0,-12045.0
ml,pred_hit99_logit,0.65,0.55,0.7,85,618,0.7750809061488673,66.15210355987054,-6.770226537216828,-4184.0,12.211899791231733,-72.18345323741008,0.5829969601833856,-8.938709677419356,"-8.94,-8.49,-4.68,-4.94",1,8,-12.044303797468354,0.37216828478964403,-38.5,-11538.5,-11538.5
ml,pred_hit99_logit,0.65,0.55,0.7,90,618,0.7443365695792881,66.15210355987054,-5.661812297734625,-3498.999999999998,17.20217391304348,-72.22784810126582,0.6933929197336139,-8.71290322580645,"-8.71,-8.17,-1.24,-4.49",1,8,-11.854430379746832,0.37216828478964403,-14.49999999999995,-11514.5,-12377.5
ml,pred_hit99_logit,0.65,0.55,0.7,95,618,0.7184466019417476,66.15210355987054,-4.399676375404532,-2719.0000000000005,22.21171171171171,-72.30459770114942,0.7838804546538432,-8.261290322580646,"-8.26,-5.17,-0.95,-3.19",1,8,-9.639240506329115,0.37216828478964403,-47.0,-11547.0,-12617.0
ml,pred_hit99_logit,0.65,0.55,0.7,99,618,0.6941747572815534,66.15210355987054,-3.928802588996764,-2428.0,26.215617715617714,-72.35185185185185,0.8224432337562616,-8.770967741935484,"-8.77,-4.86,-0.48,-1.56",3,8,-9.890804597701148,0.37216828478964403,-4.499999999999986,-11504.5,-11761.0
ml,pred_hit99_logit,0.66,0.55,0.7,80,515,0.8252427184466019,66.45436893203882,-6.9349514563106744,-3571.4999999999973,6.918823529411771,-72.35555555555555,0.4515509828009832,-9.662790697674412,"-9.66,-7.72,-7.07,-3.25",0,8,-11.050724637681153,0.36893203883495146,-44.999999999999986,-11545.0,-12058.0
ml,pred_hit99_logit,0.66,0.55,0.7,85,515,0.7825242718446602,66.45436893203882,-6.439805825242718,-3316.5,11.929280397022332,-72.53571428571429,0.5917651403249631,-9.7015503875969,"-9.70,-8.23,-4.90,-2.90",1,8,-13.297101449275361,0.36893203883495146,-30.000000000000014,-11530.0,-11530.0
ml,pred_hit99_logit,0.66,0.55,0.7,90,515,0.7514563106796116,66.45436893203882,-5.323300970873783,-2741.499999999998,16.908268733850132,-72.5390625,0.7047388260635434,-9.507751937984493,"-9.51,-7.88,-1.57,-2.31",1,8,-13.659420289855069,0.36893203883495146,-4.499999999999915,-11504.5,-11504.5
ml,pred_hit99_logit,0.66,0.55,0.7,95,515,0.7242718446601941,66.45436893203882,-4.148543689320389,-2136.5000000000005,21.91554959785523,-72.61267605633803,0.7927941033847348,-9.7015503875969,"-9.70,-4.24,-1.26,-1.38",1,8,-11.715686274509807,0.36893203883495146,-34.5,-11534.5,-11534.5
ml,pred_hit99_logit,0.66,0.55,0.7,99,515,0.7029126213592233,66.45436893203882,-3.3660194174757274,-1733.4999999999995,25.91988950276243,-72.65686274509804,0.8440606305941618,-9.368217054263566,"-9.37,-4.39,0.24,0.08",3,8,-11.14705882352941,0.36893203883495146,904.0,-10596.0,-11048.5
ml,pred_hit99_logit,0.67,0.55,0.7,80,427,0.8220140515222483,66.75644028103045,-7.495316159250581,-3200.4999999999977,6.588319088319096,-72.53947368421052,0.41946308724832265,-10.528037383177566,"-10.53,-8.83,-5.59,-5.01",0,8,-11.637931034482753,0.3864168618266979,-72.9999999999996,-11573.0,-12645.5
ml,pred_hit99_logit,0.67,0.55,0.7,85,427,0.7798594847775175,66.75644028103045,-6.968384074941452,-2975.5,11.608108108108109,-72.77659574468085,0.565048969448911,-10.621495327102803,"-10.62,-10.32,-1.34,-5.58",0,8,-15.086206896551722,0.3864168618266979,-16.499999999999993,-11516.5,-14175.5
ml,pred_hit99_logit,0.67,0.55,0.7,90,427,0.7447306791569087,66.75644028103045,-6.230679156908663,-2660.499999999999,16.56918238993711,-72.74770642201835,0.6644807364903211,-10.789719626168223,"-10.34,-10.79,2.07,-5.86",1,8,-16.293103448275858,0.3864168618266979,-38.499999999999986,-11538.5,-16028.0
ml,pred_hit99_logit,0.67,0.55,0.7,95,427,0.7142857142857143,66.75644028103045,-5.399297423887588,-2305.5,21.555737704918034,-72.78688524590164,0.7403716216216216,-11.322429906542055,"-11.32,-7.29,1.84,-4.82",2,8,-13.10344827586207,0.3864168618266979,322.5,-11177.5,-15290.0
ml,pred_hit99_logit,0.67,0.55,0.7,99,427,0.6908665105386417,66.75644028103045,-4.860655737704918,-2075.5,25.544067796610168,-72.81060606060606,0.7840495265841224,-11.518691588785046,"-11.52,-7.26,3.16,-3.82",1,8,-10.785714285714285,0.3864168618266979,472.0,-11028.0,-13839.5
ml,pred_hit99_logit,0.68,0.55,0.7,80,327,0.8440366972477065,67.02446483180428,-6.001529051987762,-1962.4999999999982,6.420289855072471,-73.22549019607843,0.47449457758736163,-11.207317073170728,"-11.21,-3.83,-6.73,-2.19",0,8,-11.549999999999994,0.38837920489296635,770.0,-10730.0,-12268.5
ml,pred_hit99_logit,0.68,0.55,0.7,85,327,0.7951070336391437,67.02446483180428,-5.940366972477064,-1942.5,11.453846153846154,-73.44029850746269,0.6052230464383701,-12.548780487804878,"-12.55,-3.59,-4.60,-2.99",2,8,-13.383333333333331,0.38837920489296635,845.5,-10654.5,-13299.0
ml,pred_hit99_logit,0.68,0.55,0.7,90,327,0.7614678899082569,67.02446483180428,-4.99235474006116,-1632.4999999999993,16.41967871485944,-73.34615384615384,0.7146477888481036,-13.402439024390244,"-13.40,-2.73,-0.51,-3.30",2,8,-14.38333333333333,0.38837920489296635,1006.0,-10494.0,-14258.5
ml,pred_hit99_logit,0.68,0.55,0.7,95,327,0.7247706422018348,67.02446483180428,-4.6712538226299705,-1527.5000000000002,21.38607594936709,-73.28888888888889,0.7684202546998181,-13.585365853658537,"-13.59,0.07,-2.22,-2.93",2,8,-12.716666666666667,0.38837920489296635,1052.5,-10447.5,-14055.5
ml,pred_hit99_logit,0.68,0.55,0.7,99,327,0.6972477064220184,67.02446483180428,-4.496941896024465,-1470.5,25.359649122807017,-73.25757575757575,0.7972423302309548,-14.71951219512195,"-14.72,-0.43,-0.40,-2.41",2,8,-13.48333333333333,0.38837920489296635,1064.0,-10436.0,-12466.0
ml,pred_hit99_logit,0.69,0.55,0.7,80,245,0.8448979591836735,67.19999999999999,-6.108163265306117,-1496.4999999999986,6.239130434782617,-73.36842105263158,0.4632352941176477,-13.499999999999996,"-13.50,-3.25,-6.09,-1.47",0,8,-13.999999999999993,0.363265306122449,1239.0,-10261.0,-11577.0
ml,pred_hit99_logit,0.69,0.55,0.7,85,245,0.7918367346938775,67.19999999999999,-6.393877551020408,-1566.5,11.25257731958763,-73.51960784313725,0.5822109614615282,-15.274193548387096,"-15.27,-0.22,-7.40,-2.53",1,8,-15.4,0.363265306122449,1043.5,-10456.5,-12662.0
ml,pred_hit99_logit,0.69,0.55,0.7,90,245,0.7591836734693878,67.19999999999999,-5.373469387755098,-1316.499999999999,16.23118279569893,-73.48305084745763,0.6963441356244957,-16.241935483870968,"-16.24,2.65,-6.42,-1.30",2,8,-13.799999999999995,0.363265306122449,1250.5,-10249.5,-13366.0
ml,pred_hit99_logit,0.69,0.55,0.7,95,245,0.7183673469387755,67.19999999999999,-5.455102040816326,-1336.5,21.193181818181817,-73.42753623188406,0.7362084279088128,-17.693548387096776,"-17.69,5.35,-8.88,-0.40",2,8,-12.500000000000002,0.363265306122449,1257.0,-10243.0,-13418.0
ml,pred_hit99_logit,0.69,0.55,0.7,99,245,0.6857142857142857,67.19999999999999,-5.814285714285714,-1424.5,25.142857142857142,-73.35714285714286,0.747809152872444,-18.56451612903226,"-18.56,3.83,-7.75,-0.57",2,8,-13.799999999999997,0.363265306122449,1088.5,-10411.5,-11973.0
ml,pred_hit99_logit,0.7,0.55,0.7,80,169,0.834319526627219,67.36094674556212,-7.115384615384609,-1202.4999999999989,6.03900709219859,-73.35714285714286,0.414556962025317,-15.26744186046511,"-15.27,-5.67,-7.81,0.48",0,8,-15.858974358974352,0.3254437869822485,1847.0,-9653.0,-10627.5
ml,pred_hit99_logit,0.7,0.55,0.7,85,169,0.7869822485207101,67.36094674556212,-6.9674556213017755,-1177.5,11.018796992481203,-73.41666666666667,0.554483541430193,-15.616279069767442,"-15.62,-3.40,-7.69,-0.95",2,8,-21.749999999999996,0.3254437869822485,1754.0,-9746.0,-11415.0
ml,pred_hit99_logit,0.7,0.55,0.7,90,169,0.7396449704142012,67.36094674556212,-7.292899408284021,-1232.4999999999995,15.972000000000003,-73.38636363636364,0.618302880148653,-18.523255813953483,"-18.52,-1.38,-5.90,-3.10",2,8,-18.624999999999996,0.3254437869822485,1378.0,-10122.0,-12281.5
ml,pred_hit99_logit,0.7,0.55,0.7,95,169,0.6982248520710059,67.36094674556212,-7.529585798816569,-1272.5000000000002,20.940677966101696,-73.40196078431373,0.6600774676105249,-22.127906976744185,"-22.13,0.40,-6.62,-1.43",2,8,-17.26923076923077,0.3254437869822485,1391.5,-10108.5,-12096.0
ml,pred_hit99_logit,0.7,0.55,0.7,99,169,0.6804733727810651,67.36094674556212,-6.494082840236685,-1097.4999999999998,24.917391304347827,-73.38888888888889,0.7230633358566743,-22.290697674418606,"-22.29,1.19,-3.76,-0.74",2,8,-17.619999999999997,0.3254437869822485,1627.0,-9873.0,-10361.5
ml,pred_hit99_logit,0.71,0.55,0.7,80,114,0.8070175438596491,67.32456140350877,-9.263157894736834,-1055.999999999999,5.989130434782618,-73.04545454545455,0.3428749222153086,-15.844827586206893,"-14.67,-15.84,-6.21,0.11",2,8,-22.166666666666657,0.2807017543859649,2357.5,-9142.5,-10114.5
ml,pred_hit99_logit,0.71,0.55,0.7,85,114,0.7631578947368421,67.32456140350877,-8.956140350877194,-1021.0,10.982758620689655,-73.20370370370371,0.48343030609663545,-18.086206896551722,"-13.98,-18.09,-4.96,1.71",3,8,-24.28787878787879,0.2807017543859649,2386.5,-9113.5,-10785.0
ml,pred_hit99_logit,0.71,0.55,0.7,90,114,0.7192982456140351,67.32456140350877,-9.08771929824561,-1035.9999999999995,15.926829268292689,-73.1875,0.5576430401366356,-17.913793103448278,"-16.74,-17.91,-0.86,-0.25",3,8,-24.136363636363633,0.2807017543859649,2184.5,-9315.5,-11609.5
ml,pred_hit99_logit,0.71,0.55,0.7,95,114,0.6754385964912281,67.32456140350877,-9.657894736842104,-1101.0,20.88961038961039,-73.22972972972973,0.5936519653072523,-20.189655172413794,"-20.19,-18.09,-0.14,0.46",3,8,-24.28787878787879,0.2807017543859649,1965.5,-9534.5,-11619.5
ml,pred_hit99_logit,0.71,0.55,0.7,99,114,0.6666666666666666,67.32456140350877,-7.8245614035087705,-891.9999999999999,24.842105263157894,-73.15789473684211,0.679136690647482,-21.396551724137932,"-21.40,-15.74,3.00,3.61",4,8,-22.227272727272723,0.2807017543859649,2394.0,-9106.0,-9756.0
ml,pred_hit99_logit,0.72,0.55,0.7,80,77,0.8051948051948052,67.28571428571428,-9.370129870129864,-721.4999999999995,6.016129032258073,-72.96666666666667,0.34079488350845183,-23.131578947368418,"-16.80,-23.13,-2.92,5.76",5,8,-20.807692307692303,0.2077922077922078,3643.0,-7857.0,-8929.5
ml,pred_hit99_logit,0.72,0.55,0.7,85,77,0.7532467532467533,67.28571428571428,-9.75974025974026,-751.5,11.017241379310345,-73.1842105263158,0.459546925566343,-28.92105263157895,"-13.30,-28.92,1.55,1.82",4,8,-24.076923076923077,0.2077922077922078,3467.0,-8033.0,-9313.0
ml,pred_hit99_logit,0.72,0.55,0.7,90,77,0.7012987012987013,67.28571428571428,-10.668831168831165,-821.4999999999998,16.018518518518523,-73.32608695652173,0.5128965312777943,-31.026315789473685,"-14.30,-31.03,6.03,-3.18",4,8,-24.65384615384615,0.2077922077922078,3004.5,-8495.5,-10083.0
ml,pred_hit99_logit,0.72,0.55,0.7,95,77,0.6493506493506493,67.28571428571428,-12.097402597402597,-931.5,20.98,-73.35185185185185,0.5296642262055037,-28.657894736842106,"-20.55,-28.66,0.50,0.76",4,8,-25.615384615384617,0.2077922077922078,2512.5,-8987.5,-10236.5
ml,pred_hit99_logit,0.72,0.55,0.7,99,77,0.6363636363636364,67.28571428571428,-10.785714285714286,-830.5,24.908163265306122,-73.25,0.5950755728912726,-26.763157894736842,"-23.30,-26.76,3.66,3.92",4,8,-23.874999999999996,0.2077922077922078,2757.0,-8743.0,-9272.0
ml,pred_hit99_logit,0.73,0.55,0.7,80,44,0.8409090909090909,67.18181818181817,-6.409090909090901,-281.99999999999966,6.121621621621629,-72.64285714285714,0.4454277286135699,-15.318181818181813,"-15.05,-15.32,-1.05,5.77",5,7,-15.928571428571425,0.11363636363636363,7233.0,-4267.0,-5836.5
ml,pred_hit99_logit,0.73,0.55,0.7,85,44,0.7954545454545454,67.18181818181817,-6.068181818181818,-267.0,11.128571428571428,-72.94444444444444,0.5932977913175933,-19.40909090909091,"-11.41,-19.41,3.50,3.05",5,7,-18.428571428571427,0.11363636363636363,7346.5,-4153.5,-6162.5
ml,pred_hit99_logit,0.73,0.55,0.7,90,44,0.7727272727272727,67.18181818181817,-4.136363636363632,-181.99999999999983,16.1764705882353,-73.2,0.7513661202185795,-16.227272727272727,"-7.77,-16.23,8.05,-0.59",4,7,-15.21428571428571,0.11363636363636363,8110.5,-3389.5,-5845.5
ml,pred_hit99_logit,0.73,0.55,0.7,95,44,0.6818181818181818,67.18181818181817,-8.90909090909091,-392.00000000000006,21.133333333333333,-73.28571428571429,0.6179337231968811,-21.40909090909091,"-21.41,-13.05,-4.68,3.50",4,7,-18.785714285714285,0.11363636363636363,5872.5,-5627.5,-7228.0
ml,pred_hit99_logit,0.73,0.55,0.7,99,44,0.6590909090909091,67.18181818181817,-8.43181818181818,-370.99999999999994,25.017241379310345,-73.1,0.6616507067943457,-28.227272727272727,"-28.23,-10.50,-1.77,6.77",4,7,-19.961538461538456,0.11363636363636363,6027.0,-5473.0,-6404.0
ml,pred_hit99_logit,0.74,0.55,0.7,80,31,0.8709677419354839,67.41935483870968,-4.241935483870962,-131.4999999999998,6.092592592592601,-74.0,0.555743243243244,-13.374999999999993,"-13.37,-4.50,-3.62,5.79",4,6,-11.055555555555548,0.06451612903225806,9320.0,-2180.0,-3701.5
ml,pred_hit99_logit,0.74,0.55,0.7,85,31,0.8064516129032258,67.41935483870968,-5.370967741935482,-166.49999999999994,11.100000000000001,-74.0,0.6250000000000001,-10.749999999999996,"-9.62,-10.75,0.75,-1.36",3,6,-16.61111111111111,0.06451612903225806,8773.0,-2727.0,-4323.0
ml,pred_hit99_logit,0.74,0.55,0.7,90,31,0.8064516129032258,67.41935483870968,-1.3387096774193499,-41.499999999999844,16.10000000000001,-74.0,0.9065315315315319,-6.999999999999993,"-5.87,-7.00,5.13,2.93",4,6,-13.277777777777773,0.06451612903225806,10416.0,-1084.0,-4028.5
ml,pred_hit99_logit,0.74,0.55,0.7,95,31,0.6774193548387096,67.41935483870968,-9.564516129032258,-296.5,21.023809523809526,-73.8,0.5982384823848238,-25.875,"-25.88,-3.25,-14.25,7.21",3,6,-20.5,0.06451612903225806,7030.5,-4469.5,-5875.0
ml,pred_hit99_logit,0.74,0.55,0.7,99,31,0.6451612903225806,67.41935483870968,-10.048387096774192,-311.49999999999994,24.850000000000005,-73.5,0.6147186147186149,-36.25,"-36.25,-0.25,-11.75,10.64",3,6,-24.299999999999997,0.06451612903225806,6799.0,-4701.0,-5517.0
ml,pred_hit99_logit,0.52,0.6,0.75,80,1798,0.753615127919911,66.98609566184649,-8.080088987764178,-14527.999999999993,6.773062730627312,-53.511286681715575,0.3871464428086312,-8.659999999999997,"-8.66,-7.00,-8.60,-8.06",0,8,-10.491266375545846,0.4844271412680756,-43.99999999999991,-11544.0,-11544.0
ml,pred_hit99_logit,0.52,0.6,0.75,85,1798,0.778642936596218,66.98609566184649,-7.301446051167964,-13128.0,11.247142857142856,-72.54773869346734,0.545334903373277,-7.758351893095768,"-7.63,-6.44,-7.76,-7.38",0,8,-9.910569105691057,0.4844271412680756,-24.5,-11524.5,-11524.5
ml,pred_hit99_logit,0.52,0.6,0.75,90,1798,0.746384872080089,66.98609566184649,-6.311457174638485,-11347.999999999996,16.205663189269746,-72.57894736842105,0.6571186850374667,-7.948888888888887,"-7.95,-5.71,-5.89,-5.70",0,8,-9.80894308943089,0.4844271412680756,-4.999999999999972,-11505.0,-12399.0
ml,pred_hit99_logit,0.52,0.6,0.75,95,1798,0.7152391546162402,66.98609566184649,-5.538375973303671,-9958.0,21.185847589424572,-72.662109375,0.7323334139719915,-8.104444444444445,"-8.10,-3.85,-4.24,-5.95",0,8,-9.727642276422767,0.4844271412680756,-65.5,-11565.5,-11565.5
ml,pred_hit99_logit,0.52,0.6,0.75,99,1798,0.6840934371523916,66.98609566184649,-5.760845383759733,-10358.0,25.194308943089432,-72.79401408450704,0.7494860570295305,-8.20888888888889,"-8.21,-4.89,-3.52,-6.42",0,8,-10.247967479674797,0.4844271412680756,-33.49999999999999,-11533.5,-11533.5
ml,pred_hit99_logit,0.53,0.6,0.75,80,1796,0.7538975501113586,66.99276169265033,-8.058463251670375,-14472.999999999993,6.769571639586416,-53.48190045248869,0.38774905875883103,-8.604677060133627,"-8.56,-7.01,-8.60,-8.06",0,8,-10.491266375545846,0.4838530066815145,-5.499999999999929,-11505.5,-11505.5
ml,pred_hit99_logit,0.53,0.6,0.75,85,1796,0.7789532293986637,66.99276169265033,-7.28173719376392,-13078.0,11.243388134381702,-72.56297229219143,0.5460210014753103,-7.758351893095768,"-7.52,-6.47,-7.76,-7.38",0,8,-10.018367346938776,0.4838530066815145,-55.0,-11555.0,-12547.5
ml,pred_hit99_logit,0.53,0.6,0.75,90,1796,0.7466592427616926,66.99276169265033,-6.293429844097994,-11302.999999999996,16.20171513795675,-72.5923076923077,0.6577907628029489,-7.845211581291758,"-7.85,-5.74,-5.89,-5.70",0,8,-9.936734693877547,0.4838530066815145,-30.5,-11530.5,-13886.0
ml,pred_hit99_logit,0.53,0.6,0.75,95,1796,0.715478841870824,66.99276169265033,-5.522271714922049,-9918.0,21.18171206225681,-72.67416829745596,0.7329312132268793,-8.001113585746102,"-8.00,-3.89,-4.24,-5.95",0,8,-9.875510204081632,0.4838530066815145,-23.499999999999986,-11523.5,-11955.0
ml,pred_hit99_logit,0.53,0.6,0.75,99,1796,0.6842984409799554,66.99276169265033,-5.747216035634744,-10322.0,25.189991863303497,-72.80511463844798,0.7499545790385291,-8.105790645879733,"-8.11,-4.94,-3.52,-6.42",0,8,-10.414285714285715,0.4838530066815145,-2.999999999999986,-11503.0,-12565.5
ml,pred_hit99_logit,0.54,0.6,0.75,80,1794,0.754180602006689,67.00055741360089,-8.037904124860642,-14419.999999999993,6.764597191426465,-53.45238095238095,0.3882702301410545,-8.647321428571425,"-8.40,-7.00,-8.65,-8.11",0,8,-10.491266375545846,0.48327759197324416,-5.499999999999929,-11505.5,-11505.5
ml,pred_hit99_logit,0.54,0.6,0.75,85,1794,0.7792642140468228,67.00055741360089,-7.263099219620959,-13030.0,11.238197424892704,-72.57828282828282,0.5466406875195713,-7.810267857142857,"-7.54,-6.26,-7.81,-7.44",0,8,-10.018367346938776,0.48327759197324416,-55.0,-11555.0,-12547.5
ml,pred_hit99_logit,0.54,0.6,0.75,90,1794,0.7469342251950948,67.00055741360089,-6.276477146042361,-11259.999999999996,16.196268656716416,-72.60572687224669,0.6584048781967661,-7.8652561247216015,"-7.87,-5.53,-5.95,-5.76",0,8,-9.936734693877547,0.48327759197324416,-30.5,-11530.5,-13886.0
ml,pred_hit99_logit,0.54,0.6,0.75,95,1794,0.7157190635451505,67.00055741360089,-5.507246376811594,-9880.0,21.17601246105919,-72.68627450980392,0.7334772052872943,-8.021158129175946,"-8.02,-3.67,-4.31,-6.03",0,8,-9.875510204081632,0.48327759197324416,-23.499999999999986,-11523.5,-11955.0
ml,pred_hit99_logit,0.54,0.6,0.75,99,1794,0.6845039018952063,67.00055741360089,-5.734671125975474,-10288.0,25.184039087947884,-72.81625441696113,0.7503760857960887,-8.125835189309576,"-8.13,-4.71,-3.60,-6.51",0,8,-10.414285714285715,0.48327759197324416,-2.999999999999986,-11503.0,-12565.5
ml,pred_hit99_logit,0.55,0.6,0.75,80,1790,0.7547486033519553,67.01508379888269,-7.9955307262569795,-14311.999999999993,6.754626202812736,-53.388382687927106,0.38935466666666696,-8.515659955257266,"-8.30,-7.02,-8.52,-8.15",0,8,-10.245614035087714,0.48324022346368717,-18.999999999999993,-11519.0,-11519.0
ml,pred_hit99_logit,0.55,0.6,0.75,85,1790,0.7798882681564245,67.01508379888269,-7.224581005586592,-12932.0,11.227793696275072,-72.60406091370558,0.5479270083199329,-7.676733780760626,"-7.44,-6.29,-7.68,-7.49",0,8,-9.895061728395062,0.48324022346368717,-5.499999999999972,-11505.5,-12498.0
ml,pred_hit99_logit,0.55,0.6,0.75,90,1790,0.7474860335195531,67.01508379888269,-6.2413407821229026,-11171.999999999996,16.185351270553063,-72.6283185840708,0.6596807603265505,-7.761160714285713,"-7.76,-5.57,-5.81,-5.82",0,8,-9.83333333333333,0.48324022346368717,-27.0,-11527.0,-13882.5
ml,pred_hit99_logit,0.55,0.6,0.75,95,1790,0.7162011173184357,67.01508379888269,-5.4759776536312845,-9802.0,21.16458658346334,-72.70669291338582,0.7346148639501827,-7.917410714285714,"-7.92,-3.72,-4.16,-6.10",0,8,-9.792181069958847,0.48324022346368717,-52.999999999999986,-11553.0,-11984.5
ml,pred_hit99_logit,0.55,0.6,0.75,99,1790,0.6849162011173184,67.01508379888269,-5.708379888268157,-10218.0,25.1721044045677,-72.83510638297872,0.7512597677645513,-8.022321428571429,"-8.02,-4.77,-3.45,-6.59",0,8,-10.351851851851851,0.48324022346368717,-70.99999999999999,-11571.0,-12633.5
ml,pred_hit99_logit,0.56,0.6,0.75,80,1786,0.7553191489361702,67.02967525195969,-7.952967525195964,-14203.999999999993,6.744625648628619,-53.32379862700229,0.39045166827593636,-8.549327354260086,"-8.17,-6.90,-8.55,-8.20",0,8,-10.245614035087714,0.4820828667413214,-29.0,-11529.0,-11529.0
ml,pred_hit99_logit,0.56,0.6,0.75,85,1786,0.780515117581187,67.02967525195969,-7.185890257558791,-12834.0,11.217360114777618,-72.63010204081633,0.5492255277299708,-7.54932735426009,"-7.31,-6.36,-7.53,-7.55",0,8,-9.65702479338843,0.4820828667413214,-15.499999999999972,-11515.5,-12508.0
ml,pred_hit99_logit,0.56,0.6,0.75,90,1786,0.748040313549832,67.02967525195969,-6.206047032474802,-11083.999999999996,16.17440119760479,-72.6511111111111,0.6609671795185513,-7.629753914988813,"-7.63,-5.65,-5.66,-5.89",0,8,-9.595041322314046,0.4820828667413214,-68.0,-11568.0,-13923.5
ml,pred_hit99_logit,0.56,0.6,0.75,95,1786,0.7166853303471444,67.02967525195969,-5.444568868980964,-9724.000000000002,21.153125,-72.72727272727273,0.7357608695652174,-7.786353467561521,"-7.79,-3.80,-4.01,-6.18",0,8,-9.553719008264462,0.4820828667413214,-39.49999999999999,-11539.5,-11971.0
ml,pred_hit99_logit,0.56,0.6,0.75,99,1786,0.6853303471444568,67.02967525195969,-5.681970884658455,-10148.0,25.16013071895425,-72.8540925266904,0.752149277061352,-7.891498881431767,"-7.89,-4.86,-3.30,-6.68",0,8,-10.115702479338843,0.4820828667413214,-3.499999999999986,-11503.5,-12566.0
ml,pred_hit99_logit,0.57,0.6,0.75,80,1766,0.7570781426953568,67.10079275198187,-7.825028312570777,-13818.999999999993,6.692969334330597,-53.07109557109557,0.39303832216975987,-8.801587301587297,"-8.07,-6.43,-8.80,-8.00",0,8,-10.202222222222217,0.4813137032842582,-46.499999999999815,-11546.5,-11546.5
ml,pred_hit99_logit,0.57,0.6,0.75,85,1766,0.7831257078142695,67.10079275198187,-7.0351075877689695,-12424.0,11.167389732465654,-72.76370757180156,0.554192008898936,-7.441043083900227,"-7.24,-6.09,-7.44,-7.38",0,8,-9.997907949790795,0.4813137032842582,-29.0,-11529.0,-12044.0
ml,pred_hit99_logit,0.57,0.6,0.75,90,1766,0.7502831257078143,67.10079275198187,-6.075311438278594,-10728.999999999996,16.12188679245283,-72.76757369614512,0.6656642931708762,-7.800904977375564,"-7.80,-5.39,-5.38,-5.73",0,8,-9.997907949790791,0.4813137032842582,-52.0,-11552.0,-13683.0
ml,pred_hit99_logit,0.57,0.6,0.75,95,1766,0.7191392978482446,67.10079275198187,-5.282559456398641,-9329.0,21.103937007874016,-72.84475806451613,0.7418006697849492,-8.004524886877828,"-8.00,-3.33,-3.73,-6.06",0,8,-10.018828451882845,0.4813137032842582,-23.5,-11523.5,-11523.5
ml,pred_hit99_logit,0.57,0.6,0.75,99,1766,0.6874292185730464,67.10079275198187,-5.545300113250283,-9793.0,25.108731466227347,-72.96195652173913,0.756846679081316,-8.147058823529411,"-8.15,-4.41,-3.03,-6.59",0,8,-10.638075313807532,0.4813137032842582,-6.0,-11506.0,-12052.5
ml,pred_hit99_logit,0.58,0.6,0.75,80,1742,0.756601607347876,67.1825487944891,-7.873134328358205,-13714.999999999993,6.614567526555392,-52.908018867924525,0.38862390228680993,-8.559770114942525,"-7.81,-6.91,-8.56,-8.21",0,8,-10.157657657657651,0.4799081515499426,-10.499999999999908,-11510.5,-11510.5
ml,pred_hit99_logit,0.58,0.6,0.75,85,1742,0.7835820895522388,67.1825487944891,-7.078071182548794,-12330.0,11.08974358974359,-72.85809018567639,0.5511058523709839,-7.651724137931034,"-6.99,-6.45,-7.21,-7.65",0,8,-9.620171673819742,0.4799081515499426,-11.5,-11511.5,-12026.5
ml,pred_hit99_logit,0.58,0.6,0.75,90,1742,0.7502870264064294,67.1825487944891,-6.156716417910446,-10724.999999999996,16.040168324407038,-72.84942528735633,0.6615598226541914,-7.600917431192658,"-7.60,-5.81,-5.16,-6.05",0,8,-9.684549356223172,0.4799081515499426,-28.0,-11528.0,-13659.0
ml,pred_hit99_logit,0.58,0.6,0.75,95,1742,0.7192881745120551,67.1825487944891,-5.350172215843858,-9320.0,21.0243415802075,-72.93149284253579,0.7386683864455256,-7.841743119266055,"-7.84,-3.58,-3.53,-6.46",0,8,-9.770386266094421,0.4799081515499426,-13.499999999999993,-11513.5,-11513.5
ml,pred_hit99_logit,0.58,0.6,0.75,99,1742,0.6871412169919633,67.1825487944891,-5.65556831228473,-9852.0,25.02548036758563,-73.04128440366972,0.7525089493185957,-8.013761467889909,"-8.01,-4.72,-2.84,-7.05",0,8,-10.457081545064378,0.4799081515499426,-6.0,-11506.0,-12052.5
ml,pred_hit99_logit,0.59,0.6,0.75,80,1703,0.7545507927187316,67.31238990017616,-8.046095126247794,-13702.499999999993,6.478988326848254,-52.698564593301434,0.3779507899037592,-8.544600938967132,"-8.06,-7.18,-8.54,-8.40",0,8,-10.421296296296292,0.4762184380504991,-31.49999999999993,-11531.5,-11531.5
ml,pred_hit99_logit,0.59,0.6,0.75,85,1703,0.7827363476218439,67.31238990017616,-7.279800352319437,-12397.5,10.951612903225806,-72.96216216216216,0.54076529856275,-7.930588235294118,"-7.33,-6.62,-7.24,-7.93",0,8,-10.301762114537445,0.4762184380504991,-48.50000000000001,-11548.5,-12063.5
ml,pred_hit99_logit,0.59,0.6,0.75,90,1703,0.7498532002348797,67.31238990017616,-6.3256018790369914,-10772.499999999996,15.903288958496477,-72.96009389671362,0.6534056175798719,-8.058685446009388,"-8.06,-5.84,-5.00,-6.40",0,8,-10.499999999999996,0.4762184380504991,-22.0,-11522.0,-13653.0
ml,pred_hit99_logit,0.59,0.6,0.75,95,1703,0.7193188490898414,67.31238990017616,-5.477099236641221,-9327.5,20.889387755102042,-73.04811715481172,0.7328665120142052,-8.187793427230046,"-8.19,-3.41,-3.84,-6.47",0,8,-10.301762114537445,0.4762184380504991,-20.5,-11520.5,-11520.5
ml,pred_hit99_logit,0.59,0.6,0.75,99,1703,0.6870229007633588,67.31238990017616,-5.797122724603641,-9872.5,24.89059829059829,-73.16041275797373,0.746823269948326,-8.438967136150234,"-8.44,-4.41,-3.44,-6.91",0,8,-11.094713656387665,0.4762184380504991,-30.0,-11530.0,-12076.5
ml,pred_hit99_logit,0.6,0.6,0.75,80,1640,0.7554878048780488,67.53048780487805,-7.981707317073166,-13089.999999999993,6.2828894269572295,-52.056109725685786,0.37291911183501436,-8.804878048780484,"-7.86,-6.67,-8.80,-8.60",0,8,-11.00724637681159,0.47073170731707314,-13.499999999999908,-11513.5,-11513.5
ml,pred_hit99_logit,0.6,0.6,0.75,85,1640,0.7853658536585366,67.53048780487805,-7.274390243902439,-11930.0,10.747670807453416,-73.21875,0.5371124820548636,-8.060975609756097,"-7.23,-6.19,-7.61,-8.06",0,8,-10.330917874396135,0.47073170731707314,-7.000000000000057,-11507.0,-11612.0
ml,pred_hit99_logit,0.6,0.6,0.75,90,1640,0.7536585365853659,67.53048780487805,-6.20121951219512,-10169.999999999996,15.704692556634306,-73.22029702970298,0.6561982353537745,-7.465853658536584,"-7.47,-5.94,-5.00,-6.40",0,8,-9.5958904109589,0.47073170731707314,-44.499999999999915,-11544.5,-12701.0
ml,pred_hit99_logit,0.6,0.6,0.75,95,1640,0.7225609756097561,67.53048780487805,-5.387195121951219,-8835.0,20.68818565400844,-73.2978021978022,0.7350864304882986,-7.697560975609756,"-7.70,-3.55,-3.70,-6.61",0,8,-9.45890410958904,0.47073170731707314,-76.5,-11576.5,-11576.5
ml,pred_hit99_logit,0.6,0.6,0.75,99,1640,0.6902439024390243,67.53048780487805,-5.696341463414634,-9342.0,24.68904593639576,-73.40551181102362,0.7494770716009654,-8.036585365853659,"-8.04,-4.44,-3.62,-6.69",0,8,-10.335616438356162,0.47073170731707314,-64.5,-11564.5,-12111.0
ml,pred_hit99_logit,0.61,0.6,0.75,80,1582,0.7560050568900126,67.72060682680151,-7.924778761061942,-12536.999999999993,6.107859531772581,-51.40414507772021,0.36815845176897527,-8.375949367088603,"-7.92,-7.41,-8.38,-7.99",0,8,-11.374999999999995,0.4683944374209861,-51.4999999999997,-11551.5,-11551.5
ml,pred_hit99_logit,0.61,0.6,0.75,85,1582,0.7876106194690266,67.72060682680151,-7.27370417193426,-11507.0,10.567415730337078,-73.43452380952381,0.5336386479695225,-7.550632911392405,"-7.20,-7.09,-7.25,-7.55",0,8,-10.825,0.4683944374209861,-48.5,-11548.5,-11653.5
ml,pred_hit99_logit,0.61,0.6,0.75,90,1582,0.7547408343868521,67.72060682680151,-6.293931731984827,-9956.999999999996,15.515075376884425,-73.40721649484536,0.6504107857594271,-7.797979797979796,"-7.80,-6.78,-4.65,-5.94",0,8,-10.258293838862555,0.4683944374209861,-0.5,-11500.5,-12657.0
ml,pred_hit99_logit,0.61,0.6,0.75,95,1582,0.7231352718078382,67.72060682680151,-5.52275600505689,-8737.0,20.49562937062937,-73.47945205479452,0.7285297042008452,-8.176767676767676,"-8.18,-4.22,-3.41,-6.27",0,8,-10.281990521327014,0.4683944374209861,-14.5,-11514.5,-11514.5
ml,pred_hit99_logit,0.61,0.6,0.75,99,1582,0.690897597977244,67.72060682680151,-5.821744627054361,-9210.0,24.49725526075023,-73.58997955010224,0.7440635811646358,-8.38888888888889,"-8.39,-5.03,-3.42,-6.44",0,8,-10.855450236966824,0.4683944374209861,-44.0,-11544.0,-12090.5
ml,pred_hit99_logit,0.62,0.6,0.75,80,1486,0.7557200538358008,68.05248990578735,-7.903768506056522,-11744.999999999993,5.798308103294753,-50.29338842975206,0.35666748829184164,-8.486522911051209,"-7.31,-7.62,-8.49,-8.20",0,8,-11.1544502617801,0.46500672947510097,-63.49999999999993,-11563.5,-12273.5
ml,pred_hit99_logit,0.62,0.6,0.75,85,1486,0.7913862718707941,68.05248990578735,-7.284656796769852,-10825.0,10.252551020408163,-73.81290322580645,0.5269207237129622,-7.982479784366577,"-6.53,-7.09,-7.54,-7.98",0,8,-10.735602094240837,0.46500672947510097,-5.0,-11505.0,-13893.5
ml,pred_hit99_logit,0.62,0.6,0.75,90,1486,0.7611036339165546,68.05248990578735,-6.05316285329744,-8994.999999999996,15.217064544650755,-73.81830985915492,0.6567514453072829,-6.736559139784943,"-6.15,-6.74,-4.79,-6.53",0,8,-9.793193717277484,0.46500672947510097,-38.999999999999986,-11539.0,-14806.0
ml,pred_hit99_logit,0.62,0.6,0.75,95,1486,0.730820995962315,68.05248990578735,-5.124495289367429,-7615.0,20.21086556169429,-73.91,0.7424232174265999,-6.690860215053763,"-6.69,-3.98,-3.46,-6.37",1,8,-9.514851485148515,0.46500672947510097,-20.5,-11520.5,-12191.5
ml,pred_hit99_logit,0.62,0.6,0.75,99,1486,0.6985195154777928,68.05248990578735,-5.3990578734858685,-8023.0,24.215799614643544,-74.015625,0.758044573117404,-7.024193548387097,"-7.02,-4.73,-3.12,-6.72",1,8,-10.193069306930694,0.46500672947510097,-67.0,-11567.0,-12653.5
ml,pred_hit99_logit,0.63,0.6,0.75,80,1387,0.7527036770007209,68.40951694304253,-8.060201874549382,-11179.499999999993,5.461685823754795,-49.21720116618076,0.337766193762403,-8.877521613832847,"-7.09,-8.15,-8.88,-8.13",0,8,-12.07954545454545,0.45926459985580387,-40.999999999999744,-11541.0,-12243.0
ml,pred_hit99_logit,0.63,0.6,0.75,85,1387,0.7923576063446287,68.40951694304253,-7.559120403749099,-10484.5,9.9049135577798,-74.20138888888889,0.5093823116518484,-8.157060518731988,"-6.53,-7.87,-8.16,-7.68",0,8,-11.994318181818182,0.45926459985580387,-5.5,-11505.5,-12994.0
ml,pred_hit99_logit,0.63,0.6,0.75,90,1387,0.7627974044700793,68.40951694304253,-6.2577505407353975,-8679.499999999996,14.875236294896034,-74.21732522796353,0.6445377290877446,-7.543227665706049,"-5.62,-7.54,-5.51,-6.36",0,8,-11.340909090909086,0.45926459985580387,-10.999999999999986,-11511.0,-16060.5
ml,pred_hit99_logit,0.63,0.6,0.75,95,1387,0.7317952415284787,68.40951694304253,-5.388968997837059,-7474.500000000002,19.863546798029557,-74.29032258064517,0.729537559704733,-6.436416184971098,"-5.88,-4.88,-4.37,-6.44",1,8,-9.948863636363638,0.45926459985580387,-18.0,-11518.0,-12657.5
ml,pred_hit99_logit,0.63,0.6,0.75,99,1387,0.6993511175198269,68.40951694304253,-5.6737563085796685,-7869.5,23.876288659793815,-74.41127098321343,0.7463865031663417,-6.442196531791907,"-6.40,-5.62,-4.23,-6.44",0,8,-9.448863636363635,0.45926459985580387,-62.5,-11562.5,-12325.0
ml,pred_hit99_logit,0.64,0.6,0.75,80,1300,0.7515384615384615,68.66384615384615,-8.025384615384612,-10432.999999999995,5.225690890481071,-48.10681114551084,0.3285709688837408,-8.626153846153843,"-6.90,-8.10,-8.63,-8.48",0,8,-12.703592814371252,0.4553846153846154,-6.499999999999886,-11506.5,-12208.5
ml,pred_hit99_logit,0.64,0.6,0.75,85,1300,0.7946153846153846,68.66384615384615,-7.621538461538462,-9908.0,9.660696999031947,-74.48501872659176,0.5017976115650534,-8.069230769230769,"-6.56,-8.07,-7.84,-8.01",0,8,-12.344311377245509,0.4553846153846154,-28.499999999999986,-11528.5,-12929.5
ml,pred_hit99_logit,0.64,0.6,0.75,90,1300,0.7661538461538462,68.66384615384615,-6.209999999999997,-8072.999999999996,14.635542168674702,-74.50657894736842,0.6435761589403975,-7.423076923076921,"-5.58,-7.42,-5.24,-6.60",1,8,-11.86526946107784,0.4553846153846154,-50.5,-11550.5,-15700.5
ml,pred_hit99_logit,0.64,0.6,0.75,95,1300,0.7338461538461538,68.66384615384615,-5.4484615384615385,-7083.0,19.61949685534591,-74.56647398843931,0.7254651162790697,-6.6292307692307695,"-6.10,-5.10,-3.96,-6.63",1,8,-10.607784431137725,0.4553846153846154,-45.499999999999986,-11545.5,-12685.0
ml,pred_hit99_logit,0.64,0.6,0.75,99,1300,0.7007692307692308,68.66384615384615,-5.787692307692308,-7524.0,23.62843029637761,-74.67737789203085,0.7409938208919259,-6.82,"-6.55,-6.09,-3.69,-6.82",1,8,-10.248502994011975,0.4553846153846154,-25.5,-11525.5,-12288.0
ml,pred_hit99_logit,0.65,0.6,0.75,80,1176,0.7508503401360545,69.11649659863946,-7.793367346938769,-9164.999999999993,4.832955832389588,-45.84470989761092,0.317699609156896,-8.85714285714285,"-7.43,-7.20,-8.86,-7.69",0,8,-12.94666666666666,0.43537414965986393,-58.49999999999998,-11558.5,-11856.5
ml,pred_hit99_logit,0.65,0.6,0.75,85,1176,0.8010204081632653,69.11649659863946,-7.529761904761905,-8855.0,9.249469214437367,-75.07692307692308,0.49595856102003644,-7.836734693877551,"-7.22,-7.52,-7.84,-7.54",1,8,-12.413333333333334,0.43537414965986393,-17.5,-11517.5,-12313.0
ml,pred_hit99_logit,0.65,0.6,0.75,90,1176,0.7712585034013606,69.11649659863946,-6.203231292517004,-7294.999999999996,14.217750826901879,-75.05762081784387,0.6386914638072363,-6.860544217687072,"-6.57,-6.86,-5.35,-6.02",1,8,-11.679999999999996,0.43537414965986393,-35.49999999999991,-11535.5,-14161.0
ml,pred_hit99_logit,0.65,0.6,0.75,95,1176,0.7431972789115646,69.11649659863946,-5.012755102040816,-5895.0,19.227688787185354,-75.16556291390728,0.7403083700440528,-6.302721088435374,"-6.30,-4.31,-4.33,-5.11",1,8,-9.38,0.43537414965986393,-4.0,-11504.0,-12983.5
ml,pred_hit99_logit,0.65,0.6,0.75,99,1176,0.7117346938775511,69.11649659863946,-5.154761904761905,-6062.0,23.24551971326165,-75.27581120943952,0.7624468522836374,-7.095238095238095,"-7.10,-4.99,-4.34,-4.19",1,8,-10.863636363636362,0.43537414965986393,-14.999999999999964,-11515.0,-11983.5
ml,pred_hit99_logit,0.66,0.6,0.75,80,1071,0.7469654528478058,69.50700280112045,-7.734360410830996,-8283.499999999996,4.483750000000008,-43.80258302583026,0.30217766732656637,-8.768656716417906,"-7.97,-7.17,-8.77,-7.03",0,8,-12.164285714285707,0.4369747899159664,-3.4999999999999716,-11503.5,-11801.5
ml,pred_hit99_logit,0.66,0.6,0.75,85,1071,0.8057889822595705,69.50700280112045,-7.514939309056956,-8048.5,8.891657010428737,-75.58653846153847,0.4880740363821397,-8.175373134328359,"-8.18,-7.28,-7.71,-6.90",1,8,-11.2,0.4369747899159664,-11.0,-11511.0,-12306.5
ml,pred_hit99_logit,0.66,0.6,0.75,90,1071,0.7759103641456583,69.50700280112045,-6.175070028011203,-6613.499999999998,13.854993983152832,-75.52916666666667,0.6351574998620844,-7.559701492537312,"-7.56,-6.57,-5.34,-5.23",1,8,-10.59285714285714,0.4369747899159664,-23.99999999999997,-11524.0,-12882.5
ml,pred_hit99_logit,0.66,0.6,0.75,95,1071,0.7469654528478058,69.50700280112045,-5.045284780578898,-5403.5,18.8625,-75.62177121771218,0.7363310317905677,-7.6716417910447765,"-7.67,-3.75,-4.22,-4.54",1,8,-10.759259259259261,0.4369747899159664,-25.0,-11525.0,-11888.0
ml,pred_hit99_logit,0.66,0.6,0.75,99,1071,0.7161531279178338,69.50700280112045,-5.107843137254902,-5470.5,22.885919165580184,-75.73684210526316,0.7624001042390549,-8.5,"-8.50,-4.02,-4.13,-3.78",1,8,-12.932098765432098,0.4369747899159664,-30.0,-11530.0,-11998.5
ml,pred_hit99_logit,0.67,0.6,0.75,80,977,0.7359263050153532,69.82599795291709,-8.19907881269191,-8010.499999999996,4.15924895688457,-42.63953488372093,0.2718389237342065,-8.381147540983603,"-8.27,-8.01,-8.14,-8.38",0,8,-12.97899159663865,0.4452405322415558,-54.99999999999986,-11555.0,-11860.5
ml,pred_hit99_logit,0.67,0.6,0.75,85,977,0.804503582395087,69.82599795291709,-7.943193449334698,-7760.5,8.548346055979644,-75.80890052356021,0.4640353603370282,-8.9,"-8.90,-7.89,-6.27,-8.71",0,8,-11.844537815126051,0.4452405322415558,-28.500000000000014,-11528.5,-12256.5
ml,pred_hit99_logit,0.67,0.6,0.75,90,977,0.7727737973387923,69.82599795291709,-6.776356192425791,-6620.499999999997,13.498675496688746,-75.72972972972973,0.6062039019747801,-8.267346938775507,"-8.27,-7.52,-3.96,-7.36",1,8,-11.802521008403357,0.4452405322415558,-3.0,-11503.0,-13257.5
ml,pred_hit99_logit,0.67,0.6,0.75,95,977,0.7430910951893551,69.82599795291709,-5.732343909928352,-5600.5,18.49173553719008,-75.7988047808765,0.705631915061365,-8.389795918367346,"-8.39,-4.83,-3.80,-5.90",1,8,-12.567567567567568,0.4452405322415558,-14.0,-11514.0,-11731.5
ml,pred_hit99_logit,0.67,0.6,0.75,99,977,0.7103377686796315,69.82599795291709,-6.002558853633572,-5864.5,22.502881844380404,-75.90636042402826,0.7269976491399577,-9.589795918367347,"-9.59,-5.05,-3.96,-5.40",2,8,-15.27027027027027,0.4452405322415558,-50.0,-11550.0,-11827.5
ml,pred_hit99_logit,0.68,0.6,0.75,80,858,0.7342657342657343,70.23310023310023,-7.548951048951045,-6476.999999999996,3.866666666666674,-39.0921052631579,0.27330865028609946,-8.728971962616818,"-7.61,-5.80,-8.73,-8.07",0,8,-13.891752577319583,0.44638694638694637,-54.49999999999999,-11554.5,-11677.0
ml,pred_hit99_logit,0.68,0.6,0.75,85,858,0.8158508158508159,70.23310023310023,-7.3857808857808855,-6337.0,8.227142857142857,-76.55696202531645,0.47610780423280424,-8.58411214953271,"-8.47,-5.68,-6.81,-8.58",1,8,-12.551546391752577,0.44638694638694637,-77.0,-11577.0,-13255.0
ml,pred_hit99_logit,0.68,0.6,0.75,90,858,0.7867132867132867,70.23310023310023,-5.928904428904427,-5086.999999999998,13.18592592592593,-76.43442622950819,0.6363181411974981,-7.839534883720928,"-7.84,-4.40,-4.34,-7.14",1,8,-13.376288659793811,0.44638694638694637,-10.999999999999972,-11511.0,-14522.5
ml,pred_hit99_logit,0.68,0.6,0.75,95,858,0.754079254079254,70.23310023310023,-5.0955710955710956,-4372.0,18.166151468315302,-76.42417061611374,0.7288766239806518,-8.025581395348837,"-8.03,-1.68,-4.71,-5.97",1,8,-12.078125000000002,0.44638694638694637,-12.0,-11512.0,-12458.5
ml,pred_hit99_logit,0.68,0.6,0.75,99,858,0.717948717948718,70.23310023310023,-5.656177156177156,-4853.0,22.165584415584416,-76.47520661157024,0.7377748959853029,-9.765116279069767,"-9.77,-2.18,-4.88,-5.79",1,8,-15.578124999999998,0.44638694638694637,-5.0,-11505.0,-11505.0
ml,pred_hit99_logit,0.69,0.6,0.75,80,755,0.7192052980132451,70.59205298013246,-7.68807947019867,-5804.499999999996,3.5276243093922726,-36.41509433962264,0.24812176165803163,-8.537037037037033,"-8.09,-5.73,-8.54,-8.40",0,8,-12.499999999999995,0.4384105960264901,-67.5,-11567.5,-11655.0
ml,pred_hit99_logit,0.69,0.6,0.75,85,755,0.8158940397350993,70.59205298013246,-7.741059602649007,-5844.5,7.847402597402597,-76.82374100719424,0.4526853022428244,-9.224867724867725,"-9.22,-5.28,-7.35,-9.12",1,8,-12.436,0.4384105960264901,-41.0,-11541.0,-12706.5
ml,pred_hit99_logit,0.69,0.6,0.75,90,755,0.7867549668874172,70.59205298013246,-6.284105960264898,-4744.499999999998,12.813131313131317,-76.74223602484471,0.6160009712273887,-8.140211640211637,"-8.14,-4.36,-5.10,-7.55",1,8,-13.109756097560973,0.4384105960264901,-18.0,-11518.0,-13666.0
ml,pred_hit99_logit,0.69,0.6,0.75,95,755,0.7549668874172185,70.59205298013246,-5.370198675496689,-4054.5,17.7859649122807,-76.71621621621621,0.7143209441606482,-8.378306878306878,"-8.38,-1.79,-5.07,-6.24",1,8,-13.076271186440678,0.4384105960264901,-39.5,-11539.5,-11802.5
ml,pred_hit99_logit,0.69,0.6,0.75,99,755,0.7152317880794702,70.59205298013246,-6.284105960264901,-4744.5,21.76851851851852,-76.74186046511628,0.7124458316918695,-10.75925925925926,"-10.76,-2.26,-5.67,-6.45",1,8,-17.14406779661017,0.4384105960264901,-63.5,-11563.5,-11563.5
ml,pred_hit99_logit,0.7,0.6,0.75,80,647,0.6986089644513137,70.96445131375579,-7.974497681607414,-5159.499999999996,3.1814159292035473,-33.833333333333336,0.21796134899583228,-8.928571428571423,"-8.35,-5.99,-8.64,-8.93",0,8,-14.636986301369857,0.4265842349304482,-8.499999999999943,-11508.5,-12522.0
ml,pred_hit99_logit,0.7,0.6,0.75,85,647,0.8176197836166924,70.96445131375579,-7.966769706336939,-5154.5,7.469754253308128,-77.16949152542372,0.4339446518778827,-10.48136645962733,"-9.33,-4.63,-7.44,-10.48",1,8,-14.157534246575343,0.4265842349304482,-31.0,-11531.0,-13828.0
ml,pred_hit99_logit,0.7,0.6,0.75,90,647,0.7867078825347759,70.96445131375579,-6.6607418856259635,-4309.499999999998,12.415520628683698,-77.02173913043478,0.5945526390064918,-9.363354037267078,"-8.72,-3.09,-5.49,-9.36",1,8,-15.321917808219174,0.4265842349304482,-20.499999999999943,-11520.5,-14651.0
ml,pred_hit99_logit,0.7,0.6,0.75,95,647,0.7557959814528593,70.96445131375579,-5.663833075734158,-3664.5,17.399795501022496,-77.04430379746836,0.6989649223691777,-9.055555555555555,"-9.06,-0.68,-4.97,-7.97",3,8,-13.13013698630137,0.4265842349304482,-59.5,-11559.5,-14322.0
ml,pred_hit99_logit,0.7,0.6,0.75,99,647,0.7171561051004637,70.96445131375579,-6.465996908809892,-4183.5,21.40948275862069,-77.14480874316939,0.7036656631839915,-10.493827160493828,"-10.49,-1.70,-5.55,-8.13",2,8,-17.03846153846154,0.4265842349304482,-7.5,-11507.5,-12128.0
ml,pred_hit99_logit,0.71,0.6,0.75,80,533,0.6566604127579737,71.29643527204502,-8.90337711069418,-4745.499999999998,2.911428571428579,-31.5,0.17677161939457067,-10.259398496240598,"-10.03,-6.52,-10.26,-8.79",0,8,-17.609090909090902,0.4052532833020638,-71.99999999999986,-11572.0,-12585.5
ml,pred_hit99_logit,0.71,0.6,0.75,85,533,0.8086303939962477,71.29643527204502,-9.062851782363978,-4830.5,7.117169373549884,-77.43137254901961,0.3883894656875158,-12.23134328358209,"-12.23,-5.21,-10.45,-8.34",0,8,-16.881818181818183,0.4052532833020638,-57.5,-11557.5,-13854.5
ml,pred_hit99_logit,0.71,0.6,0.75,90,533,0.7804878048780488,71.29643527204502,-7.552532833020636,-4025.499999999999,12.062500000000004,-77.2948717948718,0.5548736661690719,-11.820895522388058,"-11.82,-2.91,-8.45,-6.99",2,8,-18.154545454545453,0.4052532833020638,-60.0,-11560.0,-14690.5
ml,pred_hit99_logit,0.71,0.6,0.75,95,533,0.7485928705440901,71.29643527204502,-6.6801125703564725,-3560.5,17.051378446115287,-77.34328358208955,0.6564550366653802,-12.492537313432836,"-12.49,-0.13,-8.12,-5.94",3,8,-16.51818181818182,0.4052532833020638,-50.0,-11550.0,-14312.5
ml,pred_hit99_logit,0.71,0.6,0.75,99,533,0.7110694183864915,71.29643527204502,-7.400562851782364,-3944.5,21.054089709762533,-77.42857142857143,0.6691965783294197,-14.238805970149254,"-14.24,0.20,-9.61,-5.91",3,8,-17.5,0.4052532833020638,-53.0,-11553.0,-12173.5
ml,pred_hit99_logit,0.72,0.6,0.75,80,441,0.6281179138321995,71.578231292517,-8.781179138321992,-3872.499999999998,2.709386281588455,-28.1890243902439,0.1623404715552676,-10.247747747747743,"-10.25,-7.73,-9.26,-7.87",0,8,-15.755813953488367,0.3786848072562358,-63.99999999999994,-11564.0,-12283.5
ml,pred_hit99_logit,0.72,0.6,0.75,85,441,0.8140589569160998,71.578231292517,-8.883219954648526,-3917.5,6.83983286908078,-77.71951219512195,0.3852973481876667,-11.463963963963964,"-11.46,-6.36,-10.31,-7.37",0,8,-15.755813953488373,0.3786848072562358,-6.5,-11506.5,-13283.0
ml,pred_hit99_logit,0.72,0.6,0.75,90,441,0.7891156462585034,71.578231292517,-7.057823129251698,-3112.499999999999,11.793103448275867,-77.59677419354838,0.5686967366451884,-10.878378378378377,"-10.88,-2.91,-9.54,-4.87",1,8,-16.220930232558135,0.3786848072562358,-54.0,-11554.0,-13896.0
ml,pred_hit99_logit,0.72,0.6,0.75,95,441,0.7573696145124716,71.578231292517,-6.1281179138322,-2702.5,16.772455089820358,-77.61214953271028,0.6745740261304112,-12.364864864864865,"-12.36,0.45,-9.99,-2.55",3,8,-14.941860465116282,0.3786848072562358,-60.0,-11560.0,-13418.0
ml,pred_hit99_logit,0.72,0.6,0.75,99,441,0.7210884353741497,71.578231292517,-6.690476190476191,-2950.5,20.764150943396228,-77.67073170731707,0.6911603077406187,-15.013513513513514,"-15.01,2.00,-10.68,-2.99",2,8,-18.63888888888889,0.3786848072562358,-26.0,-11526.0,-12146.5
ml,pred_hit99_logit,0.73,0.6,0.75,80,342,0.5964912280701754,71.89181286549707,-8.684210526315784,-2969.999999999998,2.504901960784321,-25.22463768115942,0.14679689744326385,-10.546511627906971,"-8.12,-10.55,-5.68,-10.38",0,8,-21.327586206896548,0.3538011695906433,-23.499999999999844,-11523.5,-12250.5
ml,pred_hit99_logit,0.73,0.6,0.75,85,342,0.8216374269005848,71.89181286549707,-8.552631578947368,-2925.0,6.581850533807829,-78.27049180327869,0.38737040527803956,-9.209302325581396,"-8.76,-9.21,-7.09,-9.15",2,8,-23.56896551724138,0.3538011695906433,-8.5,-11508.5,-13213.0
ml,pred_hit99_logit,0.73,0.6,0.75,90,342,0.8011695906432749,71.89181286549707,-6.286549707602337,-2149.999999999999,11.569343065693435,-78.23529411764706,0.5958646616541355,-6.837209302325578,"-6.84,-6.13,-6.03,-6.15",2,8,-23.39655172413793,0.3538011695906433,659.5,-10840.5,-13085.0
ml,pred_hit99_logit,0.73,0.6,0.75,95,342,0.7660818713450293,71.89181286549707,-5.614035087719298,-1920.0,16.5381679389313,-78.1625,0.6929473852550776,-8.465116279069768,"-8.47,-3.16,-7.56,-3.26",3,8,-23.56896551724138,0.3538011695906433,878.0,-10622.0,-12695.5
ml,pred_hit99_logit,0.73,0.6,0.75,99,342,0.7280701754385965,71.89181286549707,-6.312865497076023,-2159.0,20.508032128514056,-78.1236559139785,0.7028421994356893,-11.337209302325581,"-11.34,-2.26,-6.88,-4.77",4,8,-24.637931034482758,0.3538011695906433,515.5,-10984.5,-11795.0
ml,pred_hit99_logit,0.74,0.6,0.75,80,255,0.5647058823529412,72.05882352941177,-8.284313725490193,-2112.499999999999,2.4652777777777852,-22.22972972972973,0.14387031408308049,-11.134920634920631,"-5.86,-10.69,-5.50,-11.13",1,8,-19.549999999999994,0.3411764705882353,856.0,-10644.0,-11373.0
ml,pred_hit99_logit,0.74,0.6,0.75,85,255,0.8274509803921568,72.05882352941177,-8.22549019607843,-2097.5,6.419431279620853,-78.45454545454545,0.39238122827346467,-10.976190476190476,"-8.05,-7.72,-6.20,-10.98",2,8,-20.05,0.3411764705882353,827.0,-10673.0,-12389.5
ml,pred_hit99_logit,0.74,0.6,0.75,90,255,0.8117647058823529,72.05882352941177,-5.499999999999998,-1402.4999999999995,11.413043478260875,-78.4375,0.6274900398406377,-7.007936507936505,"-6.80,-3.50,-4.72,-7.01",2,8,-21.049999999999997,0.3411764705882353,1520.5,-9979.5,-12272.5
ml,pred_hit99_logit,0.74,0.6,0.75,95,255,0.7686274509803922,72.05882352941177,-5.53921568627451,-1412.5,16.352040816326532,-78.26271186440678,0.6940985381700054,-8.828125,"-8.83,-2.25,-6.52,-4.55",3,8,-22.55,0.3411764705882353,1308.0,-10192.0,-12162.0
ml,pred_hit99_logit,0.74,0.6,0.75,99,255,0.7372549019607844,72.05882352941177,-5.570588235294117,-1420.5,20.29787234042553,-78.15671641791045,0.728731022629619,-12.140625,"-12.14,-0.55,-3.45,-6.15",3,8,-20.15,0.3411764705882353,1267.5,-10232.5,-10910.0
ml,pred_hit99_logit,0.75,0.6,0.75,80,173,0.5606936416184971,72.27745664739882,-8.026011560693638,-1388.4999999999993,2.190721649484544,-21.06578947368421,0.1327295440349786,-11.523255813953485,"-4.98,-10.83,-4.85,-11.52",2,8,-26.41666666666666,0.3352601156069364,1836.5,-9663.5,-10007.0
ml,pred_hit99_logit,0.75,0.6,0.75,85,173,0.8265895953757225,72.27745664739882,-8.517341040462428,-1473.5,6.22027972027972,-78.76666666666667,0.3764282691493864,-13.267441860465116,"-8.16,-8.50,-4.15,-13.27",3,8,-23.083333333333332,0.3352601156069364,1626.5,-9873.5,-10792.0
ml,pred_hit99_logit,0.75,0.6,0.75,90,173,0.8092485549132948,72.27745664739882,-5.94508670520231,-1028.4999999999995,11.20714285714286,-78.71212121212122,0.6040423484119347,-9.430232558139533,"-6.11,-4.31,-3.92,-9.43",3,8,-27.25,0.3352601156069364,2490.0,-9010.0,-10397.5
ml,pred_hit99_logit,0.75,0.6,0.75,95,173,0.7745664739884393,72.27745664739882,-5.19364161849711,-898.5,16.12686567164179,-78.44871794871794,0.7063245628370649,-8.613636363636363,"-8.61,-2.34,-1.94,-7.80",3,8,-24.333333333333332,0.3352601156069364,2694.0,-8806.0,-10236.0
ml,pred_hit99_logit,0.75,0.6,0.75,99,173,0.7514450867052023,72.27745664739882,-4.384393063583815,-758.5,20.130769230769232,-78.5,0.7752925492519627,-9.430232558139535,"-7.95,-1.38,1.31,-9.43",3,8,-22.0,0.3352601156069364,3131.0,-8369.0,-9181.5
ml,pred_hit99_hgb,0.52,0.4,0.6,80,994,0.6780684104627767,55.14084507042255,-7.375251509054326,-7331.0,18.234421364985163,-61.315625,0.6263697059273228,-10.447791164658634,"-9.23,-10.45,-4.84,-4.96",0,8,-10.32258064516129,0.448692152917505,-25.5,-11525.5,-14302.0
ml,pred_hit99_hgb,0.52,0.4,0.6,85,994,0.6327967806841046,55.14084507042255,-7.838028169014088,-7791.000000000003,23.22019077901431,-61.36027397260274,0.6521331458040319,-11.094377510040163,"-11.09,-10.65,-5.06,-4.52",0,8,-11.895161290322584,0.448692152917505,-35.500000000000014,-11535.5,-15058.0
ml,pred_hit99_hgb,0.52,0.4,0.6,90,994,0.6046277665995976,55.14084507042255,-7.214285714285714,-7171.0,28.22046589018303,-61.403307888040715,0.702836541449972,-10.67269076305221,"-10.67,-10.53,-3.55,-4.08",1,8,-10.403225806451612,0.448692152917505,-20.499999999999993,-11520.5,-15839.5
ml,pred_hit99_hgb,0.52,0.4,0.6,95,994,0.5744466800804829,55.14084507042255,-7.0633802816901445,-7021.000000000004,33.19877408056042,-61.41252955082742,0.7297276489269561,-10.347389558232935,"-10.15,-10.35,-3.77,-3.96",1,8,-11.766666666666671,0.448692152917505,-6.500000000000021,-11506.5,-16755.5
ml,pred_hit99_hgb,0.52,0.4,0.6,99,994,0.5553319919517102,55.14084507042255,-6.661971830985917,-6622.000000000001,37.17391304347826,-61.40723981900452,0.7560238744381401,-10.564257028112452,"-9.19,-10.56,-3.33,-3.53",1,8,-13.321705426356592,0.448692152917505,-21.000000000000014,-11521.0,-17412.5
ml,pred_hit99_hgb,0.53,0.4,0.6,80,915,0.687431693989071,55.425136612021866,-6.908743169398907,-6321.5,18.01033386327504,-61.71328671328671,0.6418413597733711,-9.980349344978166,"-8.40,-9.98,-5.53,-3.71",0,8,-9.650442477876107,0.4491803278688525,-38.999999999999986,-11539.0,-14315.5
ml,pred_hit99_hgb,0.53,0.4,0.6,85,915,0.644808743169399,55.425136612021866,-7.100000000000002,-6496.500000000002,23.013559322033895,-61.76769230769231,0.6763804827019352,-10.277292576419214,"-10.28,-9.70,-4.99,-3.42",0,8,-10.889380530973455,0.4491803278688525,-19.000000000000014,-11519.0,-15041.5
ml,pred_hit99_hgb,0.53,0.4,0.6,90,915,0.6174863387978142,55.425136612021866,-6.340437158469945,-5801.5,28.030973451327434,-61.825714285714284,0.7318961134987754,-9.62227074235808,"-9.62,-9.37,-3.61,-2.74",0,8,-9.558823529411766,0.4491803278688525,-7.5,-11507.5,-15826.5
ml,pred_hit99_hgb,0.53,0.4,0.6,95,915,0.5868852459016394,55.425136612021866,-6.165573770491807,-5641.500000000004,32.99906890130354,-61.804232804232804,0.7585181063265132,-9.229257641921402,"-9.23,-8.93,-4.12,-2.37",1,8,-11.147058823529417,0.4491803278688525,-60.00000000000003,-11560.0,-16809.0
ml,pred_hit99_hgb,0.53,0.4,0.6,99,915,0.5672131147540984,55.425136612021866,-5.769945355191258,-5279.500000000001,36.97591522157996,-61.792929292929294,0.7842460155292195,-9.290393013100436,"-8.33,-9.29,-3.85,-1.60",1,8,-12.063025210084037,0.4491803278688525,-17.000000000000007,-11517.0,-17408.5
ml,pred_hit99_hgb,0.54,0.4,0.6,80,849,0.6831566548881036,55.58892815076562,-7.4128386336866905,-6293.5,17.822413793103447,-61.82342007434944,0.6215688043053426,-10.891509433962264,"-8.33,-10.89,-6.41,-4.02",0,8,-10.784403669724771,0.4499411071849234,-11.500000000000007,-11511.5,-13696.5
ml,pred_hit99_hgb,0.54,0.4,0.6,85,849,0.6419316843345112,55.58892815076562,-7.507067137809192,-6373.500000000004,22.819266055045865,-61.875,0.6611642743221688,-10.490566037735853,"-9.78,-10.49,-5.75,-4.00",0,8,-10.806930693069312,0.4499411071849234,-38.5,-11538.5,-14334.5
ml,pred_hit99_hgb,0.54,0.4,0.6,90,849,0.6136631330977621,55.58892815076562,-6.847467608951708,-5813.5,27.824376199616122,-61.920731707317074,0.7137616937469227,-9.995283018867925,"-9.27,-10.00,-4.57,-3.55",0,8,-9.569306930693068,0.4499411071849234,-30.000000000000007,-11530.0,-14896.0
ml,pred_hit99_hgb,0.54,0.4,0.6,95,849,0.5818610129564193,55.58892815076562,-6.806242638398119,-5778.500000000004,32.78744939271255,-61.90281690140845,0.7370480762667516,-9.334905660377363,"-9.03,-9.33,-5.42,-3.43",0,8,-11.055555555555559,0.4499411071849234,-2.1316282072803006e-14,-11500.0,-15542.5
ml,pred_hit99_hgb,0.54,0.4,0.6,99,849,0.5618374558303887,55.58892815076562,-6.465842167255595,-5489.5,36.768343815513624,-61.903225806451616,0.7616162932082682,-9.443396226415095,"-8.21,-9.44,-5.37,-2.83",1,8,-12.206422018348626,0.4499411071849234,-21.50000000000003,-11521.5,-16074.5
ml,pred_hit99_hgb,0.55,0.4,0.6,80,764,0.6845549738219895,55.74738219895289,-7.456806282722513,-5697.0,17.71223709369025,-62.07676348547718,0.6191972193442733,-10.002617801047121,"-8.57,-10.00,-6.35,-4.90",0,8,-11.106382978723405,0.443717277486911,-1.000000000000007,-11501.0,-13686.0
ml,pred_hit99_hgb,0.55,0.4,0.6,85,764,0.6426701570680629,55.74738219895289,-7.6007853403141405,-5807.000000000004,22.69959266802444,-62.0970695970696,0.6574546527060905,-10.143979057591627,"-10.14,-9.40,-5.98,-4.88",0,8,-10.62765957446809,0.443717277486911,-33.0,-11533.0,-14329.0
ml,pred_hit99_hgb,0.55,0.4,0.6,90,764,0.6112565445026178,55.74738219895289,-7.221204188481676,-5517.0,27.699143468950748,-62.129629629629626,0.7010161224766291,-9.934554973821989,"-9.93,-9.11,-5.04,-4.80",0,8,-9.91095890410959,0.443717277486911,-60.5,-11560.5,-14926.5
ml,pred_hit99_hgb,0.55,0.4,0.6,95,764,0.5798429319371727,55.74738219895289,-7.155759162303669,-5467.000000000003,32.644469525959366,-62.08255451713396,0.7256692676317836,-10.039267015706809,"-10.04,-8.14,-5.35,-5.09",0,8,-12.239726027397264,0.443717277486911,-20.500000000000036,-11520.5,-15563.0
ml,pred_hit99_hgb,0.55,0.4,0.6,99,764,0.5575916230366492,55.74738219895289,-7.044502617801048,-5382.000000000001,36.617370892018776,-62.07396449704142,0.743482198179305,-9.41623036649215,"-9.42,-8.45,-5.56,-4.75",0,8,-10.755319148936172,0.443717277486911,-40.00000000000003,-11540.0,-16093.0
ml,pred_hit99_hgb,0.56,0.4,0.6,80,631,0.694136291600634,55.94136291600634,-6.878763866877971,-4340.5,17.595890410958905,-62.42227979274612,0.6397177837725669,-11.240506329113924,"-7.27,-11.24,-6.59,-2.39",0,8,-12.102409638554217,0.4215530903328051,-23.0,-11523.0,-13818.5
ml,pred_hit99_hgb,0.56,0.4,0.6,85,631,0.6608557844690967,55.94136291600634,-6.244849445324884,-3940.500000000002,22.581534772182255,-62.41588785046729,0.7049861495844876,-10.734177215189876,"-9.23,-10.73,-3.65,-1.33",0,8,-12.0421686746988,0.4215530903328051,-6.500000000000007,-11506.5,-14073.0
ml,pred_hit99_hgb,0.56,0.4,0.6,90,631,0.6323296354992076,55.94136291600634,-5.515847860538828,-3480.5,27.572681704260653,-62.422413793103445,0.7596671730423975,-10.544303797468354,"-8.98,-10.54,-1.91,-0.60",0,8,-11.455882352941178,0.4215530903328051,-32.00000000000001,-11532.0,-13993.5
ml,pred_hit99_hgb,0.56,0.4,0.6,95,631,0.5990491283676703,55.94136291600634,-5.5237717908082455,-3485.5000000000027,32.492063492063494,-62.32213438735178,0.7789440304423656,-9.46835443037975,"-9.04,-9.47,-2.76,-0.79",1,8,-14.250000000000005,0.4215530903328051,-29.000000000000007,-11529.0,-14493.5
ml,pred_hit99_hgb,0.56,0.4,0.6,99,631,0.5752773375594294,55.94136291600634,-5.4873217115689386,-3462.5000000000005,36.45316804407714,-62.29477611940298,0.7926025756214435,-10.373417721518987,"-8.70,-10.37,-2.76,-0.09",1,8,-13.069444444444448,0.4215530903328051,-58.5,-11558.5,-14879.0
ml,pred_hit99_hgb,0.57,0.4,0.6,80,492,0.6829268292682927,56.09756097560976,-7.9227642276422765,-3898.0,17.4375,-62.544871794871796,0.6004919544942093,-13.735772357723578,"-5.45,-13.74,-8.98,-3.52",0,8,-15.76865671641791,0.3882113821138211,-17.0,-11517.0,-13812.5
ml,pred_hit99_hgb,0.57,0.4,0.6,85,492,0.6463414634146342,56.09756097560976,-7.628048780487808,-3753.000000000002,22.430817610062892,-62.5632183908046,0.6552452691530406,-14.142276422764228,"-7.44,-14.14,-6.34,-2.59",0,8,-16.664179104477615,0.3882113821138211,-13.000000000000036,-11513.0,-14079.5
ml,pred_hit99_hgb,0.57,0.4,0.6,90,492,0.6199186991869918,56.09756097560976,-6.784552845528455,-3338.0,27.421311475409837,-62.57486631016043,0.7147374268256207,-14.955284552845528,"-7.16,-14.96,-5.24,0.22",1,8,-16.66417910447761,0.3882113821138211,-46.00000000000001,-11546.0,-14007.5
ml,pred_hit99_hgb,0.57,0.4,0.6,95,492,0.5853658536585366,56.09756097560976,-6.977642276422768,-3433.000000000002,32.322916666666664,-62.46078431372549,0.7305760477162141,-13.857723577235774,"-7.97,-13.86,-5.93,-0.15",1,8,-15.544776119402988,0.3882113821138211,-17.500000000000007,-11517.5,-14482.0
ml,pred_hit99_hgb,0.57,0.4,0.6,99,492,0.5609756097560976,56.09756097560976,-7.058943089430895,-3473.0000000000005,36.29710144927536,-62.458333333333336,0.7425691201541769,-15.028455284552846,"-7.30,-15.03,-5.97,0.07",1,8,-15.333333333333336,0.3882113821138211,-2.5000000000000284,-11502.5,-14823.0
ml,pred_hit99_hgb,0.58,0.4,0.6,80,369,0.6937669376693767,56.162601626016276,-7.107046070460704,-2622.5,17.3828125,-62.58849557522124,0.6291975963237894,-13.771739130434783,"-5.41,-13.77,-6.60,-2.66",0,8,-12.972727272727273,0.3685636856368564,-10.500000000000007,-11510.5,-13806.0
ml,pred_hit99_hgb,0.58,0.4,0.6,85,369,0.6504065040650406,56.162601626016276,-7.337398373983742,-2707.500000000001,22.354166666666668,-62.57751937984496,0.6646020439764633,-15.347826086956527,"-7.35,-15.35,-4.97,-1.68",0,8,-12.972727272727276,0.3685636856368564,-54.50000000000005,-11554.5,-14121.0
ml,pred_hit99_hgb,0.58,0.4,0.6,90,369,0.6260162601626016,56.162601626016276,-6.294037940379404,-2322.5,27.32251082251082,-62.56521739130435,0.731005327773917,-14.532608695652174,"-7.99,-14.53,-4.53,1.90",2,8,-13.56451612903226,0.3685636856368564,-41.000000000000014,-11541.0,-14002.5
ml,pred_hit99_hgb,0.58,0.4,0.6,95,369,0.5934959349593496,56.162601626016276,-6.266937669376698,-2312.5000000000014,32.21232876712329,-62.446666666666665,0.753122664673855,-13.934782608695654,"-9.07,-13.93,-4.42,2.39",2,8,-12.89285714285715,0.3685636856368564,-13.500000000000014,-11513.5,-14478.0
ml,pred_hit99_hgb,0.58,0.4,0.6,99,369,0.5745257452574526,56.162601626016276,-5.781842818428186,-2133.5000000000005,36.198113207547166,-62.468152866242036,0.7824624012235534,-12.967391304347826,"-8.96,-12.97,-4.14,2.98",3,8,-15.016129032258068,0.3685636856368564,-34.500000000000014,-11534.5,-14855.0
ml,pred_hit99_hgb,0.59,0.4,0.6,80,265,0.7056603773584905,56.15471698113208,-6.126415094339623,-1623.5,17.47860962566845,-62.717948717948715,0.6681316434995912,-12.712121212121213,"-0.14,-12.71,-9.73,-2.02",1,8,-12.285714285714286,0.33584905660377357,668.0,-10832.0,-13335.5
ml,pred_hit99_hgb,0.59,0.4,0.6,85,265,0.660377358490566,56.15471698113208,-6.46603773584906,-1713.500000000001,22.437142857142856,-62.666666666666664,0.6961879432624113,-16.04545454545455,"-2.60,-16.05,-6.47,-0.80",1,8,-10.516949152542377,0.33584905660377357,629.0,-10871.0,-13713.5
ml,pred_hit99_hgb,0.59,0.4,0.6,90,265,0.6415094339622641,56.15471698113208,-4.881132075471698,-1293.5,27.41176470588235,-62.66842105263158,0.7827328462249097,-13.318181818181818,"-3.13,-13.32,-5.94,2.83",2,8,-10.516949152542374,0.33584905660377357,951.0,-10549.0,-13391.5
ml,pred_hit99_hgb,0.59,0.4,0.6,95,265,0.5962264150943396,56.15471698113208,-5.994339622641514,-1588.5000000000014,32.265822784810126,-62.49065420560748,0.7624317654976445,-13.469696969696972,"-5.51,-13.47,-7.15,2.15",1,8,-13.078947368421057,0.33584905660377357,621.5,-10878.5,-14329.0
ml,pred_hit99_hgb,0.59,0.4,0.6,99,265,0.5811320754716981,56.15471698113208,-5.1188679245283035,-1356.5000000000005,36.27272727272727,-62.54504504504504,0.8046092906013684,-12.90909090909091,"-3.13,-12.91,-6.35,1.88",1,8,-11.184210526315793,0.33584905660377357,882.5,-10617.5,-14508.0
ml,pred_hit99_hgb,0.6,0.4,0.6,80,178,0.7134831460674157,56.14044943820225,-5.449438202247191,-970.0,17.515748031496063,-62.63725490196079,0.6963531069024886,-10.277777777777779,"-2.06,-10.28,-8.50,-0.93",0,8,-13.875,0.2808988764044944,1678.0,-9822.0,-12265.5
ml,pred_hit99_hgb,0.6,0.4,0.6,85,178,0.6573033707865169,56.14044943820225,-6.68539325842697,-1190.0000000000007,22.41452991452991,-62.5,0.6878688524590163,-12.722222222222225,"-5.83,-12.72,-7.14,-0.93",0,8,-10.750000000000005,0.2808988764044944,1094.5,-10405.5,-13046.5
ml,pred_hit99_hgb,0.6,0.4,0.6,90,178,0.6348314606741573,56.14044943820225,-5.449438202247191,-970.0,27.36725663716814,-62.5,0.7612307692307693,-13.833333333333334,"-4.50,-13.83,-6.00,2.70",2,8,-11.152173913043478,0.2808988764044944,1581.0,-9919.0,-12757.0
ml,pred_hit99_hgb,0.6,0.4,0.6,95,178,0.601123595505618,56.14044943820225,-5.505617977528094,-980.0000000000008,32.23831775700935,-62.38732394366197,0.7787560672762163,-15.388888888888895,"-5.50,-15.39,-5.09,4.18",2,8,-15.833333333333337,0.2808988764044944,1126.0,-10374.0,-13529.5
ml,pred_hit99_hgb,0.6,0.4,0.6,99,178,0.5842696629213483,56.14044943820225,-4.792134831460675,-853.0000000000002,36.23076923076923,-62.445945945945944,0.8154079203635577,-15.633333333333336,"-3.10,-15.63,-4.98,4.75",3,8,-14.375000000000004,0.2808988764044944,1157.0,-10343.0,-13929.0
ml,pred_hit99_hgb,0.61,0.4,0.6,80,110,0.7545454545454545,56.00909090909091,-1.9636363636363636,-216.0,17.512048192771083,-61.833333333333336,0.8706199460916442,-13.0,"0.18,-13.00,-3.20,8.50",5,8,-11.913793103448276,0.20909090909090908,6300.5,-5199.5,-10281.5
ml,pred_hit99_hgb,0.61,0.4,0.6,85,110,0.7,56.00909090909091,-2.8727272727272757,-316.00000000000034,22.409090909090903,-61.86363636363637,0.8452118540289001,-13.000000000000004,"-1.96,-13.00,-2.83,6.65",5,8,-11.741379310344831,0.20909090909090908,5007.5,-6492.5,-9968.5
ml,pred_hit99_hgb,0.61,0.4,0.6,90,110,0.6818181818181818,56.00909090909091,-1.0545454545454556,-116.00000000000011,27.273333333333333,-61.75714285714286,0.9463335646541754,-13.357142857142858,"-1.61,-13.36,0.50,10.72",5,8,-11.913793103448278,0.20909090909090908,6362.5,-5137.5,-9112.0
ml,pred_hit99_hgb,0.61,0.4,0.6,95,110,0.6545454545454545,56.00909090909091,-0.28181818181818724,-31.000000000000597,32.18055555555555,-61.78947368421053,0.9867972742759794,-10.678571428571432,"-1.61,-10.68,0.31,11.28",5,8,-12.033333333333337,0.20909090909090908,7399.0,-4101.0,-9724.5
ml,pred_hit99_hgb,0.61,0.4,0.6,99,110,0.6363636363636364,56.00909090909091,0.4999999999999968,54.999999999999645,36.18571428571428,-61.95,1.0221953188054882,-12.071428571428573,"0.96,-12.07,-0.83,14.39",4,8,-10.362068965517246,0.20909090909090908,8161.0,-3339.0,-11405.0
ml,pred_hit99_hgb,0.62,0.4,0.6,80,78,0.7307692307692307,55.91025641025643,-3.6923076923076925,-288.0,17.728070175438596,-61.833333333333336,0.7782056218713901,-16.605263157894736,"-6.95,-9.20,-16.61,18.45",5,8,-16.166666666666668,0.15384615384615385,5840.0,-5660.0,-9015.5
ml,pred_hit99_hgb,0.62,0.4,0.6,85,78,0.6923076923076923,55.91025641025643,-3.3717948717948762,-263.00000000000034,22.611111111111104,-61.833333333333336,0.8227762803234498,-18.18421052631579,"-3.45,-10.20,-18.18,18.71",5,8,-20.33333333333334,0.15384615384615385,5880.0,-5620.0,-9226.0
ml,pred_hit99_hgb,0.62,0.4,0.6,90,78,0.6923076923076923,55.91025641025643,0.02564102564102555,1.999999999999993,27.51851851851852,-61.833333333333336,1.0013477088948788,-15.552631578947368,"0.05,-7.20,-15.55,23.18",6,8,-17.833333333333336,0.15384615384615385,9090.0,-2410.0,-10336.5
ml,pred_hit99_hgb,0.62,0.4,0.6,95,78,0.6538461538461539,55.91025641025643,-0.23076923076923686,-18.000000000000476,32.401960784313715,-61.870370370370374,0.9892247829991018,-17.921052631578952,"-1.20,-4.20,-17.92,22.66",5,8,-23.250000000000004,0.15384615384615385,8088.0,-3412.0,-10461.0
ml,pred_hit99_hgb,0.62,0.4,0.6,99,78,0.6410256410256411,55.91025641025643,1.0641025641025612,82.99999999999977,36.36,-61.964285714285715,1.0478386167146974,-21.236842105263158,"1.40,-1.80,-21.24,26.03",5,8,-21.58333333333334,0.15384615384615385,9567.5,-1932.5,-12004.5
ml,pred_hit99_hgb,0.63,0.4,0.6,80,49,0.7142857142857143,55.91836734693878,-4.86734693877551,-238.5,17.928571428571427,-61.857142857142854,0.7245958429561201,-22.75,"-13.73,5.42,-22.75,12.33",3,7,-17.214285714285715,0.1836734693877551,6722.0,-4778.0,-6704.0
ml,pred_hit99_hgb,0.63,0.4,0.6,85,49,0.6938775510204082,55.91836734693878,-3.1326530612244956,-153.50000000000028,22.70588235294117,-61.7,0.8341437061048079,-20.25,"-10.65,9.58,-20.25,9.42",3,7,-14.357142857142861,0.1836734693877551,7627.0,-3873.0,-5540.0
ml,pred_hit99_hgb,0.63,0.4,0.6,90,49,0.6938775510204082,55.91836734693878,0.23469387755101867,11.499999999999915,27.558823529411764,-61.7,1.0124257158292815,-17.75,"-7.58,13.75,-17.75,13.17",4,7,-11.5,0.1836734693877551,10096.0,-1404.0,-5663.0
ml,pred_hit99_hgb,0.63,0.4,0.6,95,49,0.673469387755102,55.91836734693878,1.663265306122442,81.49999999999966,32.34848484848484,-61.625,1.0826572008113586,-15.250000000000005,"-11.81,17.92,-15.25,16.92",4,7,-8.642857142857148,0.1836734693877551,10969.0,-531.0,-4886.0
ml,pred_hit99_hgb,0.63,0.4,0.6,99,49,0.6530612244897959,55.91836734693878,2.255102040816322,110.49999999999977,36.28125,-61.794117647058826,1.105188005711566,-21.5,"-9.65,21.25,-21.50,19.92",4,7,-14.500000000000004,0.1836734693877551,11404.0,-96.0,-6278.0
ml,pred_hit99_hgb,0.52,0.45,0.6,80,990,0.6787878787878788,55.212121212121225,-7.388888888888889,-7315.0,18.194940476190474,-61.45283018867924,0.6256780268140415,-10.596774193548388,"-8.81,-10.60,-4.68,-5.46",0,8,-10.66260162601626,0.45151515151515154,-0.9999999999999929,-11501.0,-14277.5
ml,pred_hit99_hgb,0.52,0.45,0.6,85,990,0.6333333333333333,55.212121212121225,-7.863636363636366,-7785.000000000003,23.177830940988837,-61.480716253443525,0.6511706060266607,-11.004032258064516,"-11.00,-10.48,-4.90,-5.05",0,8,-12.288617886178866,0.45151515151515154,-10.000000000000007,-11510.0,-15032.5
ml,pred_hit99_hgb,0.52,0.45,0.6,90,990,0.6050505050505051,55.212121212121225,-7.247474747474747,-7175.0,28.176126878130216,-61.5153452685422,0.7016942105810207,-10.580645161290322,"-10.58,-10.35,-3.38,-4.65",0,8,-10.825203252032521,0.45151515151515154,-44.5,-11544.5,-15863.5
ml,pred_hit99_hgb,0.52,0.45,0.6,95,990,0.5747474747474748,55.212121212121225,-7.10606060606061,-7035.000000000004,33.15202108963093,-61.5166270783848,0.7283626464853177,-10.173387096774198,"-10.06,-10.17,-3.61,-4.56",1,8,-11.766666666666671,0.45151515151515154,-26.000000000000043,-11526.0,-16775.0
ml,pred_hit99_hgb,0.52,0.45,0.6,99,990,0.5555555555555556,55.212121212121225,-6.711111111111112,-6644.000000000001,37.125454545454545,-61.50681818181818,0.7544987621475816,-10.391129032258064,"-9.09,-10.39,-3.16,-4.17",1,8,-13.321705426356592,0.45151515151515154,-7.105427357601002e-15,-11500.0,-17391.5
ml,pred_hit99_hgb,0.53,0.45,0.6,80,912,0.6885964912280702,55.47258771929825,-6.862938596491228,-6259.0,17.988853503184714,-61.816901408450704,0.643483709273183,-10.162280701754385,"-8.23,-10.16,-5.36,-3.71",0,8,-10.017857142857142,0.4506578947368421,-15.0,-11515.0,-14291.5
ml,pred_hit99_hgb,0.53,0.45,0.6,85,912,0.6458333333333334,55.47258771929825,-7.060307017543861,-6439.000000000002,22.990662139219012,-61.859133126934985,0.6777357923975875,-10.114035087719298,"-10.11,-9.90,-4.81,-3.42",0,8,-11.312500000000004,0.4506578947368421,-50.50000000000003,-11550.5,-15073.0
ml,pred_hit99_hgb,0.53,0.45,0.6,90,912,0.618421052631579,55.47258771929825,-6.303728070175438,-5749.0,28.00709219858156,-61.910919540229884,0.7331631469018334,-9.592105263157896,"-9.46,-9.59,-3.43,-2.74",0,8,-9.928571428571429,0.4506578947368421,-18.5,-11518.5,-15837.5
ml,pred_hit99_hgb,0.53,0.45,0.6,95,912,0.5877192982456141,55.47258771929825,-6.133771929824565,-5594.000000000004,32.973880597014926,-61.88297872340426,0.7595839779955303,-9.175438596491231,"-9.06,-9.18,-3.93,-2.37",1,8,-11.147058823529417,0.4506578947368421,-40.0,-11540.0,-16789.0
ml,pred_hit99_hgb,0.53,0.45,0.6,99,912,0.5679824561403509,55.47258771929825,-5.741228070175439,-5236.000000000001,36.94980694980695,-61.868020304568525,0.7851985559566786,-9.552631578947368,"-8.15,-9.55,-3.66,-1.60",1,8,-12.063025210084037,0.4506578947368421,-60.0,-11560.0,-17451.5
ml,pred_hit99_hgb,0.54,0.45,0.6,80,848,0.6839622641509434,55.60731132075472,-7.366745283018868,-6247.0,17.822413793103447,-61.88059701492537,0.6233116256632899,-10.882075471698114,"-8.08,-10.88,-6.48,-4.02",0,8,-10.784403669724771,0.45047169811320753,-11.500000000000007,-11511.5,-13696.5
ml,pred_hit99_hgb,0.54,0.45,0.6,85,848,0.6426886792452831,55.60731132075472,-7.461084905660382,-6327.000000000004,22.819266055045865,-61.92574257425743,0.662802781996962,-10.481132075471702,"-9.55,-10.48,-5.82,-4.00",0,8,-10.806930693069312,0.45047169811320753,-38.5,-11538.5,-14334.5
ml,pred_hit99_hgb,0.54,0.45,0.6,90,848,0.6143867924528302,55.60731132075472,-6.800707547169812,-5767.0,27.824376199616122,-61.96788990825688,0.7153996101364523,-9.985849056603774,"-9.03,-9.99,-4.64,-3.55",0,8,-9.569306930693068,0.45047169811320753,-30.000000000000007,-11530.0,-14896.0
ml,pred_hit99_hgb,0.54,0.45,0.6,95,848,0.5825471698113207,55.60731132075472,-6.759433962264155,-5732.000000000004,32.78744939271255,-61.94632768361582,0.7386109717725386,-9.325471698113212,"-8.79,-9.33,-5.49,-3.43",0,8,-11.055555555555559,0.45047169811320753,-2.1316282072803006e-14,-11500.0,-15542.5
ml,pred_hit99_hgb,0.54,0.45,0.6,99,848,0.5625,55.60731132075472,-6.418632075471699,-5443.000000000001,36.768343815513624,-61.94474393530997,0.7631573221939386,-9.433962264150944,"-7.97,-9.43,-5.44,-2.83",1,8,-12.206422018348626,0.45047169811320753,-21.50000000000003,-11521.5,-16074.5
ml,pred_hit99_hgb,0.55,0.45,0.6,80,764,0.6845549738219895,55.74738219895289,-7.456806282722513,-5697.0,17.71223709369025,-62.07676348547718,0.6191972193442733,-10.002617801047121,"-8.57,-10.00,-6.35,-4.90",0,8,-11.106382978723405,0.443717277486911,-1.000000000000007,-11501.0,-13686.0
ml,pred_hit99_hgb,0.55,0.45,0.6,85,764,0.6426701570680629,55.74738219895289,-7.6007853403141405,-5807.000000000004,22.69959266802444,-62.0970695970696,0.6574546527060905,-10.143979057591627,"-10.14,-9.40,-5.98,-4.88",0,8,-10.62765957446809,0.443717277486911,-33.0,-11533.0,-14329.0
ml,pred_hit99_hgb,0.55,0.45,0.6,90,764,0.6112565445026178,55.74738219895289,-7.221204188481676,-5517.0,27.699143468950748,-62.129629629629626,0.7010161224766291,-9.934554973821989,"-9.93,-9.11,-5.04,-4.80",0,8,-9.91095890410959,0.443717277486911,-60.5,-11560.5,-14926.5
ml,pred_hit99_hgb,0.55,0.45,0.6,95,764,0.5798429319371727,55.74738219895289,-7.155759162303669,-5467.000000000003,32.644469525959366,-62.08255451713396,0.7256692676317836,-10.039267015706809,"-10.04,-8.14,-5.35,-5.09",0,8,-12.239726027397264,0.443717277486911,-20.500000000000036,-11520.5,-15563.0
ml,pred_hit99_hgb,0.55,0.45,0.6,99,764,0.5575916230366492,55.74738219895289,-7.044502617801048,-5382.000000000001,36.617370892018776,-62.07396449704142,0.743482198179305,-9.41623036649215,"-9.42,-8.45,-5.56,-4.75",0,8,-10.755319148936172,0.443717277486911,-40.00000000000003,-11540.0,-16093.0
ml,pred_hit99_hgb,0.56,0.45,0.6,80,631,0.694136291600634,55.94136291600634,-6.878763866877971,-4340.5,17.595890410958905,-62.42227979274612,0.6397177837725669,-11.240506329113924,"-7.27,-11.24,-6.59,-2.39",0,8,-12.102409638554217,0.4215530903328051,-23.0,-11523.0,-13818.5
ml,pred_hit99_hgb,0.56,0.45,0.6,85,631,0.6608557844690967,55.94136291600634,-6.244849445324884,-3940.500000000002,22.581534772182255,-62.41588785046729,0.7049861495844876,-10.734177215189876,"-9.23,-10.73,-3.65,-1.33",0,8,-12.0421686746988,0.4215530903328051,-6.500000000000007,-11506.5,-14073.0
ml,pred_hit99_hgb,0.56,0.45,0.6,90,631,0.6323296354992076,55.94136291600634,-5.515847860538828,-3480.5,27.572681704260653,-62.422413793103445,0.7596671730423975,-10.544303797468354,"-8.98,-10.54,-1.91,-0.60",0,8,-11.455882352941178,0.4215530903328051,-32.00000000000001,-11532.0,-13993.5
ml,pred_hit99_hgb,0.56,0.45,0.6,95,631,0.5990491283676703,55.94136291600634,-5.5237717908082455,-3485.5000000000027,32.492063492063494,-62.32213438735178,0.7789440304423656,-9.46835443037975,"-9.04,-9.47,-2.76,-0.79",1,8,-14.250000000000005,0.4215530903328051,-29.000000000000007,-11529.0,-14493.5
ml,pred_hit99_hgb,0.56,0.45,0.6,99,631,0.5752773375594294,55.94136291600634,-5.4873217115689386,-3462.5000000000005,36.45316804407714,-62.29477611940298,0.7926025756214435,-10.373417721518987,"-8.70,-10.37,-2.76,-0.09",1,8,-13.069444444444448,0.4215530903328051,-58.5,-11558.5,-14879.0
ml,pred_hit99_hgb,0.57,0.45,0.6,80,492,0.6829268292682927,56.09756097560976,-7.9227642276422765,-3898.0,17.4375,-62.544871794871796,0.6004919544942093,-13.735772357723578,"-5.45,-13.74,-8.98,-3.52",0,8,-15.76865671641791,0.3882113821138211,-17.0,-11517.0,-13812.5
ml,pred_hit99_hgb,0.57,0.45,0.6,85,492,0.6463414634146342,56.09756097560976,-7.628048780487808,-3753.000000000002,22.430817610062892,-62.5632183908046,0.6552452691530406,-14.142276422764228,"-7.44,-14.14,-6.34,-2.59",0,8,-16.664179104477615,0.3882113821138211,-13.000000000000036,-11513.0,-14079.5
ml,pred_hit99_hgb,0.57,0.45,0.6,90,492,0.6199186991869918,56.09756097560976,-6.784552845528455,-3338.0,27.421311475409837,-62.57486631016043,0.7147374268256207,-14.955284552845528,"-7.16,-14.96,-5.24,0.22",1,8,-16.66417910447761,0.3882113821138211,-46.00000000000001,-11546.0,-14007.5
ml,pred_hit99_hgb,0.57,0.45,0.6,95,492,0.5853658536585366,56.09756097560976,-6.977642276422768,-3433.000000000002,32.322916666666664,-62.46078431372549,0.7305760477162141,-13.857723577235774,"-7.97,-13.86,-5.93,-0.15",1,8,-15.544776119402988,0.3882113821138211,-17.500000000000007,-11517.5,-14482.0
ml,pred_hit99_hgb,0.57,0.45,0.6,99,492,0.5609756097560976,56.09756097560976,-7.058943089430895,-3473.0000000000005,36.29710144927536,-62.458333333333336,0.7425691201541769,-15.028455284552846,"-7.30,-15.03,-5.97,0.07",1,8,-15.333333333333336,0.3882113821138211,-2.5000000000000284,-11502.5,-14823.0
ml,pred_hit99_hgb,0.58,0.45,0.6,80,369,0.6937669376693767,56.162601626016276,-7.107046070460704,-2622.5,17.3828125,-62.58849557522124,0.6291975963237894,-13.771739130434783,"-5.41,-13.77,-6.60,-2.66",0,8,-12.972727272727273,0.3685636856368564,-10.500000000000007,-11510.5,-13806.0
ml,pred_hit99_hgb,0.58,0.45,0.6,85,369,0.6504065040650406,56.162601626016276,-7.337398373983742,-2707.500000000001,22.354166666666668,-62.57751937984496,0.6646020439764633,-15.347826086956527,"-7.35,-15.35,-4.97,-1.68",0,8,-12.972727272727276,0.3685636856368564,-54.50000000000005,-11554.5,-14121.0
ml,pred_hit99_hgb,0.58,0.45,0.6,90,369,0.6260162601626016,56.162601626016276,-6.294037940379404,-2322.5,27.32251082251082,-62.56521739130435,0.731005327773917,-14.532608695652174,"-7.99,-14.53,-4.53,1.90",2,8,-13.56451612903226,0.3685636856368564,-41.000000000000014,-11541.0,-14002.5
ml,pred_hit99_hgb,0.58,0.45,0.6,95,369,0.5934959349593496,56.162601626016276,-6.266937669376698,-2312.5000000000014,32.21232876712329,-62.446666666666665,0.753122664673855,-13.934782608695654,"-9.07,-13.93,-4.42,2.39",2,8,-12.89285714285715,0.3685636856368564,-13.500000000000014,-11513.5,-14478.0
ml,pred_hit99_hgb,0.58,0.45,0.6,99,369,0.5745257452574526,56.162601626016276,-5.781842818428186,-2133.5000000000005,36.198113207547166,-62.468152866242036,0.7824624012235534,-12.967391304347826,"-8.96,-12.97,-4.14,2.98",3,8,-15.016129032258068,0.3685636856368564,-34.500000000000014,-11534.5,-14855.0
ml,pred_hit99_hgb,0.59,0.45,0.6,80,265,0.7056603773584905,56.15471698113208,-6.126415094339623,-1623.5,17.47860962566845,-62.717948717948715,0.6681316434995912,-12.712121212121213,"-0.14,-12.71,-9.73,-2.02",1,8,-12.285714285714286,0.33584905660377357,668.0,-10832.0,-13335.5
ml,pred_hit99_hgb,0.59,0.45,0.6,85,265,0.660377358490566,56.15471698113208,-6.46603773584906,-1713.500000000001,22.437142857142856,-62.666666666666664,0.6961879432624113,-16.04545454545455,"-2.60,-16.05,-6.47,-0.80",1,8,-10.516949152542377,0.33584905660377357,629.0,-10871.0,-13713.5
ml,pred_hit99_hgb,0.59,0.45,0.6,90,265,0.6415094339622641,56.15471698113208,-4.881132075471698,-1293.5,27.41176470588235,-62.66842105263158,0.7827328462249097,-13.318181818181818,"-3.13,-13.32,-5.94,2.83",2,8,-10.516949152542374,0.33584905660377357,951.0,-10549.0,-13391.5
ml,pred_hit99_hgb,0.59,0.45,0.6,95,265,0.5962264150943396,56.15471698113208,-5.994339622641514,-1588.5000000000014,32.265822784810126,-62.49065420560748,0.7624317654976445,-13.469696969696972,"-5.51,-13.47,-7.15,2.15",1,8,-13.078947368421057,0.33584905660377357,621.5,-10878.5,-14329.0
ml,pred_hit99_hgb,0.59,0.45,0.6,99,265,0.5811320754716981,56.15471698113208,-5.1188679245283035,-1356.5000000000005,36.27272727272727,-62.54504504504504,0.8046092906013684,-12.90909090909091,"-3.13,-12.91,-6.35,1.88",1,8,-11.184210526315793,0.33584905660377357,882.5,-10617.5,-14508.0
ml,pred_hit99_hgb,0.6,0.45,0.6,80,178,0.7134831460674157,56.14044943820225,-5.449438202247191,-970.0,17.515748031496063,-62.63725490196079,0.6963531069024886,-10.277777777777779,"-2.06,-10.28,-8.50,-0.93",0,8,-13.875,0.2808988764044944,1678.0,-9822.0,-12265.5
ml,pred_hit99_hgb,0.6,0.45,0.6,85,178,0.6573033707865169,56.14044943820225,-6.68539325842697,-1190.0000000000007,22.41452991452991,-62.5,0.6878688524590163,-12.722222222222225,"-5.83,-12.72,-7.14,-0.93",0,8,-10.750000000000005,0.2808988764044944,1094.5,-10405.5,-13046.5
ml,pred_hit99_hgb,0.6,0.45,0.6,90,178,0.6348314606741573,56.14044943820225,-5.449438202247191,-970.0,27.36725663716814,-62.5,0.7612307692307693,-13.833333333333334,"-4.50,-13.83,-6.00,2.70",2,8,-11.152173913043478,0.2808988764044944,1581.0,-9919.0,-12757.0
ml,pred_hit99_hgb,0.6,0.45,0.6,95,178,0.601123595505618,56.14044943820225,-5.505617977528094,-980.0000000000008,32.23831775700935,-62.38732394366197,0.7787560672762163,-15.388888888888895,"-5.50,-15.39,-5.09,4.18",2,8,-15.833333333333337,0.2808988764044944,1126.0,-10374.0,-13529.5
ml,pred_hit99_hgb,0.6,0.45,0.6,99,178,0.5842696629213483,56.14044943820225,-4.792134831460675,-853.0000000000002,36.23076923076923,-62.445945945945944,0.8154079203635577,-15.633333333333336,"-3.10,-15.63,-4.98,4.75",3,8,-14.375000000000004,0.2808988764044944,1157.0,-10343.0,-13929.0
ml,pred_hit99_hgb,0.61,0.45,0.6,80,110,0.7545454545454545,56.00909090909091,-1.9636363636363636,-216.0,17.512048192771083,-61.833333333333336,0.8706199460916442,-13.0,"0.18,-13.00,-3.20,8.50",5,8,-11.913793103448276,0.20909090909090908,6300.5,-5199.5,-10281.5
ml,pred_hit99_hgb,0.61,0.45,0.6,85,110,0.7,56.00909090909091,-2.8727272727272757,-316.00000000000034,22.409090909090903,-61.86363636363637,0.8452118540289001,-13.000000000000004,"-1.96,-13.00,-2.83,6.65",5,8,-11.741379310344831,0.20909090909090908,5007.5,-6492.5,-9968.5
ml,pred_hit99_hgb,0.61,0.45,0.6,90,110,0.6818181818181818,56.00909090909091,-1.0545454545454556,-116.00000000000011,27.273333333333333,-61.75714285714286,0.9463335646541754,-13.357142857142858,"-1.61,-13.36,0.50,10.72",5,8,-11.913793103448278,0.20909090909090908,6362.5,-5137.5,-9112.0
ml,pred_hit99_hgb,0.61,0.45,0.6,95,110,0.6545454545454545,56.00909090909091,-0.28181818181818724,-31.000000000000597,32.18055555555555,-61.78947368421053,0.9867972742759794,-10.678571428571432,"-1.61,-10.68,0.31,11.28",5,8,-12.033333333333337,0.20909090909090908,7399.0,-4101.0,-9724.5
ml,pred_hit99_hgb,0.61,0.45,0.6,99,110,0.6363636363636364,56.00909090909091,0.4999999999999968,54.999999999999645,36.18571428571428,-61.95,1.0221953188054882,-12.071428571428573,"0.96,-12.07,-0.83,14.39",4,8,-10.362068965517246,0.20909090909090908,8161.0,-3339.0,-11405.0
ml,pred_hit99_hgb,0.62,0.45,0.6,80,78,0.7307692307692307,55.91025641025643,-3.6923076923076925,-288.0,17.728070175438596,-61.833333333333336,0.7782056218713901,-16.605263157894736,"-6.95,-9.20,-16.61,18.45",5,8,-16.166666666666668,0.15384615384615385,5840.0,-5660.0,-9015.5
ml,pred_hit99_hgb,0.62,0.45,0.6,85,78,0.6923076923076923,55.91025641025643,-3.3717948717948762,-263.00000000000034,22.611111111111104,-61.833333333333336,0.8227762803234498,-18.18421052631579,"-3.45,-10.20,-18.18,18.71",5,8,-20.33333333333334,0.15384615384615385,5880.0,-5620.0,-9226.0
ml,pred_hit99_hgb,0.62,0.45,0.6,90,78,0.6923076923076923,55.91025641025643,0.02564102564102555,1.999999999999993,27.51851851851852,-61.833333333333336,1.0013477088948788,-15.552631578947368,"0.05,-7.20,-15.55,23.18",6,8,-17.833333333333336,0.15384615384615385,9090.0,-2410.0,-10336.5
ml,pred_hit99_hgb,0.62,0.45,0.6,95,78,0.6538461538461539,55.91025641025643,-0.23076923076923686,-18.000000000000476,32.401960784313715,-61.870370370370374,0.9892247829991018,-17.921052631578952,"-1.20,-4.20,-17.92,22.66",5,8,-23.250000000000004,0.15384615384615385,8088.0,-3412.0,-10461.0
ml,pred_hit99_hgb,0.62,0.45,0.6,99,78,0.6410256410256411,55.91025641025643,1.0641025641025612,82.99999999999977,36.36,-61.964285714285715,1.0478386167146974,-21.236842105263158,"1.40,-1.80,-21.24,26.03",5,8,-21.58333333333334,0.15384615384615385,9567.5,-1932.5,-12004.5
ml,pred_hit99_hgb,0.63,0.45,0.6,80,49,0.7142857142857143,55.91836734693878,-4.86734693877551,-238.5,17.928571428571427,-61.857142857142854,0.7245958429561201,-22.75,"-13.73,5.42,-22.75,12.33",3,7,-17.214285714285715,0.1836734693877551,6722.0,-4778.0,-6704.0
ml,pred_hit99_hgb,0.63,0.45,0.6,85,49,0.6938775510204082,55.91836734693878,-3.1326530612244956,-153.50000000000028,22.70588235294117,-61.7,0.8341437061048079,-20.25,"-10.65,9.58,-20.25,9.42",3,7,-14.357142857142861,0.1836734693877551,7627.0,-3873.0,-5540.0
ml,pred_hit99_hgb,0.63,0.45,0.6,90,49,0.6938775510204082,55.91836734693878,0.23469387755101867,11.499999999999915,27.558823529411764,-61.7,1.0124257158292815,-17.75,"-7.58,13.75,-17.75,13.17",4,7,-11.5,0.1836734693877551,10096.0,-1404.0,-5663.0
ml,pred_hit99_hgb,0.63,0.45,0.6,95,49,0.673469387755102,55.91836734693878,1.663265306122442,81.49999999999966,32.34848484848484,-61.625,1.0826572008113586,-15.250000000000005,"-11.81,17.92,-15.25,16.92",4,7,-8.642857142857148,0.1836734693877551,10969.0,-531.0,-4886.0
ml,pred_hit99_hgb,0.63,0.45,0.6,99,49,0.6530612244897959,55.91836734693878,2.255102040816322,110.49999999999977,36.28125,-61.794117647058826,1.105188005711566,-21.5,"-9.65,21.25,-21.50,19.92",4,7,-14.500000000000004,0.1836734693877551,11404.0,-96.0,-6278.0
ml,pred_hit99_hgb,0.52,0.5,0.6,80,968,0.6828512396694215,55.38326446280992,-7.234504132231405,-7003.0,18.068835098335853,-61.714983713355046,0.6303802813184494,-10.541322314049587,"-8.68,-10.54,-4.64,-5.08",0,8,-10.66260162601626,0.4555785123966942,-12.5,-11512.5,-14289.0
ml,pred_hit99_hgb,0.52,0.5,0.6,85,968,0.6394628099173554,55.38326446280992,-7.513429752066119,-7273.000000000004,23.075121163166397,-61.76647564469914,0.6626075661633382,-10.830578512396698,"-10.29,-10.83,-4.22,-4.71",0,8,-12.288617886178866,0.4555785123966942,-34.50000000000002,-11534.5,-15057.0
ml,pred_hit99_hgb,0.52,0.5,0.6,90,968,0.6105371900826446,55.38326446280992,-6.924586776859504,-6703.0,28.068527918781726,-61.781167108753316,0.7122126097503381,-10.789256198347108,"-9.88,-10.79,-2.69,-4.34",0,8,-10.825203252032521,0.4555785123966942,-1.500000000000007,-11501.5,-15820.5
ml,pred_hit99_hgb,0.52,0.5,0.6,95,968,0.5795454545454546,55.38326446280992,-6.821280991735541,-6603.000000000004,33.03832442067736,-61.76289926289926,0.7373247140726007,-10.685950413223145,"-9.36,-10.69,-2.94,-4.30",1,8,-12.245901639344268,0.4555785123966942,-29.000000000000007,-11529.0,-16778.0
ml,pred_hit99_hgb,0.52,0.5,0.6,99,968,0.5619834710743802,55.38326446280992,-6.245867768595042,-6046.000000000001,37.036764705882355,-61.778301886792455,0.7691837825456211,-10.15702479338843,"-8.39,-10.16,-2.51,-3.93",1,8,-12.581967213114758,0.4555785123966942,-17.5,-11517.5,-17409.0
ml,pred_hit99_hgb,0.53,0.5,0.6,80,899,0.6896551724137931,55.59288097886541,-6.898220244716351,-6201.5,17.89032258064516,-61.983870967741936,0.6413970566976032,-10.677777777777777,"-7.70,-10.68,-5.74,-3.46",0,8,-10.78695652173913,0.45161290322580644,-31.500000000000007,-11531.5,-14308.0
ml,pred_hit99_hgb,0.53,0.5,0.6,85,899,0.6473859844271412,55.59288097886541,-7.0483870967741975,-6336.500000000004,22.896907216494846,-62.026813880126184,0.6777368086458996,-10.100000000000001,"-9.61,-10.10,-5.26,-3.21",0,8,-11.312500000000004,0.45161290322580644,-2.5,-11502.5,-15025.0
ml,pred_hit99_hgb,0.53,0.5,0.6,90,899,0.6195773081201335,55.59288097886541,-6.31979977753059,-5681.5,27.909335727109514,-62.067251461988306,0.7323455975879776,-9.833333333333334,"-8.94,-9.83,-3.92,-2.56",0,8,-10.61304347826087,0.45161290322580644,-18.500000000000007,-11518.5,-15837.5
ml,pred_hit99_hgb,0.53,0.5,0.6,95,899,0.5884315906562848,55.59288097886541,-6.1863181312569555,-5561.500000000003,32.870510396975426,-62.027027027027025,0.7576688453159042,-9.45555555555556,"-8.54,-9.46,-4.50,-2.23",1,8,-11.873913043478264,0.45161290322580644,-22.50000000000005,-11522.5,-16771.5
ml,pred_hit99_hgb,0.53,0.5,0.6,99,899,0.5706340378197998,55.59288097886541,-5.598998887652948,-5033.500000000001,36.87426900584796,-62.04663212435233,0.7898329853862213,-8.993333333333334,"-7.62,-8.99,-4.28,-1.48",1,8,-12.334782608695656,0.45161290322580644,-34.50000000000001,-11534.5,-17426.0
ml,pred_hit99_hgb,0.54,0.5,0.6,80,838,0.6861575178997613,55.70763723150358,-7.291169451073985,-6110.0,17.75913043478261,-62.05893536121673,0.6256471525288729,-11.633333333333333,"-7.73,-11.63,-5.74,-4.04",0,8,-11.509345794392523,0.4510739856801909,-46.50000000000001,-11546.5,-13731.5
ml,pred_hit99_hgb,0.54,0.5,0.6,85,838,0.6455847255369929,55.70763723150358,-7.3150357995226765,-6130.000000000003,22.764325323475042,-62.10606060606061,0.6676696213168523,-10.895238095238097,"-9.21,-10.90,-5.07,-4.06",0,8,-10.806930693069312,0.4510739856801909,-12.500000000000007,-11512.5,-14308.5
ml,pred_hit99_hgb,0.54,0.5,0.6,90,838,0.616945107398568,55.70763723150358,-6.670644391408114,-5590.0,27.766924564796906,-62.13551401869159,0.7197362813667243,-10.442857142857143,"-8.69,-10.44,-3.87,-3.65",0,8,-10.200934579439252,0.4510739856801909,-45.50000000000001,-11545.5,-14911.5
ml,pred_hit99_hgb,0.54,0.5,0.6,95,838,0.5847255369928401,55.70763723150358,-6.652744630071601,-5575.000000000002,32.7265306122449,-62.10057471264368,0.7420295220026838,-9.823809523809528,"-8.45,-9.82,-4.73,-3.58",1,8,-11.742990654205611,0.4510739856801909,-48.500000000000114,-11548.5,-15591.0
ml,pred_hit99_hgb,0.54,0.5,0.6,99,838,0.5656324582338902,55.70763723150358,-6.2088305489260165,-5203.000000000002,36.72573839662447,-62.11813186813187,0.7698907611339614,-9.500000000000002,"-7.61,-9.50,-4.69,-3.01",1,8,-12.387850467289722,0.4510739856801909,-48.5,-11548.5,-16101.5
ml,pred_hit99_hgb,0.55,0.5,0.6,80,755,0.6874172185430464,55.84635761589405,-7.3264900662251655,-5531.5,17.654142581888248,-62.26271186440678,0.6235538314958486,-10.351851851851851,"-7.78,-10.35,-6.25,-4.91",0,8,-11.106382978723405,0.44370860927152317,-12.5,-11512.5,-13697.5
ml,pred_hit99_hgb,0.55,0.5,0.6,85,755,0.6463576158940397,55.84635761589405,-7.386092715231791,-5576.500000000002,22.651639344262296,-62.28651685393258,0.6646823607227684,-10.246031746031749,"-8.89,-10.25,-5.46,-4.94",0,8,-10.62765957446809,0.44370860927152317,-21.000000000000007,-11521.0,-14317.0
ml,pred_hit99_hgb,0.55,0.5,0.6,90,755,0.614569536423841,55.84635761589405,-7.021854304635761,-5301.5,27.648706896551722,-62.3041237113402,0.7075921789250158,-10.034391534391535,"-8.62,-10.03,-4.51,-4.91",0,8,-9.510638297872342,0.44370860927152317,-8.000000000000007,-11508.0,-14874.0
ml,pred_hit99_hgb,0.55,0.5,0.6,95,755,0.5827814569536424,55.84635761589405,-6.975496688741726,-5266.500000000003,32.59090909090909,-62.24285714285714,0.7313901002218652,-9.13492063492064,"-8.67,-9.13,-4.82,-5.26",0,8,-11.638888888888893,0.44370860927152317,-29.000000000000092,-11529.0,-15571.5
ml,pred_hit99_hgb,0.55,0.5,0.6,99,755,0.56158940397351,55.84635761589405,-6.747682119205299,-5094.500000000001,36.58490566037736,-62.255287009063444,0.7527721835343217,-8.98677248677249,"-8.00,-8.99,-5.03,-4.96",0,8,-10.89130434782609,0.44370860927152317,-23.0,-11523.0,-16076.0
ml,pred_hit99_hgb,0.56,0.5,0.6,80,629,0.6931637519872814,55.96820349761526,-6.983306836248013,-4392.5,17.557339449541285,-62.42227979274612,0.6354015355882964,-11.5,"-7.30,-11.50,-6.74,-2.39",0,8,-12.102409638554217,0.42289348171701113,-18.0,-11518.0,-13813.5
ml,pred_hit99_hgb,0.56,0.5,0.6,85,629,0.6613672496025437,55.96820349761526,-6.2281399046104955,-3917.500000000002,22.557692307692307,-62.448356807511736,0.705484343870992,-11.022292993630575,"-8.73,-11.02,-3.81,-1.33",0,8,-12.0421686746988,0.42289348171701113,-44.50000000000001,-11544.5,-14111.0
ml,pred_hit99_hgb,0.56,0.5,0.6,90,629,0.6327503974562798,55.96820349761526,-5.504769475357711,-3462.5,27.547738693467338,-62.45238095238095,0.7599902956365022,-10.863057324840764,"-8.44,-10.86,-2.09,-0.60",0,8,-11.259036144578314,0.42289348171701113,-31.0,-11531.0,-13992.5
ml,pred_hit99_hgb,0.56,0.5,0.6,95,629,0.5993640699523053,55.96820349761526,-5.520667726550084,-3472.5000000000027,32.46551724137931,-62.34920634920635,0.7789905804480651,-9.812101910828028,"-8.47,-9.81,-2.98,-0.79",1,8,-13.634328358208961,0.42289348171701113,-37.00000000000006,-11537.0,-14501.5
ml,pred_hit99_hgb,0.56,0.5,0.6,99,629,0.5771065182829889,55.96820349761526,-5.333068362480129,-3354.5000000000014,36.45316804407714,-62.357142857142854,0.7977633086151805,-10.117834394904458,"-8.10,-10.12,-3.01,-0.09",1,8,-12.514084507042257,0.42289348171701113,-2.5,-11502.5,-14823.0
ml,pred_hit99_hgb,0.57,0.5,0.6,80,492,0.6829268292682927,56.09756097560976,-7.9227642276422765,-3898.0,17.4375,-62.544871794871796,0.6004919544942093,-13.735772357723578,"-5.45,-13.74,-8.98,-3.52",0,8,-15.76865671641791,0.3882113821138211,-17.0,-11517.0,-13812.5
ml,pred_hit99_hgb,0.57,0.5,0.6,85,492,0.6463414634146342,56.09756097560976,-7.628048780487808,-3753.000000000002,22.430817610062892,-62.5632183908046,0.6552452691530406,-14.142276422764228,"-7.44,-14.14,-6.34,-2.59",0,8,-16.664179104477615,0.3882113821138211,-13.000000000000036,-11513.0,-14079.5
ml,pred_hit99_hgb,0.57,0.5,0.6,90,492,0.6199186991869918,56.09756097560976,-6.784552845528455,-3338.0,27.421311475409837,-62.57486631016043,0.7147374268256207,-14.955284552845528,"-7.16,-14.96,-5.24,0.22",1,8,-16.66417910447761,0.3882113821138211,-46.00000000000001,-11546.0,-14007.5
ml,pred_hit99_hgb,0.57,0.5,0.6,95,492,0.5853658536585366,56.09756097560976,-6.977642276422768,-3433.000000000002,32.322916666666664,-62.46078431372549,0.7305760477162141,-13.857723577235774,"-7.97,-13.86,-5.93,-0.15",1,8,-15.544776119402988,0.3882113821138211,-17.500000000000007,-11517.5,-14482.0
ml,pred_hit99_hgb,0.57,0.5,0.6,99,492,0.5609756097560976,56.09756097560976,-7.058943089430895,-3473.0000000000005,36.29710144927536,-62.458333333333336,0.7425691201541769,-15.028455284552846,"-7.30,-15.03,-5.97,0.07",1,8,-15.333333333333336,0.3882113821138211,-2.5000000000000284,-11502.5,-14823.0
ml,pred_hit99_hgb,0.58,0.5,0.6,80,369,0.6937669376693767,56.162601626016276,-7.107046070460704,-2622.5,17.3828125,-62.58849557522124,0.6291975963237894,-13.771739130434783,"-5.41,-13.77,-6.60,-2.66",0,8,-12.972727272727273,0.3685636856368564,-10.500000000000007,-11510.5,-13806.0
ml,pred_hit99_hgb,0.58,0.5,0.6,85,369,0.6504065040650406,56.162601626016276,-7.337398373983742,-2707.500000000001,22.354166666666668,-62.57751937984496,0.6646020439764633,-15.347826086956527,"-7.35,-15.35,-4.97,-1.68",0,8,-12.972727272727276,0.3685636856368564,-54.50000000000005,-11554.5,-14121.0
ml,pred_hit99_hgb,0.58,0.5,0.6,90,369,0.6260162601626016,56.162601626016276,-6.294037940379404,-2322.5,27.32251082251082,-62.56521739130435,0.731005327773917,-14.532608695652174,"-7.99,-14.53,-4.53,1.90",2,8,-13.56451612903226,0.3685636856368564,-41.000000000000014,-11541.0,-14002.5
ml,pred_hit99_hgb,0.58,0.5,0.6,95,369,0.5934959349593496,56.162601626016276,-6.266937669376698,-2312.5000000000014,32.21232876712329,-62.446666666666665,0.753122664673855,-13.934782608695654,"-9.07,-13.93,-4.42,2.39",2,8,-12.89285714285715,0.3685636856368564,-13.500000000000014,-11513.5,-14478.0
ml,pred_hit99_hgb,0.58,0.5,0.6,99,369,0.5745257452574526,56.162601626016276,-5.781842818428186,-2133.5000000000005,36.198113207547166,-62.468152866242036,0.7824624012235534,-12.967391304347826,"-8.96,-12.97,-4.14,2.98",3,8,-15.016129032258068,0.3685636856368564,-34.500000000000014,-11534.5,-14855.0
ml,pred_hit99_hgb,0.59,0.5,0.6,80,265,0.7056603773584905,56.15471698113208,-6.126415094339623,-1623.5,17.47860962566845,-62.717948717948715,0.6681316434995912,-12.712121212121213,"-0.14,-12.71,-9.73,-2.02",1,8,-12.285714285714286,0.33584905660377357,668.0,-10832.0,-13335.5
ml,pred_hit99_hgb,0.59,0.5,0.6,85,265,0.660377358490566,56.15471698113208,-6.46603773584906,-1713.500000000001,22.437142857142856,-62.666666666666664,0.6961879432624113,-16.04545454545455,"-2.60,-16.05,-6.47,-0.80",1,8,-10.516949152542377,0.33584905660377357,629.0,-10871.0,-13713.5
ml,pred_hit99_hgb,0.59,0.5,0.6,90,265,0.6415094339622641,56.15471698113208,-4.881132075471698,-1293.5,27.41176470588235,-62.66842105263158,0.7827328462249097,-13.318181818181818,"-3.13,-13.32,-5.94,2.83",2,8,-10.516949152542374,0.33584905660377357,951.0,-10549.0,-13391.5
ml,pred_hit99_hgb,0.59,0.5,0.6,95,265,0.5962264150943396,56.15471698113208,-5.994339622641514,-1588.5000000000014,32.265822784810126,-62.49065420560748,0.7624317654976445,-13.469696969696972,"-5.51,-13.47,-7.15,2.15",1,8,-13.078947368421057,0.33584905660377357,621.5,-10878.5,-14329.0
ml,pred_hit99_hgb,0.59,0.5,0.6,99,265,0.5811320754716981,56.15471698113208,-5.1188679245283035,-1356.5000000000005,36.27272727272727,-62.54504504504504,0.8046092906013684,-12.90909090909091,"-3.13,-12.91,-6.35,1.88",1,8,-11.184210526315793,0.33584905660377357,882.5,-10617.5,-14508.0
ml,pred_hit99_hgb,0.6,0.5,0.6,80,178,0.7134831460674157,56.14044943820225,-5.449438202247191,-970.0,17.515748031496063,-62.63725490196079,0.6963531069024886,-10.277777777777779,"-2.06,-10.28,-8.50,-0.93",0,8,-13.875,0.2808988764044944,1678.0,-9822.0,-12265.5
ml,pred_hit99_hgb,0.6,0.5,0.6,85,178,0.6573033707865169,56.14044943820225,-6.68539325842697,-1190.0000000000007,22.41452991452991,-62.5,0.6878688524590163,-12.722222222222225,"-5.83,-12.72,-7.14,-0.93",0,8,-10.750000000000005,0.2808988764044944,1094.5,-10405.5,-13046.5
ml,pred_hit99_hgb,0.6,0.5,0.6,90,178,0.6348314606741573,56.14044943820225,-5.449438202247191,-970.0,27.36725663716814,-62.5,0.7612307692307693,-13.833333333333334,"-4.50,-13.83,-6.00,2.70",2,8,-11.152173913043478,0.2808988764044944,1581.0,-9919.0,-12757.0
ml,pred_hit99_hgb,0.6,0.5,0.6,95,178,0.601123595505618,56.14044943820225,-5.505617977528094,-980.0000000000008,32.23831775700935,-62.38732394366197,0.7787560672762163,-15.388888888888895,"-5.50,-15.39,-5.09,4.18",2,8,-15.833333333333337,0.2808988764044944,1126.0,-10374.0,-13529.5
ml,pred_hit99_hgb,0.6,0.5,0.6,99,178,0.5842696629213483,56.14044943820225,-4.792134831460675,-853.0000000000002,36.23076923076923,-62.445945945945944,0.8154079203635577,-15.633333333333336,"-3.10,-15.63,-4.98,4.75",3,8,-14.375000000000004,0.2808988764044944,1157.0,-10343.0,-13929.0
ml,pred_hit99_hgb,0.61,0.5,0.6,80,110,0.7545454545454545,56.00909090909091,-1.9636363636363636,-216.0,17.512048192771083,-61.833333333333336,0.8706199460916442,-13.0,"0.18,-13.00,-3.20,8.50",5,8,-11.913793103448276,0.20909090909090908,6300.5,-5199.5,-10281.5
ml,pred_hit99_hgb,0.61,0.5,0.6,85,110,0.7,56.00909090909091,-2.8727272727272757,-316.00000000000034,22.409090909090903,-61.86363636363637,0.8452118540289001,-13.000000000000004,"-1.96,-13.00,-2.83,6.65",5,8,-11.741379310344831,0.20909090909090908,5007.5,-6492.5,-9968.5
ml,pred_hit99_hgb,0.61,0.5,0.6,90,110,0.6818181818181818,56.00909090909091,-1.0545454545454556,-116.00000000000011,27.273333333333333,-61.75714285714286,0.9463335646541754,-13.357142857142858,"-1.61,-13.36,0.50,10.72",5,8,-11.913793103448278,0.20909090909090908,6362.5,-5137.5,-9112.0
ml,pred_hit99_hgb,0.61,0.5,0.6,95,110,0.6545454545454545,56.00909090909091,-0.28181818181818724,-31.000000000000597,32.18055555555555,-61.78947368421053,0.9867972742759794,-10.678571428571432,"-1.61,-10.68,0.31,11.28",5,8,-12.033333333333337,0.20909090909090908,7399.0,-4101.0,-9724.5
ml,pred_hit99_hgb,0.61,0.5,0.6,99,110,0.6363636363636364,56.00909090909091,0.4999999999999968,54.999999999999645,36.18571428571428,-61.95,1.0221953188054882,-12.071428571428573,"0.96,-12.07,-0.83,14.39",4,8,-10.362068965517246,0.20909090909090908,8161.0,-3339.0,-11405.0
ml,pred_hit99_hgb,0.62,0.5,0.6,80,78,0.7307692307692307,55.91025641025643,-3.6923076923076925,-288.0,17.728070175438596,-61.833333333333336,0.7782056218713901,-16.605263157894736,"-6.95,-9.20,-16.61,18.45",5,8,-16.166666666666668,0.15384615384615385,5840.0,-5660.0,-9015.5
ml,pred_hit99_hgb,0.62,0.5,0.6,85,78,0.6923076923076923,55.91025641025643,-3.3717948717948762,-263.00000000000034,22.611111111111104,-61.833333333333336,0.8227762803234498,-18.18421052631579,"-3.45,-10.20,-18.18,18.71",5,8,-20.33333333333334,0.15384615384615385,5880.0,-5620.0,-9226.0
ml,pred_hit99_hgb,0.62,0.5,0.6,90,78,0.6923076923076923,55.91025641025643,0.02564102564102555,1.999999999999993,27.51851851851852,-61.833333333333336,1.0013477088948788,-15.552631578947368,"0.05,-7.20,-15.55,23.18",6,8,-17.833333333333336,0.15384615384615385,9090.0,-2410.0,-10336.5
ml,pred_hit99_hgb,0.62,0.5,0.6,95,78,0.6538461538461539,55.91025641025643,-0.23076923076923686,-18.000000000000476,32.401960784313715,-61.870370370370374,0.9892247829991018,-17.921052631578952,"-1.20,-4.20,-17.92,22.66",5,8,-23.250000000000004,0.15384615384615385,8088.0,-3412.0,-10461.0
ml,pred_hit99_hgb,0.62,0.5,0.6,99,78,0.6410256410256411,55.91025641025643,1.0641025641025612,82.99999999999977,36.36,-61.964285714285715,1.0478386167146974,-21.236842105263158,"1.40,-1.80,-21.24,26.03",5,8,-21.58333333333334,0.15384615384615385,9567.5,-1932.5,-12004.5
ml,pred_hit99_hgb,0.63,0.5,0.6,80,49,0.7142857142857143,55.91836734693878,-4.86734693877551,-238.5,17.928571428571427,-61.857142857142854,0.7245958429561201,-22.75,"-13.73,5.42,-22.75,12.33",3,7,-17.214285714285715,0.1836734693877551,6722.0,-4778.0,-6704.0
ml,pred_hit99_hgb,0.63,0.5,0.6,85,49,0.6938775510204082,55.91836734693878,-3.1326530612244956,-153.50000000000028,22.70588235294117,-61.7,0.8341437061048079,-20.25,"-10.65,9.58,-20.25,9.42",3,7,-14.357142857142861,0.1836734693877551,7627.0,-3873.0,-5540.0
ml,pred_hit99_hgb,0.63,0.5,0.6,90,49,0.6938775510204082,55.91836734693878,0.23469387755101867,11.499999999999915,27.558823529411764,-61.7,1.0124257158292815,-17.75,"-7.58,13.75,-17.75,13.17",4,7,-11.5,0.1836734693877551,10096.0,-1404.0,-5663.0
ml,pred_hit99_hgb,0.63,0.5,0.6,95,49,0.673469387755102,55.91836734693878,1.663265306122442,81.49999999999966,32.34848484848484,-61.625,1.0826572008113586,-15.250000000000005,"-11.81,17.92,-15.25,16.92",4,7,-8.642857142857148,0.1836734693877551,10969.0,-531.0,-4886.0
ml,pred_hit99_hgb,0.63,0.5,0.6,99,49,0.6530612244897959,55.91836734693878,2.255102040816322,110.49999999999977,36.28125,-61.794117647058826,1.105188005711566,-21.5,"-9.65,21.25,-21.50,19.92",4,7,-14.500000000000004,0.1836734693877551,11404.0,-96.0,-6278.0
ml,pred_hit99_hgb,0.52,0.5,0.65,80,1554,0.7059202059202059,57.890604890604905,-7.904118404118404,-12283.0,15.427985414767548,-63.911378555798684,0.5794573311649405,-10.659383033419022,"-9.27,-10.66,-5.48,-6.20",0,8,-11.159388646288207,0.4588159588159588,-26.5,-11526.5,-13246.0
ml,pred_hit99_hgb,0.52,0.5,0.65,85,1554,0.667953667953668,57.890604890604905,-7.604890604890606,-11818.000000000002,20.390173410404625,-63.92054263565891,0.6416942061061759,-10.55655526992288,"-10.00,-10.56,-4.87,-4.97",0,8,-11.50873362445415,0.4588159588159588,-13.5,-11513.5,-14212.0
ml,pred_hit99_hgb,0.52,0.5,0.65,90,1554,0.6344916344916345,57.890604890604905,-7.27992277992278,-11313.0,25.419878296146045,-64.04401408450704,0.6890067900046732,-10.762210796915166,"-10.76,-10.38,-3.47,-4.49",0,8,-11.115720524017467,0.4588159588159588,-44.5,-11544.5,-15151.5
ml,pred_hit99_hgb,0.52,0.5,0.65,95,1554,0.6016731016731016,57.890604890604905,-7.22844272844273,-11233.000000000004,30.405882352941177,-64.0751211631664,0.7167853766151907,-10.530848329048846,"-10.25,-10.53,-2.54,-5.58",0,8,-11.028384279475986,0.4588159588159588,-5.000000000000007,-11505.0,-16220.5
ml,pred_hit99_hgb,0.52,0.5,0.65,99,1554,0.581081081081081,57.890604890604905,-6.862934362934363,-10665.0,34.421373200442964,-64.12826420890937,0.7445356009341877,-10.538560411311053,"-9.51,-10.54,-1.98,-5.40",0,8,-11.606060606060609,0.4588159588159588,-41.0,-11541.0,-17219.5
ml,pred_hit99_hgb,0.53,0.5,0.65,80,1480,0.7121621621621622,58.12094594594595,-7.6344594594594595,-11299.0,15.226755218216319,-64.19718309859155,0.5868436448734825,-10.594594594594595,"-8.65,-10.59,-5.79,-5.51",0,8,-10.95622119815668,0.45472972972972975,-2.000000000000007,-11502.0,-13221.5
ml,pred_hit99_hgb,0.53,0.5,0.65,85,1480,0.675,58.12094594594595,-7.235810810810812,-10709.000000000002,20.193693693693692,-64.20478170478171,0.6532340322188942,-10.189189189189191,"-9.08,-10.19,-5.34,-4.33",0,8,-11.094470046082952,0.45472972972972975,-21.50000000000003,-11521.5,-14220.0
ml,pred_hit99_hgb,0.53,0.5,0.65,90,1480,0.6418918918918919,58.12094594594595,-6.843918918918919,-10129.0,25.23894736842105,-64.35094339622641,0.7030141324107195,-9.891891891891891,"-9.73,-9.89,-4.06,-3.70",0,8,-10.817972350230415,0.45472972972972975,-22.0,-11522.0,-15129.0
ml,pred_hit99_hgb,0.53,0.5,0.65,95,1480,0.6087837837837838,58.12094594594595,-6.78310810810811,-10039.000000000004,30.22142064372919,-64.36701208981002,0.7306304251579753,-9.918918918918921,"-9.27,-9.92,-3.28,-4.67",0,8,-10.864055299539174,0.45472972972972975,-26.000000000000007,-11526.0,-16241.5
ml,pred_hit99_hgb,0.53,0.5,0.65,99,1480,0.5878378378378378,58.12094594594595,-6.424324324324324,-9508.0,34.240229885057474,-64.42131147540984,0.758047688118686,-10.013513513513514,"-8.56,-10.01,-2.58,-4.55",0,8,-11.115789473684213,0.45472972972972975,-20.000000000000007,-11520.0,-17198.5
ml,pred_hit99_hgb,0.54,0.5,0.65,80,1402,0.7104136947218259,58.25035663338088,-7.90299572039943,-11080.0,15.080321285140561,-64.28571428571429,0.5754789272030651,-10.773504273504274,"-8.71,-10.77,-6.39,-5.73",0,8,-11.1497461928934,0.4550641940085592,-7.500000000000014,-11507.5,-12681.0
ml,pred_hit99_hgb,0.54,0.5,0.65,85,1402,0.6747503566333809,58.25035663338088,-7.385877318116977,-10355.000000000002,20.0507399577167,-64.3048245614035,0.646864236265048,-10.28917378917379,"-8.63,-10.29,-5.91,-4.70",0,8,-10.794416243654824,0.4550641940085592,-3.000000000000014,-11503.0,-13456.5
ml,pred_hit99_hgb,0.54,0.5,0.65,90,1402,0.6405135520684736,58.25035663338088,-7.09700427960057,-9950.0,25.0913140311804,-64.4484126984127,0.6936764977526014,-9.89031339031339,"-9.45,-9.89,-4.79,-4.25",0,8,-10.794416243654823,0.4550641940085592,-14.0,-11514.0,-14228.0
ml,pred_hit99_hgb,0.54,0.5,0.65,95,1402,0.6077032810271041,58.25035663338088,-7.014978601997149,-9835.000000000004,30.06924882629108,-64.46181818181819,0.7225982963840469,-9.263532763532766,"-9.11,-9.26,-4.19,-5.49",0,8,-10.345303867403318,0.4550641940085592,-5.000000000000007,-11505.0,-15046.5
ml,pred_hit99_hgb,0.54,0.5,0.65,99,1402,0.5855920114122682,58.25035663338088,-6.7760342368045645,-9500.0,34.08343483556638,-64.51376936316696,0.7465483892483159,-9.454415954415955,"-8.48,-9.45,-3.91,-5.25",0,8,-11.328729281767957,0.4550641940085592,-15.5,-11515.5,-15830.5
ml,pred_hit99_hgb,0.55,0.5,0.65,80,1299,0.7105465742879138,58.44187836797538,-8.08275596612779,-10499.5,14.918201516793067,-64.54521276595744,0.5673698957517821,-10.04153846153846,"-9.09,-10.04,-6.84,-6.35",0,8,-10.948087431693988,0.4488067744418784,-17.499999999999986,-11517.5,-12691.0
ml,pred_hit99_hgb,0.55,0.5,0.65,85,1299,0.6759045419553503,58.44187836797538,-7.47844495765974,-9714.500000000002,19.88154897494305,-64.53800475059383,0.6424614931635413,-9.472307692307693,"-9.03,-9.47,-5.84,-5.57",0,8,-10.346994535519128,0.4488067744418784,-60.000000000000014,-11560.0,-13513.5
ml,pred_hit99_hgb,0.55,0.5,0.65,90,1299,0.6404926866820632,58.44187836797538,-7.289838337182448,-9469.5,24.90625,-64.64989293361884,0.6863521189738834,-10.195384615384615,"-10.20,-8.96,-4.60,-5.40",0,8,-10.002857142857144,0.4488067744418784,-29.000000000000007,-11529.0,-14243.0
ml,pred_hit99_hgb,0.55,0.5,0.65,95,1299,0.6081601231716706,58.44187836797538,-7.162817551963052,-9304.500000000004,29.874683544303796,-64.64734774066798,0.7172357204722615,-10.103076923076925,"-10.10,-7.89,-3.89,-6.77",0,8,-9.524691358024695,0.4488067744418784,-10.5,-11510.5,-15052.0
ml,pred_hit99_hgb,0.55,0.5,0.65,99,1299,0.5842956120092379,58.44187836797538,-7.095842956120093,-9217.5,33.882081686429515,-64.69259259259259,0.7361453025705617,-9.641538461538461,"-9.64,-8.22,-3.76,-6.76",0,8,-10.84567901234568,0.4488067744418784,-20.500000000000007,-11520.5,-15835.5
ml,pred_hit99_hgb,0.56,0.5,0.65,80,1147,0.7166521360069747,58.72624237140366,-7.876634699215344,-9034.5,14.656934306569344,-64.86923076923077,0.5714692280327286,-11.625435540069686,"-7.93,-11.63,-6.59,-5.35",0,8,-11.936363636363636,0.43330427201394944,-12.999999999999972,-11513.0,-13244.5
ml,pred_hit99_hgb,0.56,0.5,0.65,85,1147,0.6870095902353966,58.72624237140366,-6.81734960767219,-7819.500000000002,19.64720812182741,-64.90668523676881,0.6644207454455722,-10.928571428571429,"-7.94,-10.93,-4.71,-3.67",0,8,-11.693939393939397,0.43330427201394944,0.0,-11500.0,-13246.0
ml,pred_hit99_hgb,0.56,0.5,0.65,90,1147,0.6530078465562337,58.72624237140366,-6.446817785527463,-7394.5,24.67890520694259,-65.02261306532664,0.7142663936009892,-10.231707317073171,"-9.32,-10.23,-3.04,-3.19",0,8,-11.26969696969697,0.43330427201394944,-2.500000000000014,-11502.5,-13355.5
ml,pred_hit99_hgb,0.56,0.5,0.65,95,1147,0.6198779424585876,58.72624237140366,-6.333478639930256,-7264.500000000004,29.636427566807313,-64.9908256880734,0.7436300112930547,-9.562717770034846,"-9.56,-9.15,-1.91,-4.71",0,8,-9.996969696969702,0.43330427201394944,-4.500000000000014,-11504.5,-14016.5
ml,pred_hit99_hgb,0.56,0.5,0.65,99,1147,0.5945945945945946,58.72624237140366,-6.3605056669572795,-7295.5,33.64222873900293,-65.03118279569892,0.7587427040791018,-9.886759581881533,"-9.32,-9.89,-1.32,-4.92",0,8,-11.434306569343068,0.43330427201394944,-11.500000000000007,-11511.5,-14614.0
ml,pred_hit99_hgb,0.57,0.5,0.65,80,961,0.708636836628512,59.02497398543184,-8.81321540062435,-8469.5,14.351688693098385,-65.15357142857142,0.5357397357890697,-12.391666666666667,"-8.45,-12.39,-9.14,-5.27",0,8,-14.816546762589928,0.40894901144641,-6.5,-11506.5,-13238.0
ml,pred_hit99_hgb,0.57,0.5,0.65,85,961,0.676378772112383,59.02497398543184,-8.017169614984391,-7704.500000000001,19.32923076923077,-65.17202572347267,0.6198781360238794,-12.245833333333334,"-8.47,-12.25,-7.39,-3.96",0,8,-15.32014388489209,0.40894901144641,-9.0,-11509.0,-13255.0
ml,pred_hit99_hgb,0.57,0.5,0.65,90,961,0.6409989594172737,59.02497398543184,-7.824661810613944,-7519.5,24.378246753246753,-65.3231884057971,0.6663412686087015,-12.85,"-9.65,-12.85,-6.22,-2.56",0,8,-15.607913669064748,0.40894901144641,-26.500000000000007,-11526.5,-13379.5
ml,pred_hit99_hgb,0.57,0.5,0.65,95,961,0.6077003121748179,59.02497398543184,-7.78824141519251,-7484.500000000002,29.325342465753426,-65.27984084880637,0.695881839052437,-11.100000000000001,"-10.55,-11.10,-4.91,-4.58",0,8,-14.205035971223024,0.40894901144641,-8.5,-11508.5,-14020.5
ml,pred_hit99_hgb,0.57,0.5,0.65,99,961,0.5827263267429761,59.02497398543184,-7.834027055150885,-7528.5,33.31428571428572,-65.29800498753117,0.7124825755695163,-12.1,"-10.74,-12.10,-3.60,-4.89",0,8,-14.183453237410074,0.40894901144641,-10.5,-11510.5,-14613.0
ml,pred_hit99_hgb,0.58,0.5,0.65,80,776,0.7190721649484536,59.30541237113401,-8.253865979381443,-6405.0,14.084229390681005,-65.43119266055047,0.5509674705552441,-12.072164948453608,"-7.47,-12.07,-8.23,-5.24",0,8,-12.691304347826085,0.4020618556701031,-3.0,-11503.0,-13234.5
ml,pred_hit99_hgb,0.58,0.5,0.65,85,776,0.6868556701030928,59.30541237113401,-7.403350515463918,-5745.000000000001,19.02908067542214,-65.38065843621399,0.6383949645948073,-10.912371134020619,"-7.83,-10.91,-6.81,-4.06",0,8,-10.86521739130435,0.4020618556701031,-50.50000000000001,-11550.5,-13296.5
ml,pred_hit99_hgb,0.58,0.5,0.65,90,776,0.6520618556701031,59.30541237113401,-7.106958762886598,-5515.0,24.08102766798419,-65.55555555555556,0.6884180790960452,-11.402061855670103,"-9.58,-11.40,-4.73,-2.72",0,8,-13.841463414634147,0.4020618556701031,-25.5,-11525.5,-13378.5
ml,pred_hit99_hgb,0.58,0.5,0.65,95,776,0.6211340206185567,59.30541237113401,-6.791237113402064,-5270.000000000002,29.024896265560166,-65.51020408163265,0.7263759086188992,-10.432989690721651,"-10.43,-9.37,-3.28,-4.08",0,8,-13.313008130081304,0.4020618556701031,-37.50000000000003,-11537.5,-14049.5
ml,pred_hit99_hgb,0.58,0.5,0.65,99,776,0.5992268041237113,59.30541237113401,-6.480670103092783,-5029.0,33.03978494623656,-65.57073954983923,0.7533897266151771,-10.56701030927835,"-10.19,-10.57,-2.18,-2.99",1,8,-14.353658536585368,0.4020618556701031,-39.5,-11539.5,-14642.0
ml,pred_hit99_hgb,0.59,0.5,0.65,80,590,0.7271186440677966,59.53389830508474,-7.830508474576271,-4620.0,13.926573426573427,-65.80434782608695,0.5639246778989098,-11.391891891891891,"-3.61,-11.39,-11.28,-5.05",0,8,-12.01020408163265,0.39152542372881355,-8.0,-11508.0,-14839.0
ml,pred_hit99_hgb,0.59,0.5,0.65,85,590,0.6932203389830508,59.53389830508474,-7.084745762711866,-4180.000000000001,18.864303178484107,-65.72099447513813,0.6486066159472069,-10.731292517006803,"-3.81,-10.28,-10.73,-3.52",0,8,-12.010204081632656,0.39152542372881355,-6.000000000000007,-11506.0,-14846.0
ml,pred_hit99_hgb,0.59,0.5,0.65,90,590,0.6576271186440678,59.53389830508474,-6.830508474576271,-4030.0,23.95618556701031,-65.96534653465346,0.697560975609756,-10.64864864864865,"-5.70,-10.65,-9.30,-1.65",0,8,-14.642857142857142,0.39152542372881355,-7.500000000000007,-11507.5,-14984.0
ml,pred_hit99_hgb,0.59,0.5,0.65,95,590,0.6186440677966102,59.53389830508474,-7.254237288135596,-4280.000000000002,28.861643835616437,-65.84222222222222,0.7110938607445408,-10.017006802721092,"-6.28,-9.50,-10.02,-3.21",0,8,-13.642857142857148,0.39152542372881355,-48.0,-11548.0,-15786.0
ml,pred_hit99_hgb,0.59,0.5,0.65,99,590,0.6,59.53389830508474,-6.632203389830509,-3913.0,32.89265536723164,-65.91949152542372,0.74847335604551,-9.797297297297296,"-5.16,-9.80,-9.00,-2.57",0,8,-13.35714285714286,0.39152542372881355,-56.5,-11556.5,-16368.0
ml,pred_hit99_hgb,0.6,0.5,0.65,80,431,0.7378190255220418,59.85382830626451,-7.281902552204176,-3138.5,13.58805031446541,-66.01327433628319,0.5792613445941417,-11.583333333333334,"-2.63,-11.58,-9.12,-5.78",0,8,-14.158536585365852,0.3642691415313225,-15.0,-11515.0,-14558.5
ml,pred_hit99_hgb,0.6,0.5,0.65,85,431,0.7006960556844548,59.85382830626451,-6.75986078886311,-2913.5000000000005,18.47682119205298,-65.84108527131782,0.6569729793371402,-9.77777777777778,"-3.46,-9.78,-8.66,-5.13",0,8,-12.81707317073171,0.3642691415313225,-19.000000000000064,-11519.0,-14859.0
ml,pred_hit99_hgb,0.6,0.5,0.65,90,431,0.6589327146171694,59.85382830626451,-7.026682134570765,-3028.5,23.559859154929576,-66.11904761904762,0.6884098976284788,-10.657407407407407,"-5.69,-10.66,-9.40,-2.32",0,8,-13.3,0.3642691415313225,-17.0,-11517.0,-14993.5
ml,pred_hit99_hgb,0.6,0.5,0.65,95,431,0.6241299303944315,59.85382830626451,-7.04988399071926,-3038.500000000001,28.511152416356875,-66.09876543209876,0.7162401942472917,-11.12037037037037,"-5.04,-11.12,-8.84,-3.16",0,8,-12.652941176470591,0.3642691415313225,-4.5,-11504.5,-15742.5
ml,pred_hit99_hgb,0.6,0.5,0.65,99,431,0.6009280742459396,59.85382830626451,-6.859628770301624,-2956.5,32.54633204633205,-66.19767441860465,0.7403390128227648,-11.574074074074074,"-4.35,-11.57,-8.23,-3.25",0,8,-12.913793103448276,0.3642691415313225,-23.0,-11523.0,-16334.5
ml,pred_hit99_hgb,0.61,0.5,0.65,80,318,0.7327044025157232,60.27987421383648,-8.10062893081761,-2576.0,13.25107296137339,-66.62941176470588,0.5451575880639181,-16.0875,"-3.46,-16.09,-7.03,-5.78",1,8,-17.07894736842105,0.33962264150943394,-4.0,-11504.0,-12963.0
ml,pred_hit99_hgb,0.61,0.5,0.65,85,318,0.7012578616352201,60.27987421383648,-7.125786163522015,-2266.000000000001,18.1457399103139,-66.44736842105263,0.6410297029702969,-15.0875,"-1.71,-15.09,-5.45,-6.22",0,8,-13.92105263157895,0.33962264150943394,149.5,-11350.5,-12656.0
ml,pred_hit99_hgb,0.61,0.5,0.65,90,318,0.660377358490566,60.27987421383648,-7.314465408805032,-2326.0,23.21904761904762,-66.68518518518519,0.6770341571785615,-14.3375,"-5.84,-14.34,-5.26,-3.75",1,8,-16.4375,0.33962264150943394,132.5,-11367.5,-12387.5
ml,pred_hit99_hgb,0.61,0.5,0.65,95,318,0.6257861635220126,60.27987421383648,-7.3144654088050345,-2326.000000000001,28.218592964824122,-66.73529411764706,0.7071082289240068,-15.025000000000002,"-4.90,-15.03,-3.04,-6.22",2,8,-15.187500000000004,0.33962264150943394,122.0,-11378.0,-12598.0
ml,pred_hit99_hgb,0.61,0.5,0.65,99,318,0.60062893081761,60.27987421383648,-7.314465408805032,-2326.0,32.269633507853406,-66.84645669291339,0.7260144884857765,-16.5875,"-4.83,-16.59,-1.61,-6.15",2,8,-16.156250000000004,0.33962264150943394,155.0,-11345.0,-12725.0
ml,pred_hit99_hgb,0.62,0.5,0.65,80,236,0.7415254237288136,60.33898305084746,-7.432203389830509,-1754.0,13.157142857142857,-66.5,0.567607543448786,-15.635593220338983,"-3.30,-15.64,-6.70,-4.09",1,8,-17.124999999999996,0.3008474576271186,837.5,-10662.5,-11321.5
ml,pred_hit99_hgb,0.62,0.5,0.65,85,236,0.7203389830508474,60.33898305084746,-5.546610169491528,-1309.0000000000005,18.064705882352943,-66.36363636363636,0.7011415525114155,-15.38135593220339,"0.60,-15.38,-4.42,-2.99",1,8,-14.0,0.3008474576271186,1132.0,-10368.0,-11247.0
ml,pred_hit99_hgb,0.62,0.5,0.65,90,236,0.6864406779661016,60.33898305084746,-5.016949152542373,-1184.0,23.185185185185187,-66.75675675675676,0.7603238866396761,-15.466101694915254,"-0.08,-15.47,-3.82,-0.70",1,8,-13.30952380952381,0.3008474576271186,1123.0,-10377.0,-11473.0
ml,pred_hit99_hgb,0.62,0.5,0.65,95,236,0.6398305084745762,60.33898305084746,-6.0338983050847474,-1424.0000000000005,28.18211920529801,-66.81764705882352,0.7492737036710978,-17.5,"0.35,-17.50,-1.96,-5.03",2,8,-14.73809523809524,0.3008474576271186,871.5,-10628.5,-11848.5
ml,pred_hit99_hgb,0.62,0.5,0.65,99,236,0.6186440677966102,60.33898305084746,-5.588983050847458,-1319.0,32.21917808219178,-66.92222222222222,0.7810061431180475,-17.14406779661017,"1.45,-17.14,-0.92,-5.74",3,8,-17.625,0.3008474576271186,1001.5,-10498.5,-11878.5
ml,pred_hit99_hgb,0.63,0.5,0.65,80,172,0.7383720930232558,60.744186046511615,-8.05813953488372,-1386.0,12.751968503937007,-66.78888888888889,0.5388454500083181,-19.872093023255815,"-0.71,-19.87,-4.73,-6.92",1,8,-19.1875,0.3081395348837209,1211.5,-10288.5,-10510.0
ml,pred_hit99_hgb,0.63,0.5,0.65,85,172,0.7267441860465116,60.744186046511615,-5.38372093023256,-926.0000000000002,17.66,-66.67021276595744,0.704483804052976,-16.965116279069772,"3.36,-16.97,-0.90,-7.03",1,8,-16.0625,0.3081395348837209,1920.5,-9579.5,-11478.5
ml,pred_hit99_hgb,0.63,0.5,0.65,90,172,0.6918604651162791,60.744186046511615,-4.9186046511627906,-846.0,22.76050420168067,-67.06603773584905,0.7619918413278942,-16.151162790697676,"3.24,-16.15,-1.24,-5.52",1,8,-18.5625,0.3081395348837209,1943.5,-9556.5,-11742.0
ml,pred_hit99_hgb,0.63,0.5,0.65,95,172,0.6511627906976745,60.744186046511615,-5.3546511627907005,-921.0000000000005,27.758928571428566,-67.16666666666667,0.7714640198511166,-15.56976744186047,"2.66,-15.57,0.15,-8.66",2,8,-15.750000000000004,0.3081395348837209,1678.0,-9822.0,-10841.5
ml,pred_hit99_hgb,0.63,0.5,0.65,99,172,0.622093023255814,60.744186046511615,-5.651162790697675,-972.0000000000001,31.789719626168225,-67.28461538461538,0.7777523722419115,-18.03488372093023,"3.24,-18.03,2.94,-10.76",2,8,-13.5,0.3081395348837209,1689.0,-9811.0,-11336.5
ml,pred_hit99_hgb,0.64,0.5,0.65,80,121,0.743801652892562,61.33057851239669,-8.326446280991735,-1007.5,11.933333333333334,-67.14516129032258,0.5159740571703099,-24.633333333333333,"-1.95,-24.63,0.37,-7.30",0,8,-23.653846153846153,0.2892561983471074,1967.0,-9533.0,-9573.5
ml,pred_hit99_hgb,0.64,0.5,0.65,85,121,0.7272727272727273,61.33057851239669,-6.012396694214878,-727.5000000000002,16.84090909090909,-66.95454545454545,0.6707399864222674,-21.966666666666665,"2.08,-21.97,4.70,-9.13",1,8,-20.96153846153846,0.2892561983471074,2897.5,-8602.5,-10723.5
ml,pred_hit99_hgb,0.64,0.5,0.65,90,121,0.6859504132231405,61.33057851239669,-6.095041322314049,-737.5,21.957831325301203,-67.36842105263158,0.7119140625,-22.3,"0.31,-22.30,3.03,-5.63",1,8,-25.192307692307693,0.2892561983471074,2783.5,-8716.5,-9623.0
ml,pred_hit99_hgb,0.64,0.5,0.65,95,121,0.6363636363636364,61.33057851239669,-7.376033057851243,-892.5000000000005,27.04545454545454,-67.61363636363636,0.6999999999999998,-22.966666666666665,"0.95,-22.97,3.87,-11.63",1,8,-22.88461538461539,0.2892561983471074,2196.5,-9303.5,-10585.0
ml,pred_hit99_hgb,0.64,0.5,0.65,99,121,0.6033057851239669,61.33057851239669,-8.103305785123966,-980.5,31.143835616438356,-67.79166666666667,0.698678549477566,-24.4,"0.60,-24.40,3.63,-12.53",1,8,-21.03846153846154,0.2892561983471074,1830.0,-9670.0,-10530.0
ml,pred_hit99_hgb,0.65,0.5,0.65,80,97,0.8041237113402062,61.701030927835056,-3.8711340206185563,-375.49999999999994,11.551282051282051,-67.1842105263158,0.7058362710536623,-8.958333333333332,"-2.70,-1.79,-2.08,-8.96",3,8,-29.0,0.28865979381443296,5548.5,-5951.5,-6423.5
ml,pred_hit99_hgb,0.65,0.5,0.65,85,97,0.7835051546391752,61.701030927835056,-1.6030927835051565,-155.50000000000017,16.43421052631579,-66.88095238095238,0.8892844428622285,-8.75,"1.30,2.37,-1.46,-8.75",4,8,-26.5,0.28865979381443296,7440.0,-4060.0,-6153.0
ml,pred_hit99_hgb,0.65,0.5,0.65,90,97,0.7319587628865979,61.701030927835056,-2.3247422680412373,-225.5,21.54225352112676,-67.5,0.8715099715099716,-5.208333333333333,"-1.90,2.79,-5.00,-5.21",3,8,-24.0,0.28865979381443296,6403.5,-5096.5,-6370.5
ml,pred_hit99_hgb,0.65,0.5,0.65,95,97,0.6701030927835051,61.701030927835056,-4.541237113402065,-440.50000000000034,26.6076923076923,-67.8125,0.7970046082949307,-9.583333333333336,"-2.10,2.79,-9.38,-9.58",3,8,-21.500000000000004,0.28865979381443296,4489.5,-7010.5,-8131.0
ml,pred_hit99_hgb,0.65,0.5,0.65,99,97,0.6288659793814433,61.701030927835056,-5.943298969072165,-576.5,30.69672131147541,-68.02777777777777,0.7645977950183749,-11.208333333333334,"-3.34,1.67,-11.00,-11.21",3,8,-19.5,0.28865979381443296,3537.0,-7963.0,-8235.5
ml,pred_hit99_hgb,0.66,0.5,0.65,80,79,0.810126582278481,61.708860759493675,-3.3987341772151884,-268.4999999999999,11.59375,-67.36666666666666,0.7342899554675903,-9.921052631578945,"1.20,3.50,-8.70,-9.92",3,7,-16.055555555555554,0.26582278481012656,6668.0,-4832.0,-5922.0
ml,pred_hit99_hgb,0.66,0.5,0.65,85,79,0.7848101265822784,61.708860759493675,-1.5000000000000024,-118.5000000000002,16.451612903225804,-66.97058823529412,0.8959156785243739,-10.710526315789474,"5.45,8.00,-9.20,-10.71",4,7,-12.722222222222223,0.26582278481012656,8097.0,-3403.0,-8336.5
ml,pred_hit99_hgb,0.66,0.5,0.65,90,79,0.7341772151898734,61.708860759493675,-2.132911392405063,-168.5,21.551724137931036,-67.54761904761905,0.8812125484666902,-10.2,"0.70,8.00,-10.20,-7.29",3,7,-9.38888888888889,0.26582278481012656,7218.5,-4281.5,-6784.5
ml,pred_hit99_hgb,0.66,0.5,0.65,95,79,0.6708860759493671,61.708860759493675,-4.4746835443038,-353.5000000000002,26.632075471698105,-67.88461538461539,0.7997167138810196,-11.700000000000003,"-0.30,2.75,-11.70,-8.87",3,7,-11.200000000000005,0.26582278481012656,5326.0,-6174.0,-7277.5
ml,pred_hit99_hgb,0.66,0.5,0.65,99,79,0.620253164556962,61.708860759493675,-6.80379746835443,-537.5,30.744897959183675,-68.13333333333334,0.7370352250489237,-14.25,"-2.45,0.80,-14.25,-11.55",2,7,-18.7,0.26582278481012656,4023.0,-7477.0,-7672.0
ml,pred_hit99_hgb,0.67,0.5,0.65,80,63,0.8095238095238095,61.904761904761905,-3.642857142857142,-229.49999999999994,11.558823529411764,-68.25,0.7197802197802198,-10.299999999999999,"2.69,-3.69,-3.69,-10.30",3,6,-19.749999999999996,0.25396825396825395,7395.5,-4104.5,-6066.5
ml,pred_hit99_hgb,0.67,0.5,0.65,85,63,0.7777777777777778,61.904761904761905,-2.2936507936507957,-144.50000000000014,16.37755102040816,-67.64285714285714,0.8474128827877505,-12.3,"7.06,0.37,-4.94,-12.30",3,6,-16.625,0.25396825396825395,8280.5,-3219.5,-8375.5
ml,pred_hit99_hgb,0.67,0.5,0.65,90,63,0.7301587301587301,61.904761904761905,-2.6904761904761907,-169.5,21.456521739130434,-68.02941176470588,0.8534370946822308,-8.966666666666667,"0.19,4.44,-6.81,-8.97",3,6,-13.5,0.25396825396825395,7625.5,-3874.5,-7682.0
ml,pred_hit99_hgb,0.67,0.5,0.65,95,63,0.6825396825396826,61.904761904761905,-3.563492063492068,-224.50000000000028,26.52325581395348,-68.25,0.8355311355311352,-11.966666666666669,"3.94,2.56,-9.31,-11.97",3,6,-11.200000000000005,0.25396825396825395,6742.0,-4758.0,-9171.0
ml,pred_hit99_hgb,0.67,0.5,0.65,99,63,0.6349206349206349,61.904761904761905,-5.5476190476190474,-349.5,30.65,-68.5,0.7781656616947001,-13.0,"0.75,-0.62,-13.00,-9.57",3,6,-18.7,0.25396825396825395,5617.0,-5883.0,-7985.0
ml,pred_hit99_hgb,0.68,0.5,0.65,80,50,0.8,61.940000000000005,-4.439999999999999,-221.99999999999994,11.425000000000002,-67.9,0.6730486008836526,-16.333333333333332,"0.12,0.04,-2.33,-16.33",3,6,-12.499999999999998,0.16,7526.5,-3973.5,-4911.0
ml,pred_hit99_hgb,0.68,0.5,0.65,85,50,0.8,61.940000000000005,-0.44000000000000283,-22.000000000000142,16.424999999999997,-67.9,0.9675994108983798,-13.0,"4.35,4.27,1.83,-13.00",3,6,-8.92857142857143,0.16,10188.5,-1311.5,-4548.0
ml,pred_hit99_hgb,0.68,0.5,0.65,90,50,0.74,61.940000000000005,-1.84,-92.0,21.527027027027028,-68.34615384615384,0.8964546989307822,-9.666666666666666,"-5.27,8.50,-1.50,-9.67",3,6,-11.5,0.16,8995.0,-2505.0,-4829.0
ml,pred_hit99_hgb,0.68,0.5,0.65,95,50,0.68,61.940000000000005,-3.8400000000000034,-192.00000000000017,26.617647058823522,-68.5625,0.8249772105742933,-14.25,"-1.81,5.42,-5.67,-14.25",3,6,-20.250000000000004,0.16,7635.0,-3865.0,-5636.0
ml,pred_hit99_hgb,0.68,0.5,0.65,99,50,0.64,61.940000000000005,-5.08,-254.0,30.71875,-68.72222222222223,0.7946645109135004,-11.916666666666666,"-6.65,8.50,-11.25,-11.92",3,6,-18.25,0.16,6862.5,-4637.5,-6079.0
ml,pred_hit99_hgb,0.69,0.5,0.65,80,37,0.8378378378378378,62.108108108108105,-1.5810810810810796,-58.49999999999994,11.112903225806456,-67.16666666666667,0.8548387096774196,-6.722222222222222,"-4.50,3.72,-6.72,1.50",3,6,-7.749999999999998,0.16216216216216217,9963.5,-1536.5,-2994.0
ml,pred_hit99_hgb,0.69,0.5,0.65,85,37,0.8378378378378378,62.108108108108105,2.6081081081081052,96.49999999999989,16.11290322580645,-67.16666666666667,1.2394540942928036,-2.833333333333337,"-0.50,8.17,-2.83,5.94",4,6,-4.0000000000000036,0.16216216216216217,12547.5,1047.5,-2551.5
ml,pred_hit99_hgb,0.69,0.5,0.65,90,37,0.7567567567567568,62.108108108108105,-0.5,-18.5,21.214285714285715,-68.05555555555556,0.9697959183673469,-14.5,"-14.50,12.61,-8.94,10.39",4,6,-11.5,0.16216216216216217,10129.0,-1371.0,-4662.5
ml,pred_hit99_hgb,0.69,0.5,0.65,95,37,0.6756756756756757,62.108108108108105,-4.418918918918922,-163.5000000000001,26.29999999999999,-68.41666666666667,0.8008526187576124,-11.500000000000004,"-11.50,6.50,-5.61,-6.28",3,6,-20.250000000000004,0.16216216216216217,8112.5,-3387.5,-4941.0
ml,pred_hit99_hgb,0.69,0.5,0.65,99,37,0.6216216216216216,62.108108108108105,-7.0675675675675675,-261.5,30.41304347826087,-68.64285714285714,0.7278876170655567,-19.0,"-19.00,9.61,-13.94,-3.61",3,6,-18.25,0.16216216216216217,7109.0,-4391.0,-4817.5
ml,pred_hit99_hgb,0.52,0.55,0.65,80,1189,0.7182506307821699,59.47939444911691,-8.519343986543314,-10129.5,13.90046838407494,-65.6731343283582,0.539578645939865,-10.526845637583893,"-10.53,-10.41,-6.89,-6.24",0,8,-11.841935483870966,0.471825063078217,-51.50000000000001,-11551.5,-11901.5
ml,pred_hit99_hgb,0.52,0.55,0.65,85,1189,0.6812447434819175,59.47939444911691,-8.073591253153912,-9599.500000000002,18.877777777777776,-65.67414248021109,0.6143307687672004,-10.778523489932885,"-10.78,-10.65,-6.36,-4.50",0,8,-12.293548387096777,0.471825063078217,-38.000000000000014,-11538.0,-12222.5
ml,pred_hit99_hgb,0.52,0.55,0.65,90,1189,0.6442388561816653,59.47939444911691,-7.997897392767031,-9509.5,23.903394255874673,-65.76713947990544,0.6581714265173709,-11.768456375838927,"-11.77,-11.02,-5.58,-3.61",0,8,-13.196774193548388,0.471825063078217,-37.5,-11537.5,-12678.5
ml,pred_hit99_hgb,0.52,0.55,0.65,95,1189,0.6139613120269134,59.47939444911691,-7.653069806560136,-9099.500000000002,28.91917808219178,-65.81808278867102,0.6987967759553797,-11.153198653198654,"-10.68,-11.15,-3.83,-4.94",0,8,-13.325806451612905,0.471825063078217,-48.00000000000006,-11548.0,-13199.5
ml,pred_hit99_hgb,0.52,0.55,0.65,99,1189,0.5904121110176619,59.47939444911691,-7.528595458368377,-8951.5,32.91737891737892,-65.8305954825462,0.7207847907796441,-10.836700336700337,"-10.35,-10.84,-3.55,-5.37",0,8,-13.661290322580646,0.471825063078217,-6.5,-11506.5,-13582.5
ml,pred_hit99_hgb,0.53,0.55,0.65,80,1167,0.7206512425021423,59.513281919451586,-8.361182519280206,-9757.5,13.865041617122474,-65.69938650306749,0.5444252497898964,-10.027397260273972,"-10.00,-10.03,-6.72,-6.69",0,8,-11.6437908496732,0.4644387317909169,-5.5,-11505.5,-11855.5
ml,pred_hit99_hgb,0.53,0.55,0.65,85,1167,0.6846615252784919,59.513281919451586,-7.8170522707797785,-9122.500000000002,18.845431789737173,-65.70652173913044,0.6227253928866832,-10.01027397260274,"-10.00,-10.01,-6.23,-5.02",0,8,-12.133986928104578,0.4644387317909169,-0.9999999999999929,-11501.0,-12185.5
ml,pred_hit99_hgb,0.53,0.55,0.65,90,1167,0.6469580119965724,59.513281919451586,-7.787060839760069,-9087.5,23.86953642384106,-65.79854368932038,0.6647792246117525,-11.335616438356164,"-11.34,-10.40,-5.18,-4.21",0,8,-13.081699346405228,0.4644387317909169,-50.99999999999998,-11551.0,-12692.0
ml,pred_hit99_hgb,0.53,0.55,0.65,95,1167,0.6169665809768637,59.513281919451586,-7.401456726649532,-8637.500000000004,28.886111111111113,-65.85123042505593,0.7065618046236687,-10.256849315068495,"-10.26,-10.23,-3.43,-5.68",0,8,-12.62418300653595,0.4644387317909169,-4.5,-11504.5,-13156.0
ml,pred_hit99_hgb,0.53,0.55,0.65,99,1167,0.5929734361610969,59.513281919451586,-7.308911739502999,-8529.5,32.88294797687861,-65.8621052631579,0.7273569978743467,-9.948630136986301,"-9.95,-9.91,-3.52,-5.85",0,8,-12.964052287581701,0.4644387317909169,-54.99999999999999,-11555.0,-13631.0
ml,pred_hit99_hgb,0.54,0.55,0.65,80,1125,0.7208888888888889,59.526222222222216,-8.35511111111111,-9399.5,13.850184956843403,-65.70700636942675,0.544421287320667,-10.129893238434162,"-10.02,-10.13,-6.14,-7.12",0,8,-11.999999999999998,0.4657777777777778,-3.5,-11503.5,-11853.5
ml,pred_hit99_hgb,0.54,0.55,0.65,85,1125,0.6862222222222222,59.526222222222216,-7.697333333333335,-8659.500000000002,18.83419689119171,-65.72096317280453,0.6267376452078709,-9.951957295373665,"-9.55,-9.95,-5.73,-5.56",0,8,-12.06756756756757,0.4657777777777778,-64.50000000000003,-11564.5,-12249.0
ml,pred_hit99_hgb,0.54,0.55,0.65,90,1125,0.648,59.526222222222216,-7.706222222222222,-8669.5,23.86076817558299,-65.81818181818181,0.6673764579496624,-11.0177304964539,"-11.02,-10.17,-4.75,-4.88",0,8,-12.54054054054054,0.4657777777777778,-4.0,-11504.0,-12645.0
ml,pred_hit99_hgb,0.54,0.55,0.65,95,1125,0.6186666666666667,59.526222222222216,-7.252888888888891,-8159.500000000003,28.876436781609197,-65.86829836829837,0.7112448022648854,-9.989361702127662,"-9.99,-9.42,-3.38,-6.22",0,8,-12.135135135135139,0.4657777777777778,-44.49999999999999,-11544.5,-13196.0
ml,pred_hit99_hgb,0.54,0.55,0.65,99,1125,0.5937777777777777,59.526222222222216,-7.242222222222222,-8147.5,32.872754491017965,-65.87855579868709,0.7293773769783933,-9.74113475177305,"-9.74,-9.14,-3.56,-6.51",0,8,-12.540540540540542,0.4657777777777778,-35.50000000000001,-11535.5,-13611.5
ml,pred_hit99_hgb,0.55,0.55,0.65,80,1067,0.717900656044986,59.590440487347706,-8.65838800374883,-9238.5,13.787206266318538,-65.77906976744185,0.5333973080128286,-10.219101123595506,"-9.95,-10.22,-7.01,-7.45",0,8,-11.644927536231883,0.4592314901593252,-41.0,-11541.0,-11891.0
ml,pred_hit99_hgb,0.55,0.55,0.65,85,1067,0.6850984067478912,59.590440487347706,-7.857075913776945,-8383.5,18.770861833105336,-65.78869047619048,0.6207419135942095,-10.219101123595507,"-9.63,-10.22,-5.55,-6.02",0,8,-11.318840579710148,0.4592314901593252,-27.50000000000003,-11527.5,-12212.0
ml,pred_hit99_hgb,0.55,0.55,0.65,90,1067,0.6466729147141518,59.590440487347706,-7.889878163074039,-8418.5,23.786956521739132,-65.86604774535809,0.6609749713066065,-11.368913857677903,"-11.37,-10.29,-4.35,-5.53",0,8,-12.007246376811594,0.4592314901593252,-11.500000000000007,-11511.5,-12652.5
ml,pred_hit99_hgb,0.55,0.55,0.65,95,1067,0.6185567010309279,59.590440487347706,-7.327553889409563,-7818.500000000004,28.80151515151515,-65.91523341523342,0.7085639735346193,-10.470037453183522,"-10.47,-9.32,-2.35,-7.17",0,8,-11.7536231884058,0.4592314901593252,-26.000000000000007,-11526.0,-13177.5
ml,pred_hit99_hgb,0.55,0.55,0.65,99,1067,0.5923149015932521,59.590440487347706,-7.451265229615745,-7950.5,32.79430379746835,-65.92298850574713,0.7227520792286367,-10.357677902621722,"-10.36,-9.15,-2.63,-7.67",0,8,-12.333333333333336,0.4592314901593252,-28.0,-11528.0,-13604.0
ml,pred_hit99_hgb,0.56,0.55,0.65,80,967,0.718717683557394,59.754912099276105,-8.757497414684591,-8468.5,13.600719424460431,-65.88602941176471,0.527453825121366,-10.479338842975206,"-10.48,-10.19,-8.08,-6.27",0,8,-12.80578512396694,0.4415718717683557,-34.0,-11534.0,-12786.0
ml,pred_hit99_hgb,0.56,0.55,0.65,85,967,0.6897621509824199,59.754912099276105,-7.625129265770425,-7373.500000000001,18.60494752623688,-65.94333333333333,0.6272809988373856,-10.520661157024794,"-10.52,-9.84,-5.85,-4.28",0,8,-12.268595041322316,0.4415718717683557,-17.5,-11517.5,-12674.5
ml,pred_hit99_hgb,0.56,0.55,0.65,90,967,0.6535677352637022,59.754912099276105,-7.433815925542916,-7188.5,23.634493670886076,-66.04626865671642,0.675103387494068,-12.090909090909092,"-12.09,-9.86,-4.16,-3.61",0,8,-12.805785123966942,0.4415718717683557,-32.5,-11532.5,-12673.5
ml,pred_hit99_hgb,0.56,0.55,0.65,95,967,0.6266804550155118,59.754912099276105,-6.7202688728024835,-6498.500000000002,28.656765676567655,-66.10664819944598,0.7276917597267908,-11.450413223140496,"-11.45,-8.68,-1.49,-5.25",0,8,-12.185950413223145,0.4415718717683557,-43.0,-11543.0,-13194.5
ml,pred_hit99_hgb,0.56,0.55,0.65,99,967,0.5997931747673216,59.754912099276105,-6.875387797311272,-6648.5,32.6551724137931,-66.12015503875969,0.7401762510502765,-11.607438016528926,"-11.61,-8.71,-1.22,-5.96",0,8,-13.177685950413226,0.4415718717683557,-12.000000000000007,-11512.0,-13588.0
ml,pred_hit99_hgb,0.57,0.55,0.65,80,827,0.7122128174123338,59.96130592503023,-9.484280532043531,-7843.5,13.394736842105265,-66.10504201680672,0.5014618953791395,-10.983091787439614,"-10.76,-10.98,-10.15,-6.03",0,8,-11.265957446808509,0.4195888754534462,-41.5,-11541.5,-12793.5
ml,pred_hit99_hgb,0.57,0.55,0.65,85,827,0.6819830713422007,59.96130592503023,-8.49274486094317,-7023.500000000001,18.400709219858157,-66.16539923954373,0.5963853690773784,-10.789855072463768,"-10.59,-10.79,-8.26,-4.31",0,8,-12.23684210526316,0.4195888754534462,-28.0,-11528.0,-12685.0
ml,pred_hit99_hgb,0.57,0.55,0.65,90,827,0.6432889963724304,59.96130592503023,-8.565296251511487,-7083.5,23.43796992481203,-66.27966101694915,0.6377189617695946,-12.548309178743962,"-12.55,-11.42,-7.01,-3.26",0,8,-13.151785714285714,0.4195888754534462,-21.5,-11521.5,-12662.5
ml,pred_hit99_hgb,0.57,0.55,0.65,95,827,0.6154776299879081,59.96130592503023,-7.990931076178962,-6608.500000000001,28.44891944990177,-66.31761006289308,0.6866375835743753,-12.330917874396135,"-12.33,-9.27,-5.07,-5.28",0,8,-13.59821428571429,0.4195888754534462,-53.50000000000001,-11553.5,-13205.0
ml,pred_hit99_hgb,0.57,0.55,0.65,99,827,0.5900846432889963,59.96130592503023,-8.04292623941959,-6651.5,32.442622950819676,-66.32300884955752,0.7041608290524162,-12.939613526570048,"-12.94,-9.24,-3.92,-6.06",0,8,-15.80357142857143,0.4195888754534462,-29.500000000000007,-11529.5,-13605.5
ml,pred_hit99_hgb,0.58,0.55,0.65,80,682,0.7199413489736071,60.152492668621704,-9.057184750733137,-6177.0,13.188391038696537,-66.2434554973822,0.5117960877296976,-11.301169590643275,"-11.30,-10.53,-8.15,-6.22",0,8,-12.186868686868685,0.41348973607038125,-6.0,-11506.0,-12758.0
ml,pred_hit99_hgb,0.58,0.55,0.65,85,682,0.6920821114369502,60.152492668621704,-7.825513196480941,-5337.000000000002,18.18220338983051,-66.28095238095239,0.6165672821323371,-10.862573099415206,"-10.86,-9.51,-6.48,-4.43",0,8,-12.237373737373739,0.41348973607038125,-22.500000000000007,-11522.5,-12679.5
ml,pred_hit99_hgb,0.58,0.55,0.65,90,682,0.655425219941349,60.152492668621704,-7.664222873900293,-5227.0,23.238255033557046,-66.44468085106384,0.665247046014922,-12.353801169590643,"-12.35,-10.35,-5.04,-2.87",0,8,-15.419191919191919,0.41348973607038125,-5.0,-11505.0,-12646.0
ml,pred_hit99_hgb,0.58,0.55,0.65,95,682,0.6290322580645161,60.152492668621704,-6.894428152492671,-4702.000000000002,28.243589743589745,-66.47628458498023,0.7204269108422273,-12.149122807017545,"-12.15,-7.78,-3.27,-4.34",0,8,-15.469696969696972,0.41348973607038125,-54.50000000000003,-11554.5,-13206.0
ml,pred_hit99_hgb,0.58,0.55,0.65,99,682,0.6055718475073314,60.152492668621704,-6.700879765395895,-4570.0,32.25544794188862,-66.51115241635688,0.7445714445407037,-12.774853801169591,"-12.77,-8.20,-2.34,-3.45",1,8,-17.32828282828283,0.41348973607038125,-51.00000000000001,-11551.0,-13627.0
ml,pred_hit99_hgb,0.59,0.55,0.65,80,519,0.7263969171483622,60.398843930635834,-8.78709055876686,-4560.5,12.990716180371352,-66.6056338028169,0.517815605836329,-10.707692307692307,"-9.57,-8.38,-10.71,-6.48",0,8,-12.841176470588232,0.4046242774566474,-2.9999999999999787,-11503.0,-14267.0
ml,pred_hit99_hgb,0.59,0.55,0.65,85,519,0.697495183044316,60.398843930635834,-7.61175337186898,-3950.500000000001,17.988950276243095,-66.64012738853503,0.6224133811230586,-10.438461538461539,"-8.65,-7.34,-10.44,-4.00",0,8,-12.488235294117649,0.4046242774566474,-3.000000000000007,-11503.0,-14177.5
ml,pred_hit99_hgb,0.59,0.55,0.65,90,519,0.6589595375722543,60.398843930635834,-7.592485549132948,-3940.5,23.08187134502924,-66.86158192090396,0.6670328277493768,-11.492307692307692,"-11.49,-7.99,-9.86,-0.97",0,8,-16.723529411764705,0.4046242774566474,-2.0,-11502.0,-14182.0
ml,pred_hit99_hgb,0.59,0.55,0.65,95,519,0.626204238921002,60.398843930635834,-7.409441233140657,-3845.500000000001,28.06923076923077,-66.84536082474227,0.7034623689080814,-10.646153846153847,"-10.65,-6.18,-9.59,-3.18",0,8,-16.194117647058825,0.4046242774566474,-2.500000000000007,-11502.5,-14741.0
ml,pred_hit99_hgb,0.59,0.55,0.65,99,519,0.605009633911368,60.398843930635834,-7.002890173410405,-3634.5,32.089171974522294,-66.88048780487804,0.7349111994456803,-10.592307692307692,"-10.59,-5.92,-8.68,-2.79",0,8,-16.40588235294118,0.4046242774566474,-61.000000000000014,-11561.0,-15296.5
ml,pred_hit99_hgb,0.6,0.55,0.65,80,380,0.7394736842105263,60.728947368421046,-8.071052631578947,-3067.0,12.645907473309611,-66.87373737373737,0.5367419379200968,-9.33157894736842,"-6.29,-8.87,-9.33,-7.79",0,8,-14.158536585365852,0.3815789473684211,-55.49999999999999,-11555.5,-14044.5
ml,pred_hit99_hgb,0.6,0.55,0.65,85,380,0.7105263157894737,60.728947368421046,-6.8342105263157915,-2597.000000000001,17.633333333333333,-66.89090909090909,0.6470508290296276,-8.33157894736842,"-6.13,-7.03,-8.33,-5.85",0,8,-13.029411764705884,0.3815789473684211,-25.000000000000014,-11525.0,-14199.5
ml,pred_hit99_hgb,0.6,0.55,0.65,90,380,0.6657894736842105,60.728947368421046,-7.307894736842106,-2777.0,22.725296442687746,-67.13779527559055,0.6743095056588284,-9.542105263157895,"-9.24,-7.29,-9.54,-3.16",0,8,-13.602941176470589,0.3815789473684211,-25.000000000000007,-11525.0,-14205.0
ml,pred_hit99_hgb,0.6,0.55,0.65,95,380,0.6368421052631579,60.728947368421046,-6.728947368421055,-2557.000000000001,27.760330578512395,-67.21014492753623,0.7243126684636119,-8.278947368421054,"-7.08,-6.97,-8.28,-4.58",0,8,-13.45588235294118,0.3815789473684211,-3.500000000000057,-11503.5,-14742.0
ml,pred_hit99_hgb,0.6,0.55,0.65,99,380,0.6105263157894737,60.728947368421046,-6.786842105263158,-2579.0,31.78448275862069,-67.25,0.7408821460866071,-8.615789473684211,"-6.68,-8.62,-6.79,-5.06",1,8,-14.132352941176473,0.3815789473684211,-4.5,-11504.5,-15240.0
ml,pred_hit99_hgb,0.61,0.55,0.65,80,285,0.7333333333333333,61.084210526315786,-8.917543859649124,-2541.5,12.361244019138756,-67.4342105263158,0.5040975609756098,-17.8943661971831,"-5.43,-17.89,-4.02,-8.37",0,8,-17.07894736842105,0.36140350877192984,-14.999999999999986,-11515.0,-12974.0
ml,pred_hit99_hgb,0.61,0.55,0.65,85,285,0.7087719298245614,61.084210526315786,-7.3385964912280715,-2091.5000000000005,17.34158415841584,-67.40361445783132,0.6261506837072124,-15.992957746478874,"-3.97,-15.99,-2.40,-7.04",0,8,-13.92105263157895,0.36140350877192984,424.0,-11076.0,-12381.5
ml,pred_hit99_hgb,0.61,0.55,0.65,90,285,0.6666666666666666,61.084210526315786,-7.58421052631579,-2161.5,22.44736842105263,-67.64736842105263,0.6636582898934101,-15.5,"-7.79,-15.50,-2.33,-4.71",0,8,-17.794117647058822,0.36140350877192984,259.0,-11241.0,-12261.0
ml,pred_hit99_hgb,0.61,0.55,0.65,95,285,0.6350877192982456,61.084210526315786,-7.250877192982458,-2066.5000000000005,27.505524861878452,-67.74038461538461,0.7066713981547197,-15.288732394366198,"-5.85,-15.29,-1.35,-6.54",2,8,-16.91176470588236,0.36140350877192984,213.0,-11287.0,-12507.0
ml,pred_hit99_hgb,0.61,0.55,0.65,99,285,0.6070175438596491,61.084210526315786,-7.489473684210527,-2134.5,31.552023121387283,-67.79464285714286,0.7188858158830502,-17.274647887323944,"-6.04,-17.27,0.08,-6.74",2,8,-18.676470588235297,0.36140350877192984,293.0,-11207.0,-12587.0
ml,pred_hit99_hgb,0.62,0.55,0.65,80,209,0.7464114832535885,61.229665071770334,-8.016746411483254,-1675.5,12.192307692307695,-67.5,0.5316561844863733,-18.192307692307693,"-4.80,-18.19,-2.29,-6.85",1,8,-17.124999999999996,0.32057416267942584,796.5,-10703.5,-11362.5
ml,pred_hit99_hgb,0.62,0.55,0.65,85,209,0.7320574162679426,61.229665071770334,-5.504784688995217,-1150.5000000000005,17.19281045751634,-67.51785714285714,0.6957154192012696,-16.75,"-0.93,-16.75,0.21,-4.63",1,8,-14.0,0.32057416267942584,1478.5,-10021.5,-10978.0
ml,pred_hit99_hgb,0.62,0.55,0.65,90,209,0.69377990430622,61.229665071770334,-5.2894736842105265,-1105.5,22.313793103448276,-67.828125,0.7453351762266759,-17.23076923076923,"-2.16,-17.23,0.79,-2.62",1,8,-14.294871794871796,0.32057416267942584,1565.0,-9935.0,-11123.0
ml,pred_hit99_hgb,0.62,0.55,0.65,95,209,0.6507177033492823,61.229665071770334,-5.911483253588519,-1235.5000000000005,27.382352941176464,-67.93835616438356,0.750882145377558,-18.096153846153847,"-0.37,-18.10,2.81,-8.10",2,8,-14.73809523809524,0.32057416267942584,1261.5,-10238.5,-11511.0
ml,pred_hit99_hgb,0.62,0.55,0.65,99,209,0.6267942583732058,61.229665071770334,-5.677033492822966,-1186.5,31.423664122137403,-67.98717948717949,0.7762587214784085,-19.826923076923077,"0.56,-19.83,3.90,-7.46",1,8,-17.625,0.32057416267942584,1240.5,-10259.5,-11639.5
ml,pred_hit99_hgb,0.63,0.55,0.65,80,155,0.7419354838709677,61.56129032258065,-8.706451612903226,-1349.5,11.804347826086957,-67.675,0.5014776505356483,-20.064102564102566,"-1.45,-20.06,-3.32,-10.03",0,8,-19.1875,0.3161290322580645,1268.0,-10232.0,-10467.0
ml,pred_hit99_hgb,0.63,0.55,0.65,85,155,0.7354838709677419,61.56129032258065,-5.545161290322582,-859.5000000000002,16.80701754385965,-67.6951219512195,0.6903260673752477,-17.115384615384617,"2.65,-17.12,0.78,-8.58",2,8,-16.0625,0.3161290322580645,2366.5,-9133.5,-11346.0
ml,pred_hit99_hgb,0.63,0.55,0.65,90,155,0.6967741935483871,61.56129032258065,-5.351612903225806,-829.5,21.916666666666668,-68.01063829787235,0.7404974190520882,-16.474358974358974,"2.14,-16.47,0.27,-7.39",2,8,-18.5625,0.3161290322580645,2389.0,-9111.0,-11134.0
ml,pred_hit99_hgb,0.63,0.55,0.65,95,155,0.6580645161290323,61.56129032258065,-5.545161290322584,-859.5000000000006,26.980392156862745,-68.14150943396227,0.762010245050533,-16.08974358974359,"3.55,-16.09,1.68,-11.47",2,8,-15.750000000000004,0.3161290322580645,2152.0,-9348.0,-11790.5
ml,pred_hit99_hgb,0.63,0.55,0.65,99,155,0.6258064516129033,61.56129032258065,-6.106451612903227,-946.5000000000001,31.015463917525775,-68.1896551724138,0.7606826801517067,-19.012820512820515,"3.99,-19.01,2.12,-11.66",1,8,-13.5,0.3161290322580645,1815.5,-9684.5,-12466.5
ml,pred_hit99_hgb,0.64,0.55,0.65,80,114,0.7456140350877193,61.833333333333314,-8.68421052631579,-990.0,11.429411764705884,-67.63793103448276,0.49528422125924043,-20.879310344827587,"-4.29,-20.88,-0.36,-8.93",0,8,-20.583333333333332,0.2894736842105263,2134.0,-9366.0,-10404.5
ml,pred_hit99_hgb,0.64,0.55,0.65,85,114,0.7368421052631579,61.833333333333314,-5.7017543859649145,-650.0000000000002,16.428571428571427,-67.66666666666667,0.6798029556650246,-17.948275862068968,"-0.33,-17.95,3.93,-8.21",2,8,-17.666666666666668,0.2894736842105263,3380.5,-8119.5,-10760.0
ml,pred_hit99_hgb,0.64,0.55,0.65,90,114,0.6929824561403509,61.833333333333314,-5.964912280701754,-680.0,21.525316455696203,-68.01428571428572,0.7143457256878807,-18.120689655172413,"-2.57,-18.12,1.79,-4.64",2,8,-22.25,0.2894736842105263,3159.0,-8341.0,-10633.5
ml,pred_hit99_hgb,0.64,0.55,0.65,95,114,0.6403508771929824,61.833333333333314,-7.500000000000003,-855.0000000000003,26.582191780821912,-68.1829268292683,0.6941513146127704,-18.63793103448276,"-2.22,-18.64,2.32,-11.25",1,8,-19.750000000000004,0.2894736842105263,2201.5,-9298.5,-10846.0
ml,pred_hit99_hgb,0.64,0.55,0.65,99,114,0.6052631578947368,61.833333333333314,-8.412280701754385,-959.0,30.659420289855074,-68.32222222222222,0.6880793624979672,-16.56896551724138,"-6.29,-16.57,1.79,-12.36",1,8,-21.676470588235293,0.2894736842105263,2123.5,-9376.5,-10061.0
ml,pred_hit99_hgb,0.65,0.55,0.65,80,92,0.8043478260869565,62.141304347826086,-4.2934782608695645,-394.99999999999994,11.108108108108109,-67.61111111111111,0.6754313886606409,-9.76086956521739,"-1.63,-2.63,-3.15,-9.76",3,8,-29.0,0.29347826086956524,5357.5,-6142.5,-8051.5
ml,pred_hit99_hgb,0.65,0.55,0.65,85,92,0.7934782608695652,62.141304347826086,-1.195652173913046,-110.00000000000023,16.102739726027398,-67.65789473684211,0.9144301828082458,-9.76086956521739,"2.50,1.50,0.98,-9.76",4,8,-26.5,0.29347826086956524,8081.5,-3418.5,-6808.0
ml,pred_hit99_hgb,0.65,0.55,0.65,90,92,0.7391304347826086,62.141304347826086,-2.119565217391304,-195.0,21.191176470588236,-68.16666666666667,0.8808068459657702,-6.282608695652174,"-1.20,1.72,-2.72,-6.28",3,8,-24.0,0.29347826086956524,6831.5,-4668.5,-7426.0
ml,pred_hit99_hgb,0.65,0.55,0.65,95,92,0.6739130434782609,62.141304347826086,-4.619565217391309,-425.0000000000004,26.225806451612897,-68.36666666666666,0.7927840078010724,-11.06521739130435,"-1.63,-2.63,-3.15,-11.07",3,8,-21.500000000000004,0.29347826086956524,4627.0,-6873.0,-8799.0
ml,pred_hit99_hgb,0.65,0.55,0.65,99,92,0.6304347826086957,62.141304347826086,-6.228260869565218,-573.0,30.29310344827586,-68.52941176470588,0.7540772532188841,-12.934782608695652,"-7.46,0.15,-4.67,-12.93",3,8,-22.807692307692307,0.29347826086956524,3649.0,-7851.0,-8726.0
ml,pred_hit99_hgb,0.66,0.55,0.65,80,75,0.8133333333333334,62.146666666666675,-3.579999999999999,-268.49999999999994,11.188524590163935,-67.92857142857143,0.7176656151419558,-11.388888888888888,"-0.45,2.87,-5.76,-11.39",3,7,-16.055555555555554,0.28,6801.0,-4699.0,-6357.5
ml,pred_hit99_hgb,0.66,0.55,0.65,85,75,0.8,62.146666666666675,-0.6466666666666692,-48.500000000000185,16.18333333333333,-67.96666666666667,0.9524276606179497,-12.5,"3.76,7.34,-1.82,-12.50",4,7,-12.722222222222223,0.28,9288.5,-2211.5,-7799.5
ml,pred_hit99_hgb,0.66,0.55,0.65,90,75,0.7466666666666667,62.146666666666675,-1.4466666666666668,-108.5,21.267857142857142,-68.39473684210526,0.9165063485956138,-9.166666666666666,"-1.50,7.08,-2.61,-9.17",3,7,-9.38888888888889,0.28,8213.0,-3287.0,-6033.5
ml,pred_hit99_hgb,0.66,0.55,0.65,95,75,0.68,62.146666666666675,-4.0466666666666695,-303.5000000000002,26.323529411764696,-68.58333333333333,0.8156136087484809,-11.111111111111114,"-2.82,1.29,-3.92,-11.11",3,7,-16.277777777777782,0.28,5877.5,-5622.5,-7242.5
ml,pred_hit99_hgb,0.66,0.55,0.65,99,75,0.6266666666666667,62.146666666666675,-6.6066666666666665,-495.5,30.414893617021278,-68.75,0.7425974025974026,-14.166666666666666,"-10.50,4.24,-6.39,-14.17",2,7,-25.055555555555557,0.28,4273.5,-7226.5,-7421.5
ml,pred_hit99_hgb,0.67,0.55,0.65,80,60,0.8,62.31666666666666,-4.8166666666666655,-288.99999999999994,11.041666666666666,-68.25,0.6471306471306472,-10.299999999999999,"0.90,-4.57,-5.30,-10.30",3,6,-19.749999999999996,0.26666666666666666,6744.0,-4756.0,-5871.5
ml,pred_hit99_hgb,0.67,0.55,0.65,85,60,0.7833333333333333,62.31666666666666,-2.2333333333333356,-134.00000000000014,16.031914893617017,-68.26923076923077,0.849014084507042,-12.3,"5.23,-0.57,-1.30,-12.30",3,6,-16.625,0.26666666666666666,8388.5,-3111.5,-6766.0
ml,pred_hit99_hgb,0.67,0.55,0.65,90,60,0.7333333333333333,62.31666666666666,-2.816666666666667,-169.0,21.09090909090909,-68.5625,0.845943482224248,-8.966666666666667,"-2.43,3.43,-3.30,-8.97",3,6,-13.5,0.26666666666666666,7785.5,-3714.5,-6001.5
ml,pred_hit99_hgb,0.67,0.55,0.65,95,60,0.6833333333333333,62.31666666666666,-3.9000000000000035,-234.0000000000002,26.13414634146341,-68.71052631578948,0.820758330141708,-11.966666666666669,"1.23,1.10,-5.97,-11.97",3,6,-16.277777777777782,0.26666666666666666,6847.0,-4653.0,-7224.0
ml,pred_hit99_hgb,0.67,0.55,0.65,99,60,0.6333333333333333,62.31666666666666,-6.116666666666666,-367.0,30.236842105263158,-68.9090909090909,0.7579155672823219,-9.9,"-9.03,4.03,-9.90,-9.57",2,6,-25.055555555555557,0.26666666666666666,5524.5,-5975.5,-6373.0
ml,pred_hit99_hgb,0.68,0.55,0.65,80,48,0.7916666666666666,62.27083333333333,-5.437499999999999,-260.99999999999994,11.000000000000004,-67.9,0.6156111929307807,-16.333333333333332,"-1.50,-1.58,-2.33,-16.33",3,6,-12.499999999999998,0.16666666666666666,7117.5,-4382.5,-4733.0
ml,pred_hit99_hgb,0.68,0.55,0.65,85,48,0.7916666666666666,62.27083333333333,-1.479166666666669,-71.00000000000011,15.999999999999996,-67.9,0.8954344624447715,-13.0,"2.67,2.58,1.83,-13.00",3,6,-8.92857142857143,0.16666666666666666,9406.5,-2093.5,-4111.5
ml,pred_hit99_hgb,0.68,0.55,0.65,90,48,0.7291666666666666,62.27083333333333,-3.1458333333333335,-151.0,21.071428571428573,-68.34615384615384,0.8300506471581317,-9.666666666666666,"-8.17,6.75,-1.50,-9.67",3,6,-17.357142857142858,0.16666666666666666,8165.5,-3334.5,-4637.5
ml,pred_hit99_hgb,0.68,0.55,0.65,95,48,0.6666666666666666,62.27083333333333,-5.4375000000000036,-261.00000000000017,26.124999999999993,-68.5625,0.76207839562443,-14.25,"-4.83,3.00,-5.67,-14.25",3,6,-28.071428571428577,0.16666666666666666,6821.5,-4678.5,-5554.0
ml,pred_hit99_hgb,0.68,0.55,0.65,99,48,0.625,62.27083333333333,-6.895833333333333,-331.0,30.2,-68.72222222222223,0.7324171382376717,-11.916666666666666,"-10.42,6.00,-11.25,-11.92",3,6,-26.357142857142858,0.16666666666666666,6082.5,-5417.5,-5549.5
ml,pred_hit99_hgb,0.69,0.55,0.65,80,36,0.8333333333333334,62.33333333333334,-2.1666666666666643,-77.99999999999991,10.833333333333337,-67.16666666666667,0.8064516129032261,-6.722222222222222,"-6.28,2.83,-6.72,1.50",3,6,-11.642857142857142,0.16666666666666666,9571.0,-1929.0,-3337.5
ml,pred_hit99_hgb,0.69,0.55,0.65,85,36,0.8333333333333334,62.33333333333334,1.999999999999997,71.99999999999989,15.83333333333333,-67.16666666666667,1.1786600496277913,-2.833333333333337,"-2.39,7.28,-2.83,5.94",4,6,-8.071428571428575,0.16666666666666666,11976.5,476.5,-2483.0
ml,pred_hit99_hgb,0.69,0.55,0.65,90,36,0.75,62.33333333333334,-1.3333333333333337,-48.000000000000014,20.90740740740741,-68.05555555555556,0.9216326530612244,-18.5,"-18.50,11.72,-8.94,10.39",4,6,-17.357142857142858,0.16666666666666666,9765.0,-1735.0,-4926.0
ml,pred_hit99_hgb,0.69,0.55,0.65,95,36,0.6666666666666666,62.33333333333334,-5.5000000000000036,-198.00000000000014,25.958333333333325,-68.41666666666667,0.7588306942752738,-15.722222222222225,"-15.72,5.61,-5.61,-6.28",3,6,-28.071428571428577,0.16666666666666666,7577.0,-3923.0,-5358.5
ml,pred_hit99_hgb,0.69,0.55,0.65,99,36,0.6111111111111112,62.33333333333334,-8.333333333333334,-300.0,30.045454545454547,-68.64285714285714,0.6878251821019771,-24.5,"-24.50,8.72,-13.94,-3.61",3,6,-26.357142857142858,0.16666666666666666,6624.0,-4876.0,-5283.5
ml,pred_hit99_hgb,0.52,0.55,0.7,80,1808,0.7594026548672567,62.06747787610618,-7.815265486725662,-14129.999999999996,11.078295702840501,-67.44942528735632,0.5184131149775909,-9.807522123893804,"-9.81,-8.52,-7.06,-5.88",0,8,-9.80656934306569,0.4778761061946903,-34.999999999999986,-11535.0,-11885.0
ml,pred_hit99_hgb,0.52,0.55,0.7,85,1808,0.7223451327433629,62.06747787610618,-7.168141592920355,-12960.000000000002,16.055895865237368,-67.58764940239044,0.6180258775678623,-9.331858407079647,"-9.33,-8.89,-6.04,-4.40",0,8,-9.760162601626018,0.4778761061946903,-9.500000000000007,-11509.5,-12194.0
ml,pred_hit99_hgb,0.52,0.55,0.7,90,1808,0.6886061946902655,62.06747787610618,-6.592920353982301,-11920.0,21.033333333333335,-67.6847246891652,0.6871924737249551,-9.829646017699115,"-9.83,-9.16,-4.36,-3.02",0,8,-10.674796747967477,0.4778761061946903,-31.499999999999986,-11531.5,-12672.5
ml,pred_hit99_hgb,0.52,0.55,0.7,95,1808,0.6592920353982301,62.06747787610618,-5.934734513274338,-10730.000000000004,26.02265100671141,-67.77435064935065,0.7429878559965508,-9.298672566371682,"-9.30,-7.95,-2.90,-3.59",0,8,-9.952554744525552,0.4778761061946903,-19.999999999999993,-11520.0,-13171.5
ml,pred_hit99_hgb,0.52,0.55,0.7,99,1808,0.6338495575221239,62.06747787610618,-5.816371681415929,-10516.0,30.013961605584644,-67.8429003021148,0.7658532240826506,-8.993362831858407,"-8.99,-8.02,-2.55,-3.70",0,8,-9.312765957446809,0.4778761061946903,-35.5,-11535.5,-13611.5
ml,pred_hit99_hgb,0.53,0.55,0.7,80,1782,0.7609427609427609,62.10830527497194,-7.7328843995510645,-13779.999999999996,11.045722713864311,-67.50704225352112,0.5208289867167398,-9.443946188340805,"-9.44,-8.63,-6.83,-6.03",0,8,-9.603703703703701,0.4719416386083053,-44.499999999999986,-11544.5,-11894.5
ml,pred_hit99_hgb,0.53,0.55,0.7,85,1782,0.7244668911335578,62.10830527497194,-7.02861952861953,-12525.000000000004,16.02904725019365,-67.65478615071284,0.6229510664238301,-8.984304932735427,"-8.98,-8.68,-5.84,-4.60",0,8,-9.639344262295085,0.4719416386083053,-53.5,-11553.5,-12238.0
ml,pred_hit99_hgb,0.53,0.55,0.7,90,1782,0.6902356902356902,62.10830527497194,-6.487093153759821,-11560.0,21.004878048780487,-67.7463768115942,0.690876029521874,-9.511210762331839,"-9.51,-8.99,-4.17,-3.26",0,8,-10.581967213114753,0.4719416386083053,-31.5,-11531.5,-12672.5
ml,pred_hit99_hgb,0.53,0.55,0.7,95,1782,0.6616161616161617,62.10830527497194,-5.75476992143659,-10255.000000000004,25.991942324003393,-67.82669983416253,0.7492634384283426,-8.782511210762333,"-8.78,-7.59,-2.74,-3.90",0,8,-9.159259259259263,0.4719416386083053,-5.0,-11505.0,-13156.5
ml,pred_hit99_hgb,0.53,0.55,0.7,99,1782,0.6358024691358025,62.10830527497194,-5.663860830527497,-10093.0,29.98190644307149,-67.89291217257319,0.7709390070921985,-8.48206278026906,"-8.48,-7.67,-2.41,-4.07",0,8,-8.811475409836065,0.4719416386083053,-16.5,-11516.5,-13592.5
ml,pred_hit99_hgb,0.54,0.55,0.7,80,1738,0.7623705408515535,62.173762945914845,-7.684119677790561,-13354.999999999996,10.976981132075478,-67.55326876513317,0.5213175863366729,-9.29310344827586,"-9.29,-8.48,-6.86,-6.09",0,8,-9.692468619246858,0.4735327963176064,-69.49999999999999,-11569.5,-11919.5
ml,pred_hit99_hgb,0.54,0.55,0.7,85,1738,0.7266973532796318,62.173762945914845,-6.904487917146147,-12000.000000000004,15.966349960411717,-67.71684210526315,0.6269294741260045,-8.706896551724139,"-8.71,-8.23,-5.94,-4.73",0,8,-9.546025104602512,0.4735327963176064,-10.0,-11510.0,-12194.5
ml,pred_hit99_hgb,0.54,0.55,0.7,90,1738,0.692174913693901,62.173762945914845,-6.378020713463751,-11085.0,20.942227763923526,-67.81028037383177,0.6944471243298372,-9.316091954022989,"-9.32,-8.60,-4.12,-3.46",0,8,-10.194560669456065,0.4735327963176064,-20.500000000000007,-11520.5,-12661.5
ml,pred_hit99_hgb,0.54,0.55,0.7,95,1738,0.663981588032221,62.173762945914845,-5.595512082853857,-9725.000000000004,25.930675909878683,-67.89212328767124,0.7547226916189563,-8.637931034482762,"-8.64,-6.78,-2.73,-4.22",0,8,-9.280303030303033,0.4735327963176064,-23.5,-11523.5,-13175.0
ml,pred_hit99_hgb,0.54,0.55,0.7,99,1738,0.6375143843498274,62.173762945914845,-5.559838895281933,-9663.0,29.917870036101082,-67.95555555555555,0.7742922545080818,-8.385057471264368,"-8.39,-6.90,-2.69,-4.25",0,8,-8.59009009009009,0.4735327963176064,-28.0,-11528.0,-13604.0
ml,pred_hit99_hgb,0.55,0.55,0.7,80,1678,0.7616209773539928,62.30274135876043,-7.873063170440999,-13210.999999999996,10.84194053208138,-67.6675,0.5119148778955926,-9.199999999999998,"-9.20,-8.44,-7.11,-6.74",0,8,-9.807086614173224,0.4696066746126341,-17.499999999999936,-11517.5,-11867.5
ml,pred_hit99_hgb,0.55,0.55,0.7,85,1678,0.7270560190703218,62.30274135876043,-7.002979737783075,-11751.0,15.836065573770492,-67.8406113537118,0.6218016800231727,-8.711904761904762,"-8.71,-8.30,-5.49,-5.51",0,8,-8.984716157205241,0.4696066746126341,-18.0,-11518.0,-12202.5
ml,pred_hit99_hgb,0.55,0.55,0.7,90,1678,0.6924910607866508,62.30274135876043,-6.478545887961859,-10871.0,20.804647160068846,-67.9186046511628,0.6898076813331051,-9.676190476190476,"-9.68,-8.15,-3.91,-4.16",0,8,-9.7707423580786,0.4696066746126341,-13.500000000000007,-11513.5,-12654.5
ml,pred_hit99_hgb,0.55,0.55,0.7,95,1678,0.66507747318236,62.30274135876043,-5.620381406436236,-9431.000000000004,25.79569892473118,-68.00533807829181,0.7532379183128809,-9.104761904761904,"-9.10,-6.13,-2.58,-4.66",0,8,-10.043307086614178,0.4696066746126341,-54.0,-11554.0,-13205.5
ml,pred_hit99_hgb,0.55,0.55,0.7,99,1678,0.6376638855780691,62.30274135876043,-5.674016686531585,-9521.0,29.776635514018693,-68.0625,0.7699241215987628,-8.947619047619048,"-8.95,-6.31,-2.62,-4.81",0,8,-9.766355140186915,0.4696066746126341,-40.0,-11540.0,-13616.0
ml,pred_hit99_hgb,0.56,0.55,0.7,80,1575,0.765079365079365,62.56825396825397,-7.86190476190476,-12382.499999999996,10.568049792531125,-67.88378378378378,0.5070072062746349,-9.710659898477155,"-9.71,-8.33,-7.20,-6.20",0,8,-9.858490566037732,0.4596825396825397,-25.999999999999943,-11526.0,-12778.0
ml,pred_hit99_hgb,0.56,0.55,0.7,85,1575,0.7326984126984127,62.56825396825397,-6.788888888888889,-10692.5,15.584922010398614,-68.11757719714964,0.6271467178101299,-9.241116751269036,"-9.24,-7.97,-5.27,-4.67",0,8,-9.339622641509434,0.4596825396825397,-33.500000000000014,-11533.5,-12690.5
ml,pred_hit99_hgb,0.56,0.55,0.7,90,1575,0.6996825396825397,62.56825396825397,-6.0968253968253965,-9602.5,20.568058076225046,-68.22093023255815,0.7024187675287045,-10.065989847715736,"-10.07,-8.02,-3.11,-3.18",0,8,-10.047169811320753,0.4596825396825397,-9.5,-11509.5,-12650.5
ml,pred_hit99_hgb,0.56,0.55,0.7,95,1575,0.6730158730158731,62.56825396825397,-5.131746031746033,-8082.500000000003,25.567924528301887,-68.31941747572816,0.7702823686566528,-9.68527918781726,"-9.69,-5.83,-1.38,-3.63",0,8,-9.360655737704922,0.4596825396825397,-52.5,-11552.5,-13204.0
ml,pred_hit99_hgb,0.56,0.55,0.7,99,1575,0.645079365079365,62.56825396825397,-5.205396825396825,-8198.5,29.551181102362204,-68.37656529516994,0.7855059192883773,-9.700507614213198,"-9.70,-6.17,-1.04,-3.91",0,8,-10.372549019607844,0.4596825396825397,-15.5,-11515.5,-13591.5
ml,pred_hit99_hgb,0.57,0.55,0.7,80,1433,0.7655268667131891,62.95743196092115,-8.215282623866013,-11772.499999999996,10.170009115770288,-68.24107142857143,0.48656722927297336,-9.853760445682449,"-9.85,-8.53,-8.53,-5.94",0,8,-10.09895833333333,0.4487090020935101,-5.999999999999986,-11506.0,-12758.0
ml,pred_hit99_hgb,0.57,0.55,0.7,85,1433,0.7320307048150733,62.95743196092115,-7.234822051639917,-10367.5,15.184461391801715,-68.47916666666667,0.6057385153635534,-9.227019498607243,"-9.23,-8.50,-6.61,-4.60",0,8,-9.942708333333334,0.4487090020935101,-2.0,-11502.0,-12659.0
ml,pred_hit99_hgb,0.57,0.55,0.7,90,1433,0.6978367062107467,62.95743196092115,-6.652128401953942,-9532.5,20.163,-68.58083140877598,0.678991766429257,-10.215877437325906,"-10.22,-8.92,-4.65,-2.81",0,8,-11.140624999999998,0.4487090020935101,-22.0,-11522.0,-12663.0
ml,pred_hit99_hgb,0.57,0.55,0.7,95,1433,0.6706210746685276,62.95743196092115,-5.748429867411028,-8237.500000000004,25.152445369406866,-68.66313559322033,0.7458267765126971,-10.118384401114207,"-10.12,-6.07,-3.16,-3.64",0,8,-10.38541666666667,0.4487090020935101,-41.0,-11541.0,-13192.5
ml,pred_hit99_hgb,0.57,0.55,0.7,99,1433,0.64480111653873,62.95743196092115,-5.622121423586881,-8056.5,29.12987012987013,-68.7082514734774,0.7696332832940167,-10.115598885793872,"-10.12,-6.15,-2.29,-3.92",0,8,-11.515625,0.4487090020935101,-28.5,-11528.5,-13604.5
ml,pred_hit99_hgb,0.58,0.55,0.7,80,1284,0.7757009345794392,63.389408099688474,-7.83333333333333,-10057.999999999996,9.75803212851406,-68.67013888888889,0.49142943823633534,-10.52492211838006,"-10.52,-7.37,-7.40,-6.04",0,8,-10.572625698324018,0.44781931464174457,-6.999999999999972,-11507.0,-12759.0
ml,pred_hit99_hgb,0.58,0.55,0.7,85,1284,0.7429906542056075,63.389408099688474,-6.735202492211838,-8648.0,14.773584905660377,-68.91515151515152,0.6197344121009586,-9.761682242990654,"-9.76,-6.89,-5.58,-4.71",0,8,-10.684357541899443,0.44781931464174457,-6.5,-11506.5,-12663.5
ml,pred_hit99_hgb,0.58,0.55,0.7,90,1284,0.7102803738317757,63.389408099688474,-5.96417445482866,-7657.999999999999,19.767543859649123,-69.04838709677419,0.7018609359183992,-10.742990654205608,"-10.74,-7.09,-3.17,-2.86",0,8,-12.248603351955305,0.44781931464174457,-2.0,-11502.0,-12643.0
ml,pred_hit99_hgb,0.58,0.55,0.7,95,1284,0.6838006230529595,63.389408099688474,-4.928348909657323,-6328.000000000003,24.75968109339408,-69.13054187192118,0.774539494780347,-10.74299065420561,"-10.74,-3.88,-1.50,-3.59",1,8,-11.18715083798883,0.44781931464174457,-38.5,-11538.5,-13190.0
ml,pred_hit99_hgb,0.58,0.55,0.7,99,1284,0.6588785046728972,63.389408099688474,-4.660436137071651,-5984.0,28.752955082742318,-69.1986301369863,0.8025668943218186,-10.742990654205608,"-10.74,-4.17,-0.45,-3.28",1,8,-12.047486033519553,0.44781931464174457,-32.0,-11532.0,-13608.0
ml,pred_hit99_hgb,0.59,0.55,0.7,80,1114,0.7872531418312387,63.95691202872532,-7.476660682226209,-8328.999999999996,9.243443557582673,-69.34810126582279,0.4932311155729977,-9.661290322580642,"-9.66,-5.99,-7.85,-6.40",0,8,-11.201863354037263,0.4488330341113106,-2.4999999999998295,-11502.5,-14266.5
ml,pred_hit99_hgb,0.59,0.55,0.7,85,1114,0.7540394973070018,63.95691202872532,-6.363554757630162,-7089.0,14.257142857142858,-69.58029197080292,0.6281667977970102,-8.657706093189963,"-8.66,-4.98,-6.63,-5.18",0,8,-10.704968944099381,0.4488330341113106,-21.0,-11521.0,-14195.5
ml,pred_hit99_hgb,0.59,0.55,0.7,90,1114,0.7208258527827648,63.95691202872532,-5.582585278276481,-6219.0,19.260896637608965,-69.7282958199357,0.7132185100643287,-9.589605734767025,"-9.59,-5.63,-3.46,-3.63",0,8,-12.8167701863354,0.4488330341113106,-45.0,-11545.0,-14759.0
ml,pred_hit99_hgb,0.59,0.55,0.7,95,1114,0.6912028725314183,63.95691202872532,-4.792639138240576,-5339.000000000002,24.22987012987013,-69.75581395348837,0.7775045840973496,-9.661290322580646,"-9.66,-2.35,-3.10,-4.05",0,8,-11.419254658385096,0.4488330341113106,-27.000000000000057,-11527.0,-14765.5
ml,pred_hit99_hgb,0.59,0.55,0.7,99,1114,0.6669658886894075,63.95691202872532,-4.427289048473968,-4932.0,28.230820995962315,-69.83153638814017,0.8096304159027309,-9.267025089605735,"-9.27,-2.31,-2.01,-4.12",1,8,-11.419254658385093,0.4488330341113106,-29.5,-11529.5,-15265.0
ml,pred_hit99_hgb,0.6,0.55,0.7,80,964,0.8008298755186722,64.57053941908714,-7.004149377593357,-6751.999999999996,8.677461139896378,-70.05729166666667,0.4980298862538104,-8.504149377593357,"-8.50,-5.76,-7.25,-6.50",0,8,-10.443181818181815,0.4450207468879668,-15.499999999999972,-11515.5,-14004.5
ml,pred_hit99_hgb,0.6,0.55,0.7,85,964,0.766597510373444,64.57053941908714,-5.909751037344399,-5697.0,13.689445196211096,-70.28222222222222,0.6397381983748064,-7.487551867219917,"-7.49,-4.83,-5.65,-5.67",0,8,-9.53409090909091,0.4450207468879668,-14.499999999999986,-11514.5,-14189.0
ml,pred_hit99_hgb,0.6,0.55,0.7,90,964,0.7313278008298755,64.57053941908714,-5.2510373443983385,-5061.999999999998,18.67872340425532,-70.38803088803088,0.7223334521817832,-8.296680497925312,"-8.30,-5.76,-2.48,-4.47",0,8,-10.458041958041955,0.4450207468879668,-49.9999999999999,-11550.0,-14230.0
ml,pred_hit99_hgb,0.6,0.55,0.7,95,964,0.7033195020746889,64.57053941908714,-4.255186721991703,-4102.000000000002,23.678466076696164,-70.47552447552448,0.7964873982933122,-8.026970954356848,"-8.03,-2.90,-2.15,-3.95",1,8,-9.129370629370632,0.4450207468879668,-15.499999999999993,-11515.5,-14754.0
ml,pred_hit99_hgb,0.6,0.55,0.7,99,964,0.6763485477178424,64.57053941908714,-4.1120331950207465,-3964.0,27.66717791411043,-70.5224358974359,0.8198427487160842,-7.475103734439834,"-7.48,-3.71,-1.66,-3.61",1,8,-9.325174825174825,0.4450207468879668,-32.0,-11532.0,-15267.5
ml,pred_hit99_hgb,0.61,0.55,0.7,80,858,0.803030303030303,65.0885780885781,-7.346153846153842,-6302.999999999996,8.203918722786653,-70.74260355029585,0.4727949479319145,-9.216279069767438,"-9.22,-8.12,-5.71,-6.32",0,8,-11.483999999999996,0.44755244755244755,-12.499999999999929,-11512.5,-12971.5
ml,pred_hit99_hgb,0.61,0.55,0.7,85,858,0.7715617715617715,65.0885780885781,-6.005827505827506,-5153.0,13.211480362537765,-70.91326530612245,0.6292539031585006,-7.751162790697674,"-7.75,-7.29,-3.12,-5.85",0,8,-9.804,0.44755244755244755,-64.0,-11564.0,-12838.0
ml,pred_hit99_hgb,0.61,0.55,0.7,90,858,0.7389277389277389,65.0885780885781,-5.085081585081584,-4362.999999999999,18.209779179810724,-71.01785714285714,0.7257354790042746,-9.076744186046511,"-9.08,-6.82,0.13,-4.54",0,8,-11.963999999999997,0.44755244755244755,-26.499999999999936,-11526.5,-12546.5
ml,pred_hit99_hgb,0.61,0.55,0.7,95,858,0.7097902097902098,65.0885780885781,-4.15850815850816,-3568.000000000001,23.211001642036123,-71.09839357429719,0.7984579320473352,-9.193023255813955,"-9.19,-3.63,0.17,-3.96",1,8,-10.204000000000002,0.44755244755244755,-6.499999999999986,-11506.5,-12726.5
ml,pred_hit99_hgb,0.61,0.55,0.7,99,858,0.6818181818181818,65.0885780885781,-4.088578088578089,-3508.0,27.200854700854702,-71.13736263736264,0.8193661337246724,-9.369767441860466,"-9.37,-3.97,0.93,-3.91",1,8,-10.812,0.44755244755244755,-56.999999999999986,-11557.0,-12937.0
ml,pred_hit99_hgb,0.62,0.55,0.7,80,770,0.8116883116883117,65.5090909090909,-7.074025974025969,-5446.999999999996,7.823200000000006,-71.28620689655172,0.47303245779519215,-9.655440414507769,"-9.66,-7.12,-5.39,-6.12",0,8,-10.887387387387383,0.44155844155844154,-3.0,-11503.0,-12109.5
ml,pred_hit99_hgb,0.62,0.55,0.7,85,770,0.7818181818181819,65.5090909090909,-5.554545454545455,-4277.0,12.852159468438538,-71.51190476190476,0.6439986682204095,-7.582901554404145,"-7.58,-6.55,-2.94,-5.13",0,8,-9.58433734939759,0.44155844155844154,-17.0,-11517.0,-12318.5
ml,pred_hit99_hgb,0.62,0.55,0.7,90,770,0.7519480519480519,65.5090909090909,-4.333766233766231,-3336.999999999998,17.86096718480139,-71.6151832460733,0.7560405015169794,-8.04922279792746,"-8.05,-5.93,0.24,-3.57",1,8,-10.617117117117115,0.44155844155844154,-43.0,-11543.0,-13050.5
ml,pred_hit99_hgb,0.62,0.55,0.7,95,770,0.7194805194805195,65.5090909090909,-3.6584415584415595,-2817.000000000001,22.846570397111915,-71.63888888888889,0.8179526948429624,-8.489637305699482,"-8.49,-2.72,-0.15,-3.26",1,8,-8.950450450450452,0.44155844155844154,-17.499999999999986,-11517.5,-12737.5
ml,pred_hit99_hgb,0.62,0.55,0.7,99,770,0.6922077922077922,65.5090909090909,-3.4805194805194803,-2680.0,26.841463414634145,-71.67299578059071,0.8422276513702057,-8.422279792746114,"-8.42,-2.85,0.33,-2.96",2,8,-8.995495495495495,0.44155844155844154,-13.499999999999993,-11513.5,-12893.5
ml,pred_hit99_hgb,0.63,0.55,0.7,80,692,0.8164739884393064,65.88872832369943,-7.070809248554908,-4892.999999999996,7.455752212389387,-71.69685039370079,0.4626324748778215,-9.205202312138724,"-9.21,-6.26,-6.03,-6.79",0,8,-11.183333333333328,0.44942196531791906,-5.999999999999929,-11506.0,-11822.5
ml,pred_hit99_hgb,0.63,0.55,0.7,85,692,0.7875722543352601,65.88872832369943,-5.445086705202312,-3768.0,12.487155963302753,-71.92857142857143,0.6436373953752306,-7.26878612716763,"-7.27,-4.55,-3.81,-6.15",0,8,-10.183333333333334,0.44942196531791906,-3.5,-11503.5,-11995.0
ml,pred_hit99_hgb,0.63,0.55,0.7,90,692,0.7586705202312138,65.88872832369943,-4.108381502890171,-2842.999999999998,17.494285714285713,-72.02095808383234,0.7636250259821243,-7.644508670520229,"-7.64,-3.66,-0.25,-4.88",0,8,-9.516666666666662,0.44942196531791906,-36.49999999999993,-11536.5,-13780.5
ml,pred_hit99_hgb,0.63,0.55,0.7,95,692,0.726878612716763,65.88872832369943,-3.3352601156069386,-2308.0000000000014,22.48807157057654,-72.06084656084656,0.8305370975439627,-8.482658959537574,"-8.48,-0.36,-0.60,-3.90",1,8,-7.600000000000002,0.44942196531791906,-65.0,-11565.0,-11565.0
ml,pred_hit99_hgb,0.63,0.55,0.7,99,692,0.6965317919075145,65.88872832369943,-3.4320809248554913,-2375.0,26.466804979253112,-72.05714285714286,0.8430478456251652,-8.684971098265896,"-8.68,-0.74,-0.41,-3.89",1,8,-8.166666666666666,0.44942196531791906,-19.0,-11519.0,-11519.0
ml,pred_hit99_hgb,0.64,0.55,0.7,80,610,0.8180327868852459,66.17704918032786,-7.234426229508191,-4412.999999999996,7.181362725450908,-72.04054054054055,0.4481335584318143,-8.892156862745093,"-8.89,-8.40,-4.76,-6.87",0,8,-10.611111111111105,0.4524590163934426,-2.9999999999999574,-11503.0,-11630.5
ml,pred_hit99_hgb,0.64,0.55,0.7,85,610,0.7852459016393443,66.17704918032786,-5.9311475409836065,-3618.0,12.205636743215031,-72.24809160305344,0.6177294099001532,-7.160130718954249,"-7.16,-7.12,-2.72,-6.71",0,8,-10.105633802816902,0.4524590163934426,-45.5,-11545.5,-11969.5
ml,pred_hit99_hgb,0.64,0.55,0.7,90,610,0.759016393442623,66.17704918032786,-4.3655737704918005,-2662.999999999998,17.20194384449244,-72.29591836734694,0.7494236650199952,-7.4542483660130685,"-7.45,-6.17,1.43,-5.23",1,8,-9.370129870129867,0.4524590163934426,-8.499999999999957,-11508.5,-13406.5
ml,pred_hit99_hgb,0.64,0.55,0.7,95,610,0.7262295081967213,66.17704918032786,-3.685245901639346,-2248.000000000001,22.172686230248306,-72.27844311377245,0.8137608218383663,-8.205882352941176,"-8.21,-3.69,1.82,-4.64",1,8,-8.331168831168833,0.4524590163934426,-28.5,-11528.5,-11528.5
ml,pred_hit99_hgb,0.64,0.55,0.7,99,610,0.6983606557377049,66.17704918032786,-3.539344262295082,-2159.0,26.15962441314554,-72.29891304347827,0.837705780650981,-8.748366013071895,"-8.75,-4.00,3.03,-4.40",1,8,-9.487012987012985,0.4524590163934426,-2.0,-11502.0,-11502.0
ml,pred_hit99_hgb,0.65,0.55,0.7,80,558,0.8333333333333334,66.38172043010752,-6.215053763440855,-3467.999999999997,7.041935483870975,-72.5,0.48565072302558443,-8.414285714285707,"-7.29,-8.41,-3.03,-6.10",0,8,-9.231343283582083,0.4551971326164875,-60.99999999999983,-11561.0,-12263.0
ml,pred_hit99_hgb,0.65,0.55,0.7,85,558,0.7992831541218638,66.38172043010752,-4.942652329749104,-2758.0,12.065022421524663,-72.66964285714286,0.6611377319080968,-7.985714285714286,"-5.65,-7.99,0.13,-6.24",0,8,-9.007462686567164,0.4551971326164875,-50.5,-11550.5,-13290.5
ml,pred_hit99_hgb,0.65,0.55,0.7,90,558,0.7724014336917563,66.38172043010752,-3.3655913978494594,-1877.9999999999984,17.04988399071926,-72.64960629921259,0.7964558608356366,-6.699999999999997,"-6.22,-6.70,4.45,-4.95",1,8,-8.257575757575754,0.4551971326164875,665.5,-10834.5,-14128.0
ml,pred_hit99_hgb,0.65,0.55,0.7,95,558,0.7383512544802867,66.38172043010752,-2.738351254480288,-1528.000000000001,22.014563106796118,-72.58904109589041,0.8558218531798453,-6.614285714285716,"-6.61,-4.34,3.98,-3.94",2,8,-8.250000000000004,0.4551971326164875,960.0,-10540.0,-11401.5
ml,pred_hit99_hgb,0.65,0.55,0.7,99,558,0.7096774193548387,66.38172043010752,-2.623655913978494,-1463.9999999999998,25.98989898989899,-72.5679012345679,0.8754678462061926,-7.378571428571429,"-7.38,-4.26,5.10,-3.91",2,8,-8.64705882352941,0.4551971326164875,678.5,-10821.5,-11129.0
ml,pred_hit99_hgb,0.66,0.55,0.7,80,491,0.8309572301425662,66.47250509164968,-6.495926680244396,-3189.499999999998,6.970588235294124,-72.69277108433735,0.4713681942487781,-9.085365853658534,"-7.02,-9.09,-5.77,-4.09",0,8,-11.41525423728813,0.45824847250509165,-21.999999999999957,-11522.0,-12009.5
ml,pred_hit99_hgb,0.66,0.55,0.7,85,491,0.7942973523421588,66.47250509164968,-5.457230142566192,-2679.5,11.997435897435897,-72.85643564356435,0.6358632873547598,-8.516260162601625,"-6.37,-8.52,-2.92,-4.01",0,8,-10.398305084745763,0.45824847250509165,82.50000000000001,-11417.5,-12598.0
ml,pred_hit99_hgb,0.66,0.55,0.7,90,491,0.7678207739307535,66.47250509164968,-3.8686354378818715,-1899.4999999999989,16.98275862068966,-72.82456140350877,0.7711997109130332,-7.6219512195121935,"-6.86,-7.62,1.22,-2.20",1,8,-11.160714285714281,0.45824847250509165,796.5,-10703.5,-13034.5
ml,pred_hit99_hgb,0.66,0.55,0.7,95,491,0.7372708757637475,66.47250509164968,-2.9317718940936883,-1439.500000000001,21.95303867403315,-72.76356589147287,0.8466414531508016,-7.060975609756098,"-7.06,-3.96,-0.04,-0.65",1,8,-10.705128205128208,0.45824847250509165,981.0,-10519.0,-10730.5
ml,pred_hit99_hgb,0.66,0.55,0.7,99,491,0.7087576374745418,66.47250509164968,-2.805498981670061,-1377.4999999999998,25.92528735632184,-72.72377622377623,0.8675417087359969,-7.516260162601626,"-7.52,-4.26,1.44,-0.88",1,8,-10.679487179487179,0.45824847250509165,954.5,-10545.5,-10820.5
ml,pred_hit99_hgb,0.67,0.55,0.7,80,410,0.8292682926829268,66.58048780487805,-6.739024390243898,-2762.999999999998,6.870588235294124,-72.84285714285714,0.4581290449107673,-10.092233009708734,"-5.93,-10.09,-6.51,-4.40",0,8,-13.043478260869561,0.45121951219512196,77.00000000000013,-11423.0,-11944.0
ml,pred_hit99_hgb,0.67,0.55,0.7,85,410,0.7926829268292683,66.58048780487805,-5.702439024390244,-2338.0,11.896923076923077,-72.99411764705883,0.6231767265694255,-8.587378640776699,"-5.88,-8.59,-4.01,-4.30",0,8,-11.08695652173913,0.45121951219512196,379.5,-11120.5,-12282.5
ml,pred_hit99_hgb,0.67,0.55,0.7,90,410,0.7634146341463415,66.58048780487805,-4.373170731707313,-1792.9999999999986,16.883386581469654,-72.9639175257732,0.7466619569056873,-8.247572815533978,"-6.32,-8.25,-0.82,-2.05",1,8,-14.119047619047613,0.45121951219512196,854.0,-10646.0,-12920.5
ml,pred_hit99_hgb,0.67,0.55,0.7,95,410,0.7317073170731707,66.58048780487805,-3.56829268292683,-1463.0000000000005,21.87,-72.94545454545455,0.8176719840478565,-6.315533980582526,"-6.32,-5.53,-1.46,-0.92",1,8,-10.785714285714286,0.45121951219512196,974.0,-10526.0,-10666.0
ml,pred_hit99_hgb,0.67,0.55,0.7,99,410,0.7024390243902439,66.58048780487805,-3.539024390243902,-1450.9999999999998,25.84722222222222,-72.90983606557377,0.8368746486790332,-6.499999999999999,"-6.40,-6.50,-0.38,-0.81",1,8,-10.476190476190473,0.45121951219512196,918.5,-10581.5,-10773.0
ml,pred_hit99_hgb,0.68,0.55,0.7,80,334,0.8293413173652695,66.58383233532933,-6.736526946107779,-2249.999999999998,6.85018050541517,-72.76315789473684,0.4575045207956605,-9.928571428571423,"-5.96,-9.93,-5.68,-5.34",0,8,-16.699999999999992,0.4161676646706587,482.0,-11018.0,-11540.5
ml,pred_hit99_hgb,0.68,0.55,0.7,85,334,0.7934131736526946,66.58383233532933,-5.6437125748503,-1885.0,11.89245283018868,-72.9927536231884,0.6257321552665541,-8.976190476190476,"-5.85,-8.98,-4.54,-3.17",1,8,-15.557142857142857,0.4161676646706587,740.5,-10759.5,-11560.0
ml,pred_hit99_hgb,0.68,0.55,0.7,90,334,0.7634730538922155,66.58383233532933,-4.371257485029937,-1459.999999999999,16.876470588235293,-72.95569620253164,0.7466817038258003,-8.380952380952378,"-6.20,-8.38,-1.58,-1.25",2,8,-12.128571428571425,0.4161676646706587,1084.0,-10416.0,-12021.0
ml,pred_hit99_hgb,0.68,0.55,0.7,95,334,0.7305389221556886,66.58383233532933,-3.682634730538923,-1230.0000000000002,21.852459016393443,-72.91111111111111,0.8125571472112161,-5.904761904761905,"-5.90,-4.75,-3.33,-0.70",2,8,-9.706896551724142,0.4161676646706587,1238.5,-10261.5,-10516.0
ml,pred_hit99_hgb,0.68,0.55,0.7,99,334,0.7035928143712575,66.58383233532933,-3.42814371257485,-1145.0,25.827659574468086,-72.87373737373737,0.84129184281655,-5.452380952380952,"-5.45,-5.38,-1.58,-1.25",2,8,-11.614285714285712,0.4161676646706587,1257.5,-10242.5,-10394.0
ml,pred_hit99_hgb,0.69,0.55,0.7,80,266,0.8458646616541353,66.65789473684211,-5.488721804511273,-1459.9999999999986,6.766666666666674,-72.7439024390244,0.5104777870913668,-8.216417910447756,"-4.47,-8.22,-3.85,-5.39",0,8,-15.72727272727272,0.40601503759398494,1296.5,-10203.5,-10587.5
ml,pred_hit99_hgb,0.69,0.55,0.7,85,266,0.8157894736842105,66.65789473684211,-3.8157894736842106,-1015.0,11.790322580645162,-72.92857142857143,0.7159647404505387,-9.186567164179104,"-2.75,-9.19,0.47,-3.73",2,8,-15.954545454545451,0.40601503759398494,2089.0,-9411.0,-10024.5
ml,pred_hit99_hgb,0.69,0.55,0.7,90,266,0.7819548872180451,66.65789473684211,-2.781954887218042,-739.9999999999992,16.759615384615387,-72.86206896551724,0.8248935163274965,-8.067164179104473,"-4.02,-8.07,3.42,-2.36",3,8,-12.545454545454543,0.40601503759398494,2562.0,-8938.0,-10458.0
ml,pred_hit99_hgb,0.69,0.55,0.7,95,266,0.7518796992481203,66.65789473684211,-1.729323308270678,-460.00000000000034,21.72,-72.78787878787878,0.9042464612822648,-4.410447761194031,"-3.05,-4.41,3.35,-2.74",3,8,-9.136363636363638,0.40601503759398494,3547.0,-7953.0,-10146.5
ml,pred_hit99_hgb,0.69,0.55,0.7,99,266,0.7218045112781954,66.65789473684211,-1.6992481203007512,-451.99999999999983,25.6875,-72.75675675675676,0.9160475482912332,-4.440298507462686,"-3.08,-4.44,3.56,-2.77",2,8,-15.409090909090907,0.40601503759398494,3497.0,-8003.0,-8839.5
ml,pred_hit99_hgb,0.7,0.55,0.7,80,199,0.864321608040201,66.80402010050251,-4.158291457286427,-827.4999999999989,6.639534883720937,-72.94444444444444,0.5798425996445804,-6.418367346938771,"-3.76,-5.12,-1.38,-6.42",2,8,-18.8076923076923,0.4120603015075377,2982.5,-8517.5,-9502.5
ml,pred_hit99_hgb,0.7,0.55,0.7,85,199,0.8391959798994975,66.80402010050251,-1.9723618090452262,-392.5,11.667664670658683,-73.15625,0.8323366082870568,-5.92,"-1.16,-5.92,3.12,-3.97",3,8,-21.884615384615383,0.4120603015075377,5421.5,-6078.5,-7735.5
ml,pred_hit99_hgb,0.7,0.55,0.7,90,199,0.7989949748743719,66.80402010050251,-1.394472361809042,-277.4999999999994,16.64465408805032,-73.1,0.9050957592339265,-5.519999999999997,"-4.16,-5.52,5.82,-1.72",3,8,-18.807692307692303,0.4120603015075377,5612.0,-5888.0,-9492.0
ml,pred_hit99_hgb,0.7,0.55,0.7,95,199,0.7738693467336684,66.80402010050251,0.2135678391959782,42.49999999999966,21.623376623376622,-73.05555555555556,1.0129277566539925,-4.160000000000002,"-4.16,-1.72,6.42,0.32",3,8,-15.73076923076923,0.4120603015075377,8423.0,-3077.0,-8933.5
ml,pred_hit99_hgb,0.7,0.55,0.7,99,199,0.7437185929648241,66.80402010050251,0.32412060301507595,64.50000000000011,25.594594594594593,-73.00980392156863,1.0173224117094133,-5.239999999999998,"-5.24,-0.66,7.80,-0.62",3,8,-20.884615384615383,0.4120603015075377,8304.0,-3196.0,-7715.5
ml,pred_hit99_hgb,0.71,0.55,0.7,80,165,0.8484848484848485,66.78787878787878,-5.409090909090904,-892.4999999999991,6.635714285714292,-72.86,0.5100192149327483,-9.060975609756095,"-5.90,-3.57,-3.09,-9.06",2,8,-15.859999999999992,0.3878787878787879,2814.5,-8685.5,-9455.0
ml,pred_hit99_hgb,0.71,0.55,0.7,85,165,0.8242424242424242,66.78787878787878,-3.227272727272727,-532.5,11.654411764705882,-73.01724137931035,0.7485242030696576,-7.109756097560975,"-3.76,-3.33,1.30,-7.11",2,8,-17.5,0.3878787878787879,4298.0,-7202.0,-8524.0
ml,pred_hit99_hgb,0.71,0.55,0.7,90,165,0.7878787878787878,66.78787878787878,-2.378787878787876,-392.4999999999995,16.61538461538462,-72.92857142857143,0.8462291870714987,-5.402439024390243,"-4.00,-3.57,3.50,-5.40",3,8,-14.166666666666664,0.3878787878787879,5055.0,-6445.0,-8334.5
ml,pred_hit99_hgb,0.71,0.55,0.7,95,165,0.7636363636363637,66.78787878787878,-0.7424242424242441,-122.50000000000028,21.61904761904762,-72.98717948717949,0.956964693483225,-4.714285714285715,"-4.71,0.33,3.13,-1.62",4,8,-11.147058823529415,0.3878787878787879,6835.5,-4664.5,-7302.0
ml,pred_hit99_hgb,0.71,0.55,0.7,99,165,0.7272727272727273,66.78787878787878,-1.287878787878787,-212.49999999999986,25.583333333333332,-72.94444444444444,0.9352627570449352,-6.571428571428571,"-6.57,1.04,3.94,-3.43",4,8,-19.166666666666668,0.3878787878787879,6037.5,-5462.5,-6343.5
ml,pred_hit99_hgb,0.72,0.55,0.7,80,137,0.8540145985401459,66.9051094890511,-5.083941605839409,-696.4999999999991,6.500000000000007,-72.85,0.5219629375428969,-8.528571428571425,"-8.53,-1.15,-2.85,-7.71",3,8,-17.749999999999993,0.40145985401459855,3691.5,-7808.5,-8606.0
ml,pred_hit99_hgb,0.72,0.55,0.7,85,137,0.8394160583941606,66.9051094890511,-2.0547445255474455,-281.50000000000006,11.52608695652174,-73.04545454545455,0.8248288736776602,-6.0882352941176485,"-4.53,0.91,1.56,-6.09",3,8,-14.25,0.40145985401459855,6464.5,-5035.5,-6470.0
ml,pred_hit99_hgb,0.72,0.55,0.7,90,137,0.8029197080291971,66.9051094890511,-1.142335766423354,-156.4999999999995,16.481818181818184,-72.94444444444444,0.9205382076669206,-5.671428571428568,"-5.67,2.68,3.32,-4.76",3,8,-15.249999999999995,0.40145985401459855,7221.5,-4278.5,-7036.5
ml,pred_hit99_hgb,0.72,0.55,0.7,95,137,0.781021897810219,66.9051094890511,0.7919708029197058,108.49999999999969,21.509345794392523,-73.1,1.0494756041951665,-4.671428571428574,"-4.67,4.15,4.79,-0.94",4,8,-12.0,0.40145985401459855,10546.5,-953.5,-6789.5
ml,pred_hit99_hgb,0.72,0.55,0.7,99,137,0.7445255474452555,66.9051094890511,0.3029197080291977,41.500000000000085,25.480392156862745,-73.07142857142857,1.0162267839687193,-7.4714285714285715,"-7.47,7.44,5.18,-3.71",5,8,-14.349999999999998,0.40145985401459855,8740.0,-2760.0,-6988.5
ml,pred_hit99_hgb,0.73,0.55,0.7,80,104,0.8653846153846154,66.93269230769229,-4.201923076923071,-436.99999999999943,6.466666666666674,-72.78571428571429,0.5711481844946033,-11.038461538461535,"-11.04,-0.15,-2.54,-3.08",3,8,-12.416666666666663,0.41346153846153844,5658.0,-5842.0,-6594.0
ml,pred_hit99_hgb,0.73,0.55,0.7,85,104,0.8461538461538461,66.93269230769229,-1.5096153846153852,-157.00000000000006,11.5,-73.0625,0.8656971770744226,-7.192307692307693,"-7.19,1.19,1.88,-1.92",3,8,-12.785714285714283,0.41346153846153844,8011.5,-3488.5,-5366.0
ml,pred_hit99_hgb,0.73,0.55,0.7,90,104,0.8076923076923077,66.93269230769229,-0.7403846153846132,-76.99999999999977,16.488095238095244,-73.1,0.9473324213406296,-6.8076923076923075,"-6.81,2.15,2.85,-1.15",3,8,-9.214285714285712,0.41346153846153844,8735.5,-2764.5,-6094.0
ml,pred_hit99_hgb,0.73,0.55,0.7,95,104,0.7884615384615384,66.93269230769229,1.4711538461538445,152.99999999999983,21.5,-73.18181818181819,1.095031055900621,-6.80769230769231,"-6.81,2.73,7.08,2.88",4,8,-9.083333333333336,0.41346153846153844,12167.5,667.5,-5639.0
ml,pred_hit99_hgb,0.73,0.55,0.7,99,104,0.75,66.93269230769229,0.8173076923076926,85.00000000000003,25.487179487179485,-73.1923076923077,1.0446663163426169,-11.653846153846153,"-11.65,2.15,10.46,2.31",4,8,-14.666666666666666,0.41346153846153844,10610.5,-889.5,-5407.0
ml,pred_hit99_hgb,0.74,0.55,0.7,80,75,0.8933333333333333,66.83999999999999,-1.8733333333333264,-140.4999999999995,6.55970149253732,-72.5,0.7577586206896559,-4.97368421052631,"-4.97,-2.50,2.82,-2.89",3,7,-12.999999999999995,0.38666666666666666,8823.5,-2676.5,-3450.0
ml,pred_hit99_hgb,0.74,0.55,0.7,85,75,0.88,66.83999999999999,1.4599999999999993,109.49999999999994,11.575757575757576,-72.72222222222223,1.1673032849503437,-3.1666666666666665,"-0.76,1.97,7.55,-3.17",4,7,-9.249999999999996,0.38666666666666666,12509.0,1009.0,-3147.0
ml,pred_hit99_hgb,0.74,0.55,0.7,90,75,0.8533333333333334,66.83999999999999,3.460000000000004,259.5000000000003,16.593750000000007,-72.95454545454545,1.323364485981309,-3.999999999999997,"3.45,6.45,7.55,-4.00",5,7,-8.409090909090905,0.38666666666666666,15337.0,3837.0,-7353.5
ml,pred_hit99_hgb,0.74,0.55,0.7,95,75,0.84,66.83999999999999,6.459999999999998,484.4999999999999,21.626984126984127,-73.16666666666667,1.5518223234624147,-0.11111111111111388,"2.66,10.92,12.03,-0.11",5,7,-4.7727272727272725,0.38666666666666666,21175.5,9675.5,-8233.5
ml,pred_hit99_hgb,0.74,0.55,0.7,99,75,0.7866666666666666,66.83999999999999,4.540000000000002,340.5000000000001,25.61864406779661,-73.1875,1.2907771135781383,-4.605263157894736,"-4.61,9.29,15.61,-2.50",5,7,-10.863636363636362,0.38666666666666666,16440.0,4940.0,-7165.0
ml,pred_hit99_hgb,0.75,0.55,0.7,80,49,0.8979591836734694,67.20408163265306,-1.8673469387755035,-91.49999999999967,6.068181818181826,-71.7,0.7447698744769884,-11.499999999999993,"-11.50,-1.08,6.58,-0.67",3,6,-12.499999999999993,0.3673469387755102,9611.5,-1888.5,-2994.5
ml,pred_hit99_hgb,0.75,0.55,0.7,85,49,0.8775510204081632,67.20408163265306,0.8877551020408161,43.499999999999986,11.081395348837209,-72.16666666666667,1.1004618937644342,-7.653846153846154,"-7.65,3.50,4.50,3.92",4,6,-8.75,0.3673469387755102,11635.0,135.0,-2337.0
ml,pred_hit99_hgb,0.75,0.55,0.7,90,49,0.8367346938775511,67.20408163265306,1.6020408163265347,78.5000000000002,16.08536585365854,-72.625,1.135111876075732,-3.8076923076923057,"-3.81,8.08,1.58,1.00",4,6,-6.249999999999995,0.3673469387755102,11871.0,371.0,-3353.0
ml,pred_hit99_hgb,0.75,0.55,0.7,95,49,0.8163265306122449,67.20408163265306,3.846938775510203,188.49999999999994,21.125,-72.94444444444444,1.2871287128712872,-7.269230769230772,"-7.27,12.67,5.75,5.17",3,6,-10.333333333333336,0.3673469387755102,13728.0,2228.0,-3301.0
ml,pred_hit99_hgb,0.75,0.55,0.7,99,49,0.7959183673469388,67.20408163265306,5.091836734693879,249.50000000000006,25.166666666666668,-73.2,1.340846994535519,-4.5,"-4.50,16.33,9.08,0.25",4,6,-11.874999999999996,0.3673469387755102,15090.5,3590.5,-4826.5
ml,pred_hit99_hgb,0.52,0.6,0.75,80,1786,0.7558790593505039,67.01343784994401,-7.8919372900335905,-14094.999999999993,6.759259259259265,-53.25688073394495,0.39298018949181773,-8.764573991031385,"-8.41,-6.78,-8.76,-7.61",0,8,-10.249999999999995,0.48376259798432253,-38.99999999999993,-11539.0,-11539.0
ml,pred_hit99_hgb,0.52,0.6,0.75,85,1786,0.7810750279955208,67.01343784994401,-7.122060470324748,-12720.0,11.23189964157706,-72.60485933503837,0.55193123976258,-7.755605381165919,"-7.38,-6.42,-7.76,-6.93",0,8,-9.635964912280702,0.48376259798432253,-18.500000000000014,-11518.5,-11518.5
ml,pred_hit99_hgb,0.52,0.6,0.75,90,1786,0.7491601343784995,67.01343784994401,-6.0890257558790575,-10874.999999999996,16.192077727952167,-72.63392857142857,0.6657959434542102,-7.517897091722593,"-7.52,-5.91,-5.69,-5.24",0,8,-9.495918367346935,0.48376259798432253,-29.0,-11529.0,-12423.0
ml,pred_hit99_hgb,0.52,0.6,0.75,95,1786,0.7183650615901456,67.01343784994401,-5.268756998880179,-9410.0,21.170303975058456,-72.70675944333996,0.7426958150472363,-7.461968680089486,"-7.46,-4.07,-4.04,-5.49",0,8,-9.0265306122449,0.48376259798432253,-5.5,-11505.5,-11505.5
ml,pred_hit99_hgb,0.52,0.6,0.75,99,1786,0.687010078387458,67.01343784994401,-5.499440089585666,-9822.0,25.17807660961695,-72.83631484794276,0.7587650894622441,-7.558165548098434,"-7.56,-5.14,-3.33,-5.96",0,8,-9.53265306122449,0.48376259798432253,-18.5,-11518.5,-11518.5
ml,pred_hit99_hgb,0.53,0.6,0.75,80,1777,0.7563308947664603,67.02532357906584,-7.841586944288122,-13934.499999999993,6.755208333333338,-53.148960739030024,0.39450757164273176,-8.637387387387385,"-8.31,-6.71,-8.64,-7.70",0,8,-10.0022026431718,0.4811480022509848,-15.999999999999943,-11516.0,-11516.0
ml,pred_hit99_hgb,0.53,0.6,0.75,85,1777,0.7816544738323016,67.02532357906584,-7.084693303320202,-12589.5,11.225701943844493,-72.6340206185567,0.5532786885245902,-7.635135135135135,"-7.48,-6.18,-7.64,-7.04",0,8,-9.595435684647303,0.4811480022509848,-18.0,-11518.0,-11518.0
ml,pred_hit99_hgb,0.53,0.6,0.75,90,1777,0.7495779403489027,67.02532357906584,-6.063308947664601,-10774.499999999996,16.185435435435437,-72.65955056179776,0.6667697589187684,-7.634831460674155,"-7.63,-5.68,-5.57,-5.36",0,8,-9.55394190871369,0.4811480022509848,-19.5,-11519.5,-12413.5
ml,pred_hit99_hgb,0.53,0.6,0.75,95,1777,0.7191896454698931,67.02532357906584,-5.202307259425999,-9244.5,21.162754303599375,-72.72645290581163,0.7452639120430967,-7.387640449438202,"-7.39,-3.84,-3.93,-5.64",0,8,-8.744813278008301,0.4811480022509848,-70.5,-11570.5,-11570.5
ml,pred_hit99_hgb,0.53,0.6,0.75,99,1777,0.6876758581879572,67.02532357906584,-5.445413618458075,-9676.5,25.170212765957448,-72.85495495495495,0.7606870370599365,-7.4932584269662925,"-7.49,-4.93,-3.22,-6.13",0,8,-9.292531120331951,0.4811480022509848,-60.5,-11560.5,-11560.5
ml,pred_hit99_hgb,0.54,0.6,0.75,80,1756,0.7562642369020501,67.06776765375855,-7.827448747152616,-13744.999999999993,6.716867469879523,-52.955607476635514,0.3935583498786679,-8.869020501138948,"-8.34,-6.40,-8.87,-7.70",0,8,-10.17555555555555,0.48234624145785876,-26.999999999999922,-11527.0,-11527.0
ml,pred_hit99_hgb,0.54,0.6,0.75,85,1756,0.7824601366742597,67.06776765375855,-7.058656036446469,-12395.0,11.187772925764191,-72.68848167539267,0.553606799438182,-7.718678815489749,"-7.36,-6.08,-7.72,-7.07",0,8,-9.597777777777777,0.48234624145785876,-23.0,-11523.0,-11523.0
ml,pred_hit99_hgb,0.54,0.6,0.75,90,1756,0.75,67.06776765375855,-6.06776765375854,-10654.999999999996,16.14540622627183,-72.70728929384966,0.6661810548741326,-7.568337129840544,"-7.57,-5.60,-5.68,-5.42",0,8,-9.23417721518987,0.48234624145785876,-12.5,-11512.5,-12406.5
ml,pred_hit99_hgb,0.54,0.6,0.75,95,1756,0.7203872437357631,67.06776765375855,-5.1309794988610475,-9010.0,21.132411067193676,-72.79531568228106,0.7479191438763377,-7.363325740318906,"-7.36,-3.35,-4.06,-5.75",0,8,-8.453586497890296,0.48234624145785876,-40.49999999999999,-11540.5,-11540.5
ml,pred_hit99_hgb,0.54,0.6,0.75,99,1756,0.6884965831435079,67.06776765375855,-5.406605922551253,-9494.0,25.138544251447478,-72.91864716636198,0.7619746029358304,-7.506833712984054,"-7.51,-4.46,-3.38,-6.28",0,8,-9.044303797468354,0.48234624145785876,-41.999999999999986,-11542.0,-11542.0
ml,pred_hit99_hgb,0.55,0.6,0.75,80,1734,0.7549019607843137,67.1332179930796,-7.935409457900803,-13759.999999999993,6.647440794499624,-52.85058823529412,0.38739621129488266,-8.978060046189373,"-8.22,-6.64,-8.98,-7.90",0,8,-10.276785714285708,0.4809688581314879,-49.499999999999886,-11549.5,-11549.5
ml,pred_hit99_hgb,0.55,0.6,0.75,85,1734,0.7825836216839677,67.1332179930796,-7.11361014994233,-12335.0,11.12343404568902,-72.75729442970822,0.5503016824951239,-7.673210161662817,"-7.26,-6.18,-7.67,-7.34",0,8,-9.457446808510639,0.4809688581314879,-4.5,-11504.5,-11504.5
ml,pred_hit99_hgb,0.55,0.6,0.75,90,1734,0.7508650519031141,67.1332179930796,-6.055363321799306,-10499.999999999996,16.0852534562212,-72.78472222222223,0.6660623986260853,-7.711981566820274,"-7.71,-5.33,-5.44,-5.73",0,8,-9.499999999999996,0.4809688581314879,-60.5,-11560.5,-12113.0
ml,pred_hit99_hgb,0.55,0.6,0.75,95,1734,0.7214532871972318,67.1332179930796,-5.095155709342562,-8835.000000000002,21.07394084732214,-72.87474120082815,0.7489949855817719,-7.550691244239632,"-7.55,-2.85,-3.84,-6.14",0,8,-8.755319148936172,0.4809688581314879,-3.499999999999986,-11503.5,-11503.5
ml,pred_hit99_hgb,0.55,0.6,0.75,99,1734,0.6891580161476355,67.1332179930796,-5.406574394463668,-9375.0,25.077405857740587,-72.99165120593692,0.7617080765075935,-7.732718894009216,"-7.73,-3.98,-3.41,-6.50",0,8,-9.385106382978723,0.4809688581314879,-0.4999999999999858,-11500.5,-11500.5
ml,pred_hit99_hgb,0.56,0.6,0.75,80,1704,0.755868544600939,67.21830985915493,-7.8497652582159585,-13375.999999999993,6.579192546583856,-52.52403846153846,0.3878260869565221,-8.884976525821592,"-8.00,-6.53,-8.88,-7.99",0,8,-9.959090909090904,0.4788732394366197,-7.999999999999979,-11508.0,-11508.0
ml,pred_hit99_hgb,0.56,0.6,0.75,85,1704,0.784037558685446,67.21830985915493,-7.075117370892019,-12056.0,11.04940119760479,-72.875,0.5504511894995898,-7.481220657276995,"-7.28,-6.12,-7.42,-7.48",0,8,-9.820175438596491,0.4788732394366197,-34.5,-11534.5,-12310.5
ml,pred_hit99_hgb,0.56,0.6,0.75,90,1704,0.7523474178403756,67.21830985915493,-6.007042253521124,-10235.999999999996,16.011700468018724,-72.89810426540285,0.667262620680688,-8.023474178403754,"-8.02,-5.31,-4.78,-5.92",0,8,-9.995614035087716,0.4788732394366197,-69.0,-11569.0,-13580.0
ml,pred_hit99_hgb,0.56,0.6,0.75,95,1704,0.7230046948356808,67.21830985915493,-5.032863849765258,-8576.0,21.003246753246753,-72.99152542372882,0.7510739579705097,-7.94131455399061,"-7.94,-2.84,-3.17,-6.18",0,8,-9.359649122807017,0.4788732394366197,-13.0,-11513.0,-11944.5
ml,pred_hit99_hgb,0.56,0.6,0.75,99,1704,0.6901408450704225,67.21830985915493,-5.394366197183099,-9192.0,25.003401360544217,-73.09848484848484,0.7618406052440667,-8.192488262910798,"-8.19,-4.04,-2.75,-6.60",0,8,-10.114035087719298,0.4788732394366197,-45.0,-11545.0,-12607.5
ml,pred_hit99_hgb,0.57,0.6,0.75,80,1653,0.7531760435571688,67.37810042347247,-8.058378705384145,-13320.499999999993,6.410040160642576,-52.208333333333336,0.3746537721233748,-9.025423728813555,"-8.16,-6.94,-9.03,-8.10",0,8,-10.677033492822963,0.47549909255898365,-29.499999999999815,-11529.5,-11529.5
ml,pred_hit99_hgb,0.57,0.6,0.75,85,1653,0.7828191167574108,67.37810042347247,-7.338475499092559,-12130.5,10.873261205564143,-72.98189415041783,0.5370126524302972,-7.838983050847458,"-7.55,-6.46,-7.84,-7.51",0,8,-10.144144144144144,0.47549909255898365,-15.0,-11515.0,-12291.0
ml,pred_hit99_hgb,0.57,0.6,0.75,90,1653,0.7501512401693889,67.37810042347247,-6.364488808227463,-10520.499999999996,15.82661290322581,-72.99152542372882,0.651009271698927,-8.210144927536229,"-8.21,-5.97,-5.47,-5.80",0,8,-10.436936936936933,0.47549909255898365,-42.5,-11542.5,-13553.5
ml,pred_hit99_hgb,0.57,0.6,0.75,95,1653,0.721113127646703,67.37810042347247,-5.372353297035692,-8880.5,20.818791946308725,-73.09436008676789,0.7364563085186889,-8.234299516908212,"-8.23,-3.12,-4.18,-5.95",0,8,-9.896396396396396,0.47549909255898365,-66.0,-11566.0,-11997.5
ml,pred_hit99_hgb,0.57,0.6,0.75,99,1653,0.690260133091349,67.37810042347247,-5.542347247428917,-9161.5,24.829535495179666,-73.2265625,0.7556412034567375,-8.340579710144928,"-8.34,-3.97,-3.88,-5.98",0,8,-10.315315315315315,0.47549909255898365,-39.5,-11539.5,-12602.0
ml,pred_hit99_hgb,0.58,0.6,0.75,80,1584,0.7563131313131313,67.59469696969695,-7.832070707070702,-12405.999999999993,6.219532554257102,-51.443005181347154,0.3752329153447151,-8.540404040404036,"-8.15,-6.64,-8.54,-8.01",0,8,-10.676767676767673,0.4772727272727273,-14.999999999999979,-11515.0,-11515.0
ml,pred_hit99_hgb,0.58,0.6,0.75,85,1584,0.7891414141414141,67.59469696969695,-7.017676767676767,-11116.0,10.6944,-73.30538922155688,0.5459892174481293,-7.55050505050505,"-7.46,-5.63,-7.43,-7.55",0,8,-10.51388888888889,0.4772727272727273,-25.5,-11525.5,-11920.5
ml,pred_hit99_hgb,0.58,0.6,0.75,90,1584,0.7569444444444444,67.59469696969695,-5.969696969696967,-9455.999999999996,15.655963302752296,-73.31818181818181,0.6650075281197415,-7.868686868686867,"-7.87,-5.22,-4.85,-5.93",0,8,-10.930555555555552,0.4772727272727273,-69.0,-11569.0,-15276.0
ml,pred_hit99_hgb,0.58,0.6,0.75,95,1584,0.7285353535353535,67.59469696969695,-4.883838383838384,-7736.000000000001,20.655112651646448,-73.42325581395349,0.754972760674015,-7.792929292929293,"-7.79,-2.34,-3.39,-6.01",0,8,-10.050925925925926,0.4772727272727273,-69.5,-11569.5,-12001.0
ml,pred_hit99_hgb,0.58,0.6,0.75,99,1584,0.69760101010101,67.59469696969695,-5.03219696969697,-7971.0,24.67285067873303,-73.55845511482255,0.7737728646638947,-7.755050505050505,"-7.76,-3.31,-3.15,-5.91",0,8,-10.097222222222221,0.4772727272727273,-37.0,-11537.0,-12599.5
ml,pred_hit99_hgb,0.59,0.6,0.75,80,1491,0.7578806170355467,67.91482226693495,-7.721327967806836,-11512.499999999993,5.936283185840715,-50.47229916897507,0.3681567465217753,-8.572386058981229,"-7.89,-6.72,-8.57,-7.70",0,8,-10.629943502824853,0.4815560026827633,-40.99999999999993,-11541.0,-12485.0
ml,pred_hit99_hgb,0.59,0.6,0.75,85,1491,0.7934272300469484,67.91482226693495,-6.973507712944333,-10397.5,10.402789518174133,-73.71428571428571,0.5420410500352361,-7.835120643431635,"-6.94,-5.89,-7.84,-7.23",0,8,-10.509756097560976,0.4815560026827633,-33.499999999999986,-11533.5,-13371.5
ml,pred_hit99_hgb,0.59,0.6,0.75,90,1491,0.761234071093226,67.91482226693495,-5.903755868544598,-8802.499999999996,15.358149779735687,-73.69101123595506,0.6644621483570939,-7.328418230563,"-7.33,-5.46,-5.09,-5.74",0,8,-11.143902439024385,0.4815560026827633,-12.999999999999972,-11513.0,-16585.5
ml,pred_hit99_hgb,0.59,0.6,0.75,95,1491,0.7323943661971831,67.91482226693495,-4.837357478202549,-7212.5,20.343406593406595,-73.7531328320802,0.7549061252230057,-6.92627345844504,"-6.93,-2.63,-3.75,-6.05",1,8,-9.485365853658537,0.4815560026827633,-3.5,-11503.5,-13422.5
ml,pred_hit99_hgb,0.59,0.6,0.75,99,1491,0.7015425888665325,67.91482226693495,-4.962105969148222,-7398.5,24.365200764818354,-73.89775280898877,0.7750155848500053,-7.014745308310992,"-7.01,-3.32,-3.40,-6.12",0,8,-9.651219512195121,0.4815560026827633,-25.0,-11525.0,-14131.5
ml,pred_hit99_hgb,0.6,0.6,0.75,80,1403,0.7590876692801141,68.23449750534569,-7.564148253741976,-10612.499999999993,5.655868544600946,-49.218934911242606,0.3620762202452517,-8.403133903133899,"-7.16,-6.59,-8.40,-8.11",0,8,-11.078313253012043,0.4803991446899501,-30.4999999999998,-11530.5,-12227.5
ml,pred_hit99_hgb,0.6,0.6,0.75,85,1403,0.7982893799002139,68.23449750534569,-6.879900213827512,-9652.5,10.116071428571429,-74.14310954063605,0.5399737876802096,-7.877142857142857,"-6.11,-6.41,-7.12,-7.88",0,8,-11.13855421686747,0.4803991446899501,-2.0,-11502.0,-12975.5
ml,pred_hit99_hgb,0.6,0.6,0.75,90,1403,0.7655024946543122,68.23449750534569,-5.839272986457588,-8192.499999999996,15.065176908752331,-74.080547112462,0.663862960303621,-6.305714285714284,"-6.20,-6.22,-4.64,-6.31",0,8,-10.054216867469876,0.4803991446899501,-9.999999999999986,-11510.0,-14535.5
ml,pred_hit99_hgb,0.6,0.6,0.75,95,1403,0.7362794012829651,68.23449750534569,-4.787954383464007,-6717.500000000002,20.051790900290417,-74.13783783783784,0.7551128285516386,-6.077142857142858,"-5.92,-3.47,-3.69,-6.08",1,8,-8.698795180722893,0.4803991446899501,-8.5,-11508.5,-12865.0
ml,pred_hit99_hgb,0.6,0.6,0.75,99,1403,0.7042052744119743,68.23449750534569,-5.018175338560228,-7040.5,24.059716599190285,-74.24457831325302,0.7714976550963114,-6.143874643874644,"-6.14,-4.11,-3.77,-6.05",0,8,-8.397959183673468,0.4803991446899501,-37.0,-11537.0,-13465.5
ml,pred_hit99_hgb,0.61,0.6,0.75,80,1343,0.7520476545048399,68.43931496649293,-8.044303797468348,-10803.499999999993,5.427722772277235,-48.9054054054054,0.3366184642780392,-8.65522388059701,"-7.68,-7.88,-7.96,-8.66",0,8,-11.343749999999995,0.4825018615040953,-15.9999999999999,-11516.0,-12024.5
ml,pred_hit99_hgb,0.61,0.6,0.75,85,1343,0.7959791511541325,68.43931496649293,-7.28108711839166,-9778.5,9.881665107577176,-74.24087591240875,0.519295054566906,-8.625373134328358,"-6.79,-7.19,-6.52,-8.63",0,8,-11.436507936507937,0.4825018615040953,-58.0,-11558.0,-12740.5
ml,pred_hit99_hgb,0.61,0.6,0.75,90,1343,0.7647058823529411,68.43931496649293,-6.115785554728218,-8213.499999999996,14.839824732229799,-74.22151898734177,0.6498038714078623,-7.354166666666665,"-7.35,-6.12,-4.07,-6.92",0,8,-10.865079365079362,0.4825018615040953,-5.5,-11505.5,-13404.0
ml,pred_hit99_hgb,0.61,0.6,0.75,95,1343,0.7349218168279971,68.43931496649293,-5.12174236783321,-6878.500000000001,19.823201621073963,-74.28089887640449,0.7398842837694751,-7.294642857142857,"-7.29,-3.68,-3.49,-6.03",0,8,-9.330687830687832,0.4825018615040953,-23.500000000000057,-11523.5,-12372.5
ml,pred_hit99_hgb,0.61,0.6,0.75,99,1343,0.7021593447505584,68.43931496649293,-5.42553983618764,-7286.5,23.827677624602334,-74.39,0.7551250168033338,-7.7023809523809526,"-7.70,-4.49,-3.40,-6.12",0,8,-9.722222222222221,0.4825018615040953,-8.0,-11508.0,-12845.0
ml,pred_hit99_hgb,0.62,0.6,0.75,80,1274,0.7543171114599686,68.67817896389326,-7.7370486656200885,-9856.999999999993,5.248178980228935,-47.605431309904155,0.3384785745444788,-8.286163522012574,"-7.53,-7.29,-7.84,-8.29",0,8,-11.594936708860754,0.47802197802197804,-22.99999999999988,-11523.0,-11804.5
ml,pred_hit99_hgb,0.62,0.6,0.75,85,1274,0.8021978021978022,68.67817896389326,-6.991365777080063,-8907.0,9.697651663405088,-74.67460317460318,0.5266765862472101,-7.8930817610062896,"-6.80,-6.74,-6.54,-7.89",0,8,-11.341772151898734,0.47802197802197804,-19.999999999999986,-11520.0,-12291.0
ml,pred_hit99_hgb,0.62,0.6,0.75,90,1274,0.7723704866562009,68.67817896389326,-5.664835164835162,-7216.999999999996,14.665650406504069,-74.64827586206897,0.6666204730229122,-7.032915360501565,"-7.03,-5.50,-4.16,-5.96",0,8,-10.392405063291136,0.47802197802197804,-33.5,-11533.5,-12816.5
ml,pred_hit99_hgb,0.62,0.6,0.75,95,1274,0.7425431711145997,68.67817896389326,-4.63657770800628,-5907.000000000001,19.636363636363637,-74.64329268292683,0.7587305477269942,-6.844827586206897,"-6.84,-3.09,-2.87,-5.74",1,8,-9.158227848101268,0.47802197802197804,-54.5,-11554.5,-13352.0
ml,pred_hit99_hgb,0.62,0.6,0.75,99,1274,0.7095761381475667,68.67817896389326,-4.930141287284145,-6281.0,23.64491150442478,-74.74594594594595,0.7728883424934915,-7.399686520376176,"-7.40,-3.75,-2.92,-5.65",0,8,-9.76086956521739,0.47802197802197804,-2.9999999999999716,-11503.0,-13724.0
ml,pred_hit99_hgb,0.63,0.6,0.75,80,1205,0.7535269709543568,68.89792531120332,-7.6136929460580856,-9174.499999999993,5.057268722466967,-46.351851851851855,0.3335633603312393,-8.815614617940195,"-7.25,-6.88,-7.51,-8.82",0,8,-11.722222222222216,0.47717842323651455,-24.999999999999943,-11525.0,-11699.0
ml,pred_hit99_hgb,0.63,0.6,0.75,85,1205,0.8066390041493776,68.89792531120332,-6.833609958506224,-8234.5,9.493827160493828,-74.94635193133047,0.5284466714387974,-8.649501661129568,"-6.39,-5.95,-6.35,-8.65",0,8,-12.004761904761905,0.47717842323651455,-53.5,-11553.5,-12490.0
ml,pred_hit99_hgb,0.63,0.6,0.75,90,1205,0.7775933609958506,68.89792531120332,-5.41452282157676,-6524.499999999996,14.469050160085382,-74.93283582089552,0.6751070610496964,-6.855481727574749,"-6.23,-5.11,-3.46,-6.86",0,8,-10.153594771241828,0.47717842323651455,-78.5,-11578.5,-14889.0
ml,pred_hit99_hgb,0.63,0.6,0.75,95,1205,0.7477178423236515,68.89792531120332,-4.364730290456432,-5259.500000000001,19.444506104328525,-74.93092105263158,0.7691075113042715,-6.556478405315616,"-6.18,-2.44,-2.28,-6.56",2,8,-8.977124183006538,0.47717842323651455,-23.5,-11523.5,-12748.5
ml,pred_hit99_hgb,0.63,0.6,0.75,99,1205,0.7128630705394191,68.89792531120332,-4.82448132780083,-5813.5,23.444121071012805,-75.00578034682081,0.7759902897657214,-6.8841059602649,"-6.88,-3.29,-2.47,-6.65",1,8,-8.773809523809524,0.47717842323651455,-28.5,-11528.5,-13073.5
ml,pred_hit99_hgb,0.64,0.6,0.75,80,1122,0.750445632798574,69.1229946524064,-7.60160427807486,-8528.999999999993,4.8681710213776785,-45.1,0.32459613557174577,-9.157142857142853,"-6.78,-8.25,-6.21,-9.16",0,8,-11.955782312925164,0.47950089126559714,-32.99999999999997,-11533.0,-11707.0
ml,pred_hit99_hgb,0.64,0.6,0.75,85,1122,0.8065953654188949,69.1229946524064,-7.062388591800357,-7924.0,9.28232044198895,-75.22811059907833,0.5145946277068211,-9.3,"-6.73,-7.02,-5.20,-9.30",0,8,-11.63,0.47950089126559714,-36.49999999999999,-11536.5,-12275.0
ml,pred_hit99_hgb,0.64,0.6,0.75,90,1122,0.7789661319073083,69.1229946524064,-5.51604278074866,-6188.999999999996,14.260869565217396,-75.21370967741936,0.6682035061384229,-7.371428571428568,"-6.54,-6.47,-1.68,-7.37",0,8,-10.663265306122446,0.47950089126559714,-6.5,-11506.5,-13257.5
ml,pred_hit99_hgb,0.64,0.6,0.75,95,1122,0.7513368983957219,69.1229946524064,-4.245989304812835,-4764.000000000001,19.216488730723608,-75.13799283154121,0.7727478713001169,-5.996428571428572,"-5.75,-3.94,-1.29,-6.00",2,8,-9.608843537414968,0.47950089126559714,-28.000000000000057,-11528.0,-12753.0
ml,pred_hit99_hgb,0.64,0.6,0.75,99,1122,0.7165775401069518,69.1229946524064,-4.681818181818182,-5253.0,23.218905472636816,-75.22327044025157,0.7804021571004557,-6.695729537366548,"-6.70,-4.77,-1.32,-5.92",2,8,-9.499999999999998,0.47950089126559714,-9.0,-11509.0,-13054.0
ml,pred_hit99_hgb,0.65,0.6,0.75,80,1059,0.7544853635505193,69.24457034938621,-7.076015108593007,-7493.4999999999945,4.800375469336678,-43.573076923076925,0.3385559184394038,-8.23863636363636,"-5.60,-8.18,-6.29,-8.24",0,8,-11.9055944055944,0.47780925401322,-42.99999999999997,-11543.0,-11717.0
ml,pred_hit99_hgb,0.65,0.6,0.75,85,1059,0.8139754485363551,69.24457034938621,-6.556657223796034,-6943.5,9.203016241299304,-75.51522842639594,0.5332571505394414,-8.257575757575758,"-5.39,-7.13,-5.46,-8.26",1,8,-11.451048951048952,0.47780925401322,-7.5,-11507.5,-12543.5
ml,pred_hit99_hgb,0.65,0.6,0.75,90,1059,0.7875354107648725,69.24457034938621,-4.866383380547684,-5153.499999999997,14.17625899280576,-75.45111111111112,0.6964333048626044,-6.382575757575756,"-4.99,-6.11,-1.99,-6.38",2,8,-10.786713286713283,0.47780925401322,-14.499999999999943,-11514.5,-14158.5
ml,pred_hit99_hgb,0.65,0.6,0.75,95,1059,0.7592067988668555,69.24457034938621,-3.619924457034939,-3833.5000000000005,19.1318407960199,-75.35490196078432,0.8004995966797638,-5.0946969696969715,"-3.94,-3.99,-1.46,-5.09",2,8,-9.80769230769231,0.47780925401322,-36.5,-11536.5,-12761.5
ml,pred_hit99_hgb,0.65,0.6,0.75,99,1059,0.724268177525968,69.24457034938621,-4.042020774315392,-4280.5,23.128422425032596,-75.41095890410959,0.8056085376930063,-5.15530303030303,"-4.65,-5.05,-1.31,-5.16",2,8,-9.779720279720278,0.47780925401322,-21.0,-11521.0,-13066.0
ml,pred_hit99_hgb,0.66,0.6,0.75,80,978,0.745398773006135,69.42535787321063,-7.377300613496929,-7214.999999999996,4.646776406035672,-42.58032128514056,0.31950011789672295,-9.997959183673466,"-5.27,-10.00,-5.41,-8.83",0,8,-13.141791044776115,0.47955010224948874,-17.499999999999943,-11517.5,-11691.5
ml,pred_hit99_hgb,0.66,0.6,0.75,85,978,0.810838445807771,69.42535787321063,-7.004089979550102,-6850.0,9.015762925598992,-75.67297297297297,0.5106968106003786,-9.30408163265306,"-5.37,-9.30,-4.46,-8.87",0,8,-12.35820895522388,0.47955010224948874,-43.0,-11543.0,-12281.5
ml,pred_hit99_hgb,0.66,0.6,0.75,90,978,0.7852760736196319,69.42535787321063,-5.250511247443761,-5134.999999999998,13.989583333333337,-75.61428571428571,0.6766169154228858,-8.283673469387754,"-4.90,-8.28,-0.98,-6.82",1,8,-11.947761194029848,0.47955010224948874,-0.9999999999999716,-11501.0,-13112.5
ml,pred_hit99_hgb,0.66,0.6,0.75,95,978,0.7597137014314929,69.42535787321063,-3.752556237218814,-3670.0000000000005,18.956258411843876,-75.55106382978724,0.7932918415049706,-5.368852459016394,"-3.68,-5.26,-0.69,-5.37",2,8,-9.78358208955224,0.47955010224948874,-27.499999999999986,-11527.5,-12752.5
ml,pred_hit99_hgb,0.66,0.6,0.75,99,978,0.7239263803680982,69.42535787321063,-4.2566462167689165,-4163.0,22.953389830508474,-75.60740740740741,0.7960713236014499,-7.108163265306122,"-4.28,-7.11,0.05,-5.68",2,8,-11.432203389830509,0.47955010224948874,-46.0,-11546.0,-13091.0
ml,pred_hit99_hgb,0.67,0.6,0.75,80,872,0.7362385321100917,69.65137614678899,-7.435779816513757,-6483.999999999996,4.456386292834898,-40.630434782608695,0.30615302300695607,-10.133027522935775,"-4.71,-10.13,-5.73,-9.17",0,8,-13.561403508771924,0.4701834862385321,-25.499999999999908,-11525.5,-11692.0
ml,pred_hit99_hgb,0.67,0.6,0.75,85,872,0.8119266055045872,69.65137614678899,-7.137614678899083,-6224.0,8.788135593220339,-75.89024390243902,0.4999196529005303,-9.330275229357799,"-4.94,-9.08,-5.20,-9.33",0,8,-12.596491228070175,0.4701834862385321,-43.5,-11543.5,-12187.0
ml,pred_hit99_hgb,0.67,0.6,0.75,90,872,0.7855504587155964,69.65137614678899,-5.4518348623853194,-4753.999999999998,13.756934306569349,-75.81550802139037,0.6646799506259922,-7.977064220183484,"-4.48,-7.98,-2.24,-7.11",1,8,-11.982456140350873,0.4701834862385321,-39.49999999999997,-11539.5,-13006.0
ml,pred_hit99_hgb,0.67,0.6,0.75,95,872,0.7591743119266054,69.65137614678899,-4.029816513761468,-3514.0,18.73262839879154,-75.78571428571429,0.7792020106817468,-5.500000000000001,"-3.13,-5.02,-2.47,-5.50",2,8,-10.052631578947368,0.4701834862385321,-3.0,-11503.0,-12464.5
ml,pred_hit99_hgb,0.67,0.6,0.75,99,872,0.7213302752293578,69.65137614678899,-4.739678899082569,-4133.0,22.733704292527822,-75.85390946502058,0.7757764817577648,-7.440366972477064,"-3.70,-7.44,-2.08,-5.74",2,8,-10.719298245614034,0.4701834862385321,-16.0,-11516.0,-12729.5
ml,pred_hit99_hgb,0.68,0.6,0.75,80,745,0.7194630872483222,69.8174496644295,-7.485234899328854,-5576.499999999996,4.38059701492538,-37.91626794258373,0.2962962962962968,-9.967741935483867,"-4.22,-9.97,-7.60,-8.18",0,8,-15.32417582417582,0.45234899328859063,-7.4999999999998295,-11507.5,-11852.5
ml,pred_hit99_hgb,0.68,0.6,0.75,85,745,0.8147651006711409,69.8174496644295,-7.062416107382551,-5261.5,8.62520593080725,-76.06521739130434,0.4987615509193103,-9.43010752688172,"-3.82,-9.43,-6.92,-8.10",1,8,-15.214285714285714,0.45234899328859063,-18.5,-11518.5,-12771.0
ml,pred_hit99_hgb,0.68,0.6,0.75,90,745,0.7879194630872484,69.8174496644295,-5.404697986577179,-4026.499999999998,13.593696763202729,-75.9873417721519,0.6646260203231719,-7.870967741935481,"-3.41,-7.87,-4.26,-6.08",2,8,-14.554945054945053,0.45234899328859063,-16.0,-11516.0,-13828.5
ml,pred_hit99_hgb,0.68,0.6,0.75,95,745,0.7597315436241611,69.8174496644295,-4.142953020134229,-3086.5000000000005,18.56713780918728,-75.95251396648045,0.7729763524695671,-4.827956989247312,"-2.43,-4.54,-4.83,-4.79",2,8,-12.137362637362637,0.45234899328859063,-2.0,-11502.0,-13197.0
ml,pred_hit99_hgb,0.68,0.6,0.75,99,745,0.7248322147651006,69.8174496644295,-4.559060402684564,-3396.5,22.566666666666666,-76.01219512195122,0.7820311246590727,-5.209677419354839,"-3.03,-5.21,-4.99,-5.02",2,8,-12.675824175824175,0.45234899328859063,-37.0,-11537.0,-12750.5
ml,pred_hit99_hgb,0.69,0.6,0.75,80,626,0.707667731629393,70.04632587859425,-7.025559105431304,-4397.999999999996,4.272009029345379,-34.37431693989071,0.30085048883236676,-9.073248407643307,"-3.28,-9.07,-7.35,-8.41",0,8,-13.720588235294112,0.4472843450479233,-43.49999999999999,-11543.5,-12567.0
ml,pred_hit99_hgb,0.69,0.6,0.75,85,626,0.8242811501597445,70.04632587859425,-6.482428115015974,-4058.0,8.437984496124031,-76.47272727272727,0.5175939134569663,-9.136942675159236,"-3.05,-9.14,-6.26,-7.48",1,8,-14.75,0.4472843450479233,-35.5,-11535.5,-13932.5
ml,pred_hit99_hgb,0.69,0.6,0.75,90,626,0.7955271565495208,70.04632587859425,-4.948881789137377,-3097.999999999998,13.393574297188758,-76.3125,0.6828419328419331,-7.417197452229298,"-3.34,-7.42,-3.83,-5.21",2,8,-13.720588235294114,0.4472843450479233,-9.0,-11509.0,-14816.0
ml,pred_hit99_hgb,0.69,0.6,0.75,95,626,0.7699680511182109,70.04632587859425,-3.399361022364218,-2128.0000000000005,18.365145228215766,-76.25,0.8061930783242258,-4.1369426751592355,"-1.72,-4.14,-4.02,-3.73",2,8,-11.588235294117647,0.4472843450479233,437.5,-11062.5,-15993.0
ml,pred_hit99_hgb,0.69,0.6,0.75,99,626,0.7364217252396166,70.04632587859425,-3.6405750798722045,-2279.0,22.34815618221258,-76.25151515151515,0.8188610261097643,-4.749999999999999,"-2.37,-3.58,-4.75,-3.88",3,8,-13.191176470588236,0.4472843450479233,-50.5,-11550.5,-13112.5
ml,pred_hit99_hgb,0.7,0.6,0.75,80,525,0.6952380952380952,70.34476190476191,-6.901904761904757,-3623.4999999999973,4.050684931506857,-31.8875,0.289788318306547,-10.530534351145034,"-3.61,-9.38,-4.12,-10.53",1,8,-14.928571428571422,0.4514285714285714,-26.0,-11526.0,-12327.0
ml,pred_hit99_hgb,0.7,0.6,0.75,85,525,0.8304761904761905,70.34476190476191,-6.2542857142857144,-3283.5,8.18348623853211,-76.98314606741573,0.5207618769612493,-9.69083969465649,"-3.57,-8.35,-3.43,-9.69",1,8,-17.071428571428573,0.4514285714285714,-24.0,-11524.0,-13483.0
ml,pred_hit99_hgb,0.7,0.6,0.75,90,525,0.7980952380952381,70.34476190476191,-5.016190476190473,-2633.499999999998,13.137231503579956,-76.77358490566037,0.6763946915704107,-7.858778625954195,"-4.74,-7.01,-0.45,-7.86",2,8,-16.71428571428571,0.4514285714285714,43.00000000000008,-11457.0,-14151.0
ml,pred_hit99_hgb,0.7,0.6,0.75,95,525,0.7771428571428571,70.34476190476191,-3.0161904761904776,-1583.5000000000007,18.127450980392158,-76.74786324786325,0.8236538782783006,-5.5305343511450396,"-2.92,-3.81,0.19,-5.53",3,8,-15.017857142857142,0.4514285714285714,1003.5,-10496.5,-14418.5
ml,pred_hit99_hgb,0.7,0.6,0.75,99,525,0.7409523809523809,70.34476190476191,-3.4904761904761905,-1832.5,22.119537275064268,-76.74264705882354,0.8244227268372137,-5.591603053435114,"-4.33,-2.96,-1.07,-5.59",3,8,-15.910714285714286,0.4514285714285714,754.5,-10745.5,-12430.5
ml,pred_hit99_hgb,0.71,0.6,0.75,80,443,0.6659142212189616,70.44018058690746,-7.775395033860041,-3444.499999999998,4.042372881355939,-31.33108108108108,0.2571705844295885,-11.918181818181814,"-4.41,-8.74,-6.07,-11.92",1,8,-13.736363636363631,0.43115124153498874,-45.49999999999997,-11545.5,-12098.0
ml,pred_hit99_hgb,0.71,0.6,0.75,85,443,0.8261851015801355,70.44018058690746,-6.714446952595937,-2974.5,8.040983606557377,-76.85064935064935,0.4973384030418251,-10.236363636363636,"-5.27,-7.48,-3.91,-10.24",2,8,-17.02173913043478,0.43115124153498874,0.0,-11500.0,-12991.5
ml,pred_hit99_hgb,0.71,0.6,0.75,90,443,0.801354401805869,70.44018058690746,-4.818284424379231,-2134.499999999999,12.99295774647888,-76.67045454545455,0.6836371720764787,-8.827272727272724,"-5.13,-4.15,-1.20,-8.83",2,8,-15.391304347826084,0.43115124153498874,622.0,-10878.0,-13416.0
ml,pred_hit99_hgb,0.71,0.6,0.75,95,443,0.7787810383747178,70.44018058690746,-2.9559819413092563,-1309.5000000000005,17.99855072463768,-76.72448979591837,0.8258412022875382,-5.963636363636365,"-3.73,-0.91,-1.25,-5.96",3,8,-13.978260869565217,0.43115124153498874,1380.0,-10120.0,-13458.0
ml,pred_hit99_hgb,0.71,0.6,0.75,99,443,0.7404063205417607,70.44018058690746,-3.639954853273138,-1612.5,21.975609756097562,-76.7,0.8171872342837707,-6.618181818181818,"-6.02,-0.34,-1.61,-6.62",3,8,-15.58695652173913,0.43115124153498874,863.0,-10637.0,-12287.0
ml,pred_hit99_hgb,0.72,0.6,0.75,80,355,0.6704225352112676,70.3661971830986,-7.908450704225347,-2807.499999999998,4.117647058823537,-32.37179487179487,0.25874587458745923,-10.590909090909086,"-5.30,-8.14,-7.63,-10.59",0,8,-13.8695652173913,0.4309859154929577,27.5,-11472.5,-12010.0
ml,pred_hit99_hgb,0.72,0.6,0.75,85,355,0.8309859154929577,70.3661971830986,-6.232394366197183,-2212.5,8.154237288135594,-76.96666666666667,0.5208964919878736,-9.397727272727273,"-5.63,-4.71,-5.22,-9.40",1,8,-11.804347826086957,0.4309859154929577,602.0,-10898.0,-12212.5
ml,pred_hit99_hgb,0.72,0.6,0.75,90,355,0.8084507042253521,70.3661971830986,-4.105633802816899,-1457.499999999999,13.08885017421603,-76.67647058823529,0.7204641350210972,-8.545454545454543,"-5.52,-1.40,-1.01,-8.55",2,8,-9.95652173913043,0.4309859154929577,1259.5,-10240.5,-12381.0
ml,pred_hit99_hgb,0.72,0.6,0.75,95,355,0.7859154929577464,70.3661971830986,-2.204225352112677,-782.5000000000002,18.10931899641577,-76.77631578947368,0.8658954584404456,-5.875,"-3.72,0.74,0.01,-5.88",3,8,-6.260869565217392,0.4309859154929577,2379.0,-9121.0,-12096.5
ml,pred_hit99_hgb,0.72,0.6,0.75,99,355,0.7492957746478873,70.3661971830986,-2.6859154929577467,-953.5,22.082706766917294,-76.71348314606742,0.8603441962651044,-7.420454545454546,"-6.23,1.84,1.02,-7.42",3,8,-13.5,0.4309859154929577,1797.5,-9702.5,-10632.5
ml,pred_hit99_hgb,0.73,0.6,0.75,80,268,0.6828358208955224,70.36940298507463,-8.511194029850742,-2280.999999999999,4.073770491803286,-35.60588235294118,0.24632413679167398,-11.47014925373134,"-5.84,-11.47,-7.05,-9.68",0,8,-14.799999999999994,0.4216417910447761,650.0,-10850.0,-11245.5
ml,pred_hit99_hgb,0.73,0.6,0.75,85,268,0.8208955223880597,70.36940298507463,-7.093283582089552,-1901.0,8.213636363636363,-77.25,0.4873247033441208,-9.305970149253731,"-6.51,-8.56,-3.99,-9.31",0,8,-10.8,0.4216417910447761,1003.5,-10496.5,-11389.0
ml,pred_hit99_hgb,0.73,0.6,0.75,90,268,0.7985074626865671,70.36940298507463,-5.0037313432835795,-1340.9999999999993,13.149532710280377,-76.94444444444444,0.6772563176895309,-9.38059701492537,"-5.10,-5.80,0.26,-9.38",2,8,-11.299999999999995,0.4216417910447761,1569.0,-9931.0,-11349.5
ml,pred_hit99_hgb,0.73,0.6,0.75,95,268,0.7798507462686567,70.36940298507463,-2.78358208955224,-746.0000000000002,18.16507177033493,-76.99152542372882,0.8357732526141992,-5.649253731343284,"-2.56,-4.60,1.68,-5.65",2,8,-12.3,0.4216417910447761,2812.0,-8688.0,-10523.0
ml,pred_hit99_hgb,0.73,0.6,0.75,99,268,0.7425373134328358,70.36940298507463,-3.3582089552238807,-900.0,22.14321608040201,-76.90579710144928,0.8303966833129182,-5.619402985074626,"-5.37,-4.46,2.01,-5.62",1,8,-13.0625,0.4216417910447761,2366.5,-9133.5,-9815.5
ml,pred_hit99_hgb,0.74,0.6,0.75,80,205,0.6829268292682927,70.53170731707318,-7.1780487804878,-1471.499999999999,4.014285714285721,-31.284615384615385,0.27637078927956776,-9.382352941176466,"-2.96,-9.38,-7.13,-9.32",1,8,-15.699999999999998,0.4,1572.0,-9928.0,-10291.5
ml,pred_hit99_hgb,0.74,0.6,0.75,85,205,0.8341463414634146,70.53170731707318,-6.1292682926829265,-1256.5,8.108187134502923,-77.73529411764706,0.5245932652289066,-10.107843137254902,"-4.88,-5.07,-4.48,-10.11",3,8,-11.7,0.4,1994.0,-9506.0,-10289.0
ml,pred_hit99_hgb,0.74,0.6,0.75,90,205,0.8146341463414634,70.53170731707318,-3.71463414634146,-761.4999999999993,13.074850299401204,-77.5,0.7414261460101871,-11.48039215686274,"-0.65,-2.52,-0.26,-11.48",3,8,-11.33333333333333,0.4,3514.5,-7985.5,-9520.0
ml,pred_hit99_hgb,0.74,0.6,0.75,95,205,0.8,70.53170731707318,-1.0317073170731714,-211.50000000000014,18.097560975609756,-77.54878048780488,0.9334801069350527,-7.852941176470588,"1.75,-0.17,2.09,-7.85",3,8,-7.583333333333336,0.4,6629.5,-4870.5,-11501.5
ml,pred_hit99_hgb,0.74,0.6,0.75,99,205,0.7560975609756098,70.53170731707318,-2.1780487804878046,-446.49999999999994,22.05483870967742,-77.3,0.8844760672703752,-8.833333333333334,"-0.65,-0.75,1.50,-8.83",2,8,-9.25,0.4,4495.0,-7005.0,-7919.5
ml,pred_hit99_hgb,0.75,0.6,0.75,80,146,0.6917808219178082,70.7054794520548,-5.972602739726022,-871.9999999999992,3.727722772277235,-27.744444444444444,0.3015618742490995,-7.972222222222218,"-3.55,-4.77,-7.69,-7.97",2,8,-11.214285714285708,0.4178082191780822,3300.0,-8200.0,-8279.5
ml,pred_hit99_hgb,0.75,0.6,0.75,85,146,0.8356164383561644,70.7054794520548,-6.178082191780822,-902.0,7.877049180327869,-77.625,0.5158346752549651,-10.75,"-8.15,-2.47,-3.39,-10.75",2,8,-12.076923076923077,0.4178082191780822,3105.5,-8394.5,-8629.0
ml,pred_hit99_hgb,0.75,0.6,0.75,90,146,0.8082191780821918,70.7054794520548,-4.465753424657531,-651.9999999999995,12.822033898305087,-77.32142857142857,0.6988452655889147,-11.861111111111107,"-4.09,-0.45,-1.58,-11.86",4,8,-15.499999999999998,0.4178082191780822,4189.5,-7310.5,-7726.0
ml,pred_hit99_hgb,0.75,0.6,0.75,95,146,0.7876712328767124,70.7054794520548,-2.3767123287671237,-347.00000000000006,17.847826086956523,-77.40322580645162,0.855386538862263,-8.25,"-2.61,1.31,-0.06,-8.25",3,8,-11.92857142857143,0.4178082191780822,5950.5,-5549.5,-8820.0
ml,pred_hit99_hgb,0.75,0.6,0.75,99,146,0.7534246575342466,70.7054794520548,-2.6164383561643834,-382.0,21.89090909090909,-77.5,0.8630824372759857,-8.11111111111111,"-2.15,-0.69,0.42,-8.11",1,8,-13.125,0.4178082191780822,5448.5,-6051.5,-7690.0
ml,pred_focus_hit99_logit,0.52,0.4,0.6,80,702,0.6723646723646723,55.08974358974359,-7.772079772079772,-5456.0,18.37923728813559,-61.43913043478261,0.6138985209822376,-12.556818181818182,"-10.66,-12.56,-2.07,-5.76",0,8,-17.906779661016948,0.45014245014245013,-55.99999999999998,-11556.0,-12601.5
ml,pred_focus_hit99_logit,0.52,0.4,0.6,85,702,0.6296296296296297,55.08974358974359,-8.04985754985755,-5651.000000000001,23.400452488687783,-61.51538461538462,0.6466800050018757,-13.755681818181818,"-13.76,-12.41,0.19,-6.16",0,8,-16.635593220338986,0.45014245014245013,-43.00000000000006,-11543.0,-12637.5
ml,pred_focus_hit99_logit,0.52,0.4,0.6,90,702,0.5968660968660968,55.08974358974359,-7.8575498575498575,-5516.0,28.399761336515514,-61.53886925795053,0.683270649708593,-13.636363636363637,"-13.50,-13.64,1.24,-5.47",1,8,-17.059322033898304,0.45014245014245013,-57.0,-11557.0,-13243.0
ml,pred_focus_hit99_logit,0.52,0.4,0.6,95,702,0.5598290598290598,55.08974358974359,-8.398860398860402,-5896.000000000002,33.36259541984733,-61.51294498381877,0.6898066552676575,-14.068181818181824,"-14.07,-13.15,-0.70,-5.61",0,8,-17.82203389830509,0.45014245014245013,-19.500000000000007,-11519.5,-13735.0
ml,pred_focus_hit99_logit,0.52,0.4,0.6,99,702,0.5398860398860399,55.08974358974359,-8.13960113960114,-5714.0,37.33905013192612,-61.5030959752322,0.7123656590571594,-13.193181818181818,"-13.19,-12.26,-2.10,-4.96",0,8,-15.991525423728815,0.45014245014245013,-7.000000000000014,-11507.0,-14224.5
ml,pred_focus_hit99_logit,0.53,0.4,0.6,80,657,0.6727549467275494,55.11415525114156,-7.763318112633181,-5100.5,18.350678733031675,-61.448837209302326,0.6139348295045982,-11.798780487804878,"-10.20,-11.80,-3.08,-5.96",0,8,-16.394736842105264,0.4490106544901065,-4.5,-11504.5,-12550.0
ml,pred_focus_hit99_logit,0.53,0.4,0.6,85,657,0.6331811263318112,55.11415525114156,-7.770928462709287,-5105.500000000002,23.35576923076923,-61.5,0.6555341901966738,-13.172727272727276,"-13.17,-11.31,-0.46,-6.11",0,8,-15.455555555555557,0.4490106544901065,-35.5,-11535.5,-12630.0
ml,pred_focus_hit99_logit,0.53,0.4,0.6,90,657,0.5981735159817352,55.11415525114156,-7.763318112633181,-5100.5,28.352417302798983,-61.52651515151515,0.685987810133596,-13.05151515151515,"-13.05,-12.77,-0.15,-5.04",1,8,-16.733333333333334,0.4490106544901065,-51.5,-11551.5,-13237.5
ml,pred_focus_hit99_logit,0.53,0.4,0.6,95,657,0.5616438356164384,55.11415525114156,-8.250380517503809,-5420.500000000002,33.294037940379404,-61.479166666666664,0.6938608381339659,-13.809090909090914,"-13.81,-12.41,-1.37,-5.38",1,8,-16.307017543859654,0.4490106544901065,-18.0,-11518.0,-13733.5
ml,pred_focus_hit99_logit,0.53,0.4,0.6,99,657,0.5403348554033486,55.11415525114156,-8.119482496194825,-5334.5,37.26619718309859,-61.47019867549669,0.7126427494074553,-12.996969696969696,"-13.00,-11.57,-3.06,-4.82",1,8,-15.533333333333335,0.4490106544901065,-28.0,-11528.0,-14245.5
ml,pred_focus_hit99_logit,0.54,0.4,0.6,80,604,0.6771523178807947,55.180463576158935,-7.475165562913907,-4515.0,18.28484107579462,-61.50512820512821,0.623546087464043,-12.910596026490067,"-9.24,-12.91,-2.70,-5.05",0,8,-18.26,0.4370860927152318,-8.0,-11508.0,-12553.5
ml,pred_focus_hit99_logit,0.54,0.4,0.6,85,604,0.6357615894039735,55.180463576158935,-7.615894039735102,-4600.000000000002,23.2890625,-61.55909090909091,0.6603411356420291,-12.67880794701987,"-12.16,-12.68,-0.18,-5.45",1,8,-17.260000000000005,0.4370860927152318,-31.500000000000036,-11531.5,-12626.0
ml,pred_focus_hit99_logit,0.54,0.4,0.6,90,604,0.6043046357615894,55.180463576158935,-7.276490066225166,-4395.0,28.283561643835615,-61.5836820083682,0.7013962020586337,-13.97019867549669,"-11.63,-13.97,0.41,-3.92",1,8,-18.26,0.4370860927152318,-4.500000000000007,-11504.5,-13190.5
ml,pred_focus_hit99_logit,0.54,0.4,0.6,95,604,0.5662251655629139,55.180463576158935,-7.880794701986758,-4760.000000000002,33.22222222222222,-61.534351145038165,0.7047512715543978,-13.83774834437086,"-12.62,-13.84,-0.58,-4.49",1,8,-19.660000000000004,0.4370860927152318,-9.500000000000036,-11509.5,-13725.0
ml,pred_focus_hit99_logit,0.54,0.4,0.6,99,604,0.543046357615894,55.180463576158935,-7.917218543046357,-4782.0,37.1890243902439,-61.52173913043478,0.718374558303887,-13.135761589403973,"-11.86,-13.14,-1.31,-5.35",1,8,-17.900000000000002,0.4370860927152318,-14.000000000000007,-11514.0,-14231.5
ml,pred_focus_hit99_logit,0.55,0.4,0.6,80,549,0.663023679417122,55.21675774134791,-8.638433515482696,-4742.5,18.23076923076923,-61.505405405405405,0.5832051676407259,-13.813868613138686,"-11.28,-13.81,-3.10,-6.34",0,8,-18.7,0.43897996357012753,-4.5,-11504.5,-12290.5
ml,pred_focus_hit99_logit,0.55,0.4,0.6,85,549,0.6174863387978142,55.21675774134791,-9.203096539162114,-5052.500000000001,23.231563421828906,-61.56190476190476,0.6091816212871286,-14.905797101449275,"-14.91,-13.92,-0.73,-7.22",0,8,-18.18421052631579,0.43897996357012753,-31.000000000000007,-11531.0,-12625.5
ml,pred_focus_hit99_logit,0.55,0.4,0.6,90,549,0.5883424408014571,55.21675774134791,-8.747723132969035,-4802.5,28.208978328173373,-61.56637168141593,0.6548440419721144,-15.054744525547445,"-14.11,-15.05,-0.47,-5.32",0,8,-19.366666666666667,0.43897996357012753,-43.50000000000001,-11543.5,-13229.5
ml,pred_focus_hit99_logit,0.55,0.4,0.6,95,549,0.5500910746812386,55.21675774134791,-9.448998178506377,-5187.500000000001,33.13245033112583,-61.512145748987855,0.6585710994833317,-15.237226277372264,"-14.91,-15.24,-1.97,-5.65",0,8,-21.25555555555556,0.43897996357012753,-13.0,-11513.0,-13728.5
ml,pred_focus_hit99_logit,0.55,0.4,0.6,99,549,0.5264116575591985,55.21675774134791,-9.600182149362476,-5270.5,37.0916955017301,-61.5,0.6703877423389618,-14.369565217391306,"-14.37,-14.00,-3.82,-6.17",0,8,-19.56666666666667,0.43897996357012753,-35.5,-11535.5,-14253.0
ml,pred_focus_hit99_logit,0.56,0.4,0.6,80,499,0.6693386773547094,55.22645290581163,-8.17935871743487,-4081.5,18.143712574850298,-61.46363636363636,0.5975447419020855,-12.38,"-11.77,-12.38,-3.52,-5.02",0,8,-20.371794871794872,0.4408817635270541,-23.5,-11523.5,-12097.5
ml,pred_focus_hit99_logit,0.56,0.4,0.6,85,499,0.625250501002004,55.22645290581163,-8.580160320641284,-4281.500000000001,23.125,-61.47860962566845,0.6275823076588527,-15.452,"-15.45,-11.34,-1.24,-6.27",0,8,-19.98717948717949,0.4408817635270541,-43.500000000000014,-11543.5,-12638.0
ml,pred_focus_hit99_logit,0.56,0.4,0.6,90,499,0.5951903807615231,55.22645290581163,-8.159318637274549,-4071.5,28.10942760942761,-61.48514851485149,0.672181964573269,-14.892,"-14.89,-12.70,-0.56,-4.46",1,8,-22.166666666666668,0.4408817635270541,-7.0,-11507.0,-13193.0
ml,pred_focus_hit99_logit,0.56,0.4,0.6,95,499,0.5571142284569138,55.22645290581163,-8.800601202404813,-4391.500000000002,33.04676258992806,-61.44117647058823,0.6765843060720993,-15.332000000000003,"-15.33,-13.02,-1.72,-5.10",0,8,-24.85897435897436,0.4408817635270541,-57.50000000000002,-11557.5,-13773.0
ml,pred_focus_hit99_logit,0.56,0.4,0.6,99,499,0.5350701402805611,55.22645290581163,-8.754509018036073,-4368.5,37.04307116104869,-61.46120689655172,0.6936320920120626,-14.964,"-14.96,-11.76,-3.15,-5.11",0,8,-23.320512820512825,0.4408817635270541,-7.500000000000007,-11507.5,-14225.0
ml,pred_focus_hit99_logit,0.57,0.4,0.6,80,441,0.673469387755102,55.265306122448976,-7.887755102040816,-3478.5,18.069023569023567,-61.423611111111114,0.6067269643866592,-13.6,"-11.22,-13.60,-2.90,-3.80",0,8,-17.757142857142856,0.42403628117913833,-40.50000000000001,-11540.5,-12114.5
ml,pred_focus_hit99_logit,0.57,0.4,0.6,85,441,0.6349206349206349,55.265306122448976,-7.797052154195013,-3438.500000000001,23.02857142857142,-61.40683229813665,0.6522024983563444,-14.95945945945946,"-14.96,-12.92,-0.76,-2.48",1,8,-17.878787878787882,0.42403628117913833,-19.5,-11519.5,-12614.0
ml,pred_focus_hit99_logit,0.57,0.4,0.6,90,441,0.6077097505668935,55.265306122448976,-7.071428571428571,-3118.5,27.996268656716417,-61.395953757225435,0.7063974014969637,-14.963636363636363,"-13.83,-14.96,1.19,-0.62",1,8,-19.393939393939394,0.42403628117913833,-44.0,-11544.0,-13230.0
ml,pred_focus_hit99_logit,0.57,0.4,0.6,95,441,0.5714285714285714,55.265306122448976,-7.479591836734697,-3298.5000000000014,32.92857142857143,-61.357142857142854,0.7155607295304618,-16.690909090909095,"-12.89,-16.69,-0.49,0.20",1,8,-20.471428571428575,0.42403628117913833,-53.0,-11553.0,-13768.5
ml,pred_focus_hit99_logit,0.57,0.4,0.6,99,441,0.5510204081632653,55.265306122448976,-7.214285714285715,-3181.5000000000005,36.940329218106996,-61.4040404040404,0.7383204474420135,-14.8,"-12.62,-14.80,-1.51,0.12",0,8,-18.75714285714286,0.42403628117913833,-49.0,-11549.0,-14266.5
ml,pred_focus_hit99_logit,0.58,0.4,0.6,80,367,0.6811989100817438,55.26158038147139,-7.26566757493188,-2666.5,17.988,-61.22649572649573,0.6277657569623787,-14.51086956521739,"-9.45,-14.51,-1.17,-3.90",1,8,-17.846153846153847,0.4196185286103542,-5.0,-11505.0,-12079.0
ml,pred_focus_hit99_logit,0.58,0.4,0.6,85,367,0.6376021798365122,55.26158038147139,-7.56539509536785,-2776.500000000001,22.944444444444443,-61.244360902255636,0.6591369467804309,-14.500000000000002,"-14.50,-14.35,0.78,-2.14",1,8,-18.423076923076927,0.4196185286103542,-2.5,-11502.5,-12597.0
ml,pred_focus_hit99_logit,0.58,0.4,0.6,90,367,0.6130790190735694,55.26158038147139,-6.584468664850136,-2416.5,27.90888888888889,-61.23943661971831,0.7221136154553818,-15.48913043478261,"-13.68,-15.49,2.52,0.39",1,8,-19.596774193548388,0.4196185286103542,-1.0,-11501.0,-13187.0
ml,pred_focus_hit99_logit,0.58,0.4,0.6,95,367,0.5831062670299727,55.26158038147139,-6.366485013623983,-2336.500000000002,32.90654205607476,-61.29738562091503,0.75086634323186,-15.000000000000005,"-12.05,-15.00,0.95,0.72",2,8,-17.258064516129036,0.4196185286103542,-3.0000000000000497,-11503.0,-13718.5
ml,pred_focus_hit99_logit,0.58,0.4,0.6,99,367,0.5613079019073569,55.26158038147139,-6.192098092643053,-2272.5000000000005,36.907766990291265,-61.338509316770185,0.7698850691104248,-14.119565217391305,"-11.04,-14.12,-0.71,1.18",1,8,-18.580645161290327,0.4196185286103542,-14.500000000000014,-11514.5,-14232.0
ml,pred_focus_hit99_logit,0.59,0.4,0.6,80,311,0.6655948553054662,55.263665594855304,-8.516077170418006,-2648.5,18.016908212560388,-61.32692307692308,0.584744433991847,-16.512820512820515,"-10.31,-16.51,0.45,-7.68",1,8,-16.108695652173914,0.43729903536977494,-25.999999999999993,-11526.0,-13207.5
ml,pred_focus_hit99_logit,0.59,0.4,0.6,85,311,0.6270096463022508,55.263665594855304,-8.467845659163988,-2633.5000000000005,22.997435897435896,-61.36206896551724,0.6300224782242203,-16.96153846153846,"-13.64,-16.96,2.18,-5.41",1,8,-19.91818181818182,0.43729903536977494,-21.000000000000007,-11521.0,-13663.0
ml,pred_focus_hit99_logit,0.59,0.4,0.6,90,311,0.6012861736334405,55.263665594855304,-7.647909967845659,-2378.5,27.93850267379679,-61.314516129032256,0.6871629619886886,-18.94871794871795,"-13.13,-18.95,4.81,-3.27",2,8,-22.37272727272727,0.43729903536977494,-49.50000000000001,-11549.5,-14165.0
ml,pred_focus_hit99_logit,0.59,0.4,0.6,95,311,0.572347266881029,55.263665594855304,-7.390675241157558,-2298.5000000000005,32.90449438202247,-61.31954887218045,0.7181656550793942,-17.794871794871796,"-11.65,-17.79,3.65,-3.72",2,8,-20.190909090909095,0.43729903536977494,-44.0,-11544.0,-14678.5
ml,pred_focus_hit99_logit,0.59,0.4,0.6,99,311,0.5530546623794212,55.263665594855304,-7.011254019292605,-2180.5,36.906976744186046,-61.356115107913666,0.7443278419417249,-17.21794871794872,"-10.82,-17.22,2.62,-2.56",2,8,-22.04545454545455,0.43729903536977494,-7.105427357601002e-15,-11500.0,-14998.5
ml,pred_focus_hit99_logit,0.6,0.4,0.6,80,260,0.6846153846153846,55.32692307692307,-7.0576923076923075,-1835.0,18.01123595505618,-61.47560975609756,0.6359849236262646,-17.453846153846154,"-7.58,-17.45,-1.73,-1.47",2,8,-17.4,0.41923076923076924,480.0,-11020.0,-12701.5
ml,pred_focus_hit99_logit,0.6,0.4,0.6,85,260,0.6423076923076924,55.32692307692307,-7.230769230769233,-1880.0000000000005,22.98502994011976,-61.48924731182796,0.6712424586867185,-17.3,"-12.04,-17.30,-0.58,0.99",2,8,-18.900000000000006,0.41923076923076924,401.5,-11098.5,-13376.5
ml,pred_focus_hit99_logit,0.6,0.4,0.6,90,260,0.6192307692307693,55.32692307692307,-6.096153846153846,-1585.0,27.940993788819874,-61.44949494949495,0.7394591928988247,-17.453846153846154,"-11.88,-17.45,1.65,3.30",3,8,-20.9,0.41923076923076924,748.5,-10751.5,-13784.5
ml,pred_focus_hit99_logit,0.6,0.4,0.6,95,260,0.5884615384615385,55.32692307692307,-5.923076923076927,-1540.000000000001,32.885620915032675,-61.41588785046729,0.7656547211443353,-14.992307692307694,"-10.58,-14.99,-2.12,3.99",3,8,-18.650000000000006,0.41923076923076924,728.5,-10771.5,-14240.0
ml,pred_focus_hit99_logit,0.6,0.4,0.6,99,260,0.5692307692307692,55.32692307692307,-5.473076923076924,-1423.0000000000002,36.87837837837838,-61.4375,0.7931986629850313,-14.546153846153846,"-9.95,-14.55,-1.12,3.72",2,8,-19.08823529411765,0.41923076923076924,794.5,-10705.5,-14583.0
ml,pred_focus_hit99_logit,0.61,0.4,0.6,80,218,0.6788990825688074,55.238532110091754,-7.426605504587156,-1619.0,18.10810810810811,-61.41428571428571,0.6234007908816004,-16.60909090909091,"-4.94,-16.61,-7.26,-0.78",2,8,-18.730769230769234,0.42660550458715596,725.5,-10774.5,-12696.5
ml,pred_focus_hit99_logit,0.61,0.4,0.6,85,218,0.6330275229357798,55.238532110091754,-7.931192660550461,-1729.0000000000005,23.057971014492754,-61.3875,0.6479332111586235,-16.881818181818183,"-9.12,-16.88,-5.41,-0.13",2,8,-19.000000000000004,0.42660550458715596,530.0,-10970.0,-13206.0
ml,pred_focus_hit99_logit,0.61,0.4,0.6,90,218,0.6055045871559633,55.238532110091754,-7.243119266055046,-1579.0,28.007575757575758,-61.348837209302324,0.7007202426080363,-17.51818181818182,"-9.30,-17.52,-3.74,1.81",2,8,-21.5,0.42660550458715596,661.5,-10838.5,-13623.0
ml,pred_focus_hit99_logit,0.61,0.4,0.6,95,218,0.573394495412844,55.238532110091754,-7.266055045871564,-1584.000000000001,32.956,-61.32795698924731,0.7222757955641272,-15.063636363636364,"-8.12,-15.06,-5.78,0.06",1,8,-19.277777777777782,0.42660550458715596,649.5,-10850.5,-14186.0
ml,pred_focus_hit99_logit,0.61,0.4,0.6,99,218,0.5504587155963303,55.238532110091754,-7.2431192660550465,-1579.0000000000002,36.95,-61.357142857142854,0.7374022950274406,-14.9,"-7.66,-14.90,-5.24,-1.02",2,8,-19.521276595744684,0.42660550458715596,655.0,-10845.0,-14521.5
ml,pred_focus_hit99_logit,0.62,0.4,0.6,80,187,0.6684491978609626,55.25668449197861,-8.280748663101605,-1548.5,18.108,-61.483870967741936,0.5937827911857293,-20.585106382978722,"-3.97,-20.59,-7.82,-0.59",1,8,-21.7,0.40106951871657753,788.0,-10712.0,-12452.5
ml,pred_focus_hit99_logit,0.62,0.4,0.6,85,187,0.6203208556149733,55.25668449197861,-9.029411764705886,-1688.5000000000007,23.086206896551722,-61.5,0.6133058513683728,-27.074468085106382,"-2.16,-27.07,-6.22,-0.48",1,8,-24.187500000000004,0.40106951871657753,598.0,-10902.0,-13123.0
ml,pred_focus_hit99_logit,0.62,0.4,0.6,90,187,0.5882352941176471,55.25668449197861,-8.815508021390375,-1648.5,28.027272727272727,-61.44805194805195,0.651590404734228,-28.882978723404257,"-2.48,-28.88,-4.84,1.15",1,8,-27.625,0.40106951871657753,611.5,-10888.5,-13628.0
ml,pred_focus_hit99_logit,0.62,0.4,0.6,95,187,0.5668449197860963,55.25668449197861,-7.906417112299469,-1478.5000000000007,32.98113207547169,-61.41358024691358,0.7027841994170267,-27.074468085106382,"-1.20,-27.07,-3.67,0.50",2,8,-25.750000000000004,0.40106951871657753,809.0,-10691.0,-13984.5
ml,pred_focus_hit99_logit,0.62,0.4,0.6,99,187,0.5454545454545454,55.25668449197861,-7.756684491978611,-1450.5000000000002,36.96078431372549,-61.417647058823526,0.7221530504740925,-27.73404255319149,"-0.76,-27.73,-1.20,-1.20",3,8,-24.250000000000004,0.40106951871657753,739.5,-10760.5,-14867.5
ml,pred_focus_hit99_logit,0.63,0.4,0.6,80,161,0.6583850931677019,55.2111801242236,-9.040372670807454,-1455.5,18.21698113207547,-61.57272727272727,0.570205226635169,-14.025,"-7.21,-14.03,-13.57,-1.40",1,8,-24.1,0.391304347826087,849.0,-10651.0,-12446.0
ml,pred_focus_hit99_logit,0.63,0.4,0.6,85,161,0.6086956521739131,55.2111801242236,-9.972049689440999,-1605.5000000000007,23.163265306122447,-61.51587301587302,0.5857308734356858,-21.65,"-5.87,-21.65,-12.70,0.22",1,8,-27.433333333333337,0.391304347826087,745.0,-10755.0,-13035.5
ml,pred_focus_hit99_logit,0.63,0.4,0.6,90,161,0.5714285714285714,55.2111801242236,-10.282608695652174,-1655.5,28.097826086956523,-61.45652173913044,0.6095979247730221,-28.275,"-2.57,-28.27,-12.07,1.60",2,8,-31.433333333333334,0.391304347826087,661.0,-10839.0,-13608.0
ml,pred_focus_hit99_logit,0.63,0.4,0.6,95,161,0.5527950310559007,55.2111801242236,-9.195652173913048,-1480.5000000000007,33.03932584269663,-61.40277777777778,0.6651210133453969,-26.4,"-1.60,-26.40,-11.70,2.72",2,8,-29.76666666666667,0.391304347826087,857.0,-10643.0,-13994.5
ml,pred_focus_hit99_logit,0.63,0.4,0.6,99,161,0.5279503105590062,55.2111801242236,-9.44409937888199,-1520.5000000000005,37.01764705882353,-61.4078947368421,0.6742018427255196,-29.85,"0.94,-29.85,-9.60,0.47",2,8,-28.433333333333334,0.391304347826087,684.5,-10815.5,-14409.0
ml,pred_focus_hit99_logit,0.64,0.4,0.6,80,133,0.6390977443609023,55.15789473684212,-10.530075187969924,-1400.5,18.17058823529412,-61.354166666666664,0.5244482173174873,-18.196969696969695,"-3.09,-15.71,-18.20,-5.35",1,8,-28.3,0.39097744360902253,935.0,-10565.0,-12246.5
ml,pred_focus_hit99_logit,0.64,0.4,0.6,85,133,0.5864661654135338,55.15789473684212,-11.808270676691732,-1570.5000000000005,23.128205128205124,-61.35454545454545,0.5345977181804711,-23.136363636363637,"-1.91,-23.14,-20.62,-1.86",1,8,-29.26923076923077,0.39097744360902253,723.5,-10776.5,-13021.5
ml,pred_focus_hit99_logit,0.64,0.4,0.6,90,133,0.5488721804511278,55.15789473684212,-12.259398496240602,-1630.5,28.102739726027398,-61.36666666666667,0.5571700162954916,-26.318181818181817,"1.62,-26.32,-23.65,-1.11",1,8,-34.26923076923077,0.39097744360902253,623.0,-10877.0,-13590.5
ml,pred_focus_hit99_logit,0.64,0.4,0.6,95,133,0.5263157894736842,55.15789473684212,-11.657894736842108,-1550.5000000000005,33.028571428571425,-61.30952380952381,0.5985760517799351,-24.40909090909091,"2.35,-24.35,-24.41,-0.65",1,8,-32.73076923076923,0.39097744360902253,739.0,-10761.0,-13991.0
ml,pred_focus_hit99_logit,0.64,0.4,0.6,99,133,0.5037593984962406,55.15789473684212,-11.785714285714286,-1567.5,37.007462686567166,-61.31818181818182,0.6126760563380281,-25.772727272727273,"5.06,-25.77,-22.83,-4.11",2,8,-31.5,0.39097744360902253,669.0,-10831.0,-14365.5
ml,pred_focus_hit99_logit,0.65,0.4,0.6,80,109,0.6238532110091743,55.1467889908257,-11.738532110091743,-1279.5,18.147058823529413,-61.30487804878049,0.49094887606922616,-23.24074074074074,"-4.86,-11.17,-23.24,-7.94",1,8,-28.7,0.43119266055045874,1064.0,-10436.0,-11759.5
ml,pred_focus_hit99_logit,0.65,0.4,0.6,85,109,0.5688073394495413,55.1467889908257,-13.298165137614681,-1449.5000000000002,23.04838709677419,-61.244680851063826,0.49643911759597004,-23.98148148148148,"-4.32,-20.61,-23.98,-4.61",1,8,-28.1,0.43119266055045874,832.5,-10667.5,-12356.0
ml,pred_focus_hit99_logit,0.65,0.4,0.6,90,109,0.5321100917431193,55.1467889908257,-13.756880733944953,-1499.5,28.06896551724138,-61.3235294117647,0.5205435651478817,-28.425925925925927,"-0.93,-21.54,-28.43,-4.61",1,8,-35.1,0.43119266055045874,822.0,-10678.0,-12765.0
ml,pred_focus_hit99_logit,0.65,0.4,0.6,95,109,0.5137614678899083,55.1467889908257,-12.839449541284408,-1399.5000000000005,33.03571428571428,-61.31132075471698,0.5693183566702569,-30.09259259259259,"-0.93,-19.31,-30.09,-1.46",1,8,-33.6,0.43119266055045874,847.0,-10653.0,-13124.0
ml,pred_focus_hit99_logit,0.65,0.4,0.6,99,109,0.48623853211009177,55.1467889908257,-13.509174311926605,-1472.5,37.009433962264154,-61.32142857142857,0.5711997670355271,-28.75925925925926,"1.64,-21.20,-28.76,-6.28",1,8,-32.4,0.43119266055045874,791.0,-10709.0,-13405.5
ml,pred_focus_hit99_logit,0.66,0.4,0.6,80,88,0.6022727272727273,55.352272727272734,-13.670454545454545,-1203.0,17.971698113207548,-61.58571428571429,0.441892832289492,-22.136363636363637,"-11.45,-10.55,-22.14,-10.55",1,8,-22.1,0.4318181818181818,1350.5,-10149.5,-11477.0
ml,pred_focus_hit99_logit,0.66,0.4,0.6,85,88,0.5340909090909091,55.352272727272734,-16.454545454545453,-1448.0,22.81914893617021,-61.47560975609756,0.4255108113469549,-23.5,"-12.14,-22.82,-23.50,-7.36",1,8,-28.1,0.4318181818181818,907.0,-10593.0,-12262.0
ml,pred_focus_hit99_logit,0.66,0.4,0.6,90,88,0.5,55.352272727272734,-16.852272727272727,-1483.0,27.954545454545453,-61.65909090909091,0.4533726502027276,-25.318181818181817,"-9.18,-24.64,-25.32,-8.27",1,8,-35.1,0.4318181818181818,793.0,-10707.0,-12769.5
ml,pred_focus_hit99_logit,0.66,0.4,0.6,95,88,0.4772727272727273,55.352272727272734,-16.51136363636364,-1453.0000000000005,32.9047619047619,-61.630434782608695,0.48747795414462075,-23.272727272727273,"-10.55,-22.59,-23.27,-9.64",1,8,-33.6,0.4318181818181818,797.0,-10703.0,-13130.5
ml,pred_focus_hit99_logit,0.66,0.4,0.6,99,88,0.4431818181818182,55.352272727272734,-17.977272727272727,-1582.0,36.85897435897436,-61.62244897959184,0.4760721973836728,-25.454545454545453,"-8.36,-25.45,-21.64,-16.45",0,8,-32.4,0.4318181818181818,785.5,-10714.5,-13340.5
ml,pred_focus_hit99_logit,0.67,0.4,0.6,80,79,0.620253164556962,55.354430379746844,-12.234177215189874,-966.5,18.112244897959183,-61.8,0.47869471413160736,-22.25,"-10.40,-9.70,-22.25,-6.29",1,8,-57.5,0.4050632911392405,1841.5,-9658.5,-11136.5
ml,pred_focus_hit99_logit,0.67,0.4,0.6,85,79,0.5443037974683544,55.354430379746844,-15.58860759493671,-1231.5,22.96511627906976,-61.638888888888886,0.44502027940513733,-24.0,"-11.40,-23.45,-24.00,-2.87",2,8,-57.5,0.4050632911392405,1277.0,-10223.0,-12023.5
ml,pred_focus_hit99_logit,0.67,0.4,0.6,90,79,0.5063291139240507,55.354430379746844,-16.28481012658228,-1286.5,28.125,-61.833333333333336,0.4665146174580137,-26.25,"-8.40,-25.70,-26.25,-4.18",1,8,-57.5,0.4050632911392405,1240.5,-10259.5,-12451.0
ml,pred_focus_hit99_logit,0.67,0.4,0.6,95,79,0.4810126582278481,55.354430379746844,-16.158227848101266,-1276.5,33.07894736842104,-61.792682926829265,0.4961515689757251,-24.25,"-10.15,-23.70,-24.25,-6.03",2,8,-57.5,0.4050632911392405,1106.5,-10393.5,-12865.5
ml,pred_focus_hit99_logit,0.67,0.4,0.6,99,79,0.4430379746835443,55.354430379746844,-17.99367088607595,-1421.5,37.042857142857144,-61.77272727272727,0.4770051508462104,-27.05,"-7.95,-27.05,-22.65,-14.13",0,8,-57.5,0.4050632911392405,897.0,-10603.0,-13213.5
ml,pred_focus_hit99_logit,0.68,0.4,0.6,80,70,0.6428571428571429,55.614285714285714,-10.685714285714285,-748.0,17.92222222222222,-62.18,0.5188163396590544,-25.323529411764707,"-9.61,-8.06,-25.32,0.03",1,7,-17.61111111111111,0.4142857142857143,2830.5,-8669.5,-9919.0
ml,pred_focus_hit99_logit,0.68,0.4,0.6,85,70,0.5571428571428572,55.614285714285714,-14.757142857142858,-1033.0,22.730769230769226,-61.91935483870968,0.46183902057827547,-32.970588235294116,"-11.00,-18.89,-32.97,3.85",3,7,-27.772727272727273,0.4142857142857143,1574.5,-9925.5,-11157.0
ml,pred_focus_hit99_logit,0.68,0.4,0.6,90,70,0.5142857142857142,55.614285714285714,-15.82857142857143,-1108.0,27.88888888888889,-62.11764705882353,0.4753787878787879,-36.5,"-7.94,-21.39,-36.50,2.38",2,7,-32.05555555555556,0.4142857142857143,1438.0,-10062.0,-11558.5
ml,pred_focus_hit99_logit,0.68,0.4,0.6,95,70,0.4857142857142857,55.614285714285714,-15.971428571428575,-1118.0000000000002,32.823529411764696,-62.05555555555556,0.49955237242614126,-35.029411764705884,"-10.17,-19.17,-35.03,0.32",2,7,-30.38888888888889,0.4142857142857143,1413.0,-10087.0,-11816.0
ml,pred_focus_hit99_logit,0.68,0.4,0.6,99,70,0.44285714285714284,55.614285714285714,-18.271428571428572,-1279.0,36.75806451612903,-62.01282051282051,0.4711598097994625,-33.85294117647059,"-7.94,-22.89,-33.85,-8.74",0,7,-31.045454545454547,0.4142857142857143,968.5,-10531.5,-12076.5
ml,pred_focus_hit99_logit,0.69,0.4,0.6,80,61,0.6557377049180327,55.59016393442624,-9.631147540983607,-587.5,17.925,-62.11904761904762,0.5496358758144884,-26.033333333333335,"-13.19,-2.63,-26.03,3.57",3,7,-17.61111111111111,0.4098360655737705,3584.0,-7916.0,-9285.5
ml,pred_focus_hit99_logit,0.69,0.4,0.6,85,61,0.5573770491803278,55.59016393442624,-14.713114754098363,-897.5000000000001,22.70588235294117,-61.833333333333336,0.46241389637616037,-35.03333333333333,"-15.38,-15.97,-35.03,7.57",3,7,-26.868421052631582,0.4098360655737705,2059.0,-9441.0,-10822.5
ml,pred_focus_hit99_logit,0.69,0.4,0.6,90,61,0.5081967213114754,55.59016393442624,-16.352459016393443,-997.5,27.887096774193548,-62.06666666666667,0.4642857142857143,-39.36666666666667,"-12.56,-19.30,-39.37,5.57",2,7,-32.05555555555556,0.4098360655737705,1639.5,-9860.5,-11357.0
ml,pred_focus_hit99_logit,0.69,0.4,0.6,95,61,0.47540983606557374,55.59016393442624,-16.92622950819672,-1032.5,32.8103448275862,-62.0,0.47958669354838696,-38.03333333333333,"-15.69,-16.97,-38.03,2.90",2,7,-30.38888888888889,0.4098360655737705,1517.5,-9982.5,-11744.0
ml,pred_focus_hit99_logit,0.69,0.4,0.6,99,61,0.4262295081967213,55.59016393442624,-19.89344262295082,-1213.5,36.73076923076923,-61.957142857142856,0.4403965875028822,-36.96666666666667,"-13.69,-21.70,-36.97,-7.63",0,7,-31.394736842105264,0.4098360655737705,1199.5,-10300.5,-11885.0
ml,pred_focus_hit99_logit,0.7,0.4,0.6,80,52,0.6730769230769231,55.61538461538461,-8.26923076923077,-430.0,17.9,-62.14705882352941,0.5929957406530999,-14.884615384615385,"-7.73,-5.81,-14.88,-4.65",2,6,-14.45,0.4423076923076923,4743.0,-6757.0,-8202.5
ml,pred_focus_hit99_logit,0.7,0.4,0.6,85,52,0.5769230769230769,55.61538461538461,-13.076923076923077,-680.0,22.59999999999999,-61.72727272727273,0.499263622974963,-21.96153846153846,"-10.81,-21.96,-18.35,-1.19",2,6,-20.500000000000004,0.4423076923076923,2944.5,-8555.5,-10012.5
ml,pred_focus_hit99_logit,0.7,0.4,0.6,90,52,0.5384615384615384,55.61538461538461,-13.653846153846153,-710.0,27.714285714285715,-61.916666666666664,0.522207267833109,-26.576923076923077,"-7.73,-26.58,-22.58,2.27",2,6,-23.625,0.4423076923076923,2814.5,-8685.5,-10452.5
ml,pred_focus_hit99_logit,0.7,0.4,0.6,95,52,0.5,55.61538461538461,-14.615384615384617,-760.0000000000001,32.615384615384606,-61.84615384615385,0.5273631840796018,-24.653846153846153,"-11.96,-24.65,-20.27,-1.58",2,6,-28.500000000000004,0.4423076923076923,2460.5,-9039.5,-10942.0
ml,pred_focus_hit99_logit,0.7,0.4,0.6,99,52,0.4423076923076923,55.61538461538461,-18.326923076923077,-953.0,36.5,-61.810344827586206,0.46834030683403066,-30.73076923076923,"-9.81,-30.73,-18.42,-14.35",0,6,-57.5,0.4423076923076923,1851.5,-9648.5,-11154.0
ml,pred_focus_hit99_logit,0.71,0.4,0.6,80,42,0.6666666666666666,55.761904761904766,-8.928571428571429,-375.0,17.678571428571427,-62.142857142857146,0.5689655172413793,-12.318181818181818,"-12.32,-10.77,-8.40,-3.70",2,6,-20.264705882352942,0.4523809523809524,5442.0,-6058.0,-7657.5
ml,pred_focus_hit99_logit,0.71,0.4,0.6,85,42,0.6190476190476191,55.761904761904766,-9.642857142857146,-405.0000000000001,22.384615384615376,-61.6875,0.5896656534954405,-23.045454545454547,"-9.14,-23.05,-4.90,-0.20",2,6,-17.617647058823536,0.4523809523809524,4916.0,-6584.0,-8485.0
ml,pred_focus_hit99_logit,0.71,0.4,0.6,90,42,0.5714285714285714,55.761904761904766,-10.833333333333334,-455.0,27.5,-61.94444444444444,0.5919282511210763,-28.954545454545453,"-5.95,-28.95,-10.40,3.30",2,6,-24.7,0.4523809523809524,4500.5,-6999.5,-9152.0
ml,pred_focus_hit99_logit,0.71,0.4,0.6,95,42,0.5238095238095238,55.761904761904766,-12.500000000000005,-525.0000000000002,32.36363636363636,-61.85,0.5755860953920775,-27.136363636363637,"-11.41,-27.14,-7.40,-2.70",2,6,-28.500000000000004,0.4523809523809524,3855.0,-7645.0,-9794.0
ml,pred_focus_hit99_logit,0.71,0.4,0.6,99,42,0.4523809523809524,55.761904761904766,-17.476190476190474,-734.0,36.18421052631579,-61.80434782608695,0.4836440379880408,-34.68181818181818,"-9.23,-34.68,-5.00,-20.10",1,6,-57.5,0.4523809523809524,2708.0,-8792.0,-10297.5
ml,pred_focus_hit99_logit,0.72,0.4,0.6,80,36,0.6111111111111112,55.77777777777777,-13.38888888888889,-482.0,17.636363636363637,-62.142857142857146,0.4459770114942529,-18.27777777777778,"-18.28,-18.17,-10.83,-6.28",2,6,-32.166666666666664,0.4722222222222222,4481.5,-7018.5,-8142.5
ml,pred_focus_hit99_logit,0.72,0.4,0.6,85,36,0.5555555555555556,55.77777777777777,-15.055555555555555,-542.0,22.249999999999993,-61.6875,0.4508611955420465,-24.833333333333336,"-15.50,-24.83,-16.94,-2.94",2,6,-30.5,0.4722222222222222,3991.5,-7508.5,-8789.0
ml,pred_focus_hit99_logit,0.72,0.4,0.6,90,36,0.5277777777777778,55.77777777777777,-14.777777777777779,-532.0,27.342105263157894,-61.85294117647059,0.4940561103185925,-32.611111111111114,"-12.72,-32.61,-14.17,0.39",2,6,-28.833333333333332,0.4722222222222222,3989.0,-7511.0,-9046.5
ml,pred_focus_hit99_logit,0.72,0.4,0.6,95,36,0.4722222222222222,55.77777777777777,-17.416666666666668,-627.0,32.147058823529406,-61.76315789473684,0.46570089475926707,-30.944444444444443,"-20.50,-30.94,-11.39,-6.83",2,6,-60.0,0.4722222222222222,3388.0,-8112.0,-9595.0
ml,pred_focus_hit99_logit,0.72,0.4,0.6,99,36,0.3888888888888889,55.77777777777777,-23.77777777777778,-856.0,35.857142857142854,-61.72727272727273,0.3696612665684831,-40.611111111111114,"-18.72,-40.61,-9.17,-26.61",1,6,-60.0,0.4722222222222222,2209.5,-9290.5,-10120.0
ml,pred_focus_hit99_logit,0.73,0.4,0.6,80,33,0.6060606060606061,55.87878787878788,-13.893939393939394,-458.5,17.7,-62.5,0.4356923076923077,-23.5,"-18.28,-13.25,-23.50,0.00",2,6,-32.166666666666664,0.42424242424242425,4906.5,-6593.5,-7798.5
ml,pred_focus_hit99_logit,0.73,0.4,0.6,85,33,0.5757575757575758,55.87878787878788,-13.439393939393943,-443.5000000000001,22.394736842105257,-62.07142857142857,0.48964326812428066,-21.0,"-15.50,-20.75,-21.00,3.75",2,6,-30.5,0.42424242424242425,4772.0,-6728.0,-8155.5
ml,pred_focus_hit99_logit,0.73,0.4,0.6,90,33,0.5454545454545454,55.87878787878788,-13.287878787878787,-438.5,27.5,-62.233333333333334,0.5302624531333691,-29.5,"-12.72,-29.50,-18.50,7.50",2,6,-28.833333333333332,0.42424242424242425,4772.0,-6728.0,-8412.0
ml,pred_focus_hit99_logit,0.73,0.4,0.6,95,33,0.48484848484848486,55.87878787878788,-16.318181818181817,-538.5,32.31249999999999,-62.088235294117645,0.4898152534343912,-27.625,"-20.50,-27.62,-16.00,-0.63",2,6,-60.0,0.42424242424242425,4041.5,-7458.5,-9081.5
ml,pred_focus_hit99_logit,0.73,0.4,0.6,99,33,0.3939393939393939,55.87878787878788,-23.37878787878788,-771.5,36.03846153846154,-62.0,0.3778225806451613,-38.5,"-18.72,-38.50,-14.00,-22.88",1,6,-60.0,0.42424242424242425,2693.0,-8807.0,-9636.5
ml,pred_focus_hit99_logit,0.52,0.45,0.6,80,702,0.6723646723646723,55.08974358974359,-7.772079772079772,-5456.0,18.37923728813559,-61.43913043478261,0.6138985209822376,-12.556818181818182,"-10.66,-12.56,-2.07,-5.76",0,8,-17.906779661016948,0.45014245014245013,-55.99999999999998,-11556.0,-12601.5
ml,pred_focus_hit99_logit,0.52,0.45,0.6,85,702,0.6296296296296297,55.08974358974359,-8.04985754985755,-5651.000000000001,23.400452488687783,-61.51538461538462,0.6466800050018757,-13.755681818181818,"-13.76,-12.41,0.19,-6.16",0,8,-16.635593220338986,0.45014245014245013,-43.00000000000006,-11543.0,-12637.5
ml,pred_focus_hit99_logit,0.52,0.45,0.6,90,702,0.5968660968660968,55.08974358974359,-7.8575498575498575,-5516.0,28.399761336515514,-61.53886925795053,0.683270649708593,-13.636363636363637,"-13.50,-13.64,1.24,-5.47",1,8,-17.059322033898304,0.45014245014245013,-57.0,-11557.0,-13243.0
ml,pred_focus_hit99_logit,0.52,0.45,0.6,95,702,0.5598290598290598,55.08974358974359,-8.398860398860402,-5896.000000000002,33.36259541984733,-61.51294498381877,0.6898066552676575,-14.068181818181824,"-14.07,-13.15,-0.70,-5.61",0,8,-17.82203389830509,0.45014245014245013,-19.500000000000007,-11519.5,-13735.0
ml,pred_focus_hit99_logit,0.52,0.45,0.6,99,702,0.5398860398860399,55.08974358974359,-8.13960113960114,-5714.0,37.33905013192612,-61.5030959752322,0.7123656590571594,-13.193181818181818,"-13.19,-12.26,-2.10,-4.96",0,8,-15.991525423728815,0.45014245014245013,-7.000000000000014,-11507.0,-14224.5
ml,pred_focus_hit99_logit,0.53,0.45,0.6,80,657,0.6727549467275494,55.11415525114156,-7.763318112633181,-5100.5,18.350678733031675,-61.448837209302326,0.6139348295045982,-11.798780487804878,"-10.20,-11.80,-3.08,-5.96",0,8,-16.394736842105264,0.4490106544901065,-4.5,-11504.5,-12550.0
ml,pred_focus_hit99_logit,0.53,0.45,0.6,85,657,0.6331811263318112,55.11415525114156,-7.770928462709287,-5105.500000000002,23.35576923076923,-61.5,0.6555341901966738,-13.172727272727276,"-13.17,-11.31,-0.46,-6.11",0,8,-15.455555555555557,0.4490106544901065,-35.5,-11535.5,-12630.0
ml,pred_focus_hit99_logit,0.53,0.45,0.6,90,657,0.5981735159817352,55.11415525114156,-7.763318112633181,-5100.5,28.352417302798983,-61.52651515151515,0.685987810133596,-13.05151515151515,"-13.05,-12.77,-0.15,-5.04",1,8,-16.733333333333334,0.4490106544901065,-51.5,-11551.5,-13237.5
ml,pred_focus_hit99_logit,0.53,0.45,0.6,95,657,0.5616438356164384,55.11415525114156,-8.250380517503809,-5420.500000000002,33.294037940379404,-61.479166666666664,0.6938608381339659,-13.809090909090914,"-13.81,-12.41,-1.37,-5.38",1,8,-16.307017543859654,0.4490106544901065,-18.0,-11518.0,-13733.5
ml,pred_focus_hit99_logit,0.53,0.45,0.6,99,657,0.5403348554033486,55.11415525114156,-8.119482496194825,-5334.5,37.26619718309859,-61.47019867549669,0.7126427494074553,-12.996969696969696,"-13.00,-11.57,-3.06,-4.82",1,8,-15.533333333333335,0.4490106544901065,-28.0,-11528.0,-14245.5
ml,pred_focus_hit99_logit,0.54,0.45,0.6,80,604,0.6771523178807947,55.180463576158935,-7.475165562913907,-4515.0,18.28484107579462,-61.50512820512821,0.623546087464043,-12.910596026490067,"-9.24,-12.91,-2.70,-5.05",0,8,-18.26,0.4370860927152318,-8.0,-11508.0,-12553.5
ml,pred_focus_hit99_logit,0.54,0.45,0.6,85,604,0.6357615894039735,55.180463576158935,-7.615894039735102,-4600.000000000002,23.2890625,-61.55909090909091,0.6603411356420291,-12.67880794701987,"-12.16,-12.68,-0.18,-5.45",1,8,-17.260000000000005,0.4370860927152318,-31.500000000000036,-11531.5,-12626.0
ml,pred_focus_hit99_logit,0.54,0.45,0.6,90,604,0.6043046357615894,55.180463576158935,-7.276490066225166,-4395.0,28.283561643835615,-61.5836820083682,0.7013962020586337,-13.97019867549669,"-11.63,-13.97,0.41,-3.92",1,8,-18.26,0.4370860927152318,-4.500000000000007,-11504.5,-13190.5
ml,pred_focus_hit99_logit,0.54,0.45,0.6,95,604,0.5662251655629139,55.180463576158935,-7.880794701986758,-4760.000000000002,33.22222222222222,-61.534351145038165,0.7047512715543978,-13.83774834437086,"-12.62,-13.84,-0.58,-4.49",1,8,-19.660000000000004,0.4370860927152318,-9.500000000000036,-11509.5,-13725.0
ml,pred_focus_hit99_logit,0.54,0.45,0.6,99,604,0.543046357615894,55.180463576158935,-7.917218543046357,-4782.0,37.1890243902439,-61.52173913043478,0.718374558303887,-13.135761589403973,"-11.86,-13.14,-1.31,-5.35",1,8,-17.900000000000002,0.4370860927152318,-14.000000000000007,-11514.0,-14231.5
ml,pred_focus_hit99_logit,0.55,0.45,0.6,80,549,0.663023679417122,55.21675774134791,-8.638433515482696,-4742.5,18.23076923076923,-61.505405405405405,0.5832051676407259,-13.813868613138686,"-11.28,-13.81,-3.10,-6.34",0,8,-18.7,0.43897996357012753,-4.5,-11504.5,-12290.5
ml,pred_focus_hit99_logit,0.55,0.45,0.6,85,549,0.6174863387978142,55.21675774134791,-9.203096539162114,-5052.500000000001,23.231563421828906,-61.56190476190476,0.6091816212871286,-14.905797101449275,"-14.91,-13.92,-0.73,-7.22",0,8,-18.18421052631579,0.43897996357012753,-31.000000000000007,-11531.0,-12625.5
ml,pred_focus_hit99_logit,0.55,0.45,0.6,90,549,0.5883424408014571,55.21675774134791,-8.747723132969035,-4802.5,28.208978328173373,-61.56637168141593,0.6548440419721144,-15.054744525547445,"-14.11,-15.05,-0.47,-5.32",0,8,-19.366666666666667,0.43897996357012753,-43.50000000000001,-11543.5,-13229.5
ml,pred_focus_hit99_logit,0.55,0.45,0.6,95,549,0.5500910746812386,55.21675774134791,-9.448998178506377,-5187.500000000001,33.13245033112583,-61.512145748987855,0.6585710994833317,-15.237226277372264,"-14.91,-15.24,-1.97,-5.65",0,8,-21.25555555555556,0.43897996357012753,-13.0,-11513.0,-13728.5
ml,pred_focus_hit99_logit,0.55,0.45,0.6,99,549,0.5264116575591985,55.21675774134791,-9.600182149362476,-5270.5,37.0916955017301,-61.5,0.6703877423389618,-14.369565217391306,"-14.37,-14.00,-3.82,-6.17",0,8,-19.56666666666667,0.43897996357012753,-35.5,-11535.5,-14253.0
ml,pred_focus_hit99_logit,0.56,0.45,0.6,80,499,0.6693386773547094,55.22645290581163,-8.17935871743487,-4081.5,18.143712574850298,-61.46363636363636,0.5975447419020855,-12.38,"-11.77,-12.38,-3.52,-5.02",0,8,-20.371794871794872,0.4408817635270541,-23.5,-11523.5,-12097.5
ml,pred_focus_hit99_logit,0.56,0.45,0.6,85,499,0.625250501002004,55.22645290581163,-8.580160320641284,-4281.500000000001,23.125,-61.47860962566845,0.6275823076588527,-15.452,"-15.45,-11.34,-1.24,-6.27",0,8,-19.98717948717949,0.4408817635270541,-43.500000000000014,-11543.5,-12638.0
ml,pred_focus_hit99_logit,0.56,0.45,0.6,90,499,0.5951903807615231,55.22645290581163,-8.159318637274549,-4071.5,28.10942760942761,-61.48514851485149,0.672181964573269,-14.892,"-14.89,-12.70,-0.56,-4.46",1,8,-22.166666666666668,0.4408817635270541,-7.0,-11507.0,-13193.0
ml,pred_focus_hit99_logit,0.56,0.45,0.6,95,499,0.5571142284569138,55.22645290581163,-8.800601202404813,-4391.500000000002,33.04676258992806,-61.44117647058823,0.6765843060720993,-15.332000000000003,"-15.33,-13.02,-1.72,-5.10",0,8,-24.85897435897436,0.4408817635270541,-57.50000000000002,-11557.5,-13773.0
ml,pred_focus_hit99_logit,0.56,0.45,0.6,99,499,0.5350701402805611,55.22645290581163,-8.754509018036073,-4368.5,37.04307116104869,-61.46120689655172,0.6936320920120626,-14.964,"-14.96,-11.76,-3.15,-5.11",0,8,-23.320512820512825,0.4408817635270541,-7.500000000000007,-11507.5,-14225.0
ml,pred_focus_hit99_logit,0.57,0.45,0.6,80,441,0.673469387755102,55.265306122448976,-7.887755102040816,-3478.5,18.069023569023567,-61.423611111111114,0.6067269643866592,-13.6,"-11.22,-13.60,-2.90,-3.80",0,8,-17.757142857142856,0.42403628117913833,-40.50000000000001,-11540.5,-12114.5
ml,pred_focus_hit99_logit,0.57,0.45,0.6,85,441,0.6349206349206349,55.265306122448976,-7.797052154195013,-3438.500000000001,23.02857142857142,-61.40683229813665,0.6522024983563444,-14.95945945945946,"-14.96,-12.92,-0.76,-2.48",1,8,-17.878787878787882,0.42403628117913833,-19.5,-11519.5,-12614.0
ml,pred_focus_hit99_logit,0.57,0.45,0.6,90,441,0.6077097505668935,55.265306122448976,-7.071428571428571,-3118.5,27.996268656716417,-61.395953757225435,0.7063974014969637,-14.963636363636363,"-13.83,-14.96,1.19,-0.62",1,8,-19.393939393939394,0.42403628117913833,-44.0,-11544.0,-13230.0
ml,pred_focus_hit99_logit,0.57,0.45,0.6,95,441,0.5714285714285714,55.265306122448976,-7.479591836734697,-3298.5000000000014,32.92857142857143,-61.357142857142854,0.7155607295304618,-16.690909090909095,"-12.89,-16.69,-0.49,0.20",1,8,-20.471428571428575,0.42403628117913833,-53.0,-11553.0,-13768.5
ml,pred_focus_hit99_logit,0.57,0.45,0.6,99,441,0.5510204081632653,55.265306122448976,-7.214285714285715,-3181.5000000000005,36.940329218106996,-61.4040404040404,0.7383204474420135,-14.8,"-12.62,-14.80,-1.51,0.12",0,8,-18.75714285714286,0.42403628117913833,-49.0,-11549.0,-14266.5
ml,pred_focus_hit99_logit,0.58,0.45,0.6,80,367,0.6811989100817438,55.26158038147139,-7.26566757493188,-2666.5,17.988,-61.22649572649573,0.6277657569623787,-14.51086956521739,"-9.45,-14.51,-1.17,-3.90",1,8,-17.846153846153847,0.4196185286103542,-5.0,-11505.0,-12079.0
ml,pred_focus_hit99_logit,0.58,0.45,0.6,85,367,0.6376021798365122,55.26158038147139,-7.56539509536785,-2776.500000000001,22.944444444444443,-61.244360902255636,0.6591369467804309,-14.500000000000002,"-14.50,-14.35,0.78,-2.14",1,8,-18.423076923076927,0.4196185286103542,-2.5,-11502.5,-12597.0
ml,pred_focus_hit99_logit,0.58,0.45,0.6,90,367,0.6130790190735694,55.26158038147139,-6.584468664850136,-2416.5,27.90888888888889,-61.23943661971831,0.7221136154553818,-15.48913043478261,"-13.68,-15.49,2.52,0.39",1,8,-19.596774193548388,0.4196185286103542,-1.0,-11501.0,-13187.0
ml,pred_focus_hit99_logit,0.58,0.45,0.6,95,367,0.5831062670299727,55.26158038147139,-6.366485013623983,-2336.500000000002,32.90654205607476,-61.29738562091503,0.75086634323186,-15.000000000000005,"-12.05,-15.00,0.95,0.72",2,8,-17.258064516129036,0.4196185286103542,-3.0000000000000497,-11503.0,-13718.5
ml,pred_focus_hit99_logit,0.58,0.45,0.6,99,367,0.5613079019073569,55.26158038147139,-6.192098092643053,-2272.5000000000005,36.907766990291265,-61.338509316770185,0.7698850691104248,-14.119565217391305,"-11.04,-14.12,-0.71,1.18",1,8,-18.580645161290327,0.4196185286103542,-14.500000000000014,-11514.5,-14232.0
ml,pred_focus_hit99_logit,0.59,0.45,0.6,80,311,0.6655948553054662,55.263665594855304,-8.516077170418006,-2648.5,18.016908212560388,-61.32692307692308,0.584744433991847,-16.512820512820515,"-10.31,-16.51,0.45,-7.68",1,8,-16.108695652173914,0.43729903536977494,-25.999999999999993,-11526.0,-13207.5
ml,pred_focus_hit99_logit,0.59,0.45,0.6,85,311,0.6270096463022508,55.263665594855304,-8.467845659163988,-2633.5000000000005,22.997435897435896,-61.36206896551724,0.6300224782242203,-16.96153846153846,"-13.64,-16.96,2.18,-5.41",1,8,-19.91818181818182,0.43729903536977494,-21.000000000000007,-11521.0,-13663.0
ml,pred_focus_hit99_logit,0.59,0.45,0.6,90,311,0.6012861736334405,55.263665594855304,-7.647909967845659,-2378.5,27.93850267379679,-61.314516129032256,0.6871629619886886,-18.94871794871795,"-13.13,-18.95,4.81,-3.27",2,8,-22.37272727272727,0.43729903536977494,-49.50000000000001,-11549.5,-14165.0
ml,pred_focus_hit99_logit,0.59,0.45,0.6,95,311,0.572347266881029,55.263665594855304,-7.390675241157558,-2298.5000000000005,32.90449438202247,-61.31954887218045,0.7181656550793942,-17.794871794871796,"-11.65,-17.79,3.65,-3.72",2,8,-20.190909090909095,0.43729903536977494,-44.0,-11544.0,-14678.5
ml,pred_focus_hit99_logit,0.59,0.45,0.6,99,311,0.5530546623794212,55.263665594855304,-7.011254019292605,-2180.5,36.906976744186046,-61.356115107913666,0.7443278419417249,-17.21794871794872,"-10.82,-17.22,2.62,-2.56",2,8,-22.04545454545455,0.43729903536977494,-7.105427357601002e-15,-11500.0,-14998.5
ml,pred_focus_hit99_logit,0.6,0.45,0.6,80,260,0.6846153846153846,55.32692307692307,-7.0576923076923075,-1835.0,18.01123595505618,-61.47560975609756,0.6359849236262646,-17.453846153846154,"-7.58,-17.45,-1.73,-1.47",2,8,-17.4,0.41923076923076924,480.0,-11020.0,-12701.5
ml,pred_focus_hit99_logit,0.6,0.45,0.6,85,260,0.6423076923076924,55.32692307692307,-7.230769230769233,-1880.0000000000005,22.98502994011976,-61.48924731182796,0.6712424586867185,-17.3,"-12.04,-17.30,-0.58,0.99",2,8,-18.900000000000006,0.41923076923076924,401.5,-11098.5,-13376.5
ml,pred_focus_hit99_logit,0.6,0.45,0.6,90,260,0.6192307692307693,55.32692307692307,-6.096153846153846,-1585.0,27.940993788819874,-61.44949494949495,0.7394591928988247,-17.453846153846154,"-11.88,-17.45,1.65,3.30",3,8,-20.9,0.41923076923076924,748.5,-10751.5,-13784.5
ml,pred_focus_hit99_logit,0.6,0.45,0.6,95,260,0.5884615384615385,55.32692307692307,-5.923076923076927,-1540.000000000001,32.885620915032675,-61.41588785046729,0.7656547211443353,-14.992307692307694,"-10.58,-14.99,-2.12,3.99",3,8,-18.650000000000006,0.41923076923076924,728.5,-10771.5,-14240.0
ml,pred_focus_hit99_logit,0.6,0.45,0.6,99,260,0.5692307692307692,55.32692307692307,-5.473076923076924,-1423.0000000000002,36.87837837837838,-61.4375,0.7931986629850313,-14.546153846153846,"-9.95,-14.55,-1.12,3.72",2,8,-19.08823529411765,0.41923076923076924,794.5,-10705.5,-14583.0
ml,pred_focus_hit99_logit,0.61,0.45,0.6,80,218,0.6788990825688074,55.238532110091754,-7.426605504587156,-1619.0,18.10810810810811,-61.41428571428571,0.6234007908816004,-16.60909090909091,"-4.94,-16.61,-7.26,-0.78",2,8,-18.730769230769234,0.42660550458715596,725.5,-10774.5,-12696.5
ml,pred_focus_hit99_logit,0.61,0.45,0.6,85,218,0.6330275229357798,55.238532110091754,-7.931192660550461,-1729.0000000000005,23.057971014492754,-61.3875,0.6479332111586235,-16.881818181818183,"-9.12,-16.88,-5.41,-0.13",2,8,-19.000000000000004,0.42660550458715596,530.0,-10970.0,-13206.0
ml,pred_focus_hit99_logit,0.61,0.45,0.6,90,218,0.6055045871559633,55.238532110091754,-7.243119266055046,-1579.0,28.007575757575758,-61.348837209302324,0.7007202426080363,-17.51818181818182,"-9.30,-17.52,-3.74,1.81",2,8,-21.5,0.42660550458715596,661.5,-10838.5,-13623.0
ml,pred_focus_hit99_logit,0.61,0.45,0.6,95,218,0.573394495412844,55.238532110091754,-7.266055045871564,-1584.000000000001,32.956,-61.32795698924731,0.7222757955641272,-15.063636363636364,"-8.12,-15.06,-5.78,0.06",1,8,-19.277777777777782,0.42660550458715596,649.5,-10850.5,-14186.0
ml,pred_focus_hit99_logit,0.61,0.45,0.6,99,218,0.5504587155963303,55.238532110091754,-7.2431192660550465,-1579.0000000000002,36.95,-61.357142857142854,0.7374022950274406,-14.9,"-7.66,-14.90,-5.24,-1.02",2,8,-19.521276595744684,0.42660550458715596,655.0,-10845.0,-14521.5
ml,pred_focus_hit99_logit,0.62,0.45,0.6,80,187,0.6684491978609626,55.25668449197861,-8.280748663101605,-1548.5,18.108,-61.483870967741936,0.5937827911857293,-20.585106382978722,"-3.97,-20.59,-7.82,-0.59",1,8,-21.7,0.40106951871657753,788.0,-10712.0,-12452.5
ml,pred_focus_hit99_logit,0.62,0.45,0.6,85,187,0.6203208556149733,55.25668449197861,-9.029411764705886,-1688.5000000000007,23.086206896551722,-61.5,0.6133058513683728,-27.074468085106382,"-2.16,-27.07,-6.22,-0.48",1,8,-24.187500000000004,0.40106951871657753,598.0,-10902.0,-13123.0
ml,pred_focus_hit99_logit,0.62,0.45,0.6,90,187,0.5882352941176471,55.25668449197861,-8.815508021390375,-1648.5,28.027272727272727,-61.44805194805195,0.651590404734228,-28.882978723404257,"-2.48,-28.88,-4.84,1.15",1,8,-27.625,0.40106951871657753,611.5,-10888.5,-13628.0
ml,pred_focus_hit99_logit,0.62,0.45,0.6,95,187,0.5668449197860963,55.25668449197861,-7.906417112299469,-1478.5000000000007,32.98113207547169,-61.41358024691358,0.7027841994170267,-27.074468085106382,"-1.20,-27.07,-3.67,0.50",2,8,-25.750000000000004,0.40106951871657753,809.0,-10691.0,-13984.5
ml,pred_focus_hit99_logit,0.62,0.45,0.6,99,187,0.5454545454545454,55.25668449197861,-7.756684491978611,-1450.5000000000002,36.96078431372549,-61.417647058823526,0.7221530504740925,-27.73404255319149,"-0.76,-27.73,-1.20,-1.20",3,8,-24.250000000000004,0.40106951871657753,739.5,-10760.5,-14867.5
ml,pred_focus_hit99_logit,0.63,0.45,0.6,80,161,0.6583850931677019,55.2111801242236,-9.040372670807454,-1455.5,18.21698113207547,-61.57272727272727,0.570205226635169,-14.025,"-7.21,-14.03,-13.57,-1.40",1,8,-24.1,0.391304347826087,849.0,-10651.0,-12446.0
ml,pred_focus_hit99_logit,0.63,0.45,0.6,85,161,0.6086956521739131,55.2111801242236,-9.972049689440999,-1605.5000000000007,23.163265306122447,-61.51587301587302,0.5857308734356858,-21.65,"-5.87,-21.65,-12.70,0.22",1,8,-27.433333333333337,0.391304347826087,745.0,-10755.0,-13035.5
ml,pred_focus_hit99_logit,0.63,0.45,0.6,90,161,0.5714285714285714,55.2111801242236,-10.282608695652174,-1655.5,28.097826086956523,-61.45652173913044,0.6095979247730221,-28.275,"-2.57,-28.27,-12.07,1.60",2,8,-31.433333333333334,0.391304347826087,661.0,-10839.0,-13608.0
ml,pred_focus_hit99_logit,0.63,0.45,0.6,95,161,0.5527950310559007,55.2111801242236,-9.195652173913048,-1480.5000000000007,33.03932584269663,-61.40277777777778,0.6651210133453969,-26.4,"-1.60,-26.40,-11.70,2.72",2,8,-29.76666666666667,0.391304347826087,857.0,-10643.0,-13994.5
ml,pred_focus_hit99_logit,0.63,0.45,0.6,99,161,0.5279503105590062,55.2111801242236,-9.44409937888199,-1520.5000000000005,37.01764705882353,-61.4078947368421,0.6742018427255196,-29.85,"0.94,-29.85,-9.60,0.47",2,8,-28.433333333333334,0.391304347826087,684.5,-10815.5,-14409.0
ml,pred_focus_hit99_logit,0.64,0.45,0.6,80,133,0.6390977443609023,55.15789473684212,-10.530075187969924,-1400.5,18.17058823529412,-61.354166666666664,0.5244482173174873,-18.196969696969695,"-3.09,-15.71,-18.20,-5.35",1,8,-28.3,0.39097744360902253,935.0,-10565.0,-12246.5
ml,pred_focus_hit99_logit,0.64,0.45,0.6,85,133,0.5864661654135338,55.15789473684212,-11.808270676691732,-1570.5000000000005,23.128205128205124,-61.35454545454545,0.5345977181804711,-23.136363636363637,"-1.91,-23.14,-20.62,-1.86",1,8,-29.26923076923077,0.39097744360902253,723.5,-10776.5,-13021.5
ml,pred_focus_hit99_logit,0.64,0.45,0.6,90,133,0.5488721804511278,55.15789473684212,-12.259398496240602,-1630.5,28.102739726027398,-61.36666666666667,0.5571700162954916,-26.318181818181817,"1.62,-26.32,-23.65,-1.11",1,8,-34.26923076923077,0.39097744360902253,623.0,-10877.0,-13590.5
ml,pred_focus_hit99_logit,0.64,0.45,0.6,95,133,0.5263157894736842,55.15789473684212,-11.657894736842108,-1550.5000000000005,33.028571428571425,-61.30952380952381,0.5985760517799351,-24.40909090909091,"2.35,-24.35,-24.41,-0.65",1,8,-32.73076923076923,0.39097744360902253,739.0,-10761.0,-13991.0
ml,pred_focus_hit99_logit,0.64,0.45,0.6,99,133,0.5037593984962406,55.15789473684212,-11.785714285714286,-1567.5,37.007462686567166,-61.31818181818182,0.6126760563380281,-25.772727272727273,"5.06,-25.77,-22.83,-4.11",2,8,-31.5,0.39097744360902253,669.0,-10831.0,-14365.5
ml,pred_focus_hit99_logit,0.65,0.45,0.6,80,109,0.6238532110091743,55.1467889908257,-11.738532110091743,-1279.5,18.147058823529413,-61.30487804878049,0.49094887606922616,-23.24074074074074,"-4.86,-11.17,-23.24,-7.94",1,8,-28.7,0.43119266055045874,1064.0,-10436.0,-11759.5
ml,pred_focus_hit99_logit,0.65,0.45,0.6,85,109,0.5688073394495413,55.1467889908257,-13.298165137614681,-1449.5000000000002,23.04838709677419,-61.244680851063826,0.49643911759597004,-23.98148148148148,"-4.32,-20.61,-23.98,-4.61",1,8,-28.1,0.43119266055045874,832.5,-10667.5,-12356.0
ml,pred_focus_hit99_logit,0.65,0.45,0.6,90,109,0.5321100917431193,55.1467889908257,-13.756880733944953,-1499.5,28.06896551724138,-61.3235294117647,0.5205435651478817,-28.425925925925927,"-0.93,-21.54,-28.43,-4.61",1,8,-35.1,0.43119266055045874,822.0,-10678.0,-12765.0
ml,pred_focus_hit99_logit,0.65,0.45,0.6,95,109,0.5137614678899083,55.1467889908257,-12.839449541284408,-1399.5000000000005,33.03571428571428,-61.31132075471698,0.5693183566702569,-30.09259259259259,"-0.93,-19.31,-30.09,-1.46",1,8,-33.6,0.43119266055045874,847.0,-10653.0,-13124.0
ml,pred_focus_hit99_logit,0.65,0.45,0.6,99,109,0.48623853211009177,55.1467889908257,-13.509174311926605,-1472.5,37.009433962264154,-61.32142857142857,0.5711997670355271,-28.75925925925926,"1.64,-21.20,-28.76,-6.28",1,8,-32.4,0.43119266055045874,791.0,-10709.0,-13405.5
ml,pred_focus_hit99_logit,0.66,0.45,0.6,80,88,0.6022727272727273,55.352272727272734,-13.670454545454545,-1203.0,17.971698113207548,-61.58571428571429,0.441892832289492,-22.136363636363637,"-11.45,-10.55,-22.14,-10.55",1,8,-22.1,0.4318181818181818,1350.5,-10149.5,-11477.0
ml,pred_focus_hit99_logit,0.66,0.45,0.6,85,88,0.5340909090909091,55.352272727272734,-16.454545454545453,-1448.0,22.81914893617021,-61.47560975609756,0.4255108113469549,-23.5,"-12.14,-22.82,-23.50,-7.36",1,8,-28.1,0.4318181818181818,907.0,-10593.0,-12262.0
ml,pred_focus_hit99_logit,0.66,0.45,0.6,90,88,0.5,55.352272727272734,-16.852272727272727,-1483.0,27.954545454545453,-61.65909090909091,0.4533726502027276,-25.318181818181817,"-9.18,-24.64,-25.32,-8.27",1,8,-35.1,0.4318181818181818,793.0,-10707.0,-12769.5
ml,pred_focus_hit99_logit,0.66,0.45,0.6,95,88,0.4772727272727273,55.352272727272734,-16.51136363636364,-1453.0000000000005,32.9047619047619,-61.630434782608695,0.48747795414462075,-23.272727272727273,"-10.55,-22.59,-23.27,-9.64",1,8,-33.6,0.4318181818181818,797.0,-10703.0,-13130.5
ml,pred_focus_hit99_logit,0.66,0.45,0.6,99,88,0.4431818181818182,55.352272727272734,-17.977272727272727,-1582.0,36.85897435897436,-61.62244897959184,0.4760721973836728,-25.454545454545453,"-8.36,-25.45,-21.64,-16.45",0,8,-32.4,0.4318181818181818,785.5,-10714.5,-13340.5
ml,pred_focus_hit99_logit,0.67,0.45,0.6,80,79,0.620253164556962,55.354430379746844,-12.234177215189874,-966.5,18.112244897959183,-61.8,0.47869471413160736,-22.25,"-10.40,-9.70,-22.25,-6.29",1,8,-57.5,0.4050632911392405,1841.5,-9658.5,-11136.5
ml,pred_focus_hit99_logit,0.67,0.45,0.6,85,79,0.5443037974683544,55.354430379746844,-15.58860759493671,-1231.5,22.96511627906976,-61.638888888888886,0.44502027940513733,-24.0,"-11.40,-23.45,-24.00,-2.87",2,8,-57.5,0.4050632911392405,1277.0,-10223.0,-12023.5
ml,pred_focus_hit99_logit,0.67,0.45,0.6,90,79,0.5063291139240507,55.354430379746844,-16.28481012658228,-1286.5,28.125,-61.833333333333336,0.4665146174580137,-26.25,"-8.40,-25.70,-26.25,-4.18",1,8,-57.5,0.4050632911392405,1240.5,-10259.5,-12451.0
ml,pred_focus_hit99_logit,0.67,0.45,0.6,95,79,0.4810126582278481,55.354430379746844,-16.158227848101266,-1276.5,33.07894736842104,-61.792682926829265,0.4961515689757251,-24.25,"-10.15,-23.70,-24.25,-6.03",2,8,-57.5,0.4050632911392405,1106.5,-10393.5,-12865.5
ml,pred_focus_hit99_logit,0.67,0.45,0.6,99,79,0.4430379746835443,55.354430379746844,-17.99367088607595,-1421.5,37.042857142857144,-61.77272727272727,0.4770051508462104,-27.05,"-7.95,-27.05,-22.65,-14.13",0,8,-57.5,0.4050632911392405,897.0,-10603.0,-13213.5
ml,pred_focus_hit99_logit,0.68,0.45,0.6,80,70,0.6428571428571429,55.614285714285714,-10.685714285714285,-748.0,17.92222222222222,-62.18,0.5188163396590544,-25.323529411764707,"-9.61,-8.06,-25.32,0.03",1,7,-17.61111111111111,0.4142857142857143,2830.5,-8669.5,-9919.0
ml,pred_focus_hit99_logit,0.68,0.45,0.6,85,70,0.5571428571428572,55.614285714285714,-14.757142857142858,-1033.0,22.730769230769226,-61.91935483870968,0.46183902057827547,-32.970588235294116,"-11.00,-18.89,-32.97,3.85",3,7,-27.772727272727273,0.4142857142857143,1574.5,-9925.5,-11157.0
ml,pred_focus_hit99_logit,0.68,0.45,0.6,90,70,0.5142857142857142,55.614285714285714,-15.82857142857143,-1108.0,27.88888888888889,-62.11764705882353,0.4753787878787879,-36.5,"-7.94,-21.39,-36.50,2.38",2,7,-32.05555555555556,0.4142857142857143,1438.0,-10062.0,-11558.5
ml,pred_focus_hit99_logit,0.68,0.45,0.6,95,70,0.4857142857142857,55.614285714285714,-15.971428571428575,-1118.0000000000002,32.823529411764696,-62.05555555555556,0.49955237242614126,-35.029411764705884,"-10.17,-19.17,-35.03,0.32",2,7,-30.38888888888889,0.4142857142857143,1413.0,-10087.0,-11816.0
ml,pred_focus_hit99_logit,0.68,0.45,0.6,99,70,0.44285714285714284,55.614285714285714,-18.271428571428572,-1279.0,36.75806451612903,-62.01282051282051,0.4711598097994625,-33.85294117647059,"-7.94,-22.89,-33.85,-8.74",0,7,-31.045454545454547,0.4142857142857143,968.5,-10531.5,-12076.5
ml,pred_focus_hit99_logit,0.69,0.45,0.6,80,61,0.6557377049180327,55.59016393442624,-9.631147540983607,-587.5,17.925,-62.11904761904762,0.5496358758144884,-26.033333333333335,"-13.19,-2.63,-26.03,3.57",3,7,-17.61111111111111,0.4098360655737705,3584.0,-7916.0,-9285.5
ml,pred_focus_hit99_logit,0.69,0.45,0.6,85,61,0.5573770491803278,55.59016393442624,-14.713114754098363,-897.5000000000001,22.70588235294117,-61.833333333333336,0.46241389637616037,-35.03333333333333,"-15.38,-15.97,-35.03,7.57",3,7,-26.868421052631582,0.4098360655737705,2059.0,-9441.0,-10822.5
ml,pred_focus_hit99_logit,0.69,0.45,0.6,90,61,0.5081967213114754,55.59016393442624,-16.352459016393443,-997.5,27.887096774193548,-62.06666666666667,0.4642857142857143,-39.36666666666667,"-12.56,-19.30,-39.37,5.57",2,7,-32.05555555555556,0.4098360655737705,1639.5,-9860.5,-11357.0
ml,pred_focus_hit99_logit,0.69,0.45,0.6,95,61,0.47540983606557374,55.59016393442624,-16.92622950819672,-1032.5,32.8103448275862,-62.0,0.47958669354838696,-38.03333333333333,"-15.69,-16.97,-38.03,2.90",2,7,-30.38888888888889,0.4098360655737705,1517.5,-9982.5,-11744.0
ml,pred_focus_hit99_logit,0.69,0.45,0.6,99,61,0.4262295081967213,55.59016393442624,-19.89344262295082,-1213.5,36.73076923076923,-61.957142857142856,0.4403965875028822,-36.96666666666667,"-13.69,-21.70,-36.97,-7.63",0,7,-31.394736842105264,0.4098360655737705,1199.5,-10300.5,-11885.0
ml,pred_focus_hit99_logit,0.7,0.45,0.6,80,52,0.6730769230769231,55.61538461538461,-8.26923076923077,-430.0,17.9,-62.14705882352941,0.5929957406530999,-14.884615384615385,"-7.73,-5.81,-14.88,-4.65",2,6,-14.45,0.4423076923076923,4743.0,-6757.0,-8202.5
ml,pred_focus_hit99_logit,0.7,0.45,0.6,85,52,0.5769230769230769,55.61538461538461,-13.076923076923077,-680.0,22.59999999999999,-61.72727272727273,0.499263622974963,-21.96153846153846,"-10.81,-21.96,-18.35,-1.19",2,6,-20.500000000000004,0.4423076923076923,2944.5,-8555.5,-10012.5
ml,pred_focus_hit99_logit,0.7,0.45,0.6,90,52,0.5384615384615384,55.61538461538461,-13.653846153846153,-710.0,27.714285714285715,-61.916666666666664,0.522207267833109,-26.576923076923077,"-7.73,-26.58,-22.58,2.27",2,6,-23.625,0.4423076923076923,2814.5,-8685.5,-10452.5
ml,pred_focus_hit99_logit,0.7,0.45,0.6,95,52,0.5,55.61538461538461,-14.615384615384617,-760.0000000000001,32.615384615384606,-61.84615384615385,0.5273631840796018,-24.653846153846153,"-11.96,-24.65,-20.27,-1.58",2,6,-28.500000000000004,0.4423076923076923,2460.5,-9039.5,-10942.0
ml,pred_focus_hit99_logit,0.7,0.45,0.6,99,52,0.4423076923076923,55.61538461538461,-18.326923076923077,-953.0,36.5,-61.810344827586206,0.46834030683403066,-30.73076923076923,"-9.81,-30.73,-18.42,-14.35",0,6,-57.5,0.4423076923076923,1851.5,-9648.5,-11154.0
ml,pred_focus_hit99_logit,0.71,0.45,0.6,80,42,0.6666666666666666,55.761904761904766,-8.928571428571429,-375.0,17.678571428571427,-62.142857142857146,0.5689655172413793,-12.318181818181818,"-12.32,-10.77,-8.40,-3.70",2,6,-20.264705882352942,0.4523809523809524,5442.0,-6058.0,-7657.5
ml,pred_focus_hit99_logit,0.71,0.45,0.6,85,42,0.6190476190476191,55.761904761904766,-9.642857142857146,-405.0000000000001,22.384615384615376,-61.6875,0.5896656534954405,-23.045454545454547,"-9.14,-23.05,-4.90,-0.20",2,6,-17.617647058823536,0.4523809523809524,4916.0,-6584.0,-8485.0
ml,pred_focus_hit99_logit,0.71,0.45,0.6,90,42,0.5714285714285714,55.761904761904766,-10.833333333333334,-455.0,27.5,-61.94444444444444,0.5919282511210763,-28.954545454545453,"-5.95,-28.95,-10.40,3.30",2,6,-24.7,0.4523809523809524,4500.5,-6999.5,-9152.0
ml,pred_focus_hit99_logit,0.71,0.45,0.6,95,42,0.5238095238095238,55.761904761904766,-12.500000000000005,-525.0000000000002,32.36363636363636,-61.85,0.5755860953920775,-27.136363636363637,"-11.41,-27.14,-7.40,-2.70",2,6,-28.500000000000004,0.4523809523809524,3855.0,-7645.0,-9794.0
ml,pred_focus_hit99_logit,0.71,0.45,0.6,99,42,0.4523809523809524,55.761904761904766,-17.476190476190474,-734.0,36.18421052631579,-61.80434782608695,0.4836440379880408,-34.68181818181818,"-9.23,-34.68,-5.00,-20.10",1,6,-57.5,0.4523809523809524,2708.0,-8792.0,-10297.5
ml,pred_focus_hit99_logit,0.72,0.45,0.6,80,36,0.6111111111111112,55.77777777777777,-13.38888888888889,-482.0,17.636363636363637,-62.142857142857146,0.4459770114942529,-18.27777777777778,"-18.28,-18.17,-10.83,-6.28",2,6,-32.166666666666664,0.4722222222222222,4481.5,-7018.5,-8142.5
ml,pred_focus_hit99_logit,0.72,0.45,0.6,85,36,0.5555555555555556,55.77777777777777,-15.055555555555555,-542.0,22.249999999999993,-61.6875,0.4508611955420465,-24.833333333333336,"-15.50,-24.83,-16.94,-2.94",2,6,-30.5,0.4722222222222222,3991.5,-7508.5,-8789.0
ml,pred_focus_hit99_logit,0.72,0.45,0.6,90,36,0.5277777777777778,55.77777777777777,-14.777777777777779,-532.0,27.342105263157894,-61.85294117647059,0.4940561103185925,-32.611111111111114,"-12.72,-32.61,-14.17,0.39",2,6,-28.833333333333332,0.4722222222222222,3989.0,-7511.0,-9046.5
ml,pred_focus_hit99_logit,0.72,0.45,0.6,95,36,0.4722222222222222,55.77777777777777,-17.416666666666668,-627.0,32.147058823529406,-61.76315789473684,0.46570089475926707,-30.944444444444443,"-20.50,-30.94,-11.39,-6.83",2,6,-60.0,0.4722222222222222,3388.0,-8112.0,-9595.0
ml,pred_focus_hit99_logit,0.72,0.45,0.6,99,36,0.3888888888888889,55.77777777777777,-23.77777777777778,-856.0,35.857142857142854,-61.72727272727273,0.3696612665684831,-40.611111111111114,"-18.72,-40.61,-9.17,-26.61",1,6,-60.0,0.4722222222222222,2209.5,-9290.5,-10120.0
ml,pred_focus_hit99_logit,0.73,0.45,0.6,80,33,0.6060606060606061,55.87878787878788,-13.893939393939394,-458.5,17.7,-62.5,0.4356923076923077,-23.5,"-18.28,-13.25,-23.50,0.00",2,6,-32.166666666666664,0.42424242424242425,4906.5,-6593.5,-7798.5
ml,pred_focus_hit99_logit,0.73,0.45,0.6,85,33,0.5757575757575758,55.87878787878788,-13.439393939393943,-443.5000000000001,22.394736842105257,-62.07142857142857,0.48964326812428066,-21.0,"-15.50,-20.75,-21.00,3.75",2,6,-30.5,0.42424242424242425,4772.0,-6728.0,-8155.5
ml,pred_focus_hit99_logit,0.73,0.45,0.6,90,33,0.5454545454545454,55.87878787878788,-13.287878787878787,-438.5,27.5,-62.233333333333334,0.5302624531333691,-29.5,"-12.72,-29.50,-18.50,7.50",2,6,-28.833333333333332,0.42424242424242425,4772.0,-6728.0,-8412.0
ml,pred_focus_hit99_logit,0.73,0.45,0.6,95,33,0.48484848484848486,55.87878787878788,-16.318181818181817,-538.5,32.31249999999999,-62.088235294117645,0.4898152534343912,-27.625,"-20.50,-27.62,-16.00,-0.63",2,6,-60.0,0.42424242424242425,4041.5,-7458.5,-9081.5
ml,pred_focus_hit99_logit,0.73,0.45,0.6,99,33,0.3939393939393939,55.87878787878788,-23.37878787878788,-771.5,36.03846153846154,-62.0,0.3778225806451613,-38.5,"-18.72,-38.50,-14.00,-22.88",1,6,-60.0,0.42424242424242425,2693.0,-8807.0,-9636.5
ml,pred_focus_hit99_logit,0.52,0.5,0.6,80,702,0.6723646723646723,55.08974358974359,-7.772079772079772,-5456.0,18.37923728813559,-61.43913043478261,0.6138985209822376,-12.556818181818182,"-10.66,-12.56,-2.07,-5.76",0,8,-17.906779661016948,0.45014245014245013,-55.99999999999998,-11556.0,-12601.5
ml,pred_focus_hit99_logit,0.52,0.5,0.6,85,702,0.6296296296296297,55.08974358974359,-8.04985754985755,-5651.000000000001,23.400452488687783,-61.51538461538462,0.6466800050018757,-13.755681818181818,"-13.76,-12.41,0.19,-6.16",0,8,-16.635593220338986,0.45014245014245013,-43.00000000000006,-11543.0,-12637.5
ml,pred_focus_hit99_logit,0.52,0.5,0.6,90,702,0.5968660968660968,55.08974358974359,-7.8575498575498575,-5516.0,28.399761336515514,-61.53886925795053,0.683270649708593,-13.636363636363637,"-13.50,-13.64,1.24,-5.47",1,8,-17.059322033898304,0.45014245014245013,-57.0,-11557.0,-13243.0
ml,pred_focus_hit99_logit,0.52,0.5,0.6,95,702,0.5598290598290598,55.08974358974359,-8.398860398860402,-5896.000000000002,33.36259541984733,-61.51294498381877,0.6898066552676575,-14.068181818181824,"-14.07,-13.15,-0.70,-5.61",0,8,-17.82203389830509,0.45014245014245013,-19.500000000000007,-11519.5,-13735.0
ml,pred_focus_hit99_logit,0.52,0.5,0.6,99,702,0.5398860398860399,55.08974358974359,-8.13960113960114,-5714.0,37.33905013192612,-61.5030959752322,0.7123656590571594,-13.193181818181818,"-13.19,-12.26,-2.10,-4.96",0,8,-15.991525423728815,0.45014245014245013,-7.000000000000014,-11507.0,-14224.5
ml,pred_focus_hit99_logit,0.53,0.5,0.6,80,657,0.6727549467275494,55.11415525114156,-7.763318112633181,-5100.5,18.350678733031675,-61.448837209302326,0.6139348295045982,-11.798780487804878,"-10.20,-11.80,-3.08,-5.96",0,8,-16.394736842105264,0.4490106544901065,-4.5,-11504.5,-12550.0
ml,pred_focus_hit99_logit,0.53,0.5,0.6,85,657,0.6331811263318112,55.11415525114156,-7.770928462709287,-5105.500000000002,23.35576923076923,-61.5,0.6555341901966738,-13.172727272727276,"-13.17,-11.31,-0.46,-6.11",0,8,-15.455555555555557,0.4490106544901065,-35.5,-11535.5,-12630.0
ml,pred_focus_hit99_logit,0.53,0.5,0.6,90,657,0.5981735159817352,55.11415525114156,-7.763318112633181,-5100.5,28.352417302798983,-61.52651515151515,0.685987810133596,-13.05151515151515,"-13.05,-12.77,-0.15,-5.04",1,8,-16.733333333333334,0.4490106544901065,-51.5,-11551.5,-13237.5
ml,pred_focus_hit99_logit,0.53,0.5,0.6,95,657,0.5616438356164384,55.11415525114156,-8.250380517503809,-5420.500000000002,33.294037940379404,-61.479166666666664,0.6938608381339659,-13.809090909090914,"-13.81,-12.41,-1.37,-5.38",1,8,-16.307017543859654,0.4490106544901065,-18.0,-11518.0,-13733.5
ml,pred_focus_hit99_logit,0.53,0.5,0.6,99,657,0.5403348554033486,55.11415525114156,-8.119482496194825,-5334.5,37.26619718309859,-61.47019867549669,0.7126427494074553,-12.996969696969696,"-13.00,-11.57,-3.06,-4.82",1,8,-15.533333333333335,0.4490106544901065,-28.0,-11528.0,-14245.5
ml,pred_focus_hit99_logit,0.54,0.5,0.6,80,604,0.6771523178807947,55.180463576158935,-7.475165562913907,-4515.0,18.28484107579462,-61.50512820512821,0.623546087464043,-12.910596026490067,"-9.24,-12.91,-2.70,-5.05",0,8,-18.26,0.4370860927152318,-8.0,-11508.0,-12553.5
ml,pred_focus_hit99_logit,0.54,0.5,0.6,85,604,0.6357615894039735,55.180463576158935,-7.615894039735102,-4600.000000000002,23.2890625,-61.55909090909091,0.6603411356420291,-12.67880794701987,"-12.16,-12.68,-0.18,-5.45",1,8,-17.260000000000005,0.4370860927152318,-31.500000000000036,-11531.5,-12626.0
ml,pred_focus_hit99_logit,0.54,0.5,0.6,90,604,0.6043046357615894,55.180463576158935,-7.276490066225166,-4395.0,28.283561643835615,-61.5836820083682,0.7013962020586337,-13.97019867549669,"-11.63,-13.97,0.41,-3.92",1,8,-18.26,0.4370860927152318,-4.500000000000007,-11504.5,-13190.5
ml,pred_focus_hit99_logit,0.54,0.5,0.6,95,604,0.5662251655629139,55.180463576158935,-7.880794701986758,-4760.000000000002,33.22222222222222,-61.534351145038165,0.7047512715543978,-13.83774834437086,"-12.62,-13.84,-0.58,-4.49",1,8,-19.660000000000004,0.4370860927152318,-9.500000000000036,-11509.5,-13725.0
ml,pred_focus_hit99_logit,0.54,0.5,0.6,99,604,0.543046357615894,55.180463576158935,-7.917218543046357,-4782.0,37.1890243902439,-61.52173913043478,0.718374558303887,-13.135761589403973,"-11.86,-13.14,-1.31,-5.35",1,8,-17.900000000000002,0.4370860927152318,-14.000000000000007,-11514.0,-14231.5
ml,pred_focus_hit99_logit,0.55,0.5,0.6,80,549,0.663023679417122,55.21675774134791,-8.638433515482696,-4742.5,18.23076923076923,-61.505405405405405,0.5832051676407259,-13.813868613138686,"-11.28,-13.81,-3.10,-6.34",0,8,-18.7,0.43897996357012753,-4.5,-11504.5,-12290.5
ml,pred_focus_hit99_logit,0.55,0.5,0.6,85,549,0.6174863387978142,55.21675774134791,-9.203096539162114,-5052.500000000001,23.231563421828906,-61.56190476190476,0.6091816212871286,-14.905797101449275,"-14.91,-13.92,-0.73,-7.22",0,8,-18.18421052631579,0.43897996357012753,-31.000000000000007,-11531.0,-12625.5
ml,pred_focus_hit99_logit,0.55,0.5,0.6,90,549,0.5883424408014571,55.21675774134791,-8.747723132969035,-4802.5,28.208978328173373,-61.56637168141593,0.6548440419721144,-15.054744525547445,"-14.11,-15.05,-0.47,-5.32",0,8,-19.366666666666667,0.43897996357012753,-43.50000000000001,-11543.5,-13229.5
ml,pred_focus_hit99_logit,0.55,0.5,0.6,95,549,0.5500910746812386,55.21675774134791,-9.448998178506377,-5187.500000000001,33.13245033112583,-61.512145748987855,0.6585710994833317,-15.237226277372264,"-14.91,-15.24,-1.97,-5.65",0,8,-21.25555555555556,0.43897996357012753,-13.0,-11513.0,-13728.5
ml,pred_focus_hit99_logit,0.55,0.5,0.6,99,549,0.5264116575591985,55.21675774134791,-9.600182149362476,-5270.5,37.0916955017301,-61.5,0.6703877423389618,-14.369565217391306,"-14.37,-14.00,-3.82,-6.17",0,8,-19.56666666666667,0.43897996357012753,-35.5,-11535.5,-14253.0
ml,pred_focus_hit99_logit,0.56,0.5,0.6,80,499,0.6693386773547094,55.22645290581163,-8.17935871743487,-4081.5,18.143712574850298,-61.46363636363636,0.5975447419020855,-12.38,"-11.77,-12.38,-3.52,-5.02",0,8,-20.371794871794872,0.4408817635270541,-23.5,-11523.5,-12097.5
ml,pred_focus_hit99_logit,0.56,0.5,0.6,85,499,0.625250501002004,55.22645290581163,-8.580160320641284,-4281.500000000001,23.125,-61.47860962566845,0.6275823076588527,-15.452,"-15.45,-11.34,-1.24,-6.27",0,8,-19.98717948717949,0.4408817635270541,-43.500000000000014,-11543.5,-12638.0
ml,pred_focus_hit99_logit,0.56,0.5,0.6,90,499,0.5951903807615231,55.22645290581163,-8.159318637274549,-4071.5,28.10942760942761,-61.48514851485149,0.672181964573269,-14.892,"-14.89,-12.70,-0.56,-4.46",1,8,-22.166666666666668,0.4408817635270541,-7.0,-11507.0,-13193.0
ml,pred_focus_hit99_logit,0.56,0.5,0.6,95,499,0.5571142284569138,55.22645290581163,-8.800601202404813,-4391.500000000002,33.04676258992806,-61.44117647058823,0.6765843060720993,-15.332000000000003,"-15.33,-13.02,-1.72,-5.10",0,8,-24.85897435897436,0.4408817635270541,-57.50000000000002,-11557.5,-13773.0
ml,pred_focus_hit99_logit,0.56,0.5,0.6,99,499,0.5350701402805611,55.22645290581163,-8.754509018036073,-4368.5,37.04307116104869,-61.46120689655172,0.6936320920120626,-14.964,"-14.96,-11.76,-3.15,-5.11",0,8,-23.320512820512825,0.4408817635270541,-7.500000000000007,-11507.5,-14225.0
ml,pred_focus_hit99_logit,0.57,0.5,0.6,80,441,0.673469387755102,55.265306122448976,-7.887755102040816,-3478.5,18.069023569023567,-61.423611111111114,0.6067269643866592,-13.6,"-11.22,-13.60,-2.90,-3.80",0,8,-17.757142857142856,0.42403628117913833,-40.50000000000001,-11540.5,-12114.5
ml,pred_focus_hit99_logit,0.57,0.5,0.6,85,441,0.6349206349206349,55.265306122448976,-7.797052154195013,-3438.500000000001,23.02857142857142,-61.40683229813665,0.6522024983563444,-14.95945945945946,"-14.96,-12.92,-0.76,-2.48",1,8,-17.878787878787882,0.42403628117913833,-19.5,-11519.5,-12614.0
ml,pred_focus_hit99_logit,0.57,0.5,0.6,90,441,0.6077097505668935,55.265306122448976,-7.071428571428571,-3118.5,27.996268656716417,-61.395953757225435,0.7063974014969637,-14.963636363636363,"-13.83,-14.96,1.19,-0.62",1,8,-19.393939393939394,0.42403628117913833,-44.0,-11544.0,-13230.0
ml,pred_focus_hit99_logit,0.57,0.5,0.6,95,441,0.5714285714285714,55.265306122448976,-7.479591836734697,-3298.5000000000014,32.92857142857143,-61.357142857142854,0.7155607295304618,-16.690909090909095,"-12.89,-16.69,-0.49,0.20",1,8,-20.471428571428575,0.42403628117913833,-53.0,-11553.0,-13768.5
ml,pred_focus_hit99_logit,0.57,0.5,0.6,99,441,0.5510204081632653,55.265306122448976,-7.214285714285715,-3181.5000000000005,36.940329218106996,-61.4040404040404,0.7383204474420135,-14.8,"-12.62,-14.80,-1.51,0.12",0,8,-18.75714285714286,0.42403628117913833,-49.0,-11549.0,-14266.5
ml,pred_focus_hit99_logit,0.58,0.5,0.6,80,367,0.6811989100817438,55.26158038147139,-7.26566757493188,-2666.5,17.988,-61.22649572649573,0.6277657569623787,-14.51086956521739,"-9.45,-14.51,-1.17,-3.90",1,8,-17.846153846153847,0.4196185286103542,-5.0,-11505.0,-12079.0
ml,pred_focus_hit99_logit,0.58,0.5,0.6,85,367,0.6376021798365122,55.26158038147139,-7.56539509536785,-2776.500000000001,22.944444444444443,-61.244360902255636,0.6591369467804309,-14.500000000000002,"-14.50,-14.35,0.78,-2.14",1,8,-18.423076923076927,0.4196185286103542,-2.5,-11502.5,-12597.0
ml,pred_focus_hit99_logit,0.58,0.5,0.6,90,367,0.6130790190735694,55.26158038147139,-6.584468664850136,-2416.5,27.90888888888889,-61.23943661971831,0.7221136154553818,-15.48913043478261,"-13.68,-15.49,2.52,0.39",1,8,-19.596774193548388,0.4196185286103542,-1.0,-11501.0,-13187.0
ml,pred_focus_hit99_logit,0.58,0.5,0.6,95,367,0.5831062670299727,55.26158038147139,-6.366485013623983,-2336.500000000002,32.90654205607476,-61.29738562091503,0.75086634323186,-15.000000000000005,"-12.05,-15.00,0.95,0.72",2,8,-17.258064516129036,0.4196185286103542,-3.0000000000000497,-11503.0,-13718.5
ml,pred_focus_hit99_logit,0.58,0.5,0.6,99,367,0.5613079019073569,55.26158038147139,-6.192098092643053,-2272.5000000000005,36.907766990291265,-61.338509316770185,0.7698850691104248,-14.119565217391305,"-11.04,-14.12,-0.71,1.18",1,8,-18.580645161290327,0.4196185286103542,-14.500000000000014,-11514.5,-14232.0
ml,pred_focus_hit99_logit,0.59,0.5,0.6,80,311,0.6655948553054662,55.263665594855304,-8.516077170418006,-2648.5,18.016908212560388,-61.32692307692308,0.584744433991847,-16.512820512820515,"-10.31,-16.51,0.45,-7.68",1,8,-16.108695652173914,0.43729903536977494,-25.999999999999993,-11526.0,-13207.5
ml,pred_focus_hit99_logit,0.59,0.5,0.6,85,311,0.6270096463022508,55.263665594855304,-8.467845659163988,-2633.5000000000005,22.997435897435896,-61.36206896551724,0.6300224782242203,-16.96153846153846,"-13.64,-16.96,2.18,-5.41",1,8,-19.91818181818182,0.43729903536977494,-21.000000000000007,-11521.0,-13663.0
ml,pred_focus_hit99_logit,0.59,0.5,0.6,90,311,0.6012861736334405,55.263665594855304,-7.647909967845659,-2378.5,27.93850267379679,-61.314516129032256,0.6871629619886886,-18.94871794871795,"-13.13,-18.95,4.81,-3.27",2,8,-22.37272727272727,0.43729903536977494,-49.50000000000001,-11549.5,-14165.0
ml,pred_focus_hit99_logit,0.59,0.5,0.6,95,311,0.572347266881029,55.263665594855304,-7.390675241157558,-2298.5000000000005,32.90449438202247,-61.31954887218045,0.7181656550793942,-17.794871794871796,"-11.65,-17.79,3.65,-3.72",2,8,-20.190909090909095,0.43729903536977494,-44.0,-11544.0,-14678.5
ml,pred_focus_hit99_logit,0.59,0.5,0.6,99,311,0.5530546623794212,55.263665594855304,-7.011254019292605,-2180.5,36.906976744186046,-61.356115107913666,0.7443278419417249,-17.21794871794872,"-10.82,-17.22,2.62,-2.56",2,8,-22.04545454545455,0.43729903536977494,-7.105427357601002e-15,-11500.0,-14998.5
ml,pred_focus_hit99_logit,0.6,0.5,0.6,80,260,0.6846153846153846,55.32692307692307,-7.0576923076923075,-1835.0,18.01123595505618,-61.47560975609756,0.6359849236262646,-17.453846153846154,"-7.58,-17.45,-1.73,-1.47",2,8,-17.4,0.41923076923076924,480.0,-11020.0,-12701.5
ml,pred_focus_hit99_logit,0.6,0.5,0.6,85,260,0.6423076923076924,55.32692307692307,-7.230769230769233,-1880.0000000000005,22.98502994011976,-61.48924731182796,0.6712424586867185,-17.3,"-12.04,-17.30,-0.58,0.99",2,8,-18.900000000000006,0.41923076923076924,401.5,-11098.5,-13376.5
ml,pred_focus_hit99_logit,0.6,0.5,0.6,90,260,0.6192307692307693,55.32692307692307,-6.096153846153846,-1585.0,27.940993788819874,-61.44949494949495,0.7394591928988247,-17.453846153846154,"-11.88,-17.45,1.65,3.30",3,8,-20.9,0.41923076923076924,748.5,-10751.5,-13784.5
ml,pred_focus_hit99_logit,0.6,0.5,0.6,95,260,0.5884615384615385,55.32692307692307,-5.923076923076927,-1540.000000000001,32.885620915032675,-61.41588785046729,0.7656547211443353,-14.992307692307694,"-10.58,-14.99,-2.12,3.99",3,8,-18.650000000000006,0.41923076923076924,728.5,-10771.5,-14240.0
ml,pred_focus_hit99_logit,0.6,0.5,0.6,99,260,0.5692307692307692,55.32692307692307,-5.473076923076924,-1423.0000000000002,36.87837837837838,-61.4375,0.7931986629850313,-14.546153846153846,"-9.95,-14.55,-1.12,3.72",2,8,-19.08823529411765,0.41923076923076924,794.5,-10705.5,-14583.0
ml,pred_focus_hit99_logit,0.61,0.5,0.6,80,218,0.6788990825688074,55.238532110091754,-7.426605504587156,-1619.0,18.10810810810811,-61.41428571428571,0.6234007908816004,-16.60909090909091,"-4.94,-16.61,-7.26,-0.78",2,8,-18.730769230769234,0.42660550458715596,725.5,-10774.5,-12696.5
ml,pred_focus_hit99_logit,0.61,0.5,0.6,85,218,0.6330275229357798,55.238532110091754,-7.931192660550461,-1729.0000000000005,23.057971014492754,-61.3875,0.6479332111586235,-16.881818181818183,"-9.12,-16.88,-5.41,-0.13",2,8,-19.000000000000004,0.42660550458715596,530.0,-10970.0,-13206.0
ml,pred_focus_hit99_logit,0.61,0.5,0.6,90,218,0.6055045871559633,55.238532110091754,-7.243119266055046,-1579.0,28.007575757575758,-61.348837209302324,0.7007202426080363,-17.51818181818182,"-9.30,-17.52,-3.74,1.81",2,8,-21.5,0.42660550458715596,661.5,-10838.5,-13623.0
ml,pred_focus_hit99_logit,0.61,0.5,0.6,95,218,0.573394495412844,55.238532110091754,-7.266055045871564,-1584.000000000001,32.956,-61.32795698924731,0.7222757955641272,-15.063636363636364,"-8.12,-15.06,-5.78,0.06",1,8,-19.277777777777782,0.42660550458715596,649.5,-10850.5,-14186.0
ml,pred_focus_hit99_logit,0.61,0.5,0.6,99,218,0.5504587155963303,55.238532110091754,-7.2431192660550465,-1579.0000000000002,36.95,-61.357142857142854,0.7374022950274406,-14.9,"-7.66,-14.90,-5.24,-1.02",2,8,-19.521276595744684,0.42660550458715596,655.0,-10845.0,-14521.5
ml,pred_focus_hit99_logit,0.62,0.5,0.6,80,187,0.6684491978609626,55.25668449197861,-8.280748663101605,-1548.5,18.108,-61.483870967741936,0.5937827911857293,-20.585106382978722,"-3.97,-20.59,-7.82,-0.59",1,8,-21.7,0.40106951871657753,788.0,-10712.0,-12452.5
ml,pred_focus_hit99_logit,0.62,0.5,0.6,85,187,0.6203208556149733,55.25668449197861,-9.029411764705886,-1688.5000000000007,23.086206896551722,-61.5,0.6133058513683728,-27.074468085106382,"-2.16,-27.07,-6.22,-0.48",1,8,-24.187500000000004,0.40106951871657753,598.0,-10902.0,-13123.0
ml,pred_focus_hit99_logit,0.62,0.5,0.6,90,187,0.5882352941176471,55.25668449197861,-8.815508021390375,-1648.5,28.027272727272727,-61.44805194805195,0.651590404734228,-28.882978723404257,"-2.48,-28.88,-4.84,1.15",1,8,-27.625,0.40106951871657753,611.5,-10888.5,-13628.0
ml,pred_focus_hit99_logit,0.62,0.5,0.6,95,187,0.5668449197860963,55.25668449197861,-7.906417112299469,-1478.5000000000007,32.98113207547169,-61.41358024691358,0.7027841994170267,-27.074468085106382,"-1.20,-27.07,-3.67,0.50",2,8,-25.750000000000004,0.40106951871657753,809.0,-10691.0,-13984.5
ml,pred_focus_hit99_logit,0.62,0.5,0.6,99,187,0.5454545454545454,55.25668449197861,-7.756684491978611,-1450.5000000000002,36.96078431372549,-61.417647058823526,0.7221530504740925,-27.73404255319149,"-0.76,-27.73,-1.20,-1.20",3,8,-24.250000000000004,0.40106951871657753,739.5,-10760.5,-14867.5
ml,pred_focus_hit99_logit,0.63,0.5,0.6,80,161,0.6583850931677019,55.2111801242236,-9.040372670807454,-1455.5,18.21698113207547,-61.57272727272727,0.570205226635169,-14.025,"-7.21,-14.03,-13.57,-1.40",1,8,-24.1,0.391304347826087,849.0,-10651.0,-12446.0
ml,pred_focus_hit99_logit,0.63,0.5,0.6,85,161,0.6086956521739131,55.2111801242236,-9.972049689440999,-1605.5000000000007,23.163265306122447,-61.51587301587302,0.5857308734356858,-21.65,"-5.87,-21.65,-12.70,0.22",1,8,-27.433333333333337,0.391304347826087,745.0,-10755.0,-13035.5
ml,pred_focus_hit99_logit,0.63,0.5,0.6,90,161,0.5714285714285714,55.2111801242236,-10.282608695652174,-1655.5,28.097826086956523,-61.45652173913044,0.6095979247730221,-28.275,"-2.57,-28.27,-12.07,1.60",2,8,-31.433333333333334,0.391304347826087,661.0,-10839.0,-13608.0
ml,pred_focus_hit99_logit,0.63,0.5,0.6,95,161,0.5527950310559007,55.2111801242236,-9.195652173913048,-1480.5000000000007,33.03932584269663,-61.40277777777778,0.6651210133453969,-26.4,"-1.60,-26.40,-11.70,2.72",2,8,-29.76666666666667,0.391304347826087,857.0,-10643.0,-13994.5
ml,pred_focus_hit99_logit,0.63,0.5,0.6,99,161,0.5279503105590062,55.2111801242236,-9.44409937888199,-1520.5000000000005,37.01764705882353,-61.4078947368421,0.6742018427255196,-29.85,"0.94,-29.85,-9.60,0.47",2,8,-28.433333333333334,0.391304347826087,684.5,-10815.5,-14409.0
ml,pred_focus_hit99_logit,0.64,0.5,0.6,80,133,0.6390977443609023,55.15789473684212,-10.530075187969924,-1400.5,18.17058823529412,-61.354166666666664,0.5244482173174873,-18.196969696969695,"-3.09,-15.71,-18.20,-5.35",1,8,-28.3,0.39097744360902253,935.0,-10565.0,-12246.5
ml,pred_focus_hit99_logit,0.64,0.5,0.6,85,133,0.5864661654135338,55.15789473684212,-11.808270676691732,-1570.5000000000005,23.128205128205124,-61.35454545454545,0.5345977181804711,-23.136363636363637,"-1.91,-23.14,-20.62,-1.86",1,8,-29.26923076923077,0.39097744360902253,723.5,-10776.5,-13021.5
ml,pred_focus_hit99_logit,0.64,0.5,0.6,90,133,0.5488721804511278,55.15789473684212,-12.259398496240602,-1630.5,28.102739726027398,-61.36666666666667,0.5571700162954916,-26.318181818181817,"1.62,-26.32,-23.65,-1.11",1,8,-34.26923076923077,0.39097744360902253,623.0,-10877.0,-13590.5
ml,pred_focus_hit99_logit,0.64,0.5,0.6,95,133,0.5263157894736842,55.15789473684212,-11.657894736842108,-1550.5000000000005,33.028571428571425,-61.30952380952381,0.5985760517799351,-24.40909090909091,"2.35,-24.35,-24.41,-0.65",1,8,-32.73076923076923,0.39097744360902253,739.0,-10761.0,-13991.0
ml,pred_focus_hit99_logit,0.64,0.5,0.6,99,133,0.5037593984962406,55.15789473684212,-11.785714285714286,-1567.5,37.007462686567166,-61.31818181818182,0.6126760563380281,-25.772727272727273,"5.06,-25.77,-22.83,-4.11",2,8,-31.5,0.39097744360902253,669.0,-10831.0,-14365.5
ml,pred_focus_hit99_logit,0.65,0.5,0.6,80,109,0.6238532110091743,55.1467889908257,-11.738532110091743,-1279.5,18.147058823529413,-61.30487804878049,0.49094887606922616,-23.24074074074074,"-4.86,-11.17,-23.24,-7.94",1,8,-28.7,0.43119266055045874,1064.0,-10436.0,-11759.5
ml,pred_focus_hit99_logit,0.65,0.5,0.6,85,109,0.5688073394495413,55.1467889908257,-13.298165137614681,-1449.5000000000002,23.04838709677419,-61.244680851063826,0.49643911759597004,-23.98148148148148,"-4.32,-20.61,-23.98,-4.61",1,8,-28.1,0.43119266055045874,832.5,-10667.5,-12356.0
ml,pred_focus_hit99_logit,0.65,0.5,0.6,90,109,0.5321100917431193,55.1467889908257,-13.756880733944953,-1499.5,28.06896551724138,-61.3235294117647,0.5205435651478817,-28.425925925925927,"-0.93,-21.54,-28.43,-4.61",1,8,-35.1,0.43119266055045874,822.0,-10678.0,-12765.0
ml,pred_focus_hit99_logit,0.65,0.5,0.6,95,109,0.5137614678899083,55.1467889908257,-12.839449541284408,-1399.5000000000005,33.03571428571428,-61.31132075471698,0.5693183566702569,-30.09259259259259,"-0.93,-19.31,-30.09,-1.46",1,8,-33.6,0.43119266055045874,847.0,-10653.0,-13124.0
ml,pred_focus_hit99_logit,0.65,0.5,0.6,99,109,0.48623853211009177,55.1467889908257,-13.509174311926605,-1472.5,37.009433962264154,-61.32142857142857,0.5711997670355271,-28.75925925925926,"1.64,-21.20,-28.76,-6.28",1,8,-32.4,0.43119266055045874,791.0,-10709.0,-13405.5
ml,pred_focus_hit99_logit,0.66,0.5,0.6,80,88,0.6022727272727273,55.352272727272734,-13.670454545454545,-1203.0,17.971698113207548,-61.58571428571429,0.441892832289492,-22.136363636363637,"-11.45,-10.55,-22.14,-10.55",1,8,-22.1,0.4318181818181818,1350.5,-10149.5,-11477.0
ml,pred_focus_hit99_logit,0.66,0.5,0.6,85,88,0.5340909090909091,55.352272727272734,-16.454545454545453,-1448.0,22.81914893617021,-61.47560975609756,0.4255108113469549,-23.5,"-12.14,-22.82,-23.50,-7.36",1,8,-28.1,0.4318181818181818,907.0,-10593.0,-12262.0
ml,pred_focus_hit99_logit,0.66,0.5,0.6,90,88,0.5,55.352272727272734,-16.852272727272727,-1483.0,27.954545454545453,-61.65909090909091,0.4533726502027276,-25.318181818181817,"-9.18,-24.64,-25.32,-8.27",1,8,-35.1,0.4318181818181818,793.0,-10707.0,-12769.5
ml,pred_focus_hit99_logit,0.66,0.5,0.6,95,88,0.4772727272727273,55.352272727272734,-16.51136363636364,-1453.0000000000005,32.9047619047619,-61.630434782608695,0.48747795414462075,-23.272727272727273,"-10.55,-22.59,-23.27,-9.64",1,8,-33.6,0.4318181818181818,797.0,-10703.0,-13130.5
ml,pred_focus_hit99_logit,0.66,0.5,0.6,99,88,0.4431818181818182,55.352272727272734,-17.977272727272727,-1582.0,36.85897435897436,-61.62244897959184,0.4760721973836728,-25.454545454545453,"-8.36,-25.45,-21.64,-16.45",0,8,-32.4,0.4318181818181818,785.5,-10714.5,-13340.5
ml,pred_focus_hit99_logit,0.67,0.5,0.6,80,79,0.620253164556962,55.354430379746844,-12.234177215189874,-966.5,18.112244897959183,-61.8,0.47869471413160736,-22.25,"-10.40,-9.70,-22.25,-6.29",1,8,-57.5,0.4050632911392405,1841.5,-9658.5,-11136.5
ml,pred_focus_hit99_logit,0.67,0.5,0.6,85,79,0.5443037974683544,55.354430379746844,-15.58860759493671,-1231.5,22.96511627906976,-61.638888888888886,0.44502027940513733,-24.0,"-11.40,-23.45,-24.00,-2.87",2,8,-57.5,0.4050632911392405,1277.0,-10223.0,-12023.5
ml,pred_focus_hit99_logit,0.67,0.5,0.6,90,79,0.5063291139240507,55.354430379746844,-16.28481012658228,-1286.5,28.125,-61.833333333333336,0.4665146174580137,-26.25,"-8.40,-25.70,-26.25,-4.18",1,8,-57.5,0.4050632911392405,1240.5,-10259.5,-12451.0
ml,pred_focus_hit99_logit,0.67,0.5,0.6,95,79,0.4810126582278481,55.354430379746844,-16.158227848101266,-1276.5,33.07894736842104,-61.792682926829265,0.4961515689757251,-24.25,"-10.15,-23.70,-24.25,-6.03",2,8,-57.5,0.4050632911392405,1106.5,-10393.5,-12865.5
ml,pred_focus_hit99_logit,0.67,0.5,0.6,99,79,0.4430379746835443,55.354430379746844,-17.99367088607595,-1421.5,37.042857142857144,-61.77272727272727,0.4770051508462104,-27.05,"-7.95,-27.05,-22.65,-14.13",0,8,-57.5,0.4050632911392405,897.0,-10603.0,-13213.5
ml,pred_focus_hit99_logit,0.68,0.5,0.6,80,70,0.6428571428571429,55.614285714285714,-10.685714285714285,-748.0,17.92222222222222,-62.18,0.5188163396590544,-25.323529411764707,"-9.61,-8.06,-25.32,0.03",1,7,-17.61111111111111,0.4142857142857143,2830.5,-8669.5,-9919.0
ml,pred_focus_hit99_logit,0.68,0.5,0.6,85,70,0.5571428571428572,55.614285714285714,-14.757142857142858,-1033.0,22.730769230769226,-61.91935483870968,0.46183902057827547,-32.970588235294116,"-11.00,-18.89,-32.97,3.85",3,7,-27.772727272727273,0.4142857142857143,1574.5,-9925.5,-11157.0
ml,pred_focus_hit99_logit,0.68,0.5,0.6,90,70,0.5142857142857142,55.614285714285714,-15.82857142857143,-1108.0,27.88888888888889,-62.11764705882353,0.4753787878787879,-36.5,"-7.94,-21.39,-36.50,2.38",2,7,-32.05555555555556,0.4142857142857143,1438.0,-10062.0,-11558.5
ml,pred_focus_hit99_logit,0.68,0.5,0.6,95,70,0.4857142857142857,55.614285714285714,-15.971428571428575,-1118.0000000000002,32.823529411764696,-62.05555555555556,0.49955237242614126,-35.029411764705884,"-10.17,-19.17,-35.03,0.32",2,7,-30.38888888888889,0.4142857142857143,1413.0,-10087.0,-11816.0
ml,pred_focus_hit99_logit,0.68,0.5,0.6,99,70,0.44285714285714284,55.614285714285714,-18.271428571428572,-1279.0,36.75806451612903,-62.01282051282051,0.4711598097994625,-33.85294117647059,"-7.94,-22.89,-33.85,-8.74",0,7,-31.045454545454547,0.4142857142857143,968.5,-10531.5,-12076.5
ml,pred_focus_hit99_logit,0.69,0.5,0.6,80,61,0.6557377049180327,55.59016393442624,-9.631147540983607,-587.5,17.925,-62.11904761904762,0.5496358758144884,-26.033333333333335,"-13.19,-2.63,-26.03,3.57",3,7,-17.61111111111111,0.4098360655737705,3584.0,-7916.0,-9285.5
ml,pred_focus_hit99_logit,0.69,0.5,0.6,85,61,0.5573770491803278,55.59016393442624,-14.713114754098363,-897.5000000000001,22.70588235294117,-61.833333333333336,0.46241389637616037,-35.03333333333333,"-15.38,-15.97,-35.03,7.57",3,7,-26.868421052631582,0.4098360655737705,2059.0,-9441.0,-10822.5
ml,pred_focus_hit99_logit,0.69,0.5,0.6,90,61,0.5081967213114754,55.59016393442624,-16.352459016393443,-997.5,27.887096774193548,-62.06666666666667,0.4642857142857143,-39.36666666666667,"-12.56,-19.30,-39.37,5.57",2,7,-32.05555555555556,0.4098360655737705,1639.5,-9860.5,-11357.0
ml,pred_focus_hit99_logit,0.69,0.5,0.6,95,61,0.47540983606557374,55.59016393442624,-16.92622950819672,-1032.5,32.8103448275862,-62.0,0.47958669354838696,-38.03333333333333,"-15.69,-16.97,-38.03,2.90",2,7,-30.38888888888889,0.4098360655737705,1517.5,-9982.5,-11744.0
ml,pred_focus_hit99_logit,0.69,0.5,0.6,99,61,0.4262295081967213,55.59016393442624,-19.89344262295082,-1213.5,36.73076923076923,-61.957142857142856,0.4403965875028822,-36.96666666666667,"-13.69,-21.70,-36.97,-7.63",0,7,-31.394736842105264,0.4098360655737705,1199.5,-10300.5,-11885.0
ml,pred_focus_hit99_logit,0.7,0.5,0.6,80,52,0.6730769230769231,55.61538461538461,-8.26923076923077,-430.0,17.9,-62.14705882352941,0.5929957406530999,-14.884615384615385,"-7.73,-5.81,-14.88,-4.65",2,6,-14.45,0.4423076923076923,4743.0,-6757.0,-8202.5
ml,pred_focus_hit99_logit,0.7,0.5,0.6,85,52,0.5769230769230769,55.61538461538461,-13.076923076923077,-680.0,22.59999999999999,-61.72727272727273,0.499263622974963,-21.96153846153846,"-10.81,-21.96,-18.35,-1.19",2,6,-20.500000000000004,0.4423076923076923,2944.5,-8555.5,-10012.5
ml,pred_focus_hit99_logit,0.7,0.5,0.6,90,52,0.5384615384615384,55.61538461538461,-13.653846153846153,-710.0,27.714285714285715,-61.916666666666664,0.522207267833109,-26.576923076923077,"-7.73,-26.58,-22.58,2.27",2,6,-23.625,0.4423076923076923,2814.5,-8685.5,-10452.5
ml,pred_focus_hit99_logit,0.7,0.5,0.6,95,52,0.5,55.61538461538461,-14.615384615384617,-760.0000000000001,32.615384615384606,-61.84615384615385,0.5273631840796018,-24.653846153846153,"-11.96,-24.65,-20.27,-1.58",2,6,-28.500000000000004,0.4423076923076923,2460.5,-9039.5,-10942.0
ml,pred_focus_hit99_logit,0.7,0.5,0.6,99,52,0.4423076923076923,55.61538461538461,-18.326923076923077,-953.0,36.5,-61.810344827586206,0.46834030683403066,-30.73076923076923,"-9.81,-30.73,-18.42,-14.35",0,6,-57.5,0.4423076923076923,1851.5,-9648.5,-11154.0
ml,pred_focus_hit99_logit,0.71,0.5,0.6,80,42,0.6666666666666666,55.761904761904766,-8.928571428571429,-375.0,17.678571428571427,-62.142857142857146,0.5689655172413793,-12.318181818181818,"-12.32,-10.77,-8.40,-3.70",2,6,-20.264705882352942,0.4523809523809524,5442.0,-6058.0,-7657.5
ml,pred_focus_hit99_logit,0.71,0.5,0.6,85,42,0.6190476190476191,55.761904761904766,-9.642857142857146,-405.0000000000001,22.384615384615376,-61.6875,0.5896656534954405,-23.045454545454547,"-9.14,-23.05,-4.90,-0.20",2,6,-17.617647058823536,0.4523809523809524,4916.0,-6584.0,-8485.0
ml,pred_focus_hit99_logit,0.71,0.5,0.6,90,42,0.5714285714285714,55.761904761904766,-10.833333333333334,-455.0,27.5,-61.94444444444444,0.5919282511210763,-28.954545454545453,"-5.95,-28.95,-10.40,3.30",2,6,-24.7,0.4523809523809524,4500.5,-6999.5,-9152.0
ml,pred_focus_hit99_logit,0.71,0.5,0.6,95,42,0.5238095238095238,55.761904761904766,-12.500000000000005,-525.0000000000002,32.36363636363636,-61.85,0.5755860953920775,-27.136363636363637,"-11.41,-27.14,-7.40,-2.70",2,6,-28.500000000000004,0.4523809523809524,3855.0,-7645.0,-9794.0
ml,pred_focus_hit99_logit,0.71,0.5,0.6,99,42,0.4523809523809524,55.761904761904766,-17.476190476190474,-734.0,36.18421052631579,-61.80434782608695,0.4836440379880408,-34.68181818181818,"-9.23,-34.68,-5.00,-20.10",1,6,-57.5,0.4523809523809524,2708.0,-8792.0,-10297.5
ml,pred_focus_hit99_logit,0.72,0.5,0.6,80,36,0.6111111111111112,55.77777777777777,-13.38888888888889,-482.0,17.636363636363637,-62.142857142857146,0.4459770114942529,-18.27777777777778,"-18.28,-18.17,-10.83,-6.28",2,6,-32.166666666666664,0.4722222222222222,4481.5,-7018.5,-8142.5
ml,pred_focus_hit99_logit,0.72,0.5,0.6,85,36,0.5555555555555556,55.77777777777777,-15.055555555555555,-542.0,22.249999999999993,-61.6875,0.4508611955420465,-24.833333333333336,"-15.50,-24.83,-16.94,-2.94",2,6,-30.5,0.4722222222222222,3991.5,-7508.5,-8789.0
ml,pred_focus_hit99_logit,0.72,0.5,0.6,90,36,0.5277777777777778,55.77777777777777,-14.777777777777779,-532.0,27.342105263157894,-61.85294117647059,0.4940561103185925,-32.611111111111114,"-12.72,-32.61,-14.17,0.39",2,6,-28.833333333333332,0.4722222222222222,3989.0,-7511.0,-9046.5
ml,pred_focus_hit99_logit,0.72,0.5,0.6,95,36,0.4722222222222222,55.77777777777777,-17.416666666666668,-627.0,32.147058823529406,-61.76315789473684,0.46570089475926707,-30.944444444444443,"-20.50,-30.94,-11.39,-6.83",2,6,-60.0,0.4722222222222222,3388.0,-8112.0,-9595.0
ml,pred_focus_hit99_logit,0.72,0.5,0.6,99,36,0.3888888888888889,55.77777777777777,-23.77777777777778,-856.0,35.857142857142854,-61.72727272727273,0.3696612665684831,-40.611111111111114,"-18.72,-40.61,-9.17,-26.61",1,6,-60.0,0.4722222222222222,2209.5,-9290.5,-10120.0
ml,pred_focus_hit99_logit,0.73,0.5,0.6,80,33,0.6060606060606061,55.87878787878788,-13.893939393939394,-458.5,17.7,-62.5,0.4356923076923077,-23.5,"-18.28,-13.25,-23.50,0.00",2,6,-32.166666666666664,0.42424242424242425,4906.5,-6593.5,-7798.5
ml,pred_focus_hit99_logit,0.73,0.5,0.6,85,33,0.5757575757575758,55.87878787878788,-13.439393939393943,-443.5000000000001,22.394736842105257,-62.07142857142857,0.48964326812428066,-21.0,"-15.50,-20.75,-21.00,3.75",2,6,-30.5,0.42424242424242425,4772.0,-6728.0,-8155.5
ml,pred_focus_hit99_logit,0.73,0.5,0.6,90,33,0.5454545454545454,55.87878787878788,-13.287878787878787,-438.5,27.5,-62.233333333333334,0.5302624531333691,-29.5,"-12.72,-29.50,-18.50,7.50",2,6,-28.833333333333332,0.42424242424242425,4772.0,-6728.0,-8412.0
ml,pred_focus_hit99_logit,0.73,0.5,0.6,95,33,0.48484848484848486,55.87878787878788,-16.318181818181817,-538.5,32.31249999999999,-62.088235294117645,0.4898152534343912,-27.625,"-20.50,-27.62,-16.00,-0.63",2,6,-60.0,0.42424242424242425,4041.5,-7458.5,-9081.5
ml,pred_focus_hit99_logit,0.73,0.5,0.6,99,33,0.3939393939393939,55.87878787878788,-23.37878787878788,-771.5,36.03846153846154,-62.0,0.3778225806451613,-38.5,"-18.72,-38.50,-14.00,-22.88",1,6,-60.0,0.42424242424242425,2693.0,-8807.0,-9636.5
ml,pred_focus_hit99_logit,0.52,0.5,0.65,80,702,0.6723646723646723,55.08974358974359,-7.772079772079772,-5456.0,18.37923728813559,-61.43913043478261,0.6138985209822376,-12.556818181818182,"-10.66,-12.56,-2.07,-5.76",0,8,-17.906779661016948,0.45014245014245013,-55.99999999999998,-11556.0,-12601.5
ml,pred_focus_hit99_logit,0.52,0.5,0.65,85,702,0.6296296296296297,55.08974358974359,-8.04985754985755,-5651.000000000001,23.400452488687783,-61.51538461538462,0.6466800050018757,-13.755681818181818,"-13.76,-12.41,0.19,-6.16",0,8,-16.635593220338986,0.45014245014245013,-43.00000000000006,-11543.0,-12637.5
ml,pred_focus_hit99_logit,0.52,0.5,0.65,90,702,0.5968660968660968,55.08974358974359,-7.8575498575498575,-5516.0,28.399761336515514,-61.53886925795053,0.683270649708593,-13.636363636363637,"-13.50,-13.64,1.24,-5.47",1,8,-17.059322033898304,0.45014245014245013,-57.0,-11557.0,-13243.0
ml,pred_focus_hit99_logit,0.52,0.5,0.65,95,702,0.5598290598290598,55.08974358974359,-8.398860398860402,-5896.000000000002,33.36259541984733,-61.51294498381877,0.6898066552676575,-14.068181818181824,"-14.07,-13.15,-0.70,-5.61",0,8,-17.82203389830509,0.45014245014245013,-19.500000000000007,-11519.5,-13735.0
ml,pred_focus_hit99_logit,0.52,0.5,0.65,99,702,0.5398860398860399,55.08974358974359,-8.13960113960114,-5714.0,37.33905013192612,-61.5030959752322,0.7123656590571594,-13.193181818181818,"-13.19,-12.26,-2.10,-4.96",0,8,-15.991525423728815,0.45014245014245013,-7.000000000000014,-11507.0,-14224.5
ml,pred_focus_hit99_logit,0.53,0.5,0.65,80,657,0.6727549467275494,55.11415525114156,-7.763318112633181,-5100.5,18.350678733031675,-61.448837209302326,0.6139348295045982,-11.798780487804878,"-10.20,-11.80,-3.08,-5.96",0,8,-16.394736842105264,0.4490106544901065,-4.5,-11504.5,-12550.0
ml,pred_focus_hit99_logit,0.53,0.5,0.65,85,657,0.6331811263318112,55.11415525114156,-7.770928462709287,-5105.500000000002,23.35576923076923,-61.5,0.6555341901966738,-13.172727272727276,"-13.17,-11.31,-0.46,-6.11",0,8,-15.455555555555557,0.4490106544901065,-35.5,-11535.5,-12630.0
ml,pred_focus_hit99_logit,0.53,0.5,0.65,90,657,0.5981735159817352,55.11415525114156,-7.763318112633181,-5100.5,28.352417302798983,-61.52651515151515,0.685987810133596,-13.05151515151515,"-13.05,-12.77,-0.15,-5.04",1,8,-16.733333333333334,0.4490106544901065,-51.5,-11551.5,-13237.5
ml,pred_focus_hit99_logit,0.53,0.5,0.65,95,657,0.5616438356164384,55.11415525114156,-8.250380517503809,-5420.500000000002,33.294037940379404,-61.479166666666664,0.6938608381339659,-13.809090909090914,"-13.81,-12.41,-1.37,-5.38",1,8,-16.307017543859654,0.4490106544901065,-18.0,-11518.0,-13733.5
ml,pred_focus_hit99_logit,0.53,0.5,0.65,99,657,0.5403348554033486,55.11415525114156,-8.119482496194825,-5334.5,37.26619718309859,-61.47019867549669,0.7126427494074553,-12.996969696969696,"-13.00,-11.57,-3.06,-4.82",1,8,-15.533333333333335,0.4490106544901065,-28.0,-11528.0,-14245.5
ml,pred_focus_hit99_logit,0.54,0.5,0.65,80,604,0.6771523178807947,55.180463576158935,-7.475165562913907,-4515.0,18.28484107579462,-61.50512820512821,0.623546087464043,-12.910596026490067,"-9.24,-12.91,-2.70,-5.05",0,8,-18.26,0.4370860927152318,-8.0,-11508.0,-12553.5
ml,pred_focus_hit99_logit,0.54,0.5,0.65,85,604,0.6357615894039735,55.180463576158935,-7.615894039735102,-4600.000000000002,23.2890625,-61.55909090909091,0.6603411356420291,-12.67880794701987,"-12.16,-12.68,-0.18,-5.45",1,8,-17.260000000000005,0.4370860927152318,-31.500000000000036,-11531.5,-12626.0
ml,pred_focus_hit99_logit,0.54,0.5,0.65,90,604,0.6043046357615894,55.180463576158935,-7.276490066225166,-4395.0,28.283561643835615,-61.5836820083682,0.7013962020586337,-13.97019867549669,"-11.63,-13.97,0.41,-3.92",1,8,-18.26,0.4370860927152318,-4.500000000000007,-11504.5,-13190.5
ml,pred_focus_hit99_logit,0.54,0.5,0.65,95,604,0.5662251655629139,55.180463576158935,-7.880794701986758,-4760.000000000002,33.22222222222222,-61.534351145038165,0.7047512715543978,-13.83774834437086,"-12.62,-13.84,-0.58,-4.49",1,8,-19.660000000000004,0.4370860927152318,-9.500000000000036,-11509.5,-13725.0
ml,pred_focus_hit99_logit,0.54,0.5,0.65,99,604,0.543046357615894,55.180463576158935,-7.917218543046357,-4782.0,37.1890243902439,-61.52173913043478,0.718374558303887,-13.135761589403973,"-11.86,-13.14,-1.31,-5.35",1,8,-17.900000000000002,0.4370860927152318,-14.000000000000007,-11514.0,-14231.5
ml,pred_focus_hit99_logit,0.55,0.5,0.65,80,549,0.663023679417122,55.21675774134791,-8.638433515482696,-4742.5,18.23076923076923,-61.505405405405405,0.5832051676407259,-13.813868613138686,"-11.28,-13.81,-3.10,-6.34",0,8,-18.7,0.43897996357012753,-4.5,-11504.5,-12290.5
ml,pred_focus_hit99_logit,0.55,0.5,0.65,85,549,0.6174863387978142,55.21675774134791,-9.203096539162114,-5052.500000000001,23.231563421828906,-61.56190476190476,0.6091816212871286,-14.905797101449275,"-14.91,-13.92,-0.73,-7.22",0,8,-18.18421052631579,0.43897996357012753,-31.000000000000007,-11531.0,-12625.5
ml,pred_focus_hit99_logit,0.55,0.5,0.65,90,549,0.5883424408014571,55.21675774134791,-8.747723132969035,-4802.5,28.208978328173373,-61.56637168141593,0.6548440419721144,-15.054744525547445,"-14.11,-15.05,-0.47,-5.32",0,8,-19.366666666666667,0.43897996357012753,-43.50000000000001,-11543.5,-13229.5
ml,pred_focus_hit99_logit,0.55,0.5,0.65,95,549,0.5500910746812386,55.21675774134791,-9.448998178506377,-5187.500000000001,33.13245033112583,-61.512145748987855,0.6585710994833317,-15.237226277372264,"-14.91,-15.24,-1.97,-5.65",0,8,-21.25555555555556,0.43897996357012753,-13.0,-11513.0,-13728.5
ml,pred_focus_hit99_logit,0.55,0.5,0.65,99,549,0.5264116575591985,55.21675774134791,-9.600182149362476,-5270.5,37.0916955017301,-61.5,0.6703877423389618,-14.369565217391306,"-14.37,-14.00,-3.82,-6.17",0,8,-19.56666666666667,0.43897996357012753,-35.5,-11535.5,-14253.0
ml,pred_focus_hit99_logit,0.56,0.5,0.65,80,499,0.6693386773547094,55.22645290581163,-8.17935871743487,-4081.5,18.143712574850298,-61.46363636363636,0.5975447419020855,-12.38,"-11.77,-12.38,-3.52,-5.02",0,8,-20.371794871794872,0.4408817635270541,-23.5,-11523.5,-12097.5
ml,pred_focus_hit99_logit,0.56,0.5,0.65,85,499,0.625250501002004,55.22645290581163,-8.580160320641284,-4281.500000000001,23.125,-61.47860962566845,0.6275823076588527,-15.452,"-15.45,-11.34,-1.24,-6.27",0,8,-19.98717948717949,0.4408817635270541,-43.500000000000014,-11543.5,-12638.0
ml,pred_focus_hit99_logit,0.56,0.5,0.65,90,499,0.5951903807615231,55.22645290581163,-8.159318637274549,-4071.5,28.10942760942761,-61.48514851485149,0.672181964573269,-14.892,"-14.89,-12.70,-0.56,-4.46",1,8,-22.166666666666668,0.4408817635270541,-7.0,-11507.0,-13193.0
ml,pred_focus_hit99_logit,0.56,0.5,0.65,95,499,0.5571142284569138,55.22645290581163,-8.800601202404813,-4391.500000000002,33.04676258992806,-61.44117647058823,0.6765843060720993,-15.332000000000003,"-15.33,-13.02,-1.72,-5.10",0,8,-24.85897435897436,0.4408817635270541,-57.50000000000002,-11557.5,-13773.0
ml,pred_focus_hit99_logit,0.56,0.5,0.65,99,499,0.5350701402805611,55.22645290581163,-8.754509018036073,-4368.5,37.04307116104869,-61.46120689655172,0.6936320920120626,-14.964,"-14.96,-11.76,-3.15,-5.11",0,8,-23.320512820512825,0.4408817635270541,-7.500000000000007,-11507.5,-14225.0
ml,pred_focus_hit99_logit,0.57,0.5,0.65,80,441,0.673469387755102,55.265306122448976,-7.887755102040816,-3478.5,18.069023569023567,-61.423611111111114,0.6067269643866592,-13.6,"-11.22,-13.60,-2.90,-3.80",0,8,-17.757142857142856,0.42403628117913833,-40.50000000000001,-11540.5,-12114.5
ml,pred_focus_hit99_logit,0.57,0.5,0.65,85,441,0.6349206349206349,55.265306122448976,-7.797052154195013,-3438.500000000001,23.02857142857142,-61.40683229813665,0.6522024983563444,-14.95945945945946,"-14.96,-12.92,-0.76,-2.48",1,8,-17.878787878787882,0.42403628117913833,-19.5,-11519.5,-12614.0
ml,pred_focus_hit99_logit,0.57,0.5,0.65,90,441,0.6077097505668935,55.265306122448976,-7.071428571428571,-3118.5,27.996268656716417,-61.395953757225435,0.7063974014969637,-14.963636363636363,"-13.83,-14.96,1.19,-0.62",1,8,-19.393939393939394,0.42403628117913833,-44.0,-11544.0,-13230.0
ml,pred_focus_hit99_logit,0.57,0.5,0.65,95,441,0.5714285714285714,55.265306122448976,-7.479591836734697,-3298.5000000000014,32.92857142857143,-61.357142857142854,0.7155607295304618,-16.690909090909095,"-12.89,-16.69,-0.49,0.20",1,8,-20.471428571428575,0.42403628117913833,-53.0,-11553.0,-13768.5
ml,pred_focus_hit99_logit,0.57,0.5,0.65,99,441,0.5510204081632653,55.265306122448976,-7.214285714285715,-3181.5000000000005,36.940329218106996,-61.4040404040404,0.7383204474420135,-14.8,"-12.62,-14.80,-1.51,0.12",0,8,-18.75714285714286,0.42403628117913833,-49.0,-11549.0,-14266.5
ml,pred_focus_hit99_logit,0.58,0.5,0.65,80,367,0.6811989100817438,55.26158038147139,-7.26566757493188,-2666.5,17.988,-61.22649572649573,0.6277657569623787,-14.51086956521739,"-9.45,-14.51,-1.17,-3.90",1,8,-17.846153846153847,0.4196185286103542,-5.0,-11505.0,-12079.0
ml,pred_focus_hit99_logit,0.58,0.5,0.65,85,367,0.6376021798365122,55.26158038147139,-7.56539509536785,-2776.500000000001,22.944444444444443,-61.244360902255636,0.6591369467804309,-14.500000000000002,"-14.50,-14.35,0.78,-2.14",1,8,-18.423076923076927,0.4196185286103542,-2.5,-11502.5,-12597.0
ml,pred_focus_hit99_logit,0.58,0.5,0.65,90,367,0.6130790190735694,55.26158038147139,-6.584468664850136,-2416.5,27.90888888888889,-61.23943661971831,0.7221136154553818,-15.48913043478261,"-13.68,-15.49,2.52,0.39",1,8,-19.596774193548388,0.4196185286103542,-1.0,-11501.0,-13187.0
ml,pred_focus_hit99_logit,0.58,0.5,0.65,95,367,0.5831062670299727,55.26158038147139,-6.366485013623983,-2336.500000000002,32.90654205607476,-61.29738562091503,0.75086634323186,-15.000000000000005,"-12.05,-15.00,0.95,0.72",2,8,-17.258064516129036,0.4196185286103542,-3.0000000000000497,-11503.0,-13718.5
ml,pred_focus_hit99_logit,0.58,0.5,0.65,99,367,0.5613079019073569,55.26158038147139,-6.192098092643053,-2272.5000000000005,36.907766990291265,-61.338509316770185,0.7698850691104248,-14.119565217391305,"-11.04,-14.12,-0.71,1.18",1,8,-18.580645161290327,0.4196185286103542,-14.500000000000014,-11514.5,-14232.0
ml,pred_focus_hit99_logit,0.59,0.5,0.65,80,311,0.6655948553054662,55.263665594855304,-8.516077170418006,-2648.5,18.016908212560388,-61.32692307692308,0.584744433991847,-16.512820512820515,"-10.31,-16.51,0.45,-7.68",1,8,-16.108695652173914,0.43729903536977494,-25.999999999999993,-11526.0,-13207.5
ml,pred_focus_hit99_logit,0.59,0.5,0.65,85,311,0.6270096463022508,55.263665594855304,-8.467845659163988,-2633.5000000000005,22.997435897435896,-61.36206896551724,0.6300224782242203,-16.96153846153846,"-13.64,-16.96,2.18,-5.41",1,8,-19.91818181818182,0.43729903536977494,-21.000000000000007,-11521.0,-13663.0
ml,pred_focus_hit99_logit,0.59,0.5,0.65,90,311,0.6012861736334405,55.263665594855304,-7.647909967845659,-2378.5,27.93850267379679,-61.314516129032256,0.6871629619886886,-18.94871794871795,"-13.13,-18.95,4.81,-3.27",2,8,-22.37272727272727,0.43729903536977494,-49.50000000000001,-11549.5,-14165.0
ml,pred_focus_hit99_logit,0.59,0.5,0.65,95,311,0.572347266881029,55.263665594855304,-7.390675241157558,-2298.5000000000005,32.90449438202247,-61.31954887218045,0.7181656550793942,-17.794871794871796,"-11.65,-17.79,3.65,-3.72",2,8,-20.190909090909095,0.43729903536977494,-44.0,-11544.0,-14678.5
ml,pred_focus_hit99_logit,0.59,0.5,0.65,99,311,0.5530546623794212,55.263665594855304,-7.011254019292605,-2180.5,36.906976744186046,-61.356115107913666,0.7443278419417249,-17.21794871794872,"-10.82,-17.22,2.62,-2.56",2,8,-22.04545454545455,0.43729903536977494,-7.105427357601002e-15,-11500.0,-14998.5
ml,pred_focus_hit99_logit,0.6,0.5,0.65,80,260,0.6846153846153846,55.32692307692307,-7.0576923076923075,-1835.0,18.01123595505618,-61.47560975609756,0.6359849236262646,-17.453846153846154,"-7.58,-17.45,-1.73,-1.47",2,8,-17.4,0.41923076923076924,480.0,-11020.0,-12701.5
ml,pred_focus_hit99_logit,0.6,0.5,0.65,85,260,0.6423076923076924,55.32692307692307,-7.230769230769233,-1880.0000000000005,22.98502994011976,-61.48924731182796,0.6712424586867185,-17.3,"-12.04,-17.30,-0.58,0.99",2,8,-18.900000000000006,0.41923076923076924,401.5,-11098.5,-13376.5
ml,pred_focus_hit99_logit,0.6,0.5,0.65,90,260,0.6192307692307693,55.32692307692307,-6.096153846153846,-1585.0,27.940993788819874,-61.44949494949495,0.7394591928988247,-17.453846153846154,"-11.88,-17.45,1.65,3.30",3,8,-20.9,0.41923076923076924,748.5,-10751.5,-13784.5
ml,pred_focus_hit99_logit,0.6,0.5,0.65,95,260,0.5884615384615385,55.32692307692307,-5.923076923076927,-1540.000000000001,32.885620915032675,-61.41588785046729,0.7656547211443353,-14.992307692307694,"-10.58,-14.99,-2.12,3.99",3,8,-18.650000000000006,0.41923076923076924,728.5,-10771.5,-14240.0
ml,pred_focus_hit99_logit,0.6,0.5,0.65,99,260,0.5692307692307692,55.32692307692307,-5.473076923076924,-1423.0000000000002,36.87837837837838,-61.4375,0.7931986629850313,-14.546153846153846,"-9.95,-14.55,-1.12,3.72",2,8,-19.08823529411765,0.41923076923076924,794.5,-10705.5,-14583.0
ml,pred_focus_hit99_logit,0.61,0.5,0.65,80,218,0.6788990825688074,55.238532110091754,-7.426605504587156,-1619.0,18.10810810810811,-61.41428571428571,0.6234007908816004,-16.60909090909091,"-4.94,-16.61,-7.26,-0.78",2,8,-18.730769230769234,0.42660550458715596,725.5,-10774.5,-12696.5
ml,pred_focus_hit99_logit,0.61,0.5,0.65,85,218,0.6330275229357798,55.238532110091754,-7.931192660550461,-1729.0000000000005,23.057971014492754,-61.3875,0.6479332111586235,-16.881818181818183,"-9.12,-16.88,-5.41,-0.13",2,8,-19.000000000000004,0.42660550458715596,530.0,-10970.0,-13206.0
ml,pred_focus_hit99_logit,0.61,0.5,0.65,90,218,0.6055045871559633,55.238532110091754,-7.243119266055046,-1579.0,28.007575757575758,-61.348837209302324,0.7007202426080363,-17.51818181818182,"-9.30,-17.52,-3.74,1.81",2,8,-21.5,0.42660550458715596,661.5,-10838.5,-13623.0
ml,pred_focus_hit99_logit,0.61,0.5,0.65,95,218,0.573394495412844,55.238532110091754,-7.266055045871564,-1584.000000000001,32.956,-61.32795698924731,0.7222757955641272,-15.063636363636364,"-8.12,-15.06,-5.78,0.06",1,8,-19.277777777777782,0.42660550458715596,649.5,-10850.5,-14186.0
ml,pred_focus_hit99_logit,0.61,0.5,0.65,99,218,0.5504587155963303,55.238532110091754,-7.2431192660550465,-1579.0000000000002,36.95,-61.357142857142854,0.7374022950274406,-14.9,"-7.66,-14.90,-5.24,-1.02",2,8,-19.521276595744684,0.42660550458715596,655.0,-10845.0,-14521.5
ml,pred_focus_hit99_logit,0.62,0.5,0.65,80,187,0.6684491978609626,55.25668449197861,-8.280748663101605,-1548.5,18.108,-61.483870967741936,0.5937827911857293,-20.585106382978722,"-3.97,-20.59,-7.82,-0.59",1,8,-21.7,0.40106951871657753,788.0,-10712.0,-12452.5
ml,pred_focus_hit99_logit,0.62,0.5,0.65,85,187,0.6203208556149733,55.25668449197861,-9.029411764705886,-1688.5000000000007,23.086206896551722,-61.5,0.6133058513683728,-27.074468085106382,"-2.16,-27.07,-6.22,-0.48",1,8,-24.187500000000004,0.40106951871657753,598.0,-10902.0,-13123.0
ml,pred_focus_hit99_logit,0.62,0.5,0.65,90,187,0.5882352941176471,55.25668449197861,-8.815508021390375,-1648.5,28.027272727272727,-61.44805194805195,0.651590404734228,-28.882978723404257,"-2.48,-28.88,-4.84,1.15",1,8,-27.625,0.40106951871657753,611.5,-10888.5,-13628.0
ml,pred_focus_hit99_logit,0.62,0.5,0.65,95,187,0.5668449197860963,55.25668449197861,-7.906417112299469,-1478.5000000000007,32.98113207547169,-61.41358024691358,0.7027841994170267,-27.074468085106382,"-1.20,-27.07,-3.67,0.50",2,8,-25.750000000000004,0.40106951871657753,809.0,-10691.0,-13984.5
ml,pred_focus_hit99_logit,0.62,0.5,0.65,99,187,0.5454545454545454,55.25668449197861,-7.756684491978611,-1450.5000000000002,36.96078431372549,-61.417647058823526,0.7221530504740925,-27.73404255319149,"-0.76,-27.73,-1.20,-1.20",3,8,-24.250000000000004,0.40106951871657753,739.5,-10760.5,-14867.5
ml,pred_focus_hit99_logit,0.63,0.5,0.65,80,161,0.6583850931677019,55.2111801242236,-9.040372670807454,-1455.5,18.21698113207547,-61.57272727272727,0.570205226635169,-14.025,"-7.21,-14.03,-13.57,-1.40",1,8,-24.1,0.391304347826087,849.0,-10651.0,-12446.0
ml,pred_focus_hit99_logit,0.63,0.5,0.65,85,161,0.6086956521739131,55.2111801242236,-9.972049689440999,-1605.5000000000007,23.163265306122447,-61.51587301587302,0.5857308734356858,-21.65,"-5.87,-21.65,-12.70,0.22",1,8,-27.433333333333337,0.391304347826087,745.0,-10755.0,-13035.5
ml,pred_focus_hit99_logit,0.63,0.5,0.65,90,161,0.5714285714285714,55.2111801242236,-10.282608695652174,-1655.5,28.097826086956523,-61.45652173913044,0.6095979247730221,-28.275,"-2.57,-28.27,-12.07,1.60",2,8,-31.433333333333334,0.391304347826087,661.0,-10839.0,-13608.0
ml,pred_focus_hit99_logit,0.63,0.5,0.65,95,161,0.5527950310559007,55.2111801242236,-9.195652173913048,-1480.5000000000007,33.03932584269663,-61.40277777777778,0.6651210133453969,-26.4,"-1.60,-26.40,-11.70,2.72",2,8,-29.76666666666667,0.391304347826087,857.0,-10643.0,-13994.5
ml,pred_focus_hit99_logit,0.63,0.5,0.65,99,161,0.5279503105590062,55.2111801242236,-9.44409937888199,-1520.5000000000005,37.01764705882353,-61.4078947368421,0.6742018427255196,-29.85,"0.94,-29.85,-9.60,0.47",2,8,-28.433333333333334,0.391304347826087,684.5,-10815.5,-14409.0
ml,pred_focus_hit99_logit,0.64,0.5,0.65,80,133,0.6390977443609023,55.15789473684212,-10.530075187969924,-1400.5,18.17058823529412,-61.354166666666664,0.5244482173174873,-18.196969696969695,"-3.09,-15.71,-18.20,-5.35",1,8,-28.3,0.39097744360902253,935.0,-10565.0,-12246.5
ml,pred_focus_hit99_logit,0.64,0.5,0.65,85,133,0.5864661654135338,55.15789473684212,-11.808270676691732,-1570.5000000000005,23.128205128205124,-61.35454545454545,0.5345977181804711,-23.136363636363637,"-1.91,-23.14,-20.62,-1.86",1,8,-29.26923076923077,0.39097744360902253,723.5,-10776.5,-13021.5
ml,pred_focus_hit99_logit,0.64,0.5,0.65,90,133,0.5488721804511278,55.15789473684212,-12.259398496240602,-1630.5,28.102739726027398,-61.36666666666667,0.5571700162954916,-26.318181818181817,"1.62,-26.32,-23.65,-1.11",1,8,-34.26923076923077,0.39097744360902253,623.0,-10877.0,-13590.5
ml,pred_focus_hit99_logit,0.64,0.5,0.65,95,133,0.5263157894736842,55.15789473684212,-11.657894736842108,-1550.5000000000005,33.028571428571425,-61.30952380952381,0.5985760517799351,-24.40909090909091,"2.35,-24.35,-24.41,-0.65",1,8,-32.73076923076923,0.39097744360902253,739.0,-10761.0,-13991.0
ml,pred_focus_hit99_logit,0.64,0.5,0.65,99,133,0.5037593984962406,55.15789473684212,-11.785714285714286,-1567.5,37.007462686567166,-61.31818181818182,0.6126760563380281,-25.772727272727273,"5.06,-25.77,-22.83,-4.11",2,8,-31.5,0.39097744360902253,669.0,-10831.0,-14365.5
ml,pred_focus_hit99_logit,0.65,0.5,0.65,80,109,0.6238532110091743,55.1467889908257,-11.738532110091743,-1279.5,18.147058823529413,-61.30487804878049,0.49094887606922616,-23.24074074074074,"-4.86,-11.17,-23.24,-7.94",1,8,-28.7,0.43119266055045874,1064.0,-10436.0,-11759.5
ml,pred_focus_hit99_logit,0.65,0.5,0.65,85,109,0.5688073394495413,55.1467889908257,-13.298165137614681,-1449.5000000000002,23.04838709677419,-61.244680851063826,0.49643911759597004,-23.98148148148148,"-4.32,-20.61,-23.98,-4.61",1,8,-28.1,0.43119266055045874,832.5,-10667.5,-12356.0
ml,pred_focus_hit99_logit,0.65,0.5,0.65,90,109,0.5321100917431193,55.1467889908257,-13.756880733944953,-1499.5,28.06896551724138,-61.3235294117647,0.5205435651478817,-28.425925925925927,"-0.93,-21.54,-28.43,-4.61",1,8,-35.1,0.43119266055045874,822.0,-10678.0,-12765.0
ml,pred_focus_hit99_logit,0.65,0.5,0.65,95,109,0.5137614678899083,55.1467889908257,-12.839449541284408,-1399.5000000000005,33.03571428571428,-61.31132075471698,0.5693183566702569,-30.09259259259259,"-0.93,-19.31,-30.09,-1.46",1,8,-33.6,0.43119266055045874,847.0,-10653.0,-13124.0
ml,pred_focus_hit99_logit,0.65,0.5,0.65,99,109,0.48623853211009177,55.1467889908257,-13.509174311926605,-1472.5,37.009433962264154,-61.32142857142857,0.5711997670355271,-28.75925925925926,"1.64,-21.20,-28.76,-6.28",1,8,-32.4,0.43119266055045874,791.0,-10709.0,-13405.5
ml,pred_focus_hit99_logit,0.66,0.5,0.65,80,88,0.6022727272727273,55.352272727272734,-13.670454545454545,-1203.0,17.971698113207548,-61.58571428571429,0.441892832289492,-22.136363636363637,"-11.45,-10.55,-22.14,-10.55",1,8,-22.1,0.4318181818181818,1350.5,-10149.5,-11477.0
ml,pred_focus_hit99_logit,0.66,0.5,0.65,85,88,0.5340909090909091,55.352272727272734,-16.454545454545453,-1448.0,22.81914893617021,-61.47560975609756,0.4255108113469549,-23.5,"-12.14,-22.82,-23.50,-7.36",1,8,-28.1,0.4318181818181818,907.0,-10593.0,-12262.0
ml,pred_focus_hit99_logit,0.66,0.5,0.65,90,88,0.5,55.352272727272734,-16.852272727272727,-1483.0,27.954545454545453,-61.65909090909091,0.4533726502027276,-25.318181818181817,"-9.18,-24.64,-25.32,-8.27",1,8,-35.1,0.4318181818181818,793.0,-10707.0,-12769.5
ml,pred_focus_hit99_logit,0.66,0.5,0.65,95,88,0.4772727272727273,55.352272727272734,-16.51136363636364,-1453.0000000000005,32.9047619047619,-61.630434782608695,0.48747795414462075,-23.272727272727273,"-10.55,-22.59,-23.27,-9.64",1,8,-33.6,0.4318181818181818,797.0,-10703.0,-13130.5
ml,pred_focus_hit99_logit,0.66,0.5,0.65,99,88,0.4431818181818182,55.352272727272734,-17.977272727272727,-1582.0,36.85897435897436,-61.62244897959184,0.4760721973836728,-25.454545454545453,"-8.36,-25.45,-21.64,-16.45",0,8,-32.4,0.4318181818181818,785.5,-10714.5,-13340.5
ml,pred_focus_hit99_logit,0.67,0.5,0.65,80,79,0.620253164556962,55.354430379746844,-12.234177215189874,-966.5,18.112244897959183,-61.8,0.47869471413160736,-22.25,"-10.40,-9.70,-22.25,-6.29",1,8,-57.5,0.4050632911392405,1841.5,-9658.5,-11136.5
ml,pred_focus_hit99_logit,0.67,0.5,0.65,85,79,0.5443037974683544,55.354430379746844,-15.58860759493671,-1231.5,22.96511627906976,-61.638888888888886,0.44502027940513733,-24.0,"-11.40,-23.45,-24.00,-2.87",2,8,-57.5,0.4050632911392405,1277.0,-10223.0,-12023.5
ml,pred_focus_hit99_logit,0.67,0.5,0.65,90,79,0.5063291139240507,55.354430379746844,-16.28481012658228,-1286.5,28.125,-61.833333333333336,0.4665146174580137,-26.25,"-8.40,-25.70,-26.25,-4.18",1,8,-57.5,0.4050632911392405,1240.5,-10259.5,-12451.0
ml,pred_focus_hit99_logit,0.67,0.5,0.65,95,79,0.4810126582278481,55.354430379746844,-16.158227848101266,-1276.5,33.07894736842104,-61.792682926829265,0.4961515689757251,-24.25,"-10.15,-23.70,-24.25,-6.03",2,8,-57.5,0.4050632911392405,1106.5,-10393.5,-12865.5
ml,pred_focus_hit99_logit,0.67,0.5,0.65,99,79,0.4430379746835443,55.354430379746844,-17.99367088607595,-1421.5,37.042857142857144,-61.77272727272727,0.4770051508462104,-27.05,"-7.95,-27.05,-22.65,-14.13",0,8,-57.5,0.4050632911392405,897.0,-10603.0,-13213.5
ml,pred_focus_hit99_logit,0.68,0.5,0.65,80,70,0.6428571428571429,55.614285714285714,-10.685714285714285,-748.0,17.92222222222222,-62.18,0.5188163396590544,-25.323529411764707,"-9.61,-8.06,-25.32,0.03",1,7,-17.61111111111111,0.4142857142857143,2830.5,-8669.5,-9919.0
ml,pred_focus_hit99_logit,0.68,0.5,0.65,85,70,0.5571428571428572,55.614285714285714,-14.757142857142858,-1033.0,22.730769230769226,-61.91935483870968,0.46183902057827547,-32.970588235294116,"-11.00,-18.89,-32.97,3.85",3,7,-27.772727272727273,0.4142857142857143,1574.5,-9925.5,-11157.0
ml,pred_focus_hit99_logit,0.68,0.5,0.65,90,70,0.5142857142857142,55.614285714285714,-15.82857142857143,-1108.0,27.88888888888889,-62.11764705882353,0.4753787878787879,-36.5,"-7.94,-21.39,-36.50,2.38",2,7,-32.05555555555556,0.4142857142857143,1438.0,-10062.0,-11558.5
ml,pred_focus_hit99_logit,0.68,0.5,0.65,95,70,0.4857142857142857,55.614285714285714,-15.971428571428575,-1118.0000000000002,32.823529411764696,-62.05555555555556,0.49955237242614126,-35.029411764705884,"-10.17,-19.17,-35.03,0.32",2,7,-30.38888888888889,0.4142857142857143,1413.0,-10087.0,-11816.0
ml,pred_focus_hit99_logit,0.68,0.5,0.65,99,70,0.44285714285714284,55.614285714285714,-18.271428571428572,-1279.0,36.75806451612903,-62.01282051282051,0.4711598097994625,-33.85294117647059,"-7.94,-22.89,-33.85,-8.74",0,7,-31.045454545454547,0.4142857142857143,968.5,-10531.5,-12076.5
ml,pred_focus_hit99_logit,0.69,0.5,0.65,80,61,0.6557377049180327,55.59016393442624,-9.631147540983607,-587.5,17.925,-62.11904761904762,0.5496358758144884,-26.033333333333335,"-13.19,-2.63,-26.03,3.57",3,7,-17.61111111111111,0.4098360655737705,3584.0,-7916.0,-9285.5
ml,pred_focus_hit99_logit,0.69,0.5,0.65,85,61,0.5573770491803278,55.59016393442624,-14.713114754098363,-897.5000000000001,22.70588235294117,-61.833333333333336,0.46241389637616037,-35.03333333333333,"-15.38,-15.97,-35.03,7.57",3,7,-26.868421052631582,0.4098360655737705,2059.0,-9441.0,-10822.5
ml,pred_focus_hit99_logit,0.69,0.5,0.65,90,61,0.5081967213114754,55.59016393442624,-16.352459016393443,-997.5,27.887096774193548,-62.06666666666667,0.4642857142857143,-39.36666666666667,"-12.56,-19.30,-39.37,5.57",2,7,-32.05555555555556,0.4098360655737705,1639.5,-9860.5,-11357.0
ml,pred_focus_hit99_logit,0.69,0.5,0.65,95,61,0.47540983606557374,55.59016393442624,-16.92622950819672,-1032.5,32.8103448275862,-62.0,0.47958669354838696,-38.03333333333333,"-15.69,-16.97,-38.03,2.90",2,7,-30.38888888888889,0.4098360655737705,1517.5,-9982.5,-11744.0
ml,pred_focus_hit99_logit,0.69,0.5,0.65,99,61,0.4262295081967213,55.59016393442624,-19.89344262295082,-1213.5,36.73076923076923,-61.957142857142856,0.4403965875028822,-36.96666666666667,"-13.69,-21.70,-36.97,-7.63",0,7,-31.394736842105264,0.4098360655737705,1199.5,-10300.5,-11885.0
ml,pred_focus_hit99_logit,0.7,0.5,0.65,80,52,0.6730769230769231,55.61538461538461,-8.26923076923077,-430.0,17.9,-62.14705882352941,0.5929957406530999,-14.884615384615385,"-7.73,-5.81,-14.88,-4.65",2,6,-14.45,0.4423076923076923,4743.0,-6757.0,-8202.5
ml,pred_focus_hit99_logit,0.7,0.5,0.65,85,52,0.5769230769230769,55.61538461538461,-13.076923076923077,-680.0,22.59999999999999,-61.72727272727273,0.499263622974963,-21.96153846153846,"-10.81,-21.96,-18.35,-1.19",2,6,-20.500000000000004,0.4423076923076923,2944.5,-8555.5,-10012.5
ml,pred_focus_hit99_logit,0.7,0.5,0.65,90,52,0.5384615384615384,55.61538461538461,-13.653846153846153,-710.0,27.714285714285715,-61.916666666666664,0.522207267833109,-26.576923076923077,"-7.73,-26.58,-22.58,2.27",2,6,-23.625,0.4423076923076923,2814.5,-8685.5,-10452.5
ml,pred_focus_hit99_logit,0.7,0.5,0.65,95,52,0.5,55.61538461538461,-14.615384615384617,-760.0000000000001,32.615384615384606,-61.84615384615385,0.5273631840796018,-24.653846153846153,"-11.96,-24.65,-20.27,-1.58",2,6,-28.500000000000004,0.4423076923076923,2460.5,-9039.5,-10942.0
ml,pred_focus_hit99_logit,0.7,0.5,0.65,99,52,0.4423076923076923,55.61538461538461,-18.326923076923077,-953.0,36.5,-61.810344827586206,0.46834030683403066,-30.73076923076923,"-9.81,-30.73,-18.42,-14.35",0,6,-57.5,0.4423076923076923,1851.5,-9648.5,-11154.0
ml,pred_focus_hit99_logit,0.71,0.5,0.65,80,42,0.6666666666666666,55.761904761904766,-8.928571428571429,-375.0,17.678571428571427,-62.142857142857146,0.5689655172413793,-12.318181818181818,"-12.32,-10.77,-8.40,-3.70",2,6,-20.264705882352942,0.4523809523809524,5442.0,-6058.0,-7657.5
ml,pred_focus_hit99_logit,0.71,0.5,0.65,85,42,0.6190476190476191,55.761904761904766,-9.642857142857146,-405.0000000000001,22.384615384615376,-61.6875,0.5896656534954405,-23.045454545454547,"-9.14,-23.05,-4.90,-0.20",2,6,-17.617647058823536,0.4523809523809524,4916.0,-6584.0,-8485.0
ml,pred_focus_hit99_logit,0.71,0.5,0.65,90,42,0.5714285714285714,55.761904761904766,-10.833333333333334,-455.0,27.5,-61.94444444444444,0.5919282511210763,-28.954545454545453,"-5.95,-28.95,-10.40,3.30",2,6,-24.7,0.4523809523809524,4500.5,-6999.5,-9152.0
ml,pred_focus_hit99_logit,0.71,0.5,0.65,95,42,0.5238095238095238,55.761904761904766,-12.500000000000005,-525.0000000000002,32.36363636363636,-61.85,0.5755860953920775,-27.136363636363637,"-11.41,-27.14,-7.40,-2.70",2,6,-28.500000000000004,0.4523809523809524,3855.0,-7645.0,-9794.0
ml,pred_focus_hit99_logit,0.71,0.5,0.65,99,42,0.4523809523809524,55.761904761904766,-17.476190476190474,-734.0,36.18421052631579,-61.80434782608695,0.4836440379880408,-34.68181818181818,"-9.23,-34.68,-5.00,-20.10",1,6,-57.5,0.4523809523809524,2708.0,-8792.0,-10297.5
ml,pred_focus_hit99_logit,0.72,0.5,0.65,80,36,0.6111111111111112,55.77777777777777,-13.38888888888889,-482.0,17.636363636363637,-62.142857142857146,0.4459770114942529,-18.27777777777778,"-18.28,-18.17,-10.83,-6.28",2,6,-32.166666666666664,0.4722222222222222,4481.5,-7018.5,-8142.5
ml,pred_focus_hit99_logit,0.72,0.5,0.65,85,36,0.5555555555555556,55.77777777777777,-15.055555555555555,-542.0,22.249999999999993,-61.6875,0.4508611955420465,-24.833333333333336,"-15.50,-24.83,-16.94,-2.94",2,6,-30.5,0.4722222222222222,3991.5,-7508.5,-8789.0
ml,pred_focus_hit99_logit,0.72,0.5,0.65,90,36,0.5277777777777778,55.77777777777777,-14.777777777777779,-532.0,27.342105263157894,-61.85294117647059,0.4940561103185925,-32.611111111111114,"-12.72,-32.61,-14.17,0.39",2,6,-28.833333333333332,0.4722222222222222,3989.0,-7511.0,-9046.5
ml,pred_focus_hit99_logit,0.72,0.5,0.65,95,36,0.4722222222222222,55.77777777777777,-17.416666666666668,-627.0,32.147058823529406,-61.76315789473684,0.46570089475926707,-30.944444444444443,"-20.50,-30.94,-11.39,-6.83",2,6,-60.0,0.4722222222222222,3388.0,-8112.0,-9595.0
ml,pred_focus_hit99_logit,0.72,0.5,0.65,99,36,0.3888888888888889,55.77777777777777,-23.77777777777778,-856.0,35.857142857142854,-61.72727272727273,0.3696612665684831,-40.611111111111114,"-18.72,-40.61,-9.17,-26.61",1,6,-60.0,0.4722222222222222,2209.5,-9290.5,-10120.0
ml,pred_focus_hit99_logit,0.73,0.5,0.65,80,33,0.6060606060606061,55.87878787878788,-13.893939393939394,-458.5,17.7,-62.5,0.4356923076923077,-23.5,"-18.28,-13.25,-23.50,0.00",2,6,-32.166666666666664,0.42424242424242425,4906.5,-6593.5,-7798.5
ml,pred_focus_hit99_logit,0.73,0.5,0.65,85,33,0.5757575757575758,55.87878787878788,-13.439393939393943,-443.5000000000001,22.394736842105257,-62.07142857142857,0.48964326812428066,-21.0,"-15.50,-20.75,-21.00,3.75",2,6,-30.5,0.42424242424242425,4772.0,-6728.0,-8155.5
ml,pred_focus_hit99_logit,0.73,0.5,0.65,90,33,0.5454545454545454,55.87878787878788,-13.287878787878787,-438.5,27.5,-62.233333333333334,0.5302624531333691,-29.5,"-12.72,-29.50,-18.50,7.50",2,6,-28.833333333333332,0.42424242424242425,4772.0,-6728.0,-8412.0
ml,pred_focus_hit99_logit,0.73,0.5,0.65,95,33,0.48484848484848486,55.87878787878788,-16.318181818181817,-538.5,32.31249999999999,-62.088235294117645,0.4898152534343912,-27.625,"-20.50,-27.62,-16.00,-0.63",2,6,-60.0,0.42424242424242425,4041.5,-7458.5,-9081.5
ml,pred_focus_hit99_logit,0.73,0.5,0.65,99,33,0.3939393939393939,55.87878787878788,-23.37878787878788,-771.5,36.03846153846154,-62.0,0.3778225806451613,-38.5,"-18.72,-38.50,-14.00,-22.88",1,6,-60.0,0.42424242424242425,2693.0,-8807.0,-9636.5
ml,pred_focus_hit99_logit,0.52,0.55,0.65,80,405,0.6814814814814815,57.03703703703704,-9.018518518518519,-3652.5,16.445652173913043,-63.5,0.5541109686870537,-14.569306930693068,"-11.75,-14.57,-1.66,-8.07",0,8,-15.178571428571429,0.4740740740740741,-0.5000000000000071,-11500.5,-12511.0
ml,pred_focus_hit99_logit,0.52,0.55,0.65,85,405,0.6345679012345679,57.03703703703704,-9.59876543209877,-3887.5000000000014,21.46498054474708,-63.54054054054054,0.5866120799659719,-15.707920792079207,"-14.34,-15.71,-0.32,-7.98",0,8,-15.178571428571432,0.4740740740740741,-56.000000000000036,-11556.0,-12894.0
ml,pred_focus_hit99_logit,0.52,0.55,0.65,90,405,0.5950617283950618,57.03703703703704,-9.981481481481481,-4042.5,26.45850622406639,-63.53048780487805,0.6120069104520587,-19.123762376237625,"-14.10,-19.12,-1.06,-5.60",1,8,-19.372340425531917,0.4740740740740741,-32.000000000000014,-11532.0,-13180.0
ml,pred_focus_hit99_logit,0.52,0.55,0.65,95,405,0.5654320987654321,57.03703703703704,-9.820987654320989,-3977.500000000001,31.44759825327511,-63.51704545454545,0.6441989444494141,-19.470297029702973,"-13.22,-19.47,0.52,-7.08",1,8,-20.968085106382983,0.4740740740740741,-53.500000000000014,-11553.5,-13511.5
ml,pred_focus_hit99_logit,0.52,0.55,0.65,99,405,0.5407407407407407,57.03703703703704,-10.003703703703707,-4051.500000000001,35.41324200913242,-63.47849462365591,0.6568561023121877,-18.58910891089109,"-13.04,-18.59,-2.67,-5.69",1,8,-19.180851063829788,0.4740740740740741,-56.500000000000014,-11556.5,-13799.0
ml,pred_focus_hit99_logit,0.53,0.55,0.65,80,382,0.6832460732984293,57.03141361256545,-8.8717277486911,-3389.0,16.457854406130267,-63.50826446280992,0.5589823671026092,-12.875,"-12.60,-12.88,-2.82,-7.11",0,8,-13.61111111111111,0.46596858638743455,-48.50000000000001,-11548.5,-12559.0
ml,pred_focus_hit99_logit,0.53,0.55,0.65,85,382,0.643979057591623,57.03141361256545,-8.793193717277491,-3359.0000000000014,21.483739837398375,-63.55882352941177,0.6114067561314206,-15.010416666666671,"-13.85,-15.01,0.08,-6.27",0,8,-14.277777777777782,0.46596858638743455,-35.50000000000001,-11535.5,-12873.5
ml,pred_focus_hit99_logit,0.53,0.55,0.65,90,382,0.6020942408376964,57.03141361256545,-9.342931937172775,-3569.0,26.47826086956522,-63.546052631578945,0.6305000517651931,-18.708333333333332,"-13.75,-18.71,-0.92,-3.85",1,8,-19.388888888888893,0.46596858638743455,-1.500000000000007,-11501.5,-13149.5
ml,pred_focus_hit99_logit,0.53,0.55,0.65,95,382,0.5759162303664922,57.03141361256545,-8.819371727748695,-3369.000000000002,31.45909090909091,-63.51851851851852,0.6725947521865889,-19.177083333333336,"-12.97,-19.18,2.55,-5.53",2,8,-21.16666666666667,0.46596858638743455,-15.500000000000021,-11515.5,-13473.5
ml,pred_focus_hit99_logit,0.53,0.55,0.65,99,382,0.5497382198952879,57.03141361256545,-9.107329842931938,-3479.0000000000005,35.423809523809524,-63.47674418604651,0.6813518959516395,-18.333333333333332,"-12.91,-18.33,-0.92,-4.13",1,8,-19.388888888888893,0.46596858638743455,-8.500000000000007,-11508.5,-13751.0
ml,pred_focus_hit99_logit,0.54,0.55,0.65,80,359,0.6880222841225627,57.06685236768803,-8.525069637883009,-3060.5,16.410931174089068,-63.517857142857146,0.5697919595164465,-13.055555555555555,"-11.92,-13.06,-4.00,-5.08",0,8,-15.86,0.4623955431754875,-50.49999999999997,-11550.5,-12561.0
ml,pred_focus_hit99_logit,0.54,0.55,0.65,85,359,0.6462395543175488,57.06685236768803,-8.636490250696383,-3100.5000000000014,21.435344827586206,-63.57086614173228,0.6159658140831115,-14.61111111111111,"-13.42,-14.61,-2.17,-4.30",0,8,-16.260000000000005,0.4623955431754875,-24.50000000000002,-11524.5,-12862.5
ml,pred_focus_hit99_logit,0.54,0.55,0.65,90,359,0.6100278551532033,57.06685236768803,-8.664345403899722,-3110.5,26.445205479452056,-63.58571428571429,0.6505841383958662,-17.72222222222222,"-12.48,-17.72,-3.56,-0.81",1,8,-20.66,0.4623955431754875,-6.0,-11506.0,-13154.0
ml,pred_focus_hit99_logit,0.54,0.55,0.65,95,359,0.5821727019498607,57.06685236768803,-8.260445682451259,-2965.500000000002,31.423444976076556,-63.553333333333335,0.6889226896045316,-18.33333333333334,"-11.76,-18.33,-0.22,-2.67",2,8,-21.743902439024396,0.4623955431754875,-31.50000000000005,-11531.5,-13489.5
ml,pred_focus_hit99_logit,0.54,0.55,0.65,99,359,0.5543175487465181,57.06685236768803,-8.689415041782732,-3119.500000000001,35.38442211055276,-63.50625,0.6929928156677493,-17.522222222222222,"-11.78,-17.52,-4.16,-1.22",1,8,-19.987804878048784,0.4623955431754875,-31.499999999999993,-11531.5,-13774.0
ml,pred_focus_hit99_logit,0.55,0.55,0.65,80,331,0.676737160120846,57.07854984894261,-9.439577039274925,-3124.5,16.383928571428573,-63.5,0.5401427625285157,-14.367469879518072,"-14.37,-13.61,-4.74,-4.99",0,8,-16.545454545454547,0.459214501510574,-18.5,-11518.5,-12529.0
ml,pred_focus_hit99_logit,0.55,0.55,0.65,85,331,0.6314199395770392,57.07854984894261,-9.907854984894266,-3279.500000000002,21.40909090909091,-63.557377049180324,0.5770570028372453,-16.415662650602414,"-16.42,-15.60,-3.11,-4.44",0,8,-17.45454545454546,0.459214501510574,-1.5,-11501.5,-12839.5
ml,pred_focus_hit99_logit,0.55,0.55,0.65,90,331,0.6012084592145015,57.07854984894261,-9.469788519637461,-3134.5,26.42462311557789,-63.583333333333336,0.6265340164422734,-18.186746987951807,"-14.73,-18.19,-3.90,-0.96",0,8,-22.90909090909091,0.459214501510574,-18.500000000000014,-11518.5,-13166.5
ml,pred_focus_hit99_logit,0.55,0.55,0.65,95,331,0.5770392749244713,57.07854984894261,-8.759818731117829,-2899.5000000000014,31.416230366492147,-63.57142857142857,0.6742134831460674,-19.090361445783135,"-13.16,-19.09,-0.58,-2.12",1,8,-21.02631578947369,0.459214501510574,-45.49999999999999,-11545.5,-13503.5
ml,pred_focus_hit99_logit,0.55,0.55,0.65,99,331,0.5498489425981873,57.07854984894261,-9.143504531722055,-3026.5000000000005,35.38461538461539,-63.533557046979865,0.6802936671420271,-18.403614457831324,"-13.43,-18.40,-3.90,-0.74",0,8,-19.23684210526316,0.459214501510574,-27.000000000000014,-11527.0,-13769.5
ml,pred_focus_hit99_logit,0.56,0.55,0.65,80,301,0.6877076411960132,57.08970099667774,-8.573089700996677,-2580.5,16.38888888888889,-63.54255319148936,0.5679725431106647,-15.118421052631579,"-15.12,-11.57,-3.81,-3.71",0,8,-21.86842105263158,0.46179401993355484,-2.4999999999999645,-11502.5,-12513.0
ml,pred_focus_hit99_logit,0.56,0.55,0.65,85,301,0.6478405315614618,57.08970099667774,-8.523255813953494,-2565.500000000002,21.397435897435898,-63.56603773584906,0.619249035322054,-16.565789473684216,"-16.57,-12.83,-1.21,-3.38",0,8,-23.71052631578948,0.46179401993355484,-26.000000000000085,-11526.0,-12864.0
ml,pred_focus_hit99_logit,0.56,0.55,0.65,90,301,0.6179401993355482,57.08970099667774,-7.975083056478406,-2400.5,26.419354838709676,-63.60434782608696,0.671816255383143,-15.833333333333334,"-14.99,-15.83,-1.14,0.15",1,8,-30.81578947368421,0.46179401993355484,-31.000000000000007,-11531.0,-13179.0
ml,pred_focus_hit99_logit,0.56,0.55,0.65,95,301,0.5946843853820598,57.08970099667774,-7.094684385382066,-2135.500000000002,31.421787709497206,-63.60655737704918,0.7248067010309278,-16.966666666666672,"-12.29,-16.97,2.33,-1.38",0,8,-28.973684210526322,0.46179401993355484,-5.5000000000000355,-11505.5,-13463.5
ml,pred_focus_hit99_logit,0.56,0.55,0.65,99,301,0.5647840531561462,57.08970099667774,-7.676079734219271,-2310.5000000000005,35.38823529411765,-63.56106870229008,0.7225124602173782,-16.313333333333333,"-12.74,-16.31,-1.50,-0.09",1,8,-27.500000000000007,0.46179401993355484,-48.50000000000002,-11548.5,-13791.0
ml,pred_focus_hit99_logit,0.57,0.55,0.65,80,269,0.6951672862453532,57.111524163568774,-7.9981412639405205,-2151.5,16.355614973262032,-63.53658536585366,0.5870441458733205,-12.970588235294118,"-12.97,-11.26,-3.90,-3.78",0,8,-18.875,0.44981412639405205,221.5,-11278.5,-12298.0
ml,pred_focus_hit99_logit,0.57,0.55,0.65,85,269,0.6654275092936803,57.111524163568774,-7.050185873605951,-1896.500000000001,21.365921787709492,-63.56666666666667,0.6685020101380876,-13.558823529411768,"-13.56,-13.05,-1.44,-0.05",1,8,-21.375000000000004,0.44981412639405205,523.5,-10976.5,-12459.5
ml,pred_focus_hit99_logit,0.57,0.55,0.65,90,269,0.6394052044609665,57.111524163568774,-6.065055762081784,-1631.5,26.377906976744185,-63.59278350515464,0.7355110642781876,-15.440298507462687,"-11.94,-15.44,-0.47,3.68",2,8,-24.500000000000004,0.44981412639405205,793.0,-10707.0,-12665.0
ml,pred_focus_hit99_logit,0.57,0.55,0.65,95,269,0.6171003717472119,57.111524163568774,-4.986988847583646,-1341.500000000001,31.379518072289155,-63.59708737864078,0.7952064727883368,-17.007462686567166,"-9.07,-17.01,3.04,3.16",3,8,-22.312500000000007,0.44981412639405205,1009.5,-10490.5,-12925.5
ml,pred_focus_hit99_logit,0.57,0.55,0.65,99,269,0.587360594795539,57.111524163568774,-5.462825278810412,-1469.5000000000007,35.348101265822784,-63.554054054054056,0.7916932454461691,-16.51492537313433,"-9.69,-16.51,-0.07,4.49",2,8,-20.562500000000004,0.44981412639405205,868.0,-10632.0,-13291.5
ml,pred_focus_hit99_logit,0.58,0.55,0.65,80,225,0.7244444444444444,57.10666666666667,-5.651111111111111,-1271.5,16.38957055214724,-63.596774193548384,0.6775297996449404,-11.728070175438596,"-11.73,-6.52,-2.30,-1.95",0,8,-12.863636363636363,0.4444444444444444,980.0,-10520.0,-11530.5
ml,pred_focus_hit99_logit,0.58,0.55,0.65,85,225,0.6888888888888889,57.10666666666667,-5.0511111111111155,-1136.500000000001,21.40322580645161,-63.628571428571426,0.7448361023798831,-12.956140350877197,"-12.96,-7.50,-1.50,1.89",2,8,-17.409090909090914,0.4444444444444444,1314.0,-10186.0,-11787.5
ml,pred_focus_hit99_logit,0.58,0.55,0.65,90,225,0.6666666666666666,57.10666666666667,-3.6066666666666665,-811.5,26.42,-63.66,0.8300345585925227,-11.552631578947368,"-11.55,-9.02,0.55,5.73",4,8,-22.863636363636367,0.4444444444444444,1978.0,-9522.0,-11983.0
ml,pred_focus_hit99_logit,0.58,0.55,0.65,95,225,0.64,57.10666666666667,-2.806666666666671,-631.500000000001,31.42361111111111,-63.660493827160494,0.8775332105110055,-11.071428571428575,"-8.66,-11.07,4.12,4.48",4,8,-20.590909090909097,0.4444444444444444,2364.5,-9135.5,-12392.5
ml,pred_focus_hit99_logit,0.58,0.55,0.65,99,225,0.6088888888888889,57.10666666666667,-3.3266666666666698,-748.5000000000007,35.38321167883212,-63.59090909090909,0.8662437455325233,-10.625,"-8.08,-10.62,-0.09,5.57",3,8,-18.772727272727277,0.4444444444444444,1860.5,-9639.5,-13807.0
ml,pred_focus_hit99_logit,0.59,0.55,0.65,80,191,0.7068062827225131,57.10994764397906,-7.06544502617801,-1349.5,16.38888888888889,-63.607142857142854,0.6211398090960135,-12.020833333333334,"-12.00,-12.02,1.38,-5.59",0,8,-14.346153846153847,0.450261780104712,1008.0,-10492.0,-11155.0
ml,pred_focus_hit99_logit,0.59,0.55,0.65,85,191,0.6701570680628273,57.10994764397906,-6.646596858638747,-1269.5000000000007,21.4140625,-63.65873015873016,0.6834559281885052,-14.10416666666667,"-12.31,-14.10,1.90,-1.97",1,8,-17.409090909090914,0.450261780104712,1013.5,-10486.5,-11329.5
ml,pred_focus_hit99_logit,0.59,0.55,0.65,90,191,0.6492146596858639,57.10994764397906,-5.180628272251309,-989.5,26.419354838709676,-63.66417910447761,0.7680225061540265,-14.9375,"-11.17,-14.94,3.88,1.65",2,8,-22.863636363636367,0.450261780104712,1590.0,-9910.0,-11381.5
ml,pred_focus_hit99_logit,0.59,0.55,0.65,95,191,0.6282722513089005,57.10994764397906,-3.924083769633512,-749.5000000000008,31.4,-63.62676056338028,0.8340896513558385,-14.208333333333337,"-8.25,-14.21,5.65,1.22",2,8,-20.590909090909097,0.450261780104712,1991.0,-9509.0,-11813.5
ml,pred_focus_hit99_logit,0.59,0.55,0.65,99,191,0.6020942408376964,57.10994764397906,-4.002617801047123,-764.5000000000005,35.37826086956522,-63.5921052631579,0.8418166770122077,-14.1875,"-7.98,-14.19,2.37,3.95",2,8,-18.772727272727277,0.450261780104712,2015.5,-9484.5,-12804.5
ml,pred_focus_hit99_logit,0.6,0.55,0.65,80,162,0.7160493827160493,57.111111111111114,-6.327160493827161,-1025.0,16.42241379310345,-63.69565217391305,0.6501706484641638,-13.085365853658537,"-8.96,-13.09,-1.60,-1.42",1,8,-15.7,0.41975308641975306,1512.0,-9988.0,-10631.0
ml,pred_focus_hit99_logit,0.6,0.55,0.65,85,162,0.6790123456790124,57.111111111111114,-5.895061728395065,-955.0000000000006,21.463636363636365,-63.76923076923077,0.7120024125452352,-14.0609756097561,"-9.70,-14.06,-1.98,2.45",1,8,-21.200000000000003,0.41975308641975306,1539.0,-9961.0,-11048.0
ml,pred_focus_hit99_logit,0.6,0.55,0.65,90,162,0.6604938271604939,57.111111111111114,-4.166666666666667,-675.0,26.481308411214954,-63.79090909090909,0.8076100897819581,-13.329268292682928,"-8.72,-13.33,-0.60,6.33",1,8,-27.7,0.41975308641975306,2860.5,-8639.5,-10761.5
ml,pred_focus_hit99_logit,0.6,0.55,0.65,95,162,0.6419753086419753,57.111111111111114,-2.6234567901234604,-425.00000000000057,31.451923076923077,-63.724137931034484,0.8850108225108225,-12.841463414634152,"-5.67,-12.84,0.52,7.82",3,8,-25.700000000000006,0.41975308641975306,3204.5,-8295.5,-11138.0
ml,pred_focus_hit99_logit,0.6,0.55,0.65,99,162,0.6172839506172839,57.111111111111114,-2.500000000000002,-405.00000000000034,35.43,-63.67741935483871,0.8974164133738601,-13.109756097560975,"-5.65,-13.11,-1.73,10.82",3,8,-24.1,0.41975308641975306,3479.0,-8021.0,-12285.0
ml,pred_focus_hit99_logit,0.61,0.55,0.65,80,137,0.708029197080292,56.992700729927,-6.850364963503649,-938.5,16.551546391752577,-63.6,0.6310927672955975,-16.5,"-8.81,-16.50,0.06,-2.09",1,8,-15.7,0.41605839416058393,2000.5,-9499.5,-10390.0
ml,pred_focus_hit99_logit,0.61,0.55,0.65,85,137,0.6715328467153284,56.992700729927,-6.412408759124091,-878.5000000000005,21.58695652173913,-63.65555555555556,0.6933147146098795,-18.558823529411768,"-7.81,-18.56,1.53,-0.76",1,8,-21.200000000000003,0.41605839416058393,2017.5,-9482.5,-10771.0
ml,pred_focus_hit99_logit,0.61,0.55,0.65,90,137,0.6496350364963503,56.992700729927,-5.025547445255475,-688.5,26.6123595505618,-63.6875,0.7747791952894995,-18.558823529411764,"-7.10,-18.56,2.71,2.91",2,8,-27.7,0.41605839416058393,2520.0,-8980.0,-10822.0
ml,pred_focus_hit99_logit,0.61,0.55,0.65,95,137,0.6277372262773723,56.992700729927,-3.857664233576647,-528.5000000000007,31.58139534883721,-63.61764705882353,0.837108953613808,-16.058823529411768,"-3.96,-16.06,0.79,3.79",2,8,-25.700000000000006,0.41605839416058393,2986.0,-8514.0,-11002.5
ml,pred_focus_hit99_logit,0.61,0.55,0.65,99,137,0.5985401459854015,56.992700729927,-4.237226277372265,-580.5000000000003,35.5609756097561,-63.57272727272727,0.833976833976834,-16.97058823529412,"-4.27,-16.97,0.59,3.71",3,8,-24.1,0.41605839416058393,2873.5,-8626.5,-12277.0
ml,pred_focus_hit99_logit,0.62,0.55,0.65,80,117,0.7008547008547008,57.06837606837608,-7.5,-877.5,16.536585365853657,-63.81428571428572,0.6071188717259905,-16.913793103448278,"-7.47,-16.91,-2.98,-2.64",2,8,-19.166666666666668,0.37606837606837606,2133.5,-9366.5,-10127.0
ml,pred_focus_hit99_logit,0.62,0.55,0.65,85,117,0.6581196581196581,57.06837606837608,-7.62820512820513,-892.5000000000002,21.57792207792207,-63.85,0.6505481597494125,-19.844827586206897,"-6.80,-19.84,-2.12,-1.78",2,8,-25.833333333333336,0.37606837606837606,2030.5,-9469.5,-10680.5
ml,pred_focus_hit99_logit,0.62,0.55,0.65,90,117,0.6324786324786325,57.06837606837608,-6.645299145299146,-777.5,26.60810810810811,-63.872093023255815,0.7169124340069178,-20.362068965517242,"-6.47,-20.36,-1.60,1.84",2,8,-33.611111111111114,0.37606837606837606,2470.5,-9029.5,-10781.0
ml,pred_focus_hit99_logit,0.62,0.55,0.65,95,117,0.6153846153846154,57.06837606837608,-5.106837606837611,-597.5000000000005,31.569444444444443,-63.78888888888889,0.7918481100853509,-17.948275862068964,"-3.30,-17.95,-1.43,2.19",2,8,-31.94444444444445,0.37606837606837606,3265.0,-8235.0,-10463.5
ml,pred_focus_hit99_logit,0.62,0.55,0.65,99,117,0.5897435897435898,57.06837606837608,-5.183760683760686,-606.5000000000002,35.54347826086956,-63.729166666666664,0.8017325923504414,-22.844827586206897,"-0.77,-22.84,1.19,1.53",3,8,-30.61111111111111,0.37606837606837606,2788.0,-8712.0,-11321.5
ml,pred_focus_hit99_logit,0.63,0.55,0.65,80,98,0.6836734693877551,57.09183673469388,-8.89795918367347,-872.0,16.58955223880597,-63.983870967741936,0.560373077892614,-19.22,"-8.98,-19.22,-3.75,-3.21",3,8,-19.166666666666668,0.35714285714285715,2241.5,-9258.5,-10350.0
ml,pred_focus_hit99_logit,0.63,0.55,0.65,85,98,0.6428571428571429,57.09183673469388,-8.948979591836737,-877.0000000000002,21.611111111111104,-63.957142857142856,0.6082197900379717,-23.22,"-8.98,-23.22,-3.54,0.54",3,8,-25.833333333333336,0.35714285714285715,2231.0,-9269.0,-10654.5
ml,pred_focus_hit99_logit,0.63,0.55,0.65,90,98,0.6122448979591837,57.09183673469388,-8.489795918367347,-832.0,26.65,-63.973684210526315,0.6577540106951871,-24.42,"-5.78,-24.42,-7.50,4.29",3,8,-33.611111111111114,0.35714285714285715,2269.0,-9231.0,-10941.5
ml,pred_focus_hit99_logit,0.63,0.55,0.65,95,98,0.6020408163265306,57.09183673469388,-6.397959183673473,-627.0000000000003,31.618644067796602,-63.91025641025641,0.7484453360080239,-22.22,"-2.58,-22.22,-8.33,8.04",4,8,-31.94444444444445,0.35714285714285715,2995.5,-8504.5,-10793.5
ml,pred_focus_hit99_logit,0.63,0.55,0.65,99,98,0.5714285714285714,57.09183673469388,-7.020408163265308,-688.0000000000001,35.589285714285715,-63.833333333333336,0.7433793360686312,-28.38,"-0.02,-28.38,-6.00,6.92",3,8,-30.61111111111111,0.35714285714285715,2522.5,-8977.5,-11704.5
ml,pred_focus_hit99_logit,0.64,0.55,0.65,80,79,0.6835443037974683,57.15189873417721,-8.968354430379748,-708.5,16.5,-63.98,0.557049077836824,-12.15,"-11.45,-12.15,-7.65,-4.39",3,8,-19.166666666666668,0.35443037974683544,3046.0,-8454.0,-9508.0
ml,pred_focus_hit99_logit,0.64,0.55,0.65,85,79,0.6329113924050633,57.15189873417721,-9.854430379746839,-778.5000000000002,21.519999999999992,-63.94827586206897,0.5802102992720407,-13.150000000000002,"-12.45,-13.15,-8.40,-5.18",3,8,-25.833333333333336,0.35443037974683544,2679.0,-8821.0,-10123.0
ml,pred_focus_hit99_logit,0.64,0.55,0.65,90,79,0.5949367088607594,57.15189873417721,-10.10759493670886,-798.5,26.56382978723404,-63.96875,0.6099169516365412,-14.65,"-9.45,-14.65,-14.15,-1.76",4,8,-33.611111111111114,0.35443037974683544,2364.5,-9135.5,-10697.5
ml,pred_focus_hit99_logit,0.64,0.55,0.65,95,79,0.5822784810126582,57.15189873417721,-8.335443037974686,-658.5000000000002,31.521739130434774,-63.89393939393939,0.6876926725160064,-16.150000000000006,"-6.45,-11.90,-16.15,1.66",3,8,-31.94444444444445,0.35443037974683544,2844.0,-8656.0,-10645.0
ml,pred_focus_hit99_logit,0.64,0.55,0.65,99,79,0.5569620253164557,57.15189873417721,-8.512658227848103,-672.5000000000001,35.52272727272727,-63.871428571428574,0.6991724446432566,-14.65,"-4.05,-14.65,-14.15,-0.82",2,8,-30.61111111111111,0.35443037974683544,2866.5,-8633.5,-10803.5
ml,pred_focus_hit99_logit,0.65,0.55,0.65,80,63,0.6507936507936508,57.285714285714306,-11.722222222222221,-738.5,16.28048780487805,-63.90909090909091,0.47475106685633,-14.0,"-13.69,-9.12,-14.00,-9.97",1,8,-24.75,0.4126984126984127,2856.0,-8644.0,-9175.5
ml,pred_focus_hit99_logit,0.65,0.55,0.65,85,63,0.6031746031746031,57.285714285714306,-12.51587301587302,-788.5000000000002,21.263157894736835,-63.86,0.5061071093015971,-16.187500000000004,"-15.88,-11.00,-16.19,-6.63",2,8,-27.5,0.4126984126984127,2684.5,-8815.5,-9522.0
ml,pred_focus_hit99_logit,0.65,0.55,0.65,90,63,0.5555555555555556,57.285714285714306,-13.785714285714286,-868.5,26.3,-63.892857142857146,0.514533258803801,-19.0,"-13.06,-13.50,-19.00,-9.30",4,8,-42.25,0.4126984126984127,2252.0,-9248.0,-10025.5
ml,pred_focus_hit99_logit,0.65,0.55,0.65,95,63,0.5396825396825397,57.285714285714306,-12.51587301587302,-788.5000000000002,31.23529411764705,-63.810344827586206,0.5738989462307483,-22.437500000000004,"-10.25,-10.69,-22.44,-6.30",3,8,-41.0,0.4126984126984127,2394.0,-9106.0,-10040.0
ml,pred_focus_hit99_logit,0.65,0.55,0.65,99,63,0.5079365079365079,57.285714285714306,-13.5,-850.5,35.21875,-63.79032258064516,0.5699115044247788,-20.6875,"-8.00,-14.62,-20.69,-10.50",2,8,-40.0,0.4126984126984127,2273.5,-9226.5,-10283.0
ml,pred_focus_hit99_logit,0.66,0.55,0.65,80,53,0.6037735849056604,57.41509433962263,-15.61320754716981,-827.5,16.0625,-63.88095238095238,0.38315318673127097,-21.115384615384617,"-17.93,-8.81,-21.12,-14.42",1,7,-37.833333333333336,0.41509433962264153,2604.5,-8895.5,-9369.0
ml,pred_focus_hit99_logit,0.66,0.55,0.65,85,53,0.5471698113207547,57.41509433962263,-17.405660377358494,-922.5000000000001,21.01724137931034,-63.833333333333336,0.3978459530026109,-24.96153846153846,"-21.14,-11.88,-24.96,-11.35",2,7,-36.16666666666667,0.41509433962264153,2196.5,-9303.5,-9867.5
ml,pred_focus_hit99_logit,0.66,0.55,0.65,90,53,0.49056603773584906,57.41509433962263,-19.764150943396228,-1047.5,26.03846153846154,-63.870370370370374,0.39257755871267036,-29.576923076923077,"-18.64,-15.73,-29.58,-15.19",2,7,-64.5,0.41509433962264153,1681.5,-9818.5,-10443.0
ml,pred_focus_hit99_logit,0.66,0.55,0.65,95,53,0.4716981132075472,57.41509433962263,-19.10377358490566,-1012.5,30.93999999999999,-63.785714285714285,0.4330907054871219,-27.653846153846157,"-16.14,-13.04,-27.65,-19.81",1,7,-64.5,0.41509433962264153,1710.5,-9789.5,-10539.0
ml,pred_focus_hit99_logit,0.66,0.55,0.65,99,53,0.4339622641509434,57.41509433962263,-20.952830188679247,-1110.5,34.891304347826086,-63.766666666666666,0.41949817041296394,-26.11538461538462,"-14.14,-18.50,-26.12,-25.58",1,7,-64.5,0.41509433962264153,1540.5,-9959.5,-10663.0
ml,pred_focus_hit99_logit,0.67,0.55,0.65,80,48,0.6041666666666666,57.375,-15.541666666666666,-746.0,16.155172413793107,-63.921052631578945,0.3857554549197201,-24.333333333333332,"-10.33,-17.25,-24.33,-10.25",1,6,-24.5,0.3958333333333333,2898.5,-8601.5,-9034.5
ml,pred_focus_hit99_logit,0.67,0.55,0.65,85,48,0.5416666666666666,57.375,-17.83333333333334,-856.0000000000002,21.11538461538461,-63.86363636363637,0.390747330960854,-36.0,"-14.08,-14.33,-36.00,-6.92",1,6,-27.5,0.3958333333333333,2473.5,-9026.5,-9577.0
ml,pred_focus_hit99_logit,0.67,0.55,0.65,90,48,0.4791666666666667,57.375,-20.75,-996.0,26.152173913043477,-63.9,0.37652582159624415,-41.833333333333336,"-11.17,-18.92,-41.83,-11.08",1,6,-64.5,0.3958333333333333,1872.0,-9628.0,-10258.5
ml,pred_focus_hit99_logit,0.67,0.55,0.65,95,48,0.4583333333333333,57.375,-20.33333333333334,-976.0000000000002,31.04545454545454,-63.80769230769231,0.4116937914406268,-40.583333333333336,"-8.25,-16.42,-40.58,-16.08",0,6,-64.5,0.3958333333333333,1942.5,-9557.5,-10313.0
ml,pred_focus_hit99_logit,0.67,0.55,0.65,99,48,0.4166666666666667,57.375,-22.625,-1086.0,35.0,-63.785714285714285,0.3919372900335946,-39.583333333333336,"-5.92,-22.67,-39.58,-22.33",1,6,-64.5,0.3958333333333333,1652.5,-9847.5,-10484.0
ml,pred_focus_hit99_logit,0.68,0.55,0.65,80,45,0.6222222222222222,57.42222222222222,-14.144444444444444,-636.5,16.17857142857143,-64.08823529411765,0.4157870582836164,-20.954545454545453,"-10.33,-13.05,-20.95,-12.59",1,6,-24.5,0.37777777777777777,3634.5,-7865.5,-8351.0
ml,pred_focus_hit99_logit,0.68,0.55,0.65,85,45,0.5555555555555556,57.42222222222222,-16.700000000000006,-751.5000000000002,21.139999999999997,-64.0,0.4128906249999999,-33.68181818181818,"-14.08,-9.86,-33.68,-9.41",1,6,-22.000000000000007,0.37777777777777777,2946.0,-8554.0,-9127.0
ml,pred_focus_hit99_logit,0.68,0.55,0.65,90,45,0.4888888888888889,57.42222222222222,-19.92222222222222,-896.5,26.181818181818183,-64.02173913043478,0.39117147707979627,-40.04545454545455,"-11.17,-14.86,-40.05,-14.41",1,6,-64.5,0.37777777777777777,2199.0,-9301.0,-9931.5
ml,pred_focus_hit99_logit,0.68,0.55,0.65,95,45,0.4666666666666667,57.42222222222222,-19.588888888888896,-881.5000000000002,31.071428571428566,-63.916666666666664,0.42535853976531934,-38.68181818181818,"-8.25,-12.14,-38.68,-20.32",0,6,-64.5,0.37777777777777777,2242.0,-9258.0,-10013.5
ml,pred_focus_hit99_logit,0.68,0.55,0.65,99,45,0.4222222222222222,57.42222222222222,-22.122222222222224,-995.5,35.026315789473685,-63.88461538461539,0.40066225165562913,-37.59090909090909,"-5.92,-18.95,-37.59,-27.50",0,6,-64.5,0.37777777777777777,1953.0,-9547.0,-10183.5
ml,pred_focus_hit99_logit,0.69,0.55,0.65,80,39,0.6410256410256411,57.4102564102564,-12.628205128205128,-492.5,16.22,-64.14285714285714,0.4515590200445434,-16.5,"-15.50,-16.40,-16.50,-0.94",2,6,-21.033333333333335,0.3333333333333333,4657.5,-6842.5,-7383.5
ml,pred_focus_hit99_logit,0.69,0.55,0.65,85,39,0.5641025641025641,57.4102564102564,-15.961538461538462,-622.5,21.181818181818176,-64.02941176470588,0.4281120808451997,-30.5,"-21.00,-13.40,-30.50,2.94",2,6,-24.033333333333342,0.3333333333333333,3634.0,-7866.0,-8610.5
ml,pred_focus_hit99_logit,0.69,0.55,0.65,90,39,0.48717948717948717,57.4102564102564,-20.064102564102566,-782.5,26.236842105263158,-64.05,0.38914910226385635,-28.5,"-18.50,-19.40,-28.50,-13.17",1,6,-64.5,0.3333333333333333,2717.0,-8783.0,-9468.5
ml,pred_focus_hit99_logit,0.69,0.55,0.65,95,39,0.46153846153846156,57.4102564102564,-20.06410256410257,-782.5000000000002,31.111111111111104,-63.92857142857143,0.4171322160148975,-26.5,"-16.00,-16.90,-26.50,-20.94",1,6,-64.5,0.3333333333333333,2688.5,-8811.5,-9632.0
ml,pred_focus_hit99_logit,0.69,0.55,0.65,99,39,0.41025641025641024,57.4102564102564,-23.294871794871796,-908.5,35.0625,-63.891304347826086,0.38176250425314734,-30.166666666666668,"-14.00,-24.80,-24.90,-30.17",0,6,-64.5,0.3333333333333333,2280.0,-9220.0,-9856.5
ml,pred_focus_hit99_logit,0.7,0.55,0.65,80,34,0.6470588235294118,57.382352941176464,-12.117647058823529,-412.0,16.227272727272727,-64.08333333333333,0.46423927178153446,-28.833333333333332,"-10.06,-28.83,-14.62,6.88",2,5,-23.714285714285715,0.38235294117647056,5277.5,-6222.5,-6998.0
ml,pred_focus_hit99_logit,0.7,0.55,0.65,85,34,0.5882352941176471,57.382352941176464,-13.882352941176475,-472.0000000000001,21.199999999999996,-64.0,0.4732142857142856,-26.611111111111114,"-16.17,-26.61,-11.50,0.62",1,5,-27.285714285714295,0.38235294117647056,4731.5,-6768.5,-7616.0
ml,pred_focus_hit99_logit,0.7,0.55,0.65,90,34,0.5294117647058824,57.382352941176464,-16.235294117647058,-552.0,26.22222222222222,-64.0,0.4609375,-34.388888888888886,"-13.39,-34.39,-8.38,-6.88",1,5,-25.142857142857142,0.38235294117647056,4071.5,-7428.5,-8304.0
ml,pred_focus_hit99_logit,0.7,0.55,0.65,95,34,0.5,57.382352941176464,-16.382352941176478,-557.0000000000002,31.08823529411764,-63.85294117647059,0.48687240902809753,-32.72222222222222,"-10.61,-32.72,-5.25,-15.63",1,5,-61.50000000000001,0.38235294117647056,3918.0,-7582.0,-8532.5
ml,pred_focus_hit99_logit,0.7,0.55,0.65,99,34,0.4411764705882353,57.382352941176464,-20.20588235294118,-687.0000000000001,35.03333333333333,-63.81578947368421,0.4334020618556701,-42.388888888888886,"-8.39,-42.39,-2.75,-26.00",0,5,-61.50000000000001,0.38235294117647056,3221.0,-8279.0,-8915.5
ml,pred_focus_hit99_logit,0.52,0.55,0.7,80,405,0.6814814814814815,57.03703703703704,-9.018518518518519,-3652.5,16.445652173913043,-63.5,0.5541109686870537,-14.569306930693068,"-11.75,-14.57,-1.66,-8.07",0,8,-15.178571428571429,0.4740740740740741,-0.5000000000000071,-11500.5,-12511.0
ml,pred_focus_hit99_logit,0.52,0.55,0.7,85,405,0.6345679012345679,57.03703703703704,-9.59876543209877,-3887.5000000000014,21.46498054474708,-63.54054054054054,0.5866120799659719,-15.707920792079207,"-14.34,-15.71,-0.32,-7.98",0,8,-15.178571428571432,0.4740740740740741,-56.000000000000036,-11556.0,-12894.0
ml,pred_focus_hit99_logit,0.52,0.55,0.7,90,405,0.5950617283950618,57.03703703703704,-9.981481481481481,-4042.5,26.45850622406639,-63.53048780487805,0.6120069104520587,-19.123762376237625,"-14.10,-19.12,-1.06,-5.60",1,8,-19.372340425531917,0.4740740740740741,-32.000000000000014,-11532.0,-13180.0
ml,pred_focus_hit99_logit,0.52,0.55,0.7,95,405,0.5654320987654321,57.03703703703704,-9.820987654320989,-3977.500000000001,31.44759825327511,-63.51704545454545,0.6441989444494141,-19.470297029702973,"-13.22,-19.47,0.52,-7.08",1,8,-20.968085106382983,0.4740740740740741,-53.500000000000014,-11553.5,-13511.5
ml,pred_focus_hit99_logit,0.52,0.55,0.7,99,405,0.5407407407407407,57.03703703703704,-10.003703703703707,-4051.500000000001,35.41324200913242,-63.47849462365591,0.6568561023121877,-18.58910891089109,"-13.04,-18.59,-2.67,-5.69",1,8,-19.180851063829788,0.4740740740740741,-56.500000000000014,-11556.5,-13799.0
ml,pred_focus_hit99_logit,0.53,0.55,0.7,80,382,0.6832460732984293,57.03141361256545,-8.8717277486911,-3389.0,16.457854406130267,-63.50826446280992,0.5589823671026092,-12.875,"-12.60,-12.88,-2.82,-7.11",0,8,-13.61111111111111,0.46596858638743455,-48.50000000000001,-11548.5,-12559.0
ml,pred_focus_hit99_logit,0.53,0.55,0.7,85,382,0.643979057591623,57.03141361256545,-8.793193717277491,-3359.0000000000014,21.483739837398375,-63.55882352941177,0.6114067561314206,-15.010416666666671,"-13.85,-15.01,0.08,-6.27",0,8,-14.277777777777782,0.46596858638743455,-35.50000000000001,-11535.5,-12873.5
ml,pred_focus_hit99_logit,0.53,0.55,0.7,90,382,0.6020942408376964,57.03141361256545,-9.342931937172775,-3569.0,26.47826086956522,-63.546052631578945,0.6305000517651931,-18.708333333333332,"-13.75,-18.71,-0.92,-3.85",1,8,-19.388888888888893,0.46596858638743455,-1.500000000000007,-11501.5,-13149.5
ml,pred_focus_hit99_logit,0.53,0.55,0.7,95,382,0.5759162303664922,57.03141361256545,-8.819371727748695,-3369.000000000002,31.45909090909091,-63.51851851851852,0.6725947521865889,-19.177083333333336,"-12.97,-19.18,2.55,-5.53",2,8,-21.16666666666667,0.46596858638743455,-15.500000000000021,-11515.5,-13473.5
ml,pred_focus_hit99_logit,0.53,0.55,0.7,99,382,0.5497382198952879,57.03141361256545,-9.107329842931938,-3479.0000000000005,35.423809523809524,-63.47674418604651,0.6813518959516395,-18.333333333333332,"-12.91,-18.33,-0.92,-4.13",1,8,-19.388888888888893,0.46596858638743455,-8.500000000000007,-11508.5,-13751.0
ml,pred_focus_hit99_logit,0.54,0.55,0.7,80,359,0.6880222841225627,57.06685236768803,-8.525069637883009,-3060.5,16.410931174089068,-63.517857142857146,0.5697919595164465,-13.055555555555555,"-11.92,-13.06,-4.00,-5.08",0,8,-15.86,0.4623955431754875,-50.49999999999997,-11550.5,-12561.0
ml,pred_focus_hit99_logit,0.54,0.55,0.7,85,359,0.6462395543175488,57.06685236768803,-8.636490250696383,-3100.5000000000014,21.435344827586206,-63.57086614173228,0.6159658140831115,-14.61111111111111,"-13.42,-14.61,-2.17,-4.30",0,8,-16.260000000000005,0.4623955431754875,-24.50000000000002,-11524.5,-12862.5
ml,pred_focus_hit99_logit,0.54,0.55,0.7,90,359,0.6100278551532033,57.06685236768803,-8.664345403899722,-3110.5,26.445205479452056,-63.58571428571429,0.6505841383958662,-17.72222222222222,"-12.48,-17.72,-3.56,-0.81",1,8,-20.66,0.4623955431754875,-6.0,-11506.0,-13154.0
ml,pred_focus_hit99_logit,0.54,0.55,0.7,95,359,0.5821727019498607,57.06685236768803,-8.260445682451259,-2965.500000000002,31.423444976076556,-63.553333333333335,0.6889226896045316,-18.33333333333334,"-11.76,-18.33,-0.22,-2.67",2,8,-21.743902439024396,0.4623955431754875,-31.50000000000005,-11531.5,-13489.5
ml,pred_focus_hit99_logit,0.54,0.55,0.7,99,359,0.5543175487465181,57.06685236768803,-8.689415041782732,-3119.500000000001,35.38442211055276,-63.50625,0.6929928156677493,-17.522222222222222,"-11.78,-17.52,-4.16,-1.22",1,8,-19.987804878048784,0.4623955431754875,-31.499999999999993,-11531.5,-13774.0
ml,pred_focus_hit99_logit,0.55,0.55,0.7,80,331,0.676737160120846,57.07854984894261,-9.439577039274925,-3124.5,16.383928571428573,-63.5,0.5401427625285157,-14.367469879518072,"-14.37,-13.61,-4.74,-4.99",0,8,-16.545454545454547,0.459214501510574,-18.5,-11518.5,-12529.0
ml,pred_focus_hit99_logit,0.55,0.55,0.7,85,331,0.6314199395770392,57.07854984894261,-9.907854984894266,-3279.500000000002,21.40909090909091,-63.557377049180324,0.5770570028372453,-16.415662650602414,"-16.42,-15.60,-3.11,-4.44",0,8,-17.45454545454546,0.459214501510574,-1.5,-11501.5,-12839.5
ml,pred_focus_hit99_logit,0.55,0.55,0.7,90,331,0.6012084592145015,57.07854984894261,-9.469788519637461,-3134.5,26.42462311557789,-63.583333333333336,0.6265340164422734,-18.186746987951807,"-14.73,-18.19,-3.90,-0.96",0,8,-22.90909090909091,0.459214501510574,-18.500000000000014,-11518.5,-13166.5
ml,pred_focus_hit99_logit,0.55,0.55,0.7,95,331,0.5770392749244713,57.07854984894261,-8.759818731117829,-2899.5000000000014,31.416230366492147,-63.57142857142857,0.6742134831460674,-19.090361445783135,"-13.16,-19.09,-0.58,-2.12",1,8,-21.02631578947369,0.459214501510574,-45.49999999999999,-11545.5,-13503.5
ml,pred_focus_hit99_logit,0.55,0.55,0.7,99,331,0.5498489425981873,57.07854984894261,-9.143504531722055,-3026.5000000000005,35.38461538461539,-63.533557046979865,0.6802936671420271,-18.403614457831324,"-13.43,-18.40,-3.90,-0.74",0,8,-19.23684210526316,0.459214501510574,-27.000000000000014,-11527.0,-13769.5
ml,pred_focus_hit99_logit,0.56,0.55,0.7,80,301,0.6877076411960132,57.08970099667774,-8.573089700996677,-2580.5,16.38888888888889,-63.54255319148936,0.5679725431106647,-15.118421052631579,"-15.12,-11.57,-3.81,-3.71",0,8,-21.86842105263158,0.46179401993355484,-2.4999999999999645,-11502.5,-12513.0
ml,pred_focus_hit99_logit,0.56,0.55,0.7,85,301,0.6478405315614618,57.08970099667774,-8.523255813953494,-2565.500000000002,21.397435897435898,-63.56603773584906,0.619249035322054,-16.565789473684216,"-16.57,-12.83,-1.21,-3.38",0,8,-23.71052631578948,0.46179401993355484,-26.000000000000085,-11526.0,-12864.0
ml,pred_focus_hit99_logit,0.56,0.55,0.7,90,301,0.6179401993355482,57.08970099667774,-7.975083056478406,-2400.5,26.419354838709676,-63.60434782608696,0.671816255383143,-15.833333333333334,"-14.99,-15.83,-1.14,0.15",1,8,-30.81578947368421,0.46179401993355484,-31.000000000000007,-11531.0,-13179.0
ml,pred_focus_hit99_logit,0.56,0.55,0.7,95,301,0.5946843853820598,57.08970099667774,-7.094684385382066,-2135.500000000002,31.421787709497206,-63.60655737704918,0.7248067010309278,-16.966666666666672,"-12.29,-16.97,2.33,-1.38",0,8,-28.973684210526322,0.46179401993355484,-5.5000000000000355,-11505.5,-13463.5
ml,pred_focus_hit99_logit,0.56,0.55,0.7,99,301,0.5647840531561462,57.08970099667774,-7.676079734219271,-2310.5000000000005,35.38823529411765,-63.56106870229008,0.7225124602173782,-16.313333333333333,"-12.74,-16.31,-1.50,-0.09",1,8,-27.500000000000007,0.46179401993355484,-48.50000000000002,-11548.5,-13791.0
ml,pred_focus_hit99_logit,0.57,0.55,0.7,80,269,0.6951672862453532,57.111524163568774,-7.9981412639405205,-2151.5,16.355614973262032,-63.53658536585366,0.5870441458733205,-12.970588235294118,"-12.97,-11.26,-3.90,-3.78",0,8,-18.875,0.44981412639405205,221.5,-11278.5,-12298.0
ml,pred_focus_hit99_logit,0.57,0.55,0.7,85,269,0.6654275092936803,57.111524163568774,-7.050185873605951,-1896.500000000001,21.365921787709492,-63.56666666666667,0.6685020101380876,-13.558823529411768,"-13.56,-13.05,-1.44,-0.05",1,8,-21.375000000000004,0.44981412639405205,523.5,-10976.5,-12459.5
ml,pred_focus_hit99_logit,0.57,0.55,0.7,90,269,0.6394052044609665,57.111524163568774,-6.065055762081784,-1631.5,26.377906976744185,-63.59278350515464,0.7355110642781876,-15.440298507462687,"-11.94,-15.44,-0.47,3.68",2,8,-24.500000000000004,0.44981412639405205,793.0,-10707.0,-12665.0
ml,pred_focus_hit99_logit,0.57,0.55,0.7,95,269,0.6171003717472119,57.111524163568774,-4.986988847583646,-1341.500000000001,31.379518072289155,-63.59708737864078,0.7952064727883368,-17.007462686567166,"-9.07,-17.01,3.04,3.16",3,8,-22.312500000000007,0.44981412639405205,1009.5,-10490.5,-12925.5
ml,pred_focus_hit99_logit,0.57,0.55,0.7,99,269,0.587360594795539,57.111524163568774,-5.462825278810412,-1469.5000000000007,35.348101265822784,-63.554054054054056,0.7916932454461691,-16.51492537313433,"-9.69,-16.51,-0.07,4.49",2,8,-20.562500000000004,0.44981412639405205,868.0,-10632.0,-13291.5
ml,pred_focus_hit99_logit,0.58,0.55,0.7,80,225,0.7244444444444444,57.10666666666667,-5.651111111111111,-1271.5,16.38957055214724,-63.596774193548384,0.6775297996449404,-11.728070175438596,"-11.73,-6.52,-2.30,-1.95",0,8,-12.863636363636363,0.4444444444444444,980.0,-10520.0,-11530.5
ml,pred_focus_hit99_logit,0.58,0.55,0.7,85,225,0.6888888888888889,57.10666666666667,-5.0511111111111155,-1136.500000000001,21.40322580645161,-63.628571428571426,0.7448361023798831,-12.956140350877197,"-12.96,-7.50,-1.50,1.89",2,8,-17.409090909090914,0.4444444444444444,1314.0,-10186.0,-11787.5
ml,pred_focus_hit99_logit,0.58,0.55,0.7,90,225,0.6666666666666666,57.10666666666667,-3.6066666666666665,-811.5,26.42,-63.66,0.8300345585925227,-11.552631578947368,"-11.55,-9.02,0.55,5.73",4,8,-22.863636363636367,0.4444444444444444,1978.0,-9522.0,-11983.0
ml,pred_focus_hit99_logit,0.58,0.55,0.7,95,225,0.64,57.10666666666667,-2.806666666666671,-631.500000000001,31.42361111111111,-63.660493827160494,0.8775332105110055,-11.071428571428575,"-8.66,-11.07,4.12,4.48",4,8,-20.590909090909097,0.4444444444444444,2364.5,-9135.5,-12392.5
ml,pred_focus_hit99_logit,0.58,0.55,0.7,99,225,0.6088888888888889,57.10666666666667,-3.3266666666666698,-748.5000000000007,35.38321167883212,-63.59090909090909,0.8662437455325233,-10.625,"-8.08,-10.62,-0.09,5.57",3,8,-18.772727272727277,0.4444444444444444,1860.5,-9639.5,-13807.0
ml,pred_focus_hit99_logit,0.59,0.55,0.7,80,191,0.7068062827225131,57.10994764397906,-7.06544502617801,-1349.5,16.38888888888889,-63.607142857142854,0.6211398090960135,-12.020833333333334,"-12.00,-12.02,1.38,-5.59",0,8,-14.346153846153847,0.450261780104712,1008.0,-10492.0,-11155.0
ml,pred_focus_hit99_logit,0.59,0.55,0.7,85,191,0.6701570680628273,57.10994764397906,-6.646596858638747,-1269.5000000000007,21.4140625,-63.65873015873016,0.6834559281885052,-14.10416666666667,"-12.31,-14.10,1.90,-1.97",1,8,-17.409090909090914,0.450261780104712,1013.5,-10486.5,-11329.5
ml,pred_focus_hit99_logit,0.59,0.55,0.7,90,191,0.6492146596858639,57.10994764397906,-5.180628272251309,-989.5,26.419354838709676,-63.66417910447761,0.7680225061540265,-14.9375,"-11.17,-14.94,3.88,1.65",2,8,-22.863636363636367,0.450261780104712,1590.0,-9910.0,-11381.5
ml,pred_focus_hit99_logit,0.59,0.55,0.7,95,191,0.6282722513089005,57.10994764397906,-3.924083769633512,-749.5000000000008,31.4,-63.62676056338028,0.8340896513558385,-14.208333333333337,"-8.25,-14.21,5.65,1.22",2,8,-20.590909090909097,0.450261780104712,1991.0,-9509.0,-11813.5
ml,pred_focus_hit99_logit,0.59,0.55,0.7,99,191,0.6020942408376964,57.10994764397906,-4.002617801047123,-764.5000000000005,35.37826086956522,-63.5921052631579,0.8418166770122077,-14.1875,"-7.98,-14.19,2.37,3.95",2,8,-18.772727272727277,0.450261780104712,2015.5,-9484.5,-12804.5
ml,pred_focus_hit99_logit,0.6,0.55,0.7,80,162,0.7160493827160493,57.111111111111114,-6.327160493827161,-1025.0,16.42241379310345,-63.69565217391305,0.6501706484641638,-13.085365853658537,"-8.96,-13.09,-1.60,-1.42",1,8,-15.7,0.41975308641975306,1512.0,-9988.0,-10631.0
ml,pred_focus_hit99_logit,0.6,0.55,0.7,85,162,0.6790123456790124,57.111111111111114,-5.895061728395065,-955.0000000000006,21.463636363636365,-63.76923076923077,0.7120024125452352,-14.0609756097561,"-9.70,-14.06,-1.98,2.45",1,8,-21.200000000000003,0.41975308641975306,1539.0,-9961.0,-11048.0
ml,pred_focus_hit99_logit,0.6,0.55,0.7,90,162,0.6604938271604939,57.111111111111114,-4.166666666666667,-675.0,26.481308411214954,-63.79090909090909,0.8076100897819581,-13.329268292682928,"-8.72,-13.33,-0.60,6.33",1,8,-27.7,0.41975308641975306,2860.5,-8639.5,-10761.5
ml,pred_focus_hit99_logit,0.6,0.55,0.7,95,162,0.6419753086419753,57.111111111111114,-2.6234567901234604,-425.00000000000057,31.451923076923077,-63.724137931034484,0.8850108225108225,-12.841463414634152,"-5.67,-12.84,0.52,7.82",3,8,-25.700000000000006,0.41975308641975306,3204.5,-8295.5,-11138.0
ml,pred_focus_hit99_logit,0.6,0.55,0.7,99,162,0.6172839506172839,57.111111111111114,-2.500000000000002,-405.00000000000034,35.43,-63.67741935483871,0.8974164133738601,-13.109756097560975,"-5.65,-13.11,-1.73,10.82",3,8,-24.1,0.41975308641975306,3479.0,-8021.0,-12285.0
ml,pred_focus_hit99_logit,0.61,0.55,0.7,80,137,0.708029197080292,56.992700729927,-6.850364963503649,-938.5,16.551546391752577,-63.6,0.6310927672955975,-16.5,"-8.81,-16.50,0.06,-2.09",1,8,-15.7,0.41605839416058393,2000.5,-9499.5,-10390.0
ml,pred_focus_hit99_logit,0.61,0.55,0.7,85,137,0.6715328467153284,56.992700729927,-6.412408759124091,-878.5000000000005,21.58695652173913,-63.65555555555556,0.6933147146098795,-18.558823529411768,"-7.81,-18.56,1.53,-0.76",1,8,-21.200000000000003,0.41605839416058393,2017.5,-9482.5,-10771.0
ml,pred_focus_hit99_logit,0.61,0.55,0.7,90,137,0.6496350364963503,56.992700729927,-5.025547445255475,-688.5,26.6123595505618,-63.6875,0.7747791952894995,-18.558823529411764,"-7.10,-18.56,2.71,2.91",2,8,-27.7,0.41605839416058393,2520.0,-8980.0,-10822.0
ml,pred_focus_hit99_logit,0.61,0.55,0.7,95,137,0.6277372262773723,56.992700729927,-3.857664233576647,-528.5000000000007,31.58139534883721,-63.61764705882353,0.837108953613808,-16.058823529411768,"-3.96,-16.06,0.79,3.79",2,8,-25.700000000000006,0.41605839416058393,2986.0,-8514.0,-11002.5
ml,pred_focus_hit99_logit,0.61,0.55,0.7,99,137,0.5985401459854015,56.992700729927,-4.237226277372265,-580.5000000000003,35.5609756097561,-63.57272727272727,0.833976833976834,-16.97058823529412,"-4.27,-16.97,0.59,3.71",3,8,-24.1,0.41605839416058393,2873.5,-8626.5,-12277.0
ml,pred_focus_hit99_logit,0.62,0.55,0.7,80,117,0.7008547008547008,57.06837606837608,-7.5,-877.5,16.536585365853657,-63.81428571428572,0.6071188717259905,-16.913793103448278,"-7.47,-16.91,-2.98,-2.64",2,8,-19.166666666666668,0.37606837606837606,2133.5,-9366.5,-10127.0
ml,pred_focus_hit99_logit,0.62,0.55,0.7,85,117,0.6581196581196581,57.06837606837608,-7.62820512820513,-892.5000000000002,21.57792207792207,-63.85,0.6505481597494125,-19.844827586206897,"-6.80,-19.84,-2.12,-1.78",2,8,-25.833333333333336,0.37606837606837606,2030.5,-9469.5,-10680.5
ml,pred_focus_hit99_logit,0.62,0.55,0.7,90,117,0.6324786324786325,57.06837606837608,-6.645299145299146,-777.5,26.60810810810811,-63.872093023255815,0.7169124340069178,-20.362068965517242,"-6.47,-20.36,-1.60,1.84",2,8,-33.611111111111114,0.37606837606837606,2470.5,-9029.5,-10781.0
ml,pred_focus_hit99_logit,0.62,0.55,0.7,95,117,0.6153846153846154,57.06837606837608,-5.106837606837611,-597.5000000000005,31.569444444444443,-63.78888888888889,0.7918481100853509,-17.948275862068964,"-3.30,-17.95,-1.43,2.19",2,8,-31.94444444444445,0.37606837606837606,3265.0,-8235.0,-10463.5
ml,pred_focus_hit99_logit,0.62,0.55,0.7,99,117,0.5897435897435898,57.06837606837608,-5.183760683760686,-606.5000000000002,35.54347826086956,-63.729166666666664,0.8017325923504414,-22.844827586206897,"-0.77,-22.84,1.19,1.53",3,8,-30.61111111111111,0.37606837606837606,2788.0,-8712.0,-11321.5
ml,pred_focus_hit99_logit,0.63,0.55,0.7,80,98,0.6836734693877551,57.09183673469388,-8.89795918367347,-872.0,16.58955223880597,-63.983870967741936,0.560373077892614,-19.22,"-8.98,-19.22,-3.75,-3.21",3,8,-19.166666666666668,0.35714285714285715,2241.5,-9258.5,-10350.0
ml,pred_focus_hit99_logit,0.63,0.55,0.7,85,98,0.6428571428571429,57.09183673469388,-8.948979591836737,-877.0000000000002,21.611111111111104,-63.957142857142856,0.6082197900379717,-23.22,"-8.98,-23.22,-3.54,0.54",3,8,-25.833333333333336,0.35714285714285715,2231.0,-9269.0,-10654.5
ml,pred_focus_hit99_logit,0.63,0.55,0.7,90,98,0.6122448979591837,57.09183673469388,-8.489795918367347,-832.0,26.65,-63.973684210526315,0.6577540106951871,-24.42,"-5.78,-24.42,-7.50,4.29",3,8,-33.611111111111114,0.35714285714285715,2269.0,-9231.0,-10941.5
ml,pred_focus_hit99_logit,0.63,0.55,0.7,95,98,0.6020408163265306,57.09183673469388,-6.397959183673473,-627.0000000000003,31.618644067796602,-63.91025641025641,0.7484453360080239,-22.22,"-2.58,-22.22,-8.33,8.04",4,8,-31.94444444444445,0.35714285714285715,2995.5,-8504.5,-10793.5
ml,pred_focus_hit99_logit,0.63,0.55,0.7,99,98,0.5714285714285714,57.09183673469388,-7.020408163265308,-688.0000000000001,35.589285714285715,-63.833333333333336,0.7433793360686312,-28.38,"-0.02,-28.38,-6.00,6.92",3,8,-30.61111111111111,0.35714285714285715,2522.5,-8977.5,-11704.5
ml,pred_focus_hit99_logit,0.64,0.55,0.7,80,79,0.6835443037974683,57.15189873417721,-8.968354430379748,-708.5,16.5,-63.98,0.557049077836824,-12.15,"-11.45,-12.15,-7.65,-4.39",3,8,-19.166666666666668,0.35443037974683544,3046.0,-8454.0,-9508.0
ml,pred_focus_hit99_logit,0.64,0.55,0.7,85,79,0.6329113924050633,57.15189873417721,-9.854430379746839,-778.5000000000002,21.519999999999992,-63.94827586206897,0.5802102992720407,-13.150000000000002,"-12.45,-13.15,-8.40,-5.18",3,8,-25.833333333333336,0.35443037974683544,2679.0,-8821.0,-10123.0
ml,pred_focus_hit99_logit,0.64,0.55,0.7,90,79,0.5949367088607594,57.15189873417721,-10.10759493670886,-798.5,26.56382978723404,-63.96875,0.6099169516365412,-14.65,"-9.45,-14.65,-14.15,-1.76",4,8,-33.611111111111114,0.35443037974683544,2364.5,-9135.5,-10697.5
ml,pred_focus_hit99_logit,0.64,0.55,0.7,95,79,0.5822784810126582,57.15189873417721,-8.335443037974686,-658.5000000000002,31.521739130434774,-63.89393939393939,0.6876926725160064,-16.150000000000006,"-6.45,-11.90,-16.15,1.66",3,8,-31.94444444444445,0.35443037974683544,2844.0,-8656.0,-10645.0
ml,pred_focus_hit99_logit,0.64,0.55,0.7,99,79,0.5569620253164557,57.15189873417721,-8.512658227848103,-672.5000000000001,35.52272727272727,-63.871428571428574,0.6991724446432566,-14.65,"-4.05,-14.65,-14.15,-0.82",2,8,-30.61111111111111,0.35443037974683544,2866.5,-8633.5,-10803.5
ml,pred_focus_hit99_logit,0.65,0.55,0.7,80,63,0.6507936507936508,57.285714285714306,-11.722222222222221,-738.5,16.28048780487805,-63.90909090909091,0.47475106685633,-14.0,"-13.69,-9.12,-14.00,-9.97",1,8,-24.75,0.4126984126984127,2856.0,-8644.0,-9175.5
ml,pred_focus_hit99_logit,0.65,0.55,0.7,85,63,0.6031746031746031,57.285714285714306,-12.51587301587302,-788.5000000000002,21.263157894736835,-63.86,0.5061071093015971,-16.187500000000004,"-15.88,-11.00,-16.19,-6.63",2,8,-27.5,0.4126984126984127,2684.5,-8815.5,-9522.0
ml,pred_focus_hit99_logit,0.65,0.55,0.7,90,63,0.5555555555555556,57.285714285714306,-13.785714285714286,-868.5,26.3,-63.892857142857146,0.514533258803801,-19.0,"-13.06,-13.50,-19.00,-9.30",4,8,-42.25,0.4126984126984127,2252.0,-9248.0,-10025.5
ml,pred_focus_hit99_logit,0.65,0.55,0.7,95,63,0.5396825396825397,57.285714285714306,-12.51587301587302,-788.5000000000002,31.23529411764705,-63.810344827586206,0.5738989462307483,-22.437500000000004,"-10.25,-10.69,-22.44,-6.30",3,8,-41.0,0.4126984126984127,2394.0,-9106.0,-10040.0
ml,pred_focus_hit99_logit,0.65,0.55,0.7,99,63,0.5079365079365079,57.285714285714306,-13.5,-850.5,35.21875,-63.79032258064516,0.5699115044247788,-20.6875,"-8.00,-14.62,-20.69,-10.50",2,8,-40.0,0.4126984126984127,2273.5,-9226.5,-10283.0
ml,pred_focus_hit99_logit,0.66,0.55,0.7,80,53,0.6037735849056604,57.41509433962263,-15.61320754716981,-827.5,16.0625,-63.88095238095238,0.38315318673127097,-21.115384615384617,"-17.93,-8.81,-21.12,-14.42",1,7,-37.833333333333336,0.41509433962264153,2604.5,-8895.5,-9369.0
ml,pred_focus_hit99_logit,0.66,0.55,0.7,85,53,0.5471698113207547,57.41509433962263,-17.405660377358494,-922.5000000000001,21.01724137931034,-63.833333333333336,0.3978459530026109,-24.96153846153846,"-21.14,-11.88,-24.96,-11.35",2,7,-36.16666666666667,0.41509433962264153,2196.5,-9303.5,-9867.5
ml,pred_focus_hit99_logit,0.66,0.55,0.7,90,53,0.49056603773584906,57.41509433962263,-19.764150943396228,-1047.5,26.03846153846154,-63.870370370370374,0.39257755871267036,-29.576923076923077,"-18.64,-15.73,-29.58,-15.19",2,7,-64.5,0.41509433962264153,1681.5,-9818.5,-10443.0
ml,pred_focus_hit99_logit,0.66,0.55,0.7,95,53,0.4716981132075472,57.41509433962263,-19.10377358490566,-1012.5,30.93999999999999,-63.785714285714285,0.4330907054871219,-27.653846153846157,"-16.14,-13.04,-27.65,-19.81",1,7,-64.5,0.41509433962264153,1710.5,-9789.5,-10539.0
ml,pred_focus_hit99_logit,0.66,0.55,0.7,99,53,0.4339622641509434,57.41509433962263,-20.952830188679247,-1110.5,34.891304347826086,-63.766666666666666,0.41949817041296394,-26.11538461538462,"-14.14,-18.50,-26.12,-25.58",1,7,-64.5,0.41509433962264153,1540.5,-9959.5,-10663.0
ml,pred_focus_hit99_logit,0.67,0.55,0.7,80,48,0.6041666666666666,57.375,-15.541666666666666,-746.0,16.155172413793107,-63.921052631578945,0.3857554549197201,-24.333333333333332,"-10.33,-17.25,-24.33,-10.25",1,6,-24.5,0.3958333333333333,2898.5,-8601.5,-9034.5
ml,pred_focus_hit99_logit,0.67,0.55,0.7,85,48,0.5416666666666666,57.375,-17.83333333333334,-856.0000000000002,21.11538461538461,-63.86363636363637,0.390747330960854,-36.0,"-14.08,-14.33,-36.00,-6.92",1,6,-27.5,0.3958333333333333,2473.5,-9026.5,-9577.0
ml,pred_focus_hit99_logit,0.67,0.55,0.7,90,48,0.4791666666666667,57.375,-20.75,-996.0,26.152173913043477,-63.9,0.37652582159624415,-41.833333333333336,"-11.17,-18.92,-41.83,-11.08",1,6,-64.5,0.3958333333333333,1872.0,-9628.0,-10258.5
ml,pred_focus_hit99_logit,0.67,0.55,0.7,95,48,0.4583333333333333,57.375,-20.33333333333334,-976.0000000000002,31.04545454545454,-63.80769230769231,0.4116937914406268,-40.583333333333336,"-8.25,-16.42,-40.58,-16.08",0,6,-64.5,0.3958333333333333,1942.5,-9557.5,-10313.0
ml,pred_focus_hit99_logit,0.67,0.55,0.7,99,48,0.4166666666666667,57.375,-22.625,-1086.0,35.0,-63.785714285714285,0.3919372900335946,-39.583333333333336,"-5.92,-22.67,-39.58,-22.33",1,6,-64.5,0.3958333333333333,1652.5,-9847.5,-10484.0
ml,pred_focus_hit99_logit,0.68,0.55,0.7,80,45,0.6222222222222222,57.42222222222222,-14.144444444444444,-636.5,16.17857142857143,-64.08823529411765,0.4157870582836164,-20.954545454545453,"-10.33,-13.05,-20.95,-12.59",1,6,-24.5,0.37777777777777777,3634.5,-7865.5,-8351.0
ml,pred_focus_hit99_logit,0.68,0.55,0.7,85,45,0.5555555555555556,57.42222222222222,-16.700000000000006,-751.5000000000002,21.139999999999997,-64.0,0.4128906249999999,-33.68181818181818,"-14.08,-9.86,-33.68,-9.41",1,6,-22.000000000000007,0.37777777777777777,2946.0,-8554.0,-9127.0
ml,pred_focus_hit99_logit,0.68,0.55,0.7,90,45,0.4888888888888889,57.42222222222222,-19.92222222222222,-896.5,26.181818181818183,-64.02173913043478,0.39117147707979627,-40.04545454545455,"-11.17,-14.86,-40.05,-14.41",1,6,-64.5,0.37777777777777777,2199.0,-9301.0,-9931.5
ml,pred_focus_hit99_logit,0.68,0.55,0.7,95,45,0.4666666666666667,57.42222222222222,-19.588888888888896,-881.5000000000002,31.071428571428566,-63.916666666666664,0.42535853976531934,-38.68181818181818,"-8.25,-12.14,-38.68,-20.32",0,6,-64.5,0.37777777777777777,2242.0,-9258.0,-10013.5
ml,pred_focus_hit99_logit,0.68,0.55,0.7,99,45,0.4222222222222222,57.42222222222222,-22.122222222222224,-995.5,35.026315789473685,-63.88461538461539,0.40066225165562913,-37.59090909090909,"-5.92,-18.95,-37.59,-27.50",0,6,-64.5,0.37777777777777777,1953.0,-9547.0,-10183.5
ml,pred_focus_hit99_logit,0.69,0.55,0.7,80,39,0.6410256410256411,57.4102564102564,-12.628205128205128,-492.5,16.22,-64.14285714285714,0.4515590200445434,-16.5,"-15.50,-16.40,-16.50,-0.94",2,6,-21.033333333333335,0.3333333333333333,4657.5,-6842.5,-7383.5
ml,pred_focus_hit99_logit,0.69,0.55,0.7,85,39,0.5641025641025641,57.4102564102564,-15.961538461538462,-622.5,21.181818181818176,-64.02941176470588,0.4281120808451997,-30.5,"-21.00,-13.40,-30.50,2.94",2,6,-24.033333333333342,0.3333333333333333,3634.0,-7866.0,-8610.5
ml,pred_focus_hit99_logit,0.69,0.55,0.7,90,39,0.48717948717948717,57.4102564102564,-20.064102564102566,-782.5,26.236842105263158,-64.05,0.38914910226385635,-28.5,"-18.50,-19.40,-28.50,-13.17",1,6,-64.5,0.3333333333333333,2717.0,-8783.0,-9468.5
ml,pred_focus_hit99_logit,0.69,0.55,0.7,95,39,0.46153846153846156,57.4102564102564,-20.06410256410257,-782.5000000000002,31.111111111111104,-63.92857142857143,0.4171322160148975,-26.5,"-16.00,-16.90,-26.50,-20.94",1,6,-64.5,0.3333333333333333,2688.5,-8811.5,-9632.0
ml,pred_focus_hit99_logit,0.69,0.55,0.7,99,39,0.41025641025641024,57.4102564102564,-23.294871794871796,-908.5,35.0625,-63.891304347826086,0.38176250425314734,-30.166666666666668,"-14.00,-24.80,-24.90,-30.17",0,6,-64.5,0.3333333333333333,2280.0,-9220.0,-9856.5
ml,pred_focus_hit99_logit,0.7,0.55,0.7,80,34,0.6470588235294118,57.382352941176464,-12.117647058823529,-412.0,16.227272727272727,-64.08333333333333,0.46423927178153446,-28.833333333333332,"-10.06,-28.83,-14.62,6.88",2,5,-23.714285714285715,0.38235294117647056,5277.5,-6222.5,-6998.0
ml,pred_focus_hit99_logit,0.7,0.55,0.7,85,34,0.5882352941176471,57.382352941176464,-13.882352941176475,-472.0000000000001,21.199999999999996,-64.0,0.4732142857142856,-26.611111111111114,"-16.17,-26.61,-11.50,0.62",1,5,-27.285714285714295,0.38235294117647056,4731.5,-6768.5,-7616.0
ml,pred_focus_hit99_logit,0.7,0.55,0.7,90,34,0.5294117647058824,57.382352941176464,-16.235294117647058,-552.0,26.22222222222222,-64.0,0.4609375,-34.388888888888886,"-13.39,-34.39,-8.38,-6.88",1,5,-25.142857142857142,0.38235294117647056,4071.5,-7428.5,-8304.0
ml,pred_focus_hit99_logit,0.7,0.55,0.7,95,34,0.5,57.382352941176464,-16.382352941176478,-557.0000000000002,31.08823529411764,-63.85294117647059,0.48687240902809753,-32.72222222222222,"-10.61,-32.72,-5.25,-15.63",1,5,-61.50000000000001,0.38235294117647056,3918.0,-7582.0,-8532.5
ml,pred_focus_hit99_logit,0.7,0.55,0.7,99,34,0.4411764705882353,57.382352941176464,-20.20588235294118,-687.0000000000001,35.03333333333333,-63.81578947368421,0.4334020618556701,-42.388888888888886,"-8.39,-42.39,-2.75,-26.00",0,5,-61.50000000000001,0.38235294117647056,3221.0,-8279.0,-8915.5
ml,pred_focus_hit99_hgb,0.52,0.4,0.6,80,712,0.6741573033707865,54.82303370786518,-7.362359550561798,-5242.0,18.61875,-61.116379310344826,0.6302983285139996,-11.870786516853933,"-7.84,-11.87,-3.76,-5.98",0,8,-14.30327868852459,0.49157303370786515,-2.0,-11502.0,-12183.0
ml,pred_focus_hit99_hgb,0.52,0.4,0.6,85,712,0.6432584269662921,54.82303370786518,-6.625000000000003,-4717.000000000002,23.62227074235808,-61.16535433070866,0.6963825952626158,-10.21348314606742,"-9.28,-10.21,-1.15,-5.87",0,8,-12.745901639344266,0.49157303370786515,-10.500000000000014,-11510.5,-12725.0
ml,pred_focus_hit99_hgb,0.52,0.4,0.6,90,712,0.6165730337078652,54.82303370786518,-5.817415730337078,-4142.0,28.57744874715262,-61.12637362637363,0.7517902621722846,-9.735955056179776,"-8.74,-9.74,1.35,-6.15",1,8,-10.787671232876713,0.49157303370786515,-27.5,-11527.5,-13313.0
ml,pred_focus_hit99_hgb,0.52,0.4,0.6,95,712,0.5870786516853933,54.82303370786518,-5.5435393258427,-3947.0000000000027,33.55980861244019,-61.13945578231292,0.7804172461752434,-8.471910112359554,"-7.96,-8.47,0.01,-5.75",0,8,-11.883561643835622,0.49157303370786515,-32.50000000000001,-11532.5,-13852.5
ml,pred_focus_hit99_hgb,0.52,0.4,0.6,99,712,0.5688202247191011,54.82303370786518,-5.008426966292136,-3566.000000000001,37.574074074074076,-61.18403908794788,0.8101525274842282,-7.376404494382025,"-7.38,-7.36,0.34,-5.64",1,8,-9.801369863013702,0.49157303370786515,-4.0,-11504.0,-14333.0
ml,pred_focus_hit99_hgb,0.53,0.4,0.6,80,671,0.6706408345752608,54.80327868852459,-7.62220566318927,-5114.5,18.65111111111111,-61.119909502262445,0.6213585045345179,-11.779761904761905,"-8.92,-11.78,-3.21,-6.57",0,8,-15.732142857142858,0.4858420268256334,-24.500000000000007,-11524.5,-12205.5
ml,pred_focus_hit99_hgb,0.53,0.4,0.6,85,671,0.6438152011922503,54.80327868852459,-6.556631892697469,-4399.500000000002,23.641203703703702,-61.14016736401673,0.6989221556886227,-10.202380952380954,"-10.20,-9.70,-0.62,-5.70",0,8,-12.972222222222225,0.4858420268256334,-43.000000000000014,-11543.0,-12757.5
ml,pred_focus_hit99_hgb,0.53,0.4,0.6,90,671,0.61698956780924,54.80327868852459,-5.759314456035767,-3864.5,28.584541062801932,-61.083657587548636,0.7538299837564099,-9.875,"-9.88,-9.34,1.85,-5.67",1,8,-11.375000000000002,0.4858420268256334,-7.500000000000007,-11507.5,-13293.0
ml,pred_focus_hit99_hgb,0.53,0.4,0.6,95,671,0.5856929955290611,54.80327868852459,-5.654992548435175,-3794.5000000000023,33.56615776081425,-61.10071942446043,0.7766101495349111,-9.279761904761907,"-9.28,-8.15,0.81,-6.00",0,8,-12.55555555555556,0.4858420268256334,-48.00000000000001,-11548.0,-13868.0
ml,pred_focus_hit99_hgb,0.53,0.4,0.6,99,671,0.5678092399403875,54.80327868852459,-5.088673621460509,-3414.5000000000014,37.57349081364829,-61.13793103448276,0.8074168076706147,-8.267857142857146,"-8.27,-7.09,1.05,-6.05",2,8,-10.500000000000004,0.4858420268256334,-11.0,-11511.0,-14340.0
ml,pred_focus_hit99_hgb,0.54,0.4,0.6,80,628,0.6703821656050956,54.78343949044585,-7.6210191082802545,-4786.0,18.697149643705462,-61.14734299516908,0.6218842583448548,-13.531847133757962,"-8.26,-13.53,-2.61,-6.09",0,8,-17.57843137254902,0.4872611464968153,-19.500000000000007,-11519.5,-12200.5
ml,pred_focus_hit99_hgb,0.54,0.4,0.6,85,628,0.643312101910828,54.78343949044585,-6.578025477707009,-4131.000000000002,23.693069306930692,-61.174107142857146,0.6985331679194337,-11.621019108280258,"-9.82,-11.62,-0.06,-4.81",0,8,-14.833333333333337,0.4872611464968153,-3.500000000000014,-11503.5,-12718.0
ml,pred_focus_hit99_hgb,0.54,0.4,0.6,90,628,0.6162420382165605,54.78343949044585,-5.805732484076433,-3646.0,28.642118863049095,-61.12240663900415,0.752486337870405,-11.55732484076433,"-9.66,-11.56,2.36,-4.37",1,8,-12.088235294117647,0.4872611464968153,-24.500000000000007,-11524.5,-13310.0
ml,pred_focus_hit99_hgb,0.54,0.4,0.6,95,628,0.5843949044585988,54.78343949044585,-5.757961783439494,-3616.000000000002,33.61716621253406,-61.12452107279694,0.7733412730748739,-10.601910828025481,"-9.21,-10.60,2.23,-5.45",2,8,-12.55555555555556,0.4872611464968153,-3.500000000000007,-11503.5,-13823.5
ml,pred_focus_hit99_hgb,0.54,0.4,0.6,99,628,0.5684713375796179,54.78343949044585,-5.003184713375796,-3142.0,37.62044817927171,-61.15313653136531,0.81040880977523,-9.722929936305732,"-8.28,-9.72,3.62,-5.63",2,8,-10.500000000000004,0.4872611464968153,-46.0,-11546.0,-14375.0
ml,pred_focus_hit99_hgb,0.55,0.4,0.6,80,585,0.67008547008547,54.75042735042736,-7.609401709401709,-4451.5,18.742346938775512,-61.13212435233161,0.6227062762215536,-13.178082191780822,"-7.87,-13.18,-2.52,-6.87",0,8,-13.477777777777778,0.49572649572649574,-45.0,-11545.0,-12226.0
ml,pred_focus_hit99_hgb,0.55,0.4,0.6,85,585,0.6427350427350428,54.75042735042736,-6.5923076923076955,-3856.500000000002,23.74468085106383,-61.16985645933014,0.698345652939106,-11.328767123287673,"-9.74,-11.33,-0.05,-5.23",0,8,-12.972222222222225,0.49572649572649574,-12.500000000000036,-11512.5,-12727.0
ml,pred_focus_hit99_hgb,0.55,0.4,0.6,90,585,0.6170940170940171,54.75042735042736,-5.694871794871795,-3331.5,28.691135734072024,-61.111607142857146,0.7566294104755643,-10.849315068493151,"-9.77,-10.85,2.27,-4.40",1,8,-11.375000000000002,0.49572649572649574,-25.0,-11525.0,-13310.5
ml,pred_focus_hit99_hgb,0.55,0.4,0.6,95,585,0.5846153846153846,54.75042735042736,-5.703418803418806,-3336.500000000002,33.6578947368421,-61.10082304526749,0.77528203401246,-9.500000000000004,"-9.50,-9.34,1.86,-5.81",2,8,-12.55555555555556,0.49572649572649574,-35.5,-11535.5,-13855.5
ml,pred_focus_hit99_hgb,0.55,0.4,0.6,99,585,0.5709401709401709,54.75042735042736,-4.725641025641026,-2764.5,37.65269461077844,-61.11752988047809,0.8197907499755549,-8.670068027210887,"-8.67,-8.51,3.14,-4.84",2,8,-10.500000000000004,0.49572649572649574,-11.5,-11511.5,-14340.5
ml,pred_focus_hit99_hgb,0.56,0.4,0.6,80,553,0.6600361663652803,54.687160940325484,-8.348101265822784,-4616.5,18.812328767123287,-61.079787234042556,0.5979709135243403,-13.717391304347826,"-8.82,-13.72,-3.12,-7.74",0,8,-14.192307692307692,0.49547920433996384,-15.5,-11515.5,-12196.5
ml,pred_focus_hit99_hgb,0.56,0.4,0.6,85,553,0.6329113924050633,54.687160940325484,-7.362567811934902,-4071.500000000001,23.805714285714284,-61.100985221674875,0.6717458781795461,-11.978260869565219,"-11.05,-11.98,-0.14,-6.25",1,8,-14.028571428571432,0.49547920433996384,-6.000000000000014,-11506.0,-12720.5
ml,pred_focus_hit99_hgb,0.56,0.4,0.6,90,553,0.6057866184448463,54.687160940325484,-6.6482820976491865,-3676.5,28.750746268656716,-61.04587155963303,0.7237376014427412,-11.68840579710145,"-11.33,-11.69,2.10,-5.64",1,8,-12.52857142857143,0.49547920433996384,-23.000000000000007,-11523.0,-13308.5
ml,pred_focus_hit99_hgb,0.56,0.4,0.6,95,553,0.5714285714285714,54.687160940325484,-6.892405063291142,-3811.500000000002,33.71835443037975,-61.040084388185655,0.7365292226868974,-11.29856115107914,"-11.30,-10.31,0.76,-6.69",1,8,-13.885714285714291,0.49547920433996384,-19.000000000000007,-11519.0,-13839.0
ml,pred_focus_hit99_hgb,0.56,0.4,0.6,99,553,0.5587703435804702,54.687160940325484,-5.867088607594937,-3244.5,37.72006472491909,-61.0655737704918,0.782248322147651,-10.622302158273381,"-10.62,-9.60,2.62,-5.83",1,8,-11.88571428571429,0.49547920433996384,-20.5,-11520.5,-14349.5
ml,pred_focus_hit99_hgb,0.57,0.4,0.6,80,504,0.6686507936507936,54.73214285714286,-7.700396825396825,-3881.0,18.8026706231454,-61.18263473053892,0.6201614876437485,-12.873015873015873,"-7.23,-12.87,-2.23,-8.47",0,8,-11.588235294117647,0.5079365079365079,-1.999999999999993,-11502.0,-11803.5
ml,pred_focus_hit99_hgb,0.57,0.4,0.6,85,504,0.6428571428571429,54.73214285714286,-6.559523809523811,-3306.000000000001,23.787037037037038,-61.18333333333333,0.6998093162625988,-10.531746031746032,"-9.93,-10.53,0.75,-6.52",0,8,-14.557971014492757,0.5079365079365079,-60.000000000000014,-11560.0,-12290.0
ml,pred_focus_hit99_hgb,0.57,0.4,0.6,90,504,0.6130952380952381,54.73214285714286,-6.033730158730159,-3041.0,28.72653721682848,-61.11538461538461,0.7448290329347598,-10.484126984126984,"-10.48,-10.41,2.93,-6.17",1,8,-13.108695652173914,0.5079365079365079,-43.0,-11543.0,-12739.0
ml,pred_focus_hit99_hgb,0.57,0.4,0.6,95,504,0.5753968253968254,54.73214285714286,-6.559523809523813,-3306.000000000002,33.689655172413794,-61.10280373831776,0.7471703884980117,-10.682539682539684,"-10.68,-9.10,1.94,-8.39",0,8,-14.55797101449276,0.5079365079365079,-49.50000000000001,-11549.5,-13142.5
ml,pred_focus_hit99_hgb,0.57,0.4,0.6,99,504,0.5634920634920635,54.73214285714286,-5.444444444444445,-2744.0,37.690140845070424,-61.127272727272725,0.7959547888161809,-10.126984126984127,"-10.13,-7.70,3.79,-7.74",2,8,-12.586956521739134,0.5079365079365079,-40.00000000000001,-11540.0,-13469.0
ml,pred_focus_hit99_hgb,0.58,0.4,0.6,80,464,0.665948275862069,54.73491379310346,-7.915948275862069,-3673.0,18.78802588996764,-61.151612903225804,0.6124914279685604,-9.96551724137931,"-8.80,-9.97,-3.40,-9.50",0,8,-12.440298507462687,0.5107758620689655,-47.00000000000001,-11547.0,-11848.5
ml,pred_focus_hit99_hgb,0.58,0.4,0.6,85,464,0.6422413793103449,54.73491379310346,-6.612068965517242,-3068.0000000000005,23.758389261744966,-61.13253012048193,0.6976744186046512,-11.38793103448276,"-11.39,-8.24,0.18,-7.00",0,8,-15.72388059701493,0.5107758620689655,-19.500000000000007,-11519.5,-12249.5
ml,pred_focus_hit99_hgb,0.58,0.4,0.6,90,464,0.6099137931034483,54.73491379310346,-6.321120689655173,-2933.0,28.690812720848058,-61.06353591160221,0.7346301741687401,-12.336206896551724,"-12.34,-8.24,2.21,-6.91",2,8,-14.380597014925375,0.5107758620689655,0.0,-11500.0,-12696.0
ml,pred_focus_hit99_hgb,0.58,0.4,0.6,95,464,0.5732758620689655,54.73491379310346,-6.762931034482762,-3138.0000000000014,33.650375939849624,-61.05555555555556,0.7404251799156257,-12.077586206896553,"-12.08,-7.77,1.60,-8.81",2,8,-16.022388059701495,0.5107758620689655,-24.000000000000014,-11524.0,-13117.0
ml,pred_focus_hit99_hgb,0.58,0.4,0.6,99,464,0.5625,54.73491379310346,-5.5452586206896575,-2573.000000000001,37.63409961685824,-61.0615763546798,0.7924246702432335,-10.862068965517244,"-10.86,-6.38,3.37,-8.31",2,8,-14.111940298507465,0.5107758620689655,-4.0,-11504.0,-13433.0
ml,pred_focus_hit99_hgb,0.59,0.4,0.6,80,413,0.6779661016949152,54.72397094430993,-6.938256658595642,-2865.5,18.792857142857144,-61.109022556390975,0.6474315595201476,-9.762135922330097,"-5.70,-9.76,-3.03,-9.27",0,8,-12.46774193548387,0.513317191283293,-1.5,-11501.5,-11803.0
ml,pred_focus_hit99_hgb,0.59,0.4,0.6,85,413,0.6561743341404358,54.72397094430993,-5.412832929782085,-2235.500000000001,23.75461254612546,-61.07746478873239,0.742246050962758,-8.208737864077674,"-7.14,-8.21,0.56,-6.84",0,8,-12.483606557377053,0.513317191283293,-37.000000000000014,-11537.0,-12267.0
ml,pred_focus_hit99_hgb,0.59,0.4,0.6,90,413,0.6198547215496368,54.72397094430993,-5.412832929782082,-2235.5,28.6796875,-61.003184713375795,0.7665883581310363,-8.597087378640778,"-8.30,-8.60,2.40,-7.13",3,8,-12.548780487804878,0.513317191283293,-7.000000000000007,-11507.0,-12703.0
ml,pred_focus_hit99_hgb,0.59,0.4,0.6,95,413,0.585956416464891,54.72397094430993,-5.546004842615017,-2290.500000000002,33.652892561983464,-61.02046783625731,0.7804878048780486,-8.451456310679616,"-8.11,-8.45,2.21,-7.81",2,8,-12.975409836065579,0.513317191283293,-16.00000000000005,-11516.0,-13109.0
ml,pred_focus_hit99_hgb,0.59,0.4,0.6,99,413,0.5738498789346247,54.72397094430993,-4.4104116222760315,-1821.500000000001,37.63502109704641,-61.02840909090909,0.8304161623684946,-7.480582524271845,"-6.83,-7.20,3.89,-7.48",3,8,-12.548780487804882,0.513317191283293,223.0,-11277.0,-13206.0
ml,pred_focus_hit99_hgb,0.6,0.4,0.6,80,381,0.6850393700787402,54.65091863517061,-6.347769028871391,-2418.5,18.760536398467433,-60.958333333333336,0.669377990430622,-8.205263157894738,"-6.09,-6.19,-4.90,-8.21",0,8,-13.0,0.5065616797900262,-30.500000000000007,-11530.5,-11832.0
ml,pred_focus_hit99_hgb,0.6,0.4,0.6,85,381,0.6614173228346457,54.65091863517061,-4.930446194225725,-1878.5000000000011,23.738095238095237,-60.934108527131784,0.7610202913300681,-7.083333333333336,"-7.08,-5.46,-1.37,-5.78",0,8,-10.720338983050851,0.5065616797900262,202.0,-11298.0,-12035.0
ml,pred_focus_hit99_hgb,0.6,0.4,0.6,90,381,0.6246719160104987,54.65091863517061,-4.930446194225722,-1878.5,28.68487394957983,-60.87762237762238,0.7842168743897536,-7.65625,"-7.66,-6.93,0.26,-5.36",1,8,-13.368421052631579,0.5065616797900262,195.0,-11305.0,-12523.0
ml,pred_focus_hit99_hgb,0.6,0.4,0.6,95,381,0.5879265091863517,54.65091863517061,-5.297900262467195,-2018.5000000000014,33.67857142857143,-60.90764331210191,0.7889150326797386,-7.656250000000003,"-7.66,-6.93,-0.32,-6.26",1,8,-13.236842105263163,0.5065616797900262,-0.5000000000000497,-11500.5,-13093.5
ml,pred_focus_hit99_hgb,0.6,0.4,0.6,99,381,0.5748031496062992,54.65091863517061,-4.245406824146982,-1617.5000000000002,37.678082191780824,-60.91975308641975,0.8361029486270138,-6.437500000000001,"-6.44,-5.70,1.21,-6.03",3,8,-13.842105263157897,0.5065616797900262,366.0,-11134.0,-13063.0
ml,pred_focus_hit99_hgb,0.61,0.4,0.6,80,349,0.6848137535816619,54.60171919770773,-6.3166189111747855,-2204.5,18.780334728033473,-60.845454545454544,0.6706260271925892,-7.7298850574712645,"-6.64,-6.49,-4.41,-7.73",0,8,-15.423076923076925,0.5128939828080229,31.999999999999993,-11468.0,-11769.5
ml,pred_focus_hit99_hgb,0.61,0.4,0.6,85,349,0.6590257879656161,54.60171919770773,-5.084527220630375,-1774.500000000001,23.756521739130434,-60.82773109243698,0.7548525246943427,-8.056818181818185,"-8.06,-6.03,-0.84,-5.37",0,8,-12.538461538461545,0.5128939828080229,371.5,-11128.5,-11865.5
ml,pred_focus_hit99_hgb,0.61,0.4,0.6,90,349,0.6217765042979942,54.60171919770773,-5.141833810888252,-1794.5,28.693548387096776,-60.765151515151516,0.776274778705897,-9.022727272727273,"-9.02,-5.91,-0.39,-5.20",3,8,-16.863636363636363,0.5128939828080229,393.5,-11106.5,-12324.5
ml,pred_focus_hit99_hgb,0.61,0.4,0.6,95,349,0.5845272206303725,54.60171919770773,-5.571633237822353,-1944.5000000000014,33.67156862745098,-60.782758620689656,0.7793725534691099,-9.363636363636367,"-9.36,-6.14,-1.36,-5.37",1,8,-17.31818181818182,0.5128939828080229,94.5,-11405.5,-13035.5
ml,pred_focus_hit99_hgb,0.61,0.4,0.6,99,349,0.5702005730659025,54.60171919770773,-4.651862464183382,-1623.5000000000002,37.67085427135678,-60.8,0.821984649122807,-8.306818181818183,"-8.31,-4.98,1.17,-6.44",2,8,-18.500000000000004,0.5128939828080229,294.5,-11205.5,-13134.5
ml,pred_focus_hit99_hgb,0.62,0.4,0.6,80,320,0.69375,54.631249999999994,-5.63125,-1802.0,18.765765765765767,-60.89795918367347,0.6980563002680965,-8.9875,"-5.22,-8.99,-0.25,-8.06",2,8,-14.785714285714286,0.503125,363.0,-11137.0,-11474.5
ml,pred_focus_hit99_hgb,0.62,0.4,0.6,85,320,0.665625,54.631249999999994,-4.553125000000003,-1457.000000000001,23.739436619718308,-60.873831775700936,0.7763107392338988,-8.925000000000002,"-7.04,-8.93,3.56,-5.81",1,8,-14.964285714285719,0.503125,572.5,-10927.5,-11703.5
ml,pred_focus_hit99_hgb,0.62,0.4,0.6,90,320,0.628125,54.631249999999994,-4.6,-1472.0,28.6592039800995,-60.77731092436975,0.7964742481852748,-8.35,"-8.35,-8.11,4.00,-5.94",3,8,-18.714285714285715,0.503125,592.5,-10907.5,-12159.5
ml,pred_focus_hit99_hgb,0.62,0.4,0.6,95,320,0.5875,54.631249999999994,-5.318750000000003,-1702.000000000001,33.63297872340426,-60.79545454545455,0.7879127725856698,-8.975000000000003,"-8.98,-7.55,1.69,-6.44",2,8,-19.78571428571429,0.503125,331.0,-11169.0,-12828.0
ml,pred_focus_hit99_hgb,0.62,0.4,0.6,99,320,0.571875,54.631249999999994,-4.515625,-1445.0,37.631147540983605,-60.81386861313869,0.8265618436055933,-8.0125,"-8.01,-6.54,4.34,-7.85",3,8,-21.60714285714286,0.503125,306.0,-11194.0,-13159.5
ml,pred_focus_hit99_hgb,0.63,0.4,0.6,80,285,0.7157894736842105,54.708771929824564,-3.9456140350877194,-1124.5,18.730392156862745,-61.05555555555556,0.7726215751693458,-6.063380281690139,"-3.40,-5.70,-0.63,-6.06",2,8,-13.625,0.49473684210526314,994.0,-10506.0,-11522.0
ml,pred_focus_hit99_hgb,0.63,0.4,0.6,85,285,0.6842105263157895,54.708771929824564,-3.050877192982459,-869.5000000000009,23.7,-61.01111111111111,0.8416499726825715,-5.694444444444446,"-5.69,-4.64,1.98,-3.81",3,8,-14.250000000000005,0.49473684210526314,1496.5,-10003.5,-10879.0
ml,pred_focus_hit99_hgb,0.63,0.4,0.6,90,285,0.6491228070175439,54.708771929824564,-2.787719298245614,-794.5,28.656756756756756,-60.96,0.8696686351706037,-7.430555555555555,"-7.43,-2.60,1.91,-2.96",3,8,-19.041666666666668,0.49473684210526314,1280.5,-10219.5,-11527.5
ml,pred_focus_hit99_hgb,0.63,0.4,0.6,95,285,0.6140350877192983,54.708771929824564,-2.8754385964912315,-819.5000000000009,33.62571428571429,-60.945454545454545,0.8777595465393795,-8.402777777777779,"-8.40,-2.04,1.42,-2.40",5,8,-16.750000000000004,0.49473684210526314,957.5,-10542.5,-12206.0
ml,pred_focus_hit99_hgb,0.63,0.4,0.6,99,285,0.6,54.708771929824564,-1.8087719298245621,-515.5000000000002,37.61695906432749,-60.94736842105263,0.9258059873344847,-7.555555555555555,"-7.56,-0.95,4.06,-2.71",4,8,-19.041666666666668,0.49473684210526314,1701.5,-9798.5,-12081.5
ml,pred_focus_hit99_hgb,0.64,0.4,0.6,80,256,0.71875,54.6875,-3.6874999999999996,-943.9999999999999,18.75,-61.02777777777778,0.7851615839781521,-4.906249999999998,"-3.78,-4.67,-1.39,-4.91",2,8,-16.642857142857146,0.4921875,1306.5,-10193.5,-11210.5
ml,pred_focus_hit99_hgb,0.64,0.4,0.6,85,256,0.6875,54.6875,-2.7500000000000018,-704.0000000000005,23.727272727272727,-61.0,0.8557377049180328,-6.468750000000003,"-2.84,-6.47,1.03,-2.72",2,8,-13.785714285714292,0.4921875,1770.5,-9729.5,-10533.5
ml,pred_focus_hit99_hgb,0.64,0.4,0.6,90,256,0.65234375,54.6875,-2.4765625,-634.0,28.679640718562876,-60.938202247191015,0.8831013183368673,-4.671875,"-3.62,-4.67,0.48,-2.09",3,8,-17.547619047619047,0.4921875,1706.0,-9794.0,-11047.0
ml,pred_focus_hit99_hgb,0.64,0.4,0.6,95,256,0.6171875,54.6875,-2.5546875000000027,-654.0000000000007,33.67088607594937,-60.95918367346939,0.8905256109809173,-4.8750000000000036,"-4.88,-3.03,-0.53,-1.78",3,8,-15.16666666666667,0.4921875,1527.5,-9972.5,-11632.5
ml,pred_focus_hit99_hgb,0.64,0.4,0.6,99,256,0.60546875,54.6875,-1.2460937500000007,-319.00000000000017,37.68709677419355,-60.995049504950494,0.9482184887590293,-2.500000000000001,"-2.50,-2.14,0.48,-0.83",4,8,-17.976190476190478,0.4921875,2697.0,-8803.0,-11312.0
ml,pred_focus_hit99_hgb,0.65,0.4,0.6,80,225,0.7111111111111111,54.675555555555555,-4.286666666666666,-964.4999999999999,18.76875,-61.03846153846154,0.7568998109640832,-7.035714285714285,"-6.61,0.61,-7.04,-4.07",2,8,-15.5,0.48,1434.5,-10065.5,-11082.5
ml,pred_focus_hit99_hgb,0.65,0.4,0.6,85,225,0.6755555555555556,54.675555555555555,-3.753333333333335,-844.5000000000005,23.74342105263158,-61.00684931506849,0.8103738632536207,-6.166666666666669,"-6.17,-1.63,-5.16,-2.02",3,8,-15.92105263157895,0.48,1451.5,-10048.5,-10825.5
ml,pred_focus_hit99_hgb,0.65,0.4,0.6,90,225,0.6444444444444445,54.675555555555555,-3.1755555555555555,-714.5,28.713793103448275,-60.975,0.8535260352603526,-6.678571428571429,"-6.08,0.25,-6.68,-0.14",3,8,-18.026315789473685,0.48,1612.5,-9887.5,-11140.5
ml,pred_focus_hit99_hgb,0.65,0.4,0.6,95,225,0.6222222222222222,54.675555555555555,-2.0644444444444483,-464.5000000000009,33.72857142857143,-61.01764705882353,0.9104405668562614,-6.342105263157899,"-6.34,1.95,-5.34,1.55",4,8,-15.657894736842108,0.48,2422.5,-9077.5,-11131.5
ml,pred_focus_hit99_hgb,0.65,0.4,0.6,99,225,0.6088888888888889,54.675555555555555,-0.8955555555555571,-201.50000000000034,37.74817518248175,-61.05681818181818,0.9624976735529499,-4.75,"-4.03,2.82,-4.75,2.43",4,8,-18.97368421052632,0.48,3279.0,-8221.0,-11313.0
ml,pred_focus_hit99_hgb,0.66,0.4,0.6,80,203,0.6945812807881774,54.75862068965518,-5.692118226600985,-1155.5,18.641843971631207,-61.03225806451613,0.6946353065539113,-8.127450980392156,"-7.93,0.17,-8.13,-6.90",2,8,-18.61764705882353,0.49261083743842365,1090.0,-10410.0,-11390.0
ml,pred_focus_hit99_hgb,0.66,0.4,0.6,85,203,0.6551724137931034,54.75862068965518,-5.568965517241382,-1130.5000000000005,23.605263157894736,-61.0,0.7352459016393442,-7.93137254901961,"-7.93,-2.68,-6.46,-5.20",2,8,-20.97058823529412,0.49261083743842365,953.5,-10546.5,-11276.5
ml,pred_focus_hit99_hgb,0.66,0.4,0.6,90,203,0.6206896551724138,54.75862068965518,-5.396551724137931,-1095.5,28.563492063492063,-60.967532467532465,0.7666418148897646,-8.519607843137255,"-8.32,-1.01,-8.52,-3.70",3,8,-23.91176470588235,0.49261083743842365,1010.5,-10489.5,-11685.5
ml,pred_focus_hit99_hgb,0.66,0.4,0.6,95,203,0.5960591133004927,54.75862068965518,-4.633004926108378,-940.5000000000007,33.574380165289256,-61.01219512195122,0.8120127923246051,-9.107843137254907,"-9.11,0.46,-7.44,-2.40",2,8,-21.85294117647059,0.49261083743842365,1156.5,-10343.5,-11936.5
ml,pred_focus_hit99_hgb,0.66,0.4,0.6,99,203,0.5862068965517241,54.75862068965518,-3.224137931034484,-654.5000000000002,37.59243697478992,-61.04761904761905,0.8723673946957878,-7.107843137254904,"-6.91,1.11,-7.11,0.08",4,8,-26.029411764705884,0.49261083743842365,1645.5,-9854.5,-11855.0
ml,pred_focus_hit99_hgb,0.67,0.4,0.6,80,184,0.7010869565217391,54.83695652173913,-5.249999999999999,-965.9999999999999,18.56201550387597,-61.1,0.7125427763725636,-9.391304347826088,"-7.30,-0.30,-4.00,-9.39",2,8,-22.6,0.4891304347826087,1497.0,-10003.0,-10983.0
ml,pred_focus_hit99_hgb,0.67,0.4,0.6,85,184,0.657608695652174,54.83695652173913,-5.44021739130435,-1001.0000000000005,23.516528925619834,-61.05555555555556,0.7397634212920837,-7.9782608695652195,"-7.63,-3.89,-2.26,-7.98",3,8,-24.85714285714286,0.4891304347826087,1302.5,-10197.5,-10927.5
ml,pred_focus_hit99_hgb,0.67,0.4,0.6,90,184,0.625,54.83695652173913,-5.086956521739131,-936.0,28.482608695652175,-61.03623188405797,0.7777513949899085,-8.73913043478261,"-6.43,-2.48,-2.70,-8.74",3,8,-29.142857142857142,0.4891304347826087,1364.0,-10136.0,-11332.0
ml,pred_focus_hit99_hgb,0.67,0.4,0.6,95,184,0.5978260869565217,54.83695652173913,-4.543478260869568,-836.0000000000005,33.490909090909085,-61.08108108108108,0.8150442477876105,-7.869565217391308,"-7.52,-1.28,-1.50,-7.87",3,8,-27.35714285714286,0.4891304347826087,1399.0,-10101.0,-11694.0
ml,pred_focus_hit99_hgb,0.67,0.4,0.6,99,184,0.5869565217391305,54.83695652173913,-3.228260869565218,-594.0000000000001,37.50925925925926,-61.11842105263158,0.8721205597416577,-5.608695652173914,"-5.26,-0.91,-1.13,-5.61",4,8,-33.0,0.4891304347826087,1959.0,-9541.0,-11470.0
ml,pred_focus_hit99_hgb,0.68,0.4,0.6,80,153,0.6993464052287581,54.81699346405229,-5.369281045751634,-821.5,18.55607476635514,-61.02173913043478,0.7073387958674742,-9.315789473684209,"-7.94,4.55,-8.71,-9.32",2,8,-23.333333333333332,0.477124183006536,2016.5,-9483.5,-10516.0
ml,pred_focus_hit99_hgb,0.68,0.4,0.6,85,153,0.6470588235294118,54.81699346405229,-6.316993464052291,-966.5000000000005,23.5,-60.98148148148148,0.7064986334649256,-8.961538461538465,"-8.96,-0.32,-7.66,-8.26",2,8,-22.40909090909091,0.477124183006536,1501.5,-9998.5,-10773.5
ml,pred_focus_hit99_hgb,0.68,0.4,0.6,90,153,0.6143790849673203,54.81699346405229,-6.022875816993464,-921.5,28.414893617021278,-60.889830508474574,0.7434933890048713,-9.236842105263158,"-8.19,0.87,-9.24,-7.47",2,8,-28.318181818181817,0.477124183006536,1474.5,-10025.5,-11276.5
ml,pred_focus_hit99_hgb,0.68,0.4,0.6,95,153,0.5882352941176471,54.81699346405229,-5.43464052287582,-831.5000000000005,33.43333333333333,-60.96031746031746,0.7834917328472855,-10.11538461538462,"-10.12,1.79,-6.34,-6.95",3,8,-26.5,0.477124183006536,1541.5,-9958.5,-11616.5
ml,pred_focus_hit99_hgb,0.68,0.4,0.6,99,153,0.5751633986928104,54.81699346405229,-4.375816993464054,-669.5000000000002,37.45454545454545,-61.00769230769231,0.8311688311688312,-7.961538461538462,"-7.96,1.82,-6.63,-4.63",3,8,-34.04545454545455,0.477124183006536,2027.0,-9473.0,-11511.5
ml,pred_focus_hit99_hgb,0.69,0.4,0.6,80,137,0.6934306569343066,54.77372262773723,-5.799270072992701,-794.5,18.63684210526316,-61.07142857142857,0.6902534113060429,-9.88235294117647,"-6.59,0.29,-7.00,-9.88",2,8,-42.5,0.4744525547445255,2135.0,-9365.0,-10397.5
ml,pred_focus_hit99_hgb,0.69,0.4,0.6,85,137,0.6423357664233577,54.77372262773723,-6.675182481751828,-914.5000000000005,23.568181818181817,-60.98979591836735,0.693993642295466,-9.147058823529413,"-8.01,-3.38,-6.12,-9.15",1,8,-41.25,0.4744525547445255,1753.0,-9747.0,-10544.5
ml,pred_focus_hit99_hgb,0.69,0.4,0.6,90,137,0.6058394160583942,54.77372262773723,-6.748175182481752,-924.5,28.47590361445783,-60.888888888888886,0.7188260340632603,-8.705882352941176,"-7.44,-2.65,-8.18,-8.71",2,8,-40.0,0.4744525547445255,1509.0,-9991.0,-11242.0
ml,pred_focus_hit99_hgb,0.69,0.4,0.6,95,137,0.5766423357664233,54.77372262773723,-6.4927007299270105,-889.5000000000005,33.5,-60.96551724137931,0.7484445701357466,-9.871428571428575,"-9.87,0.59,-8.03,-8.56",3,8,-38.75,0.4744525547445255,1514.0,-9986.0,-11644.0
ml,pred_focus_hit99_hgb,0.69,0.4,0.6,99,137,0.5693430656934306,54.77372262773723,-4.9087591240875925,-672.5000000000002,37.53846153846154,-61.02542372881356,0.813220386057492,-7.7,"-7.70,0.26,-5.79,-6.32",3,8,-37.75,0.4744525547445255,2065.0,-9435.0,-11473.5
ml,pred_focus_hit99_hgb,0.7,0.4,0.6,80,120,0.7083333333333334,54.78333333333334,-4.616666666666666,-554.0,18.53529411764706,-60.84285714285714,0.7398450340455506,-8.466666666666667,"-8.47,0.40,-2.20,-8.20",2,8,-62.5,0.4666666666666667,3293.0,-8207.0,-9187.0
ml,pred_focus_hit99_hgb,0.7,0.4,0.6,85,120,0.6583333333333333,54.78333333333334,-5.325000000000003,-639.0000000000003,23.462025316455698,-60.792682926829265,0.7436308926780341,-10.800000000000004,"-10.80,1.40,-4.20,-7.70",2,8,-62.5,0.4666666666666667,2733.5,-8766.5,-9496.5
ml,pred_focus_hit99_hgb,0.7,0.4,0.6,90,120,0.6166666666666667,54.78333333333334,-5.783333333333333,-694.0,28.35135135135135,-60.69565217391305,0.751432664756447,-10.8,"-10.80,2.07,-3.87,-10.53",3,8,-62.5,0.4666666666666667,2274.5,-9225.5,-10421.5
ml,pred_focus_hit99_hgb,0.7,0.4,0.6,95,120,0.5833333333333334,54.78333333333334,-5.866666666666671,-704.0000000000005,33.371428571428574,-60.8,0.7684210526315789,-14.300000000000004,"-14.30,5.57,-3.87,-10.87",3,8,-62.5,0.4666666666666667,2133.5,-9366.5,-10959.5
ml,pred_focus_hit99_hgb,0.7,0.4,0.6,99,120,0.575,54.78333333333334,-4.358333333333334,-523.0000000000001,37.41304347826087,-60.872549019607845,0.8315348687389273,-12.3,"-12.30,5.07,-1.47,-8.73",3,8,-62.5,0.4666666666666667,2739.5,-8760.5,-10689.5
ml,pred_focus_hit99_hgb,0.71,0.4,0.6,80,105,0.7142857142857143,54.7047619047619,-4.061904761904762,-426.49999999999994,18.606666666666666,-60.733333333333334,0.7659165751920965,-11.884615384615383,"-8.65,0.50,3.96,-11.88",3,8,-62.5,0.4857142857142857,4204.5,-7295.5,-8275.5
ml,pred_focus_hit99_hgb,0.71,0.4,0.6,85,105,0.6571428571428571,54.7047619047619,-5.34761904761905,-561.5000000000002,23.528985507246375,-60.69444444444444,0.7430205949656751,-12.076923076923077,"-11.61,1.08,1.46,-12.08",3,8,-62.5,0.4857142857142857,3188.0,-8312.0,-9042.0
ml,pred_focus_hit99_hgb,0.71,0.4,0.6,90,105,0.6095238095238096,54.7047619047619,-6.347619047619047,-666.5,28.40625,-60.59756097560975,0.7317367679613604,-16.115384615384617,"-11.98,1.27,1.65,-16.12",3,8,-62.5,0.4857142857142857,2408.0,-9092.0,-10288.0
ml,pred_focus_hit99_hgb,0.71,0.4,0.6,95,105,0.5714285714285714,54.7047619047619,-6.919047619047621,-726.5000000000002,33.43333333333333,-60.72222222222222,0.7341262580054894,-17.26923076923077,"-16.24,4.73,1.46,-17.27",3,8,-62.5,0.4857142857142857,2067.5,-9432.5,-11025.5
ml,pred_focus_hit99_hgb,0.71,0.4,0.6,99,105,0.5619047619047619,54.7047619047619,-5.576190476190476,-585.5,37.483050847457626,-60.80434782608695,0.7906685734715767,-15.423076923076923,"-14.31,3.69,4.08,-15.42",3,8,-62.5,0.4857142857142857,2682.5,-8817.5,-10746.5
ml,pred_focus_hit99_hgb,0.72,0.4,0.6,80,84,0.7261904761904762,54.40476190476191,-2.809523809523809,-235.99999999999994,18.795081967213115,-60.108695652173914,0.8292947558770344,-10.595238095238095,"-0.74,-4.02,4.12,-10.60",4,8,-60.5,0.4642857142857143,6038.5,-5461.5,-6053.0
ml,pred_focus_hit99_hgb,0.72,0.4,0.6,85,84,0.6666666666666666,54.40476190476191,-4.238095238095241,-356.0000000000002,23.75,-60.214285714285715,0.7888493475682088,-7.500000000000003,"-5.02,-4.50,0.07,-7.50",4,8,-60.5,0.4642857142857143,4756.0,-6744.0,-7474.0
ml,pred_focus_hit99_hgb,0.72,0.4,0.6,90,84,0.6071428571428571,54.40476190476191,-6.261904761904762,-526.0,28.61764705882353,-60.166666666666664,0.7350793251070259,-17.261904761904763,"-5.98,-5.45,3.64,-17.26",1,8,-60.5,0.4642857142857143,3285.0,-8215.0,-9411.0
ml,pred_focus_hit99_hgb,0.72,0.4,0.6,95,84,0.5714285714285714,54.40476190476191,-6.619047619047622,-556.0000000000002,33.583333333333336,-60.22222222222222,0.7435424354243543,-14.880952380952381,"-11.93,-2.36,2.69,-14.88",1,8,-60.5,0.4642857142857143,2885.0,-8615.0,-10208.0
ml,pred_focus_hit99_hgb,0.72,0.4,0.6,99,84,0.5595238095238095,54.40476190476191,-5.511904761904764,-463.0000000000001,37.648936170212764,-60.33783783783784,0.792609182530795,-12.976190476190476,"-9.83,-4.60,5.36,-12.98",1,8,-60.5,0.4642857142857143,3628.0,-7872.0,-9801.0
ml,pred_focus_hit99_hgb,0.73,0.4,0.6,80,72,0.7361111111111112,54.666666666666664,-2.2777777777777772,-163.99999999999997,18.59433962264151,-60.5,0.8573292735972162,-12.055555555555555,"0.17,-3.50,6.28,-12.06",3,7,-34.5,0.4444444444444444,7243.5,-4256.5,-6523.5
ml,pred_focus_hit99_hgb,0.73,0.4,0.6,85,72,0.6666666666666666,54.666666666666664,-4.5000000000000036,-324.0000000000002,23.520833333333332,-60.541666666666664,0.7770130763936682,-9.0,"-5.39,-4.61,1.00,-9.00",3,7,-32.833333333333336,0.4444444444444444,5135.5,-6364.5,-8530.0
ml,pred_focus_hit99_hgb,0.73,0.4,0.6,90,72,0.6111111111111112,54.666666666666664,-6.166666666666667,-444.0,28.40909090909091,-60.5,0.7378984651711924,-15.944444444444445,"-7.06,-6.28,4.61,-15.94",1,7,-31.166666666666668,0.4444444444444444,4049.0,-7451.0,-9331.5
ml,pred_focus_hit99_hgb,0.73,0.4,0.6,95,72,0.5833333333333334,54.666666666666664,-5.7500000000000036,-414.0000000000002,33.357142857142854,-60.5,0.771900826446281,-14.555555555555559,"-14.56,-3.22,8.22,-13.44",2,7,-29.5,0.4444444444444444,4127.0,-7373.0,-9578.5
ml,pred_focus_hit99_hgb,0.73,0.4,0.6,99,72,0.5694444444444444,54.666666666666664,-4.791666666666669,-345.00000000000017,37.426829268292686,-60.62903225806452,0.816440542697526,-12.555555555555559,"-12.56,-6.28,11.11,-11.44",2,7,-28.166666666666668,0.4444444444444444,4477.0,-7023.0,-9586.0
ml,pred_focus_hit99_hgb,0.74,0.4,0.6,80,64,0.734375,54.515625,-2.265625,-145.0,18.73404255319149,-60.3235294117647,0.8586055582642613,-6.624999999999999,"-1.62,-6.62,5.00,-5.81",3,7,-56.5,0.453125,7540.0,-3960.0,-5628.5
ml,pred_focus_hit99_hgb,0.74,0.4,0.6,85,64,0.671875,54.515625,-3.9062500000000027,-250.00000000000017,23.569767441860463,-60.166666666666664,0.8021369212504945,-7.687500000000002,"-3.19,-3.19,-1.56,-7.69",2,7,-56.5,0.453125,5998.0,-5502.0,-7401.0
ml,pred_focus_hit99_hgb,0.74,0.4,0.6,90,64,0.609375,54.515625,-6.171875,-395.0,28.44871794871795,-60.18,0.7374543037554004,-15.812499999999998,"-5.38,-5.38,1.88,-15.81",1,7,-56.5,0.453125,4396.5,-7103.5,-8457.5
ml,pred_focus_hit99_hgb,0.74,0.4,0.6,95,64,0.578125,54.515625,-6.093750000000003,-390.00000000000017,33.391891891891895,-60.2037037037037,0.7600738234389418,-14.125000000000004,"-14.13,-2.25,5.31,-13.31",2,7,-56.5,0.453125,4181.5,-7318.5,-8892.5
ml,pred_focus_hit99_hgb,0.74,0.4,0.6,99,64,0.5625,54.515625,-5.328125,-341.0,37.47222222222222,-60.357142857142854,0.7982248520710059,-12.125000000000002,"-12.13,-5.94,8.06,-11.31",2,7,-56.5,0.453125,4613.0,-6887.0,-8677.0
ml,pred_focus_hit99_hgb,0.75,0.4,0.6,80,58,0.7413793103448276,54.65517241379311,-1.8448275862068955,-106.99999999999994,18.68604651162791,-60.7,0.8824821526633719,-7.9,"-3.30,-7.90,8.36,-4.00",4,7,-56.5,0.4482758620689655,8277.0,-3223.0,-5555.0
ml,pred_focus_hit99_hgb,0.75,0.4,0.6,85,58,0.6724137931034483,54.65517241379311,-4.000000000000002,-232.0000000000001,23.499999999999993,-60.44736842105263,0.797997387897257,-10.233333333333333,"-5.30,-10.23,6.57,-6.50",4,7,-56.5,0.4482758620689655,6379.0,-5121.0,-6986.0
ml,pred_focus_hit99_hgb,0.75,0.4,0.6,90,58,0.603448275862069,54.65517241379311,-6.844827586206897,-397.0,28.357142857142858,-60.41304347826087,0.7142857142857143,-16.142857142857142,"-7.97,-13.23,10.50,-16.14",2,7,-56.5,0.4482758620689655,4460.0,-7040.0,-7715.0
ml,pred_focus_hit99_hgb,0.75,0.4,0.6,95,58,0.5689655172413793,54.65517241379311,-7.103448275862071,-412.0000000000001,33.28787878787879,-60.42,0.7272426348891096,-17.633333333333333,"-17.63,-10.57,14.43,-13.64",3,7,-56.5,0.4482758620689655,4245.0,-7255.0,-8078.0
ml,pred_focus_hit99_hgb,0.75,0.4,0.6,99,58,0.5689655172413793,54.65517241379311,-4.827586206896552,-280.0,37.28787878787879,-60.42,0.8146309169149288,-15.766666666666667,"-15.77,-8.43,17.57,-11.64",3,7,-56.5,0.4482758620689655,5313.5,-6186.5,-7555.5
ml,pred_focus_hit99_hgb,0.52,0.45,0.6,80,712,0.6741573033707865,54.82303370786518,-7.362359550561798,-5242.0,18.61875,-61.116379310344826,0.6302983285139996,-11.870786516853933,"-7.84,-11.87,-3.76,-5.98",0,8,-14.30327868852459,0.49157303370786515,-2.0,-11502.0,-12183.0
ml,pred_focus_hit99_hgb,0.52,0.45,0.6,85,712,0.6432584269662921,54.82303370786518,-6.625000000000003,-4717.000000000002,23.62227074235808,-61.16535433070866,0.6963825952626158,-10.21348314606742,"-9.28,-10.21,-1.15,-5.87",0,8,-12.745901639344266,0.49157303370786515,-10.500000000000014,-11510.5,-12725.0
ml,pred_focus_hit99_hgb,0.52,0.45,0.6,90,712,0.6165730337078652,54.82303370786518,-5.817415730337078,-4142.0,28.57744874715262,-61.12637362637363,0.7517902621722846,-9.735955056179776,"-8.74,-9.74,1.35,-6.15",1,8,-10.787671232876713,0.49157303370786515,-27.5,-11527.5,-13313.0
ml,pred_focus_hit99_hgb,0.52,0.45,0.6,95,712,0.5870786516853933,54.82303370786518,-5.5435393258427,-3947.0000000000027,33.55980861244019,-61.13945578231292,0.7804172461752434,-8.471910112359554,"-7.96,-8.47,0.01,-5.75",0,8,-11.883561643835622,0.49157303370786515,-32.50000000000001,-11532.5,-13852.5
ml,pred_focus_hit99_hgb,0.52,0.45,0.6,99,712,0.5688202247191011,54.82303370786518,-5.008426966292136,-3566.000000000001,37.574074074074076,-61.18403908794788,0.8101525274842282,-7.376404494382025,"-7.38,-7.36,0.34,-5.64",1,8,-9.801369863013702,0.49157303370786515,-4.0,-11504.0,-14333.0
ml,pred_focus_hit99_hgb,0.53,0.45,0.6,80,671,0.6706408345752608,54.80327868852459,-7.62220566318927,-5114.5,18.65111111111111,-61.119909502262445,0.6213585045345179,-11.779761904761905,"-8.92,-11.78,-3.21,-6.57",0,8,-15.732142857142858,0.4858420268256334,-24.500000000000007,-11524.5,-12205.5
ml,pred_focus_hit99_hgb,0.53,0.45,0.6,85,671,0.6438152011922503,54.80327868852459,-6.556631892697469,-4399.500000000002,23.641203703703702,-61.14016736401673,0.6989221556886227,-10.202380952380954,"-10.20,-9.70,-0.62,-5.70",0,8,-12.972222222222225,0.4858420268256334,-43.000000000000014,-11543.0,-12757.5
ml,pred_focus_hit99_hgb,0.53,0.45,0.6,90,671,0.61698956780924,54.80327868852459,-5.759314456035767,-3864.5,28.584541062801932,-61.083657587548636,0.7538299837564099,-9.875,"-9.88,-9.34,1.85,-5.67",1,8,-11.375000000000002,0.4858420268256334,-7.500000000000007,-11507.5,-13293.0
ml,pred_focus_hit99_hgb,0.53,0.45,0.6,95,671,0.5856929955290611,54.80327868852459,-5.654992548435175,-3794.5000000000023,33.56615776081425,-61.10071942446043,0.7766101495349111,-9.279761904761907,"-9.28,-8.15,0.81,-6.00",0,8,-12.55555555555556,0.4858420268256334,-48.00000000000001,-11548.0,-13868.0
ml,pred_focus_hit99_hgb,0.53,0.45,0.6,99,671,0.5678092399403875,54.80327868852459,-5.088673621460509,-3414.5000000000014,37.57349081364829,-61.13793103448276,0.8074168076706147,-8.267857142857146,"-8.27,-7.09,1.05,-6.05",2,8,-10.500000000000004,0.4858420268256334,-11.0,-11511.0,-14340.0
ml,pred_focus_hit99_hgb,0.54,0.45,0.6,80,628,0.6703821656050956,54.78343949044585,-7.6210191082802545,-4786.0,18.697149643705462,-61.14734299516908,0.6218842583448548,-13.531847133757962,"-8.26,-13.53,-2.61,-6.09",0,8,-17.57843137254902,0.4872611464968153,-19.500000000000007,-11519.5,-12200.5
ml,pred_focus_hit99_hgb,0.54,0.45,0.6,85,628,0.643312101910828,54.78343949044585,-6.578025477707009,-4131.000000000002,23.693069306930692,-61.174107142857146,0.6985331679194337,-11.621019108280258,"-9.82,-11.62,-0.06,-4.81",0,8,-14.833333333333337,0.4872611464968153,-3.500000000000014,-11503.5,-12718.0
ml,pred_focus_hit99_hgb,0.54,0.45,0.6,90,628,0.6162420382165605,54.78343949044585,-5.805732484076433,-3646.0,28.642118863049095,-61.12240663900415,0.752486337870405,-11.55732484076433,"-9.66,-11.56,2.36,-4.37",1,8,-12.088235294117647,0.4872611464968153,-24.500000000000007,-11524.5,-13310.0
ml,pred_focus_hit99_hgb,0.54,0.45,0.6,95,628,0.5843949044585988,54.78343949044585,-5.757961783439494,-3616.000000000002,33.61716621253406,-61.12452107279694,0.7733412730748739,-10.601910828025481,"-9.21,-10.60,2.23,-5.45",2,8,-12.55555555555556,0.4872611464968153,-3.500000000000007,-11503.5,-13823.5
ml,pred_focus_hit99_hgb,0.54,0.45,0.6,99,628,0.5684713375796179,54.78343949044585,-5.003184713375796,-3142.0,37.62044817927171,-61.15313653136531,0.81040880977523,-9.722929936305732,"-8.28,-9.72,3.62,-5.63",2,8,-10.500000000000004,0.4872611464968153,-46.0,-11546.0,-14375.0
ml,pred_focus_hit99_hgb,0.55,0.45,0.6,80,585,0.67008547008547,54.75042735042736,-7.609401709401709,-4451.5,18.742346938775512,-61.13212435233161,0.6227062762215536,-13.178082191780822,"-7.87,-13.18,-2.52,-6.87",0,8,-13.477777777777778,0.49572649572649574,-45.0,-11545.0,-12226.0
ml,pred_focus_hit99_hgb,0.55,0.45,0.6,85,585,0.6427350427350428,54.75042735042736,-6.5923076923076955,-3856.500000000002,23.74468085106383,-61.16985645933014,0.698345652939106,-11.328767123287673,"-9.74,-11.33,-0.05,-5.23",0,8,-12.972222222222225,0.49572649572649574,-12.500000000000036,-11512.5,-12727.0
ml,pred_focus_hit99_hgb,0.55,0.45,0.6,90,585,0.6170940170940171,54.75042735042736,-5.694871794871795,-3331.5,28.691135734072024,-61.111607142857146,0.7566294104755643,-10.849315068493151,"-9.77,-10.85,2.27,-4.40",1,8,-11.375000000000002,0.49572649572649574,-25.0,-11525.0,-13310.5
ml,pred_focus_hit99_hgb,0.55,0.45,0.6,95,585,0.5846153846153846,54.75042735042736,-5.703418803418806,-3336.500000000002,33.6578947368421,-61.10082304526749,0.77528203401246,-9.500000000000004,"-9.50,-9.34,1.86,-5.81",2,8,-12.55555555555556,0.49572649572649574,-35.5,-11535.5,-13855.5
ml,pred_focus_hit99_hgb,0.55,0.45,0.6,99,585,0.5709401709401709,54.75042735042736,-4.725641025641026,-2764.5,37.65269461077844,-61.11752988047809,0.8197907499755549,-8.670068027210887,"-8.67,-8.51,3.14,-4.84",2,8,-10.500000000000004,0.49572649572649574,-11.5,-11511.5,-14340.5
ml,pred_focus_hit99_hgb,0.56,0.45,0.6,80,553,0.6600361663652803,54.687160940325484,-8.348101265822784,-4616.5,18.812328767123287,-61.079787234042556,0.5979709135243403,-13.717391304347826,"-8.82,-13.72,-3.12,-7.74",0,8,-14.192307692307692,0.49547920433996384,-15.5,-11515.5,-12196.5
ml,pred_focus_hit99_hgb,0.56,0.45,0.6,85,553,0.6329113924050633,54.687160940325484,-7.362567811934902,-4071.500000000001,23.805714285714284,-61.100985221674875,0.6717458781795461,-11.978260869565219,"-11.05,-11.98,-0.14,-6.25",1,8,-14.028571428571432,0.49547920433996384,-6.000000000000014,-11506.0,-12720.5
ml,pred_focus_hit99_hgb,0.56,0.45,0.6,90,553,0.6057866184448463,54.687160940325484,-6.6482820976491865,-3676.5,28.750746268656716,-61.04587155963303,0.7237376014427412,-11.68840579710145,"-11.33,-11.69,2.10,-5.64",1,8,-12.52857142857143,0.49547920433996384,-23.000000000000007,-11523.0,-13308.5
ml,pred_focus_hit99_hgb,0.56,0.45,0.6,95,553,0.5714285714285714,54.687160940325484,-6.892405063291142,-3811.500000000002,33.71835443037975,-61.040084388185655,0.7365292226868974,-11.29856115107914,"-11.30,-10.31,0.76,-6.69",1,8,-13.885714285714291,0.49547920433996384,-19.000000000000007,-11519.0,-13839.0
ml,pred_focus_hit99_hgb,0.56,0.45,0.6,99,553,0.5587703435804702,54.687160940325484,-5.867088607594937,-3244.5,37.72006472491909,-61.0655737704918,0.782248322147651,-10.622302158273381,"-10.62,-9.60,2.62,-5.83",1,8,-11.88571428571429,0.49547920433996384,-20.5,-11520.5,-14349.5
ml,pred_focus_hit99_hgb,0.57,0.45,0.6,80,504,0.6686507936507936,54.73214285714286,-7.700396825396825,-3881.0,18.8026706231454,-61.18263473053892,0.6201614876437485,-12.873015873015873,"-7.23,-12.87,-2.23,-8.47",0,8,-11.588235294117647,0.5079365079365079,-1.999999999999993,-11502.0,-11803.5
ml,pred_focus_hit99_hgb,0.57,0.45,0.6,85,504,0.6428571428571429,54.73214285714286,-6.559523809523811,-3306.000000000001,23.787037037037038,-61.18333333333333,0.6998093162625988,-10.531746031746032,"-9.93,-10.53,0.75,-6.52",0,8,-14.557971014492757,0.5079365079365079,-60.000000000000014,-11560.0,-12290.0
ml,pred_focus_hit99_hgb,0.57,0.45,0.6,90,504,0.6130952380952381,54.73214285714286,-6.033730158730159,-3041.0,28.72653721682848,-61.11538461538461,0.7448290329347598,-10.484126984126984,"-10.48,-10.41,2.93,-6.17",1,8,-13.108695652173914,0.5079365079365079,-43.0,-11543.0,-12739.0
ml,pred_focus_hit99_hgb,0.57,0.45,0.6,95,504,0.5753968253968254,54.73214285714286,-6.559523809523813,-3306.000000000002,33.689655172413794,-61.10280373831776,0.7471703884980117,-10.682539682539684,"-10.68,-9.10,1.94,-8.39",0,8,-14.55797101449276,0.5079365079365079,-49.50000000000001,-11549.5,-13142.5
ml,pred_focus_hit99_hgb,0.57,0.45,0.6,99,504,0.5634920634920635,54.73214285714286,-5.444444444444445,-2744.0,37.690140845070424,-61.127272727272725,0.7959547888161809,-10.126984126984127,"-10.13,-7.70,3.79,-7.74",2,8,-12.586956521739134,0.5079365079365079,-40.00000000000001,-11540.0,-13469.0
ml,pred_focus_hit99_hgb,0.58,0.45,0.6,80,464,0.665948275862069,54.73491379310346,-7.915948275862069,-3673.0,18.78802588996764,-61.151612903225804,0.6124914279685604,-9.96551724137931,"-8.80,-9.97,-3.40,-9.50",0,8,-12.440298507462687,0.5107758620689655,-47.00000000000001,-11547.0,-11848.5
ml,pred_focus_hit99_hgb,0.58,0.45,0.6,85,464,0.6422413793103449,54.73491379310346,-6.612068965517242,-3068.0000000000005,23.758389261744966,-61.13253012048193,0.6976744186046512,-11.38793103448276,"-11.39,-8.24,0.18,-7.00",0,8,-15.72388059701493,0.5107758620689655,-19.500000000000007,-11519.5,-12249.5
ml,pred_focus_hit99_hgb,0.58,0.45,0.6,90,464,0.6099137931034483,54.73491379310346,-6.321120689655173,-2933.0,28.690812720848058,-61.06353591160221,0.7346301741687401,-12.336206896551724,"-12.34,-8.24,2.21,-6.91",2,8,-14.380597014925375,0.5107758620689655,0.0,-11500.0,-12696.0
ml,pred_focus_hit99_hgb,0.58,0.45,0.6,95,464,0.5732758620689655,54.73491379310346,-6.762931034482762,-3138.0000000000014,33.650375939849624,-61.05555555555556,0.7404251799156257,-12.077586206896553,"-12.08,-7.77,1.60,-8.81",2,8,-16.022388059701495,0.5107758620689655,-24.000000000000014,-11524.0,-13117.0
ml,pred_focus_hit99_hgb,0.58,0.45,0.6,99,464,0.5625,54.73491379310346,-5.5452586206896575,-2573.000000000001,37.63409961685824,-61.0615763546798,0.7924246702432335,-10.862068965517244,"-10.86,-6.38,3.37,-8.31",2,8,-14.111940298507465,0.5107758620689655,-4.0,-11504.0,-13433.0
ml,pred_focus_hit99_hgb,0.59,0.45,0.6,80,413,0.6779661016949152,54.72397094430993,-6.938256658595642,-2865.5,18.792857142857144,-61.109022556390975,0.6474315595201476,-9.762135922330097,"-5.70,-9.76,-3.03,-9.27",0,8,-12.46774193548387,0.513317191283293,-1.5,-11501.5,-11803.0
ml,pred_focus_hit99_hgb,0.59,0.45,0.6,85,413,0.6561743341404358,54.72397094430993,-5.412832929782085,-2235.500000000001,23.75461254612546,-61.07746478873239,0.742246050962758,-8.208737864077674,"-7.14,-8.21,0.56,-6.84",0,8,-12.483606557377053,0.513317191283293,-37.000000000000014,-11537.0,-12267.0
ml,pred_focus_hit99_hgb,0.59,0.45,0.6,90,413,0.6198547215496368,54.72397094430993,-5.412832929782082,-2235.5,28.6796875,-61.003184713375795,0.7665883581310363,-8.597087378640778,"-8.30,-8.60,2.40,-7.13",3,8,-12.548780487804878,0.513317191283293,-7.000000000000007,-11507.0,-12703.0
ml,pred_focus_hit99_hgb,0.59,0.45,0.6,95,413,0.585956416464891,54.72397094430993,-5.546004842615017,-2290.500000000002,33.652892561983464,-61.02046783625731,0.7804878048780486,-8.451456310679616,"-8.11,-8.45,2.21,-7.81",2,8,-12.975409836065579,0.513317191283293,-16.00000000000005,-11516.0,-13109.0
ml,pred_focus_hit99_hgb,0.59,0.45,0.6,99,413,0.5738498789346247,54.72397094430993,-4.4104116222760315,-1821.500000000001,37.63502109704641,-61.02840909090909,0.8304161623684946,-7.480582524271845,"-6.83,-7.20,3.89,-7.48",3,8,-12.548780487804882,0.513317191283293,223.0,-11277.0,-13206.0
ml,pred_focus_hit99_hgb,0.6,0.45,0.6,80,381,0.6850393700787402,54.65091863517061,-6.347769028871391,-2418.5,18.760536398467433,-60.958333333333336,0.669377990430622,-8.205263157894738,"-6.09,-6.19,-4.90,-8.21",0,8,-13.0,0.5065616797900262,-30.500000000000007,-11530.5,-11832.0
ml,pred_focus_hit99_hgb,0.6,0.45,0.6,85,381,0.6614173228346457,54.65091863517061,-4.930446194225725,-1878.5000000000011,23.738095238095237,-60.934108527131784,0.7610202913300681,-7.083333333333336,"-7.08,-5.46,-1.37,-5.78",0,8,-10.720338983050851,0.5065616797900262,202.0,-11298.0,-12035.0
ml,pred_focus_hit99_hgb,0.6,0.45,0.6,90,381,0.6246719160104987,54.65091863517061,-4.930446194225722,-1878.5,28.68487394957983,-60.87762237762238,0.7842168743897536,-7.65625,"-7.66,-6.93,0.26,-5.36",1,8,-13.368421052631579,0.5065616797900262,195.0,-11305.0,-12523.0
ml,pred_focus_hit99_hgb,0.6,0.45,0.6,95,381,0.5879265091863517,54.65091863517061,-5.297900262467195,-2018.5000000000014,33.67857142857143,-60.90764331210191,0.7889150326797386,-7.656250000000003,"-7.66,-6.93,-0.32,-6.26",1,8,-13.236842105263163,0.5065616797900262,-0.5000000000000497,-11500.5,-13093.5
ml,pred_focus_hit99_hgb,0.6,0.45,0.6,99,381,0.5748031496062992,54.65091863517061,-4.245406824146982,-1617.5000000000002,37.678082191780824,-60.91975308641975,0.8361029486270138,-6.437500000000001,"-6.44,-5.70,1.21,-6.03",3,8,-13.842105263157897,0.5065616797900262,366.0,-11134.0,-13063.0
ml,pred_focus_hit99_hgb,0.61,0.45,0.6,80,349,0.6848137535816619,54.60171919770773,-6.3166189111747855,-2204.5,18.780334728033473,-60.845454545454544,0.6706260271925892,-7.7298850574712645,"-6.64,-6.49,-4.41,-7.73",0,8,-15.423076923076925,0.5128939828080229,31.999999999999993,-11468.0,-11769.5
ml,pred_focus_hit99_hgb,0.61,0.45,0.6,85,349,0.6590257879656161,54.60171919770773,-5.084527220630375,-1774.500000000001,23.756521739130434,-60.82773109243698,0.7548525246943427,-8.056818181818185,"-8.06,-6.03,-0.84,-5.37",0,8,-12.538461538461545,0.5128939828080229,371.5,-11128.5,-11865.5
ml,pred_focus_hit99_hgb,0.61,0.45,0.6,90,349,0.6217765042979942,54.60171919770773,-5.141833810888252,-1794.5,28.693548387096776,-60.765151515151516,0.776274778705897,-9.022727272727273,"-9.02,-5.91,-0.39,-5.20",3,8,-16.863636363636363,0.5128939828080229,393.5,-11106.5,-12324.5
ml,pred_focus_hit99_hgb,0.61,0.45,0.6,95,349,0.5845272206303725,54.60171919770773,-5.571633237822353,-1944.5000000000014,33.67156862745098,-60.782758620689656,0.7793725534691099,-9.363636363636367,"-9.36,-6.14,-1.36,-5.37",1,8,-17.31818181818182,0.5128939828080229,94.5,-11405.5,-13035.5
ml,pred_focus_hit99_hgb,0.61,0.45,0.6,99,349,0.5702005730659025,54.60171919770773,-4.651862464183382,-1623.5000000000002,37.67085427135678,-60.8,0.821984649122807,-8.306818181818183,"-8.31,-4.98,1.17,-6.44",2,8,-18.500000000000004,0.5128939828080229,294.5,-11205.5,-13134.5
ml,pred_focus_hit99_hgb,0.62,0.45,0.6,80,320,0.69375,54.631249999999994,-5.63125,-1802.0,18.765765765765767,-60.89795918367347,0.6980563002680965,-8.9875,"-5.22,-8.99,-0.25,-8.06",2,8,-14.785714285714286,0.503125,363.0,-11137.0,-11474.5
ml,pred_focus_hit99_hgb,0.62,0.45,0.6,85,320,0.665625,54.631249999999994,-4.553125000000003,-1457.000000000001,23.739436619718308,-60.873831775700936,0.7763107392338988,-8.925000000000002,"-7.04,-8.93,3.56,-5.81",1,8,-14.964285714285719,0.503125,572.5,-10927.5,-11703.5
ml,pred_focus_hit99_hgb,0.62,0.45,0.6,90,320,0.628125,54.631249999999994,-4.6,-1472.0,28.6592039800995,-60.77731092436975,0.7964742481852748,-8.35,"-8.35,-8.11,4.00,-5.94",3,8,-18.714285714285715,0.503125,592.5,-10907.5,-12159.5
ml,pred_focus_hit99_hgb,0.62,0.45,0.6,95,320,0.5875,54.631249999999994,-5.318750000000003,-1702.000000000001,33.63297872340426,-60.79545454545455,0.7879127725856698,-8.975000000000003,"-8.98,-7.55,1.69,-6.44",2,8,-19.78571428571429,0.503125,331.0,-11169.0,-12828.0
ml,pred_focus_hit99_hgb,0.62,0.45,0.6,99,320,0.571875,54.631249999999994,-4.515625,-1445.0,37.631147540983605,-60.81386861313869,0.8265618436055933,-8.0125,"-8.01,-6.54,4.34,-7.85",3,8,-21.60714285714286,0.503125,306.0,-11194.0,-13159.5
ml,pred_focus_hit99_hgb,0.63,0.45,0.6,80,285,0.7157894736842105,54.708771929824564,-3.9456140350877194,-1124.5,18.730392156862745,-61.05555555555556,0.7726215751693458,-6.063380281690139,"-3.40,-5.70,-0.63,-6.06",2,8,-13.625,0.49473684210526314,994.0,-10506.0,-11522.0
ml,pred_focus_hit99_hgb,0.63,0.45,0.6,85,285,0.6842105263157895,54.708771929824564,-3.050877192982459,-869.5000000000009,23.7,-61.01111111111111,0.8416499726825715,-5.694444444444446,"-5.69,-4.64,1.98,-3.81",3,8,-14.250000000000005,0.49473684210526314,1496.5,-10003.5,-10879.0
ml,pred_focus_hit99_hgb,0.63,0.45,0.6,90,285,0.6491228070175439,54.708771929824564,-2.787719298245614,-794.5,28.656756756756756,-60.96,0.8696686351706037,-7.430555555555555,"-7.43,-2.60,1.91,-2.96",3,8,-19.041666666666668,0.49473684210526314,1280.5,-10219.5,-11527.5
ml,pred_focus_hit99_hgb,0.63,0.45,0.6,95,285,0.6140350877192983,54.708771929824564,-2.8754385964912315,-819.5000000000009,33.62571428571429,-60.945454545454545,0.8777595465393795,-8.402777777777779,"-8.40,-2.04,1.42,-2.40",5,8,-16.750000000000004,0.49473684210526314,957.5,-10542.5,-12206.0
ml,pred_focus_hit99_hgb,0.63,0.45,0.6,99,285,0.6,54.708771929824564,-1.8087719298245621,-515.5000000000002,37.61695906432749,-60.94736842105263,0.9258059873344847,-7.555555555555555,"-7.56,-0.95,4.06,-2.71",4,8,-19.041666666666668,0.49473684210526314,1701.5,-9798.5,-12081.5
ml,pred_focus_hit99_hgb,0.64,0.45,0.6,80,256,0.71875,54.6875,-3.6874999999999996,-943.9999999999999,18.75,-61.02777777777778,0.7851615839781521,-4.906249999999998,"-3.78,-4.67,-1.39,-4.91",2,8,-16.642857142857146,0.4921875,1306.5,-10193.5,-11210.5
ml,pred_focus_hit99_hgb,0.64,0.45,0.6,85,256,0.6875,54.6875,-2.7500000000000018,-704.0000000000005,23.727272727272727,-61.0,0.8557377049180328,-6.468750000000003,"-2.84,-6.47,1.03,-2.72",2,8,-13.785714285714292,0.4921875,1770.5,-9729.5,-10533.5
ml,pred_focus_hit99_hgb,0.64,0.45,0.6,90,256,0.65234375,54.6875,-2.4765625,-634.0,28.679640718562876,-60.938202247191015,0.8831013183368673,-4.671875,"-3.62,-4.67,0.48,-2.09",3,8,-17.547619047619047,0.4921875,1706.0,-9794.0,-11047.0
ml,pred_focus_hit99_hgb,0.64,0.45,0.6,95,256,0.6171875,54.6875,-2.5546875000000027,-654.0000000000007,33.67088607594937,-60.95918367346939,0.8905256109809173,-4.8750000000000036,"-4.88,-3.03,-0.53,-1.78",3,8,-15.16666666666667,0.4921875,1527.5,-9972.5,-11632.5
ml,pred_focus_hit99_hgb,0.64,0.45,0.6,99,256,0.60546875,54.6875,-1.2460937500000007,-319.00000000000017,37.68709677419355,-60.995049504950494,0.9482184887590293,-2.500000000000001,"-2.50,-2.14,0.48,-0.83",4,8,-17.976190476190478,0.4921875,2697.0,-8803.0,-11312.0
ml,pred_focus_hit99_hgb,0.65,0.45,0.6,80,225,0.7111111111111111,54.675555555555555,-4.286666666666666,-964.4999999999999,18.76875,-61.03846153846154,0.7568998109640832,-7.035714285714285,"-6.61,0.61,-7.04,-4.07",2,8,-15.5,0.48,1434.5,-10065.5,-11082.5
ml,pred_focus_hit99_hgb,0.65,0.45,0.6,85,225,0.6755555555555556,54.675555555555555,-3.753333333333335,-844.5000000000005,23.74342105263158,-61.00684931506849,0.8103738632536207,-6.166666666666669,"-6.17,-1.63,-5.16,-2.02",3,8,-15.92105263157895,0.48,1451.5,-10048.5,-10825.5
ml,pred_focus_hit99_hgb,0.65,0.45,0.6,90,225,0.6444444444444445,54.675555555555555,-3.1755555555555555,-714.5,28.713793103448275,-60.975,0.8535260352603526,-6.678571428571429,"-6.08,0.25,-6.68,-0.14",3,8,-18.026315789473685,0.48,1612.5,-9887.5,-11140.5
ml,pred_focus_hit99_hgb,0.65,0.45,0.6,95,225,0.6222222222222222,54.675555555555555,-2.0644444444444483,-464.5000000000009,33.72857142857143,-61.01764705882353,0.9104405668562614,-6.342105263157899,"-6.34,1.95,-5.34,1.55",4,8,-15.657894736842108,0.48,2422.5,-9077.5,-11131.5
ml,pred_focus_hit99_hgb,0.65,0.45,0.6,99,225,0.6088888888888889,54.675555555555555,-0.8955555555555571,-201.50000000000034,37.74817518248175,-61.05681818181818,0.9624976735529499,-4.75,"-4.03,2.82,-4.75,2.43",4,8,-18.97368421052632,0.48,3279.0,-8221.0,-11313.0
ml,pred_focus_hit99_hgb,0.66,0.45,0.6,80,203,0.6945812807881774,54.75862068965518,-5.692118226600985,-1155.5,18.641843971631207,-61.03225806451613,0.6946353065539113,-8.127450980392156,"-7.93,0.17,-8.13,-6.90",2,8,-18.61764705882353,0.49261083743842365,1090.0,-10410.0,-11390.0
ml,pred_focus_hit99_hgb,0.66,0.45,0.6,85,203,0.6551724137931034,54.75862068965518,-5.568965517241382,-1130.5000000000005,23.605263157894736,-61.0,0.7352459016393442,-7.93137254901961,"-7.93,-2.68,-6.46,-5.20",2,8,-20.97058823529412,0.49261083743842365,953.5,-10546.5,-11276.5
ml,pred_focus_hit99_hgb,0.66,0.45,0.6,90,203,0.6206896551724138,54.75862068965518,-5.396551724137931,-1095.5,28.563492063492063,-60.967532467532465,0.7666418148897646,-8.519607843137255,"-8.32,-1.01,-8.52,-3.70",3,8,-23.91176470588235,0.49261083743842365,1010.5,-10489.5,-11685.5
ml,pred_focus_hit99_hgb,0.66,0.45,0.6,95,203,0.5960591133004927,54.75862068965518,-4.633004926108378,-940.5000000000007,33.574380165289256,-61.01219512195122,0.8120127923246051,-9.107843137254907,"-9.11,0.46,-7.44,-2.40",2,8,-21.85294117647059,0.49261083743842365,1156.5,-10343.5,-11936.5
ml,pred_focus_hit99_hgb,0.66,0.45,0.6,99,203,0.5862068965517241,54.75862068965518,-3.224137931034484,-654.5000000000002,37.59243697478992,-61.04761904761905,0.8723673946957878,-7.107843137254904,"-6.91,1.11,-7.11,0.08",4,8,-26.029411764705884,0.49261083743842365,1645.5,-9854.5,-11855.0
ml,pred_focus_hit99_hgb,0.67,0.45,0.6,80,184,0.7010869565217391,54.83695652173913,-5.249999999999999,-965.9999999999999,18.56201550387597,-61.1,0.7125427763725636,-9.391304347826088,"-7.30,-0.30,-4.00,-9.39",2,8,-22.6,0.4891304347826087,1497.0,-10003.0,-10983.0
ml,pred_focus_hit99_hgb,0.67,0.45,0.6,85,184,0.657608695652174,54.83695652173913,-5.44021739130435,-1001.0000000000005,23.516528925619834,-61.05555555555556,0.7397634212920837,-7.9782608695652195,"-7.63,-3.89,-2.26,-7.98",3,8,-24.85714285714286,0.4891304347826087,1302.5,-10197.5,-10927.5
ml,pred_focus_hit99_hgb,0.67,0.45,0.6,90,184,0.625,54.83695652173913,-5.086956521739131,-936.0,28.482608695652175,-61.03623188405797,0.7777513949899085,-8.73913043478261,"-6.43,-2.48,-2.70,-8.74",3,8,-29.142857142857142,0.4891304347826087,1364.0,-10136.0,-11332.0
ml,pred_focus_hit99_hgb,0.67,0.45,0.6,95,184,0.5978260869565217,54.83695652173913,-4.543478260869568,-836.0000000000005,33.490909090909085,-61.08108108108108,0.8150442477876105,-7.869565217391308,"-7.52,-1.28,-1.50,-7.87",3,8,-27.35714285714286,0.4891304347826087,1399.0,-10101.0,-11694.0
ml,pred_focus_hit99_hgb,0.67,0.45,0.6,99,184,0.5869565217391305,54.83695652173913,-3.228260869565218,-594.0000000000001,37.50925925925926,-61.11842105263158,0.8721205597416577,-5.608695652173914,"-5.26,-0.91,-1.13,-5.61",4,8,-33.0,0.4891304347826087,1959.0,-9541.0,-11470.0
ml,pred_focus_hit99_hgb,0.68,0.45,0.6,80,153,0.6993464052287581,54.81699346405229,-5.369281045751634,-821.5,18.55607476635514,-61.02173913043478,0.7073387958674742,-9.315789473684209,"-7.94,4.55,-8.71,-9.32",2,8,-23.333333333333332,0.477124183006536,2016.5,-9483.5,-10516.0
ml,pred_focus_hit99_hgb,0.68,0.45,0.6,85,153,0.6470588235294118,54.81699346405229,-6.316993464052291,-966.5000000000005,23.5,-60.98148148148148,0.7064986334649256,-8.961538461538465,"-8.96,-0.32,-7.66,-8.26",2,8,-22.40909090909091,0.477124183006536,1501.5,-9998.5,-10773.5
ml,pred_focus_hit99_hgb,0.68,0.45,0.6,90,153,0.6143790849673203,54.81699346405229,-6.022875816993464,-921.5,28.414893617021278,-60.889830508474574,0.7434933890048713,-9.236842105263158,"-8.19,0.87,-9.24,-7.47",2,8,-28.318181818181817,0.477124183006536,1474.5,-10025.5,-11276.5
ml,pred_focus_hit99_hgb,0.68,0.45,0.6,95,153,0.5882352941176471,54.81699346405229,-5.43464052287582,-831.5000000000005,33.43333333333333,-60.96031746031746,0.7834917328472855,-10.11538461538462,"-10.12,1.79,-6.34,-6.95",3,8,-26.5,0.477124183006536,1541.5,-9958.5,-11616.5
ml,pred_focus_hit99_hgb,0.68,0.45,0.6,99,153,0.5751633986928104,54.81699346405229,-4.375816993464054,-669.5000000000002,37.45454545454545,-61.00769230769231,0.8311688311688312,-7.961538461538462,"-7.96,1.82,-6.63,-4.63",3,8,-34.04545454545455,0.477124183006536,2027.0,-9473.0,-11511.5
ml,pred_focus_hit99_hgb,0.69,0.45,0.6,80,137,0.6934306569343066,54.77372262773723,-5.799270072992701,-794.5,18.63684210526316,-61.07142857142857,0.6902534113060429,-9.88235294117647,"-6.59,0.29,-7.00,-9.88",2,8,-42.5,0.4744525547445255,2135.0,-9365.0,-10397.5
ml,pred_focus_hit99_hgb,0.69,0.45,0.6,85,137,0.6423357664233577,54.77372262773723,-6.675182481751828,-914.5000000000005,23.568181818181817,-60.98979591836735,0.693993642295466,-9.147058823529413,"-8.01,-3.38,-6.12,-9.15",1,8,-41.25,0.4744525547445255,1753.0,-9747.0,-10544.5
ml,pred_focus_hit99_hgb,0.69,0.45,0.6,90,137,0.6058394160583942,54.77372262773723,-6.748175182481752,-924.5,28.47590361445783,-60.888888888888886,0.7188260340632603,-8.705882352941176,"-7.44,-2.65,-8.18,-8.71",2,8,-40.0,0.4744525547445255,1509.0,-9991.0,-11242.0
ml,pred_focus_hit99_hgb,0.69,0.45,0.6,95,137,0.5766423357664233,54.77372262773723,-6.4927007299270105,-889.5000000000005,33.5,-60.96551724137931,0.7484445701357466,-9.871428571428575,"-9.87,0.59,-8.03,-8.56",3,8,-38.75,0.4744525547445255,1514.0,-9986.0,-11644.0
ml,pred_focus_hit99_hgb,0.69,0.45,0.6,99,137,0.5693430656934306,54.77372262773723,-4.9087591240875925,-672.5000000000002,37.53846153846154,-61.02542372881356,0.813220386057492,-7.7,"-7.70,0.26,-5.79,-6.32",3,8,-37.75,0.4744525547445255,2065.0,-9435.0,-11473.5
ml,pred_focus_hit99_hgb,0.7,0.45,0.6,80,120,0.7083333333333334,54.78333333333334,-4.616666666666666,-554.0,18.53529411764706,-60.84285714285714,0.7398450340455506,-8.466666666666667,"-8.47,0.40,-2.20,-8.20",2,8,-62.5,0.4666666666666667,3293.0,-8207.0,-9187.0
ml,pred_focus_hit99_hgb,0.7,0.45,0.6,85,120,0.6583333333333333,54.78333333333334,-5.325000000000003,-639.0000000000003,23.462025316455698,-60.792682926829265,0.7436308926780341,-10.800000000000004,"-10.80,1.40,-4.20,-7.70",2,8,-62.5,0.4666666666666667,2733.5,-8766.5,-9496.5
ml,pred_focus_hit99_hgb,0.7,0.45,0.6,90,120,0.6166666666666667,54.78333333333334,-5.783333333333333,-694.0,28.35135135135135,-60.69565217391305,0.751432664756447,-10.8,"-10.80,2.07,-3.87,-10.53",3,8,-62.5,0.4666666666666667,2274.5,-9225.5,-10421.5
ml,pred_focus_hit99_hgb,0.7,0.45,0.6,95,120,0.5833333333333334,54.78333333333334,-5.866666666666671,-704.0000000000005,33.371428571428574,-60.8,0.7684210526315789,-14.300000000000004,"-14.30,5.57,-3.87,-10.87",3,8,-62.5,0.4666666666666667,2133.5,-9366.5,-10959.5
ml,pred_focus_hit99_hgb,0.7,0.45,0.6,99,120,0.575,54.78333333333334,-4.358333333333334,-523.0000000000001,37.41304347826087,-60.872549019607845,0.8315348687389273,-12.3,"-12.30,5.07,-1.47,-8.73",3,8,-62.5,0.4666666666666667,2739.5,-8760.5,-10689.5
ml,pred_focus_hit99_hgb,0.71,0.45,0.6,80,105,0.7142857142857143,54.7047619047619,-4.061904761904762,-426.49999999999994,18.606666666666666,-60.733333333333334,0.7659165751920965,-11.884615384615383,"-8.65,0.50,3.96,-11.88",3,8,-62.5,0.4857142857142857,4204.5,-7295.5,-8275.5
ml,pred_focus_hit99_hgb,0.71,0.45,0.6,85,105,0.6571428571428571,54.7047619047619,-5.34761904761905,-561.5000000000002,23.528985507246375,-60.69444444444444,0.7430205949656751,-12.076923076923077,"-11.61,1.08,1.46,-12.08",3,8,-62.5,0.4857142857142857,3188.0,-8312.0,-9042.0
ml,pred_focus_hit99_hgb,0.71,0.45,0.6,90,105,0.6095238095238096,54.7047619047619,-6.347619047619047,-666.5,28.40625,-60.59756097560975,0.7317367679613604,-16.115384615384617,"-11.98,1.27,1.65,-16.12",3,8,-62.5,0.4857142857142857,2408.0,-9092.0,-10288.0
ml,pred_focus_hit99_hgb,0.71,0.45,0.6,95,105,0.5714285714285714,54.7047619047619,-6.919047619047621,-726.5000000000002,33.43333333333333,-60.72222222222222,0.7341262580054894,-17.26923076923077,"-16.24,4.73,1.46,-17.27",3,8,-62.5,0.4857142857142857,2067.5,-9432.5,-11025.5
ml,pred_focus_hit99_hgb,0.71,0.45,0.6,99,105,0.5619047619047619,54.7047619047619,-5.576190476190476,-585.5,37.483050847457626,-60.80434782608695,0.7906685734715767,-15.423076923076923,"-14.31,3.69,4.08,-15.42",3,8,-62.5,0.4857142857142857,2682.5,-8817.5,-10746.5
ml,pred_focus_hit99_hgb,0.72,0.45,0.6,80,84,0.7261904761904762,54.40476190476191,-2.809523809523809,-235.99999999999994,18.795081967213115,-60.108695652173914,0.8292947558770344,-10.595238095238095,"-0.74,-4.02,4.12,-10.60",4,8,-60.5,0.4642857142857143,6038.5,-5461.5,-6053.0
ml,pred_focus_hit99_hgb,0.72,0.45,0.6,85,84,0.6666666666666666,54.40476190476191,-4.238095238095241,-356.0000000000002,23.75,-60.214285714285715,0.7888493475682088,-7.500000000000003,"-5.02,-4.50,0.07,-7.50",4,8,-60.5,0.4642857142857143,4756.0,-6744.0,-7474.0
ml,pred_focus_hit99_hgb,0.72,0.45,0.6,90,84,0.6071428571428571,54.40476190476191,-6.261904761904762,-526.0,28.61764705882353,-60.166666666666664,0.7350793251070259,-17.261904761904763,"-5.98,-5.45,3.64,-17.26",1,8,-60.5,0.4642857142857143,3285.0,-8215.0,-9411.0
ml,pred_focus_hit99_hgb,0.72,0.45,0.6,95,84,0.5714285714285714,54.40476190476191,-6.619047619047622,-556.0000000000002,33.583333333333336,-60.22222222222222,0.7435424354243543,-14.880952380952381,"-11.93,-2.36,2.69,-14.88",1,8,-60.5,0.4642857142857143,2885.0,-8615.0,-10208.0
ml,pred_focus_hit99_hgb,0.72,0.45,0.6,99,84,0.5595238095238095,54.40476190476191,-5.511904761904764,-463.0000000000001,37.648936170212764,-60.33783783783784,0.792609182530795,-12.976190476190476,"-9.83,-4.60,5.36,-12.98",1,8,-60.5,0.4642857142857143,3628.0,-7872.0,-9801.0
ml,pred_focus_hit99_hgb,0.73,0.45,0.6,80,72,0.7361111111111112,54.666666666666664,-2.2777777777777772,-163.99999999999997,18.59433962264151,-60.5,0.8573292735972162,-12.055555555555555,"0.17,-3.50,6.28,-12.06",3,7,-34.5,0.4444444444444444,7243.5,-4256.5,-6523.5
ml,pred_focus_hit99_hgb,0.73,0.45,0.6,85,72,0.6666666666666666,54.666666666666664,-4.5000000000000036,-324.0000000000002,23.520833333333332,-60.541666666666664,0.7770130763936682,-9.0,"-5.39,-4.61,1.00,-9.00",3,7,-32.833333333333336,0.4444444444444444,5135.5,-6364.5,-8530.0
ml,pred_focus_hit99_hgb,0.73,0.45,0.6,90,72,0.6111111111111112,54.666666666666664,-6.166666666666667,-444.0,28.40909090909091,-60.5,0.7378984651711924,-15.944444444444445,"-7.06,-6.28,4.61,-15.94",1,7,-31.166666666666668,0.4444444444444444,4049.0,-7451.0,-9331.5
ml,pred_focus_hit99_hgb,0.73,0.45,0.6,95,72,0.5833333333333334,54.666666666666664,-5.7500000000000036,-414.0000000000002,33.357142857142854,-60.5,0.771900826446281,-14.555555555555559,"-14.56,-3.22,8.22,-13.44",2,7,-29.5,0.4444444444444444,4127.0,-7373.0,-9578.5
ml,pred_focus_hit99_hgb,0.73,0.45,0.6,99,72,0.5694444444444444,54.666666666666664,-4.791666666666669,-345.00000000000017,37.426829268292686,-60.62903225806452,0.816440542697526,-12.555555555555559,"-12.56,-6.28,11.11,-11.44",2,7,-28.166666666666668,0.4444444444444444,4477.0,-7023.0,-9586.0
ml,pred_focus_hit99_hgb,0.74,0.45,0.6,80,64,0.734375,54.515625,-2.265625,-145.0,18.73404255319149,-60.3235294117647,0.8586055582642613,-6.624999999999999,"-1.62,-6.62,5.00,-5.81",3,7,-56.5,0.453125,7540.0,-3960.0,-5628.5
ml,pred_focus_hit99_hgb,0.74,0.45,0.6,85,64,0.671875,54.515625,-3.9062500000000027,-250.00000000000017,23.569767441860463,-60.166666666666664,0.8021369212504945,-7.687500000000002,"-3.19,-3.19,-1.56,-7.69",2,7,-56.5,0.453125,5998.0,-5502.0,-7401.0
ml,pred_focus_hit99_hgb,0.74,0.45,0.6,90,64,0.609375,54.515625,-6.171875,-395.0,28.44871794871795,-60.18,0.7374543037554004,-15.812499999999998,"-5.38,-5.38,1.88,-15.81",1,7,-56.5,0.453125,4396.5,-7103.5,-8457.5
ml,pred_focus_hit99_hgb,0.74,0.45,0.6,95,64,0.578125,54.515625,-6.093750000000003,-390.00000000000017,33.391891891891895,-60.2037037037037,0.7600738234389418,-14.125000000000004,"-14.13,-2.25,5.31,-13.31",2,7,-56.5,0.453125,4181.5,-7318.5,-8892.5
ml,pred_focus_hit99_hgb,0.74,0.45,0.6,99,64,0.5625,54.515625,-5.328125,-341.0,37.47222222222222,-60.357142857142854,0.7982248520710059,-12.125000000000002,"-12.13,-5.94,8.06,-11.31",2,7,-56.5,0.453125,4613.0,-6887.0,-8677.0
ml,pred_focus_hit99_hgb,0.75,0.45,0.6,80,58,0.7413793103448276,54.65517241379311,-1.8448275862068955,-106.99999999999994,18.68604651162791,-60.7,0.8824821526633719,-7.9,"-3.30,-7.90,8.36,-4.00",4,7,-56.5,0.4482758620689655,8277.0,-3223.0,-5555.0
ml,pred_focus_hit99_hgb,0.75,0.45,0.6,85,58,0.6724137931034483,54.65517241379311,-4.000000000000002,-232.0000000000001,23.499999999999993,-60.44736842105263,0.797997387897257,-10.233333333333333,"-5.30,-10.23,6.57,-6.50",4,7,-56.5,0.4482758620689655,6379.0,-5121.0,-6986.0
ml,pred_focus_hit99_hgb,0.75,0.45,0.6,90,58,0.603448275862069,54.65517241379311,-6.844827586206897,-397.0,28.357142857142858,-60.41304347826087,0.7142857142857143,-16.142857142857142,"-7.97,-13.23,10.50,-16.14",2,7,-56.5,0.4482758620689655,4460.0,-7040.0,-7715.0
ml,pred_focus_hit99_hgb,0.75,0.45,0.6,95,58,0.5689655172413793,54.65517241379311,-7.103448275862071,-412.0000000000001,33.28787878787879,-60.42,0.7272426348891096,-17.633333333333333,"-17.63,-10.57,14.43,-13.64",3,7,-56.5,0.4482758620689655,4245.0,-7255.0,-8078.0
ml,pred_focus_hit99_hgb,0.75,0.45,0.6,99,58,0.5689655172413793,54.65517241379311,-4.827586206896552,-280.0,37.28787878787879,-60.42,0.8146309169149288,-15.766666666666667,"-15.77,-8.43,17.57,-11.64",3,7,-56.5,0.4482758620689655,5313.5,-6186.5,-7555.5
ml,pred_focus_hit99_hgb,0.52,0.5,0.6,80,712,0.6741573033707865,54.82303370786518,-7.362359550561798,-5242.0,18.61875,-61.116379310344826,0.6302983285139996,-11.870786516853933,"-7.84,-11.87,-3.76,-5.98",0,8,-14.30327868852459,0.49157303370786515,-2.0,-11502.0,-12183.0
ml,pred_focus_hit99_hgb,0.52,0.5,0.6,85,712,0.6432584269662921,54.82303370786518,-6.625000000000003,-4717.000000000002,23.62227074235808,-61.16535433070866,0.6963825952626158,-10.21348314606742,"-9.28,-10.21,-1.15,-5.87",0,8,-12.745901639344266,0.49157303370786515,-10.500000000000014,-11510.5,-12725.0
ml,pred_focus_hit99_hgb,0.52,0.5,0.6,90,712,0.6165730337078652,54.82303370786518,-5.817415730337078,-4142.0,28.57744874715262,-61.12637362637363,0.7517902621722846,-9.735955056179776,"-8.74,-9.74,1.35,-6.15",1,8,-10.787671232876713,0.49157303370786515,-27.5,-11527.5,-13313.0
ml,pred_focus_hit99_hgb,0.52,0.5,0.6,95,712,0.5870786516853933,54.82303370786518,-5.5435393258427,-3947.0000000000027,33.55980861244019,-61.13945578231292,0.7804172461752434,-8.471910112359554,"-7.96,-8.47,0.01,-5.75",0,8,-11.883561643835622,0.49157303370786515,-32.50000000000001,-11532.5,-13852.5
ml,pred_focus_hit99_hgb,0.52,0.5,0.6,99,712,0.5688202247191011,54.82303370786518,-5.008426966292136,-3566.000000000001,37.574074074074076,-61.18403908794788,0.8101525274842282,-7.376404494382025,"-7.38,-7.36,0.34,-5.64",1,8,-9.801369863013702,0.49157303370786515,-4.0,-11504.0,-14333.0
ml,pred_focus_hit99_hgb,0.53,0.5,0.6,80,671,0.6706408345752608,54.80327868852459,-7.62220566318927,-5114.5,18.65111111111111,-61.119909502262445,0.6213585045345179,-11.779761904761905,"-8.92,-11.78,-3.21,-6.57",0,8,-15.732142857142858,0.4858420268256334,-24.500000000000007,-11524.5,-12205.5
ml,pred_focus_hit99_hgb,0.53,0.5,0.6,85,671,0.6438152011922503,54.80327868852459,-6.556631892697469,-4399.500000000002,23.641203703703702,-61.14016736401673,0.6989221556886227,-10.202380952380954,"-10.20,-9.70,-0.62,-5.70",0,8,-12.972222222222225,0.4858420268256334,-43.000000000000014,-11543.0,-12757.5
ml,pred_focus_hit99_hgb,0.53,0.5,0.6,90,671,0.61698956780924,54.80327868852459,-5.759314456035767,-3864.5,28.584541062801932,-61.083657587548636,0.7538299837564099,-9.875,"-9.88,-9.34,1.85,-5.67",1,8,-11.375000000000002,0.4858420268256334,-7.500000000000007,-11507.5,-13293.0
ml,pred_focus_hit99_hgb,0.53,0.5,0.6,95,671,0.5856929955290611,54.80327868852459,-5.654992548435175,-3794.5000000000023,33.56615776081425,-61.10071942446043,0.7766101495349111,-9.279761904761907,"-9.28,-8.15,0.81,-6.00",0,8,-12.55555555555556,0.4858420268256334,-48.00000000000001,-11548.0,-13868.0
ml,pred_focus_hit99_hgb,0.53,0.5,0.6,99,671,0.5678092399403875,54.80327868852459,-5.088673621460509,-3414.5000000000014,37.57349081364829,-61.13793103448276,0.8074168076706147,-8.267857142857146,"-8.27,-7.09,1.05,-6.05",2,8,-10.500000000000004,0.4858420268256334,-11.0,-11511.0,-14340.0
ml,pred_focus_hit99_hgb,0.54,0.5,0.6,80,628,0.6703821656050956,54.78343949044585,-7.6210191082802545,-4786.0,18.697149643705462,-61.14734299516908,0.6218842583448548,-13.531847133757962,"-8.26,-13.53,-2.61,-6.09",0,8,-17.57843137254902,0.4872611464968153,-19.500000000000007,-11519.5,-12200.5
ml,pred_focus_hit99_hgb,0.54,0.5,0.6,85,628,0.643312101910828,54.78343949044585,-6.578025477707009,-4131.000000000002,23.693069306930692,-61.174107142857146,0.6985331679194337,-11.621019108280258,"-9.82,-11.62,-0.06,-4.81",0,8,-14.833333333333337,0.4872611464968153,-3.500000000000014,-11503.5,-12718.0
ml,pred_focus_hit99_hgb,0.54,0.5,0.6,90,628,0.6162420382165605,54.78343949044585,-5.805732484076433,-3646.0,28.642118863049095,-61.12240663900415,0.752486337870405,-11.55732484076433,"-9.66,-11.56,2.36,-4.37",1,8,-12.088235294117647,0.4872611464968153,-24.500000000000007,-11524.5,-13310.0
ml,pred_focus_hit99_hgb,0.54,0.5,0.6,95,628,0.5843949044585988,54.78343949044585,-5.757961783439494,-3616.000000000002,33.61716621253406,-61.12452107279694,0.7733412730748739,-10.601910828025481,"-9.21,-10.60,2.23,-5.45",2,8,-12.55555555555556,0.4872611464968153,-3.500000000000007,-11503.5,-13823.5
ml,pred_focus_hit99_hgb,0.54,0.5,0.6,99,628,0.5684713375796179,54.78343949044585,-5.003184713375796,-3142.0,37.62044817927171,-61.15313653136531,0.81040880977523,-9.722929936305732,"-8.28,-9.72,3.62,-5.63",2,8,-10.500000000000004,0.4872611464968153,-46.0,-11546.0,-14375.0
ml,pred_focus_hit99_hgb,0.55,0.5,0.6,80,585,0.67008547008547,54.75042735042736,-7.609401709401709,-4451.5,18.742346938775512,-61.13212435233161,0.6227062762215536,-13.178082191780822,"-7.87,-13.18,-2.52,-6.87",0,8,-13.477777777777778,0.49572649572649574,-45.0,-11545.0,-12226.0
ml,pred_focus_hit99_hgb,0.55,0.5,0.6,85,585,0.6427350427350428,54.75042735042736,-6.5923076923076955,-3856.500000000002,23.74468085106383,-61.16985645933014,0.698345652939106,-11.328767123287673,"-9.74,-11.33,-0.05,-5.23",0,8,-12.972222222222225,0.49572649572649574,-12.500000000000036,-11512.5,-12727.0
ml,pred_focus_hit99_hgb,0.55,0.5,0.6,90,585,0.6170940170940171,54.75042735042736,-5.694871794871795,-3331.5,28.691135734072024,-61.111607142857146,0.7566294104755643,-10.849315068493151,"-9.77,-10.85,2.27,-4.40",1,8,-11.375000000000002,0.49572649572649574,-25.0,-11525.0,-13310.5
ml,pred_focus_hit99_hgb,0.55,0.5,0.6,95,585,0.5846153846153846,54.75042735042736,-5.703418803418806,-3336.500000000002,33.6578947368421,-61.10082304526749,0.77528203401246,-9.500000000000004,"-9.50,-9.34,1.86,-5.81",2,8,-12.55555555555556,0.49572649572649574,-35.5,-11535.5,-13855.5
ml,pred_focus_hit99_hgb,0.55,0.5,0.6,99,585,0.5709401709401709,54.75042735042736,-4.725641025641026,-2764.5,37.65269461077844,-61.11752988047809,0.8197907499755549,-8.670068027210887,"-8.67,-8.51,3.14,-4.84",2,8,-10.500000000000004,0.49572649572649574,-11.5,-11511.5,-14340.5
ml,pred_focus_hit99_hgb,0.56,0.5,0.6,80,553,0.6600361663652803,54.687160940325484,-8.348101265822784,-4616.5,18.812328767123287,-61.079787234042556,0.5979709135243403,-13.717391304347826,"-8.82,-13.72,-3.12,-7.74",0,8,-14.192307692307692,0.49547920433996384,-15.5,-11515.5,-12196.5
ml,pred_focus_hit99_hgb,0.56,0.5,0.6,85,553,0.6329113924050633,54.687160940325484,-7.362567811934902,-4071.500000000001,23.805714285714284,-61.100985221674875,0.6717458781795461,-11.978260869565219,"-11.05,-11.98,-0.14,-6.25",1,8,-14.028571428571432,0.49547920433996384,-6.000000000000014,-11506.0,-12720.5
ml,pred_focus_hit99_hgb,0.56,0.5,0.6,90,553,0.6057866184448463,54.687160940325484,-6.6482820976491865,-3676.5,28.750746268656716,-61.04587155963303,0.7237376014427412,-11.68840579710145,"-11.33,-11.69,2.10,-5.64",1,8,-12.52857142857143,0.49547920433996384,-23.000000000000007,-11523.0,-13308.5
ml,pred_focus_hit99_hgb,0.56,0.5,0.6,95,553,0.5714285714285714,54.687160940325484,-6.892405063291142,-3811.500000000002,33.71835443037975,-61.040084388185655,0.7365292226868974,-11.29856115107914,"-11.30,-10.31,0.76,-6.69",1,8,-13.885714285714291,0.49547920433996384,-19.000000000000007,-11519.0,-13839.0
ml,pred_focus_hit99_hgb,0.56,0.5,0.6,99,553,0.5587703435804702,54.687160940325484,-5.867088607594937,-3244.5,37.72006472491909,-61.0655737704918,0.782248322147651,-10.622302158273381,"-10.62,-9.60,2.62,-5.83",1,8,-11.88571428571429,0.49547920433996384,-20.5,-11520.5,-14349.5
ml,pred_focus_hit99_hgb,0.57,0.5,0.6,80,504,0.6686507936507936,54.73214285714286,-7.700396825396825,-3881.0,18.8026706231454,-61.18263473053892,0.6201614876437485,-12.873015873015873,"-7.23,-12.87,-2.23,-8.47",0,8,-11.588235294117647,0.5079365079365079,-1.999999999999993,-11502.0,-11803.5
ml,pred_focus_hit99_hgb,0.57,0.5,0.6,85,504,0.6428571428571429,54.73214285714286,-6.559523809523811,-3306.000000000001,23.787037037037038,-61.18333333333333,0.6998093162625988,-10.531746031746032,"-9.93,-10.53,0.75,-6.52",0,8,-14.557971014492757,0.5079365079365079,-60.000000000000014,-11560.0,-12290.0
ml,pred_focus_hit99_hgb,0.57,0.5,0.6,90,504,0.6130952380952381,54.73214285714286,-6.033730158730159,-3041.0,28.72653721682848,-61.11538461538461,0.7448290329347598,-10.484126984126984,"-10.48,-10.41,2.93,-6.17",1,8,-13.108695652173914,0.5079365079365079,-43.0,-11543.0,-12739.0
ml,pred_focus_hit99_hgb,0.57,0.5,0.6,95,504,0.5753968253968254,54.73214285714286,-6.559523809523813,-3306.000000000002,33.689655172413794,-61.10280373831776,0.7471703884980117,-10.682539682539684,"-10.68,-9.10,1.94,-8.39",0,8,-14.55797101449276,0.5079365079365079,-49.50000000000001,-11549.5,-13142.5
ml,pred_focus_hit99_hgb,0.57,0.5,0.6,99,504,0.5634920634920635,54.73214285714286,-5.444444444444445,-2744.0,37.690140845070424,-61.127272727272725,0.7959547888161809,-10.126984126984127,"-10.13,-7.70,3.79,-7.74",2,8,-12.586956521739134,0.5079365079365079,-40.00000000000001,-11540.0,-13469.0
ml,pred_focus_hit99_hgb,0.58,0.5,0.6,80,464,0.665948275862069,54.73491379310346,-7.915948275862069,-3673.0,18.78802588996764,-61.151612903225804,0.6124914279685604,-9.96551724137931,"-8.80,-9.97,-3.40,-9.50",0,8,-12.440298507462687,0.5107758620689655,-47.00000000000001,-11547.0,-11848.5
ml,pred_focus_hit99_hgb,0.58,0.5,0.6,85,464,0.6422413793103449,54.73491379310346,-6.612068965517242,-3068.0000000000005,23.758389261744966,-61.13253012048193,0.6976744186046512,-11.38793103448276,"-11.39,-8.24,0.18,-7.00",0,8,-15.72388059701493,0.5107758620689655,-19.500000000000007,-11519.5,-12249.5
ml,pred_focus_hit99_hgb,0.58,0.5,0.6,90,464,0.6099137931034483,54.73491379310346,-6.321120689655173,-2933.0,28.690812720848058,-61.06353591160221,0.7346301741687401,-12.336206896551724,"-12.34,-8.24,2.21,-6.91",2,8,-14.380597014925375,0.5107758620689655,0.0,-11500.0,-12696.0
ml,pred_focus_hit99_hgb,0.58,0.5,0.6,95,464,0.5732758620689655,54.73491379310346,-6.762931034482762,-3138.0000000000014,33.650375939849624,-61.05555555555556,0.7404251799156257,-12.077586206896553,"-12.08,-7.77,1.60,-8.81",2,8,-16.022388059701495,0.5107758620689655,-24.000000000000014,-11524.0,-13117.0
ml,pred_focus_hit99_hgb,0.58,0.5,0.6,99,464,0.5625,54.73491379310346,-5.5452586206896575,-2573.000000000001,37.63409961685824,-61.0615763546798,0.7924246702432335,-10.862068965517244,"-10.86,-6.38,3.37,-8.31",2,8,-14.111940298507465,0.5107758620689655,-4.0,-11504.0,-13433.0
ml,pred_focus_hit99_hgb,0.59,0.5,0.6,80,413,0.6779661016949152,54.72397094430993,-6.938256658595642,-2865.5,18.792857142857144,-61.109022556390975,0.6474315595201476,-9.762135922330097,"-5.70,-9.76,-3.03,-9.27",0,8,-12.46774193548387,0.513317191283293,-1.5,-11501.5,-11803.0
ml,pred_focus_hit99_hgb,0.59,0.5,0.6,85,413,0.6561743341404358,54.72397094430993,-5.412832929782085,-2235.500000000001,23.75461254612546,-61.07746478873239,0.742246050962758,-8.208737864077674,"-7.14,-8.21,0.56,-6.84",0,8,-12.483606557377053,0.513317191283293,-37.000000000000014,-11537.0,-12267.0
ml,pred_focus_hit99_hgb,0.59,0.5,0.6,90,413,0.6198547215496368,54.72397094430993,-5.412832929782082,-2235.5,28.6796875,-61.003184713375795,0.7665883581310363,-8.597087378640778,"-8.30,-8.60,2.40,-7.13",3,8,-12.548780487804878,0.513317191283293,-7.000000000000007,-11507.0,-12703.0
ml,pred_focus_hit99_hgb,0.59,0.5,0.6,95,413,0.585956416464891,54.72397094430993,-5.546004842615017,-2290.500000000002,33.652892561983464,-61.02046783625731,0.7804878048780486,-8.451456310679616,"-8.11,-8.45,2.21,-7.81",2,8,-12.975409836065579,0.513317191283293,-16.00000000000005,-11516.0,-13109.0
ml,pred_focus_hit99_hgb,0.59,0.5,0.6,99,413,0.5738498789346247,54.72397094430993,-4.4104116222760315,-1821.500000000001,37.63502109704641,-61.02840909090909,0.8304161623684946,-7.480582524271845,"-6.83,-7.20,3.89,-7.48",3,8,-12.548780487804882,0.513317191283293,223.0,-11277.0,-13206.0
ml,pred_focus_hit99_hgb,0.6,0.5,0.6,80,381,0.6850393700787402,54.65091863517061,-6.347769028871391,-2418.5,18.760536398467433,-60.958333333333336,0.669377990430622,-8.205263157894738,"-6.09,-6.19,-4.90,-8.21",0,8,-13.0,0.5065616797900262,-30.500000000000007,-11530.5,-11832.0
ml,pred_focus_hit99_hgb,0.6,0.5,0.6,85,381,0.6614173228346457,54.65091863517061,-4.930446194225725,-1878.5000000000011,23.738095238095237,-60.934108527131784,0.7610202913300681,-7.083333333333336,"-7.08,-5.46,-1.37,-5.78",0,8,-10.720338983050851,0.5065616797900262,202.0,-11298.0,-12035.0
ml,pred_focus_hit99_hgb,0.6,0.5,0.6,90,381,0.6246719160104987,54.65091863517061,-4.930446194225722,-1878.5,28.68487394957983,-60.87762237762238,0.7842168743897536,-7.65625,"-7.66,-6.93,0.26,-5.36",1,8,-13.368421052631579,0.5065616797900262,195.0,-11305.0,-12523.0
ml,pred_focus_hit99_hgb,0.6,0.5,0.6,95,381,0.5879265091863517,54.65091863517061,-5.297900262467195,-2018.5000000000014,33.67857142857143,-60.90764331210191,0.7889150326797386,-7.656250000000003,"-7.66,-6.93,-0.32,-6.26",1,8,-13.236842105263163,0.5065616797900262,-0.5000000000000497,-11500.5,-13093.5
ml,pred_focus_hit99_hgb,0.6,0.5,0.6,99,381,0.5748031496062992,54.65091863517061,-4.245406824146982,-1617.5000000000002,37.678082191780824,-60.91975308641975,0.8361029486270138,-6.437500000000001,"-6.44,-5.70,1.21,-6.03",3,8,-13.842105263157897,0.5065616797900262,366.0,-11134.0,-13063.0
ml,pred_focus_hit99_hgb,0.61,0.5,0.6,80,349,0.6848137535816619,54.60171919770773,-6.3166189111747855,-2204.5,18.780334728033473,-60.845454545454544,0.6706260271925892,-7.7298850574712645,"-6.64,-6.49,-4.41,-7.73",0,8,-15.423076923076925,0.5128939828080229,31.999999999999993,-11468.0,-11769.5
ml,pred_focus_hit99_hgb,0.61,0.5,0.6,85,349,0.6590257879656161,54.60171919770773,-5.084527220630375,-1774.500000000001,23.756521739130434,-60.82773109243698,0.7548525246943427,-8.056818181818185,"-8.06,-6.03,-0.84,-5.37",0,8,-12.538461538461545,0.5128939828080229,371.5,-11128.5,-11865.5
ml,pred_focus_hit99_hgb,0.61,0.5,0.6,90,349,0.6217765042979942,54.60171919770773,-5.141833810888252,-1794.5,28.693548387096776,-60.765151515151516,0.776274778705897,-9.022727272727273,"-9.02,-5.91,-0.39,-5.20",3,8,-16.863636363636363,0.5128939828080229,393.5,-11106.5,-12324.5
ml,pred_focus_hit99_hgb,0.61,0.5,0.6,95,349,0.5845272206303725,54.60171919770773,-5.571633237822353,-1944.5000000000014,33.67156862745098,-60.782758620689656,0.7793725534691099,-9.363636363636367,"-9.36,-6.14,-1.36,-5.37",1,8,-17.31818181818182,0.5128939828080229,94.5,-11405.5,-13035.5
ml,pred_focus_hit99_hgb,0.61,0.5,0.6,99,349,0.5702005730659025,54.60171919770773,-4.651862464183382,-1623.5000000000002,37.67085427135678,-60.8,0.821984649122807,-8.306818181818183,"-8.31,-4.98,1.17,-6.44",2,8,-18.500000000000004,0.5128939828080229,294.5,-11205.5,-13134.5
ml,pred_focus_hit99_hgb,0.62,0.5,0.6,80,320,0.69375,54.631249999999994,-5.63125,-1802.0,18.765765765765767,-60.89795918367347,0.6980563002680965,-8.9875,"-5.22,-8.99,-0.25,-8.06",2,8,-14.785714285714286,0.503125,363.0,-11137.0,-11474.5
ml,pred_focus_hit99_hgb,0.62,0.5,0.6,85,320,0.665625,54.631249999999994,-4.553125000000003,-1457.000000000001,23.739436619718308,-60.873831775700936,0.7763107392338988,-8.925000000000002,"-7.04,-8.93,3.56,-5.81",1,8,-14.964285714285719,0.503125,572.5,-10927.5,-11703.5
ml,pred_focus_hit99_hgb,0.62,0.5,0.6,90,320,0.628125,54.631249999999994,-4.6,-1472.0,28.6592039800995,-60.77731092436975,0.7964742481852748,-8.35,"-8.35,-8.11,4.00,-5.94",3,8,-18.714285714285715,0.503125,592.5,-10907.5,-12159.5
ml,pred_focus_hit99_hgb,0.62,0.5,0.6,95,320,0.5875,54.631249999999994,-5.318750000000003,-1702.000000000001,33.63297872340426,-60.79545454545455,0.7879127725856698,-8.975000000000003,"-8.98,-7.55,1.69,-6.44",2,8,-19.78571428571429,0.503125,331.0,-11169.0,-12828.0
ml,pred_focus_hit99_hgb,0.62,0.5,0.6,99,320,0.571875,54.631249999999994,-4.515625,-1445.0,37.631147540983605,-60.81386861313869,0.8265618436055933,-8.0125,"-8.01,-6.54,4.34,-7.85",3,8,-21.60714285714286,0.503125,306.0,-11194.0,-13159.5
ml,pred_focus_hit99_hgb,0.63,0.5,0.6,80,285,0.7157894736842105,54.708771929824564,-3.9456140350877194,-1124.5,18.730392156862745,-61.05555555555556,0.7726215751693458,-6.063380281690139,"-3.40,-5.70,-0.63,-6.06",2,8,-13.625,0.49473684210526314,994.0,-10506.0,-11522.0
ml,pred_focus_hit99_hgb,0.63,0.5,0.6,85,285,0.6842105263157895,54.708771929824564,-3.050877192982459,-869.5000000000009,23.7,-61.01111111111111,0.8416499726825715,-5.694444444444446,"-5.69,-4.64,1.98,-3.81",3,8,-14.250000000000005,0.49473684210526314,1496.5,-10003.5,-10879.0
ml,pred_focus_hit99_hgb,0.63,0.5,0.6,90,285,0.6491228070175439,54.708771929824564,-2.787719298245614,-794.5,28.656756756756756,-60.96,0.8696686351706037,-7.430555555555555,"-7.43,-2.60,1.91,-2.96",3,8,-19.041666666666668,0.49473684210526314,1280.5,-10219.5,-11527.5
ml,pred_focus_hit99_hgb,0.63,0.5,0.6,95,285,0.6140350877192983,54.708771929824564,-2.8754385964912315,-819.5000000000009,33.62571428571429,-60.945454545454545,0.8777595465393795,-8.402777777777779,"-8.40,-2.04,1.42,-2.40",5,8,-16.750000000000004,0.49473684210526314,957.5,-10542.5,-12206.0
ml,pred_focus_hit99_hgb,0.63,0.5,0.6,99,285,0.6,54.708771929824564,-1.8087719298245621,-515.5000000000002,37.61695906432749,-60.94736842105263,0.9258059873344847,-7.555555555555555,"-7.56,-0.95,4.06,-2.71",4,8,-19.041666666666668,0.49473684210526314,1701.5,-9798.5,-12081.5
ml,pred_focus_hit99_hgb,0.64,0.5,0.6,80,256,0.71875,54.6875,-3.6874999999999996,-943.9999999999999,18.75,-61.02777777777778,0.7851615839781521,-4.906249999999998,"-3.78,-4.67,-1.39,-4.91",2,8,-16.642857142857146,0.4921875,1306.5,-10193.5,-11210.5
ml,pred_focus_hit99_hgb,0.64,0.5,0.6,85,256,0.6875,54.6875,-2.7500000000000018,-704.0000000000005,23.727272727272727,-61.0,0.8557377049180328,-6.468750000000003,"-2.84,-6.47,1.03,-2.72",2,8,-13.785714285714292,0.4921875,1770.5,-9729.5,-10533.5
ml,pred_focus_hit99_hgb,0.64,0.5,0.6,90,256,0.65234375,54.6875,-2.4765625,-634.0,28.679640718562876,-60.938202247191015,0.8831013183368673,-4.671875,"-3.62,-4.67,0.48,-2.09",3,8,-17.547619047619047,0.4921875,1706.0,-9794.0,-11047.0
ml,pred_focus_hit99_hgb,0.64,0.5,0.6,95,256,0.6171875,54.6875,-2.5546875000000027,-654.0000000000007,33.67088607594937,-60.95918367346939,0.8905256109809173,-4.8750000000000036,"-4.88,-3.03,-0.53,-1.78",3,8,-15.16666666666667,0.4921875,1527.5,-9972.5,-11632.5
ml,pred_focus_hit99_hgb,0.64,0.5,0.6,99,256,0.60546875,54.6875,-1.2460937500000007,-319.00000000000017,37.68709677419355,-60.995049504950494,0.9482184887590293,-2.500000000000001,"-2.50,-2.14,0.48,-0.83",4,8,-17.976190476190478,0.4921875,2697.0,-8803.0,-11312.0
ml,pred_focus_hit99_hgb,0.65,0.5,0.6,80,225,0.7111111111111111,54.675555555555555,-4.286666666666666,-964.4999999999999,18.76875,-61.03846153846154,0.7568998109640832,-7.035714285714285,"-6.61,0.61,-7.04,-4.07",2,8,-15.5,0.48,1434.5,-10065.5,-11082.5
ml,pred_focus_hit99_hgb,0.65,0.5,0.6,85,225,0.6755555555555556,54.675555555555555,-3.753333333333335,-844.5000000000005,23.74342105263158,-61.00684931506849,0.8103738632536207,-6.166666666666669,"-6.17,-1.63,-5.16,-2.02",3,8,-15.92105263157895,0.48,1451.5,-10048.5,-10825.5
ml,pred_focus_hit99_hgb,0.65,0.5,0.6,90,225,0.6444444444444445,54.675555555555555,-3.1755555555555555,-714.5,28.713793103448275,-60.975,0.8535260352603526,-6.678571428571429,"-6.08,0.25,-6.68,-0.14",3,8,-18.026315789473685,0.48,1612.5,-9887.5,-11140.5
ml,pred_focus_hit99_hgb,0.65,0.5,0.6,95,225,0.6222222222222222,54.675555555555555,-2.0644444444444483,-464.5000000000009,33.72857142857143,-61.01764705882353,0.9104405668562614,-6.342105263157899,"-6.34,1.95,-5.34,1.55",4,8,-15.657894736842108,0.48,2422.5,-9077.5,-11131.5
ml,pred_focus_hit99_hgb,0.65,0.5,0.6,99,225,0.6088888888888889,54.675555555555555,-0.8955555555555571,-201.50000000000034,37.74817518248175,-61.05681818181818,0.9624976735529499,-4.75,"-4.03,2.82,-4.75,2.43",4,8,-18.97368421052632,0.48,3279.0,-8221.0,-11313.0
ml,pred_focus_hit99_hgb,0.66,0.5,0.6,80,203,0.6945812807881774,54.75862068965518,-5.692118226600985,-1155.5,18.641843971631207,-61.03225806451613,0.6946353065539113,-8.127450980392156,"-7.93,0.17,-8.13,-6.90",2,8,-18.61764705882353,0.49261083743842365,1090.0,-10410.0,-11390.0
ml,pred_focus_hit99_hgb,0.66,0.5,0.6,85,203,0.6551724137931034,54.75862068965518,-5.568965517241382,-1130.5000000000005,23.605263157894736,-61.0,0.7352459016393442,-7.93137254901961,"-7.93,-2.68,-6.46,-5.20",2,8,-20.97058823529412,0.49261083743842365,953.5,-10546.5,-11276.5
ml,pred_focus_hit99_hgb,0.66,0.5,0.6,90,203,0.6206896551724138,54.75862068965518,-5.396551724137931,-1095.5,28.563492063492063,-60.967532467532465,0.7666418148897646,-8.519607843137255,"-8.32,-1.01,-8.52,-3.70",3,8,-23.91176470588235,0.49261083743842365,1010.5,-10489.5,-11685.5
ml,pred_focus_hit99_hgb,0.66,0.5,0.6,95,203,0.5960591133004927,54.75862068965518,-4.633004926108378,-940.5000000000007,33.574380165289256,-61.01219512195122,0.8120127923246051,-9.107843137254907,"-9.11,0.46,-7.44,-2.40",2,8,-21.85294117647059,0.49261083743842365,1156.5,-10343.5,-11936.5
ml,pred_focus_hit99_hgb,0.66,0.5,0.6,99,203,0.5862068965517241,54.75862068965518,-3.224137931034484,-654.5000000000002,37.59243697478992,-61.04761904761905,0.8723673946957878,-7.107843137254904,"-6.91,1.11,-7.11,0.08",4,8,-26.029411764705884,0.49261083743842365,1645.5,-9854.5,-11855.0
ml,pred_focus_hit99_hgb,0.67,0.5,0.6,80,184,0.7010869565217391,54.83695652173913,-5.249999999999999,-965.9999999999999,18.56201550387597,-61.1,0.7125427763725636,-9.391304347826088,"-7.30,-0.30,-4.00,-9.39",2,8,-22.6,0.4891304347826087,1497.0,-10003.0,-10983.0
ml,pred_focus_hit99_hgb,0.67,0.5,0.6,85,184,0.657608695652174,54.83695652173913,-5.44021739130435,-1001.0000000000005,23.516528925619834,-61.05555555555556,0.7397634212920837,-7.9782608695652195,"-7.63,-3.89,-2.26,-7.98",3,8,-24.85714285714286,0.4891304347826087,1302.5,-10197.5,-10927.5
ml,pred_focus_hit99_hgb,0.67,0.5,0.6,90,184,0.625,54.83695652173913,-5.086956521739131,-936.0,28.482608695652175,-61.03623188405797,0.7777513949899085,-8.73913043478261,"-6.43,-2.48,-2.70,-8.74",3,8,-29.142857142857142,0.4891304347826087,1364.0,-10136.0,-11332.0
ml,pred_focus_hit99_hgb,0.67,0.5,0.6,95,184,0.5978260869565217,54.83695652173913,-4.543478260869568,-836.0000000000005,33.490909090909085,-61.08108108108108,0.8150442477876105,-7.869565217391308,"-7.52,-1.28,-1.50,-7.87",3,8,-27.35714285714286,0.4891304347826087,1399.0,-10101.0,-11694.0
ml,pred_focus_hit99_hgb,0.67,0.5,0.6,99,184,0.5869565217391305,54.83695652173913,-3.228260869565218,-594.0000000000001,37.50925925925926,-61.11842105263158,0.8721205597416577,-5.608695652173914,"-5.26,-0.91,-1.13,-5.61",4,8,-33.0,0.4891304347826087,1959.0,-9541.0,-11470.0
ml,pred_focus_hit99_hgb,0.68,0.5,0.6,80,153,0.6993464052287581,54.81699346405229,-5.369281045751634,-821.5,18.55607476635514,-61.02173913043478,0.7073387958674742,-9.315789473684209,"-7.94,4.55,-8.71,-9.32",2,8,-23.333333333333332,0.477124183006536,2016.5,-9483.5,-10516.0
ml,pred_focus_hit99_hgb,0.68,0.5,0.6,85,153,0.6470588235294118,54.81699346405229,-6.316993464052291,-966.5000000000005,23.5,-60.98148148148148,0.7064986334649256,-8.961538461538465,"-8.96,-0.32,-7.66,-8.26",2,8,-22.40909090909091,0.477124183006536,1501.5,-9998.5,-10773.5
ml,pred_focus_hit99_hgb,0.68,0.5,0.6,90,153,0.6143790849673203,54.81699346405229,-6.022875816993464,-921.5,28.414893617021278,-60.889830508474574,0.7434933890048713,-9.236842105263158,"-8.19,0.87,-9.24,-7.47",2,8,-28.318181818181817,0.477124183006536,1474.5,-10025.5,-11276.5
ml,pred_focus_hit99_hgb,0.68,0.5,0.6,95,153,0.5882352941176471,54.81699346405229,-5.43464052287582,-831.5000000000005,33.43333333333333,-60.96031746031746,0.7834917328472855,-10.11538461538462,"-10.12,1.79,-6.34,-6.95",3,8,-26.5,0.477124183006536,1541.5,-9958.5,-11616.5
ml,pred_focus_hit99_hgb,0.68,0.5,0.6,99,153,0.5751633986928104,54.81699346405229,-4.375816993464054,-669.5000000000002,37.45454545454545,-61.00769230769231,0.8311688311688312,-7.961538461538462,"-7.96,1.82,-6.63,-4.63",3,8,-34.04545454545455,0.477124183006536,2027.0,-9473.0,-11511.5
ml,pred_focus_hit99_hgb,0.69,0.5,0.6,80,137,0.6934306569343066,54.77372262773723,-5.799270072992701,-794.5,18.63684210526316,-61.07142857142857,0.6902534113060429,-9.88235294117647,"-6.59,0.29,-7.00,-9.88",2,8,-42.5,0.4744525547445255,2135.0,-9365.0,-10397.5
ml,pred_focus_hit99_hgb,0.69,0.5,0.6,85,137,0.6423357664233577,54.77372262773723,-6.675182481751828,-914.5000000000005,23.568181818181817,-60.98979591836735,0.693993642295466,-9.147058823529413,"-8.01,-3.38,-6.12,-9.15",1,8,-41.25,0.4744525547445255,1753.0,-9747.0,-10544.5
ml,pred_focus_hit99_hgb,0.69,0.5,0.6,90,137,0.6058394160583942,54.77372262773723,-6.748175182481752,-924.5,28.47590361445783,-60.888888888888886,0.7188260340632603,-8.705882352941176,"-7.44,-2.65,-8.18,-8.71",2,8,-40.0,0.4744525547445255,1509.0,-9991.0,-11242.0
ml,pred_focus_hit99_hgb,0.69,0.5,0.6,95,137,0.5766423357664233,54.77372262773723,-6.4927007299270105,-889.5000000000005,33.5,-60.96551724137931,0.7484445701357466,-9.871428571428575,"-9.87,0.59,-8.03,-8.56",3,8,-38.75,0.4744525547445255,1514.0,-9986.0,-11644.0
ml,pred_focus_hit99_hgb,0.69,0.5,0.6,99,137,0.5693430656934306,54.77372262773723,-4.9087591240875925,-672.5000000000002,37.53846153846154,-61.02542372881356,0.813220386057492,-7.7,"-7.70,0.26,-5.79,-6.32",3,8,-37.75,0.4744525547445255,2065.0,-9435.0,-11473.5
ml,pred_focus_hit99_hgb,0.7,0.5,0.6,80,120,0.7083333333333334,54.78333333333334,-4.616666666666666,-554.0,18.53529411764706,-60.84285714285714,0.7398450340455506,-8.466666666666667,"-8.47,0.40,-2.20,-8.20",2,8,-62.5,0.4666666666666667,3293.0,-8207.0,-9187.0
ml,pred_focus_hit99_hgb,0.7,0.5,0.6,85,120,0.6583333333333333,54.78333333333334,-5.325000000000003,-639.0000000000003,23.462025316455698,-60.792682926829265,0.7436308926780341,-10.800000000000004,"-10.80,1.40,-4.20,-7.70",2,8,-62.5,0.4666666666666667,2733.5,-8766.5,-9496.5
ml,pred_focus_hit99_hgb,0.7,0.5,0.6,90,120,0.6166666666666667,54.78333333333334,-5.783333333333333,-694.0,28.35135135135135,-60.69565217391305,0.751432664756447,-10.8,"-10.80,2.07,-3.87,-10.53",3,8,-62.5,0.4666666666666667,2274.5,-9225.5,-10421.5
ml,pred_focus_hit99_hgb,0.7,0.5,0.6,95,120,0.5833333333333334,54.78333333333334,-5.866666666666671,-704.0000000000005,33.371428571428574,-60.8,0.7684210526315789,-14.300000000000004,"-14.30,5.57,-3.87,-10.87",3,8,-62.5,0.4666666666666667,2133.5,-9366.5,-10959.5
ml,pred_focus_hit99_hgb,0.7,0.5,0.6,99,120,0.575,54.78333333333334,-4.358333333333334,-523.0000000000001,37.41304347826087,-60.872549019607845,0.8315348687389273,-12.3,"-12.30,5.07,-1.47,-8.73",3,8,-62.5,0.4666666666666667,2739.5,-8760.5,-10689.5
ml,pred_focus_hit99_hgb,0.71,0.5,0.6,80,105,0.7142857142857143,54.7047619047619,-4.061904761904762,-426.49999999999994,18.606666666666666,-60.733333333333334,0.7659165751920965,-11.884615384615383,"-8.65,0.50,3.96,-11.88",3,8,-62.5,0.4857142857142857,4204.5,-7295.5,-8275.5
ml,pred_focus_hit99_hgb,0.71,0.5,0.6,85,105,0.6571428571428571,54.7047619047619,-5.34761904761905,-561.5000000000002,23.528985507246375,-60.69444444444444,0.7430205949656751,-12.076923076923077,"-11.61,1.08,1.46,-12.08",3,8,-62.5,0.4857142857142857,3188.0,-8312.0,-9042.0
ml,pred_focus_hit99_hgb,0.71,0.5,0.6,90,105,0.6095238095238096,54.7047619047619,-6.347619047619047,-666.5,28.40625,-60.59756097560975,0.7317367679613604,-16.115384615384617,"-11.98,1.27,1.65,-16.12",3,8,-62.5,0.4857142857142857,2408.0,-9092.0,-10288.0
ml,pred_focus_hit99_hgb,0.71,0.5,0.6,95,105,0.5714285714285714,54.7047619047619,-6.919047619047621,-726.5000000000002,33.43333333333333,-60.72222222222222,0.7341262580054894,-17.26923076923077,"-16.24,4.73,1.46,-17.27",3,8,-62.5,0.4857142857142857,2067.5,-9432.5,-11025.5
ml,pred_focus_hit99_hgb,0.71,0.5,0.6,99,105,0.5619047619047619,54.7047619047619,-5.576190476190476,-585.5,37.483050847457626,-60.80434782608695,0.7906685734715767,-15.423076923076923,"-14.31,3.69,4.08,-15.42",3,8,-62.5,0.4857142857142857,2682.5,-8817.5,-10746.5
ml,pred_focus_hit99_hgb,0.72,0.5,0.6,80,84,0.7261904761904762,54.40476190476191,-2.809523809523809,-235.99999999999994,18.795081967213115,-60.108695652173914,0.8292947558770344,-10.595238095238095,"-0.74,-4.02,4.12,-10.60",4,8,-60.5,0.4642857142857143,6038.5,-5461.5,-6053.0
ml,pred_focus_hit99_hgb,0.72,0.5,0.6,85,84,0.6666666666666666,54.40476190476191,-4.238095238095241,-356.0000000000002,23.75,-60.214285714285715,0.7888493475682088,-7.500000000000003,"-5.02,-4.50,0.07,-7.50",4,8,-60.5,0.4642857142857143,4756.0,-6744.0,-7474.0
ml,pred_focus_hit99_hgb,0.72,0.5,0.6,90,84,0.6071428571428571,54.40476190476191,-6.261904761904762,-526.0,28.61764705882353,-60.166666666666664,0.7350793251070259,-17.261904761904763,"-5.98,-5.45,3.64,-17.26",1,8,-60.5,0.4642857142857143,3285.0,-8215.0,-9411.0
ml,pred_focus_hit99_hgb,0.72,0.5,0.6,95,84,0.5714285714285714,54.40476190476191,-6.619047619047622,-556.0000000000002,33.583333333333336,-60.22222222222222,0.7435424354243543,-14.880952380952381,"-11.93,-2.36,2.69,-14.88",1,8,-60.5,0.4642857142857143,2885.0,-8615.0,-10208.0
ml,pred_focus_hit99_hgb,0.72,0.5,0.6,99,84,0.5595238095238095,54.40476190476191,-5.511904761904764,-463.0000000000001,37.648936170212764,-60.33783783783784,0.792609182530795,-12.976190476190476,"-9.83,-4.60,5.36,-12.98",1,8,-60.5,0.4642857142857143,3628.0,-7872.0,-9801.0
ml,pred_focus_hit99_hgb,0.73,0.5,0.6,80,72,0.7361111111111112,54.666666666666664,-2.2777777777777772,-163.99999999999997,18.59433962264151,-60.5,0.8573292735972162,-12.055555555555555,"0.17,-3.50,6.28,-12.06",3,7,-34.5,0.4444444444444444,7243.5,-4256.5,-6523.5
ml,pred_focus_hit99_hgb,0.73,0.5,0.6,85,72,0.6666666666666666,54.666666666666664,-4.5000000000000036,-324.0000000000002,23.520833333333332,-60.541666666666664,0.7770130763936682,-9.0,"-5.39,-4.61,1.00,-9.00",3,7,-32.833333333333336,0.4444444444444444,5135.5,-6364.5,-8530.0
ml,pred_focus_hit99_hgb,0.73,0.5,0.6,90,72,0.6111111111111112,54.666666666666664,-6.166666666666667,-444.0,28.40909090909091,-60.5,0.7378984651711924,-15.944444444444445,"-7.06,-6.28,4.61,-15.94",1,7,-31.166666666666668,0.4444444444444444,4049.0,-7451.0,-9331.5
ml,pred_focus_hit99_hgb,0.73,0.5,0.6,95,72,0.5833333333333334,54.666666666666664,-5.7500000000000036,-414.0000000000002,33.357142857142854,-60.5,0.771900826446281,-14.555555555555559,"-14.56,-3.22,8.22,-13.44",2,7,-29.5,0.4444444444444444,4127.0,-7373.0,-9578.5
ml,pred_focus_hit99_hgb,0.73,0.5,0.6,99,72,0.5694444444444444,54.666666666666664,-4.791666666666669,-345.00000000000017,37.426829268292686,-60.62903225806452,0.816440542697526,-12.555555555555559,"-12.56,-6.28,11.11,-11.44",2,7,-28.166666666666668,0.4444444444444444,4477.0,-7023.0,-9586.0
ml,pred_focus_hit99_hgb,0.74,0.5,0.6,80,64,0.734375,54.515625,-2.265625,-145.0,18.73404255319149,-60.3235294117647,0.8586055582642613,-6.624999999999999,"-1.62,-6.62,5.00,-5.81",3,7,-56.5,0.453125,7540.0,-3960.0,-5628.5
ml,pred_focus_hit99_hgb,0.74,0.5,0.6,85,64,0.671875,54.515625,-3.9062500000000027,-250.00000000000017,23.569767441860463,-60.166666666666664,0.8021369212504945,-7.687500000000002,"-3.19,-3.19,-1.56,-7.69",2,7,-56.5,0.453125,5998.0,-5502.0,-7401.0
ml,pred_focus_hit99_hgb,0.74,0.5,0.6,90,64,0.609375,54.515625,-6.171875,-395.0,28.44871794871795,-60.18,0.7374543037554004,-15.812499999999998,"-5.38,-5.38,1.88,-15.81",1,7,-56.5,0.453125,4396.5,-7103.5,-8457.5
ml,pred_focus_hit99_hgb,0.74,0.5,0.6,95,64,0.578125,54.515625,-6.093750000000003,-390.00000000000017,33.391891891891895,-60.2037037037037,0.7600738234389418,-14.125000000000004,"-14.13,-2.25,5.31,-13.31",2,7,-56.5,0.453125,4181.5,-7318.5,-8892.5
ml,pred_focus_hit99_hgb,0.74,0.5,0.6,99,64,0.5625,54.515625,-5.328125,-341.0,37.47222222222222,-60.357142857142854,0.7982248520710059,-12.125000000000002,"-12.13,-5.94,8.06,-11.31",2,7,-56.5,0.453125,4613.0,-6887.0,-8677.0
ml,pred_focus_hit99_hgb,0.75,0.5,0.6,80,58,0.7413793103448276,54.65517241379311,-1.8448275862068955,-106.99999999999994,18.68604651162791,-60.7,0.8824821526633719,-7.9,"-3.30,-7.90,8.36,-4.00",4,7,-56.5,0.4482758620689655,8277.0,-3223.0,-5555.0
ml,pred_focus_hit99_hgb,0.75,0.5,0.6,85,58,0.6724137931034483,54.65517241379311,-4.000000000000002,-232.0000000000001,23.499999999999993,-60.44736842105263,0.797997387897257,-10.233333333333333,"-5.30,-10.23,6.57,-6.50",4,7,-56.5,0.4482758620689655,6379.0,-5121.0,-6986.0
ml,pred_focus_hit99_hgb,0.75,0.5,0.6,90,58,0.603448275862069,54.65517241379311,-6.844827586206897,-397.0,28.357142857142858,-60.41304347826087,0.7142857142857143,-16.142857142857142,"-7.97,-13.23,10.50,-16.14",2,7,-56.5,0.4482758620689655,4460.0,-7040.0,-7715.0
ml,pred_focus_hit99_hgb,0.75,0.5,0.6,95,58,0.5689655172413793,54.65517241379311,-7.103448275862071,-412.0000000000001,33.28787878787879,-60.42,0.7272426348891096,-17.633333333333333,"-17.63,-10.57,14.43,-13.64",3,7,-56.5,0.4482758620689655,4245.0,-7255.0,-8078.0
ml,pred_focus_hit99_hgb,0.75,0.5,0.6,99,58,0.5689655172413793,54.65517241379311,-4.827586206896552,-280.0,37.28787878787879,-60.42,0.8146309169149288,-15.766666666666667,"-15.77,-8.43,17.57,-11.64",3,7,-56.5,0.4482758620689655,5313.5,-6186.5,-7555.5
ml,pred_focus_hit99_hgb,0.52,0.5,0.65,80,712,0.6741573033707865,54.82303370786518,-7.362359550561798,-5242.0,18.61875,-61.116379310344826,0.6302983285139996,-11.870786516853933,"-7.84,-11.87,-3.76,-5.98",0,8,-14.30327868852459,0.49157303370786515,-2.0,-11502.0,-12183.0
ml,pred_focus_hit99_hgb,0.52,0.5,0.65,85,712,0.6432584269662921,54.82303370786518,-6.625000000000003,-4717.000000000002,23.62227074235808,-61.16535433070866,0.6963825952626158,-10.21348314606742,"-9.28,-10.21,-1.15,-5.87",0,8,-12.745901639344266,0.49157303370786515,-10.500000000000014,-11510.5,-12725.0
ml,pred_focus_hit99_hgb,0.52,0.5,0.65,90,712,0.6165730337078652,54.82303370786518,-5.817415730337078,-4142.0,28.57744874715262,-61.12637362637363,0.7517902621722846,-9.735955056179776,"-8.74,-9.74,1.35,-6.15",1,8,-10.787671232876713,0.49157303370786515,-27.5,-11527.5,-13313.0
ml,pred_focus_hit99_hgb,0.52,0.5,0.65,95,712,0.5870786516853933,54.82303370786518,-5.5435393258427,-3947.0000000000027,33.55980861244019,-61.13945578231292,0.7804172461752434,-8.471910112359554,"-7.96,-8.47,0.01,-5.75",0,8,-11.883561643835622,0.49157303370786515,-32.50000000000001,-11532.5,-13852.5
ml,pred_focus_hit99_hgb,0.52,0.5,0.65,99,712,0.5688202247191011,54.82303370786518,-5.008426966292136,-3566.000000000001,37.574074074074076,-61.18403908794788,0.8101525274842282,-7.376404494382025,"-7.38,-7.36,0.34,-5.64",1,8,-9.801369863013702,0.49157303370786515,-4.0,-11504.0,-14333.0
ml,pred_focus_hit99_hgb,0.53,0.5,0.65,80,671,0.6706408345752608,54.80327868852459,-7.62220566318927,-5114.5,18.65111111111111,-61.119909502262445,0.6213585045345179,-11.779761904761905,"-8.92,-11.78,-3.21,-6.57",0,8,-15.732142857142858,0.4858420268256334,-24.500000000000007,-11524.5,-12205.5
ml,pred_focus_hit99_hgb,0.53,0.5,0.65,85,671,0.6438152011922503,54.80327868852459,-6.556631892697469,-4399.500000000002,23.641203703703702,-61.14016736401673,0.6989221556886227,-10.202380952380954,"-10.20,-9.70,-0.62,-5.70",0,8,-12.972222222222225,0.4858420268256334,-43.000000000000014,-11543.0,-12757.5
ml,pred_focus_hit99_hgb,0.53,0.5,0.65,90,671,0.61698956780924,54.80327868852459,-5.759314456035767,-3864.5,28.584541062801932,-61.083657587548636,0.7538299837564099,-9.875,"-9.88,-9.34,1.85,-5.67",1,8,-11.375000000000002,0.4858420268256334,-7.500000000000007,-11507.5,-13293.0
ml,pred_focus_hit99_hgb,0.53,0.5,0.65,95,671,0.5856929955290611,54.80327868852459,-5.654992548435175,-3794.5000000000023,33.56615776081425,-61.10071942446043,0.7766101495349111,-9.279761904761907,"-9.28,-8.15,0.81,-6.00",0,8,-12.55555555555556,0.4858420268256334,-48.00000000000001,-11548.0,-13868.0
ml,pred_focus_hit99_hgb,0.53,0.5,0.65,99,671,0.5678092399403875,54.80327868852459,-5.088673621460509,-3414.5000000000014,37.57349081364829,-61.13793103448276,0.8074168076706147,-8.267857142857146,"-8.27,-7.09,1.05,-6.05",2,8,-10.500000000000004,0.4858420268256334,-11.0,-11511.0,-14340.0
ml,pred_focus_hit99_hgb,0.54,0.5,0.65,80,628,0.6703821656050956,54.78343949044585,-7.6210191082802545,-4786.0,18.697149643705462,-61.14734299516908,0.6218842583448548,-13.531847133757962,"-8.26,-13.53,-2.61,-6.09",0,8,-17.57843137254902,0.4872611464968153,-19.500000000000007,-11519.5,-12200.5
ml,pred_focus_hit99_hgb,0.54,0.5,0.65,85,628,0.643312101910828,54.78343949044585,-6.578025477707009,-4131.000000000002,23.693069306930692,-61.174107142857146,0.6985331679194337,-11.621019108280258,"-9.82,-11.62,-0.06,-4.81",0,8,-14.833333333333337,0.4872611464968153,-3.500000000000014,-11503.5,-12718.0
ml,pred_focus_hit99_hgb,0.54,0.5,0.65,90,628,0.6162420382165605,54.78343949044585,-5.805732484076433,-3646.0,28.642118863049095,-61.12240663900415,0.752486337870405,-11.55732484076433,"-9.66,-11.56,2.36,-4.37",1,8,-12.088235294117647,0.4872611464968153,-24.500000000000007,-11524.5,-13310.0
ml,pred_focus_hit99_hgb,0.54,0.5,0.65,95,628,0.5843949044585988,54.78343949044585,-5.757961783439494,-3616.000000000002,33.61716621253406,-61.12452107279694,0.7733412730748739,-10.601910828025481,"-9.21,-10.60,2.23,-5.45",2,8,-12.55555555555556,0.4872611464968153,-3.500000000000007,-11503.5,-13823.5
ml,pred_focus_hit99_hgb,0.54,0.5,0.65,99,628,0.5684713375796179,54.78343949044585,-5.003184713375796,-3142.0,37.62044817927171,-61.15313653136531,0.81040880977523,-9.722929936305732,"-8.28,-9.72,3.62,-5.63",2,8,-10.500000000000004,0.4872611464968153,-46.0,-11546.0,-14375.0
ml,pred_focus_hit99_hgb,0.55,0.5,0.65,80,585,0.67008547008547,54.75042735042736,-7.609401709401709,-4451.5,18.742346938775512,-61.13212435233161,0.6227062762215536,-13.178082191780822,"-7.87,-13.18,-2.52,-6.87",0,8,-13.477777777777778,0.49572649572649574,-45.0,-11545.0,-12226.0
ml,pred_focus_hit99_hgb,0.55,0.5,0.65,85,585,0.6427350427350428,54.75042735042736,-6.5923076923076955,-3856.500000000002,23.74468085106383,-61.16985645933014,0.698345652939106,-11.328767123287673,"-9.74,-11.33,-0.05,-5.23",0,8,-12.972222222222225,0.49572649572649574,-12.500000000000036,-11512.5,-12727.0
ml,pred_focus_hit99_hgb,0.55,0.5,0.65,90,585,0.6170940170940171,54.75042735042736,-5.694871794871795,-3331.5,28.691135734072024,-61.111607142857146,0.7566294104755643,-10.849315068493151,"-9.77,-10.85,2.27,-4.40",1,8,-11.375000000000002,0.49572649572649574,-25.0,-11525.0,-13310.5
ml,pred_focus_hit99_hgb,0.55,0.5,0.65,95,585,0.5846153846153846,54.75042735042736,-5.703418803418806,-3336.500000000002,33.6578947368421,-61.10082304526749,0.77528203401246,-9.500000000000004,"-9.50,-9.34,1.86,-5.81",2,8,-12.55555555555556,0.49572649572649574,-35.5,-11535.5,-13855.5
ml,pred_focus_hit99_hgb,0.55,0.5,0.65,99,585,0.5709401709401709,54.75042735042736,-4.725641025641026,-2764.5,37.65269461077844,-61.11752988047809,0.8197907499755549,-8.670068027210887,"-8.67,-8.51,3.14,-4.84",2,8,-10.500000000000004,0.49572649572649574,-11.5,-11511.5,-14340.5
ml,pred_focus_hit99_hgb,0.56,0.5,0.65,80,553,0.6600361663652803,54.687160940325484,-8.348101265822784,-4616.5,18.812328767123287,-61.079787234042556,0.5979709135243403,-13.717391304347826,"-8.82,-13.72,-3.12,-7.74",0,8,-14.192307692307692,0.49547920433996384,-15.5,-11515.5,-12196.5
ml,pred_focus_hit99_hgb,0.56,0.5,0.65,85,553,0.6329113924050633,54.687160940325484,-7.362567811934902,-4071.500000000001,23.805714285714284,-61.100985221674875,0.6717458781795461,-11.978260869565219,"-11.05,-11.98,-0.14,-6.25",1,8,-14.028571428571432,0.49547920433996384,-6.000000000000014,-11506.0,-12720.5
ml,pred_focus_hit99_hgb,0.56,0.5,0.65,90,553,0.6057866184448463,54.687160940325484,-6.6482820976491865,-3676.5,28.750746268656716,-61.04587155963303,0.7237376014427412,-11.68840579710145,"-11.33,-11.69,2.10,-5.64",1,8,-12.52857142857143,0.49547920433996384,-23.000000000000007,-11523.0,-13308.5
ml,pred_focus_hit99_hgb,0.56,0.5,0.65,95,553,0.5714285714285714,54.687160940325484,-6.892405063291142,-3811.500000000002,33.71835443037975,-61.040084388185655,0.7365292226868974,-11.29856115107914,"-11.30,-10.31,0.76,-6.69",1,8,-13.885714285714291,0.49547920433996384,-19.000000000000007,-11519.0,-13839.0
ml,pred_focus_hit99_hgb,0.56,0.5,0.65,99,553,0.5587703435804702,54.687160940325484,-5.867088607594937,-3244.5,37.72006472491909,-61.0655737704918,0.782248322147651,-10.622302158273381,"-10.62,-9.60,2.62,-5.83",1,8,-11.88571428571429,0.49547920433996384,-20.5,-11520.5,-14349.5
ml,pred_focus_hit99_hgb,0.57,0.5,0.65,80,504,0.6686507936507936,54.73214285714286,-7.700396825396825,-3881.0,18.8026706231454,-61.18263473053892,0.6201614876437485,-12.873015873015873,"-7.23,-12.87,-2.23,-8.47",0,8,-11.588235294117647,0.5079365079365079,-1.999999999999993,-11502.0,-11803.5
ml,pred_focus_hit99_hgb,0.57,0.5,0.65,85,504,0.6428571428571429,54.73214285714286,-6.559523809523811,-3306.000000000001,23.787037037037038,-61.18333333333333,0.6998093162625988,-10.531746031746032,"-9.93,-10.53,0.75,-6.52",0,8,-14.557971014492757,0.5079365079365079,-60.000000000000014,-11560.0,-12290.0
ml,pred_focus_hit99_hgb,0.57,0.5,0.65,90,504,0.6130952380952381,54.73214285714286,-6.033730158730159,-3041.0,28.72653721682848,-61.11538461538461,0.7448290329347598,-10.484126984126984,"-10.48,-10.41,2.93,-6.17",1,8,-13.108695652173914,0.5079365079365079,-43.0,-11543.0,-12739.0
ml,pred_focus_hit99_hgb,0.57,0.5,0.65,95,504,0.5753968253968254,54.73214285714286,-6.559523809523813,-3306.000000000002,33.689655172413794,-61.10280373831776,0.7471703884980117,-10.682539682539684,"-10.68,-9.10,1.94,-8.39",0,8,-14.55797101449276,0.5079365079365079,-49.50000000000001,-11549.5,-13142.5
ml,pred_focus_hit99_hgb,0.57,0.5,0.65,99,504,0.5634920634920635,54.73214285714286,-5.444444444444445,-2744.0,37.690140845070424,-61.127272727272725,0.7959547888161809,-10.126984126984127,"-10.13,-7.70,3.79,-7.74",2,8,-12.586956521739134,0.5079365079365079,-40.00000000000001,-11540.0,-13469.0
ml,pred_focus_hit99_hgb,0.58,0.5,0.65,80,464,0.665948275862069,54.73491379310346,-7.915948275862069,-3673.0,18.78802588996764,-61.151612903225804,0.6124914279685604,-9.96551724137931,"-8.80,-9.97,-3.40,-9.50",0,8,-12.440298507462687,0.5107758620689655,-47.00000000000001,-11547.0,-11848.5
ml,pred_focus_hit99_hgb,0.58,0.5,0.65,85,464,0.6422413793103449,54.73491379310346,-6.612068965517242,-3068.0000000000005,23.758389261744966,-61.13253012048193,0.6976744186046512,-11.38793103448276,"-11.39,-8.24,0.18,-7.00",0,8,-15.72388059701493,0.5107758620689655,-19.500000000000007,-11519.5,-12249.5
ml,pred_focus_hit99_hgb,0.58,0.5,0.65,90,464,0.6099137931034483,54.73491379310346,-6.321120689655173,-2933.0,28.690812720848058,-61.06353591160221,0.7346301741687401,-12.336206896551724,"-12.34,-8.24,2.21,-6.91",2,8,-14.380597014925375,0.5107758620689655,0.0,-11500.0,-12696.0
ml,pred_focus_hit99_hgb,0.58,0.5,0.65,95,464,0.5732758620689655,54.73491379310346,-6.762931034482762,-3138.0000000000014,33.650375939849624,-61.05555555555556,0.7404251799156257,-12.077586206896553,"-12.08,-7.77,1.60,-8.81",2,8,-16.022388059701495,0.5107758620689655,-24.000000000000014,-11524.0,-13117.0
ml,pred_focus_hit99_hgb,0.58,0.5,0.65,99,464,0.5625,54.73491379310346,-5.5452586206896575,-2573.000000000001,37.63409961685824,-61.0615763546798,0.7924246702432335,-10.862068965517244,"-10.86,-6.38,3.37,-8.31",2,8,-14.111940298507465,0.5107758620689655,-4.0,-11504.0,-13433.0
ml,pred_focus_hit99_hgb,0.59,0.5,0.65,80,413,0.6779661016949152,54.72397094430993,-6.938256658595642,-2865.5,18.792857142857144,-61.109022556390975,0.6474315595201476,-9.762135922330097,"-5.70,-9.76,-3.03,-9.27",0,8,-12.46774193548387,0.513317191283293,-1.5,-11501.5,-11803.0
ml,pred_focus_hit99_hgb,0.59,0.5,0.65,85,413,0.6561743341404358,54.72397094430993,-5.412832929782085,-2235.500000000001,23.75461254612546,-61.07746478873239,0.742246050962758,-8.208737864077674,"-7.14,-8.21,0.56,-6.84",0,8,-12.483606557377053,0.513317191283293,-37.000000000000014,-11537.0,-12267.0
ml,pred_focus_hit99_hgb,0.59,0.5,0.65,90,413,0.6198547215496368,54.72397094430993,-5.412832929782082,-2235.5,28.6796875,-61.003184713375795,0.7665883581310363,-8.597087378640778,"-8.30,-8.60,2.40,-7.13",3,8,-12.548780487804878,0.513317191283293,-7.000000000000007,-11507.0,-12703.0
ml,pred_focus_hit99_hgb,0.59,0.5,0.65,95,413,0.585956416464891,54.72397094430993,-5.546004842615017,-2290.500000000002,33.652892561983464,-61.02046783625731,0.7804878048780486,-8.451456310679616,"-8.11,-8.45,2.21,-7.81",2,8,-12.975409836065579,0.513317191283293,-16.00000000000005,-11516.0,-13109.0
ml,pred_focus_hit99_hgb,0.59,0.5,0.65,99,413,0.5738498789346247,54.72397094430993,-4.4104116222760315,-1821.500000000001,37.63502109704641,-61.02840909090909,0.8304161623684946,-7.480582524271845,"-6.83,-7.20,3.89,-7.48",3,8,-12.548780487804882,0.513317191283293,223.0,-11277.0,-13206.0
ml,pred_focus_hit99_hgb,0.6,0.5,0.65,80,381,0.6850393700787402,54.65091863517061,-6.347769028871391,-2418.5,18.760536398467433,-60.958333333333336,0.669377990430622,-8.205263157894738,"-6.09,-6.19,-4.90,-8.21",0,8,-13.0,0.5065616797900262,-30.500000000000007,-11530.5,-11832.0
ml,pred_focus_hit99_hgb,0.6,0.5,0.65,85,381,0.6614173228346457,54.65091863517061,-4.930446194225725,-1878.5000000000011,23.738095238095237,-60.934108527131784,0.7610202913300681,-7.083333333333336,"-7.08,-5.46,-1.37,-5.78",0,8,-10.720338983050851,0.5065616797900262,202.0,-11298.0,-12035.0
ml,pred_focus_hit99_hgb,0.6,0.5,0.65,90,381,0.6246719160104987,54.65091863517061,-4.930446194225722,-1878.5,28.68487394957983,-60.87762237762238,0.7842168743897536,-7.65625,"-7.66,-6.93,0.26,-5.36",1,8,-13.368421052631579,0.5065616797900262,195.0,-11305.0,-12523.0
ml,pred_focus_hit99_hgb,0.6,0.5,0.65,95,381,0.5879265091863517,54.65091863517061,-5.297900262467195,-2018.5000000000014,33.67857142857143,-60.90764331210191,0.7889150326797386,-7.656250000000003,"-7.66,-6.93,-0.32,-6.26",1,8,-13.236842105263163,0.5065616797900262,-0.5000000000000497,-11500.5,-13093.5
ml,pred_focus_hit99_hgb,0.6,0.5,0.65,99,381,0.5748031496062992,54.65091863517061,-4.245406824146982,-1617.5000000000002,37.678082191780824,-60.91975308641975,0.8361029486270138,-6.437500000000001,"-6.44,-5.70,1.21,-6.03",3,8,-13.842105263157897,0.5065616797900262,366.0,-11134.0,-13063.0
ml,pred_focus_hit99_hgb,0.61,0.5,0.65,80,349,0.6848137535816619,54.60171919770773,-6.3166189111747855,-2204.5,18.780334728033473,-60.845454545454544,0.6706260271925892,-7.7298850574712645,"-6.64,-6.49,-4.41,-7.73",0,8,-15.423076923076925,0.5128939828080229,31.999999999999993,-11468.0,-11769.5
ml,pred_focus_hit99_hgb,0.61,0.5,0.65,85,349,0.6590257879656161,54.60171919770773,-5.084527220630375,-1774.500000000001,23.756521739130434,-60.82773109243698,0.7548525246943427,-8.056818181818185,"-8.06,-6.03,-0.84,-5.37",0,8,-12.538461538461545,0.5128939828080229,371.5,-11128.5,-11865.5
ml,pred_focus_hit99_hgb,0.61,0.5,0.65,90,349,0.6217765042979942,54.60171919770773,-5.141833810888252,-1794.5,28.693548387096776,-60.765151515151516,0.776274778705897,-9.022727272727273,"-9.02,-5.91,-0.39,-5.20",3,8,-16.863636363636363,0.5128939828080229,393.5,-11106.5,-12324.5
ml,pred_focus_hit99_hgb,0.61,0.5,0.65,95,349,0.5845272206303725,54.60171919770773,-5.571633237822353,-1944.5000000000014,33.67156862745098,-60.782758620689656,0.7793725534691099,-9.363636363636367,"-9.36,-6.14,-1.36,-5.37",1,8,-17.31818181818182,0.5128939828080229,94.5,-11405.5,-13035.5
ml,pred_focus_hit99_hgb,0.61,0.5,0.65,99,349,0.5702005730659025,54.60171919770773,-4.651862464183382,-1623.5000000000002,37.67085427135678,-60.8,0.821984649122807,-8.306818181818183,"-8.31,-4.98,1.17,-6.44",2,8,-18.500000000000004,0.5128939828080229,294.5,-11205.5,-13134.5
ml,pred_focus_hit99_hgb,0.62,0.5,0.65,80,320,0.69375,54.631249999999994,-5.63125,-1802.0,18.765765765765767,-60.89795918367347,0.6980563002680965,-8.9875,"-5.22,-8.99,-0.25,-8.06",2,8,-14.785714285714286,0.503125,363.0,-11137.0,-11474.5
ml,pred_focus_hit99_hgb,0.62,0.5,0.65,85,320,0.665625,54.631249999999994,-4.553125000000003,-1457.000000000001,23.739436619718308,-60.873831775700936,0.7763107392338988,-8.925000000000002,"-7.04,-8.93,3.56,-5.81",1,8,-14.964285714285719,0.503125,572.5,-10927.5,-11703.5
ml,pred_focus_hit99_hgb,0.62,0.5,0.65,90,320,0.628125,54.631249999999994,-4.6,-1472.0,28.6592039800995,-60.77731092436975,0.7964742481852748,-8.35,"-8.35,-8.11,4.00,-5.94",3,8,-18.714285714285715,0.503125,592.5,-10907.5,-12159.5
ml,pred_focus_hit99_hgb,0.62,0.5,0.65,95,320,0.5875,54.631249999999994,-5.318750000000003,-1702.000000000001,33.63297872340426,-60.79545454545455,0.7879127725856698,-8.975000000000003,"-8.98,-7.55,1.69,-6.44",2,8,-19.78571428571429,0.503125,331.0,-11169.0,-12828.0
ml,pred_focus_hit99_hgb,0.62,0.5,0.65,99,320,0.571875,54.631249999999994,-4.515625,-1445.0,37.631147540983605,-60.81386861313869,0.8265618436055933,-8.0125,"-8.01,-6.54,4.34,-7.85",3,8,-21.60714285714286,0.503125,306.0,-11194.0,-13159.5
ml,pred_focus_hit99_hgb,0.63,0.5,0.65,80,285,0.7157894736842105,54.708771929824564,-3.9456140350877194,-1124.5,18.730392156862745,-61.05555555555556,0.7726215751693458,-6.063380281690139,"-3.40,-5.70,-0.63,-6.06",2,8,-13.625,0.49473684210526314,994.0,-10506.0,-11522.0
ml,pred_focus_hit99_hgb,0.63,0.5,0.65,85,285,0.6842105263157895,54.708771929824564,-3.050877192982459,-869.5000000000009,23.7,-61.01111111111111,0.8416499726825715,-5.694444444444446,"-5.69,-4.64,1.98,-3.81",3,8,-14.250000000000005,0.49473684210526314,1496.5,-10003.5,-10879.0
ml,pred_focus_hit99_hgb,0.63,0.5,0.65,90,285,0.6491228070175439,54.708771929824564,-2.787719298245614,-794.5,28.656756756756756,-60.96,0.8696686351706037,-7.430555555555555,"-7.43,-2.60,1.91,-2.96",3,8,-19.041666666666668,0.49473684210526314,1280.5,-10219.5,-11527.5
ml,pred_focus_hit99_hgb,0.63,0.5,0.65,95,285,0.6140350877192983,54.708771929824564,-2.8754385964912315,-819.5000000000009,33.62571428571429,-60.945454545454545,0.8777595465393795,-8.402777777777779,"-8.40,-2.04,1.42,-2.40",5,8,-16.750000000000004,0.49473684210526314,957.5,-10542.5,-12206.0
ml,pred_focus_hit99_hgb,0.63,0.5,0.65,99,285,0.6,54.708771929824564,-1.8087719298245621,-515.5000000000002,37.61695906432749,-60.94736842105263,0.9258059873344847,-7.555555555555555,"-7.56,-0.95,4.06,-2.71",4,8,-19.041666666666668,0.49473684210526314,1701.5,-9798.5,-12081.5
ml,pred_focus_hit99_hgb,0.64,0.5,0.65,80,256,0.71875,54.6875,-3.6874999999999996,-943.9999999999999,18.75,-61.02777777777778,0.7851615839781521,-4.906249999999998,"-3.78,-4.67,-1.39,-4.91",2,8,-16.642857142857146,0.4921875,1306.5,-10193.5,-11210.5
ml,pred_focus_hit99_hgb,0.64,0.5,0.65,85,256,0.6875,54.6875,-2.7500000000000018,-704.0000000000005,23.727272727272727,-61.0,0.8557377049180328,-6.468750000000003,"-2.84,-6.47,1.03,-2.72",2,8,-13.785714285714292,0.4921875,1770.5,-9729.5,-10533.5
ml,pred_focus_hit99_hgb,0.64,0.5,0.65,90,256,0.65234375,54.6875,-2.4765625,-634.0,28.679640718562876,-60.938202247191015,0.8831013183368673,-4.671875,"-3.62,-4.67,0.48,-2.09",3,8,-17.547619047619047,0.4921875,1706.0,-9794.0,-11047.0
ml,pred_focus_hit99_hgb,0.64,0.5,0.65,95,256,0.6171875,54.6875,-2.5546875000000027,-654.0000000000007,33.67088607594937,-60.95918367346939,0.8905256109809173,-4.8750000000000036,"-4.88,-3.03,-0.53,-1.78",3,8,-15.16666666666667,0.4921875,1527.5,-9972.5,-11632.5
ml,pred_focus_hit99_hgb,0.64,0.5,0.65,99,256,0.60546875,54.6875,-1.2460937500000007,-319.00000000000017,37.68709677419355,-60.995049504950494,0.9482184887590293,-2.500000000000001,"-2.50,-2.14,0.48,-0.83",4,8,-17.976190476190478,0.4921875,2697.0,-8803.0,-11312.0
ml,pred_focus_hit99_hgb,0.65,0.5,0.65,80,225,0.7111111111111111,54.675555555555555,-4.286666666666666,-964.4999999999999,18.76875,-61.03846153846154,0.7568998109640832,-7.035714285714285,"-6.61,0.61,-7.04,-4.07",2,8,-15.5,0.48,1434.5,-10065.5,-11082.5
ml,pred_focus_hit99_hgb,0.65,0.5,0.65,85,225,0.6755555555555556,54.675555555555555,-3.753333333333335,-844.5000000000005,23.74342105263158,-61.00684931506849,0.8103738632536207,-6.166666666666669,"-6.17,-1.63,-5.16,-2.02",3,8,-15.92105263157895,0.48,1451.5,-10048.5,-10825.5
ml,pred_focus_hit99_hgb,0.65,0.5,0.65,90,225,0.6444444444444445,54.675555555555555,-3.1755555555555555,-714.5,28.713793103448275,-60.975,0.8535260352603526,-6.678571428571429,"-6.08,0.25,-6.68,-0.14",3,8,-18.026315789473685,0.48,1612.5,-9887.5,-11140.5
ml,pred_focus_hit99_hgb,0.65,0.5,0.65,95,225,0.6222222222222222,54.675555555555555,-2.0644444444444483,-464.5000000000009,33.72857142857143,-61.01764705882353,0.9104405668562614,-6.342105263157899,"-6.34,1.95,-5.34,1.55",4,8,-15.657894736842108,0.48,2422.5,-9077.5,-11131.5
ml,pred_focus_hit99_hgb,0.65,0.5,0.65,99,225,0.6088888888888889,54.675555555555555,-0.8955555555555571,-201.50000000000034,37.74817518248175,-61.05681818181818,0.9624976735529499,-4.75,"-4.03,2.82,-4.75,2.43",4,8,-18.97368421052632,0.48,3279.0,-8221.0,-11313.0
ml,pred_focus_hit99_hgb,0.66,0.5,0.65,80,203,0.6945812807881774,54.75862068965518,-5.692118226600985,-1155.5,18.641843971631207,-61.03225806451613,0.6946353065539113,-8.127450980392156,"-7.93,0.17,-8.13,-6.90",2,8,-18.61764705882353,0.49261083743842365,1090.0,-10410.0,-11390.0
ml,pred_focus_hit99_hgb,0.66,0.5,0.65,85,203,0.6551724137931034,54.75862068965518,-5.568965517241382,-1130.5000000000005,23.605263157894736,-61.0,0.7352459016393442,-7.93137254901961,"-7.93,-2.68,-6.46,-5.20",2,8,-20.97058823529412,0.49261083743842365,953.5,-10546.5,-11276.5
ml,pred_focus_hit99_hgb,0.66,0.5,0.65,90,203,0.6206896551724138,54.75862068965518,-5.396551724137931,-1095.5,28.563492063492063,-60.967532467532465,0.7666418148897646,-8.519607843137255,"-8.32,-1.01,-8.52,-3.70",3,8,-23.91176470588235,0.49261083743842365,1010.5,-10489.5,-11685.5
ml,pred_focus_hit99_hgb,0.66,0.5,0.65,95,203,0.5960591133004927,54.75862068965518,-4.633004926108378,-940.5000000000007,33.574380165289256,-61.01219512195122,0.8120127923246051,-9.107843137254907,"-9.11,0.46,-7.44,-2.40",2,8,-21.85294117647059,0.49261083743842365,1156.5,-10343.5,-11936.5
ml,pred_focus_hit99_hgb,0.66,0.5,0.65,99,203,0.5862068965517241,54.75862068965518,-3.224137931034484,-654.5000000000002,37.59243697478992,-61.04761904761905,0.8723673946957878,-7.107843137254904,"-6.91,1.11,-7.11,0.08",4,8,-26.029411764705884,0.49261083743842365,1645.5,-9854.5,-11855.0
ml,pred_focus_hit99_hgb,0.67,0.5,0.65,80,184,0.7010869565217391,54.83695652173913,-5.249999999999999,-965.9999999999999,18.56201550387597,-61.1,0.7125427763725636,-9.391304347826088,"-7.30,-0.30,-4.00,-9.39",2,8,-22.6,0.4891304347826087,1497.0,-10003.0,-10983.0
ml,pred_focus_hit99_hgb,0.67,0.5,0.65,85,184,0.657608695652174,54.83695652173913,-5.44021739130435,-1001.0000000000005,23.516528925619834,-61.05555555555556,0.7397634212920837,-7.9782608695652195,"-7.63,-3.89,-2.26,-7.98",3,8,-24.85714285714286,0.4891304347826087,1302.5,-10197.5,-10927.5
ml,pred_focus_hit99_hgb,0.67,0.5,0.65,90,184,0.625,54.83695652173913,-5.086956521739131,-936.0,28.482608695652175,-61.03623188405797,0.7777513949899085,-8.73913043478261,"-6.43,-2.48,-2.70,-8.74",3,8,-29.142857142857142,0.4891304347826087,1364.0,-10136.0,-11332.0
ml,pred_focus_hit99_hgb,0.67,0.5,0.65,95,184,0.5978260869565217,54.83695652173913,-4.543478260869568,-836.0000000000005,33.490909090909085,-61.08108108108108,0.8150442477876105,-7.869565217391308,"-7.52,-1.28,-1.50,-7.87",3,8,-27.35714285714286,0.4891304347826087,1399.0,-10101.0,-11694.0
ml,pred_focus_hit99_hgb,0.67,0.5,0.65,99,184,0.5869565217391305,54.83695652173913,-3.228260869565218,-594.0000000000001,37.50925925925926,-61.11842105263158,0.8721205597416577,-5.608695652173914,"-5.26,-0.91,-1.13,-5.61",4,8,-33.0,0.4891304347826087,1959.0,-9541.0,-11470.0
ml,pred_focus_hit99_hgb,0.68,0.5,0.65,80,153,0.6993464052287581,54.81699346405229,-5.369281045751634,-821.5,18.55607476635514,-61.02173913043478,0.7073387958674742,-9.315789473684209,"-7.94,4.55,-8.71,-9.32",2,8,-23.333333333333332,0.477124183006536,2016.5,-9483.5,-10516.0
ml,pred_focus_hit99_hgb,0.68,0.5,0.65,85,153,0.6470588235294118,54.81699346405229,-6.316993464052291,-966.5000000000005,23.5,-60.98148148148148,0.7064986334649256,-8.961538461538465,"-8.96,-0.32,-7.66,-8.26",2,8,-22.40909090909091,0.477124183006536,1501.5,-9998.5,-10773.5
ml,pred_focus_hit99_hgb,0.68,0.5,0.65,90,153,0.6143790849673203,54.81699346405229,-6.022875816993464,-921.5,28.414893617021278,-60.889830508474574,0.7434933890048713,-9.236842105263158,"-8.19,0.87,-9.24,-7.47",2,8,-28.318181818181817,0.477124183006536,1474.5,-10025.5,-11276.5
ml,pred_focus_hit99_hgb,0.68,0.5,0.65,95,153,0.5882352941176471,54.81699346405229,-5.43464052287582,-831.5000000000005,33.43333333333333,-60.96031746031746,0.7834917328472855,-10.11538461538462,"-10.12,1.79,-6.34,-6.95",3,8,-26.5,0.477124183006536,1541.5,-9958.5,-11616.5
ml,pred_focus_hit99_hgb,0.68,0.5,0.65,99,153,0.5751633986928104,54.81699346405229,-4.375816993464054,-669.5000000000002,37.45454545454545,-61.00769230769231,0.8311688311688312,-7.961538461538462,"-7.96,1.82,-6.63,-4.63",3,8,-34.04545454545455,0.477124183006536,2027.0,-9473.0,-11511.5
ml,pred_focus_hit99_hgb,0.69,0.5,0.65,80,137,0.6934306569343066,54.77372262773723,-5.799270072992701,-794.5,18.63684210526316,-61.07142857142857,0.6902534113060429,-9.88235294117647,"-6.59,0.29,-7.00,-9.88",2,8,-42.5,0.4744525547445255,2135.0,-9365.0,-10397.5
ml,pred_focus_hit99_hgb,0.69,0.5,0.65,85,137,0.6423357664233577,54.77372262773723,-6.675182481751828,-914.5000000000005,23.568181818181817,-60.98979591836735,0.693993642295466,-9.147058823529413,"-8.01,-3.38,-6.12,-9.15",1,8,-41.25,0.4744525547445255,1753.0,-9747.0,-10544.5
ml,pred_focus_hit99_hgb,0.69,0.5,0.65,90,137,0.6058394160583942,54.77372262773723,-6.748175182481752,-924.5,28.47590361445783,-60.888888888888886,0.7188260340632603,-8.705882352941176,"-7.44,-2.65,-8.18,-8.71",2,8,-40.0,0.4744525547445255,1509.0,-9991.0,-11242.0
ml,pred_focus_hit99_hgb,0.69,0.5,0.65,95,137,0.5766423357664233,54.77372262773723,-6.4927007299270105,-889.5000000000005,33.5,-60.96551724137931,0.7484445701357466,-9.871428571428575,"-9.87,0.59,-8.03,-8.56",3,8,-38.75,0.4744525547445255,1514.0,-9986.0,-11644.0
ml,pred_focus_hit99_hgb,0.69,0.5,0.65,99,137,0.5693430656934306,54.77372262773723,-4.9087591240875925,-672.5000000000002,37.53846153846154,-61.02542372881356,0.813220386057492,-7.7,"-7.70,0.26,-5.79,-6.32",3,8,-37.75,0.4744525547445255,2065.0,-9435.0,-11473.5
ml,pred_focus_hit99_hgb,0.7,0.5,0.65,80,120,0.7083333333333334,54.78333333333334,-4.616666666666666,-554.0,18.53529411764706,-60.84285714285714,0.7398450340455506,-8.466666666666667,"-8.47,0.40,-2.20,-8.20",2,8,-62.5,0.4666666666666667,3293.0,-8207.0,-9187.0
ml,pred_focus_hit99_hgb,0.7,0.5,0.65,85,120,0.6583333333333333,54.78333333333334,-5.325000000000003,-639.0000000000003,23.462025316455698,-60.792682926829265,0.7436308926780341,-10.800000000000004,"-10.80,1.40,-4.20,-7.70",2,8,-62.5,0.4666666666666667,2733.5,-8766.5,-9496.5
ml,pred_focus_hit99_hgb,0.7,0.5,0.65,90,120,0.6166666666666667,54.78333333333334,-5.783333333333333,-694.0,28.35135135135135,-60.69565217391305,0.751432664756447,-10.8,"-10.80,2.07,-3.87,-10.53",3,8,-62.5,0.4666666666666667,2274.5,-9225.5,-10421.5
ml,pred_focus_hit99_hgb,0.7,0.5,0.65,95,120,0.5833333333333334,54.78333333333334,-5.866666666666671,-704.0000000000005,33.371428571428574,-60.8,0.7684210526315789,-14.300000000000004,"-14.30,5.57,-3.87,-10.87",3,8,-62.5,0.4666666666666667,2133.5,-9366.5,-10959.5
ml,pred_focus_hit99_hgb,0.7,0.5,0.65,99,120,0.575,54.78333333333334,-4.358333333333334,-523.0000000000001,37.41304347826087,-60.872549019607845,0.8315348687389273,-12.3,"-12.30,5.07,-1.47,-8.73",3,8,-62.5,0.4666666666666667,2739.5,-8760.5,-10689.5
ml,pred_focus_hit99_hgb,0.71,0.5,0.65,80,105,0.7142857142857143,54.7047619047619,-4.061904761904762,-426.49999999999994,18.606666666666666,-60.733333333333334,0.7659165751920965,-11.884615384615383,"-8.65,0.50,3.96,-11.88",3,8,-62.5,0.4857142857142857,4204.5,-7295.5,-8275.5
ml,pred_focus_hit99_hgb,0.71,0.5,0.65,85,105,0.6571428571428571,54.7047619047619,-5.34761904761905,-561.5000000000002,23.528985507246375,-60.69444444444444,0.7430205949656751,-12.076923076923077,"-11.61,1.08,1.46,-12.08",3,8,-62.5,0.4857142857142857,3188.0,-8312.0,-9042.0
ml,pred_focus_hit99_hgb,0.71,0.5,0.65,90,105,0.6095238095238096,54.7047619047619,-6.347619047619047,-666.5,28.40625,-60.59756097560975,0.7317367679613604,-16.115384615384617,"-11.98,1.27,1.65,-16.12",3,8,-62.5,0.4857142857142857,2408.0,-9092.0,-10288.0
ml,pred_focus_hit99_hgb,0.71,0.5,0.65,95,105,0.5714285714285714,54.7047619047619,-6.919047619047621,-726.5000000000002,33.43333333333333,-60.72222222222222,0.7341262580054894,-17.26923076923077,"-16.24,4.73,1.46,-17.27",3,8,-62.5,0.4857142857142857,2067.5,-9432.5,-11025.5
ml,pred_focus_hit99_hgb,0.71,0.5,0.65,99,105,0.5619047619047619,54.7047619047619,-5.576190476190476,-585.5,37.483050847457626,-60.80434782608695,0.7906685734715767,-15.423076923076923,"-14.31,3.69,4.08,-15.42",3,8,-62.5,0.4857142857142857,2682.5,-8817.5,-10746.5
ml,pred_focus_hit99_hgb,0.72,0.5,0.65,80,84,0.7261904761904762,54.40476190476191,-2.809523809523809,-235.99999999999994,18.795081967213115,-60.108695652173914,0.8292947558770344,-10.595238095238095,"-0.74,-4.02,4.12,-10.60",4,8,-60.5,0.4642857142857143,6038.5,-5461.5,-6053.0
ml,pred_focus_hit99_hgb,0.72,0.5,0.65,85,84,0.6666666666666666,54.40476190476191,-4.238095238095241,-356.0000000000002,23.75,-60.214285714285715,0.7888493475682088,-7.500000000000003,"-5.02,-4.50,0.07,-7.50",4,8,-60.5,0.4642857142857143,4756.0,-6744.0,-7474.0
ml,pred_focus_hit99_hgb,0.72,0.5,0.65,90,84,0.6071428571428571,54.40476190476191,-6.261904761904762,-526.0,28.61764705882353,-60.166666666666664,0.7350793251070259,-17.261904761904763,"-5.98,-5.45,3.64,-17.26",1,8,-60.5,0.4642857142857143,3285.0,-8215.0,-9411.0
ml,pred_focus_hit99_hgb,0.72,0.5,0.65,95,84,0.5714285714285714,54.40476190476191,-6.619047619047622,-556.0000000000002,33.583333333333336,-60.22222222222222,0.7435424354243543,-14.880952380952381,"-11.93,-2.36,2.69,-14.88",1,8,-60.5,0.4642857142857143,2885.0,-8615.0,-10208.0
ml,pred_focus_hit99_hgb,0.72,0.5,0.65,99,84,0.5595238095238095,54.40476190476191,-5.511904761904764,-463.0000000000001,37.648936170212764,-60.33783783783784,0.792609182530795,-12.976190476190476,"-9.83,-4.60,5.36,-12.98",1,8,-60.5,0.4642857142857143,3628.0,-7872.0,-9801.0
ml,pred_focus_hit99_hgb,0.73,0.5,0.65,80,72,0.7361111111111112,54.666666666666664,-2.2777777777777772,-163.99999999999997,18.59433962264151,-60.5,0.8573292735972162,-12.055555555555555,"0.17,-3.50,6.28,-12.06",3,7,-34.5,0.4444444444444444,7243.5,-4256.5,-6523.5
ml,pred_focus_hit99_hgb,0.73,0.5,0.65,85,72,0.6666666666666666,54.666666666666664,-4.5000000000000036,-324.0000000000002,23.520833333333332,-60.541666666666664,0.7770130763936682,-9.0,"-5.39,-4.61,1.00,-9.00",3,7,-32.833333333333336,0.4444444444444444,5135.5,-6364.5,-8530.0
ml,pred_focus_hit99_hgb,0.73,0.5,0.65,90,72,0.6111111111111112,54.666666666666664,-6.166666666666667,-444.0,28.40909090909091,-60.5,0.7378984651711924,-15.944444444444445,"-7.06,-6.28,4.61,-15.94",1,7,-31.166666666666668,0.4444444444444444,4049.0,-7451.0,-9331.5
ml,pred_focus_hit99_hgb,0.73,0.5,0.65,95,72,0.5833333333333334,54.666666666666664,-5.7500000000000036,-414.0000000000002,33.357142857142854,-60.5,0.771900826446281,-14.555555555555559,"-14.56,-3.22,8.22,-13.44",2,7,-29.5,0.4444444444444444,4127.0,-7373.0,-9578.5
ml,pred_focus_hit99_hgb,0.73,0.5,0.65,99,72,0.5694444444444444,54.666666666666664,-4.791666666666669,-345.00000000000017,37.426829268292686,-60.62903225806452,0.816440542697526,-12.555555555555559,"-12.56,-6.28,11.11,-11.44",2,7,-28.166666666666668,0.4444444444444444,4477.0,-7023.0,-9586.0
ml,pred_focus_hit99_hgb,0.74,0.5,0.65,80,64,0.734375,54.515625,-2.265625,-145.0,18.73404255319149,-60.3235294117647,0.8586055582642613,-6.624999999999999,"-1.62,-6.62,5.00,-5.81",3,7,-56.5,0.453125,7540.0,-3960.0,-5628.5
ml,pred_focus_hit99_hgb,0.74,0.5,0.65,85,64,0.671875,54.515625,-3.9062500000000027,-250.00000000000017,23.569767441860463,-60.166666666666664,0.8021369212504945,-7.687500000000002,"-3.19,-3.19,-1.56,-7.69",2,7,-56.5,0.453125,5998.0,-5502.0,-7401.0
ml,pred_focus_hit99_hgb,0.74,0.5,0.65,90,64,0.609375,54.515625,-6.171875,-395.0,28.44871794871795,-60.18,0.7374543037554004,-15.812499999999998,"-5.38,-5.38,1.88,-15.81",1,7,-56.5,0.453125,4396.5,-7103.5,-8457.5
ml,pred_focus_hit99_hgb,0.74,0.5,0.65,95,64,0.578125,54.515625,-6.093750000000003,-390.00000000000017,33.391891891891895,-60.2037037037037,0.7600738234389418,-14.125000000000004,"-14.13,-2.25,5.31,-13.31",2,7,-56.5,0.453125,4181.5,-7318.5,-8892.5
ml,pred_focus_hit99_hgb,0.74,0.5,0.65,99,64,0.5625,54.515625,-5.328125,-341.0,37.47222222222222,-60.357142857142854,0.7982248520710059,-12.125000000000002,"-12.13,-5.94,8.06,-11.31",2,7,-56.5,0.453125,4613.0,-6887.0,-8677.0
ml,pred_focus_hit99_hgb,0.75,0.5,0.65,80,58,0.7413793103448276,54.65517241379311,-1.8448275862068955,-106.99999999999994,18.68604651162791,-60.7,0.8824821526633719,-7.9,"-3.30,-7.90,8.36,-4.00",4,7,-56.5,0.4482758620689655,8277.0,-3223.0,-5555.0
ml,pred_focus_hit99_hgb,0.75,0.5,0.65,85,58,0.6724137931034483,54.65517241379311,-4.000000000000002,-232.0000000000001,23.499999999999993,-60.44736842105263,0.797997387897257,-10.233333333333333,"-5.30,-10.23,6.57,-6.50",4,7,-56.5,0.4482758620689655,6379.0,-5121.0,-6986.0
ml,pred_focus_hit99_hgb,0.75,0.5,0.65,90,58,0.603448275862069,54.65517241379311,-6.844827586206897,-397.0,28.357142857142858,-60.41304347826087,0.7142857142857143,-16.142857142857142,"-7.97,-13.23,10.50,-16.14",2,7,-56.5,0.4482758620689655,4460.0,-7040.0,-7715.0
ml,pred_focus_hit99_hgb,0.75,0.5,0.65,95,58,0.5689655172413793,54.65517241379311,-7.103448275862071,-412.0000000000001,33.28787878787879,-60.42,0.7272426348891096,-17.633333333333333,"-17.63,-10.57,14.43,-13.64",3,7,-56.5,0.4482758620689655,4245.0,-7255.0,-8078.0
ml,pred_focus_hit99_hgb,0.75,0.5,0.65,99,58,0.5689655172413793,54.65517241379311,-4.827586206896552,-280.0,37.28787878787879,-60.42,0.8146309169149288,-15.766666666666667,"-15.77,-8.43,17.57,-11.64",3,7,-56.5,0.4482758620689655,5313.5,-6186.5,-7555.5
ml,pred_focus_hit99_hgb,0.52,0.55,0.65,80,387,0.6925064599483204,56.95607235142119,-8.055555555555555,-3117.5,16.55223880597015,-63.47478991596638,0.5872774210630833,-13.221649484536082,"-8.95,-13.22,-5.03,-4.99",0,8,-16.15625,0.5012919896640827,-7.999999999999986,-11508.0,-12518.5
ml,pred_focus_hit99_hgb,0.52,0.55,0.65,85,387,0.661498708010336,56.95607235142119,-7.22868217054264,-2797.5000000000014,21.578125,-63.52290076335878,0.6638226281319474,-13.582474226804125,"-9.06,-13.58,-3.12,-3.11",0,8,-15.98837209302326,0.5012919896640827,-13.000000000000071,-11513.0,-12851.0
ml,pred_focus_hit99_hgb,0.52,0.55,0.65,90,387,0.6382428940568475,56.95607235142119,-6.01421188630491,-2327.5,26.572874493927124,-63.50714285714286,0.7382184231245079,-13.427835051546392,"-7.72,-13.43,-2.35,-0.51",0,8,-15.290697674418608,0.5012919896640827,-23.000000000000007,-11523.0,-13171.0
ml,pred_focus_hit99_hgb,0.52,0.55,0.65,95,387,0.6098191214470284,56.95607235142119,-5.523255813953492,-2137.5000000000014,31.5635593220339,-63.48675496688742,0.7770301987169457,-13.582474226804125,"-6.58,-13.58,-0.90,-0.98",1,8,-14.825581395348843,0.5012919896640827,-8.000000000000163,-11508.0,-13466.0
ml,pred_focus_hit99_hgb,0.52,0.55,0.65,99,387,0.5839793281653747,56.95607235142119,-5.642118863049098,-2183.500000000001,35.54867256637168,-63.462732919254655,0.7862980181061904,-12.500000000000002,"-7.25,-12.50,-1.32,-1.45",0,8,-12.779069767441866,0.5012919896640827,-30.5,-11530.5,-13773.0
ml,pred_focus_hit99_hgb,0.53,0.55,0.65,80,362,0.6850828729281768,56.9475138121547,-8.640883977900552,-3128.0,16.56048387096774,-63.46491228070175,0.5676572218382862,-14.225274725274724,"-9.81,-14.23,-3.98,-6.48",0,8,-17.928571428571427,0.494475138121547,-49.49999999999999,-11549.5,-12560.0
ml,pred_focus_hit99_hgb,0.53,0.55,0.65,85,362,0.6602209944751382,56.9475138121547,-7.328729281767958,-2653.000000000001,21.56694560669456,-63.47560975609756,0.6601985270573166,-13.016483516483518,"-10.19,-13.02,-2.14,-3.87",1,8,-15.98837209302326,0.494475138121547,-23.000000000000007,-11523.0,-12861.0
ml,pred_focus_hit99_hgb,0.53,0.55,0.65,90,362,0.638121546961326,56.9475138121547,-6.016574585635359,-2178.0,26.551948051948052,-63.44656488549618,0.7379534380075798,-13.016483516483516,"-9.04,-13.02,-0.53,-1.37",1,8,-15.290697674418608,0.494475138121547,-19.500000000000007,-11519.5,-13167.5
ml,pred_focus_hit99_hgb,0.53,0.55,0.65,95,362,0.6077348066298343,56.9475138121547,-5.712707182320446,-2068.0000000000014,31.54090909090909,-63.429577464788736,0.7704007993782613,-12.302197802197806,"-8.10,-12.30,-0.20,-2.14",1,8,-14.825581395348843,0.494475138121547,-8.500000000000021,-11508.5,-13466.5
ml,pred_focus_hit99_hgb,0.53,0.55,0.65,99,362,0.5828729281767956,56.9475138121547,-5.743093922651936,-2079.000000000001,35.518957345971565,-63.40066225165563,0.7828380425131874,-11.236263736263739,"-7.95,-11.24,-0.83,-2.87",1,8,-12.779069767441866,0.494475138121547,-39.00000000000003,-11539.0,-13781.5
ml,pred_focus_hit99_hgb,0.54,0.55,0.65,80,337,0.6735905044510386,56.961424332344215,-9.574183976261127,-3226.5,16.535242290748897,-63.45454545454545,0.5377507163323783,-16.916666666666668,"-9.75,-16.92,-5.44,-6.19",0,8,-20.615384615384617,0.4896142433234421,-34.99999999999997,-11535.0,-12545.5
ml,pred_focus_hit99_hgb,0.54,0.55,0.65,85,337,0.6468842729970327,56.961424332344215,-8.476261127596441,-2856.500000000001,21.541284403669724,-63.46638655462185,0.6217808672624958,-16.023809523809526,"-10.39,-16.02,-3.83,-3.63",1,8,-17.923076923076927,0.4896142433234421,-36.50000000000003,-11536.5,-12874.5
ml,pred_focus_hit99_hgb,0.54,0.55,0.65,90,337,0.6231454005934718,56.961424332344215,-7.378338278931751,-2486.5,26.523809523809526,-63.43700787401575,0.6913672190157016,-16.44047619047619,"-9.39,-16.44,-2.46,-1.19",1,8,-15.823529411764707,0.4896142433234421,-32.000000000000014,-11532.0,-13180.0
ml,pred_focus_hit99_hgb,0.54,0.55,0.65,95,337,0.5934718100890207,56.961424332344215,-7.081602373887246,-2386.500000000002,31.505,-63.41240875912409,0.725294964028777,-16.083333333333336,"-8.63,-16.08,-1.33,-2.26",2,8,-18.764705882352946,0.4896142433234421,-10.000000000000007,-11510.0,-13468.0
ml,pred_focus_hit99_hgb,0.54,0.55,0.65,99,337,0.5727002967359051,56.961424332344215,-6.764094955489617,-2279.500000000001,35.48963730569948,-63.395833333333336,0.7503012378135612,-15.261904761904765,"-8.65,-15.26,0.11,-3.23",2,8,-16.882352941176475,0.4896142433234421,-26.5,-11526.5,-13769.0
ml,pred_focus_hit99_hgb,0.55,0.55,0.65,80,310,0.6709677419354839,56.941935483870964,-9.764516129032257,-3027.0,16.5625,-63.450980392156865,0.532292954264524,-17.423076923076923,"-9.01,-17.42,-4.32,-8.21",0,8,-16.670731707317074,0.5,-21.0,-11521.0,-12531.5
ml,pred_focus_hit99_hgb,0.55,0.55,0.65,85,310,0.6419354838709678,56.941935483870964,-8.877419354838713,-2752.000000000001,21.57035175879397,-63.46396396396396,0.6093406203421109,-16.717948717948723,"-9.97,-16.72,-2.82,-5.88",0,8,-15.98837209302326,0.5,-29.500000000000057,-11529.5,-12867.5
ml,pred_focus_hit99_hgb,0.55,0.55,0.65,90,310,0.6193548387096774,56.941935483870964,-7.7,-2387.0,26.552083333333332,-63.432203389830505,0.6810955243820975,-16.26923076923077,"-9.14,-16.27,-1.59,-3.67",1,8,-18.392857142857142,0.5,-10.0,-11510.0,-13158.0
ml,pred_focus_hit99_hgb,0.55,0.55,0.65,95,310,0.5903225806451613,56.941935483870964,-7.361290322580648,-2282.000000000001,31.527322404371585,-63.39763779527559,0.7165745513258399,-14.858974358974365,"-8.56,-14.86,-0.62,-5.29",2,8,-19.28571428571429,0.5,-18.5000000000001,-11518.5,-13476.5
ml,pred_focus_hit99_hgb,0.55,0.55,0.65,99,310,0.5741935483870968,56.941935483870964,-6.596774193548389,-2045.0000000000005,35.51685393258427,-63.38636363636363,0.7555874267957452,-14.076923076923077,"-8.79,-14.08,0.75,-4.14",2,8,-17.428571428571434,0.5,-13.000000000000071,-11513.0,-13755.5
ml,pred_focus_hit99_hgb,0.56,0.55,0.65,80,286,0.6573426573426573,56.95104895104895,-10.863636363636363,-3107.0,16.52127659574468,-63.39795918367347,0.4999195235795912,-19.041666666666668,"-8.94,-19.04,-5.01,-10.37",0,8,-18.44871794871795,0.493006993006993,-40.0,-11540.0,-12550.5
ml,pred_focus_hit99_hgb,0.56,0.55,0.65,85,286,0.6293706293706294,56.95104895104895,-9.954545454545459,-2847.000000000001,21.516666666666662,-63.39622641509434,0.5763392857142856,-18.625,"-10.26,-18.62,-2.54,-8.26",0,8,-17.80769230769231,0.493006993006993,-1.500000000000064,-11501.5,-12839.5
ml,pred_focus_hit99_hgb,0.56,0.55,0.65,90,286,0.6048951048951049,56.95104895104895,-9.01048951048951,-2577.0,26.49421965317919,-63.36725663716814,0.6401089309405767,-18.48611111111111,"-9.64,-18.49,-1.49,-6.29",1,8,-21.958333333333332,0.493006993006993,-64.0,-11564.0,-13212.0
ml,pred_focus_hit99_hgb,0.56,0.55,0.65,95,286,0.5734265734265734,56.95104895104895,-8.975524475524479,-2567.000000000001,31.463414634146343,-63.33606557377049,0.6677882748802899,-18.625000000000007,"-7.97,-18.63,-0.71,-8.47",1,8,-23.625000000000004,0.493006993006993,-37.500000000000064,-11537.5,-13495.5
ml,pred_focus_hit99_hgb,0.56,0.55,0.65,99,286,0.5559440559440559,56.95104895104895,-8.412587412587413,-2406.0000000000005,35.4496855345912,-63.326771653543304,0.7008392912651539,-18.111111111111114,"-8.39,-18.11,0.54,-7.56",1,8,-21.95833333333334,0.493006993006993,-48.000000000000014,-11548.0,-13790.5
ml,pred_focus_hit99_hgb,0.57,0.55,0.65,80,264,0.6666666666666666,56.96590909090909,-10.132575757575758,-2675.0,16.53409090909091,-63.46590909090909,0.5210384959713519,-17.40909090909091,"-8.88,-17.41,-5.45,-8.79",0,8,-15.67142857142857,0.5,-9.5,-11509.5,-12152.5
ml,pred_focus_hit99_hgb,0.57,0.55,0.65,85,264,0.6401515151515151,56.96590909090909,-9.053030303030306,-2390.000000000001,21.517751479289938,-63.43684210526316,0.6034182361237865,-15.818181818181818,"-10.62,-15.82,-3.11,-6.67",0,8,-17.86585365853659,0.5,-14.000000000000057,-11514.0,-12357.0
ml,pred_focus_hit99_hgb,0.57,0.55,0.65,90,264,0.6136363636363636,56.96590909090909,-8.238636363636363,-2175.0,26.493827160493826,-63.40196078431372,0.6636771300448431,-15.742424242424242,"-10.24,-15.74,-2.27,-4.70",1,8,-20.357142857142858,0.5,162.0,-11338.0,-12455.0
ml,pred_focus_hit99_hgb,0.57,0.55,0.65,95,264,0.5795454545454546,56.96590909090909,-8.409090909090912,-2220.000000000001,31.46078431372549,-63.36486486486486,0.6843676690125826,-15.969696969696972,"-8.73,-15.97,-1.74,-7.20",1,8,-22.500000000000004,0.5,-19.500000000000007,-11519.5,-12762.5
ml,pred_focus_hit99_hgb,0.57,0.55,0.65,99,264,0.5643939393939394,56.96590909090909,-7.5909090909090935,-2004.0000000000007,35.45973154362416,-63.369565217391305,0.725008576329331,-15.469696969696969,"-7.92,-15.47,-0.64,-6.33",2,8,-20.78571428571429,0.5,311.0,-11189.0,-12680.5
ml,pred_focus_hit99_hgb,0.58,0.55,0.65,80,243,0.6707818930041153,56.97942386831277,-9.816872427983538,-2385.5,16.55521472392638,-63.55,0.5307828481510621,-16.270491803278688,"-8.34,-16.27,-7.25,-7.37",0,8,-18.833333333333332,0.5020576131687243,-3.0000000000000213,-11503.0,-12146.0
ml,pred_focus_hit99_hgb,0.58,0.55,0.65,85,243,0.6502057613168725,56.97942386831277,-8.211934156378604,-1995.5000000000007,21.54430379746835,-63.523529411764706,0.6304287434021667,-16.10655737704918,"-9.07,-16.11,-3.73,-3.87",0,8,-20.777777777777782,0.5020576131687243,418.0,-11082.0,-12001.5
ml,pred_focus_hit99_hgb,0.58,0.55,0.65,90,243,0.6213991769547325,56.97942386831277,-7.553497942386831,-1835.5,26.519867549668874,-63.47826086956522,0.6857020547945205,-16.270491803278688,"-8.83,-16.27,-3.16,-1.87",1,8,-28.27777777777778,0.5020576131687243,474.0,-11026.0,-12266.5
ml,pred_focus_hit99_hgb,0.58,0.55,0.65,95,243,0.588477366255144,56.97942386831277,-7.574074074074078,-1840.500000000001,31.486013986013987,-63.43,0.7098376162699038,-18.319672131147545,"-7.35,-18.32,-1.35,-3.20",2,8,-31.61111111111111,0.5020576131687243,513.5,-10986.5,-12451.0
ml,pred_focus_hit99_hgb,0.58,0.55,0.65,99,243,0.5761316872427984,56.97942386831277,-6.442386831275721,-1565.5000000000002,35.47142857142857,-63.4126213592233,0.760315394626043,-16.418032786885245,"-6.61,-16.42,-0.35,-2.32",3,8,-30.27777777777778,0.5020576131687243,706.5,-10793.5,-12450.0
ml,pred_focus_hit99_hgb,0.59,0.55,0.65,80,218,0.6834862385321101,57.00458715596331,-8.825688073394495,-1924.0,16.52013422818792,-63.55797101449275,0.5612814958385589,-15.463636363636363,"-5.30,-15.46,-8.93,-5.56",0,8,-16.323529411764707,0.5,442.5,-11057.5,-12256.5
ml,pred_focus_hit99_hgb,0.59,0.55,0.65,85,218,0.6697247706422018,57.00458715596331,-6.57798165137615,-1434.0000000000007,21.527397260273972,-63.56944444444444,0.6866943412715752,-14.009090909090911,"-4.75,-14.01,-5.50,-1.94",0,8,-18.382352941176475,0.5,903.5,-10596.5,-11555.5
ml,pred_focus_hit99_hgb,0.59,0.55,0.65,90,218,0.6376146788990825,57.00458715596331,-6.1192660550458715,-1334.0,26.5,-63.5126582278481,0.7341305430991529,-14.372727272727273,"-4.57,-14.37,-5.41,-0.00",2,8,-26.323529411764707,0.5,1053.5,-10446.5,-11698.5
ml,pred_focus_hit99_hgb,0.59,0.55,0.65,95,218,0.6009174311926605,57.00458715596331,-6.417431192660555,-1399.000000000001,31.461832061068694,-63.45402298850575,0.7465809256407933,-16.827272727272728,"-3.03,-16.83,-3.93,-1.76",2,8,-29.85294117647059,0.5,894.5,-10605.5,-12064.5
ml,pred_focus_hit99_hgb,0.59,0.55,0.65,99,218,0.5871559633027523,57.00458715596331,-5.3761467889908285,-1172.0000000000007,35.4453125,-63.43333333333333,0.7947101068488351,-14.863636363636363,"-2.28,-14.86,-3.24,-1.00",3,8,-28.44117647058824,0.5,913.0,-10587.0,-12180.5
ml,pred_focus_hit99_hgb,0.6,0.55,0.65,80,198,0.702020202020202,56.979797979797986,-7.318181818181818,-1449.0,16.528776978417266,-63.5,0.6132390230882157,-12.2,"-4.26,-12.20,-8.17,-4.60",1,8,-15.58,0.4797979797979798,900.0,-10600.0,-11799.0
ml,pred_focus_hit99_hgb,0.6,0.55,0.65,85,198,0.6868686868686869,56.979797979797986,-5.0959595959596005,-1009.0000000000009,21.53676470588235,-63.516129032258064,0.7437785678009141,-12.400000000000004,"-2.26,-12.40,-4.70,-0.93",2,8,-15.437500000000004,0.4797979797979798,1441.5,-10058.5,-11064.0
ml,pred_focus_hit99_hgb,0.6,0.55,0.65,90,198,0.6515151515151515,56.979797979797986,-4.843434343434344,-959.0000000000001,26.507751937984494,-63.45652173913044,0.7809752198241406,-13.0,"-2.26,-13.00,-4.91,0.91",3,8,-23.875,0.4797979797979798,1487.5,-10012.5,-11377.5
ml,pred_focus_hit99_hgb,0.6,0.55,0.65,95,198,0.6111111111111112,56.979797979797986,-5.424242424242429,-1074.000000000001,31.46694214876033,-63.396103896103895,0.7799856601454471,-15.900000000000004,"-0.76,-15.90,-3.58,-1.34",3,8,-27.625000000000004,0.4797979797979798,1139.5,-10360.5,-11706.0
ml,pred_focus_hit99_hgb,0.6,0.55,0.65,99,198,0.5959595959595959,56.979797979797986,-4.479797979797982,-887.0000000000005,35.44915254237288,-63.375,0.8250493096646943,-13.900000000000002,"-0.10,-13.90,-3.07,-0.74",2,8,-26.125000000000004,0.4797979797979798,1478.5,-10021.5,-11623.5
ml,pred_focus_hit99_hgb,0.61,0.55,0.65,80,178,0.7134831460674157,56.971910112359545,-6.393258426966291,-1137.9999999999998,16.570866141732285,-63.57843137254902,0.6490362374710871,-13.677777777777777,"-2.94,-13.68,-3.73,-5.14",2,8,-19.96153846153846,0.48314606741573035,1309.5,-10190.5,-11103.5
ml,pred_focus_hit99_hgb,0.61,0.55,0.65,85,178,0.6966292134831461,56.971910112359545,-4.258426966292139,-758.0000000000007,21.580645161290324,-63.592592592592595,0.7792661619103087,-14.34444444444445,"-1.06,-14.34,0.02,-1.50",3,8,-23.807692307692314,0.48314606741573035,2139.5,-9360.5,-10393.0
ml,pred_focus_hit99_hgb,0.61,0.55,0.65,90,178,0.6629213483146067,56.971910112359545,-3.808988764044944,-678.0,26.559322033898304,-63.53333333333333,0.8221406086044072,-13.455555555555556,"-1.39,-13.46,-0.32,0.09",3,8,-28.423076923076923,0.48314606741573035,2222.5,-9277.5,-10821.5
ml,pred_focus_hit99_hgb,0.61,0.55,0.65,95,178,0.6235955056179775,56.971910112359545,-4.23033707865169,-753.0000000000008,31.50900900900901,-63.440298507462686,0.8228443712504411,-14.900000000000002,"-0.06,-14.90,-1.11,-0.70",3,8,-33.807692307692314,0.48314606741573035,2035.5,-9464.5,-11297.5
ml,pred_focus_hit99_hgb,0.61,0.55,0.65,99,178,0.6067415730337079,56.971910112359545,-3.4044943820224747,-606.0000000000005,35.49074074074074,-63.41428571428571,0.8634827663888263,-12.855555555555558,"0.41,-12.86,-0.73,-0.32",2,8,-32.57692307692308,0.48314606741573035,2358.5,-9141.5,-11096.0
ml,pred_focus_hit99_hgb,0.62,0.55,0.65,80,164,0.725609756097561,56.98170731707317,-5.432926829268292,-890.9999999999999,16.558823529411764,-63.58888888888889,0.6886248471081601,-10.792682926829269,"-4.84,-10.79,-3.16,-2.94",2,8,-26.59090909090909,0.4817073170731707,2029.5,-9470.5,-10539.5
ml,pred_focus_hit99_hgb,0.62,0.55,0.65,85,164,0.7073170731707317,56.98170731707317,-3.3597560975609797,-551.0000000000007,21.56896551724138,-63.604166666666664,0.8195217818539142,-11.64634146341464,"-3.26,-11.65,0.62,0.84",3,8,-32.045454545454554,0.4817073170731707,3287.0,-8213.0,-10024.0
ml,pred_focus_hit99_hgb,0.62,0.55,0.65,90,164,0.676829268292683,56.98170731707317,-2.5670731707317076,-421.00000000000006,26.545045045045047,-63.5377358490566,0.874981440237565,-8.597560975609756,"-4.11,-8.60,0.01,2.43",4,8,-30.227272727272727,0.4817073170731707,3572.0,-7928.0,-10272.0
ml,pred_focus_hit99_hgb,0.62,0.55,0.65,95,164,0.6341463414634146,56.98170731707317,-3.2378048780487845,-531.0000000000007,31.490384615384617,-63.43333333333333,0.8604834471886496,-10.182926829268299,"-3.13,-10.18,-1.09,1.45",5,8,-37.045454545454554,0.4817073170731707,3034.5,-8465.5,-10844.0
ml,pred_focus_hit99_hgb,0.62,0.55,0.65,99,164,0.6158536585365854,56.98170731707317,-2.512195121951222,-412.00000000000045,35.47029702970297,-63.404761904761905,0.8968581799974965,-10.35365853658537,"-0.60,-10.35,-0.87,1.77",4,8,-35.95454545454546,0.4817073170731707,3224.0,-8276.0,-10575.0
ml,pred_focus_hit99_hgb,0.63,0.55,0.65,80,150,0.74,57.006666666666675,-4.306666666666666,-645.9999999999999,16.554054054054053,-63.67948717948718,0.739883229313469,-10.921052631578947,"-2.29,-10.92,-1.01,-2.88",3,8,-27.38888888888889,0.48,3000.0,-8500.0,-10419.0
ml,pred_focus_hit99_hgb,0.63,0.55,0.65,85,150,0.72,57.006666666666675,-2.3066666666666706,-346.0000000000006,21.564814814814813,-63.69047619047619,0.8706542056074766,-12.105263157894742,"-0.71,-12.11,2.91,0.91",3,8,-34.611111111111114,0.48,4837.0,-6663.0,-9288.0
ml,pred_focus_hit99_hgb,0.63,0.55,0.65,90,150,0.6866666666666666,57.006666666666675,-1.7066666666666663,-255.99999999999994,26.538834951456312,-63.6063829787234,0.9143669509951496,-9.078947368421055,"-1.76,-9.08,1.96,2.26",3,8,-32.94444444444444,0.48,4815.5,-6684.5,-9424.0
ml,pred_focus_hit99_hgb,0.63,0.55,0.65,95,150,0.6533333333333333,57.006666666666675,-1.4400000000000048,-216.0000000000007,31.510204081632654,-63.53846153846154,0.9346246973365617,-8.552631578947373,"-0.84,-8.55,0.47,3.34",5,8,-31.277777777777786,0.48,5142.5,-6357.5,-9830.0
ml,pred_focus_hit99_hgb,0.63,0.55,0.65,99,150,0.64,57.006666666666675,-0.14666666666666894,-22.00000000000034,35.5,-63.51851851851852,0.9935860058309038,-8.842105263157897,"1.79,-8.84,3.18,3.47",4,8,-29.94444444444445,0.48,6647.0,-4853.0,-9389.0
ml,pred_focus_hit99_hgb,0.64,0.55,0.65,80,135,0.7481481481481481,56.95555555555555,-3.603703703703703,-486.49999999999994,16.58910891089109,-63.588235294117645,0.7749768732654949,-7.0,"-4.65,-7.00,-2.50,-0.17",3,8,-23.125,0.48148148148148145,4011.0,-7489.0,-9496.5
ml,pred_focus_hit99_hgb,0.64,0.55,0.65,85,135,0.725925925925926,56.95555555555555,-1.751851851851856,-236.50000000000057,21.602040816326532,-63.608108108108105,0.899511366050563,-8.470588235294123,"-3.47,-8.47,1.32,3.77",3,8,-31.250000000000004,0.48148148148148145,6011.5,-5488.5,-8535.5
ml,pred_focus_hit99_hgb,0.64,0.55,0.65,90,135,0.6962962962962963,56.95555555555555,-0.788888888888889,-106.50000000000001,26.595744680851062,-63.573170731707314,0.959140610013428,-5.23529411764706,"-2.59,-5.24,-0.15,4.98",3,8,-29.375,0.48148148148148145,6943.5,-4556.5,-8129.0
ml,pred_focus_hit99_hgb,0.64,0.55,0.65,95,135,0.6592592592592592,56.95555555555555,-0.8259259259259307,-111.50000000000065,31.56741573033708,-63.5,0.9618281410475864,-4.79411764705883,"-2.00,-4.79,-2.21,5.89",3,8,-27.500000000000004,0.48148148148148145,6294.5,-5205.5,-9576.5
ml,pred_focus_hit99_hgb,0.64,0.55,0.65,99,135,0.6444444444444445,56.95555555555555,0.3444444444444412,46.49999999999957,35.55747126436781,-63.479166666666664,1.0152609123728258,-5.235294117647063,"0.59,-5.24,0.38,5.80",3,8,-26.000000000000004,0.48148148148148145,7716.0,-3784.0,-9207.0
ml,pred_focus_hit99_hgb,0.65,0.55,0.65,80,119,0.7394957983193278,56.94117647058824,-4.281512605042017,-509.5,16.602272727272727,-63.564516129032256,0.7414361837097183,-7.6,"-7.53,-1.93,-7.60,0.09",3,8,-23.125,0.46218487394957986,3914.5,-7585.5,-9598.5
ml,pred_focus_hit99_hgb,0.65,0.55,0.65,85,119,0.7142857142857143,56.94117647058824,-2.7268907563025246,-324.50000000000045,21.617647058823525,-63.588235294117645,0.8499074930619795,-6.933333333333337,"-6.87,-0.93,-6.93,4.05",3,8,-31.250000000000004,0.46218487394957986,5164.0,-6336.0,-8587.0
ml,pred_focus_hit99_hgb,0.65,0.55,0.65,90,119,0.6890756302521008,56.94117647058824,-1.4243697478991606,-169.5000000000001,26.634146341463413,-63.608108108108105,0.9279796048438496,-9.6,"-6.53,2.73,-9.60,8.02",3,8,-29.375,0.46218487394957986,6549.0,-4951.0,-8269.5
ml,pred_focus_hit99_hgb,0.65,0.55,0.65,95,119,0.6638655462184874,56.94117647058824,-0.3739495798319376,-44.500000000000576,31.61392405063291,-63.55,0.9824940991345398,-9.766666666666671,"-6.53,3.23,-9.77,11.98",3,8,-27.500000000000004,0.46218487394957986,7283.0,-4217.0,-9456.5
ml,pred_focus_hit99_hgb,0.65,0.55,0.65,99,119,0.6470588235294118,56.94117647058824,0.6176470588235272,73.49999999999974,35.603896103896105,-63.523809523809526,1.0275487256371814,-7.5000000000000036,"-4.13,2.73,-7.50,11.74",3,8,-26.000000000000004,0.46218487394957986,8826.0,-2674.0,-8846.0
ml,pred_focus_hit99_hgb,0.66,0.55,0.65,80,107,0.7289719626168224,57.07476635514019,-5.257009345794391,-562.4999999999999,16.46153846153846,-63.672413793103445,0.6953696181965882,-13.277777777777779,"-7.20,1.76,-13.28,-2.19",2,8,-23.125,0.45794392523364486,3633.5,-7866.5,-9737.5
ml,pred_focus_hit99_hgb,0.66,0.55,0.65,85,107,0.7009345794392523,57.07476635514019,-3.9953271028037416,-427.50000000000034,21.47333333333333,-63.6875,0.7902355250245338,-13.277777777777782,"-6.83,2.69,-13.28,1.65",3,8,-31.250000000000004,0.45794392523364486,4513.0,-6987.0,-8632.5
ml,pred_focus_hit99_hgb,0.66,0.55,0.65,90,107,0.6728971962616822,57.07476635514019,-3.014018691588785,-322.5,26.48611111111111,-63.7,0.8553487328997533,-16.98148148148148,"-6.83,6.57,-16.98,5.50",3,8,-29.375,0.45794392523364486,5032.0,-6468.0,-8312.0
ml,pred_focus_hit99_hgb,0.66,0.55,0.65,95,107,0.6448598130841121,57.07476635514019,-2.313084112149537,-247.50000000000045,31.456521739130427,-63.63157894736842,0.8976426799007442,-17.907407407407412,"-7.20,6.94,-17.91,9.35",3,8,-27.500000000000004,0.45794392523364486,5533.5,-5966.5,-8812.5
ml,pred_focus_hit99_hgb,0.66,0.55,0.65,99,107,0.6355140186915887,57.07476635514019,-0.6588785046728991,-70.5000000000002,35.470588235294116,-63.65384615384615,0.9716012084592145,-15.981481481481483,"-4.83,6.24,-15.98,12.42",4,8,-26.000000000000004,0.45794392523364486,6979.0,-4521.0,-8446.5
ml,pred_focus_hit99_hgb,0.67,0.55,0.65,80,99,0.7373737373737373,57.111111111111114,-4.62121212121212,-457.49999999999994,16.458904109589042,-63.80769230769231,0.7242314647377939,-9.34,"-5.98,3.78,-9.34,-7.04",1,8,-18.5,0.46464646464646464,4377.5,-7122.5,-8786.5
ml,pred_focus_hit99_hgb,0.67,0.55,0.65,85,99,0.7070707070707071,57.111111111111114,-3.510101010101013,-347.5000000000003,21.47142857142857,-63.810344827586206,0.8122129154282627,-9.340000000000002,"-5.78,4.58,-9.34,-3.50",3,8,-26.928571428571434,0.46464646464646464,5362.5,-6137.5,-7511.0
ml,pred_focus_hit99_hgb,0.67,0.55,0.65,90,99,0.6767676767676768,57.111111111111114,-2.702020202020202,-267.5,26.48507462686567,-63.8125,0.8690009794319294,-13.34,"-5.98,8.58,-13.34,0.04",3,8,-24.785714285714285,0.46464646464646464,5579.5,-5920.5,-7743.5
ml,pred_focus_hit99_hgb,0.67,0.55,0.65,95,99,0.6464646464646465,57.111111111111114,-2.1969696969697003,-217.50000000000034,31.453124999999993,-63.72857142857143,0.9024882313382647,-14.340000000000005,"-6.58,8.78,-14.34,3.58",3,8,-22.642857142857146,0.46464646464646464,6094.5,-5405.5,-8541.5
ml,pred_focus_hit99_hgb,0.67,0.55,0.65,99,99,0.6363636363636364,57.111111111111114,-0.6111111111111124,-60.50000000000012,35.46825396825397,-63.75,0.9736383442265795,-12.26,"-4.18,7.86,-12.26,6.42",4,8,-20.928571428571434,0.46464646464646464,7355.0,-4145.0,-8090.5
ml,pred_focus_hit99_hgb,0.68,0.55,0.65,80,83,0.7349397590361446,57.036144578313255,-4.740963855421687,-393.5,16.549180327868854,-63.77272727272727,0.7195295794725588,-10.357142857142858,"-10.36,5.36,-10.26,-3.65",1,8,-15.900000000000002,0.4457831325301205,5150.0,-6350.0,-7954.0
ml,pred_focus_hit99_hgb,0.68,0.55,0.65,85,83,0.6987951807228916,57.036144578313255,-4.138554216867474,-343.50000000000034,21.56896551724137,-63.78,0.7845719661335839,-11.071428571428577,"-11.07,5.60,-10.98,0.10",1,8,-29.300000000000004,0.4457831325301205,5415.0,-6085.0,-7294.5
ml,pred_focus_hit99_hgb,0.68,0.55,0.65,90,83,0.6746987951807228,57.036144578313255,-2.8132530120481927,-233.5,26.553571428571427,-63.72222222222222,0.8642836384771868,-12.261904761904763,"-12.26,9.64,-12.17,3.85",3,8,-27.3,0.4457831325301205,6350.5,-5149.5,-7055.0
ml,pred_focus_hit99_hgb,0.68,0.55,0.65,95,83,0.6385542168674698,57.036144578313255,-2.8734939759036187,-238.50000000000034,31.518867924528294,-63.63333333333333,0.8750654793085383,-13.928571428571434,"-13.93,9.17,-13.83,7.60",3,8,-25.300000000000004,0.4457831325301205,5870.0,-5630.0,-8196.0
ml,pred_focus_hit99_hgb,0.68,0.55,0.65,99,83,0.6265060240963856,57.036144578313255,-1.512048192771086,-125.50000000000014,35.53846153846154,-63.66129032258065,0.9364073980238156,-11.833333333333334,"-11.83,7.50,-11.74,10.60",4,8,-23.700000000000006,0.4457831325301205,7021.5,-4478.5,-7902.5
ml,pred_focus_hit99_hgb,0.69,0.55,0.65,80,75,0.72,56.98666666666667,-5.886666666666667,-441.5,16.592592592592595,-63.69047619047619,0.6699065420560748,-13.342105263157896,"-13.34,12.82,-13.13,-10.11",2,8,-37.166666666666664,0.4666666666666667,4810.5,-6689.5,-8169.5
ml,pred_focus_hit99_hgb,0.69,0.55,0.65,85,75,0.6933333333333334,56.98666666666667,-4.553333333333338,-341.50000000000034,21.63461538461538,-63.76086956521739,0.7671326287078075,-14.657894736842112,"-14.66,13.08,-9.97,-6.78",2,8,-35.5,0.4666666666666667,5407.5,-6092.5,-7138.0
ml,pred_focus_hit99_hgb,0.69,0.55,0.65,90,75,0.6666666666666666,56.98666666666667,-3.486666666666667,-261.5,26.62,-63.7,0.8357927786499215,-16.5,"-16.50,17.55,-11.55,-3.44",2,8,-33.833333333333336,0.4666666666666667,6084.5,-5415.5,-6733.5
ml,pred_focus_hit99_hgb,0.69,0.55,0.65,95,75,0.6266666666666667,56.98666666666667,-3.953333333333337,-296.5000000000003,31.585106382978722,-63.607142857142854,0.8335204941044357,-18.868421052631586,"-18.87,17.03,-13.66,-0.11",2,8,-32.166666666666664,0.4666666666666667,5530.0,-5970.0,-7527.0
ml,pred_focus_hit99_hgb,0.69,0.55,0.65,99,75,0.6133333333333333,56.98666666666667,-2.7666666666666684,-207.50000000000014,35.608695652173914,-63.63793103448276,0.8875643457057708,-16.973684210526315,"-16.97,15.18,-11.55,2.56",3,8,-30.833333333333332,0.4666666666666667,6250.5,-5249.5,-7388.5
ml,pred_focus_hit99_hgb,0.7,0.55,0.65,80,66,0.7424242424242424,57.01515151515151,-4.12121212121212,-271.99999999999994,16.479591836734695,-63.5,0.7480314960629922,-8.999999999999996,"-7.26,2.44,-2.88,-9.00",2,8,-63.5,0.4393939393939394,6422.0,-5078.0,-6418.0
ml,pred_focus_hit99_hgb,0.7,0.55,0.65,85,66,0.7121212121212122,57.01515151515151,-2.9848484848484893,-197.00000000000028,21.521276595744677,-63.60526315789474,0.8369880016549439,-8.735294117647063,"-8.74,6.56,-4.44,-5.56",4,8,-63.5,0.4393939393939394,7172.0,-4328.0,-5519.5
ml,pred_focus_hit99_hgb,0.7,0.55,0.65,90,66,0.6818181818181818,57.01515151515151,-2.1515151515151514,-142.0,26.5,-63.54761904761905,0.8935931060322218,-10.794117647058824,"-10.79,10.68,-6.63,-2.12",4,8,-63.5,0.4393939393939394,7614.0,-3886.0,-6158.5
ml,pred_focus_hit99_hgb,0.7,0.55,0.65,95,66,0.6363636363636364,57.01515151515151,-3.0606060606060645,-202.00000000000026,31.452380952380945,-63.458333333333336,0.8673670387393301,-13.441176470588243,"-13.44,14.79,-9.44,-4.63",3,8,-63.5,0.4393939393939394,6724.0,-4776.0,-6860.0
ml,pred_focus_hit99_hgb,0.7,0.55,0.65,99,66,0.6212121212121212,57.01515151515151,-2.0151515151515182,-133.0000000000002,35.47560975609756,-63.5,0.9162204724409448,-11.323529411764708,"-11.32,12.26,-7.19,-2.13",4,8,-63.5,0.4393939393939394,7241.0,-4259.0,-6785.5
ml,pred_focus_hit99_hgb,0.71,0.55,0.65,80,55,0.7454545454545455,57.163636363636364,-4.027272727272726,-221.49999999999991,16.32926829268293,-63.642857142857146,0.7514029180695848,-12.214285714285714,"4.79,-12.21,-0.14,-8.88",3,8,-64.5,0.4727272727272727,7041.5,-4458.5,-6822.5
ml,pred_focus_hit99_hgb,0.71,0.55,0.65,85,55,0.7090909090909091,57.163636363636364,-3.3909090909090946,-186.5000000000002,21.371794871794865,-63.75,0.8171568627450978,-9.000000000000002,"3.00,-9.00,-2.29,-5.42",3,8,-64.5,0.4727272727272727,7333.5,-4166.5,-5846.5
ml,pred_focus_hit99_hgb,0.71,0.55,0.65,90,55,0.6727272727272727,57.163636363636364,-3.118181818181818,-171.5,26.33783783783784,-63.666666666666664,0.8503490401396161,-8.884615384615383,"0.50,-5.79,1.29,-8.88",2,8,-64.5,0.4727272727272727,7423.5,-4076.5,-5396.0
ml,pred_focus_hit99_hgb,0.71,0.55,0.65,95,55,0.6181818181818182,57.163636363636364,-4.93636363636364,-271.5000000000002,31.264705882352935,-63.54761904761905,0.7965530161109028,-13.115384615384615,"-2.71,-2.57,-1.93,-13.12",2,8,-64.5,0.4727272727272727,5975.5,-5524.5,-7133.5
ml,pred_focus_hit99_hgb,0.71,0.55,0.65,99,55,0.6,57.163636363636364,-4.2636363636363654,-234.5000000000001,35.28787878787879,-63.59090909090909,0.8323802716225875,-10.961538461538462,"-0.14,-7.07,0.64,-10.96",3,8,-64.5,0.4727272727272727,6263.5,-5236.5,-7258.0
ml,pred_focus_hit99_hgb,0.72,0.55,0.65,80,40,0.775,57.025000000000006,-1.5249999999999992,-60.99999999999997,16.338709677419356,-63.05555555555556,0.892511013215859,-15.9,"8.40,-15.90,8.90,-7.50",4,7,-23.5,0.425,9554.5,-1945.5,-4725.0
ml,pred_focus_hit99_hgb,0.72,0.55,0.65,85,40,0.725,57.025000000000006,-1.9000000000000032,-76.00000000000013,21.39655172413793,-63.31818181818182,0.8908829863603731,-12.900000000000006,"4.40,-12.90,4.90,-4.00",4,7,-21.000000000000004,0.425,9130.0,-2370.0,-4342.5
ml,pred_focus_hit99_hgb,0.72,0.55,0.65,90,40,0.675,57.025000000000006,-2.7749999999999995,-110.99999999999997,26.35185185185185,-63.26923076923077,0.8650455927051671,-9.9,"-0.60,-9.90,8.90,-9.50",3,7,-19.0,0.425,8540.0,-2960.0,-4951.0
ml,pred_focus_hit99_hgb,0.72,0.55,0.65,95,40,0.625,57.025000000000006,-4.150000000000004,-166.00000000000014,31.179999999999993,-63.03333333333333,0.8244315177154942,-6.900000000000006,"-6.60,-6.90,3.40,-6.50",3,7,-16.500000000000004,0.425,7390.5,-4109.5,-6066.0
ml,pred_focus_hit99_hgb,0.72,0.55,0.65,99,40,0.6,57.025000000000006,-4.125000000000002,-165.00000000000009,35.208333333333336,-63.125,0.8366336633663366,-4.5000000000000036,"-4.20,-4.50,-3.70,-4.10",3,7,-14.500000000000004,0.425,7346.5,-4153.5,-6362.0
ml,pred_focus_hit99_hgb,0.73,0.55,0.65,80,37,0.7567567567567568,57.02702702702701,-2.9864864864864864,-110.5,16.321428571428573,-63.05555555555556,0.8052863436123349,-19.27777777777778,"8.40,-19.28,7.83,-10.17",3,6,-23.5,0.40540540540540543,8811.5,-2688.5,-4842.5
ml,pred_focus_hit99_hgb,0.73,0.55,0.65,85,37,0.7027027027027027,57.02702702702701,-3.797297297297301,-140.50000000000014,21.38461538461538,-63.31818181818182,0.7982770997846373,-16.500000000000007,"4.40,-16.50,2.83,-6.83",3,6,-21.000000000000004,0.40540540540540543,8246.0,-3254.0,-4581.0
ml,pred_focus_hit99_hgb,0.73,0.55,0.65,90,37,0.6486486486486487,57.02702702702701,-5.148648648648648,-190.5,26.333333333333332,-63.26923076923077,0.7683890577507598,-13.722222222222221,"-0.60,-13.72,6.72,-13.50",2,6,-19.0,0.40540540540540543,7448.5,-4051.5,-5400.5
ml,pred_focus_hit99_hgb,0.73,0.55,0.65,95,37,0.6216216216216216,57.02702702702701,-4.472972972972977,-165.50000000000014,31.239130434782602,-63.142857142857146,0.8127828054298641,-10.94444444444445,"-6.60,-10.94,10.61,-10.72",2,6,-16.500000000000004,0.40540540540540543,7388.0,-4112.0,-5894.5
ml,pred_focus_hit99_hgb,0.73,0.55,0.65,99,37,0.5945945945945946,57.02702702702701,-4.662162162162165,-172.5000000000001,35.27272727272727,-63.233333333333334,0.8181338956246705,-8.722222222222225,"-4.20,-8.72,2.72,-8.50",2,6,-14.500000000000004,0.40540540540540543,7418.0,-4082.0,-5899.0
ml,pred_focus_hit99_hgb,0.74,0.55,0.65,80,31,0.7741935483870968,57.06451612903226,-1.6290322580645158,-50.49999999999999,16.375000000000004,-63.357142857142854,0.886133032694476,-23.875,"6.88,-23.88,16.62,-6.79",4,5,-12.285714285714286,0.3870967741935484,9995.0,-1505.0,-4547.0
ml,pred_focus_hit99_hgb,0.74,0.55,0.65,85,31,0.7419354838709677,57.06451612903226,-0.5000000000000048,-15.50000000000015,21.3695652173913,-63.375,0.9694280078895461,-21.375000000000007,"11.25,-21.38,11.00,-3.21",4,5,-9.071428571428578,0.3870967741935484,10472.0,-1028.0,-4863.5
ml,pred_focus_hit99_hgb,0.74,0.55,0.65,90,31,0.6774193548387096,57.06451612903226,-2.596774193548387,-80.5,26.30952380952381,-63.3,0.872827804107425,-18.875,"4.37,-18.88,15.38,-12.50",3,5,-19.0,0.3870967741935484,9231.0,-2269.0,-4252.5
ml,pred_focus_hit99_hgb,0.74,0.55,0.65,95,31,0.6451612903225806,57.06451612903226,-2.2741935483871005,-70.50000000000011,31.199999999999996,-63.13636363636363,0.8984881209503238,-16.375000000000007,"-3.75,-16.38,19.75,-9.64",3,5,-16.500000000000004,0.3870967741935484,9227.0,-2273.0,-4809.5
ml,pred_focus_hit99_hgb,0.74,0.55,0.65,99,31,0.6129032258064516,57.06451612903226,-2.887096774193552,-89.50000000000011,35.23684210526316,-63.25,0.8820816864295126,-14.375000000000004,"-1.25,-14.38,10.87,-7.36",3,5,-14.500000000000004,0.3870967741935484,8813.5,-2686.5,-4514.5
ml,pred_focus_hit99_hgb,0.52,0.55,0.7,80,387,0.6925064599483204,56.95607235142119,-8.055555555555555,-3117.5,16.55223880597015,-63.47478991596638,0.5872774210630833,-13.221649484536082,"-8.95,-13.22,-5.03,-4.99",0,8,-16.15625,0.5012919896640827,-7.999999999999986,-11508.0,-12518.5
ml,pred_focus_hit99_hgb,0.52,0.55,0.7,85,387,0.661498708010336,56.95607235142119,-7.22868217054264,-2797.5000000000014,21.578125,-63.52290076335878,0.6638226281319474,-13.582474226804125,"-9.06,-13.58,-3.12,-3.11",0,8,-15.98837209302326,0.5012919896640827,-13.000000000000071,-11513.0,-12851.0
ml,pred_focus_hit99_hgb,0.52,0.55,0.7,90,387,0.6382428940568475,56.95607235142119,-6.01421188630491,-2327.5,26.572874493927124,-63.50714285714286,0.7382184231245079,-13.427835051546392,"-7.72,-13.43,-2.35,-0.51",0,8,-15.290697674418608,0.5012919896640827,-23.000000000000007,-11523.0,-13171.0
ml,pred_focus_hit99_hgb,0.52,0.55,0.7,95,387,0.6098191214470284,56.95607235142119,-5.523255813953492,-2137.5000000000014,31.5635593220339,-63.48675496688742,0.7770301987169457,-13.582474226804125,"-6.58,-13.58,-0.90,-0.98",1,8,-14.825581395348843,0.5012919896640827,-8.000000000000163,-11508.0,-13466.0
ml,pred_focus_hit99_hgb,0.52,0.55,0.7,99,387,0.5839793281653747,56.95607235142119,-5.642118863049098,-2183.500000000001,35.54867256637168,-63.462732919254655,0.7862980181061904,-12.500000000000002,"-7.25,-12.50,-1.32,-1.45",0,8,-12.779069767441866,0.5012919896640827,-30.5,-11530.5,-13773.0
ml,pred_focus_hit99_hgb,0.53,0.55,0.7,80,362,0.6850828729281768,56.9475138121547,-8.640883977900552,-3128.0,16.56048387096774,-63.46491228070175,0.5676572218382862,-14.225274725274724,"-9.81,-14.23,-3.98,-6.48",0,8,-17.928571428571427,0.494475138121547,-49.49999999999999,-11549.5,-12560.0
ml,pred_focus_hit99_hgb,0.53,0.55,0.7,85,362,0.6602209944751382,56.9475138121547,-7.328729281767958,-2653.000000000001,21.56694560669456,-63.47560975609756,0.6601985270573166,-13.016483516483518,"-10.19,-13.02,-2.14,-3.87",1,8,-15.98837209302326,0.494475138121547,-23.000000000000007,-11523.0,-12861.0
ml,pred_focus_hit99_hgb,0.53,0.55,0.7,90,362,0.638121546961326,56.9475138121547,-6.016574585635359,-2178.0,26.551948051948052,-63.44656488549618,0.7379534380075798,-13.016483516483516,"-9.04,-13.02,-0.53,-1.37",1,8,-15.290697674418608,0.494475138121547,-19.500000000000007,-11519.5,-13167.5
ml,pred_focus_hit99_hgb,0.53,0.55,0.7,95,362,0.6077348066298343,56.9475138121547,-5.712707182320446,-2068.0000000000014,31.54090909090909,-63.429577464788736,0.7704007993782613,-12.302197802197806,"-8.10,-12.30,-0.20,-2.14",1,8,-14.825581395348843,0.494475138121547,-8.500000000000021,-11508.5,-13466.5
ml,pred_focus_hit99_hgb,0.53,0.55,0.7,99,362,0.5828729281767956,56.9475138121547,-5.743093922651936,-2079.000000000001,35.518957345971565,-63.40066225165563,0.7828380425131874,-11.236263736263739,"-7.95,-11.24,-0.83,-2.87",1,8,-12.779069767441866,0.494475138121547,-39.00000000000003,-11539.0,-13781.5
ml,pred_focus_hit99_hgb,0.54,0.55,0.7,80,337,0.6735905044510386,56.961424332344215,-9.574183976261127,-3226.5,16.535242290748897,-63.45454545454545,0.5377507163323783,-16.916666666666668,"-9.75,-16.92,-5.44,-6.19",0,8,-20.615384615384617,0.4896142433234421,-34.99999999999997,-11535.0,-12545.5
ml,pred_focus_hit99_hgb,0.54,0.55,0.7,85,337,0.6468842729970327,56.961424332344215,-8.476261127596441,-2856.500000000001,21.541284403669724,-63.46638655462185,0.6217808672624958,-16.023809523809526,"-10.39,-16.02,-3.83,-3.63",1,8,-17.923076923076927,0.4896142433234421,-36.50000000000003,-11536.5,-12874.5
ml,pred_focus_hit99_hgb,0.54,0.55,0.7,90,337,0.6231454005934718,56.961424332344215,-7.378338278931751,-2486.5,26.523809523809526,-63.43700787401575,0.6913672190157016,-16.44047619047619,"-9.39,-16.44,-2.46,-1.19",1,8,-15.823529411764707,0.4896142433234421,-32.000000000000014,-11532.0,-13180.0
ml,pred_focus_hit99_hgb,0.54,0.55,0.7,95,337,0.5934718100890207,56.961424332344215,-7.081602373887246,-2386.500000000002,31.505,-63.41240875912409,0.725294964028777,-16.083333333333336,"-8.63,-16.08,-1.33,-2.26",2,8,-18.764705882352946,0.4896142433234421,-10.000000000000007,-11510.0,-13468.0
ml,pred_focus_hit99_hgb,0.54,0.55,0.7,99,337,0.5727002967359051,56.961424332344215,-6.764094955489617,-2279.500000000001,35.48963730569948,-63.395833333333336,0.7503012378135612,-15.261904761904765,"-8.65,-15.26,0.11,-3.23",2,8,-16.882352941176475,0.4896142433234421,-26.5,-11526.5,-13769.0
ml,pred_focus_hit99_hgb,0.55,0.55,0.7,80,310,0.6709677419354839,56.941935483870964,-9.764516129032257,-3027.0,16.5625,-63.450980392156865,0.532292954264524,-17.423076923076923,"-9.01,-17.42,-4.32,-8.21",0,8,-16.670731707317074,0.5,-21.0,-11521.0,-12531.5
ml,pred_focus_hit99_hgb,0.55,0.55,0.7,85,310,0.6419354838709678,56.941935483870964,-8.877419354838713,-2752.000000000001,21.57035175879397,-63.46396396396396,0.6093406203421109,-16.717948717948723,"-9.97,-16.72,-2.82,-5.88",0,8,-15.98837209302326,0.5,-29.500000000000057,-11529.5,-12867.5
ml,pred_focus_hit99_hgb,0.55,0.55,0.7,90,310,0.6193548387096774,56.941935483870964,-7.7,-2387.0,26.552083333333332,-63.432203389830505,0.6810955243820975,-16.26923076923077,"-9.14,-16.27,-1.59,-3.67",1,8,-18.392857142857142,0.5,-10.0,-11510.0,-13158.0
ml,pred_focus_hit99_hgb,0.55,0.55,0.7,95,310,0.5903225806451613,56.941935483870964,-7.361290322580648,-2282.000000000001,31.527322404371585,-63.39763779527559,0.7165745513258399,-14.858974358974365,"-8.56,-14.86,-0.62,-5.29",2,8,-19.28571428571429,0.5,-18.5000000000001,-11518.5,-13476.5
ml,pred_focus_hit99_hgb,0.55,0.55,0.7,99,310,0.5741935483870968,56.941935483870964,-6.596774193548389,-2045.0000000000005,35.51685393258427,-63.38636363636363,0.7555874267957452,-14.076923076923077,"-8.79,-14.08,0.75,-4.14",2,8,-17.428571428571434,0.5,-13.000000000000071,-11513.0,-13755.5
ml,pred_focus_hit99_hgb,0.56,0.55,0.7,80,286,0.6573426573426573,56.95104895104895,-10.863636363636363,-3107.0,16.52127659574468,-63.39795918367347,0.4999195235795912,-19.041666666666668,"-8.94,-19.04,-5.01,-10.37",0,8,-18.44871794871795,0.493006993006993,-40.0,-11540.0,-12550.5
ml,pred_focus_hit99_hgb,0.56,0.55,0.7,85,286,0.6293706293706294,56.95104895104895,-9.954545454545459,-2847.000000000001,21.516666666666662,-63.39622641509434,0.5763392857142856,-18.625,"-10.26,-18.62,-2.54,-8.26",0,8,-17.80769230769231,0.493006993006993,-1.500000000000064,-11501.5,-12839.5
ml,pred_focus_hit99_hgb,0.56,0.55,0.7,90,286,0.6048951048951049,56.95104895104895,-9.01048951048951,-2577.0,26.49421965317919,-63.36725663716814,0.6401089309405767,-18.48611111111111,"-9.64,-18.49,-1.49,-6.29",1,8,-21.958333333333332,0.493006993006993,-64.0,-11564.0,-13212.0
ml,pred_focus_hit99_hgb,0.56,0.55,0.7,95,286,0.5734265734265734,56.95104895104895,-8.975524475524479,-2567.000000000001,31.463414634146343,-63.33606557377049,0.6677882748802899,-18.625000000000007,"-7.97,-18.63,-0.71,-8.47",1,8,-23.625000000000004,0.493006993006993,-37.500000000000064,-11537.5,-13495.5
ml,pred_focus_hit99_hgb,0.56,0.55,0.7,99,286,0.5559440559440559,56.95104895104895,-8.412587412587413,-2406.0000000000005,35.4496855345912,-63.326771653543304,0.7008392912651539,-18.111111111111114,"-8.39,-18.11,0.54,-7.56",1,8,-21.95833333333334,0.493006993006993,-48.000000000000014,-11548.0,-13790.5
ml,pred_focus_hit99_hgb,0.57,0.55,0.7,80,264,0.6666666666666666,56.96590909090909,-10.132575757575758,-2675.0,16.53409090909091,-63.46590909090909,0.5210384959713519,-17.40909090909091,"-8.88,-17.41,-5.45,-8.79",0,8,-15.67142857142857,0.5,-9.5,-11509.5,-12152.5
ml,pred_focus_hit99_hgb,0.57,0.55,0.7,85,264,0.6401515151515151,56.96590909090909,-9.053030303030306,-2390.000000000001,21.517751479289938,-63.43684210526316,0.6034182361237865,-15.818181818181818,"-10.62,-15.82,-3.11,-6.67",0,8,-17.86585365853659,0.5,-14.000000000000057,-11514.0,-12357.0
ml,pred_focus_hit99_hgb,0.57,0.55,0.7,90,264,0.6136363636363636,56.96590909090909,-8.238636363636363,-2175.0,26.493827160493826,-63.40196078431372,0.6636771300448431,-15.742424242424242,"-10.24,-15.74,-2.27,-4.70",1,8,-20.357142857142858,0.5,162.0,-11338.0,-12455.0
ml,pred_focus_hit99_hgb,0.57,0.55,0.7,95,264,0.5795454545454546,56.96590909090909,-8.409090909090912,-2220.000000000001,31.46078431372549,-63.36486486486486,0.6843676690125826,-15.969696969696972,"-8.73,-15.97,-1.74,-7.20",1,8,-22.500000000000004,0.5,-19.500000000000007,-11519.5,-12762.5
ml,pred_focus_hit99_hgb,0.57,0.55,0.7,99,264,0.5643939393939394,56.96590909090909,-7.5909090909090935,-2004.0000000000007,35.45973154362416,-63.369565217391305,0.725008576329331,-15.469696969696969,"-7.92,-15.47,-0.64,-6.33",2,8,-20.78571428571429,0.5,311.0,-11189.0,-12680.5
ml,pred_focus_hit99_hgb,0.58,0.55,0.7,80,243,0.6707818930041153,56.97942386831277,-9.816872427983538,-2385.5,16.55521472392638,-63.55,0.5307828481510621,-16.270491803278688,"-8.34,-16.27,-7.25,-7.37",0,8,-18.833333333333332,0.5020576131687243,-3.0000000000000213,-11503.0,-12146.0
ml,pred_focus_hit99_hgb,0.58,0.55,0.7,85,243,0.6502057613168725,56.97942386831277,-8.211934156378604,-1995.5000000000007,21.54430379746835,-63.523529411764706,0.6304287434021667,-16.10655737704918,"-9.07,-16.11,-3.73,-3.87",0,8,-20.777777777777782,0.5020576131687243,418.0,-11082.0,-12001.5
ml,pred_focus_hit99_hgb,0.58,0.55,0.7,90,243,0.6213991769547325,56.97942386831277,-7.553497942386831,-1835.5,26.519867549668874,-63.47826086956522,0.6857020547945205,-16.270491803278688,"-8.83,-16.27,-3.16,-1.87",1,8,-28.27777777777778,0.5020576131687243,474.0,-11026.0,-12266.5
ml,pred_focus_hit99_hgb,0.58,0.55,0.7,95,243,0.588477366255144,56.97942386831277,-7.574074074074078,-1840.500000000001,31.486013986013987,-63.43,0.7098376162699038,-18.319672131147545,"-7.35,-18.32,-1.35,-3.20",2,8,-31.61111111111111,0.5020576131687243,513.5,-10986.5,-12451.0
ml,pred_focus_hit99_hgb,0.58,0.55,0.7,99,243,0.5761316872427984,56.97942386831277,-6.442386831275721,-1565.5000000000002,35.47142857142857,-63.4126213592233,0.760315394626043,-16.418032786885245,"-6.61,-16.42,-0.35,-2.32",3,8,-30.27777777777778,0.5020576131687243,706.5,-10793.5,-12450.0
ml,pred_focus_hit99_hgb,0.59,0.55,0.7,80,218,0.6834862385321101,57.00458715596331,-8.825688073394495,-1924.0,16.52013422818792,-63.55797101449275,0.5612814958385589,-15.463636363636363,"-5.30,-15.46,-8.93,-5.56",0,8,-16.323529411764707,0.5,442.5,-11057.5,-12256.5
ml,pred_focus_hit99_hgb,0.59,0.55,0.7,85,218,0.6697247706422018,57.00458715596331,-6.57798165137615,-1434.0000000000007,21.527397260273972,-63.56944444444444,0.6866943412715752,-14.009090909090911,"-4.75,-14.01,-5.50,-1.94",0,8,-18.382352941176475,0.5,903.5,-10596.5,-11555.5
ml,pred_focus_hit99_hgb,0.59,0.55,0.7,90,218,0.6376146788990825,57.00458715596331,-6.1192660550458715,-1334.0,26.5,-63.5126582278481,0.7341305430991529,-14.372727272727273,"-4.57,-14.37,-5.41,-0.00",2,8,-26.323529411764707,0.5,1053.5,-10446.5,-11698.5
ml,pred_focus_hit99_hgb,0.59,0.55,0.7,95,218,0.6009174311926605,57.00458715596331,-6.417431192660555,-1399.000000000001,31.461832061068694,-63.45402298850575,0.7465809256407933,-16.827272727272728,"-3.03,-16.83,-3.93,-1.76",2,8,-29.85294117647059,0.5,894.5,-10605.5,-12064.5
ml,pred_focus_hit99_hgb,0.59,0.55,0.7,99,218,0.5871559633027523,57.00458715596331,-5.3761467889908285,-1172.0000000000007,35.4453125,-63.43333333333333,0.7947101068488351,-14.863636363636363,"-2.28,-14.86,-3.24,-1.00",3,8,-28.44117647058824,0.5,913.0,-10587.0,-12180.5
ml,pred_focus_hit99_hgb,0.6,0.55,0.7,80,198,0.702020202020202,56.979797979797986,-7.318181818181818,-1449.0,16.528776978417266,-63.5,0.6132390230882157,-12.2,"-4.26,-12.20,-8.17,-4.60",1,8,-15.58,0.4797979797979798,900.0,-10600.0,-11799.0
ml,pred_focus_hit99_hgb,0.6,0.55,0.7,85,198,0.6868686868686869,56.979797979797986,-5.0959595959596005,-1009.0000000000009,21.53676470588235,-63.516129032258064,0.7437785678009141,-12.400000000000004,"-2.26,-12.40,-4.70,-0.93",2,8,-15.437500000000004,0.4797979797979798,1441.5,-10058.5,-11064.0
ml,pred_focus_hit99_hgb,0.6,0.55,0.7,90,198,0.6515151515151515,56.979797979797986,-4.843434343434344,-959.0000000000001,26.507751937984494,-63.45652173913044,0.7809752198241406,-13.0,"-2.26,-13.00,-4.91,0.91",3,8,-23.875,0.4797979797979798,1487.5,-10012.5,-11377.5
ml,pred_focus_hit99_hgb,0.6,0.55,0.7,95,198,0.6111111111111112,56.979797979797986,-5.424242424242429,-1074.000000000001,31.46694214876033,-63.396103896103895,0.7799856601454471,-15.900000000000004,"-0.76,-15.90,-3.58,-1.34",3,8,-27.625000000000004,0.4797979797979798,1139.5,-10360.5,-11706.0
ml,pred_focus_hit99_hgb,0.6,0.55,0.7,99,198,0.5959595959595959,56.979797979797986,-4.479797979797982,-887.0000000000005,35.44915254237288,-63.375,0.8250493096646943,-13.900000000000002,"-0.10,-13.90,-3.07,-0.74",2,8,-26.125000000000004,0.4797979797979798,1478.5,-10021.5,-11623.5
ml,pred_focus_hit99_hgb,0.61,0.55,0.7,80,178,0.7134831460674157,56.971910112359545,-6.393258426966291,-1137.9999999999998,16.570866141732285,-63.57843137254902,0.6490362374710871,-13.677777777777777,"-2.94,-13.68,-3.73,-5.14",2,8,-19.96153846153846,0.48314606741573035,1309.5,-10190.5,-11103.5
ml,pred_focus_hit99_hgb,0.61,0.55,0.7,85,178,0.6966292134831461,56.971910112359545,-4.258426966292139,-758.0000000000007,21.580645161290324,-63.592592592592595,0.7792661619103087,-14.34444444444445,"-1.06,-14.34,0.02,-1.50",3,8,-23.807692307692314,0.48314606741573035,2139.5,-9360.5,-10393.0
ml,pred_focus_hit99_hgb,0.61,0.55,0.7,90,178,0.6629213483146067,56.971910112359545,-3.808988764044944,-678.0,26.559322033898304,-63.53333333333333,0.8221406086044072,-13.455555555555556,"-1.39,-13.46,-0.32,0.09",3,8,-28.423076923076923,0.48314606741573035,2222.5,-9277.5,-10821.5
ml,pred_focus_hit99_hgb,0.61,0.55,0.7,95,178,0.6235955056179775,56.971910112359545,-4.23033707865169,-753.0000000000008,31.50900900900901,-63.440298507462686,0.8228443712504411,-14.900000000000002,"-0.06,-14.90,-1.11,-0.70",3,8,-33.807692307692314,0.48314606741573035,2035.5,-9464.5,-11297.5
ml,pred_focus_hit99_hgb,0.61,0.55,0.7,99,178,0.6067415730337079,56.971910112359545,-3.4044943820224747,-606.0000000000005,35.49074074074074,-63.41428571428571,0.8634827663888263,-12.855555555555558,"0.41,-12.86,-0.73,-0.32",2,8,-32.57692307692308,0.48314606741573035,2358.5,-9141.5,-11096.0
ml,pred_focus_hit99_hgb,0.62,0.55,0.7,80,164,0.725609756097561,56.98170731707317,-5.432926829268292,-890.9999999999999,16.558823529411764,-63.58888888888889,0.6886248471081601,-10.792682926829269,"-4.84,-10.79,-3.16,-2.94",2,8,-26.59090909090909,0.4817073170731707,2029.5,-9470.5,-10539.5
ml,pred_focus_hit99_hgb,0.62,0.55,0.7,85,164,0.7073170731707317,56.98170731707317,-3.3597560975609797,-551.0000000000007,21.56896551724138,-63.604166666666664,0.8195217818539142,-11.64634146341464,"-3.26,-11.65,0.62,0.84",3,8,-32.045454545454554,0.4817073170731707,3287.0,-8213.0,-10024.0
ml,pred_focus_hit99_hgb,0.62,0.55,0.7,90,164,0.676829268292683,56.98170731707317,-2.5670731707317076,-421.00000000000006,26.545045045045047,-63.5377358490566,0.874981440237565,-8.597560975609756,"-4.11,-8.60,0.01,2.43",4,8,-30.227272727272727,0.4817073170731707,3572.0,-7928.0,-10272.0
ml,pred_focus_hit99_hgb,0.62,0.55,0.7,95,164,0.6341463414634146,56.98170731707317,-3.2378048780487845,-531.0000000000007,31.490384615384617,-63.43333333333333,0.8604834471886496,-10.182926829268299,"-3.13,-10.18,-1.09,1.45",5,8,-37.045454545454554,0.4817073170731707,3034.5,-8465.5,-10844.0
ml,pred_focus_hit99_hgb,0.62,0.55,0.7,99,164,0.6158536585365854,56.98170731707317,-2.512195121951222,-412.00000000000045,35.47029702970297,-63.404761904761905,0.8968581799974965,-10.35365853658537,"-0.60,-10.35,-0.87,1.77",4,8,-35.95454545454546,0.4817073170731707,3224.0,-8276.0,-10575.0
ml,pred_focus_hit99_hgb,0.63,0.55,0.7,80,150,0.74,57.006666666666675,-4.306666666666666,-645.9999999999999,16.554054054054053,-63.67948717948718,0.739883229313469,-10.921052631578947,"-2.29,-10.92,-1.01,-2.88",3,8,-27.38888888888889,0.48,3000.0,-8500.0,-10419.0
ml,pred_focus_hit99_hgb,0.63,0.55,0.7,85,150,0.72,57.006666666666675,-2.3066666666666706,-346.0000000000006,21.564814814814813,-63.69047619047619,0.8706542056074766,-12.105263157894742,"-0.71,-12.11,2.91,0.91",3,8,-34.611111111111114,0.48,4837.0,-6663.0,-9288.0
ml,pred_focus_hit99_hgb,0.63,0.55,0.7,90,150,0.6866666666666666,57.006666666666675,-1.7066666666666663,-255.99999999999994,26.538834951456312,-63.6063829787234,0.9143669509951496,-9.078947368421055,"-1.76,-9.08,1.96,2.26",3,8,-32.94444444444444,0.48,4815.5,-6684.5,-9424.0
ml,pred_focus_hit99_hgb,0.63,0.55,0.7,95,150,0.6533333333333333,57.006666666666675,-1.4400000000000048,-216.0000000000007,31.510204081632654,-63.53846153846154,0.9346246973365617,-8.552631578947373,"-0.84,-8.55,0.47,3.34",5,8,-31.277777777777786,0.48,5142.5,-6357.5,-9830.0
ml,pred_focus_hit99_hgb,0.63,0.55,0.7,99,150,0.64,57.006666666666675,-0.14666666666666894,-22.00000000000034,35.5,-63.51851851851852,0.9935860058309038,-8.842105263157897,"1.79,-8.84,3.18,3.47",4,8,-29.94444444444445,0.48,6647.0,-4853.0,-9389.0
ml,pred_focus_hit99_hgb,0.64,0.55,0.7,80,135,0.7481481481481481,56.95555555555555,-3.603703703703703,-486.49999999999994,16.58910891089109,-63.588235294117645,0.7749768732654949,-7.0,"-4.65,-7.00,-2.50,-0.17",3,8,-23.125,0.48148148148148145,4011.0,-7489.0,-9496.5
ml,pred_focus_hit99_hgb,0.64,0.55,0.7,85,135,0.725925925925926,56.95555555555555,-1.751851851851856,-236.50000000000057,21.602040816326532,-63.608108108108105,0.899511366050563,-8.470588235294123,"-3.47,-8.47,1.32,3.77",3,8,-31.250000000000004,0.48148148148148145,6011.5,-5488.5,-8535.5
ml,pred_focus_hit99_hgb,0.64,0.55,0.7,90,135,0.6962962962962963,56.95555555555555,-0.788888888888889,-106.50000000000001,26.595744680851062,-63.573170731707314,0.959140610013428,-5.23529411764706,"-2.59,-5.24,-0.15,4.98",3,8,-29.375,0.48148148148148145,6943.5,-4556.5,-8129.0
ml,pred_focus_hit99_hgb,0.64,0.55,0.7,95,135,0.6592592592592592,56.95555555555555,-0.8259259259259307,-111.50000000000065,31.56741573033708,-63.5,0.9618281410475864,-4.79411764705883,"-2.00,-4.79,-2.21,5.89",3,8,-27.500000000000004,0.48148148148148145,6294.5,-5205.5,-9576.5
ml,pred_focus_hit99_hgb,0.64,0.55,0.7,99,135,0.6444444444444445,56.95555555555555,0.3444444444444412,46.49999999999957,35.55747126436781,-63.479166666666664,1.0152609123728258,-5.235294117647063,"0.59,-5.24,0.38,5.80",3,8,-26.000000000000004,0.48148148148148145,7716.0,-3784.0,-9207.0
ml,pred_focus_hit99_hgb,0.65,0.55,0.7,80,119,0.7394957983193278,56.94117647058824,-4.281512605042017,-509.5,16.602272727272727,-63.564516129032256,0.7414361837097183,-7.6,"-7.53,-1.93,-7.60,0.09",3,8,-23.125,0.46218487394957986,3914.5,-7585.5,-9598.5
ml,pred_focus_hit99_hgb,0.65,0.55,0.7,85,119,0.7142857142857143,56.94117647058824,-2.7268907563025246,-324.50000000000045,21.617647058823525,-63.588235294117645,0.8499074930619795,-6.933333333333337,"-6.87,-0.93,-6.93,4.05",3,8,-31.250000000000004,0.46218487394957986,5164.0,-6336.0,-8587.0
ml,pred_focus_hit99_hgb,0.65,0.55,0.7,90,119,0.6890756302521008,56.94117647058824,-1.4243697478991606,-169.5000000000001,26.634146341463413,-63.608108108108105,0.9279796048438496,-9.6,"-6.53,2.73,-9.60,8.02",3,8,-29.375,0.46218487394957986,6549.0,-4951.0,-8269.5
ml,pred_focus_hit99_hgb,0.65,0.55,0.7,95,119,0.6638655462184874,56.94117647058824,-0.3739495798319376,-44.500000000000576,31.61392405063291,-63.55,0.9824940991345398,-9.766666666666671,"-6.53,3.23,-9.77,11.98",3,8,-27.500000000000004,0.46218487394957986,7283.0,-4217.0,-9456.5
ml,pred_focus_hit99_hgb,0.65,0.55,0.7,99,119,0.6470588235294118,56.94117647058824,0.6176470588235272,73.49999999999974,35.603896103896105,-63.523809523809526,1.0275487256371814,-7.5000000000000036,"-4.13,2.73,-7.50,11.74",3,8,-26.000000000000004,0.46218487394957986,8826.0,-2674.0,-8846.0
ml,pred_focus_hit99_hgb,0.66,0.55,0.7,80,107,0.7289719626168224,57.07476635514019,-5.257009345794391,-562.4999999999999,16.46153846153846,-63.672413793103445,0.6953696181965882,-13.277777777777779,"-7.20,1.76,-13.28,-2.19",2,8,-23.125,0.45794392523364486,3633.5,-7866.5,-9737.5
ml,pred_focus_hit99_hgb,0.66,0.55,0.7,85,107,0.7009345794392523,57.07476635514019,-3.9953271028037416,-427.50000000000034,21.47333333333333,-63.6875,0.7902355250245338,-13.277777777777782,"-6.83,2.69,-13.28,1.65",3,8,-31.250000000000004,0.45794392523364486,4513.0,-6987.0,-8632.5
ml,pred_focus_hit99_hgb,0.66,0.55,0.7,90,107,0.6728971962616822,57.07476635514019,-3.014018691588785,-322.5,26.48611111111111,-63.7,0.8553487328997533,-16.98148148148148,"-6.83,6.57,-16.98,5.50",3,8,-29.375,0.45794392523364486,5032.0,-6468.0,-8312.0
ml,pred_focus_hit99_hgb,0.66,0.55,0.7,95,107,0.6448598130841121,57.07476635514019,-2.313084112149537,-247.50000000000045,31.456521739130427,-63.63157894736842,0.8976426799007442,-17.907407407407412,"-7.20,6.94,-17.91,9.35",3,8,-27.500000000000004,0.45794392523364486,5533.5,-5966.5,-8812.5
ml,pred_focus_hit99_hgb,0.66,0.55,0.7,99,107,0.6355140186915887,57.07476635514019,-0.6588785046728991,-70.5000000000002,35.470588235294116,-63.65384615384615,0.9716012084592145,-15.981481481481483,"-4.83,6.24,-15.98,12.42",4,8,-26.000000000000004,0.45794392523364486,6979.0,-4521.0,-8446.5
ml,pred_focus_hit99_hgb,0.67,0.55,0.7,80,99,0.7373737373737373,57.111111111111114,-4.62121212121212,-457.49999999999994,16.458904109589042,-63.80769230769231,0.7242314647377939,-9.34,"-5.98,3.78,-9.34,-7.04",1,8,-18.5,0.46464646464646464,4377.5,-7122.5,-8786.5
ml,pred_focus_hit99_hgb,0.67,0.55,0.7,85,99,0.7070707070707071,57.111111111111114,-3.510101010101013,-347.5000000000003,21.47142857142857,-63.810344827586206,0.8122129154282627,-9.340000000000002,"-5.78,4.58,-9.34,-3.50",3,8,-26.928571428571434,0.46464646464646464,5362.5,-6137.5,-7511.0
ml,pred_focus_hit99_hgb,0.67,0.55,0.7,90,99,0.6767676767676768,57.111111111111114,-2.702020202020202,-267.5,26.48507462686567,-63.8125,0.8690009794319294,-13.34,"-5.98,8.58,-13.34,0.04",3,8,-24.785714285714285,0.46464646464646464,5579.5,-5920.5,-7743.5
ml,pred_focus_hit99_hgb,0.67,0.55,0.7,95,99,0.6464646464646465,57.111111111111114,-2.1969696969697003,-217.50000000000034,31.453124999999993,-63.72857142857143,0.9024882313382647,-14.340000000000005,"-6.58,8.78,-14.34,3.58",3,8,-22.642857142857146,0.46464646464646464,6094.5,-5405.5,-8541.5
ml,pred_focus_hit99_hgb,0.67,0.55,0.7,99,99,0.6363636363636364,57.111111111111114,-0.6111111111111124,-60.50000000000012,35.46825396825397,-63.75,0.9736383442265795,-12.26,"-4.18,7.86,-12.26,6.42",4,8,-20.928571428571434,0.46464646464646464,7355.0,-4145.0,-8090.5
ml,pred_focus_hit99_hgb,0.68,0.55,0.7,80,83,0.7349397590361446,57.036144578313255,-4.740963855421687,-393.5,16.549180327868854,-63.77272727272727,0.7195295794725588,-10.357142857142858,"-10.36,5.36,-10.26,-3.65",1,8,-15.900000000000002,0.4457831325301205,5150.0,-6350.0,-7954.0
ml,pred_focus_hit99_hgb,0.68,0.55,0.7,85,83,0.6987951807228916,57.036144578313255,-4.138554216867474,-343.50000000000034,21.56896551724137,-63.78,0.7845719661335839,-11.071428571428577,"-11.07,5.60,-10.98,0.10",1,8,-29.300000000000004,0.4457831325301205,5415.0,-6085.0,-7294.5
ml,pred_focus_hit99_hgb,0.68,0.55,0.7,90,83,0.6746987951807228,57.036144578313255,-2.8132530120481927,-233.5,26.553571428571427,-63.72222222222222,0.8642836384771868,-12.261904761904763,"-12.26,9.64,-12.17,3.85",3,8,-27.3,0.4457831325301205,6350.5,-5149.5,-7055.0
ml,pred_focus_hit99_hgb,0.68,0.55,0.7,95,83,0.6385542168674698,57.036144578313255,-2.8734939759036187,-238.50000000000034,31.518867924528294,-63.63333333333333,0.8750654793085383,-13.928571428571434,"-13.93,9.17,-13.83,7.60",3,8,-25.300000000000004,0.4457831325301205,5870.0,-5630.0,-8196.0
ml,pred_focus_hit99_hgb,0.68,0.55,0.7,99,83,0.6265060240963856,57.036144578313255,-1.512048192771086,-125.50000000000014,35.53846153846154,-63.66129032258065,0.9364073980238156,-11.833333333333334,"-11.83,7.50,-11.74,10.60",4,8,-23.700000000000006,0.4457831325301205,7021.5,-4478.5,-7902.5
ml,pred_focus_hit99_hgb,0.69,0.55,0.7,80,75,0.72,56.98666666666667,-5.886666666666667,-441.5,16.592592592592595,-63.69047619047619,0.6699065420560748,-13.342105263157896,"-13.34,12.82,-13.13,-10.11",2,8,-37.166666666666664,0.4666666666666667,4810.5,-6689.5,-8169.5
ml,pred_focus_hit99_hgb,0.69,0.55,0.7,85,75,0.6933333333333334,56.98666666666667,-4.553333333333338,-341.50000000000034,21.63461538461538,-63.76086956521739,0.7671326287078075,-14.657894736842112,"-14.66,13.08,-9.97,-6.78",2,8,-35.5,0.4666666666666667,5407.5,-6092.5,-7138.0
ml,pred_focus_hit99_hgb,0.69,0.55,0.7,90,75,0.6666666666666666,56.98666666666667,-3.486666666666667,-261.5,26.62,-63.7,0.8357927786499215,-16.5,"-16.50,17.55,-11.55,-3.44",2,8,-33.833333333333336,0.4666666666666667,6084.5,-5415.5,-6733.5
ml,pred_focus_hit99_hgb,0.69,0.55,0.7,95,75,0.6266666666666667,56.98666666666667,-3.953333333333337,-296.5000000000003,31.585106382978722,-63.607142857142854,0.8335204941044357,-18.868421052631586,"-18.87,17.03,-13.66,-0.11",2,8,-32.166666666666664,0.4666666666666667,5530.0,-5970.0,-7527.0
ml,pred_focus_hit99_hgb,0.69,0.55,0.7,99,75,0.6133333333333333,56.98666666666667,-2.7666666666666684,-207.50000000000014,35.608695652173914,-63.63793103448276,0.8875643457057708,-16.973684210526315,"-16.97,15.18,-11.55,2.56",3,8,-30.833333333333332,0.4666666666666667,6250.5,-5249.5,-7388.5
ml,pred_focus_hit99_hgb,0.7,0.55,0.7,80,66,0.7424242424242424,57.01515151515151,-4.12121212121212,-271.99999999999994,16.479591836734695,-63.5,0.7480314960629922,-8.999999999999996,"-7.26,2.44,-2.88,-9.00",2,8,-63.5,0.4393939393939394,6422.0,-5078.0,-6418.0
ml,pred_focus_hit99_hgb,0.7,0.55,0.7,85,66,0.7121212121212122,57.01515151515151,-2.9848484848484893,-197.00000000000028,21.521276595744677,-63.60526315789474,0.8369880016549439,-8.735294117647063,"-8.74,6.56,-4.44,-5.56",4,8,-63.5,0.4393939393939394,7172.0,-4328.0,-5519.5
ml,pred_focus_hit99_hgb,0.7,0.55,0.7,90,66,0.6818181818181818,57.01515151515151,-2.1515151515151514,-142.0,26.5,-63.54761904761905,0.8935931060322218,-10.794117647058824,"-10.79,10.68,-6.63,-2.12",4,8,-63.5,0.4393939393939394,7614.0,-3886.0,-6158.5
ml,pred_focus_hit99_hgb,0.7,0.55,0.7,95,66,0.6363636363636364,57.01515151515151,-3.0606060606060645,-202.00000000000026,31.452380952380945,-63.458333333333336,0.8673670387393301,-13.441176470588243,"-13.44,14.79,-9.44,-4.63",3,8,-63.5,0.4393939393939394,6724.0,-4776.0,-6860.0
ml,pred_focus_hit99_hgb,0.7,0.55,0.7,99,66,0.6212121212121212,57.01515151515151,-2.0151515151515182,-133.0000000000002,35.47560975609756,-63.5,0.9162204724409448,-11.323529411764708,"-11.32,12.26,-7.19,-2.13",4,8,-63.5,0.4393939393939394,7241.0,-4259.0,-6785.5
ml,pred_focus_hit99_hgb,0.71,0.55,0.7,80,55,0.7454545454545455,57.163636363636364,-4.027272727272726,-221.49999999999991,16.32926829268293,-63.642857142857146,0.7514029180695848,-12.214285714285714,"4.79,-12.21,-0.14,-8.88",3,8,-64.5,0.4727272727272727,7041.5,-4458.5,-6822.5
ml,pred_focus_hit99_hgb,0.71,0.55,0.7,85,55,0.7090909090909091,57.163636363636364,-3.3909090909090946,-186.5000000000002,21.371794871794865,-63.75,0.8171568627450978,-9.000000000000002,"3.00,-9.00,-2.29,-5.42",3,8,-64.5,0.4727272727272727,7333.5,-4166.5,-5846.5
ml,pred_focus_hit99_hgb,0.71,0.55,0.7,90,55,0.6727272727272727,57.163636363636364,-3.118181818181818,-171.5,26.33783783783784,-63.666666666666664,0.8503490401396161,-8.884615384615383,"0.50,-5.79,1.29,-8.88",2,8,-64.5,0.4727272727272727,7423.5,-4076.5,-5396.0
ml,pred_focus_hit99_hgb,0.71,0.55,0.7,95,55,0.6181818181818182,57.163636363636364,-4.93636363636364,-271.5000000000002,31.264705882352935,-63.54761904761905,0.7965530161109028,-13.115384615384615,"-2.71,-2.57,-1.93,-13.12",2,8,-64.5,0.4727272727272727,5975.5,-5524.5,-7133.5
ml,pred_focus_hit99_hgb,0.71,0.55,0.7,99,55,0.6,57.163636363636364,-4.2636363636363654,-234.5000000000001,35.28787878787879,-63.59090909090909,0.8323802716225875,-10.961538461538462,"-0.14,-7.07,0.64,-10.96",3,8,-64.5,0.4727272727272727,6263.5,-5236.5,-7258.0
ml,pred_focus_hit99_hgb,0.72,0.55,0.7,80,40,0.775,57.025000000000006,-1.5249999999999992,-60.99999999999997,16.338709677419356,-63.05555555555556,0.892511013215859,-15.9,"8.40,-15.90,8.90,-7.50",4,7,-23.5,0.425,9554.5,-1945.5,-4725.0
ml,pred_focus_hit99_hgb,0.72,0.55,0.7,85,40,0.725,57.025000000000006,-1.9000000000000032,-76.00000000000013,21.39655172413793,-63.31818181818182,0.8908829863603731,-12.900000000000006,"4.40,-12.90,4.90,-4.00",4,7,-21.000000000000004,0.425,9130.0,-2370.0,-4342.5
ml,pred_focus_hit99_hgb,0.72,0.55,0.7,90,40,0.675,57.025000000000006,-2.7749999999999995,-110.99999999999997,26.35185185185185,-63.26923076923077,0.8650455927051671,-9.9,"-0.60,-9.90,8.90,-9.50",3,7,-19.0,0.425,8540.0,-2960.0,-4951.0
ml,pred_focus_hit99_hgb,0.72,0.55,0.7,95,40,0.625,57.025000000000006,-4.150000000000004,-166.00000000000014,31.179999999999993,-63.03333333333333,0.8244315177154942,-6.900000000000006,"-6.60,-6.90,3.40,-6.50",3,7,-16.500000000000004,0.425,7390.5,-4109.5,-6066.0
ml,pred_focus_hit99_hgb,0.72,0.55,0.7,99,40,0.6,57.025000000000006,-4.125000000000002,-165.00000000000009,35.208333333333336,-63.125,0.8366336633663366,-4.5000000000000036,"-4.20,-4.50,-3.70,-4.10",3,7,-14.500000000000004,0.425,7346.5,-4153.5,-6362.0
ml,pred_focus_hit99_hgb,0.73,0.55,0.7,80,37,0.7567567567567568,57.02702702702701,-2.9864864864864864,-110.5,16.321428571428573,-63.05555555555556,0.8052863436123349,-19.27777777777778,"8.40,-19.28,7.83,-10.17",3,6,-23.5,0.40540540540540543,8811.5,-2688.5,-4842.5
ml,pred_focus_hit99_hgb,0.73,0.55,0.7,85,37,0.7027027027027027,57.02702702702701,-3.797297297297301,-140.50000000000014,21.38461538461538,-63.31818181818182,0.7982770997846373,-16.500000000000007,"4.40,-16.50,2.83,-6.83",3,6,-21.000000000000004,0.40540540540540543,8246.0,-3254.0,-4581.0
ml,pred_focus_hit99_hgb,0.73,0.55,0.7,90,37,0.6486486486486487,57.02702702702701,-5.148648648648648,-190.5,26.333333333333332,-63.26923076923077,0.7683890577507598,-13.722222222222221,"-0.60,-13.72,6.72,-13.50",2,6,-19.0,0.40540540540540543,7448.5,-4051.5,-5400.5
ml,pred_focus_hit99_hgb,0.73,0.55,0.7,95,37,0.6216216216216216,57.02702702702701,-4.472972972972977,-165.50000000000014,31.239130434782602,-63.142857142857146,0.8127828054298641,-10.94444444444445,"-6.60,-10.94,10.61,-10.72",2,6,-16.500000000000004,0.40540540540540543,7388.0,-4112.0,-5894.5
ml,pred_focus_hit99_hgb,0.73,0.55,0.7,99,37,0.5945945945945946,57.02702702702701,-4.662162162162165,-172.5000000000001,35.27272727272727,-63.233333333333334,0.8181338956246705,-8.722222222222225,"-4.20,-8.72,2.72,-8.50",2,6,-14.500000000000004,0.40540540540540543,7418.0,-4082.0,-5899.0
ml,pred_focus_hit99_hgb,0.74,0.55,0.7,80,31,0.7741935483870968,57.06451612903226,-1.6290322580645158,-50.49999999999999,16.375000000000004,-63.357142857142854,0.886133032694476,-23.875,"6.88,-23.88,16.62,-6.79",4,5,-12.285714285714286,0.3870967741935484,9995.0,-1505.0,-4547.0
ml,pred_focus_hit99_hgb,0.74,0.55,0.7,85,31,0.7419354838709677,57.06451612903226,-0.5000000000000048,-15.50000000000015,21.3695652173913,-63.375,0.9694280078895461,-21.375000000000007,"11.25,-21.38,11.00,-3.21",4,5,-9.071428571428578,0.3870967741935484,10472.0,-1028.0,-4863.5
ml,pred_focus_hit99_hgb,0.74,0.55,0.7,90,31,0.6774193548387096,57.06451612903226,-2.596774193548387,-80.5,26.30952380952381,-63.3,0.872827804107425,-18.875,"4.37,-18.88,15.38,-12.50",3,5,-19.0,0.3870967741935484,9231.0,-2269.0,-4252.5
ml,pred_focus_hit99_hgb,0.74,0.55,0.7,95,31,0.6451612903225806,57.06451612903226,-2.2741935483871005,-70.50000000000011,31.199999999999996,-63.13636363636363,0.8984881209503238,-16.375000000000007,"-3.75,-16.38,19.75,-9.64",3,5,-16.500000000000004,0.3870967741935484,9227.0,-2273.0,-4809.5
ml,pred_focus_hit99_hgb,0.74,0.55,0.7,99,31,0.6129032258064516,57.06451612903226,-2.887096774193552,-89.50000000000011,35.23684210526316,-63.25,0.8820816864295126,-14.375000000000004,"-1.25,-14.38,10.87,-7.36",3,5,-14.500000000000004,0.3870967741935484,8813.5,-2686.5,-4514.5
ml,baseline_hit99,0.52,0.4,0.6,80,1170,0.6965811965811965,55.961538461538474,-6.717948717948718,-7860.0,17.566257668711657,-62.469014084507045,0.645570761842491,-9.127986348122867,"-6.42,-9.13,-9.06,-2.26",0,10,-12.285714285714286,0.5042735042735043,-13.000000000000007,-11513.0,-11943.5
ml,baseline_hit99,0.52,0.4,0.6,85,1170,0.6521367521367522,55.961538461538474,-7.017094017094021,-8210.000000000004,22.570773263433814,-62.48525798525799,0.6771720110886106,-10.151877133105804,"-6.98,-10.15,-8.65,-2.28",0,10,-13.714285714285719,0.5042735042735043,-24.000000000000014,-11524.0,-12059.5
ml,baseline_hit99,0.52,0.4,0.6,90,1170,0.629059829059829,55.961538461538474,-5.837606837606837,-6830.0,27.58016304347826,-62.50921658986175,0.7482398908916658,-8.6160409556314,"-5.26,-8.62,-7.96,-1.51",1,10,-12.464285714285717,0.5042735042735043,-61.50000000000001,-11561.5,-13046.0
ml,baseline_hit99,0.52,0.4,0.6,95,1170,0.5982905982905983,55.961538461538474,-5.619658119658123,-6575.000000000004,32.55428571428571,-62.47446808510638,0.7760787385485134,-9.178082191780826,"-4.68,-7.58,-9.18,-1.04",2,10,-13.08928571428572,0.5042735042735043,-5.0,-11505.0,-16316.5
ml,baseline_hit99,0.52,0.4,0.6,99,1170,0.5803418803418804,55.961538461538474,-5.006837606837609,-5858.000000000002,36.54418262150221,-62.467413441955195,0.8090083628123829,-8.979452054794521,"-2.59,-6.96,-8.98,-1.51",2,10,-13.000000000000004,0.5042735042735043,-35.50000000000006,-11535.5,-37270.0
ml,baseline_hit99,0.53,0.4,0.6,80,996,0.6967871485943775,56.4789156626506,-7.215863453815261,-7187.0,17.054755043227665,-62.99006622516556,0.6221941859853861,-9.600401606425702,"-8.31,-8.67,-9.60,-2.28",0,10,-15.456043956043956,0.4959839357429719,-21.500000000000007,-11521.5,-11521.5
ml,baseline_hit99,0.53,0.4,0.6,85,996,0.6546184738955824,56.4789156626506,-7.321285140562253,-7292.000000000004,22.07208588957055,-63.031976744186046,0.6636996725545358,-9.375502008032132,"-8.99,-9.38,-9.36,-1.56",0,10,-16.22527472527473,0.4959839357429719,-24.500000000000014,-11524.5,-11524.5
ml,baseline_hit99,0.53,0.4,0.6,90,996,0.6305220883534136,56.4789156626506,-6.221887550200803,-6197.0,27.078025477707005,-63.04891304347826,0.7329109559520731,-9.47991967871486,"-7.63,-7.67,-9.48,-0.11",1,10,-15.456043956043958,0.4959839357429719,-30.500000000000014,-11530.5,-11530.5
ml,baseline_hit99,0.53,0.4,0.6,95,996,0.6004016064257028,56.4789156626506,-5.935742971887554,-5912.000000000004,32.051839464882946,-63.01256281407035,0.7642649228438135,-10.343373493975907,"-6.85,-6.50,-10.34,-0.05",1,10,-14.906593406593412,0.4959839357429719,-51.00000000000003,-11551.0,-11551.0
ml,baseline_hit99,0.53,0.4,0.6,99,996,0.5823293172690763,56.4789156626506,-5.327309236947793,-5306.000000000002,36.039655172413795,-63.00240384615385,0.7975504597657294,-10.130522088353416,"-4.88,-5.72,-10.13,-0.58",2,10,-13.917475728155344,0.4959839357429719,-23.000000000000007,-11523.0,-13464.0
ml,baseline_hit99,0.54,0.4,0.6,80,829,0.6924004825090471,56.978287092882994,-8.086248492159228,-6703.5,16.50871080139373,-63.449019607843134,0.5856794091288359,-11.002415458937199,"-8.42,-9.79,-11.00,-3.12",0,10,-17.2625,0.5042219541616405,-15.0,-11515.0,-11515.0
ml,baseline_hit99,0.54,0.4,0.6,85,829,0.646562123039807,56.978287092882994,-8.520506634499402,-7063.500000000004,21.518656716417908,-63.472696245733786,0.6201908858717569,-11.0024154589372,"-9.48,-10.54,-11.00,-3.05",0,10,-18.637500000000006,0.5042219541616405,-38.5,-11538.5,-11538.5
ml,baseline_hit99,0.54,0.4,0.6,90,829,0.6188178528347407,56.978287092882994,-7.784680337756333,-6453.5,26.515594541910332,-63.46835443037975,0.6782259672915836,-11.823671497584542,"-8.04,-9.60,-11.82,-1.67",1,10,-18.262500000000003,0.5042219541616405,-18.000000000000007,-11518.0,-11518.0
ml,baseline_hit99,0.54,0.4,0.6,95,829,0.5934861278648975,56.978287092882994,-7.097104945717737,-5883.500000000004,31.514227642276424,-63.467359050445104,0.7249222713140239,-11.70289855072464,"-7.25,-7.98,-11.70,-1.46",1,10,-18.250000000000007,0.5042219541616405,-45.00000000000001,-11545.0,-11545.0
ml,baseline_hit99,0.54,0.4,0.6,99,829,0.5741857659831122,56.978287092882994,-6.633896260554888,-5499.500000000002,35.5,-63.44900849858357,0.7544592030360532,-12.38888888888889,"-5.36,-7.56,-12.39,-1.24",1,10,-17.523809523809526,0.5042219541616405,-21.000000000000014,-11521.0,-13038.0
ml,baseline_hit99,0.55,0.4,0.6,80,655,0.6885496183206107,57.50381679389314,-8.919847328244275,-5842.5,15.965631929046562,-63.93627450980392,0.5520585754811009,-10.353658536585366,"-9.42,-9.87,-10.35,-6.02",0,10,-16.43220338983051,0.49923664122137407,-25.500000000000014,-11525.5,-11525.5
ml,baseline_hit99,0.55,0.4,0.6,85,655,0.6412213740458015,57.50381679389314,-9.500000000000004,-6222.500000000002,20.97142857142857,-63.95957446808511,0.586008449486045,-12.182926829268295,"-9.63,-12.18,-10.63,-5.53",0,10,-17.788135593220343,0.49923664122137407,-11.500000000000071,-11511.5,-11511.5
ml,baseline_hit99,0.55,0.4,0.6,90,655,0.6122137404580152,57.50381679389314,-8.904580152671755,-5832.5,25.961346633416458,-63.94881889763779,0.6409222434279382,-12.426829268292684,"-8.63,-10.78,-12.43,-3.75",0,10,-18.127118644067796,0.49923664122137407,-19.000000000000007,-11519.0,-11519.0
ml,baseline_hit99,0.55,0.4,0.6,95,655,0.5893129770992367,57.50381679389314,-8.019083969465651,-5252.500000000002,30.968911917098445,-63.96468401486989,0.6947374538691773,-11.878048780487807,"-7.29,-8.40,-11.88,-4.49",0,10,-17.108695652173918,0.49923664122137407,-37.00000000000003,-11537.0,-11537.0
ml,baseline_hit99,0.55,0.4,0.6,99,655,0.5709923664122137,57.50381679389314,-7.475572519083971,-4896.500000000001,34.95454545454545,-63.94839857651245,0.7275105039094021,-12.701219512195122,"-4.90,-7.87,-12.70,-4.41",1,10,-16.572463768115945,0.49923664122137407,-44.99999999999999,-11545.0,-11545.0
ml,baseline_hit99,0.56,0.4,0.6,80,484,0.7004132231404959,58.03512396694215,-8.502066115702478,-4114.999999999999,15.458702064896757,-64.52068965517242,0.5601517823740046,-11.665289256198347,"-11.67,-9.72,-8.94,-3.68",0,10,-22.55,0.5082644628099173,-43.99999999999994,-11544.0,-11838.5
ml,baseline_hit99,0.56,0.4,0.6,85,484,0.6508264462809917,58.03512396694215,-9.214876033057855,-4460.000000000002,20.46190476190476,-64.52958579881657,0.5910320480491494,-12.615702479338843,"-12.57,-12.62,-9.68,-1.99",0,10,-24.175000000000004,0.5082644628099173,-35.0,-11535.0,-11535.0
ml,baseline_hit99,0.56,0.4,0.6,90,484,0.6239669421487604,58.03512396694215,-8.37809917355372,-4055.0,25.456953642384107,-64.52197802197803,0.654687899173976,-12.53305785123967,"-10.26,-12.53,-10.92,0.20",0,10,-24.05,0.5082644628099173,-55.0,-11555.0,-11555.0
ml,baseline_hit99,0.56,0.4,0.6,95,484,0.5991735537190083,58.03512396694215,-7.613636363636368,-3685.000000000002,30.46206896551724,-64.53092783505154,0.7056474159277898,-11.086776859504134,"-9.60,-9.64,-11.09,-0.13",0,10,-21.800000000000004,0.5082644628099173,-30.500000000000078,-11530.5,-11530.5
ml,baseline_hit99,0.56,0.4,0.6,99,484,0.5826446280991735,58.03512396694215,-6.853305785123967,-3317.0,34.45035460992908,-64.51485148514851,0.7454726826273788,-11.293388429752065,"-7.29,-9.78,-11.29,0.95",1,10,-20.000000000000004,0.5082644628099173,-14.5,-11514.5,-11514.5
ml,baseline_hit99,0.57,0.4,0.6,80,342,0.7076023391812866,58.46491228070175,-8.35672514619883,-2858.0,15.041322314049587,-64.98,0.5601723607263773,-11.33529411764706,"-10.07,-10.10,-11.34,-1.88",1,10,-23.56451612903226,0.49415204678362573,-22.5,-11522.5,-11817.0
ml,baseline_hit99,0.57,0.4,0.6,85,342,0.6578947368421053,58.46491228070175,-9.04385964912281,-3093.000000000001,20.046666666666667,-64.98717948717949,0.5932136516078121,-13.593023255813955,"-11.58,-13.59,-10.98,0.06",1,10,-26.467741935483875,0.49415204678362573,-52.50000000000004,-11552.5,-11552.5
ml,baseline_hit99,0.57,0.4,0.6,90,342,0.6345029239766082,58.46491228070175,-7.859649122807017,-2688.0,25.048387096774192,-64.988,0.6691081430417923,-12.041176470588235,"-9.49,-11.62,-12.04,1.77",2,10,-24.20967741935484,0.49415204678362573,-46.500000000000014,-11546.5,-11546.5
ml,baseline_hit99,0.57,0.4,0.6,95,342,0.6052631578947368,58.46491228070175,-7.464912280701757,-2553.000000000001,30.045893719806763,-64.98148148148148,0.7089769165004275,-12.452941176470594,"-9.72,-8.65,-12.45,1.01",2,10,-21.95161290322581,0.49415204678362573,-1.0,-11501.0,-11501.0
ml,baseline_hit99,0.57,0.4,0.6,99,342,0.5935672514619883,58.46491228070175,-6.201754385964913,-2121.0,34.04187192118226,-64.9748201438849,0.765155289818967,-11.405882352941177,"-7.40,-8.58,-11.41,2.62",3,10,-20.145161290322584,0.49415204678362573,-9.000000000000007,-11509.0,-11509.0
ml,baseline_hit99,0.58,0.4,0.6,80,155,0.7032258064516129,59.0,-9.241935483870968,-1432.5,14.5,-65.5,0.5245602389644872,-10.115384615384615,"-10.12,-10.12,-10.12,-6.55",1,10,-14.590909090909088,0.4967741935483871,1008.0,-10492.0,-10767.5
ml,baseline_hit99,0.58,0.4,0.6,85,155,0.6516129032258065,59.0,-10.112903225806456,-1567.5000000000007,19.499999999999996,-65.5,0.5568278201865987,-15.371794871794872,"-11.01,-15.37,-8.83,-5.11",1,10,-14.500000000000005,0.4967741935483871,866.0,-10634.0,-11017.0
ml,baseline_hit99,0.58,0.4,0.6,90,155,0.6258064516129033,59.0,-9.17741935483871,-1422.5,24.5,-65.5,0.6255593577257172,-12.423076923076923,"-7.81,-12.42,-10.12,-6.29",1,10,-16.40909090909091,0.4967741935483871,946.5,-10553.5,-11075.5
ml,baseline_hit99,0.58,0.4,0.6,95,155,0.6,59.0,-8.500000000000004,-1317.5000000000007,29.5,-65.5,0.6755725190839694,-9.47435897435898,"-9.47,-9.47,-9.47,-5.50",0,10,-14.833333333333337,0.4967741935483871,1108.5,-10391.5,-11004.5
ml,baseline_hit99,0.58,0.4,0.6,99,155,0.5935483870967742,59.0,-6.7387096774193544,-1044.5,33.5,-65.5,0.7468799224524415,-9.653846153846153,"-7.12,-9.65,-7.12,-2.97",2,10,-12.7,0.4967741935483871,1455.0,-10045.0,-10833.5
ml,baseline_hit99,0.52,0.45,0.6,80,1170,0.6965811965811965,55.961538461538474,-6.717948717948718,-7860.0,17.566257668711657,-62.469014084507045,0.645570761842491,-9.127986348122867,"-6.42,-9.13,-9.06,-2.26",0,10,-12.285714285714286,0.5042735042735043,-13.000000000000007,-11513.0,-11943.5
ml,baseline_hit99,0.52,0.45,0.6,85,1170,0.6521367521367522,55.961538461538474,-7.017094017094021,-8210.000000000004,22.570773263433814,-62.48525798525799,0.6771720110886106,-10.151877133105804,"-6.98,-10.15,-8.65,-2.28",0,10,-13.714285714285719,0.5042735042735043,-24.000000000000014,-11524.0,-12059.5
ml,baseline_hit99,0.52,0.45,0.6,90,1170,0.629059829059829,55.961538461538474,-5.837606837606837,-6830.0,27.58016304347826,-62.50921658986175,0.7482398908916658,-8.6160409556314,"-5.26,-8.62,-7.96,-1.51",1,10,-12.464285714285717,0.5042735042735043,-61.50000000000001,-11561.5,-13046.0
ml,baseline_hit99,0.52,0.45,0.6,95,1170,0.5982905982905983,55.961538461538474,-5.619658119658123,-6575.000000000004,32.55428571428571,-62.47446808510638,0.7760787385485134,-9.178082191780826,"-4.68,-7.58,-9.18,-1.04",2,10,-13.08928571428572,0.5042735042735043,-5.0,-11505.0,-16316.5
ml,baseline_hit99,0.52,0.45,0.6,99,1170,0.5803418803418804,55.961538461538474,-5.006837606837609,-5858.000000000002,36.54418262150221,-62.467413441955195,0.8090083628123829,-8.979452054794521,"-2.59,-6.96,-8.98,-1.51",2,10,-13.000000000000004,0.5042735042735043,-35.50000000000006,-11535.5,-37270.0
ml,baseline_hit99,0.53,0.45,0.6,80,996,0.6967871485943775,56.4789156626506,-7.215863453815261,-7187.0,17.054755043227665,-62.99006622516556,0.6221941859853861,-9.600401606425702,"-8.31,-8.67,-9.60,-2.28",0,10,-15.456043956043956,0.4959839357429719,-21.500000000000007,-11521.5,-11521.5
ml,baseline_hit99,0.53,0.45,0.6,85,996,0.6546184738955824,56.4789156626506,-7.321285140562253,-7292.000000000004,22.07208588957055,-63.031976744186046,0.6636996725545358,-9.375502008032132,"-8.99,-9.38,-9.36,-1.56",0,10,-16.22527472527473,0.4959839357429719,-24.500000000000014,-11524.5,-11524.5
ml,baseline_hit99,0.53,0.45,0.6,90,996,0.6305220883534136,56.4789156626506,-6.221887550200803,-6197.0,27.078025477707005,-63.04891304347826,0.7329109559520731,-9.47991967871486,"-7.63,-7.67,-9.48,-0.11",1,10,-15.456043956043958,0.4959839357429719,-30.500000000000014,-11530.5,-11530.5
ml,baseline_hit99,0.53,0.45,0.6,95,996,0.6004016064257028,56.4789156626506,-5.935742971887554,-5912.000000000004,32.051839464882946,-63.01256281407035,0.7642649228438135,-10.343373493975907,"-6.85,-6.50,-10.34,-0.05",1,10,-14.906593406593412,0.4959839357429719,-51.00000000000003,-11551.0,-11551.0
ml,baseline_hit99,0.53,0.45,0.6,99,996,0.5823293172690763,56.4789156626506,-5.327309236947793,-5306.000000000002,36.039655172413795,-63.00240384615385,0.7975504597657294,-10.130522088353416,"-4.88,-5.72,-10.13,-0.58",2,10,-13.917475728155344,0.4959839357429719,-23.000000000000007,-11523.0,-13464.0
ml,baseline_hit99,0.54,0.45,0.6,80,829,0.6924004825090471,56.978287092882994,-8.086248492159228,-6703.5,16.50871080139373,-63.449019607843134,0.5856794091288359,-11.002415458937199,"-8.42,-9.79,-11.00,-3.12",0,10,-17.2625,0.5042219541616405,-15.0,-11515.0,-11515.0
ml,baseline_hit99,0.54,0.45,0.6,85,829,0.646562123039807,56.978287092882994,-8.520506634499402,-7063.500000000004,21.518656716417908,-63.472696245733786,0.6201908858717569,-11.0024154589372,"-9.48,-10.54,-11.00,-3.05",0,10,-18.637500000000006,0.5042219541616405,-38.5,-11538.5,-11538.5
ml,baseline_hit99,0.54,0.45,0.6,90,829,0.6188178528347407,56.978287092882994,-7.784680337756333,-6453.5,26.515594541910332,-63.46835443037975,0.6782259672915836,-11.823671497584542,"-8.04,-9.60,-11.82,-1.67",1,10,-18.262500000000003,0.5042219541616405,-18.000000000000007,-11518.0,-11518.0
ml,baseline_hit99,0.54,0.45,0.6,95,829,0.5934861278648975,56.978287092882994,-7.097104945717737,-5883.500000000004,31.514227642276424,-63.467359050445104,0.7249222713140239,-11.70289855072464,"-7.25,-7.98,-11.70,-1.46",1,10,-18.250000000000007,0.5042219541616405,-45.00000000000001,-11545.0,-11545.0
ml,baseline_hit99,0.54,0.45,0.6,99,829,0.5741857659831122,56.978287092882994,-6.633896260554888,-5499.500000000002,35.5,-63.44900849858357,0.7544592030360532,-12.38888888888889,"-5.36,-7.56,-12.39,-1.24",1,10,-17.523809523809526,0.5042219541616405,-21.000000000000014,-11521.0,-13038.0
ml,baseline_hit99,0.55,0.45,0.6,80,655,0.6885496183206107,57.50381679389314,-8.919847328244275,-5842.5,15.965631929046562,-63.93627450980392,0.5520585754811009,-10.353658536585366,"-9.42,-9.87,-10.35,-6.02",0,10,-16.43220338983051,0.49923664122137407,-25.500000000000014,-11525.5,-11525.5
ml,baseline_hit99,0.55,0.45,0.6,85,655,0.6412213740458015,57.50381679389314,-9.500000000000004,-6222.500000000002,20.97142857142857,-63.95957446808511,0.586008449486045,-12.182926829268295,"-9.63,-12.18,-10.63,-5.53",0,10,-17.788135593220343,0.49923664122137407,-11.500000000000071,-11511.5,-11511.5
ml,baseline_hit99,0.55,0.45,0.6,90,655,0.6122137404580152,57.50381679389314,-8.904580152671755,-5832.5,25.961346633416458,-63.94881889763779,0.6409222434279382,-12.426829268292684,"-8.63,-10.78,-12.43,-3.75",0,10,-18.127118644067796,0.49923664122137407,-19.000000000000007,-11519.0,-11519.0
ml,baseline_hit99,0.55,0.45,0.6,95,655,0.5893129770992367,57.50381679389314,-8.019083969465651,-5252.500000000002,30.968911917098445,-63.96468401486989,0.6947374538691773,-11.878048780487807,"-7.29,-8.40,-11.88,-4.49",0,10,-17.108695652173918,0.49923664122137407,-37.00000000000003,-11537.0,-11537.0
ml,baseline_hit99,0.55,0.45,0.6,99,655,0.5709923664122137,57.50381679389314,-7.475572519083971,-4896.500000000001,34.95454545454545,-63.94839857651245,0.7275105039094021,-12.701219512195122,"-4.90,-7.87,-12.70,-4.41",1,10,-16.572463768115945,0.49923664122137407,-44.99999999999999,-11545.0,-11545.0
ml,baseline_hit99,0.56,0.45,0.6,80,484,0.7004132231404959,58.03512396694215,-8.502066115702478,-4114.999999999999,15.458702064896757,-64.52068965517242,0.5601517823740046,-11.665289256198347,"-11.67,-9.72,-8.94,-3.68",0,10,-22.55,0.5082644628099173,-43.99999999999994,-11544.0,-11838.5
ml,baseline_hit99,0.56,0.45,0.6,85,484,0.6508264462809917,58.03512396694215,-9.214876033057855,-4460.000000000002,20.46190476190476,-64.52958579881657,0.5910320480491494,-12.615702479338843,"-12.57,-12.62,-9.68,-1.99",0,10,-24.175000000000004,0.5082644628099173,-35.0,-11535.0,-11535.0
ml,baseline_hit99,0.56,0.45,0.6,90,484,0.6239669421487604,58.03512396694215,-8.37809917355372,-4055.0,25.456953642384107,-64.52197802197803,0.654687899173976,-12.53305785123967,"-10.26,-12.53,-10.92,0.20",0,10,-24.05,0.5082644628099173,-55.0,-11555.0,-11555.0
ml,baseline_hit99,0.56,0.45,0.6,95,484,0.5991735537190083,58.03512396694215,-7.613636363636368,-3685.000000000002,30.46206896551724,-64.53092783505154,0.7056474159277898,-11.086776859504134,"-9.60,-9.64,-11.09,-0.13",0,10,-21.800000000000004,0.5082644628099173,-30.500000000000078,-11530.5,-11530.5
ml,baseline_hit99,0.56,0.45,0.6,99,484,0.5826446280991735,58.03512396694215,-6.853305785123967,-3317.0,34.45035460992908,-64.51485148514851,0.7454726826273788,-11.293388429752065,"-7.29,-9.78,-11.29,0.95",1,10,-20.000000000000004,0.5082644628099173,-14.5,-11514.5,-11514.5
ml,baseline_hit99,0.57,0.45,0.6,80,342,0.7076023391812866,58.46491228070175,-8.35672514619883,-2858.0,15.041322314049587,-64.98,0.5601723607263773,-11.33529411764706,"-10.07,-10.10,-11.34,-1.88",1,10,-23.56451612903226,0.49415204678362573,-22.5,-11522.5,-11817.0
ml,baseline_hit99,0.57,0.45,0.6,85,342,0.6578947368421053,58.46491228070175,-9.04385964912281,-3093.000000000001,20.046666666666667,-64.98717948717949,0.5932136516078121,-13.593023255813955,"-11.58,-13.59,-10.98,0.06",1,10,-26.467741935483875,0.49415204678362573,-52.50000000000004,-11552.5,-11552.5
ml,baseline_hit99,0.57,0.45,0.6,90,342,0.6345029239766082,58.46491228070175,-7.859649122807017,-2688.0,25.048387096774192,-64.988,0.6691081430417923,-12.041176470588235,"-9.49,-11.62,-12.04,1.77",2,10,-24.20967741935484,0.49415204678362573,-46.500000000000014,-11546.5,-11546.5
ml,baseline_hit99,0.57,0.45,0.6,95,342,0.6052631578947368,58.46491228070175,-7.464912280701757,-2553.000000000001,30.045893719806763,-64.98148148148148,0.7089769165004275,-12.452941176470594,"-9.72,-8.65,-12.45,1.01",2,10,-21.95161290322581,0.49415204678362573,-1.0,-11501.0,-11501.0
ml,baseline_hit99,0.57,0.45,0.6,99,342,0.5935672514619883,58.46491228070175,-6.201754385964913,-2121.0,34.04187192118226,-64.9748201438849,0.765155289818967,-11.405882352941177,"-7.40,-8.58,-11.41,2.62",3,10,-20.145161290322584,0.49415204678362573,-9.000000000000007,-11509.0,-11509.0
ml,baseline_hit99,0.58,0.45,0.6,80,155,0.7032258064516129,59.0,-9.241935483870968,-1432.5,14.5,-65.5,0.5245602389644872,-10.115384615384615,"-10.12,-10.12,-10.12,-6.55",1,10,-14.590909090909088,0.4967741935483871,1008.0,-10492.0,-10767.5
ml,baseline_hit99,0.58,0.45,0.6,85,155,0.6516129032258065,59.0,-10.112903225806456,-1567.5000000000007,19.499999999999996,-65.5,0.5568278201865987,-15.371794871794872,"-11.01,-15.37,-8.83,-5.11",1,10,-14.500000000000005,0.4967741935483871,866.0,-10634.0,-11017.0
ml,baseline_hit99,0.58,0.45,0.6,90,155,0.6258064516129033,59.0,-9.17741935483871,-1422.5,24.5,-65.5,0.6255593577257172,-12.423076923076923,"-7.81,-12.42,-10.12,-6.29",1,10,-16.40909090909091,0.4967741935483871,946.5,-10553.5,-11075.5
ml,baseline_hit99,0.58,0.45,0.6,95,155,0.6,59.0,-8.500000000000004,-1317.5000000000007,29.5,-65.5,0.6755725190839694,-9.47435897435898,"-9.47,-9.47,-9.47,-5.50",0,10,-14.833333333333337,0.4967741935483871,1108.5,-10391.5,-11004.5
ml,baseline_hit99,0.58,0.45,0.6,99,155,0.5935483870967742,59.0,-6.7387096774193544,-1044.5,33.5,-65.5,0.7468799224524415,-9.653846153846153,"-7.12,-9.65,-7.12,-2.97",2,10,-12.7,0.4967741935483871,1455.0,-10045.0,-10833.5
ml,baseline_hit99,0.52,0.5,0.6,80,1170,0.6965811965811965,55.961538461538474,-6.717948717948718,-7860.0,17.566257668711657,-62.469014084507045,0.645570761842491,-9.127986348122867,"-6.42,-9.13,-9.06,-2.26",0,10,-12.285714285714286,0.5042735042735043,-13.000000000000007,-11513.0,-11943.5
ml,baseline_hit99,0.52,0.5,0.6,85,1170,0.6521367521367522,55.961538461538474,-7.017094017094021,-8210.000000000004,22.570773263433814,-62.48525798525799,0.6771720110886106,-10.151877133105804,"-6.98,-10.15,-8.65,-2.28",0,10,-13.714285714285719,0.5042735042735043,-24.000000000000014,-11524.0,-12059.5
ml,baseline_hit99,0.52,0.5,0.6,90,1170,0.629059829059829,55.961538461538474,-5.837606837606837,-6830.0,27.58016304347826,-62.50921658986175,0.7482398908916658,-8.6160409556314,"-5.26,-8.62,-7.96,-1.51",1,10,-12.464285714285717,0.5042735042735043,-61.50000000000001,-11561.5,-13046.0
ml,baseline_hit99,0.52,0.5,0.6,95,1170,0.5982905982905983,55.961538461538474,-5.619658119658123,-6575.000000000004,32.55428571428571,-62.47446808510638,0.7760787385485134,-9.178082191780826,"-4.68,-7.58,-9.18,-1.04",2,10,-13.08928571428572,0.5042735042735043,-5.0,-11505.0,-16316.5
ml,baseline_hit99,0.52,0.5,0.6,99,1170,0.5803418803418804,55.961538461538474,-5.006837606837609,-5858.000000000002,36.54418262150221,-62.467413441955195,0.8090083628123829,-8.979452054794521,"-2.59,-6.96,-8.98,-1.51",2,10,-13.000000000000004,0.5042735042735043,-35.50000000000006,-11535.5,-37270.0
ml,baseline_hit99,0.53,0.5,0.6,80,996,0.6967871485943775,56.4789156626506,-7.215863453815261,-7187.0,17.054755043227665,-62.99006622516556,0.6221941859853861,-9.600401606425702,"-8.31,-8.67,-9.60,-2.28",0,10,-15.456043956043956,0.4959839357429719,-21.500000000000007,-11521.5,-11521.5
ml,baseline_hit99,0.53,0.5,0.6,85,996,0.6546184738955824,56.4789156626506,-7.321285140562253,-7292.000000000004,22.07208588957055,-63.031976744186046,0.6636996725545358,-9.375502008032132,"-8.99,-9.38,-9.36,-1.56",0,10,-16.22527472527473,0.4959839357429719,-24.500000000000014,-11524.5,-11524.5
ml,baseline_hit99,0.53,0.5,0.6,90,996,0.6305220883534136,56.4789156626506,-6.221887550200803,-6197.0,27.078025477707005,-63.04891304347826,0.7329109559520731,-9.47991967871486,"-7.63,-7.67,-9.48,-0.11",1,10,-15.456043956043958,0.4959839357429719,-30.500000000000014,-11530.5,-11530.5
ml,baseline_hit99,0.53,0.5,0.6,95,996,0.6004016064257028,56.4789156626506,-5.935742971887554,-5912.000000000004,32.051839464882946,-63.01256281407035,0.7642649228438135,-10.343373493975907,"-6.85,-6.50,-10.34,-0.05",1,10,-14.906593406593412,0.4959839357429719,-51.00000000000003,-11551.0,-11551.0
ml,baseline_hit99,0.53,0.5,0.6,99,996,0.5823293172690763,56.4789156626506,-5.327309236947793,-5306.000000000002,36.039655172413795,-63.00240384615385,0.7975504597657294,-10.130522088353416,"-4.88,-5.72,-10.13,-0.58",2,10,-13.917475728155344,0.4959839357429719,-23.000000000000007,-11523.0,-13464.0
ml,baseline_hit99,0.54,0.5,0.6,80,829,0.6924004825090471,56.978287092882994,-8.086248492159228,-6703.5,16.50871080139373,-63.449019607843134,0.5856794091288359,-11.002415458937199,"-8.42,-9.79,-11.00,-3.12",0,10,-17.2625,0.5042219541616405,-15.0,-11515.0,-11515.0
ml,baseline_hit99,0.54,0.5,0.6,85,829,0.646562123039807,56.978287092882994,-8.520506634499402,-7063.500000000004,21.518656716417908,-63.472696245733786,0.6201908858717569,-11.0024154589372,"-9.48,-10.54,-11.00,-3.05",0,10,-18.637500000000006,0.5042219541616405,-38.5,-11538.5,-11538.5
ml,baseline_hit99,0.54,0.5,0.6,90,829,0.6188178528347407,56.978287092882994,-7.784680337756333,-6453.5,26.515594541910332,-63.46835443037975,0.6782259672915836,-11.823671497584542,"-8.04,-9.60,-11.82,-1.67",1,10,-18.262500000000003,0.5042219541616405,-18.000000000000007,-11518.0,-11518.0
ml,baseline_hit99,0.54,0.5,0.6,95,829,0.5934861278648975,56.978287092882994,-7.097104945717737,-5883.500000000004,31.514227642276424,-63.467359050445104,0.7249222713140239,-11.70289855072464,"-7.25,-7.98,-11.70,-1.46",1,10,-18.250000000000007,0.5042219541616405,-45.00000000000001,-11545.0,-11545.0
ml,baseline_hit99,0.54,0.5,0.6,99,829,0.5741857659831122,56.978287092882994,-6.633896260554888,-5499.500000000002,35.5,-63.44900849858357,0.7544592030360532,-12.38888888888889,"-5.36,-7.56,-12.39,-1.24",1,10,-17.523809523809526,0.5042219541616405,-21.000000000000014,-11521.0,-13038.0
ml,baseline_hit99,0.55,0.5,0.6,80,655,0.6885496183206107,57.50381679389314,-8.919847328244275,-5842.5,15.965631929046562,-63.93627450980392,0.5520585754811009,-10.353658536585366,"-9.42,-9.87,-10.35,-6.02",0,10,-16.43220338983051,0.49923664122137407,-25.500000000000014,-11525.5,-11525.5
ml,baseline_hit99,0.55,0.5,0.6,85,655,0.6412213740458015,57.50381679389314,-9.500000000000004,-6222.500000000002,20.97142857142857,-63.95957446808511,0.586008449486045,-12.182926829268295,"-9.63,-12.18,-10.63,-5.53",0,10,-17.788135593220343,0.49923664122137407,-11.500000000000071,-11511.5,-11511.5
ml,baseline_hit99,0.55,0.5,0.6,90,655,0.6122137404580152,57.50381679389314,-8.904580152671755,-5832.5,25.961346633416458,-63.94881889763779,0.6409222434279382,-12.426829268292684,"-8.63,-10.78,-12.43,-3.75",0,10,-18.127118644067796,0.49923664122137407,-19.000000000000007,-11519.0,-11519.0
ml,baseline_hit99,0.55,0.5,0.6,95,655,0.5893129770992367,57.50381679389314,-8.019083969465651,-5252.500000000002,30.968911917098445,-63.96468401486989,0.6947374538691773,-11.878048780487807,"-7.29,-8.40,-11.88,-4.49",0,10,-17.108695652173918,0.49923664122137407,-37.00000000000003,-11537.0,-11537.0
ml,baseline_hit99,0.55,0.5,0.6,99,655,0.5709923664122137,57.50381679389314,-7.475572519083971,-4896.500000000001,34.95454545454545,-63.94839857651245,0.7275105039094021,-12.701219512195122,"-4.90,-7.87,-12.70,-4.41",1,10,-16.572463768115945,0.49923664122137407,-44.99999999999999,-11545.0,-11545.0
ml,baseline_hit99,0.56,0.5,0.6,80,484,0.7004132231404959,58.03512396694215,-8.502066115702478,-4114.999999999999,15.458702064896757,-64.52068965517242,0.5601517823740046,-11.665289256198347,"-11.67,-9.72,-8.94,-3.68",0,10,-22.55,0.5082644628099173,-43.99999999999994,-11544.0,-11838.5
ml,baseline_hit99,0.56,0.5,0.6,85,484,0.6508264462809917,58.03512396694215,-9.214876033057855,-4460.000000000002,20.46190476190476,-64.52958579881657,0.5910320480491494,-12.615702479338843,"-12.57,-12.62,-9.68,-1.99",0,10,-24.175000000000004,0.5082644628099173,-35.0,-11535.0,-11535.0
ml,baseline_hit99,0.56,0.5,0.6,90,484,0.6239669421487604,58.03512396694215,-8.37809917355372,-4055.0,25.456953642384107,-64.52197802197803,0.654687899173976,-12.53305785123967,"-10.26,-12.53,-10.92,0.20",0,10,-24.05,0.5082644628099173,-55.0,-11555.0,-11555.0
ml,baseline_hit99,0.56,0.5,0.6,95,484,0.5991735537190083,58.03512396694215,-7.613636363636368,-3685.000000000002,30.46206896551724,-64.53092783505154,0.7056474159277898,-11.086776859504134,"-9.60,-9.64,-11.09,-0.13",0,10,-21.800000000000004,0.5082644628099173,-30.500000000000078,-11530.5,-11530.5
ml,baseline_hit99,0.56,0.5,0.6,99,484,0.5826446280991735,58.03512396694215,-6.853305785123967,-3317.0,34.45035460992908,-64.51485148514851,0.7454726826273788,-11.293388429752065,"-7.29,-9.78,-11.29,0.95",1,10,-20.000000000000004,0.5082644628099173,-14.5,-11514.5,-11514.5
ml,baseline_hit99,0.57,0.5,0.6,80,342,0.7076023391812866,58.46491228070175,-8.35672514619883,-2858.0,15.041322314049587,-64.98,0.5601723607263773,-11.33529411764706,"-10.07,-10.10,-11.34,-1.88",1,10,-23.56451612903226,0.49415204678362573,-22.5,-11522.5,-11817.0
ml,baseline_hit99,0.57,0.5,0.6,85,342,0.6578947368421053,58.46491228070175,-9.04385964912281,-3093.000000000001,20.046666666666667,-64.98717948717949,0.5932136516078121,-13.593023255813955,"-11.58,-13.59,-10.98,0.06",1,10,-26.467741935483875,0.49415204678362573,-52.50000000000004,-11552.5,-11552.5
ml,baseline_hit99,0.57,0.5,0.6,90,342,0.6345029239766082,58.46491228070175,-7.859649122807017,-2688.0,25.048387096774192,-64.988,0.6691081430417923,-12.041176470588235,"-9.49,-11.62,-12.04,1.77",2,10,-24.20967741935484,0.49415204678362573,-46.500000000000014,-11546.5,-11546.5
ml,baseline_hit99,0.57,0.5,0.6,95,342,0.6052631578947368,58.46491228070175,-7.464912280701757,-2553.000000000001,30.045893719806763,-64.98148148148148,0.7089769165004275,-12.452941176470594,"-9.72,-8.65,-12.45,1.01",2,10,-21.95161290322581,0.49415204678362573,-1.0,-11501.0,-11501.0
ml,baseline_hit99,0.57,0.5,0.6,99,342,0.5935672514619883,58.46491228070175,-6.201754385964913,-2121.0,34.04187192118226,-64.9748201438849,0.765155289818967,-11.405882352941177,"-7.40,-8.58,-11.41,2.62",3,10,-20.145161290322584,0.49415204678362573,-9.000000000000007,-11509.0,-11509.0
ml,baseline_hit99,0.58,0.5,0.6,80,155,0.7032258064516129,59.0,-9.241935483870968,-1432.5,14.5,-65.5,0.5245602389644872,-10.115384615384615,"-10.12,-10.12,-10.12,-6.55",1,10,-14.590909090909088,0.4967741935483871,1008.0,-10492.0,-10767.5
ml,baseline_hit99,0.58,0.5,0.6,85,155,0.6516129032258065,59.0,-10.112903225806456,-1567.5000000000007,19.499999999999996,-65.5,0.5568278201865987,-15.371794871794872,"-11.01,-15.37,-8.83,-5.11",1,10,-14.500000000000005,0.4967741935483871,866.0,-10634.0,-11017.0
ml,baseline_hit99,0.58,0.5,0.6,90,155,0.6258064516129033,59.0,-9.17741935483871,-1422.5,24.5,-65.5,0.6255593577257172,-12.423076923076923,"-7.81,-12.42,-10.12,-6.29",1,10,-16.40909090909091,0.4967741935483871,946.5,-10553.5,-11075.5
ml,baseline_hit99,0.58,0.5,0.6,95,155,0.6,59.0,-8.500000000000004,-1317.5000000000007,29.5,-65.5,0.6755725190839694,-9.47435897435898,"-9.47,-9.47,-9.47,-5.50",0,10,-14.833333333333337,0.4967741935483871,1108.5,-10391.5,-11004.5
ml,baseline_hit99,0.58,0.5,0.6,99,155,0.5935483870967742,59.0,-6.7387096774193544,-1044.5,33.5,-65.5,0.7468799224524415,-9.653846153846153,"-7.12,-9.65,-7.12,-2.97",2,10,-12.7,0.4967741935483871,1455.0,-10045.0,-10833.5
ml,baseline_hit99,0.52,0.5,0.65,80,1971,0.7138508371385084,58.407407407407405,-7.789193302891933,-15352.5,14.997512437810945,-64.63475177304964,0.5788528007900368,-9.617647058823529,"-7.96,-9.46,-9.62,-4.11",0,10,-11.228813559322033,0.4916286149162861,-4.999999999999986,-11505.0,-12212.5
ml,baseline_hit99,0.52,0.5,0.65,85,1971,0.6763064434297311,58.407407407407405,-7.41374936580416,-14612.5,19.9576144036009,-64.60188087774294,0.6454653532608695,-9.627789046653144,"-7.50,-9.28,-9.63,-3.24",0,10,-11.461864406779663,0.4916286149162861,-42.000000000000014,-11542.0,-12454.5
ml,baseline_hit99,0.52,0.5,0.65,90,1971,0.6468797564687976,58.407407407407405,-6.683155758498224,-13172.5,25.008235294117647,-64.73850574712644,0.707654578543211,-9.481744421906694,"-6.13,-9.48,-8.77,-2.35",0,10,-10.974576271186441,0.4916286149162861,-8.5,-11508.5,-12626.0
ml,baseline_hit99,0.52,0.5,0.65,95,1971,0.6144089294774226,58.407407407407405,-6.536022323693558,-12882.500000000004,29.995458298926508,-64.74605263157895,0.7381978173837056,-9.299188640973634,"-5.76,-9.30,-8.55,-2.53",0,10,-10.941624365482237,0.4916286149162861,-47.0,-11547.0,-12869.5
ml,baseline_hit99,0.52,0.5,0.65,99,1971,0.5920852359208524,58.407407407407405,-6.290461694571284,-12398.5,34.01842330762639,-64.79850746268657,0.7620158163461169,-8.601419878296147,"-5.07,-8.57,-8.60,-2.91",0,10,-11.682741116751272,0.4916286149162861,-14.500000000000007,-11514.5,-13001.0
ml,baseline_hit99,0.53,0.5,0.65,80,1797,0.7156371730662214,58.93099610461879,-8.168892598775738,-14679.5,14.479782270606531,-65.16731898238747,0.559180793081185,-10.415367483296214,"-9.11,-8.72,-10.42,-4.44",0,10,-11.26687116564417,0.48580968280467446,-22.0,-11522.0,-11778.5
ml,baseline_hit99,0.53,0.5,0.65,85,1797,0.6800222593210907,58.93099610461879,-7.620756816917086,-13694.500000000004,19.45417348608838,-65.1608695652174,0.63449656368853,-10.40423162583519,"-8.80,-8.20,-10.40,-3.08",0,10,-10.75824175824176,0.48580968280467446,-31.000000000000007,-11531.0,-11882.5
ml,baseline_hit99,0.53,0.5,0.65,90,1797,0.6494156928213689,58.93099610461879,-6.978018920422927,-12539.5,24.5,-65.28730158730158,0.6951326250273516,-9.992204899777283,"-7.66,-8.45,-9.99,-1.81",0,10,-11.005494505494505,0.48580968280467446,-24.0,-11524.0,-11970.5
ml,baseline_hit99,0.53,0.5,0.65,95,1797,0.6171396772398442,58.93099610461879,-6.799944351697275,-12219.500000000004,29.489179440937782,-65.29505813953489,0.7279901164214322,-9.468819599109136,"-7.20,-8.25,-9.47,-2.29",0,10,-11.637362637362642,0.48580968280467446,-13.5,-11513.5,-12055.0
ml,baseline_hit99,0.53,0.5,0.65,99,1797,0.5943238731218697,58.93099610461879,-6.592376182526433,-11846.5,33.510299625468164,-65.34362139917695,0.7513094225944936,-9.330734966592427,"-6.72,-7.61,-9.33,-2.71",0,10,-12.093406593406597,0.48580968280467446,-51.0,-11551.0,-12168.5
ml,baseline_hit99,0.54,0.5,0.65,80,1630,0.7153374233128834,59.4361963190184,-8.70920245398773,-14196.0,13.945969125214408,-65.64008620689656,0.5339002528154447,-11.04054054054054,"-9.11,-9.61,-11.04,-5.07",0,10,-12.475460122699385,0.48895705521472393,-16.500000000000007,-11516.5,-11773.0
ml,baseline_hit99,0.54,0.5,0.65,85,1630,0.6785276073619632,59.4361963190184,-8.261349693251534,-13466.0,18.911392405063292,-65.6145038167939,0.6083415740794602,-11.163390663390663,"-8.89,-9.01,-11.16,-3.98",0,10,-12.782208588957058,0.48895705521472393,-9.0,-11509.0,-11860.5
ml,baseline_hit99,0.54,0.5,0.65,90,1630,0.645398773006135,59.4361963190184,-7.850306748466258,-12796.0,23.943916349809886,-65.71799307958477,0.6631301829669607,-11.04054054054054,"-7.74,-9.63,-11.04,-2.98",0,10,-13.51840490797546,0.48895705521472393,-10.5,-11510.5,-11957.0
ml,baseline_hit99,0.54,0.5,0.65,95,1630,0.6153374233128834,59.4361963190184,-7.479141104294481,-12191.000000000004,28.954636091724826,-65.7615629984051,0.7043351724974232,-9.861179361179364,"-7.30,-9.30,-9.86,-3.45",0,10,-13.518404907975462,0.48895705521472393,-52.0,-11552.0,-12093.5
ml,baseline_hit99,0.54,0.5,0.65,99,1630,0.5914110429447853,59.4361963190184,-7.386503067484663,-12040.0,32.97095435684647,-65.8018018018018,0.7252646951442132,-10.178132678132679,"-7.01,-8.86,-10.18,-3.49",0,10,-13.739263803680984,0.48895705521472393,-3.5,-11503.5,-12121.0
ml,baseline_hit99,0.55,0.5,0.65,80,1456,0.7163461538461539,59.96634615384615,-9.158653846153847,-13335.0,13.408916586768937,-66.15133171912834,0.5119049797770905,-10.771978021978022,"-10.10,-9.23,-10.77,-6.54",0,10,-12.357142857142854,0.4848901098901099,-24.0,-11524.0,-11780.5
ml,baseline_hit99,0.55,0.5,0.65,85,1456,0.679945054945055,59.96634615384615,-8.671016483516484,-12625.0,18.373737373737374,-66.12660944206009,0.5902969333116989,-11.266483516483516,"-9.37,-8.92,-11.27,-5.13",0,10,-12.439189189189191,0.4848901098901099,-3.000000000000014,-11503.0,-11854.5
ml,baseline_hit99,0.55,0.5,0.65,90,1456,0.6456043956043956,59.96634615384615,-8.36195054945055,-12175.0,23.401063829787233,-66.2248062015504,0.6437141519372586,-11.486263736263735,"-8.48,-9.50,-11.49,-3.99",0,10,-13.52027027027027,0.4848901098901099,-11.0,-11511.0,-11957.5
ml,baseline_hit99,0.55,0.5,0.65,95,1456,0.6160714285714286,59.96634615384615,-7.939560439560442,-11560.000000000004,28.417502787068006,-66.27996422182468,0.6879934143938679,-10.002747252747254,"-7.86,-8.95,-10.00,-4.95",0,10,-12.50675675675676,0.4848901098901099,-43.0,-11543.0,-12084.5
ml,baseline_hit99,0.55,0.5,0.65,99,1456,0.592032967032967,59.96634615384615,-7.855082417582418,-11437.0,32.43503480278422,-66.32323232323232,0.709691339222256,-10.348901098901099,"-7.83,-8.16,-10.35,-5.07",0,10,-12.912162162162161,0.4848901098901099,-29.000000000000007,-11529.0,-12146.5
ml,baseline_hit99,0.56,0.5,0.65,80,1285,0.7245136186770428,60.494163424124515,-9.033073929961086,-11607.499999999996,12.916756176154676,-66.75988700564972,0.5088435661998055,-10.62422360248447,"-10.62,-9.66,-10.03,-5.82",0,10,-13.72627737226277,0.48638132295719844,-16.99999999999997,-11517.0,-12083.5
ml,baseline_hit99,0.56,0.5,0.65,85,1285,0.688715953307393,60.494163424124515,-8.45330739299611,-10862.5,17.884180790960453,-66.725,0.5930123641813413,-10.714953271028037,"-10.00,-9.25,-10.71,-3.84",0,10,-13.507299270072995,0.48638132295719844,-57.0,-11557.0,-11908.5
ml,baseline_hit99,0.56,0.5,0.65,90,1285,0.6544747081712062,60.494163424124515,-8.091439688715953,-10397.5,22.918549346016647,-66.82882882882883,0.6495854677810731,-10.777258566978194,"-8.61,-10.62,-10.78,-2.36",0,10,-12.33941605839416,0.48638132295719844,-18.5,-11518.5,-11965.0
ml,baseline_hit99,0.56,0.5,0.65,95,1285,0.6233463035019455,60.494163424124515,-7.77626459143969,-9992.500000000002,27.92821473158552,-66.86570247933884,0.6912369063436641,-10.154205607476635,"-8.31,-10.15,-9.44,-3.20",0,10,-12.777372262773726,0.48638132295719844,-26.5,-11526.5,-12068.0
ml,baseline_hit99,0.56,0.5,0.65,99,1285,0.5992217898832685,60.494163424124515,-7.671206225680934,-9857.5,31.94935064935065,-66.90970873786408,0.7139312506348215,-9.92056074766355,"-8.30,-9.92,-9.49,-2.98",0,10,-12.072649572649572,0.48638132295719844,-24.0,-11524.0,-12141.5
ml,baseline_hit99,0.57,0.5,0.65,80,1143,0.7296587926509186,60.92825896762905,-9.055555555555554,-10350.499999999998,12.5,-67.23462783171522,0.5017929773049987,-11.115384615384615,"-10.06,-9.51,-11.12,-5.53",0,10,-12.43388429752066,0.4794400699912511,-43.99999999999997,-11544.0,-12110.5
ml,baseline_hit99,0.57,0.5,0.65,85,1143,0.6955380577427821,60.92825896762905,-8.307524059492563,-9495.5,17.4748427672956,-67.20689655172414,0.5940011971951428,-11.167832167832168,"-9.15,-9.45,-11.17,-3.44",0,10,-11.81404958677686,0.4794400699912511,-17.5,-11517.5,-11869.0
ml,baseline_hit99,0.57,0.5,0.65,90,1143,0.6614173228346457,60.92825896762905,-7.9006999125109365,-9030.5,22.515873015873016,-67.31912144702842,0.6533729968333173,-10.765734265734265,"-7.92,-10.77,-10.70,-2.20",0,10,-11.405660377358489,0.4794400699912511,-9.0,-11509.0,-11955.5
ml,baseline_hit99,0.57,0.5,0.65,95,1143,0.6281714785651793,60.92825896762905,-7.751968503937008,-8860.5,27.515320334261837,-67.33294117647058,0.6903709398423986,-10.608391608391608,"-7.94,-10.61,-9.21,-3.23",0,10,-11.566115702479342,0.4794400699912511,-63.0,-11563.0,-12104.5
ml,baseline_hit99,0.57,0.5,0.65,99,1143,0.6045494313210849,60.92825896762905,-7.577865266841645,-8661.5,31.54341534008683,-67.38495575221239,0.7156247947993959,-10.293706293706293,"-8.21,-10.29,-8.84,-2.96",0,10,-12.339622641509434,0.4794400699912511,-18.5,-11518.5,-12136.0
ml,baseline_hit99,0.58,0.5,0.65,80,956,0.7332635983263598,61.496861924686186,-9.335774058577407,-8925.0,11.933666191155492,-67.80588235294118,0.4838205951244903,-10.997907949790795,"-10.05,-9.38,-11.00,-6.92",0,10,-13.202970297029701,0.4769874476987448,-33.99999999999994,-11534.0,-12287.5
ml,baseline_hit99,0.58,0.5,0.65,85,956,0.7018828451882845,61.496861924686186,-8.336820083682008,-7970.0,16.917287630402384,-67.79473684210527,0.5875061460031571,-10.997907949790795,"-8.56,-8.92,-11.00,-4.87",0,10,-12.311881188118813,0.4769874476987448,-16.0,-11516.0,-12571.0
ml,baseline_hit99,0.58,0.5,0.65,90,956,0.6652719665271967,61.496861924686186,-8.122384937238493,-7765.0,21.95440251572327,-67.9,0.6426270250368189,-10.717573221757322,"-7.33,-10.72,-10.29,-4.16",0,10,-12.682795698924728,0.4769874476987448,-62.0,-11562.0,-12907.0
ml,baseline_hit99,0.58,0.5,0.65,95,956,0.6317991631799164,61.496861924686186,-7.9759414225941425,-7625.0,26.95364238410596,-67.91193181818181,0.6810290734156035,-11.115062761506277,"-7.54,-11.12,-8.28,-4.97",0,10,-12.682795698924734,0.4769874476987448,-4.0,-11504.0,-13168.5
ml,baseline_hit99,0.58,0.5,0.65,99,956,0.606694560669456,61.496861924686186,-7.934100418410042,-7585.0,30.979310344827585,-67.96010638297872,0.7031659687707901,-10.792887029288703,"-8.31,-10.79,-7.84,-4.80",0,10,-13.553763440860216,0.4769874476987448,-8.5,-11508.5,-13409.0
ml,baseline_hit99,0.59,0.5,0.65,80,800,0.73875,61.982499999999995,-9.382499999999999,-7505.999999999999,11.45769881556684,-68.3133971291866,0.47427770968306787,-10.405,"-10.40,-10.01,-10.06,-7.04",0,10,-13.427710843373491,0.47375,-22.999999999999986,-11523.0,-11986.5
ml,baseline_hit99,0.59,0.5,0.65,85,800,0.71125,61.982499999999995,-8.02625,-6421.0,16.456063268892795,-68.33116883116882,0.5932085273527828,-10.24,"-8.90,-8.06,-10.24,-4.89",0,10,-12.042168674698795,0.47375,-26.0,-11526.0,-12191.0
ml,baseline_hit99,0.59,0.5,0.65,90,800,0.6725,61.982499999999995,-7.9575,-6366.0,21.492565055762082,-68.43129770992367,0.6449327904512243,-10.815,"-8.11,-10.81,-8.62,-4.29",0,10,-13.006849315068491,0.47375,-27.5,-11527.5,-12382.5
ml,baseline_hit99,0.59,0.5,0.65,95,800,0.6375,61.982499999999995,-7.92,-6336.0,26.48627450980392,-68.42758620689655,0.6807095343680709,-11.89,"-8.08,-11.89,-6.24,-5.47",0,10,-13.828767123287673,0.47375,-10.0,-11510.0,-12555.0
ml,baseline_hit99,0.59,0.5,0.65,99,800,0.60875,61.982499999999995,-8.21625,-6573.0,30.5,-68.45527156549521,0.6932303456000747,-11.49,"-9.50,-11.49,-6.59,-5.29",0,10,-14.23972602739726,0.47375,-9.0,-11509.0,-12706.0
ml,baseline_hit99,0.6,0.5,0.65,80,618,0.7572815533980582,62.55825242718447,-8.475728155339803,-5237.999999999998,10.925213675213676,-69.00666666666666,0.4939619360448267,-10.222580645161289,"-8.08,-10.22,-7.86,-7.73",0,10,-13.845454545454544,0.48058252427184467,-64.0,-11564.0,-11771.0
ml,baseline_hit99,0.6,0.5,0.65,85,618,0.7297734627831716,62.55825242718447,-7.027508090614886,-4343.0,15.925720620842572,-69.01497005988024,0.6231833759923647,-8.19032258064516,"-5.92,-8.19,-7.89,-6.11",0,10,-11.936363636363636,0.48058252427184467,-54.0,-11554.0,-11851.0
ml,baseline_hit99,0.6,0.5,0.65,90,618,0.686084142394822,62.55825242718447,-7.310679611650485,-4518.0,20.95754716981132,-69.09278350515464,0.6629364368845121,-11.57741935483871,"-5.69,-11.58,-6.62,-5.33",0,10,-18.39090909090909,0.48058252427184467,-54.0,-11554.0,-11941.0
ml,baseline_hit99,0.6,0.5,0.65,95,618,0.6472491909385113,62.55825242718447,-7.569579288025891,-4678.000000000001,25.9375,-69.05045871559633,0.6892313824486813,-12.674193548387098,"-6.47,-12.67,-3.77,-7.34",1,10,-20.754545454545458,0.48058252427184467,-42.5,-11542.5,-12019.5
ml,baseline_hit99,0.6,0.5,0.65,99,618,0.6181229773462783,62.55825242718447,-7.864077669902913,-4860.0,29.955497382198953,-69.08050847457628,0.7018953566828191,-12.216129032258065,"-8.31,-12.22,-4.23,-6.68",2,10,-20.51818181818182,0.48058252427184467,-23.0,-11523.0,-12072.0
ml,baseline_hit99,0.61,0.5,0.65,80,478,0.7740585774058577,63.002092050209214,-7.577405857740586,-3622.0,10.516216216216218,-69.56481481481481,0.5179023026753629,-9.491666666666667,"-6.79,-9.49,-7.06,-6.95",0,10,-14.614285714285712,0.4790794979079498,-65.0,-11565.0,-11772.0
ml,baseline_hit99,0.61,0.5,0.65,85,478,0.7468619246861925,63.002092050209214,-6.018828451882845,-2877.0,15.519607843137255,-69.56611570247934,0.6582120582120582,-7.4411764705882355,"-4.29,-7.16,-7.44,-5.19",2,10,-14.030612244897961,0.4790794979079498,-15.0,-11515.0,-11812.0
ml,baseline_hit99,0.61,0.5,0.65,90,478,0.694560669456067,63.002092050209214,-6.99163179916318,-3342.0,20.539156626506024,-69.5958904109589,0.6710953646294656,-11.741666666666667,"-4.21,-11.74,-6.81,-5.19",1,10,-20.261904761904763,0.4790794979079498,-9.0,-11509.0,-11896.0
ml,baseline_hit99,0.61,0.5,0.65,95,478,0.6569037656903766,63.002092050209214,-7.096234309623433,-3392.000000000001,25.51910828025477,-69.54268292682927,0.7025865848312142,-12.491666666666667,"-2.96,-12.49,-4.12,-8.80",3,10,-24.309523809523814,0.4790794979079498,-24.000000000000036,-11524.0,-12001.0
ml,baseline_hit99,0.61,0.5,0.65,99,478,0.6213389121338913,63.002092050209214,-7.989539748953975,-3819.0,29.523569023569024,-69.54419889502762,0.6966037735849057,-13.391666666666667,"-5.93,-13.39,-3.86,-8.74",2,10,-24.761904761904763,0.4790794979079498,-18.0,-11518.0,-12067.0
ml,baseline_hit99,0.62,0.5,0.65,80,314,0.7515923566878981,63.503184713375795,-9.875796178343949,-3101.0,9.987288135593221,-69.97435897435898,0.43184316599487,-14.246835443037975,"-11.25,-14.25,-7.54,-6.40",0,10,-19.33333333333333,0.48089171974522293,-22.5,-11522.5,-11522.5
ml,baseline_hit99,0.62,0.5,0.65,85,314,0.7229299363057324,63.503184713375795,-8.554140127388536,-2686.0,14.988986784140968,-69.98275862068965,0.5588404368892173,-12.917721518987342,"-9.73,-12.92,-7.99,-3.51",2,10,-17.258620689655174,0.48089171974522293,-34.0,-11534.0,-11534.0
ml,baseline_hit99,0.62,0.5,0.65,90,314,0.6592356687898089,63.503184713375795,-10.671974522292993,-3351.0,19.992753623188406,-69.99532710280374,0.552573603044262,-22.09493670886076,"-9.60,-22.09,-5.49,-5.37",2,10,-32.775862068965516,0.48089171974522293,-56.5,-11556.5,-11556.5
ml,baseline_hit99,0.62,0.5,0.65,95,314,0.6369426751592356,63.503184713375795,-9.493630573248408,-2981.0000000000005,24.994999999999994,-70.0,0.6264411027568921,-23.044303797468356,"-6.25,-23.04,-3.12,-5.44",2,10,-37.258620689655174,0.48089171974522293,-1.0,-11501.0,-11501.0
ml,baseline_hit99,0.62,0.5,0.65,99,314,0.6019108280254777,63.503184713375795,-10.414012738853502,-3270.0,29.002645502645503,-70.012,0.6263497686110953,-22.32278481012658,"-11.08,-22.32,-4.10,-3.99",2,10,-39.293103448275865,0.48089171974522293,-12.5,-11512.5,-11512.5
ml,baseline_hit99,0.63,0.5,0.65,80,155,0.7612903225806451,63.99999999999999,-9.596774193548388,-1487.5,9.500000000000002,-70.5,0.42974889783400433,-19.21794871794872,"-6.91,-19.22,-6.91,-5.24",1,10,-27.833333333333332,0.5096774193548387,1087.0,-10413.0,-10593.5
ml,baseline_hit99,0.63,0.5,0.65,85,155,0.7354838709677419,63.99999999999999,-7.983870967741935,-1237.5,14.499999999999998,-70.5,0.5718733783082511,-18.192307692307693,"-7.29,-18.19,-2.94,-3.39",2,10,-25.166666666666668,0.5096774193548387,1645.5,-9854.5,-10159.0
ml,baseline_hit99,0.63,0.5,0.65,90,155,0.6645161290322581,63.99999999999999,-10.693548387096774,-1657.5,19.5,-70.5,0.5478723404255319,-28.96153846153846,"-8.19,-28.96,-1.27,-4.18",3,10,-40.5,0.5096774193548387,976.0,-10524.0,-10855.5
ml,baseline_hit99,0.63,0.5,0.65,95,155,0.6387096774193548,63.99999999999999,-9.822580645161292,-1522.5000000000002,24.499999999999996,-70.5,0.6143617021276595,-31.525641025641026,"-4.73,-31.53,0.14,-3.00",3,10,-45.166666666666664,0.5096774193548387,992.0,-10508.0,-10981.5
ml,baseline_hit99,0.63,0.5,0.65,99,155,0.5935483870967742,63.99999999999999,-11.738709677419354,-1819.5,28.5,-70.5,0.5903411009793988,-34.96153846153846,"-12.12,-34.96,0.58,-0.16",3,10,-50.7,0.5096774193548387,847.0,-10653.0,-10923.0
ml,baseline_hit99,0.52,0.55,0.65,80,1630,0.7153374233128834,59.4361963190184,-8.70920245398773,-14196.0,13.945969125214408,-65.64008620689656,0.5339002528154447,-11.04054054054054,"-9.11,-9.61,-11.04,-5.07",0,10,-12.475460122699385,0.48895705521472393,-16.500000000000007,-11516.5,-11773.0
ml,baseline_hit99,0.52,0.55,0.65,85,1630,0.6785276073619632,59.4361963190184,-8.261349693251534,-13466.0,18.911392405063292,-65.6145038167939,0.6083415740794602,-11.163390663390663,"-8.89,-9.01,-11.16,-3.98",0,10,-12.782208588957058,0.48895705521472393,-9.0,-11509.0,-11860.5
ml,baseline_hit99,0.52,0.55,0.65,90,1630,0.645398773006135,59.4361963190184,-7.850306748466258,-12796.0,23.943916349809886,-65.71799307958477,0.6631301829669607,-11.04054054054054,"-7.74,-9.63,-11.04,-2.98",0,10,-13.51840490797546,0.48895705521472393,-10.5,-11510.5,-11957.0
ml,baseline_hit99,0.52,0.55,0.65,95,1630,0.6153374233128834,59.4361963190184,-7.479141104294481,-12191.000000000004,28.954636091724826,-65.7615629984051,0.7043351724974232,-9.861179361179364,"-7.30,-9.30,-9.86,-3.45",0,10,-13.518404907975462,0.48895705521472393,-52.0,-11552.0,-12093.5
ml,baseline_hit99,0.52,0.55,0.65,99,1630,0.5914110429447853,59.4361963190184,-7.386503067484663,-12040.0,32.97095435684647,-65.8018018018018,0.7252646951442132,-10.178132678132679,"-7.01,-8.86,-10.18,-3.49",0,10,-13.739263803680984,0.48895705521472393,-3.5,-11503.5,-12121.0
ml,baseline_hit99,0.53,0.55,0.65,80,1630,0.7153374233128834,59.4361963190184,-8.70920245398773,-14196.0,13.945969125214408,-65.64008620689656,0.5339002528154447,-11.04054054054054,"-9.11,-9.61,-11.04,-5.07",0,10,-12.475460122699385,0.48895705521472393,-16.500000000000007,-11516.5,-11773.0
ml,baseline_hit99,0.53,0.55,0.65,85,1630,0.6785276073619632,59.4361963190184,-8.261349693251534,-13466.0,18.911392405063292,-65.6145038167939,0.6083415740794602,-11.163390663390663,"-8.89,-9.01,-11.16,-3.98",0,10,-12.782208588957058,0.48895705521472393,-9.0,-11509.0,-11860.5
ml,baseline_hit99,0.53,0.55,0.65,90,1630,0.645398773006135,59.4361963190184,-7.850306748466258,-12796.0,23.943916349809886,-65.71799307958477,0.6631301829669607,-11.04054054054054,"-7.74,-9.63,-11.04,-2.98",0,10,-13.51840490797546,0.48895705521472393,-10.5,-11510.5,-11957.0
ml,baseline_hit99,0.53,0.55,0.65,95,1630,0.6153374233128834,59.4361963190184,-7.479141104294481,-12191.000000000004,28.954636091724826,-65.7615629984051,0.7043351724974232,-9.861179361179364,"-7.30,-9.30,-9.86,-3.45",0,10,-13.518404907975462,0.48895705521472393,-52.0,-11552.0,-12093.5
ml,baseline_hit99,0.53,0.55,0.65,99,1630,0.5914110429447853,59.4361963190184,-7.386503067484663,-12040.0,32.97095435684647,-65.8018018018018,0.7252646951442132,-10.178132678132679,"-7.01,-8.86,-10.18,-3.49",0,10,-13.739263803680984,0.48895705521472393,-3.5,-11503.5,-12121.0
ml,baseline_hit99,0.54,0.55,0.65,80,1630,0.7153374233128834,59.4361963190184,-8.70920245398773,-14196.0,13.945969125214408,-65.64008620689656,0.5339002528154447,-11.04054054054054,"-9.11,-9.61,-11.04,-5.07",0,10,-12.475460122699385,0.48895705521472393,-16.500000000000007,-11516.5,-11773.0
ml,baseline_hit99,0.54,0.55,0.65,85,1630,0.6785276073619632,59.4361963190184,-8.261349693251534,-13466.0,18.911392405063292,-65.6145038167939,0.6083415740794602,-11.163390663390663,"-8.89,-9.01,-11.16,-3.98",0,10,-12.782208588957058,0.48895705521472393,-9.0,-11509.0,-11860.5
ml,baseline_hit99,0.54,0.55,0.65,90,1630,0.645398773006135,59.4361963190184,-7.850306748466258,-12796.0,23.943916349809886,-65.71799307958477,0.6631301829669607,-11.04054054054054,"-7.74,-9.63,-11.04,-2.98",0,10,-13.51840490797546,0.48895705521472393,-10.5,-11510.5,-11957.0
ml,baseline_hit99,0.54,0.55,0.65,95,1630,0.6153374233128834,59.4361963190184,-7.479141104294481,-12191.000000000004,28.954636091724826,-65.7615629984051,0.7043351724974232,-9.861179361179364,"-7.30,-9.30,-9.86,-3.45",0,10,-13.518404907975462,0.48895705521472393,-52.0,-11552.0,-12093.5
ml,baseline_hit99,0.54,0.55,0.65,99,1630,0.5914110429447853,59.4361963190184,-7.386503067484663,-12040.0,32.97095435684647,-65.8018018018018,0.7252646951442132,-10.178132678132679,"-7.01,-8.86,-10.18,-3.49",0,10,-13.739263803680984,0.48895705521472393,-3.5,-11503.5,-12121.0
ml,baseline_hit99,0.55,0.55,0.65,80,1456,0.7163461538461539,59.96634615384615,-9.158653846153847,-13335.0,13.408916586768937,-66.15133171912834,0.5119049797770905,-10.771978021978022,"-10.10,-9.23,-10.77,-6.54",0,10,-12.357142857142854,0.4848901098901099,-24.0,-11524.0,-11780.5
ml,baseline_hit99,0.55,0.55,0.65,85,1456,0.679945054945055,59.96634615384615,-8.671016483516484,-12625.0,18.373737373737374,-66.12660944206009,0.5902969333116989,-11.266483516483516,"-9.37,-8.92,-11.27,-5.13",0,10,-12.439189189189191,0.4848901098901099,-3.000000000000014,-11503.0,-11854.5
ml,baseline_hit99,0.55,0.55,0.65,90,1456,0.6456043956043956,59.96634615384615,-8.36195054945055,-12175.0,23.401063829787233,-66.2248062015504,0.6437141519372586,-11.486263736263735,"-8.48,-9.50,-11.49,-3.99",0,10,-13.52027027027027,0.4848901098901099,-11.0,-11511.0,-11957.5
ml,baseline_hit99,0.55,0.55,0.65,95,1456,0.6160714285714286,59.96634615384615,-7.939560439560442,-11560.000000000004,28.417502787068006,-66.27996422182468,0.6879934143938679,-10.002747252747254,"-7.86,-8.95,-10.00,-4.95",0,10,-12.50675675675676,0.4848901098901099,-43.0,-11543.0,-12084.5
ml,baseline_hit99,0.55,0.55,0.65,99,1456,0.592032967032967,59.96634615384615,-7.855082417582418,-11437.0,32.43503480278422,-66.32323232323232,0.709691339222256,-10.348901098901099,"-7.83,-8.16,-10.35,-5.07",0,10,-12.912162162162161,0.4848901098901099,-29.000000000000007,-11529.0,-12146.5
ml,baseline_hit99,0.56,0.55,0.65,80,1285,0.7245136186770428,60.494163424124515,-9.033073929961086,-11607.499999999996,12.916756176154676,-66.75988700564972,0.5088435661998055,-10.62422360248447,"-10.62,-9.66,-10.03,-5.82",0,10,-13.72627737226277,0.48638132295719844,-16.99999999999997,-11517.0,-12083.5
ml,baseline_hit99,0.56,0.55,0.65,85,1285,0.688715953307393,60.494163424124515,-8.45330739299611,-10862.5,17.884180790960453,-66.725,0.5930123641813413,-10.714953271028037,"-10.00,-9.25,-10.71,-3.84",0,10,-13.507299270072995,0.48638132295719844,-57.0,-11557.0,-11908.5
ml,baseline_hit99,0.56,0.55,0.65,90,1285,0.6544747081712062,60.494163424124515,-8.091439688715953,-10397.5,22.918549346016647,-66.82882882882883,0.6495854677810731,-10.777258566978194,"-8.61,-10.62,-10.78,-2.36",0,10,-12.33941605839416,0.48638132295719844,-18.5,-11518.5,-11965.0
ml,baseline_hit99,0.56,0.55,0.65,95,1285,0.6233463035019455,60.494163424124515,-7.77626459143969,-9992.500000000002,27.92821473158552,-66.86570247933884,0.6912369063436641,-10.154205607476635,"-8.31,-10.15,-9.44,-3.20",0,10,-12.777372262773726,0.48638132295719844,-26.5,-11526.5,-12068.0
ml,baseline_hit99,0.56,0.55,0.65,99,1285,0.5992217898832685,60.494163424124515,-7.671206225680934,-9857.5,31.94935064935065,-66.90970873786408,0.7139312506348215,-9.92056074766355,"-8.30,-9.92,-9.49,-2.98",0,10,-12.072649572649572,0.48638132295719844,-24.0,-11524.0,-12141.5
ml,baseline_hit99,0.57,0.55,0.65,80,1143,0.7296587926509186,60.92825896762905,-9.055555555555554,-10350.499999999998,12.5,-67.23462783171522,0.5017929773049987,-11.115384615384615,"-10.06,-9.51,-11.12,-5.53",0,10,-12.43388429752066,0.4794400699912511,-43.99999999999997,-11544.0,-12110.5
ml,baseline_hit99,0.57,0.55,0.65,85,1143,0.6955380577427821,60.92825896762905,-8.307524059492563,-9495.5,17.4748427672956,-67.20689655172414,0.5940011971951428,-11.167832167832168,"-9.15,-9.45,-11.17,-3.44",0,10,-11.81404958677686,0.4794400699912511,-17.5,-11517.5,-11869.0
ml,baseline_hit99,0.57,0.55,0.65,90,1143,0.6614173228346457,60.92825896762905,-7.9006999125109365,-9030.5,22.515873015873016,-67.31912144702842,0.6533729968333173,-10.765734265734265,"-7.92,-10.77,-10.70,-2.20",0,10,-11.405660377358489,0.4794400699912511,-9.0,-11509.0,-11955.5
ml,baseline_hit99,0.57,0.55,0.65,95,1143,0.6281714785651793,60.92825896762905,-7.751968503937008,-8860.5,27.515320334261837,-67.33294117647058,0.6903709398423986,-10.608391608391608,"-7.94,-10.61,-9.21,-3.23",0,10,-11.566115702479342,0.4794400699912511,-63.0,-11563.0,-12104.5
ml,baseline_hit99,0.57,0.55,0.65,99,1143,0.6045494313210849,60.92825896762905,-7.577865266841645,-8661.5,31.54341534008683,-67.38495575221239,0.7156247947993959,-10.293706293706293,"-8.21,-10.29,-8.84,-2.96",0,10,-12.339622641509434,0.4794400699912511,-18.5,-11518.5,-12136.0
ml,baseline_hit99,0.58,0.55,0.65,80,956,0.7332635983263598,61.496861924686186,-9.335774058577407,-8925.0,11.933666191155492,-67.80588235294118,0.4838205951244903,-10.997907949790795,"-10.05,-9.38,-11.00,-6.92",0,10,-13.202970297029701,0.4769874476987448,-33.99999999999994,-11534.0,-12287.5
ml,baseline_hit99,0.58,0.55,0.65,85,956,0.7018828451882845,61.496861924686186,-8.336820083682008,-7970.0,16.917287630402384,-67.79473684210527,0.5875061460031571,-10.997907949790795,"-8.56,-8.92,-11.00,-4.87",0,10,-12.311881188118813,0.4769874476987448,-16.0,-11516.0,-12571.0
ml,baseline_hit99,0.58,0.55,0.65,90,956,0.6652719665271967,61.496861924686186,-8.122384937238493,-7765.0,21.95440251572327,-67.9,0.6426270250368189,-10.717573221757322,"-7.33,-10.72,-10.29,-4.16",0,10,-12.682795698924728,0.4769874476987448,-62.0,-11562.0,-12907.0
ml,baseline_hit99,0.58,0.55,0.65,95,956,0.6317991631799164,61.496861924686186,-7.9759414225941425,-7625.0,26.95364238410596,-67.91193181818181,0.6810290734156035,-11.115062761506277,"-7.54,-11.12,-8.28,-4.97",0,10,-12.682795698924734,0.4769874476987448,-4.0,-11504.0,-13168.5
ml,baseline_hit99,0.58,0.55,0.65,99,956,0.606694560669456,61.496861924686186,-7.934100418410042,-7585.0,30.979310344827585,-67.96010638297872,0.7031659687707901,-10.792887029288703,"-8.31,-10.79,-7.84,-4.80",0,10,-13.553763440860216,0.4769874476987448,-8.5,-11508.5,-13409.0
ml,baseline_hit99,0.59,0.55,0.65,80,800,0.73875,61.982499999999995,-9.382499999999999,-7505.999999999999,11.45769881556684,-68.3133971291866,0.47427770968306787,-10.405,"-10.40,-10.01,-10.06,-7.04",0,10,-13.427710843373491,0.47375,-22.999999999999986,-11523.0,-11986.5
ml,baseline_hit99,0.59,0.55,0.65,85,800,0.71125,61.982499999999995,-8.02625,-6421.0,16.456063268892795,-68.33116883116882,0.5932085273527828,-10.24,"-8.90,-8.06,-10.24,-4.89",0,10,-12.042168674698795,0.47375,-26.0,-11526.0,-12191.0
ml,baseline_hit99,0.59,0.55,0.65,90,800,0.6725,61.982499999999995,-7.9575,-6366.0,21.492565055762082,-68.43129770992367,0.6449327904512243,-10.815,"-8.11,-10.81,-8.62,-4.29",0,10,-13.006849315068491,0.47375,-27.5,-11527.5,-12382.5
ml,baseline_hit99,0.59,0.55,0.65,95,800,0.6375,61.982499999999995,-7.92,-6336.0,26.48627450980392,-68.42758620689655,0.6807095343680709,-11.89,"-8.08,-11.89,-6.24,-5.47",0,10,-13.828767123287673,0.47375,-10.0,-11510.0,-12555.0
ml,baseline_hit99,0.59,0.55,0.65,99,800,0.60875,61.982499999999995,-8.21625,-6573.0,30.5,-68.45527156549521,0.6932303456000747,-11.49,"-9.50,-11.49,-6.59,-5.29",0,10,-14.23972602739726,0.47375,-9.0,-11509.0,-12706.0
ml,baseline_hit99,0.6,0.55,0.65,80,618,0.7572815533980582,62.55825242718447,-8.475728155339803,-5237.999999999998,10.925213675213676,-69.00666666666666,0.4939619360448267,-10.222580645161289,"-8.08,-10.22,-7.86,-7.73",0,10,-13.845454545454544,0.48058252427184467,-64.0,-11564.0,-11771.0
ml,baseline_hit99,0.6,0.55,0.65,85,618,0.7297734627831716,62.55825242718447,-7.027508090614886,-4343.0,15.925720620842572,-69.01497005988024,0.6231833759923647,-8.19032258064516,"-5.92,-8.19,-7.89,-6.11",0,10,-11.936363636363636,0.48058252427184467,-54.0,-11554.0,-11851.0
ml,baseline_hit99,0.6,0.55,0.65,90,618,0.686084142394822,62.55825242718447,-7.310679611650485,-4518.0,20.95754716981132,-69.09278350515464,0.6629364368845121,-11.57741935483871,"-5.69,-11.58,-6.62,-5.33",0,10,-18.39090909090909,0.48058252427184467,-54.0,-11554.0,-11941.0
ml,baseline_hit99,0.6,0.55,0.65,95,618,0.6472491909385113,62.55825242718447,-7.569579288025891,-4678.000000000001,25.9375,-69.05045871559633,0.6892313824486813,-12.674193548387098,"-6.47,-12.67,-3.77,-7.34",1,10,-20.754545454545458,0.48058252427184467,-42.5,-11542.5,-12019.5
ml,baseline_hit99,0.6,0.55,0.65,99,618,0.6181229773462783,62.55825242718447,-7.864077669902913,-4860.0,29.955497382198953,-69.08050847457628,0.7018953566828191,-12.216129032258065,"-8.31,-12.22,-4.23,-6.68",2,10,-20.51818181818182,0.48058252427184467,-23.0,-11523.0,-12072.0
ml,baseline_hit99,0.61,0.55,0.65,80,478,0.7740585774058577,63.002092050209214,-7.577405857740586,-3622.0,10.516216216216218,-69.56481481481481,0.5179023026753629,-9.491666666666667,"-6.79,-9.49,-7.06,-6.95",0,10,-14.614285714285712,0.4790794979079498,-65.0,-11565.0,-11772.0
ml,baseline_hit99,0.61,0.55,0.65,85,478,0.7468619246861925,63.002092050209214,-6.018828451882845,-2877.0,15.519607843137255,-69.56611570247934,0.6582120582120582,-7.4411764705882355,"-4.29,-7.16,-7.44,-5.19",2,10,-14.030612244897961,0.4790794979079498,-15.0,-11515.0,-11812.0
ml,baseline_hit99,0.61,0.55,0.65,90,478,0.694560669456067,63.002092050209214,-6.99163179916318,-3342.0,20.539156626506024,-69.5958904109589,0.6710953646294656,-11.741666666666667,"-4.21,-11.74,-6.81,-5.19",1,10,-20.261904761904763,0.4790794979079498,-9.0,-11509.0,-11896.0
ml,baseline_hit99,0.61,0.55,0.65,95,478,0.6569037656903766,63.002092050209214,-7.096234309623433,-3392.000000000001,25.51910828025477,-69.54268292682927,0.7025865848312142,-12.491666666666667,"-2.96,-12.49,-4.12,-8.80",3,10,-24.309523809523814,0.4790794979079498,-24.000000000000036,-11524.0,-12001.0
ml,baseline_hit99,0.61,0.55,0.65,99,478,0.6213389121338913,63.002092050209214,-7.989539748953975,-3819.0,29.523569023569024,-69.54419889502762,0.6966037735849057,-13.391666666666667,"-5.93,-13.39,-3.86,-8.74",2,10,-24.761904761904763,0.4790794979079498,-18.0,-11518.0,-12067.0
ml,baseline_hit99,0.62,0.55,0.65,80,314,0.7515923566878981,63.503184713375795,-9.875796178343949,-3101.0,9.987288135593221,-69.97435897435898,0.43184316599487,-14.246835443037975,"-11.25,-14.25,-7.54,-6.40",0,10,-19.33333333333333,0.48089171974522293,-22.5,-11522.5,-11522.5
ml,baseline_hit99,0.62,0.55,0.65,85,314,0.7229299363057324,63.503184713375795,-8.554140127388536,-2686.0,14.988986784140968,-69.98275862068965,0.5588404368892173,-12.917721518987342,"-9.73,-12.92,-7.99,-3.51",2,10,-17.258620689655174,0.48089171974522293,-34.0,-11534.0,-11534.0
ml,baseline_hit99,0.62,0.55,0.65,90,314,0.6592356687898089,63.503184713375795,-10.671974522292993,-3351.0,19.992753623188406,-69.99532710280374,0.552573603044262,-22.09493670886076,"-9.60,-22.09,-5.49,-5.37",2,10,-32.775862068965516,0.48089171974522293,-56.5,-11556.5,-11556.5
ml,baseline_hit99,0.62,0.55,0.65,95,314,0.6369426751592356,63.503184713375795,-9.493630573248408,-2981.0000000000005,24.994999999999994,-70.0,0.6264411027568921,-23.044303797468356,"-6.25,-23.04,-3.12,-5.44",2,10,-37.258620689655174,0.48089171974522293,-1.0,-11501.0,-11501.0
ml,baseline_hit99,0.62,0.55,0.65,99,314,0.6019108280254777,63.503184713375795,-10.414012738853502,-3270.0,29.002645502645503,-70.012,0.6263497686110953,-22.32278481012658,"-11.08,-22.32,-4.10,-3.99",2,10,-39.293103448275865,0.48089171974522293,-12.5,-11512.5,-11512.5
ml,baseline_hit99,0.63,0.55,0.65,80,155,0.7612903225806451,63.99999999999999,-9.596774193548388,-1487.5,9.500000000000002,-70.5,0.42974889783400433,-19.21794871794872,"-6.91,-19.22,-6.91,-5.24",1,10,-27.833333333333332,0.5096774193548387,1087.0,-10413.0,-10593.5
ml,baseline_hit99,0.63,0.55,0.65,85,155,0.7354838709677419,63.99999999999999,-7.983870967741935,-1237.5,14.499999999999998,-70.5,0.5718733783082511,-18.192307692307693,"-7.29,-18.19,-2.94,-3.39",2,10,-25.166666666666668,0.5096774193548387,1645.5,-9854.5,-10159.0
ml,baseline_hit99,0.63,0.55,0.65,90,155,0.6645161290322581,63.99999999999999,-10.693548387096774,-1657.5,19.5,-70.5,0.5478723404255319,-28.96153846153846,"-8.19,-28.96,-1.27,-4.18",3,10,-40.5,0.5096774193548387,976.0,-10524.0,-10855.5
ml,baseline_hit99,0.63,0.55,0.65,95,155,0.6387096774193548,63.99999999999999,-9.822580645161292,-1522.5000000000002,24.499999999999996,-70.5,0.6143617021276595,-31.525641025641026,"-4.73,-31.53,0.14,-3.00",3,10,-45.166666666666664,0.5096774193548387,992.0,-10508.0,-10981.5
ml,baseline_hit99,0.63,0.55,0.65,99,155,0.5935483870967742,63.99999999999999,-11.738709677419354,-1819.5,28.5,-70.5,0.5903411009793988,-34.96153846153846,"-12.12,-34.96,0.58,-0.16",3,10,-50.7,0.5096774193548387,847.0,-10653.0,-10923.0
ml,baseline_hit99,0.52,0.55,0.7,80,2432,0.7528782894736842,61.94777960526315,-8.217516447368418,-19984.999999999993,11.208356089568547,-67.40016638935109,0.50663457384435,-9.692434210526313,"-9.22,-8.95,-9.69,-5.01",0,10,-12.165254237288133,0.48930921052631576,-1.0,-11501.0,-11917.5
ml,baseline_hit99,0.52,0.55,0.7,85,2432,0.7162828947368421,61.94777960526315,-7.563733552631579,-18395.0,16.176234213547648,-67.49855072463768,0.6050371451883025,-9.651315789473685,"-8.60,-8.30,-9.65,-3.71",0,10,-11.889830508474578,0.48930921052631576,-40.50000000000001,-11540.5,-12212.0
ml,baseline_hit99,0.52,0.55,0.7,90,2432,0.6854440789473685,61.94777960526315,-6.7578125,-16435.0,21.168266346730654,-67.61111111111111,0.6822466044758084,-9.001644736842104,"-7.31,-8.45,-9.00,-2.27",0,10,-11.233050847457626,0.48930921052631576,-46.49999999999998,-11546.5,-12487.5
ml,baseline_hit99,0.52,0.55,0.7,95,2432,0.6558388157894737,61.94777960526315,-6.143092105263161,-14940.000000000007,26.16332288401254,-67.70669056152927,0.7363707749181673,-8.082236842105265,"-6.73,-8.08,-7.41,-2.34",0,10,-11.677966101694919,0.48930921052631576,-13.500000000000014,-11513.5,-12743.0
ml,baseline_hit99,0.52,0.55,0.7,99,2432,0.6311677631578947,61.94777960526315,-5.962171052631579,-14500.0,30.16058631921824,-67.77759197324414,0.761499428421044,-7.978618421052632,"-6.26,-7.98,-7.61,-2.00",0,10,-10.966101694915256,0.48930921052631576,-7.999999999999986,-11508.0,-12949.5
ml,baseline_hit99,0.53,0.55,0.7,80,2432,0.7528782894736842,61.94777960526315,-8.217516447368418,-19984.999999999993,11.208356089568547,-67.40016638935109,0.50663457384435,-9.692434210526313,"-9.22,-8.95,-9.69,-5.01",0,10,-12.165254237288133,0.48930921052631576,-1.0,-11501.0,-11917.5
ml,baseline_hit99,0.53,0.55,0.7,85,2432,0.7162828947368421,61.94777960526315,-7.563733552631579,-18395.0,16.176234213547648,-67.49855072463768,0.6050371451883025,-9.651315789473685,"-8.60,-8.30,-9.65,-3.71",0,10,-11.889830508474578,0.48930921052631576,-40.50000000000001,-11540.5,-12212.0
ml,baseline_hit99,0.53,0.55,0.7,90,2432,0.6854440789473685,61.94777960526315,-6.7578125,-16435.0,21.168266346730654,-67.61111111111111,0.6822466044758084,-9.001644736842104,"-7.31,-8.45,-9.00,-2.27",0,10,-11.233050847457626,0.48930921052631576,-46.49999999999998,-11546.5,-12487.5
ml,baseline_hit99,0.53,0.55,0.7,95,2432,0.6558388157894737,61.94777960526315,-6.143092105263161,-14940.000000000007,26.16332288401254,-67.70669056152927,0.7363707749181673,-8.082236842105265,"-6.73,-8.08,-7.41,-2.34",0,10,-11.677966101694919,0.48930921052631576,-13.500000000000014,-11513.5,-12743.0
ml,baseline_hit99,0.53,0.55,0.7,99,2432,0.6311677631578947,61.94777960526315,-5.962171052631579,-14500.0,30.16058631921824,-67.77759197324414,0.761499428421044,-7.978618421052632,"-6.26,-7.98,-7.61,-2.00",0,10,-10.966101694915256,0.48930921052631576,-7.999999999999986,-11508.0,-12949.5
ml,baseline_hit99,0.54,0.55,0.7,80,2432,0.7528782894736842,61.94777960526315,-8.217516447368418,-19984.999999999993,11.208356089568547,-67.40016638935109,0.50663457384435,-9.692434210526313,"-9.22,-8.95,-9.69,-5.01",0,10,-12.165254237288133,0.48930921052631576,-1.0,-11501.0,-11917.5
ml,baseline_hit99,0.54,0.55,0.7,85,2432,0.7162828947368421,61.94777960526315,-7.563733552631579,-18395.0,16.176234213547648,-67.49855072463768,0.6050371451883025,-9.651315789473685,"-8.60,-8.30,-9.65,-3.71",0,10,-11.889830508474578,0.48930921052631576,-40.50000000000001,-11540.5,-12212.0
ml,baseline_hit99,0.54,0.55,0.7,90,2432,0.6854440789473685,61.94777960526315,-6.7578125,-16435.0,21.168266346730654,-67.61111111111111,0.6822466044758084,-9.001644736842104,"-7.31,-8.45,-9.00,-2.27",0,10,-11.233050847457626,0.48930921052631576,-46.49999999999998,-11546.5,-12487.5
ml,baseline_hit99,0.54,0.55,0.7,95,2432,0.6558388157894737,61.94777960526315,-6.143092105263161,-14940.000000000007,26.16332288401254,-67.70669056152927,0.7363707749181673,-8.082236842105265,"-6.73,-8.08,-7.41,-2.34",0,10,-11.677966101694919,0.48930921052631576,-13.500000000000014,-11513.5,-12743.0
ml,baseline_hit99,0.54,0.55,0.7,99,2432,0.6311677631578947,61.94777960526315,-5.962171052631579,-14500.0,30.16058631921824,-67.77759197324414,0.761499428421044,-7.978618421052632,"-6.26,-7.98,-7.61,-2.00",0,10,-10.966101694915256,0.48930921052631576,-7.999999999999986,-11508.0,-12949.5
ml,baseline_hit99,0.55,0.55,0.7,80,2258,0.7564216120460585,62.483170947741364,-8.469441984056685,-19123.999999999993,10.683255269320847,-67.94727272727273,0.4882663027481204,-9.450442477876104,"-9.45,-9.14,-9.29,-6.00",0,10,-11.739819004524884,0.4867139061116032,-8.99999999999995,-11509.0,-11925.5
ml,baseline_hit99,0.55,0.55,0.7,85,2258,0.7201062887511072,62.483170947741364,-7.774136403897254,-17554.0,15.653751537515376,-68.04905063291139,0.591833887506685,-9.47163120567376,"-8.44,-8.71,-9.47,-4.48",0,10,-10.997674418604653,0.4867139061116032,-24.000000000000036,-11524.0,-12195.5
ml,baseline_hit99,0.55,0.55,0.7,90,2258,0.6886625332152347,62.483170947741364,-7.0035429583702395,-15814.0,20.640192926045017,-68.15007112375534,0.6699193270645697,-9.00177304964539,"-7.11,-8.98,-9.00,-2.91",0,10,-10.801255230125522,0.4867139061116032,-53.0,-11553.0,-12494.0
ml,baseline_hit99,0.55,0.55,0.7,95,2258,0.6594331266607617,62.483170947741364,-6.337023914969001,-14309.000000000005,25.641034251175284,-68.2555266579974,0.7273879040170704,-8.501769911504427,"-6.37,-8.50,-7.18,-3.29",0,10,-10.788372093023257,0.4867139061116032,-53.0,-11553.0,-12782.5
ml,baseline_hit99,0.55,0.55,0.7,99,2258,0.6346324180690877,62.483170947741364,-6.154561558901683,-13897.0,29.638171667829727,-68.32545454545455,0.7534615964590152,-8.406194690265487,"-5.84,-8.41,-7.39,-2.98",0,10,-10.174418604651162,0.4867139061116032,-31.499999999999986,-11531.5,-12973.0
ml,baseline_hit99,0.56,0.55,0.7,80,2087,0.7647340680402491,63.01437470052708,-8.335649257307136,-17396.499999999993,10.204887218045117,-68.60183299389001,0.48353051197173713,-10.059386973180073,"-10.06,-8.96,-8.93,-5.38",0,10,-12.607843137254898,0.4877815045519885,-24.99999999999993,-11525.0,-12251.5
ml,baseline_hit99,0.56,0.55,0.7,85,2087,0.7287973167225683,63.01437470052708,-7.566602779108768,-15791.5,15.181130834976988,-68.69611307420494,0.5938609125045008,-9.220306513409962,"-9.12,-8.42,-9.22,-3.49",0,10,-11.995098039215689,0.4877815045519885,-21.000000000000036,-11521.0,-12192.5
ml,baseline_hit99,0.56,0.55,0.7,90,2087,0.6976521322472449,63.01437470052708,-6.725682798275036,-14036.5,20.173763736263737,-68.79477020602219,0.6766491205842039,-8.959770114942529,"-7.65,-8.96,-8.61,-1.68",0,10,-10.979591836734691,0.4877815045519885,-25.49999999999998,-11525.5,-12466.5
ml,baseline_hit99,0.56,0.55,0.7,95,2087,0.667465261140393,63.01437470052708,-6.105174892189748,-12741.500000000004,25.168341708542712,-68.87752161383285,0.7334469990167569,-8.5,"-7.13,-8.50,-6.86,-1.92",0,10,-11.59183673469388,0.4877815045519885,-4.5,-11504.5,-12734.0
ml,baseline_hit99,0.56,0.55,0.7,99,2087,0.6425491135601341,63.01437470052708,-5.9020124580737905,-12317.5,29.167412378821776,-68.94235924932975,0.7605043650716494,-8.580459770114942,"-6.78,-8.58,-6.88,-1.35",1,10,-11.16326530612245,0.4877815045519885,-12.0,-11512.0,-12953.5
ml,baseline_hit99,0.57,0.55,0.7,80,1945,0.770694087403599,63.45347043701799,-8.297943444730073,-16139.499999999993,9.797531687791865,-69.11659192825113,0.4764322325309806,-9.658110882956876,"-9.66,-8.92,-9.46,-5.15",0,10,-11.874331550802134,0.4838046272493573,-57.499999999999815,-11557.5,-12284.0
ml,baseline_hit99,0.57,0.55,0.7,85,1945,0.73573264781491,63.45347043701799,-7.416195372750643,-14424.5,14.783717679944095,-69.22178988326849,0.5945896571107364,-9.345679012345679,"-8.69,-8.43,-9.35,-3.20",0,10,-11.419786096256685,0.4838046272493573,-14.5,-11514.5,-12186.0
ml,baseline_hit99,0.57,0.55,0.7,90,1945,0.7048843187660668,63.45347043701799,-6.513881748071979,-12669.5,19.781546316557257,-69.3205574912892,0.6815908519728575,-8.880658436213992,"-7.32,-8.88,-8.37,-1.49",0,10,-10.377005347593581,0.4838046272493573,-6.499999999999993,-11506.5,-12447.5
ml,baseline_hit99,0.57,0.55,0.7,95,1945,0.6735218508997429,63.45347043701799,-5.968894601542417,-11609.500000000002,24.767175572519083,-69.37716535433071,0.7364741399856995,-8.613168724279836,"-6.97,-8.61,-6.51,-1.79",0,10,-11.125668449197864,0.4838046272493573,-42.499999999999986,-11542.5,-12772.0
ml,baseline_hit99,0.57,0.55,0.7,99,1945,0.6488431876606684,63.45347043701799,-5.717994858611825,-11121.5,28.770998415213946,-69.44436310395315,0.7655200767438674,-8.676954732510287,"-6.76,-8.68,-6.28,-1.15",1,10,-10.762032085561497,0.4838046272493573,-15.0,-11515.0,-12956.5
ml,baseline_hit99,0.58,0.55,0.7,80,1758,0.7770193401592719,64.03128555176336,-8.36973833902161,-14713.999999999993,9.243777452415818,-69.74744897959184,0.4618338758640872,-9.622727272727271,"-9.62,-8.75,-9.19,-5.90",0,10,-12.053571428571425,0.48293515358361777,-6.4999999999999005,-11506.5,-12525.0
ml,baseline_hit99,0.58,0.55,0.7,85,1758,0.7434584755403868,64.03128555176336,-7.337315130830489,-12899.0,14.242157612853864,-69.87472283813747,0.5906833579259683,-9.035307517084282,"-8.34,-7.98,-9.04,-3.99",0,10,-10.952380952380954,0.48293515358361777,-16.0,-11516.0,-12187.5
ml,baseline_hit99,0.58,0.55,0.7,90,1758,0.71160409556314,64.03128555176336,-6.486916951080774,-11404.0,19.23381294964029,-69.9516765285996,0.6784480692503982,-8.595454545454546,"-6.94,-8.60,-7.87,-2.53",0,10,-10.144444444444442,0.48293515358361777,-24.5,-11524.5,-12465.5
ml,baseline_hit99,0.58,0.55,0.7,95,1758,0.6803185437997725,64.03128555176336,-5.901023890784984,-10374.000000000002,24.221571906354516,-70.00533807829181,0.7363190402358742,-8.606818181818182,"-6.66,-8.61,-5.69,-2.65",0,10,-9.950000000000001,0.48293515358361777,-72.5,-11572.5,-12802.0
ml,baseline_hit99,0.58,0.55,0.7,99,1758,0.6547212741751991,64.03128555176336,-5.7138794084186575,-10045.0,28.21937445699392,-70.05848434925865,0.7637887855521981,-8.697727272727272,"-6.67,-8.70,-5.43,-2.04",1,10,-10.694444444444443,0.48293515358361777,-12.0,-11512.0,-12953.5
ml,baseline_hit99,0.59,0.55,0.7,80,1602,0.784019975031211,64.52059925093633,-8.299001248439446,-13294.999999999993,8.784235668789815,-70.3121387283237,0.4535103584347257,-9.574812967581042,"-9.57,-8.63,-8.97,-6.02",0,10,-12.039999999999996,0.4818976279650437,-59.499999999999915,-11559.5,-12288.0
ml,baseline_hit99,0.59,0.55,0.7,85,1602,0.7521847690387016,64.52059925093633,-7.084893882646692,-11350.0,13.79792531120332,-70.46977329974811,0.5943023609100495,-8.905,"-8.08,-7.27,-8.90,-4.08",0,10,-10.64,0.4818976279650437,-17.0,-11517.0,-12188.5
ml,baseline_hit99,0.59,0.55,0.7,90,1602,0.7197253433208489,64.52059925093633,-6.245318352059923,-10004.999999999996,18.78707718993929,-70.52672605790646,0.6840509686893089,-8.230673316708229,"-6.86,-8.23,-7.27,-2.62",0,10,-9.974999999999998,0.4818976279650437,-70.99999999999999,-11571.0,-12512.0
ml,baseline_hit99,0.59,0.55,0.7,95,1602,0.6878901373283396,64.52059925093633,-5.67103620474407,-9085.0,23.772232304900182,-70.564,0.742503259452412,-8.529925187032418,"-6.38,-8.53,-4.91,-2.86",0,10,-10.131250000000001,0.4818976279650437,-28.499999999999986,-11528.5,-12758.0
ml,baseline_hit99,0.59,0.55,0.7,99,1602,0.6604244694132334,64.52059925093633,-5.638576779026217,-9033.0,27.756143667296787,-70.58639705882354,0.764759498945285,-8.61221945137157,"-6.63,-8.61,-4.84,-2.46",1,10,-10.649999999999999,0.4818976279650437,-50.499999999999986,-11550.5,-12992.0
ml,baseline_hit99,0.6,0.55,0.7,80,1420,0.797887323943662,65.09647887323943,-7.765492957746476,-11026.999999999996,8.274051191526926,-71.08536585365853,0.4595005269220404,-9.252112676056333,"-8.39,-9.25,-8.27,-5.16",0,10,-11.6259842519685,0.4859154929577465,-19.49999999999995,-11519.5,-11980.0
ml,baseline_hit99,0.6,0.55,0.7,85,1420,0.7654929577464789,65.09647887323943,-6.529577464788733,-9272.0,13.289328426862925,-71.22372372372372,0.6090650363655529,-8.125352112676056,"-6.60,-7.98,-8.13,-3.41",0,10,-9.633802816901408,0.4859154929577465,-7.000000000000021,-11507.0,-11827.0
ml,baseline_hit99,0.6,0.55,0.7,90,1420,0.7316901408450704,65.09647887323943,-5.744366197183098,-8156.999999999998,18.27189605389798,-71.23753280839895,0.6994639205644493,-9.30845070422535,"-5.32,-9.31,-6.41,-1.95",0,10,-11.676056338028166,0.4859154929577465,-72.0,-11572.0,-12066.5
ml,baseline_hit99,0.6,0.55,0.7,95,1420,0.6985915492957746,65.09647887323943,-5.2302816901408455,-7427.000000000001,23.25,-71.24065420560747,0.7564199271916303,-9.322535211267606,"-5.39,-9.32,-3.84,-2.37",1,10,-12.345070422535214,0.4859154929577465,-8.5,-11508.5,-12168.0
ml,baseline_hit99,0.6,0.55,0.7,99,1420,0.6711267605633803,65.09647887323943,-5.154929577464789,-7320.0,27.235571878279117,-71.25374732334048,0.7800183318056828,-9.485915492957746,"-5.67,-9.49,-4.05,-1.41",2,10,-12.62676056338028,0.4859154929577465,-20.5,-11520.5,-12312.0
ml,baseline_hit99,0.61,0.55,0.7,80,1280,0.80859375,65.53984374999999,-7.3523437499999975,-9410.999999999996,7.876811594202903,-71.68775510204081,0.4641728584849264,-8.624999999999996,"-7.77,-8.62,-8.43,-4.59",0,10,-10.138554216867465,0.4859375,-50.5,-11550.5,-12011.0
ml,baseline_hit99,0.61,0.55,0.7,85,1280,0.77578125,65.53984374999999,-6.0984375,-7806.0,12.89375629405841,-71.81010452961672,0.6212426308255902,-8.428125,"-5.88,-7.31,-8.43,-2.78",0,10,-9.355421686746988,0.4859375,-20.0,-11520.0,-11840.0
ml,baseline_hit99,0.61,0.55,0.7,90,1280,0.73984375,65.53984374999999,-5.453906249999998,-6980.999999999998,17.86430834213305,-71.76726726726727,0.7078896165031278,-8.843749999999998,"-4.52,-8.84,-6.93,-1.52",1,10,-11.608527131782942,0.4859375,-49.5,-11549.5,-12044.0
ml,baseline_hit99,0.61,0.55,0.7,95,1280,0.7078125,65.53984374999999,-4.797656250000001,-6141.000000000002,22.84988962472406,-71.77272727272727,0.7712252728830608,-8.296875,"-4.03,-8.30,-4.49,-2.37",2,10,-12.655038759689925,0.4859375,-55.5,-11555.5,-12215.0
ml,baseline_hit99,0.61,0.55,0.7,99,1280,0.678125,65.53984374999999,-4.90546875,-6279.0,26.821428571428573,-71.74757281553399,0.7875845737483085,-9.0125,"-4.58,-9.01,-4.42,-1.61",2,10,-13.213178294573641,0.4859375,-5.5,-11505.5,-12297.0
ml,baseline_hit99,0.62,0.55,0.7,80,1116,0.807347670250896,66.05376344086021,-7.965949820788527,-8889.999999999996,7.3457269700333025,-72.13255813953488,0.4267659670503276,-9.535842293906807,"-9.22,-9.54,-8.69,-4.42",0,10,-13.108247422680408,0.4874551971326165,-24.499999999999957,-11524.5,-11778.0
ml,baseline_hit99,0.62,0.55,0.7,85,1116,0.7732974910394266,66.05376344086021,-6.823476702508961,-7615.0,12.358632676709155,-72.25494071146245,0.5834359016438281,-8.650537634408602,"-7.70,-8.64,-8.65,-2.30",0,10,-11.149484536082474,0.4874551971326165,-29.999999999999986,-11530.0,-11850.0
ml,baseline_hit99,0.62,0.55,0.7,90,1116,0.7365591397849462,66.05376344086021,-6.263440860215052,-6989.999999999998,17.319951338199512,-72.20068027210884,0.6707024073114429,-11.00537634408602,"-6.14,-11.01,-6.82,-1.08",1,10,-13.767241379310342,0.4874551971326165,-13.5,-11513.5,-12008.0
ml,baseline_hit99,0.62,0.55,0.7,95,1116,0.7096774193548387,66.05376344086021,-5.134408602150539,-5730.000000000001,22.333333333333332,-72.27777777777777,0.7553164232641558,-10.306451612903226,"-5.17,-10.31,-4.53,-0.53",2,10,-14.586206896551724,0.4874551971326165,-8.000000000000014,-11508.0,-12167.5
ml,baseline_hit99,0.62,0.55,0.7,99,1116,0.6810035842293907,66.05376344086021,-5.134408602150538,-5730.0,26.307894736842105,-72.25842696629213,0.7772508163582647,-10.876344086021506,"-5.53,-10.88,-4.85,0.72",2,10,-15.551724137931032,0.4874551971326165,-32.0,-11532.0,-12323.5
ml,baseline_hit99,0.63,0.55,0.7,80,957,0.8181818181818182,66.55799373040753,-7.603448275862065,-7276.499999999996,6.874201787994898,-72.75287356321839,0.42519156331463825,-9.546025104602506,"-8.48,-9.55,-8.12,-4.27",0,10,-10.59756097560975,0.49320794148380354,-12.499999999999943,-11512.5,-12578.0
ml,baseline_hit99,0.63,0.55,0.7,85,957,0.7836990595611285,66.55799373040753,-6.443573667711599,-6166.5,11.888,-72.8623188405797,0.591148682247638,-8.771966527196653,"-7.27,-8.77,-7.26,-2.47",0,10,-10.851063829787234,0.49320794148380354,-41.500000000000014,-11541.5,-11976.0
ml,baseline_hit99,0.63,0.55,0.7,90,957,0.7502612330198537,66.55799373040753,-5.534482758620688,-5296.499999999998,16.862116991643457,-72.81799163179916,0.6956646651535612,-10.633891213389122,"-5.65,-10.63,-5.27,-0.58",1,10,-11.411764705882348,0.49320794148380354,-47.999999999999986,-11548.0,-12042.5
ml,baseline_hit99,0.63,0.55,0.7,95,957,0.722048066875653,66.55799373040753,-4.463427377220482,-4271.500000000001,21.873371924746746,-72.8796992481203,0.7796605797998556,-9.943514644351465,"-5.06,-9.94,-3.10,0.25",2,10,-12.637254901960784,0.49320794148380354,-46.0,-11546.0,-12205.5
ml,baseline_hit99,0.63,0.55,0.7,99,957,0.6927899686520376,66.55799373040753,-4.471786833855799,-4279.5,25.84389140271493,-72.83673469387755,0.800154104791258,-11.010460251046025,"-5.08,-11.01,-3.47,1.68",3,10,-13.970588235294116,0.49320794148380354,-29.0,-11529.0,-12320.5
ml,baseline_hit99,0.64,0.55,0.7,80,796,0.8329145728643216,67.0678391959799,-6.934673366834167,-5519.999999999996,6.401960784313732,-73.4172932330827,0.4346868759281074,-8.53517587939698,"-8.54,-7.27,-6.86,-5.07",0,10,-11.909638554216862,0.49120603015075376,-40.99999999999987,-11541.0,-12421.5
ml,baseline_hit99,0.64,0.55,0.7,85,796,0.7964824120603015,67.0678391959799,-5.866834170854271,-4670.0,11.413249211356467,-73.49382716049382,0.6077607928775407,-7.027638190954774,"-7.03,-6.55,-6.54,-3.36",0,10,-12.150602409638553,0.49120603015075376,-48.99999999999997,-11549.0,-11869.0
ml,baseline_hit99,0.64,0.55,0.7,90,796,0.7701005025125628,67.0678391959799,-4.2587939698492425,-3389.9999999999973,16.413539967373577,-73.50546448087432,0.7479834962643575,-6.218592964824118,"-4.92,-6.22,-4.85,-1.05",2,10,-10.704819277108431,0.49120603015075376,-26.99999999999997,-11527.0,-12021.5
ml,baseline_hit99,0.64,0.55,0.7,95,796,0.7412060301507538,67.0678391959799,-3.1532663316582927,-2510.000000000001,21.427118644067797,-73.55339805825243,0.8343453009503696,-4.91708542713568,"-4.92,-4.86,-2.46,-0.37",3,10,-14.078313253012048,0.49120603015075376,-6.0,-11506.0,-12165.5
ml,baseline_hit99,0.64,0.55,0.7,99,796,0.714824120603015,67.0678391959799,-2.800251256281407,-2229.0,25.40861159929701,-73.50881057268722,0.8664189614358913,-5.947236180904523,"-3.52,-5.95,-2.45,0.72",3,10,-11.572289156626505,0.49120603015075376,-19.5,-11519.5,-12311.0
ml,baseline_hit99,0.65,0.55,0.7,80,640,0.8421875,67.559375,-6.684374999999993,-4277.999999999995,5.928571428571437,-73.9950495049505,0.42757744028902184,-7.506249999999992,"-7.12,-5.62,-7.51,-6.49",0,10,-10.999999999999993,0.4875,-49.99999999999998,-11550.0,-12430.5
ml,baseline_hit99,0.65,0.55,0.7,85,640,0.803125,67.559375,-5.79375,-3708.0,10.93579766536965,-74.03968253968254,0.6025297459534784,-7.06875,"-5.59,-5.59,-7.07,-4.92",0,10,-11.544117647058824,0.4875,-32.0,-11532.0,-11852.0
ml,baseline_hit99,0.65,0.55,0.7,90,640,0.775,67.559375,-4.309374999999997,-2757.9999999999977,15.93145161290323,-74.02777777777777,0.7412757973733585,-6.056249999999995,"-3.81,-6.06,-5.38,-1.99",2,10,-10.514705882352938,0.4875,-22.499999999999872,-11522.5,-12017.0
ml,baseline_hit99,0.65,0.55,0.7,95,640,0.74375,67.559375,-3.4031250000000006,-2178.0000000000005,20.939075630252102,-74.0548780487805,0.8206669411280362,-4.062500000000001,"-4.06,-4.06,-3.35,-2.14",3,10,-13.97058823529412,0.4875,329.0,-11171.0,-12095.5
ml,baseline_hit99,0.65,0.55,0.7,99,640,0.7234375,67.559375,-2.4390624999999986,-1560.999999999999,24.934125269978402,-74.04237288135593,0.8808897027965358,-5.437499999999999,"-1.73,-5.44,-2.23,-0.36",2,10,-11.441176470588234,0.4875,841.5,-10658.5,-13746.5
ml,baseline_hit99,0.66,0.55,0.7,80,485,0.843298969072165,68.04329896907217,-7.0793814432989635,-3433.4999999999973,5.438875305623481,-74.44736842105263,0.39316012725344707,-8.442148760330573,"-7.72,-4.48,-8.44,-7.67",0,10,-14.028301886792446,0.49896907216494846,-45.99999999999993,-11546.0,-12426.5
ml,baseline_hit99,0.66,0.55,0.7,85,485,0.797938144329897,68.04329896907217,-6.718556701030928,-3258.5,10.4328165374677,-74.44897959183673,0.5533854166666666,-9.227272727272727,"-6.33,-5.01,-9.23,-6.31",0,10,-13.462264150943396,0.49896907216494846,0.0,-11500.0,-11820.0
ml,baseline_hit99,0.66,0.55,0.7,90,485,0.7711340206185567,68.04329896907217,-5.14123711340206,-2493.499999999999,15.430481283422465,-74.45495495495496,0.6982878577046405,-6.8719008264462795,"-5.26,-5.38,-6.87,-3.05",2,10,-12.153061224489791,0.49896907216494846,-11.499999999999986,-11511.5,-12006.0
ml,baseline_hit99,0.66,0.55,0.7,95,485,0.7402061855670103,68.04329896907217,-4.223711340206187,-2048.500000000001,20.441504178272982,-74.5,0.7817726643229999,-6.081967213114756,"-6.08,-3.90,-4.68,-2.22",4,10,-16.438775510204085,0.49896907216494846,382.5,-11117.5,-12066.5
ml,baseline_hit99,0.66,0.55,0.7,99,485,0.7175257731958763,68.04329896907217,-3.5082474226804123,-1701.5,24.42816091954023,-74.47080291970804,0.8332271502082823,-5.830578512396694,"-4.01,-5.83,-3.38,-0.81",4,10,-13.989795918367347,0.49896907216494846,963.5,-10536.5,-11592.5
ml,baseline_hit99,0.67,0.55,0.7,80,327,0.8562691131498471,68.52905198776756,-6.527522935779809,-2134.4999999999973,4.964285714285723,-74.98936170212765,0.3943821818697695,-7.682926829268286,"-6.80,-7.68,-5.84,-5.77",0,10,-13.299999999999994,0.4892966360856269,678.5,-10821.5,-11520.0
ml,baseline_hit99,0.67,0.55,0.7,85,327,0.8134556574923547,68.52905198776756,-5.885321100917431,-1924.5,9.962406015037594,-74.99180327868852,0.5792982839654607,-7.621951219512195,"-5.65,-7.62,-4.62,-5.65",0,10,-14.3,0.4892966360856269,860.5,-10639.5,-11065.0
ml,baseline_hit99,0.67,0.55,0.7,90,327,0.7889908256880734,68.52905198776756,-4.019877675840976,-1314.499999999999,14.961240310077523,-74.9927536231884,0.7459657937965023,-5.853658536585364,"-3.76,-5.85,-3.77,-2.69",3,10,-10.728571428571426,0.4892966360856269,1350.0,-10150.0,-10840.0
ml,baseline_hit99,0.67,0.55,0.7,95,327,0.7492354740061162,68.52905198776756,-3.8516819571865457,-1259.5000000000005,19.961224489795917,-75.0,0.7952032520325203,-5.585365853658539,"-5.59,-5.49,-2.12,-2.19",3,10,-15.300000000000002,0.4892966360856269,1176.5,-10323.5,-11268.5
ml,baseline_hit99,0.67,0.55,0.7,99,327,0.7339449541284404,68.52905198776756,-2.368501529051987,-774.4999999999998,23.958333333333332,-74.99425287356321,0.8812935857153805,-4.97560975609756,"-3.87,-4.98,-0.26,-0.35",3,10,-12.785714285714286,0.4892966360856269,2287.5,-9212.5,-10592.5
ml,baseline_hit99,0.68,0.55,0.7,80,164,0.8658536585365854,68.99999999999999,-6.231707317073162,-1021.9999999999985,4.500000000000011,-75.5,0.3847080072245644,-7.2073170731707235,"-5.26,-7.21,-7.21,-5.26",1,10,-15.499999999999993,0.49390243902439024,2413.5,-9086.5,-9356.5
ml,baseline_hit99,0.68,0.55,0.7,85,164,0.823170731707317,68.99999999999999,-5.530487804878048,-906.9999999999999,9.500000000000002,-75.5,0.58575017127198,-7.085365853658535,"-5.01,-7.09,-7.09,-2.94",2,10,-15.499999999999996,0.49390243902439024,2673.5,-8826.5,-9406.0
ml,baseline_hit99,0.68,0.55,0.7,90,164,0.7987804878048781,68.99999999999999,-3.609756097560973,-591.9999999999995,14.500000000000004,-75.5,0.7623921332530605,-7.451219512195119,"-3.06,-3.06,-7.45,-0.87",2,10,-11.970588235294112,0.49390243902439024,4115.0,-7385.0,-9004.0
ml,baseline_hit99,0.68,0.55,0.7,95,164,0.7560975609756098,68.99999999999999,-3.6707317073170733,-602.0,19.5,-75.5,0.8006622516556291,-3.6707317073170733,"-3.67,-3.67,-3.67,-3.67",4,10,-19.61764705882353,0.49390243902439024,3602.0,-7898.0,-10249.0
ml,baseline_hit99,0.68,0.55,0.7,99,164,0.7439024390243902,68.99999999999999,-1.8536585365853644,-303.9999999999998,23.500000000000004,-75.5,0.9041311888994009,-3.0609756097560963,"-3.06,-0.65,-0.65,-3.06",4,10,-17.26470588235294,0.49390243902439024,5585.0,-5915.0,-8819.5
ml,baseline_hit99,0.52,0.6,0.75,80,2380,0.7521008403361344,66.94705882352942,-8.304201680672266,-19763.999999999993,6.787150837988833,-54.08983050847458,0.3806912543477583,-9.402521008403358,"-9.40,-7.25,-8.98,-7.58",0,10,-10.6551724137931,0.48823529411764705,-43.499999999999744,-11543.5,-11992.5
ml,baseline_hit99,0.52,0.6,0.75,85,2380,0.7760504201680672,66.94705882352942,-7.4827731092436975,-17809.0,11.275311315646995,-72.48499061913697,0.539038941878373,-8.654621848739495,"-8.40,-6.41,-8.65,-6.47",0,10,-9.765217391304347,0.48823529411764705,-29.499999999999986,-11529.5,-12416.5
ml,baseline_hit99,0.52,0.6,0.75,90,2380,0.7436974789915967,66.94705882352942,-6.514285714285712,-15503.999999999995,16.25367231638418,-72.57868852459016,0.6498091387527387,-7.452941176470587,"-7.45,-6.86,-7.10,-4.64",0,10,-10.18103448275862,0.48823529411764705,-28.999999999999943,-11529.0,-12848.5
ml,baseline_hit99,0.52,0.6,0.75,95,2380,0.7121848739495799,66.94705882352942,-5.7894957983193285,-13779.000000000002,21.23510324483776,-72.66058394160584,0.7231603797277613,-7.1420168067226895,"-7.14,-6.68,-5.00,-4.33",0,10,-9.94396551724138,0.48823529411764705,-42.00000000000001,-11542.0,-13315.0
ml,baseline_hit99,0.52,0.6,0.75,99,2380,0.6810924369747899,66.94705882352942,-6.01890756302521,-14325.0,25.237199259716224,-72.77272727272727,0.740651223420145,-7.5134453781512605,"-7.51,-7.38,-4.94,-4.25",0,10,-10.685344827586206,0.48823529411764705,-9.0,-11509.0,-12596.5
ml,baseline_hit99,0.53,0.6,0.75,80,2380,0.7521008403361344,66.94705882352942,-8.304201680672266,-19763.999999999993,6.787150837988833,-54.08983050847458,0.3806912543477583,-9.402521008403358,"-9.40,-7.25,-8.98,-7.58",0,10,-10.6551724137931,0.48823529411764705,-43.499999999999744,-11543.5,-11992.5
ml,baseline_hit99,0.53,0.6,0.75,85,2380,0.7760504201680672,66.94705882352942,-7.4827731092436975,-17809.0,11.275311315646995,-72.48499061913697,0.539038941878373,-8.654621848739495,"-8.40,-6.41,-8.65,-6.47",0,10,-9.765217391304347,0.48823529411764705,-29.499999999999986,-11529.5,-12416.5
ml,baseline_hit99,0.53,0.6,0.75,90,2380,0.7436974789915967,66.94705882352942,-6.514285714285712,-15503.999999999995,16.25367231638418,-72.57868852459016,0.6498091387527387,-7.452941176470587,"-7.45,-6.86,-7.10,-4.64",0,10,-10.18103448275862,0.48823529411764705,-28.999999999999943,-11529.0,-12848.5
ml,baseline_hit99,0.53,0.6,0.75,95,2380,0.7121848739495799,66.94705882352942,-5.7894957983193285,-13779.000000000002,21.23510324483776,-72.66058394160584,0.7231603797277613,-7.1420168067226895,"-7.14,-6.68,-5.00,-4.33",0,10,-9.94396551724138,0.48823529411764705,-42.00000000000001,-11542.0,-13315.0
ml,baseline_hit99,0.53,0.6,0.75,99,2380,0.6810924369747899,66.94705882352942,-6.01890756302521,-14325.0,25.237199259716224,-72.77272727272727,0.740651223420145,-7.5134453781512605,"-7.51,-7.38,-4.94,-4.25",0,10,-10.685344827586206,0.48823529411764705,-9.0,-11509.0,-12596.5
ml,baseline_hit99,0.54,0.6,0.75,80,2380,0.7521008403361344,66.94705882352942,-8.304201680672266,-19763.999999999993,6.787150837988833,-54.08983050847458,0.3806912543477583,-9.402521008403358,"-9.40,-7.25,-8.98,-7.58",0,10,-10.6551724137931,0.48823529411764705,-43.499999999999744,-11543.5,-11992.5
ml,baseline_hit99,0.54,0.6,0.75,85,2380,0.7760504201680672,66.94705882352942,-7.4827731092436975,-17809.0,11.275311315646995,-72.48499061913697,0.539038941878373,-8.654621848739495,"-8.40,-6.41,-8.65,-6.47",0,10,-9.765217391304347,0.48823529411764705,-29.499999999999986,-11529.5,-12416.5
ml,baseline_hit99,0.54,0.6,0.75,90,2380,0.7436974789915967,66.94705882352942,-6.514285714285712,-15503.999999999995,16.25367231638418,-72.57868852459016,0.6498091387527387,-7.452941176470587,"-7.45,-6.86,-7.10,-4.64",0,10,-10.18103448275862,0.48823529411764705,-28.999999999999943,-11529.0,-12848.5
ml,baseline_hit99,0.54,0.6,0.75,95,2380,0.7121848739495799,66.94705882352942,-5.7894957983193285,-13779.000000000002,21.23510324483776,-72.66058394160584,0.7231603797277613,-7.1420168067226895,"-7.14,-6.68,-5.00,-4.33",0,10,-9.94396551724138,0.48823529411764705,-42.00000000000001,-11542.0,-13315.0
ml,baseline_hit99,0.54,0.6,0.75,99,2380,0.6810924369747899,66.94705882352942,-6.01890756302521,-14325.0,25.237199259716224,-72.77272727272727,0.740651223420145,-7.5134453781512605,"-7.51,-7.38,-4.94,-4.25",0,10,-10.685344827586206,0.48823529411764705,-9.0,-11509.0,-12596.5
ml,baseline_hit99,0.55,0.6,0.75,80,2380,0.7521008403361344,66.94705882352942,-8.304201680672266,-19763.999999999993,6.787150837988833,-54.08983050847458,0.3806912543477583,-9.402521008403358,"-9.40,-7.25,-8.98,-7.58",0,10,-10.6551724137931,0.48823529411764705,-43.499999999999744,-11543.5,-11992.5
ml,baseline_hit99,0.55,0.6,0.75,85,2380,0.7760504201680672,66.94705882352942,-7.4827731092436975,-17809.0,11.275311315646995,-72.48499061913697,0.539038941878373,-8.654621848739495,"-8.40,-6.41,-8.65,-6.47",0,10,-9.765217391304347,0.48823529411764705,-29.499999999999986,-11529.5,-12416.5
ml,baseline_hit99,0.55,0.6,0.75,90,2380,0.7436974789915967,66.94705882352942,-6.514285714285712,-15503.999999999995,16.25367231638418,-72.57868852459016,0.6498091387527387,-7.452941176470587,"-7.45,-6.86,-7.10,-4.64",0,10,-10.18103448275862,0.48823529411764705,-28.999999999999943,-11529.0,-12848.5
ml,baseline_hit99,0.55,0.6,0.75,95,2380,0.7121848739495799,66.94705882352942,-5.7894957983193285,-13779.000000000002,21.23510324483776,-72.66058394160584,0.7231603797277613,-7.1420168067226895,"-7.14,-6.68,-5.00,-4.33",0,10,-9.94396551724138,0.48823529411764705,-42.00000000000001,-11542.0,-13315.0
ml,baseline_hit99,0.55,0.6,0.75,99,2380,0.6810924369747899,66.94705882352942,-6.01890756302521,-14325.0,25.237199259716224,-72.77272727272727,0.740651223420145,-7.5134453781512605,"-7.51,-7.38,-4.94,-4.25",0,10,-10.685344827586206,0.48823529411764705,-9.0,-11509.0,-12596.5
ml,baseline_hit99,0.56,0.6,0.75,80,2380,0.7521008403361344,66.94705882352942,-8.304201680672266,-19763.999999999993,6.787150837988833,-54.08983050847458,0.3806912543477583,-9.402521008403358,"-9.40,-7.25,-8.98,-7.58",0,10,-10.6551724137931,0.48823529411764705,-43.499999999999744,-11543.5,-11992.5
ml,baseline_hit99,0.56,0.6,0.75,85,2380,0.7760504201680672,66.94705882352942,-7.4827731092436975,-17809.0,11.275311315646995,-72.48499061913697,0.539038941878373,-8.654621848739495,"-8.40,-6.41,-8.65,-6.47",0,10,-9.765217391304347,0.48823529411764705,-29.499999999999986,-11529.5,-12416.5
ml,baseline_hit99,0.56,0.6,0.75,90,2380,0.7436974789915967,66.94705882352942,-6.514285714285712,-15503.999999999995,16.25367231638418,-72.57868852459016,0.6498091387527387,-7.452941176470587,"-7.45,-6.86,-7.10,-4.64",0,10,-10.18103448275862,0.48823529411764705,-28.999999999999943,-11529.0,-12848.5
ml,baseline_hit99,0.56,0.6,0.75,95,2380,0.7121848739495799,66.94705882352942,-5.7894957983193285,-13779.000000000002,21.23510324483776,-72.66058394160584,0.7231603797277613,-7.1420168067226895,"-7.14,-6.68,-5.00,-4.33",0,10,-9.94396551724138,0.48823529411764705,-42.00000000000001,-11542.0,-13315.0
ml,baseline_hit99,0.56,0.6,0.75,99,2380,0.6810924369747899,66.94705882352942,-6.01890756302521,-14325.0,25.237199259716224,-72.77272727272727,0.740651223420145,-7.5134453781512605,"-7.51,-7.38,-4.94,-4.25",0,10,-10.685344827586206,0.48823529411764705,-9.0,-11509.0,-12596.5
ml,baseline_hit99,0.57,0.6,0.75,80,2380,0.7521008403361344,66.94705882352942,-8.304201680672266,-19763.999999999993,6.787150837988833,-54.08983050847458,0.3806912543477583,-9.402521008403358,"-9.40,-7.25,-8.98,-7.58",0,10,-10.6551724137931,0.48823529411764705,-43.499999999999744,-11543.5,-11992.5
ml,baseline_hit99,0.57,0.6,0.75,85,2380,0.7760504201680672,66.94705882352942,-7.4827731092436975,-17809.0,11.275311315646995,-72.48499061913697,0.539038941878373,-8.654621848739495,"-8.40,-6.41,-8.65,-6.47",0,10,-9.765217391304347,0.48823529411764705,-29.499999999999986,-11529.5,-12416.5
ml,baseline_hit99,0.57,0.6,0.75,90,2380,0.7436974789915967,66.94705882352942,-6.514285714285712,-15503.999999999995,16.25367231638418,-72.57868852459016,0.6498091387527387,-7.452941176470587,"-7.45,-6.86,-7.10,-4.64",0,10,-10.18103448275862,0.48823529411764705,-28.999999999999943,-11529.0,-12848.5
ml,baseline_hit99,0.57,0.6,0.75,95,2380,0.7121848739495799,66.94705882352942,-5.7894957983193285,-13779.000000000002,21.23510324483776,-72.66058394160584,0.7231603797277613,-7.1420168067226895,"-7.14,-6.68,-5.00,-4.33",0,10,-9.94396551724138,0.48823529411764705,-42.00000000000001,-11542.0,-13315.0
ml,baseline_hit99,0.57,0.6,0.75,99,2380,0.6810924369747899,66.94705882352942,-6.01890756302521,-14325.0,25.237199259716224,-72.77272727272727,0.740651223420145,-7.5134453781512605,"-7.51,-7.38,-4.94,-4.25",0,10,-10.685344827586206,0.48823529411764705,-9.0,-11509.0,-12596.5
ml,baseline_hit99,0.58,0.6,0.75,80,2380,0.7521008403361344,66.94705882352942,-8.304201680672266,-19763.999999999993,6.787150837988833,-54.08983050847458,0.3806912543477583,-9.402521008403358,"-9.40,-7.25,-8.98,-7.58",0,10,-10.6551724137931,0.48823529411764705,-43.499999999999744,-11543.5,-11992.5
ml,baseline_hit99,0.58,0.6,0.75,85,2380,0.7760504201680672,66.94705882352942,-7.4827731092436975,-17809.0,11.275311315646995,-72.48499061913697,0.539038941878373,-8.654621848739495,"-8.40,-6.41,-8.65,-6.47",0,10,-9.765217391304347,0.48823529411764705,-29.499999999999986,-11529.5,-12416.5
ml,baseline_hit99,0.58,0.6,0.75,90,2380,0.7436974789915967,66.94705882352942,-6.514285714285712,-15503.999999999995,16.25367231638418,-72.57868852459016,0.6498091387527387,-7.452941176470587,"-7.45,-6.86,-7.10,-4.64",0,10,-10.18103448275862,0.48823529411764705,-28.999999999999943,-11529.0,-12848.5
ml,baseline_hit99,0.58,0.6,0.75,95,2380,0.7121848739495799,66.94705882352942,-5.7894957983193285,-13779.000000000002,21.23510324483776,-72.66058394160584,0.7231603797277613,-7.1420168067226895,"-7.14,-6.68,-5.00,-4.33",0,10,-9.94396551724138,0.48823529411764705,-42.00000000000001,-11542.0,-13315.0
ml,baseline_hit99,0.58,0.6,0.75,99,2380,0.6810924369747899,66.94705882352942,-6.01890756302521,-14325.0,25.237199259716224,-72.77272727272727,0.740651223420145,-7.5134453781512605,"-7.51,-7.38,-4.94,-4.25",0,10,-10.685344827586206,0.48823529411764705,-9.0,-11509.0,-12596.5
ml,baseline_hit99,0.59,0.6,0.75,80,2379,0.7519966372425388,66.94997898276587,-8.313366960907942,-19777.499999999993,6.783398546674126,-54.08983050847458,0.3802682292482691,-9.409243697478988,"-9.41,-7.26,-8.99,-7.60",0,10,-10.6551724137931,0.4884405212274065,-43.499999999999744,-11543.5,-11992.5
ml,baseline_hit99,0.59,0.6,0.75,85,2379,0.7759562841530054,66.94997898276587,-7.493694829760403,-17827.5,11.27139761646804,-72.48499061913697,0.5385600952516533,-8.659663865546218,"-8.41,-6.42,-8.66,-6.48",0,10,-9.765217391304347,0.4884405212274065,-29.499999999999986,-11529.5,-12416.5
ml,baseline_hit99,0.59,0.6,0.75,90,2379,0.7435897435897436,66.94997898276587,-6.526902059688942,-15527.499999999995,16.249576031656304,-72.57868852459016,0.6492783412011836,-7.459663865546217,"-7.46,-6.87,-7.11,-4.67",0,10,-10.18103448275862,0.4884405212274065,-28.999999999999943,-11529.0,-12848.5
ml,baseline_hit99,0.59,0.6,0.75,95,2379,0.7120638923917613,66.94997898276587,-5.803909205548551,-13807.500000000002,21.23081463990555,-72.66058394160584,0.7225877743733989,-7.14873949579832,"-7.15,-6.70,-5.00,-4.36",0,10,-9.971615720524019,0.4884405212274065,-42.00000000000001,-11542.0,-13315.0
ml,baseline_hit99,0.59,0.6,0.75,99,2379,0.6809583858764187,66.94997898276587,-6.03509878100042,-14357.5,25.232716049382717,-72.77272727272727,0.7400628230544316,-7.68655462184874,"-7.69,-7.22,-4.94,-4.29",0,10,-10.75764192139738,0.4884405212274065,-9.0,-11509.0,-12596.5
ml,baseline_hit99,0.6,0.6,0.75,80,2197,0.758306781975421,67.52344105598543,-7.969731451979969,-17509.499999999993,6.2887154861944845,-52.70527306967985,0.3743590659782399,-8.725454545454543,"-8.73,-7.46,-8.35,-7.34",0,10,-10.2511961722488,0.4915794264906691,-30.99999999999997,-11531.0,-11723.5
ml,baseline_hit99,0.6,0.6,0.75,85,2197,0.7865270823850705,67.52344105598543,-7.168639053254438,-15749.5,10.778935185185185,-73.2953091684435,0.5418393914270337,-7.9389799635701275,"-7.58,-6.72,-7.94,-6.44",0,10,-10.279220779220779,0.4915794264906691,-15.5,-11515.5,-12032.5
ml,baseline_hit99,0.6,0.6,0.75,90,2197,0.7532999544833865,67.52344105598543,-6.226445152480654,-13679.499999999996,15.751359516616315,-73.33579335793358,0.6558443192110295,-7.190346083788705,"-6.78,-7.19,-6.33,-4.61",0,10,-10.409090909090905,0.4915794264906691,-1.9999999999999147,-11502.0,-12351.5
ml,baseline_hit99,0.6,0.6,0.75,95,2197,0.7209831588529814,67.52344105598543,-5.530040964952208,-12149.500000000002,20.727272727272727,-73.37928221859707,0.7299000700287896,-6.944444444444445,"-6.67,-6.94,-4.10,-4.40",0,10,-10.560606060606062,0.4915794264906691,-37.0,-11537.0,-12711.5
ml,baseline_hit99,0.6,0.6,0.75,99,2197,0.6895766954938553,67.52344105598543,-5.7553482020937645,-12644.5,24.73036303630363,-73.47653958944281,0.7476701722176767,-7.5510018214936245,"-7.25,-7.55,-4.03,-4.18",1,10,-10.876623376623376,0.4915794264906691,-4.499999999999972,-11504.5,-12592.0
ml,baseline_hit99,0.61,0.6,0.75,80,2057,0.7622751579970831,67.96451142440448,-7.726543509965967,-15893.499999999993,5.902423469387762,-51.42842535787321,0.36801399685866,-8.570038910505833,"-8.20,-7.00,-8.57,-7.13",0,10,-10.282945736434103,0.4919786096256685,-55.5,-11555.5,-11748.0
ml,baseline_hit99,0.61,0.6,0.75,85,2057,0.7943607194944093,67.96451142440448,-6.94385026737968,-14283.5,10.394124847001224,-73.91843971631205,0.543183817062445,-8.23929961089494,"-7.03,-6.26,-8.24,-6.25",0,10,-10.9031007751938,0.4919786096256685,-40.0,-11540.0,-12057.0
ml,baseline_hit99,0.61,0.6,0.75,90,2057,0.7598444336412251,67.96451142440448,-6.078512396694213,-12503.499999999996,15.356046065259116,-73.89676113360323,0.6574852759895905,-6.80350194552529,"-6.20,-6.80,-6.78,-4.53",0,10,-10.293577981651373,0.4919786096256685,-40.0,-11540.0,-12389.5
ml,baseline_hit99,0.61,0.6,0.75,95,2057,0.7282450170150705,67.96451142440448,-5.281234807972778,-10863.500000000004,20.34045393858478,-73.94186046511628,0.7371744468772303,-6.375486381322958,"-5.54,-6.38,-4.67,-4.54",1,10,-10.660621761658033,0.4919786096256685,-66.5,-11566.5,-12741.0
ml,baseline_hit99,0.61,0.6,0.75,99,2057,0.6951871657754011,67.96451142440448,-5.640982012639767,-11603.5,24.33006993006993,-73.99601275917065,0.7499003136080008,-7.171206225680934,"-6.29,-7.17,-4.61,-4.49",1,10,-11.55699481865285,0.4919786096256685,-56.0,-11556.0,-12643.5
ml,baseline_hit99,0.62,0.6,0.75,80,1893,0.757527733755943,68.47754886423667,-8.120707871104063,-15372.499999999993,5.384239888423995,-50.312636165577345,0.3343365016130084,-9.086497890295355,"-9.09,-7.42,-8.50,-7.47",0,10,-10.82402234636871,0.4933967247754886,-32.99999999999995,-11533.0,-11725.5
ml,baseline_hit99,0.62,0.6,0.75,85,1893,0.7945060750132066,68.47754886423667,-7.444532488114104,-14092.5,9.871010638297872,-74.39203084832904,0.5130189885446723,-8.189873417721518,"-8.19,-7.16,-7.93,-6.50",0,10,-11.043103448275861,0.4933967247754886,-8.5,-11508.5,-12025.5
ml,baseline_hit99,0.62,0.6,0.75,90,1893,0.7596407818277866,68.47754886423667,-6.609878499735867,-12512.499999999996,14.826842837273993,-74.35934065934066,0.6301742355948986,-8.117336152219869,"-7.29,-8.12,-6.26,-4.77",0,10,-11.431707317073167,0.4933967247754886,-15.499999999999993,-11515.5,-12365.0
ml,baseline_hit99,0.62,0.6,0.75,95,1893,0.7311146328578975,68.47754886423667,-5.521658742736397,-10452.5,19.838150289017342,-74.47642436149313,0.7242702823904928,-7.620507399577167,"-6.33,-7.62,-4.24,-3.89",1,10,-12.069060773480665,0.4933967247754886,-11.0,-11511.0,-12685.5
ml,baseline_hit99,0.62,0.6,0.75,99,1893,0.6983623877443211,68.47754886423667,-5.839672477548865,-11054.5,23.831316187594553,-74.53502626970227,0.7402577567875562,-8.554968287526426,"-6.99,-8.55,-4.19,-3.62",2,10,-12.69889502762431,0.4933967247754886,-23.000000000000014,-11523.0,-12610.5
ml,baseline_hit99,0.63,0.6,0.75,80,1734,0.7589388696655133,68.97808535178777,-7.93483275663206,-13758.999999999993,4.927811550151983,-48.430622009569376,0.32034182967792973,-8.51612903225806,"-8.52,-7.58,-8.26,-7.38",0,10,-11.369318181818176,0.497116493656286,-52.499999999999915,-11552.5,-11745.0
ml,baseline_hit99,0.63,0.6,0.75,85,1734,0.8021914648212226,68.97808535178777,-7.291810841983852,-12644.0,9.415168943206327,-75.04518950437318,0.5087896505506886,-7.847926267281106,"-7.85,-7.45,-7.20,-6.66",0,10,-10.971204188481675,0.497116493656286,-11.0,-11511.0,-12028.0
ml,baseline_hit99,0.63,0.6,0.75,90,1734,0.7693194925028836,68.97808535178777,-6.239331026528256,-10818.999999999996,14.386056971514249,-75.025,0.63948683772076,-7.808755760368663,"-6.97,-7.81,-5.68,-4.49",0,10,-10.002617801047117,0.497116493656286,-5.0,-11505.0,-12354.5
ml,baseline_hit99,0.63,0.6,0.75,95,1734,0.7399077277970012,68.97808535178777,-5.186851211072664,-8994.0,19.393998441153546,-75.11419068736141,0.7345062211267398,-7.117511520737327,"-6.44,-7.12,-3.77,-3.41",1,10,-12.142857142857144,0.497116493656286,-46.00000000000001,-11546.0,-12720.5
ml,baseline_hit99,0.63,0.6,0.75,99,1734,0.7064590542099193,68.97808535178777,-5.538638985005767,-9604.0,23.38408163265306,-75.14636542239685,0.7489117504803985,-8.347926267281107,"-6.95,-8.35,-3.72,-3.12",1,10,-12.422619047619047,0.497116493656286,-11.0,-11511.0,-12598.5
ml,baseline_hit99,0.64,0.6,0.75,80,1573,0.7603305785123967,69.48378893833438,-7.630324221233307,-12002.499999999993,4.470735785953184,-46.01989389920424,0.3081933196922106,-8.494923857868015,"-8.49,-6.01,-8.09,-7.92",0,10,-11.715189873417716,0.4965034965034965,-33.999999999999915,-11534.0,-11726.5
ml,baseline_hit99,0.64,0.6,0.75,85,1573,0.810553083280356,69.48378893833438,-7.086776859504132,-11147.5,8.954117647058824,-75.71812080536913,0.5059608225491934,-7.720812182741117,"-7.72,-5.76,-7.52,-7.35",0,10,-10.924050632911392,0.4965034965034965,-67.0,-11567.0,-12084.0
ml,baseline_hit99,0.64,0.6,0.75,90,1573,0.7813095994914177,69.48378893833438,-5.6659249841068,-8912.499999999996,13.950772986167621,-75.75,0.657974518382071,-6.667512690355328,"-6.67,-5.07,-6.00,-4.92",0,10,-9.94303797468354,0.4965034965034965,-26.0,-11526.0,-12375.5
ml,baseline_hit99,0.64,0.6,0.75,95,1573,0.7514303877940242,69.48378893833438,-4.5979020979020975,-7232.5,18.95939086294416,-75.81202046035806,0.7560091085434765,-6.185279187817259,"-6.19,-4.28,-4.04,-3.87",2,10,-12.888535031847136,0.4965034965034965,-56.49999999999997,-11556.5,-12731.0
ml,baseline_hit99,0.64,0.6,0.75,99,1573,0.71900826446281,69.48378893833438,-4.801970756516211,-7553.5,22.960654288240494,-75.84162895927602,0.7746703657299684,-6.00507614213198,"-6.01,-5.55,-4.03,-3.61",1,10,-12.761146496815286,0.4965034965034965,-40.49999999999997,-11540.5,-12628.0
ml,baseline_hit99,0.65,0.6,0.75,80,1417,0.7565278757939309,69.97177134791814,-7.59386026817219,-10760.499999999993,4.009328358208962,-43.64782608695652,0.2854201945744933,-8.94067796610169,"-8.09,-5.11,-8.24,-8.94",0,10,-12.417241379310338,0.4954128440366973,-39.499999999999794,-11539.5,-11732.0
ml,baseline_hit99,0.65,0.6,0.75,85,1417,0.8151023288637967,69.97177134791814,-7.1880733944954125,-10185.5,8.486147186147186,-76.28625954198473,0.49039375594136186,-8.799435028248588,"-7.40,-5.22,-7.33,-8.80",0,10,-11.348275862068965,0.4954128440366973,-15.0,-11515.0,-12032.0
ml,baseline_hit99,0.65,0.6,0.75,90,1417,0.784756527875794,69.97177134791814,-5.8436838390966805,-8280.499999999996,13.476618705035975,-76.28360655737706,0.6441020351148649,-6.623943661971828,"-6.62,-4.85,-5.81,-6.09",0,10,-10.624137931034479,0.4954128440366973,-21.99999999999997,-11522.0,-12371.5
ml,baseline_hit99,0.65,0.6,0.75,95,1417,0.7537050105857446,69.97177134791814,-4.869795342272407,-6900.5,18.478464419475657,-76.31948424068769,0.740928460137786,-6.215492957746479,"-6.22,-3.84,-4.03,-5.40",2,10,-12.711267605633802,0.4954128440366973,-37.5,-11537.5,-12712.0
ml,baseline_hit99,0.65,0.6,0.75,99,1417,0.7233592095977417,69.97177134791814,-4.859209597741708,-6885.5,22.493170731707316,-76.38010204081633,0.7700310610868041,-5.761971830985916,"-5.76,-5.26,-3.49,-4.92",2,10,-12.82394366197183,0.4954128440366973,-42.5,-11542.5,-12630.0
ml,baseline_hit99,0.66,0.6,0.75,80,1262,0.7464342313787639,70.4540412044374,-7.857369255150549,-9915.999999999993,3.5318471337579687,-41.384375,0.25122706335422534,-9.677777777777774,"-8.16,-4.86,-8.74,-9.68",0,10,-13.772727272727268,0.5007923930269413,-47.5,-11547.5,-11740.0
ml,baseline_hit99,0.66,0.6,0.75,85,1262,0.8145800316957211,70.4540412044374,-7.7147385103011095,-9736.0,7.994163424124514,-76.72649572649573,0.45772529798373623,-9.519047619047619,"-7.62,-5.21,-8.52,-9.52",1,10,-13.053030303030303,0.5007923930269413,-58.0,-11558.0,-12075.0
ml,baseline_hit99,0.66,0.6,0.75,90,1262,0.7844690966719493,70.4540412044374,-6.351822503961962,-8015.999999999996,12.984848484848488,-76.73161764705883,0.6159264050596523,-7.243670886075947,"-7.24,-4.70,-6.77,-6.69",1,10,-12.71212121212121,0.5007923930269413,-28.499999999999986,-11528.5,-12378.0
ml,baseline_hit99,0.66,0.6,0.75,95,1262,0.7535657686212361,70.4540412044374,-5.365293185419969,-6771.0,17.987907465825447,-76.77652733118971,0.7164275992042718,-7.275316455696203,"-7.28,-3.71,-4.98,-5.50",1,10,-13.500000000000002,0.5007923930269413,-24.0,-11524.0,-12698.5
ml,baseline_hit99,0.66,0.6,0.75,99,1262,0.7210776545166403,70.4540412044374,-5.567353407290016,-7026.0,21.99120879120879,-76.8125,0.7401435017382942,-7.158227848101266,"-7.16,-5.33,-4.46,-5.32",3,10,-14.052845528455284,0.5007923930269413,-44.5,-11544.5,-12632.0
ml,baseline_hit99,0.67,0.6,0.75,80,1104,0.7364130434782609,70.9429347826087,-7.805253623188399,-8616.999999999993,3.0658056580565884,-38.17697594501718,0.22435753184211768,-9.391304347826084,"-7.88,-5.96,-7.99,-9.39",0,10,-12.736363636363631,0.49818840579710144,-11.499999999999773,-11511.5,-11704.0
ml,baseline_hit99,0.67,0.6,0.75,85,1104,0.8215579710144928,70.9429347826087,-7.6105072463768115,-8402.0,7.530871003307608,-77.32233502538071,0.4484162153290661,-10.06159420289855,"-7.54,-6.12,-6.72,-10.06",0,10,-11.00909090909091,0.49818840579710144,-7.0,-11507.0,-12024.0
ml,baseline_hit99,0.67,0.6,0.75,90,1104,0.7916666666666666,70.9429347826087,-6.192934782608693,-6836.999999999996,12.521739130434783,-77.30869565217391,0.615488442719757,-7.398550724637679,"-7.01,-5.20,-5.16,-7.40",0,10,-11.190909090909086,0.49818840579710144,-21.5,-11521.5,-12371.0
ml,baseline_hit99,0.67,0.6,0.75,95,1104,0.7581521739130435,70.9429347826087,-5.418478260869565,-5982.0,17.513142174432495,-77.30524344569288,0.7101814394031153,-7.228260869565218,"-7.23,-4.64,-3.55,-6.26",1,10,-12.756880733944953,0.49818840579710144,-28.0,-11528.0,-12702.5
ml,baseline_hit99,0.67,0.6,0.75,99,1104,0.7264492753623188,70.9429347826087,-5.524456521739131,-6099.0,21.522443890274314,-77.35099337748345,0.7389126712328767,-7.141304347826087,"-7.14,-5.88,-2.95,-6.13",1,10,-13.674311926605505,0.49818840579710144,-17.5,-11517.5,-12605.0
ml,baseline_hit99,0.68,0.6,0.75,80,941,0.7173219978746015,71.44314558979808,-7.975026567481398,-7504.499999999995,2.580000000000008,-34.7593984962406,0.18835171966255737,-10.04042553191489,"-7.66,-5.67,-8.54,-10.04",0,10,-13.921052631578943,0.5005313496280552,-63.99999999999998,-11564.0,-11668.5
ml,baseline_hit99,0.68,0.6,0.75,85,941,0.824654622741764,71.44314558979808,-7.84750265674814,-7384.5,7.039948453608248,-77.86363636363636,0.42521891418563923,-10.848936170212767,"-7.59,-5.86,-7.09,-10.85",0,10,-12.605263157894736,0.5005313496280552,-31.0,-11531.0,-11870.5
ml,baseline_hit99,0.68,0.6,0.75,90,941,0.793836344314559,71.44314558979808,-6.497874601487777,-6114.499999999998,12.026104417670687,-77.82474226804123,0.5950125844482715,-8.423404255319147,"-7.28,-4.69,-5.60,-8.42",0,10,-13.499999999999998,0.5005313496280552,-21.5,-11521.5,-12096.0
ml,baseline_hit99,0.68,0.6,0.75,95,941,0.7608926673751328,71.44314558979808,-5.658342189160468,-5324.5,17.019553072625698,-77.82444444444444,0.6959253019616801,-7.785106382978723,"-6.98,-4.26,-3.60,-7.79",2,10,-13.06043956043956,0.5005313496280552,-4.0,-11504.0,-12313.5
ml,baseline_hit99,0.68,0.6,0.75,99,941,0.7268862911795961,71.44314558979808,-5.981402763018066,-5628.5,21.02046783625731,-77.84630350194553,0.718666433409142,-8.614893617021277,"-7.35,-5.38,-2.58,-8.61",3,10,-14.686813186813186,0.5005313496280552,-45.5,-11545.5,-12222.5
ml,baseline_hit99,0.69,0.6,0.75,80,773,0.685640362225097,71.96895213454074,-8.300776196636477,-6416.499999999996,2.0603773584905727,-30.89917695473251,0.14543517347006774,-11.018134715025901,"-8.22,-5.03,-8.94,-11.02",0,10,-13.601265822784804,0.49935316946959896,-59.49999999999996,-11559.5,-11592.0
ml,baseline_hit99,0.69,0.6,0.75,85,773,0.8253557567917206,71.96895213454074,-8.313712807244501,-6426.5,6.512539184952978,-78.38148148148149,0.392666446156027,-11.639896373056995,"-8.22,-5.29,-8.11,-11.64",1,10,-13.695652173913043,0.49935316946959896,-68.0,-11568.0,-11755.5
ml,baseline_hit99,0.69,0.6,0.75,90,773,0.7930142302716688,71.96895213454074,-7.097671410090554,-5486.499999999998,11.490212071778144,-78.3125,0.5621308858739028,-9.101036269430049,"-8.27,-4.25,-6.76,-9.10",1,10,-14.613924050632908,0.49935316946959896,-20.5,-11520.5,-11863.0
ml,baseline_hit99,0.69,0.6,0.75,95,773,0.7619663648124192,71.96895213454074,-6.082147477360931,-4701.5,16.48981324278438,-78.33695652173913,0.6738240599417233,-7.809278350515464,"-7.81,-3.58,-5.23,-7.70",2,10,-12.272151898734178,0.49935316946959896,-36.0,-11536.0,-12033.5
ml,baseline_hit99,0.69,0.6,0.75,99,773,0.723156532988357,71.96895213454074,-6.876455368693402,-5315.5,20.471377459749554,-78.31308411214954,0.6828271376573781,-8.412371134020619,"-8.41,-5.56,-5.22,-8.31",2,10,-14.094594594594595,0.49935316946959896,-29.5,-11529.5,-11807.0
ml,baseline_hit99,0.7,0.6,0.75,80,611,0.6415711947626841,72.48281505728315,-8.279050736497542,-5058.499999999998,1.5663265306122518,-25.901826484018265,0.10824151608638215,-11.1078431372549,"-7.79,-4.13,-11.11,-10.10",0,10,-14.419354838709673,0.4877250409165303,-48.499999999999986,-11548.5,-11581.0
ml,baseline_hit99,0.7,0.6,0.75,85,611,0.8248772504091653,72.48281505728315,-8.868248772504092,-5418.5,5.994047619047619,-78.87383177570094,0.35795959476272293,-11.381578947368421,"-8.91,-5.01,-10.19,-11.38",1,10,-15.13888888888889,0.4877250409165303,-40.0,-11540.0,-11727.5
ml,baseline_hit99,0.7,0.6,0.75,90,611,0.7986906710310966,72.48281505728315,-7.100654664484448,-4338.499999999998,10.983606557377053,-78.84959349593495,0.552662782904573,-8.905228758169931,"-8.91,-3.02,-8.49,-7.99",1,10,-16.51612903225806,0.4877250409165303,-54.5,-11554.5,-11897.0
ml,baseline_hit99,0.7,0.6,0.75,95,611,0.7692307692307693,72.48281505728315,-5.905891980360066,-3608.5,15.98936170212766,-78.89007092198581,0.6755967096687194,-7.171052631578948,"-6.88,-2.53,-7.06,-7.17",2,10,-14.580645161290324,0.4877250409165303,-15.0,-11515.0,-12012.5
ml,baseline_hit99,0.7,0.6,0.75,99,611,0.7299509001636661,72.48281505728315,-6.717675941080197,-4104.5,19.966367713004484,-78.84545454545454,0.6844997886160114,-8.052631578947368,"-7.08,-5.78,-5.96,-8.05",1,10,-13.924657534246576,0.4877250409165303,-22.5,-11522.5,-11800.0
ml,baseline_hit99,0.71,0.6,0.75,80,435,0.542528735632184,73.06436781609197,-8.943678160919536,-3890.499999999998,0.9830508474576338,-20.71608040201005,0.056276531231049504,-11.426605504587155,"-10.51,-3.08,-11.43,-10.78",1,10,-15.36274509803921,0.4735632183908046,-75.99999999999997,-11576.0,-11576.0
ml,baseline_hit99,0.71,0.6,0.75,85,435,0.8206896551724138,73.06436781609197,-9.805747126436781,-4265.5,5.396358543417367,-79.38461538461539,0.3111272609819121,-13.555555555555555,"-10.88,-4.55,-10.28,-13.56",1,10,-19.676470588235293,0.4735632183908046,-68.5,-11568.5,-11636.0
ml,baseline_hit99,0.71,0.6,0.75,90,435,0.8,73.06436781609197,-7.564367816091954,-3290.5,10.393678160919542,-79.39655172413794,0.5236337314513211,-10.5,"-10.14,-2.62,-7.02,-10.50",1,10,-17.91176470588235,0.4735632183908046,-5.0,-11505.0,-11647.5
ml,baseline_hit99,0.71,0.6,0.75,95,435,0.7701149425287356,73.06436781609197,-6.403448275862069,-2785.5,15.395522388059701,-79.43,0.6493138612614882,-10.175925925925926,"-8.03,-0.97,-6.47,-10.18",1,10,-20.068627450980394,0.4735632183908046,-62.0,-11562.0,-11779.5
ml,baseline_hit99,0.71,0.6,0.75,99,435,0.7379310344827587,73.06436781609197,-6.50919540229885,-2831.5,19.384735202492212,-79.42105263157895,0.6872652971062514,-10.916666666666666,"-6.84,-2.21,-6.11,-10.92",1,10,-21.441176470588236,0.4735632183908046,-50.5,-11550.5,-12044.0
ml,baseline_hit99,0.72,0.6,0.75,80,300,0.4033333333333333,73.53666666666669,-8.303333333333331,-2490.999999999999,0.5000000000000062,-14.254189944134078,0.023711542230061045,-12.939999999999998,"-6.42,-3.15,-12.94,-10.70",1,10,-16.637931034482754,0.47333333333333333,554.5,-10945.5,-10945.5
ml,baseline_hit99,0.72,0.6,0.75,85,300,0.84,73.53666666666669,-8.636666666666667,-2591.0,4.940476190476191,-79.91666666666667,0.3245568300312826,-13.166666666666666,"-5.22,-5.15,-11.01,-13.17",2,10,-20.08823529411765,0.47333333333333333,404.0,-11096.0,-11163.5
ml,baseline_hit99,0.72,0.6,0.75,90,300,0.82,73.53666666666669,-6.2366666666666655,-1870.9999999999995,9.939024390243905,-79.92592592592592,0.5664967562557925,-10.433333333333334,"-4.42,-3.15,-6.94,-10.43",3,10,-16.55882352941176,0.47333333333333333,1058.0,-10442.0,-10584.5
ml,baseline_hit99,0.72,0.6,0.75,95,300,0.7933333333333333,73.53666666666669,-4.670000000000001,-1401.0000000000002,14.949579831932772,-79.98387096774194,0.7174833635813671,-9.100000000000001,"-1.49,-1.42,-6.67,-9.10",3,10,-14.269230769230772,0.47333333333333333,1459.5,-10040.5,-10258.0
ml,baseline_hit99,0.72,0.6,0.75,99,300,0.7666666666666667,73.53666666666669,-4.136666666666667,-1241.0,18.94782608695652,-79.98571428571428,0.778353277370959,-8.753333333333334,"-0.82,-0.75,-6.22,-8.75",3,10,-11.810344827586206,0.47333333333333333,1484.5,-10015.5,-10625.5
ml,baseline_hit99,0.73,0.6,0.75,80,151,0.0,74.00000000000003,-6.857615894039732,-1035.4999999999995,,-6.857615894039732,0.0,-11.310810810810807,"-2.61,-6.82,-6.82,-11.31",0,10,-14.617647058823525,0.45695364238410596,2949.5,-8550.5,-8550.5
ml,baseline_hit99,0.73,0.6,0.75,85,151,0.8741721854304636,74.00000000000003,-6.195364238410596,-935.5,4.499999999999999,-80.5,0.3883622098725073,-16.175675675675677,"0.03,-2.21,-6.68,-16.18",3,10,-21.0,0.45695364238410596,3180.5,-8319.5,-10071.5
ml,baseline_hit99,0.73,0.6,0.75,90,151,0.8543046357615894,74.00000000000003,-3.612582781456952,-545.4999999999998,9.500000000000002,-80.5,0.691981931112366,-14.824324324324325,"2.39,0.03,-2.34,-14.82",5,10,-17.499999999999996,0.45695364238410596,4952.5,-6547.5,-10340.0
ml,baseline_hit99,0.73,0.6,0.75,95,151,0.8079470198675497,74.00000000000003,-3.745033112582783,-565.5000000000002,14.499999999999998,-80.5,0.7577639751552794,-13.743243243243244,"4.50,-0.50,-5.50,-13.74",4,10,-17.166666666666668,0.45695364238410596,4591.0,-6909.0,-12516.5
ml,baseline_hit99,0.73,0.6,0.75,99,151,0.7880794701986755,74.00000000000003,-2.480132450331126,-374.5,18.5,-80.5,0.8546195652173914,-13.608108108108109,"5.47,0.26,-2.34,-13.61",4,10,-14.5,0.45695364238410596,5617.5,-5882.5,-14500.5
