side_filter,entry_c,target_c,gross_win_c,loss_c,breakeven_hit_rate,trades,hit_rate,edge_vs_breakeven,avg_pnl_c,total_pnl_c,median_fill_minute,avg_spread_at_fill_c,median_spread_at_fill_c,min_quartile_ev_c,quartile_ev_c,quartile_hit_rate,positive_weeks,weeks,min_week_ev_c
BOTH,20,30,10,20,0.6666666666666666,5789,0.5477629987908101,-0.11890366787585649,-3.5671100362756953,-20650,6.0,0.9763344273622385,1.0000000000000009,-4.263994471319973,"-3.38,-3.60,-4.26,-3.02","0.554,0.547,0.525,0.566",0,10,-4.900332225913621
BOTH,20,31,11,20,0.6451612903225806,5789,0.5337709448954915,-0.11139034542708914,-3.453100708239765,-19990,6.0,0.9763344273622385,1.0000000000000009,-4.082239115411196,"-3.19,-3.57,-4.08,-2.97","0.542,0.530,0.513,0.549",0,10,-4.6544850498338874
BOTH,20,32,12,20,0.625,5789,0.5037139402314735,-0.12128605976852647,-3.8811539125928487,-22468,6.0,0.9763344273622385,1.0000000000000009,-4.254319281271596,"-3.58,-4.10,-4.25,-3.59","0.513,0.497,0.492,0.513",0,10,-4.584717607973422
BOTH,20,33,13,20,0.6060606060606061,5789,0.48972188633615477,-0.11633871972445131,-3.8391777509068925,-22225,6.0,0.9763344273622385,1.0000000000000009,-4.172771250863856,"-3.55,-4.01,-4.17,-3.63","0.499,0.484,0.480,0.496",0,10,-4.48671096345515
BOTH,20,34,14,20,0.5882352941176471,5789,0.48350319571601313,-0.10473209840163394,-3.5608913456555538,-20614,6.0,0.9763344273622385,1.0000000000000009,-3.975120939875605,"-3.19,-3.74,-3.98,-3.34","0.494,0.478,0.471,0.490",0,10,-4.355481727574751
BOTH,20,35,15,20,0.5714285714285714,5789,0.46622905510450857,-0.10519951632406283,-3.681983071342201,-21315,6.0,0.9763344273622385,1.0000000000000009,-4.035936420179682,"-3.44,-3.84,-4.04,-3.41","0.473,0.462,0.456,0.474",0,10,-4.4186046511627906
BOTH,20,36,16,20,0.5555555555555556,5789,0.4550008637070306,-0.100554691848525,-3.6199689065468994,-20956,6.0,0.9763344273622385,1.0000000000000009,-4.0027643400138215,"-3.44,-3.65,-4.00,-3.38","0.460,0.454,0.444,0.462",0,10,-4.451827242524917
BOTH,20,37,17,20,0.5405405405405406,5789,0.44394541371566765,-0.09659512682487292,-3.574019692520297,-20690,6.0,0.9763344273622385,1.0000000000000009,-4.018659295093297,"-3.47,-3.53,-4.02,-3.28","0.447,0.445,0.432,0.452",0,10,-4.3887043189368775
BOTH,20,38,18,20,0.5263157894736842,5789,0.4342718949732251,-0.09204389450045908,-3.497667991017447,-20248,6.0,0.9763344273622385,1.0000000000000009,-3.954388389771942,"-3.34,-3.48,-3.95,-3.22","0.439,0.435,0.422,0.442",0,10,-4.3455149501661126
BOTH,20,39,19,20,0.5128205128205128,5789,0.4223527379512869,-0.09046777486922586,-3.52824321989981,-20425,6.0,0.9763344273622385,1.0000000000000009,-4.125086385625432,"-3.17,-3.48,-4.13,-3.34","0.432,0.424,0.407,0.427",0,10,-4.516611295681063
BOTH,20,40,20,20,0.5,5789,0.41302470202107444,-0.08697529797892556,-3.479011919157022,-20140,6.0,0.9763344273622385,1.0000000000000009,-4.187975120939876,"-3.04,-3.52,-4.19,-3.17","0.424,0.412,0.395,0.421",0,10,-4.584717607973422
BOTH,20,41,21,20,0.4878048780487805,5789,0.4033511832786319,-0.08445369477014858,-3.4626014855760925,-20045,6.0,0.9763344273622385,1.0000000000000009,-4.161022805805114,"-3.04,-3.57,-4.16,-3.08","0.414,0.401,0.386,0.413",0,10,-4.607973421926911
BOTH,20,42,22,20,0.47619047619047616,5789,0.3943686301606495,-0.08182184602982667,-3.4365175332527205,-19894,6.0,0.9763344273622385,1.0000000000000009,-4.093987560469937,"-3.03,-3.37,-4.09,-3.25","0.404,0.396,0.379,0.399",0,10,-4.651162790697675
BOTH,20,43,23,20,0.46511627906976744,5789,0.38555881844878215,-0.07955746062098529,-3.4209708067023668,-19804,6.0,0.9763344273622385,1.0000000000000009,-4.042156185210781,"-3.01,-3.42,-4.04,-3.21","0.395,0.386,0.371,0.390",0,10,-4.785714285714286
BOTH,20,44,24,20,0.45454545454545453,5789,0.3750215926757644,-0.07952386186969013,-3.499049922266367,-20256,6.0,0.9763344273622385,1.0000000000000009,-4.005528680027643,"-3.32,-3.43,-4.01,-3.25","0.379,0.377,0.364,0.381",0,10,-4.724252491694352
BOTH,20,45,25,20,0.4444444444444444,5789,0.3694938676800829,-0.07495057676436151,-3.372775954396269,-19525,6.0,0.9763344273622385,1.0000000000000009,-3.8597097442985486,"-3.25,-3.30,-3.86,-3.08","0.372,0.371,0.359,0.376",0,10,-4.676079734219269
BOTH,20,46,26,20,0.43478260869565216,5789,0.36707548799447226,-0.0677071207011799,-3.1145275522542755,-18030,6.0,0.9763344273622385,1.0000000000000009,-3.6281962681409814,"-2.97,-3.09,-3.63,-2.77","0.370,0.368,0.356,0.375",0,10,-4.411960132890365
BOTH,20,47,27,20,0.425531914893617,5789,0.3610295387804457,-0.06450237611317133,-3.0316116773190536,-17550,6.0,0.9763344273622385,1.0000000000000009,-3.499654457498272,"-2.83,-3.04,-3.50,-2.75","0.365,0.361,0.351,0.367",0,10,-4.385382059800665
BOTH,20,48,28,20,0.4166666666666667,5789,0.35308343409915355,-0.06358323256751314,-3.051995163240629,-17668,6.0,0.9763344273622385,1.0000000000000009,-3.4139599170697994,"-2.86,-3.02,-3.41,-2.92","0.357,0.354,0.346,0.356",0,10,-4.451827242524917
BOTH,20,49,29,20,0.40816326530612246,5789,0.34738296769735705,-0.06078029760876541,-2.9782345828295043,-17241,6.0,0.9763344273622385,1.0000000000000009,-3.4409122322045613,"-2.67,-2.87,-3.44,-2.93","0.354,0.350,0.338,0.348",0,10,-4.534883720930233
BOTH,20,50,30,20,0.4,5789,0.3415097598894455,-0.05849024011055454,-2.924512005527725,-16930,6.0,0.9763344273622385,1.0000000000000009,-3.344851416724257,"-2.60,-2.83,-3.34,-2.93","0.348,0.343,0.333,0.341",0,10,-4.3023255813953485
BOTH,20,51,31,20,0.39215686274509803,5789,0.33615477629987905,-0.05600208644521898,-2.8561064087061667,-16534,6.0,0.9763344273622385,1.0000000000000009,-3.328956461644782,"-2.50,-2.73,-3.33,-2.87","0.343,0.339,0.327,0.336",0,10,-4.327242524916944
BOTH,20,52,32,20,0.38461538461538464,5789,0.3307997927103127,-0.05381559190507196,-2.7984107790637416,-16200,6.0,0.9763344273622385,1.0000000000000009,-3.2176917760884587,"-2.48,-2.64,-3.22,-2.86","0.337,0.334,0.323,0.330",0,10,-4.106312292358804
BOTH,20,53,33,20,0.37735849056603776,5789,0.3256175505268613,-0.05174094003917645,-2.7422698220763517,-15875,6.0,0.9763344273622385,1.0000000000000009,-3.0414651002073256,"-2.39,-2.75,-3.04,-2.79","0.332,0.326,0.320,0.325",0,10,-3.8006644518272426
BOTH,20,54,34,20,0.37037037037037035,5789,0.3202625669372949,-0.05010780343307547,-2.705821385386077,-15664,6.0,0.9763344273622385,1.0000000000000009,-2.9827228749136143,"-2.36,-2.50,-2.98,-2.98","0.327,0.324,0.315,0.315",0,10,-3.6744186046511627
BOTH,20,55,35,20,0.36363636363636365,5789,0.3145621005354984,-0.04907426310086527,-2.6990844705475903,-15625,6.0,0.9763344273622385,1.0000000000000009,-3.009675190048376,"-2.45,-2.36,-2.97,-3.01","0.319,0.321,0.310,0.309",0,10,-3.463455149501661
BOTH,20,56,36,20,0.35714285714285715,5789,0.3086888927275868,-0.048453964415270334,-2.713422007255139,-15708,6.0,0.9763344273622385,1.0000000000000009,-3.126468555632343,"-2.36,-2.43,-2.93,-3.13","0.315,0.314,0.305,0.301",0,10,-3.441860465116279
BOTH,20,57,37,20,0.3508771929824561,5789,0.30143375367075487,-0.049443439311701254,-2.818276040766972,-16315,6.0,0.9763344273622385,1.0000000000000009,-3.1796821008984106,"-2.44,-2.63,-3.18,-3.02","0.308,0.305,0.295,0.298",0,10,-3.524916943521595
BOTH,20,58,38,20,0.3448275862068966,5789,0.2974607013301088,-0.04736688487678775,-2.747279322853688,-15904,6.0,0.9763344273622385,1.0000000000000009,-3.004837595024188,"-2.34,-2.64,-3.00,-3.00","0.305,0.299,0.293,0.293",0,10,-3.4285714285714284
BOTH,20,59,39,20,0.3389830508474576,5789,0.29486958023838317,-0.044113470609074446,-2.6026947659353947,-15067,6.0,0.9763344273622385,1.0000000000000009,-2.915687629578438,"-2.19,-2.43,-2.92,-2.87","0.302,0.298,0.290,0.290",0,10,-3.240863787375415
BOTH,20,60,40,20,0.3333333333333333,5789,0.2889963724304716,-0.04433696090286171,-2.660217654171705,-15400,6.0,0.9763344273622385,1.0000000000000009,-3.04077401520387,"-2.22,-2.46,-2.92,-3.04","0.296,0.292,0.285,0.283",0,10,-3.355481727574751
BOTH,20,61,41,20,0.32786885245901637,5789,0.2860597685265158,-0.041809083932500546,-2.550354119882536,-14764,6.0,0.9763344273622385,1.0000000000000009,-2.926744989633725,"-2.10,-2.25,-2.93,-2.93","0.294,0.291,0.280,0.280",0,10,-3.280730897009967
BOTH,20,62,42,20,0.3225806451612903,5789,0.2813957505614096,-0.04118489459988073,-2.5534634651926065,-14782,6.0,0.9763344273622385,1.0000000000000009,-2.946786454733932,"-2.10,-2.22,-2.95,-2.95","0.289,0.287,0.275,0.275",0,10,-3.212624584717608
BOTH,20,63,43,20,0.31746031746031744,5789,0.2779409224391087,-0.03951939502120877,-2.489721886336155,-14413,6.0,0.9763344273622385,1.0000000000000009,-3.020041465100207,"-1.99,-2.06,-3.02,-2.89","0.286,0.285,0.270,0.272",0,10,-3.4482758620689653
BOTH,20,64,44,20,0.3125,5789,0.2743133529106927,-0.0381866470893073,-2.4439454137156678,-14148,6.0,0.9763344273622385,1.0000000000000009,-3.060124395300622,"-1.97,-2.00,-3.06,-2.75","0.282,0.281,0.265,0.270",0,10,-3.521594684385382
BOTH,20,65,45,20,0.3076923076923077,5789,0.26964933494558646,-0.03804297274672125,-2.4727932285368803,-14315,6.0,0.9763344273622385,1.0000000000000009,-3.154803040774015,"-2.13,-1.94,-3.15,-2.66","0.275,0.278,0.259,0.267",0,10,-4.019933554817276
BOTH,20,66,46,20,0.30303030303030304,5789,0.26619450682328555,-0.03683579620701749,-2.431162549663154,-14074,6.0,0.9763344273622385,1.0000000000000009,-3.260539046302695,"-2.00,-1.94,-3.26,-2.53","0.273,0.274,0.254,0.265",0,10,-4.212624584717608
BOTH,20,67,47,20,0.29850746268656714,5789,0.2651580583865953,-0.03334940429997185,-2.2344100880981173,-12935,6.0,0.9763344273622385,1.0000000000000009,-3.0069108500345543,"-1.82,-1.76,-3.01,-2.36","0.271,0.272,0.254,0.263",0,10,-3.973421926910299
BOTH,20,68,48,20,0.29411764705882354,5789,0.2623941958887545,-0.03172345117006903,-2.1571946795646917,-12488,6.0,0.9763344273622385,1.0000000000000009,-2.988251554941258,"-1.83,-1.53,-2.99,-2.28","0.267,0.272,0.250,0.261",0,10,-4.073089700996678
BOTH,20,69,49,20,0.2898550724637681,5789,0.2580756607358784,-0.03177941172788973,-2.192779409224391,-12694,6.0,0.9763344273622385,1.0000000000000009,-2.9765031098825157,"-1.84,-1.59,-2.98,-2.36","0.263,0.267,0.247,0.256",0,10,-3.953488372093023
BOTH,20,70,50,20,0.2857142857142857,5789,0.25496631542580755,-0.030747970288478144,-2.15235792019347,-12460,6.0,0.9763344273622385,1.0000000000000009,-3.068417415342087,"-1.68,-1.52,-3.07,-2.34","0.262,0.264,0.242,0.252",0,10,-4.186046511627907
BOTH,21,30,9,21,0.7,5988,0.5808283233132933,-0.1191716766867067,-3.5751503006012024,-21408,6.0,0.9866232464929857,1.0000000000000009,-4.1062124248497,"-3.63,-3.55,-4.11,-3.02","0.579,0.582,0.563,0.599",0,10,-4.497615262321145
BOTH,21,31,10,21,0.6774193548387096,5988,0.5657982631930528,-0.11162109164565681,-3.4602538410153643,-20720,6.0,0.9866232464929857,1.0000000000000009,-3.895123580494322,"-3.40,-3.56,-3.90,-2.98","0.568,0.562,0.552,0.581",0,10,-4.229508196721311
BOTH,21,32,11,21,0.65625,5988,0.5360721442885772,-0.12017785571142281,-3.8456913827655312,-23028,6.0,0.9866232464929857,1.0000000000000009,-4.070140280561122,"-3.77,-4.07,-4.07,-3.47","0.538,0.529,0.529,0.548",0,10,-4.475409836065574
BOTH,21,33,12,21,0.6363636363636364,5988,0.5215430861723447,-0.11482055019129167,-3.7890781563126255,-22689,6.0,0.9866232464929857,1.0000000000000009,-3.9819639278557113,"-3.70,-3.96,-3.98,-3.52","0.524,0.516,0.516,0.530",0,10,-4.29375
BOTH,21,34,13,21,0.6176470588235294,5988,0.5146960587842352,-0.10295100003929425,-3.500334001336005,-20960,6.0,0.9866232464929857,1.0000000000000009,-3.8069472277889114,"-3.33,-3.67,-3.81,-3.19","0.520,0.510,0.506,0.524",0,10,-4.027287319422151
BOTH,21,35,14,21,0.6,5988,0.4964929859719439,-0.10350701402805607,-3.622745490981964,-21693,6.0,0.9866232464929857,1.0000000000000009,-3.839011356045424,"-3.54,-3.84,-3.84,-3.28","0.499,0.490,0.490,0.506",0,10,-4.089887640449438
BOTH,21,36,15,21,0.5833333333333334,5988,0.48563794255177023,-0.09769539078156314,-3.5170340681362724,-21060,6.0,0.9866232464929857,1.0000000000000009,-3.80561122244489,"-3.49,-3.59,-3.81,-3.18","0.486,0.484,0.478,0.495",0,10,-4.0588235294117645
BOTH,21,37,16,21,0.5675675675675675,5988,0.47461589846359387,-0.09295166910397368,-3.4392117568470275,-20594,6.0,0.9866232464929857,1.0000000000000009,-3.7481629926519706,"-3.48,-3.43,-3.75,-3.11","0.474,0.475,0.466,0.484",0,10,-4.003125
BOTH,21,38,17,21,0.5526315789473685,5988,0.4642618570474282,-0.0883697218999403,-3.358049432197729,-20108,6.0,0.9866232464929857,1.0000000000000009,-3.688042752171009,"-3.36,-3.33,-3.69,-3.05","0.464,0.465,0.456,0.472",0,10,-3.860353130016051
BOTH,21,39,18,21,0.5384615384615384,5988,0.4500668002672011,-0.08839473819433735,-3.447394789579158,-20643,6.0,0.9866232464929857,1.0000000000000009,-3.935871743486974,"-3.26,-3.41,-3.94,-3.18","0.455,0.451,0.438,0.457",0,10,-4.135135135135135
BOTH,21,40,19,21,0.525,5988,0.4397127588510354,-0.08528724114896463,-3.411489645958584,-20428,6.0,0.9866232464929857,1.0000000000000009,-4.006012024048096,"-3.15,-3.44,-4.01,-3.04","0.446,0.439,0.425,0.449",0,10,-4.211446740858506
BOTH,21,41,20,21,0.5121951219512195,5988,0.4288577154308617,-0.08333740652035782,-3.4168336673346693,-20460,6.0,0.9866232464929857,1.0000000000000009,-4.01937207748831,"-3.17,-3.47,-4.02,-3.01","0.435,0.428,0.414,0.439",0,10,-4.3131955484896665
BOTH,21,42,21,21,0.5,5988,0.41900467601870406,-0.08099532398129594,-3.4018036072144286,-20370,6.0,0.9866232464929857,1.0000000000000009,-4.026052104208417,"-3.10,-3.32,-4.03,-3.16","0.426,0.421,0.404,0.425",0,10,-4.373608903020668
BOTH,21,43,22,21,0.4883720930232558,5988,0.40965263861055445,-0.07871945441270134,-3.384936539746159,-20269,6.0,0.9866232464929857,1.0000000000000009,-3.9665998663994655,"-3.02,-3.39,-3.97,-3.16","0.418,0.409,0.396,0.415",0,10,-4.524642289348172
BOTH,21,44,23,21,0.4772727272727273,5988,0.3974615898463594,-0.07981113742636792,-3.511690046760187,-21028,6.0,0.9866232464929857,1.0000000000000009,-3.952571810287241,"-3.39,-3.42,-3.95,-3.28","0.400,0.399,0.387,0.403",0,10,-4.491255961844197
BOTH,21,45,24,21,0.4666666666666667,5988,0.39161656646626586,-0.07505010020040082,-3.377254509018036,-20223,6.0,0.9866232464929857,1.0000000000000009,-3.775551102204409,"-3.29,-3.32,-3.78,-3.11","0.393,0.393,0.383,0.397",0,10,-4.402225755166931
BOTH,21,46,25,21,0.45652173913043476,5988,0.3891115564462258,-0.06741018268420895,-3.100868403473614,-18568,6.0,0.9866232464929857,1.0000000000000009,-3.5156980627922514,"-3.02,-3.09,-3.52,-2.78","0.391,0.389,0.380,0.396",0,10,-4.106518282988871
BOTH,21,47,26,21,0.44680851063829785,5988,0.38209752839011357,-0.06471098224818428,-3.0414161656646628,-18212,6.0,0.9866232464929857,1.0000000000000009,-3.4181696726786908,"-2.88,-3.07,-3.42,-2.79","0.385,0.381,0.374,0.387",0,10,-4.112877583465819
BOTH,21,48,27,21,0.4375,5988,0.3740814963259853,-0.06341850367401469,-3.0440881763527052,-18228,6.0,0.9866232464929857,1.0000000000000009,-3.3326653306613228,"-2.88,-3.04,-3.33,-2.92","0.377,0.374,0.368,0.377",0,10,-4.135135135135135
BOTH,21,49,28,21,0.42857142857142855,5988,0.3675684702738811,-0.06100295829754743,-2.9891449565798265,-17899,6.0,0.9866232464929857,1.0000000000000009,-3.3901135604542416,"-2.74,-2.87,-3.39,-2.96","0.373,0.370,0.359,0.368",0,10,-4.17329093799682
BOTH,21,50,29,21,0.42,5988,0.3608884435537742,-0.05911155644622579,-2.955577822311289,-17698,6.0,0.9866232464929857,1.0000000000000009,-3.3313293253173013,"-2.70,-2.83,-3.33,-2.96","0.366,0.363,0.353,0.361",0,10,-4.068362480127186
BOTH,21,51,30,21,0.4117647058823529,5988,0.3557114228456914,-0.056053283036661516,-2.8587174348697393,-17118,6.0,0.9866232464929857,1.0000000000000009,-3.250501002004008,"-2.57,-2.74,-3.25,-2.88","0.361,0.358,0.348,0.355",0,10,-4.054054054054054
BOTH,21,52,31,21,0.40384615384615385,5988,0.34936539746158984,-0.05448075638456401,-2.832999331997328,-16964,6.0,0.9866232464929857,1.0000000000000009,-3.14562458249833,"-2.59,-2.69,-3.15,-2.90","0.354,0.352,0.343,0.348",0,10,-3.8044515103338634
BOTH,21,53,32,21,0.39622641509433965,5988,0.343687374749499,-0.05253904034484064,-2.784569138276553,-16674,6.0,0.9866232464929857,1.0000000000000009,-3.014696058784235,"-2.52,-2.80,-3.01,-2.80","0.349,0.343,0.339,0.343",0,10,-3.5580286168521464
BOTH,21,54,33,21,0.3888888888888889,5988,0.3376753507014028,-0.051213538187486085,-2.7655310621242486,-16560,6.0,0.9866232464929857,1.0000000000000009,-3.036072144288577,"-2.53,-2.53,-2.96,-3.04","0.342,0.342,0.334,0.333",0,10,-3.4864864864864864
BOTH,21,55,34,21,0.38181818181818183,5988,0.3318303273213093,-0.04998785449687254,-2.7493319973279893,-16463,6.0,0.9866232464929857,1.0000000000000009,-3.0340681362725452,"-2.59,-2.37,-3.00,-3.03","0.335,0.339,0.327,0.327",0,10,-3.3434991974317816
BOTH,21,56,35,21,0.375,5988,0.32531730126920505,-0.04968269873079495,-2.782231128924516,-16660,6.0,0.9866232464929857,1.0000000000000009,-3.1189044756179025,"-2.56,-2.41,-3.04,-3.12","0.329,0.332,0.321,0.319",0,10,-3.3820224719101124
BOTH,21,57,36,21,0.3684210526315789,5988,0.31763527054108215,-0.05078578209049678,-2.8947895791583167,-17334,6.0,0.9866232464929857,1.0000000000000009,-3.2945891783567136,"-2.65,-2.61,-3.29,-3.03","0.322,0.323,0.311,0.315",0,10,-3.524879614767255
BOTH,21,58,37,21,0.3620689655172414,5988,0.31295925183700735,-0.049109713680234035,-2.8483633934535737,-17056,6.0,0.9866232464929857,1.0000000000000009,-3.138944555778223,"-2.52,-2.71,-3.14,-3.02","0.319,0.315,0.308,0.310",0,10,-3.404494382022472
BOTH,21,59,38,21,0.3559322033898305,5988,0.3102872411489646,-0.045644962240865894,-2.6930527722110886,-16126,6.0,0.9866232464929857,1.0000000000000009,-3.0280561122244487,"-2.36,-2.48,-3.03,-2.91","0.316,0.314,0.305,0.307",0,10,-3.3852327447833064
BOTH,21,60,39,21,0.35,5988,0.30410821643286573,-0.04589178356713425,-2.753507014028056,-16488,6.0,0.9866232464929857,1.0000000000000009,-3.0841683366733466,"-2.36,-2.52,-3.04,-3.08","0.311,0.308,0.299,0.299",0,10,-3.4719101123595504
BOTH,21,61,40,21,0.3442622950819672,5988,0.3012692050768203,-0.042993090005146894,-2.6225784903139613,-15704,6.0,0.9866232464929857,1.0000000000000009,-3.030060120240481,"-2.22,-2.30,-3.03,-2.95","0.308,0.307,0.295,0.296",0,10,-3.4735152487961476
BOTH,21,62,41,21,0.3387096774193548,5988,0.29609218436873747,-0.04261749305061735,-2.6422845691382766,-15822,6.0,0.9866232464929857,1.0000000000000009,-3.0253841015364062,"-2.28,-2.28,-3.03,-2.98","0.302,0.302,0.290,0.291",0,10,-3.4847512038523276
BOTH,21,63,42,21,0.3333333333333333,5988,0.2924181696726787,-0.04091516366065462,-2.5776553106212425,-15435,6.0,0.9866232464929857,1.0000000000000009,-3.0721442885771544,"-2.23,-2.10,-3.07,-2.90","0.298,0.300,0.285,0.287",0,10,-3.707865168539326
BOTH,21,64,43,21,0.328125,5988,0.28857715430861725,-0.039547845691382755,-2.531062124248497,-15156,6.0,0.9866232464929857,1.0000000000000009,-3.0868403473613895,"-2.19,-2.10,-3.09,-2.74","0.294,0.295,0.280,0.285",0,10,-3.536115569823435
BOTH,21,65,44,21,0.3230769230769231,5988,0.28306613226452904,-0.04001079081239406,-2.600701402805611,-15573,6.0,0.9866232464929857,1.0000000000000009,-3.1977287909151637,"-2.37,-2.16,-3.20,-2.68","0.287,0.290,0.274,0.282",0,10,-3.639109697933227
BOTH,21,66,45,21,0.3181818181818182,5988,0.27939211756847027,-0.03878970061334791,-2.5601202404809618,-15330,6.0,0.9866232464929857,1.0000000000000009,-3.32064128256513,"-2.22,-2.17,-3.32,-2.53","0.285,0.285,0.268,0.280",0,10,-3.7917329093799683
BOTH,21,67,46,21,0.31343283582089554,5988,0.27839011356045423,-0.035042722260441306,-2.3478623914495658,-14059,6.0,0.9866232464929857,1.0000000000000009,-3.0527722110888442,"-2.02,-1.98,-3.05,-2.34","0.283,0.284,0.268,0.279",0,10,-3.5310015898251192
BOTH,21,68,47,21,0.3088235294117647,5988,0.27538410153640613,-0.033439427875358585,-2.273881095524382,-13616,6.0,0.9866232464929857,1.0000000000000009,-2.9665998663994655,"-2.01,-1.88,-2.97,-2.24","0.279,0.281,0.265,0.276",0,10,-3.5945945945945947
BOTH,21,69,48,21,0.30434782608695654,5988,0.270875083500334,-0.03347274258662253,-2.309619238476954,-13830,6.0,0.9866232464929857,1.0000000000000009,-2.9779559118236474,"-2.01,-1.92,-2.98,-2.33","0.275,0.277,0.261,0.271",0,10,-3.5580286168521464
BOTH,21,70,49,21,0.3,5988,0.2678690714762859,-0.032130928523714075,-2.2491649966599865,-13468,6.0,0.9866232464929857,1.0000000000000009,-3.0440881763527052,"-1.88,-1.78,-3.04,-2.30","0.273,0.275,0.257,0.267",0,10,-3.750397456279809
BOTH,22,30,8,22,0.7333333333333333,6190,0.612762520193861,-0.12057081313947227,-3.617124394184168,-22390,5.0,0.9949919224555733,1.0000000000000009,-3.9650937297996123,"-3.78,-3.62,-3.97,-3.10","0.607,0.613,0.601,0.630",0,10,-4.404287901990812
BOTH,22,31,9,22,0.7096774193548387,6190,0.5970920840064621,-0.11258533534837667,-3.490145395799677,-21604,5.0,0.9949919224555733,1.0000000000000009,-3.744667097608274,"-3.54,-3.58,-3.74,-3.10","0.596,0.594,0.589,0.610",0,10,-4.10410094637224
BOTH,22,32,10,22,0.6875,6190,0.5665589660743134,-0.12094103392568656,-3.8701130856219708,-23956,5.0,0.9949919224555733,1.0000000000000009,-4.1279896574014225,"-3.87,-4.13,-3.94,-3.54","0.567,0.559,0.564,0.577",0,10,-4.485804416403785
BOTH,22,33,11,22,0.6666666666666666,6190,0.5515347334410339,-0.11513193322563275,-3.7993537964458803,-23518,5.0,0.9949919224555733,1.0000000000000009,-4.0387847446670975,"-3.77,-4.04,-3.89,-3.50","0.552,0.544,0.549,0.561",0,10,-4.35
BOTH,22,34,12,22,0.6470588235294118,6190,0.544264943457189,-0.10279388007222279,-3.4949919224555734,-21634,5.0,0.9949919224555733,1.0000000000000009,-3.7362637362637363,"-3.37,-3.74,-3.71,-3.16","0.548,0.537,0.538,0.554",0,10,-4.094043887147335
BOTH,22,35,13,22,0.6285714285714286,6190,0.5264943457189014,-0.10207708285252715,-3.5726978998384493,-22115,5.0,0.9949919224555733,1.0000000000000009,-3.8778280542986425,"-3.57,-3.88,-3.63,-3.21","0.526,0.518,0.525,0.537",0,10,-4.115987460815047
BOTH,22,36,14,22,0.6111111111111112,6190,0.5150242326332795,-0.0960868784778317,-3.4591276252019387,-21412,5.0,0.9949919224555733,1.0000000000000009,-3.6160310277957337,"-3.56,-3.62,-3.55,-3.12","0.512,0.511,0.513,0.525",0,10,-4.0
BOTH,22,37,15,22,0.5945945945945946,6190,0.5035541195476575,-0.09104047504693713,-3.3684975767366723,-20851,5.0,0.9949919224555733,1.0000000000000009,-3.5717054263565893,"-3.57,-3.44,-3.44,-3.02","0.498,0.502,0.502,0.513",0,10,-4.116666666666666
BOTH,22,38,16,22,0.5789473684210527,6190,0.49159935379644587,-0.08734801462460678,-3.3192245557350564,-20546,5.0,0.9949919224555733,1.0000000000000009,-3.417312661498708,"-3.42,-3.38,-3.36,-3.12","0.489,0.490,0.491,0.497",0,10,-3.8636363636363638
BOTH,22,39,17,22,0.5641025641025641,6190,0.4777059773828756,-0.08639658671968847,-3.3694668820678513,-20857,5.0,0.9949919224555733,1.0000000000000009,-3.546218487394958,"-3.33,-3.34,-3.55,-3.26","0.479,0.478,0.473,0.481",0,10,-3.9059561128526648
BOTH,22,40,18,22,0.55,6190,0.4678513731825525,-0.08214862681744756,-3.2859450726979,-20340,5.0,0.9949919224555733,1.0000000000000009,-3.6160310277957337,"-3.21,-3.31,-3.62,-3.01","0.470,0.467,0.460,0.475",0,10,-3.8808777429467085
BOTH,22,41,19,22,0.5365853658536586,6190,0.45589660743134086,-0.08068875842231771,-3.3082390953150242,-20478,5.0,0.9949919224555733,1.0000000000000009,-3.6334841628959276,"-3.22,-3.37,-3.63,-3.01","0.458,0.454,0.448,0.463",0,10,-3.877742946708464
BOTH,22,42,20,22,0.5238095238095238,6190,0.445718901453958,-0.07809062235556585,-3.2798061389337643,-20302,5.0,0.9949919224555733,1.0000000000000009,-3.6199095022624435,"-3.14,-3.21,-3.62,-3.14","0.449,0.447,0.438,0.449",0,10,-3.990811638591118
BOTH,22,43,21,22,0.5116279069767442,6190,0.4360258481421648,-0.07560205883457943,-3.2508885298869146,-20123,5.0,0.9949919224555733,1.0000000000000009,-3.5436328377504847,"-3.06,-3.29,-3.54,-3.11","0.441,0.435,0.429,0.439",0,10,-4.088820826952527
BOTH,22,44,22,22,0.5,6190,0.42261712439418414,-0.07738287560581586,-3.4048465266558967,-21076,5.0,0.9949919224555733,1.0000000000000009,-3.5979314802844216,"-3.38,-3.34,-3.60,-3.30","0.423,0.424,0.418,0.425",0,10,-4.2155688622754495
BOTH,22,45,23,22,0.4888888888888889,6190,0.4161550888529887,-0.07273380003590019,-3.273021001615509,-20260,5.0,0.9949919224555733,1.0000000000000009,-3.4705882352941178,"-3.28,-3.21,-3.47,-3.13","0.416,0.418,0.412,0.419",0,10,-4.1482035928143715
BOTH,22,46,24,22,0.4782608695652174,6190,0.41292407108239093,-0.06533679848282647,-3.0054927302100163,-18604,5.0,0.9949919224555733,1.0000000000000009,-3.2074983839689724,"-3.01,-2.97,-3.21,-2.83","0.413,0.414,0.409,0.417",0,10,-3.8254211332312402
BOTH,22,47,25,22,0.46808510638297873,6190,0.40500807754442647,-0.06307702883855226,-2.9646203554119546,-18351,5.0,0.9949919224555733,1.0000000000000009,-3.1939237233354882,"-2.90,-2.95,-3.19,-2.81","0.406,0.405,0.400,0.408",0,10,-3.9341500765696784
BOTH,22,48,26,22,0.4583333333333333,6190,0.3966074313408724,-0.06172590199246092,-2.962843295638126,-18340,5.0,0.9949919224555733,1.0000000000000009,-3.1661279896574013,"-2.90,-2.89,-3.17,-2.90","0.398,0.398,0.392,0.398",0,10,-3.917304747320061
BOTH,22,49,27,22,0.4489795918367347,6190,0.3893376413570275,-0.05964195047970722,-2.9224555735056543,-18090,5.0,0.9949919224555733,1.0000000000000009,-3.248868778280543,"-2.75,-2.68,-3.25,-3.01","0.393,0.394,0.383,0.388",0,10,-4.065849923430322
BOTH,22,50,28,22,0.44,6190,0.38206785137318255,-0.05793214862681745,-2.8966074313408723,-17930,5.0,0.9949919224555733,1.0000000000000009,-3.2540400775694893,"-2.72,-2.61,-3.25,-3.01","0.386,0.388,0.375,0.380",0,10,-4.006125574272588
BOTH,22,51,29,22,0.43137254901960786,6190,0.3768982229402262,-0.054474326079381685,-2.7781906300484653,-17197,5.0,0.9949919224555733,1.0000000000000009,-3.142857142857143,"-2.56,-2.48,-3.14,-2.92","0.381,0.383,0.370,0.374",0,10,-3.9586523736600308
BOTH,22,52,30,22,0.4230769230769231,6190,0.3702746365105008,-0.052802286566422274,-2.745718901453958,-16996,5.0,0.9949919224555733,1.0000000000000009,-3.008403361344538,"-2.58,-2.47,-3.01,-2.92","0.373,0.376,0.365,0.367",0,10,-3.684532924961715
BOTH,22,53,31,22,0.41509433962264153,6190,0.3639741518578352,-0.05112018776480631,-2.7093699515347334,-16771,5.0,0.9949919224555733,1.0000000000000009,-2.9172592113768583,"-2.52,-2.61,-2.92,-2.79","0.368,0.366,0.360,0.362",0,10,-3.413476263399694
BOTH,22,54,32,22,0.4074074074074074,6190,0.35799676898222943,-0.049410638425177955,-2.668174474959612,-16516,5.0,0.9949919224555733,1.0000000000000009,-2.988372093023256,"-2.50,-2.31,-2.87,-2.99","0.361,0.365,0.354,0.352",0,10,-3.3108728943338437
BOTH,22,55,33,22,0.4,6190,0.3518578352180937,-0.048142164781906305,-2.6478190630048464,-16390,5.0,0.9949919224555733,1.0000000000000009,-2.9916020671834627,"-2.53,-2.16,-2.91,-2.99","0.354,0.361,0.347,0.346",0,10,-3.3793103448275863
BOTH,22,56,34,22,0.39285714285714285,6190,0.34491114701130854,-0.04794599584583431,-2.6849757673667205,-16620,5.0,0.9949919224555733,1.0000000000000009,-3.0801033591731266,"-2.50,-2.24,-2.92,-3.08","0.348,0.353,0.341,0.338",0,10,-3.3918495297805644
BOTH,22,57,35,22,0.38596491228070173,6190,0.33651050080775446,-0.04945441147294727,-2.818901453957997,-17449,5.0,0.9949919224555733,1.0000000000000009,-3.2456367162249515,"-2.67,-2.40,-3.25,-2.96","0.339,0.344,0.329,0.334",0,10,-3.595611285266458
BOTH,22,58,36,22,0.3793103448275862,6190,0.33134087237479803,-0.04796947245278815,-2.7822294022617124,-17222,5.0,0.9949919224555733,1.0000000000000009,-3.0665804783451844,"-2.55,-2.47,-3.07,-3.04","0.335,0.337,0.326,0.327",0,10,-3.4648318042813457
BOTH,22,59,37,22,0.3728813559322034,6190,0.3287560581583199,-0.04412529777388352,-2.6033925686591277,-16115,5.0,0.9949919224555733,1.0000000000000009,-2.9308338720103424,"-2.37,-2.21,-2.93,-2.91","0.333,0.335,0.323,0.324",0,10,-3.4122257053291536
BOTH,22,60,38,22,0.36666666666666664,6190,0.3224555735056543,-0.04421109316101235,-2.652665589660743,-16420,5.0,0.9949919224555733,1.0000000000000009,-3.046511627906977,"-2.35,-2.26,-2.96,-3.05","0.328,0.329,0.317,0.316",0,10,-3.5673981191222572
BOTH,22,61,39,22,0.36065573770491804,6190,0.31922455573505654,-0.04143118196986151,-2.5273021001615508,-15644,5.0,0.9949919224555733,1.0000000000000009,-2.9153199741435034,"-2.34,-1.97,-2.92,-2.89","0.322,0.328,0.313,0.313",0,10,-3.5470219435736676
BOTH,22,62,40,22,0.3548387096774194,6190,0.31373182552504036,-0.04110688415237901,-2.548626817447496,-15776,5.0,0.9949919224555733,1.0000000000000009,-2.923076923076923,"-2.45,-1.92,-2.92,-2.90","0.315,0.324,0.308,0.308",0,10,-3.5360501567398117
BOTH,22,63,41,22,0.3492063492063492,6190,0.3098546042003231,-0.03935174500602606,-2.4791599353796445,-15346,5.0,0.9949919224555733,1.0000000000000009,-2.981900452488688,"-2.38,-1.72,-2.98,-2.83","0.311,0.322,0.302,0.304",0,10,-3.830721003134796
BOTH,22,64,42,22,0.34375,6190,0.30597738287560583,-0.03777261712439417,-2.4174474959612278,-14964,5.0,0.9949919224555733,1.0000000000000009,-2.9696186166774403,"-2.36,-1.69,-2.97,-2.65","0.307,0.317,0.297,0.302",0,10,-3.6426332288401255
BOTH,22,65,43,22,0.3384615384615385,6190,0.30016155088852986,-0.03829998757300862,-2.489499192245557,-15410,5.0,0.9949919224555733,1.0000000000000009,-3.0504201680672267,"-2.56,-1.79,-3.05,-2.56","0.299,0.311,0.292,0.299",0,10,-3.5595611285266457
BOTH,22,66,44,22,0.3333333333333333,6190,0.2964458804523425,-0.03688745288099082,-2.4345718901453957,-15070,5.0,0.9949919224555733,1.0000000000000009,-3.142857142857143,"-2.43,-1.78,-3.14,-2.39","0.297,0.306,0.286,0.297",0,10,-3.689655172413793
BOTH,22,67,45,22,0.3283582089552239,6190,0.29547657512116315,-0.03288163383406073,-2.203069466882068,-13637,5.0,0.9949919224555733,1.0000000000000009,-2.857142857142857,"-2.22,-1.56,-2.86,-2.18","0.295,0.305,0.286,0.296",0,10,-3.4122257053291536
BOTH,22,68,46,22,0.3235294117647059,6190,0.2925686591276252,-0.030960752637080702,-2.105331179321486,-13032,5.0,0.9949919224555733,1.0000000000000009,-2.7472527472527473,"-2.19,-1.43,-2.75,-2.06","0.291,0.303,0.283,0.293",0,10,-3.1516079632465543
BOTH,22,69,47,22,0.3188405797101449,6190,0.2873990306946688,-0.03144154901547608,-2.1694668820678515,-13429,5.0,0.9949919224555733,1.0000000000000009,-2.7317388493859083,"-2.21,-1.57,-2.73,-2.16","0.287,0.296,0.279,0.287",0,10,-3.0857580398162328
BOTH,22,70,48,22,0.3142857142857143,6190,0.28416801292407107,-0.030117701361643212,-2.108239095315024,-13050,5.0,0.9949919224555733,1.0000000000000009,-2.769230769230769,"-2.15,-1.41,-2.77,-2.10","0.284,0.294,0.275,0.284",0,10,-3.2404287901990814
BOTH,23,30,7,23,0.7666666666666667,6379,0.6406960338611067,-0.12597063280555998,-3.7791189841667974,-24107,5.0,1.0037466687568581,1.0000000000000009,-4.198243412797993,"-4.04,-3.61,-4.20,-3.27","0.632,0.646,0.627,0.658",0,10,-4.538461538461538
BOTH,23,31,8,23,0.7419354838709677,6379,0.6258034174635523,-0.11613206640741547,-3.600094058629879,-22965,5.0,1.0037466687568581,1.0000000000000009,-3.863237139272271,"-3.84,-3.53,-3.86,-3.18","0.618,0.628,0.617,0.639",0,10,-4.333333333333333
BOTH,23,32,9,23,0.71875,6379,0.5944505408371218,-0.12429945916287821,-3.9775826932121023,-25373,5.0,1.0037466687568581,1.0000000000000009,-4.161128526645768,"-4.16,-4.02,-4.09,-3.64","0.589,0.593,0.591,0.605",0,10,-4.615975422427035
BOTH,23,33,10,23,0.696969696969697,6379,0.579244395673303,-0.11772530129639402,-3.8849349427810003,-24782,5.0,1.0037466687568581,1.0000000000000009,-4.048275862068966,"-4.05,-3.97,-3.97,-3.55","0.574,0.577,0.577,0.589",0,10,-4.434462444771723
BOTH,23,34,11,23,0.6764705882352942,6379,0.5717197052829597,-0.10475088295233448,-3.5615300203793696,-22719,5.0,1.0037466687568581,1.0000000000000009,-3.7603513174404015,"-3.64,-3.62,-3.76,-3.22","0.569,0.570,0.566,0.582",0,10,-4.093701996927804
BOTH,23,35,12,23,0.6571428571428571,6379,0.5532215080733658,-0.10392134906949135,-3.6372472174321993,-23202,5.0,1.0037466687568581,1.0000000000000009,-3.843260188087774,"-3.84,-3.76,-3.70,-3.25","0.547,0.550,0.551,0.564",0,10,-4.129032258064516
BOTH,23,36,13,23,0.6388888888888888,6379,0.5413074149553222,-0.09758147393356664,-3.5129330616084027,-22409,5.0,1.0037466687568581,1.0000000000000009,-3.8150470219435735,"-3.82,-3.50,-3.62,-3.12","0.533,0.542,0.538,0.552",0,10,-4.072164948453608
BOTH,23,37,14,23,0.6216216216216216,6379,0.5290797930710143,-0.09254182855060733,-3.424047656372472,-21842,5.0,1.0037466687568581,1.0000000000000009,-3.792476489028213,"-3.79,-3.35,-3.55,-3.00","0.519,0.531,0.526,0.540",0,10,-4.1458026509572905
BOTH,23,38,15,23,0.6052631578947368,6379,0.5166954068035742,-0.08856775109116266,-3.3655745414641793,-21469,5.0,1.0037466687568581,1.0000000000000009,-3.6545454545454548,"-3.65,-3.34,-3.43,-3.04","0.509,0.517,0.515,0.525",0,10,-3.9160530191458025
BOTH,23,39,16,23,0.5897435897435898,6379,0.5024298479385484,-0.08731374180504137,-3.4052359303966138,-21722,5.0,1.0037466687568581,1.0000000000000009,-3.5734002509410288,"-3.54,-3.37,-3.57,-3.15","0.499,0.503,0.498,0.509",0,10,-3.873343151693667
BOTH,23,40,17,23,0.575,6379,0.4923969274180906,-0.08260307258190935,-3.3041229032763755,-21077,5.0,1.0037466687568581,1.0000000000000009,-3.602258469259724,"-3.41,-3.31,-3.60,-2.89","0.490,0.492,0.485,0.503",0,10,-3.769230769230769
BOTH,23,41,18,23,0.5609756097560976,6379,0.4806395986831792,-0.08033601107291843,-3.2937764539896537,-21011,5.0,1.0037466687568581,1.0000000000000009,-3.528858218318695,"-3.39,-3.36,-3.53,-2.90","0.478,0.479,0.475,0.490",0,10,-3.791090629800307
BOTH,23,42,19,23,0.5476190476190477,6379,0.4702931493964571,-0.07732589822259056,-3.2476877253488006,-20717,5.0,1.0037466687568581,1.0000000000000009,-3.5282308657465498,"-3.30,-3.17,-3.53,-2.99","0.469,0.472,0.464,0.476",0,10,-3.808759124087591
BOTH,23,43,20,23,0.5348837209302325,6379,0.46057375764226366,-0.07430996328796885,-3.195328421382662,-20383,5.0,1.0037466687568581,1.0000000000000009,-3.469259723964868,"-3.18,-3.24,-3.47,-2.89","0.461,0.460,0.454,0.468",0,10,-3.854014598540146
BOTH,23,44,21,23,0.5227272727272727,6379,0.44583790562784137,-0.07688936709943134,-3.3831321523749804,-21581,5.0,1.0037466687568581,1.0000000000000009,-3.5395232120451694,"-3.52,-3.39,-3.54,-3.08","0.443,0.446,0.442,0.453",0,10,-4.436496350364964
BOTH,23,45,22,23,0.5111111111111111,6379,0.43862674400376234,-0.07248436710734874,-3.2617965198306944,-20807,5.0,1.0037466687568581,1.0000000000000009,-3.407779171894605,"-3.39,-3.31,-3.41,-2.94","0.436,0.438,0.435,0.446",0,10,-4.343065693430657
BOTH,23,46,23,23,0.5,6379,0.4354914563411193,-0.0645085436588807,-2.9673930083085125,-18929,5.0,1.0037466687568581,1.0000000000000009,-3.1166875784190715,"-3.10,-3.04,-3.12,-2.61","0.433,0.434,0.432,0.443",0,10,-3.9956204379562044
BOTH,23,47,24,23,0.48936170212765956,6379,0.4278100015676438,-0.06155170056001574,-2.8929299263207398,-18454,5.0,1.0037466687568581,1.0000000000000009,-3.067754077791719,"-2.96,-2.99,-3.07,-2.55","0.426,0.426,0.424,0.435",0,10,-3.651094890510949
BOTH,23,48,25,23,0.4791666666666667,6379,0.4190311961122433,-0.060135470554423365,-2.8865025866123215,-18413,5.0,1.0037466687568581,1.0000000000000009,-3.095357590966123,"-2.93,-2.90,-3.10,-2.63","0.418,0.419,0.415,0.424",0,10,-3.6153846153846154
BOTH,23,49,26,23,0.46938775510204084,6379,0.4115065057219,-0.05788124938014083,-2.836181219626901,-18092,5.0,1.0037466687568581,1.0000000000000009,-3.1417816813048933,"-2.79,-2.69,-3.14,-2.72","0.413,0.414,0.405,0.414",0,10,-3.7914201183431953
BOTH,23,50,27,23,0.46,6379,0.4038250509484245,-0.056174949051575496,-2.808747452578774,-17917,5.0,1.0037466687568581,1.0000000000000009,-3.112923462986198,"-2.72,-2.59,-3.11,-2.81","0.406,0.408,0.398,0.404",0,10,-3.695266272189349
BOTH,23,51,28,23,0.45098039215686275,6379,0.39880859068819563,-0.05217180146866712,-2.6607618749020223,-16973,5.0,1.0037466687568581,1.0000000000000009,-2.939146800501882,"-2.57,-2.44,-2.94,-2.70","0.401,0.403,0.393,0.398",0,10,-3.61094674556213
BOTH,23,52,29,23,0.4423076923076923,6379,0.3914406646809845,-0.050867027626707806,-2.6450854365888072,-16873,5.0,1.0037466687568581,1.0000000000000009,-2.872020075282309,"-2.56,-2.53,-2.87,-2.62","0.393,0.394,0.387,0.392",0,10,-3.3846153846153846
BOTH,23,53,30,23,0.4339622641509434,6379,0.38391597429064117,-0.05004628986030224,-2.652453362596018,-16920,5.0,1.0037466687568581,1.0000000000000009,-2.817440401505646,"-2.60,-2.66,-2.82,-2.53","0.385,0.384,0.381,0.386",0,10,-3.192700729927007
BOTH,23,54,31,23,0.42592592592592593,6379,0.3774886345822229,-0.048437291343703004,-2.615613732559962,-16685,5.0,1.0037466687568581,1.0000000000000009,-2.7754077791718945,"-2.62,-2.38,-2.78,-2.69","0.377,0.382,0.375,0.376",0,10,-3.1094674556213016
BOTH,23,55,32,23,0.41818181818181815,6379,0.37074776610754034,-0.04743405207427781,-2.6088728640852796,-16642,5.0,1.0037466687568581,1.0000000000000009,-2.883939774153074,"-2.62,-2.21,-2.88,-2.72","0.371,0.378,0.366,0.369",0,10,-3.357142857142857
BOTH,23,56,33,23,0.4107142857142857,6379,0.3640068976328578,-0.04670738808142788,-2.615613732559962,-16685,5.0,1.0037466687568581,1.0000000000000009,-2.834378920953576,"-2.57,-2.25,-2.83,-2.81","0.365,0.371,0.360,0.361",0,10,-3.391691394658754
BOTH,23,57,34,23,0.40350877192982454,6379,0.35522809217745727,-0.04828067975236727,-2.751998745884935,-17555,5.0,1.0037466687568581,1.0000000000000009,-3.153701380175659,"-2.74,-2.42,-3.15,-2.70","0.355,0.361,0.348,0.356",0,10,-3.548961424332344
BOTH,23,58,35,23,0.39655172413793105,6379,0.35005486753409626,-0.04649685660383479,-2.696817683022417,-17203,5.0,1.0037466687568581,1.0000000000000009,-2.9510664993726476,"-2.60,-2.49,-2.95,-2.75","0.352,0.354,0.346,0.349",0,10,-3.5519287833827895
BOTH,23,59,36,23,0.3898305084745763,6379,0.34754663740398184,-0.04228387107059445,-2.494748393165073,-15914,5.0,1.0037466687568581,1.0000000000000009,-2.7904642409033875,"-2.40,-2.21,-2.79,-2.58","0.349,0.352,0.343,0.346",0,10,-3.391691394658754
BOTH,23,60,37,23,0.38333333333333336,6379,0.3403354757799028,-0.04299785755343055,-2.5798714532058318,-16457,5.0,1.0037466687568581,1.0000000000000009,-2.9372647427854455,"-2.42,-2.24,-2.94,-2.72","0.343,0.346,0.334,0.338",0,10,-3.6686930091185412
BOTH,23,61,38,23,0.3770491803278688,6379,0.3370434237341276,-0.040005756593741226,-2.440351152218216,-15567,5.0,1.0037466687568581,1.0000000000000009,-2.8707653701380176,"-2.42,-1.93,-2.87,-2.54","0.337,0.345,0.330,0.335",0,10,-3.6246200607902734
BOTH,23,62,39,23,0.3709677419354839,6379,0.33139990594137014,-0.03956783599411373,-2.4532058316350525,-15649,5.0,1.0037466687568581,1.0000000000000009,-2.890840652446675,"-2.51,-1.85,-2.89,-2.55","0.330,0.341,0.324,0.330",0,10,-3.5896656534954405
BOTH,23,63,40,23,0.36507936507936506,6379,0.327167267596802,-0.03791209748256308,-2.3884621414014737,-15236,5.0,1.0037466687568581,1.0000000000000009,-2.9222082810539525,"-2.42,-1.71,-2.92,-2.50","0.327,0.338,0.319,0.325",0,10,-3.851063829787234
BOTH,23,64,41,23,0.359375,6379,0.3229346292522339,-0.036440370747766127,-2.3321837278570308,-14877,5.0,1.0037466687568581,1.0000000000000009,-2.8845671267252198,"-2.38,-1.77,-2.88,-2.30","0.322,0.332,0.314,0.324",0,10,-3.6443768996960486
BOTH,23,65,42,23,0.35384615384615387,6379,0.31682081831007997,-0.0370253355360739,-2.406646809844803,-15352,5.0,1.0037466687568581,1.0000000000000009,-2.9372647427854455,"-2.54,-1.89,-2.94,-2.26","0.315,0.325,0.309,0.319",0,10,-3.5395136778115504
BOTH,23,66,43,23,0.3484848484848485,6379,0.31274494434864397,-0.03573990413620454,-2.3588336729894968,-15047,5.0,1.0037466687568581,1.0000000000000009,-3.042659974905897,"-2.39,-1.86,-3.04,-2.14","0.312,0.320,0.302,0.316",0,10,-3.641337386018237
BOTH,23,67,44,23,0.34328358208955223,6379,0.3116475936667189,-0.03163598842283333,-2.1196112243298324,-13521,5.0,1.0037466687568581,1.0000000000000009,-2.782308657465496,"-2.16,-1.62,-2.78,-1.91","0.311,0.319,0.302,0.315",0,10,-3.4498480243161094
BOTH,23,68,45,23,0.3382352941176471,6379,0.3081987772378116,-0.030036516879835495,-2.0424831478288135,-13029,5.0,1.0037466687568581,1.0000000000000009,-2.6511919698870767,"-2.15,-1.51,-2.65,-1.85","0.307,0.316,0.299,0.311",0,10,-3.1580547112462005
BOTH,23,69,46,23,0.3333333333333333,6379,0.3030255525944505,-0.030307780738882795,-2.0912368709829128,-13340,5.0,1.0037466687568581,1.0000000000000009,-2.6549560853199496,"-2.15,-1.63,-2.65,-1.93","0.302,0.310,0.295,0.305",0,10,-3.0737327188940093
BOTH,23,70,47,23,0.32857142857142857,6379,0.2997335005486753,-0.028837928022753256,-2.018654961592726,-12877,5.0,1.0037466687568581,1.0000000000000009,-2.6675031367628605,"-2.11,-1.45,-2.67,-1.85","0.298,0.308,0.290,0.302",0,10,-3.0
BOTH,24,30,6,24,0.8,6542,0.6666157138489759,-0.13338428615102416,-4.001528584530725,-26178,5.0,1.0077804952613878,1.0000000000000009,-4.36697247706422,"-4.10,-3.85,-4.37,-3.68","0.663,0.672,0.654,0.677",0,10,-4.940665701881332
BOTH,24,31,7,24,0.7741935483870968,6542,0.6514827269948028,-0.12271082139229395,-3.804035463161113,-24886,5.0,1.0077804952613878,1.0000000000000009,-4.091743119266055,"-3.90,-3.75,-4.09,-3.48","0.649,0.653,0.642,0.662",0,10,-4.57452966714906
BOTH,24,32,8,24,0.75,6542,0.6215224701926017,-0.12847752980739835,-4.111280953836747,-26896,5.0,1.0077804952613878,1.0000000000000009,-4.251987767584098,"-4.19,-4.08,-4.25,-3.93","0.619,0.623,0.617,0.627",0,10,-4.772334293948127
BOTH,24,33,9,24,0.7272727272727273,6542,0.6045551819015591,-0.12271754537116819,-4.049678997248548,-26493,5.0,1.0077804952613878,1.0000000000000009,-4.179816513761468,"-4.11,-4.08,-4.18,-3.83","0.603,0.604,0.601,0.611",0,10,-4.6469740634005765
BOTH,24,34,10,24,0.7058823529411765,6542,0.5970651177010089,-0.10881723524016762,-3.6997859981656984,-24204,5.0,1.0077804952613878,1.0000000000000009,-3.891131498470948,"-3.72,-3.72,-3.89,-3.47","0.597,0.596,0.591,0.604",0,10,-4.219971056439942
BOTH,24,35,11,24,0.6857142857142857,6542,0.5778049526138795,-0.10790933310040618,-3.776826658514216,-24708,5.0,1.0077804952613878,1.0000000000000009,-3.932762836185819,"-3.93,-3.86,-3.86,-3.46","0.573,0.576,0.576,0.587",0,10,-4.280979827089337
BOTH,24,36,12,24,0.6666666666666666,6542,0.5652705594619383,-0.10139610720472836,-3.650259859370223,-23880,5.0,1.0077804952613878,1.0000000000000009,-3.8655256723716382,"-3.87,-3.63,-3.77,-3.34","0.559,0.566,0.562,0.574",0,10,-4.236311239193084
BOTH,24,37,13,24,0.6486486486486487,6542,0.552430449403852,-0.09621819924479669,-3.5600733720574746,-23290,5.0,1.0077804952613878,1.0000000000000009,-3.871638141809291,"-3.87,-3.47,-3.66,-3.24","0.544,0.555,0.550,0.561",0,10,-4.273775216138328
BOTH,24,38,14,24,0.631578947368421,6542,0.5397431977988383,-0.09183574956958274,-3.4897584836441453,-22830,5.0,1.0077804952613878,1.0000000000000009,-3.7224938875305624,"-3.72,-3.41,-3.55,-3.28","0.534,0.542,0.538,0.545",0,10,-4.069164265129683
BOTH,24,39,15,24,0.6153846153846154,6542,0.5244573524915928,-0.09092726289302266,-3.5461632528278813,-23199,5.0,1.0077804952613878,1.0000000000000009,-3.665647921760391,"-3.67,-3.49,-3.61,-3.43","0.521,0.526,0.523,0.528",0,10,-4.106628242074928
BOTH,24,40,16,24,0.6,6542,0.5136044023234485,-0.08639559767655147,-3.4558239070620607,-22608,5.0,1.0077804952613878,1.0000000000000009,-3.6452599388379205,"-3.54,-3.47,-3.65,-3.17","0.512,0.513,0.509,0.521",0,10,-3.93993993993994
BOTH,24,41,17,24,0.5853658536585366,6542,0.5003057169061449,-0.08506013675239166,-3.4874656068480587,-22815,5.0,1.0077804952613878,1.0000000000000009,-3.6629969418960244,"-3.55,-3.54,-3.66,-3.20","0.499,0.499,0.496,0.507",0,10,-4.115615615615615
BOTH,24,42,18,24,0.5714285714285714,6542,0.48929990828492814,-0.08212866314364325,-3.4494038520330172,-22566,5.0,1.0077804952613878,1.0000000000000009,-3.6550458715596332,"-3.51,-3.37,-3.66,-3.26","0.488,0.491,0.484,0.494",0,10,-3.9421128798842258
BOTH,24,43,19,24,0.5581395348837209,6542,0.47982268419443597,-0.07831685068928496,-3.367624579639254,-22031,5.0,1.0077804952613878,1.0000000000000009,-3.538837920489297,"-3.39,-3.43,-3.54,-3.10","0.479,0.478,0.476,0.486",0,10,-3.962373371924747
BOTH,24,44,20,24,0.5454545454545454,6542,0.46468969734026294,-0.08076484811428247,-3.5536533170284317,-23248,5.0,1.0077804952613878,1.0000000000000009,-3.7212713936430317,"-3.72,-3.55,-3.63,-3.32","0.461,0.465,0.463,0.470",0,10,-4.492917847025495
BOTH,24,45,21,24,0.5333333333333333,6542,0.4570467746866402,-0.07628655864669315,-3.432895139101192,-22458,5.0,1.0077804952613878,1.0000000000000009,-3.562958435207824,"-3.56,-3.47,-3.52,-3.18","0.454,0.456,0.455,0.463",0,10,-4.368271954674221
BOTH,24,46,22,24,0.5217391304347826,6542,0.45414246407826353,-0.06759666635651906,-3.109446652399878,-20342,5.0,1.0077804952613878,1.0000000000000009,-3.2212713936430317,"-3.22,-3.18,-3.21,-2.83","0.452,0.453,0.452,0.460",0,10,-3.997167138810198
BOTH,24,47,23,24,0.5106382978723404,6542,0.4463466829715683,-0.06429161490077206,-3.0217059003362885,-19768,5.0,1.0077804952613878,1.0000000000000009,-3.159021406727829,"-3.06,-3.10,-3.16,-2.77","0.446,0.445,0.443,0.452",0,10,-3.73082489146165
BOTH,24,48,24,24,0.5,6542,0.4373280342402935,-0.06267196575970652,-3.0082543564659128,-19680,5.0,1.0077804952613878,1.0000000000000009,-3.1559633027522938,"-3.02,-3.01,-3.16,-2.85","0.437,0.437,0.434,0.441",0,10,-3.7163531114327064
BOTH,24,49,25,24,0.4897959183673469,6542,0.4295322531335983,-0.06026366523374865,-2.952919596453684,-19318,5.0,1.0077804952613878,1.0000000000000009,-3.201223241590214,"-2.88,-2.78,-3.20,-2.94","0.431,0.433,0.424,0.430",0,10,-3.9319826338639654
BOTH,24,50,26,24,0.48,6542,0.42173647202690306,-0.05826352797309692,-2.9131763986548456,-19058,5.0,1.0077804952613878,1.0000000000000009,-3.143730886850153,"-2.79,-2.72,-3.14,-3.00","0.424,0.426,0.417,0.420",0,10,-3.8118668596237337
BOTH,24,51,27,24,0.47058823529411764,6542,0.4162335677162947,-0.054354667577822924,-2.7720880464689697,-18135,5.0,1.0077804952613878,1.0000000000000009,-2.9761467889908255,"-2.65,-2.57,-2.98,-2.90","0.419,0.420,0.412,0.414",0,10,-3.777134587554269
BOTH,24,52,28,24,0.46153846153846156,6542,0.4081320697034546,-0.05340639183500695,-2.777132375420361,-18168,5.0,1.0077804952613878,1.0000000000000009,-2.9773700305810396,"-2.64,-2.66,-2.98,-2.83","0.411,0.410,0.404,0.407",0,10,-3.6816208393632417
BOTH,24,53,29,24,0.4528301886792453,6542,0.4000305716906145,-0.05279961698863078,-2.798379700397432,-18307,5.0,1.0077804952613878,1.0000000000000009,-2.994495412844037,"-2.68,-2.77,-2.99,-2.75","0.402,0.401,0.396,0.401",0,10,-3.444283646888567
BOTH,24,54,30,24,0.4444444444444444,6542,0.3937633751146438,-0.0506810693298006,-2.7367777438092324,-17904,5.0,1.0077804952613878,1.0000000000000009,-2.928440366972477,"-2.68,-2.47,-2.93,-2.88","0.395,0.399,0.390,0.391",0,10,-3.369030390738061
BOTH,24,55,31,24,0.43636363636363634,6542,0.3867318862733109,-0.049631750090325444,-2.7297462549678997,-17858,5.0,1.0077804952613878,1.0000000000000009,-3.0091743119266057,"-2.69,-2.30,-3.01,-2.92","0.388,0.394,0.382,0.383",0,10,-3.323922734026746
BOTH,24,56,32,24,0.42857142857142855,6542,0.37954753897890553,-0.04902388959252302,-2.7453378171812903,-17960,5.0,1.0077804952613878,1.0000000000000009,-3.004281345565749,"-2.64,-2.35,-3.00,-2.98","0.381,0.387,0.375,0.375",0,10,-3.466666666666667
BOTH,24,57,33,24,0.42105263157894735,6542,0.3702231733414858,-0.050829458237461544,-2.8972791195353103,-18954,5.0,1.0077804952613878,1.0000000000000009,-3.361467889908257,"-2.85,-2.49,-3.36,-2.89","0.371,0.377,0.362,0.370",0,10,-3.6782608695652175
BOTH,24,58,34,24,0.41379310344827586,6542,0.36456741057780495,-0.049225692870470905,-2.855090186487313,-18678,5.0,1.0077804952613878,1.0000000000000009,-3.1767584097859327,"-2.73,-2.57,-3.18,-2.94","0.367,0.369,0.359,0.363",0,10,-3.6579710144927535
BOTH,24,59,35,24,0.4067796610169492,6542,0.3619688168755732,-0.04481084414137598,-2.64383980434118,-17296,5.0,1.0077804952613878,1.0000000000000009,-2.998165137614679,"-2.51,-2.31,-3.00,-2.76","0.364,0.368,0.356,0.360",0,10,-3.4782608695652173
BOTH,24,60,36,24,0.4,6542,0.35447875267502293,-0.04552124732497709,-2.7312748394986244,-17868,5.0,1.0077804952613878,1.0000000000000009,-3.1192660550458715,"-2.62,-2.31,-3.12,-2.88","0.356,0.361,0.348,0.352",0,10,-3.762258543833581
BOTH,24,61,37,24,0.39344262295081966,6542,0.35035157444206666,-0.043091048508753005,-2.6285539590339346,-17196,5.0,1.0077804952613878,1.0000000000000009,-3.069724770642202,"-2.67,-2.06,-3.07,-2.71","0.350,0.360,0.343,0.349",0,10,-3.787518573551263
BOTH,24,62,38,24,0.3870967741935484,6542,0.3446958116783858,-0.042400962515162566,-2.6288596759400793,-17198,5.0,1.0077804952613878,1.0000000000000009,-3.1058103975535167,"-2.74,-1.97,-3.11,-2.70","0.343,0.355,0.337,0.344",0,10,-3.7325408618127787
BOTH,24,63,39,24,0.38095238095238093,6542,0.3404157749923571,-0.04053660596002384,-2.5538061754815042,-16707,5.0,1.0077804952613878,1.0000000000000009,-3.1155963302752294,"-2.67,-1.81,-3.12,-2.63","0.339,0.352,0.331,0.339",0,10,-3.9673105497771175
BOTH,24,64,40,24,0.375,6542,0.3362885967594008,-0.038711403240599185,-2.477529807398349,-16208,5.0,1.0077804952613878,1.0000000000000009,-3.058103975535168,"-2.60,-1.84,-3.06,-2.41","0.334,0.346,0.327,0.337",0,10,-3.7444279346210996
BOTH,24,65,41,24,0.36923076923076925,6542,0.33017425863650257,-0.03905651059426668,-2.5386731886273313,-16608,5.0,1.0077804952613878,1.0000000000000009,-3.08868501529052,"-2.78,-1.94,-3.09,-2.35","0.326,0.339,0.322,0.333",0,10,-3.6210995542347697
BOTH,24,66,42,24,0.36363636363636365,6542,0.3260470804035463,-0.03758928323281735,-2.480892693365943,-16230,5.0,1.0077804952613878,1.0000000000000009,-3.1706422018348626,"-2.62,-1.92,-3.17,-2.22","0.324,0.335,0.316,0.330",0,10,-3.699851411589896
BOTH,24,67,43,24,0.3582089552238806,6542,0.3249770712320391,-0.03323188399184146,-2.226536227453378,-14566,5.0,1.0077804952613878,1.0000000000000009,-2.8960244648318043,"-2.38,-1.67,-2.90,-1.97","0.323,0.333,0.315,0.329",0,10,-3.4918276374442794
BOTH,24,68,44,24,0.35294117647058826,6542,0.32161418526444513,-0.03132699120614313,-2.1302354020177314,-13936,5.0,1.0077804952613878,1.0000000000000009,-2.747400611620795,"-2.34,-1.54,-2.75,-1.89","0.318,0.330,0.313,0.325",0,10,-3.1857355126300146
BOTH,24,69,45,24,0.34782608695652173,6542,0.3165698563130541,-0.03125623064346761,-2.156679914399266,-14109,5.0,1.0077804952613878,1.0000000000000009,-2.7302752293577983,"-2.32,-1.63,-2.73,-1.94","0.314,0.324,0.308,0.320",0,10,-3.3828828828828827
BOTH,24,70,46,24,0.34285714285714286,6542,0.3132069703454601,-0.029650172511682782,-2.0755120758177927,-13578,5.0,1.0077804952613878,1.0000000000000009,-2.7217125382262997,"-2.26,-1.48,-2.72,-1.84","0.311,0.322,0.304,0.317",0,10,-3.084084084084084
BOTH,25,30,5,25,0.8333333333333334,6698,0.6915497163332338,-0.14178361700009956,-4.253508510002986,-28490,5.0,1.010734547626157,1.0000000000000009,-4.49820788530466,"-4.30,-4.30,-4.50,-3.92","0.690,0.690,0.683,0.703",0,10,-5.14265335235378
BOTH,25,31,6,25,0.8064516129032258,6698,0.6763212899372947,-0.13013032296593108,-4.034040011943864,-27020,5.0,1.010734547626157,1.0000000000000009,-4.203703703703703,"-4.07,-4.20,-4.19,-3.68","0.675,0.671,0.671,0.688",0,10,-4.868343195266272
BOTH,25,32,7,25,0.78125,6698,0.6463123320394147,-0.13493766796058526,-4.318005374738728,-28922,5.0,1.010734547626157,1.0000000000000009,-4.54599761051374,"-4.29,-4.55,-4.32,-4.12","0.647,0.639,0.646,0.653",0,10,-5.118343195266272
BOTH,25,33,8,25,0.7575757575757576,6698,0.6294416243654822,-0.12813413321027534,-4.228426395939087,-28322,5.0,1.010734547626157,1.0000000000000009,-4.557347670250896,"-4.16,-4.56,-4.20,-4.00","0.632,0.619,0.630,0.636",0,10,-4.936390532544379
BOTH,25,34,9,25,0.7352941176470589,6698,0.6213795162735145,-0.11391460137354437,-3.8730964467005076,-25942,5.0,1.010734547626157,1.0000000000000009,-4.201911589008363,"-3.75,-4.20,-3.94,-3.61","0.625,0.612,0.619,0.629",0,10,-4.680473372781065
BOTH,25,35,10,25,0.7142857142857143,6698,0.6019707375335921,-0.11231497675212221,-3.931024186324276,-26330,5.0,1.010734547626157,1.0000000000000009,-4.2592592592592595,"-4.00,-4.26,-3.84,-3.62","0.600,0.593,0.605,0.611",0,10,-4.652366863905326
BOTH,25,36,11,25,0.6944444444444444,6698,0.5886831890116453,-0.10576125543279913,-3.8074051955807704,-25502,5.0,1.010734547626157,1.0000000000000009,-4.010752688172043,"-3.94,-4.01,-3.80,-3.49","0.585,0.583,0.589,0.598",0,10,-4.303851640513552
BOTH,25,37,12,25,0.6756756756756757,6698,0.5750970438936996,-0.10057863178197601,-3.7214093759331144,-24926,5.0,1.010734547626157,1.0000000000000009,-3.9265671641791045,"-3.93,-3.85,-3.72,-3.40","0.570,0.572,0.575,0.584",0,10,-4.271708683473389
BOTH,25,38,13,25,0.6578947368421053,6698,0.561510898775754,-0.09638383806635131,-3.6625858465213494,-24532,5.0,1.010734547626157,1.0000000000000009,-3.8207885304659497,"-3.77,-3.82,-3.62,-3.45","0.559,0.557,0.563,0.567",0,10,-4.088757396449704
BOTH,25,39,14,25,0.6410256410256411,6698,0.5447894893998209,-0.09623615162582022,-3.753209913406987,-25139,5.0,1.010734547626157,1.0000000000000009,-3.939068100358423,"-3.79,-3.94,-3.73,-3.56","0.544,0.540,0.545,0.550",0,10,-4.288461538461538
BOTH,25,40,15,25,0.625,6698,0.5331442221558674,-0.09185577784413257,-3.674231113765303,-24610,5.0,1.010734547626157,1.0000000000000009,-3.924731182795699,"-3.72,-3.92,-3.76,-3.29","0.532,0.527,0.531,0.543",0,10,-4.408284023668639
BOTH,25,41,16,25,0.6097560975609756,6698,0.5197073753359212,-0.09004872222505445,-3.691997611227232,-24729,5.0,1.010734547626157,1.0000000000000009,-4.010155316606929,"-3.68,-4.01,-3.77,-3.31","0.520,0.512,0.518,0.529",0,10,-4.560650887573964
BOTH,25,42,17,25,0.5952380952380952,6698,0.5086593012839654,-0.08657879395412982,-3.6363093460734546,-24356,5.0,1.010734547626157,1.0000000000000009,-3.824372759856631,"-3.64,-3.82,-3.70,-3.39","0.509,0.504,0.507,0.515",0,10,-4.310650887573964
BOTH,25,43,18,25,0.5813953488372093,6698,0.49820842042400715,-0.08318692841320219,-3.5770379217676918,-23959,5.0,1.010734547626157,1.0000000000000009,-3.8853046594982077,"-3.51,-3.89,-3.63,-3.28","0.500,0.491,0.497,0.505",0,10,-4.328102710413694
BOTH,25,44,19,25,0.5681818181818182,6698,0.48297999402806807,-0.08520182415375016,-3.7488802627650046,-25110,5.0,1.010734547626157,1.0000000000000009,-3.998805256869773,"-3.85,-4.00,-3.66,-3.49","0.481,0.477,0.485,0.489",0,10,-4.65
BOTH,25,45,20,25,0.5555555555555556,6698,0.47446999104210213,-0.08108556451345345,-3.6488504031054045,-24440,5.0,1.010734547626157,1.0000000000000009,-3.978494623655914,"-3.67,-3.98,-3.60,-3.35","0.474,0.467,0.476,0.481",0,10,-4.563609467455621
BOTH,25,46,21,25,0.5434782608695652,6698,0.47148402508211407,-0.07199423578745112,-3.311734846222753,-22182,5.0,1.010734547626157,1.0000000000000009,-3.6762246117084825,"-3.33,-3.68,-3.26,-2.97","0.471,0.464,0.473,0.479",0,10,-4.177514792899408
BOTH,25,47,22,25,0.5319148936170213,6698,0.46297402209614813,-0.06894087152087314,-3.240220961481039,-21703,5.0,1.010734547626157,1.0000000000000009,-3.633811230585424,"-3.17,-3.63,-3.18,-2.97","0.464,0.455,0.464,0.469",0,10,-4.148359486447932
BOTH,25,48,23,25,0.5208333333333334,6698,0.45371752762018513,-0.06711580571314824,-3.221558674231114,-21578,5.0,1.010734547626157,1.0000000000000009,-3.5519713261648747,"-3.13,-3.55,-3.18,-3.02","0.456,0.447,0.455,0.458",0,10,-4.184022824536377
BOTH,25,49,24,25,0.5102040816326531,6698,0.445506121230218,-0.06469796040243508,-3.170200059719319,-21234,5.0,1.010734547626157,1.0000000000000009,-3.36857825567503,"-3.00,-3.37,-3.19,-3.12","0.449,0.441,0.445,0.447",0,10,-4.449358059914408
BOTH,25,50,25,25,0.5,6698,0.4374440131382502,-0.06255598686174979,-3.1277993430874886,-20950,5.0,1.010734547626157,1.0000000000000009,-3.2556750298685784,"-2.91,-3.26,-3.14,-3.21","0.442,0.435,0.437,0.436",0,10,-4.315263908701854
BOTH,25,51,26,25,0.49019607843137253,6698,0.4311734846222753,-0.059022593809097246,-3.010152284263959,-20162,5.0,1.010734547626157,1.0000000000000009,-3.138507462686567,"-2.77,-3.09,-3.03,-3.14","0.436,0.430,0.431,0.429",0,10,-4.265335235378031
BOTH,25,52,27,25,0.4807692307692308,6698,0.42281277993430877,-0.05795645083492201,-3.013735443415945,-20186,5.0,1.010734547626157,1.0000000000000009,-3.193548387096774,"-2.77,-3.19,-3.04,-3.05","0.427,0.419,0.422,0.422",0,10,-4.1554921540656204
BOTH,25,53,28,25,0.4716981132075472,6698,0.414750671842341,-0.056947441365206186,-3.0182143923559273,-20216,5.0,1.010734547626157,1.0000000000000009,-3.280764635603345,"-2.79,-3.28,-3.06,-2.95","0.419,0.410,0.414,0.416",0,10,-3.9814550641940087
BOTH,25,54,29,25,0.46296296296296297,6698,0.4081815467303673,-0.05478141623259569,-2.9581964765601674,-19814,5.0,1.010734547626157,1.0000000000000009,-3.0776119402985076,"-2.82,-2.97,-2.97,-3.08","0.411,0.408,0.408,0.406",0,10,-3.8930099857346647
BOTH,25,55,30,25,0.45454545454545453,6698,0.4005673335323977,-0.05397812101305682,-2.968796655718125,-19885,5.0,1.010734547626157,1.0000000000000009,-3.1313432835820896,"-2.90,-2.82,-3.02,-3.13","0.402,0.403,0.400,0.398",0,10,-3.659058487874465
BOTH,25,56,31,25,0.44642857142857145,6698,0.3935503135264258,-0.052878257902145676,-2.961182442520155,-19834,5.0,1.010734547626157,1.0000000000000009,-3.1349253731343283,"-2.83,-2.89,-2.99,-3.13","0.396,0.395,0.393,0.390",0,10,-3.6930693069306932
BOTH,25,57,32,25,0.43859649122807015,6698,0.383995222454464,-0.05460126877360616,-3.112272320095551,-20846,5.0,1.010734547626157,1.0000000000000009,-3.3440860215053765,"-3.05,-3.04,-3.34,-3.02","0.385,0.385,0.380,0.386",0,10,-3.876944837340877
BOTH,25,58,33,25,0.43103448275862066,6698,0.37817258883248733,-0.05286189392613333,-3.065989847715736,-20536,5.0,1.010734547626157,1.0000000000000009,-3.137395459976105,"-2.91,-3.14,-3.14,-3.08","0.381,0.377,0.377,0.378",0,10,-3.8345120226308347
BOTH,25,59,34,25,0.423728813559322,6698,0.37533592117049863,-0.04839289238882338,-2.8551806509405795,-19124,5.0,1.010734547626157,1.0000000000000009,-2.936678614097969,"-2.67,-2.90,-2.94,-2.91","0.379,0.375,0.374,0.374",0,10,-3.71994342291372
BOTH,25,60,35,25,0.4166666666666667,6698,0.3677217079725291,-0.048944958694137564,-2.936697521648253,-19670,5.0,1.010734547626157,1.0000000000000009,-3.0417910447761196,"-2.79,-2.89,-3.03,-3.04","0.370,0.369,0.366,0.366",0,10,-3.6987270155586986
BOTH,25,61,36,25,0.4098360655737705,6698,0.36354135562854584,-0.046294709945224666,-2.823977306658704,-18915,5.0,1.010734547626157,1.0000000000000009,-2.990442054958184,"-2.82,-2.63,-2.99,-2.86","0.364,0.367,0.361,0.363",0,10,-3.6888260254596887
BOTH,25,62,37,25,0.4032258064516129,6698,0.3580173186025679,-0.045208487849044965,-2.8029262466407885,-18774,5.0,1.010734547626157,1.0000000000000009,-3.0,"-2.87,-2.52,-3.00,-2.83","0.357,0.363,0.355,0.358",0,10,-3.6025459688826027
BOTH,25,63,38,25,0.3968253968253968,6698,0.35368766796058526,-0.04313772886481154,-2.717676918483129,-18203,5.0,1.010734547626157,1.0000000000000009,-2.9838709677419355,"-2.81,-2.34,-2.98,-2.73","0.352,0.360,0.349,0.353",0,10,-3.613861386138614
BOTH,25,64,39,25,0.390625,6698,0.34905942072260376,-0.041565579277396236,-2.660197073753359,-17818,5.0,1.010734547626157,1.0000000000000009,-2.978494623655914,"-2.72,-2.41,-2.98,-2.53","0.348,0.353,0.344,0.351",0,10,-3.311111111111111
BOTH,25,65,40,25,0.38461538461538464,6698,0.34278889220662884,-0.0418264924087558,-2.7187220065691253,-18210,5.0,1.010734547626157,1.0000000000000009,-2.9838709677419355,"-2.92,-2.48,-2.98,-2.49","0.340,0.346,0.339,0.346",0,10,-3.4878744650499285
BOTH,25,66,41,25,0.3787878787878788,6698,0.3384592415646462,-0.0403286372232326,-2.6616900567333532,-17828,5.0,1.010734547626157,1.0000000000000009,-3.078853046594982,"-2.74,-2.49,-3.08,-2.34","0.337,0.341,0.332,0.343",0,10,-3.7218259629101285
BOTH,25,67,42,25,0.373134328358209,6698,0.33711555688265155,-0.03601877147555743,-2.413257688862347,-16164,5.0,1.010734547626157,1.0000000000000009,-2.7867383512544803,"-2.52,-2.27,-2.79,-2.08","0.336,0.339,0.332,0.342",0,10,-3.399429386590585
BOTH,25,68,43,25,0.36764705882352944,6698,0.3333830994326665,-0.034263959390862964,-2.3299492385786804,-15606,5.0,1.010734547626157,1.0000000000000009,-2.6583034647550776,"-2.51,-2.13,-2.66,-2.02","0.331,0.336,0.329,0.338",0,10,-3.473372781065089
BOTH,25,69,44,25,0.36231884057971014,6698,0.328008360704688,-0.03431047987502217,-2.3674231113765303,-15857,5.0,1.010734547626157,1.0000000000000009,-2.7007168458781363,"-2.51,-2.21,-2.70,-2.05","0.326,0.330,0.323,0.333",0,10,-3.973372781065089
BOTH,25,70,45,25,0.35714285714285715,6698,0.3239773066587041,-0.03316555048415304,-2.3215885338907136,-15550,5.0,1.010734547626157,1.0000000000000009,-2.7538829151732376,"-2.43,-2.13,-2.75,-1.97","0.322,0.327,0.318,0.329",0,10,-3.668639053254438
BOTH,26,30,4,26,0.8666666666666667,6977,0.7311165257273899,-0.13555014093927675,-4.0665042281783,-28372,4.0,1.0170703740862832,1.0000000000000009,-4.463302752293578,"-4.05,-4.00,-4.46,-3.76","0.732,0.733,0.718,0.741",0,10,-5.037138927097661
BOTH,26,31,5,26,0.8387096774193549,6977,0.7160670775404901,-0.12264259987886472,-3.801920596244804,-26526,4.0,1.0170703740862832,1.0000000000000009,-4.136467889908257,"-3.85,-3.78,-4.14,-3.44","0.715,0.717,0.705,0.728",0,10,-4.636863823933975
BOTH,26,32,6,26,0.8125,6977,0.686398165400602,-0.12610183459939805,-4.035258707180737,-28154,4.0,1.0170703740862832,1.0000000000000009,-4.238532110091743,"-4.01,-4.07,-4.24,-3.82","0.687,0.685,0.680,0.693",0,10,-4.726760563380282
BOTH,26,33,7,26,0.7878787878787878,6977,0.669198796044145,-0.11867999183464284,-3.9164397305432135,-27325,4.0,1.0170703740862832,1.0000000000000009,-4.126146788990826,"-3.86,-4.05,-4.13,-3.63","0.671,0.665,0.663,0.678",0,10,-4.574965612104539
BOTH,26,34,8,26,0.7647058823529411,6977,0.6611724236777985,-0.10353345867514263,-3.5201375949548517,-24560,4.0,1.0170703740862832,1.0000000000000009,-3.8142201834862384,"-3.46,-3.60,-3.81,-3.21","0.663,0.659,0.653,0.670",0,10,-4.346629986244841
BOTH,26,35,9,26,0.7428571428571429,6977,0.641393148917873,-0.10146399393926986,-3.5512397878744446,-24777,4.0,1.0170703740862832,1.0000000000000009,-3.68348623853211,"-3.66,-3.66,-3.68,-3.20","0.638,0.638,0.638,0.651",0,10,-4.211267605633803
BOTH,26,36,10,26,0.7222222222222222,6977,0.627776981510678,-0.09444524071154425,-3.400028665615594,-23722,4.0,1.0170703740862832,1.0000000000000009,-3.623853211009174,"-3.53,-3.40,-3.62,-3.05","0.624,0.628,0.622,0.638",0,10,-4.162310866574965
BOTH,26,37,11,26,0.7027027027027027,6977,0.6140174860255124,-0.08868521667719031,-3.281353017056041,-22894,4.0,1.0170703740862832,1.0000000000000009,-3.532683486238532,"-3.46,-3.19,-3.53,-2.94","0.609,0.616,0.607,0.623",0,10,-3.9628610729023386
BOTH,26,38,12,26,0.6842105263157895,6977,0.6002579905403469,-0.0839525357754426,-3.1901963594668197,-22258,4.0,1.0170703740862832,1.0000000000000009,-3.448394495412844,"-3.29,-3.10,-3.45,-2.93","0.598,0.603,0.593,0.607",0,10,-3.889958734525447
BOTH,26,39,13,26,0.6666666666666666,6977,0.5826286369499785,-0.08403802971668817,-3.2774831589508384,-22867,4.0,1.0170703740862832,1.0000000000000009,-3.57052752293578,"-3.25,-3.17,-3.57,-3.12","0.583,0.585,0.575,0.587",0,10,-4.0055020632737275
BOTH,26,40,14,26,0.65,6977,0.5701590941665472,-0.07984090583345282,-3.1936362333381108,-22282,4.0,1.0170703740862832,1.0000000000000009,-3.5458715596330275,"-3.19,-3.16,-3.55,-2.88","0.570,0.571,0.561,0.578",0,10,-3.915492957746479
BOTH,26,41,15,26,0.6341463414634146,6977,0.5565429267593521,-0.07760341470406251,-3.1817400028665617,-22199,4.0,1.0170703740862832,1.0000000000000009,-3.5252293577981653,"-3.12,-3.27,-3.53,-2.82","0.558,0.554,0.548,0.565",0,10,-4.171830985915493
BOTH,26,42,16,26,0.6190476190476191,6977,0.5443600401318618,-0.07468757891575728,-3.136878314461803,-21886,4.0,1.0170703740862832,1.0000000000000009,-3.4346330275229358,"-3.11,-3.07,-3.43,-2.93","0.545,0.546,0.537,0.549",0,10,-3.931224209078404
BOTH,26,43,17,26,0.6046511627906976,6977,0.5336104342840763,-0.07104072850662135,-3.0547513257847214,-21313,4.0,1.0170703740862832,1.0000000000000009,-3.242545871559633,"-2.98,-3.14,-3.24,-2.85","0.535,0.532,0.529,0.538",0,10,-3.9972489683631363
BOTH,26,44,18,26,0.5909090909090909,6977,0.5175576895513831,-0.07335140135770779,-3.227461659739143,-22518,4.0,1.0170703740862832,1.0000000000000009,-3.306590257879656,"-3.31,-3.27,-3.27,-3.07","0.516,0.517,0.517,0.521",0,10,-3.969738651994498
BOTH,26,45,19,26,0.5777777777777777,6977,0.5076680521714204,-0.07010972560635731,-3.154937652286083,-22012,4.0,1.0170703740862832,1.0000000000000009,-3.267775229357798,"-3.20,-3.24,-3.27,-2.91","0.507,0.506,0.505,0.513",0,10,-4.0261348005502064
BOTH,26,46,20,26,0.5652173913043478,6977,0.504228178300129,-0.06098921300421878,-2.8055037981940663,-19574,4.0,1.0170703740862832,1.0000000000000009,-2.9736238532110093,"-2.83,-2.89,-2.97,-2.53","0.504,0.502,0.501,0.510",0,10,-3.7276478679504814
BOTH,26,47,21,26,0.5531914893617021,6977,0.4951985093879891,-0.057992979973713055,-2.725670058764512,-19017,4.0,1.0170703740862832,1.0000000000000009,-2.9311926605504586,"-2.68,-2.93,-2.88,-2.42","0.496,0.491,0.492,0.502",0,10,-3.7606602475928472
BOTH,26,48,22,26,0.5416666666666666,6977,0.48444890354020353,-0.057217763126463095,-2.7464526300702308,-19162,4.0,1.0170703740862832,1.0000000000000009,-2.9357798165137616,"-2.65,-2.91,-2.94,-2.50","0.487,0.481,0.481,0.490",0,10,-3.8817056396148555
BOTH,26,49,23,26,0.5306122448979592,6977,0.4754192346280636,-0.05519301026989559,-2.704457503224882,-18869,4.0,1.0170703740862832,1.0000000000000009,-2.904816513761468,"-2.50,-2.76,-2.90,-2.65","0.480,0.474,0.471,0.476",0,10,-4.162310866574965
BOTH,26,50,24,26,0.52,6977,0.46595958148201233,-0.05404041851798769,-2.7020209258993835,-18852,4.0,1.0170703740862832,1.0000000000000009,-2.863532110091743,"-2.48,-2.63,-2.86,-2.83","0.470,0.467,0.463,0.463",0,10,-4.060522696011004
BOTH,26,51,25,26,0.5098039215686274,6977,0.4593664898953705,-0.05043743167325693,-2.572309015336104,-17947,4.0,1.0170703740862832,1.0000000000000009,-2.7517201834862384,"-2.36,-2.46,-2.72,-2.75","0.464,0.462,0.456,0.456",0,10,-4.042640990371389
BOTH,26,52,26,26,0.5,6977,0.45091013329511254,-0.049089866704887464,-2.5526730686541494,-17810,4.0,1.0170703740862832,1.0000000000000009,-2.68348623853211,"-2.31,-2.59,-2.62,-2.68","0.456,0.450,0.450,0.448",0,10,-3.8982118294360384
BOTH,26,53,27,26,0.49056603773584906,6977,0.44245377669485453,-0.04811226104099453,-2.5499498351727103,-17791,4.0,1.0170703740862832,1.0000000000000009,-2.6301605504587156,"-2.37,-2.63,-2.63,-2.57","0.446,0.441,0.441,0.442",0,10,-3.691884456671252
BOTH,26,54,28,26,0.48148148148148145,6977,0.43500071664038986,-0.04648076484109159,-2.509961301418948,-17512,4.0,1.0170703740862832,1.0000000000000009,-2.7155963302752295,"-2.45,-2.34,-2.53,-2.72","0.436,0.438,0.435,0.431",0,10,-3.6423658872077027
BOTH,26,55,29,26,0.4727272727272727,6977,0.42740432850795473,-0.045322944219317984,-2.492761932062491,-17392,4.0,1.0170703740862832,1.0000000000000009,-2.7259174311926606,"-2.52,-2.16,-2.57,-2.73","0.427,0.433,0.426,0.423",0,10,-3.3796423658872077
BOTH,26,56,30,26,0.4642857142857143,6977,0.4196646122975491,-0.04462110198816521,-2.498781711337251,-17434,4.0,1.0170703740862832,1.0000000000000009,-2.7844036697247705,"-2.44,-2.21,-2.56,-2.78","0.421,0.425,0.419,0.415",0,10,-3.276478679504814
BOTH,26,57,31,26,0.45614035087719296,6977,0.40977497491758635,-0.0463653759596066,-2.642826429697578,-18439,4.0,1.0170703740862832,1.0000000000000009,-2.92545871559633,"-2.68,-2.27,-2.93,-2.70","0.409,0.416,0.405,0.409",0,10,-3.497936726272352
BOTH,26,58,32,26,0.4482758620689655,6977,0.40332521140891503,-0.044950650660050495,-2.6071377382829297,-18190,4.0,1.0170703740862832,1.0000000000000009,-2.786697247706422,"-2.57,-2.29,-2.79,-2.79","0.404,0.409,0.400,0.400",0,10,-3.527967257844475
BOTH,26,59,33,26,0.4406779661016949,6977,0.40031532177153506,-0.04036264433015985,-2.3813960154794325,-16615,4.0,1.0170703740862832,1.0000000000000009,-2.6232798165137616,"-2.30,-2.05,-2.56,-2.62","0.402,0.406,0.397,0.396",0,10,-3.4624829467939975
BOTH,26,60,34,26,0.43333333333333335,6977,0.3925756055611294,-0.04075772777220393,-2.4454636663322344,-17062,4.0,1.0170703740862832,1.0000000000000009,-2.708715596330275,"-2.41,-2.02,-2.64,-2.71","0.393,0.400,0.389,0.388",0,10,-3.407912687585266
BOTH,26,61,35,26,0.4262295081967213,6977,0.3881324351440447,-0.03809707305267657,-2.3239214562132724,-16214,4.0,1.0170703740862832,1.0000000000000009,-2.5653669724770642,"-2.47,-1.76,-2.57,-2.50","0.386,0.397,0.384,0.385",0,10,-3.364256480218281
BOTH,26,62,36,26,0.41935483870967744,6977,0.3821126558692848,-0.03724218284039266,-2.3090153361043426,-16110,4.0,1.0170703740862832,1.0000000000000009,-2.572247706422018,"-2.51,-1.68,-2.57,-2.47","0.379,0.392,0.378,0.380",0,10,-3.246930422919509
BOTH,26,63,37,26,0.4126984126984127,6977,0.3769528450623477,-0.03574556763606496,-2.251970761072094,-15712,4.0,1.0170703740862832,1.0000000000000009,-2.5194954128440368,"-2.46,-1.65,-2.52,-2.38","0.374,0.386,0.373,0.375",0,10,-3.30968622100955
BOTH,26,64,38,26,0.40625,6977,0.372509674645263,-0.03374032535473698,-2.1593808227031674,-15066,4.0,1.0170703740862832,1.0000000000000009,-2.5137614678899083,"-2.34,-1.63,-2.51,-2.15","0.370,0.381,0.367,0.373",0,10,-3.0233837689133427
BOTH,26,65,39,26,0.4,6977,0.36605991113659164,-0.03394008886340838,-2.206105776121542,-15392,4.0,1.0170703740862832,1.0000000000000009,-2.5329512893982806,"-2.53,-1.70,-2.52,-2.07","0.361,0.374,0.361,0.368",0,10,-3.2902338376891334
BOTH,26,66,40,26,0.3939393939393939,6977,0.3619033968754479,-0.032035997063946,-2.1143758062204387,-14752,4.0,1.0170703740862832,1.0000000000000009,-2.57454128440367,"-2.32,-1.67,-2.57,-1.89","0.359,0.369,0.355,0.365",0,10,-3.485557083906465
BOTH,26,67,41,26,0.3880597014925373,6977,0.3603267880177727,-0.027732913474764642,-1.8581052028092304,-12964,4.0,1.0170703740862832,1.0000000000000009,-2.25802752293578,"-2.16,-1.41,-2.26,-1.60","0.356,0.367,0.354,0.364",0,10,-3.144429160935351
BOTH,26,68,42,26,0.38235294117647056,6977,0.3564569299125699,-0.025896011263900676,-1.7609287659452486,-12286,4.0,1.0170703740862832,1.0000000000000009,-2.112320916905444,"-2.11,-1.28,-2.10,-1.55","0.351,0.364,0.351,0.360",0,10,-3.118046132971506
BOTH,26,69,43,26,0.37681159420289856,6977,0.3502938225598395,-0.026517771643059074,-1.8297262433710764,-12766,4.0,1.0170703740862832,1.0000000000000009,-2.195988538681948,"-2.20,-1.43,-2.14,-1.55","0.345,0.356,0.346,0.354",0,10,-3.1560379918588874
BOTH,26,70,44,26,0.37142857142857144,6977,0.34570732406478427,-0.02572124736378717,-1.8004873154650995,-12562,4.0,1.0170703740862832,1.0000000000000009,-2.278669724770642,"-2.09,-1.36,-2.28,-1.48","0.342,0.352,0.339,0.350",0,10,-3.083906464924347
BOTH,27,30,3,27,0.9,7174,0.7608028993587956,-0.13919710064120439,-4.1759130192361305,-29958,4.0,1.0194730972957902,1.0000000000000009,-4.479085331846068,"-4.21,-4.19,-4.48,-3.82","0.760,0.760,0.751,0.773",0,10,-5.2841823056300266
BOTH,27,31,4,27,0.8709677419354839,7174,0.7449121828826317,-0.12605555905285215,-3.9077223306384163,-28034,4.0,1.0194730972957902,1.0000000000000009,-4.195203569436698,"-4.00,-3.94,-4.20,-3.50","0.742,0.744,0.736,0.758",0,10,-4.934316353887399
BOTH,27,32,5,27,0.84375,7174,0.712851965430722,-0.13089803456927795,-4.1887371062168945,-30050,4.0,1.0194730972957902,1.0000000000000009,-4.351924149470162,"-4.31,-4.19,-4.35,-3.90","0.709,0.713,0.708,0.722",0,10,-4.947089947089947
BOTH,27,33,6,27,0.8181818181818182,7174,0.6947309729579035,-0.1234508452239147,-4.073877892389183,-29226,4.0,1.0194730972957902,1.0000000000000009,-4.233128834355829,"-4.17,-4.16,-4.23,-3.73","0.692,0.692,0.690,0.705",0,10,-4.882037533512064
BOTH,27,34,7,27,0.7941176470588235,7174,0.6869250069696125,-0.10719264008921103,-3.6445497630331753,-26146,4.0,1.0194730972957902,1.0000000000000009,-3.8466257668711656,"-3.73,-3.69,-3.85,-3.31","0.685,0.685,0.681,0.697",0,10,-4.53083109919571
BOTH,27,35,8,27,0.7714285714285715,7174,0.6672706997490939,-0.10415787167947754,-3.6455255087817116,-26153,4.0,1.0194730972957902,1.0000000000000009,-3.842251950947603,"-3.84,-3.77,-3.67,-3.30","0.662,0.664,0.666,0.677",0,10,-4.314814814814815
BOTH,27,36,9,27,0.75,7174,0.6524951212712573,-0.0975048787287427,-3.5101756342347366,-25182,4.0,1.0194730972957902,1.0000000000000009,-3.74247491638796,"-3.74,-3.53,-3.61,-3.16","0.646,0.652,0.650,0.662",0,10,-4.333333333333333
BOTH,27,37,10,27,0.7297297297297297,7174,0.638834680791748,-0.09089504893798173,-3.363116810705325,-24127,4.0,1.0194730972957902,1.0000000000000009,-3.612040133779264,"-3.61,-3.31,-3.54,-2.99","0.632,0.640,0.634,0.649",0,10,-4.242063492063492
BOTH,27,38,11,27,0.7105263157894737,7174,0.6244772790632841,-0.08604903672618958,-3.269863395595205,-23458,4.0,1.0194730972957902,1.0000000000000009,-3.475181260457334,"-3.40,-3.24,-3.48,-2.96","0.621,0.625,0.619,0.633",0,10,-4.029100529100529
BOTH,27,39,12,27,0.6923076923076923,7174,0.6067744633398383,-0.08553322896785398,-3.3357959297463062,-23931,4.0,1.0194730972957902,1.0000000000000009,-3.5303959843837145,"-3.33,-3.27,-3.53,-3.22","0.607,0.608,0.602,0.610",0,10,-3.9450402144772116
BOTH,27,40,13,27,0.675,7174,0.5942291608586563,-0.08077083914134375,-3.2308335656537497,-23178,4.0,1.0194730972957902,1.0000000000000009,-3.486335750139431,"-3.25,-3.24,-3.49,-2.94","0.594,0.594,0.588,0.601",0,10,-4.048275862068966
BOTH,27,41,14,27,0.6585365853658537,7174,0.5802899358795651,-0.07824664948628857,-3.208112628937831,-23015,4.0,1.0194730972957902,1.0000000000000009,-3.4701617401003904,"-3.14,-3.33,-3.47,-2.89","0.582,0.577,0.574,0.588",0,10,-4.266206896551724
BOTH,27,42,15,27,0.6428571428571429,7174,0.5671870643992194,-0.0756700784579235,-3.1781432952327853,-22800,4.0,1.0194730972957902,1.0000000000000009,-3.4116006692693808,"-3.12,-3.11,-3.41,-3.07","0.569,0.569,0.562,0.570",0,10,-4.001379310344827
BOTH,27,43,16,27,0.627906976744186,7174,0.5564538611653193,-0.0714531155788668,-3.072483969891274,-22042,4.0,1.0194730972957902,1.0000000000000009,-3.1857222532069156,"-3.06,-3.11,-3.19,-2.94","0.557,0.555,0.554,0.560",0,10,-4.001340482573727
BOTH,27,44,17,27,0.6136363636363636,7174,0.5391692221912462,-0.07446714144511746,-3.2765542235851686,-23506,4.0,1.0194730972957902,1.0000000000000009,-3.4057971014492754,"-3.41,-3.29,-3.22,-3.19","0.536,0.539,0.540,0.541",0,10,-4.059310344827586
BOTH,27,45,18,27,0.6,7174,0.5280178422079732,-0.07198215779202677,-3.239197100641204,-23238,4.0,1.0194730972957902,1.0000000000000009,-3.3831567205800335,"-3.32,-3.38,-3.26,-2.99","0.526,0.525,0.528,0.533",0,10,-4.2827586206896555
BOTH,27,46,19,27,0.5869565217391305,7174,0.5248118204627823,-0.06214470127634819,-2.8586562587120157,-20508,4.0,1.0194730972957902,1.0000000000000009,-3.0122699386503067,"-2.95,-3.01,-2.91,-2.56","0.523,0.521,0.524,0.531",0,10,-3.8413793103448275
BOTH,27,47,20,27,0.574468085106383,7174,0.5153331474770003,-0.05913493762938271,-2.779342068580987,-19939,4.0,1.0194730972957902,1.0000000000000009,-3.015058561070831,"-2.79,-3.02,-2.86,-2.45","0.515,0.510,0.514,0.522",0,10,-3.8150134048257374
BOTH,27,48,21,27,0.5625,7174,0.5037635907443546,-0.05873640925564538,-2.8193476442709784,-20226,4.0,1.0194730972957902,1.0000000000000009,-2.9598438371444504,"-2.84,-2.93,-2.96,-2.55","0.503,0.501,0.501,0.509",0,10,-3.96514745308311
BOTH,27,49,22,27,0.5510204081632653,7174,0.49428491775857264,-0.05673549040469261,-2.7800390298299416,-19944,4.0,1.0194730972957902,1.0000000000000009,-2.950920245398773,"-2.72,-2.76,-2.95,-2.69","0.496,0.495,0.491,0.496",0,10,-4.273458445040214
BOTH,27,50,23,27,0.54,7174,0.48494563702258153,-0.0550543629774185,-2.752718148870923,-19748,4.0,1.0194730972957902,1.0000000000000009,-2.878416062465142,"-2.64,-2.66,-2.88,-2.84","0.487,0.487,0.482,0.483",0,10,-4.2117962466487935
BOTH,27,51,24,27,0.5294117647058824,7174,0.4786729857819905,-0.050738778923891836,-2.5876777251184833,-18564,4.0,1.0194730972957902,1.0000000000000009,-2.722408026755853,"-2.49,-2.48,-2.65,-2.72","0.480,0.481,0.477,0.476",0,10,-4.097855227882038
BOTH,27,52,25,27,0.5192307692307693,7174,0.46961248954558127,-0.049618279685188005,-2.5801505436297743,-18510,4.0,1.0194730972957902,1.0000000000000009,-2.6231884057971016,"-2.51,-2.58,-2.61,-2.62","0.471,0.470,0.469,0.469",0,10,-3.927613941018767
BOTH,27,53,26,27,0.5094339622641509,7174,0.460551993309172,-0.04888196895497893,-2.5907443546138835,-18586,4.0,1.0194730972957902,1.0000000000000009,-2.672615727830452,"-2.54,-2.67,-2.64,-2.51","0.462,0.459,0.460,0.462",0,10,-3.6970509383378016
BOTH,27,54,27,27,0.5,7174,0.4530248118204628,-0.04697518817953722,-2.5366601616950097,-18198,4.0,1.0194730972957902,1.0000000000000009,-2.6187290969899664,"-2.59,-2.42,-2.51,-2.62","0.452,0.455,0.453,0.452",0,10,-3.6193029490616624
BOTH,27,55,28,27,0.4909090909090909,7174,0.4446612768330081,-0.046247814076082805,-2.5436297741845553,-18248,4.0,1.0194730972957902,1.0000000000000009,-2.749721293199554,"-2.66,-2.25,-2.52,-2.75","0.443,0.450,0.445,0.441",0,10,-3.501322751322751
BOTH,27,56,29,27,0.48214285714285715,7174,0.436855310844717,-0.045287546298140136,-2.5361025926958463,-18194,4.0,1.0194730972957902,1.0000000000000009,-2.7770345596432553,"-2.56,-2.30,-2.51,-2.78","0.436,0.441,0.437,0.433",0,10,-3.4444444444444446
BOTH,27,57,30,27,0.47368421052631576,7174,0.4268190688597714,-0.046865141666544374,-2.6713130749930305,-19164,4.0,1.0194730972957902,1.0000000000000009,-2.902955939765756,"-2.79,-2.33,-2.90,-2.66","0.425,0.433,0.423,0.427",0,10,-3.6193029490616624
BOTH,27,58,31,27,0.46551724137931033,7174,0.42012824086980766,-0.045389000509502675,-2.632562029551157,-18886,4.0,1.0194730972957902,1.0000000000000009,-2.7848383500557414,"-2.66,-2.38,-2.71,-2.78","0.420,0.424,0.419,0.418",0,10,-3.520107238605898
BOTH,27,59,32,27,0.4576271186440678,7174,0.41706161137440756,-0.04056550726966024,-2.3933649289099526,-17170,4.0,1.0194730972957902,1.0000000000000009,-2.630434782608696,"-2.37,-2.12,-2.45,-2.63","0.418,0.422,0.416,0.413",0,10,-3.1943699731903483
BOTH,27,60,33,27,0.45,7174,0.40939503763590745,-0.040604962364092556,-2.4362977418455536,-17478,4.0,1.0194730972957902,1.0000000000000009,-2.68561872909699,"-2.48,-2.07,-2.50,-2.69","0.409,0.416,0.408,0.405",0,10,-3.193029490616622
BOTH,27,61,34,27,0.4426229508196721,7174,0.40479509339280734,-0.037827857426864786,-2.307499303038751,-16554,4.0,1.0194730972957902,1.0000000000000009,-2.552396878483835,"-2.55,-1.79,-2.40,-2.48","0.401,0.413,0.403,0.402",0,10,-3.197089947089947
BOTH,27,62,35,27,0.43548387096774194,7174,0.3983830499024254,-0.037100821065316536,-2.3002509060496235,-16502,4.0,1.0194730972957902,1.0000000000000009,-2.5663322185061315,"-2.57,-1.72,-2.38,-2.53","0.394,0.408,0.397,0.395",0,10,-3.2169312169312168
BOTH,27,63,36,27,0.42857142857142855,7174,0.39280735991078897,-0.03576406866063958,-2.2531363256202956,-16164,4.0,1.0194730972957902,1.0000000000000009,-2.5585284280936453,"-2.56,-1.74,-2.30,-2.42","0.388,0.401,0.392,0.390",0,10,-3.1666666666666665
BOTH,27,64,37,27,0.421875,7174,0.38820741566768885,-0.03366758433231115,-2.154725397267912,-15458,4.0,1.0194730972957902,1.0000000000000009,-2.420289855072464,"-2.42,-1.69,-2.26,-2.24","0.384,0.395,0.387,0.387",0,10,-3.126984126984127
BOTH,27,65,38,27,0.4153846153846154,7174,0.3810984109283524,-0.034286204456263014,-2.228603289657095,-15988,4.0,1.0194730972957902,1.0000000000000009,-2.6159420289855073,"-2.62,-1.77,-2.31,-2.22","0.375,0.388,0.380,0.381",0,10,-3.441798941798942
BOTH,27,66,39,27,0.4090909090909091,7174,0.37691664343462505,-0.03217426565628406,-2.1235015333147476,-15234,4.0,1.0194730972957902,1.0000000000000009,-2.387959866220736,"-2.39,-1.71,-2.37,-2.02","0.373,0.383,0.373,0.378",0,10,-3.4664879356568363
BOTH,27,67,40,27,0.40298507462686567,7174,0.37538332868692503,-0.027601745939940636,-1.8493169779760246,-13267,4.0,1.0194730972957902,1.0000000000000009,-2.201783723522854,"-2.20,-1.44,-2.04,-1.72","0.370,0.381,0.373,0.377",0,10,-3.1099195710455763
BOTH,27,68,41,27,0.39705882352941174,7174,0.37134095344298856,-0.025717870086423178,-1.7488151658767772,-12546,4.0,1.0194730972957902,1.0000000000000009,-2.1348940914158305,"-2.13,-1.32,-1.89,-1.64","0.366,0.378,0.369,0.373",0,10,-3.3439153439153437
BOTH,27,69,42,27,0.391304347826087,7174,0.3652076944521885,-0.026096653373898493,-1.8006690827989964,-12918,4.0,1.0194730972957902,1.0000000000000009,-2.1923076923076925,"-2.19,-1.45,-1.91,-1.65","0.360,0.370,0.364,0.367",0,10,-3.361111111111111
BOTH,27,70,43,27,0.38571428571428573,7174,0.3607471424588793,-0.024967143255406443,-1.74770002787845,-12538,4.0,1.0194730972957902,1.0000000000000009,-2.0668896321070234,"-2.07,-1.35,-2.01,-1.56","0.356,0.366,0.357,0.363",0,10,-3.2037037037037037
BOTH,28,30,2,28,0.9333333333333333,7365,0.7875084860828242,-0.14582484725050915,-4.374745417515275,-32220,4.0,1.021642905634759,1.0000000000000009,-4.730038022813688,"-4.32,-4.39,-4.73,-4.06","0.789,0.787,0.776,0.798",0,10,-5.334200260078023
BOTH,28,31,3,28,0.9032258064516129,7365,0.7710794297352342,-0.13214637671637863,-4.096537678207739,-30171,4.0,1.021642905634759,1.0000000000000009,-4.442694187941337,"-4.17,-4.07,-4.44,-3.70","0.769,0.772,0.760,0.784",0,10,-4.981794538361508
BOTH,28,32,4,28,0.875,7365,0.7395790902919213,-0.13542090970807874,-4.33346911065852,-31916,4.0,1.021642905634759,1.0000000000000009,-4.534492123845736,"-4.53,-4.29,-4.53,-3.98","0.733,0.741,0.733,0.751",0,10,-5.077720207253886
BOTH,28,33,5,28,0.8484848484848485,7365,0.7211133740665309,-0.12737147441831764,-4.203258655804481,-30957,4.0,1.021642905634759,1.0000000000000009,-4.405537459283388,"-4.41,-4.23,-4.39,-3.78","0.715,0.720,0.715,0.734",0,10,-4.917098445595855
BOTH,28,34,6,28,0.8235294117647058,7365,0.7126951799049559,-0.11083423185974994,-3.7683638832315003,-27754,4.0,1.021642905634759,1.0000000000000009,-4.009777294948398,"-3.95,-3.73,-4.01,-3.38","0.707,0.714,0.706,0.724",0,10,-4.393782383419689
BOTH,28,35,7,28,0.8,7365,0.691785471826205,-0.10821452817379507,-3.787508486082824,-27895,4.0,1.021642905634759,1.0000000000000009,-4.058631921824104,"-4.06,-3.87,-3.86,-3.36","0.684,0.689,0.690,0.704",0,10,-4.515544041450777
BOTH,28,36,8,28,0.7777777777777778,7365,0.6764426340801086,-0.10133514369766916,-3.64806517311609,-26868,4.0,1.021642905634759,1.0000000000000009,-3.9218241042345277,"-3.92,-3.62,-3.83,-3.22","0.669,0.677,0.671,0.688",0,10,-4.544041450777202
BOTH,28,37,9,28,0.7567567567567568,7365,0.6625933469110659,-0.09416340984569094,-3.4840461642905636,-25660,4.0,1.021642905634759,1.0000000000000009,-3.762085822922325,"-3.74,-3.40,-3.76,-3.04","0.656,0.665,0.655,0.675",0,10,-4.3717616580310885
BOTH,28,38,10,28,0.7368421052631579,7365,0.6482009504412763,-0.08864115482188151,-3.3683638832315004,-24808,4.0,1.021642905634759,1.0000000000000009,-3.6849538294405213,"-3.55,-3.38,-3.68,-2.86","0.643,0.648,0.640,0.662",0,10,-4.176165803108808
BOTH,28,39,11,28,0.717948717948718,7365,0.629735234215886,-0.088213483732832,-3.4403258655804483,-25338,4.0,1.021642905634759,1.0000000000000009,-3.701792504073873,"-3.48,-3.43,-3.70,-3.15","0.629,0.630,0.623,0.637",0,10,-4.192771084337349
BOTH,28,40,12,28,0.7,7365,0.6158859470468432,-0.08411405295315677,-3.364562118126273,-24780,4.0,1.021642905634759,1.0000000000000009,-3.665399239543726,"-3.42,-3.47,-3.67,-2.90","0.615,0.613,0.608,0.627",0,10,-4.331994645247657
BOTH,28,41,13,28,0.6829268292682927,7365,0.6016293279022403,-0.0812975013660524,-3.333197556008147,-24549,4.0,1.021642905634759,1.0000000000000009,-3.569255839217816,"-3.34,-3.57,-3.57,-2.86","0.602,0.596,0.596,0.613",0,10,-4.508701472556894
BOTH,28,42,14,28,0.6666666666666666,7365,0.5879158180583842,-0.07875084860828241,-3.3075356415478616,-24360,4.0,1.021642905634759,1.0000000000000009,-3.4752851711026618,"-3.37,-3.34,-3.48,-3.04","0.586,0.587,0.584,0.594",0,10,-4.216867469879518
BOTH,28,43,15,28,0.6511627906976745,7365,0.5774609640190088,-0.07370182667866565,-3.1691785471826206,-23341,4.0,1.021642905634759,1.0000000000000009,-3.311787072243346,"-3.19,-3.31,-3.22,-2.96","0.577,0.574,0.576,0.582",0,10,-3.995983935742972
BOTH,28,44,16,28,0.6363636363636364,7365,0.5592668024439919,-0.0770968339196445,-3.3922606924643586,-24984,4.0,1.021642905634759,1.0000000000000009,-3.515743756786102,"-3.52,-3.50,-3.38,-3.17","0.556,0.557,0.559,0.564",0,10,-4.203480589022758
BOTH,28,45,17,28,0.6222222222222222,7365,0.5484046164290564,-0.07381760579316587,-3.3217922606924644,-24465,4.0,1.021642905634759,1.0000000000000009,-3.581205866376969,"-3.37,-3.58,-3.36,-2.97","0.547,0.543,0.548,0.556",0,10,-4.385542168674699
BOTH,28,46,18,28,0.6086956521739131,7365,0.5446028513238289,-0.06409280085008418,-2.9482688391038696,-21714,4.0,1.021642905634759,1.0000000000000009,-3.1634980988593155,"-3.00,-3.16,-3.09,-2.54","0.543,0.540,0.542,0.554",0,10,-3.9223560910307897
BOTH,28,47,19,28,0.5957446808510638,7365,0.534826883910387,-0.06091779694067678,-2.8631364562118127,-21087,4.0,1.021642905634759,1.0000000000000009,-3.108636610537751,"-2.87,-3.11,-3.06,-2.42","0.535,0.530,0.531,0.544",0,10,-3.6749024707412223
BOTH,28,48,20,28,0.5833333333333334,7365,0.5234215885947047,-0.0599117447386287,-2.875763747454175,-21180,4.0,1.021642905634759,1.0000000000000009,-3.10048886474742,"-2.83,-3.07,-3.10,-2.50","0.524,0.519,0.519,0.531",0,10,-3.7815344603381016
BOTH,28,49,21,28,0.5714285714285714,7365,0.5137813985064494,-0.05764717292212196,-2.8247114731839784,-20804,4.0,1.021642905634759,1.0000000000000009,-3.08745247148289,"-2.68,-2.93,-3.09,-2.61","0.517,0.512,0.508,0.518",0,10,-4.105331599479844
BOTH,28,50,22,28,0.56,7365,0.5044127630685675,-0.05558723693143253,-2.7793618465716223,-20470,4.0,1.021642905634759,1.0000000000000009,-3.013579576317219,"-2.51,-2.85,-3.01,-2.74","0.510,0.503,0.500,0.505",0,10,-4.00780234070221
BOTH,28,51,23,28,0.5490196078431373,7365,0.49762389680923286,-0.051395711033904445,-2.621181262729124,-19305,4.0,1.021642905634759,1.0000000000000009,-2.7631721890277023,"-2.33,-2.71,-2.76,-2.68","0.503,0.496,0.495,0.496",0,10,-3.8595578673602082
BOTH,28,52,24,28,0.5384615384615384,7365,0.4879837067209776,-0.05047783174056086,-2.624847250509165,-19332,4.0,1.021642905634759,1.0000000000000009,-2.833242802824552,"-2.37,-2.83,-2.69,-2.61","0.493,0.484,0.487,0.488",0,10,-3.656697009102731
BOTH,28,53,25,28,0.5283018867924528,7365,0.478479293957909,-0.04982259283454382,-2.6405974202308213,-19448,4.0,1.021642905634759,1.0000000000000009,-2.8962520369364477,"-2.39,-2.90,-2.72,-2.55","0.483,0.474,0.477,0.480",0,10,-3.3953185955786735
BOTH,28,54,26,28,0.5185185185185185,7365,0.4706042090970808,-0.047914309421437706,-2.5873727087576377,-19056,4.0,1.021642905634759,1.0000000000000009,-2.657251493753395,"-2.38,-2.66,-2.66,-2.66","0.474,0.469,0.469,0.469",0,10,-3.448186528497409
BOTH,28,55,27,28,0.509090909090909,7365,0.4617786829599457,-0.047312226130963364,-2.602172437202987,-19165,4.0,1.021642905634759,1.0000000000000009,-2.8153177620858227,"-2.44,-2.49,-2.67,-2.82","0.465,0.464,0.461,0.458",0,10,-3.4209844559585494
BOTH,28,56,28,28,0.5,7365,0.4530889341479973,-0.04691106585200272,-2.627019687712152,-19348,4.0,1.021642905634759,1.0000000000000009,-2.844106463878327,"-2.43,-2.57,-2.66,-2.84","0.457,0.454,0.452,0.449",0,10,-3.481865284974093
BOTH,28,57,29,28,0.49122807017543857,7365,0.44236252545824845,-0.048865544717190124,-2.785336048879837,-20514,4.0,1.021642905634759,1.0000000000000009,-3.1070070613796847,"-2.66,-2.64,-3.11,-2.74","0.445,0.445,0.437,0.443",0,10,-3.613784135240572
BOTH,28,58,30,28,0.4827586206896552,7365,0.4357094365241005,-0.0470491841655547,-2.7288526816021723,-20098,4.0,1.021642905634759,1.0000000000000009,-2.922324823465508,"-2.50,-2.67,-2.92,-2.83","0.440,0.437,0.432,0.434",0,10,-3.4876462938881665
BOTH,28,59,31,28,0.4745762711864407,7365,0.4321792260692464,-0.042397045117194276,-2.5014256619144604,-18423,4.0,1.021642905634759,1.0000000000000009,-2.682237914177078,"-2.22,-2.43,-2.68,-2.68","0.437,0.433,0.429,0.429",0,10,-3.145966709346991
BOTH,28,60,32,28,0.4666666666666667,7365,0.42484725050916494,-0.04181941615750173,-2.5091649694501017,-18480,4.0,1.021642905634759,1.0000000000000009,-2.7093970668115155,"-2.30,-2.35,-2.68,-2.71","0.428,0.427,0.422,0.422",0,10,-3.0325097529258778
BOTH,28,61,33,28,0.45901639344262296,7365,0.42023082145281737,-0.03878557198980559,-2.36591989137814,-17425,4.0,1.021642905634759,1.0000000000000009,-2.586094513851168,"-2.33,-2.06,-2.59,-2.49","0.421,0.425,0.417,0.418",0,10,-3.110103626943005
BOTH,28,62,34,28,0.45161290322580644,7365,0.4137135098438561,-0.037899393381950364,-2.349762389680923,-17306,4.0,1.021642905634759,1.0000000000000009,-2.5399239543726235,"-2.39,-1.97,-2.54,-2.51","0.413,0.420,0.411,0.411",0,10,-3.2642487046632125
BOTH,28,63,35,28,0.4444444444444444,7365,0.40787508486082824,-0.03656935958361618,-2.303869653767821,-16968,4.0,1.021642905634759,1.0000000000000009,-2.505703422053232,"-2.35,-1.99,-2.51,-2.37","0.407,0.413,0.405,0.407",0,10,-3.1917098445595853
BOTH,28,64,36,28,0.4375,7365,0.40298710115410724,-0.03451289884589276,-2.2088255261371352,-16268,4.0,1.021642905634759,1.0000000000000009,-2.4486692015209126,"-2.25,-1.96,-2.45,-2.17","0.402,0.407,0.399,0.404",0,10,-3.2124352331606216
BOTH,28,65,37,28,0.4307692307692308,7365,0.3959266802443992,-0.034842550524831595,-2.264765784114053,-16680,4.0,1.021642905634759,1.0000000000000009,-2.4731124388919064,"-2.42,-2.01,-2.47,-2.16","0.394,0.400,0.393,0.398",0,10,-3.4987046632124352
BOTH,28,66,38,28,0.42424242424242425,7365,0.3911744738628649,-0.03306795037955934,-2.1824847250509163,-16074,4.0,1.021642905634759,1.0000000000000009,-2.510592069527431,"-2.24,-2.01,-2.51,-1.97","0.390,0.394,0.386,0.394",0,10,-3.2927461139896375
BOTH,28,67,39,28,0.417910447761194,7365,0.38954514596062456,-0.028365301800569453,-1.9004752206381534,-13997,4.0,1.021642905634759,1.0000000000000009,-2.1607821835958716,"-2.07,-1.72,-2.16,-1.65","0.387,0.392,0.386,0.393",0,10,-3.178756476683938
BOTH,28,68,40,28,0.4117647058823529,7365,0.38520027155465036,-0.026564434327702557,-1.8063815342837746,-13304,4.0,1.021642905634759,1.0000000000000009,-2.070613796849538,"-1.97,-1.59,-2.07,-1.59","0.383,0.388,0.381,0.388",0,10,-3.5129533678756477
BOTH,28,69,41,28,0.4057971014492754,7365,0.37895451459606244,-0.026842586853212946,-1.8521384928716904,-13641,4.0,1.021642905634759,1.0000000000000009,-2.1156351791530943,"-2.12,-1.65,-2.06,-1.58","0.375,0.382,0.376,0.383",0,10,-3.510362694300518
BOTH,28,70,42,28,0.4,7365,0.3740665308893415,-0.025933469110658525,-1.8153428377460965,-13370,4.0,1.021642905634759,1.0000000000000009,-2.220532319391635,"-2.01,-1.54,-2.22,-1.50","0.371,0.378,0.368,0.379",0,10,-3.3367875647668392
BOTH,29,30,1,29,0.9666666666666667,7465,0.8016075016744809,-0.16505916499218576,-4.951774949765572,-36965,4.0,1.0230676490288009,1.0000000000000009,-5.254019292604502,"-4.90,-5.05,-5.25,-4.61","0.803,0.798,0.792,0.813",0,10,-5.833976833976834
BOTH,29,31,2,29,0.9354838709677419,7465,0.7844608171466845,-0.1510230538210574,-4.68171466845278,-34949,4.0,1.0230676490288009,1.0000000000000009,-5.043944265809218,"-4.77,-4.68,-5.04,-4.23","0.781,0.785,0.773,0.799",0,10,-5.5804375804375805
BOTH,29,32,3,29,0.90625,7465,0.7531145344943068,-0.15313546550569324,-4.9003348961821835,-36581,4.0,1.0230676490288009,1.0000000000000009,-5.094319399785638,"-5.09,-4.92,-5.09,-4.49","0.747,0.752,0.747,0.766",0,10,-5.697435897435898
BOTH,29,33,4,29,0.8787878787878788,7465,0.7346282652377762,-0.14415961355010254,-4.757267247153383,-35513,4.0,1.0230676490288009,1.0000000000000009,-4.961435457953937,"-4.96,-4.86,-4.91,-4.29","0.728,0.732,0.730,0.749",0,10,-5.519230769230769
BOTH,29,34,5,29,0.8529411764705882,7465,0.7260549229738781,-0.12688625349671012,-4.314132618888145,-32205,4.0,1.0230676490288009,1.0000000000000009,-4.547695605573419,"-4.51,-4.31,-4.55,-3.89","0.720,0.726,0.719,0.738",0,10,-5.0256410256410255
BOTH,29,35,6,29,0.8285714285714286,7465,0.7050234427327529,-0.12354798583867577,-4.32417950435365,-32280,4.0,1.0230676490288009,1.0000000000000009,-4.610605249062667,"-4.61,-4.43,-4.35,-3.90","0.697,0.702,0.704,0.717",0,10,-5.128205128205129
BOTH,29,36,7,29,0.8055555555555556,7465,0.690020093770931,-0.1155354617846246,-4.159276624246484,-31049,4.0,1.0230676490288009,1.0000000000000009,-4.434386716657739,"-4.43,-4.17,-4.29,-3.75","0.682,0.690,0.686,0.702",0,10,-5.092307692307692
BOTH,29,37,8,29,0.7837837837837838,7465,0.6755525787006028,-0.10823120508318096,-4.004554588077696,-29894,4.0,1.0230676490288009,1.0000000000000009,-4.267273701124799,"-4.27,-4.00,-4.21,-3.54","0.668,0.676,0.670,0.688",0,10,-4.902564102564103
BOTH,29,38,9,29,0.7631578947368421,7465,0.6613529805760214,-0.10180491416082071,-3.8685867381111856,-28879,4.0,1.0230676490288009,1.0000000000000009,-4.10765934654526,"-4.11,-3.91,-4.07,-3.38","0.655,0.660,0.656,0.674",0,10,-4.7384615384615385
BOTH,29,39,10,29,0.7435897435897436,7465,0.6430006697923644,-0.10058907379737925,-3.92297387809779,-29285,4.0,1.0230676490288009,1.0000000000000009,-4.128617363344051,"-4.00,-3.92,-4.13,-3.65","0.641,0.643,0.638,0.650",0,10,-4.7
BOTH,29,40,11,29,0.725,7465,0.628801071667783,-0.09619892833221699,-3.8479571332886806,-28725,4.0,1.0230676490288009,1.0000000000000009,-4.112540192926045,"-3.87,-4.03,-4.11,-3.38","0.628,0.624,0.622,0.640",0,10,-4.6110381077529565
BOTH,29,41,12,29,0.7073170731707317,7465,0.6144675150703282,-0.09284955810040352,-3.8068318821165437,-28418,4.0,1.0230676490288009,1.0000000000000009,-4.105573419078242,"-3.79,-4.11,-4.00,-3.34","0.615,0.607,0.610,0.626",0,10,-4.755584756898817
BOTH,29,42,13,29,0.6904761904761905,7465,0.6004018754186202,-0.09007431505757024,-3.7831212324179506,-28241,4.0,1.0230676490288009,1.0000000000000009,-3.9485530546623795,"-3.83,-3.84,-3.95,-3.52","0.599,0.599,0.596,0.607",0,10,-4.5
BOTH,29,43,14,29,0.6744186046511628,7465,0.5896851975887475,-0.08473340706241528,-3.643536503683858,-27199,4.0,1.0230676490288009,1.0000000000000009,-3.789924973204716,"-3.64,-3.79,-3.67,-3.47","0.590,0.586,0.589,0.594",0,10,-4.2474358974358974
BOTH,29,44,15,29,0.6590909090909091,7465,0.571198928332217,-0.08789198075869209,-3.8672471533824515,-28869,4.0,1.0230676490288009,1.0000000000000009,-3.995179432244242,"-4.00,-3.98,-3.84,-3.65","0.568,0.569,0.572,0.576",0,10,-4.461538461538462
BOTH,29,45,16,29,0.6444444444444445,7465,0.5598124581379772,-0.08463198630646729,-3.8084393837910246,-28430,4.0,1.0230676490288009,1.0000000000000009,-4.064308681672026,"-3.91,-4.06,-3.80,-3.46","0.558,0.554,0.560,0.568",0,10,-4.578186596583443
BOTH,29,46,17,29,0.6304347826086957,7465,0.555793703951775,-0.07464107865692071,-3.4334896182183523,-25631,4.0,1.0230676490288009,1.0000000000000009,-3.682743837084673,"-3.50,-3.68,-3.53,-3.02","0.554,0.550,0.554,0.565",0,10,-4.1563731931668855
BOTH,29,47,18,29,0.6170212765957447,7465,0.545344943067649,-0.07167633352809566,-3.3687876758204958,-25148,4.0,1.0230676490288009,1.0000000000000009,-3.6361200428724545,"-3.37,-3.64,-3.51,-2.96","0.545,0.540,0.542,0.554",0,10,-4.138996138996139
BOTH,29,48,19,29,0.6041666666666666,7465,0.5334226389819156,-0.07074402768475108,-3.3957133288680508,-25349,4.0,1.0230676490288009,1.0000000000000009,-3.6109324758842445,"-3.34,-3.61,-3.61,-3.02","0.535,0.529,0.529,0.541",0,10,-4.227799227799228
BOTH,29,49,20,29,0.5918367346938775,7465,0.5237776289350301,-0.06805910575884744,-3.334896182183523,-24895,4.0,1.0230676490288009,1.0000000000000009,-3.5809217577706325,"-3.17,-3.48,-3.58,-3.11","0.527,0.521,0.519,0.528",0,10,-4.531531531531532
BOTH,29,50,21,29,0.58,7465,0.5145344943067649,-0.06546550569323506,-3.273275284661755,-24435,4.0,1.0230676490288009,1.0000000000000009,-3.4908896034297965,"-3.00,-3.38,-3.49,-3.22","0.520,0.512,0.510,0.516",0,10,-4.418275418275418
BOTH,29,51,22,29,0.5686274509803921,7465,0.5079705291359679,-0.06065692184442428,-3.0935030140656394,-23093,4.0,1.0230676490288009,1.0000000000000009,-3.2266881028938905,"-2.80,-3.20,-3.23,-3.14","0.514,0.506,0.505,0.507",0,10,-4.254826254826255
BOTH,29,52,23,29,0.5576923076923077,7465,0.4983255190890824,-0.05936678860322531,-3.087073007367716,-23045,4.0,1.0230676490288009,1.0000000000000009,-3.3065380493033225,"-2.85,-3.31,-3.17,-3.03","0.503,0.494,0.497,0.499",0,10,-4.037323037323038
BOTH,29,53,24,29,0.5471698113207547,7465,0.4885465505693235,-0.058623260751431205,-3.107032819825854,-23194,4.0,1.0230676490288009,1.0000000000000009,-3.437299035369775,"-2.85,-3.44,-3.18,-2.95","0.493,0.482,0.487,0.491",0,10,-3.9269230769230767
BOTH,29,54,25,29,0.5370370370370371,7465,0.480509042196919,-0.05652799484011811,-3.0525117213663764,-22787,4.0,1.0230676490288009,1.0000000000000009,-3.1864951768488745,"-2.82,-3.19,-3.16,-3.04","0.485,0.478,0.479,0.481",0,10,-4.076923076923077
BOTH,29,55,26,29,0.5272727272727272,7465,0.4715338245144005,-0.055738902758326714,-3.0656396517079707,-22885,4.0,1.0230676490288009,1.0000000000000009,-3.180064308681672,"-2.93,-3.00,-3.15,-3.18","0.474,0.473,0.470,0.469",0,10,-4.17948717948718
BOTH,29,56,27,29,0.5178571428571429,7465,0.4625586068318821,-0.0552985360252608,-3.0967180174146014,-23117,4.0,1.0230676490288009,1.0000000000000009,-3.2207931404072885,"-2.93,-3.07,-3.16,-3.22","0.465,0.463,0.461,0.460",0,10,-4.230769230769231
BOTH,29,57,28,29,0.5087719298245614,7465,0.45184192900200937,-0.05693000082255206,-3.2450100468854655,-24224,4.0,1.0230676490288009,1.0000000000000009,-3.585209003215434,"-3.14,-3.16,-3.59,-3.10","0.454,0.453,0.446,0.454",0,10,-4.153846153846154
BOTH,29,58,29,29,0.5,7465,0.4451440053583389,-0.05485599464166108,-3.181647689216343,-23751,4.0,1.0230676490288009,1.0000000000000009,-3.387995712754555,"-2.97,-3.17,-3.39,-3.20","0.449,0.445,0.442,0.445",0,10,-4.015384615384615
BOTH,29,59,30,29,0.4915254237288136,7465,0.4416610850636303,-0.049864338665183305,-2.941995981245814,-21962,4.0,1.0230676490288009,1.0000000000000009,-3.1361200428724545,"-2.68,-2.91,-3.14,-3.04","0.446,0.442,0.438,0.440",0,10,-3.767766497461929
BOTH,29,60,31,29,0.48333333333333334,7465,0.43415941058271934,-0.049173922750613996,-2.9504353650368387,-22025,4.0,1.0230676490288009,1.0000000000000009,-3.1157556270096465,"-2.78,-2.83,-3.12,-3.08","0.437,0.436,0.431,0.432",0,10,-3.720812182741117
BOTH,29,61,32,29,0.47540983606557374,7465,0.4293369055592766,-0.04607293050629713,-2.810448760884126,-20980,4.0,1.0230676490288009,1.0000000000000009,-3.0112540192926045,"-2.83,-2.52,-3.01,-2.88","0.429,0.434,0.426,0.428",0,10,-3.817948717948718
BOTH,29,62,33,29,0.46774193548387094,7465,0.42290689886135296,-0.044835036622517976,-2.779772270596115,-20751,4.0,1.0230676490288009,1.0000000000000009,-2.9506966773847805,"-2.87,-2.42,-2.95,-2.88","0.422,0.429,0.420,0.421",0,10,-3.9615384615384617
BOTH,29,63,34,29,0.4603174603174603,7465,0.41701272605492296,-0.04330473426253734,-2.7281982585398525,-20366,4.0,1.0230676490288009,1.0000000000000009,-2.9356913183279745,"-2.81,-2.43,-2.94,-2.73","0.416,0.422,0.414,0.417",0,10,-3.8807692307692307
BOTH,29,64,35,29,0.453125,7465,0.41205626255860683,-0.041068737441393166,-2.6283991962491626,-19621,4.0,1.0230676490288009,1.0000000000000009,-2.8992497320471595,"-2.71,-2.42,-2.90,-2.49","0.411,0.415,0.408,0.414",0,10,-3.8923076923076922
BOTH,29,65,36,29,0.4461538461538462,7465,0.40495646349631614,-0.041197382657530035,-2.677829872739451,-19990,4.0,1.0230676490288009,1.0000000000000009,-2.9442658092175775,"-2.85,-2.46,-2.94,-2.46","0.402,0.408,0.401,0.408",0,10,-4.166666666666667
BOTH,29,66,37,29,0.4393939393939394,7465,0.4001339584728734,-0.03925998092106597,-2.591158740790355,-19343,4.0,1.0230676490288009,1.0000000000000009,-3.0032154340836015,"-2.66,-2.44,-3.00,-2.26","0.399,0.402,0.394,0.405",0,10,-3.953846153846154
BOTH,29,67,38,29,0.43283582089552236,7465,0.3982585398526457,-0.03457728104287666,-2.3166778298727393,-17294,4.0,1.0230676490288009,1.0000000000000009,-2.645230439442658,"-2.52,-2.18,-2.65,-1.93","0.395,0.400,0.393,0.404",0,10,-3.832051282051282
BOTH,29,68,39,29,0.4264705882352941,7465,0.393436034829203,-0.03303455340609113,-2.2463496316141995,-16769,4.0,1.0230676490288009,1.0000000000000009,-2.5434083601286175,"-2.48,-2.07,-2.54,-1.89","0.390,0.396,0.389,0.399",0,10,-4.241025641025641
BOTH,29,69,40,29,0.42028985507246375,7465,0.3867381111855325,-0.03355174388693127,-2.3150703281982588,-17282,4.0,1.0230676490288009,1.0000000000000009,-2.635048231511254,"-2.58,-2.19,-2.64,-1.86","0.383,0.389,0.382,0.393",0,10,-4.230769230769231
BOTH,29,70,41,29,0.4142857142857143,7465,0.3813797722705961,-0.032905942015118206,-2.303415941058272,-17195,4.0,1.0230676490288009,1.0000000000000009,-2.7781350482315115,"-2.49,-2.10,-2.78,-1.84","0.379,0.384,0.375,0.388",0,10,-4.051282051282051
BOTH,30,31,1,30,0.967741935483871,7678,0.8065902578796562,-0.16115167760421478,-4.995702005730659,-38357,4.0,1.0241599374837196,1.0000000000000009,-5.364773319437207,"-5.10,-4.91,-5.36,-4.60","0.803,0.809,0.795,0.819",0,10,-5.681704260651629
BOTH,30,32,2,30,0.9375,7678,0.775983328991925,-0.16151667100807499,-5.1685334722584,-39684,4.0,1.0241599374837196,1.0000000000000009,-5.366666666666666,"-5.37,-5.10,-5.34,-4.87","0.770,0.778,0.771,0.785",0,10,-6.020050125313284
BOTH,30,33,3,30,0.9090909090909091,7678,0.757358687158114,-0.151732221932795,-5.007163323782235,-38445,4.0,1.0241599374837196,1.0000000000000009,-5.2328125,"-5.23,-5.00,-5.12,-4.68","0.751,0.758,0.754,0.767",0,10,-5.849624060150376
BOTH,30,34,4,30,0.8823529411764706,7678,0.74850221411826,-0.13385072705821055,-4.550924719979161,-34942,4.0,1.0241599374837196,1.0000000000000009,-4.77019280875456,"-4.77,-4.45,-4.77,-4.22","0.742,0.751,0.742,0.758",0,10,-5.330827067669173
BOTH,30,35,5,30,0.8571428571428571,7678,0.7289658765303464,-0.1281769806125107,-4.486194321437875,-34445,4.0,1.0241599374837196,1.0000000000000009,-4.825520833333333,"-4.83,-4.45,-4.52,-4.15","0.719,0.730,0.728,0.739",0,10,-5.394736842105263
BOTH,30,36,6,30,0.8333333333333334,7678,0.7143787444647044,-0.11895458886862897,-4.282365199270643,-32880,4.0,1.0241599374837196,1.0000000000000009,-4.6125,"-4.61,-4.19,-4.37,-3.96","0.705,0.717,0.712,0.723",0,10,-5.2781954887218046
BOTH,30,37,7,30,0.8108108108108109,7678,0.7005730659025788,-0.11023774490823202,-4.078796561604585,-31317,4.0,1.0241599374837196,1.0000000000000009,-4.446875,"-4.45,-3.91,-4.24,-3.71","0.691,0.705,0.696,0.710",0,10,-5.147869674185464
BOTH,30,38,8,30,0.7894736842105263,7678,0.6855952070851784,-0.10387847712534792,-3.9473821307632195,-30308,4.0,1.0241599374837196,1.0000000000000009,-4.251041666666667,"-4.25,-3.92,-4.12,-3.50","0.678,0.686,0.681,0.697",0,10,-4.904761904761905
BOTH,30,39,9,30,0.7692307692307693,7678,0.6673612920031258,-0.1018694772276435,-3.972909611878093,-30504,4.0,1.0241599374837196,1.0000000000000009,-4.149035956227202,"-4.04,-3.99,-4.15,-3.72","0.666,0.667,0.663,0.674",0,10,-4.7330827067669174
BOTH,30,40,10,30,0.75,7678,0.6525136754363116,-0.09748632456368844,-3.8994529825475386,-29940,4.0,1.0241599374837196,1.0000000000000009,-4.174048983845753,"-3.90,-4.09,-4.17,-3.44","0.653,0.648,0.646,0.664",0,10,-4.744897959183674
BOTH,30,41,11,30,0.7317073170731707,7678,0.6376660588694972,-0.09404125820367348,-3.8556915863506123,-29604,4.0,1.0241599374837196,1.0000000000000009,-4.126628452318916,"-3.84,-4.13,-4.06,-3.39","0.638,0.631,0.633,0.649",0,10,-4.793367346938775
BOTH,30,42,12,30,0.7142857142857143,7678,0.6233394113050273,-0.09094630298068695,-3.819744725188851,-29328,4.0,1.0241599374837196,1.0000000000000009,-3.9989577905158935,"-3.82,-3.89,-4.00,-3.58","0.623,0.622,0.619,0.629",0,10,-4.5
BOTH,30,43,13,30,0.6976744186046512,7678,0.6121385777546235,-0.08553584085002763,-3.6780411565511852,-28240,4.0,1.0241599374837196,1.0000000000000009,-3.8280354351224597,"-3.62,-3.83,-3.72,-3.55","0.614,0.609,0.611,0.615",0,10,-4.221938775510204
BOTH,30,44,14,30,0.6818181818181818,7678,0.5932534514196405,-0.08856473039854129,-3.896848137535817,-29920,4.0,1.0241599374837196,1.0000000000000009,-4.021886399166233,"-3.97,-4.02,-3.86,-3.74","0.592,0.590,0.594,0.597",0,10,-4.408163265306122
BOTH,30,45,15,30,0.6666666666666666,7678,0.5819223756186507,-0.08474429104801595,-3.813493097160719,-29280,4.0,1.0241599374837196,1.0000000000000009,-4.017717561229807,"-3.89,-4.02,-3.78,-3.56","0.580,0.577,0.583,0.588",0,10,-4.572704081632653
BOTH,30,46,16,30,0.6521739130434783,7678,0.5778848658504819,-0.07428904719299634,-3.4172961708778327,-26238,4.0,1.0241599374837196,1.0000000000000009,-3.608129233976029,"-3.45,-3.61,-3.51,-3.09","0.577,0.574,0.576,0.585",0,10,-4.125
BOTH,30,47,17,30,0.6382978723404256,7678,0.5673352435530086,-0.07096262878741699,-3.335243553008596,-25608,4.0,1.0241599374837196,1.0000000000000009,-3.4997394476289734,"-3.29,-3.50,-3.50,-3.05","0.568,0.564,0.564,0.573",0,10,-4.0852130325814535
BOTH,30,48,18,30,0.625,7678,0.5553529564990883,-0.06964704350091167,-3.3430580880437613,-25668,4.0,1.0241599374837196,1.0000000000000009,-3.5612298071912454,"-3.25,-3.44,-3.56,-3.12","0.557,0.553,0.551,0.560",0,10,-4.1020408163265305
BOTH,30,49,19,30,0.6122448979591837,7678,0.5454545454545454,-0.06679035250463827,-3.272727272727273,-25128,4.0,1.0241599374837196,1.0000000000000009,-3.4955706096925483,"-3.13,-3.27,-3.50,-3.20","0.548,0.546,0.541,0.547",0,10,-4.2428035043804755
BOTH,30,50,20,30,0.6,7678,0.5358166189111748,-0.06418338108882515,-3.2091690544412605,-24640,4.0,1.0241599374837196,1.0000000000000009,-3.423658155289213,"-2.97,-3.16,-3.42,-3.28","0.541,0.537,0.532,0.534",0,10,-4.155193992490613
BOTH,30,51,21,30,0.5882352941176471,7678,0.5290440218806981,-0.05919127223694898,-3.018754884084397,-23178,4.0,1.0241599374837196,1.0000000000000009,-3.1984375,"-2.77,-2.92,-3.18,-3.20","0.534,0.531,0.526,0.526",0,10,-4.0212765957446805
BOTH,30,52,22,30,0.5769230769230769,7678,0.5196665798384996,-0.05725649708457725,-2.97733784839802,-22860,4.0,1.0241599374837196,1.0000000000000009,-3.0651380927566443,"-2.78,-3.01,-3.07,-3.05","0.523,0.519,0.518,0.518",0,10,-3.83729662077597
BOTH,30,53,23,30,0.5660377358490566,7678,0.5093774420421985,-0.05666029380685811,-3.00299557176348,-23057,4.0,1.0241599374837196,1.0000000000000009,-3.1547681083897863,"-2.78,-3.13,-3.15,-2.95","0.514,0.507,0.507,0.510",0,10,-3.8320802005012533
BOTH,30,54,24,30,0.5555555555555556,7678,0.5010419380046888,-0.05451361755086681,-2.943735347746809,-22602,4.0,1.0241599374837196,1.0000000000000009,-3.1547681083897863,"-2.72,-2.87,-3.15,-3.03","0.505,0.502,0.497,0.499",0,10,-3.9473684210526314
BOTH,30,55,25,30,0.5454545454545454,7678,0.49166449596249023,-0.05379004949205518,-2.958452722063037,-22715,4.0,1.0241599374837196,1.0000000000000009,-3.2161458333333335,"-2.82,-2.69,-3.12,-3.22","0.494,0.497,0.489,0.487",0,10,-4.0852130325814535
BOTH,30,56,26,30,0.5357142857142857,7678,0.4824172961708778,-0.05329698954340789,-2.9846314144308415,-22916,4.0,1.0241599374837196,1.0000000000000009,-3.1958333333333333,"-2.82,-2.80,-3.12,-3.20","0.485,0.486,0.480,0.479",0,10,-4.105263157894737
BOTH,30,57,27,30,0.5263157894736842,7678,0.4708257358687158,-0.05549005360496839,-3.1629330554831987,-24285,4.0,1.0241599374837196,1.0000000000000009,-3.623762376237624,"-2.98,-2.97,-3.62,-3.07","0.474,0.474,0.463,0.472",0,10,-4.0
BOTH,30,58,28,30,0.5172413793103449,7678,0.46366241208648085,-0.053578967223864016,-3.1075800989841103,-23860,4.0,1.0241599374837196,1.0000000000000009,-3.43303804064617,"-2.81,-3.01,-3.43,-3.17","0.469,0.465,0.458,0.463",0,10,-3.867334167709637
BOTH,30,59,29,30,0.5084745762711864,7678,0.4600156290700703,-0.0484589472011161,-2.8590778848658505,-21952,4.0,1.0241599374837196,1.0000000000000009,-3.190203230849401,"-2.50,-2.73,-3.19,-3.02","0.466,0.462,0.454,0.457",0,10,-3.6320987654320986
BOTH,30,60,30,30,0.5,7678,0.4525918207866632,-0.04740817921333679,-2.8444907528002084,-21840,4.0,1.0241599374837196,1.0000000000000009,-3.1422615945805106,"-2.53,-2.64,-3.14,-3.06","0.458,0.456,0.448,0.449",0,10,-3.6296296296296298
BOTH,30,61,31,30,0.4918032786885246,7678,0.4475123730138057,-0.04429090567471888,-2.7017452461578535,-20744,4.0,1.0241599374837196,1.0000000000000009,-3.0125065138092757,"-2.58,-2.38,-3.01,-2.84","0.449,0.453,0.442,0.445",0,10,-3.6278195488721803
BOTH,30,62,32,30,0.4838709677419355,7678,0.44113050273508725,-0.04274046500684825,-2.64990883042459,-20346,4.0,1.0241599374837196,1.0000000000000009,-2.925482021886399,"-2.58,-2.25,-2.93,-2.84","0.442,0.448,0.437,0.438",0,10,-3.7393483709273183
BOTH,30,63,33,30,0.47619047619047616,7678,0.43513935920812713,-0.041051116982349034,-2.5862203698879918,-19857,4.0,1.0241599374837196,1.0000000000000009,-2.882751433038041,"-2.54,-2.23,-2.88,-2.70","0.436,0.441,0.430,0.433",0,10,-3.710526315789474
BOTH,30,64,34,30,0.46875,7678,0.42966918468351134,-0.03908081531648866,-2.5011721802552747,-19204,4.0,1.0241599374837196,1.0000000000000009,-2.852527357998958,"-2.43,-2.25,-2.85,-2.47","0.431,0.434,0.424,0.430",0,10,-3.774436090225564
BOTH,30,65,35,30,0.46153846153846156,7678,0.42263610315186245,-0.03890235838659911,-2.5286532951289398,-19415,4.0,1.0241599374837196,1.0000000000000009,-2.9025534132360606,"-2.54,-2.26,-2.90,-2.41","0.422,0.427,0.417,0.424",0,10,-4.016290726817043
BOTH,30,66,36,30,0.45454545454545453,7678,0.41768689762959105,-0.03685855691586348,-2.432664756446991,-18678,4.0,1.0241599374837196,1.0000000000000009,-2.898384575299635,"-2.40,-2.24,-2.90,-2.19","0.418,0.421,0.411,0.421",0,10,-3.8646616541353382
BOTH,30,67,37,30,0.44776119402985076,7678,0.4156030216202136,-0.03215817240963714,-2.154597551445689,-16543,4.0,1.0241599374837196,1.0000000000000009,-2.5575820739968735,"-2.26,-1.96,-2.56,-1.84","0.414,0.418,0.410,0.420",0,10,-3.8045112781954886
BOTH,30,68,38,30,0.4411764705882353,7678,0.41078405834852827,-0.030392412239707012,-2.066684032300078,-15868,4.0,1.0241599374837196,1.0000000000000009,-2.4314747264200105,"-2.23,-1.79,-2.43,-1.81","0.408,0.415,0.405,0.415",0,10,-4.180451127819549
BOTH,30,69,39,30,0.43478260869565216,7678,0.4034904923157072,-0.031292116379944945,-2.1591560302162023,-16578,4.0,1.0241599374837196,1.0000000000000009,-2.5653986451276705,"-2.33,-1.92,-2.57,-1.82","0.401,0.407,0.398,0.408",0,10,-4.06015037593985
BOTH,30,70,40,30,0.42857142857142855,7678,0.39762959103933315,-0.030941837532095395,-2.1659286272466787,-16630,4.0,1.0241599374837196,1.0000000000000009,-2.7149557060969256,"-2.26,-1.88,-2.71,-1.82","0.396,0.402,0.390,0.403",0,10,-3.8596491228070176
BOTH,31,32,1,31,0.96875,7869,0.8003558266615834,-0.16839417333841655,-5.388613546829331,-42403,3.0,1.0250857796416315,1.0000000000000009,-5.588713777325877,"-5.54,-5.28,-5.59,-5.15","0.796,0.804,0.794,0.808",0,10,-6.111111111111111
BOTH,31,33,2,31,0.9393939393939394,7869,0.7814207650273224,-0.15797317436661706,-5.213114754098361,-41022,3.0,1.0250857796416315,1.0000000000000009,-5.428353658536586,"-5.43,-5.15,-5.37,-4.91","0.775,0.783,0.777,0.791",0,10,-6.058608058608058
BOTH,31,34,3,31,0.9117647058823529,7869,0.7729063413394333,-0.13885836454291967,-4.721184394459271,-37151,3.0,1.0250857796416315,1.0000000000000009,-4.98576512455516,"-4.96,-4.59,-4.99,-4.35","0.766,0.777,0.765,0.784",0,10,-5.551892551892552
BOTH,31,35,4,31,0.8857142857142857,7869,0.7538441987546067,-0.13187008695967894,-4.615453043588766,-36319,3.0,1.0250857796416315,1.0000000000000009,-4.98119918699187,"-4.98,-4.51,-4.74,-4.24","0.743,0.757,0.750,0.765",0,10,-5.572649572649572
BOTH,31,36,5,31,0.8611111111111112,7869,0.739229889439573,-0.12188122167153814,-4.387723980175371,-34527,3.0,1.0250857796416315,1.0000000000000009,-4.7317073170731705,"-4.73,-4.22,-4.52,-4.08","0.730,0.744,0.736,0.748",0,10,-5.461538461538462
BOTH,31,37,6,31,0.8378378378378378,7869,0.7244884991739738,-0.11334933866386399,-4.193925530562969,-33002,3.0,1.0250857796416315,1.0000000000000009,-4.547256097560975,"-4.55,-3.99,-4.33,-3.91","0.715,0.730,0.721,0.732",0,10,-5.339438339438339
BOTH,31,38,7,31,0.8157894736842105,7869,0.7100012708095057,-0.1057882028747048,-4.019951709238785,-31633,3.0,1.0250857796416315,1.0000000000000009,-4.353658536585366,"-4.35,-3.93,-4.11,-3.68","0.701,0.712,0.708,0.719",0,10,-5.1098901098901095
BOTH,31,39,8,31,0.7948717948717948,7869,0.6909391282246791,-0.10393266664711576,-4.053373999237515,-31896,3.0,1.0250857796416315,1.0000000000000009,-4.13421453990849,"-4.13,-4.02,-4.13,-3.94","0.689,0.692,0.689,0.694",0,10,-4.904761904761905
BOTH,31,40,9,31,0.775,7869,0.6751810903545559,-0.09981890964544415,-3.9927563858177657,-31419,3.0,1.0250857796416315,1.0000000000000009,-4.1164209456024405,"-3.99,-4.12,-4.12,-3.75","0.675,0.672,0.672,0.681",0,10,-4.8217338217338215
BOTH,31,41,10,31,0.7560975609756098,7869,0.6606938619900877,-0.09540369898552203,-3.9115516584064047,-30780,3.0,1.0250857796416315,1.0000000000000009,-4.069649211997967,"-3.88,-4.07,-4.03,-3.67","0.662,0.657,0.658,0.666",0,10,-4.768009768009768
BOTH,31,42,11,31,0.7380952380952381,7869,0.646079552675054,-0.09201568542018412,-3.8646587876477314,-30411,3.0,1.0250857796416315,1.0000000000000009,-3.903914590747331,"-3.83,-3.88,-3.90,-3.84","0.647,0.646,0.645,0.647",0,10,-4.6923076923076925
BOTH,31,43,12,31,0.7209302325581395,7869,0.6338797814207651,-0.08705045113737442,-3.7431693989071038,-29455,3.0,1.0250857796416315,1.0000000000000009,-3.7834265378749365,"-3.71,-3.78,-3.70,-3.78","0.635,0.633,0.635,0.633",0,10,-4.433455433455434
BOTH,31,44,13,31,0.7045454545454546,7869,0.6145634769348075,-0.08998197761064708,-3.959207014868471,-31155,3.0,1.0250857796416315,1.0000000000000009,-4.237804878048781,"-4.24,-3.91,-3.80,-3.89","0.608,0.616,0.618,0.616",0,10,-4.728937728937729
BOTH,31,45,14,31,0.6888888888888889,7869,0.602490786631084,-0.08639810225780487,-3.88791460160122,-30594,3.0,1.0250857796416315,1.0000000000000009,-4.201219512195122,"-4.20,-3.91,-3.73,-3.71","0.596,0.602,0.606,0.607",0,10,-4.791208791208791
BOTH,31,46,15,31,0.6739130434782609,7869,0.5980429533612911,-0.07587009011696977,-3.4900241453806076,-27463,3.0,1.0250857796416315,1.0000000000000009,-3.7459349593495936,"-3.75,-3.50,-3.45,-3.26","0.592,0.598,0.599,0.603",0,10,-4.433455433455434
BOTH,31,47,16,31,0.6595744680851063,7869,0.5877493963654848,-0.07182507171962149,-3.3757783708222138,-26564,3.0,1.0250857796416315,1.0000000000000009,-3.5594512195121952,"-3.56,-3.35,-3.40,-3.19","0.584,0.588,0.587,0.592",0,10,-4.42979242979243
BOTH,31,48,17,31,0.6458333333333334,7869,0.5751683822594993,-0.07066495107383408,-3.3919176515440337,-26691,3.0,1.0250857796416315,1.0000000000000009,-3.4878048780487805,"-3.49,-3.30,-3.47,-3.30","0.573,0.577,0.573,0.577",0,10,-4.391941391941392
BOTH,31,49,18,31,0.6326530612244898,7869,0.5648748252636929,-0.0677782359607969,-3.3211335620790443,-26134,3.0,1.0250857796416315,1.0000000000000009,-3.398576512455516,"-3.31,-3.20,-3.40,-3.37","0.565,0.567,0.563,0.564",0,10,-4.316239316239316
BOTH,31,50,19,31,0.62,7869,0.5550895920701486,-0.06491040792985137,-3.245520396492566,-25539,3.0,1.0250857796416315,1.0000000000000009,-3.3690899847483475,"-3.15,-3.09,-3.37,-3.37","0.557,0.558,0.553,0.553",0,10,-4.26007326007326
BOTH,31,51,20,31,0.6078431372549019,7869,0.5479730588384801,-0.05987007841642178,-3.053373999237514,-24027,3.0,1.0250857796416315,1.0000000000000009,-3.3091001525165225,"-2.93,-2.84,-3.13,-3.31","0.550,0.552,0.547,0.543",0,10,-4.033047735618115
BOTH,31,52,21,31,0.5961538461538461,7869,0.5383149065955013,-0.05783893955834485,-3.007624857033931,-23667,3.0,1.0250857796416315,1.0000000000000009,-3.1891204880528723,"-2.91,-2.90,-3.03,-3.19","0.540,0.540,0.538,0.535",0,10,-4.079365079365079
BOTH,31,53,22,31,0.5849056603773585,7869,0.528529673401957,-0.05637598697540147,-2.9879273096962766,-23512,3.0,1.0250857796416315,1.0000000000000009,-3.1392984239959327,"-2.88,-2.90,-3.14,-3.03","0.530,0.530,0.526,0.528",0,10,-4.079365079365079
BOTH,31,54,23,31,0.5740740740740741,7869,0.5195069259118058,-0.054567148162268264,-2.946626000762486,-23187,3.0,1.0250857796416315,1.0000000000000009,-3.1626842907981696,"-2.79,-2.72,-3.11,-3.16","0.522,0.524,0.517,0.516",0,10,-4.164835164835165
BOTH,31,55,24,31,0.5636363636363636,7869,0.5098487736688271,-0.05378758996753652,-2.9583174482145127,-23279,3.0,1.0250857796416315,1.0000000000000009,-3.346212506354855,"-2.91,-2.54,-3.04,-3.35","0.511,0.518,0.508,0.503",0,10,-4.272283272283272
BOTH,31,56,25,31,0.5535714285714286,7869,0.5004447833269793,-0.05312664524444932,-2.97509213368916,-23411,3.0,1.0250857796416315,1.0000000000000009,-3.3558718861209966,"-2.89,-2.62,-3.04,-3.36","0.502,0.507,0.499,0.494",0,10,-4.264957264957265
BOTH,31,57,26,31,0.543859649122807,7869,0.4883720930232558,-0.05548755609955125,-3.1627906976744184,-24888,3.0,1.0250857796416315,1.0000000000000009,-3.5287239450940517,"-3.02,-2.78,-3.53,-3.33","0.491,0.495,0.482,0.486",0,10,-4.135531135531136
BOTH,31,58,27,31,0.5344827586206896,7869,0.48125555979158724,-0.05322719882910237,-3.08717753208794,-24293,3.0,1.0250857796416315,1.0000000000000009,-3.4300965937976615,"-2.83,-2.78,-3.31,-3.43","0.486,0.487,0.477,0.475",0,10,-4.111650485436893
BOTH,31,59,28,31,0.5254237288135594,7869,0.47744313127462196,-0.04798059753893741,-2.830855254797306,-22276,3.0,1.0250857796416315,1.0000000000000009,-3.224707676664972,"-2.49,-2.53,-3.07,-3.22","0.483,0.482,0.473,0.471",0,10,-4.006067961165049
BOTH,31,60,29,31,0.5166666666666667,7869,0.46905578853729823,-0.047610878129368484,-2.8566526877621046,-22479,3.0,1.0250857796416315,1.0000000000000009,-3.2724961870869342,"-2.55,-2.48,-3.12,-3.27","0.474,0.475,0.465,0.462",0,10,-3.9854368932038833
BOTH,31,61,30,31,0.5081967213114754,7869,0.4630829838607193,-0.04511373745075614,-2.751937984496124,-21655,3.0,1.0250857796416315,1.0000000000000009,-3.0894763599389936,"-2.61,-2.25,-3.09,-3.06","0.465,0.471,0.458,0.458",0,10,-3.8313106796116503
BOTH,31,62,31,31,0.5,7869,0.4559664506290507,-0.044033549370949276,-2.7300800609988563,-21483,3.0,1.0250857796416315,1.0000000000000009,-3.0732079308591764,"-2.65,-2.16,-3.04,-3.07","0.457,0.465,0.451,0.450",0,10,-3.8986568986568986
BOTH,31,63,32,31,0.49206349206349204,7869,0.4497394840513407,-0.04232400801215136,-2.666412504765536,-20982,3.0,1.0250857796416315,1.0000000000000009,-2.9750889679715304,"-2.61,-2.11,-2.98,-2.98","0.451,0.459,0.445,0.445",0,10,-3.8461538461538463
BOTH,31,64,33,31,0.484375,7869,0.44389376032532724,-0.040481239674672764,-2.590799339179057,-20387,3.0,1.0250857796416315,1.0000000000000009,-2.9206914082358924,"-2.51,-2.17,-2.92,-2.76","0.445,0.450,0.439,0.441",0,10,-3.884004884004884
BOTH,31,65,34,31,0.47692307692307695,7869,0.4367772270936587,-0.04014584982941827,-2.609480238912187,-20534,3.0,1.0250857796416315,1.0000000000000009,-2.9445856634468734,"-2.60,-2.18,-2.94,-2.71","0.437,0.443,0.432,0.435",0,10,-4.095238095238095
BOTH,31,66,35,31,0.4696969696969697,7869,0.4311856652687762,-0.038511304428193505,-2.54174609226077,-20001,3.0,1.0250857796416315,1.0000000000000009,-3.016268429079817,"-2.49,-2.14,-3.02,-2.51","0.432,0.437,0.424,0.432",0,10,-3.923076923076923
BOTH,31,67,36,31,0.4626865671641791,7869,0.42902528910916254,-0.033661278055016564,-2.2553056296861103,-17747,3.0,1.0250857796416315,1.0000000000000009,-2.6603965429588206,"-2.33,-1.84,-2.66,-2.18","0.428,0.435,0.423,0.430",0,10,-3.84004884004884
BOTH,31,68,37,31,0.45588235294117646,7869,0.42394205108654215,-0.03194030185463431,-2.171940526115135,-17091,3.0,1.0250857796416315,1.0000000000000009,-2.5139806812404677,"-2.32,-1.65,-2.51,-2.20","0.422,0.432,0.419,0.423",0,10,-4.264957264957265
BOTH,31,69,38,31,0.4492753623188406,7869,0.41644427500317704,-0.03283108731566353,-2.2653450247807854,-17826,3.0,1.0250857796416315,1.0000000000000009,-2.6563294356888663,"-2.39,-1.81,-2.66,-2.20","0.415,0.423,0.411,0.417",0,10,-4.124542124542124
BOTH,31,70,39,31,0.44285714285714284,7869,0.41047147032659803,-0.03238567253054481,-2.266997077138137,-17839,3.0,1.0250857796416315,1.0000000000000009,-2.7437722419928825,"-2.37,-1.75,-2.74,-2.21","0.409,0.418,0.404,0.411",0,10,-3.9914529914529915
BOTH,32,33,1,32,0.9696969696969697,8203,0.816774350847251,-0.1529226188497187,-5.046446422040717,-41396,3.0,1.0263440204803116,1.0000000000000009,-5.387615797172111,"-5.39,-4.84,-5.23,-4.73","0.806,0.823,0.811,0.826",0,10,-6.185798816568047
BOTH,32,34,2,32,0.9411764705882353,8203,0.8078751676216018,-0.13330130296663345,-4.532244300865537,-37178,3.0,1.0263440204803116,1.0000000000000009,-4.912725499756217,"-4.91,-4.27,-4.83,-4.12","0.797,0.816,0.799,0.820",0,10,-5.685207100591716
BOTH,32,35,3,32,0.9142857142857143,8203,0.7894672680726563,-0.12481844621305793,-4.368645617457028,-35836,3.0,1.0263440204803116,1.0000000000000009,-4.849829351535837,"-4.85,-4.18,-4.56,-3.88","0.776,0.795,0.784,0.804",0,10,-5.57396449704142
BOTH,32,36,4,32,0.8888888888888888,8203,0.7759356333048885,-0.11295325558400038,-4.066317201024016,-33356,3.0,1.0263440204803116,1.0000000000000009,-4.512920526572404,"-4.51,-3.90,-4.25,-3.60","0.764,0.781,0.771,0.789",0,10,-5.372781065088757
BOTH,32,37,5,32,0.8648648648648649,8203,0.7615506522004145,-0.1033142126644504,-3.822625868584664,-31357,3.0,1.0263440204803116,1.0000000000000009,-4.290589956118966,"-4.29,-3.57,-3.99,-3.44","0.749,0.768,0.757,0.772",0,10,-5.158579881656805
BOTH,32,38,6,32,0.8421052631578947,8203,0.746190418139705,-0.0959148450181897,-3.6447641106912103,-29898,3.0,1.0263440204803116,1.0000000000000009,-4.097513408093613,"-4.10,-3.43,-3.81,-3.25","0.734,0.752,0.742,0.757",0,10,-4.927810650887574
BOTH,32,39,7,32,0.8205128205128205,8203,0.7282701450688772,-0.09224267544394327,-3.5974643423137875,-29510,3.0,1.0263440204803116,1.0000000000000009,-3.895660653339834,"-3.90,-3.29,-3.75,-3.46","0.721,0.736,0.724,0.732",0,10,-4.815384615384615
BOTH,32,40,8,32,0.8,8203,0.71242228453005,-0.08757771546995008,-3.503108618798001,-28736,3.0,1.0263440204803116,1.0000000000000009,-3.7463414634146344,"-3.70,-3.33,-3.75,-3.23","0.707,0.717,0.706,0.719",0,10,-4.6390532544378695
BOTH,32,41,9,32,0.7804878048780488,8203,0.6984030232841644,-0.08208478159388444,-3.3654760453492623,-27607,3.0,1.0263440204803116,1.0000000000000009,-3.58,"-3.53,-3.25,-3.58,-3.09","0.694,0.701,0.693,0.705",0,10,-4.585798816568047
BOTH,32,42,10,32,0.7619047619047619,8203,0.6840180421796903,-0.07788671972507155,-3.271242228453005,-26834,3.0,1.0263440204803116,1.0000000000000009,-3.4334470989761092,"-3.43,-2.98,-3.40,-3.27","0.680,0.691,0.681,0.684",0,10,-4.414201183431953
BOTH,32,43,11,32,0.7441860465116279,8203,0.6712178471290992,-0.07296819938252874,-3.1376325734487382,-25738,3.0,1.0263440204803116,1.0000000000000009,-3.2774256460263285,"-3.28,-2.90,-3.16,-3.21","0.668,0.677,0.671,0.669",0,10,-4.0627218934911244
BOTH,32,44,12,32,0.7272727272727273,8203,0.6517127880043886,-0.0755599392683387,-3.3246373278069,-27272,3.0,1.0263440204803116,1.0000000000000009,-3.7250121891760117,"-3.73,-3.04,-3.20,-3.34","0.643,0.658,0.655,0.651",0,10,-4.246153846153846
BOTH,32,45,13,32,0.7111111111111111,8203,0.6391564061928563,-0.07195470491825484,-3.2379617213214678,-26561,3.0,1.0263440204803116,1.0000000000000009,-3.630911750365675,"-3.63,-3.04,-3.09,-3.19","0.630,0.644,0.642,0.640",0,10,-4.3076923076923075
BOTH,32,46,14,32,0.6956521739130435,8203,0.634645861270267,-0.06100631264277645,-2.806290381567719,-23020,3.0,1.0263440204803116,1.0000000000000009,-3.1350560702096537,"-3.14,-2.60,-2.78,-2.71","0.627,0.639,0.635,0.637",0,10,-3.910059171597633
BOTH,32,47,15,32,0.6808510638297872,8203,0.6237961721321468,-0.05705489169764044,-2.6815799097891015,-21997,3.0,1.0263440204803116,1.0000000000000009,-2.9887859580692346,"-2.99,-2.42,-2.65,-2.67","0.617,0.629,0.624,0.624",0,10,-3.911242603550296
BOTH,32,48,16,32,0.6666666666666666,8203,0.6109959770815555,-0.05567068958511112,-2.6721931000853347,-21920,3.0,1.0263440204803116,1.0000000000000009,-2.909800097513408,"-2.91,-2.32,-2.68,-2.77","0.606,0.618,0.611,0.609",0,10,-3.8816568047337277
BOTH,32,49,17,32,0.6530612244897959,8203,0.5991710349871998,-0.05389018950259605,-2.6406192856272095,-21661,3.0,1.0263440204803116,1.0000000000000009,-2.901023890784983,"-2.81,-2.16,-2.70,-2.90","0.596,0.609,0.598,0.594",0,10,-3.9337278106508875
BOTH,32,50,18,32,0.64,8203,0.5891746921857857,-0.05082530781421435,-2.5412653907107154,-20846,3.0,1.0263440204803116,1.0000000000000009,-2.892247684056558,"-2.62,-2.01,-2.63,-2.89","0.588,0.600,0.587,0.582",0,10,-3.834319526627219
BOTH,32,51,19,32,0.6274509803921569,8203,0.5810069486773132,-0.04644403171484368,-2.368645617457028,-19430,3.0,1.0263440204803116,1.0000000000000009,-2.8820087762067286,"-2.38,-1.79,-2.42,-2.88","0.581,0.592,0.580,0.571",0,10,-3.5727810650887575
BOTH,32,52,20,32,0.6153846153846154,8203,0.5704010727782518,-0.04498354260636361,-2.3391442155309035,-19188,3.0,1.0263440204803116,1.0000000000000009,-2.742077035592394,"-2.36,-1.80,-2.45,-2.74","0.570,0.581,0.568,0.563",0,10,-3.6923076923076925
BOTH,32,53,21,32,0.6037735849056604,8203,0.5594294770206022,-0.04434410788505816,-2.3502377179080822,-19279,3.0,1.0263440204803116,1.0000000000000009,-2.604390243902439,"-2.39,-1.82,-2.60,-2.59","0.559,0.569,0.555,0.555",0,10,-3.775147928994083
BOTH,32,54,22,32,0.5925925925925926,8203,0.5501645739363648,-0.042428018656227806,-2.2911130074363038,-18794,3.0,1.0263440204803116,1.0000000000000009,-2.748902974158947,"-2.22,-1.62,-2.58,-2.75","0.551,0.563,0.545,0.542",0,10,-3.817751479289941
BOTH,32,55,23,32,0.5818181818181818,8203,0.539436791417774,-0.04238139040040778,-2.3309764720224306,-19121,3.0,1.0263440204803116,1.0000000000000009,-2.931253047294003,"-2.29,-1.56,-2.54,-2.93","0.540,0.553,0.536,0.529",0,10,-3.8816568047337277
BOTH,32,56,24,32,0.5714285714285714,8203,0.5298061684749482,-0.04162240295362318,-2.3308545654029014,-19120,3.0,1.0263440204803116,1.0000000000000009,-2.948805460750853,"-2.24,-1.64,-2.50,-2.95","0.531,0.542,0.527,0.519",0,10,-3.834319526627219
BOTH,32,57,25,32,0.5614035087719298,8203,0.5176155065220042,-0.04378800224992563,-2.4959161282457636,-20474,3.0,1.0263440204803116,1.0000000000000009,-2.985860555826426,"-2.32,-1.79,-2.89,-2.99","0.521,0.530,0.511,0.509",0,10,-3.668639053254438
BOTH,32,58,26,32,0.5517241379310345,8203,0.5094477630135317,-0.0422763749175028,-2.452029745215165,-20114,3.0,1.0263440204803116,1.0000000000000009,-3.0706972208678693,"-2.14,-1.85,-2.75,-3.07","0.515,0.520,0.504,0.499",0,10,-3.583431952662722
BOTH,32,59,27,32,0.5423728813559322,8203,0.505668657808119,-0.03670422354781322,-2.16554918932098,-17764,3.0,1.0263440204803116,1.0000000000000009,-2.8308142369575817,"-1.82,-1.57,-2.44,-2.83","0.511,0.516,0.501,0.494",0,10,-3.429404900816803
BOTH,32,60,28,32,0.5333333333333333,8203,0.4964037547238815,-0.03692957860945184,-2.21577471656711,-18176,3.0,1.0263440204803116,1.0000000000000009,-2.892247684056558,"-1.90,-1.52,-2.56,-2.89","0.502,0.508,0.491,0.485",0,10,-3.4352392065344226
BOTH,32,61,29,32,0.5245901639344263,8203,0.49030842374740946,-0.034281740187016796,-2.0911861514080217,-17154,3.0,1.0263440204803116,1.0000000000000009,-2.645051194539249,"-1.90,-1.25,-2.57,-2.65","0.493,0.504,0.482,0.481",0,10,-3.485207100591716
BOTH,32,62,30,32,0.5161290322580645,8203,0.4825064000975253,-0.03362263216053918,-2.0846031939534315,-17100,3.0,1.0263440204803116,1.0000000000000009,-2.6474890297415894,"-1.98,-1.17,-2.54,-2.65","0.484,0.497,0.475,0.473",0,10,-3.67810650887574
BOTH,32,63,31,32,0.5079365079365079,8203,0.47604534926246495,-0.03189115867404296,-2.009142996464708,-16481,3.0,1.0263440204803116,1.0000000000000009,-2.573378839590444,"-1.93,-1.10,-2.44,-2.57","0.477,0.490,0.469,0.467",0,10,-3.668639053254438
BOTH,32,64,32,32,0.5,8203,0.46970620504693406,-0.030293794953065944,-1.938802876996221,-15904,3.0,1.0263440204803116,1.0000000000000009,-2.40390243902439,"-1.86,-1.14,-2.40,-2.36","0.471,0.482,0.462,0.463",0,10,-3.824852071005917
BOTH,32,65,33,32,0.49230769230769234,8203,0.46190418139704986,-0.030403510910642473,-1.9762282091917591,-16211,3.0,1.0263440204803116,1.0000000000000009,-2.4170731707317072,"-1.99,-1.20,-2.42,-2.30","0.462,0.474,0.455,0.457",0,10,-4.0
BOTH,32,66,34,32,0.48484848484848486,8203,0.45580885042057784,-0.029039634427907024,-1.9166158722418627,-15722,3.0,1.0263440204803116,1.0000000000000009,-2.4770731707317073,"-1.85,-1.27,-2.48,-2.07","0.457,0.466,0.447,0.453",0,10,-3.8035502958579883
BOTH,32,67,35,32,0.47761194029850745,8203,0.4536145312690479,-0.02399740902945957,-1.60782640497379,-13189,3.0,1.0263440204803116,1.0000000000000009,-2.0951219512195123,"-1.65,-1.00,-2.10,-1.69","0.453,0.463,0.446,0.452",0,10,-3.693491124260355
BOTH,32,68,36,32,0.47058823529411764,8203,0.44849445324881143,-0.02209378204530621,-1.502377179080824,-12324,3.0,1.0263440204803116,1.0000000000000009,-1.9473170731707317,"-1.63,-0.74,-1.95,-1.70","0.447,0.460,0.442,0.446",0,10,-4.075739644970414
BOTH,32,69,37,32,0.463768115942029,8203,0.44069242959892724,-0.023075686343101753,-1.5922223576740218,-13061,3.0,1.0263440204803116,1.0000000000000009,-2.0439024390243903,"-1.72,-0.91,-2.04,-1.69","0.439,0.451,0.434,0.439",0,10,-3.910059171597633
BOTH,32,70,38,32,0.45714285714285713,8203,0.4341094721443374,-0.0230333849985197,-1.6123369498963793,-13226,3.0,1.0263440204803116,1.0000000000000009,-2.0878048780487806,"-1.66,-0.98,-2.09,-1.73","0.433,0.443,0.427,0.432",0,10,-3.7514792899408285
BOTH,33,34,1,33,0.9705882352941176,8386,0.830431671834009,-0.14015656346010863,-4.765323157643692,-39962,3.0,1.0278917243024086,1.0000000000000009,-5.128755364806867,"-5.13,-4.58,-5.07,-4.29","0.820,0.836,0.822,0.845",0,10,-5.705336426914153
BOTH,33,35,2,33,0.9428571428571428,8386,0.8115907464822323,-0.13126639637491055,-4.59432387312187,-38528,3.0,1.0278917243024086,1.0000000000000009,-5.010014306151645,"-5.01,-4.46,-4.86,-4.04","0.800,0.815,0.804,0.827",0,10,-5.470997679814385
BOTH,33,36,3,33,0.9166666666666666,8386,0.7982351538278083,-0.11843151283885833,-4.263534462198903,-35754,3.0,1.0278917243024086,1.0000000000000009,-4.605150214592275,"-4.61,-4.18,-4.56,-3.71","0.789,0.801,0.790,0.814",0,10,-5.143851508120649
BOTH,33,37,4,33,0.8918918918918919,8386,0.7829716193656093,-0.10892027252628256,-4.030050083472454,-33796,3.0,1.0278917243024086,1.0000000000000009,-4.381020505484025,"-4.38,-3.86,-4.31,-3.57","0.773,0.788,0.775,0.795",0,10,-4.928074245939675
BOTH,33,38,5,33,0.868421052631579,8386,0.7677080849034105,-0.10071296772816851,-3.8270927736704032,-32094,3.0,1.0278917243024086,1.0000000000000009,-4.20553171196948,"-4.21,-3.67,-4.08,-3.35","0.758,0.772,0.761,0.780",0,10,-4.698375870069605
BOTH,33,39,6,33,0.8461538461538461,8386,0.7492248986405915,-0.09692894751325465,-3.780228953016933,-31701,3.0,1.0278917243024086,1.0000000000000009,-4.047709923664122,"-3.97,-3.60,-4.05,-3.50","0.744,0.754,0.742,0.756",0,10,-4.541763341067285
BOTH,33,40,7,33,0.825,8386,0.733126639637491,-0.09187336036250893,-3.674934414500358,-30818,3.0,1.0278917243024086,1.0000000000000009,-4.011450381679389,"-3.82,-3.65,-4.01,-3.22","0.730,0.734,0.725,0.744",0,10,-4.368909512761021
BOTH,33,41,8,33,0.8048780487804879,8386,0.7183400906272359,-0.08653795815325194,-3.548056284283329,-29754,3.0,1.0278917243024086,1.0000000000000009,-3.8931297709923665,"-3.69,-3.58,-3.89,-3.03","0.715,0.718,0.710,0.731",0,10,-4.41415313225058
BOTH,33,42,9,33,0.7857142857142857,8386,0.7031958025280229,-0.08251848318626276,-3.4657762938230383,-29064,3.0,1.0278917243024086,1.0000000000000009,-3.704198473282443,"-3.66,-3.36,-3.70,-3.14","0.699,0.706,0.698,0.711",0,10,-4.447795823665893
BOTH,33,43,10,33,0.7674418604651163,8386,0.6899594562365848,-0.07748240422853148,-3.3317433818268545,-27940,3.0,1.0278917243024086,1.0000000000000009,-3.4580152671755724,"-3.43,-3.29,-3.46,-3.14","0.688,0.691,0.687,0.694",0,10,-4.067285382830627
BOTH,33,44,11,33,0.75,8386,0.6704030527068925,-0.07959694729310751,-3.5022656808967327,-29370,3.0,1.0278917243024086,1.0000000000000009,-3.8135431568907965,"-3.81,-3.40,-3.51,-3.29","0.663,0.673,0.670,0.675",0,10,-4.262180974477959
BOTH,33,45,12,33,0.7333333333333333,8386,0.657643691867398,-0.07568964146593526,-3.406033865967088,-28563,3.0,1.0278917243024086,1.0000000000000009,-3.772532188841202,"-3.77,-3.29,-3.42,-3.15","0.649,0.660,0.657,0.663",0,10,-4.3399071925754065
BOTH,33,46,13,33,0.717391304347826,8386,0.6532315764369186,-0.0641597279109074,-2.951347483901741,-24750,3.0,1.0278917243024086,1.0000000000000009,-3.2765855984740107,"-3.28,-2.82,-3.06,-2.64","0.646,0.656,0.651,0.660",0,10,-3.9698375870069604
BOTH,33,47,14,33,0.7021276595744681,8386,0.6416646792272835,-0.06046298034718456,-2.8417600763176725,-23831,3.0,1.0278917243024086,1.0000000000000009,-3.1459227467811157,"-3.15,-2.66,-2.93,-2.63","0.635,0.646,0.640,0.646",0,10,-3.9385150812064964
BOTH,33,48,15,33,0.6875,8386,0.6286668256618173,-0.05883317433818269,-2.823992368232769,-23682,3.0,1.0278917243024086,1.0000000000000009,-3.060085836909871,"-3.06,-2.56,-2.95,-2.72","0.624,0.634,0.626,0.631",0,10,-3.9327146171693736
BOTH,33,49,16,33,0.673469387755102,8386,0.6163844502742666,-0.05708493748083543,-2.797161936560935,-23457,3.0,1.0278917243024086,1.0000000000000009,-2.9594465648854964,"-2.95,-2.38,-2.96,-2.90","0.613,0.625,0.613,0.614",0,10,-4.009280742459397
BOTH,33,50,17,33,0.66,8386,0.6064870021464346,-0.05351299785356545,-2.6756498926782735,-22438,3.0,1.0278917243024086,1.0000000000000009,-2.895038167938931,"-2.79,-2.16,-2.90,-2.86","0.604,0.617,0.602,0.603",0,10,-3.9396751740139213
BOTH,33,51,18,33,0.6470588235294118,8386,0.5981397567374195,-0.048919066791992316,-2.4948724063916052,-20922,3.0,1.0278917243024086,1.0000000000000009,-2.7939914163090127,"-2.58,-1.95,-2.66,-2.79","0.597,0.609,0.595,0.592",0,10,-3.7134570765661254
BOTH,33,52,19,33,0.6346153846153846,8386,0.5876460767946577,-0.046969307820726836,-2.4424040066777963,-20482,3.0,1.0278917243024086,1.0000000000000009,-2.6583969465648853,"-2.55,-1.96,-2.66,-2.60","0.586,0.597,0.583,0.585",0,10,-3.74245939675174
BOTH,33,53,20,33,0.6226415094339622,8386,0.5758406868590508,-0.04680082257491147,-2.4804435964703075,-20801,3.0,1.0278917243024086,1.0000000000000009,-2.782919847328244,"-2.60,-2.07,-2.78,-2.47","0.574,0.583,0.570,0.576",0,10,-3.7946635730858467
BOTH,33,54,21,33,0.6111111111111112,8386,0.5665394705461484,-0.04457164056496277,-2.4068685905079894,-20184,3.0,1.0278917243024086,1.0000000000000009,-2.7280534351145036,"-2.41,-1.88,-2.73,-2.61","0.567,0.576,0.561,0.563",0,10,-3.8074245939675175
BOTH,33,55,22,33,0.6,8386,0.5559265442404007,-0.04407345575959931,-2.4240400667779634,-20328,3.0,1.0278917243024086,1.0000000000000009,-2.811635670004769,"-2.44,-1.75,-2.69,-2.81","0.556,0.568,0.551,0.549",0,10,-3.8410672853828305
BOTH,33,56,23,33,0.5892857142857143,8386,0.5459098497495827,-0.043375864536131625,-2.4290484140233723,-20370,3.0,1.0278917243024086,1.0000000000000009,-2.8235574630424414,"-2.40,-1.82,-2.68,-2.82","0.546,0.557,0.542,0.539",0,10,-3.765661252900232
BOTH,33,57,24,33,0.5789473684210527,8386,0.5337467207250179,-0.04520064769603471,-2.5764369186739806,-21606,3.0,1.0278917243024086,1.0000000000000009,-3.0314885496183206,"-2.42,-2.03,-3.03,-2.83","0.536,0.543,0.526,0.529",0,10,-3.574245939675174
BOTH,33,58,25,33,0.5689655172413793,8386,0.525280228953017,-0.04368528828836238,-2.5337467207250177,-21248,3.0,1.0278917243024086,1.0000000000000009,-2.9351454458750594,"-2.19,-2.15,-2.87,-2.94","0.531,0.532,0.520,0.518",0,10,-3.5039908779931586
BOTH,33,59,26,33,0.559322033898305,8386,0.5214643453374672,-0.03785768856083782,-2.233603625089435,-18731,3.0,1.0278917243024086,1.0000000000000009,-2.6700047687172153,"-1.88,-1.84,-2.54,-2.67","0.527,0.528,0.516,0.514",0,10,-3.264538198403649
BOTH,33,60,27,33,0.55,8386,0.511805389935607,-0.038194610064393064,-2.291676603863582,-19218,3.0,1.0278917243024086,1.0000000000000009,-2.728183118741059,"-1.98,-1.83,-2.63,-2.73","0.517,0.520,0.506,0.505",0,10,-3.2394526795895096
BOTH,33,61,28,33,0.5409836065573771,8386,0.5054853326973527,-0.035498273860024354,-2.1653947054614835,-18159,3.0,1.0278917243024086,1.0000000000000009,-2.674618320610687,"-1.96,-1.57,-2.67,-2.46","0.509,0.515,0.497,0.501",0,10,-3.2784222737819024
BOTH,33,62,29,33,0.532258064516129,8386,0.4977343191032674,-0.03452374541286163,-2.1404722155974243,-17950,3.0,1.0278917243024086,1.0000000000000009,-2.650763358778626,"-2.01,-1.44,-2.65,-2.46","0.500,0.509,0.490,0.493",0,10,-3.4385150812064964
BOTH,33,63,30,33,0.5238095238095238,8386,0.4904602909611257,-0.033349232848398136,-2.1010016694490816,-17619,3.0,1.0278917243024086,1.0000000000000009,-2.552003816793893,"-2.09,-1.35,-2.55,-2.42","0.491,0.502,0.483,0.485",0,10,-3.546403712296984
BOTH,33,64,31,33,0.515625,8386,0.48354400190794183,-0.032080998092058166,-2.0531838778917244,-17218,3.0,1.0278917243024086,1.0000000000000009,-2.5572519083969465,"-2.02,-1.37,-2.56,-2.27","0.484,0.494,0.476,0.480",0,10,-3.7470997679814384
BOTH,33,65,32,33,0.5076923076923077,8386,0.4755544955878846,-0.03213781210442307,-2.088957786787503,-17518,3.0,1.0278917243024086,1.0000000000000009,-2.6087786259541983,"-2.13,-1.37,-2.61,-2.25","0.475,0.487,0.468,0.473",0,10,-3.968677494199536
BOTH,33,66,33,33,0.5,8386,0.4689959456236585,-0.031004054376341517,-2.0462675888385404,-17160,3.0,1.0278917243024086,1.0000000000000009,-2.676526717557252,"-2.03,-1.48,-2.68,-2.00","0.469,0.478,0.459,0.470",0,10,-3.7517401392111367
BOTH,33,67,34,33,0.4925373134328358,8386,0.466491772000954,-0.026045541431881813,-1.745051275936084,-14634,3.0,1.0278917243024086,1.0000000000000009,-2.2810114503816794,"-1.85,-1.23,-2.28,-1.62","0.465,0.474,0.458,0.468",0,10,-3.6194895591647334
BOTH,33,68,35,33,0.4852941176470588,8386,0.4612449320295731,-0.024049185617485702,-1.6353446219890293,-13714,3.0,1.0278917243024086,1.0000000000000009,-2.1469465648854964,"-1.80,-0.98,-2.15,-1.61","0.459,0.471,0.454,0.462",0,10,-3.9698375870069604
BOTH,33,69,36,33,0.4782608695652174,8386,0.4533746720725018,-0.02488619749271559,-1.7171476269973767,-14400,3.0,1.0278917243024086,1.0000000000000009,-2.2857824427480917,"-1.94,-1.10,-2.29,-1.54","0.450,0.462,0.445,0.456",0,10,-3.863109048723898
BOTH,33,70,37,33,0.4714285714285714,8386,0.44669687574528977,-0.02473169568328165,-1.7312186978297162,-14518,3.0,1.0278917243024086,1.0000000000000009,-2.3416030534351147,"-1.86,-1.17,-2.34,-1.56","0.445,0.455,0.438,0.449",0,10,-3.6844547563805103
BOTH,34,35,1,34,0.9714285714285714,8574,0.8313505948215535,-0.14007797660701793,-4.902729181245626,-42036,3.0,1.0285747609050617,1.0000000000000009,-5.189920671955203,"-5.19,-4.77,-5.19,-4.47","0.823,0.835,0.823,0.844",0,10,-5.493212669683258
BOTH,34,36,2,34,0.9444444444444444,8574,0.8173547935619314,-0.127089650882513,-4.575227431770469,-39228,3.0,1.0285747609050617,1.0000000000000009,-4.887540830611292,"-4.75,-4.50,-4.89,-4.16","0.812,0.819,0.809,0.829",0,10,-5.110102156640181
BOTH,34,37,3,34,0.918918918918919,8574,0.8020760438535106,-0.11684287506540836,-4.323186377420107,-37067,3.0,1.0285747609050617,1.0000000000000009,-4.59682687820812,"-4.58,-4.13,-4.60,-3.99","0.795,0.807,0.795,0.811",0,10,-4.994343891402715
BOTH,34,38,4,34,0.8947368421052632,8574,0.7876137158852344,-0.10712312622002873,-4.070678796361092,-34902,3.0,1.0285747609050617,1.0000000000000009,-4.369575361642557,"-4.35,-3.84,-4.37,-3.73","0.780,0.794,0.780,0.797",0,10,-4.726244343891403
BOTH,34,39,5,34,0.8717948717948718,8574,0.7690692792162351,-0.10272559257863667,-4.00629811056683,-34350,3.0,1.0285747609050617,1.0000000000000009,-4.299580027998133,"-4.11,-3.75,-4.30,-3.86","0.766,0.776,0.762,0.773",0,10,-4.573529411764706
BOTH,34,40,6,34,0.85,8574,0.7521576860275251,-0.09784231397247489,-3.913692558898997,-33556,3.0,1.0285747609050617,1.0000000000000009,-4.24731684554363,"-3.93,-3.82,-4.25,-3.66","0.752,0.755,0.744,0.758",0,10,-4.512249443207127
BOTH,34,41,7,34,0.8292682926829268,8574,0.7373454630277584,-0.0919228296551684,-3.768836015861908,-32314,3.0,1.0285747609050617,1.0000000000000009,-4.134857676154923,"-3.80,-3.71,-4.13,-3.42","0.736,0.739,0.728,0.746",0,10,-4.409502262443439
BOTH,34,42,8,34,0.8095238095238095,8574,0.7226498717051552,-0.08687393781865438,-3.648705388383485,-31284,3.0,1.0285747609050617,1.0000000000000009,-3.994400373308446,"-3.71,-3.39,-3.99,-3.50","0.721,0.729,0.714,0.726",0,10,-4.352941176470588
BOTH,34,43,9,34,0.7906976744186046,8574,0.7100536505714952,-0.08064402384710945,-3.4676930254257057,-29732,3.0,1.0285747609050617,1.0000000000000009,-3.6612225851609894,"-3.49,-3.24,-3.66,-3.47","0.709,0.715,0.706,0.710",0,10,-4.216035634743875
BOTH,34,44,10,34,0.7727272727272727,8574,0.6903428971308607,-0.08238437559641199,-3.6249125262421273,-31080,3.0,1.0285747609050617,1.0000000000000009,-3.8526119402985075,"-3.85,-3.35,-3.72,-3.59","0.685,0.697,0.688,0.691",0,10,-4.221258134490238
BOTH,34,45,11,34,0.7555555555555555,8574,0.6776300443200374,-0.07792551123551816,-3.5066480055983207,-30066,3.0,1.0285747609050617,1.0000000000000009,-3.7761194029850746,"-3.78,-3.22,-3.57,-3.46","0.672,0.684,0.676,0.679",0,10,-4.220588235294118
BOTH,34,46,12,34,0.7391304347826086,8574,0.6730814089106602,-0.0660490258719485,-3.0382551901096337,-26050,3.0,1.0285747609050617,1.0000000000000009,-3.2761194029850746,"-3.28,-2.75,-3.20,-2.93","0.668,0.679,0.670,0.675",0,10,-3.766968325791855
BOTH,34,47,13,34,0.723404255319149,8574,0.6609517144856543,-0.06245254083349472,-2.9352694191742477,-25167,3.0,1.0285747609050617,1.0000000000000009,-3.1343283582089554,"-3.13,-2.59,-3.08,-2.94","0.657,0.668,0.658,0.661",0,10,-3.747737556561086
BOTH,34,48,14,34,0.7083333333333334,8574,0.6475390716118498,-0.06079426172148361,-2.9181245626312107,-25020,3.0,1.0285747609050617,1.0000000000000009,-3.090060662622492,"-3.01,-2.51,-3.09,-3.06","0.646,0.656,0.644,0.645",0,10,-3.7013574660633486
BOTH,34,49,15,34,0.6938775510204082,8574,0.6348262188010264,-0.05905133221938175,-2.8935152787497085,-24809,3.0,1.0285747609050617,1.0000000000000009,-3.237873134328358,"-2.96,-2.31,-3.06,-3.24","0.633,0.647,0.631,0.628",0,10,-3.854710556186152
BOTH,34,50,16,34,0.68,8574,0.6240961045019827,-0.05590389549801733,-2.795194774900863,-23966,3.0,1.0285747609050617,1.0000000000000009,-3.1930970149253732,"-2.82,-2.11,-3.06,-3.19","0.624,0.638,0.619,0.616",0,10,-3.977298524404086
BOTH,34,51,17,34,0.6666666666666666,8574,0.6153487287147189,-0.05131793795194772,-2.617214835549335,-22440,3.0,1.0285747609050617,1.0000000000000009,-3.1240671641791047,"-2.62,-1.90,-2.82,-3.12","0.615,0.629,0.611,0.605",0,10,-3.782065834279228
BOTH,34,52,18,34,0.6538461538461539,8574,0.6047352460928388,-0.04911090775331506,-2.5537672031723817,-21896,3.0,1.0285747609050617,1.0000000000000009,-2.9309701492537314,"-2.59,-1.87,-2.82,-2.93","0.604,0.618,0.600,0.597",0,10,-3.6617480136208855
BOTH,34,53,19,34,0.6415094339622641,8574,0.5928388150221601,-0.04867061894010405,-2.579542803825519,-22117,3.0,1.0285747609050617,1.0000000000000009,-2.9617358842743817,"-2.61,-1.92,-2.96,-2.83","0.592,0.605,0.586,0.588",0,10,-3.6029411764705883
BOTH,34,54,20,34,0.6296296296296297,8574,0.5825752274317705,-0.04705440219785917,-2.5409377186843947,-21786,3.0,1.0285747609050617,1.0000000000000009,-2.9556696220251983,"-2.52,-1.75,-2.96,-2.94","0.583,0.597,0.575,0.575",0,10,-3.762443438914027
BOTH,34,55,21,34,0.6181818181818182,8574,0.5717284814555633,-0.046453336726254846,-2.554933519944017,-21906,3.0,1.0285747609050617,1.0000000000000009,-3.1394589552238807,"-2.60,-1.59,-2.89,-3.14","0.571,0.589,0.566,0.561",0,10,-3.762443438914027
BOTH,34,56,22,34,0.6071428571428571,8574,0.5619314205738278,-0.04521143656902926,-2.5318404478656404,-21708,3.0,1.0285747609050617,1.0000000000000009,-3.126865671641791,"-2.50,-1.62,-2.88,-3.13","0.562,0.578,0.556,0.551",0,10,-3.6561085972850678
BOTH,34,57,23,34,0.5964912280701754,8574,0.5492185677630045,-0.04727266030717092,-2.694541637508747,-23103,3.0,1.0285747609050617,1.0000000000000009,-3.2258516098926737,"-2.60,-1.87,-3.23,-3.08","0.551,0.564,0.540,0.542",0,10,-3.656072644721907
BOTH,34,58,24,34,0.5862068965517241,8574,0.5403545602985771,-0.045852336253147,-2.6594355026825287,-22802,3.0,1.0285747609050617,1.0000000000000009,-3.1875,"-2.38,-2.01,-3.06,-3.19","0.545,0.552,0.533,0.531",0,10,-3.579064587973274
BOTH,34,59,25,34,0.576271186440678,8574,0.536505714952181,-0.03976547148849696,-2.34616281782132,-20116,3.0,1.0285747609050617,1.0000000000000009,-2.903917910447761,"-2.05,-1.68,-2.75,-2.90","0.542,0.548,0.530,0.527",0,10,-3.3173719376391984
BOTH,34,60,26,34,0.5666666666666667,8574,0.5265920223932821,-0.040074644273384585,-2.404478656403079,-20616,3.0,1.0285747609050617,1.0000000000000009,-2.9925373134328357,"-2.15,-1.63,-2.84,-2.99","0.531,0.539,0.519,0.517",0,10,-3.4211123723042
BOTH,34,61,27,34,0.5573770491803278,8574,0.5204105435036156,-0.036966505676712225,-2.2549568462794496,-19334,3.0,1.0285747609050617,1.0000000000000009,-2.888007466168922,"-2.11,-1.35,-2.89,-2.67","0.523,0.535,0.510,0.514",0,10,-3.3961407491486946
BOTH,34,62,28,34,0.5483870967741935,8574,0.5121296944250058,-0.03625740234918773,-2.2479589456496383,-19274,3.0,1.0285747609050617,1.0000000000000009,-2.869808679421372,"-2.19,-1.22,-2.87,-2.71","0.513,0.529,0.502,0.505",0,10,-3.3506787330316743
BOTH,34,63,29,34,0.5396825396825397,8574,0.5043153720550502,-0.03536716762748948,-2.2281315605318404,-19104,3.0,1.0285747609050617,1.0000000000000009,-2.7498833411105927,"-2.29,-1.16,-2.75,-2.71","0.503,0.521,0.496,0.497",0,10,-3.497737556561086
BOTH,34,64,30,34,0.53125,8574,0.49755073477956613,-0.03369926522043387,-2.156752974107768,-18492,3.0,1.0285747609050617,1.0000000000000009,-2.76154923005133,"-2.21,-1.15,-2.76,-2.51","0.497,0.513,0.488,0.492",0,10,-3.665158371040724
BOTH,34,65,31,34,0.5230769230769231,8574,0.48915325402379284,-0.03392366905313027,-2.205038488453464,-18906,3.0,1.0285747609050617,1.0000000000000009,-2.819412039197387,"-2.32,-1.21,-2.82,-2.47","0.487,0.504,0.480,0.485",0,10,-3.926470588235294
BOTH,34,66,32,34,0.5151515151515151,8574,0.4818054583624913,-0.03334605678902386,-2.2008397480755773,-18870,3.0,1.0285747609050617,1.0000000000000009,-2.924871675221652,"-2.20,-1.42,-2.92,-2.26","0.482,0.494,0.471,0.481",0,10,-3.959137343927355
BOTH,34,67,33,34,0.5074626865671642,8574,0.4792395614648939,-0.02822312510227032,-1.890949381852111,-16213,3.0,1.0285747609050617,1.0000000000000009,-2.516565562295847,"-2.00,-1.14,-2.52,-1.91","0.478,0.490,0.470,0.479",0,10,-3.6074660633484164
BOTH,34,68,34,34,0.5,8574,0.47399113599253556,-0.02600886400746444,-1.7686027525075811,-15164,3.0,1.0285747609050617,1.0000000000000009,-2.363975734951003,"-1.93,-0.84,-2.36,-1.93","0.472,0.488,0.465,0.472",0,10,-3.923076923076923
BOTH,34,69,35,34,0.4927536231884058,8574,0.46594355026825285,-0.026810072920152972,-1.849895031490553,-15861,3.0,1.0285747609050617,1.0000000000000009,-2.5104993000466638,"-2.04,-0.97,-2.51,-1.88","0.463,0.479,0.456,0.465",0,10,-3.7929864253393664
BOTH,34,70,36,34,0.4857142857142857,8574,0.4588290179612783,-0.026885267753007425,-1.8819687427105203,-16136,3.0,1.0285747609050617,1.0000000000000009,-2.544097060195987,"-2.00,-1.11,-2.54,-1.87","0.457,0.470,0.449,0.459",0,10,-3.5927601809954752
BOTH,35,36,1,35,0.9722222222222222,8762,0.8362246062542799,-0.13599761596794235,-4.895914174845926,-42898,3.0,1.0296621775850263,1.0000000000000009,-5.147945205479452,"-5.11,-4.92,-5.15,-4.41","0.830,0.836,0.829,0.850",0,10,-5.465631929046563
BOTH,35,37,2,35,0.9459459459459459,8762,0.8223008445560375,-0.12364510138990847,-4.574868751426615,-40085,3.0,1.0296621775850263,1.0000000000000009,-4.825570776255708,"-4.82,-4.47,-4.83,-4.18","0.816,0.825,0.816,0.833",0,10,-5.219512195121951
BOTH,35,38,3,35,0.9210526315789473,8762,0.8081488244692993,-0.11290380710964809,-4.290344670166629,-37592,3.0,1.0296621775850263,1.0000000000000009,-4.617351598173516,"-4.53,-4.18,-4.62,-3.83","0.802,0.811,0.800,0.820",0,10,-4.9201773835920175
BOTH,35,39,4,35,0.8974358974358975,8762,0.789888153389637,-0.10754774404626044,-4.1943620178041545,-36751,3.0,1.0296621775850263,1.0000000000000009,-4.583561643835616,"-4.24,-4.08,-4.58,-3.87","0.789,0.793,0.780,0.798",0,10,-4.777161862527716
BOTH,35,40,5,35,0.875,8762,0.7733394202236932,-0.10166057977630683,-4.066423191052271,-35630,3.0,1.0296621775850263,1.0000000000000009,-4.5159817351598175,"-3.98,-4.11,-4.52,-3.65","0.775,0.772,0.762,0.784",0,10,-4.490022172949002
BOTH,35,41,6,35,0.8536585365853658,8762,0.7579319790002282,-0.0957265575851376,-3.9247888609906414,-34389,3.0,1.0296621775850263,1.0000000000000009,-4.427853881278539,"-3.86,-3.98,-4.43,-3.43","0.759,0.757,0.746,0.770",0,10,-4.695652173913044
BOTH,35,42,7,35,0.8333333333333334,8762,0.7426386669710112,-0.09069466636232215,-3.80917598721753,-33376,3.0,1.0296621775850263,1.0000000000000009,-4.295890410958904,"-3.75,-3.66,-4.30,-3.52","0.744,0.746,0.731,0.749",0,10,-4.501108647450111
BOTH,35,43,8,35,0.813953488372093,8762,0.7301985847979914,-0.08375490357410165,-3.601460853686373,-31556,3.0,1.0296621775850263,1.0000000000000009,-3.9378995433789954,"-3.50,-3.47,-3.94,-3.50","0.733,0.733,0.722,0.733",0,10,-4.251662971175167
BOTH,35,44,9,35,0.7954545454545454,8762,0.7098835882218671,-0.08557095723267827,-3.765122118237845,-32990,3.0,1.0296621775850263,1.0000000000000009,-3.9789954337899545,"-3.83,-3.66,-3.98,-3.59","0.708,0.712,0.705,0.714",0,10,-4.414634146341464
BOTH,35,45,10,35,0.7777777777777778,8762,0.6968728600776078,-0.08090491770016994,-3.6407212965076465,-31900,3.0,1.0296621775850263,1.0000000000000009,-3.787671232876712,"-3.72,-3.54,-3.79,-3.51","0.695,0.699,0.694,0.700",0,10,-4.417960088691796
BOTH,35,46,11,35,0.7608695652173914,8762,0.6920794339191966,-0.06879013129819478,-3.1643460397169596,-27726,3.0,1.0296621775850263,1.0000000000000009,-3.3881278538812785,"-3.21,-3.09,-3.39,-2.96","0.691,0.694,0.687,0.696",0,10,-3.942350332594235
BOTH,35,47,12,35,0.7446808510638298,8762,0.6798676101346725,-0.0648132409291573,-3.0462223236703947,-26691,3.0,1.0296621775850263,1.0000000000000009,-3.2374429223744294,"-3.08,-2.89,-3.24,-2.97","0.679,0.683,0.676,0.681",0,10,-3.8924611973392462
BOTH,35,48,13,35,0.7291666666666666,8762,0.6661721068249258,-0.06299455984174085,-3.0237388724035608,-26494,3.0,1.0296621775850263,1.0000000000000009,-3.197260273972603,"-2.97,-2.76,-3.20,-3.17","0.667,0.672,0.663,0.663",0,10,-3.8159645232815964
BOTH,35,49,14,35,0.7142857142857143,8762,0.6530472494864187,-0.06123846479929562,-3.0006847751654875,-26292,3.0,1.0296621775850263,1.0000000000000009,-3.3322683706070286,"-2.86,-2.60,-3.21,-3.33","0.656,0.661,0.649,0.646",0,10,-4.015503875968992
BOTH,35,50,15,35,0.7,8762,0.6420908468386213,-0.05790915316137868,-2.895457658068934,-25370,3.0,1.0296621775850263,1.0000000000000009,-3.2793245093564583,"-2.80,-2.37,-3.13,-3.28","0.644,0.653,0.637,0.634",0,10,-4.0476190476190474
BOTH,35,51,16,35,0.6862745098039216,8762,0.6329605112987903,-0.0533139985051313,-2.719013923761698,-23824,3.0,1.0296621775850263,1.0000000000000009,-3.1802829758101323,"-2.62,-2.14,-2.93,-3.18","0.635,0.644,0.629,0.624",0,10,-3.9368770764119603
BOTH,35,52,17,35,0.6730769230769231,8762,0.6218899794567451,-0.05118694362017806,-2.6617210682492582,-23322,3.0,1.0296621775850263,1.0000000000000009,-3.054769511638521,"-2.58,-2.09,-2.92,-3.05","0.623,0.633,0.617,0.614",0,10,-3.788482834994463
BOTH,35,53,18,35,0.660377358490566,8762,0.609564026477973,-0.05081333201259297,-2.6931065966674277,-23597,3.0,1.0296621775850263,1.0000000000000009,-3.030593607305936,"-2.66,-2.11,-3.03,-2.97","0.610,0.621,0.603,0.604",0,10,-3.6818181818181817
BOTH,35,54,19,35,0.6481481481481481,8762,0.5986076238301757,-0.0495405243179724,-2.675188313170509,-23440,3.0,1.0296621775850263,1.0000000000000009,-3.117808219178082,"-2.59,-1.88,-3.12,-3.11","0.600,0.613,0.590,0.591",0,10,-3.903654485049834
BOTH,35,55,20,35,0.6363636363636364,8762,0.5878794795708743,-0.04848415679276208,-2.6666286236019174,-23365,3.0,1.0296621775850263,1.0000000000000009,-3.2701962574167047,"-2.67,-1.70,-3.03,-3.27","0.588,0.605,0.581,0.577",0,10,-3.7804878048780486
BOTH,35,56,21,35,0.625,8762,0.5779502396713079,-0.047049760328692125,-2.6347865784067563,-23086,3.0,1.0296621775850263,1.0000000000000009,-3.281150159744409,"-2.59,-1.68,-2.99,-3.28","0.579,0.595,0.572,0.566",0,10,-3.7095343680709534
BOTH,35,57,22,35,0.6140350877192983,8762,0.5649395115270486,-0.04909557619224969,-2.798447842958229,-24520,3.0,1.0296621775850263,1.0000000000000009,-3.324657534246575,"-2.66,-1.95,-3.32,-3.26","0.567,0.580,0.556,0.557",0,10,-3.8803986710963456
BOTH,35,58,23,35,0.603448275862069,8762,0.5551244008217302,-0.04832387504033875,-2.8027847523396483,-24558,3.0,1.0296621775850263,1.0000000000000009,-3.366042902784117,"-2.52,-2.08,-3.25,-3.37","0.560,0.568,0.547,0.545",0,10,-3.8577728776185225
BOTH,35,59,24,35,0.5932203389830508,8762,0.5511298790230541,-0.04209045995999672,-2.483337137639808,-21759,3.0,1.0296621775850263,1.0000000000000009,-3.0629849383842993,"-2.17,-1.76,-2.94,-3.06","0.556,0.563,0.543,0.541",0,10,-3.5810363836824695
BOTH,35,60,25,35,0.5833333333333334,8762,0.5406299931522484,-0.042703340181085014,-2.562200410865099,-22450,3.0,1.0296621775850263,1.0000000000000009,-3.1789137380191694,"-2.38,-1.68,-3.00,-3.18","0.544,0.555,0.533,0.530",0,10,-3.7043189368770766
BOTH,35,61,26,35,0.5737704918032787,8762,0.5341246290801187,-0.03964586272315995,-2.4183976261127595,-21190,3.0,1.0296621775850263,1.0000000000000009,-3.051598173515982,"-2.34,-1.44,-3.05,-2.84","0.535,0.550,0.524,0.527",0,10,-3.655592469545958
BOTH,35,62,27,35,0.5645161290322581,8762,0.5257931979000229,-0.03872293113223524,-2.400821730198585,-21036,3.0,1.0296621775850263,1.0000000000000009,-3.009132420091324,"-2.46,-1.28,-3.01,-2.85","0.525,0.544,0.516,0.518",0,10,-3.587583148558758
BOTH,35,63,28,35,0.5555555555555556,8762,0.5174617667199269,-0.03809378883562864,-2.3999086966446015,-21028,3.0,1.0296621775850263,1.0000000000000009,-2.9246575342465753,"-2.57,-1.23,-2.92,-2.88","0.515,0.536,0.509,0.510",0,10,-3.7095343680709534
BOTH,35,64,29,35,0.546875,8762,0.5101574982880621,-0.03671750171193788,-2.3499201095640263,-20590,3.0,1.0296621775850263,1.0000000000000009,-3.0,"-2.49,-1.25,-3.00,-2.66","0.508,0.527,0.500,0.505",0,10,-3.8859357696567
BOTH,35,65,30,35,0.5384615384615384,8762,0.5019401963022141,-0.036521342159324344,-2.373887240356083,-20800,3.0,1.0296621775850263,1.0000000000000009,-3.0342465753424657,"-2.57,-1.28,-3.03,-2.60","0.499,0.519,0.492,0.498",0,10,-4.085365853658536
BOTH,35,66,31,35,0.5303030303030303,8762,0.49440766948185344,-0.035895360821176836,-2.369093814197672,-20758,3.0,1.0296621775850263,1.0000000000000009,-3.175342465753425,"-2.44,-1.49,-3.18,-2.38","0.493,0.508,0.482,0.494",0,10,-4.3023255813953485
BOTH,35,67,32,35,0.5223880597014925,8762,0.49178269801415203,-0.03060536168734046,-2.0505592330518145,-17967,3.0,1.0296621775850263,1.0000000000000009,-2.754337899543379,"-2.22,-1.22,-2.75,-2.00","0.489,0.504,0.481,0.492",0,10,-3.8372093023255816
BOTH,35,68,33,35,0.5147058823529411,8762,0.48619036749600547,-0.028515514856935653,-1.9390550102716275,-16990,3.0,1.0296621775850263,1.0000000000000009,-2.614611872146119,"-2.16,-0.91,-2.61,-2.07","0.483,0.501,0.476,0.484",0,10,-4.015521064301552
BOTH,35,69,34,35,0.5072463768115942,8762,0.4782013238986533,-0.02904505291294096,-2.004108650992924,-17560,3.0,1.0296621775850263,1.0000000000000009,-2.736986301369863,"-2.25,-1.04,-2.74,-2.00","0.475,0.492,0.468,0.478",0,10,-3.942350332594235
BOTH,35,70,35,35,0.5,8762,0.4708970554667884,-0.029102944533211605,-2.0372061173248115,-17850,3.0,1.0296621775850263,1.0000000000000009,-2.7488584474885847,"-2.25,-1.15,-2.75,-2.00","0.468,0.484,0.461,0.471",0,10,-3.75968992248062
YES,20,30,10,20,0.6666666666666666,2930,0.5426621160409556,-0.12400455062571103,-3.720136518771331,-10900,6.0,0.9734470989761091,1.0000000000000009,-4.016393442622951,"-3.83,-3.93,-4.02,-3.10","0.539,0.536,0.533,0.563",0,10,-4.657980456026059
YES,20,31,11,20,0.6451612903225806,2930,0.525938566552901,-0.11922272376967957,-3.695904436860068,-10829,6.0,0.9734470989761091,1.0000000000000009,-3.949453551912568,"-3.63,-3.91,-3.95,-3.29","0.528,0.519,0.518,0.539",0,10,-4.651465798045603
YES,20,32,12,20,0.625,2930,0.5051194539249146,-0.11988054607508536,-3.83617747440273,-11240,6.0,0.9734470989761091,1.0000000000000009,-4.218579234972678,"-3.80,-4.22,-3.87,-3.45","0.506,0.493,0.504,0.517",0,10,-4.677524429967427
YES,20,33,13,20,0.6060606060606061,2930,0.4877133105802048,-0.1183472954804013,-3.9054607508532424,-11443,6.0,0.9734470989761091,1.0000000000000009,-4.040983606557377,"-3.79,-4.04,-4.00,-3.79","0.491,0.484,0.485,0.491",0,10,-4.521172638436482
YES,20,34,14,20,0.5882352941176471,2930,0.47542662116040957,-0.11280867295723751,-3.835494880546075,-11238,6.0,0.9734470989761091,1.0000000000000009,-4.0683060109289615,"-3.58,-3.98,-4.07,-3.72","0.483,0.471,0.469,0.479",0,10,-4.495114006514658
YES,20,35,15,20,0.5714285714285714,2930,0.45802047781569966,-0.11340809361287174,-3.969283276450512,-11630,6.0,0.9734470989761091,1.0000000000000009,-4.26912568306011,"-3.72,-3.98,-4.27,-3.91","0.465,0.458,0.449,0.460",0,10,-4.639498432601881
YES,20,36,16,20,0.5555555555555556,2930,0.447098976109215,-0.10845657944634057,-3.9044368600682593,-11440,6.0,0.9734470989761091,1.0000000000000009,-4.213114754098361,"-3.65,-3.92,-4.21,-3.84","0.454,0.447,0.439,0.449",0,10,-4.764890282131661
YES,20,37,17,20,0.5405405405405406,2930,0.437542662116041,-0.10299787842449959,-3.810921501706485,-11166,6.0,0.9734470989761091,1.0000000000000009,-4.128415300546448,"-3.59,-3.77,-4.13,-3.75","0.443,0.439,0.429,0.439",0,10,-4.4576802507836994
YES,20,38,18,20,0.5263157894736842,2930,0.4279863481228669,-0.09832944135081728,-3.736518771331058,-10948,6.0,0.9734470989761091,1.0000000000000009,-4.062841530054645,"-3.51,-3.80,-4.06,-3.57","0.434,0.426,0.419,0.432",0,10,-4.394984326018808
YES,20,39,19,20,0.5128205128205128,2930,0.4167235494880546,-0.09609696333245815,-3.7477815699658703,-10981,6.0,0.9734470989761091,1.0000000000000009,-4.069672131147541,"-3.45,-3.80,-4.07,-3.67","0.424,0.415,0.408,0.419",0,10,-4.4
YES,20,40,20,20,0.5,2930,0.40546075085324235,-0.09453924914675765,-3.781569965870307,-11080,6.0,0.9734470989761091,1.0000000000000009,-4.262295081967213,"-3.47,-3.88,-4.26,-3.52","0.413,0.403,0.393,0.412",0,10,-4.724919093851133
YES,20,41,21,20,0.4878048780487805,2930,0.3965870307167236,-0.0912178473320569,-3.7399317406143346,-10958,6.0,0.9734470989761091,1.0000000000000009,-4.316939890710382,"-3.56,-3.76,-4.32,-3.33","0.401,0.396,0.383,0.407",0,10,-4.705329153605016
YES,20,42,22,20,0.47619047619047616,2930,0.3863481228668942,-0.08984235332358198,-3.7733788395904435,-11056,6.0,0.9734470989761091,1.0000000000000009,-4.508196721311475,"-3.56,-3.48,-4.51,-3.56","0.392,0.393,0.369,0.392",0,10,-4.990595611285267
YES,20,43,23,20,0.46511627906976744,2930,0.3778156996587031,-0.08730057941106434,-3.753924914675768,-10999,6.0,0.9734470989761091,1.0000000000000009,-4.550546448087432,"-3.57,-3.49,-4.55,-3.40","0.382,0.384,0.359,0.386",0,10,-5.307210031347962
YES,20,44,24,20,0.45454545454545453,2930,0.3706484641638225,-0.08389699038163201,-3.691467576791809,-10816,6.0,0.9734470989761091,1.0000000000000009,-4.371584699453552,"-3.67,-3.47,-4.37,-3.25","0.371,0.376,0.355,0.381",0,10,-5.241379310344827
YES,20,45,25,20,0.4444444444444444,2930,0.36382252559726963,-0.08062191884717479,-3.627986348122867,-10630,6.0,0.9734470989761091,1.0000000000000009,-4.262295081967213,"-3.73,-3.46,-4.26,-3.06","0.362,0.367,0.350,0.377",0,10,-5.1880877742946705
YES,20,46,26,20,0.43478260869565216,2930,0.3590443686006826,-0.07573824009496954,-3.483959044368601,-10208,6.0,0.9734470989761091,1.0000000000000009,-4.163934426229508,"-3.56,-3.41,-4.16,-2.80","0.357,0.361,0.344,0.374",0,10,-5.003134796238244
YES,20,47,27,20,0.425531914893617,2930,0.352901023890785,-0.07263089100283204,-3.413651877133106,-10002,6.0,0.9734470989761091,1.0000000000000009,-4.012295081967213,"-3.39,-3.56,-4.01,-2.69","0.353,0.350,0.340,0.368",0,10,-4.971786833855799
YES,20,48,28,20,0.4166666666666667,2930,0.3477815699658703,-0.0688850967007964,-3.3064846416382254,-9688,6.0,0.9734470989761091,1.0000000000000009,-3.9344262295081966,"-3.37,-3.41,-3.93,-2.52","0.347,0.346,0.335,0.364",0,10,-4.952978056426332
YES,20,49,29,20,0.40816326530612246,2930,0.3416382252559727,-0.06652504005014975,-3.259726962457338,-9551,6.0,0.9734470989761091,1.0000000000000009,-4.0683060109289615,"-3.15,-3.33,-4.07,-2.49","0.344,0.340,0.325,0.357",0,10,-5.100313479623824
YES,20,50,30,20,0.4,2930,0.33549488054607507,-0.06450511945392495,-3.2252559726962455,-9450,6.0,0.9734470989761091,1.0000000000000009,-4.1530054644808745,"-3.08,-3.20,-4.15,-2.47","0.338,0.336,0.317,0.351",0,10,-4.952978056426332
YES,20,51,31,20,0.39215686274509803,2930,0.33003412969283275,-0.06212273305226529,-3.1682593856655292,-9283,6.0,0.9734470989761091,1.0000000000000009,-4.045081967213115,"-3.16,-3.07,-4.05,-2.40","0.330,0.332,0.313,0.345",0,10,-4.8119122257053295
YES,20,52,32,20,0.38461538461538464,2930,0.3249146757679181,-0.05970070884746653,-3.1044368600682595,-9096,6.0,0.9734470989761091,1.0000000000000009,-3.9453551912568305,"-3.26,-2.95,-3.95,-2.26","0.322,0.328,0.309,0.341",0,10,-4.5141065830721
YES,20,53,33,20,0.37735849056603776,2930,0.3194539249146758,-0.05790456565136198,-3.0689419795221844,-8992,6.0,0.9734470989761091,1.0000000000000009,-3.8538251366120218,"-3.08,-3.27,-3.85,-2.07","0.319,0.316,0.305,0.338",0,10,-4.7081967213114755
YES,20,54,34,20,0.37037037037037035,2930,0.31399317406143346,-0.056377196308936894,-3.044368600682594,-8920,6.0,0.9734470989761091,1.0000000000000009,-3.8442622950819674,"-3.20,-3.03,-3.84,-2.10","0.311,0.314,0.299,0.332",0,10,-4.773770491803279
YES,20,55,35,20,0.36363636363636365,2930,0.30921501706484644,-0.054421346571517204,-2.993174061433447,-8770,6.0,0.9734470989761091,1.0000000000000009,-3.8456284153005464,"-3.19,-2.87,-3.85,-2.07","0.306,0.311,0.294,0.326",0,10,-5.032786885245901
YES,20,56,36,20,0.35714285714285715,2930,0.3051194539249147,-0.052023403217942465,-2.913310580204778,-8536,6.0,0.9734470989761091,1.0000000000000009,-3.551912568306011,"-3.19,-2.86,-3.55,-2.05","0.300,0.306,0.294,0.321",0,10,-4.760655737704918
YES,20,57,37,20,0.3508771929824561,2930,0.29590443686006823,-0.05497275612238789,-3.1334470989761094,-9181,6.0,0.9734470989761091,1.0000000000000009,-3.80327868852459,"-3.44,-3.18,-3.80,-2.11","0.291,0.295,0.284,0.314",0,10,-4.675409836065573
YES,20,58,38,20,0.3448275862068966,2930,0.29146757679180885,-0.05336000941508773,-3.0948805460750854,-9068,6.0,0.9734470989761091,1.0000000000000009,-3.519125683060109,"-3.46,-3.28,-3.52,-2.12","0.285,0.288,0.284,0.308",0,10,-4.796116504854369
YES,20,59,39,20,0.3389830508474576,2930,0.29146757679180885,-0.047515474055648765,-2.8034129692832765,-8214,6.0,0.9734470989761091,1.0000000000000009,-3.2349726775956285,"-3.18,-2.99,-3.23,-1.81","0.285,0.288,0.284,0.308",0,10,-4.533980582524272
YES,20,60,40,20,0.3333333333333333,2930,0.2856655290102389,-0.04766780432309442,-2.8600682593856654,-8380,6.0,0.9734470989761091,1.0000000000000009,-3.30150068212824,"-3.30,-2.87,-3.28,-1.99","0.278,0.286,0.279,0.300",0,10,-4.271844660194175
YES,20,61,41,20,0.32786885245901637,2930,0.28225255972696245,-0.04561629273205392,-2.78259385665529,-8153,6.0,0.9734470989761091,1.0000000000000009,-3.272851296043656,"-3.27,-2.67,-3.25,-1.94","0.274,0.284,0.275,0.296",0,10,-4.2
YES,20,62,42,20,0.3225806451612903,2930,0.2767918088737201,-0.04578883628757019,-2.8389078498293516,-8318,6.0,0.9734470989761091,1.0000000000000009,-3.3369713506139154,"-3.34,-2.64,-3.23,-2.15","0.269,0.280,0.270,0.288",0,10,-4.3475409836065575
YES,20,63,43,20,0.31746031746031744,2930,0.2733788395904437,-0.044081477869873764,-2.7771331058020476,-8137,6.0,0.9734470989761091,1.0000000000000009,-3.30327868852459,"-3.15,-2.53,-3.30,-2.12","0.267,0.277,0.265,0.284",0,10,-4.714754098360656
YES,20,64,44,20,0.3125,2930,0.27030716723549486,-0.04219283276450514,-2.7003412969283276,-7912,6.0,0.9734470989761091,1.0000000000000009,-3.300546448087432,"-3.06,-2.43,-3.30,-2.01","0.265,0.275,0.261,0.281",0,10,-4.472131147540984
YES,20,65,45,20,0.3076923076923077,2930,0.2651877133105802,-0.04250459438172749,-2.762798634812287,-8095,6.0,0.9734470989761091,1.0000000000000009,-3.4836065573770494,"-3.15,-2.51,-3.48,-1.91","0.259,0.269,0.254,0.278",0,10,-4.310344827586207
YES,20,66,46,20,0.30303030303030304,2930,0.2627986348122867,-0.040231668218016325,-2.6552901023890785,-7780,6.0,0.9734470989761091,1.0000000000000009,-3.680327868852459,"-2.89,-2.42,-3.68,-1.63","0.259,0.266,0.247,0.278",0,10,-4.482758620689655
YES,20,67,47,20,0.29850746268656714,2930,0.26075085324232083,-0.0377566094442463,-2.529692832764505,-7412,6.0,0.9734470989761091,1.0000000000000009,-3.4330601092896176,"-2.82,-2.33,-3.43,-1.54","0.256,0.264,0.247,0.276",0,10,-4.247648902821316
YES,20,68,48,20,0.29411764705882354,2930,0.257679180887372,-0.03643846617145152,-2.477815699658703,-7260,6.0,0.9734470989761091,1.0000000000000009,-3.278688524590164,"-3.02,-2.16,-3.28,-1.45","0.250,0.262,0.246,0.273",0,10,-4.225705329153605
YES,20,69,49,20,0.2898550724637681,2930,0.25358361774744026,-0.03627145471632787,-2.502730375426621,-7333,6.0,0.9734470989761091,1.0000000000000009,-3.221311475409836,"-3.06,-2.18,-3.22,-1.55","0.246,0.258,0.243,0.267",0,10,-4.210031347962382
YES,20,70,50,20,0.2857142857142857,2930,0.2508532423208191,-0.03486104339346657,-2.4402730375426622,-7150,6.0,0.9734470989761091,1.0000000000000009,-3.2650273224043715,"-2.81,-2.21,-3.27,-1.47","0.246,0.254,0.239,0.265",0,10,-4.420062695924765
YES,21,30,9,21,0.7,3026,0.5760079312623926,-0.12399206873760737,-3.719762062128222,-11256,6.0,0.9819894249834762,1.0000000000000009,-4.315719947159842,"-4.32,-3.78,-3.90,-2.89","0.556,0.574,0.570,0.604",0,10,-4.875
YES,21,31,10,21,0.6774193548387096,3026,0.5575016523463318,-0.11991770249237788,-3.7174487772637144,-11249,6.0,0.9819894249834762,1.0000000000000009,-4.046235138705416,"-4.05,-3.86,-3.86,-3.10","0.547,0.553,0.553,0.577",0,10,-4.725
YES,21,32,11,21,0.65625,3026,0.5373430270984798,-0.11890697290152019,-3.8050231328486452,-11514,6.0,0.9819894249834762,1.0000000000000009,-4.175693527080581,"-4.18,-4.11,-3.77,-3.16","0.526,0.528,0.538,0.557",0,10,-4.9
YES,21,33,12,21,0.6363636363636364,3026,0.5194976867151355,-0.11686594964850083,-3.856576338400529,-11670,6.0,0.9819894249834762,1.0000000000000009,-4.129458388375165,"-4.13,-3.93,-3.85,-3.52","0.511,0.517,0.520,0.530",0,10,-4.809375
YES,21,34,13,21,0.6176470588235294,3026,0.5059484467944482,-0.11169861202908127,-3.797752808988764,-11492,6.0,0.9819894249834762,1.0000000000000009,-4.0,"-3.93,-3.87,-4.00,-3.39","0.502,0.504,0.500,0.518",0,10,-4.54140127388535
YES,21,35,14,21,0.6,3026,0.4874421678783873,-0.11255783212161269,-3.9395241242564443,-11921,6.0,0.9819894249834762,1.0000000000000009,-4.148148148148148,"-3.99,-4.01,-4.15,-3.62","0.486,0.485,0.481,0.497",0,10,-4.503184713375796
YES,21,36,15,21,0.5833333333333334,3026,0.47752808988764045,-0.10580524344569292,-3.808988764044944,-11526,6.0,0.9819894249834762,1.0000000000000009,-4.095238095238095,"-3.88,-3.86,-4.10,-3.40","0.476,0.476,0.470,0.489",0,10,-4.468277945619335
YES,21,37,16,21,0.5675675675675675,3026,0.4676140118968936,-0.09995355567067393,-3.6982815598149372,-11191,6.0,0.9819894249834762,1.0000000000000009,-4.017195767195767,"-3.80,-3.63,-4.02,-3.36","0.465,0.470,0.459,0.477",0,10,-4.149681528662421
YES,21,38,17,21,0.5526315789473685,3026,0.4563780568407138,-0.09625352210665467,-3.657633840052875,-11068,6.0,0.9819894249834762,1.0000000000000009,-4.01058201058201,"-3.78,-3.61,-4.01,-3.23","0.453,0.458,0.447,0.468",0,10,-4.2064516129032254
YES,21,39,18,21,0.5384615384615384,3026,0.4424983476536682,-0.09596319080787025,-3.7425644415069397,-11325,6.0,0.9819894249834762,1.0000000000000009,-4.130952380952381,"-3.74,-3.67,-4.13,-3.43","0.443,0.444,0.433,0.450",0,10,-4.393548387096774
YES,21,40,19,21,0.525,3026,0.43027098479841375,-0.09472901520158628,-3.78916060806345,-11466,6.0,0.9819894249834762,1.0000000000000009,-4.28042328042328,"-3.83,-3.70,-4.28,-3.35","0.429,0.433,0.418,0.441",0,10,-4.354838709677419
YES,21,41,20,21,0.5121951219512195,3026,0.4203569068076669,-0.09183821514355262,-3.7653668208856574,-11394,6.0,0.9819894249834762,1.0000000000000009,-4.404761904761905,"-3.89,-3.59,-4.40,-3.18","0.417,0.425,0.405,0.435",0,10,-4.649546827794562
YES,21,42,21,21,0.5,3026,0.4087904824851289,-0.09120951751487111,-3.830799735624587,-11592,6.0,0.9819894249834762,1.0000000000000009,-4.666666666666667,"-3.86,-3.33,-4.67,-3.47","0.408,0.421,0.389,0.417",0,10,-4.885196374622357
YES,21,43,22,21,0.4883720930232558,3026,0.3995373430270985,-0.08883474999615731,-3.8198942498347654,-11559,6.0,0.9819894249834762,1.0000000000000009,-4.732804232804233,"-3.79,-3.37,-4.73,-3.39","0.400,0.410,0.378,0.410",0,10,-5.280966767371601
YES,21,44,23,21,0.4772727272727273,3026,0.39193654990085924,-0.08533617737186805,-3.754791804362194,-11362,6.0,0.9819894249834762,1.0000000000000009,-4.529100529100529,"-3.91,-3.37,-4.53,-3.21","0.388,0.401,0.374,0.404",0,10,-5.181268882175226
YES,21,45,24,21,0.4666666666666667,3026,0.38499669530733643,-0.08166997135933024,-3.6751487111698613,-11121,6.0,0.9819894249834762,1.0000000000000009,-4.392857142857143,"-3.94,-3.38,-4.39,-2.99","0.379,0.392,0.369,0.400",0,10,-5.093655589123867
YES,21,46,25,21,0.45652173913043476,3026,0.380039656311963,-0.07648208281847174,-3.5181758096497027,-10646,6.0,0.9819894249834762,1.0000000000000009,-4.267195767195767,"-3.80,-3.29,-4.27,-2.71","0.374,0.385,0.364,0.398",0,10,-4.879154078549849
YES,21,47,26,21,0.44680851063829785,3026,0.3721083939193655,-0.07470011671893234,-3.5109054857898214,-10624,6.0,0.9819894249834762,1.0000000000000009,-4.214285714285714,"-3.68,-3.53,-4.21,-2.62","0.369,0.372,0.357,0.391",0,10,-4.954682779456193
YES,21,48,27,21,0.4375,3026,0.3668208856576338,-0.07067911434236618,-3.3925974884335757,-10266,6.0,0.9819894249834762,1.0000000000000009,-4.111111111111111,"-3.63,-3.41,-4.11,-2.42","0.362,0.366,0.352,0.387",0,10,-4.903323262839879
YES,21,49,28,21,0.42857142857142855,3026,0.3595505617977528,-0.06902086677367575,-3.3820224719101124,-10234,6.0,0.9819894249834762,1.0000000000000009,-4.277777777777778,"-3.52,-3.31,-4.28,-2.42","0.357,0.361,0.341,0.379",0,10,-5.0120845921450154
YES,21,50,29,21,0.42,3026,0.35194976867151356,-0.06805023132848642,-3.4025115664243226,-10296,6.0,0.9819894249834762,1.0000000000000009,-4.3994708994708995,"-3.56,-3.21,-4.40,-2.44","0.349,0.356,0.332,0.371",0,10,-4.9879154078549846
YES,21,51,30,21,0.4117647058823529,3026,0.34699272967614014,-0.06477197620621278,-3.303370786516854,-9996,6.0,0.9819894249834762,1.0000000000000009,-4.2023809523809526,"-3.62,-3.06,-4.20,-2.34","0.341,0.352,0.329,0.366",0,10,-4.8217522658610275
YES,21,52,31,21,0.40384615384615385,3026,0.34104428288169203,-0.06280187096446183,-3.265697290152016,-9882,6.0,0.9819894249834762,1.0000000000000009,-4.079365079365079,"-3.76,-2.98,-4.08,-2.25","0.332,0.347,0.325,0.361",0,10,-4.504531722054381
YES,21,53,32,21,0.39622641509433965,3026,0.33476536682088565,-0.061461048273454,-3.2574355584930603,-9857,6.0,0.9819894249834762,1.0000000000000009,-4.104497354497354,"-3.57,-3.33,-4.10,-2.03","0.329,0.333,0.319,0.358",0,10,-4.416129032258064
YES,21,54,33,21,0.3888888888888889,3026,0.32881692002643753,-0.060071968862451364,-3.2438863185723728,-9816,6.0,0.9819894249834762,1.0000000000000009,-4.071428571428571,"-3.67,-3.07,-4.07,-2.17","0.321,0.332,0.313,0.349",0,10,-4.451612903225806
YES,21,55,34,21,0.38181818181818183,3026,0.3238598810310641,-0.05795830078711772,-3.187706543291474,-9646,6.0,0.9819894249834762,1.0000000000000009,-4.121693121693122,"-3.64,-2.88,-4.12,-2.11","0.316,0.329,0.307,0.343",0,10,-4.854838709677419
YES,21,56,35,21,0.375,3026,0.3192333113020489,-0.055766688697951095,-3.1229345670852613,-9450,6.0,0.9819894249834762,1.0000000000000009,-3.888888888888889,"-3.62,-2.85,-3.89,-2.14","0.310,0.324,0.306,0.337",0,10,-4.741935483870968
YES,21,57,36,21,0.3684210526315789,3026,0.30931923331130207,-0.05910181932027686,-3.3688037012557834,-10194,6.0,0.9819894249834762,1.0000000000000009,-4.186507936507937,"-3.83,-3.21,-4.19,-2.25","0.301,0.312,0.295,0.329",0,10,-4.635483870967742
YES,21,58,37,21,0.3620689655172414,3026,0.3043621943159286,-0.05770677120131279,-3.34699272967614,-10128,6.0,0.9819894249834762,1.0000000000000009,-3.9682539682539684,"-3.84,-3.35,-3.97,-2.23","0.296,0.304,0.294,0.324",0,10,-4.968944099378882
YES,21,59,38,21,0.3559322033898305,3026,0.3043621943159286,-0.05157000907390191,-3.0426305353602117,-9207,6.0,0.9819894249834762,1.0000000000000009,-3.6746031746031744,"-3.54,-3.05,-3.67,-1.90","0.296,0.304,0.294,0.324",0,10,-4.692546583850931
YES,21,60,39,21,0.35,3026,0.29808327825512226,-0.051916721744877714,-3.1150033046926637,-9426,6.0,0.9819894249834762,1.0000000000000009,-3.7777777777777777,"-3.64,-2.98,-3.78,-2.06","0.289,0.300,0.287,0.316",0,10,-4.416149068322981
YES,21,61,40,21,0.3442622950819672,3026,0.29477858559153997,-0.04948370949042724,-3.018506278916061,-9134,6.0,0.9819894249834762,1.0000000000000009,-3.732804232804233,"-3.59,-2.76,-3.73,-1.98","0.285,0.299,0.283,0.312",0,10,-4.470967741935484
YES,21,62,41,21,0.3387096774193548,3026,0.2891606080634501,-0.049549069355904696,-3.072042300066094,-9296,6.0,0.9819894249834762,1.0000000000000009,-3.695767195767196,"-3.64,-2.79,-3.70,-2.16","0.280,0.294,0.279,0.304",0,10,-4.6
YES,21,63,42,21,0.3333333333333333,3026,0.2858559153998678,-0.04747741793346549,-2.991077329808328,-9051,6.0,0.9819894249834762,1.0000000000000009,-3.75,"-3.44,-2.67,-3.75,-2.11","0.279,0.291,0.274,0.300",0,10,-4.945161290322581
YES,21,64,43,21,0.328125,3026,0.28288169200264374,-0.045243307997356264,-2.8955717118307995,-8762,6.0,0.9819894249834762,1.0000000000000009,-3.7301587301587302,"-3.33,-2.54,-3.73,-1.98","0.276,0.288,0.270,0.297",0,10,-4.690322580645161
YES,21,65,44,21,0.3230769230769231,3026,0.2772637144745539,-0.045813208602369204,-2.9778585591539986,-9011,6.0,0.9819894249834762,1.0000000000000009,-3.89021164021164,"-3.48,-2.69,-3.89,-1.85","0.269,0.282,0.263,0.295",0,10,-4.435483870967742
YES,21,66,45,21,0.3181818181818182,3026,0.2749504296100463,-0.04323138857177189,-2.8532716457369465,-8634,6.0,0.9819894249834762,1.0000000000000009,-4.063492063492063,"-3.21,-2.58,-4.06,-1.56","0.269,0.279,0.257,0.295",0,10,-4.606451612903226
YES,21,67,46,21,0.31343283582089554,3026,0.2729676140118969,-0.04046522180899864,-2.711169861202908,-8204,6.0,0.9819894249834762,1.0000000000000009,-3.806878306878307,"-3.12,-2.48,-3.81,-1.44","0.267,0.276,0.257,0.292",0,10,-4.358064516129033
YES,21,68,47,21,0.3088235294117647,3026,0.2696629213483146,-0.03916060806345012,-2.662921348314607,-8058,6.0,0.9819894249834762,1.0000000000000009,-3.64021164021164,"-3.30,-2.38,-3.64,-1.33","0.260,0.274,0.255,0.289",0,10,-4.1540785498489425
YES,21,69,48,21,0.30434782608695654,3026,0.2650363516192994,-0.03931147446765715,-2.712491738268341,-8208,6.0,0.9819894249834762,1.0000000000000009,-3.6587301587301586,"-3.32,-2.38,-3.66,-1.49","0.256,0.270,0.251,0.283",0,10,-4.323262839879154
YES,21,70,49,21,0.3,3026,0.2623925974884336,-0.03760740251156641,-2.6325181758096496,-7966,6.0,0.9819894249834762,1.0000000000000009,-3.685185185185185,"-3.06,-2.39,-3.69,-1.40","0.256,0.266,0.247,0.280",1,10,-4.504531722054381
YES,22,30,8,22,0.7333333333333333,3126,0.6065259117082533,-0.12680742162507996,-3.804222648752399,-11892,5.0,0.9899872040946897,1.0000000000000009,-4.506393861892583,"-4.51,-3.98,-3.75,-2.97","0.583,0.601,0.608,0.634",0,10,-4.688821752265861
YES,22,31,9,22,0.7096774193548387,3126,0.5886116442738324,-0.12106577508100635,-3.7530390275111962,-11732,5.0,0.9899872040946897,1.0000000000000009,-4.20076726342711,"-4.20,-4.02,-3.62,-3.17","0.574,0.580,0.593,0.607",0,10,-4.746177370030581
YES,22,32,10,22,0.6875,3126,0.5671785028790787,-0.12032149712092133,-3.8502879078694816,-12036,5.0,0.9899872040946897,1.0000000000000009,-4.32225063938619,"-4.32,-4.26,-3.52,-3.30","0.552,0.554,0.577,0.584",0,10,-4.678899082568807
YES,22,33,11,22,0.6666666666666666,3126,0.5489443378119002,-0.11772232885476641,-3.8848368522072936,-12144,5.0,0.9899872040946897,1.0000000000000009,-4.234015345268542,"-4.23,-4.08,-3.66,-3.56","0.538,0.543,0.556,0.559",0,10,-4.453172205438066
YES,22,34,12,22,0.6470588235294118,3126,0.5345489443378119,-0.11250987919159994,-3.825335892514395,-11958,5.0,0.9899872040946897,1.0000000000000009,-4.020486555697823,"-4.00,-4.02,-3.85,-3.43","0.529,0.529,0.534,0.546",0,10,-4.532110091743119
YES,22,35,13,22,0.6285714285714286,3126,0.5156749840051184,-0.1128964445663102,-3.9513755598208573,-12352,5.0,0.9899872040946897,1.0000000000000009,-4.1638924455825865,"-4.10,-4.16,-3.85,-3.69","0.512,0.510,0.519,0.523",0,10,-4.5
YES,22,36,14,22,0.6111111111111112,3126,0.5054382597568778,-0.10567285135423332,-3.804222648752399,-11892,5.0,0.9899872040946897,1.0000000000000009,-4.0,"-4.00,-3.98,-3.79,-3.45","0.500,0.501,0.506,0.515",0,10,-4.433734939759036
YES,22,37,15,22,0.5945945945945946,3126,0.4945617402431222,-0.10003285435147241,-3.7012156110044785,-11570,5.0,0.9899872040946897,1.0000000000000009,-3.973145780051151,"-3.97,-3.76,-3.67,-3.41","0.487,0.493,0.496,0.503",0,10,-4.168674698795181
YES,22,38,16,22,0.5789473684210527,3126,0.48272552783109407,-0.09622184058995858,-3.656429942418426,-11430,5.0,0.9899872040946897,1.0000000000000009,-3.9232736572890023,"-3.92,-3.75,-3.61,-3.34","0.476,0.480,0.484,0.491",0,10,-4.259036144578313
YES,22,39,17,22,0.5641025641025641,3126,0.4692898272552783,-0.0948127368472858,-3.697696737044146,-11559,5.0,0.9899872040946897,1.0000000000000009,-3.846547314578005,"-3.85,-3.72,-3.67,-3.55","0.465,0.469,0.470,0.473",0,10,-4.2620481927710845
YES,22,40,18,22,0.55,3126,0.45777351247600767,-0.09222648752399237,-3.6890595009596927,-11532,5.0,0.9899872040946897,1.0000000000000009,-3.8414322250639388,"-3.84,-3.72,-3.82,-3.38","0.454,0.457,0.455,0.465",0,10,-4.409638554216867
YES,22,41,19,22,0.5365853658536586,3126,0.4468969929622521,-0.08968837289140646,-3.6772232885476646,-11495,5.0,0.9899872040946897,1.0000000000000009,-3.99359795134443,"-3.91,-3.63,-3.99,-3.18","0.441,0.448,0.439,0.459",0,10,-4.484177215189874
YES,22,42,20,22,0.5238095238095238,3126,0.4350607805502239,-0.08874874325929993,-3.727447216890595,-11652,5.0,0.9899872040946897,1.0000000000000009,-4.145966709346991,"-3.90,-3.39,-4.15,-3.47","0.431,0.443,0.425,0.441",0,10,-4.5886075949367084
YES,22,43,21,22,0.5116279069767442,3126,0.4254638515674984,-0.08616405540924582,-3.705054382597569,-11582,5.0,0.9899872040946897,1.0000000000000009,-4.161331626120359,"-3.85,-3.45,-4.16,-3.36","0.422,0.431,0.415,0.434",0,10,-4.649122807017544
YES,22,44,22,22,0.5,3126,0.41746641074856045,-0.08253358925143955,-3.6314779270633397,-11352,5.0,0.9899872040946897,1.0000000000000009,-3.9948849104859336,"-3.99,-3.41,-3.92,-3.21","0.409,0.423,0.411,0.427",0,10,-5.096774193548387
YES,22,45,23,22,0.4888888888888889,3126,0.409149072296865,-0.0797398165920239,-3.5882917466410746,-11217,5.0,0.9899872040946897,1.0000000000000009,-4.046035805626598,"-4.05,-3.39,-3.91,-3.01","0.399,0.414,0.402,0.422",0,10,-5.108504398826979
YES,22,46,24,22,0.4782608695652174,3126,0.40275111964171467,-0.07550974992350273,-3.473448496481126,-10858,5.0,0.9899872040946897,1.0000000000000009,-3.9411764705882355,"-3.94,-3.33,-3.80,-2.82","0.393,0.406,0.396,0.417",0,10,-4.868035190615836
YES,22,47,25,22,0.46808510638297873,3126,0.3934740882917466,-0.0746110180912321,-3.5067178502879077,-10962,5.0,0.9899872040946897,1.0000000000000009,-3.8860435339308577,"-3.85,-3.52,-3.89,-2.77","0.386,0.393,0.385,0.409",0,10,-4.684210526315789
YES,22,48,26,22,0.4583333333333333,3126,0.38835572616762637,-0.06997760716570695,-3.3589251439539347,-10500,5.0,0.9899872040946897,1.0000000000000009,-3.7698209718670075,"-3.77,-3.38,-3.75,-2.54","0.380,0.388,0.380,0.405",0,10,-4.5964912280701755
YES,22,49,27,22,0.4489795918367347,3126,0.38035828534868843,-0.06862130648804626,-3.3624440179142674,-10511,5.0,0.9899872040946897,1.0000000000000009,-3.9308578745198464,"-3.77,-3.18,-3.93,-2.58","0.372,0.384,0.369,0.396",0,10,-4.807017543859649
YES,22,50,28,22,0.44,3126,0.37172104926423544,-0.06827895073576457,-3.413947536788228,-10672,5.0,0.9899872040946897,1.0000000000000009,-4.138284250960307,"-3.84,-3.05,-4.14,-2.63","0.363,0.379,0.357,0.387",0,10,-4.894736842105263
YES,22,51,29,22,0.43137254901960786,3126,0.3666026871401152,-0.06476986187949269,-3.3032629558541267,-10326,5.0,0.9899872040946897,1.0000000000000009,-3.976952624839949,"-3.87,-2.87,-3.98,-2.50","0.355,0.375,0.353,0.382",0,10,-4.701754385964913
YES,22,52,30,22,0.4230769230769231,3126,0.36052463211772234,-0.06255229095920073,-3.252719129878439,-10168,5.0,0.9899872040946897,1.0000000000000009,-4.046035805626598,"-4.05,-2.76,-3.82,-2.38","0.345,0.370,0.350,0.377",0,10,-4.463343108504398
YES,22,53,31,22,0.41509433962264153,3126,0.3534868841970569,-0.0616074554255846,-3.265195137555982,-10207,5.0,0.9899872040946897,1.0000000000000009,-3.880921895006402,"-3.84,-3.20,-3.88,-2.14","0.343,0.355,0.342,0.375",0,10,-4.389240506329114
YES,22,54,32,22,0.4074074074074074,3126,0.3474088291746641,-0.059998578232743294,-3.2399232245681384,-10128,5.0,0.9899872040946897,1.0000000000000009,-3.9079283887468033,"-3.91,-2.92,-3.88,-2.25","0.335,0.353,0.335,0.366",0,10,-4.39873417721519
YES,22,55,33,22,0.4,3126,0.3419705694177863,-0.058029430582213715,-3.191618682021753,-9977,5.0,0.9899872040946897,1.0000000000000009,-3.9014084507042255,"-3.85,-2.77,-3.90,-2.24","0.330,0.350,0.329,0.359",0,10,-4.768987341772152
YES,22,56,34,22,0.39285714285714285,3126,0.3371721049264235,-0.05568503793071933,-3.1183621241202815,-9748,5.0,0.9899872040946897,1.0000000000000009,-3.8107416879795397,"-3.81,-2.78,-3.64,-2.24","0.325,0.343,0.328,0.353",0,10,-4.632911392405063
YES,22,57,35,22,0.38596491228070173,3126,0.3256557901471529,-0.06030912213354883,-3.4376199616122842,-10746,5.0,0.9899872040946897,1.0000000000000009,-4.2148337595907925,"-4.21,-3.10,-4.12,-2.32","0.312,0.332,0.314,0.345",0,10,-4.782991202346041
YES,22,58,36,22,0.3793103448275862,3126,0.3198976327575176,-0.059412712070068596,-3.4459373000639797,-10772,5.0,0.9899872040946897,1.0000000000000009,-4.273657289002558,"-4.27,-3.21,-3.88,-2.42","0.306,0.324,0.312,0.338",0,10,-5.054216867469879
YES,22,59,37,22,0.3728813559322034,3126,0.3198976327575176,-0.052983723174685804,-3.126039667306462,-9772,5.0,0.9899872040946897,1.0000000000000009,-3.9680306905370846,"-3.97,-2.89,-3.57,-2.08","0.306,0.324,0.312,0.338",0,10,-4.7620481927710845
YES,22,60,38,22,0.36666666666666664,3126,0.31381957773512476,-0.052847088931541886,-3.1708253358925145,-9912,5.0,0.9899872040946897,1.0000000000000009,-4.046035805626598,"-4.05,-2.79,-3.64,-2.20","0.299,0.320,0.306,0.330",0,10,-4.932551319648094
YES,22,61,39,22,0.36065573770491804,3126,0.3103007037747921,-0.05035503393012597,-3.071657069737684,-9602,5.0,0.9899872040946897,1.0000000000000009,-4.0588235294117645,"-4.06,-2.55,-3.57,-2.11","0.294,0.319,0.302,0.326",0,10,-4.648093841642229
YES,22,62,40,22,0.3548387096774194,3126,0.30422264875239924,-0.050616060925020134,-3.1381957773512474,-9810,5.0,0.9899872040946897,1.0000000000000009,-4.161125319693094,"-4.16,-2.55,-3.58,-2.26","0.288,0.314,0.297,0.318",0,10,-4.7272727272727275
YES,22,63,41,22,0.3492063492063492,3126,0.30070377479206656,-0.04850257441428263,-3.055662188099808,-9552,5.0,0.9899872040946897,1.0000000000000009,-3.9539641943734014,"-3.95,-2.40,-3.61,-2.26","0.286,0.311,0.292,0.313",0,10,-4.8544303797468356
YES,22,64,42,22,0.34375,3126,0.2978246960972489,-0.045925303902751125,-2.9392194497760715,-9188,5.0,0.9899872040946897,1.0000000000000009,-3.8312020460358056,"-3.83,-2.25,-3.56,-2.11","0.284,0.309,0.288,0.311",0,10,-4.582278481012659
YES,22,65,43,22,0.3384615384615385,3126,0.29206653870761357,-0.046394999753924915,-3.0156749840051185,-9427,5.0,0.9899872040946897,1.0000000000000009,-3.9629156010230178,"-3.96,-2.44,-3.69,-1.97","0.277,0.301,0.282,0.308",0,10,-4.463343108504398
YES,22,66,44,22,0.3333333333333333,3126,0.28982725527831094,-0.04350607805502238,-2.871401151631478,-8976,5.0,0.9899872040946897,1.0000000000000009,-3.8309859154929575,"-3.69,-2.31,-3.83,-1.66","0.277,0.298,0.275,0.308",0,10,-4.455696202531645
YES,22,67,45,22,0.3283582089552239,3126,0.28790786948176583,-0.04045033947345805,-2.7101727447216892,-8472,5.0,0.9899872040946897,1.0000000000000009,-3.579283887468031,"-3.58,-2.18,-3.56,-1.52","0.275,0.296,0.275,0.306",0,10,-4.189873417721519
YES,22,68,46,22,0.3235294117647059,3126,0.2847088931541907,-0.03882051861051522,-2.639795265515035,-8252,5.0,0.9899872040946897,1.0000000000000009,-3.739130434782609,"-3.74,-2.06,-3.37,-1.39","0.269,0.293,0.274,0.303",0,10,-4.126888217522659
YES,22,69,47,22,0.3188405797101449,3126,0.27959053103007037,-0.039250048680074534,-2.708253358925144,-8466,5.0,0.9899872040946897,1.0000000000000009,-3.823529411764706,"-3.82,-2.12,-3.36,-1.53","0.263,0.288,0.270,0.297",0,10,-4.280966767371601
YES,22,70,48,22,0.3142857142857143,3126,0.27671145233525274,-0.03757426195046154,-2.6301983365323096,-8222,5.0,0.9899872040946897,1.0000000000000009,-3.739130434782609,"-3.74,-2.01,-3.36,-1.41","0.261,0.286,0.266,0.294",1,10,-4.235649546827794
YES,23,30,7,23,0.7666666666666667,3210,0.6330218068535826,-0.13364485981308416,-4.009345794392523,-12870,5.0,0.9966355140186915,1.0000000000000009,-4.805728518057285,"-4.81,-4.03,-4.07,-3.12","0.606,0.632,0.631,0.663",0,10,-5.0
YES,23,31,8,23,0.7419354838709677,3210,0.616822429906542,-0.12511305396442574,-3.878504672897196,-12450,5.0,0.9966355140186915,1.0000000000000009,-4.585305105853051,"-4.59,-3.94,-3.83,-3.16","0.594,0.615,0.618,0.640",0,10,-4.955223880597015
YES,23,32,9,23,0.71875,3210,0.5947040498442367,-0.12404595015576325,-3.9694704049844236,-12742,5.0,0.9966355140186915,1.0000000000000009,-4.748443337484433,"-4.75,-4.13,-3.77,-3.23","0.570,0.590,0.601,0.618",0,10,-4.850746268656716
YES,23,33,10,23,0.696969696969697,3210,0.5763239875389408,-0.12064570943075625,-3.9813084112149535,-12780,5.0,0.9966355140186915,1.0000000000000009,-4.671232876712328,"-4.67,-3.99,-3.83,-3.44","0.555,0.576,0.581,0.593",0,10,-4.677611940298507
YES,23,34,11,23,0.6764705882352942,3210,0.5613707165109034,-0.11509987172439073,-3.9133956386292836,-12562,5.0,0.9966355140186915,1.0000000000000009,-4.454545454545454,"-4.45,-3.88,-3.97,-3.35","0.545,0.562,0.560,0.578",0,10,-4.731343283582089
YES,23,35,12,23,0.6571428571428571,3210,0.540809968847352,-0.11633288829550514,-4.071651090342679,-13070,5.0,0.9966355140186915,1.0000000000000009,-4.519302615193026,"-4.52,-4.06,-4.06,-3.65","0.528,0.541,0.541,0.553",0,10,-4.7164179104477615
YES,23,36,13,23,0.6388888888888888,3210,0.5302180685358255,-0.1086708203530633,-3.91214953271028,-12558,5.0,0.9966355140186915,1.0000000000000009,-4.439601494396015,"-4.44,-3.83,-4.01,-3.36","0.516,0.532,0.527,0.545",0,10,-4.333333333333333
YES,23,37,14,23,0.6216216216216216,3210,0.5186915887850467,-0.10293003283657487,-3.808411214953271,-12225,5.0,0.9966355140186915,1.0000000000000009,-4.338729763387297,"-4.34,-3.62,-3.95,-3.33","0.504,0.524,0.515,0.532",0,10,-4.223880597014926
YES,23,38,15,23,0.6052631578947368,3210,0.5065420560747663,-0.09872110181997051,-3.7514018691588786,-12042,5.0,0.9966355140186915,1.0000000000000009,-4.354919053549191,"-4.35,-3.57,-3.86,-3.22","0.491,0.511,0.504,0.521",0,10,-4.4393063583815024
YES,23,39,16,23,0.5897435897435898,3210,0.4928348909657321,-0.09690869877785768,-3.7794392523364486,-12132,5.0,0.9966355140186915,1.0000000000000009,-4.25280199252802,"-4.25,-3.60,-3.89,-3.38","0.481,0.498,0.490,0.503",0,10,-4.289017341040463
YES,23,40,17,23,0.575,3210,0.48161993769470407,-0.09338006230529589,-3.735202492211838,-11990,5.0,0.9966355140186915,1.0000000000000009,-4.220423412204235,"-4.22,-3.60,-4.00,-3.12","0.469,0.485,0.475,0.497",0,10,-4.502890173410405
YES,23,41,18,23,0.5609756097560976,3210,0.47102803738317756,-0.08994757237292006,-3.6878504672897194,-11838,5.0,0.9966355140186915,1.0000000000000009,-4.261519302615193,"-4.26,-3.52,-4.03,-2.93","0.457,0.475,0.463,0.489",0,10,-4.869942196531792
YES,23,42,19,23,0.5476190476190477,3210,0.4585669781931464,-0.08905206942590127,-3.7401869158878505,-12006,5.0,0.9966355140186915,1.0000000000000009,-4.275217932752179,"-4.28,-3.31,-4.15,-3.23","0.446,0.469,0.449,0.471",0,10,-5.15606936416185
YES,23,43,20,23,0.5348837209302325,3210,0.4489096573208723,-0.08597406360936022,-3.696884735202492,-11867,5.0,0.9966355140186915,1.0000000000000009,-4.204234122042341,"-4.20,-3.32,-4.13,-3.13","0.437,0.458,0.439,0.462",0,10,-5.228323699421965
YES,23,44,21,23,0.5227272727272727,3210,0.4404984423676013,-0.08222883035967143,-3.6180685358255453,-11614,5.0,0.9966355140186915,1.0000000000000009,-4.315068493150685,"-4.32,-3.36,-3.85,-2.95","0.425,0.446,0.435,0.456",0,10,-5.705202312138728
YES,23,45,22,23,0.5111111111111111,3210,0.4311526479750779,-0.07995846313603316,-3.5981308411214954,-11550,5.0,0.9966355140186915,1.0000000000000009,-4.338729763387297,"-4.34,-3.36,-3.87,-2.83","0.415,0.436,0.425,0.448",0,10,-5.702312138728324
YES,23,46,23,23,0.5,3210,0.42492211838006233,-0.07507788161993767,-3.453582554517134,-11086,5.0,0.9966355140186915,1.0000000000000009,-4.210460772104608,"-4.21,-3.27,-3.73,-2.61","0.408,0.429,0.419,0.443",0,10,-5.4508670520231215
YES,23,47,24,23,0.48936170212765956,3210,0.4158878504672897,-0.07347385166036985,-3.453271028037383,-11085,5.0,0.9966355140186915,1.0000000000000009,-4.094645080946451,"-4.09,-3.43,-3.84,-2.46","0.402,0.416,0.408,0.437",0,10,-5.069364161849711
YES,23,48,25,23,0.4791666666666667,3210,0.40996884735202493,-0.06919781931464175,-3.3214953271028036,-10662,5.0,0.9966355140186915,1.0000000000000009,-3.991282689912827,"-3.99,-3.25,-3.79,-2.26","0.396,0.411,0.400,0.432",0,10,-4.687861271676301
YES,23,49,26,23,0.46938775510204084,3210,0.40186915887850466,-0.06751859622353618,-3.308411214953271,-10620,5.0,0.9966355140186915,1.0000000000000009,-3.9613947696139475,"-3.96,-3.02,-3.94,-2.31","0.389,0.408,0.389,0.422",0,10,-4.572649572649572
YES,23,50,27,23,0.46,3210,0.3925233644859813,-0.06747663551401872,-3.3738317757009346,-10830,5.0,0.9966355140186915,1.0000000000000009,-4.109725685785536,"-4.01,-2.86,-4.11,-2.51","0.380,0.403,0.378,0.410",0,10,-4.6473988439306355
YES,23,51,28,23,0.45098039215686275,3210,0.38753894080996887,-0.06344145134689388,-3.235514018691589,-10386,5.0,0.9966355140186915,1.0000000000000009,-4.073474470734745,"-4.07,-2.65,-3.86,-2.36","0.371,0.399,0.375,0.405",0,10,-4.722543352601156
YES,23,52,29,23,0.4423076923076923,3210,0.3813084112149533,-0.060999281092739,-3.1719626168224297,-10182,5.0,0.9966355140186915,1.0000000000000009,-4.220423412204235,"-4.22,-2.58,-3.74,-2.15","0.361,0.393,0.370,0.401",0,10,-4.965317919075145
YES,23,53,30,23,0.4339622641509434,3210,0.3728971962616822,-0.06106506788926119,-3.236448598130841,-10389,5.0,0.9966355140186915,1.0000000000000009,-4.057285180572852,"-4.06,-3.04,-3.90,-1.95","0.357,0.377,0.360,0.397",0,10,-4.771676300578035
YES,23,54,31,23,0.42592592592592593,3210,0.3663551401869159,-0.059570785739010035,-3.216822429906542,-10326,5.0,0.9966355140186915,1.0000000000000009,-4.103362391033624,"-4.10,-2.73,-3.95,-2.09","0.350,0.375,0.353,0.387",1,10,-4.7398843930635834
YES,23,55,32,23,0.41818181818181815,3210,0.36043613707165106,-0.05774568111016709,-3.17601246105919,-10195,5.0,0.9966355140186915,1.0000000000000009,-4.072319201995012,"-4.03,-2.56,-4.07,-2.04","0.345,0.372,0.344,0.381",1,10,-4.878612716763006
YES,23,56,33,23,0.4107142857142857,3210,0.3557632398753894,-0.05495104583889632,-3.0772585669781933,-9878,5.0,0.9966355140186915,1.0000000000000009,-3.9613947696139475,"-3.96,-2.54,-3.73,-2.08","0.340,0.365,0.344,0.374",1,10,-4.710982658959537
YES,23,57,34,23,0.40350877192982454,3210,0.34392523364485983,-0.05958353828496471,-3.3962616822429905,-10902,5.0,0.9966355140186915,1.0000000000000009,-4.331257783312578,"-4.33,-2.89,-4.31,-2.06","0.328,0.353,0.328,0.367",1,10,-5.208092485549133
YES,23,58,35,23,0.39655172413793105,3210,0.338006230529595,-0.05854549360833605,-3.3956386292834893,-10900,5.0,0.9966355140186915,1.0000000000000009,-4.364881693648817,"-4.36,-3.04,-4.05,-2.13","0.321,0.344,0.327,0.360",1,10,-5.398843930635838
YES,23,59,36,23,0.3898305084745763,3210,0.338006230529595,-0.05182427794498129,-3.0576323987538943,-9815,5.0,0.9966355140186915,1.0000000000000009,-4.043586550435865,"-4.04,-2.70,-3.73,-1.77","0.321,0.344,0.327,0.360",1,10,-5.095375722543353
YES,23,60,37,23,0.38333333333333336,3210,0.33084112149532713,-0.05249221183800623,-3.149532710280374,-10110,5.0,0.9966355140186915,1.0000000000000009,-4.170610211706102,"-4.17,-2.58,-3.92,-1.93","0.314,0.340,0.318,0.351",0,10,-5.312138728323699
YES,23,61,38,23,0.3770491803278688,3210,0.32741433021806854,-0.04963485010980029,-3.027725856697819,-9719,5.0,0.9966355140186915,1.0000000000000009,-4.236612702366127,"-4.24,-2.24,-3.83,-1.81","0.308,0.340,0.314,0.347",0,10,-5.017341040462428
YES,23,62,39,23,0.3709677419354839,3210,0.32087227414330216,-0.050095467792181714,-3.1059190031152646,-9970,5.0,0.9966355140186915,1.0000000000000009,-4.315068493150685,"-4.32,-2.20,-3.91,-2.00","0.301,0.335,0.308,0.339",0,10,-5.08092485549133
YES,23,63,40,23,0.36507936507936506,3210,0.3168224299065421,-0.04825693517282298,-3.0401869158878503,-9759,5.0,0.9966355140186915,1.0000000000000009,-4.092154420921545,"-4.09,-2.10,-3.91,-2.05","0.300,0.332,0.303,0.333",0,10,-5.02760736196319
YES,23,64,41,23,0.359375,3210,0.3137071651090343,-0.04566783489096571,-2.9227414330218067,-9382,5.0,0.9966355140186915,1.0000000000000009,-3.951432129514321,"-3.95,-2.01,-3.85,-1.88","0.298,0.328,0.299,0.330",0,10,-4.872832369942197
YES,23,65,42,23,0.35384615384615387,3210,0.30778816199376946,-0.046057991852384406,-2.9937694704049846,-9610,5.0,0.9966355140186915,1.0000000000000009,-4.058530510585305,"-4.06,-2.25,-3.95,-1.71","0.291,0.319,0.293,0.328",0,10,-4.777456647398844
YES,23,66,43,23,0.3484848484848485,3210,0.3052959501557632,-0.04318889832908529,-2.850467289719626,-9150,5.0,0.9966355140186915,1.0000000000000009,-4.1546134663341645,"-3.77,-2.10,-4.15,-1.38","0.291,0.317,0.286,0.328",0,10,-4.576687116564417
YES,23,67,44,23,0.34328358208955223,3210,0.3031152647975078,-0.04016831729204445,-2.6912772585669784,-8639,5.0,0.9966355140186915,1.0000000000000009,-3.9526184538653366,"-3.64,-1.95,-3.95,-1.22","0.289,0.314,0.284,0.325",0,10,-4.5030674846625764
YES,23,68,45,23,0.3382352941176471,3210,0.29968847352024924,-0.038546820597397835,-2.621183800623053,-8414,5.0,0.9966355140186915,1.0000000000000009,-3.7770859277708593,"-3.78,-1.80,-3.75,-1.15","0.283,0.312,0.283,0.321",0,10,-4.226993865030675
YES,23,69,46,23,0.3333333333333333,3210,0.29470404984423676,-0.038629283489096555,-2.6654205607476635,-8556,5.0,0.9966355140186915,1.0000000000000009,-3.838107098381071,"-3.84,-1.84,-3.73,-1.26","0.278,0.307,0.279,0.315",1,10,-4.254335260115607
YES,23,70,47,23,0.32857142857142857,3210,0.29190031152647977,-0.0366711170449488,-2.5669781931464173,-8240,5.0,0.9966355140186915,1.0000000000000009,-3.734744707347447,"-3.73,-1.70,-3.71,-1.12","0.275,0.304,0.276,0.313",1,10,-4.104294478527607
YES,24,30,6,24,0.8,3302,0.6586917019987886,-0.14130829800121147,-4.239248940036342,-13998,5.0,0.9999999999999999,1.0000000000000009,-4.786924939467313,"-4.79,-4.29,-4.29,-3.59","0.640,0.657,0.657,0.680",0,10,-5.19533527696793
YES,24,31,7,24,0.7741935483870968,3302,0.642640823743186,-0.13155272464391077,-4.078134463961236,-13466,5.0,0.9999999999999999,1.0000000000000009,-4.559322033898305,"-4.56,-4.16,-4.12,-3.47","0.627,0.640,0.641,0.662",0,10,-5.110787172011662
YES,24,32,8,24,0.75,3302,0.6211387038158692,-0.12886129618413078,-4.123561477892187,-13616,5.0,0.9999999999999999,1.0000000000000009,-4.707021791767555,"-4.71,-4.18,-4.06,-3.54","0.603,0.619,0.623,0.639",0,10,-5.020057306590258
YES,24,33,9,24,0.7272727272727273,3302,0.6014536644457904,-0.1258190628269369,-4.152029073288916,-13710,5.0,0.9999999999999999,1.0000000000000009,-4.663438256658596,"-4.66,-4.08,-4.16,-3.70","0.586,0.604,0.601,0.615",0,10,-4.80515759312321
YES,24,34,10,24,0.7058823529411765,3302,0.5866141732283464,-0.1192681797128301,-4.05511811023622,-13390,5.0,0.9999999999999999,1.0000000000000009,-4.4891041162227605,"-4.49,-3.97,-4.18,-3.58","0.574,0.589,0.583,0.600",0,10,-4.769679300291545
YES,24,35,11,24,0.6857142857142857,3302,0.56480920654149,-0.12090507917279569,-4.23167777104785,-13973,5.0,0.9999999999999999,1.0000000000000009,-4.635593220338983,"-4.64,-4.19,-4.32,-3.79","0.553,0.566,0.562,0.577",0,10,-4.816326530612245
YES,24,36,12,24,0.6666666666666666,3302,0.5539067231980618,-0.11275994346860485,-4.0593579648697755,-13404,5.0,0.9999999999999999,1.0000000000000009,-4.518159806295399,"-4.52,-4.01,-4.23,-3.47","0.541,0.555,0.549,0.570",0,10,-4.4088397790055245
YES,24,37,13,24,0.6486486486486487,3302,0.5420956995760146,-0.10655294907263413,-3.942459115687462,-13018,5.0,0.9999999999999999,1.0000000000000009,-4.380145278450363,"-4.38,-3.82,-4.13,-3.44","0.530,0.545,0.537,0.556",0,10,-4.36734693877551
YES,24,38,14,24,0.631578947368421,3302,0.5290732889158086,-0.10250565845261239,-3.8952150211992733,-12862,5.0,0.9999999999999999,1.0000000000000009,-4.3559322033898304,"-4.36,-3.78,-4.10,-3.34","0.517,0.532,0.524,0.544",0,10,-4.472222222222222
YES,24,39,15,24,0.6153846153846154,3302,0.5142337976983646,-0.10115081768625078,-3.9448818897637796,-13026,5.0,0.9999999999999999,1.0000000000000009,-4.311138014527845,"-4.31,-3.81,-4.10,-3.56","0.505,0.518,0.510,0.524",0,10,-4.5
YES,24,40,16,24,0.6,3302,0.5033313143549364,-0.09666868564506359,-3.866747425802544,-12768,5.0,0.9999999999999999,1.0000000000000009,-4.242130750605327,"-4.24,-3.83,-4.12,-3.27","0.494,0.504,0.497,0.518",0,10,-4.555555555555555
YES,24,41,17,24,0.5853658536585366,3302,0.4912174439733495,-0.09414840968518706,-3.860084797092671,-12746,5.0,0.9999999999999999,1.0000000000000009,-4.24455205811138,"-4.24,-3.82,-4.22,-3.15","0.482,0.492,0.482,0.508",0,10,-4.866666666666666
YES,24,42,18,24,0.5714285714285714,3302,0.4775893397940642,-0.09383923163450719,-3.9412477286493033,-13014,5.0,0.9999999999999999,1.0000000000000009,-4.372881355932203,"-4.37,-3.64,-4.35,-3.41","0.467,0.485,0.468,0.490",0,10,-5.216666666666667
YES,24,43,19,24,0.5581395348837209,3302,0.468503937007874,-0.0896355978758469,-3.854330708661417,-12727,5.0,0.9999999999999999,1.0000000000000009,-4.298181818181818,"-4.27,-3.62,-4.30,-3.23","0.459,0.474,0.458,0.483",0,10,-5.247222222222222
YES,24,44,20,24,0.5454545454545454,3302,0.46032707450030286,-0.08512747095424256,-3.7456087219866747,-12368,5.0,0.9999999999999999,1.0000000000000009,-4.343825665859564,"-4.34,-3.63,-4.00,-3.01","0.447,0.463,0.455,0.477",0,10,-5.666666666666667
YES,24,45,21,24,0.5333333333333333,3302,0.45033313143549364,-0.08300020189783969,-3.735009085402786,-12333,5.0,0.9999999999999999,1.0000000000000009,-4.332929782082324,"-4.33,-3.65,-4.04,-2.92","0.437,0.452,0.444,0.469",0,10,-5.625
YES,24,46,22,24,0.5217391304347826,3302,0.44457904300423984,-0.07716008743054276,-3.549364021804967,-11720,5.0,0.9999999999999999,1.0000000000000009,-4.11864406779661,"-4.12,-3.54,-3.87,-2.67","0.432,0.445,0.438,0.464",0,10,-5.344444444444444
YES,24,47,23,24,0.5106382978723404,3302,0.4357964869775893,-0.07484181089475106,-3.517565112053301,-11615,5.0,0.9999999999999999,1.0000000000000009,-3.9466666666666668,"-3.91,-3.66,-3.95,-2.55","0.427,0.433,0.427,0.456",0,10,-4.938888888888889
YES,24,48,24,24,0.5,3302,0.4297395517867959,-0.0702604482132041,-3.3725015142337975,-11136,5.0,0.9999999999999999,1.0000000000000009,-3.869090909090909,"-3.78,-3.46,-3.87,-2.38","0.421,0.428,0.419,0.450",0,10,-4.533333333333333
YES,24,49,25,24,0.4897959183673469,3302,0.4215626892792247,-0.06823322908812224,-3.343428225317989,-11040,5.0,0.9999999999999999,1.0000000000000009,-3.924848484848485,"-3.77,-3.21,-3.92,-2.47","0.413,0.424,0.410,0.439",0,10,-4.643646408839779
YES,24,50,26,24,0.48,3302,0.4124772864930345,-0.06752271350696548,-3.376135675348274,-11148,5.0,0.9999999999999999,1.0000000000000009,-4.0606060606060606,"-3.78,-3.03,-4.06,-2.63","0.404,0.419,0.399,0.427",0,10,-4.662983425414365
YES,24,51,27,24,0.47058823529411764,3302,0.40672319806178076,-0.06386503723233689,-3.257116898849182,-10755,5.0,0.9999999999999999,1.0000000000000009,-3.871670702179177,"-3.87,-2.86,-3.79,-2.51","0.395,0.415,0.396,0.421",0,10,-4.591666666666667
YES,24,52,28,24,0.46153846153846156,3302,0.4000605693519079,-0.06147789218655364,-3.1968503937007875,-10556,5.0,0.9999999999999999,1.0000000000000009,-4.043583535108959,"-4.04,-2.76,-3.70,-2.28","0.384,0.408,0.390,0.418",0,10,-4.788888888888889
YES,24,53,29,24,0.4528301886792453,3302,0.3912780133252574,-0.06155217535398788,-3.2622652937613568,-10772,5.0,0.9999999999999999,1.0000000000000009,-3.916464891041162,"-3.92,-3.19,-3.89,-2.06","0.379,0.393,0.379,0.414",0,10,-4.566666666666666
YES,24,54,30,24,0.4444444444444444,3302,0.3849182313749243,-0.059526213069520106,-3.2144155057540886,-10614,5.0,0.9999999999999999,1.0000000000000009,-3.929782082324455,"-3.93,-2.86,-3.91,-2.16","0.372,0.392,0.372,0.404",0,10,-4.5
YES,24,55,31,24,0.43636363636363634,3302,0.37886129618413084,-0.05750234017950551,-3.1626287098728043,-10443,5.0,0.9999999999999999,1.0000000000000009,-4.0,"-3.89,-2.67,-4.00,-2.09","0.366,0.388,0.364,0.398",0,10,-4.597222222222222
YES,24,56,32,24,0.42857142857142855,3302,0.3737129012719564,-0.05485852729947216,-3.0720775287704423,-10144,5.0,0.9999999999999999,1.0000000000000009,-3.7966101694915255,"-3.80,-2.69,-3.64,-2.17","0.361,0.381,0.364,0.390",0,10,-4.4
YES,24,57,33,24,0.42105263157894735,3302,0.3612961841308298,-0.05975644744811753,-3.4061175045427015,-11247,5.0,0.9999999999999999,1.0000000000000009,-4.24,"-4.19,-3.00,-4.24,-2.19","0.347,0.368,0.347,0.383",0,10,-4.841666666666667
YES,24,58,34,24,0.41379310344827586,3302,0.35523924894003633,-0.05855385450823952,-3.3961235614778924,-11214,5.0,0.9999999999999999,1.0000000000000009,-4.198547215496368,"-4.20,-3.12,-3.96,-2.30","0.341,0.360,0.345,0.374",0,10,-4.988888888888889
YES,24,59,35,24,0.4067796610169492,3302,0.35523924894003633,-0.051540412076912845,-3.0408843125378557,-10041,5.0,0.9999999999999999,1.0000000000000009,-3.857142857142857,"-3.86,-2.76,-3.62,-1.93","0.341,0.360,0.345,0.374",0,10,-4.661111111111111
YES,24,60,36,24,0.4,3302,0.3479709267110842,-0.05202907328891582,-3.1217443973349486,-10308,5.0,0.9999999999999999,1.0000000000000009,-4.0242130750605325,"-4.02,-2.62,-3.78,-2.06","0.333,0.356,0.337,0.366",0,10,-4.833333333333333
YES,24,61,37,24,0.39344262295081966,3302,0.3437310720775288,-0.04971155087329088,-3.032404603270745,-10013,5.0,0.9999999999999999,1.0000000000000009,-4.060532687651332,"-4.06,-2.41,-3.67,-1.99","0.327,0.354,0.333,0.361",0,10,-4.513888888888889
YES,24,62,38,24,0.3870967741935484,3302,0.33706844336765596,-0.05002833082589242,-3.10175651120533,-10242,5.0,0.9999999999999999,1.0000000000000009,-4.108958837772397,"-4.11,-2.36,-3.78,-2.16","0.321,0.349,0.326,0.352",0,10,-4.538888888888889
YES,24,63,39,24,0.38095238095238093,3302,0.33282858873410054,-0.04812379221828039,-3.0317989097516658,-10011,5.0,0.9999999999999999,1.0000000000000009,-3.940677966101695,"-3.94,-2.24,-3.76,-2.19","0.318,0.345,0.321,0.346",0,10,-4.6875
YES,24,64,40,24,0.375,3302,0.32980012113870383,-0.04519987886129617,-2.892792247122956,-9552,5.0,0.9999999999999999,1.0000000000000009,-3.777239709443099,"-3.78,-2.12,-3.68,-2.00","0.316,0.342,0.318,0.344",0,10,-4.444444444444445
YES,24,65,41,24,0.36923076923076925,3302,0.32404603270745,-0.045184736523319224,-2.937007874015748,-9698,5.0,0.9999999999999999,1.0000000000000009,-3.8547215496368037,"-3.85,-2.33,-3.75,-1.81","0.310,0.333,0.312,0.341",0,10,-4.319444444444445
YES,24,66,42,24,0.36363636363636365,3302,0.32162325863113267,-0.04201310500523098,-2.7728649303452455,-9156,5.0,0.9999999999999999,1.0000000000000009,-3.92,"-3.54,-2.16,-3.92,-1.47","0.310,0.331,0.304,0.341",0,10,-4.160714285714286
YES,24,67,43,24,0.3582089552238806,3302,0.31950333131435493,-0.038705623909525644,-2.5932768019382193,-8563,5.0,0.9999999999999999,1.0000000000000009,-3.696969696969697,"-3.40,-1.99,-3.70,-1.29","0.308,0.328,0.303,0.339",0,10,-4.059523809523809
YES,24,68,44,24,0.35294117647058826,3302,0.31617201695941854,-0.03676915951116971,-2.50030284675954,-8256,5.0,0.9999999999999999,1.0000000000000009,-3.5012106537530268,"-3.50,-1.83,-3.48,-1.20","0.301,0.326,0.302,0.335",0,10,-3.9312320916905446
YES,24,69,45,24,0.34782608695652173,3302,0.3113264688067838,-0.036499618149737956,-2.51847365233192,-8316,5.0,0.9999999999999999,1.0000000000000009,-3.5338983050847457,"-3.53,-1.84,-3.43,-1.28","0.297,0.321,0.298,0.329",1,10,-4.0315186246418335
YES,24,70,46,24,0.34285714285714286,3302,0.3086008479709267,-0.034256294886216176,-2.39794064203513,-7918,5.0,0.9999999999999999,1.0000000000000009,-3.406779661016949,"-3.41,-1.68,-3.38,-1.12","0.294,0.319,0.295,0.327",1,10,-3.9426934097421205
YES,25,30,5,25,0.8333333333333334,3392,0.6836674528301887,-0.14966588050314467,-4.48997641509434,-15230,5.0,1.001945754716981,1.0000000000000009,-5.117924528301887,"-5.12,-4.62,-4.41,-3.81","0.663,0.679,0.686,0.706",0,10,-5.603448275862069
YES,25,31,6,25,0.8064516129032258,3392,0.6674528301886793,-0.13899878271454646,-4.308962264150943,-14616,5.0,1.001945754716981,1.0000000000000009,-4.857311320754717,"-4.86,-4.49,-4.20,-3.69","0.650,0.662,0.671,0.688",0,10,-5.580459770114943
YES,25,32,7,25,0.78125,3392,0.6462264150943396,-0.13502358490566035,-4.320754716981132,-14656,5.0,1.001945754716981,1.0000000000000009,-4.9245283018867925,"-4.92,-4.51,-4.09,-3.75","0.627,0.640,0.653,0.664",0,10,-5.505747126436781
YES,25,33,8,25,0.7575757575757576,3392,0.6267688679245284,-0.13080688965122922,-4.316627358490566,-14642,5.0,1.001945754716981,1.0000000000000009,-4.803066037735849,"-4.80,-4.38,-4.18,-3.91","0.612,0.625,0.631,0.639",0,10,-5.181034482758621
YES,25,34,9,25,0.7352941176470589,3392,0.6108490566037735,-0.12444506104328534,-4.231132075471698,-14352,5.0,1.001945754716981,1.0000000000000009,-4.632075471698113,"-4.63,-4.27,-4.27,-3.75","0.599,0.610,0.610,0.625",0,10,-5.264367816091954
YES,25,35,10,25,0.7142857142857143,3392,0.5893278301886793,-0.12495788409703501,-4.373525943396227,-14835,5.0,1.001945754716981,1.0000000000000009,-4.817216981132075,"-4.82,-4.36,-4.32,-3.99","0.577,0.590,0.591,0.600",0,10,-5.287356321839081
YES,25,36,11,25,0.6944444444444444,3392,0.5769457547169812,-0.11749868972746325,-4.2299528301886795,-14348,5.0,1.001945754716981,1.0000000000000009,-4.75,"-4.75,-4.20,-4.28,-3.69","0.562,0.578,0.575,0.592",0,10,-4.827586206896552
YES,25,37,12,25,0.6756756756756757,3392,0.5648584905660378,-0.1108171851096379,-4.100235849056604,-13908,5.0,1.001945754716981,1.0000000000000009,-4.580188679245283,"-4.58,-4.06,-4.19,-3.58","0.552,0.566,0.562,0.579",0,10,-4.7988505747126435
YES,25,38,13,25,0.6578947368421053,3392,0.5515919811320755,-0.10630275571002978,-4.039504716981132,-13702,5.0,1.001945754716981,1.0000000000000009,-4.52122641509434,"-4.52,-4.07,-4.12,-3.45","0.539,0.551,0.550,0.567",0,10,-4.580459770114943
YES,25,39,14,25,0.6410256410256411,3392,0.5356721698113207,-0.10535347121432037,-4.10878537735849,-13937,5.0,1.001945754716981,1.0000000000000009,-4.580188679245283,"-4.58,-4.17,-4.07,-3.61","0.524,0.534,0.537,0.548",0,10,-4.827586206896552
YES,25,40,15,25,0.625,3392,0.5241745283018868,-0.10082547169811318,-4.033018867924528,-13680,5.0,1.001945754716981,1.0000000000000009,-4.5754716981132075,"-4.58,-4.15,-4.06,-3.35","0.511,0.521,0.524,0.541",0,10,-5.0
YES,25,41,16,25,0.6097560975609756,3392,0.511497641509434,-0.0982584560515416,-4.0285966981132075,-13665,5.0,1.001945754716981,1.0000000000000009,-4.548349056603773,"-4.55,-4.16,-4.21,-3.19","0.499,0.508,0.507,0.532",0,10,-5.284153005464481
YES,25,42,17,25,0.5952380952380952,3392,0.49764150943396224,-0.097596585804133,-4.099056603773585,-13904,5.0,1.001945754716981,1.0000000000000009,-4.643867924528302,"-4.64,-3.95,-4.35,-3.46","0.485,0.501,0.492,0.513",0,10,-5.491803278688525
YES,25,43,18,25,0.5813953488372093,3392,0.4882075471698113,-0.09318780166739804,-4.007075471698113,-13592,5.0,1.001945754716981,1.0000000000000009,-4.463443396226415,"-4.46,-3.91,-4.36,-3.30","0.478,0.491,0.480,0.505",0,10,-5.379781420765028
YES,25,44,19,25,0.5681818181818182,3392,0.4793632075471698,-0.08881861063464841,-3.9080188679245285,-13256,5.0,1.001945754716981,1.0000000000000009,-4.6084905660377355,"-4.61,-3.88,-4.04,-3.10","0.463,0.480,0.476,0.498",0,10,-5.885245901639344
YES,25,45,20,25,0.5555555555555556,3392,0.4681603773584906,-0.087395178197065,-3.9327830188679247,-13340,5.0,1.001945754716981,1.0000000000000009,-4.569575471698113,"-4.57,-3.93,-4.15,-3.08","0.454,0.468,0.463,0.487",0,10,-5.819672131147541
YES,25,46,21,25,0.5434782608695652,3392,0.46226415094339623,-0.08121410992616895,-3.7358490566037736,-12672,5.0,1.001945754716981,1.0000000000000009,-4.386792452830188,"-4.39,-3.79,-3.95,-2.81","0.448,0.461,0.458,0.482",0,10,-5.51912568306011
YES,25,47,22,25,0.5319148936170213,3392,0.4528301886792453,-0.07908470493777597,-3.7169811320754715,-12608,5.0,1.001945754716981,1.0000000000000009,-4.160377358490566,"-4.16,-3.99,-3.99,-2.72","0.443,0.447,0.447,0.474",0,10,-5.095628415300546
YES,25,48,23,25,0.5208333333333334,3392,0.44604952830188677,-0.0747838050314466,-3.589622641509434,-12176,5.0,1.001945754716981,1.0000000000000009,-4.056603773584905,"-4.06,-3.83,-3.94,-2.53","0.436,0.441,0.439,0.468",0,10,-4.816711590296496
YES,25,49,24,25,0.5102040816326531,3392,0.4377948113207547,-0.07240927031189837,-3.548054245283019,-12035,5.0,1.001945754716981,1.0000000000000009,-4.024764150943396,"-4.02,-3.56,-4.02,-2.58","0.428,0.438,0.428,0.458",0,10,-5.056603773584905
YES,25,50,25,25,0.5,3392,0.42836084905660377,-0.07163915094339623,-3.5819575471698113,-12150,5.0,1.001945754716981,1.0000000000000009,-4.186320754716981,"-4.01,-3.30,-4.19,-2.83","0.420,0.434,0.416,0.443",0,10,-5.053908355795148
YES,25,51,26,25,0.49019607843137253,3392,0.4224646226415094,-0.06773145578986312,-3.454304245283019,-11717,5.0,1.001945754716981,1.0000000000000009,-4.070754716981132,"-4.07,-3.11,-3.89,-2.75","0.410,0.429,0.414,0.436",0,10,-4.795081967213115
YES,25,52,27,25,0.4807692307692308,3392,0.41568396226415094,-0.06508526850507984,-3.384433962264151,-11480,5.0,1.001945754716981,1.0000000000000009,-4.212264150943396,"-4.21,-3.05,-3.72,-2.56","0.400,0.422,0.409,0.432",0,10,-4.967213114754099
YES,25,53,28,25,0.4716981132075472,3392,0.4071344339622642,-0.064563679245283,-3.421875,-11607,5.0,1.001945754716981,1.0000000000000009,-4.0625,"-4.06,-3.44,-3.88,-2.31","0.395,0.407,0.399,0.428",0,10,-4.726775956284153
YES,25,54,29,25,0.46296296296296297,3392,0.40064858490566035,-0.06231437805730261,-3.3649764150943398,-11414,5.0,1.001945754716981,1.0000000000000009,-4.113207547169812,"-4.11,-3.09,-3.86,-2.39","0.387,0.406,0.392,0.419",0,10,-4.639344262295082
YES,25,55,30,25,0.45454545454545453,3392,0.3938679245283019,-0.06067753001715265,-3.3372641509433962,-11320,5.0,1.001945754716981,1.0000000000000009,-4.115566037735849,"-4.12,-2.95,-3.92,-2.36","0.380,0.401,0.383,0.412",1,10,-4.863387978142076
YES,25,56,31,25,0.44642857142857145,3392,0.3888561320754717,-0.05757243935309975,-3.224056603773585,-10936,5.0,1.001945754716981,1.0000000000000009,-4.0,"-4.00,-3.01,-3.60,-2.28","0.375,0.393,0.382,0.406",1,10,-4.6502732240437155
YES,25,57,32,25,0.43859649122807015,3392,0.3761792452830189,-0.06241724594505127,-3.5577830188679247,-12068,5.0,1.001945754716981,1.0000000000000009,-4.431603773584905,"-4.43,-3.29,-4.23,-2.28","0.361,0.381,0.364,0.399",1,10,-5.221311475409836
YES,25,58,33,25,0.43103448275862066,3392,0.37028301886792453,-0.060751463890696134,-3.5235849056603774,-11952,5.0,1.001945754716981,1.0000000000000009,-4.412735849056604,"-4.41,-3.39,-3.93,-2.36","0.355,0.373,0.363,0.390",1,10,-5.3497267759562845
YES,25,59,34,25,0.423728813559322,3392,0.37028301886792453,-0.053445794691397486,-3.1533018867924527,-10696,5.0,1.001945754716981,1.0000000000000009,-4.057783018867925,"-4.06,-3.01,-3.57,-1.97","0.355,0.373,0.363,0.390",1,10,-5.0109289617486334
YES,25,60,35,25,0.4166666666666667,3392,0.3629127358490566,-0.053753930817610096,-3.2252358490566038,-10940,5.0,1.001945754716981,1.0000000000000009,-4.268867924528302,"-4.27,-2.85,-3.70,-2.08","0.346,0.369,0.355,0.382",0,10,-5.163934426229508
YES,25,61,36,25,0.4098360655737705,3392,0.3587853773584906,-0.051050688215279916,-3.1140919811320753,-10563,5.0,1.001945754716981,1.0000000000000009,-4.3549528301886795,"-4.35,-2.56,-3.56,-1.98","0.338,0.368,0.351,0.377",1,10,-4.833333333333333
YES,25,62,37,25,0.4032258064516129,3392,0.35229952830188677,-0.05092627814972611,-3.157429245283019,-10710,5.0,1.001945754716981,1.0000000000000009,-4.382075471698113,"-4.38,-2.48,-3.65,-2.12","0.333,0.363,0.344,0.369",0,10,-4.841530054644808
YES,25,63,38,25,0.3968253968253968,3392,0.34817216981132076,-0.04865322701407604,-3.0651533018867925,-10397,5.0,1.001945754716981,1.0000000000000009,-4.19811320754717,"-4.20,-2.34,-3.60,-2.12","0.330,0.360,0.340,0.363",0,10,-4.860655737704918
YES,25,64,39,25,0.390625,3392,0.3446344339622642,-0.045990566037735825,-2.943396226415094,-9984,5.0,1.001945754716981,1.0000000000000009,-4.018867924528302,"-4.02,-2.21,-3.57,-1.98","0.328,0.356,0.335,0.360",0,10,-4.715846994535519
YES,25,65,40,25,0.38461538461538464,3392,0.33903301886792453,-0.04558236574746011,-2.962853773584906,-10050,5.0,1.001945754716981,1.0000000000000009,-4.074292452830188,"-4.07,-2.39,-3.61,-1.77","0.322,0.348,0.329,0.357",0,10,-4.576502732240437
YES,25,66,41,25,0.3787878787878788,3392,0.33637971698113206,-0.042408161806746725,-2.798938679245283,-9494,5.0,1.001945754716981,1.0000000000000009,-3.830188679245283,"-3.75,-2.20,-3.83,-1.42","0.322,0.346,0.321,0.357",1,10,-4.262295081967213
YES,25,67,42,25,0.373134328358209,3392,0.33372641509433965,-0.03940791326386933,-2.640330188679245,-8956,5.0,1.001945754716981,1.0000000000000009,-3.667452830188679,"-3.67,-2.09,-3.59,-1.22","0.318,0.342,0.320,0.355",1,10,-4.314207650273224
YES,25,68,43,25,0.36764705882352944,3392,0.330188679245283,-0.03745837957824644,-2.547169811320755,-8640,5.0,1.001945754716981,1.0000000000000009,-3.830188679245283,"-3.83,-1.91,-3.35,-1.10","0.311,0.340,0.318,0.351",1,10,-4.353760445682451
YES,25,69,44,25,0.36231884057971014,3392,0.3245872641509434,-0.03773157642876673,-2.603478773584906,-8831,5.0,1.001945754716981,1.0000000000000009,-3.9257075471698113,"-3.93,-1.89,-3.44,-1.16","0.305,0.335,0.312,0.346",1,10,-4.4345403899721445
YES,25,70,45,25,0.35714285714285715,3392,0.32075471698113206,-0.03638814016172509,-2.547169811320755,-8640,5.0,1.001945754716981,1.0000000000000009,-3.785377358490566,"-3.79,-1.80,-3.54,-1.06","0.303,0.331,0.307,0.342",2,10,-4.3314763231197775
YES,26,30,4,26,0.8666666666666667,3537,0.7251908396946565,-0.14147582697201022,-4.244274809160306,-15012,4.0,1.0107435679954762,1.0000000000000009,-4.745762711864407,"-4.75,-4.25,-4.42,-3.57","0.708,0.725,0.719,0.748",0,10,-5.218328840970351
YES,26,31,5,26,0.8387096774193549,3537,0.7087927622278767,-0.1299169151914782,-4.0274243709358215,-14245,4.0,1.0107435679954762,1.0000000000000009,-4.562711864406779,"-4.56,-4.05,-4.15,-3.35","0.692,0.708,0.705,0.731",0,10,-5.1940700808625335
YES,26,32,6,26,0.8125,3537,0.6884365281311846,-0.12406347186881539,-3.970031099802092,-14042,4.0,1.0107435679954762,1.0000000000000009,-4.4858757062146895,"-4.49,-4.03,-4.03,-3.34","0.672,0.687,0.687,0.708",0,10,-4.954177897574124
YES,26,33,7,26,0.7878787878787878,3537,0.6703420978230139,-0.11753669005577394,-3.878710771840543,-13719,4.0,1.0107435679954762,1.0000000000000009,-4.2983050847457624,"-4.30,-3.83,-4.01,-3.38","0.658,0.672,0.666,0.686",0,10,-4.652291105121294
YES,26,34,8,26,0.7647058823529411,3537,0.6545094713033645,-0.11019641104957667,-3.7466779756856092,-13252,4.0,1.0107435679954762,1.0000000000000009,-4.178531073446328,"-4.18,-3.58,-4.04,-3.19","0.642,0.660,0.646,0.671",0,10,-4.738786279683377
YES,26,35,9,26,0.7428571428571429,3537,0.6324568843652814,-0.11040025849186152,-3.8640090472151543,-13667,4.0,1.0107435679954762,1.0000000000000009,-4.288135593220339,"-4.29,-3.67,-4.07,-3.43","0.620,0.638,0.627,0.645",0,10,-4.575197889182058
YES,26,36,10,26,0.7222222222222222,3537,0.6188860616341533,-0.10333616058806894,-3.7201017811704835,-13158,4.0,1.0107435679954762,1.0000000000000009,-4.115254237288136,"-4.12,-3.52,-4.05,-3.19","0.608,0.624,0.610,0.633",0,10,-4.8179419525065965
YES,26,37,11,26,0.7027027027027027,3537,0.6064461407972859,-0.09625656190541687,-3.561492790500424,-12597,4.0,1.0107435679954762,1.0000000000000009,-3.9004524886877827,"-3.84,-3.40,-3.90,-3.11","0.599,0.611,0.597,0.619",0,10,-4.424802110817942
YES,26,38,12,26,0.6842105263157895,3537,0.5928753180661578,-0.0913352082496317,-3.4707379134860052,-12276,4.0,1.0107435679954762,1.0000000000000009,-3.8619909502262444,"-3.80,-3.35,-3.86,-2.87","0.584,0.596,0.583,0.609",0,10,-4.3430079155672825
YES,26,39,13,26,0.6666666666666666,3537,0.5759117896522477,-0.09075487701441898,-3.539440203562341,-12519,4.0,1.0107435679954762,1.0000000000000009,-3.8970588235294117,"-3.79,-3.41,-3.90,-3.06","0.569,0.579,0.567,0.588",0,10,-4.287598944591029
YES,26,40,14,26,0.65,3537,0.5640373197625106,-0.08596268023748943,-3.438507209499576,-12162,4.0,1.0107435679954762,1.0000000000000009,-3.828054298642534,"-3.81,-3.38,-3.83,-2.74","0.555,0.566,0.554,0.581",0,10,-4.301369863013699
YES,26,41,15,26,0.6341463414634146,3537,0.5499010460842522,-0.08424529537916248,-3.4540571105456603,-12217,4.0,1.0107435679954762,1.0000000000000009,-3.9694570135746607,"-3.76,-3.51,-3.97,-2.58","0.542,0.549,0.537,0.571",0,10,-4.472295514511873
YES,26,42,16,26,0.6190476190476191,3537,0.5354820469324286,-0.08356557211519045,-3.5097540288379983,-12414,4.0,1.0107435679954762,1.0000000000000009,-4.049773755656108,"-3.88,-3.29,-4.05,-2.81","0.527,0.541,0.523,0.552",0,10,-4.722955145118734
YES,26,43,17,26,0.6046511627906976,3537,0.5253039298840826,-0.07934723290661505,-3.41193101498445,-12068,4.0,1.0107435679954762,1.0000000000000009,-3.916289592760181,"-3.70,-3.33,-3.92,-2.70","0.519,0.527,0.514,0.542",0,10,-5.010554089709762
YES,26,44,18,26,0.5909090909090909,3537,0.5156912637828668,-0.07521782712622416,-3.3095843935538594,-11706,4.0,1.0107435679954762,1.0000000000000009,-3.776271186440678,"-3.78,-3.30,-3.65,-2.51","0.505,0.516,0.508,0.534",0,10,-4.754617414248021
YES,26,45,19,26,0.5777777777777777,3537,0.5024031665253039,-0.0753746112524738,-3.391857506361323,-11997,4.0,1.0107435679954762,1.0000000000000009,-3.8813559322033897,"-3.88,-3.35,-3.86,-2.48","0.492,0.503,0.492,0.523",0,10,-4.90625
YES,26,46,20,26,0.5652173913043478,3537,0.4956177551597399,-0.0695996361446079,-3.201583262651965,-11324,4.0,1.0107435679954762,1.0000000000000009,-3.7805429864253393,"-3.65,-3.16,-3.78,-2.22","0.486,0.497,0.483,0.517",0,10,-4.759894459102902
YES,26,47,21,26,0.5531914893617021,3537,0.48628781453208936,-0.06690367482961279,-3.144472716991801,-11122,4.0,1.0107435679954762,1.0000000000000009,-3.776018099547511,"-3.43,-3.35,-3.78,-2.02","0.480,0.482,0.473,0.510",0,10,-4.91820580474934
YES,26,48,22,26,0.5416666666666666,3537,0.47837150127226463,-0.063295165394402,-3.0381679389312977,-10746,4.0,1.0107435679954762,1.0000000000000009,-3.737556561085973,"-3.38,-3.14,-3.74,-1.89","0.471,0.476,0.464,0.502",0,10,-5.102902374670185
YES,26,49,23,26,0.5306122448979592,3537,0.46875883517104894,-0.06185340972691028,-3.0308170766186033,-10720,4.0,1.0107435679954762,1.0000000000000009,-3.77262443438914,"-3.35,-3.00,-3.77,-2.00","0.462,0.469,0.454,0.490",0,10,-5.313984168865435
YES,26,50,24,26,0.52,3537,0.457167090754877,-0.06283290924512303,-3.1416454622561494,-11112,4.0,1.0107435679954762,1.0000000000000009,-3.8846153846153846,"-3.51,-2.70,-3.88,-2.47","0.450,0.466,0.442,0.471",0,10,-5.287598944591029
YES,26,51,25,26,0.5098039215686274,3537,0.4506644048628781,-0.059139516705749295,-3.0161153519932147,-10668,4.0,1.0107435679954762,1.0000000000000009,-3.5830508474576273,"-3.58,-2.52,-3.56,-2.40","0.440,0.460,0.440,0.463",0,10,-5.007915567282322
YES,26,52,26,26,0.5,3537,0.4433135425501838,-0.05668645744981621,-2.947695787390444,-10426,4.0,1.0107435679954762,1.0000000000000009,-3.672316384180791,"-3.67,-2.53,-3.35,-2.24","0.429,0.451,0.436,0.457",0,10,-4.733509234828496
YES,26,53,27,26,0.49056603773584906,3537,0.4348317783432287,-0.05573425939262033,-2.953915747808878,-10448,4.0,1.0107435679954762,1.0000000000000009,-3.542372881355932,"-3.54,-2.86,-3.46,-1.96","0.424,0.437,0.425,0.454",1,10,-4.604221635883905
YES,26,54,28,26,0.48148148148148145,3537,0.42748091603053434,-0.05400056545094711,-2.9160305343511452,-10314,4.0,1.0107435679954762,1.0000000000000009,-3.606779661016949,"-3.61,-2.54,-3.46,-2.05","0.415,0.434,0.417,0.443",1,10,-4.627968337730871
YES,26,55,29,26,0.4727272727272727,3537,0.42097823013853547,-0.05174904258873725,-2.8461973423805484,-10067,4.0,1.0107435679954762,1.0000000000000009,-3.5649717514124295,"-3.56,-2.36,-3.48,-1.98","0.408,0.430,0.410,0.437",1,10,-4.37730870712401
YES,26,56,30,26,0.4642857142857143,3537,0.4153237206672321,-0.04896199361848219,-2.7418716426350014,-9698,4.0,1.0107435679954762,1.0000000000000009,-3.473446327683616,"-3.47,-2.43,-3.13,-1.93","0.402,0.421,0.408,0.430",1,10,-3.984168865435356
YES,26,57,31,26,0.45614035087719296,3537,0.40231834888323437,-0.05382200199395859,-3.0678541136556405,-10851,4.0,1.0107435679954762,1.0000000000000009,-3.8440677966101693,"-3.84,-2.66,-3.75,-2.01","0.389,0.410,0.390,0.421",1,10,-4.493403693931398
YES,26,58,32,26,0.4482758620689655,3537,0.3955329375176703,-0.0527429245512952,-3.05908962397512,-10820,4.0,1.0107435679954762,1.0000000000000009,-3.848587570621469,"-3.85,-2.64,-3.56,-2.18","0.382,0.403,0.387,0.411",1,10,-4.552083333333333
YES,26,59,33,26,0.4406779661016949,3537,0.3955329375176703,-0.04514502858402458,-2.66355668645745,-9421,4.0,1.0107435679954762,1.0000000000000009,-3.466666666666667,"-3.47,-2.24,-3.17,-1.77","0.382,0.403,0.387,0.411",1,10,-4.182291666666667
YES,26,60,34,26,0.43333333333333335,3537,0.38761662425784565,-0.045716709075487694,-2.7430025445292623,-9702,4.0,1.0107435679954762,1.0000000000000009,-3.694915254237288,"-3.69,-2.11,-3.33,-1.84","0.372,0.398,0.378,0.403",1,10,-4.28125
YES,26,61,35,26,0.4262295081967213,3537,0.38365846762793326,-0.04257104056878802,-2.59683347469607,-9185,4.0,1.0107435679954762,1.0000000000000009,-3.7367231638418077,"-3.74,-1.78,-3.16,-1.71","0.365,0.397,0.374,0.398",1,10,-4.132075471698113
YES,26,62,36,26,0.41935483870967744,3537,0.37659033078880405,-0.042764507920873385,-2.6513994910941476,-9378,4.0,1.0107435679954762,1.0000000000000009,-3.792090395480226,"-3.79,-1.73,-3.21,-1.87","0.358,0.391,0.368,0.389",1,10,-4.274932614555256
YES,26,63,37,26,0.4126984126984127,3537,0.3717839977381962,-0.04091441496021647,-2.577608142493639,-9117,4.0,1.0107435679954762,1.0000000000000009,-3.647457627118644,"-3.65,-1.70,-3.12,-1.84","0.355,0.386,0.363,0.383",1,10,-3.9245283018867925
YES,26,64,38,26,0.40625,3537,0.36810856658184904,-0.03814143341815096,-2.4410517387616624,-8634,4.0,1.0107435679954762,1.0000000000000009,-3.4372881355932203,"-3.44,-1.53,-3.12,-1.67","0.353,0.382,0.357,0.380",1,10,-3.746630727762803
YES,26,65,39,26,0.4,3537,0.36188860616341534,-0.038111393836584684,-2.477240599378004,-8762,4.0,1.0107435679954762,1.0000000000000009,-3.5254237288135593,"-3.53,-1.74,-3.21,-1.44","0.346,0.373,0.351,0.378",1,10,-4.218997361477572
YES,26,66,40,26,0.3939393939393939,3537,0.35906135142776363,-0.03487804251163029,-2.3019508057675995,-8142,4.0,1.0107435679954762,1.0000000000000009,-3.3778280542986425,"-3.18,-1.59,-3.38,-1.06","0.346,0.370,0.343,0.378",1,10,-4.580474934036939
YES,26,67,41,26,0.3880597014925373,3537,0.3559513712185468,-0.032108330273990515,-2.151258128357365,-7609,4.0,1.0107435679954762,1.0000000000000009,-3.2124293785310734,"-3.21,-1.44,-3.11,-0.84","0.340,0.367,0.342,0.376",1,10,-4.255936675461742
YES,26,68,42,26,0.38235294117647056,3537,0.3522759400621996,-0.030077001114270974,-2.045236075770427,-7234,4.0,1.0107435679954762,1.0000000000000009,-3.3333333333333335,"-3.33,-1.31,-2.85,-0.69","0.333,0.363,0.340,0.372",2,10,-4.555256064690027
YES,26,69,43,26,0.37681159420289856,3537,0.3457732541702007,-0.031038340032697842,-2.1416454622561494,-7575,4.0,1.0107435679954762,1.0000000000000009,-3.4677966101694917,"-3.47,-1.49,-2.90,-0.71","0.327,0.355,0.335,0.367",2,10,-4.611859838274933
YES,26,70,44,26,0.37142857142857144,3537,0.3418150975402884,-0.02961347388828306,-2.0729431721798135,-7332,4.0,1.0107435679954762,1.0000000000000009,-3.2994350282485874,"-3.30,-1.37,-2.96,-0.66","0.324,0.352,0.329,0.362",2,10,-4.490566037735849
YES,27,30,3,27,0.9,3638,0.7570093457943925,-0.14299065420560753,-4.289719626168225,-15606,4.0,1.0156404617921935,1.0000000000000009,-5.142857142857143,"-5.14,-4.23,-4.29,-3.49","0.729,0.759,0.757,0.784",0,10,-5.627968337730871
YES,27,31,4,27,0.8709677419354839,3638,0.739692138537658,-0.13127560339782585,-4.069543705332601,-14805,4.0,1.0156404617921935,1.0000000000000009,-4.9252747252747255,"-4.93,-3.98,-4.12,-3.26","0.712,0.743,0.738,0.766",0,10,-5.651715039577836
YES,27,32,5,27,0.84375,3638,0.717152281473337,-0.12659771852666302,-4.051126992853216,-14738,4.0,1.0156404617921935,1.0000000000000009,-4.881318681318682,"-4.88,-3.94,-4.05,-3.33","0.691,0.721,0.717,0.740",0,10,-5.300791556728232
YES,27,33,6,27,0.8181818181818182,3638,0.6979109400769654,-0.12027087810485282,-3.968938977460143,-14439,4.0,1.0156404617921935,1.0000000000000009,-4.734065934065934,"-4.73,-3.73,-4.06,-3.36","0.675,0.705,0.695,0.716",0,10,-5.058047493403694
YES,27,34,7,27,0.7941176470588235,3638,0.682517866959868,-0.11159978009895544,-3.794392523364486,-13804,4.0,1.0156404617921935,1.0000000000000009,-4.545054945054945,"-4.55,-3.47,-3.96,-3.20","0.660,0.692,0.678,0.700",0,10,-4.662269129287599
YES,27,35,8,27,0.7714285714285715,3638,0.660527762506872,-0.11090080892169951,-3.881528312259483,-14121,4.0,1.0156404617921935,1.0000000000000009,-4.615384615384615,"-4.62,-3.55,-3.94,-3.42","0.640,0.670,0.659,0.674",0,10,-4.559366754617415
YES,27,36,9,27,0.75,3638,0.645959318306762,-0.10404068169323799,-3.7454645409565694,-13626,4.0,1.0156404617921935,1.0000000000000009,-4.49010989010989,"-4.49,-3.40,-3.91,-3.18","0.625,0.656,0.641,0.662",0,10,-4.661538461538462
YES,27,37,10,27,0.7297297297297297,3638,0.6341396371632765,-0.09559009256645323,-3.5368334249587687,-12867,4.0,1.0156404617921935,1.0000000000000009,-4.19010989010989,"-4.19,-3.27,-3.72,-2.97","0.616,0.641,0.629,0.649",0,10,-4.253298153034301
YES,27,38,11,27,0.7105263157894737,3638,0.6187465640461792,-0.09177975174329445,-3.4876305662451896,-12688,4.0,1.0156404617921935,1.0000000000000009,-4.116483516483516,"-4.12,-3.30,-3.80,-2.74","0.602,0.624,0.611,0.638",0,10,-4.065656565656566
YES,27,39,12,27,0.6923076923076923,3638,0.6008796041781198,-0.09142808812957248,-3.565695437053326,-12972,4.0,1.0156404617921935,1.0000000000000009,-4.0285714285714285,"-4.03,-3.36,-3.79,-3.09","0.589,0.606,0.595,0.613",0,10,-4.145161290322581
YES,27,40,13,27,0.675,3638,0.5890599230346344,-0.08594007696536565,-3.4376030786146234,-12506,4.0,1.0156404617921935,1.0000000000000009,-3.967032967032967,"-3.97,-3.37,-3.72,-2.69","0.576,0.591,0.582,0.608",0,10,-4.419354838709677
YES,27,41,14,27,0.6585365853658537,3638,0.5755909840571742,-0.08294560130867945,-3.4007696536558547,-12372,4.0,1.0156404617921935,1.0000000000000009,-3.8868131868131868,"-3.89,-3.46,-3.77,-2.49","0.564,0.574,0.567,0.598",0,10,-4.516129032258065
YES,27,42,15,27,0.6428571428571429,3638,0.560197910940077,-0.08265923191706592,-3.4716877405167677,-12630,4.0,1.0156404617921935,1.0000000000000009,-4.015384615384615,"-4.02,-3.20,-3.90,-2.77","0.547,0.567,0.550,0.577",0,10,-4.492307692307692
YES,27,43,16,27,0.627906976744186,3638,0.5497526113249038,-0.07815436541928222,-3.3606377130291367,-12226,4.0,1.0156404617921935,1.0000000000000009,-3.940659340659341,"-3.94,-3.16,-3.73,-2.62","0.536,0.554,0.541,0.567",0,10,-4.728205128205128
YES,27,44,17,27,0.6136363636363636,3638,0.5387575590984057,-0.07487880453795792,-3.2946673996701485,-11986,4.0,1.0156404617921935,1.0000000000000009,-4.032967032967033,"-4.03,-3.14,-3.52,-2.49","0.522,0.542,0.534,0.557",0,10,-4.777777777777778
YES,27,45,18,27,0.6,3638,0.5241891148982958,-0.0758108851017042,-3.4114898295766904,-12411,4.0,1.0156404617921935,1.0000000000000009,-4.153846153846154,"-4.15,-3.29,-3.78,-2.42","0.508,0.527,0.516,0.546",0,10,-5.068181818181818
YES,27,46,19,27,0.5869565217391305,3638,0.5178669598680594,-0.06908956187107107,-3.178119846069269,-11562,4.0,1.0156404617921935,1.0000000000000009,-3.9494505494505496,"-3.95,-3.06,-3.62,-2.08","0.501,0.520,0.508,0.542",0,10,-4.696969696969697
YES,27,47,20,27,0.574468085106383,3638,0.5074216602528862,-0.06704642485349688,-3.1511819681143485,-11464,4.0,1.0156404617921935,1.0000000000000009,-3.758241758241758,"-3.76,-3.22,-3.73,-1.90","0.495,0.506,0.495,0.534",0,10,-4.825641025641025
YES,27,48,21,27,0.5625,3638,0.49807586586036284,-0.06442413413963716,-3.092358438702584,-11250,4.0,1.0156404617921935,1.0000000000000009,-3.8184818481848186,"-3.74,-2.97,-3.82,-1.84","0.485,0.501,0.483,0.524",1,10,-5.092307692307692
YES,27,49,22,27,0.5510204081632653,3638,0.4876305662451897,-0.06338984191807556,-3.1061022539857066,-11300,4.0,1.0156404617921935,1.0000000000000009,-3.8745874587458746,"-3.74,-2.85,-3.87,-1.96","0.475,0.493,0.472,0.511",0,10,-5.264102564102564
YES,27,50,23,27,0.54,3638,0.4763606377130291,-0.06363936228697092,-3.181968114348543,-11576,4.0,1.0156404617921935,1.0000000000000009,-4.007700770077007,"-3.81,-2.58,-4.01,-2.33","0.464,0.488,0.460,0.493",0,10,-5.333333333333333
YES,27,51,24,27,0.5294117647058824,3638,0.47003848268279275,-0.05937328202308961,-3.02803738317757,-11016,4.0,1.0156404617921935,1.0000000000000009,-3.853846153846154,"-3.85,-2.37,-3.66,-2.23","0.454,0.483,0.458,0.486",1,10,-5.030769230769231
YES,27,52,25,27,0.5192307692307693,3638,0.46151731720725675,-0.057713452023512524,-3.00109950522265,-10918,4.0,1.0156404617921935,1.0000000000000009,-4.0285714285714285,"-4.03,-2.34,-3.55,-2.09","0.442,0.474,0.451,0.479",1,10,-4.733333333333333
YES,27,53,26,27,0.5094339622641509,3638,0.45299615173172075,-0.05643781053243019,-2.9912039582188017,-10882,4.0,1.0156404617921935,1.0000000000000009,-3.878021978021978,"-3.88,-2.69,-3.62,-1.78","0.436,0.459,0.441,0.476",1,10,-4.576923076923077
YES,27,54,27,27,0.5,3638,0.44529961517317207,-0.05470038482682793,-2.9538207806487082,-10746,4.0,1.0156404617921935,1.0000000000000009,-3.9164835164835163,"-3.92,-2.47,-3.59,-1.84","0.427,0.454,0.433,0.466",1,10,-4.569230769230769
YES,27,55,28,27,0.4909090909090909,3638,0.43870258383727323,-0.052206507071817676,-2.8713578889499725,-10446,4.0,1.0156404617921935,1.0000000000000009,-3.8516483516483517,"-3.85,-2.25,-3.58,-1.80","0.421,0.450,0.426,0.458",1,10,-4.294871794871795
YES,27,56,29,27,0.48214285714285715,3638,0.43293018141836176,-0.04921267572449539,-2.755909840571743,-10026,4.0,1.0156404617921935,1.0000000000000009,-3.7384615384615385,"-3.74,-2.36,-3.22,-1.71","0.415,0.440,0.425,0.452",1,10,-4.245382585751979
YES,27,57,30,27,0.47368421052631576,3638,0.4194612424409016,-0.05422296808541416,-3.090709180868609,-11244,4.0,1.0156404617921935,1.0000000000000009,-4.137362637362638,"-4.14,-2.54,-3.92,-1.76","0.401,0.429,0.405,0.443",1,10,-4.638461538461539
YES,27,58,31,27,0.46551724137931033,3638,0.41231445849367787,-0.05320278288563246,-3.085761407366685,-11226,4.0,1.0156404617921935,1.0000000000000009,-4.118681318681318,"-4.12,-2.56,-3.71,-1.95","0.395,0.421,0.402,0.432",1,10,-4.590909090909091
YES,27,59,32,27,0.4576271186440678,3638,0.41231445849367787,-0.04531266015038993,-2.673446948873007,-9726,4.0,1.0156404617921935,1.0000000000000009,-3.7241758241758243,"-3.72,-2.14,-3.31,-1.52","0.395,0.421,0.402,0.432",1,10,-4.204545454545454
YES,27,60,33,27,0.45,3638,0.4043430456294667,-0.0456569543705333,-2.7394172622319957,-9966,4.0,1.0156404617921935,1.0000000000000009,-3.989010989010989,"-3.99,-1.98,-3.44,-1.55","0.384,0.417,0.393,0.424",1,10,-4.361477572559367
YES,27,61,34,27,0.4426229508196721,3638,0.4004947773501924,-0.042128173469479724,-2.5698185816382626,-9349,4.0,1.0156404617921935,1.0000000000000009,-4.0747252747252745,"-4.07,-1.63,-3.18,-1.39","0.376,0.416,0.391,0.420",1,10,-4.627968337730871
YES,27,62,35,27,0.43548387096774194,3638,0.39279824079164377,-0.042685630176098166,-2.646509070918087,-9628,4.0,1.0156404617921935,1.0000000000000009,-4.107692307692307,"-4.11,-1.56,-3.20,-1.72","0.369,0.410,0.384,0.408",1,10,-4.75197889182058
YES,27,63,36,27,0.42857142857142855,3638,0.3875755909840572,-0.04099583758737135,-2.582737768004398,-9396,4.0,1.0156404617921935,1.0000000000000009,-3.9461538461538463,"-3.95,-1.63,-3.09,-1.66","0.366,0.403,0.380,0.402",0,10,-4.3931398416886545
YES,27,64,37,27,0.421875,3638,0.3834524463991204,-0.038422553600879594,-2.4590434304562945,-8946,4.0,1.0156404617921935,1.0000000000000009,-3.720879120879121,"-3.72,-1.44,-3.06,-1.61","0.364,0.399,0.374,0.397",0,10,-4.203166226912929
YES,27,65,38,27,0.4153846153846154,3638,0.37630566245189667,-0.039078952932718736,-2.540131940626718,-9241,4.0,1.0156404617921935,1.0000000000000009,-3.7857142857142856,"-3.79,-1.61,-3.26,-1.50","0.357,0.391,0.365,0.392",0,10,-4.532981530343008
YES,27,66,39,27,0.4090909090909091,3638,0.37355689939527215,-0.03553400969563697,-2.3452446399120395,-8532,4.0,1.0156404617921935,1.0000000000000009,-3.4285714285714284,"-3.43,-1.44,-3.40,-1.11","0.357,0.387,0.358,0.392",1,10,-4.661538461538462
YES,27,67,40,27,0.40298507462686567,3638,0.37053326003298515,-0.032451814593880524,-2.1742715777899946,-7910,4.0,1.0156404617921935,1.0000000000000009,-3.4395604395604398,"-3.44,-1.28,-3.12,-0.86","0.352,0.384,0.356,0.390",1,10,-4.323076923076923
YES,27,68,41,27,0.39705882352941174,3638,0.36641011544804836,-0.030648708081363385,-2.0841121495327104,-7582,4.0,1.0156404617921935,1.0000000000000009,-3.536263736263736,"-3.54,-1.19,-2.91,-0.70","0.345,0.380,0.354,0.387",1,10,-4.931398416886544
YES,27,69,42,27,0.391304347826087,3638,0.3598130841121495,-0.031491263713937456,-2.1728971962616823,-7905,4.0,1.0156404617921935,1.0000000000000009,-3.646153846153846,"-3.65,-1.34,-2.94,-0.76","0.338,0.372,0.349,0.380",2,10,-4.970976253298153
YES,27,70,43,27,0.38571428571428573,3638,0.3559648158328752,-0.02974946988141053,-2.0824628916987358,-7576,4.0,1.0156404617921935,1.0000000000000009,-3.4615384615384617,"-3.46,-1.20,-2.97,-0.69","0.336,0.369,0.343,0.376",2,10,-4.836411609498681
YES,28,30,2,28,0.9333333333333333,3733,0.7856951513527993,-0.14763818198053402,-4.429145459416019,-16534,4.0,1.01816233592285,1.0000000000000009,-5.226980728051392,"-5.23,-4.27,-4.43,-3.79","0.759,0.791,0.786,0.807",0,10,-5.364341085271318
YES,28,31,3,28,0.9032258064516129,3733,0.7680150013394053,-0.13521080511220762,-4.191534958478435,-15647,4.0,1.01816233592285,1.0000000000000009,-5.065310492505353,"-5.07,-3.98,-4.21,-3.51","0.740,0.775,0.767,0.790",0,10,-5.410852713178294
YES,28,32,4,28,0.875,3733,0.7463166354138763,-0.12868336458612373,-4.11786766675596,-15372,4.0,1.01816233592285,1.0000000000000009,-5.079229122055675,"-5.08,-3.96,-4.06,-3.37","0.716,0.751,0.748,0.770",0,10,-5.178294573643411
YES,28,33,5,28,0.8484848484848485,3733,0.7262255558532011,-0.12225929263164736,-4.034556656844361,-15061,4.0,1.01816233592285,1.0000000000000009,-4.963597430406852,"-4.96,-3.77,-4.05,-3.35","0.698,0.734,0.726,0.747",0,10,-4.976744186046512
YES,28,34,6,28,0.8235294117647058,3733,0.7096169300830432,-0.11391248168166268,-3.8730243771765336,-14458,4.0,1.01816233592285,1.0000000000000009,-4.775160599571734,"-4.78,-3.47,-3.98,-3.26","0.683,0.721,0.706,0.728",0,10,-4.799007444168734
YES,28,35,7,28,0.8,3733,0.6865791588534691,-0.11342084114653095,-3.969729440128583,-14819,4.0,1.01816233592285,1.0000000000000009,-4.916488222698073,"-4.92,-3.50,-4.03,-3.43","0.660,0.700,0.685,0.702",0,10,-4.811414392059554
YES,28,36,8,28,0.7777777777777778,3733,0.671845700508974,-0.10593207726880383,-3.8135547816769355,-14236,4.0,1.01816233592285,1.0000000000000009,-4.758029978586724,"-4.76,-3.31,-3.96,-3.23","0.646,0.686,0.668,0.688",0,10,-4.651162790697675
YES,28,37,9,28,0.7567567567567568,3733,0.658719528529333,-0.09803722822742378,-3.62737744441468,-13541,4.0,1.01816233592285,1.0000000000000009,-4.429336188436831,"-4.43,-3.25,-3.77,-3.06","0.637,0.669,0.655,0.674",0,10,-4.312655086848635
YES,28,38,10,28,0.7368421052631579,3733,0.6421109027591749,-0.09473120250398293,-3.5997856951513527,-13438,4.0,1.01816233592285,1.0000000000000009,-4.402569593147752,"-4.40,-3.36,-3.85,-2.79","0.621,0.648,0.636,0.663",0,10,-4.521091811414392
YES,28,39,11,28,0.717948717948718,3733,0.6230913474417359,-0.09485737050698206,-3.6994374497723013,-13810,4.0,1.01816233592285,1.0000000000000009,-4.32441113490364,"-4.32,-3.38,-3.88,-3.21","0.607,0.631,0.618,0.636",0,10,-4.5390625
YES,28,40,12,28,0.7,3733,0.6094294133404768,-0.09057058665952311,-3.6228234663809267,-13524,4.0,1.01816233592285,1.0000000000000009,-4.274089935760172,"-4.27,-3.52,-3.82,-2.88","0.593,0.612,0.605,0.628",0,10,-4.875
YES,28,41,13,28,0.6829268292682927,3733,0.5957674792392178,-0.08715935002907493,-3.573533351192071,-13340,4.0,1.01816233592285,1.0000000000000009,-4.163811563169165,"-4.16,-3.61,-3.79,-2.73","0.581,0.595,0.591,0.616",0,10,-4.9375
YES,28,42,14,28,0.6666666666666666,3733,0.5799624966514867,-0.08670417001517994,-3.6415751406375567,-13594,4.0,1.01816233592285,1.0000000000000009,-4.301927194860814,"-4.30,-3.38,-3.87,-3.02","0.564,0.586,0.574,0.595",0,10,-4.759305210918114
YES,28,43,15,28,0.6511627906976745,3733,0.5697830163407447,-0.08137977435692978,-3.4993302973479774,-13063,4.0,1.01816233592285,1.0000000000000009,-4.15203426124197,"-4.15,-3.30,-3.67,-2.88","0.555,0.574,0.566,0.584",0,10,-4.632754342431761
YES,28,44,16,28,0.6363636363636364,3733,0.5585320117867667,-0.07783162457686965,-3.4245914813822664,-12784,4.0,1.01816233592285,1.0000000000000009,-4.209850107066381,"-4.21,-3.29,-3.48,-2.72","0.541,0.562,0.557,0.574",0,10,-4.962779156327543
YES,28,45,17,28,0.6222222222222222,3733,0.5443343155638897,-0.07788790665833256,-3.5049557996249665,-13084,4.0,1.01816233592285,1.0000000000000009,-4.247323340471092,"-4.25,-3.45,-3.69,-2.63","0.528,0.546,0.540,0.564",0,10,-5.109181141439206
YES,28,46,18,28,0.6086956521739131,3733,0.5368336458612376,-0.07186200631267547,-3.30565229038307,-12340,4.0,1.01816233592285,1.0000000000000009,-4.06423982869379,"-4.06,-3.15,-3.69,-2.31","0.520,0.540,0.528,0.558",0,10,-4.828784119106699
YES,28,47,19,28,0.5957446808510638,3733,0.5258505223680686,-0.06989415848299518,-3.285025448700777,-12263,4.0,1.01816233592285,1.0000000000000009,-3.8961456102783725,"-3.90,-3.32,-3.82,-2.11","0.513,0.525,0.514,0.551",0,10,-4.441687344913151
YES,28,48,20,28,0.5833333333333334,3733,0.5170104473613716,-0.06632288597196179,-3.1834985266541658,-11884,4.0,1.01816233592285,1.0000000000000009,-3.8713826366559485,"-3.74,-3.10,-3.87,-2.02","0.505,0.519,0.503,0.541",0,10,-4.535980148883374
YES,28,49,21,28,0.5714285714285714,3733,0.5062952049290115,-0.06513336649955992,-3.1915349584784356,-11914,4.0,1.01816233592285,1.0000000000000009,-3.9464094319399785,"-3.71,-3.05,-3.95,-2.06","0.496,0.509,0.491,0.529",0,10,-4.776674937965261
YES,28,50,22,28,0.56,3733,0.4958478435574605,-0.06415215644253958,-3.2076078221269757,-11974,4.0,1.01816233592285,1.0000000000000009,-3.9914255091103965,"-3.64,-2.81,-3.99,-2.38","0.487,0.504,0.480,0.512",0,10,-4.799007444168734
YES,28,51,23,28,0.5490196078431373,3733,0.48861505491561746,-0.06040455292751984,-3.0806321993035093,-11500,4.0,1.01816233592285,1.0000000000000009,-3.646680942184154,"-3.65,-2.69,-3.62,-2.36","0.478,0.496,0.478,0.503",0,10,-4.461538461538462
YES,28,52,24,28,0.5384615384615384,3733,0.47977497990892043,-0.05868655855261801,-3.051701044736137,-11392,4.0,1.01816233592285,1.0000000000000009,-3.892933618843683,"-3.89,-2.64,-3.48,-2.20","0.464,0.488,0.472,0.496",1,10,-4.258064516129032
YES,28,53,25,28,0.5283018867924528,3733,0.4703991427806054,-0.05790274401184742,-3.068845432627913,-11456,4.0,1.01816233592285,1.0000000000000009,-3.7698072805139184,"-3.77,-2.95,-3.57,-1.98","0.457,0.473,0.461,0.491",1,10,-4.042929292929293
YES,28,54,26,28,0.5185185185185185,3733,0.4626305920171444,-0.055887926501374086,-3.017948031074203,-11266,4.0,1.01816233592285,1.0000000000000009,-3.7173447537473234,"-3.72,-2.77,-3.58,-2.01","0.450,0.467,0.452,0.481",1,10,-4.1395348837209305
YES,28,55,27,28,0.509090909090909,3733,0.4556656844361104,-0.05342522465479865,-2.93838735601393,-10969,4.0,1.01816233592285,1.0000000000000009,-3.620985010706638,"-3.62,-2.59,-3.54,-2.00","0.443,0.462,0.445,0.473",1,10,-3.9801488833746896
YES,28,56,28,28,0.5,3733,0.44870077685507637,-0.051299223144923634,-2.872756496115725,-10724,4.0,1.01816233592285,1.0000000000000009,-3.657387580299786,"-3.66,-2.73,-3.27,-1.83","0.435,0.451,0.442,0.467",1,10,-3.979328165374677
YES,28,57,29,28,0.49122807017543857,3733,0.43477096169300833,-0.05645710848243024,-3.2180551834985267,-12013,4.0,1.01816233592285,1.0000000000000009,-4.077087794432548,"-4.08,-2.83,-4.05,-1.91","0.420,0.442,0.420,0.458",1,10,-4.521091811414392
YES,28,58,30,28,0.4827586206896552,3733,0.42753817305116526,-0.05522044763848993,-3.202785963032414,-11956,4.0,1.01816233592285,1.0000000000000009,-4.029978586723769,"-4.03,-2.82,-3.88,-2.08","0.413,0.434,0.416,0.447",1,10,-4.565656565656566
YES,28,59,31,28,0.4745762711864407,3733,0.42753817305116526,-0.04703809813527543,-2.775247789981248,-10360,4.0,1.01816233592285,1.0000000000000009,-3.6167023554603857,"-3.62,-2.39,-3.46,-1.63","0.413,0.434,0.416,0.447",1,10,-4.161616161616162
YES,28,60,32,28,0.4666666666666667,3733,0.42003750334851325,-0.04662916331815342,-2.797749799089204,-10444,4.0,1.01816233592285,1.0000000000000009,-3.845824411134904,"-3.85,-2.21,-3.50,-1.63","0.403,0.430,0.408,0.439",1,10,-4.1786600496277915
YES,28,61,33,28,0.45901639344262296,3733,0.4162871684971873,-0.042729224945435684,-2.606482721671578,-9730,4.0,1.01816233592285,1.0000000000000009,-3.900428265524625,"-3.90,-1.85,-3.22,-1.46","0.395,0.429,0.406,0.435",1,10,-4.198966408268734
YES,28,62,34,28,0.45161290322580644,3733,0.4082507366729172,-0.043362166552889214,-2.6884543262791323,-10036,4.0,1.01816233592285,1.0000000000000009,-4.036402569593148,"-4.04,-1.75,-3.21,-1.75","0.387,0.423,0.400,0.423",0,10,-4.609819121447028
YES,28,63,35,28,0.4444444444444444,3733,0.4023573533351192,-0.042087091109325236,-2.65148673988749,-9898,4.0,1.01816233592285,1.0000000000000009,-3.852248394004283,"-3.85,-1.87,-3.22,-1.67","0.383,0.415,0.393,0.418",0,10,-4.232558139534884
YES,28,64,36,28,0.4375,3733,0.3983391374229842,-0.03916086257701579,-2.5062952049290117,-9356,4.0,1.01816233592285,1.0000000000000009,-3.605995717344754,"-3.61,-1.66,-3.17,-1.59","0.381,0.412,0.388,0.413",1,10,-4.020671834625323
YES,28,65,37,28,0.4307692307692308,3733,0.3916421109027592,-0.039127119866471605,-2.543262791320654,-9494,4.0,1.01816233592285,1.0000000000000009,-3.6423982869379015,"-3.64,-1.80,-3.34,-1.39","0.375,0.403,0.379,0.409",0,10,-4.317829457364341
YES,28,66,38,28,0.42424242424242425,3733,0.38869541923386014,-0.035547005008564114,-2.346102330565229,-8758,4.0,1.01816233592285,1.0000000000000009,-3.4533762057877815,"-3.27,-1.68,-3.45,-0.98","0.375,0.399,0.372,0.409",1,10,-4.253101736972705
YES,28,67,39,28,0.417910447761194,3733,0.38548084650415215,-0.03242960125704186,-2.1727832842218056,-8111,4.0,1.01816233592285,1.0000000000000009,-3.3233404710920773,"-3.32,-1.50,-3.15,-0.71","0.368,0.395,0.371,0.407",1,10,-4.108527131782946
YES,28,68,40,28,0.4117647058823529,3733,0.38092686847039914,-0.030837837411953783,-2.096972944012858,-7828,4.0,1.01816233592285,1.0000000000000009,-3.3918629550321198,"-3.39,-1.40,-3.00,-0.60","0.362,0.391,0.368,0.403",2,10,-4.8062015503875966
YES,28,69,41,28,0.4057971014492754,3733,0.3742298419501741,-0.031567259499101274,-2.1781409054379854,-8131,4.0,1.01816233592285,1.0000000000000009,-3.5471092077087794,"-3.55,-1.52,-3.00,-0.64","0.354,0.384,0.362,0.397",2,10,-4.821705426356589
YES,28,70,42,28,0.4,3733,0.3696758639164211,-0.030324136083578923,-2.1226895258505225,-7924,4.0,1.01816233592285,1.0000000000000009,-3.417558886509636,"-3.42,-1.37,-3.02,-0.69","0.351,0.380,0.357,0.390",2,10,-4.666666666666667
YES,29,30,1,29,0.9666666666666667,3833,0.8132011479259066,-0.1534655187407601,-4.603965562222802,-17647,4.0,1.02102791547091,1.0000000000000009,-5.350364963503649,"-5.35,-4.64,-4.48,-3.95","0.788,0.812,0.817,0.835",0,10,-5.6075949367088604
YES,29,31,2,29,0.9354838709677419,3833,0.7941560135663971,-0.1413278574013448,-4.381163579441691,-16793,4.0,1.02102791547091,1.0000000000000009,-5.240875912408759,"-5.24,-4.25,-4.41,-3.63","0.766,0.799,0.793,0.818",0,10,-5.691139240506329
YES,29,32,3,29,0.90625,3833,0.7725019566918863,-0.13374804330811374,-4.27993738585964,-16405,4.0,1.02102791547091,1.0000000000000009,-5.175182481751825,"-5.18,-4.25,-4.22,-3.48","0.745,0.773,0.775,0.797",0,10,-5.425316455696202
YES,29,33,4,29,0.8787878787878788,3833,0.7524132533263762,-0.12637462546150258,-4.170362640229585,-15985,4.0,1.02102791547091,1.0000000000000009,-5.0500521376433785,"-5.05,-4.06,-4.13,-3.44","0.726,0.756,0.754,0.775",0,10,-5.189873417721519
YES,29,34,5,29,0.8529411764705882,3833,0.7357161492303679,-0.11722502724022033,-3.9856509261674926,-15277,4.0,1.02102791547091,1.0000000000000009,-4.856100104275287,"-4.86,-3.66,-4.09,-3.34","0.710,0.745,0.733,0.755",0,10,-4.89873417721519
YES,29,35,6,29,0.8285714285714286,3833,0.7124967388468563,-0.11607468972457236,-4.062614140360031,-15572,4.0,1.02102791547091,1.0000000000000009,-4.9489051094890515,"-4.95,-3.68,-4.05,-3.57","0.687,0.723,0.713,0.727",0,10,-4.89873417721519
YES,29,36,7,29,0.8055555555555556,3833,0.6984085572658492,-0.10714699828970642,-3.857291938429429,-14785,4.0,1.02102791547091,1.0000000000000009,-4.712200208550573,"-4.71,-3.48,-3.90,-3.33","0.675,0.709,0.697,0.713",0,10,-4.756962025316455
YES,29,37,8,29,0.7837837837837838,3833,0.684059483433342,-0.09972430035044177,-3.689799112966345,-14143,4.0,1.02102791547091,1.0000000000000009,-4.423357664233577,"-4.42,-3.51,-3.70,-3.12","0.664,0.689,0.684,0.699",0,10,-4.364556962025317
YES,29,38,9,29,0.7631578947368421,3833,0.6678841638403339,-0.09527373089650826,-3.62040177406731,-13877,4.0,1.02102791547091,1.0000000000000009,-4.43274244004171,"-4.43,-3.49,-3.65,-2.90","0.647,0.671,0.667,0.687",0,10,-4.390476190476191
YES,29,39,10,29,0.7435897435897436,3833,0.6490999217323246,-0.09448982185741905,-3.6851030524393424,-14125,4.0,1.02102791547091,1.0000000000000009,-4.2742440041710115,"-4.27,-3.47,-3.72,-3.27","0.634,0.654,0.648,0.660",0,10,-4.3164556962025316
YES,29,40,11,29,0.725,3833,0.6347508478998174,-0.09024915210018258,-3.609966084007305,-13837,4.0,1.02102791547091,1.0000000000000009,-4.099061522419187,"-4.10,-3.74,-3.70,-2.90","0.623,0.632,0.633,0.652",0,10,-4.477386934673367
YES,29,41,12,29,0.7073170731707317,3833,0.6209235585703105,-0.08639351460042122,-3.542134098617271,-13577,4.0,1.02102791547091,1.0000000000000009,-3.989572471324296,"-3.99,-3.79,-3.62,-2.77","0.610,0.615,0.619,0.640",0,10,-4.482412060301508
YES,29,42,13,29,0.6904761904761905,3833,0.6044873467258023,-0.08598884375038818,-3.6115314375163057,-13843,4.0,1.02102791547091,1.0000000000000009,-4.124087591240876,"-4.12,-3.48,-3.84,-3.00","0.592,0.608,0.599,0.619",0,10,-4.2
YES,29,43,14,29,0.6744186046511628,3833,0.5937907644142969,-0.08062784023686587,-3.4669971301852334,-13289,4.0,1.02102791547091,1.0000000000000009,-3.980187695516163,"-3.98,-3.37,-3.59,-2.92","0.582,0.596,0.591,0.606",0,10,-4.019047619047619
YES,29,44,15,29,0.6590909090909091,3833,0.5817897208452909,-0.07730118824561816,-3.4012522828072007,-13037,4.0,1.02102791547091,1.0000000000000009,-4.086548488008342,"-4.09,-3.37,-3.42,-2.73","0.566,0.582,0.581,0.597",0,10,-4.380952380952381
YES,29,45,16,29,0.6444444444444445,3833,0.5666579702582833,-0.07778647418616114,-3.5003913383772502,-13417,4.0,1.02102791547091,1.0000000000000009,-4.224191866527633,"-4.22,-3.54,-3.59,-2.65","0.551,0.566,0.565,0.586",0,10,-4.678571428571429
YES,29,46,17,29,0.6304347826086957,3833,0.5588312027132795,-0.07160357989541621,-3.2937646751891467,-12625,4.0,1.02102791547091,1.0000000000000009,-3.9614181438998957,"-3.96,-3.31,-3.60,-2.30","0.544,0.558,0.552,0.580",0,10,-4.357142857142857
YES,29,47,18,29,0.6170212765957447,3833,0.5465692668927733,-0.07045200970297139,-3.3112444560396557,-12692,4.0,1.02102791547091,1.0000000000000009,-3.8091762252346193,"-3.81,-3.49,-3.73,-2.21","0.536,0.543,0.538,0.570",1,10,-4.299270072992701
YES,29,48,19,29,0.6041666666666666,3833,0.5366553613357683,-0.06751130533089833,-3.2405426558831203,-12421,4.0,1.02102791547091,1.0000000000000009,-3.8977035490605427,"-3.67,-3.30,-3.90,-2.09","0.528,0.535,0.523,0.561",1,10,-4.474452554744525
YES,29,49,20,29,0.5918367346938775,3833,0.525958779024263,-0.06587795566961452,-3.228019827811114,-12373,4.0,1.02102791547091,1.0000000000000009,-3.9373695198329854,"-3.66,-3.22,-3.94,-2.10","0.517,0.526,0.511,0.549",1,10,-4.678832116788321
YES,29,50,21,29,0.58,3833,0.5157839812157579,-0.0642160187842421,-3.2108009392121053,-12307,4.0,1.02102791547091,1.0000000000000009,-3.9478079331941545,"-3.56,-2.96,-3.95,-2.38","0.509,0.521,0.501,0.532",0,10,-4.669099756690998
YES,29,51,22,29,0.5686274509803921,3833,0.5090007826767545,-0.05962666830363761,-3.0409600834855204,-11656,4.0,1.02102791547091,1.0000000000000009,-3.5532359081419624,"-3.53,-2.75,-3.55,-2.33","0.499,0.515,0.499,0.523",1,10,-4.306569343065694
YES,29,52,23,29,0.5576923076923077,3833,0.5001304461257501,-0.057561861566557626,-2.9932168014609966,-11473,4.0,1.02102791547091,1.0000000000000009,-3.786235662148071,"-3.79,-2.73,-3.38,-2.08","0.485,0.505,0.493,0.518",1,10,-4.3822784810126585
YES,29,53,24,29,0.5471698113207547,3833,0.4902165405687451,-0.05695327075200962,-3.018523349856509,-11570,4.0,1.02102791547091,1.0000000000000009,-3.632950990615224,"-3.63,-3.16,-3.44,-1.84","0.479,0.487,0.482,0.513",1,10,-4.311392405063291
YES,29,54,25,29,0.5370370370370371,3833,0.4821288807722411,-0.054908156264796004,-2.9650404382989826,-11365,4.0,1.02102791547091,1.0000000000000009,-3.578288100208768,"-3.55,-2.90,-3.58,-1.83","0.471,0.483,0.471,0.503",1,10,-4.3924050632911396
YES,29,55,26,29,0.5272727272727272,3833,0.4748238977302374,-0.052448829542489805,-2.8846856248369424,-11057,4.0,1.02102791547091,1.0000000000000009,-3.5359749739311783,"-3.54,-2.71,-3.51,-1.79","0.463,0.478,0.463,0.495",1,10,-4.3544303797468356
YES,29,56,27,29,0.5178571428571429,3833,0.46725802243673364,-0.05059912042040926,-2.833550743542917,-10861,4.0,1.02102791547091,1.0000000000000009,-3.5985401459854014,"-3.60,-2.81,-3.28,-1.64","0.454,0.468,0.459,0.489",1,10,-4.473417721518987
YES,29,57,28,29,0.5087719298245614,3833,0.4534307331072267,-0.05534119671733473,-3.1544482128880773,-12091,4.0,1.02102791547091,1.0000000000000009,-4.010438413361169,"-3.92,-3.00,-4.01,-1.69","0.440,0.456,0.438,0.479",1,10,-4.612658227848101
YES,29,58,29,29,0.5,3833,0.44612575006522304,-0.05387424993477696,-3.1247064962170623,-11977,4.0,1.02102791547091,1.0000000000000009,-3.840458811261731,"-3.84,-2.97,-3.81,-1.88","0.434,0.449,0.434,0.468",1,10,-4.625316455696202
YES,29,59,30,29,0.4915254237288136,3833,0.44612575006522304,-0.045399673663590545,-2.678580746151839,-10267,4.0,1.02102791547091,1.0000000000000009,-3.4066736183524506,"-3.41,-2.52,-3.38,-1.41","0.434,0.449,0.434,0.468",1,10,-4.205063291139241
YES,29,60,31,29,0.48333333333333334,3833,0.43829898252021915,-0.04503435081311419,-2.702061048786851,-10357,4.0,1.02102791547091,1.0000000000000009,-3.6611053180396245,"-3.66,-2.32,-3.38,-1.44","0.422,0.445,0.427,0.459",1,10,-4.3924050632911396
YES,29,61,32,29,0.47540983606557374,3833,0.43412470649621704,-0.041285129569356704,-2.518392903730759,-9653,4.0,1.02102791547091,1.0000000000000009,-3.7476538060479667,"-3.75,-1.94,-3.08,-1.30","0.414,0.444,0.425,0.454",1,10,-4.6
YES,29,62,33,29,0.46774193548387094,3833,0.42629793895121315,-0.04144399653265779,-2.5695277850247846,-9849,4.0,1.02102791547091,1.0000000000000009,-3.8508863399374347,"-3.85,-1.82,-3.05,-1.56","0.406,0.438,0.419,0.443",1,10,-4.984810126582278
YES,29,63,34,29,0.4603174603174603,3833,0.42029741716671015,-0.04002004315075014,-2.5212627184972605,-9664,4.0,1.02102791547091,1.0000000000000009,-3.6423357664233578,"-3.64,-1.91,-3.09,-1.45","0.403,0.430,0.411,0.437",1,10,-4.597468354430379
YES,29,64,35,29,0.453125,3833,0.41612314114270804,-0.03700185885729196,-2.368118966866684,-9077,4.0,1.02102791547091,1.0000000000000009,-3.3733055265901983,"-3.37,-1.74,-3.08,-1.28","0.400,0.426,0.405,0.433",1,10,-4.372151898734177
YES,29,65,36,29,0.4461538461538462,3833,0.40933994260370465,-0.036813903550141525,-2.3929037307591963,-9172,4.0,1.02102791547091,1.0000000000000009,-3.3795620437956204,"-3.38,-1.86,-3.28,-1.05","0.394,0.418,0.396,0.430",1,10,-4.6455696202531644
YES,29,66,37,29,0.4393939393939394,3833,0.4062092355857031,-0.03318470380823629,-2.1901904513435952,-8395,4.0,1.02102791547091,1.0000000000000009,-3.440501043841336,"-2.99,-1.72,-3.44,-0.62","0.394,0.413,0.387,0.430",2,10,-4.270886075949367
YES,29,67,38,29,0.43283582089552236,3833,0.40255674406470127,-0.030279076830821094,-2.0286981476650143,-7776,4.0,1.02102791547091,1.0000000000000009,-3.1231732776617953,"-3.08,-1.58,-3.12,-0.33","0.387,0.409,0.386,0.428",2,10,-4.405063291139241
YES,29,68,39,29,0.4264705882352941,3833,0.39707800678319854,-0.029392581452095556,-1.9986955387424994,-7661,4.0,1.02102791547091,1.0000000000000009,-3.2606882168925964,"-3.26,-1.53,-2.95,-0.25","0.379,0.404,0.383,0.423",2,10,-5.243037974683545
YES,29,69,40,29,0.42028985507246375,3833,0.38951213148969477,-0.03077772358276898,-2.1236629272110616,-8140,4.0,1.02102791547091,1.0000000000000009,-3.385818561001043,"-3.39,-1.70,-3.14,-0.26","0.371,0.396,0.375,0.416",2,10,-5.243037974683545
YES,29,70,41,29,0.4142857142857143,3833,0.384033394208192,-0.03025232007752232,-2.1176624054265587,-8117,4.0,1.02102791547091,1.0000000000000009,-3.3065693430656933,"-3.31,-1.60,-3.13,-0.43","0.367,0.391,0.370,0.408",2,10,-5.075949367088608
YES,30,31,1,30,0.967741935483871,3936,0.813770325203252,-0.153971610280619,-4.773119918699187,-18787,4.0,1.020807926829268,1.0000000000000009,-5.489837398373984,"-5.49,-4.54,-4.83,-4.23","0.791,0.821,0.812,0.831",0,10,-6.1361386138613865
YES,30,32,2,30,0.9375,3936,0.7929369918699187,-0.14456300813008127,-4.626016260162602,-18208,4.0,1.020807926829268,1.0000000000000009,-5.382113821138211,"-5.38,-4.50,-4.57,-4.05","0.769,0.797,0.795,0.811",0,10,-5.841584158415841
YES,30,33,3,30,0.9090909090909091,3936,0.7721036585365854,-0.1369872505543237,-4.520579268292683,-17793,4.0,1.020807926829268,1.0000000000000009,-5.25,"-5.25,-4.38,-4.48,-3.98","0.750,0.776,0.773,0.789",0,10,-5.658415841584159
YES,30,34,4,30,0.8823529411764706,3936,0.7548272357723578,-0.1275257054041128,-4.3358739837398375,-17066,4.0,1.020807926829268,1.0000000000000009,-5.0528455284552845,"-5.05,-4.02,-4.50,-3.77","0.734,0.764,0.750,0.771",0,10,-5.341584158415841
YES,30,35,5,30,0.8571428571428571,3936,0.7327235772357723,-0.12441927990708479,-4.354674796747967,-17140,4.0,1.020807926829268,1.0000000000000009,-5.137195121951219,"-5.14,-3.96,-4.39,-3.93","0.710,0.744,0.732,0.745",0,10,-5.396039603960396
YES,30,36,6,30,0.8333333333333334,3936,0.7192581300813008,-0.11407520325203258,-4.1067073170731705,-16164,4.0,1.020807926829268,1.0000000000000009,-4.865853658536586,"-4.87,-3.77,-4.13,-3.66","0.698,0.729,0.718,0.732",0,10,-5.227722772277228
YES,30,37,7,30,0.8108108108108109,3936,0.7063008130081301,-0.10450999780268078,-3.866869918699187,-15220,4.0,1.020807926829268,1.0000000000000009,-4.54369918699187,"-4.54,-3.64,-3.90,-3.38","0.688,0.712,0.705,0.720",0,10,-4.814356435643564
YES,30,38,8,30,0.7894736842105263,3936,0.6895325203252033,-0.09994116388532304,-3.7977642276422765,-14948,4.0,1.020807926829268,1.0000000000000009,-4.550813008130081,"-4.55,-3.70,-3.89,-3.04","0.670,0.692,0.687,0.709",0,10,-4.698019801980198
YES,30,39,9,30,0.7692307692307693,3936,0.671239837398374,-0.09799093183239527,-3.8216463414634148,-15042,4.0,1.020807926829268,1.0000000000000009,-4.237804878048781,"-4.24,-3.72,-3.96,-3.37","0.661,0.674,0.668,0.683",0,10,-4.514851485148514
YES,30,40,10,30,0.75,3936,0.65625,-0.09375,-3.75,-14760,4.0,1.020807926829268,1.0000000000000009,-4.105691056910569,"-4.11,-3.98,-3.90,-3.01","0.647,0.650,0.652,0.675",0,10,-4.778325123152709
YES,30,41,11,30,0.7317073170731707,3936,0.6422764227642277,-0.08943089430894302,-3.6666666666666665,-14432,4.0,1.020807926829268,1.0000000000000009,-4.0,"-4.00,-3.96,-3.79,-2.92","0.634,0.635,0.639,0.661",0,10,-4.652709359605911
YES,30,42,12,30,0.7142857142857143,3936,0.6247459349593496,-0.0895397793263647,-3.760670731707317,-14802,4.0,1.020807926829268,1.0000000000000009,-4.134146341463414,"-4.13,-3.66,-4.01,-3.24","0.616,0.627,0.619,0.637",0,10,-4.425742574257426
YES,30,43,13,30,0.6976744186046512,3936,0.614329268292683,-0.08334515031196821,-3.5838414634146343,-14106,4.0,1.020807926829268,1.0000000000000009,-3.9989837398373984,"-4.00,-3.52,-3.74,-3.08","0.605,0.616,0.611,0.626",0,10,-4.242574257425742
YES,30,44,14,30,0.6818181818181818,3936,0.6021341463414634,-0.07968403547671832,-3.5060975609756095,-13800,4.0,1.020807926829268,1.0000000000000009,-4.109756097560975,"-4.11,-3.53,-3.53,-2.86","0.588,0.602,0.602,0.617",0,10,-4.079207920792079
YES,30,45,15,30,0.6666666666666666,3936,0.588160569105691,-0.0785060975609756,-3.5327743902439024,-13905,4.0,1.020807926829268,1.0000000000000009,-4.161585365853658,"-4.16,-3.57,-3.61,-2.79","0.574,0.587,0.586,0.605",0,10,-4.1533180778032035
YES,30,46,16,30,0.6521739130434783,3936,0.5802845528455285,-0.07188936019794978,-3.3069105691056913,-13016,4.0,1.020807926829268,1.0000000000000009,-3.8678861788617884,"-3.87,-3.31,-3.63,-2.42","0.568,0.580,0.573,0.600",0,10,-4.090692124105012
YES,30,47,17,30,0.6382978723404256,3936,0.5683434959349594,-0.0699543764054662,-3.287855691056911,-12941,4.0,1.020807926829268,1.0000000000000009,-3.7296747967479673,"-3.68,-3.40,-3.73,-2.34","0.560,0.566,0.559,0.588",1,10,-4.424821002386635
YES,30,48,18,30,0.625,3936,0.5581808943089431,-0.06681910569105687,-3.207317073170732,-12624,4.0,1.020807926829268,1.0000000000000009,-3.8536585365853657,"-3.51,-3.22,-3.85,-2.24","0.552,0.558,0.545,0.578",1,10,-4.5680190930787585
YES,30,49,19,30,0.6122448979591837,3936,0.5464939024390244,-0.06575099552015928,-3.2217987804878048,-12681,4.0,1.020807926829268,1.0000000000000009,-3.856707317073171,"-3.56,-3.16,-3.86,-2.31","0.540,0.548,0.534,0.565",1,10,-4.7398568019093075
YES,30,50,20,30,0.6,3936,0.5353150406504065,-0.06468495934959351,-3.234247967479675,-12730,4.0,1.020807926829268,1.0000000000000009,-3.932926829268293,"-3.53,-2.92,-3.93,-2.56","0.529,0.542,0.521,0.549",0,10,-4.701670644391408
YES,30,51,21,30,0.5882352941176471,3936,0.5287093495934959,-0.059525944524151164,-3.035823170731707,-11949,4.0,1.020807926829268,1.0000000000000009,-3.5152439024390243,"-3.46,-2.69,-3.52,-2.48","0.520,0.536,0.519,0.540",1,10,-4.317422434367542
YES,30,52,22,30,0.5769230769230769,3936,0.5195630081300813,-0.0573600687929956,-2.9827235772357725,-11740,4.0,1.020807926829268,1.0000000000000009,-3.682926829268293,"-3.68,-2.63,-3.42,-2.20","0.506,0.526,0.511,0.535",1,10,-4.3861386138613865
YES,30,53,23,30,0.5660377358490566,3936,0.5096544715447154,-0.05638326430434115,-2.9883130081300813,-11762,4.0,1.020807926829268,1.0000000000000009,-3.553861788617886,"-3.55,-3.02,-3.45,-1.94","0.499,0.509,0.501,0.529",1,10,-4.287128712871287
YES,30,54,24,30,0.5555555555555556,3936,0.501270325203252,-0.05428523035230359,-2.9314024390243905,-11538,4.0,1.020807926829268,1.0000000000000009,-3.548780487804878,"-3.44,-2.73,-3.55,-2.01","0.492,0.505,0.490,0.518",1,10,-4.336633663366337
YES,30,55,25,30,0.5454545454545454,3936,0.49415650406504064,-0.05129804138950478,-2.821392276422764,-11105,4.0,1.020807926829268,1.0000000000000009,-3.4502032520325203,"-3.39,-2.50,-3.45,-1.94","0.484,0.500,0.483,0.510",1,10,-4.26980198019802
YES,30,56,26,30,0.5357142857142857,3936,0.48628048780487804,-0.04943379790940766,-2.768292682926829,-10896,4.0,1.020807926829268,1.0000000000000009,-3.4796747967479673,"-3.48,-2.57,-3.25,-1.77","0.474,0.490,0.478,0.504",1,10,-4.356435643564357
YES,30,57,27,30,0.5263157894736842,3936,0.47103658536585363,-0.05527920410783055,-3.1509146341463414,-12402,4.0,1.020807926829268,1.0000000000000009,-4.164634146341464,"-3.76,-2.83,-4.16,-1.85","0.460,0.477,0.453,0.494",1,10,-4.462871287128713
YES,30,58,28,30,0.5172413793103449,3936,0.4634146341463415,-0.053826745164003376,-3.1219512195121952,-12288,4.0,1.020807926829268,1.0000000000000009,-4.0060975609756095,"-3.71,-2.77,-4.01,-2.00","0.453,0.470,0.448,0.483",1,10,-4.445544554455446
YES,30,59,29,30,0.5084745762711864,3936,0.4634146341463415,-0.04505994212484493,-2.658536585365854,-10464,4.0,1.020807926829268,1.0000000000000009,-3.557926829268293,"-3.26,-2.30,-3.56,-1.52","0.453,0.470,0.448,0.483",1,10,-4.0049504950495045
YES,30,60,30,30,0.5,3936,0.45528455284552843,-0.044715447154471566,-2.682926829268293,-10560,4.0,1.020807926829268,1.0000000000000009,-3.5365853658536586,"-3.41,-2.20,-3.54,-1.59","0.443,0.463,0.441,0.474",1,10,-4.158415841584159
YES,30,61,31,30,0.4918032786885246,3936,0.45121951219512196,-0.04058376649340262,-2.475609756097561,-9744,4.0,1.020807926829268,1.0000000000000009,-3.467479674796748,"-3.47,-1.79,-3.22,-1.42","0.435,0.462,0.439,0.468",1,10,-4.3316831683168315
YES,30,62,32,30,0.4838709677419355,3936,0.44334349593495936,-0.040527471806976134,-2.5127032520325203,-9890,4.0,1.020807926829268,1.0000000000000009,-3.5365853658536586,"-3.54,-1.65,-3.16,-1.71","0.427,0.457,0.433,0.456",1,10,-4.678217821782178
YES,30,63,33,30,0.47619047619047616,3936,0.4375,-0.038690476190476164,-2.4375,-9594,4.0,1.020807926829268,1.0000000000000009,-3.301829268292683,"-3.30,-1.70,-3.17,-1.57","0.424,0.449,0.426,0.451",1,10,-4.26980198019802
YES,30,64,34,30,0.46875,3936,0.4329268292682927,-0.03582317073170732,-2.292682926829268,-9024,4.0,1.020807926829268,1.0000000000000009,-3.138211382113821,"-3.07,-1.58,-3.14,-1.38","0.421,0.444,0.420,0.447",1,10,-4.178217821782178
YES,30,65,35,30,0.46153846153846156,3936,0.4265752032520325,-0.034963258286429044,-2.272611788617886,-8945,4.0,1.020807926829268,1.0000000000000009,-3.313008130081301,"-3.05,-1.60,-3.31,-1.13","0.415,0.437,0.411,0.444",1,10,-4.4183168316831685
YES,30,66,36,30,0.45454545454545453,3936,0.42352642276422764,-0.03101903178122689,-2.0472560975609757,-8058,4.0,1.020807926829268,1.0000000000000009,-3.4390243902439024,"-2.63,-1.43,-3.44,-0.69","0.415,0.433,0.402,0.444",1,10,-4.324582338902148
YES,30,67,37,30,0.44776119402985076,3936,0.4194613821138211,-0.02829981191602965,-1.8960873983739837,-7463,4.0,1.020807926829268,1.0000000000000009,-3.1727642276422765,"-2.76,-1.27,-3.17,-0.38","0.407,0.429,0.400,0.442",2,10,-4.294554455445544
YES,30,68,38,30,0.4411764705882353,3936,0.4141260162601626,-0.02705045432807268,-1.839430894308943,-7240,4.0,1.020807926829268,1.0000000000000009,-2.9796747967479673,"-2.91,-1.18,-2.98,-0.28","0.398,0.424,0.397,0.437",2,10,-5.089108910891089
YES,30,69,39,30,0.43478260869565216,3936,0.4059959349593496,-0.02878667373630256,-1.986280487804878,-7818,4.0,1.020807926829268,1.0000000000000009,-3.2134146341463414,"-3.14,-1.32,-3.21,-0.27","0.389,0.416,0.388,0.431",2,10,-5.064356435643564
YES,30,70,40,30,0.42857142857142855,3936,0.40015243902439024,-0.02841898954703831,-1.9893292682926829,-7830,4.0,1.020807926829268,1.0000000000000009,-3.252032520325203,"-3.04,-1.26,-3.25,-0.41","0.385,0.411,0.382,0.423",2,10,-4.876237623762377
YES,31,32,1,31,0.96875,4034,0.8212692117005453,-0.14748078829945466,-4.719385225582548,-19038,3.0,1.0206494794248884,1.0000000000000009,-5.564915758176412,"-5.56,-4.43,-4.75,-4.14","0.795,0.830,0.820,0.839",0,10,-6.0
YES,31,33,2,31,0.9393939393939394,4034,0.8001983143282102,-0.13919562506572924,-4.593455627169063,-18530,3.0,1.0206494794248884,1.0000000000000009,-5.42418235877106,"-5.42,-4.25,-4.68,-4.02","0.775,0.811,0.798,0.818",0,10,-5.9326923076923075
YES,31,34,3,31,0.9117647058823529,4034,0.7835894893406049,-0.12817521654174802,-4.357957362419435,-17580,3.0,1.0206494794248884,1.0000000000000009,-5.255698711595639,"-5.26,-3.88,-4.66,-3.64","0.757,0.798,0.775,0.805",0,10,-5.663461538461538
YES,31,35,4,31,0.8857142857142857,4034,0.7627664848785325,-0.12294780083575318,-4.303173029251363,-17359,3.0,1.0206494794248884,1.0000000000000009,-5.226957383548068,"-5.23,-3.74,-4.54,-3.70","0.736,0.779,0.756,0.780",0,10,-5.591346153846154
YES,31,36,5,31,0.8611111111111112,4034,0.7493802677243431,-0.11173084338676809,-4.022310361923649,-16226,3.0,1.0206494794248884,1.0000000000000009,-4.918731417244797,"-4.92,-3.54,-4.18,-3.46","0.724,0.763,0.745,0.765",0,10,-5.384615384615385
YES,31,37,6,31,0.8378378378378378,4034,0.7347545860188398,-0.10308325181899802,-3.814080317302925,-15386,3.0,1.0206494794248884,1.0000000000000009,-4.597621407333994,"-4.60,-3.47,-3.87,-3.31","0.714,0.744,0.733,0.748",0,10,-5.028846153846154
YES,31,38,7,31,0.8157894736842105,4034,0.7183936539414972,-0.09739581974271327,-3.7010411502231038,-14930,3.0,1.0206494794248884,1.0000000000000009,-4.561942517343905,"-4.56,-3.56,-3.71,-2.98","0.696,0.722,0.718,0.737",0,10,-4.875
YES,31,39,8,31,0.7948717948717948,4034,0.6995537927615271,-0.09531800211026775,-3.7174020823004463,-14996,3.0,1.0206494794248884,1.0000000000000009,-4.291377601585729,"-4.29,-3.53,-3.65,-3.40","0.685,0.704,0.701,0.708",0,10,-4.75
YES,31,40,9,31,0.775,4034,0.6822012890431334,-0.09279871095686665,-3.7119484382746655,-14974,3.0,1.0206494794248884,1.0000000000000009,-4.240832507433102,"-4.24,-3.82,-3.58,-3.21","0.669,0.680,0.686,0.695",0,10,-4.846153846153846
YES,31,41,10,31,0.7560975609756098,4034,0.6685671789786812,-0.08753038199692853,-3.5887456618740705,-14477,3.0,1.0206494794248884,1.0000000000000009,-4.1000991080277505,"-4.10,-3.71,-3.42,-3.12","0.656,0.666,0.673,0.680",0,10,-4.685096153846154
YES,31,42,11,31,0.7380952380952381,4034,0.6504709965294992,-0.08762424156573889,-3.6802181457610312,-14846,3.0,1.0206494794248884,1.0000000000000009,-4.234886025768088,"-4.23,-3.50,-3.54,-3.44","0.637,0.655,0.654,0.656",0,10,-4.850961538461538
YES,31,43,12,31,0.7209302325581395,4034,0.6378284581060981,-0.08310177445204137,-3.573376301437779,-14415,3.0,1.0206494794248884,1.0000000000000009,-4.236868186323092,"-4.24,-3.31,-3.44,-3.30","0.622,0.644,0.641,0.644",0,10,-4.7451923076923075
YES,31,44,13,31,0.7045454545454546,4034,0.6256817055032227,-0.07886374904223192,-3.470004957858205,-13998,3.0,1.0206494794248884,1.0000000000000009,-4.399405351833498,"-4.40,-3.28,-3.19,-3.00","0.605,0.630,0.632,0.636",0,10,-4.5576923076923075
YES,31,45,14,31,0.6888888888888889,4034,0.6108081308874567,-0.07808075800143222,-3.5136341100644524,-14174,3.0,1.0206494794248884,1.0000000000000009,-4.46382556987116,"-4.46,-3.37,-3.32,-2.90","0.590,0.614,0.615,0.624",0,10,-4.497596153846154
YES,31,46,15,31,0.6739130434782609,4034,0.6021318790282598,-0.07178116445000104,-3.3019335647000494,-13320,3.0,1.0206494794248884,1.0000000000000009,-4.1476709613478695,"-4.15,-3.12,-3.35,-2.60","0.584,0.606,0.601,0.617",0,10,-4.350961538461538
YES,31,47,16,31,0.6595744680851063,4034,0.590233019335647,-0.06934144874945936,-3.259048091224591,-13147,3.0,1.0206494794248884,1.0000000000000009,-3.983151635282458,"-3.98,-3.12,-3.40,-2.54","0.575,0.593,0.587,0.606",1,10,-4.449519230769231
YES,31,48,17,31,0.6458333333333334,4034,0.578582052553297,-0.0672512807800364,-3.228061477441745,-13022,3.0,1.0206494794248884,1.0000000000000009,-3.7888999008919724,"-3.79,-3.05,-3.57,-2.50","0.567,0.582,0.571,0.594",0,10,-4.461538461538462
YES,31,49,18,31,0.6326530612244898,4034,0.5659395141298958,-0.06671354709459398,-3.2689638076351017,-13187,3.0,1.0206494794248884,1.0000000000000009,-3.8533201189296333,"-3.85,-3.10,-3.58,-2.54","0.554,0.569,0.560,0.581",0,10,-4.733173076923077
YES,31,50,19,31,0.62,4034,0.5547843331680714,-0.06521566683192859,-3.2607833415964302,-13154,3.0,1.0206494794248884,1.0000000000000009,-3.794846382556987,"-3.79,-2.83,-3.72,-2.70","0.544,0.563,0.546,0.566",0,10,-4.659673659673659
YES,31,51,20,31,0.6078431372549019,4034,0.5475954387704511,-0.060247698484450773,-3.0726326227069904,-12395,3.0,1.0206494794248884,1.0000000000000009,-3.7056491575817643,"-3.71,-2.62,-3.32,-2.64","0.535,0.557,0.543,0.556",1,10,-4.396634615384615
YES,31,52,21,31,0.5961538461538461,4034,0.5384234010907288,-0.05773044506311731,-3.0019831432821023,-12110,3.0,1.0206494794248884,1.0000000000000009,-3.89197224975223,"-3.89,-2.52,-3.19,-2.40","0.521,0.548,0.535,0.550",1,10,-4.625
YES,31,53,22,31,0.5849056603773585,4034,0.5287555775904809,-0.05615008278687761,-2.975954387704512,-12005,3.0,1.0206494794248884,1.0000000000000009,-3.790882061446977,"-3.79,-2.76,-3.24,-2.11","0.513,0.533,0.524,0.545",1,10,-4.5
YES,31,54,23,31,0.5740740740740741,4034,0.5195835399107586,-0.05449053416331551,-2.9424888448190383,-11870,3.0,1.0206494794248884,1.0000000000000009,-3.6521308225966305,"-3.65,-2.55,-3.36,-2.21","0.506,0.527,0.512,0.533",1,10,-4.519230769230769
YES,31,55,24,31,0.5636363636363636,4034,0.5121467526028756,-0.051489611033488036,-2.8319286068418443,-11424,3.0,1.0206494794248884,1.0000000000000009,-3.6362735381565905,"-3.64,-2.35,-3.23,-2.11","0.498,0.521,0.505,0.525",1,10,-4.425480769230769
YES,31,56,25,31,0.5535714285714286,4034,0.5039662865642043,-0.04960514200722432,-2.777887952404561,-11206,3.0,1.0206494794248884,1.0000000000000009,-3.6937561942517343,"-3.69,-2.39,-3.06,-1.97","0.488,0.511,0.499,0.518",1,10,-4.480769230769231
YES,31,57,26,31,0.543859649122807,4034,0.48834903321765,-0.055510615905157046,-3.1641051065939516,-12764,3.0,1.0206494794248884,1.0000000000000009,-3.9970267591674924,"-4.00,-2.67,-3.91,-2.08","0.474,0.497,0.475,0.507",1,10,-4.555288461538462
YES,31,58,27,31,0.5344827586206896,4034,0.4806643529995042,-0.053818405621185395,-3.1214675260287557,-12592,3.0,1.0206494794248884,1.0000000000000009,-3.9256689791873143,"-3.93,-2.63,-3.73,-2.20","0.467,0.489,0.470,0.497",1,10,-4.509615384615385
YES,31,59,28,31,0.5254237288135594,4034,0.4806643529995042,-0.04475937581405515,-2.6408031730292514,-10653,3.0,1.0206494794248884,1.0000000000000009,-3.458870168483647,"-3.46,-2.14,-3.26,-1.70","0.467,0.489,0.470,0.497",1,10,-4.052884615384615
YES,31,60,29,31,0.5166666666666667,4034,0.4709965294992563,-0.04567013716741042,-2.7402082300446207,-11054,3.0,1.0206494794248884,1.0000000000000009,-3.7056491575817643,"-3.71,-2.07,-3.38,-1.80","0.455,0.482,0.460,0.487",1,10,-4.3173076923076925
YES,31,61,30,31,0.5081967213114754,4034,0.46554288547347544,-0.042653835837999976,-2.601883986117997,-10496,3.0,1.0206494794248884,1.0000000000000009,-3.794846382556987,"-3.79,-1.77,-3.16,-1.68","0.446,0.479,0.456,0.481",1,10,-4.605769230769231
YES,31,62,31,31,0.5,4034,0.45686663361427865,-0.04313336638572135,-2.674268715914725,-10788,3.0,1.0206494794248884,1.0000000000000009,-3.9018830525272548,"-3.90,-1.66,-3.14,-2.00","0.437,0.473,0.449,0.468",0,10,-4.918269230769231
YES,31,63,32,31,0.49206349206349204,4034,0.45091720376797223,-0.041146288295519806,-2.592216162617749,-10457,3.0,1.0206494794248884,1.0000000000000009,-3.714568880079286,"-3.71,-1.69,-3.12,-1.84","0.433,0.465,0.442,0.463",0,10,-4.497596153846154
YES,31,64,33,31,0.484375,4034,0.44645513138324244,-0.03791986861675756,-2.426871591472484,-9790,3.0,1.0206494794248884,1.0000000000000009,-3.4717542120911795,"-3.47,-1.54,-3.06,-1.63","0.430,0.460,0.437,0.459",1,10,-4.384615384615385
YES,31,65,34,31,0.47692307692307695,4034,0.4402578086266733,-0.03666526829640365,-2.383242439266237,-9614,3.0,1.0206494794248884,1.0000000000000009,-3.4281466798810705,"-3.43,-1.53,-3.21,-1.37","0.424,0.453,0.428,0.456",0,10,-4.59375
YES,31,66,35,31,0.4696969696969697,4034,0.4370352007932573,-0.03266176890371242,-2.155676747645017,-8696,3.0,1.0206494794248884,1.0000000000000009,-3.369047619047619,"-3.00,-1.34,-3.37,-0.91","0.424,0.449,0.419,0.456",2,10,-4.384615384615385
YES,31,67,36,31,0.4626865671641791,4034,0.4328210213187903,-0.029865545845388808,-2.000991571641051,-8072,3.0,1.0206494794248884,1.0000000000000009,-3.1110009910802776,"-3.11,-1.16,-3.08,-0.65","0.416,0.445,0.417,0.453",2,10,-4.425480769230769
YES,31,68,37,31,0.45588235294117646,4034,0.42736737729300944,-0.028514975648167018,-1.9390183440753594,-7822,3.0,1.0206494794248884,1.0000000000000009,-3.2338949454905848,"-3.23,-1.05,-2.87,-0.61","0.408,0.440,0.414,0.447",2,10,-5.173076923076923
YES,31,69,38,31,0.4492753623188406,4034,0.4189390183440754,-0.0303363439747652,-2.0932077342588,-8444,3.0,1.0206494794248884,1.0000000000000009,-3.4410307234886024,"-3.44,-1.22,-3.14,-0.57","0.399,0.432,0.404,0.441",2,10,-5.125
YES,31,70,39,31,0.44285714285714284,4034,0.41298958849776896,-0.029867554359373882,-2.0907288051561723,-8434,3.0,1.0206494794248884,1.0000000000000009,-3.3885034687809714,"-3.39,-1.14,-3.08,-0.75","0.394,0.427,0.399,0.432",2,10,-5.086538461538462
YES,32,33,1,32,0.9696969696969697,4143,0.8223509534153994,-0.1473460162815703,-4.862418537291817,-20145,3.0,1.0247163890900313,1.0000000000000009,-5.7528957528957525,"-5.75,-4.29,-4.83,-4.57","0.795,0.840,0.823,0.831",0,10,-6.428909952606635
YES,32,34,2,32,0.9411764705882353,4143,0.8047308713492638,-0.13644559923897148,-4.63915037412503,-19220,3.0,1.0247163890900313,1.0000000000000009,-5.613899613899614,"-5.61,-3.94,-4.83,-4.17","0.776,0.825,0.799,0.819",0,10,-6.218009478672986
YES,32,35,3,32,0.9142857142857143,4143,0.7834902244750181,-0.1307954898106961,-4.577842143374366,-18966,3.0,1.0247163890900313,1.0000000000000009,-5.614864864864865,"-5.61,-3.82,-4.71,-4.16","0.754,0.805,0.780,0.795",0,10,-6.040284360189573
YES,32,36,4,32,0.8888888888888888,4143,0.7706975621530292,-0.11819132673585964,-4.254887762490949,-17628,3.0,1.0247163890900313,1.0000000000000009,-5.243243243243243,"-5.24,-3.61,-4.28,-3.89","0.743,0.789,0.770,0.781",0,10,-5.81042654028436
YES,32,37,5,32,0.8648648648648649,4143,0.7564566739077963,-0.10840819095706866,-4.011103065411538,-16618,3.0,1.0247163890900313,1.0000000000000009,-4.892857142857143,"-4.89,-3.46,-4.01,-3.68","0.733,0.771,0.757,0.765",0,10,-5.4336492890995265
YES,32,38,6,32,0.8421052631578947,4143,0.7395607048032826,-0.10254455835461207,-3.8966932174752595,-16144,3.0,1.0247163890900313,1.0000000000000009,-4.82046332046332,"-4.82,-3.54,-3.88,-3.35","0.715,0.749,0.740,0.754",0,10,-5.2559241706161135
YES,32,39,7,32,0.8205128205128205,4143,0.720492396813903,-0.1000204236989175,-3.900796524257784,-16161,3.0,1.0247163890900313,1.0000000000000009,-4.6698841698841695,"-4.67,-3.43,-3.78,-3.73","0.701,0.733,0.724,0.725",0,10,-5.291469194312796
YES,32,40,8,32,0.8,4143,0.7028723147477673,-0.0971276852522327,-3.885107410089307,-16096,3.0,1.0247163890900313,1.0000000000000009,-4.586872586872587,"-4.59,-3.70,-3.71,-3.54","0.685,0.708,0.707,0.711",0,10,-5.3649289099526065
YES,32,41,9,32,0.7804878048780488,4143,0.6900796524257784,-0.09040815245227041,-3.706734250543085,-15357,3.0,1.0247163890900313,1.0000000000000009,-4.376447876447877,"-4.38,-3.47,-3.52,-3.47","0.674,0.696,0.695,0.696",0,10,-5.184834123222749
YES,32,42,10,32,0.7619047619047619,4143,0.6731836833212648,-0.08872107858349709,-3.7262853005068792,-15438,3.0,1.0247163890900313,1.0000000000000009,-4.4324324324324325,"-4.43,-3.18,-3.55,-3.74","0.656,0.686,0.677,0.673",0,10,-5.2274881516587675
YES,32,43,11,32,0.7441860465116279,4143,0.6608737629736906,-0.08331228353793729,-3.5824281921313057,-14842,3.0,1.0247163890900313,1.0000000000000009,-4.44015444015444,"-4.44,-2.90,-3.42,-3.57","0.641,0.677,0.665,0.661",0,10,-5.099526066350711
YES,32,44,12,32,0.7272727272727273,4143,0.648322471638909,-0.0789502556338183,-3.473811247888004,-14392,3.0,1.0247163890900313,1.0000000000000009,-4.6061776061776065,"-4.61,-2.82,-3.18,-3.29","0.623,0.663,0.655,0.653",0,10,-4.995260663507109
YES,32,45,13,32,0.7111111111111111,4143,0.632633357470432,-0.0784777536406791,-3.5314989138305575,-14631,3.0,1.0247163890900313,1.0000000000000009,-4.678571428571429,"-4.68,-3.03,-3.26,-3.16","0.607,0.644,0.639,0.641",0,10,-5.021327014218009
YES,32,46,14,32,0.6956521739130435,4143,0.6237026309437605,-0.07194954296928291,-3.3096789765870143,-13712,3.0,1.0247163890900313,1.0000000000000009,-4.337837837837838,"-4.34,-2.78,-3.29,-2.83","0.601,0.635,0.624,0.634",0,10,-4.85781990521327
YES,32,47,15,32,0.6808510638297872,4143,0.6121168235578084,-0.06873424027197883,-3.2305092927830077,-13384,3.0,1.0247163890900313,1.0000000000000009,-4.144787644787645,"-4.14,-2.78,-3.26,-2.74","0.593,0.622,0.612,0.623",0,10,-4.936018957345971
YES,32,48,16,32,0.6666666666666666,4143,0.6005310161718561,-0.06613565049481052,-3.174511223750905,-13152,3.0,1.0247163890900313,1.0000000000000009,-3.969111969111969,"-3.97,-2.67,-3.43,-2.63","0.584,0.611,0.595,0.612",0,10,-4.928909952606635
YES,32,49,17,32,0.6530612244897959,4143,0.5877383538498673,-0.06532287063992859,-3.200820661356505,-13261,3.0,1.0247163890900313,1.0000000000000009,-4.0,"-4.00,-2.77,-3.36,-2.68","0.571,0.597,0.585,0.598",0,10,-5.177725118483412
YES,32,50,18,32,0.64,4143,0.576876659425537,-0.063123340574463,-3.1561670287231474,-13076,3.0,1.0247163890900313,1.0000000000000009,-3.911196911196911,"-3.91,-2.46,-3.45,-2.80","0.562,0.591,0.571,0.584",0,10,-4.985781990521327
YES,32,51,19,32,0.6274509803921569,4143,0.5693941588221095,-0.05805682157004732,-2.9608979000724114,-12267,3.0,1.0247163890900313,1.0000000000000009,-3.7924710424710426,"-3.79,-2.22,-3.08,-2.76","0.553,0.584,0.567,0.573",0,10,-4.808056872037914
YES,32,52,20,32,0.6153846153846154,4143,0.5594979483466087,-0.05588666703800671,-2.906106685976346,-12040,3.0,1.0247163890900313,1.0000000000000009,-3.942084942084942,"-3.94,-2.03,-3.11,-2.54","0.540,0.576,0.556,0.567",1,10,-5.014218009478673
YES,32,53,21,32,0.6037735849056604,4143,0.5493603668839006,-0.0544132180217598,-2.8839005551532706,-11948,3.0,1.0247163890900313,1.0000000000000009,-3.8117760617760617,"-3.81,-2.28,-3.22,-2.23","0.532,0.561,0.543,0.562",1,10,-4.872037914691943
YES,32,54,22,32,0.5925925925925926,4143,0.5401882693700217,-0.052404323222570826,-2.829833454018827,-11724,3.0,1.0247163890900313,1.0000000000000009,-3.5926640926640925,"-3.59,-2.03,-3.36,-2.34","0.526,0.555,0.530,0.549",1,10,-4.872037914691943
YES,32,55,23,32,0.5818181818181818,4143,0.5324643977793869,-0.04935378403879487,-2.7144581221337196,-11246,3.0,1.0247163890900313,1.0000000000000009,-3.5444015444015444,"-3.54,-1.79,-3.25,-2.27","0.517,0.549,0.523,0.541",1,10,-4.760663507109005
YES,32,56,24,32,0.5714285714285714,4143,0.5240164132271301,-0.04741215820144129,-2.6550808592807145,-11000,3.0,1.0247163890900313,1.0000000000000009,-3.5675675675675675,"-3.57,-1.89,-3.05,-2.11","0.508,0.538,0.517,0.534",1,10,-4.796208530805687
YES,32,57,25,32,0.5614035087719298,4143,0.5085686700458605,-0.05283483872606931,-3.011585807385952,-12477,3.0,1.0247163890900313,1.0000000000000009,-3.802898550724638,"-3.78,-2.12,-3.80,-2.34","0.495,0.524,0.495,0.520",0,10,-4.850710900473934
YES,32,58,26,32,0.5517241379310345,4143,0.5001206854936037,-0.05160345243743081,-2.993000241370987,-12400,3.0,1.0247163890900313,1.0000000000000009,-3.727799227799228,"-3.73,-2.10,-3.70,-2.44","0.487,0.515,0.488,0.510",1,10,-4.924170616113744
YES,32,59,27,32,0.5423728813559322,4143,0.5001206854936037,-0.042252195862328534,-2.4928795558773835,-10328,3.0,1.0247163890900313,1.0000000000000009,-3.2403474903474905,"-3.24,-1.59,-3.21,-1.93","0.487,0.515,0.488,0.510",1,10,-4.457345971563981
YES,32,60,28,32,0.5333333333333333,4143,0.4904658460053102,-0.042867487328023146,-2.57204923968139,-10656,3.0,1.0247163890900313,1.0000000000000009,-3.447876447876448,"-3.45,-1.48,-3.36,-2.00","0.476,0.509,0.477,0.500",1,10,-4.701421800947867
YES,32,61,29,32,0.5245901639344263,4143,0.48467294231233404,-0.039917221622092214,-2.4349505189476224,-10088,3.0,1.0247163890900313,1.0000000000000009,-3.501930501930502,"-3.50,-1.21,-3.18,-1.85","0.467,0.505,0.472,0.494",1,10,-4.969194312796208
YES,32,62,30,32,0.5161290322580645,4143,0.47574221578566256,-0.04038681647240194,-2.503982621288921,-10374,3.0,1.0247163890900313,1.0000000000000009,-3.6332046332046333,"-3.63,-1.06,-3.19,-2.14","0.458,0.499,0.465,0.482",0,10,-5.407582938388626
YES,32,63,31,32,0.5079365079365079,4143,0.46970794110547914,-0.038228566831028765,-2.408399710354815,-9978,3.0,1.0247163890900313,1.0000000000000009,-3.418918918918919,"-3.42,-1.11,-3.15,-1.96","0.454,0.490,0.458,0.477",0,10,-4.978672985781991
YES,32,64,32,32,0.5,4143,0.46488052136133234,-0.035119478638667656,-2.2476466328747287,-9312,3.0,1.0247163890900313,1.0000000000000009,-3.1505791505791505,"-3.15,-0.99,-3.06,-1.79","0.451,0.485,0.452,0.472",0,10,-4.8530805687203795
YES,32,65,33,32,0.49230769230769234,4143,0.4578807627323196,-0.034426929575372744,-2.2377504223992277,-9271,3.0,1.0247163890900313,1.0000000000000009,-3.2644787644787643,"-3.26,-0.94,-3.24,-1.51","0.442,0.478,0.443,0.469",0,10,-5.045023696682464
YES,32,66,34,32,0.48484848484848486,4143,0.4540188269370022,-0.030829657911482677,-2.0347574221578566,-8430,3.0,1.0247163890900313,1.0000000000000009,-3.4318840579710144,"-2.82,-0.85,-3.43,-1.04","0.442,0.472,0.433,0.469",2,10,-4.630331753554502
YES,32,67,35,32,0.47761194029850745,4143,0.4496741491672701,-0.027937791131237344,-1.8718320057929037,-7755,3.0,1.0247163890900313,1.0000000000000009,-3.128502415458937,"-2.90,-0.76,-3.13,-0.70","0.434,0.466,0.431,0.467",2,10,-4.850710900473934
YES,32,68,36,32,0.47058823529411764,4143,0.4441226164615013,-0.026465618832616333,-1.7996620806179098,-7456,3.0,1.0247163890900313,1.0000000000000009,-3.054054054054054,"-3.05,-0.56,-2.96,-0.63","0.426,0.462,0.427,0.461",2,10,-5.57345971563981
YES,32,69,37,32,0.463768115942029,4143,0.4356746319092445,-0.0280934840327845,-1.9384503982621288,-8031,3.0,1.0247163890900313,1.0000000000000009,-3.227799227799228,"-3.23,-0.76,-3.20,-0.56","0.417,0.453,0.417,0.456",2,10,-5.511848341232228
YES,32,70,38,32,0.45714285714285713,4143,0.4291576152546464,-0.02798524188821072,-1.9589669321747525,-8116,3.0,1.0247163890900313,1.0000000000000009,-3.1486486486486487,"-3.15,-0.78,-3.12,-0.78","0.412,0.446,0.413,0.446",1,10,-5.459715639810427
YES,33,34,1,33,0.9705882352941176,4233,0.8280179541696197,-0.142570281124498,-4.847389558232932,-20519,3.0,1.0257028112449798,1.0000000000000009,-5.7743153918791315,"-5.77,-4.30,-5.04,-4.27","0.801,0.844,0.822,0.845",0,10,-6.195348837209302
YES,33,35,2,33,0.9428571428571428,4233,0.8062839593668792,-0.1365731834902636,-4.780061422159225,-20234,3.0,1.0257028112449798,1.0000000000000009,-5.667610953729934,"-5.67,-4.19,-4.98,-4.29","0.781,0.823,0.801,0.820",0,10,-5.813953488372093
YES,33,36,3,33,0.9166666666666666,4233,0.7937632884479093,-0.1229033782187573,-4.424521615875266,-18729,3.0,1.0257028112449798,1.0000000000000009,-5.2266288951841355,"-5.23,-3.91,-4.59,-3.98","0.771,0.808,0.789,0.806",0,10,-5.455813953488372
YES,33,37,4,33,0.8918918918918919,4233,0.7795889440113395,-0.1123029478805524,-4.1552090715804395,-17589,3.0,1.0257028112449798,1.0000000000000009,-4.909348441926346,"-4.91,-3.73,-4.32,-3.66","0.759,0.791,0.775,0.793",0,10,-5.206976744186046
YES,33,38,5,33,0.868421052631579,4233,0.7630522088353414,-0.10536884379623757,-4.004016064257028,-16949,3.0,1.0257028112449798,1.0000000000000009,-4.796033994334278,"-4.80,-3.73,-4.12,-3.37","0.742,0.770,0.760,0.780",0,10,-4.897674418604651
YES,33,39,6,33,0.8461538461538461,4233,0.7434443656980865,-0.10270948045575967,-4.005669737774628,-16956,3.0,1.0257028112449798,1.0000000000000009,-4.606232294617564,"-4.61,-3.69,-4.03,-3.69","0.728,0.751,0.743,0.751",0,10,-4.883720930232558
YES,33,40,7,33,0.825,4233,0.7254901960784313,-0.09950980392156861,-3.980392156862745,-16849,3.0,1.0257028112449798,1.0000000000000009,-4.595845136921624,"-4.60,-3.96,-3.93,-3.43","0.710,0.726,0.727,0.739",0,10,-5.0
YES,33,41,8,33,0.8048780487804879,4233,0.7115520907158044,-0.09332595806468347,-3.8263642806520197,-16197,3.0,1.0257028112449798,1.0000000000000009,-4.50519357884797,"-4.51,-3.70,-3.78,-3.32","0.695,0.715,0.713,0.724",0,10,-5.062790697674418
YES,33,42,9,33,0.7857142857142857,4233,0.6945428773919207,-0.09117140832236503,-3.829199149539334,-16209,3.0,1.0257028112449798,1.0000000000000009,-4.563739376770538,"-4.56,-3.47,-3.82,-3.47","0.677,0.703,0.695,0.703",0,10,-5.162790697674419
YES,33,43,10,33,0.7674418604651163,4233,0.6817859673990078,-0.08565589306610855,-3.6832034018426647,-15591,3.0,1.0257028112449798,1.0000000000000009,-4.455146364494807,"-4.46,-3.21,-3.74,-3.33","0.664,0.693,0.681,0.690",0,10,-5.0
YES,33,44,11,33,0.75,4233,0.669029057406095,-0.08097094259390503,-3.5627214741318216,-15081,3.0,1.0257028112449798,1.0000000000000009,-4.53918791312559,"-4.54,-3.14,-3.47,-3.10","0.647,0.679,0.671,0.680",0,10,-4.8604651162790695
YES,33,45,12,33,0.7333333333333333,4233,0.6534372785258682,-0.07989605480746509,-3.595322466335932,-15219,3.0,1.0257028112449798,1.0000000000000009,-4.614730878186969,"-4.61,-3.23,-3.61,-2.93","0.631,0.662,0.653,0.668",0,10,-4.848837209302325
YES,33,46,13,33,0.717391304347826,4233,0.6446964327899835,-0.0726948715578426,-3.3439640916607605,-14155,3.0,1.0257028112449798,1.0000000000000009,-4.288007554296506,"-4.29,-2.96,-3.57,-2.57","0.624,0.653,0.640,0.662",0,10,-4.758139534883721
YES,33,47,14,33,0.7021276595744681,4233,0.6321757618710134,-0.06995189770345467,-3.287739192062367,-13917,3.0,1.0257028112449798,1.0000000000000009,-4.152030217186025,"-4.15,-2.97,-3.55,-2.48","0.614,0.639,0.627,0.649",0,10,-4.909302325581395
YES,33,48,15,33,0.6875,4233,0.6201275690999292,-0.06737243090007083,-3.233876683203402,-13689,3.0,1.0257028112449798,1.0000000000000009,-3.9461756373937678,"-3.95,-2.83,-3.74,-2.42","0.605,0.629,0.610,0.637",0,10,-4.869767441860465
YES,33,49,16,33,0.673469387755102,4233,0.606425702811245,-0.06704368494385704,-3.285140562248996,-13906,3.0,1.0257028112449798,1.0000000000000009,-4.0349386213408875,"-4.03,-2.80,-3.73,-2.57","0.591,0.616,0.597,0.621",0,10,-5.0813953488372094
YES,33,50,17,33,0.66,4233,0.595322466335932,-0.06467753366406803,-3.233876683203402,-13689,3.0,1.0257028112449798,1.0000000000000009,-3.963172804532578,"-3.96,-2.42,-3.89,-2.66","0.581,0.612,0.582,0.607",0,10,-4.976744186046512
YES,33,51,18,33,0.6470588235294118,4233,0.5870540987479329,-0.06000472478147889,-3.0602409638554215,-12954,3.0,1.0257028112449798,1.0000000000000009,-3.8640226628895182,"-3.86,-2.29,-3.50,-2.58","0.571,0.602,0.578,0.596",0,10,-4.890697674418605
YES,33,52,19,33,0.6346153846153846,4233,0.5778407748641625,-0.05677460975122206,-2.9522797070635485,-12497,3.0,1.0257028112449798,1.0000000000000009,-4.029272898961284,"-4.03,-2.13,-3.36,-2.28","0.557,0.594,0.570,0.591",1,10,-5.065116279069767
YES,33,53,20,33,0.6226415094339622,4233,0.5665012993149067,-0.05614021011905557,-2.9754311363099455,-12595,3.0,1.0257028112449798,1.0000000000000009,-3.9225684608120868,"-3.92,-2.44,-3.49,-2.04","0.549,0.577,0.557,0.584",1,10,-4.897674418604651
YES,33,54,21,33,0.6111111111111112,4233,0.5572879754311363,-0.053823135679974876,-2.906449326718639,-12303,3.0,1.0257028112449798,1.0000000000000009,-3.679886685552408,"-3.68,-2.22,-3.60,-2.12","0.543,0.570,0.544,0.572",1,10,-4.869767441860465
YES,33,55,22,33,0.6,4233,0.549492085991023,-0.05050791400897703,-2.7779352704937397,-11759,3.0,1.0257028112449798,1.0000000000000009,-3.604343720491029,"-3.60,-1.91,-3.47,-2.12","0.534,0.565,0.537,0.561",1,10,-4.732558139534884
YES,33,56,23,33,0.5892857142857143,4233,0.5407512402551382,-0.04853447403057609,-2.7179305457122607,-11505,3.0,1.0257028112449798,1.0000000000000009,-3.598677998111426,"-3.60,-2.04,-3.31,-1.93","0.525,0.553,0.530,0.555",1,10,-4.73953488372093
YES,33,57,24,33,0.5789473684210527,4233,0.5251594613749114,-0.053787907046141226,-3.0659107016300498,-12978,3.0,1.0257028112449798,1.0000000000000009,-3.9612476370510397,"-3.72,-2.45,-3.96,-2.13","0.514,0.536,0.509,0.542",1,10,-4.765116279069767
YES,33,58,25,33,0.5689655172413793,4233,0.5164186156390267,-0.05254690160235265,-3.0477202929364515,-12901,3.0,1.0257028112449798,1.0000000000000009,-3.835538752362949,"-3.59,-2.47,-3.84,-2.30","0.507,0.526,0.503,0.529",1,10,-4.674418604651163
YES,33,59,26,33,0.559322033898305,4233,0.5164186156390267,-0.04290341825927835,-2.531301677297425,-10715,3.0,1.0257028112449798,1.0000000000000009,-3.332703213610586,"-3.08,-1.94,-3.33,-1.77","0.507,0.526,0.503,0.529",1,10,-4.186046511627907
YES,33,60,27,33,0.55,4233,0.5060240963855421,-0.04397590361445791,-2.63855421686747,-11169,3.0,1.0257028112449798,1.0000000000000009,-3.510396975425331,"-3.37,-1.87,-3.51,-1.81","0.494,0.519,0.491,0.520",1,10,-4.534883720930233
YES,33,61,28,33,0.5409836065573771,4233,0.49964564138908574,-0.04133796516829136,-2.521615875265769,-10674,3.0,1.0257028112449798,1.0000000000000009,-3.4224952741020793,"-3.39,-1.64,-3.42,-1.64","0.485,0.514,0.485,0.514",1,10,-4.769767441860465
YES,33,62,29,33,0.532258064516129,4233,0.49043231750531535,-0.04182574701081365,-2.5931963146704464,-10977,3.0,1.0257028112449798,1.0000000000000009,-3.492917847025496,"-3.49,-1.47,-3.47,-1.94","0.476,0.509,0.476,0.501",0,10,-5.1720930232558135
YES,33,63,30,33,0.5238095238095238,4233,0.4835813843609733,-0.040228139448550526,-2.534372785258682,-10728,3.0,1.0257028112449798,1.0000000000000009,-3.4054820415879017,"-3.37,-1.50,-3.41,-1.86","0.470,0.500,0.470,0.494",0,10,-4.723255813953489
YES,33,64,31,33,0.515625,4233,0.47838412473423103,-0.03724087526576897,-2.383416017009213,-10089,3.0,1.0257028112449798,1.0000000000000009,-3.3591682419659734,"-3.15,-1.36,-3.36,-1.67","0.466,0.494,0.463,0.490",0,10,-4.72093023255814
YES,33,65,32,33,0.5076923076923077,4233,0.4712969525159461,-0.036395355176361555,-2.365698086463501,-10014,3.0,1.0257028112449798,1.0000000000000009,-3.510396975425331,"-3.29,-1.24,-3.51,-1.42","0.457,0.489,0.454,0.486",0,10,-5.034883720930233
YES,33,66,33,33,0.5,4233,0.467280888258918,-0.032719111741081996,-2.15946137491141,-9141,3.0,1.0257028112449798,1.0000000000000009,-3.6805293005671076,"-2.90,-1.12,-3.68,-0.94","0.456,0.483,0.444,0.486",2,10,-4.946308724832215
YES,33,67,34,33,0.4925373134328358,4233,0.4623198677061186,-0.030217445726717196,-2.0245688636900545,-8570,3.0,1.0257028112449798,1.0000000000000009,-3.3629489603024574,"-3.01,-1.08,-3.36,-0.64","0.448,0.476,0.442,0.483",2,10,-4.797674418604651
YES,33,68,35,33,0.4852941176470588,4233,0.45617765178360503,-0.02911646586345379,-1.9799196787148594,-8381,3.0,1.0257028112449798,1.0000000000000009,-3.2419659735349717,"-3.14,-0.93,-3.24,-0.61","0.439,0.472,0.438,0.476",2,10,-5.4837209302325585
YES,33,69,36,33,0.4782608695652174,4233,0.44720056697377747,-0.031060302591439937,-2.143160878809355,-9072,3.0,1.0257028112449798,1.0000000000000009,-3.5869565217391304,"-3.35,-1.11,-3.59,-0.52","0.430,0.462,0.426,0.471",2,10,-5.56046511627907
YES,33,70,37,33,0.4714285714285714,4233,0.4405858729033782,-0.030842698525193224,-2.1589888967635247,-9139,3.0,1.0257028112449798,1.0000000000000009,-3.491493383742911,"-3.25,-1.18,-3.49,-0.71","0.425,0.455,0.422,0.461",2,10,-5.488372093023256
YES,34,35,1,34,0.9714285714285714,4323,0.8260467268100856,-0.1453818446184858,-5.088364561647005,-21997,3.0,1.0259310663890817,1.0000000000000009,-5.734505087881591,"-5.73,-4.50,-5.38,-4.73","0.808,0.843,0.818,0.836",0,10,-5.814159292035399
YES,34,36,2,34,0.9444444444444444,4323,0.813324080499653,-0.13112036394479143,-4.720333102012491,-20406,3.0,1.0259310663890817,1.0000000000000009,-5.293246993524514,"-5.29,-4.26,-4.93,-4.39","0.797,0.826,0.807,0.822",0,10,-5.330316742081448
YES,34,37,3,34,0.918918918918919,4323,0.7989821882951654,-0.11993673062375354,-4.43765903307888,-19184,3.0,1.0259310663890817,1.0000000000000009,-5.009250693802035,"-5.01,-4.05,-4.64,-4.05","0.784,0.809,0.794,0.809",0,10,-5.119909502262443
YES,34,38,4,34,0.8947368421052632,4323,0.7837150127226463,-0.11102182938261684,-4.21882951653944,-18238,3.0,1.0259310663890817,1.0000000000000009,-4.788159111933395,"-4.79,-3.94,-4.41,-3.73","0.769,0.791,0.779,0.796",0,10,-4.99360341151386
YES,34,39,5,34,0.8717948717948718,4323,0.7645153828359935,-0.10727948895887829,-4.183900069396253,-18087,3.0,1.0259310663890817,1.0000000000000009,-4.5605920444033305,"-4.56,-3.88,-4.28,-4.02","0.755,0.772,0.762,0.769",0,10,-4.9195652173913045
YES,34,40,6,34,0.85,4323,0.744853111265325,-0.10514688873467493,-4.205875549387,-18182,3.0,1.0259310663890817,1.0000000000000009,-4.545790934320074,"-4.55,-4.18,-4.19,-3.92","0.736,0.746,0.745,0.752",0,10,-5.043478260869565
YES,34,41,7,34,0.8292682926829268,4323,0.7307425399028452,-0.09852575278008158,-4.039555863983345,-17463,3.0,1.0259310663890817,1.0000000000000009,-4.416281221091582,"-4.42,-3.92,-4.05,-3.77","0.722,0.734,0.731,0.737",0,10,-4.854347826086957
YES,34,42,8,34,0.8095238095238095,4323,0.7138561184362711,-0.09566769108753848,-4.018043025676613,-17370,3.0,1.0259310663890817,1.0000000000000009,-4.4329324699352455,"-4.43,-3.66,-4.13,-3.85","0.704,0.722,0.711,0.718",0,10,-5.056521739130435
YES,34,43,9,34,0.7906976744186046,4323,0.7015961138098543,-0.0891015606087503,-3.8313671061762666,-16563,3.0,1.0259310663890817,1.0000000000000009,-4.3256244218316375,"-4.33,-3.37,-3.98,-3.65","0.690,0.712,0.698,0.706",0,10,-4.834782608695652
YES,34,44,10,34,0.7727272727272727,4323,0.6891047883414295,-0.08362248438584319,-3.6793893129770994,-15906,3.0,1.0259310663890817,1.0000000000000009,-4.368177613320999,"-4.37,-3.19,-3.73,-3.43","0.673,0.700,0.688,0.695",0,10,-4.635394456289979
YES,34,45,11,34,0.7555555555555555,4323,0.6740689336109184,-0.08148662194463718,-3.6668979875086745,-15852,3.0,1.0259310663890817,1.0000000000000009,-4.402405180388529,"-4.40,-3.24,-3.79,-3.24","0.658,0.684,0.671,0.684",0,10,-4.735607675906183
YES,34,46,12,34,0.7391304347826086,4323,0.6650474207726116,-0.07408301400999706,-3.4078186444598657,-14732,3.0,1.0259310663890817,1.0000000000000009,-4.085106382978723,"-4.09,-2.98,-3.72,-2.85","0.650,0.674,0.658,0.677",0,10,-4.37953091684435
YES,34,47,13,34,0.723404255319149,4323,0.6518621327781633,-0.07154212254098569,-3.3624797594263245,-14536,3.0,1.0259310663890817,1.0000000000000009,-3.9565217391304346,"-3.96,-3.00,-3.67,-2.83","0.639,0.660,0.645,0.663",0,10,-4.332579185520362
YES,34,48,14,34,0.7083333333333334,4323,0.6393708073097386,-0.06896252602359476,-3.3102012491325468,-14310,3.0,1.0259310663890817,1.0000000000000009,-3.8666666666666667,"-3.76,-2.83,-3.87,-2.78","0.630,0.649,0.628,0.650",0,10,-4.79646017699115
YES,34,49,15,34,0.6938775510204082,4323,0.6250289151052509,-0.06884863591515722,-3.3735831598427017,-14584,3.0,1.0259310663890817,1.0000000000000009,-3.901942645698427,"-3.90,-2.77,-3.87,-2.95","0.614,0.637,0.615,0.634",0,10,-4.838495575221239
YES,34,50,16,34,0.68,4323,0.6132315521628499,-0.06676844783715019,-3.3384223918575064,-14432,3.0,1.0259310663890817,1.0000000000000009,-4.046296296296297,"-3.89,-2.41,-4.05,-3.01","0.602,0.632,0.599,0.620",0,10,-5.128318584070796
YES,34,51,17,34,0.6666666666666666,4323,0.604441360166551,-0.062225306500115596,-3.173490631505899,-13719,3.0,1.0259310663890817,1.0000000000000009,-3.8529139685476412,"-3.85,-2.25,-3.73,-2.86","0.591,0.623,0.594,0.611",0,10,-4.889380530973451
YES,34,52,18,34,0.6538461538461539,4323,0.5947258848022207,-0.059120269043933193,-3.0742539902845247,-13290,3.0,1.0259310663890817,1.0000000000000009,-4.031452358926919,"-4.03,-2.06,-3.62,-2.59","0.576,0.614,0.584,0.604",0,10,-4.588235294117647
YES,34,53,19,34,0.6415094339622641,4323,0.5829285218598196,-0.05858091210244454,-3.104788341429563,-13422,3.0,1.0259310663890817,1.0000000000000009,-3.9454209065679926,"-3.95,-2.33,-3.77,-2.38","0.567,0.598,0.570,0.597",0,10,-4.685840707964601
YES,34,54,20,34,0.6296296296296297,4323,0.5727504048114735,-0.056879224818156104,-3.0714781401804303,-13278,3.0,1.0259310663890817,1.0000000000000009,-3.9,"-3.78,-2.18,-3.90,-2.43","0.560,0.589,0.557,0.585",0,10,-4.730088495575221
YES,34,55,21,34,0.6181818181818182,4323,0.5648854961832062,-0.053296321998612006,-2.931297709923664,-12672,3.0,1.0259310663890817,1.0000000000000009,-3.75,"-3.68,-1.90,-3.75,-2.40","0.551,0.584,0.550,0.574",1,10,-4.509049773755656
YES,34,56,22,34,0.6071428571428571,4323,0.5563266250289151,-0.05081623211394204,-2.845708998380754,-12302,3.0,1.0259310663890817,1.0000000000000009,-3.6148148148148147,"-3.59,-1.99,-3.61,-2.19","0.543,0.572,0.543,0.568",1,10,-4.479638009049774
YES,34,57,23,34,0.5964912280701754,4323,0.5401341660883645,-0.056357061981810896,-3.21235253296322,-13887,3.0,1.0259310663890817,1.0000000000000009,-4.338888888888889,"-3.84,-2.31,-4.34,-2.36","0.529,0.556,0.520,0.555",0,10,-4.869469026548672
YES,34,58,24,34,0.5862068965517241,4323,0.5308813324080499,-0.05532556414367418,-3.208882720333102,-13872,3.0,1.0259310663890817,1.0000000000000009,-4.194444444444445,"-3.74,-2.40,-4.19,-2.51","0.522,0.545,0.514,0.543",0,10,-4.743362831858407
YES,34,59,25,34,0.576271186440678,4323,0.5308813324080499,-0.045389854032628074,-2.678001387925052,-11577,3.0,1.0259310663890817,1.0000000000000009,-3.6805555555555554,"-3.22,-1.85,-3.68,-1.96","0.522,0.545,0.514,0.543",1,10,-4.238938053097345
YES,34,60,26,34,0.5666666666666667,4323,0.5200092528336803,-0.04665741383298638,-2.799444829979181,-12102,3.0,1.0259310663890817,1.0000000000000009,-3.8333333333333335,"-3.53,-1.75,-3.83,-2.09","0.508,0.537,0.503,0.532",0,10,-4.530973451327434
YES,34,61,27,34,0.5573770491803278,4323,0.5139949109414759,-0.04338213823885195,-2.6463104325699747,-11440,3.0,1.0259310663890817,1.0000000000000009,-3.725925925925926,"-3.53,-1.50,-3.73,-1.84","0.500,0.533,0.496,0.527",1,10,-4.604072398190045
YES,34,62,28,34,0.5483870967741935,4323,0.5042794355771455,-0.04410766119704801,-2.734674994216979,-11822,3.0,1.0259310663890817,1.0000000000000009,-3.803703703703704,"-3.72,-1.31,-3.80,-2.11","0.488,0.527,0.487,0.514",0,10,-4.963800904977376
YES,34,63,29,34,0.5396825396825397,4323,0.49664584779088594,-0.04303669189165371,-2.711311589174185,-11721,3.0,1.0259310663890817,1.0000000000000009,-3.725,"-3.69,-1.36,-3.73,-2.06","0.481,0.518,0.481,0.507",0,10,-4.638009049773756
YES,34,64,30,34,0.53125,4323,0.4915567892667129,-0.039693210733287076,-2.5403654869303725,-10982,3.0,1.0259310663890817,1.0000000000000009,-3.6592592592592594,"-3.45,-1.20,-3.66,-1.85","0.477,0.512,0.474,0.502",0,10,-4.6902654867256635
YES,34,65,31,34,0.5230769230769231,4323,0.48415452232246126,-0.03892240075446185,-2.5299560490400186,-10937,3.0,1.0259310663890817,1.0000000000000009,-3.787037037037037,"-3.63,-1.11,-3.79,-1.59","0.467,0.506,0.465,0.499",0,10,-5.029411764705882
YES,34,66,32,34,0.5151515151515151,4323,0.47929678464029607,-0.03585473051121907,-2.366412213740458,-10230,3.0,1.0259310663890817,1.0000000000000009,-4.055555555555555,"-3.17,-1.09,-4.06,-1.15","0.467,0.499,0.454,0.498",1,10,-5.380530973451328
YES,34,67,33,34,0.5074626865671642,4323,0.47420772611612305,-0.03325496045104115,-2.2280823502197546,-9632,3.0,1.0259310663890817,1.0000000000000009,-3.725925925925926,"-3.26,-1.03,-3.73,-0.90","0.459,0.492,0.452,0.494",2,10,-4.946902654867257
YES,34,68,34,34,0.5,4323,0.4681933842239186,-0.031806615776081404,-2.162849872773537,-9350,3.0,1.0259310663890817,1.0000000000000009,-3.588888888888889,"-3.37,-0.85,-3.59,-0.85","0.451,0.488,0.447,0.488",1,10,-5.384615384615385
YES,34,69,35,34,0.4927536231884058,4323,0.45917187138561183,-0.03358175180279399,-2.317140874392783,-10017,3.0,1.0259310663890817,1.0000000000000009,-3.908333333333333,"-3.62,-0.94,-3.91,-0.81","0.440,0.479,0.436,0.481",2,10,-5.432126696832579
YES,34,70,36,34,0.4857142857142857,4323,0.45246356696738377,-0.03325071874690194,-2.3275503122831367,-10062,3.0,1.0259310663890817,1.0000000000000009,-3.7962962962962963,"-3.57,-0.98,-3.80,-0.98","0.435,0.472,0.431,0.472",1,10,-5.334841628959276
YES,35,36,1,35,0.9722222222222222,4418,0.8329560887279311,-0.13926613349429107,-5.0135808057944775,-22150,2.0,1.0268220914440924,1.0000000000000009,-5.613574660633484,"-5.61,-4.77,-5.26,-4.41","0.816,0.840,0.826,0.850",0,10,-5.926174496644295
YES,35,37,2,35,0.9459459459459459,4418,0.8196016296966954,-0.12634431624925058,-4.674739701222273,-20653,2.0,1.0268220914440924,1.0000000000000009,-5.232579185520362,"-5.23,-4.43,-4.94,-4.09","0.805,0.826,0.812,0.835",0,10,-5.697986577181208
YES,35,38,3,35,0.9210526315789473,4418,0.8044363965595291,-0.1166162350194182,-4.431416930737891,-19578,2.0,1.0268220914440924,1.0000000000000009,-4.978280542986425,"-4.98,-4.33,-4.68,-3.74","0.790,0.807,0.798,0.823",0,10,-5.331096196868009
YES,35,39,4,35,0.8974358974358975,4418,0.7849705749207786,-0.11246532251511887,-4.386147578089633,-19378,2.0,1.0268220914440924,1.0000000000000009,-4.752941176470588,"-4.75,-4.23,-4.58,-3.98","0.776,0.789,0.780,0.795",0,10,-5.3355704697986575
YES,35,40,5,35,0.875,4418,0.7661837935717519,-0.10881620642824807,-4.352648257129923,-19230,2.0,1.0268220914440924,1.0000000000000009,-4.665158371040724,"-4.67,-4.42,-4.49,-3.83","0.758,0.764,0.763,0.779",0,10,-5.380313199105146
YES,35,41,6,35,0.8536585365853658,4418,0.7514712539610684,-0.10218728262429744,-4.189678587596197,-18510,2.0,1.0268220914440924,1.0000000000000009,-4.500452488687783,"-4.50,-4.18,-4.36,-3.72","0.744,0.752,0.747,0.763",0,10,-5.373601789709173
YES,35,42,7,35,0.8333333333333334,4418,0.7342688999547307,-0.09906443337860271,-4.160706201901313,-18382,2.0,1.0268220914440924,1.0000000000000009,-4.516742081447964,"-4.52,-3.88,-4.41,-3.83","0.726,0.741,0.728,0.742",0,10,-5.308724832214765
YES,35,43,8,35,0.813953488372093,4418,0.7222725215029425,-0.0916809668691505,-3.9422815753734723,-17417,2.0,1.0268220914440924,1.0000000000000009,-4.3746606334841625,"-4.37,-3.53,-4.23,-3.64","0.712,0.732,0.716,0.729",0,10,-5.275167785234899
YES,35,44,9,35,0.7954545454545454,4418,0.7091444092349479,-0.08631013621959749,-3.797645993662291,-16778,2.0,1.0268220914440924,1.0000000000000009,-4.379185520361991,"-4.38,-3.43,-3.95,-3.42","0.696,0.717,0.706,0.718",0,10,-4.977628635346756
YES,35,45,10,35,0.7777777777777778,4418,0.6933001358080579,-0.08447764196971985,-3.8014938886373923,-16795,2.0,1.0268220914440924,1.0000000000000009,-4.375565610859729,"-4.38,-3.49,-3.94,-3.40","0.681,0.700,0.690,0.702",0,10,-4.899328859060403
YES,35,46,11,35,0.7608695652173914,4418,0.6837935717519239,-0.07707599346546745,-3.5454956994114983,-15664,2.0,1.0268220914440924,1.0000000000000009,-4.069683257918552,"-4.07,-3.29,-3.83,-2.99","0.672,0.689,0.678,0.696",0,10,-4.642058165548098
YES,35,47,12,35,0.7446808510638298,4418,0.6704391127206881,-0.07424173834314163,-3.4893617021276597,-15416,2.0,1.0268220914440924,1.0000000000000009,-3.992760180995475,"-3.99,-3.24,-3.75,-2.97","0.660,0.676,0.665,0.681",0,10,-4.823266219239374
YES,35,48,13,35,0.7291666666666666,4418,0.6582163875056587,-0.07095027916100793,-3.405613399728384,-15046,2.0,1.0268220914440924,1.0000000000000009,-3.869565217391304,"-3.81,-3.00,-3.87,-2.94","0.650,0.667,0.649,0.668",0,10,-4.831533477321814
YES,35,49,14,35,0.7142857142857143,4418,0.6439565414214576,-0.07032917286425666,-3.446129470348574,-15225,2.0,1.0268220914440924,1.0000000000000009,-3.886775362318841,"-3.87,-3.00,-3.89,-3.03","0.635,0.653,0.635,0.652",0,10,-4.943844492440605
YES,35,50,15,35,0.7,4418,0.6315074694431869,-0.06849253055681304,-3.424626527840652,-15130,2.0,1.0268220914440924,1.0000000000000009,-4.004524886877828,"-4.00,-2.62,-3.98,-3.10","0.620,0.648,0.620,0.638",0,10,-5.086393088552915
YES,35,51,16,35,0.6862745098039216,4418,0.6222272521502943,-0.06404725765362729,-3.266410140334993,-14431,2.0,1.0268220914440924,1.0000000000000009,-3.9846153846153847,"-3.98,-2.43,-3.73,-2.92","0.608,0.639,0.613,0.629",0,10,-5.038876889848812
YES,35,52,17,35,0.6730769230769231,4418,0.6120416478044364,-0.061035275272486755,-3.1738343141693073,-14022,2.0,1.0268220914440924,1.0000000000000009,-4.176470588235294,"-4.18,-2.26,-3.54,-2.72","0.593,0.630,0.605,0.621",0,10,-4.9865771812080535
YES,35,53,18,35,0.660377358490566,4418,0.5998189225894069,-0.06055843590115906,-3.2095971027614305,-14180,2.0,1.0268220914440924,1.0000000000000009,-4.159276018099548,"-4.16,-2.50,-3.65,-2.53","0.582,0.613,0.591,0.613",0,10,-5.002237136465324
YES,35,54,19,35,0.6481481481481481,4418,0.588727931190584,-0.059420216957564165,-3.2086917157084653,-14176,2.0,1.0268220914440924,1.0000000000000009,-4.0171945701357465,"-4.02,-2.33,-3.84,-2.65","0.574,0.605,0.577,0.599",0,10,-5.1610738255033555
YES,35,55,20,35,0.6363636363636364,4418,0.5810321412403803,-0.05533149512325608,-3.0432322317790854,-13445,2.0,1.0268220914440924,1.0000000000000009,-3.8914027149321266,"-3.89,-2.02,-3.66,-2.60","0.566,0.600,0.570,0.589",0,10,-4.977628635346756
YES,35,56,21,35,0.625,4418,0.5724309642372114,-0.052569035762788596,-2.943866002716161,-13006,2.0,1.0268220914440924,1.0000000000000009,-3.7819004524886877,"-3.78,-2.03,-3.50,-2.46","0.557,0.589,0.562,0.581",0,10,-4.932885906040268
YES,35,57,22,35,0.6140350877192983,4418,0.555454956994115,-0.05858013072518331,-3.339067451335446,-14752,2.0,1.0268220914440924,1.0000000000000009,-4.176630434782608,"-4.00,-2.47,-4.18,-2.71","0.544,0.571,0.541,0.567",0,10,-5.033557046979865
YES,35,58,23,35,0.603448275862069,4418,0.544363965595292,-0.05908431026677696,-3.426889995473065,-15140,2.0,1.0268220914440924,1.0000000000000009,-4.161231884057971,"-4.08,-2.59,-4.16,-2.88","0.533,0.559,0.532,0.554",0,10,-5.286353467561521
YES,35,59,24,35,0.5932203389830508,4418,0.544363965595292,-0.048856373387758834,-2.8825260298777726,-12735,2.0,1.0268220914440924,1.0000000000000009,-3.6295289855072466,"-3.55,-2.03,-3.63,-2.32","0.533,0.559,0.532,0.554",0,10,-4.774049217002237
YES,35,60,25,35,0.5833333333333334,4418,0.5330466274332277,-0.050286705900105644,-3.0172023540063377,-13330,2.0,1.0268220914440924,1.0000000000000009,-3.8868778280542986,"-3.89,-1.96,-3.75,-2.48","0.519,0.551,0.521,0.542",0,10,-5.067114093959732
YES,35,61,26,35,0.5737704918032787,4418,0.526935264825713,-0.0468352269775657,-2.8569488456315075,-12622,2.0,1.0268220914440924,1.0000000000000009,-3.865158371040724,"-3.87,-1.74,-3.62,-2.21","0.510,0.545,0.514,0.538",0,10,-5.250559284116331
YES,35,62,27,35,0.5645161290322581,4418,0.517428700769579,-0.04708742826267909,-2.9194205522861023,-12898,2.0,1.0268220914440924,1.0000000000000009,-4.028054298642534,"-4.03,-1.53,-3.66,-2.46","0.500,0.540,0.505,0.525",0,10,-5.5950782997762865
YES,35,63,28,35,0.5555555555555556,4418,0.5097329108193753,-0.04582264473618025,-2.886826618379357,-12754,2.0,1.0268220914440924,1.0000000000000009,-3.9846153846153847,"-3.98,-1.56,-3.61,-2.39","0.492,0.531,0.498,0.518",0,10,-5.261744966442953
YES,35,64,29,35,0.546875,4418,0.5040742417383431,-0.04280075826165686,-2.739248528746039,-12102,2.0,1.0268220914440924,1.0000000000000009,-3.7819004524886877,"-3.78,-1.43,-3.58,-2.16","0.488,0.524,0.491,0.513",0,10,-5.2192393736017895
YES,35,65,30,35,0.5384615384615384,4418,0.49660479855138073,-0.0418567399101577,-2.7206880941602534,-12020,2.0,1.0268220914440924,1.0000000000000009,-3.9411764705882355,"-3.94,-1.32,-3.74,-1.88","0.478,0.518,0.481,0.510",0,10,-5.626398210290827
YES,35,66,31,35,0.5303030303030303,4418,0.4918515165233137,-0.03845151377971656,-2.537799909461295,-11212,2.0,1.0268220914440924,1.0000000000000009,-3.972826086956522,"-3.46,-1.28,-3.97,-1.43","0.478,0.511,0.470,0.509",1,10,-5.634989200863931
YES,35,67,32,35,0.5223880597014925,4418,0.48664554096876417,-0.03574251873272832,-2.3947487550928024,-10580,2.0,1.0268220914440924,1.0000000000000009,-3.6240942028985508,"-3.53,-1.26,-3.62,-1.17","0.470,0.504,0.468,0.505",1,10,-5.322147651006712
YES,35,68,33,35,0.5147058823529411,4418,0.48053417836124945,-0.03417170399169167,-2.3236758714350385,-10266,2.0,1.0268220914440924,1.0000000000000009,-3.6153846153846154,"-3.62,-1.06,-3.53,-1.09","0.462,0.499,0.463,0.499",1,10,-5.94407158836689
YES,35,69,34,35,0.5072463768115942,4418,0.4719330013580806,-0.03531337545351365,-2.43662290629244,-10765,2.0,1.0268220914440924,1.0000000000000009,-3.7782805429864252,"-3.78,-1.19,-3.75,-1.03","0.452,0.490,0.453,0.492",1,10,-5.97986577181208
YES,35,70,35,35,0.5,4418,0.46468990493435947,-0.035310095065640534,-2.4717066545948394,-10920,2.0,1.0268220914440924,1.0000000000000009,-3.8959276018099547,"-3.90,-1.14,-3.68,-1.17","0.444,0.484,0.447,0.483",1,10,-5.87248322147651
NO,20,30,10,20,0.6666666666666666,2859,0.55299055613851,-0.11367611052815663,-3.410283315844701,-9750,6.0,0.9792934592514861,1.0000000000000009,-4.159663865546219,"-2.92,-3.47,-4.16,-3.09","0.569,0.551,0.528,0.564",0,10,-5.371024734982332
NO,20,31,11,20,0.6451612903225806,2859,0.5417978314095838,-0.10336345891299681,-3.2042672263029033,-9161,6.0,0.9792934592514861,1.0000000000000009,-3.761904761904762,"-2.74,-3.44,-3.76,-2.87","0.557,0.534,0.524,0.552",0,10,-4.992932862190813
NO,20,32,12,20,0.625,2859,0.5022735222105631,-0.1227264777894369,-3.9272472892619796,-11228,6.0,0.9792934592514861,1.0000000000000009,-4.201398601398601,"-3.35,-4.20,-4.18,-3.98","0.520,0.494,0.494,0.501",0,10,-4.96113074204947
NO,20,33,13,20,0.6060606060606061,2859,0.49178034277719485,-0.11428026328341123,-3.771248688352571,-10782,6.0,0.9792934592514861,1.0000000000000009,-4.2153846153846155,"-3.29,-4.22,-3.87,-3.71","0.506,0.478,0.489,0.494",0,10,-4.724381625441696
NO,20,34,14,20,0.5882352941176471,2859,0.49178034277719485,-0.09645495134045223,-3.279468345575376,-9376,6.0,0.9792934592514861,1.0000000000000009,-3.737062937062937,"-2.79,-3.74,-3.38,-3.21","0.506,0.478,0.489,0.494",0,10,-4.261484098939929
NO,20,35,15,20,0.5714285714285714,2859,0.4746414830360266,-0.0967870883925448,-3.3875480937390696,-9685,6.0,0.9792934592514861,1.0000000000000009,-3.993006993006993,"-3.11,-3.99,-3.28,-3.16","0.483,0.457,0.478,0.481",0,10,-4.169611307420495
NO,20,36,16,20,0.5555555555555556,2859,0.46309898565932145,-0.09245656989623413,-3.328436516264428,-9516,6.0,0.9792934592514861,1.0000000000000009,-3.6867132867132866,"-3.18,-3.69,-3.26,-3.18","0.467,0.453,0.465,0.467",0,10,-4.098939929328622
NO,20,37,17,20,0.5405405405405406,2859,0.45050717033927945,-0.09003337020126112,-3.33123469744666,-9524,6.0,0.9792934592514861,1.0000000000000009,-3.5958041958041957,"-3.29,-3.60,-3.42,-3.03","0.452,0.443,0.448,0.459",0,10,-4.310954063604241
NO,20,38,18,20,0.5263157894736842,2859,0.440713536201469,-0.08560225327221516,-3.2528856243441764,-9300,6.0,0.9792934592514861,1.0000000000000009,-3.4713286713286715,"-3.10,-3.47,-3.45,-2.99","0.445,0.435,0.436,0.448",0,10,-4.289752650176679
NO,20,39,19,20,0.5128205128205128,2859,0.4281217208814271,-0.0846987919390857,-3.303252885624344,-9444,6.0,0.9792934592514861,1.0000000000000009,-3.777310924369748,"-2.82,-3.47,-3.78,-3.15","0.441,0.424,0.416,0.432",0,10,-4.703180212014134
NO,20,40,20,20,0.5,2859,0.42077649527806926,-0.07922350472193074,-3.16894018887723,-9060,6.0,0.9792934592514861,1.0000000000000009,-3.753501400560224,"-2.60,-3.44,-3.75,-2.88","0.435,0.414,0.406,0.428",0,10,-4.593639575971731
NO,20,41,21,20,0.4878048780487805,2859,0.41028331584470096,-0.07752156220407952,-3.1783840503672613,-9087,6.0,0.9792934592514861,1.0000000000000009,-3.6573426573426575,"-2.51,-3.66,-3.58,-2.97","0.427,0.399,0.401,0.415",0,10,-4.498233215547703
NO,20,42,22,20,0.47619047619047616,2859,0.40258831759356417,-0.07360215859691199,-3.091290661070304,-8838,6.0,0.9792934592514861,1.0000000000000009,-3.4937062937062935,"-2.50,-3.49,-3.35,-3.02","0.417,0.393,0.396,0.404",0,10,-4.268551236749117
NO,20,43,23,20,0.46511627906976744,2859,0.3934942287513116,-0.07162205031845581,-3.079748163693599,-8805,6.0,0.9792934592514861,1.0000000000000009,-3.581818181818182,"-2.44,-3.58,-3.26,-3.04","0.408,0.382,0.389,0.394",0,10,-4.1978798586572434
NO,20,44,24,20,0.45454545454545453,2859,0.3795033228401539,-0.07504213170530061,-3.3018537950332285,-9440,6.0,0.9792934592514861,1.0000000000000009,-3.5692307692307694,"-2.95,-3.57,-3.42,-3.26","0.387,0.373,0.377,0.380",0,10,-4.191616766467066
NO,20,45,25,20,0.4444444444444444,2859,0.3753060510668066,-0.06913839337763783,-3.111227701993704,-8895,6.0,0.9792934592514861,1.0000000000000009,-3.3216783216783217,"-2.76,-3.32,-3.24,-3.13","0.383,0.371,0.373,0.375",0,10,-4.1017964071856285
NO,20,46,26,20,0.43478260869565216,2859,0.3753060510668066,-0.05947655762884557,-2.7359216509268975,-7822,6.0,0.9792934592514861,1.0000000000000009,-2.9510489510489513,"-2.37,-2.95,-2.86,-2.76","0.383,0.371,0.373,0.375",0,10,-3.748502994011976
NO,20,47,27,20,0.425531914893617,2859,0.36935991605456453,-0.056171998839052495,-2.640083945435467,-7548,6.0,0.9792934592514861,1.0000000000000009,-2.8433566433566435,"-2.25,-2.71,-2.75,-2.84","0.378,0.368,0.367,0.365",0,10,-3.724381625441696
NO,20,48,28,20,0.4166666666666667,2859,0.35851696397341726,-0.05814970269324943,-2.7911857292759708,-7980,6.0,0.9792934592514861,1.0000000000000009,-3.351048951048951,"-2.34,-2.75,-2.72,-3.35","0.368,0.359,0.360,0.347",0,10,-3.8869257950530036
NO,20,49,29,20,0.40816326530612246,2859,0.35327037425673313,-0.054892891049389325,-2.689751661420077,-7690,6.0,0.9792934592514861,1.0000000000000009,-3.4153846153846152,"-2.11,-2.59,-2.64,-3.42","0.365,0.355,0.354,0.338",0,10,-3.8975265017667846
NO,20,50,30,20,0.4,2859,0.34767401189227004,-0.05232598810772998,-2.6162994053864987,-7480,6.0,0.9792934592514861,1.0000000000000009,-3.4265734265734267,"-2.03,-2.66,-2.35,-3.43","0.359,0.347,0.353,0.331",0,10,-3.568904593639576
NO,20,51,31,20,0.39215686274509803,2859,0.34242742217558586,-0.04972944056951217,-2.5362014690451207,-7251,6.0,0.9792934592514861,1.0000000000000009,-3.451748251748252,"-1.74,-2.60,-2.36,-3.45","0.358,0.341,0.346,0.324",0,10,-3.81437125748503
NO,20,52,32,20,0.38461538461538464,2859,0.33683105981112277,-0.04778432480426187,-2.484784889821616,-7104,6.0,0.9792934592514861,1.0000000000000009,-3.4909090909090907,"-1.60,-2.55,-2.30,-3.49","0.354,0.336,0.340,0.317",0,10,-3.808383233532934
NO,20,53,33,20,0.37735849056603776,2859,0.33193424274221756,-0.04542424782382021,-2.4074851346624695,-6883,6.0,0.9792934592514861,1.0000000000000009,-3.5440559440559443,"-1.62,-2.43,-2.04,-3.54","0.347,0.331,0.339,0.310",0,10,-3.497005988023952
NO,20,54,34,20,0.37037037037037035,2859,0.32668765302553343,-0.04368271734483692,-2.3588667366211964,-6744,6.0,0.9792934592514861,1.0000000000000009,-3.913286713286713,"-1.42,-2.18,-1.92,-3.91","0.344,0.330,0.335,0.298",0,10,-3.818815331010453
NO,20,55,35,20,0.36363636363636365,2859,0.3200419727177335,-0.043594390918630155,-2.397691500524659,-6855,6.0,0.9792934592514861,1.0000000000000009,-4.0,"-1.62,-2.08,-1.90,-4.00","0.334,0.326,0.329,0.291",0,10,-3.902439024390244
NO,20,56,36,20,0.35714285714285715,2859,0.3123469744665967,-0.044795882676260446,-2.508569429870584,-7172,6.0,0.9792934592514861,1.0000000000000009,-4.257342657342657,"-1.44,-2.22,-2.12,-4.26","0.331,0.317,0.319,0.281",0,10,-4.585365853658536
NO,20,57,37,20,0.3508771929824561,2859,0.3071003847499126,-0.04377680823254354,-2.4952780692549843,-7134,6.0,0.9792934592514861,1.0000000000000009,-4.055944055944056,"-1.35,-2.30,-2.28,-4.06","0.327,0.310,0.311,0.280",0,10,-4.310104529616725
NO,20,58,38,20,0.3448275862068966,2859,0.3036026582721231,-0.04122492793477345,-2.391045820216859,-6836,6.0,0.9792934592514861,1.0000000000000009,-4.01958041958042,"-1.10,-2.23,-2.21,-4.02","0.326,0.306,0.307,0.276",0,10,-4.2369337979094075
NO,20,59,39,20,0.3389830508474576,2859,0.29835606855543895,-0.040626982292018665,-2.396991955229101,-6853,6.0,0.9792934592514861,1.0000000000000009,-4.074125874125874,"-1.10,-2.09,-2.32,-4.07","0.320,0.303,0.300,0.270",0,10,-4.376306620209059
NO,20,60,40,20,0.3333333333333333,2859,0.29240993354319694,-0.04092339979013637,-2.4554039874081846,-7020,6.0,0.9792934592514861,1.0000000000000009,-4.223776223776224,"-1.03,-2.29,-2.27,-4.22","0.316,0.295,0.296,0.263",0,10,-4.529616724738676
NO,20,61,41,20,0.32786885245901637,2859,0.28996152500874434,-0.03790732745027203,-2.3123469744665965,-6611,6.0,0.9792934592514861,1.0000000000000009,-4.046153846153846,"-0.80,-2.08,-2.32,-4.05","0.315,0.294,0.290,0.262",0,10,-4.2717770034843205
NO,20,62,42,20,0.3225806451612903,2859,0.2861140258831759,-0.0364666192781144,-2.260930395243092,-6464,6.0,0.9792934592514861,1.0000000000000009,-3.8713286713286714,"-0.75,-2.05,-2.37,-3.87","0.310,0.290,0.284,0.260",0,10,-4.0359281437125745
NO,20,63,43,20,0.31746031746031744,2859,0.2826162994053865,-0.034844018054930925,-2.1951731374606505,-6276,6.0,0.9792934592514861,1.0000000000000009,-3.7874125874125872,"-0.70,-1.85,-2.44,-3.79","0.306,0.288,0.279,0.257",0,10,-3.7784431137724552
NO,20,64,44,20,0.3125,2859,0.2784190276320392,-0.034080972367960816,-2.1811822315494926,-6236,6.0,0.9792934592514861,1.0000000000000009,-3.6195804195804198,"-0.76,-1.83,-2.52,-3.62","0.301,0.284,0.273,0.256",1,10,-3.721254355400697
NO,20,65,45,20,0.3076923076923077,2859,0.27422175585869185,-0.03347055183361586,-2.1755858691850296,-6220,6.0,0.9792934592514861,1.0000000000000009,-3.5454545454545454,"-1.00,-1.64,-2.52,-3.55","0.292,0.283,0.269,0.253",1,10,-3.6933797909407664
NO,20,66,46,20,0.30303030303030304,2859,0.2696747114375656,-0.03335559159273743,-2.2014690451206715,-6294,6.0,0.9792934592514861,1.0000000000000009,-3.5692307692307694,"-0.98,-1.72,-2.53,-3.57","0.288,0.277,0.265,0.249",0,10,-3.908127208480565
NO,20,67,47,20,0.29850746268656714,2859,0.2696747114375656,-0.02883275124900153,-1.931794333683106,-5523,6.0,0.9792934592514861,1.0000000000000009,-3.32027972027972,"-0.70,-1.45,-2.26,-3.32","0.288,0.277,0.265,0.249",1,10,-3.664310954063604
NO,20,68,48,20,0.29411764705882354,2859,0.267226302903113,-0.02689134415571054,-1.8286114025883176,-5228,6.0,0.9792934592514861,1.0000000000000009,-3.2615384615384615,"-0.50,-1.26,-2.29,-3.26","0.287,0.276,0.261,0.246",1,10,-3.9010600706713783
NO,20,69,49,20,0.2898550724637681,2859,0.2626792584819867,-0.027175813981781427,-1.8751311647429172,-5361,6.0,0.9792934592514861,1.0000000000000009,-3.3048951048951047,"-0.51,-1.37,-2.32,-3.30","0.283,0.270,0.256,0.242",2,10,-4.450704225352113
NO,20,70,50,20,0.2857142857142857,2859,0.25918153200419725,-0.026532753710088453,-1.857292759706191,-5310,6.0,0.9792934592514861,1.0000000000000009,-3.3566433566433567,"-0.42,-1.20,-2.45,-3.36","0.280,0.269,0.251,0.238",2,10,-4.225352112676056
NO,21,30,9,21,0.7,2962,0.5857528696826468,-0.11424713031735312,-3.427413909520594,-10152,6.0,0.9913571910871032,1.0000000000000009,-4.175675675675675,"-2.98,-3.32,-4.18,-3.23","0.601,0.589,0.561,0.592",0,10,-4.993288590604027
NO,21,31,10,21,0.6774193548387096,2962,0.574274139095206,-0.10314521574350366,-3.197501688048616,-9471,6.0,0.9913571910871032,1.0000000000000009,-3.6986486486486485,"-2.80,-3.28,-3.70,-3.01","0.587,0.572,0.558,0.580",0,10,-4.459731543624161
NO,21,32,11,21,0.65625,2962,0.5347738014854828,-0.12147619851451719,-3.887238352464551,-11514,6.0,0.9913571910871032,1.0000000000000009,-4.135135135135135,"-3.42,-4.05,-4.14,-3.94","0.549,0.530,0.527,0.533",0,10,-4.642172523961661
NO,21,33,12,21,0.6363636363636364,2962,0.5236326806212019,-0.11273095574243441,-3.7201215395003375,-11019,6.0,0.9913571910871032,1.0000000000000009,-4.0094594594594595,"-3.32,-4.01,-3.88,-3.68","0.536,0.515,0.519,0.525",0,10,-4.552715654952077
NO,21,34,13,21,0.6176470588235294,2962,0.5236326806212019,-0.0940143782023275,-3.196488858879136,-9468,6.0,0.9913571910871032,1.0000000000000009,-3.4945945945945946,"-2.78,-3.49,-3.36,-3.15","0.536,0.515,0.519,0.525",0,10,-4.054313099041534
NO,21,35,14,21,0.6,2962,0.5057393652937204,-0.09426063470627954,-3.299122214719784,-9772,6.0,0.9913571910871032,1.0000000000000009,-3.7364864864864864,"-3.10,-3.74,-3.26,-3.10","0.511,0.493,0.507,0.511",0,10,-4.003194888178914
NO,21,36,15,21,0.5833333333333334,2962,0.4939230249831195,-0.08941030835021385,-3.2187711006076976,-9534,6.0,0.9913571910871032,1.0000000000000009,-3.389189189189189,"-3.12,-3.39,-3.24,-3.12","0.497,0.489,0.493,0.497",0,10,-3.9
NO,21,37,16,21,0.5675675675675675,2962,0.48176907494935856,-0.08579849261820899,-3.174544226873734,-9403,6.0,0.9913571910871032,1.0000000000000009,-3.3,"-3.17,-3.25,-3.30,-2.97","0.482,0.480,0.478,0.487",0,10,-3.8875
NO,21,38,17,21,0.5526315789473685,2962,0.4723160027008778,-0.08031557624649066,-3.0519918973666442,-9040,6.0,0.9913571910871032,1.0000000000000009,-3.2324324324324323,"-2.95,-3.08,-3.23,-2.95","0.475,0.472,0.468,0.475",0,10,-3.78125
NO,21,39,18,21,0.5384615384615384,2962,0.4577987846049966,-0.08066275385654181,-3.1458474004051316,-9318,6.0,0.9913571910871032,1.0000000000000009,-3.608108108108108,"-2.79,-3.19,-3.61,-3.00","0.467,0.457,0.446,0.462",0,10,-4.117449664429531
NO,21,40,19,21,0.525,2962,0.44935854152599597,-0.07564145847400405,-3.025658338960162,-8962,6.0,0.9913571910871032,1.0000000000000009,-3.6486486486486487,"-2.54,-3.16,-3.65,-2.75","0.462,0.446,0.434,0.456",0,10,-4.087248322147651
NO,21,41,20,21,0.5121951219512195,2962,0.437542201215395,-0.07465292073582452,-3.060769750168805,-9066,6.0,0.9913571910871032,1.0000000000000009,-3.4364864864864866,"-2.52,-3.38,-3.44,-2.91","0.451,0.430,0.428,0.441",0,10,-3.9395973154362416
NO,21,42,21,21,0.5,2962,0.42943956785955434,-0.07056043214044566,-2.9635381498987172,-8778,6.0,0.9913571910871032,1.0000000000000009,-3.291891891891892,"-2.41,-3.29,-3.24,-2.92","0.443,0.422,0.423,0.430",0,10,-3.8053691275167787
NO,21,43,22,21,0.4883720930232558,2962,0.4199864956110736,-0.0683855974121822,-2.940580688723835,-8710,6.0,0.9913571910871032,1.0000000000000009,-3.3932432432432433,"-2.31,-3.39,-3.10,-2.95","0.435,0.409,0.416,0.420",0,10,-3.684563758389262
NO,21,44,23,21,0.4772727272727273,2962,0.40310600945307223,-0.07416671781965506,-3.263335584064821,-9666,6.0,0.9913571910871032,1.0000000000000009,-3.4,"-2.95,-3.40,-3.34,-3.36","0.410,0.400,0.401,0.401",0,10,-3.959537572254335
NO,21,45,24,21,0.4666666666666667,2962,0.3983794733288319,-0.06828719333783478,-3.072923700202566,-9102,6.0,0.9913571910871032,1.0000000000000009,-3.2672064777327936,"-2.72,-3.18,-3.12,-3.27","0.406,0.396,0.397,0.394",0,10,-4.092485549132948
NO,21,46,25,21,0.45652173913043476,2962,0.3983794733288319,-0.058142265801602866,-2.674544226873734,-7922,6.0,0.9913571910871032,1.0000000000000009,-2.873144399460189,"-2.31,-2.79,-2.72,-2.87","0.406,0.396,0.397,0.394",0,10,-3.7167630057803467
NO,21,47,26,21,0.44680851063829785,2962,0.3923024983119514,-0.05450601232634644,-2.561782579338285,-7588,6.0,0.9913571910871032,1.0000000000000009,-2.9865047233468287,"-2.16,-2.52,-2.58,-2.99","0.401,0.393,0.392,0.383",0,10,-3.61271676300578
NO,21,48,27,21,0.4375,2962,0.38149898717083053,-0.05600101282916947,-2.688048615800135,-7962,6.0,0.9913571910871032,1.0000000000000009,-3.445344129554656,"-2.21,-2.58,-2.51,-3.45","0.391,0.384,0.385,0.366",0,10,-3.7976878612716765
NO,21,49,28,21,0.42857142857142855,2962,0.37575962187711004,-0.05281180669431851,-2.587778528021607,-7665,6.0,0.9913571910871032,1.0000000000000009,-3.54251012145749,"-1.96,-2.46,-2.39,-3.54","0.389,0.378,0.380,0.356",0,10,-3.722543352601156
NO,21,50,29,21,0.42,2962,0.3700202565833896,-0.04997974341661038,-2.49898717083052,-7402,6.0,0.9913571910871032,1.0000000000000009,-3.52361673414305,"-1.84,-2.49,-2.15,-3.52","0.383,0.370,0.377,0.350",0,10,-3.658959537572254
NO,21,51,30,21,0.4117647058823529,2962,0.36461850101282917,-0.047146204869523756,-2.4044564483457123,-7122,6.0,0.9913571910871032,1.0000000000000009,-3.5182186234817814,"-1.52,-2.46,-2.12,-3.52","0.382,0.364,0.370,0.343",0,10,-3.901734104046243
NO,21,52,31,21,0.40384615384615385,2962,0.35786630654962864,-0.04597984729652521,-2.390952059419311,-7082,6.0,0.9913571910871032,1.0000000000000009,-3.526315789473684,"-1.42,-2.45,-2.17,-3.53","0.377,0.357,0.362,0.336",0,10,-3.867052023121387
NO,21,53,32,21,0.39622641509433965,2962,0.35280216070222825,-0.043424254392111394,-2.3014854827819042,-6817,6.0,0.9913571910871032,1.0000000000000009,-3.5479082321187585,"-1.47,-2.31,-1.88,-3.55","0.368,0.353,0.361,0.329",0,10,-3.53757225433526
NO,21,54,33,21,0.3888888888888889,2962,0.3467251856853477,-0.04216370320354118,-2.276839972991222,-6744,6.0,0.9913571910871032,1.0000000000000009,-3.874493927125506,"-1.40,-2.03,-1.81,-3.87","0.363,0.351,0.355,0.317",0,10,-3.6040268456375837
NO,21,55,34,21,0.38181818181818183,2962,0.3399729912221472,-0.04184519059603464,-2.3014854827819042,-6817,6.0,0.9913571910871032,1.0000000000000009,-3.9284750337381915,"-1.55,-1.90,-1.82,-3.93","0.354,0.347,0.349,0.310",0,10,-3.651006711409396
NO,21,56,35,21,0.375,2962,0.33153274814314654,-0.04346725185685346,-2.4341661039837947,-7210,6.0,0.9913571910871032,1.0000000000000009,-4.147098515519568,"-1.50,-2.01,-2.08,-4.15","0.348,0.339,0.338,0.301",0,10,-4.275167785234899
NO,21,57,36,21,0.3684210526315789,2962,0.3261309925725861,-0.04229006005899283,-2.410533423362593,-7140,6.0,0.9913571910871032,1.0000000000000009,-3.923076923076923,"-1.46,-2.05,-2.21,-3.92","0.343,0.332,0.330,0.300",0,10,-3.976510067114094
NO,21,58,37,21,0.3620689655172414,2962,0.32174206617150575,-0.040326899345735634,-2.338960162052667,-6928,6.0,0.9913571910871032,1.0000000000000009,-3.9365721997300946,"-1.20,-2.11,-2.11,-3.94","0.341,0.326,0.326,0.294",0,10,-4.067114093959732
NO,21,59,38,21,0.3559322033898305,2962,0.3163403106009453,-0.0395918927888852,-2.335921674544227,-6919,6.0,0.9913571910871032,1.0000000000000009,-4.040485829959514,"-1.17,-1.94,-2.18,-4.04","0.336,0.323,0.319,0.287",0,10,-4.369127516778524
NO,21,60,39,21,0.35,2962,0.3102633355840648,-0.03973666441593515,-2.384199864956111,-7062,6.0,0.9913571910871032,1.0000000000000009,-4.238866396761134,"-1.08,-2.11,-2.11,-4.24","0.332,0.315,0.315,0.279",0,10,-4.489932885906041
NO,21,61,40,21,0.3442622950819672,2962,0.30790006752194465,-0.03636222756002255,-2.2180958811613776,-6570,6.0,0.9913571910871032,1.0000000000000009,-4.041835357624831,"-0.83,-1.88,-2.12,-4.04","0.331,0.314,0.309,0.278",0,10,-4.214765100671141
NO,21,62,41,21,0.3387096774193548,2962,0.30317353139770425,-0.03553614602165056,-2.203241053342336,-6526,6.0,0.9913571910871032,1.0000000000000009,-3.931174089068826,"-0.92,-1.81,-2.15,-3.93","0.324,0.309,0.304,0.275",0,10,-4.147651006711409
NO,21,63,42,21,0.3333333333333333,2962,0.29912221471978395,-0.03421111861354936,-2.1553004726536122,-6384,6.0,0.9913571910871032,1.0000000000000009,-3.825910931174089,"-1.02,-1.59,-2.19,-3.83","0.317,0.308,0.299,0.273",0,10,-3.8758389261744965
NO,21,64,43,21,0.328125,2962,0.29439567859554355,-0.03372932140445645,-2.1586765698852126,-6394,6.0,0.9913571910871032,1.0000000000000009,-3.639676113360324,"-1.05,-1.71,-2.23,-3.64","0.312,0.301,0.293,0.271",0,10,-3.8187919463087248
NO,21,65,44,21,0.3230769230769231,2962,0.2889939230249831,-0.03408300005193998,-2.215395003376097,-6562,6.0,0.9913571910871032,1.0000000000000009,-3.6315789473684212,"-1.26,-1.68,-2.29,-3.63","0.304,0.297,0.288,0.267",0,10,-3.7684563758389262
NO,21,66,45,21,0.3181818181818182,2962,0.2839297771775827,-0.034252041004235456,-2.2606347062795407,-6696,6.0,0.9913571910871032,1.0000000000000009,-3.6315789473684212,"-1.23,-1.82,-2.36,-3.63","0.300,0.291,0.282,0.263",0,10,-3.7248322147651005
NO,21,67,46,21,0.31343283582089554,2962,0.2839297771775827,-0.02950305864331282,-1.976704929101958,-5855,6.0,0.9913571910871032,1.0000000000000009,-3.3684210526315788,"-0.93,-1.53,-2.08,-3.37","0.300,0.291,0.282,0.263",0,10,-3.4630872483221475
NO,21,68,47,21,0.3088235294117647,2962,0.2812288993923025,-0.02759463001946222,-1.8764348413234302,-5558,6.0,0.9913571910871032,1.0000000000000009,-3.2887989203778676,"-0.72,-1.43,-2.07,-3.29","0.298,0.288,0.278,0.260",1,10,-3.5405405405405403
NO,21,69,48,21,0.30434782608695654,2962,0.27683997299122215,-0.02750785309573439,-1.898041863605672,-5622,6.0,0.9913571910871032,1.0000000000000009,-3.3076923076923075,"-0.70,-1.51,-2.07,-3.31","0.294,0.282,0.274,0.256",1,10,-4.449324324324325
NO,21,70,49,21,0.3,2962,0.2734638757596219,-0.0265361242403781,-1.8575286968264686,-5502,6.0,0.9913571910871032,1.0000000000000009,-3.3346828609986505,"-0.60,-1.32,-2.18,-3.33","0.291,0.281,0.269,0.252",1,10,-4.20945945945946
NO,22,30,8,22,0.7333333333333333,3064,0.6191253263707572,-0.11420800696257605,-3.4262402088772848,-10498,5.0,1.0000979112271537,1.0000000000000009,-4.219321148825065,"-3.04,-3.20,-4.22,-3.24","0.632,0.627,0.593,0.625",0,10,-4.92604501607717
NO,22,31,9,22,0.7096774193548387,3064,0.6057441253263708,-0.10393329402846796,-3.2219321148825064,-9872,5.0,1.0000979112271537,1.0000000000000009,-3.828981723237598,"-2.82,-3.14,-3.83,-3.10","0.619,0.608,0.586,0.610",0,10,-4.556270096463023
NO,22,32,10,22,0.6875,3064,0.5659268929503917,-0.12157310704960833,-3.8903394255874675,-11920,5.0,1.0000979112271537,1.0000000000000009,-4.328981723237598,"-3.37,-3.99,-4.33,-3.87","0.582,0.563,0.552,0.567",0,10,-4.807453416149069
NO,22,33,11,22,0.6666666666666666,3064,0.554177545691906,-0.1124891209747606,-3.712140992167102,-11374,5.0,1.0000979112271537,1.0000000000000009,-4.078328981723238,"-3.26,-3.99,-4.08,-3.52","0.568,0.546,0.543,0.560",0,10,-4.680124223602484
NO,22,34,12,22,0.6470588235294118,3064,0.554177545691906,-0.09288127783750577,-3.157963446475196,-9676,5.0,1.0000979112271537,1.0000000000000009,-3.535248041775457,"-2.69,-3.45,-3.54,-2.96","0.568,0.546,0.543,0.560",0,10,-4.15527950310559
NO,22,35,13,22,0.6285714285714286,3064,0.537532637075718,-0.09103879149571059,-3.1863577023498695,-9763,5.0,1.0000979112271537,1.0000000000000009,-3.5861618798955615,"-2.99,-3.59,-3.36,-2.81","0.543,0.526,0.533,0.548",0,10,-4.23404255319149
NO,22,36,14,22,0.6111111111111112,3064,0.5248041775456919,-0.0863069335654193,-3.1070496083550916,-9520,5.0,1.0000979112271537,1.0000000000000009,-3.248041775456919,"-3.06,-3.25,-3.25,-2.87","0.526,0.521,0.521,0.531",0,10,-4.27355623100304
NO,22,37,15,22,0.5945945945945946,3064,0.5127284595300261,-0.08186613506456852,-3.029046997389034,-9281,5.0,1.0000979112271537,1.0000000000000009,-3.210182767624021,"-3.11,-3.07,-3.21,-2.73","0.510,0.512,0.508,0.521",0,10,-4.231003039513678
NO,22,38,16,22,0.5789473684210527,3064,0.5006527415143603,-0.07829462690669231,-2.975195822454308,-9116,5.0,1.0000979112271537,1.0000000000000009,-3.1488250652741514,"-2.85,-2.95,-3.15,-2.95","0.504,0.501,0.496,0.501",0,10,-4.09726443768997
NO,22,39,17,22,0.5641025641025641,3064,0.48629242819843344,-0.07781013590413066,-3.034595300261097,-9298,5.0,1.0000979112271537,1.0000000000000009,-3.41644908616188,"-2.75,-2.96,-3.42,-3.01","0.493,0.488,0.477,0.487",0,10,-3.9817629179331306
NO,22,40,18,22,0.55,3064,0.4781331592689295,-0.07186684073107052,-2.8746736292428197,-8808,5.0,1.0000979112271537,1.0000000000000009,-3.4099216710182767,"-2.52,-2.89,-3.41,-2.68","0.487,0.478,0.465,0.483",0,10,-3.864951768488746
NO,22,41,19,22,0.5365853658536586,3064,0.46507832898172324,-0.07150703687193533,-2.9317885117493474,-8983,5.0,1.0000979112271537,1.0000000000000009,-3.2127937336814623,"-2.46,-3.16,-3.21,-2.89","0.477,0.460,0.458,0.466",0,10,-3.6808510638297873
NO,22,42,20,22,0.5238095238095238,3064,0.45659268929503916,-0.06721683451448468,-2.823107049608355,-8650,5.0,1.0000979112271537,1.0000000000000009,-3.08355091383812,"-2.32,-3.08,-3.03,-2.86","0.469,0.450,0.452,0.456",0,10,-3.6334405144694535
NO,22,43,21,22,0.5116279069767442,3064,0.4468015665796345,-0.06482634039710972,-2.787532637075718,-8541,5.0,1.0000979112271537,1.0000000000000009,-3.1945169712793735,"-2.18,-3.19,-2.91,-2.86","0.461,0.437,0.444,0.445",0,10,-3.472668810289389
NO,22,44,22,22,0.5,3064,0.4278720626631854,-0.07212793733681461,-3.1736292428198434,-9724,5.0,1.0000979112271537,1.0000000000000009,-3.3890339425587466,"-2.70,-3.27,-3.39,-3.33","0.439,0.426,0.423,0.424",0,10,-4.1098901098901095
NO,22,45,23,22,0.4888888888888889,3064,0.4233028720626632,-0.06558601682622567,-2.9513707571801566,-9043,5.0,1.0000979112271537,1.0000000000000009,-3.2010443864229763,"-2.44,-3.02,-3.14,-3.20","0.435,0.422,0.419,0.418",0,10,-4.197802197802198
NO,22,46,24,22,0.4782608695652174,3064,0.4233028720626632,-0.0549579975025542,-2.5280678851174936,-7746,5.0,1.0000979112271537,1.0000000000000009,-2.783289817232376,"-2.00,-2.60,-2.72,-2.78","0.435,0.422,0.419,0.418",0,10,-3.802197802197802
NO,22,47,25,22,0.46808510638297873,3064,0.41677545691906004,-0.051309649463918694,-2.4115535248041775,-7389,5.0,1.0000979112271537,1.0000000000000009,-2.856396866840731,"-1.87,-2.37,-2.55,-2.86","0.428,0.418,0.414,0.407",0,10,-3.6648351648351647
NO,22,48,26,22,0.4583333333333333,3064,0.4050261096605744,-0.05330722367275892,-2.558746736292428,-7840,5.0,1.0000979112271537,1.0000000000000009,-3.2637075718015667,"-1.95,-2.39,-2.64,-3.26","0.418,0.409,0.403,0.390",0,10,-3.802197802197802
NO,22,49,27,22,0.4489795918367347,3064,0.3984986945169713,-0.05048089731976341,-2.473563968668407,-7579,5.0,1.0000979112271537,1.0000000000000009,-3.4490861618798956,"-1.66,-2.23,-2.55,-3.45","0.415,0.403,0.397,0.379",0,10,-3.6923076923076925
NO,22,50,28,22,0.44,3064,0.39262402088772846,-0.04737597911227154,-2.368798955613577,-7258,5.0,1.0000979112271537,1.0000000000000009,-3.3968668407310707,"-1.50,-2.22,-2.35,-3.40","0.410,0.396,0.393,0.372",0,10,-3.5934065934065935
NO,22,51,29,22,0.43137254901960786,3064,0.38740208877284593,-0.04397046024676193,-2.242493472584856,-6871,5.0,1.0000979112271537,1.0000000000000009,-3.357702349869452,"-1.23,-2.16,-2.23,-3.36","0.407,0.389,0.388,0.366",0,10,-3.7857142857142856
NO,22,52,30,22,0.4230769230769231,3064,0.38022193211488253,-0.04285499096204054,-2.2284595300261096,-6828,5.0,1.0000979112271537,1.0000000000000009,-3.3315926892950394,"-1.09,-2.25,-2.25,-3.33","0.402,0.380,0.380,0.359",0,10,-3.7142857142857144
NO,22,53,31,22,0.41509433962264153,3064,0.37467362924281983,-0.0404207103798217,-2.142297650130548,-6564,5.0,1.0000979112271537,1.0000000000000009,-3.318537859007833,"-1.17,-2.07,-2.00,-3.32","0.393,0.376,0.377,0.352",0,10,-3.441640378548896
NO,22,54,32,22,0.4074074074074074,3064,0.368798955613577,-0.03860845179383038,-2.0848563968668405,-6388,5.0,1.0000979112271537,1.0000000000000009,-3.6005221932114884,"-1.06,-1.77,-1.91,-3.60","0.388,0.375,0.372,0.341",0,10,-3.6025236593059935
NO,22,55,33,22,0.4,3064,0.3619451697127937,-0.0380548302872063,-2.0930156657963446,-6413,5.0,1.0000979112271537,1.0000000000000009,-3.618798955613577,"-1.18,-1.61,-1.97,-3.62","0.379,0.371,0.364,0.334",0,10,-3.608832807570978
NO,22,56,34,22,0.39285714285714285,3064,0.35280678851174935,-0.0400503543453935,-2.2428198433420365,-6872,5.0,1.0000979112271537,1.0000000000000009,-3.8694516971279374,"-1.24,-1.68,-2.19,-3.87","0.371,0.363,0.354,0.324",0,10,-3.804416403785489
NO,22,57,35,22,0.38596491228070173,3064,0.3475848563968668,-0.03838005588383492,-2.18766318537859,-6703,5.0,1.0000979112271537,1.0000000000000009,-3.6201044386422976,"-1.16,-1.69,-2.28,-3.62","0.366,0.356,0.346,0.322",0,10,-3.6593059936908516
NO,22,58,36,22,0.3793103448275862,3064,0.3430156657963446,-0.03629467903124156,-2.1050913838120104,-6450,5.0,1.0000979112271537,1.0000000000000009,-3.6762402088772848,"-0.87,-1.71,-2.16,-3.68","0.364,0.350,0.342,0.316",0,10,-3.5205047318611986
NO,22,59,37,22,0.3728813559322034,3064,0.33779373368146215,-0.035087622250741246,-2.0701697127937337,-6343,5.0,1.0000979112271537,1.0000000000000009,-3.745430809399478,"-0.82,-1.51,-2.20,-3.75","0.359,0.347,0.336,0.309",0,10,-3.657051282051282
NO,22,60,38,22,0.36666666666666664,3064,0.331266318537859,-0.03540034812880766,-2.1240208877284594,-6508,5.0,1.0000979112271537,1.0000000000000009,-3.906005221932115,"-0.69,-1.71,-2.18,-3.91","0.355,0.338,0.330,0.302",0,10,-3.730769230769231
NO,22,61,39,22,0.36065573770491804,3064,0.3283289817232376,-0.032326755981680444,-1.9719321148825066,-6042,5.0,1.0000979112271537,1.0000000000000009,-3.6840731070496084,"-0.58,-1.45,-2.17,-3.68","0.351,0.337,0.325,0.300",1,10,-3.426282051282051
NO,22,62,40,22,0.3548387096774194,3064,0.32343342036553524,-0.03140528931188413,-1.9471279373368147,-5966,5.0,1.0000979112271537,1.0000000000000009,-3.545691906005222,"-0.71,-1.36,-2.17,-3.55","0.343,0.333,0.320,0.298",0,10,-3.3205128205128207
NO,22,63,41,22,0.3492063492063492,3064,0.3191906005221932,-0.030015748684155963,-1.8909921671018277,-5794,5.0,1.0000979112271537,1.0000000000000009,-3.412532637075718,"-0.78,-1.11,-2.26,-3.41","0.337,0.332,0.313,0.295",1,10,-3.1205211726384365
NO,22,64,42,22,0.34375,3064,0.31429503916449086,-0.029454960835509136,-1.885117493472585,-5776,5.0,1.0000979112271537,1.0000000000000009,-3.2010443864229763,"-0.86,-1.20,-2.28,-3.20","0.330,0.325,0.308,0.294",1,10,-3.237785016286645
NO,22,65,43,22,0.3384615384615385,3064,0.30842036553524804,-0.030041172926290438,-1.9526762402088773,-5983,5.0,1.0000979112271537,1.0000000000000009,-3.161879895561358,"-1.13,-1.21,-2.31,-3.16","0.321,0.320,0.303,0.290",1,10,-3.1563517915309447
NO,22,66,44,22,0.3333333333333333,3064,0.3031984334203655,-0.030134899912967805,-1.9889033942558747,-6094,5.0,1.0000979112271537,1.0000000000000009,-3.1305483028720626,"-1.15,-1.32,-2.36,-3.13","0.316,0.313,0.298,0.286",0,10,-3.2964169381107493
NO,22,67,45,22,0.3283582089552239,3064,0.3031984334203655,-0.025159775534858375,-1.6857049608355092,-5165,5.0,1.0000979112271537,1.0000000000000009,-2.8446475195822454,"-0.83,-1.01,-2.06,-2.84","0.316,0.313,0.298,0.286",2,10,-3.013029315960912
NO,22,68,46,22,0.3235294117647059,3064,0.3005874673629243,-0.0229419444017816,-1.5600522193211488,-4780,5.0,1.0000979112271537,1.0000000000000009,-2.7362924281984333,"-0.61,-0.87,-2.03,-2.74","0.315,0.311,0.294,0.283",2,10,-3.1726384364820848
NO,22,69,47,22,0.3188405797101449,3064,0.29536553524804177,-0.023475044462103134,-1.6197780678851175,-4963,5.0,1.0000979112271537,1.0000000000000009,-2.81331592689295,"-0.65,-1.01,-2.00,-2.81","0.309,0.304,0.290,0.278",2,10,-4.019543973941368
NO,22,70,48,22,0.3142857142857143,3064,0.29177545691906004,-0.02251025736665424,-1.5757180156657964,-4828,5.0,1.0000979112271537,1.0000000000000009,-2.8093994778067883,"-0.62,-0.80,-2.08,-2.81","0.305,0.303,0.285,0.274",2,10,-3.758957654723127
NO,23,30,7,23,0.7666666666666667,3169,0.64846954875355,-0.11819711791311671,-3.5459135373934996,-11237,5.0,1.010949826443673,1.0000000000000009,-4.325757575757576,"-3.14,-3.27,-4.33,-3.45","0.662,0.658,0.622,0.652",0,10,-4.907692307692308
NO,23,31,8,23,0.7419354838709677,3169,0.6349005995582203,-0.10703488431274744,-3.318081413695172,-10515,5.0,1.010949826443673,1.0000000000000009,-3.898989898989899,"-2.95,-3.19,-3.90,-3.23","0.647,0.639,0.616,0.638",0,10,-4.495384615384616
NO,23,32,9,23,0.71875,3169,0.594193751972231,-0.12455624802776899,-3.9857999368886086,-12631,5.0,1.010949826443673,1.0000000000000009,-4.494949494949495,"-3.43,-3.97,-4.49,-4.05","0.612,0.595,0.578,0.592",0,10,-4.7846153846153845
NO,23,33,10,23,0.696969696969697,3169,0.5822025875670559,-0.11476710940264112,-3.7873146102871567,-12002,5.0,1.010949826443673,1.0000000000000009,-4.208333333333333,"-3.27,-3.96,-4.21,-3.71","0.598,0.577,0.569,0.585",0,10,-4.61144578313253
NO,23,34,11,23,0.6764705882352942,3169,0.5822025875670559,-0.09426800066823826,-3.205112022720101,-10157,5.0,1.010949826443673,1.0000000000000009,-3.638888888888889,"-2.68,-3.38,-3.64,-3.12","0.598,0.577,0.569,0.585",0,10,-4.054216867469879
NO,23,35,12,23,0.6571428571428571,3169,0.5657936257494478,-0.09134923139340934,-3.197223098769328,-10132,5.0,1.010949826443673,1.0000000000000009,-3.467171717171717,"-3.01,-3.47,-3.42,-2.89","0.571,0.558,0.559,0.574",0,10,-4.209439528023599
NO,23,36,13,23,0.6388888888888888,3169,0.552540233512149,-0.08634865537673986,-3.108551593562638,-9851,5.0,1.010949826443673,1.0000000000000009,-3.3181818181818183,"-3.03,-3.18,-3.32,-2.91","0.555,0.551,0.547,0.558",0,10,-4.20353982300885
NO,23,37,14,23,0.6216216216216216,3169,0.539602398232881,-0.08201922338874057,-3.0347112653834016,-9617,5.0,1.010949826443673,1.0000000000000009,-3.2853535353535355,"-3.08,-3.05,-3.29,-2.72","0.538,0.539,0.533,0.548",0,10,-4.227138643067847
NO,23,38,15,23,0.6052631578947368,3169,0.5269801199116441,-0.07828303798309277,-2.974755443357526,-9427,5.0,1.010949826443673,1.0000000000000009,-3.2323232323232323,"-2.78,-3.09,-3.23,-2.80","0.532,0.524,0.520,0.532",0,10,-4.056047197640118
NO,23,39,16,23,0.5897435897435898,3169,0.5121489428841906,-0.07759464685939921,-3.0261912275165668,-9590,5.0,1.010949826443673,1.0000000000000009,-3.4507575757575757,"-2.64,-3.16,-3.45,-2.86","0.522,0.509,0.501,0.516",0,10,-3.9026548672566372
NO,23,40,17,23,0.575,3169,0.5033133480593247,-0.07168665194067525,-2.8674660776270118,-9087,5.0,1.010949826443673,1.0000000000000009,-3.404040404040404,"-2.42,-3.05,-3.40,-2.60","0.515,0.499,0.490,0.510",0,10,-3.8
NO,23,41,18,23,0.5609756097560976,3169,0.4903755127800568,-0.0706000969760408,-2.894603976017671,-9173,5.0,1.010949826443673,1.0000000000000009,-3.224747474747475,"-2.32,-3.22,-3.22,-2.81","0.504,0.482,0.482,0.492",0,10,-3.5723076923076924
NO,23,42,19,23,0.5476190476190477,3169,0.48217103187125276,-0.06544801574779491,-2.748816661407384,-8711,5.0,1.010949826443673,1.0000000000000009,-3.0606060606060606,"-2.13,-3.06,-3.01,-2.80","0.497,0.475,0.476,0.481",0,10,-3.486153846153846
NO,23,43,20,23,0.5348837209302325,3169,0.4723887661722941,-0.062494954757938426,-2.6872830545913535,-8516,5.0,1.010949826443673,1.0000000000000009,-3.183080808080808,"-1.96,-3.18,-2.86,-2.75","0.489,0.461,0.468,0.471",0,10,-3.4050632911392404
NO,23,44,21,23,0.5227272727272727,3169,0.45124644998422214,-0.07148082274305056,-3.1451562006942253,-9967,5.0,1.010949826443673,1.0000000000000009,-3.4444444444444446,"-2.53,-3.44,-3.33,-3.28","0.465,0.444,0.447,0.448",0,10,-4.2025316455696204
NO,23,45,22,23,0.5111111111111111,3169,0.44619753865572737,-0.0649135724553837,-2.921110760492269,-9257,5.0,1.010949826443673,1.0000000000000009,-3.227272727272727,"-2.23,-3.23,-3.11,-3.11","0.462,0.439,0.442,0.442",0,10,-4.060126582278481
NO,23,46,23,23,0.5,3169,0.44619753865572737,-0.053802461344272634,-2.4749132218365415,-7843,5.0,1.010949826443673,1.0000000000000009,-2.787878787878788,"-1.77,-2.79,-2.67,-2.67","0.462,0.439,0.442,0.442",0,10,-3.6392405063291138
NO,23,47,24,23,0.48936170212765956,3169,0.4398863994951089,-0.04947530263255068,-2.325339223729883,-7369,5.0,1.010949826443673,1.0000000000000009,-2.7045454545454546,"-1.60,-2.53,-2.47,-2.70","0.455,0.436,0.437,0.432",0,10,-3.367088607594937
NO,23,48,25,23,0.4791666666666667,3169,0.42821079204796464,-0.050955874618702046,-2.4458819816976964,-7751,5.0,1.010949826443673,1.0000000000000009,-3.0606060606060606,"-1.63,-2.52,-2.58,-3.06","0.445,0.427,0.426,0.415",0,10,-3.4050632911392404
NO,23,49,26,23,0.46938775510204084,3169,0.4212685389712843,-0.04811921613075654,-2.3578415904070686,-7472,5.0,1.010949826443673,1.0000000000000009,-3.202020202020202,"-1.37,-2.34,-2.52,-3.20","0.441,0.422,0.418,0.404",0,10,-3.151898734177215
NO,23,50,27,23,0.46,3169,0.41527295676869674,-0.044727043231303276,-2.2363521615651627,-7087,5.0,1.010949826443673,1.0000000000000009,-3.176767676767677,"-1.18,-2.29,-2.29,-3.18","0.436,0.414,0.414,0.396",0,10,-3.0632911392405062
NO,23,51,28,23,0.45098039215686275,3169,0.41022404544020197,-0.040756346716660785,-2.0785736825497003,-6587,5.0,1.010949826443673,1.0000000000000009,-3.102272727272727,"-0.88,-2.20,-2.14,-3.10","0.434,0.408,0.409,0.390",0,10,-2.9873417721518987
NO,23,52,29,23,0.4423076923076923,3169,0.401704007573367,-0.040603684734325296,-2.1113916061849163,-6691,5.0,1.010949826443673,1.0000000000000009,-3.106060606060606,"-0.70,-2.45,-2.19,-3.11","0.429,0.395,0.400,0.383",0,10,-3.341463414634146
NO,23,53,30,23,0.4339622641509434,3169,0.3950773114547176,-0.03888495269622583,-2.0609024928999684,-6531,5.0,1.010949826443673,1.0000000000000009,-3.125,"-0.94,-2.26,-1.92,-3.12","0.416,0.391,0.398,0.375",0,10,-3.6097560975609757
NO,23,54,31,23,0.42592592592592593,3169,0.3887661722940991,-0.03715975363182683,-2.0066266961186496,-6359,5.0,1.010949826443673,1.0000000000000009,-3.2954545454545454,"-0.94,-1.93,-1.86,-3.30","0.409,0.390,0.391,0.365",0,10,-3.573170731707317
NO,23,55,32,23,0.41818181818181815,3169,0.3811928053013569,-0.03698901288046125,-2.0343957084253708,-6447,5.0,1.010949826443673,1.0000000000000009,-3.4166666666666665,"-1.01,-1.75,-1.96,-3.42","0.400,0.386,0.383,0.356",0,10,-3.548780487804878
NO,23,56,33,23,0.4107142857142857,3169,0.372357210476491,-0.03835707523779469,-2.1479962133165036,-6807,5.0,1.010949826443673,1.0000000000000009,-3.6262626262626263,"-1.04,-1.79,-2.14,-3.63","0.392,0.379,0.372,0.346",0,10,-3.707317073170732
NO,23,57,34,23,0.40350877192982454,3169,0.3666771852319344,-0.03683158669789016,-2.0994004417797414,-6653,5.0,1.010949826443673,1.0000000000000009,-3.4242424242424243,"-1.01,-1.77,-2.20,-3.42","0.386,0.372,0.365,0.343",0,10,-3.7103658536585367
NO,23,58,35,23,0.39655172413793105,3169,0.3622593878195014,-0.03429233631842965,-1.9889555064689177,-6303,5.0,1.010949826443673,1.0000000000000009,-3.446969696969697,"-0.69,-1.76,-2.06,-3.45","0.385,0.366,0.361,0.337",0,10,-3.548780487804878
NO,23,59,36,23,0.3898305084745763,3169,0.3572104764910066,-0.032620031983569664,-1.924581887030609,-6099,5.0,1.010949826443673,1.0000000000000009,-3.4823232323232323,"-0.61,-1.55,-2.07,-3.48","0.380,0.364,0.355,0.331",0,10,-3.697530864197531
NO,23,60,37,23,0.38333333333333336,3169,0.34995266645629536,-0.033380666877038,-2.0028400126222783,-6347,5.0,1.010949826443673,1.0000000000000009,-3.606060606060606,"-0.53,-1.71,-2.17,-3.61","0.375,0.355,0.347,0.323",0,10,-3.740740740740741
NO,23,61,38,23,0.3770491803278688,3169,0.3467970968759861,-0.03025208345188274,-1.845377090564847,-5848,5.0,1.010949826443673,1.0000000000000009,-3.359848484848485,"-0.46,-1.43,-2.13,-3.36","0.369,0.354,0.342,0.322",1,10,-3.5031645569620253
NO,23,62,39,23,0.3709677419354839,3169,0.34206374250552224,-0.028903999429961635,-1.7920479646576206,-5679,5.0,1.010949826443673,1.0000000000000009,-3.1944444444444446,"-0.56,-1.32,-2.10,-3.19","0.362,0.350,0.337,0.319",1,10,-3.3797468354430378
NO,23,63,40,23,0.36507936507936506,3169,0.3376459450930893,-0.027433419986275742,-1.728305459135374,-5477,5.0,1.010949826443673,1.0000000000000009,-3.034090909090909,"-0.60,-1.12,-2.16,-3.03","0.356,0.347,0.331,0.317",1,10,-3.2626582278481013
NO,23,64,41,23,0.359375,3169,0.33228147680656356,-0.027093523193436442,-1.7339854843799305,-5495,5.0,1.010949826443673,1.0000000000000009,-2.797979797979798,"-0.64,-1.34,-2.15,-2.80","0.349,0.338,0.326,0.316",1,10,-3.5569620253164556
NO,23,65,42,23,0.35384615384615387,3169,0.3259703376459451,-0.02787581620020879,-1.8119280530135689,-5742,5.0,1.010949826443673,1.0000000000000009,-2.8926767676767677,"-0.87,-1.33,-2.15,-2.89","0.340,0.333,0.321,0.309",1,10,-3.4588607594936707
NO,23,66,43,23,0.3484848484848485,3169,0.32029031240138844,-0.028194536083460064,-1.8608393815083624,-5897,5.0,1.010949826443673,1.0000000000000009,-3.0,"-0.86,-1.42,-2.17,-3.00","0.335,0.327,0.316,0.303",0,10,-3.5759493670886076
NO,23,67,44,23,0.34328358208955223,3169,0.32029031240138844,-0.022993269688163787,-1.5405490691069739,-4882,5.0,1.010949826443673,1.0000000000000009,-2.696969696969697,"-0.53,-1.09,-1.85,-2.70","0.335,0.327,0.316,0.303",1,10,-3.2816455696202533
NO,23,68,45,23,0.3382352941176471,3169,0.3168191858630483,-0.021416108254598776,-1.456295361312717,-4615,5.0,1.010949826443673,1.0000000000000009,-2.6515151515151514,"-0.36,-1.02,-1.79,-2.65","0.333,0.323,0.312,0.299",2,10,-3.4177215189873418
NO,23,69,46,23,0.3333333333333333,3169,0.31145471757652254,-0.02187861575681077,-1.5096244872199431,-4784,5.0,1.010949826443673,1.0000000000000009,-2.7007575757575757,"-0.38,-1.13,-1.83,-2.70","0.328,0.317,0.307,0.294",2,10,-4.2215189873417724
NO,23,70,47,23,0.32857142857142857,3169,0.3076680340801515,-0.020903394491277094,-1.4632376143893973,-4637,5.0,1.010949826443673,1.0000000000000009,-2.6717171717171717,"-0.40,-0.90,-1.88,-2.67","0.323,0.316,0.302,0.290",2,10,-3.949367088607595
NO,24,30,6,24,0.8,3240,0.6746913580246914,-0.12530864197530867,-3.759259259259259,-12180,5.0,1.0157098765432098,1.0000000000000009,-4.518518518518518,"-3.26,-3.48,-4.52,-3.78","0.691,0.684,0.649,0.674",0,10,-5.398176291793313
NO,24,31,7,24,0.7741935483870968,3240,0.6604938271604939,-0.11369972122660288,-3.5246913580246915,-11420,5.0,1.0157098765432098,1.0000000000000009,-4.137037037037037,"-3.07,-3.41,-4.14,-3.49","0.675,0.664,0.641,0.662",0,10,-5.060790273556231
NO,24,32,8,24,0.75,3240,0.6219135802469136,-0.12808641975308643,-4.098765432098766,-13280,5.0,1.0157098765432098,1.0000000000000009,-4.602469135802469,"-3.50,-4.01,-4.60,-4.29","0.641,0.625,0.606,0.616",0,10,-5.130699088145897
NO,24,33,9,24,0.7272727272727273,3240,0.6077160493827161,-0.11955667789001123,-3.9453703703703704,-12783,5.0,1.0157098765432098,1.0000000000000009,-4.322222222222222,"-3.43,-4.08,-4.32,-3.96","0.623,0.604,0.596,0.607",0,10,-4.741641337386018
NO,24,34,10,24,0.7058823529411765,3240,0.6077160493827161,-0.09816630355846045,-3.3376543209876544,-10814,5.0,1.0157098765432098,1.0000000000000009,-3.725925925925926,"-2.80,-3.47,-3.73,-3.35","0.623,0.604,0.596,0.607",0,10,-4.1580547112462005
NO,24,35,11,24,0.6857142857142857,3240,0.5910493827160493,-0.09466490299823638,-3.3132716049382718,-10735,5.0,1.0157098765432098,1.0000000000000009,-3.5185185185185186,"-3.09,-3.52,-3.52,-3.13","0.598,0.585,0.585,0.596",0,10,-4.420289855072464
NO,24,36,12,24,0.6666666666666666,3240,0.5768518518518518,-0.08981481481481479,-3.2333333333333334,-10476,5.0,1.0157098765432098,1.0000000000000009,-3.422222222222222,"-3.07,-3.24,-3.42,-3.20","0.581,0.577,0.572,0.578",0,10,-4.3826086956521735
NO,24,37,13,24,0.6486486486486487,3240,0.562962962962963,-0.08568568568568569,-3.1703703703703705,-10272,5.0,1.0157098765432098,1.0000000000000009,-3.3530864197530863,"-3.22,-3.08,-3.35,-3.03","0.562,0.565,0.558,0.567",0,10,-4.481159420289855
NO,24,38,14,24,0.631578947368421,3240,0.5506172839506173,-0.08096166341780375,-3.0765432098765433,-9968,5.0,1.0157098765432098,1.0000000000000009,-3.2641975308641977,"-2.94,-2.98,-3.26,-3.12","0.554,0.553,0.546,0.549",0,10,-4.394202898550724
NO,24,39,15,24,0.6153846153846154,3240,0.5348765432098765,-0.08050807217473888,-3.1398148148148146,-10173,5.0,1.0157098765432098,1.0000000000000009,-3.3444444444444446,"-2.86,-3.15,-3.34,-3.20","0.542,0.535,0.530,0.533",0,10,-4.3304347826086955
NO,24,40,16,24,0.6,3240,0.524074074074074,-0.07592592592592595,-3.037037037037037,-9840,5.0,1.0157098765432098,1.0000000000000009,-3.4074074074074074,"-2.67,-3.11,-3.41,-2.96","0.533,0.522,0.515,0.526",0,10,-3.9420289855072466
NO,24,41,17,24,0.5853658536585366,3240,0.5095679012345679,-0.0757979524239687,-3.107716049382716,-10069,5.0,1.0157098765432098,1.0000000000000009,-3.297530864197531,"-2.69,-3.30,-3.30,-3.15","0.520,0.505,0.505,0.509",0,10,-4.034782608695652
NO,24,42,18,24,0.5714285714285714,3240,0.5012345679012346,-0.07019400352733685,-2.948148148148148,-9552,5.0,1.0157098765432098,1.0000000000000009,-3.1555555555555554,"-2.48,-3.16,-3.05,-3.10","0.512,0.496,0.499,0.498",0,10,-3.7151702786377707
NO,24,43,19,24,0.5581395348837209,3240,0.49135802469135803,-0.06678151019236289,-2.871604938271605,-9304,5.0,1.0157098765432098,1.0000000000000009,-3.2962962962962963,"-2.34,-3.30,-2.87,-2.98","0.504,0.481,0.491,0.489",0,10,-3.764705882352941
NO,24,44,20,24,0.5454545454545454,3240,0.4691358024691358,-0.07631874298540964,-3.3580246913580245,-10880,5.0,1.0157098765432098,1.0000000000000009,-3.5753086419753086,"-2.92,-3.52,-3.41,-3.58","0.479,0.465,0.468,0.464",0,10,-4.656346749226006
NO,24,45,21,24,0.5333333333333333,3240,0.4638888888888889,-0.06944444444444442,-3.125,-10125,5.0,1.0157098765432098,1.0000000000000009,-3.388888888888889,"-2.61,-3.33,-3.17,-3.39","0.475,0.459,0.463,0.458",0,10,-4.495356037151703
NO,24,46,22,24,0.5217391304347826,3240,0.4638888888888889,-0.05785024154589369,-2.661111111111111,-8622,5.0,1.0157098765432098,1.0000000000000009,-2.9308641975308642,"-2.14,-2.87,-2.70,-2.93","0.475,0.459,0.463,0.458",0,10,-4.061919504643963
NO,24,47,23,24,0.5106382978723404,3240,0.45709876543209876,-0.05353953244024162,-2.516358024691358,-8153,5.0,1.0157098765432098,1.0000000000000009,-2.937037037037037,"-2.01,-2.59,-2.53,-2.94","0.468,0.456,0.457,0.448",0,10,-3.7739938080495357
NO,24,48,24,24,0.5,3240,0.44506172839506175,-0.05493827160493825,-2.637037037037037,-8544,5.0,1.0157098765432098,1.0000000000000009,-3.259259259259259,"-2.07,-2.61,-2.61,-3.26","0.457,0.446,0.446,0.432",0,10,-3.9380804953560373
NO,24,49,25,24,0.4897959183673469,3240,0.43765432098765433,-0.052141597379692595,-2.5549382716049385,-8278,5.0,1.0157098765432098,1.0000000000000009,-3.371604938271605,"-1.80,-2.46,-2.59,-3.37","0.453,0.440,0.437,0.421",0,10,-3.671826625386997
NO,24,50,26,24,0.48,3240,0.43117283950617286,-0.048827160493827126,-2.441358024691358,-7910,5.0,1.0157098765432098,1.0000000000000009,-3.3209876543209877,"-1.59,-2.52,-2.33,-3.32","0.448,0.430,0.433,0.414",0,10,-3.56656346749226
NO,24,51,27,24,0.47058823529411764,3240,0.42592592592592593,-0.04466230936819171,-2.2777777777777777,-7380,5.0,1.0157098765432098,1.0000000000000009,-3.2222222222222223,"-1.27,-2.40,-2.21,-3.22","0.446,0.423,0.427,0.407",0,10,-3.473684210526316
NO,24,52,28,24,0.46153846153846156,3240,0.416358024691358,-0.045180436847103544,-2.3493827160493828,-7612,5.0,1.0157098765432098,1.0000000000000009,-3.2641975308641977,"-1.08,-2.69,-2.37,-3.26","0.441,0.410,0.416,0.399",0,10,-3.7151702786377707
NO,24,53,29,24,0.4528301886792453,3240,0.4089506172839506,-0.04387957139529469,-2.325617283950617,-7535,5.0,1.0157098765432098,1.0000000000000009,-3.3234567901234566,"-1.30,-2.54,-2.15,-3.32","0.428,0.405,0.412,0.390",0,10,-3.8473053892215567
NO,24,54,30,24,0.4444444444444444,3240,0.4027777777777778,-0.04166666666666663,-2.25,-7290,5.0,1.0157098765432098,1.0000000000000009,-3.466666666666667,"-1.27,-2.20,-2.07,-3.47","0.421,0.404,0.406,0.380",0,10,-3.7904191616766467
NO,24,55,31,24,0.43636363636363634,3240,0.3947530864197531,-0.041610549943883246,-2.2885802469135803,-7415,5.0,1.0157098765432098,1.0000000000000009,-3.5617283950617282,"-1.32,-2.07,-2.20,-3.56","0.412,0.399,0.396,0.372",0,10,-3.745508982035928
NO,24,56,32,24,0.42857142857142855,3240,0.38549382716049385,-0.043077601410934696,-2.4123456790123456,-7816,5.0,1.0157098765432098,1.0000000000000009,-3.74320987654321,"-1.39,-2.08,-2.43,-3.74","0.404,0.391,0.385,0.362",0,10,-3.8802395209580838
NO,24,57,33,24,0.42105263157894735,3240,0.379320987654321,-0.04173164392462636,-2.3787037037037035,-7707,5.0,1.0157098765432098,1.0000000000000009,-3.522222222222222,"-1.34,-2.11,-2.54,-3.52","0.398,0.384,0.377,0.359",0,10,-3.8622754491017965
NO,24,58,34,24,0.41379310344827586,3240,0.37407407407407406,-0.0397190293742018,-2.303703703703704,-7464,5.0,1.0157098765432098,1.0000000000000009,-3.5209876543209875,"-1.09,-2.16,-2.45,-3.52","0.395,0.377,0.372,0.353",0,10,-3.682634730538922
NO,24,59,35,24,0.4067796610169492,3240,0.36882716049382713,-0.037952500523122046,-2.2391975308641974,-7255,5.0,1.0157098765432098,1.0000000000000009,-3.5320987654320986,"-0.98,-2.00,-2.44,-3.53","0.390,0.373,0.365,0.347",0,10,-3.68562874251497
NO,24,60,36,24,0.4,3240,0.3611111111111111,-0.03888888888888892,-2.3333333333333335,-7560,5.0,1.0157098765432098,1.0000000000000009,-3.6296296296296298,"-1.04,-2.15,-2.52,-3.63","0.383,0.364,0.358,0.340",0,10,-3.9380804953560373
NO,24,61,37,24,0.39344262295081966,3240,0.3570987654320988,-0.03634385751872088,-2.2169753086419752,-7183,5.0,1.0157098765432098,1.0000000000000009,-3.365432098765432,"-1.03,-1.93,-2.54,-3.37","0.377,0.362,0.352,0.338",1,10,-4.170278637770898
NO,24,62,38,24,0.3870967741935484,3240,0.35246913580246914,-0.03462763839107924,-2.1469135802469137,-6956,5.0,1.0157098765432098,1.0000000000000009,-3.180246913580247,"-1.11,-1.80,-2.49,-3.18","0.369,0.358,0.347,0.336",1,10,-4.037151702786378
NO,24,63,39,24,0.38095238095238093,3240,0.34814814814814815,-0.03280423280423278,-2.066666666666667,-6696,5.0,1.0157098765432098,1.0000000000000009,-3.0,"-1.13,-1.60,-2.53,-3.00","0.363,0.356,0.341,0.333",1,10,-3.9102167182662537
NO,24,64,40,24,0.375,3240,0.3429012345679012,-0.032098765432098775,-2.054320987654321,-6656,5.0,1.0157098765432098,1.0000000000000009,-2.745679012345679,"-1.17,-1.80,-2.51,-2.75","0.357,0.347,0.336,0.332",1,10,-4.185758513931889
NO,24,65,41,24,0.36923076923076925,3240,0.33641975308641975,-0.0328110161443495,-2.132716049382716,-6910,5.0,1.0157098765432098,1.0000000000000009,-2.814814814814815,"-1.45,-1.77,-2.49,-2.81","0.347,0.342,0.331,0.326",1,10,-4.077399380804954
NO,24,66,42,24,0.36363636363636365,3240,0.33055555555555555,-0.0330808080808081,-2.183333333333333,-7074,5.0,1.0157098765432098,1.0000000000000009,-2.8962962962962964,"-1.43,-1.92,-2.49,-2.90","0.342,0.335,0.326,0.320",0,10,-4.38390092879257
NO,24,67,43,24,0.3582089552238806,3240,0.33055555555555555,-0.02765339966832503,-1.8527777777777779,-6003,5.0,1.0157098765432098,1.0000000000000009,-2.5765432098765433,"-1.09,-1.58,-2.16,-2.58","0.342,0.335,0.326,0.320",1,10,-4.086687306501548
NO,24,68,44,24,0.35294117647058826,3240,0.3271604938271605,-0.025780682643427755,-1.7530864197530864,-5680,5.0,1.0157098765432098,1.0000000000000009,-2.508641975308642,"-0.91,-1.50,-2.09,-2.51","0.340,0.331,0.322,0.316",1,10,-4.2105263157894735
NO,24,69,45,24,0.34782608695652173,3240,0.3219135802469136,-0.025912506709608152,-1.787962962962963,-5793,5.0,1.0157098765432098,1.0000000000000009,-2.533333333333333,"-0.91,-1.60,-2.11,-2.53","0.335,0.325,0.317,0.311",1,10,-4.987616099071207
NO,24,70,46,24,0.34285714285714286,3240,0.31790123456790126,-0.024955908289241602,-1.7469135802469136,-5660,5.0,1.0157098765432098,1.0000000000000009,-2.4814814814814814,"-0.93,-1.44,-2.14,-2.48","0.330,0.322,0.312,0.307",1,10,-4.712074303405573
NO,25,30,5,25,0.8333333333333334,3306,0.6996370235934665,-0.1336963097398669,-4.0108892921960075,-13260,5.0,1.0197519661222019,1.0000000000000009,-4.697336561743342,"-3.38,-3.97,-4.70,-4.00","0.721,0.701,0.677,0.700",0,10,-5.545454545454546
NO,25,31,6,25,0.8064516129032258,3306,0.6854204476709014,-0.12103116523232438,-3.751966122202057,-12404,5.0,1.0197519661222019,1.0000000000000009,-4.3208232445520585,"-3.18,-3.87,-4.32,-3.63","0.704,0.682,0.667,0.689",0,10,-5.178787878787879
NO,25,32,7,25,0.78125,3306,0.646400483968542,-0.134849516031458,-4.315184513006654,-14266,5.0,1.0197519661222019,1.0000000000000009,-4.738498789346247,"-3.56,-4.51,-4.74,-4.45","0.670,0.640,0.633,0.642",0,10,-5.315151515151515
NO,25,33,8,25,0.7575757575757576,3306,0.632183908045977,-0.12539184952978055,-4.137931034482759,-13680,5.0,1.0197519661222019,1.0000000000000009,-4.624697336561743,"-3.41,-4.62,-4.42,-4.09","0.654,0.617,0.623,0.634",0,10,-5.0
NO,25,34,9,25,0.7352941176470589,3306,0.632183908045977,-0.10311020960108186,-3.5057471264367814,-11590,5.0,1.0197519661222019,1.0000000000000009,-4.00726392251816,"-2.76,-4.01,-3.80,-3.46","0.654,0.617,0.623,0.634",0,10,-4.393939393939394
NO,25,35,10,25,0.7142857142857143,3306,0.6149425287356322,-0.09934318555008215,-3.4770114942528734,-11495,5.0,1.0197519661222019,1.0000000000000009,-4.02542372881356,"-3.08,-4.03,-3.56,-3.25","0.626,0.599,0.613,0.622",0,10,-4.106060606060606
NO,25,36,11,25,0.6944444444444444,3306,0.6007259528130672,-0.09371849163137724,-3.3738656987295825,-11154,5.0,1.0197519661222019,1.0000000000000009,-3.6876513317191284,"-3.02,-3.69,-3.51,-3.28","0.611,0.592,0.597,0.603",0,10,-4.054545454545455
NO,25,37,12,25,0.6756756756756757,3306,0.5856019358741682,-0.09007373980150746,-3.3327283726557773,-11018,5.0,1.0197519661222019,1.0000000000000009,-3.4987893462469732,"-3.17,-3.50,-3.45,-3.21","0.590,0.581,0.582,0.589",0,10,-4.050704225352113
NO,25,38,13,25,0.6578947368421053,3306,0.5716878402903811,-0.0862068965517242,-3.2758620689655173,-10830,5.0,1.0197519661222019,1.0000000000000009,-3.4498186215235793,"-2.90,-3.42,-3.33,-3.45","0.582,0.568,0.570,0.567",0,10,-4.042424242424242
NO,25,39,14,25,0.6410256410256411,3306,0.5541439806412584,-0.08688166038438272,-3.3883847549909256,-11202,5.0,1.0197519661222019,1.0000000000000009,-3.61138014527845,"-2.88,-3.61,-3.56,-3.50","0.567,0.548,0.550,0.551",0,10,-4.554545454545455
NO,25,40,15,25,0.625,3306,0.5423472474289172,-0.08265275257108284,-3.306110102843315,-10930,5.0,1.0197519661222019,1.0000000000000009,-3.6440677966101696,"-2.75,-3.60,-3.64,-3.23","0.556,0.535,0.534,0.544",0,10,-4.515151515151516
NO,25,41,16,25,0.6097560975609756,3306,0.5281306715063521,-0.08162542605462353,-3.3466424682395646,-11064,5.0,1.0197519661222019,1.0000000000000009,-3.7554479418886197,"-2.69,-3.76,-3.51,-3.43","0.544,0.518,0.524,0.526",0,10,-4.251515151515152
NO,25,42,17,25,0.5952380952380952,3306,0.5199637023593466,-0.0752743928787486,-3.161524500907441,-10452,5.0,1.0197519661222019,1.0000000000000009,-3.593220338983051,"-2.50,-3.59,-3.19,-3.37","0.536,0.510,0.519,0.515",0,10,-4.128048780487805
NO,25,43,18,25,0.5813953488372093,3306,0.5084694494857834,-0.0729258993514259,-3.1358136721113126,-10367,5.0,1.0197519661222019,1.0000000000000009,-3.7602905569007263,"-2.43,-3.76,-3.03,-3.32","0.525,0.494,0.511,0.504",0,10,-4.286585365853658
NO,25,44,19,25,0.5681818181818182,3306,0.4866908650937689,-0.08149095308804932,-3.585601935874168,-11854,5.0,1.0197519661222019,1.0000000000000009,-4.012106537530267,"-2.97,-4.01,-3.48,-3.88","0.501,0.477,0.489,0.480",0,10,-5.012195121951219
NO,25,45,20,25,0.5555555555555556,3306,0.4809437386569873,-0.07461181689856827,-3.3575317604355717,-11100,5.0,1.0197519661222019,1.0000000000000009,-3.861985472154964,"-2.64,-3.86,-3.32,-3.62","0.497,0.470,0.482,0.475",0,10,-4.969512195121951
NO,25,46,21,25,0.5434782608695652,3306,0.4809437386569873,-0.06253452221257788,-2.876588021778584,-9510,5.0,1.0197519661222019,1.0000000000000009,-3.3922518159806296,"-2.14,-3.39,-2.84,-3.14","0.497,0.470,0.482,0.475",0,10,-4.524390243902439
NO,25,47,22,25,0.5319148936170213,3306,0.4733817301875378,-0.05853316342948345,-2.751058681185723,-9095,5.0,1.0197519661222019,1.0000000000000009,-3.2333736396614268,"-2.04,-3.09,-2.64,-3.23","0.489,0.466,0.476,0.463",0,10,-4.222560975609756
NO,25,48,23,25,0.5208333333333334,3306,0.4615849969751966,-0.059248336358136755,-2.8439201451905625,-9402,5.0,1.0197519661222019,1.0000000000000009,-3.524788391777509,"-2.07,-3.09,-2.69,-3.52","0.478,0.456,0.465,0.447",0,10,-4.365853658536586
NO,25,49,24,25,0.5102040816326531,3306,0.4534180278281912,-0.05678605380446189,-2.7825166364186327,-9199,5.0,1.0197519661222019,1.0000000000000009,-3.6698911729141477,"-1.83,-2.99,-2.64,-3.67","0.473,0.449,0.456,0.435",0,10,-4.085365853658536
NO,25,50,25,25,0.5,3306,0.44676346037507564,-0.05323653962492436,-2.661826981246219,-8800,5.0,1.0197519661222019,1.0000000000000009,-3.5973397823458284,"-1.66,-3.03,-2.36,-3.60","0.467,0.439,0.453,0.428",0,10,-3.9634146341463414
NO,25,51,26,25,0.49019607843137253,3306,0.4401088929219601,-0.050087185509412435,-2.5544464609800364,-8445,5.0,1.0197519661222019,1.0000000000000009,-3.539298669891173,"-1.32,-2.96,-2.40,-3.54","0.464,0.432,0.443,0.421",0,10,-3.8536585365853657
NO,25,52,27,25,0.4807692307692308,3306,0.4301270417422868,-0.05064218902694401,-2.633393829401089,-8706,5.0,1.0197519661222019,1.0000000000000009,-3.558645707376058,"-1.17,-3.28,-2.53,-3.56","0.458,0.418,0.432,0.412",0,10,-4.073170731707317
NO,25,53,28,25,0.4716981132075472,3306,0.4225650332728373,-0.04913307993470989,-2.6040532365396247,-8609,5.0,1.0197519661222019,1.0000000000000009,-3.594921402660218,"-1.35,-3.12,-2.35,-3.59","0.446,0.413,0.427,0.404",0,10,-4.206489675516224
NO,25,54,29,25,0.46296296296296297,3306,0.41591046581972174,-0.04705249714324122,-2.540834845735027,-8400,5.0,1.0197519661222019,1.0000000000000009,-3.7787182587666264,"-1.36,-2.77,-2.25,-3.78","0.438,0.412,0.421,0.393",0,10,-4.132743362831858
NO,25,55,30,25,0.45454545454545453,3306,0.4074410163339383,-0.04710443821151622,-2.5907441016333936,-8565,5.0,1.0197519661222019,1.0000000000000009,-3.917775090689238,"-1.52,-2.63,-2.29,-3.92","0.427,0.407,0.413,0.383",0,10,-4.070796460176991
NO,25,56,31,25,0.44642857142857145,3306,0.39836660617059894,-0.048061965257972517,-2.691470054446461,-8898,5.0,1.0197519661222019,1.0000000000000009,-4.076178960096735,"-1.50,-2.69,-2.49,-4.08","0.420,0.398,0.402,0.374",0,10,-4.185840707964601
NO,25,57,32,25,0.43859649122807015,3306,0.39201451905626133,-0.046581972171808816,-2.6551724137931036,-8778,5.0,1.0197519661222019,1.0000000000000009,-3.8403869407496978,"-1.50,-2.71,-2.57,-3.84","0.412,0.391,0.393,0.371",0,10,-4.150442477876106
NO,25,58,33,25,0.43103448275862066,3306,0.38626739261947973,-0.04476709013914093,-2.5964912280701755,-8584,5.0,1.0197519661222019,1.0000000000000009,-3.889963724304716,"-1.22,-2.81,-2.46,-3.89","0.410,0.383,0.389,0.364",0,10,-3.9557522123893807
NO,25,59,34,25,0.423728813559322,3306,0.38052026618269813,-0.043208547376623885,-2.5493042952208107,-8428,5.0,1.0197519661222019,1.0000000000000009,-3.954050785973398,"-1.10,-2.71,-2.43,-3.95","0.405,0.378,0.383,0.357",0,10,-4.115044247787611
NO,25,60,35,25,0.4166666666666667,3306,0.37265577737447064,-0.04401088929219604,-2.6406533575317606,-8730,5.0,1.0197519661222019,1.0000000000000009,-4.105199516324062,"-1.13,-2.85,-2.48,-4.11","0.398,0.369,0.375,0.348",0,10,-4.146341463414634
NO,25,61,36,25,0.4098360655737705,3306,0.3684210526315789,-0.041415012942191576,-2.526315789473684,-8352,5.0,1.0197519661222019,1.0000000000000009,-3.830713422007255,"-1.10,-2.62,-2.55,-3.83","0.392,0.367,0.368,0.347",0,10,-4.3567073170731705
NO,25,62,37,25,0.4032258064516129,3306,0.36388384754990927,-0.03934195890170361,-2.439201451905626,-8064,5.0,1.0197519661222019,1.0000000000000009,-3.633615477629988,"-1.16,-2.48,-2.48,-3.63","0.385,0.363,0.363,0.345",0,10,-4.2073170731707314
NO,25,63,38,25,0.3968253968253968,3306,0.35934664246823955,-0.03747875435715725,-2.3611615245009077,-7806,5.0,1.0197519661222019,1.0000000000000009,-3.441354292623942,"-1.23,-2.27,-2.50,-3.44","0.377,0.361,0.357,0.342",0,10,-4.064024390243903
NO,25,64,39,25,0.390625,3306,0.35359951603145795,-0.03702548396854205,-2.3696309739866908,-7834,5.0,1.0197519661222019,1.0000000000000009,-3.176541717049577,"-1.24,-2.53,-2.53,-3.18","0.371,0.351,0.351,0.341",0,10,-4.512195121951219
NO,25,65,40,25,0.38461538461538464,3306,0.3466424682395644,-0.03797291637582023,-2.468239564428312,-8160,5.0,1.0197519661222019,1.0000000000000009,-3.3071342200725513,"-1.58,-2.49,-2.49,-3.31","0.360,0.346,0.346,0.334",0,10,-4.390243902439025
NO,25,66,41,25,0.3787878787878788,3306,0.34059286146400486,-0.038195017323873925,-2.5208711433756807,-8334,5.0,1.0197519661222019,1.0000000000000009,-3.3724304715840385,"-1.54,-2.71,-2.47,-3.37","0.356,0.338,0.341,0.328",0,10,-4.878048780487805
NO,25,67,42,25,0.373134328358209,3306,0.34059286146400486,-0.03254146689420412,-2.1802782819116757,-7208,5.0,1.0197519661222019,1.0000000000000009,-3.0447400241837967,"-1.18,-2.37,-2.13,-3.04","0.356,0.338,0.341,0.328",0,10,-4.573170731707317
NO,25,68,43,25,0.36764705882352944,3306,0.3366606170598911,-0.03098644176363835,-2.1070780399274045,-6966,5.0,1.0197519661222019,1.0000000000000009,-3.045949214026602,"-0.99,-2.28,-2.11,-3.05","0.353,0.334,0.337,0.323",0,10,-4.682926829268292
NO,25,69,44,25,0.36231884057971014,3306,0.3315184513006655,-0.03080038927904466,-2.1252268602540836,-7026,5.0,1.0197519661222019,1.0000000000000009,-3.05683192261185,"-0.89,-2.45,-2.11,-3.06","0.349,0.327,0.332,0.318",0,10,-5.435975609756097
NO,25,70,45,25,0.35714285714285715,3306,0.32728372655777377,-0.029859130585083382,-2.090139140955838,-6910,5.0,1.0197519661222019,1.0000000000000009,-2.992744860943168,"-0.88,-2.37,-2.12,-2.99","0.345,0.323,0.327,0.314",0,10,-5.152439024390244
NO,26,30,4,26,0.8666666666666667,3440,0.7372093023255814,-0.12945736434108535,-3.883720930232558,-13360,4.0,1.0235755813953487,1.0000000000000009,-4.546511627906977,"-3.26,-3.74,-4.55,-3.99","0.758,0.742,0.715,0.734",0,10,-5.051724137931035
NO,26,31,5,26,0.8387096774193549,3440,0.723546511627907,-0.11516316579144792,-3.5700581395348836,-12281,4.0,1.0235755813953487,1.0000000000000009,-4.155813953488372,"-3.04,-3.51,-4.16,-3.58","0.741,0.726,0.705,0.723",0,10,-4.620689655172414
NO,26,32,6,26,0.8125,3440,0.6843023255813954,-0.12819767441860463,-4.102325581395349,-14112,4.0,1.0235755813953487,1.0000000000000009,-4.567441860465117,"-3.45,-4.08,-4.57,-4.31","0.705,0.685,0.670,0.678",0,10,-4.931129476584022
NO,26,33,7,26,0.7878787878787878,3440,0.6680232558139535,-0.11985553206483435,-3.9552325581395347,-13606,4.0,1.0235755813953487,1.0000000000000009,-4.3965116279069765,"-3.36,-4.17,-4.40,-3.90","0.686,0.662,0.655,0.670",0,10,-4.636363636363637
NO,26,34,8,26,0.7647058823529411,3440,0.6680232558139535,-0.09668262653898763,-3.2872093023255813,-11308,4.0,1.0235755813953487,1.0000000000000009,-3.7418604651162792,"-2.67,-3.50,-3.74,-3.23","0.686,0.662,0.655,0.670",0,10,-3.9889807162534434
NO,26,35,9,26,0.7428571428571429,3440,0.6505813953488372,-0.0922757475083057,-3.229651162790698,-11110,4.0,1.0235755813953487,1.0000000000000009,-3.5755813953488373,"-2.92,-3.58,-3.45,-2.97","0.659,0.641,0.644,0.658",0,10,-3.9098360655737703
NO,26,36,10,26,0.7222222222222222,3440,0.6369186046511628,-0.08530361757105942,-3.0709302325581396,-10564,4.0,1.0235755813953487,1.0000000000000009,-3.353488372093023,"-2.85,-3.19,-3.35,-2.89","0.643,0.634,0.629,0.642",0,10,-3.8688524590163933
NO,26,37,11,26,0.7027027027027027,3440,0.6218023255813954,-0.08090037712130738,-2.993313953488372,-10297,4.0,1.0235755813953487,1.0000000000000009,-3.3267441860465117,"-2.98,-2.90,-3.33,-2.77","0.622,0.624,0.613,0.628",0,10,-4.062841530054645
NO,26,38,12,26,0.6842105263157895,3440,0.6078488372093023,-0.07636168910648722,-2.9017441860465114,-9982,4.0,1.0235755813953487,1.0000000000000009,-3.2,"-2.67,-2.76,-3.20,-2.98","0.614,0.612,0.600,0.606",0,10,-3.8852459016393444
NO,26,39,13,26,0.6666666666666666,3440,0.5895348837209302,-0.07713178294573642,-3.0081395348837208,-10348,4.0,1.0235755813953487,1.0000000000000009,-3.3709302325581394,"-2.60,-2.87,-3.37,-3.19","0.600,0.593,0.580,0.585",0,10,-3.8587896253602305
NO,26,40,14,26,0.65,3440,0.576453488372093,-0.07354651162790704,-2.941860465116279,-10120,4.0,1.0235755813953487,1.0000000000000009,-3.395348837209302,"-2.47,-2.88,-3.40,-3.02","0.588,0.578,0.565,0.574",0,10,-3.636887608069164
NO,26,41,15,26,0.6341463414634146,3440,0.5633720930232559,-0.07077424844015878,-2.9017441860465114,-9982,4.0,1.0235755813953487,1.0000000000000009,-3.2116279069767444,"-2.35,-2.97,-3.21,-3.07","0.577,0.562,0.556,0.559",0,10,-3.8956521739130436
NO,26,42,16,26,0.6190476190476191,3440,0.5534883720930233,-0.0655592469545958,-2.7534883720930234,-9472,4.0,1.0235755813953487,1.0000000000000009,-3.0953488372093023,"-2.22,-2.80,-2.90,-3.10","0.566,0.552,0.550,0.545",0,10,-3.7217391304347824
NO,26,43,17,26,0.6046511627906976,3440,0.5421511627906976,-0.0625,-2.6875,-9245,4.0,1.0235755813953487,1.0000000000000009,-3.05,"-2.15,-2.90,-2.65,-3.05","0.555,0.537,0.543,0.534",0,10,-3.689855072463768
NO,26,44,18,26,0.5909090909090909,3440,0.5194767441860465,-0.07143234672304444,-3.1430232558139535,-10812,4.0,1.0235755813953487,1.0000000000000009,-3.5906976744186045,"-2.72,-3.18,-3.08,-3.59","0.529,0.519,0.521,0.509",0,10,-4.318840579710145
NO,26,45,19,26,0.5777777777777777,3440,0.5130813953488372,-0.06469638242894049,-2.9113372093023258,-10015,4.0,1.0235755813953487,1.0000000000000009,-3.2906976744186047,"-2.40,-3.03,-2.92,-3.29","0.524,0.510,0.513,0.505",0,10,-4.217391304347826
NO,26,46,20,26,0.5652173913043478,3440,0.5130813953488372,-0.05213599595551055,-2.3982558139534884,-8250,4.0,1.0235755813953487,1.0000000000000009,-2.786046511627907,"-1.88,-2.52,-2.41,-2.79","0.524,0.510,0.513,0.505",0,10,-3.7333333333333334
NO,26,47,21,26,0.5531914893617021,3440,0.5043604651162791,-0.04883102424542307,-2.2950581395348837,-7895,4.0,1.0235755813953487,1.0000000000000009,-2.7732558139534884,"-1.79,-2.39,-2.23,-2.77","0.515,0.502,0.506,0.494",0,10,-3.3855072463768114
NO,26,48,22,26,0.5416666666666666,3440,0.4906976744186046,-0.050968992248062006,-2.4465116279069767,-8416,4.0,1.0235755813953487,1.0000000000000009,-3.0604651162790697,"-1.78,-2.56,-2.39,-3.06","0.505,0.488,0.492,0.478",0,10,-3.6
NO,26,49,23,26,0.5306122448979592,3440,0.4822674418604651,-0.04834480303749411,-2.368895348837209,-8149,4.0,1.0235755813953487,1.0000000000000009,-3.266279069767442,"-1.50,-2.41,-2.30,-3.27","0.500,0.481,0.484,0.464",0,10,-3.292682926829268
NO,26,50,24,26,0.52,3440,0.475,-0.04500000000000004,-2.25,-7740,4.0,1.0235755813953487,1.0000000000000009,-3.1511627906976742,"-1.29,-2.45,-2.10,-3.15","0.494,0.471,0.478,0.457",0,10,-3.377521613832853
NO,26,51,25,26,0.5098039215686274,3440,0.46831395348837207,-0.041489968080255346,-2.1159883720930233,-7279,4.0,1.0235755813953487,1.0000000000000009,-3.05,"-1.03,-2.28,-2.10,-3.05","0.490,0.465,0.469,0.450",0,10,-3.365994236311239
NO,26,52,26,26,0.5,3440,0.45872093023255817,-0.041279069767441834,-2.146511627906977,-7384,4.0,1.0235755813953487,1.0000000000000009,-3.0232558139534884,"-0.85,-2.54,-2.18,-3.02","0.484,0.451,0.458,0.442",0,10,-3.521613832853026
NO,26,53,27,26,0.49056603773584906,3440,0.4502906976744186,-0.040275340061430465,-2.134593023255814,-7343,4.0,1.0235755813953487,1.0000000000000009,-3.074418604651163,"-1.10,-2.33,-2.03,-3.07","0.470,0.447,0.452,0.433",0,10,-4.005763688760807
NO,26,54,28,26,0.48148148148148145,3440,0.4427325581395349,-0.03874892334194657,-2.0924418604651165,-7198,4.0,1.0235755813953487,1.0000000000000009,-3.269767441860465,"-1.20,-2.01,-1.89,-3.27","0.459,0.444,0.447,0.421",0,10,-3.9020172910662825
NO,26,55,29,26,0.4727272727272727,3440,0.4340116279069767,-0.03871564482029599,-2.129360465116279,-7325,4.0,1.0235755813953487,1.0000000000000009,-3.36046511627907,"-1.38,-1.83,-1.95,-3.36","0.448,0.440,0.437,0.412",0,10,-3.809798270893372
NO,26,56,30,26,0.4642857142857143,3440,0.4241279069767442,-0.04015780730897012,-2.2488372093023257,-7736,4.0,1.0235755813953487,1.0000000000000009,-3.6,"-1.39,-1.78,-2.23,-3.60","0.440,0.433,0.424,0.400",0,10,-3.8904899135446684
NO,26,57,31,26,0.45614035087719296,3440,0.4174418604651163,-0.03869849041207668,-2.2058139534883723,-7588,4.0,1.0235755813953487,1.0000000000000009,-3.332558139534884,"-1.41,-1.74,-2.34,-3.33","0.431,0.426,0.415,0.398",0,10,-3.824207492795389
NO,26,58,32,26,0.4482758620689655,3440,0.4113372093023256,-0.036938652766639934,-2.1424418604651163,-7370,4.0,1.0235755813953487,1.0000000000000009,-3.33953488372093,"-1.18,-1.79,-2.26,-3.34","0.428,0.417,0.409,0.391",0,10,-3.602305475504323
NO,26,59,33,26,0.4406779661016949,3440,0.4052325581395349,-0.03544540796216,-2.0912790697674417,-7194,4.0,1.0235755813953487,1.0000000000000009,-3.4290697674418604,"-1.03,-1.71,-2.19,-3.43","0.423,0.412,0.403,0.383",0,10,-3.8962536023054755
NO,26,60,34,26,0.43333333333333335,3440,0.39767441860465114,-0.03565891472868221,-2.13953488372093,-7360,4.0,1.0235755813953487,1.0000000000000009,-3.5348837209302326,"-1.02,-1.79,-2.21,-3.53","0.416,0.403,0.397,0.374",0,10,-3.867435158501441
NO,26,61,35,26,0.4262295081967213,3440,0.3927325581395349,-0.03349695005718639,-2.043313953488372,-7029,4.0,1.0235755813953487,1.0000000000000009,-3.2313953488372094,"-1.10,-1.60,-2.24,-3.23","0.408,0.400,0.390,0.373",1,10,-3.4985590778097984
NO,26,62,36,26,0.41935483870967744,3440,0.3877906976744186,-0.03156414103525884,-1.9569767441860466,-6732,4.0,1.0235755813953487,1.0000000000000009,-3.0023255813953487,"-1.13,-1.49,-2.21,-3.00","0.401,0.395,0.384,0.371",1,10,-3.1296829971181555
NO,26,63,37,26,0.4126984126984127,3440,0.38226744186046513,-0.030430970837947546,-1.9171511627906976,-6595,4.0,1.0235755813953487,1.0000000000000009,-2.8511627906976744,"-1.17,-1.46,-2.19,-2.85","0.394,0.390,0.378,0.367",1,10,-3.356521739130435
NO,26,64,38,26,0.40625,3440,0.37703488372093025,-0.029215116279069753,-1.869767441860465,-6432,4.0,1.0235755813953487,1.0000000000000009,-2.558139534883721,"-1.14,-1.59,-2.19,-2.56","0.388,0.381,0.372,0.366",1,10,-3.553623188405797
NO,26,65,39,26,0.4,3440,0.37034883720930234,-0.029651162790697683,-1.927325581395349,-6630,4.0,1.0235755813953487,1.0000000000000009,-2.645348837209302,"-1.44,-1.51,-2.12,-2.65","0.378,0.377,0.367,0.359",1,10,-3.391304347826087
NO,26,66,40,26,0.3939393939393939,3440,0.3648255813953488,-0.029113812544045103,-1.9215116279069768,-6610,4.0,1.0235755813953487,1.0000000000000009,-2.6697674418604653,"-1.37,-1.60,-2.06,-2.67","0.373,0.370,0.363,0.353",1,10,-3.617391304347826
NO,26,67,41,26,0.3880597014925373,3440,0.3648255813953488,-0.023234120097188504,-1.556686046511628,-5355,4.0,1.0235755813953487,1.0000000000000009,-2.316279069767442,"-0.99,-1.23,-1.69,-2.32","0.373,0.370,0.363,0.353",1,10,-3.2782608695652176
NO,26,68,42,26,0.38235294117647056,3440,0.3607558139534884,-0.021597127222982182,-1.4686046511627906,-5052,4.0,1.0235755813953487,1.0000000000000009,-2.358139534883721,"-0.78,-1.09,-1.65,-2.36","0.371,0.366,0.358,0.348",1,10,-3.3333333333333335
NO,26,69,43,26,0.37681159420289856,3440,0.3549418604651163,-0.021869733737782282,-1.5090116279069767,-5191,4.0,1.0235755813953487,1.0000000000000009,-2.3313953488372094,"-0.89,-1.13,-1.69,-2.33","0.364,0.360,0.352,0.343",1,10,-4.0
NO,26,70,44,26,0.37142857142857144,3440,0.3497093023255814,-0.021719269102990046,-1.5203488372093024,-5230,4.0,1.0235755813953487,1.0000000000000009,-2.2325581395348837,"-0.85,-1.09,-1.91,-2.23","0.359,0.356,0.344,0.340",1,10,-3.8840579710144927
NO,27,30,3,27,0.9,3536,0.7647058823529411,-0.1352941176470589,-4.0588235294117645,-14352,4.0,1.0234162895927599,1.0000000000000009,-4.703619909502263,"-3.18,-4.23,-4.70,-4.13","0.794,0.759,0.743,0.762",0,10,-5.595505617977528
NO,27,31,4,27,0.8709677419354839,3536,0.7502828054298643,-0.12068493650561962,-3.741233031674208,-13229,4.0,1.0234162895927599,1.0000000000000009,-4.346153846153846,"-2.98,-3.93,-4.35,-3.71","0.775,0.744,0.731,0.751",0,10,-5.143258426966292
NO,27,32,5,27,0.84375,3536,0.7084276018099548,-0.1353223981900452,-4.330316742081448,-15312,4.0,1.0234162895927599,1.0000000000000009,-4.737556561085973,"-3.65,-4.45,-4.74,-4.48","0.730,0.705,0.696,0.704",0,10,-5.247191011235955
NO,27,33,6,27,0.8181818181818182,3536,0.6914592760180995,-0.1267225421637187,-4.181843891402715,-14787,4.0,1.0234162895927599,1.0000000000000009,-4.5644796380090495,"-3.52,-4.56,-4.53,-4.12","0.712,0.680,0.681,0.693",0,10,-5.123595505617978
NO,27,34,7,27,0.7941176470588235,3536,0.6914592760180995,-0.10265837104072395,-3.4903846153846154,-12342,4.0,1.0234162895927599,1.0000000000000009,-3.8846153846153846,"-2.81,-3.88,-3.85,-3.42","0.712,0.680,0.681,0.693",0,10,-4.46067415730337
NO,27,35,8,27,0.7714285714285715,3536,0.6742081447963801,-0.09722042663219133,-3.4027149321266967,-12032,4.0,1.0234162895927599,1.0000000000000009,-3.996606334841629,"-2.93,-4.00,-3.52,-3.17","0.688,0.657,0.671,0.681",0,10,-4.092696629213483
NO,27,36,9,27,0.75,3536,0.6592194570135747,-0.09078054298642535,-3.268099547511312,-11556,4.0,1.0234162895927599,1.0000000000000009,-3.665158371040724,"-2.85,-3.67,-3.42,-3.14","0.671,0.648,0.655,0.663",0,10,-4.082228116710875
NO,27,37,10,27,0.7297297297297297,3536,0.6436651583710408,-0.08606457135868895,-3.184389140271493,-11260,4.0,1.0234162895927599,1.0000000000000009,-3.47737556561086,"-2.89,-3.35,-3.48,-3.02","0.652,0.639,0.636,0.648",0,10,-4.230769230769231
NO,27,38,11,27,0.7105263157894737,3536,0.6303733031674208,-0.08015301262205288,-3.045814479638009,-10770,4.0,1.0234162895927599,1.0000000000000009,-3.31447963800905,"-2.54,-3.19,-3.31,-3.14","0.644,0.627,0.623,0.628",0,10,-4.050561797752809
NO,27,39,12,27,0.6923076923076923,3536,0.6128393665158371,-0.07946832579185514,-3.099264705882353,-10959,4.0,1.0234162895927599,1.0000000000000009,-3.3970588235294117,"-2.47,-3.22,-3.40,-3.31","0.629,0.610,0.605,0.607",0,10,-3.99438202247191
NO,27,40,13,27,0.675,3536,0.5995475113122172,-0.07545248868778287,-3.018099547511312,-10672,4.0,1.0234162895927599,1.0000000000000009,-3.3800904977375565,"-2.38,-3.15,-3.38,-3.15","0.615,0.596,0.590,0.596",0,10,-3.853932584269663
NO,27,41,14,27,0.6585365853658537,3536,0.5851244343891403,-0.07341215097671339,-3.009898190045249,-10643,4.0,1.0234162895927599,1.0000000000000009,-3.2997737556561084,"-2.23,-3.25,-3.30,-3.25","0.604,0.579,0.578,0.579",0,10,-4.002832861189802
NO,27,42,15,27,0.6428571428571429,3536,0.5743778280542986,-0.0684793148028443,-2.876131221719457,-10170,4.0,1.0234162895927599,1.0000000000000009,-3.3868778280542986,"-2.06,-3.05,-3.01,-3.39","0.594,0.570,0.571,0.562",0,10,-3.917847025495751
NO,27,43,16,27,0.627906976744186,3536,0.5633484162895928,-0.0645585604545933,-2.776018099547511,-9816,4.0,1.0234162895927599,1.0000000000000009,-3.262443438914027,"-2.00,-3.12,-2.73,-3.26","0.581,0.555,0.564,0.552",0,10,-3.855524079320113
NO,27,44,17,27,0.6136363636363636,3536,0.5395927601809954,-0.0740436034553682,-3.257918552036199,-11520,4.0,1.0234162895927599,1.0000000000000009,-3.8054298642533935,"-2.61,-3.51,-3.11,-3.81","0.554,0.534,0.543,0.527",0,10,-4.473684210526316
NO,27,45,18,27,0.6,3536,0.5319570135746606,-0.06804298642533935,-3.0619343891402715,-10827,4.0,1.0234162895927599,1.0000000000000009,-3.481900452488688,"-2.31,-3.48,-2.97,-3.48","0.549,0.523,0.534,0.523",0,10,-4.436260623229462
NO,27,46,19,27,0.5869565217391305,3536,0.5319570135746606,-0.05499950816446986,-2.5299773755656108,-8946,4.0,1.0234162895927599,1.0000000000000009,-2.9592760180995477,"-1.76,-2.96,-2.44,-2.96","0.549,0.523,0.534,0.523",0,10,-3.9348441926345608
NO,27,47,20,27,0.574468085106383,3536,0.5234728506787331,-0.05099523442764997,-2.3967760180995477,-8475,4.0,1.0234162895927599,1.0000000000000009,-2.915158371040724,"-1.64,-2.81,-2.22,-2.92","0.540,0.515,0.527,0.512",0,10,-3.8373205741626792
NO,27,48,21,27,0.5625,3536,0.5096153846153846,-0.05288461538461542,-2.5384615384615383,-8976,4.0,1.0234162895927599,1.0000000000000009,-3.16289592760181,"-1.75,-2.89,-2.35,-3.16","0.526,0.502,0.514,0.497",0,10,-3.8038277511961724
NO,27,49,22,27,0.5510204081632653,3536,0.501131221719457,-0.04988918644380824,-2.4445701357466065,-8644,4.0,1.0234162895927599,1.0000000000000009,-3.331447963800905,"-1.50,-2.67,-2.28,-3.33","0.520,0.497,0.505,0.483",0,10,-3.789473684210526
NO,27,50,23,27,0.54,3536,0.49377828054298645,-0.04622171945701359,-2.3110859728506785,-8172,4.0,1.0234162895927599,1.0000000000000009,-3.244343891402715,"-1.26,-2.74,-2.00,-3.24","0.515,0.485,0.500,0.475",0,10,-3.404494382022472
NO,27,51,24,27,0.5294117647058824,3536,0.48755656108597284,-0.04185520361990952,-2.1346153846153846,-7548,4.0,1.0234162895927599,1.0000000000000009,-3.1153846153846154,"-0.98,-2.54,-1.90,-3.12","0.510,0.480,0.492,0.468",0,10,-3.3623595505617976
NO,27,52,25,27,0.5192307692307693,3536,0.47794117647058826,-0.041289592760181015,-2.1470588235294117,-7592,4.0,1.0234162895927599,1.0000000000000009,-3.0588235294117645,"-0.82,-2.82,-1.88,-3.06","0.503,0.465,0.483,0.460",0,10,-3.4831460674157304
NO,27,53,26,27,0.5094339622641509,3536,0.4683257918552036,-0.04110817040894732,-2.178733031674208,-7704,4.0,1.0234162895927599,1.0000000000000009,-3.1380090497737556,"-1.04,-2.66,-1.88,-3.14","0.490,0.459,0.474,0.450",0,10,-3.9241573033707864
NO,27,54,27,27,0.5,3536,0.46097285067873306,-0.03902714932126694,-2.1074660633484164,-7452,4.0,1.0234162895927599,1.0000000000000009,-3.2986425339366514,"-1.10,-2.32,-1.71,-3.30","0.480,0.457,0.468,0.439",0,10,-3.792134831460674
NO,27,55,28,27,0.4909090909090909,3536,0.4507918552036199,-0.04011723570547099,-2.206447963800905,-7802,4.0,1.0234162895927599,1.0000000000000009,-3.5441176470588234,"-1.30,-2.18,-1.80,-3.54","0.467,0.451,0.458,0.426",0,10,-3.8258426966292136
NO,27,56,29,27,0.48214285714285715,3536,0.44089366515837103,-0.04124919198448612,-2.3099547511312215,-8168,4.0,1.0234162895927599,1.0000000000000009,-3.751131221719457,"-1.28,-2.10,-2.10,-3.75","0.459,0.445,0.445,0.415",0,10,-3.8764044943820224
NO,27,57,30,27,0.47368421052631576,3536,0.4343891402714932,-0.03929507025482254,-2.239819004524887,-7920,4.0,1.0234162895927599,1.0000000000000009,-3.4649321266968327,"-1.27,-2.05,-2.18,-3.46","0.451,0.438,0.436,0.413",0,10,-3.783707865168539
NO,27,58,31,27,0.46551724137931033,3536,0.4281674208144796,-0.037349820564830716,-2.166289592760181,-7660,4.0,1.0234162895927599,1.0000000000000009,-3.51131221719457,"-1.02,-2.13,-2.00,-3.51","0.448,0.429,0.431,0.405",0,10,-3.702247191011236
NO,27,59,32,27,0.4576271186440678,3536,0.42194570135746606,-0.035681417286601735,-2.1052036199095023,-7444,4.0,1.0234162895927599,1.0000000000000009,-3.6402714932126696,"-0.84,-2.04,-1.90,-3.64","0.443,0.423,0.425,0.396",0,10,-3.9634831460674156
NO,27,60,33,27,0.45,3536,0.4145927601809955,-0.03540723981900451,-2.1244343891402715,-7512,4.0,1.0234162895927599,1.0000000000000009,-3.7194570135746607,"-0.80,-2.09,-1.89,-3.72","0.437,0.415,0.419,0.388",0,10,-3.9101123595505616
NO,27,61,34,27,0.4426229508196721,3536,0.40921945701357465,-0.03340349380609747,-2.037613122171946,-7205,4.0,1.0234162895927599,1.0000000000000009,-3.4694570135746607,"-0.85,-1.88,-1.95,-3.47","0.429,0.412,0.411,0.386",0,10,-3.696629213483146
NO,27,62,35,27,0.43548387096774194,3536,0.4041289592760181,-0.03135491169172383,-1.9440045248868778,-6874,4.0,1.0234162895927599,1.0000000000000009,-3.223981900452489,"-0.84,-1.82,-1.89,-3.22","0.422,0.406,0.405,0.383",0,10,-3.3146067415730336
NO,27,63,36,27,0.42857142857142855,3536,0.39819004524886875,-0.030381383322559796,-1.914027149321267,-6768,4.0,1.0234162895927599,1.0000000000000009,-3.0542986425339365,"-0.99,-1.77,-1.84,-3.05","0.413,0.400,0.399,0.380",0,10,-3.4634831460674156
NO,27,64,37,27,0.421875,3536,0.3930995475113122,-0.02877545248868779,-1.841628959276018,-6512,4.0,1.0234162895927599,1.0000000000000009,-2.746606334841629,"-0.94,-1.88,-1.81,-2.75","0.407,0.393,0.394,0.379",0,10,-3.4305949008498584
NO,27,65,38,27,0.4153846153846154,3536,0.3860294117647059,-0.02935520361990951,-1.9080882352941178,-6747,4.0,1.0234162895927599,1.0000000000000009,-2.8088235294117645,"-1.26,-1.85,-1.71,-2.81","0.396,0.387,0.389,0.372",0,10,-3.2464589235127477
NO,27,66,39,27,0.4090909090909091,3536,0.3803733031674208,-0.02871760592348832,-1.8953619909502262,-6702,4.0,1.0234162895927599,1.0000000000000009,-2.8099547511312215,"-1.17,-1.91,-1.69,-2.81","0.391,0.380,0.383,0.367",0,10,-3.441926345609065
NO,27,67,40,27,0.40298507462686567,3536,0.3803733031674208,-0.022611771459444874,-1.5149886877828054,-5357,4.0,1.0234162895927599,1.0000000000000009,-2.4434389140271495,"-0.78,-1.53,-1.31,-2.44","0.391,0.380,0.383,0.367",0,10,-3.084985835694051
NO,27,68,41,27,0.39705882352941174,3536,0.37641402714932126,-0.02064479638009048,-1.4038461538461537,-4964,4.0,1.0234162895927599,1.0000000000000009,-2.4615384615384617,"-0.54,-1.38,-1.23,-2.46","0.389,0.377,0.379,0.361",1,10,-3.1133144475920678
NO,27,69,42,27,0.391304347826087,3536,0.3707579185520362,-0.02054642927405076,-1.4177036199095023,-5013,4.0,1.0234162895927599,1.0000000000000009,-2.41289592760181,"-0.62,-1.40,-1.24,-2.41","0.382,0.371,0.373,0.356",0,10,-3.7393767705382435
NO,27,70,43,27,0.38571428571428573,3536,0.3656674208144796,-0.020046864899806116,-1.4032805429864252,-4962,4.0,1.0234162895927599,1.0000000000000009,-2.2941176470588234,"-0.55,-1.34,-1.42,-2.29","0.378,0.367,0.365,0.353",1,10,-3.6005665722379603
NO,28,30,2,28,0.9333333333333333,3632,0.7893722466960352,-0.14396108663729812,-4.3188325991189425,-15686,4.0,1.0252202643171804,1.0000000000000009,-5.037444933920705,"-3.42,-4.54,-5.04,-4.28","0.819,0.782,0.765,0.791",0,10,-5.704918032786885
NO,28,31,3,28,0.9032258064516129,3632,0.7742290748898678,-0.12899673156174507,-3.998898678414097,-14524,4.0,1.0252202643171804,1.0000000000000009,-4.715859030837004,"-3.28,-4.17,-4.72,-3.83","0.797,0.769,0.751,0.780",0,10,-5.385245901639344
NO,28,32,4,28,0.875,3632,0.7326541850220264,-0.1423458149779736,-4.5550660792951545,-16544,4.0,1.0252202643171804,1.0000000000000009,-5.022026431718062,"-4.00,-4.63,-5.02,-4.56","0.750,0.730,0.718,0.732",0,10,-5.442622950819672
NO,28,33,5,28,0.8484848484848485,3632,0.7158590308370044,-0.1326258176478441,-4.3766519823788546,-15896,4.0,1.0252202643171804,1.0000000000000009,-4.776431718061674,"-3.90,-4.63,-4.78,-4.19","0.730,0.708,0.704,0.721",0,10,-5.098360655737705
NO,28,34,6,28,0.8235294117647058,3632,0.7158590308370044,-0.10767038092770143,-3.66079295154185,-13296,4.0,1.0252202643171804,1.0000000000000009,-4.072687224669603,"-3.17,-3.92,-4.07,-3.47","0.730,0.708,0.704,0.721",0,10,-4.404371584699454
NO,28,35,7,28,0.8,3632,0.697136563876652,-0.10286343612334803,-3.600220264317181,-13076,4.0,1.0252202643171804,1.0000000000000009,-4.139867841409692,"-3.25,-4.14,-3.75,-3.25","0.707,0.682,0.693,0.707",0,10,-4.363636363636363
NO,28,36,8,28,0.7777777777777778,3632,0.6811674008810573,-0.09661037689672047,-3.4779735682819384,-12632,4.0,1.0252202643171804,1.0000000000000009,-3.814977973568282,"-3.14,-3.81,-3.78,-3.18","0.691,0.672,0.673,0.689",0,10,-4.4363636363636365
NO,28,37,9,28,0.7567567567567568,3632,0.6665748898678414,-0.09018186688891539,-3.3367290748898677,-12119,4.0,1.0252202643171804,1.0000000000000009,-3.8359030837004404,"-3.10,-3.43,-3.84,-2.98","0.673,0.664,0.653,0.676",0,10,-4.454545454545454
NO,28,38,10,28,0.7368421052631579,3632,0.6544603524229075,-0.0823817528402504,-3.1305066079295156,-11370,4.0,1.0252202643171804,1.0000000000000009,-3.643171806167401,"-2.76,-3.27,-3.64,-2.85","0.664,0.651,0.641,0.662",0,10,-4.212987012987013
NO,28,39,11,28,0.717948717948718,3632,0.6365638766519823,-0.08138484129673562,-3.1740088105726874,-11528,4.0,1.0252202643171804,1.0000000000000009,-3.64647577092511,"-2.70,-3.35,-3.65,-3.00","0.649,0.632,0.624,0.641",0,10,-4.093506493506493
NO,28,40,12,28,0.7,3632,0.6225220264317181,-0.0774779735682819,-3.0991189427312777,-11256,4.0,1.0252202643171804,1.0000000000000009,-3.6387665198237884,"-2.63,-3.29,-3.64,-2.85","0.634,0.618,0.609,0.629",0,10,-4.0
NO,28,41,13,28,0.6829268292682927,3632,0.6076541850220264,-0.07527264424626634,-3.086178414096916,-11209,4.0,1.0252202643171804,1.0000000000000009,-3.4812775330396475,"-2.58,-3.39,-3.48,-2.89","0.620,0.600,0.598,0.612",0,10,-4.0550964187327825
NO,28,42,14,28,0.6666666666666666,3632,0.5960903083700441,-0.07057635829662257,-2.96420704845815,-10766,4.0,1.0252202643171804,1.0000000000000009,-3.16079295154185,"-2.51,-3.16,-3.16,-3.02","0.607,0.591,0.591,0.595",0,10,-4.05607476635514
NO,28,43,15,28,0.6511627906976745,3632,0.585352422907489,-0.06581036779018545,-2.8298458149779737,-10278,4.0,1.0252202643171804,1.0000000000000009,-3.185022026431718,"-2.29,-3.19,-2.85,-3.00","0.598,0.577,0.585,0.581",0,10,-3.8878504672897196
NO,28,44,16,28,0.6363636363636364,3632,0.5600220264317181,-0.0763416099319183,-3.359030837004405,-12200,4.0,1.0252202643171804,1.0000000000000009,-3.5770925110132157,"-2.90,-3.58,-3.38,-3.58","0.570,0.555,0.559,0.555",0,10,-4.766355140186916
NO,28,45,17,28,0.6222222222222222,3632,0.5525881057268722,-0.06963411649535,-3.133535242290749,-11381,4.0,1.0252202643171804,1.0000000000000009,-3.5176211453744495,"-2.58,-3.52,-3.17,-3.27","0.565,0.544,0.552,0.550",0,10,-4.658878504672897
NO,28,46,18,28,0.6086956521739131,3632,0.5525881057268722,-0.05610754644704086,-2.5809471365638768,-9374,4.0,1.0252202643171804,1.0000000000000009,-2.973568281938326,"-2.01,-2.97,-2.62,-2.72","0.565,0.544,0.552,0.550",0,10,-4.140186915887851
NO,28,47,19,28,0.5957446808510638,3632,0.5440528634361234,-0.051691817414940444,-2.4295154185022025,-8824,4.0,1.0252202643171804,1.0000000000000009,-2.6883259911894273,"-1.91,-2.69,-2.43,-2.69","0.555,0.539,0.544,0.539",0,10,-4.0607476635514015
NO,28,48,20,28,0.5833333333333334,3632,0.5300110132158591,-0.05332232011747429,-2.5594713656387666,-9296,4.0,1.0252202643171804,1.0000000000000009,-2.8898678414096914,"-1.99,-2.84,-2.52,-2.89","0.542,0.524,0.531,0.523",0,10,-4.0
NO,28,49,21,28,0.5714285714285714,3632,0.5214757709251101,-0.04995280050346129,-2.4476872246696035,-8890,4.0,1.0252202643171804,1.0000000000000009,-3.0682819383259914,"-1.67,-2.64,-2.42,-3.07","0.537,0.518,0.522,0.509",0,10,-3.957943925233645
NO,28,50,22,28,0.56,3632,0.513215859030837,-0.04678414096916306,-2.33920704845815,-8496,4.0,1.0252202643171804,1.0000000000000009,-3.0,"-1.40,-2.72,-2.23,-3.00","0.532,0.506,0.515,0.500",0,10,-3.467289719626168
NO,28,51,23,28,0.5490196078431373,3632,0.5068832599118943,-0.04213634793124299,-2.148953744493392,-7805,4.0,1.0252202643171804,1.0000000000000009,-2.893171806167401,"-1.10,-2.50,-2.11,-2.89","0.528,0.500,0.508,0.492",0,10,-3.453271028037383
NO,28,52,24,28,0.5384615384615384,3632,0.49642070484581496,-0.04204083361572347,-2.186123348017621,-7940,4.0,1.0252202643171804,1.0000000000000009,-2.9162995594713657,"-0.91,-2.80,-2.11,-2.92","0.521,0.485,0.498,0.482",0,10,-3.2149532710280373
NO,28,53,25,28,0.5283018867924528,3632,0.486784140969163,-0.04151774582328982,-2.200440528634361,-7992,4.0,1.0252202643171804,1.0000000000000009,-3.0176211453744495,"-1.09,-2.61,-2.08,-3.02","0.508,0.479,0.489,0.471",0,10,-3.483957219251337
NO,28,54,26,28,0.5185185185185185,3632,0.47879955947136565,-0.039718959047152835,-2.1448237885462555,-7790,4.0,1.0252202643171804,1.0000000000000009,-3.200440528634361,"-1.12,-2.31,-1.95,-3.20","0.498,0.476,0.482,0.459",0,10,-3.4545454545454546
NO,28,55,27,28,0.509090909090909,3632,0.46806167400881055,-0.04102923508209849,-2.2566079295154187,-8196,4.0,1.0252202643171804,1.0000000000000009,-3.4680616740088106,"-1.35,-2.14,-2.07,-3.47","0.485,0.470,0.471,0.446",0,10,-3.4411764705882355
NO,28,56,28,28,0.5,3632,0.45759911894273125,-0.04240088105726875,-2.3744493392070485,-8624,4.0,1.0252202643171804,1.0000000000000009,-3.700440528634361,"-1.36,-2.16,-2.28,-3.70","0.476,0.461,0.459,0.434",0,10,-3.8545454545454545
NO,28,57,29,28,0.49122807017543857,3632,0.4501651982378855,-0.04106287193755309,-2.3405837004405288,-8501,4.0,1.0252202643171804,1.0000000000000009,-3.392070484581498,"-1.38,-2.20,-2.39,-3.39","0.467,0.453,0.449,0.432",0,10,-3.4233766233766234
NO,28,58,30,28,0.4827586206896552,3632,0.4441079295154185,-0.038650691174236695,-2.241740088105727,-8142,4.0,1.0252202643171804,1.0000000000000009,-3.407488986784141,"-1.11,-2.26,-2.19,-3.41","0.464,0.444,0.445,0.424",0,10,-3.444155844155844
NO,28,59,31,28,0.4745762711864407,3632,0.4369493392070485,-0.03762693197939221,-2.219988986784141,-8063,4.0,1.0252202643171804,1.0000000000000009,-3.5682819383259914,"-0.97,-2.20,-2.14,-3.57","0.458,0.437,0.438,0.414",0,10,-3.633766233766234
NO,28,60,32,28,0.4666666666666667,3632,0.4297907488986784,-0.036875917767988264,-2.212555066079295,-8036,4.0,1.0252202643171804,1.0000000000000009,-3.616740088105727,"-0.91,-2.23,-2.10,-3.62","0.452,0.430,0.432,0.406",0,10,-3.5324675324675323
NO,28,61,33,28,0.45901639344262296,3632,0.424284140969163,-0.03473225247345996,-2.118667400881057,-7695,4.0,1.0252202643171804,1.0000000000000009,-3.344713656387665,"-0.93,-2.00,-2.20,-3.34","0.444,0.426,0.423,0.404",0,10,-3.2085561497326203
NO,28,62,34,28,0.45161290322580644,3632,0.4193281938325991,-0.03228470939320732,-2.0016519823788546,-7270,4.0,1.0252202643171804,1.0000000000000009,-3.0770925110132157,"-0.89,-1.92,-2.12,-3.08","0.437,0.421,0.417,0.402",0,10,-2.877922077922078
NO,28,63,35,28,0.4444444444444444,3632,0.41354625550660795,-0.030898188937836468,-1.9465859030837005,-7070,4.0,1.0252202643171804,1.0000000000000009,-2.883259911894273,"-1.01,-1.84,-2.05,-2.88","0.428,0.415,0.412,0.399",0,10,-2.9010695187165774
NO,28,64,36,28,0.4375,3632,0.40776431718061673,-0.02973568281938327,-1.9030837004405285,-6912,4.0,1.0252202643171804,1.0000000000000009,-2.555066079295154,"-1.07,-1.99,-1.99,-2.56","0.421,0.406,0.406,0.398",0,10,-2.9641873278236917
NO,28,65,37,28,0.4307692307692308,3632,0.4003303964757709,-0.030438834293459893,-1.97852422907489,-7186,4.0,1.0252202643171804,1.0000000000000009,-2.7301762114537445,"-1.37,-1.94,-1.87,-2.73","0.410,0.401,0.402,0.389",0,10,-2.789719626168224
NO,28,66,38,28,0.42424242424242425,3632,0.3937224669603524,-0.030519957282071852,-2.01431718061674,-7316,4.0,1.0252202643171804,1.0000000000000009,-2.7775330396475773,"-1.40,-2.05,-1.83,-2.78","0.403,0.393,0.396,0.382",0,10,-3.0186915887850465
NO,28,67,39,28,0.417910447761194,3632,0.3937224669603524,-0.024187980800841613,-1.6205947136563876,-5886,4.0,1.0252202643171804,1.0000000000000009,-2.395374449339207,"-0.99,-1.66,-1.44,-2.40","0.403,0.393,0.396,0.382",0,10,-2.6401869158878504
NO,28,68,40,28,0.4117647058823529,3632,0.38959251101321585,-0.022172194869137074,-1.5077092511013215,-5476,4.0,1.0252202643171804,1.0000000000000009,-2.3876651982378854,"-0.74,-1.49,-1.41,-2.39","0.401,0.390,0.391,0.377",0,10,-2.5234159779614327
NO,28,69,41,28,0.4057971014492754,3632,0.3838105726872247,-0.021986528762050705,-1.5170704845814977,-5510,4.0,1.0252202643171804,1.0000000000000009,-2.314977973568282,"-0.87,-1.48,-1.40,-2.31","0.393,0.384,0.385,0.372",0,10,-3.0991735537190084
NO,28,70,42,28,0.4,3632,0.37857929515418504,-0.021420704845814986,-1.4994493392070485,-5446,4.0,1.0252202643171804,1.0000000000000009,-2.1740088105726874,"-0.79,-1.40,-1.63,-2.17","0.389,0.380,0.377,0.369",0,10,-2.931129476584022
NO,29,30,1,29,0.9666666666666667,3632,0.7893722466960352,-0.17729441997063144,-5.3188325991189425,-19318,4.0,1.0252202643171804,1.0000000000000009,-6.037444933920705,"-4.42,-5.54,-6.04,-5.28","0.819,0.782,0.765,0.791",0,10,-6.704918032786885
NO,29,31,2,29,0.9354838709677419,3632,0.7742290748898678,-0.16125479607787407,-4.998898678414097,-18156,4.0,1.0252202643171804,1.0000000000000009,-5.715859030837004,"-4.28,-5.17,-5.72,-4.83","0.797,0.769,0.751,0.780",0,10,-6.385245901639344
NO,29,32,3,29,0.90625,3632,0.7326541850220264,-0.1735958149779736,-5.5550660792951545,-20176,4.0,1.0252202643171804,1.0000000000000009,-6.022026431718062,"-5.00,-5.63,-6.02,-5.56","0.750,0.730,0.718,0.732",0,10,-6.442622950819672
NO,29,33,4,29,0.8787878787878788,3632,0.7158590308370044,-0.16292884795087437,-5.3766519823788546,-19528,4.0,1.0252202643171804,1.0000000000000009,-5.776431718061674,"-4.90,-5.63,-5.78,-5.19","0.730,0.708,0.704,0.721",0,10,-6.098360655737705
NO,29,34,5,29,0.8529411764705882,3632,0.7158590308370044,-0.13708214563358379,-4.6607929515418505,-16928,4.0,1.0252202643171804,1.0000000000000009,-5.072687224669603,"-4.17,-4.92,-5.07,-4.47","0.730,0.708,0.704,0.721",0,10,-5.404371584699454
NO,29,35,6,29,0.8285714285714286,3632,0.697136563876652,-0.1314348646947766,-4.600220264317181,-16708,4.0,1.0252202643171804,1.0000000000000009,-5.139867841409692,"-4.25,-5.14,-4.75,-4.25","0.707,0.682,0.693,0.707",0,10,-5.363636363636363
NO,29,36,7,29,0.8055555555555556,3632,0.6811674008810573,-0.12438815467449826,-4.477973568281938,-16264,4.0,1.0252202643171804,1.0000000000000009,-4.814977973568282,"-4.14,-4.81,-4.78,-4.18","0.691,0.672,0.673,0.689",0,10,-5.4363636363636365
NO,29,37,8,29,0.7837837837837838,3632,0.6665748898678414,-0.11720889391594236,-4.336729074889868,-15751,4.0,1.0252202643171804,1.0000000000000009,-4.83590308370044,"-4.10,-4.43,-4.84,-3.98","0.673,0.664,0.653,0.676",0,10,-5.454545454545454
NO,29,38,9,29,0.7631578947368421,3632,0.6544603524229075,-0.10869754231393469,-4.130506607929515,-15002,4.0,1.0252202643171804,1.0000000000000009,-4.643171806167401,"-3.76,-4.27,-4.64,-3.85","0.664,0.651,0.641,0.662",0,10,-5.212987012987013
NO,29,39,10,29,0.7435897435897436,3632,0.6365638766519823,-0.10702586693776128,-4.174008810572687,-15160,4.0,1.0252202643171804,1.0000000000000009,-4.64647577092511,"-3.70,-4.35,-4.65,-4.00","0.649,0.632,0.624,0.641",0,10,-5.093506493506493
NO,29,40,11,29,0.725,3632,0.6225220264317181,-0.10247797356828192,-4.099118942731278,-14888,4.0,1.0252202643171804,1.0000000000000009,-4.638766519823789,"-3.63,-4.29,-4.64,-3.85","0.634,0.618,0.609,0.629",0,10,-5.0
NO,29,41,12,29,0.7073170731707317,3632,0.6076541850220264,-0.09966288814870528,-4.086178414096916,-14841,4.0,1.0252202643171804,1.0000000000000009,-4.4812775330396475,"-3.58,-4.39,-4.48,-3.89","0.620,0.600,0.598,0.612",0,10,-5.0550964187327825
NO,29,42,13,29,0.6904761904761905,3632,0.5960903083700441,-0.0943858821061464,-3.96420704845815,-14398,4.0,1.0252202643171804,1.0000000000000009,-4.1607929515418505,"-3.51,-4.16,-4.16,-4.02","0.607,0.591,0.591,0.595",0,10,-5.05607476635514
NO,29,43,14,29,0.6744186046511628,3632,0.585352422907489,-0.08906618174367376,-3.8298458149779737,-13910,4.0,1.0252202643171804,1.0000000000000009,-4.185022026431718,"-3.29,-4.19,-3.85,-4.00","0.598,0.577,0.585,0.581",0,10,-4.88785046728972
NO,29,44,15,29,0.6590909090909091,3632,0.5600220264317181,-0.099068882659191,-4.359030837004405,-15832,4.0,1.0252202643171804,1.0000000000000009,-4.577092511013216,"-3.90,-4.58,-4.38,-4.58","0.570,0.555,0.559,0.555",0,10,-5.766355140186916
NO,29,45,16,29,0.6444444444444445,3632,0.5525881057268722,-0.09185633871757226,-4.1335352422907485,-15013,4.0,1.0252202643171804,1.0000000000000009,-4.5176211453744495,"-3.58,-4.52,-4.17,-4.27","0.565,0.544,0.552,0.550",0,10,-5.658878504672897
NO,29,46,17,29,0.6304347826086957,3632,0.5525881057268722,-0.07784667688182345,-3.5809471365638768,-13006,4.0,1.0252202643171804,1.0000000000000009,-3.973568281938326,"-3.01,-3.97,-3.62,-3.72","0.565,0.544,0.552,0.550",0,10,-5.140186915887851
NO,29,47,18,29,0.6170212765957447,3632,0.5440528634361234,-0.07296841315962133,-3.4295154185022025,-12456,4.0,1.0252202643171804,1.0000000000000009,-3.6883259911894273,"-2.91,-3.69,-3.43,-3.69","0.555,0.539,0.544,0.539",0,10,-5.0607476635514015
NO,29,48,19,29,0.6041666666666666,3632,0.5300110132158591,-0.07415565345080755,-3.5594713656387666,-12928,4.0,1.0252202643171804,1.0000000000000009,-3.8898678414096914,"-2.99,-3.84,-3.52,-3.89","0.542,0.524,0.531,0.523",0,10,-5.0
NO,29,49,20,29,0.5918367346938775,3632,0.5214757709251101,-0.07036096376876744,-3.4476872246696035,-12522,4.0,1.0252202643171804,1.0000000000000009,-4.068281938325991,"-2.67,-3.64,-3.42,-4.07","0.537,0.518,0.522,0.509",0,10,-4.957943925233645
NO,29,50,21,29,0.58,3632,0.513215859030837,-0.06678414096916296,-3.33920704845815,-12128,4.0,1.0252202643171804,1.0000000000000009,-4.0,"-2.40,-3.72,-3.23,-4.00","0.532,0.506,0.515,0.500",0,10,-4.4672897196261685
NO,29,51,22,29,0.5686274509803921,3632,0.5068832599118943,-0.06174419106849782,-3.148953744493392,-11437,4.0,1.0252202643171804,1.0000000000000009,-3.893171806167401,"-2.10,-3.50,-3.11,-3.89","0.528,0.500,0.508,0.492",0,10,-4.453271028037383
NO,29,52,23,29,0.5576923076923077,3632,0.49642070484581496,-0.061271602846492745,-3.186123348017621,-11572,4.0,1.0252202643171804,1.0000000000000009,-3.9162995594713657,"-1.91,-3.80,-3.11,-3.92","0.521,0.485,0.498,0.482",0,10,-4.214953271028038
NO,29,53,24,29,0.5471698113207547,3632,0.486784140969163,-0.0603856703515917,-3.200440528634361,-11624,4.0,1.0252202643171804,1.0000000000000009,-4.0176211453744495,"-2.09,-3.61,-3.08,-4.02","0.508,0.479,0.489,0.471",0,10,-4.483957219251337
NO,29,54,25,29,0.5370370370370371,3632,0.47879955947136565,-0.058237477565671436,-3.1448237885462555,-11422,4.0,1.0252202643171804,1.0000000000000009,-4.200440528634362,"-2.12,-3.31,-2.95,-4.20","0.498,0.476,0.482,0.459",0,10,-4.454545454545454
NO,29,55,26,29,0.5272727272727272,3632,0.46806167400881055,-0.05921105326391668,-3.2566079295154187,-11828,4.0,1.0252202643171804,1.0000000000000009,-4.46806167400881,"-2.35,-3.14,-3.07,-4.47","0.485,0.470,0.471,0.446",0,10,-4.4411764705882355
NO,29,56,27,29,0.5178571428571429,3632,0.45759911894273125,-0.06025802391441165,-3.3744493392070485,-12256,4.0,1.0252202643171804,1.0000000000000009,-4.700440528634362,"-2.36,-3.16,-3.28,-4.70","0.476,0.461,0.459,0.434",0,10,-4.8545454545454545
NO,29,57,28,29,0.5087719298245614,3632,0.4501651982378855,-0.05860673158667595,-3.3405837004405288,-12133,4.0,1.0252202643171804,1.0000000000000009,-4.392070484581498,"-2.38,-3.20,-3.39,-4.39","0.467,0.453,0.449,0.432",0,10,-4.423376623376623
NO,29,58,29,29,0.5,3632,0.4441079295154185,-0.0558920704845815,-3.241740088105727,-11774,4.0,1.0252202643171804,1.0000000000000009,-4.407488986784141,"-2.11,-3.26,-3.19,-4.41","0.464,0.444,0.445,0.424",0,10,-4.444155844155844
NO,29,59,30,29,0.4915254237288136,3632,0.4369493392070485,-0.0545760845217651,-3.219988986784141,-11695,4.0,1.0252202643171804,1.0000000000000009,-4.568281938325991,"-1.97,-3.20,-3.14,-4.57","0.458,0.437,0.438,0.414",0,10,-4.6337662337662335
NO,29,60,31,29,0.48333333333333334,3632,0.4297907488986784,-0.05354258443465493,-3.212555066079295,-11668,4.0,1.0252202643171804,1.0000000000000009,-4.616740088105727,"-1.91,-3.23,-3.10,-4.62","0.452,0.430,0.432,0.406",0,10,-4.532467532467533
NO,29,61,32,29,0.47540983606557374,3632,0.424284140969163,-0.05112569509641074,-3.118667400881057,-11327,4.0,1.0252202643171804,1.0000000000000009,-4.344713656387666,"-1.93,-3.00,-3.20,-4.34","0.444,0.426,0.423,0.404",0,10,-4.208556149732621
NO,29,62,33,29,0.46774193548387094,3632,0.4193281938325991,-0.048413741651271824,-3.0016519823788546,-10902,4.0,1.0252202643171804,1.0000000000000009,-4.077092511013216,"-1.89,-2.92,-3.12,-4.08","0.437,0.421,0.417,0.402",0,10,-3.877922077922078
NO,29,63,34,29,0.4603174603174603,3632,0.41354625550660795,-0.04677120481085234,-2.9465859030837005,-10702,4.0,1.0252202643171804,1.0000000000000009,-3.883259911894273,"-2.01,-2.84,-3.05,-3.88","0.428,0.415,0.412,0.399",0,10,-3.9010695187165774
NO,29,64,35,29,0.453125,3632,0.40776431718061673,-0.04536068281938327,-2.9030837004405288,-10544,4.0,1.0252202643171804,1.0000000000000009,-3.555066079295154,"-2.07,-2.99,-2.99,-3.56","0.421,0.406,0.406,0.398",0,10,-3.9641873278236917
NO,29,65,36,29,0.4461538461538462,3632,0.4003303964757709,-0.04582344967807528,-2.97852422907489,-10818,4.0,1.0252202643171804,1.0000000000000009,-3.7301762114537445,"-2.37,-2.94,-2.87,-3.73","0.410,0.401,0.402,0.389",0,10,-3.789719626168224
NO,29,66,37,29,0.4393939393939394,3632,0.3937224669603524,-0.04567147243358699,-3.01431718061674,-10948,4.0,1.0252202643171804,1.0000000000000009,-3.7775330396475773,"-2.40,-3.05,-2.83,-3.78","0.403,0.393,0.396,0.382",0,10,-4.018691588785047
NO,29,67,38,29,0.43283582089552236,3632,0.3937224669603524,-0.03911335393516996,-2.620594713656388,-9518,4.0,1.0252202643171804,1.0000000000000009,-3.395374449339207,"-1.99,-2.66,-2.44,-3.40","0.403,0.393,0.396,0.382",0,10,-3.6401869158878504
NO,29,68,39,29,0.4264705882352941,3632,0.38959251101321585,-0.036878077222078254,-2.5077092511013217,-9108,4.0,1.0252202643171804,1.0000000000000009,-3.3876651982378854,"-1.74,-2.49,-2.41,-3.39","0.401,0.390,0.391,0.377",0,10,-3.5234159779614327
NO,29,69,40,29,0.42028985507246375,3632,0.3838105726872247,-0.036479282385239065,-2.517070484581498,-9142,4.0,1.0252202643171804,1.0000000000000009,-3.314977973568282,"-1.87,-2.48,-2.40,-3.31","0.393,0.384,0.385,0.372",0,10,-4.099173553719008
NO,29,70,41,29,0.4142857142857143,3632,0.37857929515418504,-0.03570641913152928,-2.4994493392070485,-9078,4.0,1.0252202643171804,1.0000000000000009,-3.1740088105726874,"-1.79,-2.40,-2.63,-3.17","0.389,0.380,0.377,0.369",0,10,-3.931129476584022
NO,30,31,1,30,0.967741935483871,3742,0.7990379476215927,-0.16870398786227825,-5.229823623730625,-19570,4.0,1.0276857295563866,1.0000000000000009,-5.896256684491979,"-4.70,-5.33,-5.90,-4.99","0.816,0.796,0.778,0.807",0,10,-6.303258145363409
NO,30,32,2,30,0.9375,3742,0.7581507215392838,-0.17934927846071624,-5.739176910742918,-21476,4.0,1.0276857295563866,1.0000000000000009,-6.179679144385027,"-5.35,-5.73,-6.18,-5.69","0.770,0.758,0.744,0.760",0,10,-6.741854636591479
NO,30,33,3,30,0.9090909090909091,3742,0.7418492784607162,-0.16724163063019282,-5.518973810796366,-20652,4.0,1.0276857295563866,1.0000000000000009,-5.858823529411764,"-5.25,-5.58,-5.86,-5.39","0.750,0.740,0.732,0.746",0,10,-6.428571428571429
NO,30,34,4,30,0.8823529411764706,3742,0.7418492784607162,-0.14050366271575432,-4.777124532335649,-17876,4.0,1.0276857295563866,1.0000000000000009,-5.127272727272727,"-4.50,-4.84,-5.13,-4.65","0.750,0.740,0.732,0.746",0,10,-5.714285714285714
NO,30,35,5,30,0.8571428571428571,3742,0.725013361838589,-0.1321294953042681,-4.624532335649385,-17305,4.0,1.0276857295563866,1.0000000000000009,-4.882352941176471,"-4.50,-4.88,-4.77,-4.35","0.729,0.718,0.721,0.733",0,10,-5.393401015228426
NO,30,36,6,30,0.8333333333333334,3742,0.709246392303581,-0.12408694102975237,-4.467129877071085,-16716,4.0,1.0276857295563866,1.0000000000000009,-4.742245989304813,"-4.35,-4.55,-4.74,-4.23","0.713,0.707,0.702,0.716",0,10,-5.32994923857868
NO,30,37,7,30,0.8108108108108109,3742,0.6945483698556921,-0.11626244095511873,-4.301710315339391,-16097,4.0,1.0276857295563866,1.0000000000000009,-4.713368983957219,"-4.35,-4.12,-4.71,-4.03","0.693,0.699,0.683,0.702",0,10,-5.48984771573604
NO,30,38,8,30,0.7894736842105263,3742,0.6814537680384821,-0.1080199161720442,-4.10475681453768,-15360,4.0,1.0276857295563866,1.0000000000000009,-4.517647058823529,"-3.94,-4.07,-4.52,-3.90","0.686,0.682,0.671,0.687",0,10,-5.116751269035533
NO,30,39,9,30,0.7692307692307693,3742,0.6632816675574559,-0.1059491016733134,-4.13201496525922,-15462,4.0,1.0276857295563866,1.0000000000000009,-4.472727272727273,"-3.83,-4.22,-4.47,-4.00","0.671,0.661,0.655,0.667",0,10,-4.956852791878172
NO,30,40,10,30,0.75,3742,0.6485836451095671,-0.10141635489043288,-4.056654195617317,-15180,4.0,1.0276857295563866,1.0000000000000009,-4.588235294117647,"-3.68,-4.16,-4.59,-3.80","0.658,0.646,0.635,0.655",0,10,-4.720812182741117
NO,30,41,11,30,0.7317073170731707,3742,0.632816675574559,-0.09889064149861171,-4.054516301443079,-15172,4.0,1.0276857295563866,1.0000000000000009,-4.479144385026738,"-3.67,-4.26,-4.48,-3.81","0.642,0.628,0.622,0.639",0,10,-4.944444444444445
NO,30,42,12,30,0.7142857142857143,3742,0.6218599679315874,-0.09242574635412693,-3.88188134687333,-14526,4.0,1.0276857295563866,1.0000000000000009,-4.1262032085561495,"-3.48,-4.08,-4.13,-3.84","0.631,0.617,0.616,0.623",0,10,-4.777777777777778
NO,30,43,13,30,0.6976744186046512,3742,0.6098343132014965,-0.08784010540315468,-3.7771245323356495,-14134,4.0,1.0276857295563866,1.0000000000000009,-4.062032085561498,"-3.26,-4.06,-3.83,-3.95","0.622,0.603,0.609,0.606",0,10,-4.632275132275132
NO,30,44,14,30,0.6818181818181818,3742,0.5839123463388562,-0.09790583547932552,-4.307856761090326,-16120,4.0,1.0276857295563866,1.0000000000000009,-4.568376068376068,"-3.86,-4.45,-4.35,-4.57","0.594,0.581,0.583,0.578",0,10,-5.2063492063492065
NO,30,45,15,30,0.6666666666666666,3742,0.5753607696419027,-0.09130589702476388,-4.108765366114377,-15375,4.0,1.0276857295563866,1.0000000000000009,-4.347593582887701,"-3.65,-4.35,-4.16,-4.28","0.585,0.570,0.574,0.572",0,10,-5.179372197309417
NO,30,46,16,30,0.6521739130434783,3742,0.5753607696419027,-0.07681314340157552,-3.5334045964724745,-13222,4.0,1.0276857295563866,1.0000000000000009,-3.7775401069518715,"-3.07,-3.78,-3.58,-3.71","0.585,0.570,0.574,0.572",0,10,-4.62780269058296
NO,30,47,17,30,0.6382978723404256,3742,0.5662747194013896,-0.07202315293903594,-3.3850881881346875,-12667,4.0,1.0276857295563866,1.0000000000000009,-3.6880341880341883,"-2.93,-3.51,-3.41,-3.69","0.576,0.564,0.566,0.560",0,10,-4.708520179372197
NO,30,48,18,30,0.625,3742,0.5523784072688402,-0.07262159273115976,-3.485836451095671,-13044,4.0,1.0276857295563866,1.0000000000000009,-3.8974358974358974,"-3.03,-3.56,-3.46,-3.90","0.562,0.551,0.553,0.544",0,10,-4.816143497757848
NO,30,49,19,30,0.6122448979591837,3742,0.5443613041154463,-0.06788359384373743,-3.326296098343132,-12447,4.0,1.0276857295563866,1.0000000000000009,-4.034188034188034,"-2.67,-3.33,-3.27,-4.03","0.558,0.544,0.545,0.530",0,10,-4.7309417040358746
NO,30,50,20,30,0.6,3742,0.5363442009620524,-0.0636557990379476,-3.182789951897381,-11910,4.0,1.0276857295563866,1.0000000000000009,-3.9316239316239314,"-2.38,-3.37,-3.05,-3.93","0.552,0.533,0.539,0.521",0,10,-4.348958333333333
NO,30,51,21,30,0.5882352941176471,3742,0.5293960448957776,-0.05883924922186945,-3.0008017103153395,-11229,4.0,1.0276857295563866,1.0000000000000009,-3.8461538461538463,"-2.10,-3.11,-2.95,-3.85","0.547,0.527,0.530,0.513",0,10,-4.234375
NO,30,52,22,30,0.5769230769230769,3742,0.519775521111705,-0.057147555811371875,-2.9716729021913415,-11120,4.0,1.0276857295563866,1.0000000000000009,-3.8333333333333335,"-1.89,-3.36,-2.80,-3.83","0.541,0.512,0.523,0.503",0,10,-4.270833333333333
NO,30,53,23,30,0.5660377358490566,3742,0.5090860502405131,-0.05695168560854347,-3.018439337252806,-11295,4.0,1.0276857295563866,1.0000000000000009,-3.8963675213675213,"-2.03,-3.19,-2.96,-3.90","0.528,0.506,0.510,0.493",0,10,-4.604166666666667
NO,30,54,24,30,0.5555555555555556,3742,0.5008017103153394,-0.054753845240216203,-2.956707642971673,-11064,4.0,1.0276857295563866,1.0000000000000009,-4.038461538461538,"-2.02,-2.91,-2.86,-4.04","0.518,0.502,0.503,0.481",0,10,-4.546875
NO,30,55,25,30,0.5454545454545454,3742,0.4890432923570283,-0.0564112530975171,-3.102618920363442,-11610,4.0,1.0276857295563866,1.0000000000000009,-4.439102564102564,"-2.26,-2.76,-2.94,-4.44","0.504,0.495,0.492,0.465",0,10,-4.505208333333333
NO,30,56,26,30,0.5357142857142857,3742,0.47835382148583644,-0.05736046422844926,-3.2121859967931585,-12020,4.0,1.0276857295563866,1.0000000000000009,-4.572649572649572,"-2.24,-2.87,-3.17,-4.57","0.496,0.484,0.479,0.454",0,10,-4.778625954198473
NO,30,57,27,30,0.5263157894736842,3742,0.4706039551042223,-0.055711834369461866,-3.1755745590593265,-11883,4.0,1.0276857295563866,1.0000000000000009,-4.240384615384615,"-2.29,-2.87,-3.30,-4.24","0.486,0.476,0.468,0.452",0,10,-4.32824427480916
NO,30,58,28,30,0.5172413793103449,3742,0.46392303580972744,-0.05331834350061743,-3.0924639230358095,-11572,4.0,1.0276857295563866,1.0000000000000009,-4.284188034188034,"-1.99,-3.02,-3.08,-4.28","0.483,0.465,0.464,0.443",0,10,-4.468193384223919
NO,30,59,29,30,0.5084745762711864,3742,0.4564404061998931,-0.052034170071293295,-3.070016034206307,-11488,4.0,1.0276857295563866,1.0000000000000009,-4.471153846153846,"-1.82,-2.93,-3.06,-4.47","0.478,0.459,0.457,0.433",0,10,-4.778625954198473
NO,30,60,30,30,0.5,3742,0.4497594869053982,-0.05024051309460181,-3.014430785676109,-11280,4.0,1.0276857295563866,1.0000000000000009,-4.487179487179487,"-1.73,-2.86,-2.98,-4.49","0.471,0.452,0.450,0.425",0,10,-4.656488549618321
NO,30,61,31,30,0.4918032786885246,3742,0.4436130411544629,-0.04819023753406171,-2.939604489577766,-11000,4.0,1.0276857295563866,1.0000000000000009,-4.1923076923076925,"-1.78,-2.73,-3.06,-4.19","0.463,0.447,0.442,0.423",0,10,-4.234096692111959
NO,30,62,32,30,0.4838709677419355,3742,0.4388027792624265,-0.045068188479509,-2.7942276857295565,-10456,4.0,1.0276857295563866,1.0000000000000009,-3.9017094017094016,"-1.72,-2.61,-2.95,-3.90","0.456,0.442,0.436,0.421",0,10,-3.969465648854962
NO,30,63,33,30,0.47619047619047616,3742,0.4326563335114912,-0.04353414267898498,-2.7426509887760555,-10263,4.0,1.0276857295563866,1.0000000000000009,-3.75,"-1.87,-2.51,-2.85,-3.75","0.447,0.436,0.431,0.417",0,10,-3.75
NO,30,64,34,30,0.46875,3742,0.42624265098877606,-0.04250734901122394,-2.7204703367183325,-10180,4.0,1.0276857295563866,1.0000000000000009,-3.47008547008547,"-1.90,-2.69,-2.83,-3.47","0.439,0.427,0.425,0.415",0,10,-3.455470737913486
NO,30,65,35,30,0.46153846153846156,3742,0.41849278460716194,-0.043045676931299626,-2.7979690005344735,-10470,4.0,1.0276857295563866,1.0000000000000009,-3.611111111111111,"-2.15,-2.68,-2.75,-3.61","0.428,0.420,0.419,0.406",0,10,-3.6040609137055837
NO,30,66,36,30,0.45454545454545453,3742,0.41154462854088725,-0.04300082600456728,-2.838054516301443,-10620,4.0,1.0276857295563866,1.0000000000000009,-3.628205128205128,"-2.29,-2.82,-2.61,-3.63","0.420,0.412,0.415,0.400",0,10,-3.700507614213198
NO,30,67,37,30,0.44776119402985076,3742,0.41154462854088725,-0.036216565488963515,-2.426509887760556,-9080,4.0,1.0276857295563866,1.0000000000000009,-3.2286324786324787,"-1.87,-2.41,-2.20,-3.23","0.420,0.412,0.415,0.400",0,10,-3.302030456852792
NO,30,68,38,30,0.4411764705882353,3742,0.4072688401924105,-0.033907630395824784,-2.3057188669160875,-8628,4.0,1.0276857295563866,1.0000000000000009,-3.264957264957265,"-1.67,-2.15,-2.15,-3.26","0.417,0.410,0.410,0.393",0,10,-3.248730964467005
NO,30,69,39,30,0.43478260869565216,3742,0.40085515766969537,-0.03392745102595679,-2.340994120791021,-8760,4.0,1.0276857295563866,1.0000000000000009,-3.3141025641025643,"-1.69,-2.18,-2.18,-3.31","0.410,0.403,0.403,0.387",0,10,-3.6995515695067263
NO,30,70,40,30,0.42857142857142855,3742,0.3949759486905398,-0.033595479880888734,-2.3516835916622125,-8800,4.0,1.0276857295563866,1.0000000000000009,-3.2264957264957266,"-1.66,-2.15,-2.37,-3.23","0.405,0.398,0.395,0.382",0,10,-3.632286995515695
NO,31,32,1,31,0.96875,3835,0.7783572359843546,-0.19039276401564542,-6.092568448500652,-23365,4.0,1.0297522816166882,1.0000000000000009,-6.515657620041754,"-5.51,-6.11,-6.52,-6.24","0.797,0.778,0.765,0.774",0,10,-7.197044334975369
NO,31,33,2,31,0.9393939393939394,3835,0.7616688396349414,-0.17772509975899808,-5.864928292046936,-22492,4.0,1.0297522816166882,1.0000000000000009,-6.163883089770355,"-5.43,-5.98,-6.16,-5.88","0.775,0.758,0.753,0.761",0,10,-6.859605911330049
NO,31,34,3,31,0.9117647058823529,3835,0.7616688396349414,-0.15009586624741156,-5.1032594524119945,-19571,4.0,1.0297522816166882,1.0000000000000009,-5.411273486430063,"-4.66,-5.23,-5.41,-5.12","0.775,0.758,0.753,0.761",0,10,-6.12807881773399
NO,31,35,4,31,0.8857142857142857,3835,0.7444589308996089,-0.14125535481467677,-4.9439374185136895,-18960,4.0,1.0297522816166882,1.0000000000000009,-5.197080291970803,"-4.69,-5.20,-5.06,-4.83","0.752,0.737,0.741,0.748",0,10,-5.741379310344827
NO,31,36,5,31,0.8611111111111112,3835,0.7285528031290743,-0.13255830798203683,-4.772099087353324,-18301,4.0,1.0297522816166882,1.0000000000000009,-5.033402922755741,"-4.50,-4.84,-5.03,-4.72","0.736,0.727,0.721,0.730",0,10,-5.551724137931035
NO,31,37,6,31,0.8378378378378378,3835,0.7136897001303781,-0.1241481377074597,-4.593481095176011,-17616,4.0,1.0297522816166882,1.0000000000000009,-4.968684759916493,"-4.46,-4.42,-4.97,-4.53","0.717,0.718,0.704,0.715",0,10,-5.6600496277915635
NO,31,38,7,31,0.8157894736842105,3835,0.7011734028683181,-0.11461607081589242,-4.355410691003911,-16703,4.0,1.0297522816166882,1.0000000000000009,-4.741127348643007,"-4.09,-4.21,-4.74,-4.37","0.708,0.705,0.691,0.701",0,10,-5.352357320099256
NO,31,39,8,31,0.7948717948717948,3835,0.681877444589309,-0.11299435028248583,-4.406779661016949,-16900,4.0,1.0297522816166882,1.0000000000000009,-4.864300626304802,"-3.92,-4.40,-4.86,-4.44","0.694,0.682,0.670,0.681",0,10,-5.064516129032258
NO,31,40,9,31,0.775,3835,0.6677966101694915,-0.10720338983050848,-4.288135593220339,-16445,4.0,1.0297522816166882,1.0000000000000009,-4.903966597077244,"-3.68,-4.31,-4.90,-4.26","0.683,0.667,0.652,0.668",0,10,-4.917525773195877
NO,31,41,10,31,0.7560975609756098,3835,0.6524119947848761,-0.10368556619073366,-4.251108213820078,-16303,4.0,1.0297522816166882,1.0000000000000009,-4.850730688935282,"-3.60,-4.36,-4.85,-4.19","0.668,0.650,0.638,0.654",0,10,-5.147783251231527
NO,31,42,11,31,0.7380952380952381,3835,0.6414602346805737,-0.09663500341466447,-4.058670143415906,-15565,4.0,1.0297522816166882,1.0000000000000009,-4.475991649269311,"-3.36,-4.20,-4.48,-4.20","0.658,0.638,0.632,0.638",0,10,-5.020618556701031
NO,31,43,12,31,0.7209302325581395,3835,0.6297262059973925,-0.091204026560747,-3.921773142112125,-15040,4.0,1.0297522816166882,1.0000000000000009,-4.231491136600626,"-3.11,-4.19,-4.16,-4.23","0.649,0.624,0.624,0.623",0,10,-4.892857142857143
NO,31,44,13,31,0.7045454545454546,3835,0.6028683181225554,-0.10167713642289922,-4.473794002607562,-17157,4.0,1.0297522816166882,1.0000000000000009,-4.75599582898853,"-4.02,-4.48,-4.64,-4.76","0.613,0.603,0.599,0.596",0,10,-5.857142857142857
NO,31,45,14,31,0.6888888888888889,3835,0.5937418513689701,-0.09514703751991882,-4.281616688396349,-16420,4.0,1.0297522816166882,1.0000000000000009,-4.48800834202294,"-3.88,-4.35,-4.41,-4.49","0.603,0.592,0.591,0.589",0,10,-5.888392857142857
NO,31,46,15,31,0.6739130434782609,3835,0.5937418513689701,-0.0801711921092908,-3.6878748370273793,-14143,4.0,1.0297522816166882,1.0000000000000009,-3.8988529718456726,"-3.28,-3.75,-3.82,-3.90","0.603,0.592,0.591,0.589",0,10,-5.330357142857143
NO,31,47,16,31,0.6595744680851063,3835,0.5851368970013038,-0.07443757108380256,-3.4985658409387224,-13417,4.0,1.0297522816166882,1.0000000000000009,-3.7997914494264857,"-3.06,-3.51,-3.62,-3.80","0.594,0.585,0.582,0.579",0,10,-5.191964285714286
NO,31,48,17,31,0.6458333333333334,3835,0.5715775749674055,-0.0742557583659279,-3.564276401564537,-13669,4.0,1.0297522816166882,1.0000000000000009,-4.071949947862357,"-3.12,-3.47,-3.59,-4.07","0.581,0.574,0.571,0.561",0,10,-5.5
NO,31,49,18,31,0.6326530612244898,3835,0.563754889178618,-0.06889817204587179,-3.3760104302477183,-12947,4.0,1.0297522816166882,1.0000000000000009,-4.175182481751825,"-2.69,-3.20,-3.43,-4.18","0.578,0.567,0.563,0.547",0,10,-5.40625
NO,31,50,19,31,0.62,3835,0.5554106910039114,-0.06458930899608861,-3.229465449804433,-12385,4.0,1.0297522816166882,1.0000000000000009,-3.9927007299270074,"-2.43,-3.26,-3.23,-3.99","0.571,0.555,0.555,0.540",0,10,-4.883928571428571
NO,31,51,20,31,0.6078431372549019,3835,0.5483702737940026,-0.059472863460899306,-3.033116036505867,-11632,4.0,1.0297522816166882,1.0000000000000009,-3.9311783107403544,"-2.12,-2.97,-3.10,-3.93","0.566,0.550,0.547,0.531",0,10,-4.816964285714286
NO,31,52,21,31,0.5961538461538461,3835,0.5382007822685789,-0.05795306388526722,-3.013559322033898,-11557,4.0,1.0297522816166882,1.0000000000000009,-3.942648592283629,"-1.88,-3.24,-2.99,-3.94","0.560,0.534,0.539,0.520",0,10,-4.535714285714286
NO,31,53,22,31,0.5849056603773585,3835,0.5282920469361148,-0.056613613441243715,-3.000521512385919,-11507,4.0,1.0297522816166882,1.0000000000000009,-3.9197080291970803,"-1.93,-3.04,-3.12,-3.92","0.548,0.528,0.526,0.511",0,10,-4.263392857142857
NO,31,54,23,31,0.5740740740740741,3835,0.519426336375489,-0.05464773769858511,-2.9509778357235983,-11317,4.0,1.0297522816166882,1.0000000000000009,-4.084462982273201,"-1.89,-2.85,-2.99,-4.08","0.539,0.521,0.519,0.498",0,10,-4.137055837563452
NO,31,55,24,31,0.5636363636363636,3835,0.5074315514993482,-0.05620481213701545,-3.091264667535854,-11855,4.0,1.0297522816166882,1.0000000000000009,-4.5036496350364965,"-2.15,-2.67,-3.04,-4.50","0.525,0.515,0.508,0.482",0,10,-4.482142857142857
NO,31,56,25,31,0.5535714285714286,3835,0.49674054758800523,-0.05683088098342337,-3.182529335071708,-12205,4.0,1.0297522816166882,1.0000000000000009,-4.664233576642336,"-2.09,-2.68,-3.29,-4.66","0.516,0.506,0.495,0.470",0,10,-4.82
NO,31,57,26,31,0.543859649122807,3835,0.48839634941329857,-0.05546329970950847,-3.1614080834419815,-12124,4.0,1.0297522816166882,1.0000000000000009,-4.4911366006256515,"-2.05,-2.71,-3.39,-4.49","0.508,0.496,0.484,0.465",0,10,-4.380710659898477
NO,31,58,27,31,0.5344827586206896,3835,0.481877444589309,-0.052605314031380634,-3.0511082138200782,-11701,4.0,1.0297522816166882,1.0000000000000009,-4.570385818561001,"-1.73,-2.76,-3.15,-4.57","0.505,0.487,0.480,0.456",0,10,-4.465
NO,31,59,28,31,0.5254237288135594,3835,0.4740547588005215,-0.05136897001303786,-3.0307692307692307,-11623,4.0,1.0297522816166882,1.0000000000000009,-4.668404588112617,"-1.53,-2.76,-3.16,-4.67","0.499,0.479,0.472,0.446",0,10,-4.745
NO,31,60,29,31,0.5166666666666667,3835,0.4670143415906128,-0.04965232507605394,-2.9791395045632334,-11425,4.0,1.0297522816166882,1.0000000000000009,-4.660062565172054,"-1.41,-2.72,-3.13,-4.66","0.493,0.471,0.465,0.439",0,10,-4.6
NO,31,61,30,31,0.5081967213114754,3835,0.4604954367666232,-0.04770128454485223,-2.9097783572359845,-11159,4.0,1.0297522816166882,1.0000000000000009,-4.348279457768509,"-1.42,-2.57,-3.30,-4.35","0.485,0.466,0.454,0.437",0,10,-4.215736040609137
NO,31,62,31,31,0.5,3835,0.455019556714472,-0.04498044328552803,-2.788787483702738,-10695,4.0,1.0297522816166882,1.0000000000000009,-4.040667361835245,"-1.39,-2.49,-3.24,-4.04","0.478,0.460,0.448,0.435",0,10,-3.875
NO,31,63,32,31,0.49206349206349204,3835,0.4485006518904824,-0.043562840173009654,-2.744458930899609,-10525,4.0,1.0297522816166882,1.0000000000000009,-4.0,"-1.50,-2.36,-3.12,-4.00","0.468,0.455,0.443,0.429",0,10,-3.8448275862068964
NO,31,64,33,31,0.484375,3835,0.4411994784876141,-0.043175521512385906,-2.763233376792699,-10597,4.0,1.0297522816166882,1.0000000000000009,-3.7716371220020855,"-1.57,-2.64,-3.08,-3.77","0.460,0.443,0.436,0.425",0,10,-3.7106598984771573
NO,31,65,34,31,0.47692307692307695,3835,0.433116036505867,-0.04380704041720995,-2.847457627118644,-10920,4.0,1.0297522816166882,1.0000000000000009,-3.9562043795620436,"-1.79,-2.67,-2.98,-3.96","0.449,0.436,0.431,0.416",0,10,-4.013392857142857
NO,31,66,35,31,0.4696969696969697,3835,0.42503259452411996,-0.04466437517284977,-2.9478487614080833,-11305,4.0,1.0297522816166882,1.0000000000000009,-4.021897810218978,"-2.03,-2.78,-2.96,-4.02","0.439,0.428,0.425,0.409",0,10,-4.1875
NO,31,67,36,31,0.4626865671641791,3835,0.42503259452411996,-0.03765397264005915,-2.5228161668839637,-9675,4.0,1.0297522816166882,1.0000000000000009,-3.613138686131387,"-1.59,-2.36,-2.54,-3.61","0.439,0.428,0.425,0.409",0,10,-3.78125
NO,31,68,37,31,0.45588235294117646,3835,0.42033898305084744,-0.035543369890329024,-2.4169491525423727,-9269,4.0,1.0297522816166882,1.0000000000000009,-3.7007299270072993,"-1.43,-2.07,-2.47,-3.70","0.435,0.425,0.420,0.401",0,10,-3.6785714285714284
NO,31,69,38,31,0.4492753623188406,3835,0.4138200782268579,-0.035455284091982675,-2.4464146023468056,-9382,4.0,1.0297522816166882,1.0000000000000009,-3.7309697601668406,"-1.43,-2.15,-2.48,-3.73","0.429,0.418,0.413,0.395",0,10,-3.892857142857143
NO,31,70,39,31,0.44285714285714284,3835,0.4078226857887875,-0.03503445706835534,-2.452411994784876,-9405,4.0,1.0297522816166882,1.0000000000000009,-3.627737226277372,"-1.44,-2.09,-2.65,-3.63","0.422,0.413,0.405,0.391",0,10,-3.8125
NO,32,33,1,32,0.9696969696969697,4060,0.8110837438423645,-0.15861322585460524,-5.23423645320197,-21251,3.0,1.0280049261083737,1.0000000000000009,-5.697536945812808,"-5.01,-5.31,-5.70,-4.92","0.818,0.809,0.797,0.821",0,10,-6.367441860465116
NO,32,34,2,32,0.9411764705882353,4060,0.8110837438423645,-0.1300927267458708,-4.423152709359606,-17958,3.0,1.0280049261083737,1.0000000000000009,-4.900492610837438,"-4.20,-4.50,-4.90,-4.10","0.818,0.809,0.797,0.821",0,10,-5.590697674418605
NO,32,35,3,32,0.9142857142857143,4060,0.7955665024630542,-0.1187192118226601,-4.155172413793103,-16870,3.0,1.0280049261083737,1.0000000000000009,-4.517241379310345,"-4.07,-4.41,-4.52,-3.62","0.798,0.788,0.785,0.811",0,10,-5.3023255813953485
NO,32,36,4,32,0.8888888888888888,4060,0.7812807881773399,-0.10760810071154892,-3.8738916256157636,-15728,3.0,1.0280049261083737,1.0000000000000009,-4.370443349753694,"-3.77,-4.05,-4.37,-3.31","0.784,0.776,0.767,0.797",0,10,-5.0418604651162795
NO,32,37,5,32,0.8648648648648649,4060,0.7667487684729064,-0.09811609639195851,-3.630295566502463,-14739,3.0,1.0280049261083737,1.0000000000000009,-4.113300492610837,"-3.68,-3.53,-4.11,-3.20","0.766,0.769,0.754,0.778",0,10,-4.884160756501182
NO,32,38,6,32,0.8421052631578947,4060,0.7529556650246305,-0.08914959813326417,-3.3876847290640395,-13754,3.0,1.0280049261083737,1.0000000000000009,-3.9211822660098523,"-3.36,-3.17,-3.92,-3.10","0.754,0.759,0.739,0.761",0,10,-4.60047281323877
NO,32,39,7,32,0.8205128205128205,4060,0.7362068965517241,-0.08430592396109637,-3.287931034482759,-13349,3.0,1.0280049261083737,1.0000000000000009,-3.8738916256157636,"-3.11,-3.03,-3.87,-3.14","0.741,0.743,0.721,0.740",0,10,-4.340425531914893
NO,32,40,8,32,0.8,4060,0.722167487684729,-0.077832512315271,-3.1133004926108376,-12640,3.0,1.0280049261083737,1.0000000000000009,-3.9408866995073892,"-2.80,-2.84,-3.94,-2.88","0.730,0.729,0.701,0.728",0,10,-4.0
NO,32,41,9,32,0.7804878048780488,4060,0.7068965517241379,-0.07359125315391091,-3.0172413793103448,-12250,3.0,1.0280049261083737,1.0000000000000009,-3.7645320197044336,"-2.67,-2.96,-3.76,-2.67","0.715,0.708,0.689,0.715",0,10,-4.158139534883721
NO,32,42,10,32,0.7619047619047619,4060,0.6950738916256157,-0.06683087027914614,-2.806896551724138,-11396,3.0,1.0280049261083737,1.0000000000000009,-3.3241379310344827,"-2.41,-2.70,-3.32,-2.79","0.704,0.698,0.683,0.696",0,10,-3.8181818181818183
NO,32,43,11,32,0.7441860465116279,4060,0.6817733990147783,-0.062412647496849605,-2.683743842364532,-10896,3.0,1.0280049261083737,1.0000000000000009,-2.980295566502463,"-2.09,-2.81,-2.98,-2.85","0.696,0.679,0.675,0.678",0,10,-3.8917748917748916
NO,32,44,12,32,0.7272727272727273,4060,0.6551724137931034,-0.07210031347962387,-3.1724137931034484,-12880,3.0,1.0280049261083737,1.0000000000000009,-3.3891625615763545,"-2.83,-3.13,-3.39,-3.35","0.663,0.656,0.650,0.651",0,10,-4.9523809523809526
NO,32,45,13,32,0.7111111111111111,4060,0.6458128078817734,-0.06529830322933772,-2.938423645320197,-11930,3.0,1.0280049261083737,1.0000000000000009,-3.1822660098522166,"-2.56,-2.92,-3.09,-3.18","0.654,0.646,0.642,0.640",0,10,-4.922077922077922
NO,32,46,14,32,0.6956521739130435,4060,0.6458128078817734,-0.04983936603127004,-2.2926108374384238,-9308,3.0,1.0280049261083737,1.0000000000000009,-2.541871921182266,"-1.91,-2.27,-2.45,-2.54","0.654,0.646,0.642,0.640",0,10,-4.32034632034632
NO,32,47,15,32,0.6808510638297872,4060,0.6357142857142857,-0.04513677811550154,-2.1214285714285714,-8613,3.0,1.0280049261083737,1.0000000000000009,-2.549753694581281,"-1.81,-1.95,-2.18,-2.55","0.642,0.639,0.634,0.627",0,10,-4.329004329004329
NO,32,48,16,32,0.6666666666666666,4060,0.6216748768472906,-0.044991789819376016,-2.159605911330049,-8768,3.0,1.0280049261083737,1.0000000000000009,-2.8689655172413793,"-1.83,-1.88,-2.07,-2.87","0.629,0.628,0.624,0.607",0,10,-4.779220779220779
NO,32,49,17,32,0.6530612244897959,4060,0.6108374384236454,-0.042223786066150515,-2.0689655172413794,-8400,3.0,1.0280049261083737,1.0000000000000009,-3.0827586206896553,"-1.54,-1.54,-2.12,-3.08","0.622,0.622,0.610,0.590",0,10,-4.636363636363637
NO,32,50,18,32,0.64,4060,0.6017241379310345,-0.038275862068965494,-1.9137931034482758,-7770,3.0,1.0280049261083737,1.0000000000000009,-2.935960591133005,"-1.26,-1.56,-1.90,-2.94","0.615,0.609,0.602,0.581",0,10,-4.077922077922078
NO,32,51,19,32,0.6274509803921569,4060,0.5928571428571429,-0.034593837535013994,-1.7642857142857142,-7163,3.0,1.0280049261083737,1.0000000000000009,-2.9576354679802956,"-0.95,-1.35,-1.80,-2.96","0.609,0.601,0.592,0.569",0,10,-4.181818181818182
NO,32,52,20,32,0.6153846153846154,4060,0.5815270935960591,-0.03385752178855628,-1.7605911330049262,-7148,3.0,1.0280049261083737,1.0000000000000009,-2.9004926108374383,"-0.75,-1.52,-1.88,-2.90","0.601,0.586,0.579,0.560",0,10,-4.086580086580087
NO,32,53,21,32,0.6037735849056604,4060,0.569704433497537,-0.03406915140812339,-1.805665024630542,-7331,3.0,1.0280049261083737,1.0000000000000009,-2.9152709359605913,"-0.93,-1.35,-2.03,-2.92","0.586,0.578,0.566,0.549",1,10,-4.008658008658009
NO,32,54,22,32,0.5925925925925926,4060,0.5603448275862069,-0.03224776500638571,-1.7413793103448276,-7070,3.0,1.0280049261083737,1.0000000000000009,-3.111330049261084,"-0.82,-1.14,-1.89,-3.11","0.577,0.571,0.558,0.535",1,10,-3.7142857142857144
NO,32,55,23,32,0.5818181818181818,4060,0.5465517241379311,-0.03526645768025072,-1.9396551724137931,-7875,3.0,1.0280049261083737,1.0000000000000009,-3.5517241379310347,"-1.00,-1.28,-1.93,-3.55","0.564,0.559,0.547,0.517",0,10,-4.380952380952381
NO,32,56,24,32,0.5714285714285714,4060,0.5357142857142857,-0.0357142857142857,-2.0,-8120,3.0,1.0280049261083737,1.0000000000000009,-3.7517241379310344,"-0.94,-1.21,-2.10,-3.75","0.555,0.550,0.534,0.504",0,10,-4.363636363636363
NO,32,57,25,32,0.5614035087719298,4060,0.526847290640394,-0.034556218131535754,-1.9697044334975369,-7997,3.0,1.0280049261083737,1.0000000000000009,-3.5842364532019704,"-0.89,-1.23,-2.18,-3.58","0.546,0.540,0.523,0.499",0,10,-4.116883116883117
NO,32,58,26,32,0.5517241379310345,4060,0.5189655172413793,-0.03275862068965518,-1.9,-7714,3.0,1.0280049261083737,1.0000000000000009,-3.657142857142857,"-0.57,-1.37,-2.00,-3.66","0.542,0.528,0.517,0.489",0,10,-4.12987012987013
NO,32,59,27,32,0.5423728813559322,4060,0.5113300492610837,-0.031042832094848483,-1.831527093596059,-7436,3.0,1.0280049261083737,1.0000000000000009,-3.691625615763547,"-0.44,-1.31,-1.89,-3.69","0.535,0.520,0.510,0.480",0,10,-3.6493506493506493
NO,32,60,28,32,0.5333333333333333,4060,0.5024630541871922,-0.030870279146141155,-1.8522167487684729,-7520,3.0,1.0280049261083737,1.0000000000000009,-3.7438423645320196,"-0.37,-1.32,-1.97,-3.74","0.527,0.511,0.500,0.471",1,10,-3.948051948051948
NO,32,61,29,32,0.5245901639344263,4060,0.4960591133004926,-0.02853105063393363,-1.7403940886699507,-7066,3.0,1.0280049261083737,1.0000000000000009,-3.393103448275862,"-0.33,-1.05,-2.19,-3.39","0.519,0.507,0.489,0.469",1,10,-3.7445887445887447
NO,32,62,30,32,0.5161290322580645,4060,0.4894088669950739,-0.02672016526299059,-1.6566502463054187,-6726,3.0,1.0280049261083737,1.0000000000000009,-3.107389162561576,"-0.36,-1.03,-2.13,-3.11","0.510,0.500,0.482,0.466",1,10,-3.54978354978355
NO,32,63,31,32,0.5079365079365079,4060,0.48251231527093597,-0.025424192665571943,-1.6017241379310345,-6503,3.0,1.0280049261083737,1.0000000000000009,-3.1379310344827585,"-0.47,-0.84,-1.96,-3.14","0.500,0.495,0.477,0.458",1,10,-3.909090909090909
NO,32,64,32,32,0.5,4060,0.47463054187192116,-0.025369458128078837,-1.6236453201970444,-6592,3.0,1.0280049261083737,1.0000000000000009,-2.8689655172413793,"-0.60,-1.04,-1.99,-2.87","0.491,0.484,0.469,0.455",1,10,-3.463203463203463
NO,32,65,33,32,0.49230769230769234,4060,0.4660098522167488,-0.026297840090943547,-1.70935960591133,-6940,3.0,1.0280049261083737,1.0000000000000009,-3.0541871921182264,"-0.75,-1.20,-1.84,-3.05","0.481,0.474,0.464,0.445",0,10,-4.142857142857143
NO,32,66,34,32,0.48484848484848486,4060,0.4576354679802956,-0.027213016868189277,-1.7960591133004926,-7292,3.0,1.0280049261083737,1.0000000000000009,-3.064039408866995,"-0.92,-1.44,-1.76,-3.06","0.471,0.463,0.458,0.438",0,10,-4.285714285714286
NO,32,67,35,32,0.47761194029850745,4060,0.4576354679802956,-0.01997647231821187,-1.338423645320197,-5434,3.0,1.0280049261083737,1.0000000000000009,-2.625615763546798,"-0.45,-0.98,-1.31,-2.63","0.471,0.463,0.458,0.438",1,10,-3.865800865800866
NO,32,68,36,32,0.47058823529411764,4060,0.4529556650246305,-0.017632570269487113,-1.199014778325123,-4868,3.0,1.0280049261083737,1.0000000000000009,-2.723152709359606,"-0.24,-0.65,-1.18,-2.72","0.467,0.461,0.453,0.431",2,10,-3.74025974025974
NO,32,69,37,32,0.463768115942029,4060,0.4458128078817734,-0.01795530806025558,-1.2389162561576355,-5030,3.0,1.0280049261083737,1.0000000000000009,-2.768472906403941,"-0.25,-0.80,-1.14,-2.77","0.460,0.452,0.447,0.424",1,10,-3.9220779220779223
NO,32,70,38,32,0.45714285714285713,4060,0.4391625615763547,-0.017980295566502436,-1.2586206896551724,-5110,3.0,1.0280049261083737,1.0000000000000009,-2.6206896551724137,"-0.21,-0.90,-1.31,-2.62","0.454,0.444,0.438,0.420",1,10,-3.8181818181818183
NO,33,34,1,33,0.9705882352941176,4153,0.8328918853840597,-0.13769634991005797,-4.68167589694197,-19443,3.0,1.0301228027931613,1.0000000000000009,-5.190751445086705,"-4.53,-4.70,-5.19,-4.31","0.837,0.832,0.818,0.844",0,10,-5.647191011235955
NO,33,35,2,33,0.9428571428571428,4153,0.8169997592102095,-0.12585738364693333,-4.4050084276426675,-18294,3.0,1.0301228027931613,1.0000000000000009,-4.878612716763006,"-4.40,-4.54,-4.88,-3.80","0.817,0.813,0.803,0.834",0,10,-5.314606741573034
NO,33,36,3,33,0.9166666666666666,4153,0.8027931615699494,-0.11387350509671723,-4.09944618348182,-17025,3.0,1.0301228027931613,1.0000000000000009,-4.664739884393064,"-4.03,-4.25,-4.66,-3.45","0.805,0.799,0.787,0.821",0,10,-4.943661971830986
NO,33,37,4,33,0.8918918918918919,4153,0.7864194558150734,-0.10547243607681844,-3.902480134842283,-16207,3.0,1.0301228027931613,1.0000000000000009,-4.4479768786127165,"-3.91,-3.77,-4.45,-3.49","0.786,0.790,0.772,0.798",0,10,-4.650462962962963
NO,33,38,5,33,0.868421052631579,4153,0.7724536479653262,-0.09596740466625275,-3.6467613773176017,-15145,3.0,1.0301228027931613,1.0000000000000009,-4.262042389210019,"-3.67,-3.35,-4.26,-3.31","0.772,0.780,0.756,0.781",0,10,-4.5
NO,33,39,6,33,0.8461538461538461,4153,0.7551167830483988,-0.09103706310544735,-3.550445461112449,-14745,3.0,1.0301228027931613,1.0000000000000009,-4.294797687861272,"-3.38,-3.24,-4.29,-3.28","0.759,0.763,0.736,0.762",0,10,-4.429213483146067
NO,33,40,7,33,0.825,4153,0.7409101854081387,-0.08408981459186127,-3.363592583674452,-13969,3.0,1.0301228027931613,1.0000000000000009,-4.329479768786127,"-3.09,-3.06,-4.33,-2.98","0.748,0.749,0.717,0.750",0,10,-4.279620853080568
NO,33,41,8,33,0.8048780487804879,4153,0.7252588490248013,-0.07961919975568654,-3.264387189983145,-13557,3.0,1.0301228027931613,1.0000000000000009,-4.205202312138728,"-2.93,-3.18,-4.21,-2.74","0.733,0.727,0.702,0.738",0,10,-4.438202247191011
NO,33,42,9,33,0.7857142857142857,4153,0.7120154105465928,-0.07369887516769291,-3.095352757043101,-12855,3.0,1.0301228027931613,1.0000000000000009,-3.786127167630058,"-2.80,-2.98,-3.79,-2.82","0.719,0.715,0.696,0.719",0,10,-4.014084507042254
NO,33,43,10,33,0.7674418604651163,4153,0.6982903924873586,-0.06915146797775773,-2.973513123043583,-12349,3.0,1.0301228027931613,1.0000000000000009,-3.3391136801541426,"-2.46,-3.13,-3.34,-2.97","0.710,0.695,0.690,0.698",0,10,-3.8535564853556483
NO,33,44,11,33,0.75,4153,0.6718035155309415,-0.07819648446905847,-3.4406453166385744,-14289,3.0,1.0301228027931613,1.0000000000000009,-3.7090558766859343,"-3.14,-3.41,-3.71,-3.50","0.679,0.672,0.666,0.671",0,10,-5.01673640167364
NO,33,45,12,33,0.7333333333333333,4153,0.6619311341199133,-0.07140219921341995,-3.2130989646039008,-13344,3.0,1.0301228027931613,1.0000000000000009,-3.433526011560694,"-2.90,-3.13,-3.43,-3.39","0.669,0.664,0.657,0.658",0,10,-4.945606694560669
NO,33,46,13,33,0.717391304347826,4153,0.6619311341199133,-0.05546017022791272,-2.5511678304839873,-10595,3.0,1.0301228027931613,1.0000000000000009,-2.7764932562620426,"-2.23,-2.47,-2.78,-2.73","0.669,0.664,0.657,0.658",0,10,-4.322175732217573
NO,33,47,14,33,0.7021276595744681,4153,0.6513363833373464,-0.05079127623712165,-2.3871899831447148,-9914,3.0,1.0301228027931613,1.0000000000000009,-2.7986512524084777,"-2.10,-2.16,-2.48,-2.80","0.657,0.656,0.649,0.643",0,10,-4.2887029288702925
NO,33,48,15,33,0.6875,4153,0.6373705754875993,-0.050129424512400655,-2.4062123765952323,-9993,3.0,1.0301228027931613,1.0000000000000009,-3.0346820809248554,"-2.14,-2.11,-2.34,-3.03","0.643,0.644,0.639,0.624",0,10,-4.2803347280334725
NO,33,49,16,33,0.673469387755102,4153,0.6265350349145197,-0.04693435284058234,-2.2997832891885386,-9551,3.0,1.0301228027931613,1.0000000000000009,-3.3073217726396917,"-1.83,-1.75,-2.32,-3.31","0.636,0.638,0.626,0.606",0,10,-4.297071129707113
NO,33,50,17,33,0.66,4153,0.6178666024560558,-0.042133397543944184,-2.106669877197207,-8749,3.0,1.0301228027931613,1.0000000000000009,-3.1348747591522157,"-1.58,-1.64,-2.08,-3.13","0.628,0.627,0.618,0.597",0,10,-3.711297071129707
NO,33,51,18,33,0.6470588235294118,4153,0.609438959788105,-0.03761986374130677,-1.918613050806646,-7968,3.0,1.0301228027931613,1.0000000000000009,-3.078034682080925,"-1.24,-1.46,-1.90,-3.08","0.623,0.618,0.610,0.587",0,10,-3.7656903765690375
NO,33,52,19,33,0.6346153846153846,4153,0.5976402600529738,-0.03697512456241081,-1.9227064772453648,-7985,3.0,1.0301228027931613,1.0000000000000009,-2.9922928709055876,"-1.02,-1.74,-1.94,-2.99","0.615,0.601,0.597,0.577",1,10,-3.6276150627615062
NO,33,53,20,33,0.6226415094339622,4153,0.5853599807368167,-0.037281528697145516,-1.9759210209487117,-8206,3.0,1.0301228027931613,1.0000000000000009,-2.976878612716763,"-1.22,-1.65,-2.06,-2.98","0.600,0.592,0.584,0.566",1,10,-3.506276150627615
NO,33,54,21,33,0.6111111111111112,4153,0.5759691789068143,-0.035141932204296844,-1.8976643390320251,-7881,3.0,1.0301228027931613,1.0000000000000009,-3.1907514450867054,"-1.09,-1.42,-1.89,-3.19","0.591,0.585,0.576,0.552",1,10,-3.1757322175732217
NO,33,55,22,33,0.6,4153,0.5624849506380929,-0.03751504936190708,-2.063327714904888,-8569,3.0,1.0301228027931613,1.0000000000000009,-3.5394990366088632,"-1.24,-1.47,-2.00,-3.54","0.577,0.573,0.564,0.536",0,10,-3.774058577405858
NO,33,56,23,33,0.5892857142857143,4153,0.5511678304839874,-0.03811788380172687,-2.134601492896701,-8865,3.0,1.0301228027931613,1.0000000000000009,-3.7591522157996144,"-1.15,-1.49,-2.14,-3.76","0.569,0.563,0.551,0.522",0,10,-3.915717539863326
NO,33,57,24,33,0.5789473684210527,4153,0.5424993980255237,-0.03644797039552894,-2.077534312545148,-8628,3.0,1.0301228027931613,1.0000000000000009,-3.566473988439306,"-1.07,-1.48,-2.19,-3.57","0.560,0.553,0.540,0.516",1,10,-3.5261958997722096
NO,33,58,25,33,0.5689655172413793,4153,0.5343125451480857,-0.034652972093293655,-2.009872381411028,-8347,3.0,1.0301228027931613,1.0000000000000009,-3.6088631984585744,"-0.73,-1.76,-1.93,-3.61","0.556,0.539,0.536,0.507",0,10,-3.6697038724373576
NO,33,59,26,33,0.559322033898305,4153,0.5266072718516734,-0.032714762046631596,-1.930170960751264,-8016,3.0,1.0301228027931613,1.0000000000000009,-3.613680154142582,"-0.63,-1.68,-1.79,-3.61","0.549,0.531,0.529,0.498",0,10,-3.835990888382688
NO,33,60,27,33,0.55,4153,0.5176980496026968,-0.032301950397303214,-1.9381170238381893,-8049,3.0,1.0301228027931613,1.0000000000000009,-3.69364161849711,"-0.55,-1.73,-1.79,-3.69","0.541,0.521,0.520,0.488",1,10,-3.7517084282460136
NO,33,61,28,33,0.5409836065573771,4153,0.5114375150493619,-0.029546091508015238,-1.8023115819889237,-7485,3.0,1.0301228027931613,1.0000000000000009,-3.3227360308285165,"-0.47,-1.44,-1.97,-3.32","0.533,0.517,0.509,0.487",1,10,-3.264236902050114
NO,33,62,29,33,0.532258064516129,4153,0.505176980496027,-0.02708108402010201,-1.6790272092463279,-6973,3.0,1.0301228027931613,1.0000000000000009,-3.015414258188825,"-0.48,-1.34,-1.88,-3.02","0.525,0.511,0.502,0.484",1,10,-3.059225512528474
NO,33,63,30,33,0.5238095238095238,4153,0.49747170719961475,-0.02633781660990908,-1.6592824464242717,-6891,3.0,1.0301228027931613,1.0000000000000009,-3.0173410404624277,"-0.74,-1.14,-1.74,-3.02","0.512,0.506,0.496,0.476",1,10,-3.213389121338912
NO,33,64,31,33,0.515625,4153,0.488803274741151,-0.026821725258849016,-1.7165904165663375,-7129,3.0,1.0301228027931613,1.0000000000000009,-2.9113680154142583,"-0.85,-1.31,-1.80,-2.91","0.502,0.495,0.487,0.470",1,10,-3.00836820083682
NO,33,65,32,33,0.5076923076923077,4153,0.4798940524921743,-0.02779825520013335,-1.8068865880086684,-7504,3.0,1.0301228027931613,1.0000000000000009,-3.1300578034682083,"-0.91,-1.44,-1.75,-3.13","0.494,0.486,0.481,0.460",1,10,-3.899581589958159
NO,33,66,33,33,0.5,4153,0.4707440404526848,-0.02925595954731519,-1.9308933301228028,-8019,3.0,1.0301228027931613,1.0000000000000009,-3.115606936416185,"-1.11,-1.78,-1.72,-3.12","0.483,0.473,0.474,0.453",0,10,-4.00418410041841
NO,33,67,34,33,0.4925373134328358,4153,0.4707440404526848,-0.02179327298015099,-1.460149289670118,-6064,3.0,1.0301228027931613,1.0000000000000009,-2.6628131021194603,"-0.63,-1.31,-1.24,-2.66","0.483,0.473,0.474,0.453",0,10,-3.564853556485356
NO,33,68,35,33,0.4852941176470588,4153,0.46640982422345295,-0.01888429342360587,-1.284131952805201,-5333,3.0,1.0301228027931613,1.0000000000000009,-2.66859344894027,"-0.41,-0.97,-1.10,-2.67","0.479,0.471,0.469,0.446",2,10,-3.410041841004184
NO,33,69,36,33,0.4782608695652174,4153,0.45966771008909224,-0.018593159476125165,-1.2829280038526367,-5328,3.0,1.0301228027931613,1.0000000000000009,-2.621387283236994,"-0.39,-1.09,-1.03,-2.62","0.473,0.462,0.463,0.440",2,10,-3.5523012552301254
NO,33,70,37,33,0.4714285714285714,4153,0.45292559595473153,-0.01850297547383989,-1.2952082831687937,-5379,3.0,1.0301228027931613,1.0000000000000009,-2.5183044315992293,"-0.32,-1.17,-1.17,-2.52","0.467,0.455,0.455,0.435",1,10,-3.418410041841004
NO,34,35,1,34,0.9714285714285714,4251,0.8367442954598918,-0.1346842759686796,-4.713949658903787,-20039,3.0,1.0312632321806632,1.0000000000000009,-5.064030131826742,"-4.73,-4.83,-5.06,-4.24","0.836,0.833,0.827,0.850",0,10,-5.3919821826280625
NO,34,36,2,34,0.9444444444444444,4251,0.821453775582216,-0.12299066886222842,-4.427664079040226,-18822,3.0,1.0312632321806632,1.0000000000000009,-4.9491525423728815,"-4.30,-4.54,-4.95,-3.93","0.825,0.818,0.807,0.835",0,10,-5.216035634743875
NO,34,37,3,34,0.918918918918919,4251,0.8052223006351447,-0.11369661828377431,-4.206774876499647,-17883,3.0,1.0312632321806632,1.0000000000000009,-4.6647834274952915,"-4.21,-4.03,-4.66,-3.93","0.805,0.810,0.793,0.813",0,10,-4.910913140311804
NO,34,38,4,34,0.8947368421052632,4251,0.7915784521289109,-0.1031583899763523,-3.920018819101388,-16664,3.0,1.0312632321806632,1.0000000000000009,-4.516007532956685,"-3.97,-3.51,-4.52,-3.69","0.790,0.802,0.776,0.798",0,10,-4.683257918552036
NO,34,39,5,34,0.8717948717948718,4251,0.7737003058103975,-0.0980945659844743,-3.8256880733944953,-16263,3.0,1.0312632321806632,1.0000000000000009,-4.511299435028248,"-3.73,-3.40,-4.51,-3.66","0.776,0.785,0.756,0.778",0,10,-4.988864142538976
NO,34,40,6,34,0.85,4251,0.759585979769466,-0.09041402023053402,-3.6165608092213595,-15374,3.0,1.0312632321806632,1.0000000000000009,-4.508474576271187,"-3.37,-3.22,-4.51,-3.37","0.766,0.770,0.737,0.766",0,10,-4.690423162583519
NO,34,41,7,34,0.8292682926829268,4251,0.7440602211244413,-0.08520807155848553,-3.4935309338979064,-14851,3.0,1.0312632321806632,1.0000000000000009,-4.388888888888889,"-3.26,-3.30,-4.39,-3.03","0.750,0.749,0.722,0.755",0,10,-5.0534521158129175
NO,34,42,8,34,0.8095238095238095,4251,0.7315925664549517,-0.07793124306885779,-3.2731122088920253,-13914,3.0,1.0312632321806632,1.0000000000000009,-4.022598870056497,"-3.06,-2.90,-4.02,-3.10","0.737,0.740,0.714,0.736",0,10,-4.347438752783964
NO,34,43,9,34,0.7906976744186046,4251,0.7186544342507645,-0.07204324016784014,-3.0978593272171255,-13169,3.0,1.0312632321806632,1.0000000000000009,-3.470809792843691,"-2.73,-2.93,-3.47,-3.26","0.727,0.722,0.710,0.715",0,10,-4.109756097560975
NO,34,44,10,34,0.7727272727272727,4251,0.6916019760056458,-0.08112529672162694,-3.569513055751588,-15174,3.0,1.0312632321806632,1.0000000000000009,-3.879472693032015,"-3.41,-3.29,-3.88,-3.70","0.695,0.698,0.685,0.689",0,10,-5.024390243902439
NO,34,45,11,34,0.7555555555555555,4251,0.6812514702422959,-0.0743040853132596,-3.343683839096683,-14214,3.0,1.0312632321806632,1.0000000000000009,-3.6472248353715897,"-3.18,-3.01,-3.53,-3.65","0.685,0.689,0.677,0.675",0,10,-4.914634146341464
NO,34,46,12,34,0.7391304347826086,4251,0.6812514702422959,-0.057878964540312716,-2.6624323688543874,-11318,3.0,1.0312632321806632,1.0000000000000009,-2.9727187206020695,"-2.50,-2.32,-2.86,-2.97","0.685,0.689,0.677,0.675",0,10,-4.2682926829268295
NO,34,47,13,34,0.723404255319149,4251,0.6701952481768996,-0.05320900714224941,-2.500823335685721,-10631,3.0,1.0312632321806632,1.0000000000000009,-3.0056444026340547,"-2.34,-2.03,-2.62,-3.01","0.674,0.680,0.668,0.659",0,10,-4.195121951219512
NO,34,48,14,34,0.7083333333333334,4251,0.6558456833686191,-0.05248764996471422,-2.519407198306281,-10710,3.0,1.0312632321806632,1.0000000000000009,-3.29444967074318,"-2.30,-2.03,-2.45,-3.29","0.660,0.666,0.657,0.640",0,10,-4.146341463414634
NO,34,49,15,34,0.6938775510204082,4251,0.6447894613032228,-0.04908808971718537,-2.405316396142084,-10225,3.0,1.0312632321806632,1.0000000000000009,-3.48447789275635,"-2.06,-1.69,-2.39,-3.48","0.652,0.659,0.645,0.623",0,10,-3.9227642276422765
NO,34,50,16,34,0.68,4251,0.6351446718419196,-0.044855328158080465,-2.2427664079040226,-9534,3.0,1.0312632321806632,1.0000000000000009,-3.332079021636877,"-1.78,-1.59,-2.27,-3.33","0.644,0.648,0.635,0.613",0,10,-3.3089430894308944
NO,34,51,17,34,0.6666666666666666,4251,0.6264408374500118,-0.04022582921665485,-2.0515172900494,-8721,3.0,1.0312632321806632,1.0000000000000009,-3.3424270931326436,"-1.42,-1.38,-2.06,-3.34","0.639,0.640,0.626,0.601",0,10,-3.731707317073171
NO,34,52,18,34,0.6538461538461539,4251,0.6149141378499177,-0.03893201599623619,-2.0244648318042815,-8606,3.0,1.0312632321806632,1.0000000000000009,-3.2304797742238947,"-1.18,-1.52,-2.17,-3.23","0.631,0.625,0.612,0.592",0,10,-3.5609756097560976
NO,34,53,19,34,0.6415094339622641,4251,0.6029169607151259,-0.038592473247138215,-2.04540108209833,-8695,3.0,1.0312632321806632,1.0000000000000009,-3.237064910630292,"-1.29,-1.39,-2.26,-3.24","0.617,0.615,0.599,0.580",1,10,-3.4065040650406506
NO,34,54,20,34,0.6296296296296297,4251,0.5925664549517761,-0.03706317467785358,-2.001411432604093,-8508,3.0,1.0312632321806632,1.0000000000000009,-3.4186265286923803,"-1.29,-1.13,-2.17,-3.42","0.606,0.609,0.589,0.566",1,10,-3.142857142857143
NO,34,55,21,34,0.6181818181818182,4251,0.5786873676781934,-0.03949445050362477,-2.1721947776993646,-9234,3.0,1.0312632321806632,1.0000000000000009,-3.7836312323612415,"-1.56,-1.09,-2.25,-3.78","0.590,0.598,0.577,0.549",1,10,-3.817073170731707
NO,34,56,22,34,0.6071428571428571,4251,0.567631145612797,-0.039511711530060056,-2.2126558456833685,-9406,3.0,1.0312632321806632,1.0000000000000009,-3.971777986829727,"-1.44,-1.07,-2.36,-3.97","0.581,0.588,0.565,0.536",0,10,-4.25
NO,34,57,23,34,0.5964912280701754,4251,0.5584568336861915,-0.03803439438398393,-2.1679604798870855,-9216,3.0,1.0312632321806632,1.0000000000000009,-3.7036688617121354,"-1.45,-1.13,-2.39,-3.70","0.571,0.577,0.555,0.532",0,10,-3.845982142857143
NO,34,58,24,34,0.5862068965517241,4251,0.5499882380616326,-0.03621865849009154,-2.1006821924253116,-8930,3.0,1.0312632321806632,1.0000000000000009,-3.7723424270931325,"-1.10,-1.32,-2.21,-3.77","0.567,0.563,0.548,0.521",0,10,-4.09375
NO,34,59,25,34,0.576271186440678,4251,0.5422253587391203,-0.03404582770155773,-2.0087038343919077,-8539,3.0,1.0312632321806632,1.0000000000000009,-3.750705550329257,"-0.98,-1.20,-2.11,-3.75","0.560,0.556,0.540,0.513",0,10,-4.236607142857143
NO,34,60,26,34,0.5666666666666667,4251,0.5332862855798636,-0.03338038108680308,-2.002822865208186,-8514,3.0,1.0312632321806632,1.0000000000000009,-3.80244590780809,"-0.87,-1.21,-2.14,-3.80","0.552,0.547,0.531,0.503",1,10,-4.133928571428571
NO,34,61,27,34,0.5573770491803278,4251,0.5269348388614443,-0.0304422103188835,-1.8569748294518937,-7894,3.0,1.0312632321806632,1.0000000000000009,-3.413922859830668,"-0.77,-0.89,-2.35,-3.41","0.545,0.543,0.519,0.501",1,10,-3.6361607142857144
NO,34,62,28,34,0.5483870967741935,4251,0.5201129146083274,-0.02827418216586608,-1.752999294283698,-7452,3.0,1.0312632321806632,1.0000000000000009,-3.2041392285983066,"-0.75,-0.81,-2.24,-3.20","0.536,0.535,0.512,0.497",1,10,-3.4151785714285716
NO,34,63,29,34,0.5396825396825397,4251,0.5121147965184663,-0.0275677431640734,-1.7367678193366267,-7383,3.0,1.0312632321806632,1.0000000000000009,-3.2408278457196613,"-0.99,-0.63,-2.08,-3.24","0.524,0.530,0.507,0.488",1,10,-3.268292682926829
NO,34,64,30,34,0.53125,4251,0.5036462008939073,-0.027603799106092675,-1.7666431427899318,-7510,3.0,1.0312632321806632,1.0000000000000009,-3.0536218250235185,"-1.07,-0.77,-2.18,-3.05","0.515,0.519,0.497,0.484",1,10,-3.040650406504065
NO,34,65,31,34,0.5230769230769231,4251,0.49423665019995294,-0.028840272876970163,-1.8746177370030581,-7969,3.0,1.0312632321806632,1.0000000000000009,-3.242709313264346,"-1.10,-0.98,-2.17,-3.24","0.506,0.508,0.490,0.473",1,10,-3.8780487804878048
NO,34,66,32,34,0.5151515151515151,4251,0.48435662197130086,-0.030794893180214278,-2.0324629498941427,-8640,3.0,1.0312632321806632,1.0000000000000009,-3.266227657572907,"-1.40,-1.34,-2.12,-3.27","0.494,0.495,0.483,0.466",0,10,-3.951219512195122
NO,34,67,33,34,0.5074626865671642,4251,0.48435662197130086,-0.02310606459586334,-1.5481063279228418,-6581,3.0,1.0312632321806632,1.0000000000000009,-2.8005644402634053,"-0.91,-0.85,-1.64,-2.80","0.494,0.495,0.483,0.466",0,10,-3.4959349593495936
NO,34,68,34,34,0.5,4251,0.4798870853916726,-0.020112914608327426,-1.3676781933662667,-5814,3.0,1.0312632321806632,1.0000000000000009,-2.9106302916274696,"-0.67,-0.42,-1.47,-2.91","0.490,0.494,0.478,0.457",2,10,-3.317073170731707
NO,34,69,35,34,0.4927536231884058,4251,0.4728299223712068,-0.01992370081719902,-1.3747353563867326,-5844,3.0,1.0312632321806632,1.0000000000000009,-2.842897460018815,"-0.64,-0.57,-1.45,-2.84","0.484,0.484,0.472,0.452",1,10,-3.426829268292683
NO,34,70,36,34,0.4857142857142857,4251,0.4653022818160433,-0.020412003898242437,-1.42884027287697,-6074,3.0,1.0312632321806632,1.0000000000000009,-2.720602069614299,"-0.55,-0.88,-1.57,-2.72","0.478,0.473,0.463,0.447",0,10,-3.268292682926829
NO,35,36,1,35,0.9722222222222222,4344,0.839548802946593,-0.13267341927562926,-4.776243093922652,-20748,3.0,1.032550644567219,1.0000000000000009,-5.165745856353591,"-4.64,-4.93,-5.17,-4.37","0.843,0.835,0.829,0.851",0,10,-5.26431718061674
NO,35,37,2,35,0.9459459459459459,4344,0.8250460405156538,-0.12089990543029216,-4.47329650092081,-19432,3.0,1.032550644567219,1.0000000000000009,-4.848066298342541,"-4.44,-4.37,-4.85,-4.23","0.826,0.828,0.815,0.831",0,10,-5.104
NO,35,38,3,35,0.9210526315789473,4344,0.8119244935543278,-0.10912813802461951,-4.1468692449355435,-18014,3.0,1.032550644567219,1.0000000000000009,-4.697974217311234,"-4.10,-3.86,-4.70,-3.93","0.813,0.820,0.797,0.818",0,10,-5.056
NO,35,39,4,35,0.8974358974358975,4344,0.794889502762431,-0.10254639467346649,-3.9993093922651934,-17373,3.0,1.032550644567219,1.0000000000000009,-4.726519337016574,"-3.76,-3.76,-4.73,-3.76","0.801,0.801,0.776,0.801",0,10,-5.116883116883117
NO,35,40,5,35,0.875,4344,0.7806169429097606,-0.09438305709023942,-3.7753222836095763,-16400,3.0,1.032550644567219,1.0000000000000009,-4.6869244935543275,"-3.32,-3.62,-4.69,-3.47","0.792,0.785,0.758,0.788",0,10,-4.87012987012987
NO,35,41,6,35,0.8536585365853658,4344,0.7645027624309392,-0.08915577415442666,-3.6553867403314917,-15879,3.0,1.032550644567219,1.0000000000000009,-4.60865561694291,"-3.25,-3.63,-4.61,-3.14","0.774,0.765,0.741,0.777",0,10,-5.359307359307359
NO,35,42,7,35,0.8333333333333334,4344,0.7511510128913443,-0.08218232044198903,-3.451657458563536,-14994,3.0,1.032550644567219,1.0000000000000009,-4.292817679558011,"-3.02,-3.29,-4.29,-3.21","0.762,0.755,0.731,0.757",0,10,-4.7272727272727275
NO,35,43,8,35,0.813953488372093,4344,0.7382596685082873,-0.07569381986380574,-3.2548342541436464,-14139,3.0,1.032550644567219,1.0000000000000009,-3.720073664825046,"-2.65,-3.28,-3.72,-3.36","0.752,0.738,0.727,0.736",0,10,-4.728
NO,35,44,9,35,0.7954545454545454,4344,0.710635359116022,-0.08481918633852337,-3.7320441988950277,-16212,3.0,1.032550644567219,1.0000000000000009,-4.086556169429097,"-3.32,-3.76,-4.09,-3.76","0.720,0.710,0.703,0.710",0,10,-5.432
NO,35,45,10,35,0.7777777777777778,4344,0.7005064456721916,-0.07727133210558623,-3.4772099447513813,-15105,3.0,1.032550644567219,1.0000000000000009,-3.7569060773480665,"-3.05,-3.47,-3.76,-3.63","0.710,0.701,0.694,0.697",0,10,-5.12
NO,35,46,11,35,0.7608695652173914,4344,0.7005064456721916,-0.060363119545199795,-2.77670349907919,-12062,3.0,1.032550644567219,1.0000000000000009,-3.0626151012891345,"-2.34,-2.77,-3.06,-2.94","0.710,0.701,0.694,0.697",0,10,-4.456
NO,35,47,12,35,0.7446808510638298,4344,0.6894567219152854,-0.055224129148544354,-2.595534069981584,-11275,3.0,1.032550644567219,1.0000000000000009,-2.9742173112338857,"-2.15,-2.45,-2.80,-2.97","0.699,0.692,0.685,0.681",0,10,-4.544
NO,35,48,13,35,0.7291666666666666,4344,0.6742633517495396,-0.05490331491712708,-2.6353591160220993,-11448,3.0,1.032550644567219,1.0000000000000009,-3.3977900552486187,"-2.12,-2.43,-2.60,-3.40","0.685,0.679,0.675,0.658",0,10,-4.472
NO,35,49,14,35,0.7142857142857143,4344,0.662292817679558,-0.05199289660615625,-2.5476519337016574,-11067,3.0,1.032550644567219,1.0000000000000009,-3.641804788213628,"-1.84,-2.11,-2.60,-3.64","0.677,0.671,0.661,0.640",0,10,-4.228
NO,35,50,15,35,0.7,4344,0.6528545119705341,-0.04714548802946583,-2.3572744014732967,-10240,3.0,1.032550644567219,1.0000000000000009,-3.4622467771639043,"-1.57,-1.99,-2.40,-3.46","0.669,0.660,0.652,0.631",0,10,-3.6
NO,35,51,16,35,0.6862745098039216,4344,0.6438766114180479,-0.04239789838587371,-2.162292817679558,-9393,3.0,1.032550644567219,1.0000000000000009,-3.4419889502762433,"-1.23,-1.75,-2.22,-3.44","0.662,0.652,0.643,0.619",0,10,-3.992
NO,35,52,17,35,0.6730769230769231,4344,0.6319060773480663,-0.041170845728856875,-2.1408839779005526,-9300,3.0,1.032550644567219,1.0000000000000009,-3.3977900552486187,"-0.96,-1.87,-2.34,-3.40","0.655,0.637,0.628,0.608",0,10,-3.8
NO,35,53,18,35,0.660377358490566,4344,0.619475138121547,-0.04090222036901903,-2.167817679558011,-9417,3.0,1.032550644567219,1.0000000000000009,-3.4244935543278086,"-1.13,-1.72,-2.40,-3.42","0.639,0.628,0.615,0.596",0,10,-3.836
NO,35,54,19,35,0.6481481481481481,4344,0.6086556169429097,-0.039492531205238435,-2.132596685082873,-9264,3.0,1.032550644567219,1.0000000000000009,-3.574585635359116,"-1.14,-1.39,-2.43,-3.57","0.627,0.622,0.603,0.582",1,10,-3.464
NO,35,55,20,35,0.6363636363636364,4344,0.5948434622467772,-0.041520174116859154,-2.283609576427256,-9920,3.0,1.032550644567219,1.0000000000000009,-3.9548802946593002,"-1.42,-1.32,-2.44,-3.95","0.610,0.612,0.592,0.564",0,10,-4.2
NO,35,56,21,35,0.625,4344,0.5835635359116023,-0.04143646408839774,-2.320441988950276,-10080,3.0,1.032550644567219,1.0000000000000009,-4.112338858195212,"-1.38,-1.28,-2.51,-4.11","0.600,0.602,0.580,0.552",0,10,-4.3769063180827885
NO,35,57,22,35,0.6140350877192983,4344,0.574585635359116,-0.03944945236018227,-2.248618784530387,-9768,3.0,1.032550644567219,1.0000000000000009,-3.8232044198895028,"-1.36,-1.30,-2.51,-3.82","0.590,0.591,0.570,0.547",0,10,-3.954248366013072
NO,35,58,23,35,0.603448275862069,4344,0.5660681399631676,-0.03738013589890132,-2.16804788213628,-9418,3.0,1.032550644567219,1.0000000000000009,-3.863720073664825,"-0.98,-1.46,-2.37,-3.86","0.587,0.578,0.563,0.537",0,10,-4.167755991285403
NO,35,59,24,35,0.5932203389830508,4344,0.5580110497237569,-0.0352092892592939,-2.0773480662983426,-9024,3.0,1.032550644567219,1.0000000000000009,-3.8158379373848987,"-0.83,-1.37,-2.29,-3.82","0.579,0.570,0.554,0.529",0,10,-4.278867102396514
NO,35,60,25,35,0.5833333333333334,4344,0.5483425414364641,-0.03499079189686927,-2.0994475138121547,-9120,3.0,1.032550644567219,1.0000000000000009,-3.8950276243093924,"-0.86,-1.35,-2.29,-3.90","0.569,0.561,0.545,0.518",1,10,-4.150326797385621
NO,35,61,26,35,0.5737704918032787,4344,0.5414364640883977,-0.03233402771488092,-1.9723756906077348,-8568,3.0,1.032550644567219,1.0000000000000009,-3.4889502762430937,"-0.79,-1.07,-2.53,-3.49","0.561,0.556,0.532,0.517",1,10,-3.636165577342048
NO,35,62,27,35,0.5645161290322581,4344,0.5343001841620626,-0.03021594487019552,-1.8733885819521179,-8138,3.0,1.032550644567219,1.0000000000000009,-3.2578268876611416,"-0.86,-0.97,-2.40,-3.26","0.551,0.549,0.526,0.512",1,10,-3.392156862745098
NO,35,63,28,35,0.5555555555555556,4344,0.5253222836095764,-0.030233271945979134,-1.9046961325966851,-8274,3.0,1.032550644567219,1.0000000000000009,-3.383977900552486,"-1.12,-0.83,-2.28,-3.38","0.538,0.542,0.519,0.502",1,10,-3.5
NO,35,64,29,35,0.546875,4344,0.5163443830570903,-0.030530616942909705,-1.9539594843462247,-8488,3.0,1.032550644567219,1.0000000000000009,-3.1767955801104972,"-1.17,-1.00,-2.47,-3.18","0.529,0.531,0.508,0.497",1,10,-3.256
NO,35,65,30,35,0.5384615384615384,4344,0.507366482504604,-0.031095055956934403,-2.0211786372007365,-8780,3.0,1.032550644567219,1.0000000000000009,-3.337937384898711,"-1.18,-1.18,-2.38,-3.34","0.520,0.520,0.502,0.487",0,10,-4.06
NO,35,66,31,35,0.5303030303030303,4344,0.4970073664825046,-0.03329566382052568,-2.197513812154696,-9546,3.0,1.032550644567219,1.0000000000000009,-3.3370165745856353,"-1.45,-1.57,-2.43,-3.34","0.508,0.506,0.494,0.480",0,10,-4.112
NO,35,67,32,35,0.5223880597014925,4344,0.4970073664825046,-0.025380693218987893,-1.7005064456721914,-7387,3.0,1.032550644567219,1.0000000000000009,-2.8572744014732967,"-0.94,-1.07,-1.93,-2.86","0.508,0.506,0.494,0.480",0,10,-3.644
NO,35,68,33,35,0.5147058823529411,4344,0.4919429097605893,-0.022762972592351827,-1.5478821362799264,-6724,3.0,1.032550644567219,1.0000000000000009,-3.0662983425414363,"-0.75,-0.62,-1.75,-3.07","0.504,0.506,0.489,0.470",2,10,-3.448
NO,35,69,34,35,0.5072463768115942,4344,0.48457642725598526,-0.02266994955560897,-1.5642265193370166,-6795,3.0,1.032550644567219,1.0000000000000009,-2.977900552486188,"-0.75,-0.75,-1.77,-2.98","0.496,0.496,0.482,0.464",1,10,-3.536
NO,35,70,35,35,0.5,4344,0.47720994475138123,-0.022790055248618768,-1.5953038674033149,-6930,3.0,1.032550644567219,1.0000000000000009,-2.8360957642725597,"-0.64,-1.03,-1.87,-2.84","0.491,0.485,0.473,0.459",0,10,-3.36
