target,min_reclaim,max_entry,max_minute,exclude_hours,n,avg,win,avgwin,avgloss,pf,minq,q,poswk,weeks,minwk,acct,dd,avgsize
99,0,50,7,"(3, 12, 14, 18, 20)",16,37.0625,0.875,49.07142857142857,-47.0,7.308510638297872,1.0,"49.50,1.00,48.50,49.25",8,8,5.5,29336.5,-3056.0,48.9375
99,4,55,7,"(3, 12, 14, 18, 20)",16,34.75,0.875,47.5,-54.5,6.10091743119266,20.25,"49.50,20.25,21.75,47.50",7,8,-59.5,25886.0,-3094.0,46.625
95,0,50,7,"(3, 12, 14, 18, 20)",16,33.5625,0.875,45.07142857142857,-47.0,6.712765957446808,-1.0,"45.50,-1.00,44.50,45.25",8,8,3.5,24679.5,-3089.0,45.8125
99,5,55,7,"(3, 12, 14, 18, 20)",15,33.43333333333333,0.8666666666666667,46.96153846153846,-54.5,5.60091743119266,20.25,"49.50,20.25,21.75,45.17",7,8,-59.5,21172.5,-3094.0,43.8
99,7,55,7,"(20,)",15,33.43333333333333,0.8666666666666667,46.96153846153846,-54.5,5.60091743119266,21.5,"49.50,21.50,23.00,41.83",7,8,-9.0,21213.5,-3213.0,43.93333333333333
99,8,55,7,"(20,)",15,33.43333333333333,0.8666666666666667,46.96153846153846,-54.5,5.60091743119266,21.5,"49.50,21.50,23.00,41.83",7,8,-9.0,21213.5,-3213.0,43.93333333333333
99,0,47,10,"(3, 12, 14, 18, 20)",16,32.625,0.8125,51.26923076923077,-48.166666666666664,4.612456747404845,-23.25,"52.75,-23.25,48.50,52.50",7,8,-13.166666666666666,25065.0,-4156.5,45.375
99,0,45,10,"(3, 12, 14, 18, 20)",15,31.7,0.8,51.666666666666664,-48.166666666666664,4.290657439446367,1.25,"28.50,1.25,48.75,53.83",7,8,-13.166666666666666,21418.5,-3834.0,42.06666666666667
95,4,55,7,"(3, 12, 14, 18, 20)",16,31.25,0.875,43.5,-54.5,5.587155963302752,17.25,"45.50,17.25,18.75,43.50",7,8,-59.5,21995.5,-2856.0,43.9375
99,4,50,7,"(3, 12)",16,30.875,0.8125,48.88461538461539,-47.166666666666664,4.491166077738516,-0.25,"25.00,-0.25,49.00,49.75",6,8,-42.5,20411.0,-3663.0,40.0
99,5,55,7,"(20,)",18,30.72222222222222,0.8333333333333334,46.96666666666667,-50.5,4.65016501650165,21.25,"48.10,26.90,21.25,23.25",7,8,-20.166666666666668,23772.5,-4798.0,49.27777777777778
99,5,55,7,"(3,)",18,30.166666666666668,0.8333333333333334,46.766666666666666,-52.833333333333336,4.425867507886435,7.3,"48.10,7.30,47.50,19.00",7,8,-59.5,23678.5,-4158.0,44.388888888888886
99,5,55,7,"(3, 12)",18,30.166666666666668,0.8333333333333334,46.766666666666666,-52.833333333333336,4.425867507886435,7.3,"48.10,7.30,47.50,19.00",7,8,-59.5,23678.5,-4158.0,44.388888888888886
95,5,55,7,"(3, 12, 14, 18, 20)",15,29.966666666666665,0.8666666666666667,42.96153846153846,-54.5,5.123853211009174,17.25,"45.50,17.25,18.75,41.17",7,8,-59.5,18060.5,-2856.0,41.53333333333333
95,7,55,7,"(20,)",15,29.966666666666665,0.8666666666666667,42.96153846153846,-54.5,5.123853211009174,18.5,"45.50,18.50,20.00,37.83",7,8,-11.0,18121.5,-2975.0,41.8
95,8,55,7,"(20,)",15,29.966666666666665,0.8666666666666667,42.96153846153846,-54.5,5.123853211009174,18.5,"45.50,18.50,20.00,37.83",7,8,-11.0,18121.5,-2975.0,41.8
99,4,50,7,"(3, 12, 18)",15,29.433333333333334,0.8,48.583333333333336,-47.166666666666664,4.120141342756184,-0.25,"25.00,-0.25,48.50,49.50",6,8,-42.5,16735.5,-3663.0,37.93333333333333
99,4,55,6,"(3, 12)",16,29.375,0.8125,47.03846153846154,-47.166666666666664,4.321554770318021,-2.25,"25.50,-2.25,46.75,47.50",7,8,-42.5,17598.0,-3217.5,35.75
95,0,47,10,"(3, 12, 14, 18, 20)",16,29.375,0.8125,47.26923076923077,-48.166666666666664,4.252595155709343,-24.25,"48.75,-24.25,44.50,48.50",7,8,-14.5,21129.0,-4106.5,42.625
99,5,50,7,(),15,29.3,0.8,48.416666666666664,-47.166666666666664,4.106007067137809,-2.25,"49.50,-2.25,49.75,17.17",6,8,-42.5,16463.5,-4158.0,42.733333333333334
99,5,50,7,"(12,)",15,29.3,0.8,48.416666666666664,-47.166666666666664,4.106007067137809,-2.25,"49.50,-2.25,49.75,17.17",6,8,-42.5,16463.5,-4158.0,42.733333333333334
99,5,50,7,"(14,)",15,29.3,0.8,48.416666666666664,-47.166666666666664,4.106007067137809,-2.25,"49.50,-2.25,49.75,17.17",6,8,-42.5,16463.5,-4158.0,42.733333333333334
90,0,50,7,"(3, 12, 14, 18, 20)",16,29.1875,0.875,40.07142857142857,-47.0,5.968085106382978,-3.5,"40.50,-3.50,39.50,40.25",8,8,1.0,19823.5,-3044.0,42.4375
99,5,55,7,"(3, 18)",17,28.852941176470587,0.8235294117647058,46.357142857142854,-52.833333333333336,4.094637223974764,-2.75,"48.10,-2.75,46.25,19.00",7,8,-59.5,19617.0,-4158.0,41.529411764705884
99,5,55,7,"(3, 12, 18)",17,28.852941176470587,0.8235294117647058,46.357142857142854,-52.833333333333336,4.094637223974764,-2.75,"48.10,-2.75,46.25,19.00",7,8,-59.5,19617.0,-4158.0,41.529411764705884
99,7,55,7,(),17,28.852941176470587,0.8235294117647058,46.357142857142854,-52.833333333333336,4.094637223974764,16.5,"29.70,21.50,47.50,16.50",7,8,-9.0,19460.0,-3811.5,40.8235294117647
99,7,55,7,"(12,)",17,28.852941176470587,0.8235294117647058,46.357142857142854,-52.833333333333336,4.094637223974764,16.5,"29.70,21.50,47.50,16.50",7,8,-9.0,19460.0,-3811.5,40.8235294117647
99,7,55,7,"(14,)",17,28.852941176470587,0.8235294117647058,46.357142857142854,-52.833333333333336,4.094637223974764,16.5,"29.70,21.50,47.50,16.50",7,8,-9.0,19460.0,-3811.5,40.8235294117647
99,8,55,7,(),17,28.852941176470587,0.8235294117647058,46.357142857142854,-52.833333333333336,4.094637223974764,16.5,"29.70,21.50,47.50,16.50",7,8,-9.0,19460.0,-3811.5,40.8235294117647
99,8,55,7,"(12,)",17,28.852941176470587,0.8235294117647058,46.357142857142854,-52.833333333333336,4.094637223974764,16.5,"29.70,21.50,47.50,16.50",7,8,-9.0,19460.0,-3811.5,40.8235294117647
99,8,55,7,"(14,)",17,28.852941176470587,0.8235294117647058,46.357142857142854,-52.833333333333336,4.094637223974764,16.5,"29.70,21.50,47.50,16.50",7,8,-9.0,19460.0,-3811.5,40.8235294117647
99,6,55,7,"(20,)",16,28.6875,0.8125,46.96153846153846,-50.5,4.02970297029703,20.75,"49.50,21.50,23.00,20.75",7,8,-20.166666666666668,17395.5,-4410.5,45.1875
95,0,45,10,"(3, 12, 14, 18, 20)",15,28.5,0.8,47.666666666666664,-48.166666666666664,3.958477508650519,-0.75,"25.50,-0.75,44.75,49.83",7,8,-14.5,18342.0,-3765.0,40.0
99,4,50,8,"(3, 12, 14, 18, 20)",15,28.1,0.8,48.583333333333336,-53.833333333333336,3.609907120743034,-4.0,"49.50,-4.00,22.75,49.50",6,7,-0.5,16939.5,-2640.0,39.266666666666666
99,6,55,7,"(3,)",16,28.0625,0.8125,46.73076923076923,-52.833333333333336,3.832807570977918,-2.75,"49.50,-2.75,46.75,18.75",7,8,-59.5,17132.0,-3811.5,39.875
99,6,55,7,"(3, 12)",16,28.0625,0.8125,46.73076923076923,-52.833333333333336,3.832807570977918,-2.75,"49.50,-2.75,46.75,18.75",7,8,-59.5,17132.0,-3811.5,39.875
99,7,55,7,"(3,)",16,28.0625,0.8125,46.73076923076923,-52.833333333333336,3.832807570977918,-2.75,"49.50,-2.75,46.75,18.75",7,8,-59.5,17132.0,-3811.5,39.875
99,7,55,7,"(3, 12)",16,28.0625,0.8125,46.73076923076923,-52.833333333333336,3.832807570977918,-2.75,"49.50,-2.75,46.75,18.75",7,8,-59.5,17132.0,-3811.5,39.875
99,8,55,7,"(3,)",16,28.0625,0.8125,46.73076923076923,-52.833333333333336,3.832807570977918,-2.75,"49.50,-2.75,46.75,18.75",7,8,-59.5,17132.0,-3811.5,39.875
99,8,55,7,"(3, 12)",16,28.0625,0.8125,46.73076923076923,-52.833333333333336,3.832807570977918,-2.75,"49.50,-2.75,46.75,18.75",7,8,-59.5,17132.0,-3811.5,39.875
99,4,55,6,"(3, 12, 18)",15,27.833333333333332,0.8,46.583333333333336,-47.166666666666664,3.950530035335689,-2.25,"25.50,-2.25,44.25,49.17",7,8,-42.5,14222.0,-3217.5,33.733333333333334
99,4,55,7,"(3, 12)",20,27.75,0.8,47.25,-50.25,3.7611940298507465,6.3,"31.10,6.30,47.50,26.10",7,9,-59.5,23959.0,-3663.0,42.0
99,0,55,7,"(3, 12, 14, 18, 20)",20,27.75,0.8,48.0625,-53.5,3.5934579439252334,7.3,"50.70,7.30,27.10,25.90",8,9,-59.5,26092.5,-6596.0,48.85
99,5,55,6,(),15,27.7,0.8,46.416666666666664,-47.166666666666664,3.9363957597173145,-1.0,"46.75,-1.00,24.25,45.17",7,8,-42.5,13996.0,-3663.0,37.6
99,5,55,6,"(12,)",15,27.7,0.8,46.416666666666664,-47.166666666666664,3.9363957597173145,-1.0,"46.75,-1.00,24.25,45.17",7,8,-42.5,13996.0,-3663.0,37.6
99,5,55,6,"(14,)",15,27.7,0.8,46.416666666666664,-47.166666666666664,3.9363957597173145,-1.0,"46.75,-1.00,24.25,45.17",7,8,-42.5,13996.0,-3663.0,37.6
95,4,50,7,"(3, 12)",16,27.625,0.8125,44.88461538461539,-47.166666666666664,4.123674911660777,-2.25,"22.00,-2.25,45.00,45.75",6,8,-42.5,17208.0,-3514.5,38.0
99,10,55,7,(),16,27.5,0.8125,46.03846153846154,-52.833333333333336,3.77602523659306,-2.75,"49.50,-2.75,46.75,16.50",7,8,-9.0,16159.5,-3811.5,38.4375
99,10,55,7,"(12,)",16,27.5,0.8125,46.03846153846154,-52.833333333333336,3.77602523659306,-2.75,"49.50,-2.75,46.75,16.50",7,8,-9.0,16159.5,-3811.5,38.4375
99,10,55,7,"(14,)",16,27.5,0.8125,46.03846153846154,-52.833333333333336,3.77602523659306,-2.75,"49.50,-2.75,46.75,16.50",7,8,-9.0,16159.5,-3811.5,38.4375
95,5,55,7,"(20,)",18,27.38888888888889,0.8333333333333334,42.96666666666667,-50.5,4.254125412541254,18.25,"44.10,23.70,18.25,20.25",7,8,-21.5,19905.0,-4568.0,46.111111111111114
99,7,55,7,"(18,)",16,27.375,0.8125,45.88461538461539,-52.833333333333336,3.7634069400630916,-2.75,"49.50,-2.75,46.25,16.50",7,8,-9.0,15875.5,-3811.5,38.0625
99,7,55,7,"(12, 18)",16,27.375,0.8125,45.88461538461539,-52.833333333333336,3.7634069400630916,-2.75,"49.50,-2.75,46.25,16.50",7,8,-9.0,15875.5,-3811.5,38.0625
99,8,55,7,"(18,)",16,27.375,0.8125,45.88461538461539,-52.833333333333336,3.7634069400630916,-2.75,"49.50,-2.75,46.25,16.50",7,8,-9.0,15875.5,-3811.5,38.0625
99,8,55,7,"(12, 18)",16,27.375,0.8125,45.88461538461539,-52.833333333333336,3.7634069400630916,-2.75,"49.50,-2.75,46.25,16.50",7,8,-9.0,15875.5,-3811.5,38.0625
99,5,55,7,(),20,27.1,0.8,46.4375,-50.25,3.6965174129353233,7.3,"48.10,7.30,26.10,26.90",7,8,-20.166666666666668,22020.0,-4574.0,46.1
99,5,55,7,"(12,)",20,27.1,0.8,46.4375,-50.25,3.6965174129353233,7.3,"48.10,7.30,26.10,26.90",7,8,-20.166666666666668,22020.0,-4574.0,46.1
99,5,55,7,"(14,)",20,27.1,0.8,46.4375,-50.25,3.6965174129353233,7.3,"48.10,7.30,26.10,26.90",7,8,-20.166666666666668,22020.0,-4574.0,46.1
90,4,55,7,"(3, 12, 14, 18, 20)",16,26.875,0.875,38.5,-54.5,4.944954128440367,13.5,"40.50,13.50,15.00,38.50",7,8,-59.5,17526.0,-2558.5,40.5
95,5,55,7,"(3,)",18,26.833333333333332,0.8333333333333334,42.766666666666666,-52.833333333333336,4.047318611987381,4.9,"44.10,4.90,43.50,16.00",7,8,-59.5,19716.0,-4009.5,41.666666666666664
95,5,55,7,"(3, 12)",18,26.833333333333332,0.8333333333333334,42.766666666666666,-52.833333333333336,4.047318611987381,4.9,"44.10,4.90,43.50,16.00",7,8,-59.5,19716.0,-4009.5,41.666666666666664
99,0,50,8,"(3, 12, 14, 18, 20)",18,26.72222222222222,0.7777777777777778,49.07142857142857,-51.5,3.3349514563106797,-12.1,"50.70,-12.10,22.75,49.25",7,8,-15.166666666666666,20672.0,-5012.5,42.44444444444444
99,10,55,7,"(3,)",15,26.566666666666666,0.8,46.416666666666664,-52.833333333333336,3.5141955835962144,-2.75,"49.50,-2.75,46.75,8.17",7,8,-59.5,14080.5,-3811.5,37.666666666666664
99,10,55,7,"(3, 12)",15,26.566666666666666,0.8,46.416666666666664,-52.833333333333336,3.5141955835962144,-2.75,"49.50,-2.75,46.75,8.17",7,8,-59.5,14080.5,-3811.5,37.666666666666664
99,4,50,7,"(12,)",17,26.558823529411764,0.7647058823529411,48.88461538461539,-46.0,3.453804347826087,-2.25,"31.10,-2.25,49.75,26.50",6,9,-42.5,16673.0,-3663.0,40.11764705882353
99,4,55,7,"(3, 12, 18)",19,26.44736842105263,0.7894736842105263,46.9,-50.25,3.5,6.3,"31.10,6.30,25.10,47.50",7,9,-59.5,19728.0,-3663.0,39.26315789473684
99,6,55,7,"(3, 18)",15,26.433333333333334,0.8,46.25,-52.833333333333336,3.501577287066246,-2.75,"49.50,-2.75,46.25,8.17",7,8,-59.5,13880.5,-3811.5,37.4
99,6,55,7,"(3, 12, 18)",15,26.433333333333334,0.8,46.25,-52.833333333333336,3.501577287066246,-2.75,"49.50,-2.75,46.25,8.17",7,8,-59.5,13880.5,-3811.5,37.4
99,7,55,7,"(3, 18)",15,26.433333333333334,0.8,46.25,-52.833333333333336,3.501577287066246,-2.75,"49.50,-2.75,46.25,8.17",7,8,-59.5,13880.5,-3811.5,37.4
99,7,55,7,"(3, 12, 18)",15,26.433333333333334,0.8,46.25,-52.833333333333336,3.501577287066246,-2.75,"49.50,-2.75,46.25,8.17",7,8,-59.5,13880.5,-3811.5,37.4
99,8,55,7,"(3, 18)",15,26.433333333333334,0.8,46.25,-52.833333333333336,3.501577287066246,-2.75,"49.50,-2.75,46.25,8.17",7,8,-59.5,13880.5,-3811.5,37.4
99,8,55,7,"(3, 12, 18)",15,26.433333333333334,0.8,46.25,-52.833333333333336,3.501577287066246,-2.75,"49.50,-2.75,46.25,8.17",7,8,-59.5,13880.5,-3811.5,37.4
99,10,55,8,"(20,)",15,26.366666666666667,0.8,46.666666666666664,-54.833333333333336,3.404255319148936,-3.5,"49.50,21.50,-3.50,41.83",7,8,-9.0,14465.5,-5500.0,40.46666666666667
99,4,50,7,"(20,)",17,26.264705882352942,0.7647058823529411,48.88461538461539,-47.25,3.3624338624338623,22.0,"31.10,22.00,24.25,26.50",7,10,-54.5,16855.5,-5620.5,42.88235294117647
95,4,50,7,"(3, 12, 18)",15,26.233333333333334,0.8,44.583333333333336,-47.166666666666664,3.7809187279151946,-2.25,"22.00,-2.25,44.50,45.50",6,8,-42.5,14158.0,-3514.5,36.266666666666666
95,4,55,6,"(3, 12)",16,26.125,0.8125,43.03846153846154,-47.166666666666664,3.954063604240283,-4.25,"22.50,-4.25,42.75,43.50",7,8,-42.5,14786.5,-3168.0,34.1875
95,5,50,7,(),15,26.1,0.8,44.416666666666664,-47.166666666666664,3.76678445229682,-4.25,"45.50,-4.25,45.75,14.50",6,8,-42.5,13888.5,-4009.5,40.6
95,5,50,7,"(12,)",15,26.1,0.8,44.416666666666664,-47.166666666666664,3.76678445229682,-4.25,"45.50,-4.25,45.75,14.50",6,8,-42.5,13888.5,-4009.5,40.6
95,5,50,7,"(14,)",15,26.1,0.8,44.416666666666664,-47.166666666666664,3.76678445229682,-4.25,"45.50,-4.25,45.75,14.50",6,8,-42.5,13888.5,-4009.5,40.6
99,4,50,7,"(3,)",17,25.852941176470587,0.7647058823529411,48.88461538461539,-49.0,3.24234693877551,-2.25,"31.10,-2.25,49.75,23.50",6,9,-54.5,16843.5,-3663.0,39.23529411764706
99,4,50,7,"(14,)",17,25.852941176470587,0.7647058823529411,48.88461538461539,-49.0,3.24234693877551,-1.0,"48.10,-1.00,24.25,26.50",6,9,-54.5,16860.5,-5663.0,43.588235294117645
99,10,55,7,"(18,)",15,25.833333333333332,0.8,45.5,-52.833333333333336,3.444794952681388,-2.75,"49.50,-2.75,18.75,41.83",7,8,-9.0,12910.5,-3811.5,35.93333333333333
99,10,55,7,"(12, 18)",15,25.833333333333332,0.8,45.5,-52.833333333333336,3.444794952681388,-2.75,"49.50,-2.75,18.75,41.83",7,8,-9.0,12910.5,-3811.5,35.93333333333333
99,5,55,7,"(18,)",19,25.763157894736842,0.7894736842105263,46.03333333333333,-50.25,3.4353233830845773,7.3,"48.10,7.30,23.90,23.25",7,8,-20.166666666666668,18187.0,-4158.0,42.8421052631579
99,5,55,7,"(12, 18)",19,25.763157894736842,0.7894736842105263,46.03333333333333,-50.25,3.4353233830845773,7.3,"48.10,7.30,23.90,23.25",7,8,-20.166666666666668,18187.0,-4158.0,42.8421052631579
90,5,55,7,"(3, 12, 14, 18, 20)",15,25.633333333333333,0.8666666666666667,37.96153846153846,-54.5,4.527522935779817,13.5,"40.50,13.50,15.00,36.17",7,8,-59.5,14427.0,-2558.5,38.53333333333333
90,7,55,7,"(20,)",15,25.633333333333333,0.8666666666666667,37.96153846153846,-54.5,4.527522935779817,14.75,"40.50,14.75,16.25,32.83",7,8,-13.5,14428.0,-2677.5,38.8
90,8,55,7,"(20,)",15,25.633333333333333,0.8666666666666667,37.96153846153846,-54.5,4.527522935779817,14.75,"40.50,14.75,16.25,32.83",7,8,-13.5,14428.0,-2677.5,38.8
99,0,50,7,"(3, 12)",20,25.6,0.75,49.3,-45.5,3.2505494505494505,-9.1,"31.10,-9.10,49.30,31.10",7,10,-42.5,20123.0,-4486.5,43.4
99,0,50,10,"(3, 12, 14, 18, 20)",21,25.595238095238095,0.7619047619047619,49.625,-51.3,3.0955165692007798,-11.3,"33.83,-11.30,27.70,50.50",7,8,-24.0,25236.0,-6222.5,43.714285714285715
95,5,55,7,"(3, 18)",17,25.558823529411764,0.8235294117647058,42.357142857142854,-52.833333333333336,3.7413249211356465,-4.75,"44.10,-4.75,42.25,16.00",7,8,-59.5,16425.0,-4009.5,39.1764705882353
95,5,55,7,"(3, 12, 18)",17,25.558823529411764,0.8235294117647058,42.357142857142854,-52.833333333333336,3.7413249211356465,-4.75,"44.10,-4.75,42.25,16.00",7,8,-59.5,16425.0,-4009.5,39.1764705882353
95,7,55,7,(),17,25.558823529411764,0.8235294117647058,42.357142857142854,-52.833333333333336,3.7413249211356465,13.5,"26.50,18.50,43.50,13.50",7,8,-11.0,16537.0,-3712.5,39.05882352941177
95,7,55,7,"(12,)",17,25.558823529411764,0.8235294117647058,42.357142857142854,-52.833333333333336,3.7413249211356465,13.5,"26.50,18.50,43.50,13.50",7,8,-11.0,16537.0,-3712.5,39.05882352941177
95,7,55,7,"(14,)",17,25.558823529411764,0.8235294117647058,42.357142857142854,-52.833333333333336,3.7413249211356465,13.5,"26.50,18.50,43.50,13.50",7,8,-11.0,16537.0,-3712.5,39.05882352941177
95,8,55,7,(),17,25.558823529411764,0.8235294117647058,42.357142857142854,-52.833333333333336,3.7413249211356465,13.5,"26.50,18.50,43.50,13.50",7,8,-11.0,16537.0,-3712.5,39.05882352941177
95,8,55,7,"(12,)",17,25.558823529411764,0.8235294117647058,42.357142857142854,-52.833333333333336,3.7413249211356465,13.5,"26.50,18.50,43.50,13.50",7,8,-11.0,16537.0,-3712.5,39.05882352941177
95,8,55,7,"(14,)",17,25.558823529411764,0.8235294117647058,42.357142857142854,-52.833333333333336,3.7413249211356465,13.5,"26.50,18.50,43.50,13.50",7,8,-11.0,16537.0,-3712.5,39.05882352941177
95,6,55,7,"(20,)",16,25.4375,0.8125,42.96153846153846,-50.5,3.6864686468646863,17.75,"45.50,18.50,20.00,17.75",7,8,-21.5,14610.5,-4267.5,42.8125
90,0,47,10,"(3, 12, 14, 18, 20)",16,25.3125,0.8125,42.26923076923077,-48.166666666666664,3.8027681660899653,-25.5,"43.75,-25.50,39.50,43.50",7,8,-16.166666666666668,16794.0,-4079.5,39.75
99,4,55,7,"(12,)",22,25.181818181818183,0.7727272727272727,46.911764705882355,-48.7,3.2751540041067764,12.5,"33.00,12.50,26.70,29.50",7,9,-42.5,22323.0,-3981.5,42.90909090909091
99,4,55,6,"(12,)",17,25.147058823529413,0.7647058823529411,47.03846153846154,-46.0,3.323369565217391,-1.0,"28.90,-1.00,24.25,47.50",7,9,-42.5,14174.5,-3217.5,35.35294117647059
99,4,47,10,"(20,)",15,24.966666666666665,0.7333333333333333,50.86363636363637,-46.25,3.0243243243243243,-0.25,"28.25,-0.25,49.75,21.17",7,9,-42.5,13322.0,-2592.5,38.266666666666666
99,4,50,7,"(12, 18)",16,24.9375,0.75,48.583333333333336,-46.0,3.1684782608695654,-0.25,"25.00,-0.25,48.50,26.50",6,9,-42.5,13455.5,-3663.0,37.9375
95,4,50,8,"(3, 12, 14, 18, 20)",15,24.9,0.8,44.583333333333336,-53.833333333333336,3.3126934984520124,-6.0,"45.50,-6.00,19.75,45.50",6,7,-2.5,14313.0,-2647.0,37.333333333333336
99,6,55,7,(),18,24.88888888888889,0.7777777777777778,46.357142857142854,-50.25,3.228855721393035,20.75,"29.70,24.90,23.00,20.75",7,8,-20.166666666666668,15812.0,-4186.5,41.888888888888886
99,6,55,7,"(12,)",18,24.88888888888889,0.7777777777777778,46.357142857142854,-50.25,3.228855721393035,20.75,"29.70,24.90,23.00,20.75",7,8,-20.166666666666668,15812.0,-4186.5,41.888888888888886
99,6,55,7,"(14,)",18,24.88888888888889,0.7777777777777778,46.357142857142854,-50.25,3.228855721393035,20.75,"29.70,24.90,23.00,20.75",7,8,-20.166666666666668,15812.0,-4186.5,41.888888888888886
99,4,50,10,"(3, 12, 14, 18, 20)",17,24.852941176470587,0.7647058823529411,48.80769230769231,-53.0,2.9929245283018866,-3.0,"29.50,-3.00,22.00,49.75",6,7,-17.166666666666668,16946.0,-3771.5,38.705882352941174
85,0,50,7,"(3, 12, 14, 18, 20)",16,24.8125,0.875,35.07142857142857,-47.0,5.223404255319149,-6.0,"35.50,-6.00,34.50,35.25",7,8,-1.5,15490.5,-3044.5,39.4375
95,6,55,7,"(3,)",16,24.8125,0.8125,42.73076923076923,-52.833333333333336,3.504731861198738,-4.75,"45.50,-4.75,42.75,15.75",7,8,-59.5,14621.5,-3712.5,38.3125
95,6,55,7,"(3, 12)",16,24.8125,0.8125,42.73076923076923,-52.833333333333336,3.504731861198738,-4.75,"45.50,-4.75,42.75,15.75",7,8,-59.5,14621.5,-3712.5,38.3125
95,7,55,7,"(3,)",16,24.8125,0.8125,42.73076923076923,-52.833333333333336,3.504731861198738,-4.75,"45.50,-4.75,42.75,15.75",7,8,-59.5,14621.5,-3712.5,38.3125
95,7,55,7,"(3, 12)",16,24.8125,0.8125,42.73076923076923,-52.833333333333336,3.504731861198738,-4.75,"45.50,-4.75,42.75,15.75",7,8,-59.5,14621.5,-3712.5,38.3125
95,8,55,7,"(3,)",16,24.8125,0.8125,42.73076923076923,-52.833333333333336,3.504731861198738,-4.75,"45.50,-4.75,42.75,15.75",7,8,-59.5,14621.5,-3712.5,38.3125
95,8,55,7,"(3, 12)",16,24.8125,0.8125,42.73076923076923,-52.833333333333336,3.504731861198738,-4.75,"45.50,-4.75,42.75,15.75",7,8,-59.5,14621.5,-3712.5,38.3125
99,4,55,8,"(3, 12, 14, 18, 20)",18,24.666666666666668,0.7777777777777778,47.5,-55.25,3.009049773755656,-4.0,"28.30,25.70,-4.00,47.50",6,8,-59.5,17937.5,-2640.0,39.94444444444444
99,4,55,7,"(14,)",22,24.636363636363637,0.7727272727272727,46.911764705882355,-51.1,3.12133072407045,6.1,"31.83,28.83,6.10,29.50",7,9,-54.5,22458.5,-7462.5,46.5
95,4,55,6,"(3, 12, 18)",15,24.633333333333333,0.8,42.583333333333336,-47.166666666666664,3.6113074204946995,-4.25,"22.50,-4.25,40.25,45.17",7,8,-42.5,11917.0,-3168.0,32.4
95,4,55,7,"(3, 12)",20,24.55,0.8,43.25,-50.25,3.442786069651741,3.9,"27.90,3.90,43.50,22.90",7,9,-59.5,19526.5,-3514.5,39.15
95,0,55,7,"(3, 12, 14, 18, 20)",20,24.55,0.8,44.0625,-53.5,3.294392523364486,4.9,"46.70,4.90,23.90,22.70",8,9,-59.5,21283.0,-5936.5,45.2
95,5,55,6,(),15,24.5,0.8,42.416666666666664,-47.166666666666664,3.597173144876325,-3.0,"42.75,-3.00,21.25,41.17",7,8,-42.5,11561.5,-3564.0,35.666666666666664
95,5,55,6,"(12,)",15,24.5,0.8,42.416666666666664,-47.166666666666664,3.597173144876325,-3.0,"42.75,-3.00,21.25,41.17",7,8,-42.5,11561.5,-3564.0,35.666666666666664
95,5,55,6,"(14,)",15,24.5,0.8,42.416666666666664,-47.166666666666664,3.597173144876325,-3.0,"42.75,-3.00,21.25,41.17",7,8,-42.5,11561.5,-3564.0,35.666666666666664
90,0,45,10,"(3, 12, 14, 18, 20)",15,24.5,0.8,42.666666666666664,-48.166666666666664,3.5432525951557095,-3.25,"21.75,-3.25,39.75,44.83",7,8,-16.166666666666668,14745.5,-3773.5,37.666666666666664
99,4,47,10,"(3,)",15,24.5,0.7333333333333333,50.86363636363637,-48.0,2.9140625,-24.5,"28.25,-24.50,49.00,52.17",6,8,-42.5,13591.0,-3139.0,34.93333333333333
99,4,47,10,"(14,)",15,24.5,0.7333333333333333,50.86363636363637,-48.0,2.9140625,0.0,"26.25,0.00,49.75,21.17",6,8,-42.5,13324.5,-3580.5,39.0
99,4,47,10,"(3, 12)",15,24.5,0.7333333333333333,50.86363636363637,-48.0,2.9140625,-24.5,"28.25,-24.50,49.00,52.17",6,8,-42.5,13591.0,-3139.0,34.93333333333333
99,4,55,6,"(3,)",17,24.441176470588236,0.7647058823529411,47.03846153846154,-49.0,3.1198979591836733,-1.0,"28.90,-1.00,21.25,47.50",7,9,-54.5,14247.0,-3217.5,34.588235294117645
99,4,55,6,"(14,)",17,24.441176470588236,0.7647058823529411,47.03846153846154,-49.0,3.1198979591836733,1.0,"27.50,21.00,1.00,47.50",7,9,-54.5,14244.5,-4747.5,38.05882352941177
99,4,55,7,"(20,)",21,24.30952380952381,0.7619047619047619,47.4375,-49.7,3.0543259557344062,6.1,"33.00,26.90,6.10,29.50",7,10,-54.5,20245.5,-6918.5,44.42857142857143
95,10,55,7,(),16,24.25,0.8125,42.03846153846154,-52.833333333333336,3.44794952681388,-4.75,"45.50,-4.75,42.75,13.50",7,8,-11.0,13696.5,-3712.5,36.9375
95,10,55,7,"(12,)",16,24.25,0.8125,42.03846153846154,-52.833333333333336,3.44794952681388,-4.75,"45.50,-4.75,42.75,13.50",7,8,-11.0,13696.5,-3712.5,36.9375
95,10,55,7,"(14,)",16,24.25,0.8125,42.03846153846154,-52.833333333333336,3.44794952681388,-4.75,"45.50,-4.75,42.75,13.50",7,8,-11.0,13696.5,-3712.5,36.9375
99,4,50,7,"(3, 18)",16,24.1875,0.75,48.583333333333336,-49.0,2.9744897959183674,-0.25,"25.00,-0.25,48.50,23.50",6,9,-54.5,13546.5,-3663.0,37.0625
99,0,50,7,"(3, 12, 18)",19,24.18421052631579,0.7368421052631579,49.07142857142857,-45.5,3.0197802197802197,-9.1,"31.10,-9.10,48.50,26.75",7,10,-42.5,16492.5,-4486.5,41.21052631578947
95,7,55,7,"(18,)",16,24.125,0.8125,41.88461538461539,-52.833333333333336,3.4353312302839116,-4.75,"45.50,-4.75,42.25,13.50",7,8,-11.0,13477.0,-3712.5,36.625
95,7,55,7,"(12, 18)",16,24.125,0.8125,41.88461538461539,-52.833333333333336,3.4353312302839116,-4.75,"45.50,-4.75,42.25,13.50",7,8,-11.0,13477.0,-3712.5,36.625
95,8,55,7,"(18,)",16,24.125,0.8125,41.88461538461539,-52.833333333333336,3.4353312302839116,-4.75,"45.50,-4.75,42.25,13.50",7,8,-11.0,13477.0,-3712.5,36.625
95,8,55,7,"(12, 18)",16,24.125,0.8125,41.88461538461539,-52.833333333333336,3.4353312302839116,-4.75,"45.50,-4.75,42.25,13.50",7,8,-11.0,13477.0,-3712.5,36.625
99,4,55,6,"(20,)",16,24.0,0.75,47.75,-47.25,3.0317460317460316,1.0,"25.50,22.00,1.00,47.50",7,10,-54.5,12363.5,-4414.0,36.1875
95,5,55,7,(),20,23.9,0.8,42.4375,-50.25,3.3781094527363185,4.9,"44.10,4.90,22.90,23.70",7,8,-21.5,18000.5,-4332.0,42.95
95,5,55,7,"(12,)",20,23.9,0.8,42.4375,-50.25,3.3781094527363185,4.9,"44.10,4.90,22.90,23.70",7,8,-21.5,18000.5,-4332.0,42.95
95,5,55,7,"(14,)",20,23.9,0.8,42.4375,-50.25,3.3781094527363185,4.9,"44.10,4.90,22.90,23.70",7,8,-21.5,18000.5,-4332.0,42.95
99,4,55,7,"(12, 18)",21,23.88095238095238,0.7619047619047619,46.5625,-48.7,3.059548254620123,7.3,"33.00,7.30,23.90,29.50",7,9,-42.5,18225.5,-3663.0,39.857142857142854
99,4,55,7,"(3,)",21,23.833333333333332,0.7619047619047619,47.25,-51.1,2.958904109589041,7.3,"33.00,7.30,27.10,26.10",7,10,-59.5,19814.0,-5615.5,40.95238095238095
95,0,50,8,"(3, 12, 14, 18, 20)",18,23.61111111111111,0.7777777777777778,45.07142857142857,-51.5,3.063106796116505,-13.7,"46.70,-13.70,19.75,45.25",7,8,-16.5,16995.0,-4916.5,39.77777777777778
90,4,50,7,"(3, 12)",16,23.5625,0.8125,39.88461538461539,-47.166666666666664,3.664310954063604,-4.75,"18.25,-4.75,40.00,40.75",6,8,-42.5,13580.5,-3366.0,35.5625
99,5,50,8,"(20,)",16,23.5625,0.75,48.416666666666664,-51.0,2.8480392156862746,-4.0,"49.50,-4.00,23.25,25.50",6,8,-42.5,13349.5,-2854.0,40.5625
95,4,50,7,"(12,)",17,23.5,0.7647058823529411,44.88461538461539,-46.0,3.171195652173913,-4.25,"27.90,-4.25,45.75,23.50",6,9,-42.5,13864.5,-3514.5,38.05882352941177
99,4,55,6,"(12, 18)",16,23.4375,0.75,46.583333333333336,-46.0,3.0380434782608696,-2.25,"25.50,-2.25,23.00,47.50",7,9,-42.5,11265.5,-3217.5,33.3125
95,10,55,7,"(3,)",15,23.366666666666667,0.8,42.416666666666664,-52.833333333333336,3.2113564668769716,-4.75,"45.50,-4.75,42.75,5.50",7,8,-59.5,11968.5,-3712.5,36.333333333333336
95,10,55,7,"(3, 12)",15,23.366666666666667,0.8,42.416666666666664,-52.833333333333336,3.2113564668769716,-4.75,"45.50,-4.75,42.75,5.50",7,8,-59.5,11968.5,-3712.5,36.333333333333336
95,4,55,7,"(3, 12, 18)",19,23.289473684210527,0.7894736842105263,42.9,-50.25,3.201492537313433,3.9,"27.90,3.90,21.90,43.50",7,9,-59.5,16189.5,-3514.5,36.89473684210526
99,6,55,7,"(18,)",17,23.264705882352942,0.7647058823529411,45.88461538461539,-50.25,2.9676616915422884,19.5,"29.70,21.50,19.50,20.75",7,8,-20.166666666666668,12694.0,-3811.5,38.94117647058823
99,6,55,7,"(12, 18)",17,23.264705882352942,0.7647058823529411,45.88461538461539,-50.25,2.9676616915422884,19.5,"29.70,21.50,19.50,20.75",7,8,-20.166666666666668,12694.0,-3811.5,38.94117647058823
95,6,55,7,"(3, 18)",15,23.233333333333334,0.8,42.25,-52.833333333333336,3.1987381703470033,-4.75,"45.50,-4.75,42.25,5.50",7,8,-59.5,11786.5,-3712.5,36.06666666666667
95,6,55,7,"(3, 12, 18)",15,23.233333333333334,0.8,42.25,-52.833333333333336,3.1987381703470033,-4.75,"45.50,-4.75,42.25,5.50",7,8,-59.5,11786.5,-3712.5,36.06666666666667
95,7,55,7,"(3, 18)",15,23.233333333333334,0.8,42.25,-52.833333333333336,3.1987381703470033,-4.75,"45.50,-4.75,42.25,5.50",7,8,-59.5,11786.5,-3712.5,36.06666666666667
95,7,55,7,"(3, 12, 18)",15,23.233333333333334,0.8,42.25,-52.833333333333336,3.1987381703470033,-4.75,"45.50,-4.75,42.25,5.50",7,8,-59.5,11786.5,-3712.5,36.06666666666667
95,8,55,7,"(3, 18)",15,23.233333333333334,0.8,42.25,-52.833333333333336,3.1987381703470033,-4.75,"45.50,-4.75,42.25,5.50",7,8,-59.5,11786.5,-3712.5,36.06666666666667
95,8,55,7,"(3, 12, 18)",15,23.233333333333334,0.8,42.25,-52.833333333333336,3.1987381703470033,-4.75,"45.50,-4.75,42.25,5.50",7,8,-59.5,11786.5,-3712.5,36.06666666666667
90,5,55,7,"(20,)",18,23.22222222222222,0.8333333333333334,37.96666666666667,-50.5,3.759075907590759,14.5,"39.10,19.70,14.50,16.50",7,8,-23.166666666666668,15516.0,-4241.0,42.22222222222222
95,4,50,7,"(20,)",17,23.205882352941178,0.7647058823529411,44.88461538461539,-47.25,3.0873015873015874,19.0,"27.90,19.00,21.25,23.50",7,10,-54.5,13875.0,-5135.5,40.35294117647059
95,10,55,8,"(20,)",15,23.166666666666668,0.8,42.666666666666664,-54.833333333333336,3.1124620060790273,-5.5,"45.50,18.50,-5.50,37.83",7,8,-11.0,12211.5,-5099.5,38.6
99,4,50,6,"(12,)",15,23.166666666666668,0.7333333333333333,48.31818181818182,-46.0,2.8885869565217392,-2.25,"25.50,-2.25,26.50,49.50",6,9,-42.5,10593.5,-3217.5,34.06666666666667
99,5,50,8,"(3,)",16,23.125,0.75,48.416666666666664,-52.75,2.7535545023696684,-28.25,"49.50,-28.25,49.00,22.25",5,7,-1.0,13473.0,-4372.5,37.0
99,5,50,8,"(3, 12)",16,23.125,0.75,48.416666666666664,-52.75,2.7535545023696684,-28.25,"49.50,-28.25,49.00,22.25",5,7,-1.0,13473.0,-4372.5,37.0
99,5,50,10,"(3, 12, 14, 18, 20)",16,23.0,0.75,48.333333333333336,-53.0,2.7358490566037736,-3.25,"49.50,-3.25,23.50,22.25",6,7,-17.166666666666668,13424.5,-3771.5,37.0625
99,5,55,8,"(3, 12, 14, 18, 20)",17,22.91176470588235,0.7647058823529411,46.96153846153846,-55.25,2.762443438914027,19.0,"28.30,20.25,22.75,19.00",6,8,-59.5,14279.0,-2640.0,38.23529411764706
99,7,55,8,"(20,)",17,22.91176470588235,0.7647058823529411,46.96153846153846,-55.25,2.762443438914027,16.5,"28.30,21.50,24.00,16.50",6,8,-9.0,14526.0,-2692.5,38.35294117647059
99,8,55,8,"(20,)",17,22.91176470588235,0.7647058823529411,46.96153846153846,-55.25,2.762443438914027,16.5,"28.30,21.50,24.00,16.50",6,8,-9.0,14526.0,-2692.5,38.35294117647059
99,4,50,6,"(20,)",15,22.833333333333332,0.7333333333333333,48.31818181818182,-47.25,2.812169312169312,1.0,"25.50,22.00,1.00,49.50",7,10,-54.5,10580.5,-4414.0,35.8
95,4,50,7,"(3,)",17,22.794117647058822,0.7647058823529411,44.88461538461539,-49.0,2.9770408163265305,-4.25,"27.90,-4.25,45.75,20.50",6,9,-54.5,13982.0,-3514.5,37.294117647058826
95,4,50,7,"(14,)",17,22.794117647058822,0.7647058823529411,44.88461538461539,-49.0,2.9770408163265305,-3.0,"44.10,-3.00,21.25,23.50",6,9,-54.5,13999.5,-5178.0,41.11764705882353
99,4,55,6,"(3, 18)",16,22.6875,0.75,46.583333333333336,-49.0,2.8520408163265305,-2.25,"25.50,-2.25,20.00,47.50",7,9,-54.5,11355.5,-3217.5,32.5625
90,5,55,7,"(3,)",18,22.666666666666668,0.8333333333333334,37.766666666666666,-52.833333333333336,3.5741324921135647,1.9,"39.10,1.90,38.50,12.25",7,8,-59.5,15253.5,-3762.0,38.166666666666664
90,5,55,7,"(3, 12)",18,22.666666666666668,0.8333333333333334,37.766666666666666,-52.833333333333336,3.5741324921135647,1.9,"39.10,1.90,38.50,12.25",7,8,-59.5,15253.5,-3762.0,38.166666666666664
95,10,55,7,"(18,)",15,22.633333333333333,0.8,41.5,-52.833333333333336,3.141955835962145,-4.75,"45.50,-4.75,15.75,37.83",7,8,-11.0,10990.5,-3712.5,34.733333333333334
95,10,55,7,"(12, 18)",15,22.633333333333333,0.8,41.5,-52.833333333333336,3.141955835962145,-4.75,"45.50,-4.75,15.75,37.83",7,8,-11.0,10990.5,-3712.5,34.733333333333334
99,10,55,8,(),17,22.61764705882353,0.7647058823529411,46.03846153846154,-53.5,2.796728971962617,16.5,"29.70,21.50,21.00,16.50",7,8,-9.0,12970.5,-5214.5,37.8235294117647
99,10,55,8,"(12,)",17,22.61764705882353,0.7647058823529411,46.03846153846154,-53.5,2.796728971962617,16.5,"29.70,21.50,21.00,16.50",7,8,-9.0,12970.5,-5214.5,37.8235294117647
99,10,55,8,"(14,)",17,22.61764705882353,0.7647058823529411,46.03846153846154,-53.5,2.796728971962617,16.5,"29.70,21.50,21.00,16.50",7,8,-9.0,12970.5,-5214.5,37.8235294117647
99,0,47,7,"(3, 12)",17,22.61764705882353,0.7058823529411765,51.0,-45.5,2.6901098901098903,-24.0,"33.70,-24.00,49.75,28.25",6,9,-42.5,13516.0,-5126.0,39.1764705882353
99,0,47,8,"(3, 12)",17,22.61764705882353,0.7058823529411765,51.0,-45.5,2.6901098901098903,-24.0,"33.70,-24.00,49.75,28.25",6,9,-42.5,13516.0,-5126.0,39.1764705882353
95,5,55,7,"(18,)",19,22.605263157894736,0.7894736842105263,42.03333333333333,-50.25,3.13681592039801,4.9,"44.10,4.90,20.70,20.25",7,8,-21.5,14938.0,-4009.5,40.21052631578947
95,5,55,7,"(12, 18)",19,22.605263157894736,0.7894736842105263,42.03333333333333,-50.25,3.13681592039801,4.9,"44.10,4.90,20.70,20.25",7,8,-21.5,14938.0,-4009.5,40.21052631578947
95,0,50,7,"(3, 12)",20,22.6,0.75,45.3,-45.5,2.986813186813187,-10.7,"27.90,-10.70,45.30,27.90",7,10,-42.5,16494.0,-4411.5,40.8
85,4,50,8,"(3, 12, 14, 18, 20)",15,22.566666666666666,0.8666666666666667,34.19230769230769,-53.0,4.193396226415095,-11.0,"35.50,-11.00,33.50,35.50",6,7,-7.5,12534.0,-2636.5,34.93333333333333
95,0,50,10,"(3, 12, 14, 18, 20)",21,22.547619047619047,0.7619047619047619,45.625,-51.3,2.8460038986354776,-12.9,"30.50,-12.90,24.50,46.50",7,8,-25.0,20576.0,-5919.5,40.76190476190476
85,4,55,7,"(3, 12, 14, 18, 20)",16,22.5,0.875,33.5,-54.5,4.302752293577981,9.75,"35.50,9.75,11.25,33.50",7,8,-59.5,13646.5,-2320.5,37.5625
99,4,55,7,"(3, 18)",20,22.4,0.75,46.9,-51.1,2.7534246575342465,6.3,"31.10,6.30,26.10,26.10",7,10,-59.5,16206.0,-4936.5,38.2
99,4,50,6,"(3,)",15,22.366666666666667,0.7333333333333333,48.31818181818182,-49.0,2.711734693877551,-2.25,"25.50,-2.25,23.50,49.50",6,9,-54.5,10796.0,-3217.5,33.333333333333336
99,4,50,6,"(14,)",15,22.366666666666667,0.7333333333333333,48.31818181818182,-49.0,2.711734693877551,-1.0,"46.75,-1.00,1.00,49.50",6,9,-54.5,10858.0,-4414.0,36.8
90,4,50,7,"(3, 12, 18)",15,22.233333333333334,0.8,39.583333333333336,-47.166666666666664,3.3568904593639575,-4.75,"18.25,-4.75,39.50,40.50",6,8,-42.5,11144.0,-3366.0,34.13333333333333
90,5,50,7,(),15,22.1,0.8,39.416666666666664,-47.166666666666664,3.3427561837455833,-6.75,"40.50,-6.75,40.75,11.17",6,8,-42.5,10922.5,-3762.0,37.8
90,5,50,7,"(12,)",15,22.1,0.8,39.416666666666664,-47.166666666666664,3.3427561837455833,-6.75,"40.50,-6.75,40.75,11.17",6,8,-42.5,10922.5,-3762.0,37.8
90,5,50,7,"(14,)",15,22.1,0.8,39.416666666666664,-47.166666666666664,3.3427561837455833,-6.75,"40.50,-6.75,40.75,11.17",6,8,-42.5,10922.5,-3762.0,37.8
95,4,55,7,"(12,)",22,22.09090909090909,0.7727272727272727,42.911764705882355,-48.7,2.995893223819302,9.833333333333334,"29.67,9.83,23.50,26.30",7,9,-42.5,17940.5,-3817.5,39.86363636363637
95,4,55,6,"(12,)",17,22.08823529411765,0.7647058823529411,43.03846153846154,-46.0,3.0407608695652173,-3.0,"25.70,-3.00,21.25,43.50",7,9,-42.5,11558.0,-3168.0,33.64705882352941
90,4,55,6,"(3, 12)",16,22.0625,0.8125,38.03846153846154,-47.166666666666664,3.4946996466431095,-6.75,"18.75,-6.75,37.75,38.50",7,8,-42.5,11622.0,-2970.0,32.0
99,4,50,7,(),18,22.055555555555557,0.7222222222222222,48.88461538461539,-47.7,2.6645702306079664,7.7,"31.10,7.70,24.25,26.50",6,10,-54.5,13509.0,-4941.5,39.111111111111114
99,5,55,8,"(20,)",20,22.05,0.75,46.96666666666667,-52.7,2.6736242884250476,7.3,"28.30,25.70,7.30,26.90",6,8,-20.166666666666668,16328.0,-3962.0,42.1
99,0,47,10,"(3, 12)",20,22.05,0.7,51.357142857142854,-46.333333333333336,2.5863309352517985,-28.5,"33.70,-28.50,49.30,33.70",6,10,-42.5,17254.0,-5130.0,39.9
95,4,47,10,"(20,)",15,22.033333333333335,0.7333333333333333,46.86363636363637,-46.25,2.7864864864864867,-2.25,"25.25,-2.25,45.75,18.50",7,9,-42.5,11101.0,-2380.0,36.53333333333333
95,4,50,7,"(12, 18)",16,21.9375,0.75,44.583333333333336,-46.0,2.907608695652174,-2.25,"22.00,-2.25,44.50,23.50",6,9,-42.5,11158.5,-3514.5,36.1875
95,4,50,10,"(3, 12, 14, 18, 20)",17,21.794117647058822,0.7647058823529411,44.80769230769231,-53.0,2.7476415094339623,-5.0,"26.30,-5.00,19.00,45.75",6,7,-18.5,14051.0,-3664.5,36.8235294117647
95,6,55,7,(),18,21.77777777777778,0.7777777777777778,42.357142857142854,-50.25,2.9502487562189055,17.75,"26.50,21.70,20.00,17.75",7,8,-21.5,13233.5,-3994.0,39.94444444444444
95,6,55,7,"(12,)",18,21.77777777777778,0.7777777777777778,42.357142857142854,-50.25,2.9502487562189055,17.75,"26.50,21.70,20.00,17.75",7,8,-21.5,13233.5,-3994.0,39.94444444444444
95,6,55,7,"(14,)",18,21.77777777777778,0.7777777777777778,42.357142857142854,-50.25,2.9502487562189055,17.75,"26.50,21.70,20.00,17.75",7,8,-21.5,13233.5,-3994.0,39.94444444444444
99,4,55,7,(),23,21.717391304347824,0.7391304347826086,46.911764705882355,-49.666666666666664,2.6761744966442955,12.5,"33.00,12.50,13.17,29.50",7,10,-54.5,18353.0,-6590.5,41.391304347826086
95,4,47,10,"(3,)",15,21.566666666666666,0.7333333333333333,46.86363636363637,-48.0,2.6848958333333335,-25.5,"25.25,-25.50,45.00,48.17",6,8,-42.5,11186.0,-3161.0,33.333333333333336
95,4,47,10,"(14,)",15,21.566666666666666,0.7333333333333333,46.86363636363637,-48.0,2.6848958333333335,-2.0,"23.25,-2.00,45.75,18.50",6,8,-42.5,11319.0,-3569.0,37.46666666666667
95,4,47,10,"(3, 12)",15,21.566666666666666,0.7333333333333333,46.86363636363637,-48.0,2.6848958333333335,-25.5,"25.25,-25.50,45.00,48.17",6,8,-42.5,11186.0,-3161.0,33.333333333333336
95,4,55,8,"(3, 12, 14, 18, 20)",18,21.555555555555557,0.7777777777777778,43.5,-55.25,2.755656108597285,-6.0,"25.10,22.50,-6.00,43.50",6,8,-59.5,14880.0,-2647.0,37.77777777777778
99,5,55,8,"(3,)",20,21.55,0.75,46.766666666666666,-54.1,2.593345656192237,6.3,"28.30,6.30,26.30,25.30",6,8,-59.5,16094.5,-4372.5,38.65
99,5,55,8,"(3, 12)",20,21.55,0.75,46.766666666666666,-54.1,2.593345656192237,6.3,"28.30,6.30,26.30,25.30",6,8,-59.5,16094.5,-4372.5,38.65
95,4,55,7,"(14,)",22,21.545454545454547,0.7727272727272727,42.911764705882355,-51.1,2.8551859099804306,3.7,"28.50,25.50,3.70,26.30",7,9,-54.5,18144.0,-6874.5,43.09090909090909
90,5,55,7,"(3, 18)",17,21.441176470588236,0.8235294117647058,37.357142857142854,-52.833333333333336,3.2996845425867507,-7.25,"39.10,-7.25,37.25,12.25",7,8,-59.5,12633.5,-3762.0,36.1764705882353
90,5,55,7,"(3, 12, 18)",17,21.441176470588236,0.8235294117647058,37.357142857142854,-52.833333333333336,3.2996845425867507,-7.25,"39.10,-7.25,37.25,12.25",7,8,-59.5,12633.5,-3762.0,36.1764705882353
90,7,55,7,(),17,21.441176470588236,0.8235294117647058,37.357142857142854,-52.833333333333336,3.2996845425867507,9.75,"22.50,14.75,38.50,9.75",7,8,-13.5,12634.5,-3564.0,35.94117647058823
90,7,55,7,"(12,)",17,21.441176470588236,0.8235294117647058,37.357142857142854,-52.833333333333336,3.2996845425867507,9.75,"22.50,14.75,38.50,9.75",7,8,-13.5,12634.5,-3564.0,35.94117647058823
90,7,55,7,"(14,)",17,21.441176470588236,0.8235294117647058,37.357142857142854,-52.833333333333336,3.2996845425867507,9.75,"22.50,14.75,38.50,9.75",7,8,-13.5,12634.5,-3564.0,35.94117647058823
90,8,55,7,(),17,21.441176470588236,0.8235294117647058,37.357142857142854,-52.833333333333336,3.2996845425867507,9.75,"22.50,14.75,38.50,9.75",7,8,-13.5,12634.5,-3564.0,35.94117647058823
90,8,55,7,"(12,)",17,21.441176470588236,0.8235294117647058,37.357142857142854,-52.833333333333336,3.2996845425867507,9.75,"22.50,14.75,38.50,9.75",7,8,-13.5,12634.5,-3564.0,35.94117647058823
90,8,55,7,"(14,)",17,21.441176470588236,0.8235294117647058,37.357142857142854,-52.833333333333336,3.2996845425867507,9.75,"22.50,14.75,38.50,9.75",7,8,-13.5,12634.5,-3564.0,35.94117647058823
99,10,55,8,"(3,)",16,21.4375,0.75,46.416666666666664,-53.5,2.602803738317757,-7.75,"49.50,-2.75,46.75,-7.75",7,8,-59.5,11183.0,-5214.5,37.5
99,10,55,8,"(3, 12)",16,21.4375,0.75,46.416666666666664,-53.5,2.602803738317757,-7.75,"49.50,-2.75,46.75,-7.75",7,8,-59.5,11183.0,-5214.5,37.5
95,4,55,6,"(3,)",17,21.38235294117647,0.7647058823529411,43.03846153846154,-49.0,2.854591836734694,-3.0,"25.70,-3.00,18.25,43.50",7,9,-54.5,11754.5,-3168.0,33.0
95,4,55,6,"(14,)",17,21.38235294117647,0.7647058823529411,43.03846153846154,-49.0,2.854591836734694,-1.0,"24.30,18.00,-1.00,43.50",7,9,-54.5,11683.5,-4414.0,36.05882352941177
90,6,55,7,"(20,)",16,21.375,0.8125,37.96153846153846,-50.5,3.257425742574257,14.0,"40.50,14.75,16.25,14.00",7,8,-23.166666666666668,11420.5,-3990.0,39.6875
85,5,55,7,"(3, 12, 14, 18, 20)",15,21.3,0.8666666666666667,32.96153846153846,-54.5,3.9311926605504586,9.75,"35.50,9.75,11.25,31.17",7,8,-59.5,11205.5,-2320.5,35.93333333333333
85,7,55,7,"(20,)",15,21.3,0.8666666666666667,32.96153846153846,-54.5,3.9311926605504586,11.0,"35.50,11.00,12.50,27.83",7,8,-16.0,11182.0,-2439.5,36.13333333333333
85,8,55,7,"(20,)",15,21.3,0.8666666666666667,32.96153846153846,-54.5,3.9311926605504586,11.0,"35.50,11.00,12.50,27.83",7,8,-16.0,11182.0,-2439.5,36.13333333333333
95,4,55,7,"(20,)",21,21.261904761904763,0.7619047619047619,43.4375,-49.7,2.7967806841046277,3.7,"29.67,23.70,3.70,26.30",7,10,-54.5,16218.5,-6432.5,41.19047619047619
85,0,47,10,"(3, 12, 14, 18, 20)",16,21.25,0.8125,37.26923076923077,-48.166666666666664,3.3529411764705883,-26.75,"38.75,-26.75,34.50,38.50",7,8,-17.833333333333332,13069.5,-4075.0,37.1875
95,0,50,7,"(3, 12, 18)",19,21.236842105263158,0.7368421052631579,45.07142857142857,-45.5,2.7736263736263735,-10.7,"27.90,-10.70,44.50,23.75",7,10,-42.5,13464.5,-4411.5,38.89473684210526
99,4,50,8,"(3, 12)",18,21.22222222222222,0.7222222222222222,48.88461538461539,-50.7,2.5069033530571994,-13.1,"31.10,-13.10,23.25,49.75",5,8,-42.5,13710.0,-3828.5,35.22222222222222
95,4,50,7,"(3, 18)",16,21.1875,0.75,44.583333333333336,-49.0,2.729591836734694,-2.25,"22.00,-2.25,44.50,20.50",6,9,-54.5,11243.0,-3514.5,35.375
99,5,50,8,"(3, 18)",15,21.166666666666668,0.7333333333333333,48.04545454545455,-52.75,2.504739336492891,-28.25,"49.50,-28.25,22.00,48.17",5,7,-1.0,10656.5,-4372.5,35.13333333333333
99,5,50,8,"(3, 12, 18)",15,21.166666666666668,0.7333333333333333,48.04545454545455,-52.75,2.504739336492891,-28.25,"49.50,-28.25,22.00,48.17",5,7,-1.0,10656.5,-4372.5,35.13333333333333
99,0,45,7,"(3,)",16,21.125,0.6875,51.40909090909091,-45.5,2.4857142857142858,-24.0,"30.50,-24.00,49.75,28.25",6,9,-42.5,11135.5,-4606.5,36.1875
99,0,45,7,"(3, 12)",16,21.125,0.6875,51.40909090909091,-45.5,2.4857142857142858,-24.0,"30.50,-24.00,49.75,28.25",6,9,-42.5,11135.5,-4606.5,36.1875
99,0,45,8,"(3,)",16,21.125,0.6875,51.40909090909091,-45.5,2.4857142857142858,-24.0,"30.50,-24.00,49.75,28.25",6,9,-42.5,11135.5,-4606.5,36.1875
99,0,45,8,"(3, 12)",16,21.125,0.6875,51.40909090909091,-45.5,2.4857142857142858,-24.0,"30.50,-24.00,49.75,28.25",6,9,-42.5,11135.5,-4606.5,36.1875
99,0,45,7,"(14,)",16,21.0625,0.6875,51.40909090909091,-45.7,2.474835886214442,-1.0,"30.00,-1.00,50.00,5.25",6,8,-42.5,11174.0,-5269.5,42.0
99,0,45,8,"(14,)",16,21.0625,0.6875,51.40909090909091,-45.7,2.474835886214442,-1.0,"30.00,-1.00,50.00,5.25",6,8,-42.5,11174.0,-5269.5,42.0
95,4,55,6,"(20,)",16,21.0,0.75,43.75,-47.25,2.7777777777777777,-1.0,"22.50,19.00,-1.00,43.50",7,10,-54.5,10277.5,-4123.0,34.6875
90,4,50,8,"(3, 12, 14, 18, 20)",15,20.9,0.8,39.583333333333336,-53.833333333333336,2.9411764705882355,-8.5,"40.50,-8.50,16.00,40.50",6,7,-5.0,11179.0,-2675.0,34.93333333333333
85,10,55,8,"(20,)",15,20.833333333333332,0.8666666666666667,32.42307692307692,-54.5,3.86697247706422,10.75,"35.50,11.00,10.75,27.83",7,8,-16.0,10679.5,-2380.0,35.53333333333333
95,4,55,7,"(12, 18)",21,20.833333333333332,0.7619047619047619,42.5625,-48.7,2.7967145790554415,4.9,"29.67,4.90,20.70,26.30",7,9,-42.5,14801.5,-3514.5,37.38095238095238
95,4,55,7,"(3,)",21,20.785714285714285,0.7619047619047619,43.25,-51.1,2.7084148727984343,4.9,"29.67,4.90,23.90,22.90",7,10,-59.5,16087.5,-5050.5,38.23809523809524
99,0,45,10,"(3,)",19,20.763157894736842,0.6842105263157895,51.73076923076923,-46.333333333333336,2.4190647482014387,-8.9,"14.30,-8.90,49.50,30.00",6,10,-42.5,14489.0,-4652.0,36.73684210526316
99,0,45,10,"(3, 12)",19,20.763157894736842,0.6842105263157895,51.73076923076923,-46.333333333333336,2.4190647482014387,-8.9,"14.30,-8.90,49.50,30.00",6,10,-42.5,14489.0,-4652.0,36.73684210526316
90,6,55,7,"(3,)",16,20.75,0.8125,37.73076923076923,-52.833333333333336,3.0946372239747633,-7.25,"40.50,-7.25,37.75,12.00",7,8,-59.5,11202.5,-3564.0,35.4375
90,6,55,7,"(3, 12)",16,20.75,0.8125,37.73076923076923,-52.833333333333336,3.0946372239747633,-7.25,"40.50,-7.25,37.75,12.00",7,8,-59.5,11202.5,-3564.0,35.4375
90,7,55,7,"(3,)",16,20.75,0.8125,37.73076923076923,-52.833333333333336,3.0946372239747633,-7.25,"40.50,-7.25,37.75,12.00",7,8,-59.5,11202.5,-3564.0,35.4375
90,7,55,7,"(3, 12)",16,20.75,0.8125,37.73076923076923,-52.833333333333336,3.0946372239747633,-7.25,"40.50,-7.25,37.75,12.00",7,8,-59.5,11202.5,-3564.0,35.4375
90,8,55,7,"(3,)",16,20.75,0.8125,37.73076923076923,-52.833333333333336,3.0946372239747633,-7.25,"40.50,-7.25,37.75,12.00",7,8,-59.5,11202.5,-3564.0,35.4375
90,8,55,7,"(3, 12)",16,20.75,0.8125,37.73076923076923,-52.833333333333336,3.0946372239747633,-7.25,"40.50,-7.25,37.75,12.00",7,8,-59.5,11202.5,-3564.0,35.4375
99,10,55,8,"(18,)",16,20.75,0.75,45.5,-53.5,2.5514018691588785,-2.75,"49.50,-2.75,19.75,16.50",6,8,-9.0,10222.5,-4584.0,35.3125
99,10,55,8,"(12, 18)",16,20.75,0.75,45.5,-53.5,2.5514018691588785,-2.75,"49.50,-2.75,19.75,16.50",6,8,-9.0,10222.5,-4584.0,35.3125
99,0,47,7,"(3, 12, 18)",16,20.75,0.6875,50.86363636363637,-45.5,2.4593406593406595,-22.0,"28.25,-22.00,48.50,28.25",6,9,-42.5,10528.0,-5126.0,37.25
99,0,47,8,"(3, 12, 18)",16,20.75,0.6875,50.86363636363637,-45.5,2.4593406593406595,-22.0,"28.25,-22.00,48.50,28.25",6,9,-42.5,10528.0,-5126.0,37.25
99,4,55,6,(),18,20.72222222222222,0.7222222222222222,47.03846153846154,-47.7,2.5639412997903563,1.0,"28.90,6.90,1.00,47.50",7,10,-54.5,11290.5,-4177.5,34.166666666666664
99,0,45,10,"(14,)",19,20.710526315789473,0.6842105263157895,51.73076923076923,-46.5,2.410394265232975,9.5,"13.90,9.50,31.50,29.75",6,9,-42.5,14399.0,-5368.5,42.94736842105263
90,4,55,6,"(3, 12, 18)",15,20.633333333333333,0.8,37.583333333333336,-47.166666666666664,3.187279151943463,-6.75,"18.75,-6.75,35.25,40.17",7,8,-42.5,9266.0,-2970.0,30.4
95,5,50,8,"(20,)",16,20.5625,0.75,44.416666666666664,-51.0,2.6127450980392157,-6.0,"45.50,-6.00,20.25,22.50",6,8,-42.5,11041.0,-2857.0,38.5
85,0,50,8,"(3, 12, 14, 18, 20)",18,20.555555555555557,0.8333333333333334,34.7,-50.166666666666664,3.4584717607973423,-17.7,"36.70,-17.70,33.50,35.25",7,8,-19.833333333333332,13806.0,-4662.5,36.44444444444444
90,4,55,7,"(3, 12)",20,20.55,0.8,38.25,-50.25,3.044776119402985,0.9,"23.90,0.90,38.50,18.90",7,9,-59.5,14884.5,-3366.0,36.05
90,0,55,7,"(3, 12, 14, 18, 20)",20,20.55,0.8,39.0625,-53.5,2.9205607476635516,1.9,"41.70,1.90,19.90,18.70",8,9,-59.5,16362.0,-5277.0,41.4
90,5,55,6,(),15,20.5,0.8,37.416666666666664,-47.166666666666664,3.1731448763250882,-5.5,"37.75,-5.50,17.50,36.17",7,8,-42.5,9130.5,-3366.0,33.666666666666664
90,5,55,6,"(12,)",15,20.5,0.8,37.416666666666664,-47.166666666666664,3.1731448763250882,-5.5,"37.75,-5.50,17.50,36.17",7,8,-42.5,9130.5,-3366.0,33.666666666666664
90,5,55,6,"(14,)",15,20.5,0.8,37.416666666666664,-47.166666666666664,3.1731448763250882,-5.5,"37.75,-5.50,17.50,36.17",7,8,-42.5,9130.5,-3366.0,33.666666666666664
85,0,45,10,"(3, 12, 14, 18, 20)",15,20.5,0.8,37.666666666666664,-48.166666666666664,3.1280276816608996,-5.75,"18.00,-5.75,34.75,39.83",7,8,-17.833333333333332,11503.5,-3767.0,35.4
99,0,47,10,"(3, 12, 18)",19,20.44736842105263,0.6842105263157895,51.26923076923077,-46.333333333333336,2.397482014388489,-28.5,"33.70,-28.50,48.50,30.00",6,10,-42.5,13770.5,-5130.0,37.8421052631579
80,0,50,7,"(3, 12, 14, 18, 20)",16,20.4375,0.875,30.071428571428573,-47.0,4.4787234042553195,-8.5,"30.50,-8.50,29.50,30.25",7,8,-4.0,11829.5,-2964.5,36.5625
95,4,55,6,"(12, 18)",16,20.4375,0.75,42.583333333333336,-46.0,2.777173913043478,-4.25,"22.50,-4.25,20.00,43.50",7,9,-42.5,9168.0,-3168.0,31.875
99,4,55,7,"(18,)",22,20.318181818181817,0.7272727272727273,46.5625,-49.666666666666664,2.5,5.3,"33.00,12.50,5.30,29.50",7,10,-54.5,14973.5,-5780.0,38.5
99,4,47,10,(),16,20.3125,0.6875,50.86363636363637,-46.9,2.3859275053304905,-24.5,"28.25,-24.50,49.00,28.50",6,9,-42.5,10660.0,-3139.0,35.375
99,4,47,10,"(12,)",16,20.3125,0.6875,50.86363636363637,-46.9,2.3859275053304905,-24.5,"28.25,-24.50,49.00,28.50",6,9,-42.5,10660.0,-3139.0,35.375
99,4,50,7,"(18,)",17,20.264705882352942,0.7058823529411765,48.583333333333336,-47.7,2.4444444444444446,-2.25,"31.10,-2.25,23.00,26.50",6,10,-54.5,10658.0,-4371.5,36.8235294117647
95,4,50,6,"(12,)",15,20.233333333333334,0.7333333333333333,44.31818181818182,-46.0,2.6494565217391304,-4.25,"22.50,-4.25,23.50,45.50",6,9,-42.5,8780.5,-3168.0,32.733333333333334
95,6,55,7,"(18,)",17,20.205882352941178,0.7647058823529411,41.88461538461539,-50.25,2.708955223880597,16.5,"26.50,18.50,16.50,17.75",7,8,-21.5,10547.0,-3712.5,37.411764705882355
95,6,55,7,"(12, 18)",17,20.205882352941178,0.7647058823529411,41.88461538461539,-50.25,2.708955223880597,16.5,"26.50,18.50,16.50,17.75",7,8,-21.5,10547.0,-3712.5,37.411764705882355
90,10,55,7,(),16,20.1875,0.8125,37.03846153846154,-52.833333333333336,3.0378548895899056,-7.25,"40.50,-7.25,37.75,9.75",7,8,-13.5,10486.5,-3564.0,34.1875
90,10,55,7,"(12,)",16,20.1875,0.8125,37.03846153846154,-52.833333333333336,3.0378548895899056,-7.25,"40.50,-7.25,37.75,9.75",7,8,-13.5,10486.5,-3564.0,34.1875
90,10,55,7,"(14,)",16,20.1875,0.8125,37.03846153846154,-52.833333333333336,3.0378548895899056,-7.25,"40.50,-7.25,37.75,9.75",7,8,-13.5,10486.5,-3564.0,34.1875
99,4,55,8,"(3, 12)",22,20.136363636363637,0.7272727272727273,47.25,-52.166666666666664,2.415335463258786,13.166666666666666,"16.50,13.17,26.90,26.10",6,9,-59.5,16272.5,-3828.5,36.31818181818182
99,0,55,8,"(3, 12, 14, 18, 20)",22,20.136363636363637,0.7272727272727273,48.0625,-54.333333333333336,2.3588957055214723,6.5,"34.83,12.00,6.50,25.90",7,9,-59.5,18101.0,-5157.0,42.0
95,5,50,8,"(3,)",16,20.125,0.75,44.416666666666664,-52.75,2.5260663507109005,-29.25,"45.50,-29.25,45.00,19.25",5,7,-3.0,11093.5,-4330.0,35.1875
95,5,50,8,"(3, 12)",16,20.125,0.75,44.416666666666664,-52.75,2.5260663507109005,-29.25,"45.50,-29.25,45.00,19.25",5,7,-3.0,11093.5,-4330.0,35.1875
90,7,55,7,"(18,)",16,20.0625,0.8125,36.88461538461539,-52.833333333333336,3.0252365930599368,-7.25,"40.50,-7.25,37.25,9.75",7,8,-13.5,10311.5,-3564.0,34.0625
90,7,55,7,"(12, 18)",16,20.0625,0.8125,36.88461538461539,-52.833333333333336,3.0252365930599368,-7.25,"40.50,-7.25,37.25,9.75",7,8,-13.5,10311.5,-3564.0,34.0625
90,8,55,7,"(18,)",16,20.0625,0.8125,36.88461538461539,-52.833333333333336,3.0252365930599368,-7.25,"40.50,-7.25,37.25,9.75",7,8,-13.5,10311.5,-3564.0,34.0625
90,8,55,7,"(12, 18)",16,20.0625,0.8125,36.88461538461539,-52.833333333333336,3.0252365930599368,-7.25,"40.50,-7.25,37.25,9.75",7,8,-13.5,10311.5,-3564.0,34.0625
95,5,50,10,"(3, 12, 14, 18, 20)",16,20.0,0.75,44.333333333333336,-53.0,2.509433962264151,-5.25,"45.50,-5.25,20.50,19.25",6,7,-18.5,11089.5,-3664.5,35.4375
99,5,55,8,"(3, 18)",19,19.92105263157895,0.7368421052631579,46.357142857142854,-54.1,2.3992606284658042,6.3,"28.30,6.30,25.90,19.00",6,8,-59.5,13005.5,-4372.5,36.26315789473684
99,5,55,8,"(3, 12, 18)",19,19.92105263157895,0.7368421052631579,46.357142857142854,-54.1,2.3992606284658042,6.3,"28.30,6.30,25.90,19.00",6,8,-59.5,13005.5,-4372.5,36.26315789473684
99,7,55,8,(),19,19.92105263157895,0.7368421052631579,46.357142857142854,-54.1,2.3992606284658042,7.3,"28.30,7.30,26.90,16.50",6,8,-9.0,13134.0,-3941.5,35.89473684210526
99,7,55,8,"(12,)",19,19.92105263157895,0.7368421052631579,46.357142857142854,-54.1,2.3992606284658042,7.3,"28.30,7.30,26.90,16.50",6,8,-9.0,13134.0,-3941.5,35.89473684210526
99,7,55,8,"(14,)",19,19.92105263157895,0.7368421052631579,46.357142857142854,-54.1,2.3992606284658042,7.3,"28.30,7.30,26.90,16.50",6,8,-9.0,13134.0,-3941.5,35.89473684210526
99,8,55,8,(),19,19.92105263157895,0.7368421052631579,46.357142857142854,-54.1,2.3992606284658042,7.3,"28.30,7.30,26.90,16.50",6,8,-9.0,13134.0,-3941.5,35.89473684210526
99,8,55,8,"(12,)",19,19.92105263157895,0.7368421052631579,46.357142857142854,-54.1,2.3992606284658042,7.3,"28.30,7.30,26.90,16.50",6,8,-9.0,13134.0,-3941.5,35.89473684210526
99,8,55,8,"(14,)",19,19.92105263157895,0.7368421052631579,46.357142857142854,-54.1,2.3992606284658042,7.3,"28.30,7.30,26.90,16.50",6,8,-9.0,13134.0,-3941.5,35.89473684210526
90,5,55,7,(),20,19.9,0.8,37.4375,-50.25,2.9800995024875623,1.9,"39.10,1.90,18.90,19.70",7,8,-23.166666666666668,13574.0,-4022.5,39.1
90,5,55,7,"(12,)",20,19.9,0.8,37.4375,-50.25,2.9800995024875623,1.9,"39.10,1.90,18.90,19.70",7,8,-23.166666666666668,13574.0,-4022.5,39.1
90,5,55,7,"(14,)",20,19.9,0.8,37.4375,-50.25,2.9800995024875623,1.9,"39.10,1.90,18.90,19.70",7,8,-23.166666666666668,13574.0,-4022.5,39.1
95,4,50,6,"(20,)",15,19.9,0.7333333333333333,44.31818181818182,-47.25,2.5793650793650795,-1.0,"22.50,19.00,-1.00,45.50",7,10,-54.5,8822.5,-4123.0,34.46666666666667
95,5,55,8,"(3, 12, 14, 18, 20)",17,19.852941176470587,0.7647058823529411,42.96153846153846,-55.25,2.5271493212669682,16.0,"25.10,17.25,19.75,16.00",6,8,-59.5,11784.5,-2647.0,36.294117647058826
95,7,55,8,"(20,)",17,19.852941176470587,0.7647058823529411,42.96153846153846,-55.25,2.5271493212669682,13.5,"25.10,18.50,21.00,13.50",6,8,-11.0,11875.5,-2674.0,36.294117647058826
95,8,55,8,"(20,)",17,19.852941176470587,0.7647058823529411,42.96153846153846,-55.25,2.5271493212669682,13.5,"25.10,18.50,21.00,13.50",6,8,-11.0,11875.5,-2674.0,36.294117647058826
95,0,47,7,"(3, 12)",17,19.794117647058822,0.7058823529411765,47.0,-45.5,2.479120879120879,-25.0,"30.50,-25.00,45.75,25.25",6,9,-42.5,10828.0,-4938.0,36.94117647058823
95,0,47,8,"(3, 12)",17,19.794117647058822,0.7058823529411765,47.0,-45.5,2.479120879120879,-25.0,"30.50,-25.00,45.75,25.25",6,9,-42.5,10828.0,-4938.0,36.94117647058823
75,4,50,10,"(3, 12, 14, 18, 20)",17,19.735294117647058,0.9411764705882353,24.0625,-49.5,7.777777777777778,3.75,"25.30,3.75,22.75,25.75",6,7,-0.8333333333333334,12436.0,-1980.0,36.94117647058823
90,0,50,8,"(3, 12, 14, 18, 20)",18,19.72222222222222,0.7777777777777778,40.07142857142857,-51.5,2.7233009708737863,-15.7,"41.70,-15.70,16.00,40.25",7,8,-18.166666666666668,13229.5,-4754.5,37.166666666666664
99,6,55,8,"(3, 12, 14, 18, 20)",15,19.7,0.7333333333333333,46.95454545454545,-55.25,2.33710407239819,8.166666666666666,"24.75,20.25,22.75,8.17",6,8,-59.5,9802.5,-2365.0,35.13333333333333
99,7,55,8,"(3, 12, 14, 18, 20)",15,19.7,0.7333333333333333,46.95454545454545,-55.25,2.33710407239819,8.166666666666666,"24.75,20.25,22.75,8.17",6,8,-59.5,9802.5,-2365.0,35.13333333333333
99,8,55,8,"(3, 12, 14, 18, 20)",15,19.7,0.7333333333333333,46.95454545454545,-55.25,2.33710407239819,8.166666666666666,"24.75,20.25,22.75,8.17",6,8,-59.5,9802.5,-2365.0,35.13333333333333
95,4,55,6,"(3, 18)",16,19.6875,0.75,42.583333333333336,-49.0,2.607142857142857,-4.25,"22.50,-4.25,17.00,43.50",7,9,-54.5,9277.0,-3168.0,31.25
90,4,50,7,"(12,)",17,19.676470588235293,0.7647058823529411,39.88461538461539,-46.0,2.817934782608696,-6.75,"23.90,-6.75,40.75,19.75",6,9,-42.5,10675.0,-3366.0,35.529411764705884
95,10,55,8,(),17,19.558823529411764,0.7647058823529411,42.03846153846154,-53.5,2.553738317757009,13.5,"26.50,18.50,18.00,13.50",7,8,-11.0,10873.5,-4814.0,36.294117647058826
95,10,55,8,"(12,)",17,19.558823529411764,0.7647058823529411,42.03846153846154,-53.5,2.553738317757009,13.5,"26.50,18.50,18.00,13.50",7,8,-11.0,10873.5,-4814.0,36.294117647058826
95,10,55,8,"(14,)",17,19.558823529411764,0.7647058823529411,42.03846153846154,-53.5,2.553738317757009,13.5,"26.50,18.50,18.00,13.50",7,8,-11.0,10873.5,-4814.0,36.294117647058826
99,5,55,8,(),22,19.545454545454547,0.7272727272727273,46.4375,-52.166666666666664,2.373801916932907,7.3,"30.67,12.50,7.30,26.90",6,8,-20.166666666666668,14890.0,-4372.5,39.63636363636363
99,5,55,8,"(12,)",22,19.545454545454547,0.7272727272727273,46.4375,-52.166666666666664,2.373801916932907,7.3,"30.67,12.50,7.30,26.90",6,8,-20.166666666666668,14890.0,-4372.5,39.63636363636363
99,5,55,8,"(14,)",22,19.545454545454547,0.7272727272727273,46.4375,-52.166666666666664,2.373801916932907,7.3,"30.67,12.50,7.30,26.90",6,8,-20.166666666666668,14890.0,-4372.5,39.63636363636363
85,4,50,7,"(3, 12)",16,19.5,0.8125,34.88461538461539,-47.166666666666664,3.204946996466431,-7.25,"14.50,-7.25,35.00,35.75",6,8,-42.5,10362.0,-3168.0,33.25
99,0,50,7,"(3,)",23,19.456521739130434,0.6956521739130435,48.875,-47.785714285714285,2.3378176382660687,0.3333333333333333,"33.00,0.33,32.17,10.90",6,10,-47.0,15562.5,-8516.5,43.95652173913044
95,4,50,6,"(3,)",15,19.433333333333334,0.7333333333333333,44.31818181818182,-49.0,2.4872448979591835,-4.25,"22.50,-4.25,20.50,45.50",6,9,-54.5,8866.5,-3168.0,32.06666666666667
95,4,50,6,"(14,)",15,19.433333333333334,0.7333333333333333,44.31818181818182,-49.0,2.4872448979591835,-3.0,"42.75,-3.00,-1.00,45.50",6,9,-54.5,8874.0,-4123.0,35.06666666666667
99,0,50,7,"(14,)",23,19.41304347826087,0.6956521739130435,48.875,-47.92857142857143,2.330849478390462,-1.0,"49.33,-1.00,15.50,12.70",6,9,-47.5,15600.0,-9732.0,50.52173913043478
99,0,50,7,"(12,)",22,19.40909090909091,0.6818181818181818,49.3,-44.642857142857146,2.3664,-1.0,"35.17,-1.00,31.70,12.70",7,10,-42.5,13167.0,-5707.0,44.90909090909091
95,4,55,7,"(3, 18)",20,19.4,0.75,42.9,-51.1,2.5185909980430528,3.9,"27.90,3.90,22.90,22.90",7,10,-59.5,13073.5,-4480.5,35.85
90,4,50,7,"(20,)",17,19.38235294117647,0.7647058823529411,39.88461538461539,-47.25,2.7433862433862433,15.25,"23.90,15.25,17.50,19.75",7,10,-54.5,10628.5,-4650.5,37.470588235294116
99,4,50,8,"(3, 12, 18)",17,19.38235294117647,0.7058823529411765,48.583333333333336,-50.7,2.299802761341223,-28.25,"31.10,-28.25,22.00,49.75",5,8,-42.5,10879.5,-3828.5,33.470588235294116
90,10,55,7,"(3,)",15,19.366666666666667,0.8,37.416666666666664,-52.833333333333336,2.832807570977918,-7.25,"40.50,-7.25,37.75,2.17",7,8,-59.5,9217.0,-3564.0,33.86666666666667
90,10,55,7,"(3, 12)",15,19.366666666666667,0.8,37.416666666666664,-52.833333333333336,2.832807570977918,-7.25,"40.50,-7.25,37.75,2.17",7,8,-59.5,9217.0,-3564.0,33.86666666666667
99,10,55,8,"(3, 18)",15,19.366666666666667,0.7333333333333333,45.86363636363637,-53.5,2.357476635514019,-2.75,"49.50,-2.75,19.75,8.17",6,8,-59.5,8601.0,-4584.0,35.06666666666667
99,10,55,8,"(3, 12, 18)",15,19.366666666666667,0.7333333333333333,45.86363636363637,-53.5,2.357476635514019,-2.75,"49.50,-2.75,19.75,8.17",6,8,-59.5,8601.0,-4584.0,35.06666666666667
85,0,50,7,"(3, 12)",20,19.35,0.8,35.8125,-46.5,3.0806451612903225,-14.7,"19.90,-14.70,35.30,36.90",7,10,-42.5,14402.0,-4463.5,36.4
90,4,55,7,"(3, 12, 18)",19,19.342105263157894,0.7894736842105263,37.9,-50.25,2.828358208955224,0.9,"23.90,0.90,17.90,38.50",7,9,-59.5,12299.0,-3366.0,34.21052631578947
99,6,55,8,"(20,)",18,19.27777777777778,0.7222222222222222,46.96153846153846,-52.7,2.316888045540797,-3.0,"28.30,26.90,-3.00,20.75",6,8,-20.166666666666668,11472.0,-3625.0,39.0
99,5,50,8,(),17,19.264705882352942,0.7058823529411765,48.416666666666664,-50.7,2.2919132149901382,-2.25,"28.30,-2.25,23.25,25.50",5,8,-42.5,10562.5,-4372.5,37.470588235294116
99,5,50,8,"(12,)",17,19.264705882352942,0.7058823529411765,48.416666666666664,-50.7,2.2919132149901382,-2.25,"28.30,-2.25,23.25,25.50",5,8,-42.5,10562.5,-4372.5,37.470588235294116
99,5,50,8,"(14,)",17,19.264705882352942,0.7058823529411765,48.416666666666664,-50.7,2.2919132149901382,-2.25,"28.30,-2.25,23.25,25.50",5,8,-42.5,10562.5,-4372.5,37.470588235294116
95,0,47,10,"(3, 12)",20,19.25,0.7,47.357142857142854,-46.333333333333336,2.384892086330935,-29.3,"30.50,-29.30,45.30,30.50",6,10,-42.5,13770.0,-5009.5,37.2
90,6,55,7,"(3, 18)",15,19.233333333333334,0.8,37.25,-52.833333333333336,2.8201892744479493,-7.25,"40.50,-7.25,37.25,2.17",7,8,-59.5,9009.5,-3564.0,33.666666666666664
90,6,55,7,"(3, 12, 18)",15,19.233333333333334,0.8,37.25,-52.833333333333336,2.8201892744479493,-7.25,"40.50,-7.25,37.25,2.17",7,8,-59.5,9009.5,-3564.0,33.666666666666664
90,7,55,7,"(3, 18)",15,19.233333333333334,0.8,37.25,-52.833333333333336,2.8201892744479493,-7.25,"40.50,-7.25,37.25,2.17",7,8,-59.5,9009.5,-3564.0,33.666666666666664
90,7,55,7,"(3, 12, 18)",15,19.233333333333334,0.8,37.25,-52.833333333333336,2.8201892744479493,-7.25,"40.50,-7.25,37.25,2.17",7,8,-59.5,9009.5,-3564.0,33.666666666666664
90,8,55,7,"(3, 18)",15,19.233333333333334,0.8,37.25,-52.833333333333336,2.8201892744479493,-7.25,"40.50,-7.25,37.25,2.17",7,8,-59.5,9009.5,-3564.0,33.666666666666664
90,8,55,7,"(3, 12, 18)",15,19.233333333333334,0.8,37.25,-52.833333333333336,2.8201892744479493,-7.25,"40.50,-7.25,37.25,2.17",7,8,-59.5,9009.5,-3564.0,33.666666666666664
90,10,55,8,"(20,)",15,19.166666666666668,0.8,37.666666666666664,-54.833333333333336,2.7477203647416415,-8.0,"40.50,14.75,-8.00,32.83",7,8,-13.5,9543.0,-4584.0,36.0
95,4,50,7,(),18,19.166666666666668,0.7222222222222222,44.88461538461539,-47.7,2.4465408805031448,5.3,"27.90,5.30,21.25,23.50",6,10,-54.5,10979.5,-4608.0,37.166666666666664
85,4,50,10,"(3, 12, 14, 18, 20)",17,19.147058823529413,0.8235294117647058,34.42857142857143,-52.166666666666664,3.0798722044728435,-10.0,"18.30,-10.00,32.75,35.75",6,7,-21.833333333333332,11643.0,-3400.0,33.76470588235294
70,4,50,10,"(3, 12, 14, 18, 20)",17,19.147058823529413,1.0,19.147058823529413,,,17.5,"20.30,17.50,17.75,20.75",7,7,18.0,12367.0,0.0,37.1764705882353
75,5,50,10,"(3, 12, 14, 18, 20)",16,19.0625,0.9375,23.633333333333333,-49.5,7.161616161616162,5.5,"25.50,22.25,5.50,23.00",6,7,-0.8333333333333334,10679.0,-1980.0,35.625
85,5,55,7,"(20,)",18,19.055555555555557,0.8333333333333334,32.96666666666667,-50.5,3.264026402640264,10.75,"34.10,15.70,10.75,12.75",7,8,-24.833333333333332,11647.5,-3966.0,38.72222222222222
95,5,55,8,"(20,)",20,19.05,0.75,42.96666666666667,-52.7,2.445920303605313,4.9,"25.10,22.50,4.90,23.70",6,8,-21.5,13229.5,-3963.0,39.45
99,0,45,7,"(3, 18)",15,19.033333333333335,0.6666666666666666,51.3,-45.5,2.254945054945055,-24.0,"30.50,-24.00,48.75,21.50",6,9,-42.5,8560.5,-4606.5,34.46666666666667
99,0,45,7,"(3, 12, 18)",15,19.033333333333335,0.6666666666666666,51.3,-45.5,2.254945054945055,-24.0,"30.50,-24.00,48.75,21.50",6,9,-42.5,8560.5,-4606.5,34.46666666666667
99,0,45,8,"(3, 18)",15,19.033333333333335,0.6666666666666666,51.3,-45.5,2.254945054945055,-24.0,"30.50,-24.00,48.75,21.50",6,9,-42.5,8560.5,-4606.5,34.46666666666667
99,0,45,8,"(3, 12, 18)",15,19.033333333333335,0.6666666666666666,51.3,-45.5,2.254945054945055,-24.0,"30.50,-24.00,48.75,21.50",6,9,-42.5,8560.5,-4606.5,34.46666666666667
99,0,50,6,"(3, 12)",16,19.0,0.6875,48.31818181818182,-45.5,2.3362637362637364,-25.25,"25.50,-25.25,49.00,26.75",6,9,-42.5,8172.0,-3403.5,31.5
99,0,45,10,"(3, 18)",18,19.0,0.6666666666666666,51.666666666666664,-46.333333333333336,2.2302158273381294,-8.9,"14.30,-8.90,48.75,30.00",6,10,-42.5,11378.0,-4652.0,34.888888888888886
99,0,45,10,"(3, 12, 18)",18,19.0,0.6666666666666666,51.666666666666664,-46.333333333333336,2.2302158273381294,-8.9,"14.30,-8.90,48.75,30.00",6,10,-42.5,11378.0,-4652.0,34.888888888888886
85,0,50,10,"(3, 12, 14, 18, 20)",21,18.976190476190474,0.8095238095238095,35.26470588235294,-50.25,2.982587064676617,-16.9,"22.17,-16.90,33.50,36.50",7,8,-27.5,15671.5,-5370.0,36.61904761904762
90,4,50,7,"(3,)",17,18.970588235294116,0.7647058823529411,39.88461538461539,-49.0,2.645408163265306,-6.75,"23.90,-6.75,40.75,16.75",6,9,-54.5,10759.5,-3366.0,34.76470588235294
90,4,50,7,"(14,)",17,18.970588235294116,0.7647058823529411,39.88461538461539,-49.0,2.645408163265306,-5.5,"39.10,-5.50,17.50,19.75",6,9,-54.5,10750.5,-4650.5,38.05882352941177
75,4,50,8,"(3, 12, 14, 18, 20)",15,18.9,0.9333333333333333,23.785714285714285,-49.5,6.7272727272727275,2.75,"25.50,2.75,23.50,25.50",6,7,-0.8333333333333334,9725.5,-1782.0,33.93333333333333
70,4,50,8,"(3, 12, 14, 18, 20)",15,18.9,1.0,18.9,,,16.5,"20.50,16.50,18.50,20.50",7,7,13.5,10178.0,0.0,34.93333333333333
70,5,50,8,"(3,)",16,18.875,1.0,18.875,,,17.0,"20.50,17.00,20.00,18.00",7,7,13.5,11037.0,0.0,35.875
70,5,50,8,"(3, 12)",16,18.875,1.0,18.875,,,17.0,"20.50,17.00,20.00,18.00",7,7,13.5,11037.0,0.0,35.875
99,4,55,6,"(18,)",17,18.852941176470587,0.7058823529411765,46.583333333333336,-47.7,2.3438155136268346,-2.5,"28.90,-1.00,-2.50,47.50",7,10,-54.5,8653.0,-3692.5,32.0
70,5,50,10,"(3, 18)",17,18.852941176470587,1.0,18.852941176470587,,,17.5,"20.30,17.50,19.25,18.00",7,7,13.5,11942.0,0.0,36.8235294117647
70,5,50,10,"(3, 12, 18)",17,18.852941176470587,1.0,18.852941176470587,,,17.5,"20.30,17.50,19.25,18.00",7,7,13.5,11942.0,0.0,36.8235294117647
90,0,50,7,"(3, 12)",20,18.85,0.75,40.3,-45.5,2.657142857142857,-12.7,"23.90,-12.70,40.30,23.90",7,10,-42.5,12517.5,-4400.0,37.85
95,4,55,7,(),23,18.76086956521739,0.7391304347826086,42.911764705882355,-49.666666666666664,2.447986577181208,9.833333333333334,"29.67,9.83,10.50,26.30",7,10,-54.5,14611.5,-6043.0,38.47826086956522
70,5,50,10,"(3, 12, 14, 18, 20)",16,18.75,1.0,18.75,,,17.25,"20.50,17.25,19.25,18.00",7,7,13.5,10874.5,0.0,35.8125
90,0,50,10,"(3, 12, 14, 18, 20)",21,18.738095238095237,0.7619047619047619,40.625,-51.3,2.53411306042885,-14.9,"26.33,-14.90,20.50,41.50",7,8,-26.25,15483.0,-5673.0,37.42857142857143
99,5,50,10,"(3, 18)",17,18.735294117647058,0.7058823529411765,48.333333333333336,-52.3,2.2179732313575524,-3.0,"29.50,-3.00,23.50,22.25",5,7,-17.166666666666668,10663.0,-4366.0,35.05882352941177
99,5,50,10,"(3, 12, 18)",17,18.735294117647058,0.7058823529411765,48.333333333333336,-52.3,2.2179732313575524,-3.0,"29.50,-3.00,23.50,22.25",5,7,-17.166666666666668,10663.0,-4366.0,35.05882352941177
99,6,55,8,"(3,)",18,18.72222222222222,0.7222222222222222,46.73076923076923,-54.1,2.2458410351201477,7.3,"28.30,7.30,21.00,18.75",6,8,-59.5,11262.5,-3941.5,35.388888888888886
99,6,55,8,"(3, 12)",18,18.72222222222222,0.7222222222222222,46.73076923076923,-54.1,2.2458410351201477,7.3,"28.30,7.30,21.00,18.75",6,8,-59.5,11262.5,-3941.5,35.388888888888886
99,7,55,8,"(3,)",18,18.72222222222222,0.7222222222222222,46.73076923076923,-54.1,2.2458410351201477,7.3,"28.30,7.30,21.00,18.75",6,8,-59.5,11262.5,-3941.5,35.388888888888886
99,7,55,8,"(3, 12)",18,18.72222222222222,0.7222222222222222,46.73076923076923,-54.1,2.2458410351201477,7.3,"28.30,7.30,21.00,18.75",6,8,-59.5,11262.5,-3941.5,35.388888888888886
99,8,55,8,"(3,)",18,18.72222222222222,0.7222222222222222,46.73076923076923,-54.1,2.2458410351201477,7.3,"28.30,7.30,21.00,18.75",6,8,-59.5,11262.5,-3941.5,35.388888888888886
99,8,55,8,"(3, 12)",18,18.72222222222222,0.7222222222222222,46.73076923076923,-54.1,2.2458410351201477,7.3,"28.30,7.30,21.00,18.75",6,8,-59.5,11262.5,-3941.5,35.388888888888886
90,5,55,7,"(18,)",19,18.657894736842106,0.7894736842105263,37.03333333333333,-50.25,2.763681592039801,1.9,"39.10,1.90,16.70,16.50",7,8,-23.166666666666668,11164.0,-3762.0,36.8421052631579
90,5,55,7,"(12, 18)",19,18.657894736842106,0.7894736842105263,37.03333333333333,-50.25,2.763681592039801,1.9,"39.10,1.90,16.70,16.50",7,8,-23.166666666666668,11164.0,-3762.0,36.8421052631579
90,10,55,7,"(18,)",15,18.633333333333333,0.8,36.5,-52.833333333333336,2.7634069400630916,-7.25,"40.50,-7.25,12.00,32.83",7,8,-13.5,8395.5,-3564.0,32.46666666666667
90,10,55,7,"(12, 18)",15,18.633333333333333,0.8,36.5,-52.833333333333336,2.7634069400630916,-7.25,"40.50,-7.25,12.00,32.83",7,8,-13.5,8395.5,-3564.0,32.46666666666667
99,4,55,8,"(3, 12, 18)",21,18.595238095238095,0.7142857142857143,46.9,-52.166666666666664,2.247603833865815,6.3,"16.50,6.30,25.90,26.10",6,9,-59.5,13115.0,-3828.5,34.095238095238095
99,4,45,10,(),15,18.566666666666666,0.6666666666666666,51.3,-46.9,2.1876332622601278,0.0,"4.00,0.00,49.75,21.17",6,9,-42.5,8446.0,-2894.5,32.53333333333333
99,4,45,10,"(12,)",15,18.566666666666666,0.6666666666666666,51.3,-46.9,2.1876332622601278,0.0,"4.00,0.00,49.75,21.17",6,9,-42.5,8446.0,-2894.5,32.53333333333333
70,5,50,8,"(3, 18)",15,18.566666666666666,1.0,18.566666666666666,,,17.0,"20.50,17.00,17.75,19.17",7,7,13.5,9791.5,0.0,34.6
70,5,50,8,"(3, 12, 18)",15,18.566666666666666,1.0,18.566666666666666,,,17.0,"20.50,17.00,17.75,19.17",7,7,13.5,9791.5,0.0,34.6
85,0,47,7,"(3,)",18,18.555555555555557,0.7777777777777778,37.142857142857146,-46.5,2.795698924731183,-15.3,"22.50,-15.30,36.00,38.50",6,9,-42.5,12072.0,-4753.0,34.44444444444444
85,0,47,8,"(3,)",18,18.555555555555557,0.7777777777777778,37.142857142857146,-46.5,2.795698924731183,-15.3,"22.50,-15.30,36.00,38.50",6,9,-42.5,12072.0,-4753.0,34.44444444444444
95,5,55,8,"(3,)",20,18.55,0.75,42.766666666666666,-54.1,2.3715341959334566,3.9,"25.10,3.90,23.10,22.10",6,8,-59.5,12995.5,-4330.0,36.35
95,5,55,8,"(3, 12)",20,18.55,0.75,42.766666666666666,-54.1,2.3715341959334566,3.9,"25.10,3.90,23.10,22.10",6,8,-59.5,12995.5,-4330.0,36.35
85,5,55,7,"(3,)",18,18.5,0.8333333333333334,32.766666666666666,-52.833333333333336,3.1009463722397475,-1.1,"34.10,-1.10,33.50,8.50",7,8,-59.5,11481.5,-3564.0,35.27777777777778
85,5,55,7,"(3, 12)",18,18.5,0.8333333333333334,32.766666666666666,-52.833333333333336,3.1009463722397475,-1.1,"34.10,-1.10,33.50,8.50",7,8,-59.5,11481.5,-3564.0,35.27777777777778
85,4,55,8,"(3, 12, 14, 18, 20)",18,18.5,0.8333333333333334,33.233333333333334,-55.166666666666664,3.012084592145015,10.25,"17.10,14.50,10.25,33.50",6,8,-59.5,12218.0,-2636.5,35.0
99,0,47,10,"(3,)",21,18.5,0.6666666666666666,51.357142857142854,-47.214285714285715,2.1754916792738275,-8.9,"19.67,-8.90,49.50,13.50",6,10,-47.0,14001.0,-5130.0,38.95238095238095
99,0,47,10,"(14,)",21,18.452380952380953,0.6666666666666666,51.357142857142854,-47.357142857142854,2.1689291101055805,9.5,"19.33,9.50,29.50,15.30",6,9,-47.5,13906.5,-5839.5,44.714285714285715
99,0,47,7,"(3,)",18,18.444444444444443,0.6666666666666666,51.0,-46.666666666666664,2.1857142857142855,-9.7,"33.70,-9.70,50.00,3.00",6,9,-47.0,10703.0,-5126.0,38.55555555555556
99,0,47,8,"(3,)",18,18.444444444444443,0.6666666666666666,51.0,-46.666666666666664,2.1857142857142855,-9.7,"33.70,-9.70,50.00,3.00",6,9,-47.0,10703.0,-5126.0,38.55555555555556
95,10,55,8,"(3,)",16,18.4375,0.75,42.416666666666664,-53.5,2.378504672897196,-9.75,"45.50,-4.75,42.75,-9.75",7,8,-59.5,9409.0,-4814.0,36.125
95,10,55,8,"(3, 12)",16,18.4375,0.75,42.416666666666664,-53.5,2.378504672897196,-9.75,"45.50,-4.75,42.75,-9.75",7,8,-59.5,9409.0,-4814.0,36.125
99,4,55,8,"(12,)",24,18.416666666666668,0.7083333333333334,46.911764705882355,-50.785714285714285,2.2433192686357244,12.5,"16.50,13.17,12.50,31.50",6,9,-42.5,15040.0,-3828.5,36.75
99,0,47,7,"(14,)",18,18.38888888888889,0.6666666666666666,51.0,-46.833333333333336,2.1779359430604983,5.25,"33.30,8.90,24.75,5.25",6,8,-47.5,10680.5,-5744.5,43.833333333333336
99,0,47,8,"(14,)",18,18.38888888888889,0.6666666666666666,51.0,-46.833333333333336,2.1779359430604983,5.25,"33.30,8.90,24.75,5.25",6,8,-47.5,10680.5,-5744.5,43.833333333333336
85,5,50,8,"(20,)",16,18.375,0.8125,34.03846153846154,-49.5,2.9797979797979797,-11.0,"35.50,-11.00,34.00,15.00",6,8,-42.5,9565.0,-2636.5,35.625
95,0,45,7,"(3,)",16,18.375,0.6875,47.40909090909091,-45.5,2.292307692307692,-25.0,"27.50,-25.00,45.75,25.25",6,9,-42.5,8906.5,-4512.5,34.3125
95,0,45,7,"(3, 12)",16,18.375,0.6875,47.40909090909091,-45.5,2.292307692307692,-25.0,"27.50,-25.00,45.75,25.25",6,9,-42.5,8906.5,-4512.5,34.3125
95,0,45,8,"(3,)",16,18.375,0.6875,47.40909090909091,-45.5,2.292307692307692,-25.0,"27.50,-25.00,45.75,25.25",6,9,-42.5,8906.5,-4512.5,34.3125
95,0,45,8,"(3, 12)",16,18.375,0.6875,47.40909090909091,-45.5,2.292307692307692,-25.0,"27.50,-25.00,45.75,25.25",6,9,-42.5,8906.5,-4512.5,34.3125
90,4,47,10,"(20,)",15,18.366666666666667,0.7333333333333333,41.86363636363637,-46.25,2.4891891891891893,-4.75,"21.50,-4.75,40.75,15.17",6,9,-42.5,8496.0,-2125.0,34.266666666666666
99,0,55,7,"(3, 12)",27,18.35185185185185,0.7037037037037037,47.39473684210526,-50.625,2.223456790123457,4.928571428571429,"35.93,4.93,17.36,14.67",7,10,-50.5,18346.0,-12187.0,45.407407407407405
85,0,50,7,"(3, 12, 18)",19,18.342105263157894,0.7894736842105263,35.63333333333333,-46.5,2.8736559139784945,-14.7,"19.90,-14.70,34.50,37.50",7,10,-42.5,12157.5,-4463.5,35.21052631578947
95,4,50,8,"(3, 12)",18,18.333333333333332,0.7222222222222222,44.88461538461539,-50.7,2.301775147928994,-14.7,"27.90,-14.70,20.25,45.75",5,8,-42.5,11146.5,-3774.0,33.388888888888886
95,0,45,7,"(14,)",16,18.3125,0.6875,47.40909090909091,-45.7,2.2822757111597376,-3.0,"27.00,-3.00,46.00,3.25",6,8,-42.5,9029.0,-5081.5,39.625
95,0,45,8,"(14,)",16,18.3125,0.6875,47.40909090909091,-45.7,2.2822757111597376,-3.0,"27.00,-3.00,46.00,3.25",6,8,-42.5,9029.0,-5081.5,39.625
99,4,50,6,(),16,18.3125,0.6875,48.31818181818182,-47.7,2.2285115303983227,-2.25,"25.50,-2.25,23.50,26.50",6,10,-54.5,8174.5,-3886.5,33.0625
99,4,55,10,"(3, 12, 14, 18, 20)",21,18.30952380952381,0.7142857142857143,47.766666666666666,-55.333333333333336,2.158132530120482,4.9,"15.17,4.90,27.70,26.10",6,8,-59.5,14683.5,-4317.5,35.95238095238095
90,4,55,6,"(12,)",17,18.264705882352942,0.7647058823529411,38.03846153846154,-46.0,2.6875,-5.5,"21.70,-5.50,17.50,38.50",7,9,-42.5,8963.0,-2970.0,31.647058823529413
80,4,50,8,"(3, 12, 14, 18, 20)",15,18.233333333333334,0.8666666666666667,29.192307692307693,-53.0,3.580188679245283,-13.5,"30.50,-13.50,28.50,30.50",6,7,-10.0,9460.0,-2644.5,32.666666666666664
85,4,50,7,"(3, 12, 18)",15,18.233333333333334,0.8,34.583333333333336,-47.166666666666664,2.932862190812721,-7.25,"14.50,-7.25,34.50,35.50",6,8,-42.5,8469.0,-3168.0,32.13333333333333
95,5,50,8,"(3, 18)",15,18.233333333333334,0.7333333333333333,44.04545454545455,-52.75,2.296208530805687,-29.25,"45.50,-29.25,19.00,44.17",5,7,-3.0,8756.5,-4330.0,33.53333333333333
95,5,50,8,"(3, 12, 18)",15,18.233333333333334,0.7333333333333333,44.04545454545455,-52.75,2.296208530805687,-29.25,"45.50,-29.25,19.00,44.17",5,7,-3.0,8756.5,-4330.0,33.53333333333333
90,4,55,7,"(12,)",22,18.227272727272727,0.7727272727272727,37.911764705882355,-48.7,2.646817248459959,6.5,"25.50,6.50,19.50,22.30",7,9,-42.5,13278.5,-3515.0,36.40909090909091
90,4,50,7,"(12, 18)",16,18.1875,0.75,39.583333333333336,-46.0,2.5815217391304346,-4.75,"18.25,-4.75,39.50,19.75",6,9,-42.5,8484.5,-3366.0,33.9375
99,0,50,8,"(3, 12)",22,18.181818181818183,0.6818181818181818,49.3,-48.5,2.17820324005891,-18.333333333333332,"35.17,-18.33,28.70,31.10",6,10,-42.5,13720.0,-5920.0,38.09090909090909
99,4,47,10,"(18,)",15,18.166666666666668,0.6666666666666666,50.7,-46.9,2.162046908315565,-24.5,"28.25,-24.50,48.50,21.17",6,9,-42.5,8086.0,-3139.0,33.733333333333334
99,4,47,10,"(12, 18)",15,18.166666666666668,0.6666666666666666,50.7,-46.9,2.162046908315565,-24.5,"28.25,-24.50,48.50,21.17",6,9,-42.5,8086.0,-3139.0,33.733333333333334
80,4,55,7,"(3, 12, 14, 18, 20)",16,18.125,0.875,28.5,-54.5,3.6605504587155964,6.0,"30.50,6.00,7.50,28.50",7,8,-59.5,10254.5,-2082.5,34.8125
70,4,55,7,"(3, 12, 14, 18, 20)",16,18.125,1.0,18.125,,,16.0,"20.50,16.00,17.50,18.50",8,8,10.5,10398.5,0.0,34.9375
99,7,55,8,"(18,)",18,18.11111111111111,0.7222222222222222,45.88461538461539,-54.1,2.2051756007393717,7.3,"28.30,7.30,20.50,16.50",6,8,-9.0,10309.0,-3941.5,33.55555555555556
99,7,55,8,"(12, 18)",18,18.11111111111111,0.7222222222222222,45.88461538461539,-54.1,2.2051756007393717,7.3,"28.30,7.30,20.50,16.50",6,8,-9.0,10309.0,-3941.5,33.55555555555556
99,8,55,8,"(18,)",18,18.11111111111111,0.7222222222222222,45.88461538461539,-54.1,2.2051756007393717,7.3,"28.30,7.30,20.50,16.50",6,8,-9.0,10309.0,-3941.5,33.55555555555556
99,8,55,8,"(12, 18)",18,18.11111111111111,0.7222222222222222,45.88461538461539,-54.1,2.2051756007393717,7.3,"28.30,7.30,20.50,16.50",6,8,-9.0,10309.0,-3941.5,33.55555555555556
85,5,50,7,(),15,18.1,0.8,34.416666666666664,-47.166666666666664,2.918727915194346,-9.25,"35.50,-9.25,35.75,7.83",6,8,-42.5,8269.0,-3564.0,35.46666666666667
85,5,50,7,"(12,)",15,18.1,0.8,34.416666666666664,-47.166666666666664,2.918727915194346,-9.25,"35.50,-9.25,35.75,7.83",6,8,-42.5,8269.0,-3564.0,35.46666666666667
85,5,50,7,"(14,)",15,18.1,0.8,34.416666666666664,-47.166666666666664,2.918727915194346,-9.25,"35.50,-9.25,35.75,7.83",6,8,-42.5,8269.0,-3564.0,35.46666666666667
95,0,45,10,"(3,)",19,18.026315789473685,0.6842105263157895,47.73076923076923,-46.333333333333336,2.2320143884892087,-10.5,"11.90,-10.50,45.50,27.00",6,10,-42.5,11606.0,-4621.5,34.73684210526316
95,0,45,10,"(3, 12)",19,18.026315789473685,0.6842105263157895,47.73076923076923,-46.333333333333336,2.2320143884892087,-10.5,"11.90,-10.50,45.50,27.00",6,10,-42.5,11606.0,-4621.5,34.73684210526316
75,0,50,10,"(3, 12, 14, 18, 20)",21,18.023809523809526,0.9047619047619048,24.86842105263158,-47.0,5.026595744680851,-5.9,"26.33,-5.90,23.50,26.50",7,8,-0.8333333333333334,14799.0,-1930.5,38.76190476190476
85,4,55,6,"(3, 12)",16,18.0,0.8125,33.03846153846154,-47.166666666666664,3.035335689045936,-9.25,"15.00,-9.25,32.75,33.50",6,8,-42.5,8547.0,-2871.0,29.875
95,0,47,7,"(3, 12, 18)",16,18.0,0.6875,46.86363636363637,-45.5,2.265934065934066,-23.0,"25.25,-23.00,44.50,25.25",6,9,-42.5,8477.0,-4938.0,35.5
95,0,47,8,"(3, 12, 18)",16,18.0,0.6875,46.86363636363637,-45.5,2.265934065934066,-23.0,"25.25,-23.00,44.50,25.25",6,9,-42.5,8477.0,-4938.0,35.5
99,5,55,8,"(18,)",21,17.976190476190474,0.7142857142857143,46.03333333333333,-52.166666666666664,2.2060702875399363,4.5,"30.67,7.30,4.50,26.90",6,8,-20.166666666666668,11839.5,-4372.5,36.80952380952381
99,5,55,8,"(12, 18)",21,17.976190476190474,0.7142857142857143,46.03333333333333,-52.166666666666664,2.2060702875399363,4.5,"30.67,7.30,4.50,26.90",6,8,-20.166666666666668,11839.5,-4372.5,36.80952380952381
95,0,45,10,"(14,)",19,17.973684210526315,0.6842105263157895,47.73076923076923,-46.5,2.2240143369175627,7.1,"11.50,7.10,28.30,26.75",6,9,-42.5,11541.0,-5250.0,40.10526315789474
90,4,50,10,"(3, 12, 14, 18, 20)",17,17.970588235294116,0.7647058823529411,39.80769230769231,-53.0,2.4410377358490565,-7.5,"22.30,-7.50,15.25,40.75",6,7,-20.166666666666668,10724.0,-3507.0,34.11764705882353
99,0,50,7,"(3, 18)",22,17.954545454545453,0.6818181818181818,48.63333333333333,-47.785714285714285,2.180866965620329,0.3333333333333333,"33.00,0.33,28.10,10.90",6,10,-47.0,12528.5,-7529.5,41.5
99,0,45,10,"(20,)",20,17.95,0.65,51.73076923076923,-44.785714285714285,2.145135566188198,10.5,"14.30,10.50,31.70,15.30",7,10,-42.5,11380.0,-4993.5,41.6
85,5,50,8,"(3,)",16,17.9375,0.8125,34.03846153846154,-51.833333333333336,2.8456591639871385,-31.75,"35.50,-31.75,35.00,33.00",5,7,-8.0,9670.5,-4121.5,32.4375
85,5,50,8,"(3, 12)",16,17.9375,0.8125,34.03846153846154,-51.833333333333336,2.8456591639871385,-31.75,"35.50,-31.75,35.00,33.00",5,7,-8.0,9670.5,-4121.5,32.4375
99,4,55,8,"(14,)",24,17.916666666666668,0.7083333333333334,46.911764705882355,-52.5,2.1700680272108843,-3.0,"30.67,12.50,-3.00,31.50",6,9,-54.5,15203.5,-5973.5,39.541666666666664
90,4,47,10,"(3,)",15,17.9,0.7333333333333333,41.86363636363637,-48.0,2.3984375,-26.75,"21.50,-26.75,40.00,43.17",5,8,-42.5,8595.0,-3331.0,31.6
90,4,47,10,"(14,)",15,17.9,0.7333333333333333,41.86363636363637,-48.0,2.3984375,-4.5,"19.50,-4.50,40.75,15.17",5,8,-42.5,8578.0,-3632.0,35.06666666666667
90,4,47,10,"(3, 12)",15,17.9,0.7333333333333333,41.86363636363637,-48.0,2.3984375,-26.75,"21.50,-26.75,40.00,43.17",5,8,-42.5,8595.0,-3331.0,31.6
90,6,55,7,(),18,17.88888888888889,0.7777777777777778,37.357142857142854,-50.25,2.601990049751244,14.0,"22.50,17.70,16.25,14.00",7,8,-23.166666666666668,9797.0,-3739.0,36.666666666666664
90,6,55,7,"(12,)",18,17.88888888888889,0.7777777777777778,37.357142857142854,-50.25,2.601990049751244,14.0,"22.50,17.70,16.25,14.00",7,8,-23.166666666666668,9797.0,-3739.0,36.666666666666664
90,6,55,7,"(14,)",18,17.88888888888889,0.7777777777777778,37.357142857142854,-50.25,2.601990049751244,14.0,"22.50,17.70,16.25,14.00",7,8,-23.166666666666668,9797.0,-3739.0,36.666666666666664
99,4,50,8,"(12,)",19,17.86842105263158,0.6842105263157895,48.88461538461539,-49.333333333333336,2.1469594594594597,-13.1,"31.10,-13.10,28.70,26.50",5,9,-42.5,10736.5,-3828.5,35.10526315789474
70,0,45,10,"(3, 12, 14, 18, 20)",15,17.833333333333332,0.9333333333333333,22.285714285714285,-44.5,7.01123595505618,4.25,"24.25,4.25,19.75,24.83",8,8,0.5,9765.5,-1691.0,36.46666666666667
95,4,55,6,(),18,17.833333333333332,0.7222222222222222,43.03846153846154,-47.7,2.3459119496855347,-1.0,"25.70,4.50,-1.00,43.50",7,10,-54.5,8993.5,-3886.5,32.5
99,0,50,7,"(12, 18)",21,17.833333333333332,0.6666666666666666,49.07142857142857,-44.642857142857146,2.1984,-10.7,"35.17,-10.70,30.70,12.70",7,10,-42.5,10310.5,-5035.0,42.23809523809524
70,0,47,10,"(3, 12, 14, 18, 20)",16,17.8125,0.9375,21.966666666666665,-44.5,7.404494382022472,4.5,"23.75,4.50,19.50,23.50",8,8,0.5,10584.5,-1735.5,37.0625
75,0,47,10,"(3, 12, 14, 18, 20)",16,17.8125,0.875,27.071428571428573,-47.0,4.031914893617022,-10.5,"28.75,-10.50,24.50,28.50",7,8,-0.8333333333333334,10342.0,-2666.5,36.625
85,5,50,10,"(3, 12, 14, 18, 20)",16,17.8125,0.8125,33.96153846153846,-52.166666666666664,2.8210862619808306,-10.25,"35.50,-10.25,13.00,33.00",6,7,-21.833333333333332,9430.5,-3400.0,32.4375
99,0,45,7,"(20,)",17,17.794117647058822,0.6470588235294118,51.40909090909091,-43.833333333333336,2.150190114068441,5.25,"15.50,23.50,27.50,5.25",7,9,-42.5,8541.5,-4993.5,41.35294117647059
99,0,45,8,"(20,)",17,17.794117647058822,0.6470588235294118,51.40909090909091,-43.833333333333336,2.150190114068441,5.25,"15.50,23.50,27.50,5.25",7,9,-42.5,8541.5,-4993.5,41.35294117647059
95,10,55,8,"(18,)",16,17.75,0.75,41.5,-53.5,2.3271028037383177,-4.75,"45.50,-4.75,16.75,13.50",6,8,-11.0,8461.5,-4298.5,34.0625
95,10,55,8,"(12, 18)",16,17.75,0.75,41.5,-53.5,2.3271028037383177,-4.75,"45.50,-4.75,16.75,13.50",6,8,-11.0,8461.5,-4298.5,34.0625
85,0,47,7,"(3, 12)",17,17.735294117647058,0.7647058823529411,37.5,-46.5,2.620967741935484,-27.5,"22.50,-27.50,35.75,39.00",6,9,-42.5,10570.0,-4753.0,33.88235294117647
85,0,47,8,"(3, 12)",17,17.735294117647058,0.7647058823529411,37.5,-46.5,2.620967741935484,-27.5,"22.50,-27.50,35.75,39.00",6,9,-42.5,10570.0,-4753.0,33.88235294117647
95,0,47,10,"(3, 12, 18)",19,17.710526315789473,0.6842105263157895,47.26923076923077,-46.333333333333336,2.210431654676259,-29.3,"30.50,-29.30,44.50,27.00",6,10,-42.5,11069.5,-5009.5,35.63157894736842
90,4,55,7,"(14,)",22,17.681818181818183,0.7727272727272727,37.911764705882355,-51.1,2.522504892367906,0.7,"24.33,21.33,0.70,22.30",7,9,-54.5,13333.5,-6282.5,39.04545454545455
90,4,55,8,"(3, 12, 14, 18, 20)",18,17.666666666666668,0.7777777777777778,38.5,-55.25,2.4389140271493215,-8.5,"21.10,18.50,-8.50,38.50",6,8,-59.5,11251.0,-2675.0,34.888888888888886
70,4,55,8,"(3, 12, 14, 18, 20)",18,17.666666666666668,1.0,17.666666666666668,,,16.5,"19.10,16.50,16.50,18.50",8,8,10.5,11621.5,0.0,35.611111111111114
70,5,55,7,"(3,)",18,17.666666666666668,1.0,17.666666666666668,,,14.75,"19.10,17.90,18.50,14.75",8,8,10.5,11669.5,0.0,36.05555555555556
70,5,55,7,"(3, 12)",18,17.666666666666668,1.0,17.666666666666668,,,14.75,"19.10,17.90,18.50,14.75",8,8,10.5,11669.5,0.0,36.05555555555556
70,5,55,7,"(3, 12, 14, 18, 20)",15,17.633333333333333,1.0,17.633333333333333,,,16.0,"20.50,16.00,17.50,16.17",8,8,10.5,9031.0,0.0,33.6
70,7,55,7,"(20,)",15,17.633333333333333,1.0,17.633333333333333,,,12.833333333333334,"20.50,17.25,18.75,12.83",8,8,11.5,9084.5,0.0,34.2
70,8,55,7,"(20,)",15,17.633333333333333,1.0,17.633333333333333,,,12.833333333333334,"20.50,17.25,18.75,12.83",8,8,11.5,9084.5,0.0,34.2
70,6,55,7,"(3,)",16,17.625,1.0,17.625,,,14.5,"20.50,17.75,17.75,14.50",8,8,10.5,9877.0,0.0,34.75
70,6,55,7,"(3, 12)",16,17.625,1.0,17.625,,,14.5,"20.50,17.75,17.75,14.50",8,8,10.5,9877.0,0.0,34.75
70,7,55,7,"(3,)",16,17.625,1.0,17.625,,,14.5,"20.50,17.75,17.75,14.50",8,8,10.5,9877.0,0.0,34.75
70,7,55,7,"(3, 12)",16,17.625,1.0,17.625,,,14.5,"20.50,17.75,17.75,14.50",8,8,10.5,9877.0,0.0,34.75
70,8,55,7,"(3,)",16,17.625,1.0,17.625,,,14.5,"20.50,17.75,17.75,14.50",8,8,10.5,9877.0,0.0,34.75
70,8,55,7,"(3, 12)",16,17.625,1.0,17.625,,,14.5,"20.50,17.75,17.75,14.50",8,8,10.5,9877.0,0.0,34.75
99,4,50,8,"(20,)",19,17.605263157894736,0.6842105263157895,48.88461538461539,-50.166666666666664,2.111295681063123,6.3,"31.10,6.30,8.30,26.50",6,10,-54.5,10844.0,-4518.0,37.05263157894737
70,4,55,10,"(3, 12, 14, 18, 20)",21,17.595238095238095,1.0,17.595238095238095,,,15.5,"19.17,15.50,18.50,16.90",8,8,10.5,14457.0,0.0,38.19047619047619
95,4,47,10,(),16,17.5625,0.6875,46.86363636363637,-46.9,2.1982942430703623,-25.5,"25.25,-25.50,45.00,25.50",6,9,-42.5,8515.5,-3161.0,33.5625
95,4,47,10,"(12,)",16,17.5625,0.6875,46.86363636363637,-46.9,2.1982942430703623,-25.5,"25.25,-25.50,45.00,25.50",6,9,-42.5,8515.5,-3161.0,33.5625
90,4,55,6,"(3,)",17,17.558823529411764,0.7647058823529411,38.03846153846154,-49.0,2.5229591836734695,-5.5,"21.70,-5.50,14.50,38.50",7,9,-54.5,9022.5,-2970.0,31.0
90,4,55,6,"(14,)",17,17.558823529411764,0.7647058823529411,38.03846153846154,-49.0,2.5229591836734695,-3.5,"20.30,14.25,-3.50,38.50",7,9,-54.5,9003.5,-4026.0,33.8235294117647
90,0,50,7,"(3, 12, 18)",19,17.55263157894737,0.7368421052631579,40.07142857142857,-45.5,2.465934065934066,-12.7,"23.90,-12.70,39.50,20.00",7,10,-42.5,10092.0,-4400.0,36.31578947368421
75,0,45,10,"(3, 12, 14, 18, 20)",15,17.5,0.8666666666666667,27.423076923076923,-47.0,3.7925531914893615,-10.75,"29.25,-10.75,24.75,29.83",7,8,-0.8333333333333334,9411.0,-2506.0,35.733333333333334
90,4,55,7,"(20,)",21,17.452380952380953,0.7619047619047619,38.4375,-49.7,2.4748490945674044,0.7,"25.50,19.70,0.70,22.30",7,10,-54.5,12082.0,-5937.5,37.80952380952381
90,0,47,7,"(3,)",18,17.444444444444443,0.7222222222222222,41.65384615384615,-45.5,2.38021978021978,-13.3,"26.50,-13.30,41.00,21.00",6,9,-42.5,9840.0,-4807.5,35.666666666666664
90,0,47,8,"(3,)",18,17.444444444444443,0.7222222222222222,41.65384615384615,-45.5,2.38021978021978,-13.3,"26.50,-13.30,41.00,21.00",6,9,-42.5,9840.0,-4807.5,35.666666666666664
95,4,50,7,"(18,)",17,17.441176470588236,0.7058823529411765,44.583333333333336,-47.7,2.243186582809224,-4.25,"27.90,-4.25,20.00,23.50",6,10,-54.5,8546.0,-4080.5,35.05882352941177
90,4,50,7,"(3, 18)",16,17.4375,0.75,39.583333333333336,-49.0,2.423469387755102,-4.75,"18.25,-4.75,39.50,16.75",6,9,-54.5,8574.5,-3366.0,33.1875
95,4,55,7,"(18,)",22,17.40909090909091,0.7272727272727273,42.5625,-49.666666666666664,2.285234899328859,2.9,"29.67,9.83,2.90,26.30",7,10,-54.5,11876.5,-5368.0,36.04545454545455
99,4,50,10,"(3, 12, 18)",19,17.394736842105264,0.6842105263157895,48.80769230769231,-50.666666666666664,2.0871710526315788,-12.5,"31.10,-12.50,7.70,49.75",5,8,-42.5,10591.0,-3924.0,32.94736842105263
90,0,47,7,"(14,)",18,17.38888888888889,0.7222222222222222,41.65384615384615,-45.7,2.3698030634573306,0.75,"26.10,3.50,40.50,0.75",5,8,-5.5,9927.0,-5269.5,40.666666666666664
90,0,47,8,"(14,)",18,17.38888888888889,0.7222222222222222,41.65384615384615,-45.7,2.3698030634573306,0.75,"26.10,3.50,40.50,0.75",5,8,-5.5,9927.0,-5269.5,40.666666666666664
85,0,47,7,"(3, 18)",17,17.38235294117647,0.7647058823529411,37.03846153846154,-46.5,2.588709677419355,-27.5,"22.50,-27.50,34.75,38.50",6,9,-42.5,10082.0,-4753.0,33.411764705882355
85,0,47,8,"(3, 18)",17,17.38235294117647,0.7647058823529411,37.03846153846154,-46.5,2.588709677419355,-27.5,"22.50,-27.50,34.75,38.50",6,9,-42.5,10082.0,-4753.0,33.411764705882355
70,10,55,7,"(3,)",15,17.366666666666667,1.0,17.366666666666667,,,12.166666666666666,"20.50,17.75,17.75,12.17",8,8,10.5,8836.5,0.0,33.666666666666664
70,10,55,7,"(3, 12)",15,17.366666666666667,1.0,17.366666666666667,,,12.166666666666666,"20.50,17.75,17.75,12.17",8,8,10.5,8836.5,0.0,33.666666666666664
99,4,55,8,"(20,)",23,17.32608695652174,0.6956521739130435,47.4375,-51.5,2.1054091539528432,-4.166666666666667,"16.50,29.50,-4.17,29.50",6,10,-54.5,13520.0,-5568.0,37.91304347826087
85,5,55,7,"(3, 18)",17,17.323529411764707,0.8235294117647058,32.357142857142854,-52.833333333333336,2.858044164037855,-9.75,"34.10,-9.75,32.25,8.50",7,8,-59.5,9534.0,-3564.0,33.64705882352941
85,5,55,7,"(3, 12, 18)",17,17.323529411764707,0.8235294117647058,32.357142857142854,-52.833333333333336,2.858044164037855,-9.75,"34.10,-9.75,32.25,8.50",7,8,-59.5,9534.0,-3564.0,33.64705882352941
85,7,55,7,(),17,17.323529411764707,0.8235294117647058,32.357142857142854,-52.833333333333336,2.858044164037855,6.0,"18.50,11.00,33.50,6.00",7,8,-16.0,9597.0,-3366.0,33.64705882352941
85,7,55,7,"(12,)",17,17.323529411764707,0.8235294117647058,32.357142857142854,-52.833333333333336,2.858044164037855,6.0,"18.50,11.00,33.50,6.00",7,8,-16.0,9597.0,-3366.0,33.64705882352941
85,7,55,7,"(14,)",17,17.323529411764707,0.8235294117647058,32.357142857142854,-52.833333333333336,2.858044164037855,6.0,"18.50,11.00,33.50,6.00",7,8,-16.0,9597.0,-3366.0,33.64705882352941
85,8,55,7,(),17,17.323529411764707,0.8235294117647058,32.357142857142854,-52.833333333333336,2.858044164037855,6.0,"18.50,11.00,33.50,6.00",7,8,-16.0,9597.0,-3366.0,33.64705882352941
85,8,55,7,"(12,)",17,17.323529411764707,0.8235294117647058,32.357142857142854,-52.833333333333336,2.858044164037855,6.0,"18.50,11.00,33.50,6.00",7,8,-16.0,9597.0,-3366.0,33.64705882352941
85,8,55,7,"(14,)",17,17.323529411764707,0.8235294117647058,32.357142857142854,-52.833333333333336,2.858044164037855,6.0,"18.50,11.00,33.50,6.00",7,8,-16.0,9597.0,-3366.0,33.64705882352941
70,5,55,7,"(3, 18)",17,17.323529411764707,1.0,17.323529411764707,,,14.75,"19.10,17.75,17.25,14.75",8,8,10.5,10371.0,0.0,34.705882352941174
70,5,55,7,"(3, 12, 18)",17,17.323529411764707,1.0,17.323529411764707,,,14.75,"19.10,17.75,17.25,14.75",8,8,10.5,10371.0,0.0,34.705882352941174
70,7,55,7,(),17,17.323529411764707,1.0,17.323529411764707,,,12.25,"20.50,17.25,18.50,12.25",8,8,11.5,10390.5,0.0,35.11764705882353
70,7,55,7,"(12,)",17,17.323529411764707,1.0,17.323529411764707,,,12.25,"20.50,17.25,18.50,12.25",8,8,11.5,10390.5,0.0,35.11764705882353
70,7,55,7,"(14,)",17,17.323529411764707,1.0,17.323529411764707,,,12.25,"20.50,17.25,18.50,12.25",8,8,11.5,10390.5,0.0,35.11764705882353
70,8,55,7,(),17,17.323529411764707,1.0,17.323529411764707,,,12.25,"20.50,17.25,18.50,12.25",8,8,11.5,10390.5,0.0,35.11764705882353
70,8,55,7,"(12,)",17,17.323529411764707,1.0,17.323529411764707,,,12.25,"20.50,17.25,18.50,12.25",8,8,11.5,10390.5,0.0,35.11764705882353
70,8,55,7,"(14,)",17,17.323529411764707,1.0,17.323529411764707,,,12.25,"20.50,17.25,18.50,12.25",8,8,11.5,10390.5,0.0,35.11764705882353
85,6,55,7,"(20,)",16,17.3125,0.8125,32.96153846153846,-50.5,2.8283828382838285,10.25,"35.50,11.00,12.50,10.25",7,8,-24.833333333333332,8550.5,-3802.0,36.8125
70,5,55,8,"(3,)",20,17.3,1.0,17.3,,,16.1,"19.10,16.90,17.10,16.10",8,8,10.5,12927.0,0.0,36.7
70,5,55,8,"(3, 12)",20,17.3,1.0,17.3,,,16.1,"19.10,16.90,17.10,16.10",8,8,10.5,12927.0,0.0,36.7
85,0,47,10,"(3,)",21,17.261904761904763,0.7619047619047619,37.4375,-47.3,2.53276955602537,-14.5,"10.33,-14.50,35.50,39.10",7,10,-42.5,13906.5,-5092.5,34.61904761904762
90,4,55,6,"(20,)",16,17.25,0.75,38.75,-47.25,2.4603174603174605,-3.5,"18.75,15.25,-3.50,38.50",7,10,-54.5,7765.0,-3789.5,32.5
99,4,50,8,"(3,)",19,17.236842105263158,0.6842105263157895,48.88461538461539,-51.333333333333336,2.063311688311688,-13.1,"31.10,-13.10,28.70,23.50",5,9,-54.5,10887.5,-3828.5,34.473684210526315
99,4,50,8,"(14,)",19,17.236842105263158,0.6842105263157895,48.88461538461539,-51.333333333333336,2.063311688311688,7.7,"28.30,7.70,8.30,26.50",5,9,-54.5,10862.5,-4573.5,37.63157894736842
70,4,47,10,"(3,)",15,17.233333333333334,0.9333333333333333,21.5,-42.5,7.08235294117647,6.5,"6.50,20.75,20.00,23.17",7,8,-42.5,8908.0,-1487.5,34.266666666666666
70,4,47,10,"(14,)",15,17.233333333333334,0.9333333333333333,21.5,-42.5,7.08235294117647,1.8333333333333333,"22.00,20.50,20.75,1.83",7,8,-42.5,8885.5,-2422.5,38.6
70,4,47,10,"(3, 12)",15,17.233333333333334,0.9333333333333333,21.5,-42.5,7.08235294117647,6.5,"6.50,20.75,20.00,23.17",7,8,-42.5,8908.0,-1487.5,34.266666666666666
70,6,55,7,"(3, 18)",15,17.233333333333334,1.0,17.233333333333334,,,12.166666666666666,"20.50,17.75,17.25,12.17",8,8,10.5,8705.5,0.0,33.53333333333333
70,6,55,7,"(3, 12, 18)",15,17.233333333333334,1.0,17.233333333333334,,,12.166666666666666,"20.50,17.75,17.25,12.17",8,8,10.5,8705.5,0.0,33.53333333333333
70,7,55,7,"(3, 18)",15,17.233333333333334,1.0,17.233333333333334,,,12.166666666666666,"20.50,17.75,17.25,12.17",8,8,10.5,8705.5,0.0,33.53333333333333
70,7,55,7,"(3, 12, 18)",15,17.233333333333334,1.0,17.233333333333334,,,12.166666666666666,"20.50,17.75,17.25,12.17",8,8,10.5,8705.5,0.0,33.53333333333333
70,8,55,7,"(3, 18)",15,17.233333333333334,1.0,17.233333333333334,,,12.166666666666666,"20.50,17.75,17.25,12.17",8,8,10.5,8705.5,0.0,33.53333333333333
70,8,55,7,"(3, 12, 18)",15,17.233333333333334,1.0,17.233333333333334,,,12.166666666666666,"20.50,17.75,17.25,12.17",8,8,10.5,8705.5,0.0,33.53333333333333
95,4,55,8,"(3, 12)",22,17.227272727272727,0.7272727272727273,43.25,-52.166666666666664,2.2108626198083066,10.5,"13.83,10.50,23.70,22.90",6,9,-59.5,13086.5,-3774.0,34.22727272727273
95,0,55,8,"(3, 12, 14, 18, 20)",22,17.227272727272727,0.7272727272727273,44.0625,-54.333333333333336,2.1625766871165646,4.1,"31.50,9.33,4.10,22.70",7,9,-59.5,14357.5,-4916.5,39.04545454545455
70,6,55,8,"(3,)",18,17.22222222222222,1.0,17.22222222222222,,,14.5,"19.10,17.90,16.75,14.50",8,8,10.5,11101.0,0.0,35.55555555555556
70,6,55,8,"(3, 12)",18,17.22222222222222,1.0,17.22222222222222,,,14.5,"19.10,17.90,16.75,14.50",8,8,10.5,11101.0,0.0,35.55555555555556
70,7,55,8,"(3,)",18,17.22222222222222,1.0,17.22222222222222,,,14.5,"19.10,17.90,16.75,14.50",8,8,10.5,11101.0,0.0,35.55555555555556
70,7,55,8,"(3, 12)",18,17.22222222222222,1.0,17.22222222222222,,,14.5,"19.10,17.90,16.75,14.50",8,8,10.5,11101.0,0.0,35.55555555555556
70,8,55,8,"(3,)",18,17.22222222222222,1.0,17.22222222222222,,,14.5,"19.10,17.90,16.75,14.50",8,8,10.5,11101.0,0.0,35.55555555555556
70,8,55,8,"(3, 12)",18,17.22222222222222,1.0,17.22222222222222,,,14.5,"19.10,17.90,16.75,14.50",8,8,10.5,11101.0,0.0,35.55555555555556
85,5,55,8,"(3, 12, 14, 18, 20)",17,17.205882352941178,0.8235294117647058,32.714285714285715,-55.166666666666664,2.7673716012084593,8.5,"17.10,9.75,33.50,8.50",6,8,-59.5,9898.5,-2636.5,33.588235294117645
85,7,55,8,"(20,)",17,17.205882352941178,0.8235294117647058,32.714285714285715,-55.166666666666664,2.7673716012084593,6.0,"17.10,11.00,34.75,6.00",6,8,-16.0,9836.5,-2538.0,33.35294117647059
85,8,55,8,"(20,)",17,17.205882352941178,0.8235294117647058,32.714285714285715,-55.166666666666664,2.7673716012084593,6.0,"17.10,11.00,34.75,6.00",6,8,-16.0,9836.5,-2538.0,33.35294117647059
70,5,55,8,"(3, 12, 14, 18, 20)",17,17.205882352941178,1.0,17.205882352941178,,,14.75,"19.10,16.00,18.50,14.75",8,8,10.5,10203.0,0.0,34.35294117647059
70,7,55,8,"(20,)",17,17.205882352941178,1.0,17.205882352941178,,,12.25,"19.10,17.25,19.75,12.25",8,8,11.5,10208.5,0.0,34.76470588235294
70,8,55,8,"(20,)",17,17.205882352941178,1.0,17.205882352941178,,,12.25,"19.10,17.25,19.75,12.25",8,8,11.5,10208.5,0.0,34.76470588235294
70,5,55,10,"(3, 12, 14, 18, 20)",20,17.2,1.0,17.2,,,15.9,"20.30,15.90,16.50,16.10",8,8,10.5,12825.0,0.0,36.8
80,0,47,10,"(3, 12, 14, 18, 20)",16,17.1875,0.8125,32.26923076923077,-48.166666666666664,2.903114186851211,-28.0,"33.75,-28.00,29.50,33.50",7,8,-19.5,9706.0,-4024.0,34.625
99,5,50,8,"(18,)",16,17.1875,0.6875,48.04545454545455,-50.7,2.084812623274162,-28.25,"49.50,-28.25,22.00,25.50",5,8,-42.5,8052.5,-4372.5,35.4375
99,5,50,8,"(12, 18)",16,17.1875,0.6875,48.04545454545455,-50.7,2.084812623274162,-28.25,"49.50,-28.25,22.00,25.50",5,8,-42.5,8052.5,-4372.5,35.4375
70,10,55,8,"(3,)",16,17.1875,1.0,17.1875,,,12.75,"20.50,17.75,17.75,12.75",8,8,10.5,9436.5,0.0,34.1875
70,10,55,8,"(3, 12)",16,17.1875,1.0,17.1875,,,12.75,"20.50,17.75,17.75,12.75",8,8,10.5,9436.5,0.0,34.1875
99,0,50,7,"(20,)",24,17.166666666666668,0.6666666666666666,48.875,-46.25,2.1135135135135137,3.6666666666666665,"33.00,16.50,15.50,3.67",7,10,-45.5,12352.5,-12241.5,48.625
70,10,55,8,"(20,)",15,17.166666666666668,1.0,17.166666666666668,,,12.833333333333334,"20.50,17.25,17.00,12.83",8,8,11.5,8654.5,0.0,33.53333333333333
85,0,50,7,"(3,)",23,17.108695652173914,0.782608695652174,35.22222222222222,-48.1,2.636174636174636,-6.666666666666667,"21.33,-6.67,20.50,36.50",7,10,-42.5,14663.5,-4354.0,37.34782608695652
90,0,50,7,"(3,)",23,17.108695652173914,0.7391304347826086,39.73529411764706,-47.0,2.395390070921986,-4.166666666666667,"25.50,-4.17,24.67,23.50",6,10,-42.5,12978.5,-4556.5,39.17391304347826
70,6,55,8,"(3, 12, 14, 18, 20)",15,17.1,1.0,17.1,,,12.166666666666666,"20.50,16.00,18.50,12.17",8,8,10.5,8539.5,0.0,33.13333333333333
70,7,55,8,"(3, 12, 14, 18, 20)",15,17.1,1.0,17.1,,,12.166666666666666,"20.50,16.00,18.50,12.17",8,8,10.5,8539.5,0.0,33.13333333333333
70,8,55,8,"(3, 12, 14, 18, 20)",15,17.1,1.0,17.1,,,12.166666666666666,"20.50,16.00,18.50,12.17",8,8,10.5,8539.5,0.0,33.13333333333333
70,12,55,10,"(18,)",15,17.1,1.0,17.1,,,11.833333333333334,"22.00,15.50,17.75,11.83",7,7,9.5,8571.5,0.0,33.4
70,12,55,10,"(12, 18)",15,17.1,1.0,17.1,,,11.833333333333334,"22.00,15.50,17.75,11.83",7,7,9.5,8571.5,0.0,33.4
90,0,50,7,"(14,)",23,17.065217391304348,0.7391304347826086,39.73529411764706,-47.166666666666664,2.3869257950530036,-5.5,"40.33,-5.50,24.50,7.30",5,9,-7.5,13037.0,-5151.0,44.869565217391305
70,10,55,7,(),16,17.0625,1.0,17.0625,,,12.25,"20.50,17.75,17.75,12.25",8,8,11.5,9325.0,0.0,34.0
70,10,55,7,"(12,)",16,17.0625,1.0,17.0625,,,12.25,"20.50,17.75,17.75,12.25",8,8,11.5,9325.0,0.0,34.0
70,10,55,7,"(14,)",16,17.0625,1.0,17.0625,,,12.25,"20.50,17.75,17.75,12.25",8,8,11.5,9325.0,0.0,34.0
99,0,55,7,"(3, 12, 18)",26,17.03846153846154,0.6923076923076923,47.111111111111114,-50.625,2.093827160493827,4.928571428571429,"35.93,4.93,11.50,14.67",7,10,-50.5,14989.5,-10751.5,42.5
90,4,55,7,"(12, 18)",21,17.023809523809526,0.7619047619047619,37.5625,-48.7,2.4681724845995894,1.9,"25.50,1.90,16.70,22.30",7,9,-42.5,10817.0,-3366.0,34.38095238095238
70,5,55,10,"(3, 18)",22,17.0,1.0,17.0,,,16.1,"19.17,16.33,16.10,16.10",8,8,10.5,14397.5,0.0,38.04545454545455
70,5,55,10,"(3, 12, 18)",22,17.0,1.0,17.0,,,16.1,"19.17,16.33,16.10,16.10",8,8,10.5,14397.5,0.0,38.04545454545455
90,4,55,7,"(3,)",21,16.976190476190474,0.7619047619047619,38.25,-51.1,2.395303326810176,1.9,"25.50,1.90,19.90,18.90",7,10,-59.5,11962.5,-4480.5,35.19047619047619
95,5,55,8,"(3, 18)",19,16.973684210526315,0.7368421052631579,42.357142857142854,-54.1,2.192236598890943,3.9,"25.10,3.90,22.70,16.00",6,8,-59.5,10370.5,-4330.0,34.26315789473684
95,5,55,8,"(3, 12, 18)",19,16.973684210526315,0.7368421052631579,42.357142857142854,-54.1,2.192236598890943,3.9,"25.10,3.90,22.70,16.00",6,8,-59.5,10370.5,-4330.0,34.26315789473684
95,7,55,8,(),19,16.973684210526315,0.7368421052631579,42.357142857142854,-54.1,2.192236598890943,4.9,"25.10,4.90,23.70,13.50",6,8,-11.0,10500.5,-3997.0,33.94736842105263
95,7,55,8,"(12,)",19,16.973684210526315,0.7368421052631579,42.357142857142854,-54.1,2.192236598890943,4.9,"25.10,4.90,23.70,13.50",6,8,-11.0,10500.5,-3997.0,33.94736842105263
95,7,55,8,"(14,)",19,16.973684210526315,0.7368421052631579,42.357142857142854,-54.1,2.192236598890943,4.9,"25.10,4.90,23.70,13.50",6,8,-11.0,10500.5,-3997.0,33.94736842105263
95,8,55,8,(),19,16.973684210526315,0.7368421052631579,42.357142857142854,-54.1,2.192236598890943,4.9,"25.10,4.90,23.70,13.50",6,8,-11.0,10500.5,-3997.0,33.94736842105263
95,8,55,8,"(12,)",19,16.973684210526315,0.7368421052631579,42.357142857142854,-54.1,2.192236598890943,4.9,"25.10,4.90,23.70,13.50",6,8,-11.0,10500.5,-3997.0,33.94736842105263
95,8,55,8,"(14,)",19,16.973684210526315,0.7368421052631579,42.357142857142854,-54.1,2.192236598890943,4.9,"25.10,4.90,23.70,13.50",6,8,-11.0,10500.5,-3997.0,33.94736842105263
99,5,50,10,"(20,)",19,16.973684210526315,0.6842105263157895,48.65384615384615,-51.666666666666664,2.0403225806451615,-12.5,"28.50,-12.50,28.10,25.50",6,9,-55.5,10492.0,-3400.0,35.68421052631579
70,5,55,8,"(3, 18)",19,16.973684210526315,1.0,16.973684210526315,,,14.75,"19.10,16.90,16.70,14.75",8,8,10.5,11584.0,0.0,35.36842105263158
70,5,55,8,"(3, 12, 18)",19,16.973684210526315,1.0,16.973684210526315,,,14.75,"19.10,16.90,16.70,14.75",8,8,10.5,11584.0,0.0,35.36842105263158
70,7,55,8,(),19,16.973684210526315,1.0,16.973684210526315,,,12.25,"19.10,17.90,17.70,12.25",8,8,11.5,11665.5,0.0,36.05263157894737
70,7,55,8,"(12,)",19,16.973684210526315,1.0,16.973684210526315,,,12.25,"19.10,17.90,17.70,12.25",8,8,11.5,11665.5,0.0,36.05263157894737
70,7,55,8,"(14,)",19,16.973684210526315,1.0,16.973684210526315,,,12.25,"19.10,17.90,17.70,12.25",8,8,11.5,11665.5,0.0,36.05263157894737
70,8,55,8,(),19,16.973684210526315,1.0,16.973684210526315,,,12.25,"19.10,17.90,17.70,12.25",8,8,11.5,11665.5,0.0,36.05263157894737
70,8,55,8,"(12,)",19,16.973684210526315,1.0,16.973684210526315,,,12.25,"19.10,17.90,17.70,12.25",8,8,11.5,11665.5,0.0,36.05263157894737
70,8,55,8,"(14,)",19,16.973684210526315,1.0,16.973684210526315,,,12.25,"19.10,17.90,17.70,12.25",8,8,11.5,11665.5,0.0,36.05263157894737
80,5,55,7,"(3, 12, 14, 18, 20)",15,16.966666666666665,0.8666666666666667,27.96153846153846,-54.5,3.334862385321101,6.0,"30.50,6.00,7.50,26.17",7,8,-59.5,8424.0,-2082.5,33.6
80,7,55,7,"(20,)",15,16.966666666666665,0.8666666666666667,27.96153846153846,-54.5,3.334862385321101,7.25,"30.50,7.25,8.75,22.83",7,8,-18.5,8367.0,-2201.5,33.86666666666667
80,8,55,7,"(20,)",15,16.966666666666665,0.8666666666666667,27.96153846153846,-54.5,3.334862385321101,7.25,"30.50,7.25,8.75,22.83",7,8,-18.5,8367.0,-2201.5,33.86666666666667
70,7,55,7,"(18,)",16,16.9375,1.0,16.9375,,,12.25,"20.50,17.75,17.25,12.25",8,8,11.5,9194.0,0.0,33.875
70,7,55,7,"(12, 18)",16,16.9375,1.0,16.9375,,,12.25,"20.50,17.75,17.25,12.25",8,8,11.5,9194.0,0.0,33.875
70,8,55,7,"(18,)",16,16.9375,1.0,16.9375,,,12.25,"20.50,17.75,17.25,12.25",8,8,11.5,9194.0,0.0,33.875
70,8,55,7,"(12, 18)",16,16.9375,1.0,16.9375,,,12.25,"20.50,17.75,17.25,12.25",8,8,11.5,9194.0,0.0,33.875
99,4,55,8,"(12, 18)",23,16.934782608695652,0.6956521739130435,46.5625,-50.785714285714285,2.0956399437412094,10.666666666666666,"16.50,13.17,10.67,29.50",6,9,-42.5,11971.5,-3828.5,34.30434782608695
85,10,55,8,(),17,16.91176470588235,0.8235294117647058,31.857142857142858,-52.833333333333336,2.813880126182965,6.0,"18.50,11.00,31.75,6.00",7,8,-16.0,9116.5,-3366.0,33.11764705882353
85,10,55,8,"(12,)",17,16.91176470588235,0.8235294117647058,31.857142857142858,-52.833333333333336,2.813880126182965,6.0,"18.50,11.00,31.75,6.00",7,8,-16.0,9116.5,-3366.0,33.11764705882353
85,10,55,8,"(14,)",17,16.91176470588235,0.8235294117647058,31.857142857142858,-52.833333333333336,2.813880126182965,6.0,"18.50,11.00,31.75,6.00",7,8,-16.0,9116.5,-3366.0,33.11764705882353
70,10,55,8,(),17,16.91176470588235,1.0,16.91176470588235,,,12.25,"20.50,17.25,16.75,12.25",8,8,11.5,9950.0,0.0,34.588235294117645
70,10,55,8,"(12,)",17,16.91176470588235,1.0,16.91176470588235,,,12.25,"20.50,17.25,16.75,12.25",8,8,11.5,9950.0,0.0,34.588235294117645
70,10,55,8,"(14,)",17,16.91176470588235,1.0,16.91176470588235,,,12.25,"20.50,17.25,16.75,12.25",8,8,11.5,9950.0,0.0,34.588235294117645
99,4,55,8,"(3,)",23,16.891304347826086,0.6956521739130435,47.25,-52.5,2.057142857142857,13.166666666666666,"16.50,13.17,13.33,26.10",6,10,-59.5,13161.5,-4475.5,35.43478260869565
99,0,55,10,"(3, 12, 14, 18, 20)",26,16.884615384615383,0.6923076923076923,48.666666666666664,-54.625,2.004576659038902,2.2142857142857144,"22.64,2.21,13.33,30.83",7,9,-59.5,18600.5,-6768.5,39.19230769230769
70,6,55,8,"(3, 18)",17,16.852941176470587,1.0,16.852941176470587,,,14.5,"19.10,17.75,15.50,14.50",8,8,10.5,9862.5,0.0,34.294117647058826
70,6,55,8,"(3, 12, 18)",17,16.852941176470587,1.0,16.852941176470587,,,14.5,"19.10,17.75,15.50,14.50",8,8,10.5,9862.5,0.0,34.294117647058826
70,7,55,8,"(3, 18)",17,16.852941176470587,1.0,16.852941176470587,,,14.5,"19.10,17.75,15.50,14.50",8,8,10.5,9862.5,0.0,34.294117647058826
70,7,55,8,"(3, 12, 18)",17,16.852941176470587,1.0,16.852941176470587,,,14.5,"19.10,17.75,15.50,14.50",8,8,10.5,9862.5,0.0,34.294117647058826
70,8,55,8,"(3, 18)",17,16.852941176470587,1.0,16.852941176470587,,,14.5,"19.10,17.75,15.50,14.50",8,8,10.5,9862.5,0.0,34.294117647058826
70,8,55,8,"(3, 12, 18)",17,16.852941176470587,1.0,16.852941176470587,,,14.5,"19.10,17.75,15.50,14.50",8,8,10.5,9862.5,0.0,34.294117647058826
70,0,50,10,"(3, 12, 14, 18, 20)",21,16.833333333333332,0.9523809523809523,19.9,-44.5,8.9438202247191,5.1,"21.33,5.10,18.50,21.50",8,8,3.75,13778.0,-1780.0,38.095238095238095
99,0,50,10,"(3, 12, 18)",24,16.833333333333332,0.6666666666666666,49.625,-48.75,2.0358974358974358,-17.833333333333332,"35.17,-17.83,14.83,35.17",6,10,-42.5,13647.5,-6053.5,36.541666666666664
85,0,45,7,"(3,)",16,16.8125,0.75,37.916666666666664,-46.5,2.446236559139785,-27.5,"20.00,-27.50,35.75,39.00",6,9,-42.5,8932.5,-4513.5,32.0625
85,0,45,7,"(3, 12)",16,16.8125,0.75,37.916666666666664,-46.5,2.446236559139785,-27.5,"20.00,-27.50,35.75,39.00",6,9,-42.5,8932.5,-4513.5,32.0625
85,0,45,8,"(3,)",16,16.8125,0.75,37.916666666666664,-46.5,2.446236559139785,-27.5,"20.00,-27.50,35.75,39.00",6,9,-42.5,8932.5,-4513.5,32.0625
85,0,45,8,"(3, 12)",16,16.8125,0.75,37.916666666666664,-46.5,2.446236559139785,-27.5,"20.00,-27.50,35.75,39.00",6,9,-42.5,8932.5,-4513.5,32.0625
90,5,50,8,"(20,)",16,16.8125,0.75,39.416666666666664,-51.0,2.3186274509803924,-8.5,"40.50,-8.50,16.50,18.75",6,8,-42.5,8269.5,-2771.0,35.8125
99,6,55,8,(),20,16.8,0.7,46.357142857142854,-52.166666666666664,2.073482428115016,4.7,"28.30,7.30,26.90,4.70",6,8,-20.166666666666668,10249.0,-3941.5,36.5
99,6,55,8,"(12,)",20,16.8,0.7,46.357142857142854,-52.166666666666664,2.073482428115016,4.7,"28.30,7.30,26.90,4.70",6,8,-20.166666666666668,10249.0,-3941.5,36.5
99,6,55,8,"(14,)",20,16.8,0.7,46.357142857142854,-52.166666666666664,2.073482428115016,4.7,"28.30,7.30,26.90,4.70",6,8,-20.166666666666668,10249.0,-3941.5,36.5
99,0,47,10,"(3, 18)",20,16.8,0.65,51.26923076923077,-47.214285714285715,2.016641452344932,-28.5,"33.70,-28.50,48.50,13.50",6,10,-47.0,10845.5,-5130.0,36.85
70,6,55,10,"(3, 12, 14, 18, 20)",17,16.794117647058822,1.0,16.794117647058822,,,13.75,"20.30,13.75,17.75,14.50",8,8,10.5,9752.5,0.0,33.94117647058823
70,7,55,10,"(3, 12, 14, 18, 20)",17,16.794117647058822,1.0,16.794117647058822,,,13.75,"20.30,13.75,17.75,14.50",8,8,10.5,9752.5,0.0,33.94117647058823
70,8,55,10,"(3, 12, 14, 18, 20)",17,16.794117647058822,1.0,16.794117647058822,,,13.75,"20.30,13.75,17.75,14.50",8,8,10.5,9752.5,0.0,33.94117647058823
90,0,47,10,"(3,)",21,16.785714285714285,0.7142857142857143,42.03333333333333,-46.333333333333336,2.2679856115107913,-12.5,"13.67,-12.50,40.50,26.10",6,10,-42.5,11913.0,-5070.5,35.61904761904762
95,6,55,8,"(3, 12, 14, 18, 20)",15,16.766666666666666,0.7333333333333333,42.95454545454545,-55.25,2.1380090497737556,5.5,"21.75,17.25,19.75,5.50",6,8,-59.5,7915.0,-2462.5,33.6
95,7,55,8,"(3, 12, 14, 18, 20)",15,16.766666666666666,0.7333333333333333,42.95454545454545,-55.25,2.1380090497737556,5.5,"21.75,17.25,19.75,5.50",6,8,-59.5,7915.0,-2462.5,33.6
95,8,55,8,"(3, 12, 14, 18, 20)",15,16.766666666666666,0.7333333333333333,42.95454545454545,-55.25,2.1380090497737556,5.5,"21.75,17.25,19.75,5.50",6,8,-59.5,7915.0,-2462.5,33.6
99,0,50,6,"(3, 12, 18)",15,16.766666666666666,0.6666666666666666,47.9,-45.5,2.1054945054945056,-25.25,"25.50,-25.25,25.50,49.50",6,9,-42.5,5884.5,-3403.5,30.066666666666666
70,10,55,8,"(3, 18)",15,16.766666666666666,1.0,16.766666666666666,,,12.166666666666666,"20.50,17.75,15.50,12.17",8,8,10.5,8288.0,0.0,32.93333333333333
70,10,55,8,"(3, 12, 18)",15,16.766666666666666,1.0,16.766666666666666,,,12.166666666666666,"20.50,17.75,15.50,12.17",8,8,10.5,8288.0,0.0,32.93333333333333
90,0,47,10,"(14,)",21,16.738095238095237,0.7142857142857143,42.03333333333333,-46.5,2.259856630824373,4.1,"13.33,4.10,40.30,9.90",5,9,-16.166666666666668,11870.5,-5614.0,40.714285714285715
99,6,55,8,"(3, 18)",17,16.735294117647058,0.7058823529411765,46.25,-54.1,2.0517560073937156,-2.75,"28.30,-2.75,19.75,18.75",6,8,-59.5,8687.5,-3941.5,33.23529411764706
99,6,55,8,"(3, 12, 18)",17,16.735294117647058,0.7058823529411765,46.25,-54.1,2.0517560073937156,-2.75,"28.30,-2.75,19.75,18.75",6,8,-59.5,8687.5,-3941.5,33.23529411764706
99,7,55,8,"(3, 18)",17,16.735294117647058,0.7058823529411765,46.25,-54.1,2.0517560073937156,-2.75,"28.30,-2.75,19.75,18.75",6,8,-59.5,8687.5,-3941.5,33.23529411764706
99,7,55,8,"(3, 12, 18)",17,16.735294117647058,0.7058823529411765,46.25,-54.1,2.0517560073937156,-2.75,"28.30,-2.75,19.75,18.75",6,8,-59.5,8687.5,-3941.5,33.23529411764706
99,8,55,8,"(3, 18)",17,16.735294117647058,0.7058823529411765,46.25,-54.1,2.0517560073937156,-2.75,"28.30,-2.75,19.75,18.75",6,8,-59.5,8687.5,-3941.5,33.23529411764706
99,8,55,8,"(3, 12, 18)",17,16.735294117647058,0.7058823529411765,46.25,-54.1,2.0517560073937156,-2.75,"28.30,-2.75,19.75,18.75",6,8,-59.5,8687.5,-3941.5,33.23529411764706
70,10,55,10,"(3, 12, 14, 18, 20)",15,16.7,1.0,16.7,,,12.166666666666666,"22.00,13.75,17.75,12.17",8,8,10.5,8202.5,0.0,32.6
85,6,55,7,"(3,)",16,16.6875,0.8125,32.73076923076923,-52.833333333333336,2.684542586750789,-9.75,"35.50,-9.75,32.75,8.25",7,8,-59.5,8551.0,-3366.0,33.375
85,6,55,7,"(3, 12)",16,16.6875,0.8125,32.73076923076923,-52.833333333333336,2.684542586750789,-9.75,"35.50,-9.75,32.75,8.25",7,8,-59.5,8551.0,-3366.0,33.375
85,7,55,7,"(3,)",16,16.6875,0.8125,32.73076923076923,-52.833333333333336,2.684542586750789,-9.75,"35.50,-9.75,32.75,8.25",7,8,-59.5,8551.0,-3366.0,33.375
85,7,55,7,"(3, 12)",16,16.6875,0.8125,32.73076923076923,-52.833333333333336,2.684542586750789,-9.75,"35.50,-9.75,32.75,8.25",7,8,-59.5,8551.0,-3366.0,33.375
85,8,55,7,"(3,)",16,16.6875,0.8125,32.73076923076923,-52.833333333333336,2.684542586750789,-9.75,"35.50,-9.75,32.75,8.25",7,8,-59.5,8551.0,-3366.0,33.375
85,8,55,7,"(3, 12)",16,16.6875,0.8125,32.73076923076923,-52.833333333333336,2.684542586750789,-9.75,"35.50,-9.75,32.75,8.25",7,8,-59.5,8551.0,-3366.0,33.375
90,4,55,6,"(12, 18)",16,16.6875,0.75,37.583333333333336,-46.0,2.4510869565217392,-6.75,"18.75,-6.75,16.25,38.50",7,9,-42.5,6853.0,-2970.0,30.0
95,0,50,7,"(12,)",22,16.681818181818183,0.6818181818181818,45.3,-44.642857142857146,2.1744,-3.0,"31.83,-3.00,28.50,10.30",7,10,-42.5,10255.5,-5161.5,41.86363636363637
95,0,50,7,"(3,)",23,16.67391304347826,0.6956521739130435,44.875,-47.785714285714285,2.1464872944693574,-1.6666666666666667,"29.67,-1.67,28.83,8.50",6,10,-47.0,11948.0,-7678.0,40.78260869565217
95,5,55,8,(),22,16.636363636363637,0.7272727272727273,42.4375,-52.166666666666664,2.169329073482428,4.9,"27.33,9.83,4.90,23.70",6,8,-21.5,11708.5,-4330.0,36.95454545454545
95,5,55,8,"(12,)",22,16.636363636363637,0.7272727272727273,42.4375,-52.166666666666664,2.169329073482428,4.9,"27.33,9.83,4.90,23.70",6,8,-21.5,11708.5,-4330.0,36.95454545454545
95,5,55,8,"(14,)",22,16.636363636363637,0.7272727272727273,42.4375,-52.166666666666664,2.169329073482428,4.9,"27.33,9.83,4.90,23.70",6,8,-21.5,11708.5,-4330.0,36.95454545454545
85,4,55,6,"(3, 12, 18)",15,16.633333333333333,0.8,32.583333333333336,-47.166666666666664,2.7632508833922262,-9.25,"15.00,-9.25,30.25,35.17",6,8,-42.5,6786.5,-2871.0,28.733333333333334
70,10,55,7,"(18,)",15,16.633333333333333,1.0,16.633333333333333,,,12.833333333333334,"20.50,17.75,14.50,12.83",8,8,11.5,8193.0,0.0,32.8
70,10,55,7,"(12, 18)",15,16.633333333333333,1.0,16.633333333333333,,,12.833333333333334,"20.50,17.75,14.50,12.83",8,8,11.5,8193.0,0.0,32.8
95,0,50,7,"(14,)",23,16.630434782608695,0.6956521739130435,44.875,-47.92857142857143,2.1400894187779436,-3.0,"45.33,-3.00,12.83,10.30",6,9,-47.5,12241.5,-8738.0,46.65217391304348
70,7,55,8,"(18,)",18,16.61111111111111,1.0,16.61111111111111,,,12.25,"19.10,17.90,16.25,12.25",8,8,11.5,10376.0,0.0,34.666666666666664
70,7,55,8,"(12, 18)",18,16.61111111111111,1.0,16.61111111111111,,,12.25,"19.10,17.90,16.25,12.25",8,8,11.5,10376.0,0.0,34.666666666666664
70,8,55,8,"(18,)",18,16.61111111111111,1.0,16.61111111111111,,,12.25,"19.10,17.90,16.25,12.25",8,8,11.5,10376.0,0.0,34.666666666666664
70,8,55,8,"(12, 18)",18,16.61111111111111,1.0,16.61111111111111,,,12.25,"19.10,17.90,16.25,12.25",8,8,11.5,10376.0,0.0,34.666666666666664
99,5,50,10,"(3,)",19,16.605263157894736,0.6842105263157895,48.65384615384615,-52.833333333333336,1.9952681388012619,-12.5,"28.50,-12.50,29.30,22.25",5,8,-55.5,10573.5,-3932.0,33.0
99,5,50,10,"(3, 12)",19,16.605263157894736,0.6842105263157895,48.65384615384615,-52.833333333333336,1.9952681388012619,-12.5,"28.50,-12.50,29.30,22.25",5,8,-55.5,10573.5,-3932.0,33.0
70,6,55,10,"(3, 18)",19,16.605263157894736,1.0,16.605263157894736,,,14.5,"20.30,15.10,16.10,14.50",8,8,10.5,11131.5,0.0,35.10526315789474
70,6,55,10,"(3, 12, 18)",19,16.605263157894736,1.0,16.605263157894736,,,14.5,"20.30,15.10,16.10,14.50",8,8,10.5,11131.5,0.0,35.10526315789474
70,7,55,10,"(3, 18)",19,16.605263157894736,1.0,16.605263157894736,,,14.5,"20.30,15.10,16.10,14.50",8,8,10.5,11131.5,0.0,35.10526315789474
70,7,55,10,"(3, 12, 18)",19,16.605263157894736,1.0,16.605263157894736,,,14.5,"20.30,15.10,16.10,14.50",8,8,10.5,11131.5,0.0,35.10526315789474
70,8,55,10,"(3, 18)",19,16.605263157894736,1.0,16.605263157894736,,,14.5,"20.30,15.10,16.10,14.50",8,8,10.5,11131.5,0.0,35.10526315789474
70,8,55,10,"(3, 12, 18)",19,16.605263157894736,1.0,16.605263157894736,,,14.5,"20.30,15.10,16.10,14.50",8,8,10.5,11131.5,0.0,35.10526315789474
85,5,50,8,"(3, 18)",15,16.566666666666666,0.8,33.666666666666664,-51.833333333333336,2.598070739549839,-31.75,"35.50,-31.75,32.75,34.17",5,7,-8.0,7814.5,-4121.5,31.266666666666666
85,5,50,8,"(3, 12, 18)",15,16.566666666666666,0.8,33.666666666666664,-51.833333333333336,2.598070739549839,-31.75,"35.50,-31.75,32.75,34.17",5,7,-8.0,7814.5,-4121.5,31.266666666666666
90,4,50,6,"(12,)",15,16.566666666666666,0.7333333333333333,39.31818181818182,-46.0,2.3505434782608696,-6.75,"18.75,-6.75,19.75,40.50",6,9,-42.5,6653.0,-2970.0,30.933333333333334
95,4,50,8,"(3, 12, 18)",17,16.558823529411764,0.7058823529411765,44.583333333333336,-50.7,2.1104536489151875,-29.25,"27.90,-29.25,19.00,45.75",5,8,-42.5,8790.5,-3774.0,31.941176470588236
85,4,55,7,"(3, 12)",20,16.55,0.8,33.25,-50.25,2.646766169154229,-2.1,"19.90,-2.10,33.50,14.90",7,9,-59.5,11049.5,-3168.0,33.35
85,0,55,7,"(3, 12, 14, 18, 20)",20,16.55,0.8,34.0625,-53.5,2.546728971962617,-1.1,"36.70,-1.10,15.90,14.70",7,9,-59.5,12171.0,-4677.0,38.2
99,0,50,8,"(3, 12, 18)",21,16.547619047619047,0.6666666666666666,49.07142857142857,-48.5,2.023564064801178,-31.5,"35.17,-31.50,27.70,31.10",6,10,-42.5,10736.5,-5920.0,36.142857142857146
80,10,55,8,"(20,)",15,16.5,0.8666666666666667,27.423076923076923,-54.5,3.270642201834862,7.0,"30.50,7.25,7.00,22.83",7,8,-18.5,7910.0,-2142.0,33.2
85,5,55,6,(),15,16.5,0.8,32.416666666666664,-47.166666666666664,2.7491166077738516,-8.0,"32.75,-8.00,13.75,31.17",6,8,-42.5,6622.5,-3267.0,31.533333333333335
85,5,55,6,"(12,)",15,16.5,0.8,32.416666666666664,-47.166666666666664,2.7491166077738516,-8.0,"32.75,-8.00,13.75,31.17",6,8,-42.5,6622.5,-3267.0,31.533333333333335
85,5,55,6,"(14,)",15,16.5,0.8,32.416666666666664,-47.166666666666664,2.7491166077738516,-8.0,"32.75,-8.00,13.75,31.17",6,8,-42.5,6622.5,-3267.0,31.533333333333335
80,0,45,10,"(3, 12, 14, 18, 20)",15,16.5,0.8,32.666666666666664,-48.166666666666664,2.71280276816609,-8.25,"14.25,-8.25,29.75,34.83",7,8,-19.5,8541.5,-3800.0,33.266666666666666
85,0,47,10,"(3, 12)",20,16.5,0.75,37.766666666666666,-47.3,2.395348837209302,-31.3,"22.50,-31.30,35.30,39.50",7,10,-42.5,12312.5,-5092.5,34.05
99,5,55,10,"(3, 12, 14, 18, 20)",20,16.5,0.7,47.285714285714285,-55.333333333333336,1.9939759036144578,-14.5,"29.50,-14.50,25.70,25.30",6,8,-59.5,11445.0,-4317.5,34.7
70,10,55,10,"(3, 18)",17,16.5,1.0,16.5,,,12.75,"19.50,16.50,16.50,12.75",8,8,10.5,9485.0,0.0,33.76470588235294
70,10,55,10,"(3, 12, 18)",17,16.5,1.0,16.5,,,12.75,"19.50,16.50,16.50,12.75",8,8,10.5,9485.0,0.0,33.76470588235294
70,10,55,8,"(18,)",16,16.5,1.0,16.5,,,12.25,"20.50,17.75,15.50,12.25",8,8,11.5,8764.0,0.0,33.25
70,10,55,8,"(12, 18)",16,16.5,1.0,16.5,,,12.25,"20.50,17.75,15.50,12.25",8,8,11.5,8764.0,0.0,33.25
95,5,50,8,(),17,16.441176470588236,0.7058823529411765,44.416666666666664,-50.7,2.1025641025641026,-4.25,"25.10,-4.25,20.25,22.50",5,8,-42.5,8444.5,-4330.0,35.588235294117645
95,5,50,8,"(12,)",17,16.441176470588236,0.7058823529411765,44.416666666666664,-50.7,2.1025641025641026,-4.25,"25.10,-4.25,20.25,22.50",5,8,-42.5,8444.5,-4330.0,35.588235294117645
95,5,50,8,"(14,)",17,16.441176470588236,0.7058823529411765,44.416666666666664,-50.7,2.1025641025641026,-4.25,"25.10,-4.25,20.25,22.50",5,8,-42.5,8444.5,-4330.0,35.588235294117645
99,0,47,7,"(3, 18)",17,16.441176470588236,0.6470588235294118,50.86363636363637,-46.666666666666664,1.9982142857142857,-24.0,"33.70,-24.00,48.75,3.00",6,9,-47.0,7987.5,-5126.0,36.529411764705884
99,0,47,8,"(3, 18)",17,16.441176470588236,0.6470588235294118,50.86363636363637,-46.666666666666664,1.9982142857142857,-24.0,"33.70,-24.00,48.75,3.00",6,9,-47.0,7987.5,-5126.0,36.529411764705884
85,0,47,7,"(3, 12, 18)",16,16.4375,0.75,37.416666666666664,-46.5,2.413978494623656,-25.5,"17.75,-25.50,34.50,39.00",6,9,-42.5,8599.5,-4753.0,32.8125
85,0,47,8,"(3, 12, 18)",16,16.4375,0.75,37.416666666666664,-46.5,2.413978494623656,-25.5,"17.75,-25.50,34.50,39.00",6,9,-42.5,8599.5,-4753.0,32.8125
95,10,55,8,"(3, 18)",15,16.433333333333334,0.7333333333333333,41.86363636363637,-53.5,2.1518691588785046,-4.75,"45.50,-4.75,16.75,5.50",6,8,-59.5,7147.0,-4298.5,34.0
95,10,55,8,"(3, 12, 18)",15,16.433333333333334,0.7333333333333333,41.86363636363637,-53.5,2.1518691588785046,-4.75,"45.50,-4.75,16.75,5.50",6,8,-59.5,7147.0,-4298.5,34.0
70,7,55,10,"(18,)",20,16.4,1.0,16.4,,,14.1,"20.30,15.10,16.10,14.10",8,8,11.5,11682.5,0.0,35.55
70,7,55,10,"(12, 18)",20,16.4,1.0,16.4,,,14.1,"20.30,15.10,16.10,14.10",8,8,11.5,11682.5,0.0,35.55
70,8,55,10,"(18,)",20,16.4,1.0,16.4,,,14.1,"20.30,15.10,16.10,14.10",8,8,11.5,11682.5,0.0,35.55
70,8,55,10,"(12, 18)",20,16.4,1.0,16.4,,,14.1,"20.30,15.10,16.10,14.10",8,8,11.5,11682.5,0.0,35.55
75,0,50,8,"(3, 12, 14, 18, 20)",18,16.38888888888889,0.8888888888888888,24.3125,-47.0,4.138297872340425,-6.7,"26.70,-6.70,23.50,25.25",7,8,-0.8333333333333334,10073.0,-2490.0,34.55555555555556
80,0,50,8,"(3, 12, 14, 18, 20)",18,16.38888888888889,0.8333333333333334,29.7,-50.166666666666664,2.9601328903654487,-19.7,"31.70,-19.70,28.50,30.25",7,8,-21.5,10242.0,-4475.5,33.888888888888886
95,6,55,8,"(20,)",18,16.38888888888889,0.7222222222222222,42.96153846153846,-52.7,2.1195445920303606,-5.0,"25.10,23.70,-5.00,17.75",6,8,-21.5,9115.5,-3666.5,36.833333333333336
90,6,55,7,"(18,)",17,16.38235294117647,0.7647058823529411,36.88461538461539,-50.25,2.3855721393034828,12.75,"22.50,14.75,12.75,14.00",7,8,-23.166666666666668,7729.0,-3564.0,34.588235294117645
90,6,55,7,"(12, 18)",17,16.38235294117647,0.7647058823529411,36.88461538461539,-50.25,2.3855721393034828,12.75,"22.50,14.75,12.75,14.00",7,8,-23.166666666666668,7729.0,-3564.0,34.588235294117645
90,5,50,8,"(3,)",16,16.375,0.75,39.416666666666664,-52.75,2.241706161137441,-30.5,"40.50,-30.50,40.00,15.50",5,7,-5.5,8363.0,-4259.0,32.875
90,5,50,8,"(3, 12)",16,16.375,0.75,39.416666666666664,-52.75,2.241706161137441,-30.5,"40.50,-30.50,40.00,15.50",5,7,-5.5,8363.0,-4259.0,32.875
95,0,45,7,"(3, 18)",15,16.366666666666667,0.6666666666666666,47.3,-45.5,2.0791208791208793,-25.0,"27.50,-25.00,44.75,18.83",6,9,-42.5,6848.5,-4512.5,33.13333333333333
95,0,45,7,"(3, 12, 18)",15,16.366666666666667,0.6666666666666666,47.3,-45.5,2.0791208791208793,-25.0,"27.50,-25.00,44.75,18.83",6,9,-42.5,6848.5,-4512.5,33.13333333333333
95,0,45,8,"(3, 18)",15,16.366666666666667,0.6666666666666666,47.3,-45.5,2.0791208791208793,-25.0,"27.50,-25.00,44.75,18.83",6,9,-42.5,6848.5,-4512.5,33.13333333333333
95,0,45,8,"(3, 12, 18)",15,16.366666666666667,0.6666666666666666,47.3,-45.5,2.0791208791208793,-25.0,"27.50,-25.00,44.75,18.83",6,9,-42.5,6848.5,-4512.5,33.13333333333333
85,0,50,8,"(3, 12)",22,16.363636363636363,0.7727272727272727,35.44117647058823,-48.5,2.484536082474227,-23.0,"23.50,-23.00,34.50,36.90",7,10,-42.5,12941.5,-5728.0,33.86363636363637
95,0,45,10,"(3, 18)",18,16.333333333333332,0.6666666666666666,47.666666666666664,-46.333333333333336,2.0575539568345325,-10.5,"11.90,-10.50,44.75,27.00",6,10,-42.5,9091.5,-4621.5,33.166666666666664
95,0,45,10,"(3, 12, 18)",18,16.333333333333332,0.6666666666666666,47.666666666666664,-46.333333333333336,2.0575539568345325,-10.5,"11.90,-10.50,44.75,27.00",6,10,-42.5,9091.5,-4621.5,33.166666666666664
70,10,55,10,"(18,)",18,16.27777777777778,1.0,16.27777777777778,,,12.25,"19.50,16.90,15.50,12.25",8,8,11.5,9998.5,0.0,34.166666666666664
70,10,55,10,"(12, 18)",18,16.27777777777778,1.0,16.27777777777778,,,12.25,"19.50,16.90,15.50,12.25",8,8,11.5,9998.5,0.0,34.166666666666664
90,0,47,7,"(3, 12)",17,16.264705882352942,0.7058823529411765,42.0,-45.5,2.2153846153846155,-26.25,"26.50,-26.25,40.75,21.50",6,9,-42.5,8237.0,-4807.5,34.8235294117647
90,0,47,8,"(3, 12)",17,16.264705882352942,0.7058823529411765,42.0,-45.5,2.2153846153846155,-26.25,"26.50,-26.25,40.75,21.50",6,9,-42.5,8237.0,-4807.5,34.8235294117647
85,10,55,8,"(3,)",16,16.25,0.8125,32.19230769230769,-52.833333333333336,2.640378548895899,-9.75,"35.50,-9.75,32.75,6.50",7,8,-59.5,8069.5,-3366.0,32.8125
85,10,55,8,"(3, 12)",16,16.25,0.8125,32.19230769230769,-52.833333333333336,2.640378548895899,-9.75,"35.50,-9.75,32.75,6.50",7,8,-59.5,8069.5,-3366.0,32.8125
90,5,50,10,"(3, 12, 14, 18, 20)",16,16.25,0.75,39.333333333333336,-53.0,2.2264150943396226,-7.75,"40.50,-7.75,16.75,15.50",6,7,-20.166666666666668,8330.5,-3507.0,32.9375
95,0,50,6,"(3, 12)",16,16.25,0.6875,44.31818181818182,-45.5,2.142857142857143,-26.25,"22.50,-26.25,45.00,23.75",6,9,-42.5,6477.0,-3405.5,30.25
90,4,50,6,"(20,)",15,16.233333333333334,0.7333333333333333,39.31818181818182,-47.25,2.2883597883597884,-3.5,"18.75,15.25,-3.50,40.50",7,10,-54.5,6640.0,-3789.5,32.4
85,0,47,10,"(3, 18)",20,16.2,0.75,37.36666666666667,-47.3,2.3699788583509513,-31.3,"22.50,-31.30,34.50,39.10",7,10,-42.5,11710.0,-5092.5,33.5
99,0,47,10,"(12,)",22,16.181818181818183,0.6363636363636364,51.357142857142854,-45.375,1.980716253443526,0.5,"19.67,0.50,31.70,15.30",6,10,-42.5,10801.0,-5130.0,40.90909090909091
85,0,50,7,"(3, 18)",22,16.136363636363637,0.7727272727272727,35.029411764705884,-48.1,2.4760914760914763,-6.666666666666667,"21.33,-6.67,16.90,36.50",7,10,-42.5,12281.0,-4354.0,35.72727272727273
85,10,55,7,(),16,16.125,0.8125,32.03846153846154,-52.833333333333336,2.6277602523659307,-9.75,"35.50,-9.75,32.75,6.00",7,8,-16.0,7919.0,-3366.0,32.25
85,10,55,7,"(12,)",16,16.125,0.8125,32.03846153846154,-52.833333333333336,2.6277602523659307,-9.75,"35.50,-9.75,32.75,6.00",7,8,-16.0,7919.0,-3366.0,32.25
85,10,55,7,"(14,)",16,16.125,0.8125,32.03846153846154,-52.833333333333336,2.6277602523659307,-9.75,"35.50,-9.75,32.75,6.00",7,8,-16.0,7919.0,-3366.0,32.25
70,4,50,7,"(3, 12)",16,16.0625,0.9375,19.966666666666665,-42.5,7.047058823529412,3.25,"3.25,20.25,20.00,20.75",7,8,-42.5,8522.0,-1530.0,33.0
70,0,50,7,"(3, 12, 14, 18, 20)",16,16.0625,0.9375,20.1,-44.5,6.775280898876405,4.0,"20.50,4.00,19.50,20.25",7,8,-9.0,8763.5,-1735.5,34.4375
75,0,50,7,"(3, 12, 14, 18, 20)",16,16.0625,0.875,25.071428571428573,-47.0,3.734042553191489,-11.0,"25.50,-11.00,24.50,25.25",6,8,-6.5,8489.0,-2958.5,33.875
99,0,47,10,"(20,)",22,16.045454545454547,0.6363636363636364,51.357142857142854,-45.75,1.96448087431694,11.5,"19.67,16.83,11.50,15.30",7,10,-45.5,10932.0,-7660.5,43.27272727272727
99,4,50,6,"(18,)",15,16.033333333333335,0.6666666666666666,47.9,-47.7,2.008385744234801,-2.25,"25.50,-2.25,-0.25,49.50",6,10,-54.5,5900.0,-3456.0,31.2
90,5,55,8,"(3, 12, 14, 18, 20)",17,16.029411764705884,0.7647058823529411,37.96153846153846,-55.25,2.233031674208145,12.25,"21.10,13.50,16.00,12.25",6,8,-59.5,8818.5,-2675.0,33.705882352941174
90,7,55,8,"(20,)",17,16.029411764705884,0.7647058823529411,37.96153846153846,-55.25,2.233031674208145,9.75,"21.10,14.75,17.25,9.75",6,8,-13.5,8869.5,-2545.5,33.588235294117645
90,8,55,8,"(20,)",17,16.029411764705884,0.7647058823529411,37.96153846153846,-55.25,2.233031674208145,9.75,"21.10,14.75,17.25,9.75",6,8,-13.5,8869.5,-2545.5,33.588235294117645
95,4,55,6,"(18,)",17,16.029411764705884,0.7058823529411765,42.583333333333336,-47.7,2.142557651991614,-4.5,"25.70,-3.00,-4.50,43.50",7,10,-54.5,6864.0,-3456.0,30.705882352941178
85,7,55,7,"(18,)",16,16.0,0.8125,31.884615384615383,-52.833333333333336,2.6151419558359623,-9.75,"35.50,-9.75,32.25,6.00",7,8,-16.0,7794.0,-3366.0,32.0
85,7,55,7,"(12, 18)",16,16.0,0.8125,31.884615384615383,-52.833333333333336,2.6151419558359623,-9.75,"35.50,-9.75,32.25,6.00",7,8,-16.0,7794.0,-3366.0,32.0
85,8,55,7,"(18,)",16,16.0,0.8125,31.884615384615383,-52.833333333333336,2.6151419558359623,-9.75,"35.50,-9.75,32.25,6.00",7,8,-16.0,7794.0,-3366.0,32.0
85,8,55,7,"(12, 18)",16,16.0,0.8125,31.884615384615383,-52.833333333333336,2.6151419558359623,-9.75,"35.50,-9.75,32.25,6.00",7,8,-16.0,7794.0,-3366.0,32.0
70,4,50,10,"(3, 12, 18)",19,15.973684210526315,0.9473684210526315,19.22222222222222,-42.5,8.141176470588235,7.9,"7.90,17.90,18.30,20.75",7,8,-42.5,10560.0,-1530.0,34.31578947368421
99,4,50,8,"(12, 18)",18,15.944444444444445,0.6666666666666666,48.583333333333336,-49.333333333333336,1.9695945945945945,-13.1,"31.10,-13.10,22.75,26.50",5,9,-42.5,8258.0,-3828.5,33.22222222222222
90,4,55,6,"(3, 18)",16,15.9375,0.75,37.583333333333336,-49.0,2.3010204081632653,-6.75,"18.75,-6.75,13.25,38.50",7,9,-54.5,6951.5,-2970.0,29.4375
90,0,47,7,"(3, 18)",17,15.911764705882353,0.7058823529411765,41.5,-45.5,2.1890109890109892,-26.25,"26.50,-26.25,39.75,21.00",6,9,-42.5,7739.5,-4807.5,34.294117647058826
90,0,47,8,"(3, 18)",17,15.911764705882353,0.7058823529411765,41.5,-45.5,2.1890109890109892,-26.25,"26.50,-26.25,39.75,21.00",6,9,-42.5,7739.5,-4807.5,34.294117647058826
95,5,50,10,"(3, 18)",17,15.911764705882353,0.7058823529411765,44.333333333333336,-52.3,2.0344168260038242,-5.0,"26.30,-5.00,20.50,19.25",5,7,-18.5,8536.0,-4456.5,33.411764705882355
95,5,50,10,"(3, 12, 18)",17,15.911764705882353,0.7058823529411765,44.333333333333336,-52.3,2.0344168260038242,-5.0,"26.30,-5.00,20.50,19.25",5,7,-18.5,8536.0,-4456.5,33.411764705882355
90,0,50,7,"(3, 18)",22,15.909090909090908,0.7272727272727273,39.5,-47.0,2.2411347517730498,-4.166666666666667,"25.50,-4.17,20.90,23.50",6,10,-42.5,10571.5,-4556.5,37.40909090909091
85,5,55,7,(),20,15.9,0.8,32.4375,-50.25,2.582089552238806,-1.1,"34.10,-1.10,14.90,15.70",7,8,-24.833333333333332,9872.0,-3700.0,35.9
85,5,55,7,"(12,)",20,15.9,0.8,32.4375,-50.25,2.582089552238806,-1.1,"34.10,-1.10,14.90,15.70",7,8,-24.833333333333332,9872.0,-3700.0,35.9
85,5,55,7,"(14,)",20,15.9,0.8,32.4375,-50.25,2.582089552238806,-1.1,"34.10,-1.10,14.90,15.70",7,8,-24.833333333333332,9872.0,-3700.0,35.9
95,4,45,10,(),15,15.9,0.6666666666666666,47.3,-46.9,2.0170575692963753,-2.0,"2.00,-2.00,45.75,18.50",6,9,-42.5,6930.5,-2857.0,31.4
95,4,45,10,"(12,)",15,15.9,0.6666666666666666,47.3,-46.9,2.0170575692963753,-2.0,"2.00,-2.00,45.75,18.50",6,9,-42.5,6930.5,-2857.0,31.4
85,4,50,7,"(12,)",17,15.852941176470589,0.7647058823529411,34.88461538461539,-46.0,2.464673913043478,-9.25,"19.90,-9.25,35.75,16.00",6,9,-42.5,7860.5,-3168.0,33.23529411764706
70,4,50,8,"(3, 12)",18,15.833333333333334,0.9444444444444444,19.264705882352942,-42.5,7.705882352941177,7.9,"7.90,17.30,19.00,20.75",7,8,-42.5,9665.0,-1530.0,33.44444444444444
70,0,50,8,"(3, 12, 14, 18, 20)",18,15.833333333333334,0.9444444444444444,19.38235294117647,-44.5,7.404494382022472,4.3,"21.70,4.30,18.50,20.25",7,8,-1.5,9936.5,-1735.5,34.833333333333336
70,0,47,10,"(3,)",21,15.833333333333334,0.9047619047619048,22.07894736842105,-43.5,4.82183908045977,7.5,"12.00,7.50,20.50,24.10",9,10,-42.5,12730.0,-1716.5,36.95238095238095
85,4,50,8,"(3, 12)",18,15.833333333333334,0.7777777777777778,34.5,-49.5,2.4393939393939394,-18.7,"19.90,-18.70,34.00,35.75",5,8,-42.5,8943.0,-3966.0,30.666666666666668
95,6,55,8,"(3,)",18,15.833333333333334,0.7222222222222222,42.73076923076923,-54.1,2.053604436229205,4.9,"25.10,4.90,18.00,15.75",6,8,-59.5,8997.5,-3997.0,33.611111111111114
95,6,55,8,"(3, 12)",18,15.833333333333334,0.7222222222222222,42.73076923076923,-54.1,2.053604436229205,4.9,"25.10,4.90,18.00,15.75",6,8,-59.5,8997.5,-3997.0,33.611111111111114
95,7,55,8,"(3,)",18,15.833333333333334,0.7222222222222222,42.73076923076923,-54.1,2.053604436229205,4.9,"25.10,4.90,18.00,15.75",6,8,-59.5,8997.5,-3997.0,33.611111111111114
95,7,55,8,"(3, 12)",18,15.833333333333334,0.7222222222222222,42.73076923076923,-54.1,2.053604436229205,4.9,"25.10,4.90,18.00,15.75",6,8,-59.5,8997.5,-3997.0,33.611111111111114
95,8,55,8,"(3,)",18,15.833333333333334,0.7222222222222222,42.73076923076923,-54.1,2.053604436229205,4.9,"25.10,4.90,18.00,15.75",6,8,-59.5,8997.5,-3997.0,33.611111111111114
95,8,55,8,"(3, 12)",18,15.833333333333334,0.7222222222222222,42.73076923076923,-54.1,2.053604436229205,4.9,"25.10,4.90,18.00,15.75",6,8,-59.5,8997.5,-3997.0,33.611111111111114
95,0,47,10,"(3,)",21,15.833333333333334,0.6666666666666666,47.357142857142854,-47.214285714285715,2.006051437216339,-10.5,"17.00,-10.50,45.50,11.10",6,10,-47.0,10867.5,-5009.5,36.333333333333336
85,5,55,8,"(20,)",20,15.8,0.8,32.75,-52.0,2.519230769230769,14.5,"17.10,14.50,15.90,15.70",6,8,-24.833333333333332,10253.0,-3802.0,36.0
95,0,47,10,"(14,)",21,15.785714285714286,0.6666666666666666,47.357142857142854,-47.357142857142854,2.0,7.1,"16.67,7.10,26.30,12.90",6,9,-47.5,10933.5,-5690.5,41.57142857142857
95,0,47,7,"(3,)",18,15.777777777777779,0.6666666666666666,47.0,-46.666666666666664,2.0142857142857142,-11.3,"30.50,-11.30,46.00,1.00",6,9,-47.0,8371.0,-4938.0,36.333333333333336
95,0,47,8,"(3,)",18,15.777777777777779,0.6666666666666666,47.0,-46.666666666666664,2.0142857142857142,-11.3,"30.50,-11.30,46.00,1.00",6,9,-47.0,8371.0,-4938.0,36.333333333333336
90,4,50,6,"(3,)",15,15.766666666666667,0.7333333333333333,39.31818181818182,-49.0,2.2066326530612246,-6.75,"18.75,-6.75,16.75,40.50",6,9,-54.5,6736.5,-2970.0,30.2
90,4,50,6,"(14,)",15,15.766666666666667,0.7333333333333333,39.31818181818182,-49.0,2.2066326530612246,-5.5,"37.75,-5.50,-3.50,40.50",6,9,-54.5,6713.0,-3789.5,32.93333333333333
99,0,47,7,"(12,)",19,15.763157894736842,0.631578947368421,51.0,-44.642857142857146,1.9584,-9.7,"33.70,-9.70,31.70,5.25",6,9,-42.5,7941.0,-5126.0,40.421052631578945
99,0,47,8,"(12,)",19,15.763157894736842,0.631578947368421,51.0,-44.642857142857146,1.9584,-9.7,"33.70,-9.70,31.70,5.25",6,9,-42.5,7941.0,-5126.0,40.421052631578945
70,0,47,10,"(3, 12)",20,15.75,0.9,22.333333333333332,-43.5,4.620689655172414,7.7,"10.50,7.70,20.30,24.50",9,10,-42.5,11867.0,-1716.5,36.5
90,0,47,10,"(3, 12)",20,15.75,0.7,42.357142857142854,-46.333333333333336,2.133093525179856,-30.3,"26.50,-30.30,40.30,26.50",6,10,-42.5,10161.5,-5070.5,34.75
95,4,55,8,"(3, 12, 18)",21,15.738095238095237,0.7142857142857143,42.9,-52.166666666666664,2.0559105431309903,3.9,"13.83,3.90,22.70,22.90",6,9,-59.5,10519.5,-3774.0,32.42857142857143
90,10,55,8,(),17,15.735294117647058,0.7647058823529411,37.03846153846154,-53.5,2.25,9.75,"22.50,14.75,14.25,9.75",7,8,-13.5,8055.0,-4298.5,33.64705882352941
90,10,55,8,"(12,)",17,15.735294117647058,0.7647058823529411,37.03846153846154,-53.5,2.25,9.75,"22.50,14.75,14.25,9.75",7,8,-13.5,8055.0,-4298.5,33.64705882352941
90,10,55,8,"(14,)",17,15.735294117647058,0.7647058823529411,37.03846153846154,-53.5,2.25,9.75,"22.50,14.75,14.25,9.75",7,8,-13.5,8055.0,-4298.5,33.64705882352941
95,0,47,7,"(14,)",18,15.722222222222221,0.6666666666666666,47.0,-46.833333333333336,2.00711743772242,3.25,"30.10,6.50,21.75,3.25",6,8,-47.5,8437.5,-5556.5,41.166666666666664
95,0,47,8,"(14,)",18,15.722222222222221,0.6666666666666666,47.0,-46.833333333333336,2.00711743772242,3.25,"30.10,6.50,21.75,3.25",6,8,-47.5,8437.5,-5556.5,41.166666666666664
85,0,47,7,"(20,)",19,15.710526315789474,0.7368421052631579,37.142857142857146,-44.3,2.3476297968397293,-1.75,"22.50,1.50,37.10,-1.75",6,9,-42.5,9215.5,-3466.0,39.63157894736842
85,0,47,8,"(20,)",19,15.710526315789474,0.7368421052631579,37.142857142857146,-44.3,2.3476297968397293,-1.75,"22.50,1.50,37.10,-1.75",6,9,-42.5,9215.5,-3466.0,39.63157894736842
70,0,45,10,"(3,)",19,15.657894736842104,0.8947368421052632,22.61764705882353,-43.5,4.419540229885057,7.5,"10.90,7.50,20.50,25.75",9,10,-42.5,10965.0,-1675.5,35.68421052631579
70,0,45,10,"(3, 12)",19,15.657894736842104,0.8947368421052632,22.61764705882353,-43.5,4.419540229885057,7.5,"10.90,7.50,20.50,25.75",9,10,-42.5,10965.0,-1675.5,35.68421052631579
85,0,45,10,"(3,)",19,15.657894736842104,0.7368421052631579,38.142857142857146,-47.3,2.2579281183932345,-14.5,"5.90,-14.50,35.50,40.75",7,10,-42.5,10457.0,-4827.0,32.0
85,0,45,10,"(3, 12)",19,15.657894736842104,0.7368421052631579,38.142857142857146,-47.3,2.2579281183932345,-14.5,"5.90,-14.50,35.50,40.75",7,10,-42.5,10457.0,-4827.0,32.0
70,0,55,10,"(3, 12, 14, 18, 20)",26,15.653846153846153,0.9615384615384616,18.06,-44.5,10.146067415730338,11.928571428571429,"11.93,15.64,17.33,18.33",9,9,3.75,16479.0,-1780.0,39.23076923076923
90,4,55,7,"(3, 18)",20,15.65,0.75,37.9,-51.1,2.2250489236790605,0.9,"23.90,0.90,18.90,18.90",7,10,-59.5,9665.0,-4029.5,33.3
99,0,47,7,"(20,)",19,15.605263157894736,0.631578947368421,51.0,-45.07142857142857,1.9397781299524564,5.25,"33.70,9.90,11.50,5.25",7,9,-45.5,7965.0,-7660.5,43.05263157894737
99,0,47,8,"(20,)",19,15.605263157894736,0.631578947368421,51.0,-45.07142857142857,1.9397781299524564,5.25,"33.70,9.90,11.50,5.25",7,9,-45.5,7965.0,-7660.5,43.05263157894737
99,4,50,10,"(3, 12)",21,15.595238095238095,0.6666666666666666,49.07142857142857,-51.357142857142854,1.9109874826147426,-12.5,"16.67,-12.50,29.30,28.70",5,8,-49.0,10800.0,-4993.0,31.047619047619047
95,4,55,8,"(12,)",24,15.583333333333334,0.7083333333333334,42.911764705882355,-50.785714285714285,2.052039381153305,9.833333333333334,"13.83,10.50,9.83,28.17",6,9,-42.5,11889.5,-3774.0,34.541666666666664
70,4,50,7,"(3, 12, 18)",15,15.566666666666666,0.9333333333333333,19.714285714285715,-42.5,6.4941176470588236,3.25,"3.25,20.25,19.50,20.50",7,8,-42.5,7417.0,-1530.0,32.0
99,6,50,8,(),15,15.566666666666666,0.6666666666666666,48.7,-50.7,1.921104536489152,-2.25,"24.75,-2.25,23.25,16.83",4,7,-42.5,6686.0,-3941.5,34.666666666666664
99,6,50,8,"(12,)",15,15.566666666666666,0.6666666666666666,48.7,-50.7,1.921104536489152,-2.25,"24.75,-2.25,23.25,16.83",4,7,-42.5,6686.0,-3941.5,34.666666666666664
99,6,50,8,"(14,)",15,15.566666666666666,0.6666666666666666,48.7,-50.7,1.921104536489152,-2.25,"24.75,-2.25,23.25,16.83",4,7,-42.5,6686.0,-3941.5,34.666666666666664
85,10,55,8,"(18,)",16,15.5625,0.8125,31.346153846153847,-52.833333333333336,2.5709779179810726,-9.75,"35.50,-9.75,30.50,6.00",7,8,-16.0,7253.5,-3366.0,31.4375
85,10,55,8,"(12, 18)",16,15.5625,0.8125,31.346153846153847,-52.833333333333336,2.5709779179810726,-9.75,"35.50,-9.75,30.50,6.00",7,8,-16.0,7253.5,-3366.0,31.4375
95,4,50,6,(),16,15.5625,0.6875,44.31818181818182,-47.7,2.0440251572327046,-4.25,"22.50,-4.25,20.50,23.50",6,10,-54.5,6480.0,-3650.0,31.75
85,4,50,7,"(20,)",17,15.558823529411764,0.7647058823529411,34.88461538461539,-47.25,2.3994708994708995,11.5,"19.90,11.50,13.75,16.00",7,10,-54.5,7908.0,-4177.5,35.05882352941177
90,4,50,7,(),18,15.555555555555555,0.7222222222222222,39.88461538461539,-47.7,2.1740041928721174,2.3,"23.90,2.30,17.50,19.75",6,10,-54.5,8100.0,-4123.0,34.55555555555556
95,0,55,7,"(3, 12)",27,15.537037037037036,0.7037037037037037,43.39473684210526,-50.625,2.0358024691358025,2.642857142857143,"32.50,2.64,14.50,12.00",7,10,-50.5,13990.5,-10751.5,41.51851851851852
95,4,47,10,"(18,)",15,15.5,0.6666666666666666,46.7,-46.9,1.9914712153518124,-25.5,"25.25,-25.50,44.50,18.50",6,9,-42.5,6404.0,-3161.0,32.266666666666666
95,4,47,10,"(12, 18)",15,15.5,0.6666666666666666,46.7,-46.9,1.9914712153518124,-25.5,"25.25,-25.50,44.50,18.50",6,9,-42.5,6404.0,-3161.0,32.266666666666666
99,4,55,8,(),25,15.5,0.68,46.911764705882355,-51.25,1.9451219512195121,-3.0,"20.21,12.50,-3.00,31.50",6,10,-54.5,12111.0,-5230.0,35.6
95,0,50,8,"(3, 12)",22,15.454545454545455,0.6818181818181818,45.3,-48.5,2.0014727540500736,-19.666666666666668,"31.83,-19.67,25.50,27.90",6,10,-42.5,10707.0,-5826.0,35.81818181818182
95,4,55,10,"(3, 12, 14, 18, 20)",21,15.452380952380953,0.7142857142857143,43.766666666666666,-55.333333333333336,1.9774096385542168,2.5,"12.50,2.50,24.50,22.90",6,8,-59.5,11709.0,-4385.0,33.904761904761905
70,0,47,10,"(3, 18)",20,15.45,0.9,22.0,-43.5,4.551724137931035,7.7,"10.50,7.70,19.50,24.10",9,10,-42.5,11377.0,-1716.5,35.9
90,0,47,10,"(3, 18)",20,15.45,0.7,41.92857142857143,-46.333333333333336,2.1115107913669067,-30.3,"26.50,-30.30,39.50,26.10",6,10,-42.5,9623.5,-5070.5,34.25
70,5,50,10,"(18,)",18,15.444444444444445,0.9444444444444444,18.852941176470587,-42.5,7.541176470588235,3.75,"20.30,18.10,17.75,3.75",7,8,-42.5,9167.0,-2550.0,37.44444444444444
70,5,50,10,"(12, 18)",18,15.444444444444445,0.9444444444444444,18.852941176470587,-42.5,7.541176470588235,3.75,"20.30,18.10,17.75,3.75",7,8,-42.5,9167.0,-2550.0,37.44444444444444
80,4,50,7,"(3, 12)",16,15.4375,0.8125,29.884615384615383,-47.166666666666664,2.745583038869258,-9.75,"10.75,-9.75,30.00,30.75",6,8,-42.5,7556.0,-3019.5,31.25
70,5,50,7,(),15,15.433333333333334,0.9333333333333333,19.571428571428573,-42.5,6.447058823529412,-2.1666666666666665,"20.50,18.25,20.75,-2.17",7,8,-42.5,7316.0,-2295.0,35.733333333333334
70,5,50,7,"(12,)",15,15.433333333333334,0.9333333333333333,19.571428571428573,-42.5,6.447058823529412,-2.1666666666666665,"20.50,18.25,20.75,-2.17",7,8,-42.5,7316.0,-2295.0,35.733333333333334
70,5,50,7,"(14,)",15,15.433333333333334,0.9333333333333333,19.571428571428573,-42.5,6.447058823529412,-2.1666666666666665,"20.50,18.25,20.75,-2.17",7,8,-42.5,7316.0,-2295.0,35.733333333333334
99,0,50,10,"(3, 12)",26,15.423076923076923,0.6538461538461539,49.794117647058826,-49.5,1.9001122334455667,-22.357142857142858,"22.21,-22.36,31.83,35.17",6,10,-49.0,13759.0,-7159.0,34.76923076923077
85,4,55,7,"(3, 12, 18)",19,15.394736842105264,0.7894736842105263,32.9,-50.25,2.455223880597015,-2.1,"19.90,-2.10,13.90,33.50",7,9,-59.5,9100.5,-3168.0,31.94736842105263
70,4,50,8,"(3, 12, 18)",17,15.382352941176471,0.9411764705882353,19.0,-42.5,7.152941176470589,7.9,"7.90,17.00,17.75,20.75",7,8,-42.5,8504.5,-1530.0,32.411764705882355
85,10,55,7,"(3,)",15,15.366666666666667,0.8,32.416666666666664,-52.833333333333336,2.454258675078864,-9.75,"35.50,-9.75,32.75,-1.17",7,8,-59.5,6955.5,-3366.0,32.06666666666667
85,10,55,7,"(3, 12)",15,15.366666666666667,0.8,32.416666666666664,-52.833333333333336,2.454258675078864,-9.75,"35.50,-9.75,32.75,-1.17",7,8,-59.5,6955.5,-3366.0,32.06666666666667
85,0,45,7,"(3, 18)",15,15.366666666666667,0.7333333333333333,37.86363636363637,-46.5,2.239247311827957,-27.5,"20.00,-27.50,34.75,40.50",6,9,-42.5,7188.0,-4513.5,31.2
85,0,45,7,"(3, 12, 18)",15,15.366666666666667,0.7333333333333333,37.86363636363637,-46.5,2.239247311827957,-27.5,"20.00,-27.50,34.75,40.50",6,9,-42.5,7188.0,-4513.5,31.2
85,0,45,8,"(3, 18)",15,15.366666666666667,0.7333333333333333,37.86363636363637,-46.5,2.239247311827957,-27.5,"20.00,-27.50,34.75,40.50",6,9,-42.5,7188.0,-4513.5,31.2
85,0,45,8,"(3, 12, 18)",15,15.366666666666667,0.7333333333333333,37.86363636363637,-46.5,2.239247311827957,-27.5,"20.00,-27.50,34.75,40.50",6,9,-42.5,7188.0,-4513.5,31.2
80,0,50,7,"(3, 12)",20,15.35,0.8,30.8125,-46.5,2.650537634408602,-16.7,"15.90,-16.70,30.30,31.90",7,10,-42.5,10343.0,-4471.5,33.6
95,0,45,10,"(20,)",20,15.35,0.65,47.73076923076923,-44.785714285714285,1.9792663476874004,8.1,"11.90,8.10,28.50,12.90",7,10,-42.5,8887.0,-4532.0,38.9
70,0,47,10,"(3, 12, 18)",19,15.342105263157896,0.8947368421052632,22.264705882352942,-43.5,4.350574712643678,7.7,"10.50,7.70,19.50,25.75",9,10,-42.5,10563.5,-1716.5,35.526315789473685
85,0,47,10,"(3, 12, 18)",19,15.342105263157896,0.7368421052631579,37.714285714285715,-47.3,2.2325581395348837,-31.3,"22.50,-31.30,34.50,40.75",7,10,-42.5,10213.5,-5092.5,33.0
99,5,50,10,"(18,)",18,15.333333333333334,0.6666666666666666,48.333333333333336,-50.666666666666664,1.9078947368421053,-12.3,"29.50,-12.30,22.00,25.50",5,8,-42.5,8059.0,-4366.0,35.333333333333336
99,5,50,10,"(12, 18)",18,15.333333333333334,0.6666666666666666,48.333333333333336,-50.666666666666664,1.9078947368421053,-12.3,"29.50,-12.30,22.00,25.50",5,8,-42.5,8059.0,-4366.0,35.333333333333336
85,0,50,8,"(3, 12, 18)",21,15.30952380952381,0.7619047619047619,35.25,-48.5,2.325773195876289,-34.3,"23.50,-34.30,33.50,36.90",7,10,-42.5,10734.0,-5728.0,32.666666666666664
85,5,55,8,"(3,)",20,15.3,0.8,32.5625,-53.75,2.4232558139534883,-2.1,"17.10,-2.10,32.10,14.10",6,8,-59.5,10236.0,-4121.5,32.8
85,5,55,8,"(3, 12)",20,15.3,0.8,32.5625,-53.75,2.4232558139534883,-2.1,"17.10,-2.10,32.10,14.10",6,8,-59.5,10236.0,-4121.5,32.8
90,5,55,8,"(20,)",20,15.3,0.75,37.96666666666667,-52.7,2.161290322580645,1.9,"21.10,18.50,1.90,19.70",6,8,-23.166666666666668,9561.5,-3922.5,36.15
99,4,50,8,"(3, 18)",18,15.277777777777779,0.6666666666666666,48.583333333333336,-51.333333333333336,1.8928571428571428,-13.1,"31.10,-13.10,22.75,23.50",5,9,-54.5,8381.0,-3828.5,32.666666666666664
99,4,55,8,"(3, 18)",22,15.272727272727273,0.6818181818181818,46.9,-52.5,1.9142857142857144,5.5,"16.50,13.17,5.50,26.10",6,10,-59.5,10407.0,-3940.0,33.27272727272727
70,5,50,8,(),17,15.264705882352942,0.9411764705882353,18.875,-42.5,7.105882352941176,3.75,"19.10,18.25,19.00,3.75",7,8,-42.5,8412.0,-2422.5,36.470588235294116
70,5,50,8,"(12,)",17,15.264705882352942,0.9411764705882353,18.875,-42.5,7.105882352941176,3.75,"19.10,18.25,19.00,3.75",7,8,-42.5,8412.0,-2422.5,36.470588235294116
70,5,50,8,"(14,)",17,15.264705882352942,0.9411764705882353,18.875,-42.5,7.105882352941176,3.75,"19.10,18.25,19.00,3.75",7,8,-42.5,8412.0,-2422.5,36.470588235294116
85,6,55,7,"(3, 18)",15,15.233333333333333,0.8,32.25,-52.833333333333336,2.441640378548896,-9.75,"35.50,-9.75,32.25,-1.17",7,8,-59.5,6829.5,-3366.0,31.8
85,6,55,7,"(3, 12, 18)",15,15.233333333333333,0.8,32.25,-52.833333333333336,2.441640378548896,-9.75,"35.50,-9.75,32.25,-1.17",7,8,-59.5,6829.5,-3366.0,31.8
85,7,55,7,"(3, 18)",15,15.233333333333333,0.8,32.25,-52.833333333333336,2.441640378548896,-9.75,"35.50,-9.75,32.25,-1.17",7,8,-59.5,6829.5,-3366.0,31.8
85,7,55,7,"(3, 12, 18)",15,15.233333333333333,0.8,32.25,-52.833333333333336,2.441640378548896,-9.75,"35.50,-9.75,32.25,-1.17",7,8,-59.5,6829.5,-3366.0,31.8
85,8,55,7,"(3, 18)",15,15.233333333333333,0.8,32.25,-52.833333333333336,2.441640378548896,-9.75,"35.50,-9.75,32.25,-1.17",7,8,-59.5,6829.5,-3366.0,31.8
85,8,55,7,"(3, 12, 18)",15,15.233333333333333,0.8,32.25,-52.833333333333336,2.441640378548896,-9.75,"35.50,-9.75,32.25,-1.17",7,8,-59.5,6829.5,-3366.0,31.8
95,0,50,7,"(3, 18)",22,15.227272727272727,0.6818181818181818,44.63333333333333,-47.785714285714285,2.001494768310912,-1.6666666666666667,"29.67,-1.67,24.90,8.50",6,10,-47.0,9457.5,-6839.5,38.68181818181818
70,0,45,10,"(3, 18)",18,15.222222222222221,0.8888888888888888,22.5625,-43.5,4.149425287356322,7.5,"10.90,7.50,19.75,25.75",9,10,-42.5,9727.0,-1675.5,34.77777777777778
70,0,45,10,"(3, 12, 18)",18,15.222222222222221,0.8888888888888888,22.5625,-43.5,4.149425287356322,7.5,"10.90,7.50,19.75,25.75",9,10,-42.5,9727.0,-1675.5,34.77777777777778
95,7,55,8,"(18,)",18,15.222222222222221,0.7222222222222222,41.88461538461539,-54.1,2.0129390018484288,4.9,"25.10,4.90,17.50,13.50",6,8,-11.0,8231.0,-3997.0,32.0
95,7,55,8,"(12, 18)",18,15.222222222222221,0.7222222222222222,41.88461538461539,-54.1,2.0129390018484288,4.9,"25.10,4.90,17.50,13.50",6,8,-11.0,8231.0,-3997.0,32.0
95,8,55,8,"(18,)",18,15.222222222222221,0.7222222222222222,41.88461538461539,-54.1,2.0129390018484288,4.9,"25.10,4.90,17.50,13.50",6,8,-11.0,8231.0,-3997.0,32.0
95,8,55,8,"(12, 18)",18,15.222222222222221,0.7222222222222222,41.88461538461539,-54.1,2.0129390018484288,4.9,"25.10,4.90,17.50,13.50",6,8,-11.0,8231.0,-3997.0,32.0
95,0,45,7,"(20,)",17,15.205882352941176,0.6470588235294118,47.40909090909091,-43.833333333333336,1.9828897338403042,3.25,"13.10,20.50,24.50,3.25",7,9,-42.5,6629.5,-4616.0,39.0
95,0,45,8,"(20,)",17,15.205882352941176,0.6470588235294118,47.40909090909091,-43.833333333333336,1.9828897338403042,3.25,"13.10,20.50,24.50,3.25",7,9,-42.5,6629.5,-4616.0,39.0
99,0,55,7,"(20,)",30,15.2,0.6666666666666666,47.3,-49.0,1.9306122448979592,-9.642857142857142,"36.75,23.12,-9.64,6.36",7,10,-42.5,13970.0,-17437.0,50.8
70,5,50,10,"(3,)",19,15.18421052631579,0.9473684210526315,19.11111111111111,-55.5,6.198198198198198,5.3,"5.30,17.90,20.10,18.00",7,8,-55.5,10498.0,-1443.0,33.78947368421053
70,5,50,10,"(3, 12)",19,15.18421052631579,0.9473684210526315,19.11111111111111,-55.5,6.198198198198198,5.3,"5.30,17.90,20.10,18.00",7,8,-55.5,10498.0,-1443.0,33.78947368421053
95,0,50,7,"(12, 18)",21,15.166666666666666,0.6666666666666666,45.07142857142857,-44.642857142857146,2.0192,-12.3,"31.83,-12.30,27.50,10.30",7,10,-42.5,7912.0,-4616.0,39.714285714285715
85,4,50,7,"(3,)",17,15.147058823529411,0.7647058823529411,34.88461538461539,-49.0,2.313775510204082,-9.25,"19.90,-9.25,35.75,13.00",6,9,-54.5,7950.5,-3168.0,32.529411764705884
85,4,50,7,"(14,)",17,15.147058823529411,0.7647058823529411,34.88461538461539,-49.0,2.313775510204082,-8.0,"34.10,-8.00,13.75,16.00",6,9,-54.5,7936.0,-4177.5,35.411764705882355
95,4,50,8,"(12,)",19,15.131578947368421,0.6842105263157895,44.88461538461539,-49.333333333333336,1.9712837837837838,-14.7,"27.90,-14.70,25.50,23.50",5,9,-42.5,8449.5,-3774.0,33.21052631578947
95,5,55,8,"(18,)",21,15.119047619047619,0.7142857142857143,42.03333333333333,-52.166666666666664,2.0143769968051117,2.1,"27.33,4.90,2.10,23.70",6,8,-21.5,9273.5,-4330.0,34.714285714285715
95,5,55,8,"(12, 18)",21,15.119047619047619,0.7142857142857143,42.03333333333333,-52.166666666666664,2.0143769968051117,2.1,"27.33,4.90,2.10,23.70",6,8,-21.5,9273.5,-4330.0,34.714285714285715
85,6,55,8,"(3, 12, 14, 18, 20)",15,15.1,0.8,32.666666666666664,-55.166666666666664,2.3685800604229605,-1.1666666666666667,"14.25,9.75,33.50,-1.17",6,8,-59.5,7034.5,-2538.0,31.533333333333335
85,7,55,8,"(3, 12, 14, 18, 20)",15,15.1,0.8,32.666666666666664,-55.166666666666664,2.3685800604229605,-1.1666666666666667,"14.25,9.75,33.50,-1.17",6,8,-59.5,7034.5,-2538.0,31.533333333333335
85,8,55,8,"(3, 12, 14, 18, 20)",15,15.1,0.8,32.666666666666664,-55.166666666666664,2.3685800604229605,-1.1666666666666667,"14.25,9.75,33.50,-1.17",6,8,-59.5,7034.5,-2538.0,31.533333333333335
95,4,55,8,"(14,)",24,15.083333333333334,0.7083333333333334,42.911764705882355,-52.5,1.985034013605442,-5.0,"27.33,9.83,-5.00,28.17",6,9,-54.5,11879.0,-5717.5,36.833333333333336
99,0,55,7,"(12,)",30,15.066666666666666,0.6666666666666666,47.1,-49.0,1.9224489795918367,4.928571428571429,"25.88,20.75,4.93,6.36",7,10,-42.5,13657.5,-13086.5,46.766666666666666
90,4,55,7,(),23,15.065217391304348,0.7391304347826086,37.911764705882355,-49.666666666666664,2.162751677852349,6.5,"25.50,6.50,7.17,22.30",7,10,-54.5,10491.5,-5523.0,35.17391304347826
70,4,55,7,"(3, 12)",20,15.05,0.95,18.07894736842105,-42.5,8.08235294117647,7.9,"7.90,16.90,18.50,16.90",8,9,-42.5,10246.0,-1530.0,33.5
70,0,55,7,"(3, 12, 14, 18, 20)",20,15.05,0.95,18.18421052631579,-44.5,7.764044943820225,3.9,"21.70,3.90,17.90,16.70",8,9,-9.0,10491.0,-1735.5,34.8
75,5,50,10,"(3, 18)",17,15.029411764705882,0.8823529411764706,23.633333333333333,-49.5,3.580808080808081,3.75,"25.30,3.75,5.50,23.00",6,7,-13.0,8099.0,-3762.0,33.64705882352941
75,5,50,10,"(3, 12, 18)",17,15.029411764705882,0.8823529411764706,23.633333333333333,-49.5,3.580808080808081,3.75,"25.30,3.75,5.50,23.00",6,7,-13.0,8099.0,-3762.0,33.64705882352941
80,4,50,10,"(3, 12, 14, 18, 20)",17,15.029411764705882,0.8235294117647058,29.428571428571427,-52.166666666666664,2.63258785942492,-12.5,"14.30,-12.50,27.75,30.75",6,7,-23.5,8559.0,-3190.5,31.41176470588235
70,0,50,10,"(3, 12, 18)",24,15.0,0.9166666666666666,20.318181818181817,-43.5,5.137931034482759,7.5,"11.00,7.50,18.83,22.67",9,10,-42.5,13777.5,-1777.0,36.708333333333336
70,4,55,8,"(3, 12)",22,14.954545454545455,0.9545454545454546,17.69047619047619,-42.5,8.741176470588234,8.833333333333334,"8.83,17.17,17.70,16.90",8,9,-42.5,11529.0,-1530.0,34.27272727272727
70,0,55,8,"(3, 12, 14, 18, 20)",22,14.954545454545455,0.9545454545454546,17.785714285714285,-44.5,8.393258426966293,10.666666666666666,"10.67,16.00,17.10,16.70",8,9,-1.5,11777.5,-1735.5,35.5
70,5,50,8,"(20,)",16,14.9375,0.9375,18.766666666666666,-42.5,6.623529411764705,3.75,"20.50,16.50,19.00,3.75",7,8,-42.5,7485.0,-2337.5,35.5
75,5,50,8,"(20,)",16,14.9375,0.875,23.642857142857142,-46.0,3.597826086956522,2.75,"25.50,2.75,24.00,7.50",6,8,-42.5,7127.5,-2210.0,34.4375
90,0,45,7,"(3,)",16,14.9375,0.6875,42.40909090909091,-45.5,2.0505494505494504,-26.25,"23.75,-26.25,40.75,21.50",6,9,-42.5,6810.0,-4445.5,32.75
90,0,45,7,"(3, 12)",16,14.9375,0.6875,42.40909090909091,-45.5,2.0505494505494504,-26.25,"23.75,-26.25,40.75,21.50",6,9,-42.5,6810.0,-4445.5,32.75
90,0,45,8,"(3,)",16,14.9375,0.6875,42.40909090909091,-45.5,2.0505494505494504,-26.25,"23.75,-26.25,40.75,21.50",6,9,-42.5,6810.0,-4445.5,32.75
90,0,45,8,"(3, 12)",16,14.9375,0.6875,42.40909090909091,-45.5,2.0505494505494504,-26.25,"23.75,-26.25,40.75,21.50",6,9,-42.5,6810.0,-4445.5,32.75
80,0,50,10,"(3, 12, 14, 18, 20)",21,14.928571428571429,0.8095238095238095,30.264705882352942,-50.25,2.5597014925373136,-18.9,"18.00,-18.90,28.50,31.50",7,8,-28.75,11219.0,-5028.5,33.523809523809526
99,6,55,8,"(18,)",19,14.921052631578947,0.6842105263157895,45.88461538461539,-52.166666666666664,1.9057507987220448,4.5,"28.30,7.30,4.50,20.75",6,8,-20.166666666666668,7721.5,-3941.5,33.94736842105263
99,6,55,8,"(12, 18)",19,14.921052631578947,0.6842105263157895,45.88461538461539,-52.166666666666664,1.9057507987220448,4.5,"28.30,7.30,4.50,20.75",6,8,-20.166666666666668,7721.5,-3941.5,33.94736842105263
85,0,50,7,"(20,)",24,14.916666666666666,0.75,35.22222222222222,-46.0,2.2971014492753623,7.166666666666667,"21.33,7.17,20.33,10.83",7,10,-42.5,11421.0,-3060.0,41.833333333333336
90,0,50,7,"(20,)",24,14.916666666666666,0.7083333333333334,39.73529411764706,-45.357142857142854,2.1275590551181103,-0.8333333333333334,"25.50,10.50,24.50,-0.83",6,10,-42.5,10036.0,-6262.5,43.333333333333336
70,6,50,8,(),15,14.9,0.9333333333333333,19.0,-42.5,6.258823529411765,-2.5,"20.50,18.25,19.00,-2.50",6,7,-42.5,6850.0,-2380.0,35.733333333333334
70,6,50,8,"(12,)",15,14.9,0.9333333333333333,19.0,-42.5,6.258823529411765,-2.5,"20.50,18.25,19.00,-2.50",6,7,-42.5,6850.0,-2380.0,35.733333333333334
70,6,50,8,"(14,)",15,14.9,0.9333333333333333,19.0,-42.5,6.258823529411765,-2.5,"20.50,18.25,19.00,-2.50",6,7,-42.5,6850.0,-2380.0,35.733333333333334
80,5,55,7,"(20,)",18,14.88888888888889,0.8333333333333334,27.966666666666665,-50.5,2.768976897689769,7.0,"29.10,11.70,7.00,9.00",7,8,-26.5,8316.5,-3726.0,35.611111111111114
70,4,55,10,"(3, 12, 18)",24,14.875,0.9583333333333334,17.369565217391305,-42.5,9.4,9.833333333333334,"9.83,16.67,15.33,17.67",8,9,-42.5,12851.0,-1530.0,35.166666666666664
90,0,45,7,"(14,)",16,14.875,0.6875,42.40909090909091,-45.7,2.0415754923413565,-5.5,"23.25,-5.50,41.00,0.75",5,8,-42.5,6606.0,-4938.0,37.0
90,0,45,8,"(14,)",16,14.875,0.6875,42.40909090909091,-45.7,2.0415754923413565,-5.5,"23.25,-5.50,41.00,0.75",5,8,-42.5,6606.0,-4938.0,37.0
95,4,50,8,"(20,)",19,14.868421052631579,0.6842105263157895,44.88461538461539,-50.166666666666664,1.9385382059800664,3.9,"27.90,3.90,5.90,23.50",6,10,-54.5,8489.0,-4385.0,35.05263157894737
85,0,47,10,"(20,)",22,14.863636363636363,0.7272727272727273,37.4375,-45.333333333333336,2.202205882352941,6.9,"10.33,7.50,37.10,6.90",7,10,-42.5,10761.5,-3855.0,39.13636363636363
90,5,55,8,"(3,)",20,14.8,0.75,37.766666666666666,-54.1,2.0942698706099816,0.9,"21.10,0.90,19.10,18.10",6,8,-59.5,9487.5,-4259.0,33.45
90,5,55,8,"(3, 12)",20,14.8,0.75,37.766666666666666,-54.1,2.0942698706099816,0.9,"21.10,0.90,19.10,18.10",6,8,-59.5,9487.5,-4259.0,33.45
85,10,55,8,"(3, 18)",15,14.766666666666667,0.8,31.666666666666668,-52.833333333333336,2.3974763406940065,-9.75,"35.50,-9.75,30.50,-1.17",7,8,-59.5,6345.0,-3366.0,31.333333333333332
85,10,55,8,"(3, 12, 18)",15,14.766666666666667,0.8,31.666666666666668,-52.833333333333336,2.3974763406940065,-9.75,"35.50,-9.75,30.50,-1.17",7,8,-59.5,6345.0,-3366.0,31.333333333333332
70,5,50,8,"(18,)",16,14.75,0.9375,18.566666666666666,-42.5,6.552941176470588,3.75,"20.50,17.00,17.75,3.75",7,8,-42.5,7294.0,-2295.0,35.125
70,5,50,8,"(12, 18)",16,14.75,0.9375,18.566666666666666,-42.5,6.552941176470588,3.75,"20.50,17.00,17.75,3.75",7,8,-42.5,7294.0,-2295.0,35.125
99,0,45,10,(),21,14.738095238095237,0.6190476190476191,51.73076923076923,-45.375,1.8526170798898072,4.5,"4.50,9.50,31.70,15.30",6,10,-42.5,8695.5,-4652.0,37.57142857142857
99,0,45,10,"(12,)",21,14.738095238095237,0.6190476190476191,51.73076923076923,-45.375,1.8526170798898072,4.5,"4.50,9.50,31.70,15.30",6,10,-42.5,8695.5,-4652.0,37.57142857142857
90,4,50,8,"(3, 12)",18,14.722222222222221,0.7222222222222222,39.88461538461539,-50.7,2.0453648915187377,-16.7,"23.90,-16.70,16.50,40.75",5,8,-42.5,8264.5,-3843.5,31.27777777777778
85,5,55,7,"(18,)",19,14.710526315789474,0.7894736842105263,32.03333333333333,-50.25,2.390547263681592,-1.1,"34.10,-1.10,12.70,12.75",7,8,-24.833333333333332,8082.0,-3564.0,34.10526315789474
85,5,55,7,"(12, 18)",19,14.710526315789474,0.7894736842105263,32.03333333333333,-50.25,2.390547263681592,-1.1,"34.10,-1.10,12.70,12.75",7,8,-24.833333333333332,8082.0,-3564.0,34.10526315789474
85,4,47,10,"(20,)",15,14.7,0.7333333333333333,36.86363636363637,-46.25,2.191891891891892,-7.25,"17.75,-7.25,35.75,11.83",6,9,-42.5,6406.5,-2145.0,32.6
85,0,50,6,"(3, 12)",16,14.6875,0.75,35.083333333333336,-46.5,2.263440860215054,-28.75,"15.00,-28.75,35.00,37.50",6,9,-42.5,6602.0,-3651.0,28.625
90,10,55,8,"(3,)",16,14.6875,0.75,37.416666666666664,-53.5,2.0981308411214954,-12.25,"40.50,-7.25,37.75,-12.25",7,8,-59.5,6883.0,-4298.5,33.5
90,10,55,8,"(3, 12)",16,14.6875,0.75,37.416666666666664,-53.5,2.0981308411214954,-12.25,"40.50,-7.25,37.75,-12.25",7,8,-59.5,6883.0,-4298.5,33.5
70,0,47,7,"(3,)",18,14.666666666666666,0.8888888888888888,21.9375,-43.5,4.0344827586206895,6.7,"10.50,6.70,21.00,23.50",7,9,-42.5,9090.5,-2193.0,34.05555555555556
70,0,47,8,"(3,)",18,14.666666666666666,0.8888888888888888,21.9375,-43.5,4.0344827586206895,6.7,"10.50,6.70,21.00,23.50",7,9,-42.5,9090.5,-2193.0,34.05555555555556
80,0,47,7,"(3,)",18,14.666666666666666,0.7777777777777778,32.142857142857146,-46.5,2.4193548387096775,-17.3,"18.50,-17.30,31.00,33.50",6,9,-42.5,8747.0,-4684.5,32.111111111111114
80,0,47,8,"(3,)",18,14.666666666666666,0.7777777777777778,32.142857142857146,-46.5,2.4193548387096775,-17.3,"18.50,-17.30,31.00,33.50",6,9,-42.5,8747.0,-4684.5,32.111111111111114
85,0,50,8,"(3,)",25,14.66,0.76,34.921052631578945,-49.5,2.234006734006734,-23.0,"24.21,-23.00,34.50,21.33",6,10,-42.5,12970.5,-5760.0,34.68
90,0,47,7,"(20,)",19,14.657894736842104,0.6842105263157895,41.65384615384615,-43.833333333333336,2.05893536121673,0.75,"26.50,4.50,24.10,0.75",6,9,-42.5,7244.0,-4909.5,40.10526315789474
90,0,47,8,"(20,)",19,14.657894736842104,0.6842105263157895,41.65384615384615,-43.833333333333336,2.05893536121673,0.75,"26.50,4.50,24.10,0.75",6,9,-42.5,7244.0,-4909.5,40.10526315789474
95,4,50,10,"(3, 12, 18)",19,14.657894736842104,0.6842105263157895,44.80769230769231,-50.666666666666664,1.9161184210526316,-14.1,"27.90,-14.10,5.30,45.75",5,8,-42.5,8442.5,-3933.0,31.42105263157895
70,6,50,10,"(18,)",15,14.633333333333333,0.9333333333333333,18.714285714285715,-42.5,6.1647058823529415,-2.5,"22.00,17.00,17.75,-2.50",6,7,-42.5,6625.5,-2337.5,35.4
70,6,50,10,"(12, 18)",15,14.633333333333333,0.9333333333333333,18.714285714285715,-42.5,6.1647058823529415,-2.5,"22.00,17.00,17.75,-2.50",6,7,-42.5,6625.5,-2337.5,35.4
85,10,55,7,"(18,)",15,14.633333333333333,0.8,31.5,-52.833333333333336,2.3848580441640377,-9.75,"35.50,-9.75,8.25,27.83",7,8,-16.0,6202.5,-3366.0,30.733333333333334
85,10,55,7,"(12, 18)",15,14.633333333333333,0.8,31.5,-52.833333333333336,2.3848580441640377,-9.75,"35.50,-9.75,8.25,27.83",7,8,-16.0,6202.5,-3366.0,30.733333333333334
99,7,50,10,"(20,)",15,14.633333333333333,0.6666666666666666,48.7,-53.5,1.8205607476635515,-28.5,"25.00,-28.50,49.00,12.50",5,7,-55.5,6697.0,-3537.0,30.0
99,8,50,10,"(20,)",15,14.633333333333333,0.6666666666666666,48.7,-53.5,1.8205607476635515,-28.5,"25.00,-28.50,49.00,12.50",5,7,-55.5,6697.0,-3537.0,30.0
70,4,55,7,"(3, 12, 18)",19,14.605263157894736,0.9473684210526315,17.77777777777778,-42.5,7.529411764705882,7.9,"7.90,16.90,15.90,18.50",8,9,-42.5,9046.0,-1530.0,32.421052631578945
90,0,45,10,"(3,)",19,14.605263157894736,0.6842105263157895,42.73076923076923,-46.333333333333336,1.9982014388489209,-12.5,"8.90,-12.50,40.50,23.25",6,10,-42.5,8625.0,-4637.0,32.526315789473685
90,0,45,10,"(3, 12)",19,14.605263157894736,0.6842105263157895,42.73076923076923,-46.333333333333336,1.9982014388489209,-12.5,"8.90,-12.50,40.50,23.25",6,10,-42.5,8625.0,-4637.0,32.526315789473685
85,0,50,10,"(3, 12, 18)",24,14.583333333333334,0.75,35.72222222222222,-48.833333333333336,2.1945392491467577,-22.5,"23.50,-22.50,19.67,37.67",7,10,-42.5,12360.0,-6053.0,32.583333333333336
90,5,50,8,"(3, 18)",15,14.566666666666666,0.7333333333333333,39.04545454545455,-52.75,2.0355450236966823,-30.5,"40.50,-30.50,15.25,39.17",5,7,-5.5,6438.0,-4259.0,31.6
90,5,50,8,"(3, 12, 18)",15,14.566666666666666,0.7333333333333333,39.04545454545455,-52.75,2.0355450236966823,-30.5,"40.50,-30.50,15.25,39.17",5,7,-5.5,6438.0,-4259.0,31.6
70,4,55,6,"(3, 12)",16,14.5625,0.9375,18.366666666666667,-42.5,6.482352941176471,3.75,"3.75,18.25,17.75,18.50",7,8,-42.5,7192.5,-1445.0,30.6875
90,0,47,7,"(3, 12, 18)",16,14.5625,0.6875,41.86363636363637,-45.5,2.024175824175824,-24.25,"21.50,-24.25,39.50,21.50",6,9,-42.5,6329.0,-4807.5,33.625
90,0,47,8,"(3, 12, 18)",16,14.5625,0.6875,41.86363636363637,-45.5,2.024175824175824,-24.25,"21.50,-24.25,39.50,21.50",6,9,-42.5,6329.0,-4807.5,33.625
90,0,45,10,"(14,)",19,14.552631578947368,0.6842105263157895,42.73076923076923,-46.5,1.9910394265232976,4.1,"8.50,4.10,24.30,23.00",5,9,-42.5,8623.5,-5159.5,37.31578947368421
70,4,55,8,"(3, 12, 18)",21,14.547619047619047,0.9523809523809523,17.4,-42.5,8.188235294117646,8.833333333333334,"8.83,16.90,16.70,16.90",8,9,-42.5,10255.0,-1530.0,33.142857142857146
95,4,55,8,"(20,)",23,14.543478260869565,0.6956521739130435,43.4375,-51.5,1.927877947295423,-6.166666666666667,"13.83,26.17,-6.17,26.30",6,10,-54.5,10526.0,-5309.0,35.391304347826086
70,0,47,7,"(3, 12)",17,14.5,0.8823529411764706,22.233333333333334,-43.5,3.8333333333333335,3.75,"10.50,3.75,20.75,24.00",7,9,-42.5,8325.0,-2193.0,33.64705882352941
70,0,47,8,"(3, 12)",17,14.5,0.8823529411764706,22.233333333333334,-43.5,3.8333333333333335,3.75,"10.50,3.75,20.75,24.00",7,9,-42.5,8325.0,-2193.0,33.64705882352941
75,5,50,8,"(3,)",16,14.5,0.875,23.642857142857142,-49.5,3.3434343434343434,-15.5,"25.50,-15.50,25.00,23.00",6,7,-13.0,7138.0,-3366.0,31.625
75,5,50,8,"(3, 12)",16,14.5,0.875,23.642857142857142,-49.5,3.3434343434343434,-15.5,"25.50,-15.50,25.00,23.00",6,7,-13.0,7138.0,-3366.0,31.625
85,4,50,8,"(3, 12, 18)",17,14.5,0.7647058823529411,34.19230769230769,-49.5,2.244949494949495,-31.75,"19.90,-31.75,32.75,35.75",5,8,-42.5,7183.5,-3966.0,29.705882352941178
95,0,50,7,"(20,)",24,14.5,0.6666666666666666,44.875,-46.25,1.9405405405405405,1.6666666666666667,"29.67,13.83,12.83,1.67",7,10,-45.5,9332.5,-10905.5,44.791666666666664
95,4,50,8,"(3,)",19,14.5,0.6842105263157895,44.88461538461539,-51.333333333333336,1.8944805194805194,-14.7,"27.90,-14.70,25.50,20.50",5,9,-54.5,8551.5,-3774.0,32.578947368421055
95,4,50,8,"(14,)",19,14.5,0.6842105263157895,44.88461538461539,-51.333333333333336,1.8944805194805194,5.3,"25.10,5.30,5.90,23.50",5,9,-54.5,8490.5,-4385.0,35.526315789473685
99,0,50,7,(),25,14.5,0.64,48.875,-46.611111111111114,1.864123957091776,-1.0,"36.21,-1.00,15.50,3.67",6,10,-45.5,9550.5,-10811.5,44.52
99,5,55,10,"(3, 18)",22,14.5,0.6818181818181818,46.7,-54.5,1.836173001310616,-4.166666666666667,"15.17,-4.17,25.30,25.30",6,8,-59.5,10227.0,-5852.0,33.18181818181818
99,5,55,10,"(3, 12, 18)",22,14.5,0.6818181818181818,46.7,-54.5,1.836173001310616,-4.166666666666667,"15.17,-4.17,25.30,25.30",6,8,-59.5,10227.0,-5852.0,33.18181818181818
99,0,43,10,"(20,)",15,14.5,0.6,53.388888888888886,-43.833333333333336,1.826996197718631,2.5,"30.50,2.50,5.25,21.50",6,9,-49.5,5571.5,-3734.5,38.06666666666667
99,0,47,10,"(12, 18)",21,14.452380952380953,0.6190476190476191,51.26923076923077,-45.375,1.8360881542699725,-8.9,"19.67,-8.90,30.70,15.30",6,10,-42.5,8211.5,-5130.0,38.523809523809526
85,4,55,6,"(12,)",17,14.441176470588236,0.7647058823529411,33.03846153846154,-46.0,2.3342391304347827,-8.0,"17.70,-8.00,13.75,33.50",6,9,-42.5,6219.0,-2871.0,29.529411764705884
85,4,50,7,"(12, 18)",16,14.4375,0.75,34.583333333333336,-46.0,2.255434782608696,-7.25,"14.50,-7.25,34.50,16.00",6,9,-42.5,6137.5,-3168.0,31.9375
95,5,50,8,"(18,)",16,14.4375,0.6875,44.04545454545455,-50.7,1.9112426035502958,-29.25,"45.50,-29.25,19.00,22.50",5,8,-42.5,6410.0,-4330.0,33.75
95,5,50,8,"(12, 18)",16,14.4375,0.6875,44.04545454545455,-50.7,1.9112426035502958,-29.25,"45.50,-29.25,19.00,22.50",5,8,-42.5,6410.0,-4330.0,33.75
90,0,47,10,"(20,)",22,14.409090909090908,0.6818181818181818,42.03333333333333,-44.785714285714285,2.011164274322169,9.9,"13.67,10.83,24.10,9.90",6,10,-42.5,9096.5,-4741.5,39.59090909090909
70,5,55,7,(),20,14.4,0.95,17.394736842105264,-42.5,7.776470588235294,3.7,"19.10,17.90,16.90,3.70",7,8,-6.5,9445.5,-2507.5,36.75
70,5,55,7,"(12,)",20,14.4,0.95,17.394736842105264,-42.5,7.776470588235294,3.7,"19.10,17.90,16.90,3.70",7,8,-6.5,9445.5,-2507.5,36.75
70,5,55,7,"(14,)",20,14.4,0.95,17.394736842105264,-42.5,7.776470588235294,3.7,"19.10,17.90,16.90,3.70",7,8,-6.5,9445.5,-2507.5,36.75
99,4,50,10,"(12, 18)",20,14.4,0.65,48.80769230769231,-49.5,1.8311688311688312,-12.5,"31.10,-12.50,7.70,31.30",5,9,-42.5,8063.5,-3924.0,32.85
80,0,50,7,"(3, 12, 18)",19,14.394736842105264,0.7894736842105263,30.633333333333333,-46.5,2.4704301075268815,-16.7,"15.90,-16.70,29.50,32.50",7,10,-42.5,8665.5,-4471.5,32.68421052631579
85,0,45,10,"(3, 18)",18,14.38888888888889,0.7222222222222222,38.11538461538461,-47.3,2.095137420718816,-14.5,"5.90,-14.50,34.75,40.75",7,10,-42.5,8591.0,-4827.0,31.11111111111111
85,0,45,10,"(3, 12, 18)",18,14.38888888888889,0.7222222222222222,38.11538461538461,-47.3,2.095137420718816,-14.5,"5.90,-14.50,34.75,40.75",7,10,-42.5,8591.0,-4827.0,31.11111111111111
85,5,50,8,(),17,14.382352941176471,0.7647058823529411,34.03846153846154,-49.5,2.234848484848485,-9.25,"17.10,-9.25,34.00,15.00",5,8,-42.5,7164.0,-4121.5,32.94117647058823
85,5,50,8,"(12,)",17,14.382352941176471,0.7647058823529411,34.03846153846154,-49.5,2.234848484848485,-9.25,"17.10,-9.25,34.00,15.00",5,8,-42.5,7164.0,-4121.5,32.94117647058823
85,5,50,8,"(14,)",17,14.382352941176471,0.7647058823529411,34.03846153846154,-49.5,2.234848484848485,-9.25,"17.10,-9.25,34.00,15.00",5,8,-42.5,7164.0,-4121.5,32.94117647058823
70,6,50,10,"(3,)",16,14.375,0.9375,19.033333333333335,-55.5,5.1441441441441444,3.25,"3.25,16.75,19.25,18.25",6,7,-55.5,7804.0,-1387.5,31.5
70,6,50,10,"(3, 12)",16,14.375,0.9375,19.033333333333335,-55.5,5.1441441441441444,3.25,"3.25,16.75,19.25,18.25",6,7,-55.5,7804.0,-1387.5,31.5
70,7,50,10,(),16,14.375,0.9375,19.033333333333335,-55.5,5.1441441441441444,3.25,"3.25,16.75,19.25,18.25",6,7,-55.5,7804.0,-1387.5,31.5
70,7,50,10,"(3,)",16,14.375,0.9375,19.033333333333335,-55.5,5.1441441441441444,3.25,"3.25,16.75,19.25,18.25",6,7,-55.5,7804.0,-1387.5,31.5
70,7,50,10,"(12,)",16,14.375,0.9375,19.033333333333335,-55.5,5.1441441441441444,3.25,"3.25,16.75,19.25,18.25",6,7,-55.5,7804.0,-1387.5,31.5
70,7,50,10,"(14,)",16,14.375,0.9375,19.033333333333335,-55.5,5.1441441441441444,3.25,"3.25,16.75,19.25,18.25",6,7,-55.5,7804.0,-1387.5,31.5
70,7,50,10,"(3, 12)",16,14.375,0.9375,19.033333333333335,-55.5,5.1441441441441444,3.25,"3.25,16.75,19.25,18.25",6,7,-55.5,7804.0,-1387.5,31.5
70,8,50,10,(),16,14.375,0.9375,19.033333333333335,-55.5,5.1441441441441444,3.25,"3.25,16.75,19.25,18.25",6,7,-55.5,7804.0,-1387.5,31.5
70,8,50,10,"(3,)",16,14.375,0.9375,19.033333333333335,-55.5,5.1441441441441444,3.25,"3.25,16.75,19.25,18.25",6,7,-55.5,7804.0,-1387.5,31.5
70,8,50,10,"(12,)",16,14.375,0.9375,19.033333333333335,-55.5,5.1441441441441444,3.25,"3.25,16.75,19.25,18.25",6,7,-55.5,7804.0,-1387.5,31.5
70,8,50,10,"(14,)",16,14.375,0.9375,19.033333333333335,-55.5,5.1441441441441444,3.25,"3.25,16.75,19.25,18.25",6,7,-55.5,7804.0,-1387.5,31.5
70,8,50,10,"(3, 12)",16,14.375,0.9375,19.033333333333335,-55.5,5.1441441441441444,3.25,"3.25,16.75,19.25,18.25",6,7,-55.5,7804.0,-1387.5,31.5
99,0,55,7,"(3,)",30,14.366666666666667,0.6666666666666666,47.15,-51.2,1.841796875,4.071428571428571,"36.75,9.12,4.07,5.07",7,10,-51.166666666666664,13801.5,-17754.0,45.833333333333336
99,0,55,7,"(14,)",30,14.366666666666667,0.6666666666666666,47.2,-51.3,1.8401559454191032,-11.928571428571429,"36.75,22.00,-11.93,6.36",7,9,-28.25,14214.5,-17371.0,50.166666666666664
70,5,55,8,(),22,14.363636363636363,0.9545454545454546,17.071428571428573,-42.5,8.435294117647059,3.7,"18.17,16.50,17.90,3.70",7,8,-6.5,10599.5,-2635.0,37.5
70,5,55,8,"(12,)",22,14.363636363636363,0.9545454545454546,17.071428571428573,-42.5,8.435294117647059,3.7,"18.17,16.50,17.90,3.70",7,8,-6.5,10599.5,-2635.0,37.5
70,5,55,8,"(14,)",22,14.363636363636363,0.9545454545454546,17.071428571428573,-42.5,8.435294117647059,3.7,"18.17,16.50,17.90,3.70",7,8,-6.5,10599.5,-2635.0,37.5
85,4,55,7,"(12,)",22,14.363636363636363,0.7727272727272727,32.911764705882355,-48.7,2.297741273100616,3.1666666666666665,"21.33,3.17,15.50,18.30",7,9,-42.5,9436.0,-3285.0,33.45454545454545
70,0,50,7,"(3, 12)",20,14.35,0.9,20.77777777777778,-43.5,4.2988505747126435,7.3,"7.90,7.30,20.30,21.90",8,10,-42.5,10020.0,-2253.5,34.4
70,5,55,10,"(18,)",24,14.333333333333334,0.9583333333333334,16.804347826086957,-42.5,9.094117647058823,4.833333333333333,"19.17,16.33,17.00,4.83",7,8,-6.5,11926.0,-2805.0,38.916666666666664
70,5,55,10,"(12, 18)",24,14.333333333333334,0.9583333333333334,16.804347826086957,-42.5,9.094117647058823,4.833333333333333,"19.17,16.33,17.00,4.83",7,8,-6.5,11926.0,-2805.0,38.916666666666664
70,5,55,7,"(20,)",18,14.333333333333334,0.9444444444444444,17.676470588235293,-42.5,7.070588235294117,1.5,"19.10,17.70,17.00,1.50",7,8,-6.5,8146.0,-2337.5,35.44444444444444
75,4,55,8,"(3, 12, 14, 18, 20)",18,14.333333333333334,0.8888888888888888,22.9375,-54.5,3.36697247706422,2.75,"24.10,6.50,2.75,23.50",7,8,-59.5,8655.5,-2023.0,33.388888888888886
80,5,55,7,"(3,)",18,14.333333333333334,0.8333333333333334,27.766666666666666,-52.833333333333336,2.6277602523659307,-4.1,"29.10,-4.10,28.50,4.75",6,8,-59.5,8290.0,-3366.0,32.666666666666664
80,5,55,7,"(3, 12)",18,14.333333333333334,0.8333333333333334,27.766666666666666,-52.833333333333336,2.6277602523659307,-4.1,"29.10,-4.10,28.50,4.75",6,8,-59.5,8290.0,-3366.0,32.666666666666664
80,4,55,8,"(3, 12, 14, 18, 20)",18,14.333333333333334,0.8333333333333334,28.233333333333334,-55.166666666666664,2.5589123867069485,6.5,"13.10,10.50,6.50,28.50",6,8,-59.5,8785.0,-2644.5,32.333333333333336
70,0,50,8,"(3, 12)",22,14.318181818181818,0.9090909090909091,20.1,-43.5,4.620689655172414,7.0,"11.00,7.00,19.50,21.90",8,10,-42.5,11186.5,-2253.5,34.59090909090909
70,0,45,7,"(3,)",16,14.3125,0.875,22.571428571428573,-43.5,3.632183908045977,3.75,"8.75,3.75,20.75,24.00",7,9,-42.5,7579.5,-2132.5,32.9375
70,0,45,7,"(3, 12)",16,14.3125,0.875,22.571428571428573,-43.5,3.632183908045977,3.75,"8.75,3.75,20.75,24.00",7,9,-42.5,7579.5,-2132.5,32.9375
70,0,45,8,"(3,)",16,14.3125,0.875,22.571428571428573,-43.5,3.632183908045977,3.75,"8.75,3.75,20.75,24.00",7,9,-42.5,7579.5,-2132.5,32.9375
70,0,45,8,"(3, 12)",16,14.3125,0.875,22.571428571428573,-43.5,3.632183908045977,3.75,"8.75,3.75,20.75,24.00",7,9,-42.5,7579.5,-2132.5,32.9375
80,5,50,8,"(20,)",16,14.3125,0.8125,29.03846153846154,-49.5,2.542087542087542,-13.5,"30.50,-13.50,29.00,11.25",6,8,-42.5,6825.0,-2644.5,33.125
70,5,55,8,"(20,)",20,14.3,0.95,17.289473684210527,-42.5,7.729411764705882,3.7,"19.10,16.50,17.90,3.70",7,8,-6.5,9289.5,-2465.0,36.35
90,0,47,10,"(3, 12, 18)",19,14.289473684210526,0.6842105263157895,42.26923076923077,-46.333333333333336,1.9766187050359711,-30.3,"26.50,-30.30,39.50,23.25",6,10,-42.5,8064.5,-5070.5,33.526315789473685
95,0,55,7,"(3, 12, 18)",26,14.26923076923077,0.6923076923076923,43.111111111111114,-50.625,1.9160493827160494,2.642857142857143,"32.50,2.64,8.83,12.00",7,10,-50.5,11304.5,-9576.5,39.11538461538461
70,5,55,10,"(3,)",24,14.25,0.9583333333333334,17.282608695652176,-55.5,7.162162162162162,7.666666666666667,"7.67,16.67,16.83,15.83",8,9,-55.5,12777.5,-1443.0,34.791666666666664
70,5,55,10,"(3, 12)",24,14.25,0.9583333333333334,17.282608695652176,-55.5,7.162162162162162,7.666666666666667,"7.67,16.67,16.83,15.83",8,9,-55.5,12777.5,-1443.0,34.791666666666664
99,4,50,8,(),20,14.25,0.65,48.88461538461539,-50.07142857142857,1.8131241084165477,-13.1,"31.10,-13.10,28.70,10.30",5,10,-54.5,8266.0,-4021.0,34.2
95,5,50,10,"(20,)",19,14.236842105263158,0.6842105263157895,44.65384615384615,-51.666666666666664,1.8725806451612903,-14.1,"25.30,-14.10,24.90,22.50",6,9,-55.5,8354.5,-3242.5,33.8421052631579
80,4,50,7,"(3, 12, 18)",15,14.233333333333333,0.8,29.583333333333332,-47.166666666666664,2.508833922261484,-9.75,"10.75,-9.75,29.50,30.50",6,8,-42.5,6072.5,-3019.5,30.333333333333332
85,4,47,10,"(3,)",15,14.233333333333333,0.7333333333333333,36.86363636363637,-48.0,2.1119791666666665,-28.0,"17.75,-28.00,35.00,38.17",5,8,-42.5,6470.0,-3432.0,30.133333333333333
85,4,47,10,"(14,)",15,14.233333333333333,0.7333333333333333,36.86363636363637,-48.0,2.1119791666666665,-7.0,"15.75,-7.00,35.75,11.83",5,8,-42.5,6459.5,-3586.0,33.13333333333333
85,4,47,10,"(3, 12)",15,14.233333333333333,0.7333333333333333,36.86363636363637,-48.0,2.1119791666666665,-28.0,"17.75,-28.00,35.00,38.17",5,8,-42.5,6470.0,-3432.0,30.133333333333333
90,4,55,6,(),18,14.222222222222221,0.7222222222222222,38.03846153846154,-47.7,2.0733752620545074,-3.5,"21.70,1.50,-3.50,38.50",7,10,-54.5,6618.5,-3553.0,30.5
95,0,47,10,"(3, 18)",20,14.2,0.65,47.26923076923077,-47.214285714285715,1.859304084720121,-29.3,"30.50,-29.30,44.50,11.10",6,10,-47.0,8435.5,-5009.5,34.65
95,0,50,10,"(3, 12, 18)",24,14.166666666666666,0.6666666666666666,45.625,-48.75,1.8717948717948718,-19.166666666666668,"31.83,-19.17,12.17,31.83",6,10,-42.5,10660.5,-5965.5,34.291666666666664
95,4,55,8,"(12, 18)",23,14.152173913043478,0.6956521739130435,42.5625,-50.785714285714285,1.9156118143459915,8.0,"13.83,10.50,8.00,26.30",6,9,-42.5,9299.0,-3774.0,32.43478260869565
70,0,47,7,"(3, 18)",17,14.147058823529411,0.8823529411764706,21.833333333333332,-43.5,3.764367816091954,3.75,"10.50,3.75,19.75,23.50",7,9,-42.5,7921.5,-2193.0,33.11764705882353
70,0,47,8,"(3, 18)",17,14.147058823529411,0.8823529411764706,21.833333333333332,-43.5,3.764367816091954,3.75,"10.50,3.75,19.75,23.50",7,9,-42.5,7921.5,-2193.0,33.11764705882353
65,4,50,10,"(3, 12, 14, 18, 20)",17,14.147058823529411,1.0,14.147058823529411,,,12.5,"15.30,12.50,12.75,15.75",7,7,13.0,8375.5,0.0,33.8235294117647
90,4,47,10,(),16,14.125,0.6875,41.86363636363637,-46.9,1.9637526652452026,-26.75,"21.50,-26.75,40.00,21.75",5,9,-42.5,6242.5,-3331.0,31.8125
90,4,47,10,"(12,)",16,14.125,0.6875,41.86363636363637,-46.9,1.9637526652452026,-26.75,"21.50,-26.75,40.00,21.75",5,9,-42.5,6242.5,-3331.0,31.8125
95,0,55,10,"(3, 12, 14, 18, 20)",26,14.115384615384615,0.6923076923076923,44.666666666666664,-54.625,1.839816933638444,-0.07142857142857142,"19.79,-0.07,10.67,27.50",7,9,-59.5,14361.0,-6640.0,36.30769230769231
95,4,55,8,"(3,)",23,14.108695652173912,0.6956521739130435,43.25,-52.5,1.8829931972789116,10.5,"13.83,10.50,10.67,22.90",6,10,-59.5,10358.5,-4274.5,33.43478260869565
80,5,50,7,(),15,14.1,0.8,29.416666666666668,-47.166666666666664,2.4946996466431095,-11.75,"30.50,-11.75,30.75,4.50",6,8,-42.5,5952.5,-3366.0,33.13333333333333
80,5,50,7,"(12,)",15,14.1,0.8,29.416666666666668,-47.166666666666664,2.4946996466431095,-11.75,"30.50,-11.75,30.75,4.50",6,8,-42.5,5952.5,-3366.0,33.13333333333333
80,5,50,7,"(14,)",15,14.1,0.8,29.416666666666668,-47.166666666666664,2.4946996466431095,-11.75,"30.50,-11.75,30.75,4.50",6,8,-42.5,5952.5,-3366.0,33.13333333333333
95,0,50,6,"(3, 12, 18)",15,14.1,0.6666666666666666,43.9,-45.5,1.9296703296703297,-26.25,"22.50,-26.25,22.50,45.50",6,9,-42.5,4535.0,-3405.5,29.066666666666666
85,5,55,8,"(3, 18)",19,14.078947368421053,0.7894736842105263,32.166666666666664,-53.75,2.244186046511628,-2.1,"17.10,-2.10,31.70,8.50",6,8,-59.5,8333.0,-4121.5,31.36842105263158
85,5,55,8,"(3, 12, 18)",19,14.078947368421053,0.7894736842105263,32.166666666666664,-53.75,2.244186046511628,-2.1,"17.10,-2.10,31.70,8.50",6,8,-59.5,8333.0,-4121.5,31.36842105263158
85,7,55,8,(),19,14.078947368421053,0.7894736842105263,32.166666666666664,-53.75,2.244186046511628,-1.1,"17.10,-1.10,32.70,6.00",6,8,-16.0,8179.0,-3973.5,30.842105263157894
85,7,55,8,"(12,)",19,14.078947368421053,0.7894736842105263,32.166666666666664,-53.75,2.244186046511628,-1.1,"17.10,-1.10,32.70,6.00",6,8,-16.0,8179.0,-3973.5,30.842105263157894
85,7,55,8,"(14,)",19,14.078947368421053,0.7894736842105263,32.166666666666664,-53.75,2.244186046511628,-1.1,"17.10,-1.10,32.70,6.00",6,8,-16.0,8179.0,-3973.5,30.842105263157894
85,8,55,8,(),19,14.078947368421053,0.7894736842105263,32.166666666666664,-53.75,2.244186046511628,-1.1,"17.10,-1.10,32.70,6.00",6,8,-16.0,8179.0,-3973.5,30.842105263157894
85,8,55,8,"(12,)",19,14.078947368421053,0.7894736842105263,32.166666666666664,-53.75,2.244186046511628,-1.1,"17.10,-1.10,32.70,6.00",6,8,-16.0,8179.0,-3973.5,30.842105263157894
85,8,55,8,"(14,)",19,14.078947368421053,0.7894736842105263,32.166666666666664,-53.75,2.244186046511628,-1.1,"17.10,-1.10,32.70,6.00",6,8,-16.0,8179.0,-3973.5,30.842105263157894
99,0,45,7,(),18,14.055555555555555,0.6111111111111112,51.40909090909091,-44.642857142857146,1.8096,5.25,"15.50,8.90,27.50,5.25",6,9,-42.5,6122.0,-4606.5,37.22222222222222
99,0,45,7,"(12,)",18,14.055555555555555,0.6111111111111112,51.40909090909091,-44.642857142857146,1.8096,5.25,"15.50,8.90,27.50,5.25",6,9,-42.5,6122.0,-4606.5,37.22222222222222
99,0,45,8,(),18,14.055555555555555,0.6111111111111112,51.40909090909091,-44.642857142857146,1.8096,5.25,"15.50,8.90,27.50,5.25",6,9,-42.5,6122.0,-4606.5,37.22222222222222
99,0,45,8,"(12,)",18,14.055555555555555,0.6111111111111112,51.40909090909091,-44.642857142857146,1.8096,5.25,"15.50,8.90,27.50,5.25",6,9,-42.5,6122.0,-4606.5,37.22222222222222
70,6,55,8,(),20,14.0,0.95,16.973684210526315,-42.5,7.588235294117647,1.3,"19.10,17.90,17.70,1.30",7,8,-6.5,8929.5,-2592.5,36.75
70,6,55,8,"(12,)",20,14.0,0.95,16.973684210526315,-42.5,7.588235294117647,1.3,"19.10,17.90,17.70,1.30",7,8,-6.5,8929.5,-2592.5,36.75
70,6,55,8,"(14,)",20,14.0,0.95,16.973684210526315,-42.5,7.588235294117647,1.3,"19.10,17.90,17.70,1.30",7,8,-6.5,8929.5,-2592.5,36.75
70,6,55,7,(),18,14.0,0.9444444444444444,17.323529411764707,-42.5,6.929411764705883,-1.0,"20.50,15.70,18.75,-1.00",7,8,-6.5,7850.5,-2422.5,35.833333333333336
70,6,55,7,"(12,)",18,14.0,0.9444444444444444,17.323529411764707,-42.5,6.929411764705883,-1.0,"20.50,15.70,18.75,-1.00",7,8,-6.5,7850.5,-2422.5,35.833333333333336
70,6,55,7,"(14,)",18,14.0,0.9444444444444444,17.323529411764707,-42.5,6.929411764705883,-1.0,"20.50,15.70,18.75,-1.00",7,8,-6.5,7850.5,-2422.5,35.833333333333336
85,6,55,7,(),18,14.0,0.7777777777777778,32.357142857142854,-50.25,2.253731343283582,10.25,"18.50,13.70,12.50,10.25",7,8,-24.833333333333332,7135.5,-3508.5,34.166666666666664
85,6,55,7,"(12,)",18,14.0,0.7777777777777778,32.357142857142854,-50.25,2.253731343283582,10.25,"18.50,13.70,12.50,10.25",7,8,-24.833333333333332,7135.5,-3508.5,34.166666666666664
85,6,55,7,"(14,)",18,14.0,0.7777777777777778,32.357142857142854,-50.25,2.253731343283582,10.25,"18.50,13.70,12.50,10.25",7,8,-24.833333333333332,7135.5,-3508.5,34.166666666666664
90,10,55,8,"(18,)",16,14.0,0.75,36.5,-53.5,2.046728971962617,-7.25,"40.50,-7.25,13.00,9.75",6,8,-13.5,6126.5,-3898.0,31.8125
90,10,55,8,"(12, 18)",16,14.0,0.75,36.5,-53.5,2.046728971962617,-7.25,"40.50,-7.25,13.00,9.75",6,8,-13.5,6126.5,-3898.0,31.8125
95,6,55,8,(),20,14.0,0.7,42.357142857142854,-52.166666666666664,1.8945686900958467,2.3,"25.10,4.90,23.70,2.30",6,8,-21.5,7910.5,-3997.0,34.35
95,6,55,8,"(12,)",20,14.0,0.7,42.357142857142854,-52.166666666666664,1.8945686900958467,2.3,"25.10,4.90,23.70,2.30",6,8,-21.5,7910.5,-3997.0,34.35
95,6,55,8,"(14,)",20,14.0,0.7,42.357142857142854,-52.166666666666664,1.8945686900958467,2.3,"25.10,4.90,23.70,2.30",6,8,-21.5,7910.5,-3997.0,34.35
70,4,55,6,"(3, 12, 18)",15,13.966666666666667,0.9333333333333333,18.0,-42.5,5.929411764705883,3.75,"3.75,18.25,15.25,20.17",7,8,-42.5,6165.0,-1445.0,29.733333333333334
70,7,50,10,"(20,)",15,13.966666666666667,0.9333333333333333,18.928571428571427,-55.5,4.774774774774775,3.25,"3.25,16.75,20.00,16.50",6,7,-55.5,6927.0,-1387.5,30.666666666666668
70,8,50,10,"(20,)",15,13.966666666666667,0.9333333333333333,18.928571428571427,-55.5,4.774774774774775,3.25,"3.25,16.75,20.00,16.50",6,7,-55.5,6927.0,-1387.5,30.666666666666668
99,4,55,8,"(18,)",24,13.958333333333334,0.6666666666666666,46.5625,-51.25,1.8170731707317074,-5.333333333333333,"16.50,13.17,-5.33,31.50",6,10,-54.5,9361.5,-4605.5,33.125
70,0,47,7,"(3, 12, 18)",16,13.9375,0.875,22.142857142857142,-43.5,3.5632183908045976,5.75,"6.50,5.75,19.50,24.00",7,9,-42.5,7242.0,-2193.0,32.875
70,0,47,8,"(3, 12, 18)",16,13.9375,0.875,22.142857142857142,-43.5,3.5632183908045976,5.75,"6.50,5.75,19.50,24.00",7,9,-42.5,7242.0,-2193.0,32.875
80,4,55,6,"(3, 12)",16,13.9375,0.8125,28.03846153846154,-47.166666666666664,2.5759717314487633,-11.75,"11.25,-11.75,27.75,28.50",6,8,-42.5,6039.0,-2772.0,28.125
70,5,55,8,"(18,)",21,13.928571428571429,0.9523809523809523,16.75,-42.5,7.882352941176471,3.7,"18.17,17.90,15.10,3.70",7,8,-6.5,9360.0,-2507.5,36.095238095238095
70,5,55,8,"(12, 18)",21,13.928571428571429,0.9523809523809523,16.75,-42.5,7.882352941176471,3.7,"18.17,17.90,15.10,3.70",7,8,-6.5,9360.0,-2507.5,36.095238095238095
70,5,55,7,"(18,)",19,13.921052631578947,0.9473684210526315,17.055555555555557,-42.5,7.223529411764706,1.5,"19.10,17.90,14.70,1.50",7,8,-6.5,8249.5,-2380.0,35.31578947368421
70,5,55,7,"(12, 18)",19,13.921052631578947,0.9473684210526315,17.055555555555557,-42.5,7.223529411764706,1.5,"19.10,17.90,14.70,1.50",7,8,-6.5,8249.5,-2380.0,35.31578947368421
80,0,47,7,"(3, 12)",17,13.911764705882353,0.7647058823529411,32.5,-46.5,2.271505376344086,-28.75,"18.50,-28.75,30.75,34.00",6,9,-42.5,7607.5,-4684.5,31.705882352941178
80,0,47,8,"(3, 12)",17,13.911764705882353,0.7647058823529411,32.5,-46.5,2.271505376344086,-28.75,"18.50,-28.75,30.75,34.00",6,9,-42.5,7607.5,-4684.5,31.705882352941178
90,4,50,7,"(18,)",17,13.911764705882353,0.7058823529411765,39.583333333333336,-47.7,1.9916142557651992,-6.75,"23.90,-6.75,16.25,19.75",6,10,-54.5,6249.0,-3692.5,32.94117647058823
95,6,55,8,"(3, 18)",17,13.911764705882353,0.7058823529411765,42.25,-54.1,1.8743068391866913,-4.75,"25.10,-4.75,16.75,15.75",6,8,-59.5,6840.5,-3997.0,31.705882352941178
95,6,55,8,"(3, 12, 18)",17,13.911764705882353,0.7058823529411765,42.25,-54.1,1.8743068391866913,-4.75,"25.10,-4.75,16.75,15.75",6,8,-59.5,6840.5,-3997.0,31.705882352941178
95,7,55,8,"(3, 18)",17,13.911764705882353,0.7058823529411765,42.25,-54.1,1.8743068391866913,-4.75,"25.10,-4.75,16.75,15.75",6,8,-59.5,6840.5,-3997.0,31.705882352941178
95,7,55,8,"(3, 12, 18)",17,13.911764705882353,0.7058823529411765,42.25,-54.1,1.8743068391866913,-4.75,"25.10,-4.75,16.75,15.75",6,8,-59.5,6840.5,-3997.0,31.705882352941178
95,8,55,8,"(3, 18)",17,13.911764705882353,0.7058823529411765,42.25,-54.1,1.8743068391866913,-4.75,"25.10,-4.75,16.75,15.75",6,8,-59.5,6840.5,-3997.0,31.705882352941178
95,8,55,8,"(3, 12, 18)",17,13.911764705882353,0.7058823529411765,42.25,-54.1,1.8743068391866913,-4.75,"25.10,-4.75,16.75,15.75",6,8,-59.5,6840.5,-3997.0,31.705882352941178
65,4,50,8,"(3, 12, 14, 18, 20)",15,13.9,1.0,13.9,,,11.5,"15.50,11.50,13.50,15.50",7,7,8.5,6955.5,0.0,32.2
70,6,55,8,"(20,)",18,13.88888888888889,0.9444444444444444,17.205882352941178,-42.5,6.882352941176471,-1.0,"19.10,17.70,17.50,-1.00",7,8,-6.5,7656.0,-2422.5,35.44444444444444
85,6,55,8,"(20,)",18,13.88888888888889,0.7777777777777778,32.714285714285715,-52.0,2.201923076923077,10.25,"17.10,15.70,11.25,10.25",6,8,-24.833333333333332,7331.5,-3551.0,33.94444444444444
70,0,50,8,"(3, 12, 18)",21,13.880952380952381,0.9047619047619048,19.92105263157895,-43.5,4.350574712643678,4.7,"11.00,4.70,18.50,21.90",8,10,-42.5,9969.0,-2253.5,33.714285714285715
95,0,50,8,"(3, 12, 18)",21,13.880952380952381,0.6666666666666666,45.07142857142857,-48.5,1.8586156111929308,-32.3,"31.83,-32.30,24.50,27.90",6,10,-42.5,8268.5,-5826.0,34.333333333333336
70,6,55,7,"(20,)",16,13.875,0.9375,17.633333333333333,-42.5,6.223529411764706,-1.0,"20.50,17.25,18.75,-1.00",7,8,-6.5,6659.5,-2295.0,34.8125
80,5,50,8,"(3,)",16,13.875,0.8125,29.03846153846154,-51.833333333333336,2.427652733118971,-33.0,"30.50,-33.00,30.00,28.00",5,7,-10.5,6910.0,-4080.0,30.375
80,5,50,8,"(3, 12)",16,13.875,0.8125,29.03846153846154,-51.833333333333336,2.427652733118971,-33.0,"30.50,-33.00,30.00,28.00",5,7,-10.5,6910.0,-4080.0,30.375
65,5,50,8,"(3,)",16,13.875,1.0,13.875,,,12.0,"15.50,12.00,15.00,13.00",7,7,8.5,7475.5,0.0,32.8125
65,5,50,8,"(3, 12)",16,13.875,1.0,13.875,,,12.0,"15.50,12.00,15.00,13.00",7,7,8.5,7475.5,0.0,32.8125
70,0,50,7,"(3, 12, 18)",19,13.868421052631579,0.8947368421052632,20.61764705882353,-43.5,4.028735632183908,7.3,"7.90,7.30,19.50,22.50",8,10,-42.5,8834.5,-2253.5,33.526315789473685
95,5,50,10,"(3,)",19,13.868421052631579,0.6842105263157895,44.65384615384615,-52.833333333333336,1.8312302839116719,-14.1,"25.30,-14.10,26.10,19.25",5,8,-55.5,8393.5,-3933.0,31.31578947368421
95,5,50,10,"(3, 12)",19,13.868421052631579,0.6842105263157895,44.65384615384615,-52.833333333333336,1.8312302839116719,-14.1,"25.30,-14.10,26.10,19.25",5,8,-55.5,8393.5,-3933.0,31.31578947368421
85,5,50,10,"(3, 18)",17,13.852941176470589,0.7647058823529411,33.96153846153846,-51.5,2.1432038834951457,-10.0,"18.30,-10.00,13.00,33.00",5,7,-21.833333333333332,7057.0,-4574.5,30.58823529411765
85,5,50,10,"(3, 12, 18)",17,13.852941176470589,0.7647058823529411,33.96153846153846,-51.5,2.1432038834951457,-10.0,"18.30,-10.00,13.00,33.00",5,7,-21.833333333333332,7057.0,-4574.5,30.58823529411765
95,0,47,7,"(3, 18)",17,13.852941176470589,0.6470588235294118,46.86363636363637,-46.666666666666664,1.8410714285714285,-25.0,"30.50,-25.00,44.75,1.00",6,9,-47.0,6239.0,-4938.0,34.8235294117647
95,0,47,8,"(3, 18)",17,13.852941176470589,0.6470588235294118,46.86363636363637,-46.666666666666664,1.8410714285714285,-25.0,"30.50,-25.00,44.75,1.00",6,9,-47.0,6239.0,-4938.0,34.8235294117647
65,5,50,10,"(3, 18)",17,13.852941176470589,1.0,13.852941176470589,,,12.5,"15.30,12.50,14.25,13.00",7,7,8.5,8029.5,0.0,33.470588235294116
65,5,50,10,"(3, 12, 18)",17,13.852941176470589,1.0,13.852941176470589,,,12.5,"15.30,12.50,14.25,13.00",7,7,8.5,8029.5,0.0,33.470588235294116
70,5,55,6,(),15,13.833333333333334,0.9333333333333333,17.857142857142858,-42.5,5.882352941176471,2.5,"17.75,19.50,2.50,16.17",7,8,-42.5,6074.0,-2082.5,32.93333333333333
70,5,55,6,"(12,)",15,13.833333333333334,0.9333333333333333,17.857142857142858,-42.5,5.882352941176471,2.5,"17.75,19.50,2.50,16.17",7,8,-42.5,6074.0,-2082.5,32.93333333333333
70,5,55,6,"(14,)",15,13.833333333333334,0.9333333333333333,17.857142857142858,-42.5,5.882352941176471,2.5,"17.75,19.50,2.50,16.17",7,8,-42.5,6074.0,-2082.5,32.93333333333333
85,4,55,7,"(14,)",22,13.818181818181818,0.7727272727272727,32.911764705882355,-51.1,2.1898238747553815,-2.3,"20.17,17.17,-2.30,18.30",7,9,-54.5,9479.0,-5655.5,35.63636363636363
85,4,55,8,"(3, 12)",22,13.818181818181818,0.7727272727272727,33.029411764705884,-51.5,2.180582524271845,3.8333333333333335,"7.17,3.83,32.70,14.90",6,9,-59.5,9571.0,-3966.0,30.818181818181817
85,0,55,8,"(3, 12, 14, 18, 20)",22,13.818181818181818,0.7727272727272727,33.794117647058826,-54.1,2.123844731977819,2.6666666666666665,"23.17,2.67,15.10,14.70",7,9,-59.5,10722.5,-4662.5,35.5
99,4,50,10,"(3, 18)",20,13.8,0.65,48.80769230769231,-51.214285714285715,1.7698744769874477,-12.5,"31.10,-12.50,7.70,28.90",5,9,-54.5,8135.0,-3924.0,32.3
99,4,55,10,"(3, 12, 18)",24,13.791666666666666,0.6666666666666666,47.1875,-53.0,1.7806603773584906,-20.333333333333332,"17.50,-20.33,27.83,30.17",6,9,-59.5,10385.0,-5168.0,31.0
85,0,47,7,"(14,)",18,13.777777777777779,0.7222222222222222,36.65384615384615,-45.7,2.085339168490153,-1.75,"22.10,0.50,35.50,-1.75",4,8,-8.0,6951.0,-5081.5,37.44444444444444
85,0,47,8,"(14,)",18,13.777777777777779,0.7222222222222222,36.65384615384615,-45.7,2.085339168490153,-1.75,"22.10,0.50,35.50,-1.75",4,8,-8.0,6951.0,-5081.5,37.44444444444444
99,0,55,7,"(12, 18)",29,13.775862068965518,0.6551724137931034,46.81578947368421,-49.0,1.8153061224489795,4.357142857142857,"25.88,16.79,4.36,6.36",7,10,-42.5,10761.5,-11561.0,43.41379310344828
90,4,55,7,"(18,)",22,13.772727272727273,0.7272727272727273,37.5625,-49.666666666666664,2.0167785234899327,-0.1,"25.50,6.50,-0.10,22.30",7,10,-54.5,8341.5,-4957.0,33.13636363636363
75,4,55,7,"(3, 12, 14, 18, 20)",16,13.75,0.875,23.5,-54.5,3.018348623853211,2.25,"25.50,2.25,3.75,23.50",7,8,-59.5,7184.5,-1904.0,32.3125
80,5,50,10,"(3, 12, 14, 18, 20)",16,13.75,0.8125,28.96153846153846,-52.166666666666664,2.405750798722045,-12.75,"30.50,-12.75,9.25,28.00",6,7,-23.5,6867.0,-3190.5,30.375
65,5,50,10,"(3, 12, 14, 18, 20)",16,13.75,1.0,13.75,,,12.25,"15.50,12.25,14.25,13.00",7,7,8.5,7377.0,0.0,32.875
85,4,55,6,"(3,)",17,13.735294117647058,0.7647058823529411,33.03846153846154,-49.0,2.191326530612245,-8.0,"17.70,-8.00,10.75,33.50",6,9,-54.5,6272.0,-2871.0,28.941176470588236
85,4,55,6,"(14,)",17,13.735294117647058,0.7647058823529411,33.03846153846154,-49.0,2.191326530612245,-6.0,"16.30,10.50,-6.00,33.50",6,9,-54.5,6305.0,-3650.0,31.41176470588235
85,0,45,7,"(20,)",17,13.735294117647058,0.7058823529411765,37.916666666666664,-44.3,2.054176072234763,-1.75,"7.10,13.00,38.25,-1.75",6,9,-42.5,6533.0,-3276.0,36.705882352941174
85,0,45,8,"(20,)",17,13.735294117647058,0.7058823529411765,37.916666666666664,-44.3,2.054176072234763,-1.75,"7.10,13.00,38.25,-1.75",6,9,-42.5,6533.0,-3276.0,36.705882352941174
85,0,50,7,"(12,)",22,13.727272727272727,0.7272727272727273,35.8125,-45.166666666666664,2.114391143911439,-8.0,"23.50,-8.00,37.50,4.30",6,10,-42.5,8693.5,-4463.5,37.68181818181818
99,0,47,7,"(12, 18)",18,13.722222222222221,0.6111111111111112,50.86363636363637,-44.642857142857146,1.7904,-9.7,"33.70,-9.70,26.50,5.25",6,9,-42.5,5651.0,-5126.0,38.111111111111114
99,0,47,8,"(12, 18)",18,13.722222222222221,0.6111111111111112,50.86363636363637,-44.642857142857146,1.7904,-9.7,"33.70,-9.70,26.50,5.25",6,9,-42.5,5651.0,-5126.0,38.111111111111114
70,0,45,7,"(3, 18)",15,13.7,0.8666666666666667,22.5,-43.5,3.3620689655172415,3.75,"8.75,3.75,19.75,25.50",7,9,-42.5,6546.5,-2132.5,32.2
70,0,45,7,"(3, 12, 18)",15,13.7,0.8666666666666667,22.5,-43.5,3.3620689655172415,3.75,"8.75,3.75,19.75,25.50",7,9,-42.5,6546.5,-2132.5,32.2
70,0,45,8,"(3, 18)",15,13.7,0.8666666666666667,22.5,-43.5,3.3620689655172415,3.75,"8.75,3.75,19.75,25.50",7,9,-42.5,6546.5,-2132.5,32.2
70,0,45,8,"(3, 12, 18)",15,13.7,0.8666666666666667,22.5,-43.5,3.3620689655172415,3.75,"8.75,3.75,19.75,25.50",7,9,-42.5,6546.5,-2132.5,32.2
95,5,55,10,"(3, 12, 14, 18, 20)",20,13.7,0.7,43.285714285714285,-55.333333333333336,1.8253012048192772,-16.1,"26.30,-16.10,22.50,22.10",6,8,-59.5,8964.0,-4385.0,32.8
85,4,50,7,"(3, 18)",16,13.6875,0.75,34.583333333333336,-49.0,2.11734693877551,-7.25,"14.50,-7.25,34.50,13.00",6,9,-54.5,6221.0,-3168.0,31.25
85,0,50,8,"(3, 18)",24,13.666666666666666,0.75,34.72222222222222,-49.5,2.1043771043771042,-21.666666666666668,"21.33,-21.67,33.67,21.33",6,10,-42.5,10810.0,-5760.0,33.416666666666664
99,5,50,10,(),20,13.65,0.65,48.65384615384615,-51.357142857142854,1.7593880389429764,-12.5,"28.50,-12.50,29.30,9.30",5,9,-55.5,7978.5,-3932.0,33.35
99,5,50,10,"(12,)",20,13.65,0.65,48.65384615384615,-51.357142857142854,1.7593880389429764,-12.5,"28.50,-12.50,29.30,9.30",5,9,-55.5,7978.5,-3932.0,33.35
99,5,50,10,"(14,)",20,13.65,0.65,48.65384615384615,-51.357142857142854,1.7593880389429764,-12.5,"28.50,-12.50,29.30,9.30",5,9,-55.5,7978.5,-3932.0,33.35
85,4,55,7,"(20,)",21,13.642857142857142,0.7619047619047619,33.4375,-49.7,2.152917505030181,-2.3,"21.33,15.70,-2.30,18.30",7,10,-54.5,8523.0,-5414.5,34.666666666666664
95,0,47,10,"(12,)",22,13.636363636363637,0.6363636363636364,47.357142857142854,-45.375,1.8264462809917354,-1.5,"17.00,-1.50,28.50,12.90",6,10,-42.5,8193.0,-5009.5,37.90909090909091
75,7,50,10,"(20,)",15,13.633333333333333,0.8666666666666667,23.807692307692307,-52.5,2.947619047619048,3.0,"7.00,3.00,25.00,21.50",5,7,-55.5,6398.5,-1584.0,30.066666666666666
75,8,50,10,"(20,)",15,13.633333333333333,0.8666666666666667,23.807692307692307,-52.5,2.947619047619048,3.0,"7.00,3.00,25.00,21.50",5,7,-55.5,6398.5,-1584.0,30.066666666666666
70,6,55,10,"(18,)",21,13.595238095238095,0.9523809523809523,16.4,-42.5,7.7176470588235295,1.3,"18.50,16.90,16.70,1.30",7,8,-6.5,8946.5,-2592.5,36.23809523809524
70,6,55,10,"(12, 18)",21,13.595238095238095,0.9523809523809523,16.4,-42.5,7.7176470588235295,1.3,"18.50,16.90,16.70,1.30",7,8,-6.5,8946.5,-2592.5,36.23809523809524
90,4,55,8,"(3, 12)",22,13.590909090909092,0.7272727272727273,38.25,-52.166666666666664,1.9552715654952078,7.166666666666667,"10.50,7.17,19.70,18.90",6,9,-59.5,9238.0,-3843.5,31.272727272727273
90,0,55,8,"(3, 12, 14, 18, 20)",22,13.590909090909092,0.7272727272727273,39.0625,-54.333333333333336,1.9171779141104295,1.1,"27.33,6.00,1.10,18.70",7,9,-59.5,10545.0,-4754.5,36.0
99,5,55,10,"(20,)",24,13.583333333333334,0.6666666666666666,47.25,-53.75,1.758139534883721,-5.333333333333333,"15.33,-5.33,31.83,12.50",6,9,-55.5,10411.0,-3839.5,33.583333333333336
75,5,50,8,"(3, 18)",15,13.566666666666666,0.8666666666666667,23.26923076923077,-49.5,3.0555555555555554,-15.5,"25.50,-15.50,22.75,24.17",6,7,-13.0,5929.0,-3366.0,30.8
75,5,50,8,"(3, 12, 18)",15,13.566666666666666,0.8666666666666667,23.26923076923077,-49.5,3.0555555555555554,-15.5,"25.50,-15.50,22.75,24.17",6,7,-13.0,5929.0,-3366.0,30.8
65,5,50,8,"(3, 18)",15,13.566666666666666,1.0,13.566666666666666,,,12.0,"15.50,12.00,12.75,14.17",7,7,8.5,6640.0,0.0,31.866666666666667
65,5,50,8,"(3, 12, 18)",15,13.566666666666666,1.0,13.566666666666666,,,12.0,"15.50,12.00,12.75,14.17",7,7,8.5,6640.0,0.0,31.866666666666667
80,0,47,7,"(3, 18)",17,13.558823529411764,0.7647058823529411,32.03846153846154,-46.5,2.239247311827957,-28.75,"18.50,-28.75,29.75,33.50",6,9,-42.5,7175.5,-4684.5,31.235294117647058
80,0,47,8,"(3, 18)",17,13.558823529411764,0.7647058823529411,32.03846153846154,-46.5,2.239247311827957,-28.75,"18.50,-28.75,29.75,33.50",6,9,-42.5,7175.5,-4684.5,31.235294117647058
70,6,55,8,"(18,)",19,13.5,0.9473684210526315,16.61111111111111,-42.5,7.035294117647059,-1.0,"19.10,17.90,15.10,-1.00",7,8,-6.5,7836.0,-2422.5,35.36842105263158
70,6,55,8,"(12, 18)",19,13.5,0.9473684210526315,16.61111111111111,-42.5,7.035294117647059,-1.0,"19.10,17.90,15.10,-1.00",7,8,-6.5,7836.0,-2422.5,35.36842105263158
70,6,55,10,"(3,)",21,13.5,0.9523809523809523,16.95,-55.5,6.108108108108108,7.666666666666667,"7.67,15.10,17.90,14.50",8,9,-55.5,9809.0,-1387.5,32.285714285714285
70,6,55,10,"(3, 12)",21,13.5,0.9523809523809523,16.95,-55.5,6.108108108108108,7.666666666666667,"7.67,15.10,17.90,14.50",8,9,-55.5,9809.0,-1387.5,32.285714285714285
70,7,55,10,"(3,)",21,13.5,0.9523809523809523,16.95,-55.5,6.108108108108108,7.666666666666667,"7.67,15.10,17.90,14.50",8,9,-55.5,9809.0,-1387.5,32.285714285714285
70,7,55,10,"(3, 12)",21,13.5,0.9523809523809523,16.95,-55.5,6.108108108108108,7.666666666666667,"7.67,15.10,17.90,14.50",8,9,-55.5,9809.0,-1387.5,32.285714285714285
70,8,55,10,"(3,)",21,13.5,0.9523809523809523,16.95,-55.5,6.108108108108108,7.666666666666667,"7.67,15.10,17.90,14.50",8,9,-55.5,9809.0,-1387.5,32.285714285714285
70,8,55,10,"(3, 12)",21,13.5,0.9523809523809523,16.95,-55.5,6.108108108108108,7.666666666666667,"7.67,15.10,17.90,14.50",8,9,-55.5,9809.0,-1387.5,32.285714285714285
70,4,47,10,(),16,13.5,0.875,21.5,-42.5,3.541176470588235,6.5,"6.50,20.75,20.00,6.75",7,9,-42.5,6520.5,-2125.0,34.5625
70,4,47,10,"(12,)",16,13.5,0.875,21.5,-42.5,3.541176470588235,6.5,"6.50,20.75,20.00,6.75",7,9,-42.5,6520.5,-2125.0,34.5625
85,4,55,6,"(20,)",16,13.5,0.75,33.75,-47.25,2.142857142857143,-6.0,"15.00,11.50,-6.00,33.50",7,10,-54.5,5550.5,-3456.0,30.6875
95,0,47,10,"(20,)",22,13.5,0.6363636363636364,47.357142857142854,-45.75,1.8114754098360655,9.1,"17.00,14.17,9.10,12.90",7,10,-45.5,8194.5,-6884.0,39.95454545454545
70,7,55,10,(),22,13.454545454545455,0.9545454545454546,16.738095238095237,-55.5,6.333333333333333,7.666666666666667,"7.67,15.67,17.10,14.10",8,9,-55.5,10322.5,-1387.5,32.68181818181818
70,7,55,10,"(12,)",22,13.454545454545455,0.9545454545454546,16.738095238095237,-55.5,6.333333333333333,7.666666666666667,"7.67,15.67,17.10,14.10",8,9,-55.5,10322.5,-1387.5,32.68181818181818
70,7,55,10,"(14,)",22,13.454545454545455,0.9545454545454546,16.738095238095237,-55.5,6.333333333333333,7.666666666666667,"7.67,15.67,17.10,14.10",8,9,-55.5,10322.5,-1387.5,32.68181818181818
70,8,55,10,(),22,13.454545454545455,0.9545454545454546,16.738095238095237,-55.5,6.333333333333333,7.666666666666667,"7.67,15.67,17.10,14.10",8,9,-55.5,10322.5,-1387.5,32.68181818181818
70,8,55,10,"(12,)",22,13.454545454545455,0.9545454545454546,16.738095238095237,-55.5,6.333333333333333,7.666666666666667,"7.67,15.67,17.10,14.10",8,9,-55.5,10322.5,-1387.5,32.68181818181818
70,8,55,10,"(14,)",22,13.454545454545455,0.9545454545454546,16.738095238095237,-55.5,6.333333333333333,7.666666666666667,"7.67,15.67,17.10,14.10",8,9,-55.5,10322.5,-1387.5,32.68181818181818
80,0,47,10,"(3,)",21,13.452380952380953,0.7619047619047619,32.4375,-47.3,2.1945031712473573,-16.5,"7.00,-16.50,30.50,34.10",7,10,-42.5,9767.0,-5128.0,31.80952380952381
70,6,55,7,"(18,)",17,13.441176470588236,0.9411764705882353,16.9375,-42.5,6.376470588235295,-1.0,"20.50,17.25,15.25,-1.00",7,8,-6.5,6769.0,-2295.0,34.470588235294116
70,6,55,7,"(12, 18)",17,13.441176470588236,0.9411764705882353,16.9375,-42.5,6.376470588235295,-1.0,"20.50,17.25,15.25,-1.00",7,8,-6.5,6769.0,-2295.0,34.470588235294116
99,0,50,8,"(3,)",25,13.42,0.64,48.875,-49.611111111111114,1.7513997760358342,-18.333333333333332,"36.21,-18.33,32.00,0.00",5,10,-47.0,9874.0,-6745.5,38.64
75,5,55,8,"(3, 12, 14, 18, 20)",17,13.382352941176471,0.8823529411764706,22.433333333333334,-54.5,3.0871559633027523,1.0,"24.10,2.25,23.50,1.00",7,8,-59.5,7168.5,-2023.0,32.411764705882355
75,7,55,8,"(20,)",17,13.382352941176471,0.8823529411764706,22.433333333333334,-54.5,3.0871559633027523,-1.5,"24.10,3.50,24.75,-1.50",7,8,-21.0,7208.0,-2082.5,32.705882352941174
75,8,55,8,"(20,)",17,13.382352941176471,0.8823529411764706,22.433333333333334,-54.5,3.0871559633027523,-1.5,"24.10,3.50,24.75,-1.50",7,8,-21.0,7208.0,-2082.5,32.705882352941174
99,0,50,8,"(14,)",25,13.38,0.64,48.875,-49.72222222222222,1.747486033519553,-3.0,"35.93,-3.00,15.00,1.83",5,9,-47.5,9899.0,-7649.0,43.52
85,0,50,7,"(14,)",23,13.369565217391305,0.7391304347826086,34.73529411764706,-47.166666666666664,2.0865724381625443,-8.0,"35.33,-8.00,20.33,4.30",5,9,-10.0,8917.5,-4981.0,40.30434782608695
95,4,50,6,"(18,)",15,13.366666666666667,0.6666666666666666,43.9,-47.7,1.8406708595387842,-4.25,"22.50,-4.25,-2.25,45.50",6,10,-54.5,4566.0,-3262.0,30.133333333333333
75,0,50,10,"(3, 12, 18)",24,13.333333333333334,0.8333333333333334,25.3,-46.5,2.7204301075268815,-0.8333333333333334,"15.17,-0.83,11.33,27.67",8,10,-42.5,11016.5,-3168.0,34.041666666666664
85,6,55,8,"(3,)",18,13.333333333333334,0.7777777777777778,32.5,-53.75,2.116279069767442,-1.1,"17.10,-1.10,31.75,8.25",6,8,-59.5,7187.0,-3973.5,30.555555555555557
85,6,55,8,"(3, 12)",18,13.333333333333334,0.7777777777777778,32.5,-53.75,2.116279069767442,-1.1,"17.10,-1.10,31.75,8.25",6,8,-59.5,7187.0,-3973.5,30.555555555555557
85,7,55,8,"(3,)",18,13.333333333333334,0.7777777777777778,32.5,-53.75,2.116279069767442,-1.1,"17.10,-1.10,31.75,8.25",6,8,-59.5,7187.0,-3973.5,30.555555555555557
85,7,55,8,"(3, 12)",18,13.333333333333334,0.7777777777777778,32.5,-53.75,2.116279069767442,-1.1,"17.10,-1.10,31.75,8.25",6,8,-59.5,7187.0,-3973.5,30.555555555555557
85,8,55,8,"(3,)",18,13.333333333333334,0.7777777777777778,32.5,-53.75,2.116279069767442,-1.1,"17.10,-1.10,31.75,8.25",6,8,-59.5,7187.0,-3973.5,30.555555555555557
85,8,55,8,"(3, 12)",18,13.333333333333334,0.7777777777777778,32.5,-53.75,2.116279069767442,-1.1,"17.10,-1.10,31.75,8.25",6,8,-59.5,7187.0,-3973.5,30.555555555555557
70,7,55,10,"(20,)",20,13.3,0.95,16.92105263157895,-55.5,5.792792792792793,6.5,"6.50,13.70,18.90,14.10",8,9,-55.5,9032.0,-1387.5,31.8
70,8,55,10,"(20,)",20,13.3,0.95,16.92105263157895,-55.5,5.792792792792793,6.5,"6.50,13.70,18.90,14.10",8,9,-55.5,9032.0,-1387.5,31.8
99,0,55,6,"(3, 12)",20,13.3,0.65,47.03846153846154,-49.357142857142854,1.7698986975397974,7.7,"11.50,7.70,8.10,25.90",7,10,-57.5,6502.5,-5134.0,30.05
90,5,55,8,"(3, 18)",19,13.289473684210526,0.7368421052631579,37.357142857142854,-54.1,1.933456561922366,0.9,"21.10,0.90,18.70,12.25",6,8,-59.5,7450.0,-4259.0,31.789473684210527
90,5,55,8,"(3, 12, 18)",19,13.289473684210526,0.7368421052631579,37.357142857142854,-54.1,1.933456561922366,0.9,"21.10,0.90,18.70,12.25",6,8,-59.5,7450.0,-4259.0,31.789473684210527
90,7,55,8,(),19,13.289473684210526,0.7368421052631579,37.357142857142854,-54.1,1.933456561922366,1.9,"21.10,1.90,19.70,9.75",6,8,-13.5,7561.5,-4015.0,31.63157894736842
90,7,55,8,"(12,)",19,13.289473684210526,0.7368421052631579,37.357142857142854,-54.1,1.933456561922366,1.9,"21.10,1.90,19.70,9.75",6,8,-13.5,7561.5,-4015.0,31.63157894736842
90,7,55,8,"(14,)",19,13.289473684210526,0.7368421052631579,37.357142857142854,-54.1,1.933456561922366,1.9,"21.10,1.90,19.70,9.75",6,8,-13.5,7561.5,-4015.0,31.63157894736842
90,8,55,8,(),19,13.289473684210526,0.7368421052631579,37.357142857142854,-54.1,1.933456561922366,1.9,"21.10,1.90,19.70,9.75",6,8,-13.5,7561.5,-4015.0,31.63157894736842
90,8,55,8,"(12,)",19,13.289473684210526,0.7368421052631579,37.357142857142854,-54.1,1.933456561922366,1.9,"21.10,1.90,19.70,9.75",6,8,-13.5,7561.5,-4015.0,31.63157894736842
90,8,55,8,"(14,)",19,13.289473684210526,0.7368421052631579,37.357142857142854,-54.1,1.933456561922366,1.9,"21.10,1.90,19.70,9.75",6,8,-13.5,7561.5,-4015.0,31.63157894736842
95,4,50,8,"(12, 18)",18,13.277777777777779,0.6666666666666666,44.583333333333336,-49.333333333333336,1.8074324324324325,-14.7,"27.90,-14.70,19.75,23.50",5,9,-42.5,6442.5,-3774.0,31.72222222222222
90,0,50,7,"(12,)",22,13.272727272727273,0.6818181818181818,40.3,-44.642857142857146,1.9344,-5.5,"27.67,-5.50,24.50,7.30",6,10,-42.5,7223.0,-4532.0,38.54545454545455
70,12,55,10,"(3,)",16,13.25,0.9375,17.833333333333332,-55.5,4.81981981981982,3.25,"3.25,17.50,17.00,15.25",7,8,-55.5,6956.5,-1387.5,30.5625
70,12,55,10,"(3, 12)",16,13.25,0.9375,17.833333333333332,-55.5,4.81981981981982,3.25,"3.25,17.50,17.00,15.25",7,8,-55.5,6956.5,-1387.5,30.5625
80,6,55,7,"(20,)",16,13.25,0.8125,27.96153846153846,-50.5,2.3993399339933994,6.5,"30.50,7.25,8.75,6.50",7,8,-26.5,6035.5,-3561.5,34.3125
99,5,55,10,"(18,)",24,13.25,0.6666666666666666,46.375,-53.0,1.75,-4.166666666666667,"15.17,-4.17,29.50,12.50",6,8,-20.166666666666668,9192.5,-5852.0,33.541666666666664
99,5,55,10,"(12, 18)",24,13.25,0.6666666666666666,46.375,-53.0,1.75,-4.166666666666667,"15.17,-4.17,29.50,12.50",6,8,-20.166666666666668,9192.5,-5852.0,33.541666666666664
95,0,47,7,"(12,)",19,13.236842105263158,0.631578947368421,47.0,-44.642857142857146,1.8048,-11.3,"30.50,-11.30,28.50,3.25",6,9,-42.5,5960.5,-4938.0,37.94736842105263
95,0,47,8,"(12,)",19,13.236842105263158,0.631578947368421,47.0,-44.642857142857146,1.8048,-11.3,"30.50,-11.30,28.50,3.25",6,9,-42.5,5960.5,-4938.0,37.94736842105263
70,4,45,10,(),15,13.233333333333333,0.8666666666666667,21.807692307692307,-42.5,3.335294117647059,1.8333333333333333,"7.00,20.50,20.75,1.83",7,9,-42.5,5929.5,-2040.0,33.93333333333333
70,4,45,10,"(12,)",15,13.233333333333333,0.8666666666666667,21.807692307692307,-42.5,3.335294117647059,1.8333333333333333,"7.00,20.50,20.75,1.83",7,9,-42.5,5929.5,-2040.0,33.93333333333333
85,5,55,8,(),22,13.227272727272727,0.7727272727272727,32.26470588235294,-51.5,2.130097087378641,3.1666666666666665,"19.00,3.17,15.90,15.70",6,8,-24.833333333333332,8736.5,-4121.5,33.40909090909091
85,5,55,8,"(12,)",22,13.227272727272727,0.7727272727272727,32.26470588235294,-51.5,2.130097087378641,3.1666666666666665,"19.00,3.17,15.90,15.70",6,8,-24.833333333333332,8736.5,-4121.5,33.40909090909091
85,5,55,8,"(14,)",22,13.227272727272727,0.7727272727272727,32.26470588235294,-51.5,2.130097087378641,3.1666666666666665,"19.00,3.17,15.90,15.70",6,8,-24.833333333333332,8736.5,-4121.5,33.40909090909091
99,0,55,8,"(3, 12)",29,13.224137931034482,0.6551724137931034,47.39473684210526,-51.7,1.741779497098646,3.2142857142857144,"25.88,3.21,17.93,4.07",6,10,-50.5,11945.0,-9576.5,39.44827586206897
75,0,47,10,"(3,)",21,13.214285714285714,0.8095238095238095,27.264705882352942,-46.5,2.4919354838709675,-18.5,"16.17,-18.50,25.50,29.10",8,10,-42.5,9434.0,-3692.5,33.142857142857146
85,4,55,7,"(12, 18)",21,13.214285714285714,0.7619047619047619,32.5625,-48.7,2.1396303901437372,-1.1,"21.33,-1.10,12.70,18.30",7,9,-42.5,7644.5,-3168.0,31.857142857142858
70,12,55,10,(),17,13.205882352941176,0.9411764705882353,17.5,-55.5,5.045045045045045,6.5,"6.50,15.50,20.00,12.50",7,8,-55.5,7406.5,-1387.5,30.88235294117647
70,12,55,10,"(12,)",17,13.205882352941176,0.9411764705882353,17.5,-55.5,5.045045045045045,6.5,"6.50,15.50,20.00,12.50",7,8,-55.5,7406.5,-1387.5,30.88235294117647
70,12,55,10,"(14,)",17,13.205882352941176,0.9411764705882353,17.5,-55.5,5.045045045045045,6.5,"6.50,15.50,20.00,12.50",7,8,-55.5,7406.5,-1387.5,30.88235294117647
80,5,55,7,"(3, 18)",17,13.205882352941176,0.8235294117647058,27.357142857142858,-52.833333333333336,2.416403785488959,-12.25,"29.10,-12.25,27.25,4.75",6,8,-59.5,6822.0,-3366.0,31.41176470588235
80,5,55,7,"(3, 12, 18)",17,13.205882352941176,0.8235294117647058,27.357142857142858,-52.833333333333336,2.416403785488959,-12.25,"29.10,-12.25,27.25,4.75",6,8,-59.5,6822.0,-3366.0,31.41176470588235
80,7,55,7,(),17,13.205882352941176,0.8235294117647058,27.357142857142858,-52.833333333333336,2.416403785488959,2.25,"14.50,7.25,28.50,2.25",6,8,-18.5,6711.5,-3267.0,31.11764705882353
80,7,55,7,"(12,)",17,13.205882352941176,0.8235294117647058,27.357142857142858,-52.833333333333336,2.416403785488959,2.25,"14.50,7.25,28.50,2.25",6,8,-18.5,6711.5,-3267.0,31.11764705882353
80,7,55,7,"(14,)",17,13.205882352941176,0.8235294117647058,27.357142857142858,-52.833333333333336,2.416403785488959,2.25,"14.50,7.25,28.50,2.25",6,8,-18.5,6711.5,-3267.0,31.11764705882353
80,8,55,7,(),17,13.205882352941176,0.8235294117647058,27.357142857142858,-52.833333333333336,2.416403785488959,2.25,"14.50,7.25,28.50,2.25",6,8,-18.5,6711.5,-3267.0,31.11764705882353
80,8,55,7,"(12,)",17,13.205882352941176,0.8235294117647058,27.357142857142858,-52.833333333333336,2.416403785488959,2.25,"14.50,7.25,28.50,2.25",6,8,-18.5,6711.5,-3267.0,31.11764705882353
80,8,55,7,"(14,)",17,13.205882352941176,0.8235294117647058,27.357142857142858,-52.833333333333336,2.416403785488959,2.25,"14.50,7.25,28.50,2.25",6,8,-18.5,6711.5,-3267.0,31.11764705882353
85,0,50,10,"(3, 18)",27,13.203703703703704,0.7407407407407407,35.2,-49.642857142857146,2.0258992805755396,-26.357142857142858,"24.21,-26.36,21.07,37.33",6,10,-42.5,12667.0,-6031.0,33.48148148148148
80,0,50,7,"(3,)",23,13.195652173913043,0.782608695652174,30.22222222222222,-48.1,2.261954261954262,-9.166666666666666,"17.17,-9.17,16.33,31.50",7,10,-42.5,9854.5,-4214.5,33.608695652173914
99,0,47,10,(),23,13.195652173913043,0.6086956521739131,51.357142857142854,-46.166666666666664,1.730445246690734,0.5,"19.67,0.50,17.67,15.30",6,10,-45.5,8402.5,-6747.5,39.52173913043478
65,0,45,10,"(3, 12, 14, 18, 20)",15,13.166666666666666,0.9333333333333333,17.285714285714285,-44.5,5.438202247191011,0.5,"19.25,0.50,14.75,19.83",7,8,-2.8333333333333335,6628.0,-1602.0,33.733333333333334
85,4,55,7,"(3,)",21,13.166666666666666,0.7619047619047619,33.25,-51.1,2.0821917808219177,-1.1,"21.33,-1.10,15.90,14.90",7,10,-59.5,8510.5,-3970.0,32.523809523809526
85,0,47,10,"(14,)",21,13.166666666666666,0.7142857142857143,37.03333333333333,-46.5,1.9910394265232976,1.1,"10.00,1.10,35.30,6.90",5,9,-17.833333333333332,8378.0,-5510.5,37.333333333333336
99,5,55,10,"(3,)",24,13.166666666666666,0.6666666666666666,47.0625,-54.625,1.723112128146453,-20.333333333333332,"15.33,-20.33,45.83,11.83",6,9,-59.5,10345.5,-5176.0,31.458333333333332
99,5,55,10,"(3, 12)",24,13.166666666666666,0.6666666666666666,47.0625,-54.625,1.723112128146453,-20.333333333333332,"15.33,-20.33,45.83,11.83",6,9,-59.5,10345.5,-5176.0,31.458333333333332
65,0,47,10,"(3, 12, 14, 18, 20)",16,13.125,0.9375,16.966666666666665,-44.5,5.719101123595506,0.75,"18.75,0.75,14.50,18.50",7,8,-2.8333333333333335,7090.0,-1646.5,34.0
99,0,50,8,"(12,)",24,13.125,0.625,49.3,-47.166666666666664,1.7420494699646643,-18.333333333333332,"35.17,-18.33,32.00,3.67",6,10,-42.5,8196.5,-5920.0,38.875
65,4,55,7,"(3, 12, 14, 18, 20)",16,13.125,1.0,13.125,,,11.0,"15.50,11.00,12.50,13.50",8,8,5.5,6959.5,0.0,31.9375
85,0,50,6,"(3, 12, 18)",15,13.1,0.7333333333333333,34.77272727272727,-46.5,2.056451612903226,-28.75,"15.00,-28.75,36.25,35.50",6,9,-42.5,5102.5,-3651.0,27.933333333333334
85,0,45,10,"(20,)",20,13.1,0.7,38.142857142857146,-45.333333333333336,1.963235294117647,2.1,"5.90,2.10,37.50,6.90",7,10,-42.5,7930.0,-3639.0,36.2
90,6,55,8,"(3, 12, 14, 18, 20)",15,13.1,0.7333333333333333,37.95454545454545,-55.25,1.8891402714932126,2.1666666666666665,"18.00,13.50,16.00,2.17",6,8,-59.5,5798.5,-2530.0,31.533333333333335
90,7,55,8,"(3, 12, 14, 18, 20)",15,13.1,0.7333333333333333,37.95454545454545,-55.25,1.8891402714932126,2.1666666666666665,"18.00,13.50,16.00,2.17",6,8,-59.5,5798.5,-2530.0,31.533333333333335
90,8,55,8,"(3, 12, 14, 18, 20)",15,13.1,0.7333333333333333,37.95454545454545,-55.25,1.8891402714932126,2.1666666666666665,"18.00,13.50,16.00,2.17",6,8,-59.5,5798.5,-2530.0,31.533333333333335
80,5,55,8,"(3, 12, 14, 18, 20)",17,13.088235294117647,0.8235294117647058,27.714285714285715,-55.166666666666664,2.3444108761329305,4.75,"13.10,6.00,28.50,4.75",6,8,-59.5,7093.5,-2644.5,31.352941176470587
80,7,55,8,"(20,)",17,13.088235294117647,0.8235294117647058,27.714285714285715,-55.166666666666664,2.3444108761329305,2.25,"13.10,7.25,29.75,2.25",6,8,-18.5,6917.0,-2585.5,30.941176470588236
80,8,55,8,"(20,)",17,13.088235294117647,0.8235294117647058,27.714285714285715,-55.166666666666664,2.3444108761329305,2.25,"13.10,7.25,29.75,2.25",6,8,-18.5,6917.0,-2585.5,30.941176470588236
70,10,55,10,"(3,)",19,13.078947368421053,0.9473684210526315,16.88888888888889,-55.5,5.4774774774774775,6.5,"6.50,15.10,17.90,12.75",8,9,-55.5,8263.5,-1387.5,31.105263157894736
70,10,55,10,"(3, 12)",19,13.078947368421053,0.9473684210526315,16.88888888888889,-55.5,5.4774774774774775,6.5,"6.50,15.10,17.90,12.75",8,9,-55.5,8263.5,-1387.5,31.105263157894736
95,0,47,7,"(20,)",19,13.078947368421053,0.631578947368421,47.0,-45.07142857142857,1.7876386687797148,3.25,"30.50,7.50,9.10,3.25",7,9,-45.5,5960.0,-7020.5,40.31578947368421
95,0,47,8,"(20,)",19,13.078947368421053,0.631578947368421,47.0,-45.07142857142857,1.7876386687797148,3.25,"30.50,7.50,9.10,3.25",7,9,-45.5,5960.0,-7020.5,40.31578947368421
80,0,45,7,"(3,)",16,13.0625,0.75,32.916666666666664,-46.5,2.1236559139784945,-28.75,"16.25,-28.75,30.75,34.00",6,9,-42.5,6431.0,-4484.5,30.25
80,0,45,7,"(3, 12)",16,13.0625,0.75,32.916666666666664,-46.5,2.1236559139784945,-28.75,"16.25,-28.75,30.75,34.00",6,9,-42.5,6431.0,-4484.5,30.25
80,0,45,8,"(3,)",16,13.0625,0.75,32.916666666666664,-46.5,2.1236559139784945,-28.75,"16.25,-28.75,30.75,34.00",6,9,-42.5,6431.0,-4484.5,30.25
80,0,45,8,"(3, 12)",16,13.0625,0.75,32.916666666666664,-46.5,2.1236559139784945,-28.75,"16.25,-28.75,30.75,34.00",6,9,-42.5,6431.0,-4484.5,30.25
99,0,55,7,"(3, 18)",29,13.051724137931034,0.6551724137931034,46.86842105263158,-51.2,1.7392578125,2.0714285714285716,"36.75,4.93,2.07,5.07",7,10,-51.166666666666664,10878.0,-15711.0,42.758620689655174
70,10,55,10,(),20,13.05,0.95,16.657894736842106,-55.5,5.702702702702703,6.5,"6.50,15.10,17.90,12.70",8,9,-55.5,8739.5,-1387.5,31.45
70,10,55,10,"(12,)",20,13.05,0.95,16.657894736842106,-55.5,5.702702702702703,6.5,"6.50,15.10,17.90,12.70",8,9,-55.5,8739.5,-1387.5,31.45
70,10,55,10,"(14,)",20,13.05,0.95,16.657894736842106,-55.5,5.702702702702703,6.5,"6.50,15.10,17.90,12.70",8,9,-55.5,8739.5,-1387.5,31.45
70,4,50,10,"(12, 18)",20,13.05,0.9,19.22222222222222,-42.5,4.070588235294117,7.9,"7.90,17.90,18.30,8.10",7,9,-42.5,7929.5,-2252.5,34.35
70,4,47,10,"(20,)",15,13.033333333333333,0.8666666666666667,21.576923076923077,-42.5,3.3,1.8333333333333333,"6.50,20.25,20.75,1.83",7,9,-42.5,5650.5,-2040.0,33.666666666666664
90,0,45,7,"(3, 18)",15,13.033333333333333,0.6666666666666666,42.3,-45.5,1.8593406593406594,-26.25,"23.75,-26.25,39.75,15.50",6,9,-42.5,4993.0,-4445.5,31.6
90,0,45,7,"(3, 12, 18)",15,13.033333333333333,0.6666666666666666,42.3,-45.5,1.8593406593406594,-26.25,"23.75,-26.25,39.75,15.50",6,9,-42.5,4993.0,-4445.5,31.6
90,0,45,8,"(3, 18)",15,13.033333333333333,0.6666666666666666,42.3,-45.5,1.8593406593406594,-26.25,"23.75,-26.25,39.75,15.50",6,9,-42.5,4993.0,-4445.5,31.6
90,0,45,8,"(3, 12, 18)",15,13.033333333333333,0.6666666666666666,42.3,-45.5,1.8593406593406594,-26.25,"23.75,-26.25,39.75,15.50",6,9,-42.5,4993.0,-4445.5,31.6
90,4,50,8,"(3, 12, 18)",17,13.029411764705882,0.7058823529411765,39.583333333333336,-50.7,1.873767258382643,-30.5,"23.90,-30.50,15.25,40.75",5,8,-42.5,6375.0,-3843.5,30.11764705882353
90,5,55,8,(),22,13.0,0.7272727272727273,37.4375,-52.166666666666664,1.9137380191693292,1.9,"23.17,6.50,1.90,19.70",6,8,-23.166666666666668,8153.0,-4259.0,33.72727272727273
90,5,55,8,"(12,)",22,13.0,0.7272727272727273,37.4375,-52.166666666666664,1.9137380191693292,1.9,"23.17,6.50,1.90,19.70",6,8,-23.166666666666668,8153.0,-4259.0,33.72727272727273
90,5,55,8,"(14,)",22,13.0,0.7272727272727273,37.4375,-52.166666666666664,1.9137380191693292,1.9,"23.17,6.50,1.90,19.70",6,8,-23.166666666666668,8153.0,-4259.0,33.72727272727273
90,0,45,10,"(3, 18)",18,13.0,0.6666666666666666,42.666666666666664,-46.333333333333336,1.841726618705036,-12.5,"8.90,-12.50,39.75,23.25",6,10,-42.5,6622.0,-4637.0,31.333333333333332
90,0,45,10,"(3, 12, 18)",18,13.0,0.6666666666666666,42.666666666666664,-46.333333333333336,1.841726618705036,-12.5,"8.90,-12.50,39.75,23.25",6,10,-42.5,6622.0,-4637.0,31.333333333333332
99,4,50,10,"(12,)",22,12.954545454545455,0.6363636363636364,49.07142857142857,-50.25,1.708955223880597,-18.666666666666668,"16.67,-18.67,28.10,31.30",5,9,-49.0,8178.5,-4993.0,30.954545454545453
85,4,55,6,"(12, 18)",16,12.9375,0.75,32.583333333333336,-46.0,2.125,-9.25,"15.00,-9.25,12.50,33.50",6,9,-42.5,4706.5,-2871.0,28.3125
70,4,50,10,"(3, 12)",21,12.928571428571429,0.9047619047619048,19.44736842105263,-49.0,3.770408163265306,-2.6666666666666665,"-2.67,17.90,20.10,19.50",7,8,-49.0,9144.5,-2803.0,31.38095238095238
95,4,50,10,"(3, 12)",21,12.928571428571429,0.6666666666666666,45.07142857142857,-51.357142857142854,1.7552155771905424,-14.1,"14.00,-14.10,26.10,25.50",5,8,-49.0,8394.5,-5118.0,29.666666666666668
99,0,50,7,"(18,)",24,12.916666666666666,0.625,48.63333333333333,-46.611111111111114,1.7389749702026223,0.3333333333333333,"33.00,0.33,14.67,3.67",6,10,-45.5,7208.5,-9527.0,41.708333333333336
90,5,50,8,(),17,12.911764705882353,0.7058823529411765,39.416666666666664,-50.7,1.8658777120315582,-6.75,"21.10,-6.75,16.50,18.75",5,8,-42.5,6019.0,-4259.0,33.1764705882353
90,5,50,8,"(12,)",17,12.911764705882353,0.7058823529411765,39.416666666666664,-50.7,1.8658777120315582,-6.75,"21.10,-6.75,16.50,18.75",5,8,-42.5,6019.0,-4259.0,33.1764705882353
90,5,50,8,"(14,)",17,12.911764705882353,0.7058823529411765,39.416666666666664,-50.7,1.8658777120315582,-6.75,"21.10,-6.75,16.50,18.75",5,8,-42.5,6019.0,-4259.0,33.1764705882353
85,4,50,6,"(12,)",15,12.9,0.7333333333333333,34.31818181818182,-46.0,2.051630434782609,-9.25,"15.00,-9.25,16.00,35.50",6,9,-42.5,4647.0,-2871.0,29.333333333333332
95,6,50,8,(),15,12.9,0.6666666666666666,44.7,-50.7,1.7633136094674555,-4.25,"21.75,-4.25,20.25,14.17",4,7,-42.5,5131.0,-3997.0,33.2
95,6,50,8,"(12,)",15,12.9,0.6666666666666666,44.7,-50.7,1.7633136094674555,-4.25,"21.75,-4.25,20.25,14.17",4,7,-42.5,5131.0,-3997.0,33.2
95,6,50,8,"(14,)",15,12.9,0.6666666666666666,44.7,-50.7,1.7633136094674555,-4.25,"21.75,-4.25,20.25,14.17",4,7,-42.5,5131.0,-3997.0,33.2
85,5,50,8,"(18,)",16,12.875,0.75,33.666666666666664,-49.5,2.04040404040404,-31.75,"35.50,-31.75,32.75,15.00",5,8,-42.5,5558.0,-4121.5,31.625
85,5,50,8,"(12, 18)",16,12.875,0.75,33.666666666666664,-49.5,2.04040404040404,-31.75,"35.50,-31.75,32.75,15.00",5,8,-42.5,5558.0,-4121.5,31.625
99,0,45,10,"(18,)",20,12.85,0.6,51.666666666666664,-45.375,1.7079889807162534,-8.9,"14.30,-8.90,30.70,15.30",6,10,-42.5,6366.0,-4652.0,35.6
99,0,45,10,"(12, 18)",20,12.85,0.6,51.666666666666664,-45.375,1.7079889807162534,-8.9,"14.30,-8.90,30.70,15.30",6,10,-42.5,6366.0,-4652.0,35.6
70,10,55,10,"(20,)",18,12.833333333333334,0.9444444444444444,16.852941176470587,-55.5,5.162162162162162,6.5,"6.50,14.70,19.00,12.25",8,9,-55.5,7504.5,-1387.5,30.5
70,4,47,10,"(18,)",15,12.833333333333334,0.8666666666666667,21.346153846153847,-42.5,3.264705882352941,1.8333333333333333,"6.50,20.75,19.50,1.83",7,9,-42.5,5522.0,-1997.5,33.46666666666667
70,4,47,10,"(12, 18)",15,12.833333333333334,0.8666666666666667,21.346153846153847,-42.5,3.264705882352941,1.8333333333333333,"6.50,20.75,19.50,1.83",7,9,-42.5,5522.0,-1997.5,33.46666666666667
75,4,50,10,"(3, 12, 18)",19,12.81578947368421,0.8421052631578947,24.0625,-47.166666666666664,2.7208480565371023,7.9,"11.90,7.90,8.30,25.75",6,8,-42.5,7182.5,-3316.5,31.42105263157895
90,0,50,6,"(3, 12)",16,12.8125,0.6875,39.31818181818182,-45.5,1.901098901098901,-27.5,"18.75,-27.50,40.00,20.00",6,9,-42.5,4576.5,-3454.5,28.6875
85,0,50,10,"(3, 12)",26,12.807692307692308,0.7307692307692307,35.86842105263158,-49.785714285714285,1.9555236728837877,-26.357142857142858,"12.21,-26.36,34.33,37.67",7,10,-49.0,11960.5,-7105.5,30.73076923076923
95,0,50,10,"(3, 12)",26,12.807692307692308,0.6538461538461539,45.794117647058826,-49.5,1.7474747474747474,-23.5,"19.36,-23.50,28.50,31.83",6,10,-49.0,10516.0,-7106.0,32.46153846153846
80,10,55,8,(),17,12.794117647058824,0.8235294117647058,26.857142857142858,-52.833333333333336,2.3722397476340693,2.25,"14.50,7.25,26.75,2.25",6,8,-18.5,6247.5,-3267.0,30.647058823529413
80,10,55,8,"(12,)",17,12.794117647058824,0.8235294117647058,26.857142857142858,-52.833333333333336,2.3722397476340693,2.25,"14.50,7.25,26.75,2.25",6,8,-18.5,6247.5,-3267.0,30.647058823529413
80,10,55,8,"(14,)",17,12.794117647058824,0.8235294117647058,26.857142857142858,-52.833333333333336,2.3722397476340693,2.25,"14.50,7.25,26.75,2.25",6,8,-18.5,6247.5,-3267.0,30.647058823529413
95,4,55,8,(),25,12.78,0.68,42.911764705882355,-51.25,1.7792682926829269,-5.0,"17.36,9.83,-5.00,28.17",6,10,-54.5,9265.5,-5057.0,33.4
90,6,55,8,"(20,)",18,12.777777777777779,0.7222222222222222,37.96153846153846,-52.7,1.872865275142315,-7.5,"21.10,19.70,-7.50,14.00",6,8,-23.166666666666668,6523.0,-3555.5,34.0
90,10,55,8,"(3, 18)",15,12.766666666666667,0.7333333333333333,36.86363636363637,-53.5,1.894859813084112,-7.25,"40.50,-7.25,13.00,2.17",6,8,-59.5,5084.5,-3898.0,31.8
90,10,55,8,"(3, 12, 18)",15,12.766666666666667,0.7333333333333333,36.86363636363637,-53.5,1.894859813084112,-7.25,"40.50,-7.25,13.00,2.17",6,8,-59.5,5084.5,-3898.0,31.8
70,4,50,8,"(12,)",19,12.763157894736842,0.8947368421052632,19.264705882352942,-42.5,3.8529411764705883,4.75,"7.90,17.30,19.50,4.75",7,9,-42.5,7220.5,-2125.0,33.526315789473685
85,4,50,8,"(12,)",19,12.763157894736842,0.7368421052631579,34.5,-48.1,2.008316008316008,-18.7,"19.90,-18.70,34.50,16.00",5,9,-42.5,6569.0,-3966.0,30.63157894736842
70,12,55,10,"(20,)",16,12.75,0.9375,17.3,-55.5,4.675675675675675,3.25,"3.25,15.25,20.00,12.50",7,8,-55.5,6506.5,-1387.5,29.8125
75,0,47,10,"(3, 12)",20,12.75,0.8,27.5625,-46.5,2.370967741935484,-18.3,"14.50,-18.30,25.30,29.50",8,10,-42.5,8490.5,-3692.5,32.85
80,0,47,10,"(3, 12)",20,12.75,0.75,32.766666666666666,-47.3,2.0782241014799157,-32.3,"18.50,-32.30,30.30,34.50",7,10,-42.5,8513.0,-5128.0,31.3
85,0,50,8,"(20,)",26,12.73076923076923,0.7307692307692307,34.921052631578945,-47.5,1.9954887218045112,-2.9285714285714284,"24.21,-2.93,19.50,10.83",6,10,-42.5,10050.5,-4374.0,38.80769230769231
99,4,50,10,"(20,)",22,12.727272727272727,0.6363636363636364,49.07142857142857,-50.875,1.6879606879606879,-2.5,"16.67,-2.50,28.70,10.30",6,10,-54.5,8163.5,-4481.0,32.5
85,7,55,8,"(18,)",18,12.722222222222221,0.7777777777777778,31.714285714285715,-53.75,2.0651162790697675,-1.1,"17.10,-1.10,31.25,6.00",6,8,-16.0,6475.5,-3973.5,29.5
85,7,55,8,"(12, 18)",18,12.722222222222221,0.7777777777777778,31.714285714285715,-53.75,2.0651162790697675,-1.1,"17.10,-1.10,31.25,6.00",6,8,-16.0,6475.5,-3973.5,29.5
85,8,55,8,"(18,)",18,12.722222222222221,0.7777777777777778,31.714285714285715,-53.75,2.0651162790697675,-1.1,"17.10,-1.10,31.25,6.00",6,8,-16.0,6475.5,-3973.5,29.5
85,8,55,8,"(12, 18)",18,12.722222222222221,0.7777777777777778,31.714285714285715,-53.75,2.0651162790697675,-1.1,"17.10,-1.10,31.25,6.00",6,8,-16.0,6475.5,-3973.5,29.5
99,10,55,10,"(20,)",18,12.722222222222221,0.6666666666666666,46.666666666666664,-55.166666666666664,1.6918429003021147,4.1,"9.90,4.10,23.25,16.50",6,9,-55.5,6596.0,-3838.5,29.666666666666668
85,0,50,6,"(3,)",19,12.710526315789474,0.7368421052631579,34.42857142857143,-48.1,2.004158004158004,-16.3,"17.70,-16.30,16.90,37.50",7,10,-54.5,6622.5,-3575.0,28.68421052631579
99,10,55,10,"(3, 12, 14, 18, 20)",15,12.7,0.6666666666666666,46.6,-55.1,1.691470054446461,-6.75,"26.25,-6.75,22.00,8.17",5,8,-59.5,5166.0,-4023.5,30.666666666666668
99,4,55,10,"(12, 18)",26,12.692307692307692,0.6538461538461539,46.85294117647059,-51.833333333333336,1.707395498392283,3.2142857142857144,"6.93,3.21,11.67,31.50",6,9,-42.5,9339.5,-5168.0,31.03846153846154
80,0,47,7,"(3, 12, 18)",16,12.6875,0.75,32.416666666666664,-46.5,2.0913978494623655,-26.75,"14.00,-26.75,29.50,34.00",6,9,-42.5,6132.5,-4684.5,30.9375
80,0,47,8,"(3, 12, 18)",16,12.6875,0.75,32.416666666666664,-46.5,2.0913978494623655,-26.75,"14.00,-26.75,29.50,34.00",6,9,-42.5,6132.5,-4684.5,30.9375
95,5,50,10,"(18,)",18,12.666666666666666,0.6666666666666666,44.333333333333336,-50.666666666666664,1.75,-13.9,"26.30,-13.90,19.00,22.50",5,8,-42.5,6189.5,-4456.5,33.611111111111114
95,5,50,10,"(12, 18)",18,12.666666666666666,0.6666666666666666,44.333333333333336,-50.666666666666664,1.75,-13.9,"26.30,-13.90,19.00,22.50",5,8,-42.5,6189.5,-4456.5,33.611111111111114
65,4,55,8,"(3, 12, 14, 18, 20)",18,12.666666666666666,1.0,12.666666666666666,,,11.5,"14.10,11.50,11.50,13.50",8,8,5.5,7655.0,0.0,32.333333333333336
65,5,55,7,"(3,)",18,12.666666666666666,1.0,12.666666666666666,,,9.75,"14.10,12.90,13.50,9.75",8,8,5.5,7621.0,0.0,32.44444444444444
65,5,55,7,"(3, 12)",18,12.666666666666666,1.0,12.666666666666666,,,9.75,"14.10,12.90,13.50,9.75",8,8,5.5,7621.0,0.0,32.44444444444444
85,4,55,8,"(3, 12, 18)",21,12.642857142857142,0.7619047619047619,32.6875,-51.5,2.0310679611650486,-2.1,"7.17,-2.10,31.70,14.90",6,9,-59.5,7686.5,-3966.0,29.476190476190474
75,5,55,7,"(3, 12, 14, 18, 20)",15,12.633333333333333,0.8666666666666667,22.96153846153846,-54.5,2.738532110091743,2.25,"25.50,2.25,3.75,21.17",7,8,-59.5,5799.0,-1904.0,31.333333333333332
75,7,55,7,"(20,)",15,12.633333333333333,0.8666666666666667,22.96153846153846,-54.5,2.738532110091743,3.5,"25.50,3.50,5.00,17.83",7,8,-21.0,5840.5,-1963.5,31.4
75,8,55,7,"(20,)",15,12.633333333333333,0.8666666666666667,22.96153846153846,-54.5,2.738532110091743,3.5,"25.50,3.50,5.00,17.83",7,8,-21.0,5840.5,-1963.5,31.4
80,4,55,6,"(3, 12, 18)",15,12.633333333333333,0.8,27.583333333333332,-47.166666666666664,2.3392226148409896,-11.75,"11.25,-11.75,25.25,30.17",6,8,-42.5,4704.5,-2772.0,27.266666666666666
65,5,55,7,"(3, 12, 14, 18, 20)",15,12.633333333333333,1.0,12.633333333333333,,,11.0,"15.50,11.00,12.50,11.17",8,8,5.5,6028.0,0.0,30.933333333333334
65,7,55,7,"(20,)",15,12.633333333333333,1.0,12.633333333333333,,,7.833333333333333,"15.50,12.25,13.75,7.83",8,8,6.5,6047.5,0.0,31.4
65,8,55,7,"(20,)",15,12.633333333333333,1.0,12.633333333333333,,,7.833333333333333,"15.50,12.25,13.75,7.83",8,8,6.5,6047.5,0.0,31.4
80,6,55,7,"(3,)",16,12.625,0.8125,27.73076923076923,-52.833333333333336,2.274447949526814,-12.25,"30.50,-12.25,27.75,4.50",6,8,-59.5,5922.0,-3267.0,30.875
80,6,55,7,"(3, 12)",16,12.625,0.8125,27.73076923076923,-52.833333333333336,2.274447949526814,-12.25,"30.50,-12.25,27.75,4.50",6,8,-59.5,5922.0,-3267.0,30.875
80,7,55,7,"(3,)",16,12.625,0.8125,27.73076923076923,-52.833333333333336,2.274447949526814,-12.25,"30.50,-12.25,27.75,4.50",6,8,-59.5,5922.0,-3267.0,30.875
80,7,55,7,"(3, 12)",16,12.625,0.8125,27.73076923076923,-52.833333333333336,2.274447949526814,-12.25,"30.50,-12.25,27.75,4.50",6,8,-59.5,5922.0,-3267.0,30.875
80,8,55,7,"(3,)",16,12.625,0.8125,27.73076923076923,-52.833333333333336,2.274447949526814,-12.25,"30.50,-12.25,27.75,4.50",6,8,-59.5,5922.0,-3267.0,30.875
80,8,55,7,"(3, 12)",16,12.625,0.8125,27.73076923076923,-52.833333333333336,2.274447949526814,-12.25,"30.50,-12.25,27.75,4.50",6,8,-59.5,5922.0,-3267.0,30.875
65,6,55,7,"(3,)",16,12.625,1.0,12.625,,,9.5,"15.50,12.75,12.75,9.50",8,8,5.5,6562.0,0.0,31.875
65,6,55,7,"(3, 12)",16,12.625,1.0,12.625,,,9.5,"15.50,12.75,12.75,9.50",8,8,5.5,6562.0,0.0,31.875
65,7,55,7,"(3,)",16,12.625,1.0,12.625,,,9.5,"15.50,12.75,12.75,9.50",8,8,5.5,6562.0,0.0,31.875
65,7,55,7,"(3, 12)",16,12.625,1.0,12.625,,,9.5,"15.50,12.75,12.75,9.50",8,8,5.5,6562.0,0.0,31.875
65,8,55,7,"(3,)",16,12.625,1.0,12.625,,,9.5,"15.50,12.75,12.75,9.50",8,8,5.5,6562.0,0.0,31.875
65,8,55,7,"(3, 12)",16,12.625,1.0,12.625,,,9.5,"15.50,12.75,12.75,9.50",8,8,5.5,6562.0,0.0,31.875
70,4,50,7,"(12,)",17,12.617647058823529,0.8823529411764706,19.966666666666665,-42.5,3.523529411764706,4.75,"7.90,18.25,20.75,4.75",7,9,-42.5,6165.5,-2040.0,33.0
70,0,50,10,"(3, 12)",26,12.615384615384615,0.8846153846153846,20.456521739130434,-47.5,3.3017543859649123,1.5,"1.50,9.36,19.33,22.67",9,10,-49.0,12186.0,-3147.5,33.76923076923077
99,4,55,10,"(3, 12)",26,12.615384615384615,0.6538461538461539,47.5,-53.27777777777778,1.6840458811261731,-11.642857142857142,"7.07,-11.64,29.83,30.17",6,9,-59.5,10549.0,-6062.5,29.53846153846154
95,4,50,8,"(3, 18)",18,12.61111111111111,0.6666666666666666,44.583333333333336,-51.333333333333336,1.7370129870129871,-14.7,"27.90,-14.70,19.75,20.50",5,9,-54.5,6495.5,-3774.0,31.166666666666668
99,0,50,6,"(3,)",19,12.605263157894736,0.631578947368421,47.833333333333336,-47.785714285714285,1.7159940209267563,-10.7,"28.90,-10.70,8.30,26.75",6,10,-54.5,5297.0,-5271.5,31.36842105263158
65,4,55,10,"(3, 12, 14, 18, 20)",21,12.595238095238095,1.0,12.595238095238095,,,10.5,"14.17,10.50,13.50,11.90",8,8,5.5,9258.5,0.0,33.76190476190476
70,4,55,10,"(12, 18)",26,12.576923076923077,0.9230769230769231,17.166666666666668,-42.5,4.847058823529411,7.333333333333333,"10.36,16.64,15.67,7.33",7,9,-42.5,10507.0,-2465.0,35.46153846153846
99,0,50,10,"(3, 18)",27,12.574074074074074,0.6296296296296297,49.205882352941174,-49.7,1.6830985915492958,-22.357142857142858,"36.21,-22.36,18.93,18.33",5,10,-47.0,10263.0,-6509.0,36.888888888888886
65,4,47,10,"(3,)",15,12.566666666666666,0.9333333333333333,16.5,-42.5,5.435294117647059,2.75,"2.75,15.75,15.00,18.17",7,8,-42.5,5898.0,-1445.0,31.6
65,4,47,10,"(14,)",15,12.566666666666666,0.9333333333333333,16.5,-42.5,5.435294117647059,-1.5,"17.00,15.50,15.75,-1.50",7,8,-42.5,5907.5,-2082.5,35.266666666666666
65,4,47,10,"(3, 12)",15,12.566666666666666,0.9333333333333333,16.5,-42.5,5.435294117647059,2.75,"2.75,15.75,15.00,18.17",7,8,-42.5,5898.0,-1445.0,31.6
80,5,50,8,"(3, 18)",15,12.566666666666666,0.8,28.666666666666668,-51.833333333333336,2.212218649517685,-33.0,"30.50,-33.00,27.75,29.17",5,7,-10.5,5516.5,-4080.0,29.533333333333335
80,5,50,8,"(3, 12, 18)",15,12.566666666666666,0.8,28.666666666666668,-51.833333333333336,2.212218649517685,-33.0,"30.50,-33.00,27.75,29.17",5,7,-10.5,5516.5,-4080.0,29.533333333333335
85,4,50,6,"(20,)",15,12.566666666666666,0.7333333333333333,34.31818181818182,-47.25,1.9973544973544974,-6.0,"15.00,11.50,-6.00,35.50",7,10,-54.5,4678.0,-3456.0,30.666666666666668
90,4,45,10,(),15,12.566666666666666,0.6666666666666666,42.3,-46.9,1.8038379530916844,-4.5,"-0.50,-4.50,40.75,15.17",5,9,-42.5,5084.5,-2982.5,29.933333333333334
90,4,45,10,"(12,)",15,12.566666666666666,0.6666666666666666,42.3,-46.9,1.8038379530916844,-4.5,"-0.50,-4.50,40.75,15.17",5,9,-42.5,5084.5,-2982.5,29.933333333333334
85,6,55,7,"(18,)",17,12.558823529411764,0.7647058823529411,31.884615384615383,-50.25,2.0621890547263684,9.0,"18.50,11.00,9.00,10.25",7,8,-24.833333333333332,5530.0,-3366.0,32.470588235294116
85,6,55,7,"(12, 18)",17,12.558823529411764,0.7647058823529411,31.884615384615383,-50.25,2.0621890547263684,9.0,"18.50,11.00,9.00,10.25",7,8,-24.833333333333332,5530.0,-3366.0,32.470588235294116
99,0,50,6,"(14,)",19,12.552631578947368,0.631578947368421,47.833333333333336,-47.92857142857143,1.7108792846497765,-9.7,"28.50,7.70,-9.70,26.50",6,9,-54.5,5334.5,-5950.0,35.73684210526316
80,4,55,7,"(3, 12)",20,12.55,0.8,28.25,-50.25,2.2487562189054726,-5.1,"15.90,-5.10,28.50,10.90",6,9,-59.5,7492.5,-3019.5,30.65
80,0,55,7,"(3, 12, 14, 18, 20)",20,12.55,0.8,29.0625,-53.5,2.1728971962616823,-4.1,"31.70,-4.10,11.90,10.70",6,9,-59.5,8416.5,-4137.5,34.75
85,0,50,7,"(12, 18)",21,12.547619047619047,0.7142857142857143,35.63333333333333,-45.166666666666664,1.9723247232472325,-16.3,"23.50,-16.30,36.50,4.30",6,10,-42.5,6957.0,-4463.5,36.19047619047619
95,4,55,8,"(3, 18)",22,12.545454545454545,0.6818181818181818,42.9,-52.5,1.7510204081632652,3.1,"13.83,10.50,3.10,22.90",6,10,-59.5,7911.5,-3842.0,31.5
95,0,55,7,"(20,)",30,12.533333333333333,0.6666666666666666,43.3,-49.0,1.7673469387755103,-11.357142857142858,"33.25,20.12,-11.36,4.07",7,10,-42.5,10123.5,-15570.5,46.1
70,4,55,10,"(3, 12)",26,12.5,0.9230769230769231,17.625,-49.0,4.316326530612245,0.5,"0.50,15.93,17.33,17.67",8,9,-49.0,11312.5,-2803.0,32.19230769230769
80,5,55,6,(),15,12.5,0.8,27.416666666666668,-47.166666666666664,2.325088339222615,-10.5,"27.75,-10.50,10.00,26.17",6,8,-42.5,4596.5,-3168.0,29.8
80,5,55,6,"(12,)",15,12.5,0.8,27.416666666666668,-47.166666666666664,2.325088339222615,-10.5,"27.75,-10.50,10.00,26.17",6,8,-42.5,4596.5,-3168.0,29.8
80,5,55,6,"(14,)",15,12.5,0.8,27.416666666666668,-47.166666666666664,2.325088339222615,-10.5,"27.75,-10.50,10.00,26.17",6,8,-42.5,4596.5,-3168.0,29.8
80,0,50,8,"(3, 12)",22,12.5,0.7727272727272727,30.441176470588236,-48.5,2.134020618556701,-24.666666666666668,"19.33,-24.67,29.50,31.90",7,10,-42.5,8792.0,-5664.5,31.0
85,4,50,8,"(20,)",19,12.5,0.7368421052631579,34.5,-49.1,1.9674134419551934,-2.1,"19.90,-2.10,16.90,16.00",6,10,-54.5,6684.5,-3886.5,32.36842105263158
90,4,55,6,"(18,)",17,12.5,0.7058823529411765,37.583333333333336,-47.7,1.8909853249475892,-7.0,"21.70,-5.50,-7.00,38.50",7,10,-54.5,4826.0,-3219.5,28.941176470588236
70,0,50,10,"(3, 18)",27,12.462962962962964,0.8888888888888888,19.916666666666668,-47.166666666666664,3.3780918727915195,8.214285714285714,"11.36,9.36,8.21,22.33",8,10,-42.5,12423.5,-2180.0,36.333333333333336
70,4,55,8,"(12,)",24,12.458333333333334,0.9166666666666666,17.454545454545453,-42.5,4.517647058823529,7.333333333333333,"8.83,17.17,16.50,7.33",7,9,-42.5,9336.0,-2337.5,34.583333333333336
70,0,47,10,"(14,)",21,12.452380952380953,0.8571428571428571,21.72222222222222,-43.166666666666664,3.0193050193050195,-2.1,"11.67,20.10,20.30,-2.10",7,9,-12.5,8313.5,-2635.0,40.523809523809526
70,4,50,10,"(3, 18)",20,12.45,0.9,19.22222222222222,-48.5,3.5670103092783507,5.7,"7.90,17.90,18.30,5.70",7,9,-54.5,8079.0,-2125.5,33.7
75,0,47,10,"(3, 18)",20,12.45,0.8,27.1875,-46.5,2.338709677419355,-18.3,"14.50,-18.30,24.50,29.10",8,10,-42.5,8063.0,-3692.5,32.4
80,0,47,10,"(3, 18)",20,12.45,0.75,32.36666666666667,-47.3,2.0528541226215644,-32.3,"18.50,-32.30,29.50,34.10",7,10,-42.5,8087.0,-5128.0,30.9
85,0,47,7,(),20,12.45,0.7,37.142857142857146,-45.166666666666664,1.918819188191882,-15.3,"22.50,-15.30,35.30,7.30",5,9,-42.5,6886.5,-4753.0,35.95
85,0,47,8,(),20,12.45,0.7,37.142857142857146,-45.166666666666664,1.918819188191882,-15.3,"22.50,-15.30,35.30,7.30",5,9,-42.5,6886.5,-4753.0,35.95
99,4,50,10,"(3,)",22,12.409090909090908,0.6363636363636364,49.07142857142857,-51.75,1.6594202898550725,-18.666666666666668,"16.67,-18.67,28.10,28.90",5,9,-54.5,8250.0,-4993.0,30.454545454545453
99,4,50,10,"(14,)",22,12.409090909090908,0.6363636363636364,49.07142857142857,-51.75,1.6594202898550725,-2.3333333333333335,"15.33,-2.33,28.70,10.30",5,10,-55.5,8269.5,-4021.0,33.40909090909091
95,0,55,7,"(12,)",30,12.4,0.6666666666666666,43.1,-49.0,1.7591836734693878,2.642857142857143,"22.88,17.75,2.64,4.07",7,10,-42.5,9828.5,-11670.5,42.43333333333333
75,5,50,10,"(20,)",19,12.394736842105264,0.8421052631578947,23.9375,-49.166666666666664,2.5966101694915253,7.5,"9.30,7.90,23.90,7.50",6,9,-55.5,7111.5,-2210.0,33.421052631578945
90,5,50,10,"(3, 18)",17,12.382352941176471,0.7058823529411765,39.333333333333336,-52.3,1.8049713193116634,-7.5,"22.30,-7.50,16.75,15.50",5,7,-20.166666666666668,6039.5,-4518.5,31.11764705882353
90,5,50,10,"(3, 12, 18)",17,12.382352941176471,0.7058823529411765,39.333333333333336,-52.3,1.8049713193116634,-7.5,"22.30,-7.50,16.75,15.50",5,7,-20.166666666666668,6039.5,-4518.5,31.11764705882353
75,4,47,10,"(20,)",15,12.366666666666667,0.8,26.666666666666668,-44.833333333333336,2.379182156133829,5.166666666666667,"10.25,6.50,25.75,5.17",6,9,-42.5,5176.0,-1912.5,32.666666666666664
65,10,55,7,"(3,)",15,12.366666666666667,1.0,12.366666666666667,,,7.166666666666667,"15.50,12.75,12.75,7.17",8,8,5.5,5888.5,0.0,31.133333333333333
65,10,55,7,"(3, 12)",15,12.366666666666667,1.0,12.366666666666667,,,7.166666666666667,"15.50,12.75,12.75,7.17",8,8,5.5,5888.5,0.0,31.133333333333333
85,4,55,10,"(3, 12, 14, 18, 20)",21,12.357142857142858,0.7619047619047619,33.5,-55.3,1.938517179023508,-3.5,"5.83,-3.50,33.50,14.90",6,8,-59.5,8735.0,-4539.0,30.857142857142858
99,0,47,7,(),20,12.35,0.6,51.0,-45.625,1.6767123287671233,-9.7,"33.70,-9.70,29.50,-4.10",6,9,-45.5,5829.0,-6747.5,39.2
99,0,47,8,(),20,12.35,0.6,51.0,-45.625,1.6767123287671233,-9.7,"33.70,-9.70,29.50,-4.10",6,9,-45.5,5829.0,-6747.5,39.2
85,0,50,7,(),25,12.34,0.72,35.22222222222222,-46.5,1.9477726574500769,-8.0,"24.21,-8.00,20.33,10.83",6,10,-42.5,8875.0,-4354.0,38.4
90,0,50,7,(),25,12.34,0.68,39.73529411764706,-45.875,1.840599455040872,-5.5,"28.50,-5.50,24.50,-0.83",5,10,-42.5,7565.5,-5535.0,39.72
65,5,55,7,"(3, 18)",17,12.323529411764707,1.0,12.323529411764707,,,9.75,"14.10,12.75,12.25,9.75",8,8,5.5,6778.5,0.0,31.470588235294116
65,5,55,7,"(3, 12, 18)",17,12.323529411764707,1.0,12.323529411764707,,,9.75,"14.10,12.75,12.25,9.75",8,8,5.5,6778.5,0.0,31.470588235294116
65,7,55,7,(),17,12.323529411764707,1.0,12.323529411764707,,,7.25,"15.50,12.25,13.50,7.25",8,8,6.5,6824.5,0.0,32.05882352941177
65,7,55,7,"(12,)",17,12.323529411764707,1.0,12.323529411764707,,,7.25,"15.50,12.25,13.50,7.25",8,8,6.5,6824.5,0.0,32.05882352941177
65,7,55,7,"(14,)",17,12.323529411764707,1.0,12.323529411764707,,,7.25,"15.50,12.25,13.50,7.25",8,8,6.5,6824.5,0.0,32.05882352941177
65,8,55,7,(),17,12.323529411764707,1.0,12.323529411764707,,,7.25,"15.50,12.25,13.50,7.25",8,8,6.5,6824.5,0.0,32.05882352941177
65,8,55,7,"(12,)",17,12.323529411764707,1.0,12.323529411764707,,,7.25,"15.50,12.25,13.50,7.25",8,8,6.5,6824.5,0.0,32.05882352941177
65,8,55,7,"(14,)",17,12.323529411764707,1.0,12.323529411764707,,,7.25,"15.50,12.25,13.50,7.25",8,8,6.5,6824.5,0.0,32.05882352941177
70,4,55,7,"(12,)",22,12.318181818181818,0.9090909090909091,17.8,-42.5,4.188235294117647,6.3,"8.83,16.50,17.50,6.30",7,9,-42.5,8155.5,-2210.0,33.68181818181818
70,5,50,10,(),20,12.3,0.9,19.11111111111111,-49.0,3.510204081632653,5.3,"5.30,17.90,20.10,5.90",7,9,-55.5,7915.5,-2380.0,34.35
70,5,50,10,"(12,)",20,12.3,0.9,19.11111111111111,-49.0,3.510204081632653,5.3,"5.30,17.90,20.10,5.90",7,9,-55.5,7915.5,-2380.0,34.35
70,5,50,10,"(14,)",20,12.3,0.9,19.11111111111111,-49.0,3.510204081632653,5.3,"5.30,17.90,20.10,5.90",7,9,-55.5,7915.5,-2380.0,34.35
65,5,55,8,"(3,)",20,12.3,1.0,12.3,,,11.1,"14.10,11.90,12.10,11.10",8,8,5.5,8358.0,0.0,33.0
65,5,55,8,"(3, 12)",20,12.3,1.0,12.3,,,11.1,"14.10,11.90,12.10,11.10",8,8,5.5,8358.0,0.0,33.0
85,4,50,10,"(3, 12, 18)",19,12.289473684210526,0.7368421052631579,34.42857142857143,-49.7,1.9396378269617707,-18.1,"19.90,-18.10,16.30,35.75",5,8,-42.5,6861.0,-4194.0,29.157894736842106
99,10,55,10,"(18,)",18,12.277777777777779,0.6666666666666666,45.5,-54.166666666666664,1.68,6.3,"8.90,6.30,19.75,16.50",5,8,-9.0,5704.0,-5409.5,29.444444444444443
99,10,55,10,"(12, 18)",18,12.277777777777779,0.6666666666666666,45.5,-54.166666666666664,1.68,6.3,"8.90,6.30,19.75,16.50",5,8,-9.0,5704.0,-5409.5,29.444444444444443
80,0,50,7,"(3, 18)",22,12.272727272727273,0.7727272727272727,30.029411764705884,-48.1,2.1226611226611225,-9.166666666666666,"17.17,-9.17,12.90,31.50",7,10,-42.5,8248.0,-4214.5,32.54545454545455
99,0,50,10,"(12, 18)",26,12.26923076923077,0.6153846153846154,49.625,-47.5,1.671578947368421,-8.357142857142858,"22.93,-8.36,16.33,19.83",6,10,-42.5,8143.0,-6053.5,36.92307692307692
95,0,45,10,(),21,12.261904761904763,0.6190476190476191,47.73076923076923,-45.375,1.709366391184573,2.5,"2.50,7.10,28.50,12.90",6,10,-42.5,6509.5,-4621.5,35.38095238095238
95,0,45,10,"(12,)",21,12.261904761904763,0.6190476190476191,47.73076923076923,-45.375,1.709366391184573,2.5,"2.50,7.10,28.50,12.90",6,10,-42.5,6509.5,-4621.5,35.38095238095238
75,0,45,10,"(3,)",19,12.236842105263158,0.7894736842105263,27.9,-46.5,2.25,-18.5,"14.90,-18.50,25.50,30.75",8,10,-42.5,7655.5,-3482.5,31.736842105263158
75,0,45,10,"(3, 12)",19,12.236842105263158,0.7894736842105263,27.9,-46.5,2.25,-18.5,"14.90,-18.50,25.50,30.75",8,10,-42.5,7655.5,-3482.5,31.736842105263158
99,4,50,8,"(18,)",19,12.236842105263158,0.631578947368421,48.583333333333336,-50.07142857142857,1.6633380884450784,-13.1,"31.10,-13.10,7.30,26.50",5,10,-54.5,6120.5,-3828.5,32.36842105263158
65,6,55,7,"(3, 18)",15,12.233333333333333,1.0,12.233333333333333,,,7.166666666666667,"15.50,12.75,12.25,7.17",8,8,5.5,5794.0,0.0,31.066666666666666
65,6,55,7,"(3, 12, 18)",15,12.233333333333333,1.0,12.233333333333333,,,7.166666666666667,"15.50,12.75,12.25,7.17",8,8,5.5,5794.0,0.0,31.066666666666666
65,7,55,7,"(3, 18)",15,12.233333333333333,1.0,12.233333333333333,,,7.166666666666667,"15.50,12.75,12.25,7.17",8,8,5.5,5794.0,0.0,31.066666666666666
65,7,55,7,"(3, 12, 18)",15,12.233333333333333,1.0,12.233333333333333,,,7.166666666666667,"15.50,12.75,12.25,7.17",8,8,5.5,5794.0,0.0,31.066666666666666
65,8,55,7,"(3, 18)",15,12.233333333333333,1.0,12.233333333333333,,,7.166666666666667,"15.50,12.75,12.25,7.17",8,8,5.5,5794.0,0.0,31.066666666666666
65,8,55,7,"(3, 12, 18)",15,12.233333333333333,1.0,12.233333333333333,,,7.166666666666667,"15.50,12.75,12.25,7.17",8,8,5.5,5794.0,0.0,31.066666666666666
75,4,50,8,"(3, 12)",18,12.222222222222221,0.8333333333333334,24.1,-47.166666666666664,2.5547703180212014,-7.7,"11.90,-7.70,24.00,25.75",6,8,-42.5,6284.0,-2920.5,29.666666666666668
90,6,55,8,"(3,)",18,12.222222222222221,0.7222222222222222,37.73076923076923,-54.1,1.8133086876155269,1.9,"21.10,1.90,14.25,12.00",6,8,-59.5,6422.0,-4015.0,31.444444444444443
90,6,55,8,"(3, 12)",18,12.222222222222221,0.7222222222222222,37.73076923076923,-54.1,1.8133086876155269,1.9,"21.10,1.90,14.25,12.00",6,8,-59.5,6422.0,-4015.0,31.444444444444443
90,7,55,8,"(3,)",18,12.222222222222221,0.7222222222222222,37.73076923076923,-54.1,1.8133086876155269,1.9,"21.10,1.90,14.25,12.00",6,8,-59.5,6422.0,-4015.0,31.444444444444443
90,7,55,8,"(3, 12)",18,12.222222222222221,0.7222222222222222,37.73076923076923,-54.1,1.8133086876155269,1.9,"21.10,1.90,14.25,12.00",6,8,-59.5,6422.0,-4015.0,31.444444444444443
90,8,55,8,"(3,)",18,12.222222222222221,0.7222222222222222,37.73076923076923,-54.1,1.8133086876155269,1.9,"21.10,1.90,14.25,12.00",6,8,-59.5,6422.0,-4015.0,31.444444444444443
90,8,55,8,"(3, 12)",18,12.222222222222221,0.7222222222222222,37.73076923076923,-54.1,1.8133086876155269,1.9,"21.10,1.90,14.25,12.00",6,8,-59.5,6422.0,-4015.0,31.444444444444443
65,6,55,8,"(3,)",18,12.222222222222221,1.0,12.222222222222221,,,9.5,"14.10,12.90,11.75,9.50",8,8,5.5,7202.0,0.0,32.111111111111114
65,6,55,8,"(3, 12)",18,12.222222222222221,1.0,12.222222222222221,,,9.5,"14.10,12.90,11.75,9.50",8,8,5.5,7202.0,0.0,32.111111111111114
65,7,55,8,"(3,)",18,12.222222222222221,1.0,12.222222222222221,,,9.5,"14.10,12.90,11.75,9.50",8,8,5.5,7202.0,0.0,32.111111111111114
65,7,55,8,"(3, 12)",18,12.222222222222221,1.0,12.222222222222221,,,9.5,"14.10,12.90,11.75,9.50",8,8,5.5,7202.0,0.0,32.111111111111114
65,8,55,8,"(3,)",18,12.222222222222221,1.0,12.222222222222221,,,9.5,"14.10,12.90,11.75,9.50",8,8,5.5,7202.0,0.0,32.111111111111114
65,8,55,8,"(3, 12)",18,12.222222222222221,1.0,12.222222222222221,,,9.5,"14.10,12.90,11.75,9.50",8,8,5.5,7202.0,0.0,32.111111111111114
65,5,55,8,"(3, 12, 14, 18, 20)",17,12.205882352941176,1.0,12.205882352941176,,,9.75,"14.10,11.00,13.50,9.75",8,8,5.5,6682.5,0.0,31.352941176470587
65,7,55,8,"(20,)",17,12.205882352941176,1.0,12.205882352941176,,,7.25,"14.10,12.25,14.75,7.25",8,8,6.5,6686.0,0.0,31.764705882352942
65,8,55,8,"(20,)",17,12.205882352941176,1.0,12.205882352941176,,,7.25,"14.10,12.25,14.75,7.25",8,8,6.5,6686.0,0.0,31.764705882352942
90,0,55,7,"(20,)",30,12.2,0.7,38.26190476190476,-48.611111111111114,1.8365714285714285,-0.6428571428571429,"28.88,16.38,-0.64,1.21",7,10,-42.5,10170.0,-10354.0,43.8
65,5,55,10,"(3, 12, 14, 18, 20)",20,12.2,1.0,12.2,,,10.9,"15.30,10.90,11.50,11.10",8,8,5.5,8204.0,0.0,32.8
70,0,50,6,"(3, 12)",16,12.1875,0.875,20.142857142857142,-43.5,3.2413793103448274,2.5,"3.75,2.50,20.00,22.50",7,9,-42.5,5653.0,-2011.5,29.25
80,10,55,8,"(3,)",16,12.1875,0.8125,27.192307692307693,-52.833333333333336,2.230283911671924,-12.25,"30.50,-12.25,27.75,2.75",6,8,-59.5,5504.0,-3267.0,30.5
80,10,55,8,"(3, 12)",16,12.1875,0.8125,27.192307692307693,-52.833333333333336,2.230283911671924,-12.25,"30.50,-12.25,27.75,2.75",6,8,-59.5,5504.0,-3267.0,30.5
85,4,55,6,"(3, 18)",16,12.1875,0.75,32.583333333333336,-49.0,1.9948979591836735,-9.25,"15.00,-9.25,9.50,33.50",6,9,-54.5,4753.0,-2871.0,27.75
65,10,55,8,"(3,)",16,12.1875,1.0,12.1875,,,7.75,"15.50,12.75,12.75,7.75",8,8,5.5,6233.0,0.0,31.5
65,10,55,8,"(3, 12)",16,12.1875,1.0,12.1875,,,7.75,"15.50,12.75,12.75,7.75",8,8,5.5,6233.0,0.0,31.5
95,6,55,8,"(18,)",19,12.18421052631579,0.6842105263157895,41.88461538461539,-52.166666666666664,1.7396166134185302,2.1,"25.10,4.90,2.10,17.75",6,8,-21.5,5892.0,-3997.0,32.31578947368421
95,6,55,8,"(12, 18)",19,12.18421052631579,0.6842105263157895,41.88461538461539,-52.166666666666664,1.7396166134185302,2.1,"25.10,4.90,2.10,17.75",6,8,-21.5,5892.0,-3997.0,32.31578947368421
70,4,50,8,"(12, 18)",18,12.166666666666666,0.8888888888888888,19.0,-42.5,3.5764705882352943,4.75,"7.90,17.30,18.50,4.75",7,9,-42.5,6148.0,-2040.0,32.44444444444444
75,10,55,8,"(20,)",15,12.166666666666666,0.8666666666666667,22.423076923076923,-54.5,2.6743119266055047,3.25,"25.50,3.50,3.25,17.83",7,8,-21.0,5491.5,-1904.0,30.866666666666667
90,4,55,8,"(3, 12, 18)",21,12.166666666666666,0.7142857142857143,37.9,-52.166666666666664,1.81629392971246,0.9,"10.50,0.90,18.70,18.90",6,9,-59.5,7214.0,-3843.5,29.80952380952381
90,4,47,10,"(18,)",15,12.166666666666666,0.6666666666666666,41.7,-46.9,1.7782515991471215,-26.75,"21.50,-26.75,39.50,15.17",5,9,-42.5,4547.0,-3331.0,30.666666666666668
90,4,47,10,"(12, 18)",15,12.166666666666666,0.6666666666666666,41.7,-46.9,1.7782515991471215,-26.75,"21.50,-26.75,39.50,15.17",5,9,-42.5,4547.0,-3331.0,30.666666666666668
99,0,50,6,"(12,)",18,12.166666666666666,0.6111111111111112,48.31818181818182,-44.642857142857146,1.7008,4.25,"11.50,7.70,4.25,26.50",6,9,-42.5,3774.5,-3525.0,32.05555555555556
65,10,55,8,"(20,)",15,12.166666666666666,1.0,12.166666666666666,,,7.833333333333333,"15.50,12.25,12.00,7.83",8,8,6.5,5710.5,0.0,30.866666666666667
70,4,50,8,"(3,)",19,12.131578947368421,0.8947368421052632,19.264705882352942,-48.5,3.3762886597938144,1.75,"7.90,17.30,19.50,1.75",7,9,-54.5,7274.5,-2071.0,32.89473684210526
70,4,50,8,"(14,)",19,12.131578947368421,0.8947368421052632,19.264705882352942,-48.5,3.3762886597938144,4.75,"19.10,18.30,4.90,4.75",7,9,-54.5,7324.0,-4511.0,36.526315789473685
85,4,50,8,"(3,)",19,12.131578947368421,0.7368421052631579,34.5,-50.5,1.9128712871287128,-18.7,"19.90,-18.70,34.50,13.00",5,9,-54.5,6640.5,-3966.0,30.05263157894737
85,4,50,8,"(14,)",19,12.131578947368421,0.7368421052631579,34.5,-50.5,1.9128712871287128,-0.7,"17.10,-0.70,16.90,16.00",5,9,-54.5,6776.0,-4121.5,32.94736842105263
90,4,50,6,(),16,12.125,0.6875,39.31818181818182,-47.7,1.8134171907756813,-6.75,"18.75,-6.75,16.75,19.75",6,10,-54.5,4626.5,-3359.0,29.9375
99,5,55,10,(),26,12.115384615384615,0.6538461538461539,46.73529411764706,-53.27777777777778,1.6569343065693432,3.2142857142857144,"5.07,3.21,30.33,12.50",6,9,-55.5,9320.0,-5176.0,31.923076923076923
99,5,55,10,"(12,)",26,12.115384615384615,0.6538461538461539,46.73529411764706,-53.27777777777778,1.6569343065693432,3.2142857142857144,"5.07,3.21,30.33,12.50",6,9,-55.5,9320.0,-5176.0,31.923076923076923
99,5,55,10,"(14,)",26,12.115384615384615,0.6538461538461539,46.73529411764706,-53.27777777777778,1.6569343065693432,3.2142857142857144,"5.07,3.21,30.33,12.50",6,9,-55.5,9320.0,-5176.0,31.923076923076923
70,4,55,10,"(3, 18)",25,12.1,0.92,17.369565217391305,-48.5,4.118556701030927,5.0,"10.36,16.33,17.00,5.00",8,10,-54.5,10069.0,-2289.0,34.32
75,6,55,8,"(3, 12, 14, 18, 20)",15,12.1,0.8666666666666667,22.346153846153847,-54.5,2.665137614678899,-7.833333333333333,"25.50,2.25,23.50,-7.83",7,8,-59.5,5346.0,-1963.5,31.2
75,7,55,8,"(3, 12, 14, 18, 20)",15,12.1,0.8666666666666667,22.346153846153847,-54.5,2.665137614678899,-7.833333333333333,"25.50,2.25,23.50,-7.83",7,8,-59.5,5346.0,-1963.5,31.2
75,8,55,8,"(3, 12, 14, 18, 20)",15,12.1,0.8666666666666667,22.346153846153847,-54.5,2.665137614678899,-7.833333333333333,"25.50,2.25,23.50,-7.83",7,8,-59.5,5346.0,-1963.5,31.2
85,4,50,6,"(3,)",15,12.1,0.7333333333333333,34.31818181818182,-49.0,1.9260204081632653,-9.25,"15.00,-9.25,13.00,35.50",6,9,-54.5,4724.0,-2871.0,28.666666666666668
85,4,50,6,"(14,)",15,12.1,0.7333333333333333,34.31818181818182,-49.0,1.9260204081632653,-8.0,"32.75,-8.00,-6.00,35.50",6,9,-54.5,4764.5,-3498.5,31.266666666666666
90,0,45,10,"(20,)",20,12.1,0.65,42.73076923076923,-44.785714285714285,1.7719298245614035,5.1,"8.90,5.10,24.50,9.90",6,10,-42.5,6250.5,-4112.0,36.15
95,0,43,10,"(20,)",15,12.1,0.6,49.388888888888886,-43.833333333333336,1.6901140684410647,0.5,"27.50,0.50,3.25,18.83",6,9,-49.5,4396.0,-3525.0,36.666666666666664
65,6,55,8,"(3, 12, 14, 18, 20)",15,12.1,1.0,12.1,,,7.166666666666667,"15.50,11.00,13.50,7.17",8,8,5.5,5638.5,0.0,30.6
65,7,55,8,"(3, 12, 14, 18, 20)",15,12.1,1.0,12.1,,,7.166666666666667,"15.50,11.00,13.50,7.17",8,8,5.5,5638.5,0.0,30.6
65,8,55,8,"(3, 12, 14, 18, 20)",15,12.1,1.0,12.1,,,7.166666666666667,"15.50,11.00,13.50,7.17",8,8,5.5,5638.5,0.0,30.6
65,12,55,10,"(18,)",15,12.1,1.0,12.1,,,6.833333333333333,"17.00,10.50,12.75,6.83",7,7,4.5,5648.0,0.0,30.8
65,12,55,10,"(12, 18)",15,12.1,1.0,12.1,,,6.833333333333333,"17.00,10.50,12.75,6.83",7,7,4.5,5648.0,0.0,30.8
65,0,50,10,"(3, 12, 14, 18, 20)",21,12.071428571428571,0.9523809523809523,14.9,-44.5,6.696629213483146,1.1,"16.33,1.10,13.50,16.50",7,8,0.0,8676.0,-1691.0,33.80952380952381
85,0,47,10,(),23,12.065217391304348,0.6956521739130435,37.4375,-45.92857142857143,1.8631415241057543,-6.5,"10.33,-6.50,36.67,6.90",6,10,-42.5,8385.0,-5092.5,35.82608695652174
80,10,55,7,(),16,12.0625,0.8125,27.03846153846154,-52.833333333333336,2.217665615141956,-12.25,"30.50,-12.25,27.75,2.25",6,8,-18.5,5442.5,-3267.0,30.0625
80,10,55,7,"(12,)",16,12.0625,0.8125,27.03846153846154,-52.833333333333336,2.217665615141956,-12.25,"30.50,-12.25,27.75,2.25",6,8,-18.5,5442.5,-3267.0,30.0625
80,10,55,7,"(14,)",16,12.0625,0.8125,27.03846153846154,-52.833333333333336,2.217665615141956,-12.25,"30.50,-12.25,27.75,2.25",6,8,-18.5,5442.5,-3267.0,30.0625
65,10,55,7,(),16,12.0625,1.0,12.0625,,,7.25,"15.50,12.75,12.75,7.25",8,8,6.5,6152.0,0.0,31.375
65,10,55,7,"(12,)",16,12.0625,1.0,12.0625,,,7.25,"15.50,12.75,12.75,7.25",8,8,6.5,6152.0,0.0,31.375
65,10,55,7,"(14,)",16,12.0625,1.0,12.0625,,,7.25,"15.50,12.75,12.75,7.25",8,8,6.5,6152.0,0.0,31.375
75,0,50,8,"(3, 12)",22,12.045454545454545,0.8181818181818182,25.055555555555557,-46.5,2.424731182795699,-13.833333333333334,"15.17,-13.83,24.50,26.90",8,10,-42.5,8316.0,-4146.0,31.545454545454547
90,0,50,8,"(3, 12)",22,12.045454545454545,0.6818181818181818,40.3,-48.5,1.7805596465390279,-21.333333333333332,"27.67,-21.33,21.50,23.90",6,10,-42.5,7186.0,-5776.5,33.0
85,4,55,8,"(12,)",24,12.041666666666666,0.75,32.72222222222222,-50.0,1.9633333333333334,3.8333333333333335,"7.17,3.83,17.33,19.83",6,9,-42.5,8100.0,-3966.0,30.916666666666668
90,4,55,8,"(12,)",24,12.041666666666666,0.7083333333333334,37.911764705882355,-50.785714285714285,1.8129395218002813,6.5,"10.50,7.17,6.50,24.00",6,9,-42.5,8045.0,-3843.5,31.333333333333332
80,4,50,7,"(12,)",17,12.029411764705882,0.7647058823529411,29.884615384615383,-46.0,2.1114130434782608,-11.75,"15.90,-11.75,30.75,12.25",6,9,-42.5,5360.5,-3019.5,31.11764705882353
75,5,50,10,"(3,)",19,12.026315789473685,0.8421052631578947,23.9375,-51.5,2.4789644012944985,7.9,"9.30,7.90,10.10,23.00",6,8,-55.5,7122.0,-3366.0,31.05263157894737
75,5,50,10,"(3, 12)",19,12.026315789473685,0.8421052631578947,23.9375,-51.5,2.4789644012944985,7.9,"9.30,7.90,10.10,23.00",6,8,-55.5,7122.0,-3366.0,31.05263157894737
80,0,47,7,"(20,)",19,12.026315789473685,0.7368421052631579,32.142857142857146,-44.3,2.0316027088036117,-4.25,"18.50,-1.50,32.10,-4.25",6,9,-42.5,6292.0,-3447.0,36.421052631578945
80,0,47,8,"(20,)",19,12.026315789473685,0.7368421052631579,32.142857142857146,-44.3,2.0316027088036117,-4.25,"18.50,-1.50,32.10,-4.25",6,9,-42.5,6292.0,-3447.0,36.421052631578945
85,5,55,8,"(18,)",21,12.023809523809524,0.7619047619047619,31.875,-51.5,1.9805825242718447,-1.1,"19.00,-1.10,13.10,15.70",6,8,-24.833333333333332,6991.0,-4121.5,31.80952380952381
85,5,55,8,"(12, 18)",21,12.023809523809524,0.7619047619047619,31.875,-51.5,1.9805825242718447,-1.1,"19.00,-1.10,13.10,15.70",6,8,-24.833333333333332,6991.0,-4121.5,31.80952380952381
90,0,55,7,"(3, 12)",27,12.018518518518519,0.7037037037037037,38.39473684210526,-50.625,1.8012345679012345,-0.21428571428571427,"28.21,-0.21,10.93,8.67",7,10,-50.5,9639.0,-9240.5,37.55555555555556
70,5,55,10,(),26,12.0,0.9230769230769231,17.083333333333332,-49.0,4.183673469387755,4.833333333333333,"8.50,16.64,17.83,4.83",7,9,-55.5,10416.0,-2635.0,35.53846153846154
70,5,55,10,"(12,)",26,12.0,0.9230769230769231,17.083333333333332,-49.0,4.183673469387755,4.833333333333333,"8.50,16.64,17.83,4.83",7,9,-55.5,10416.0,-2635.0,35.53846153846154
70,5,55,10,"(14,)",26,12.0,0.9230769230769231,17.083333333333332,-49.0,4.183673469387755,4.833333333333333,"8.50,16.64,17.83,4.83",7,9,-55.5,10416.0,-2635.0,35.53846153846154
65,5,55,10,"(3, 18)",22,12.0,1.0,12.0,,,11.1,"14.17,11.33,11.10,11.10",8,8,5.5,9115.5,0.0,33.68181818181818
65,5,55,10,"(3, 12, 18)",22,12.0,1.0,12.0,,,11.1,"14.17,11.33,11.10,11.10",8,8,5.5,9115.5,0.0,33.68181818181818
70,4,55,8,"(12, 18)",23,11.978260869565217,0.9130434782608695,17.166666666666668,-42.5,4.241176470588235,6.3,"8.83,17.17,14.67,6.30",7,9,-42.5,8164.5,-2210.0,33.34782608695652
95,0,47,10,"(12, 18)",21,11.976190476190476,0.6190476190476191,47.26923076923077,-45.375,1.6928374655647382,-10.5,"17.00,-10.50,27.50,12.90",6,10,-42.5,6058.0,-5009.5,36.095238095238095
80,0,45,10,"(3,)",19,11.973684210526315,0.7368421052631579,33.142857142857146,-47.3,1.9619450317124736,-16.5,"2.90,-16.50,30.50,35.75",7,10,-42.5,7245.0,-4910.0,29.789473684210527
80,0,45,10,"(3, 12)",19,11.973684210526315,0.7368421052631579,33.142857142857146,-47.3,1.9619450317124736,-16.5,"2.90,-16.50,30.50,35.75",7,10,-42.5,7245.0,-4910.0,29.789473684210527
65,5,55,8,"(3, 18)",19,11.973684210526315,1.0,11.973684210526315,,,9.75,"14.10,11.90,11.70,9.75",8,8,5.5,7507.5,0.0,32.1578947368421
65,5,55,8,"(3, 12, 18)",19,11.973684210526315,1.0,11.973684210526315,,,9.75,"14.10,11.90,11.70,9.75",8,8,5.5,7507.5,0.0,32.1578947368421
65,7,55,8,(),19,11.973684210526315,1.0,11.973684210526315,,,7.25,"14.10,12.90,12.70,7.25",8,8,6.5,7464.5,0.0,32.26315789473684
65,7,55,8,"(12,)",19,11.973684210526315,1.0,11.973684210526315,,,7.25,"14.10,12.90,12.70,7.25",8,8,6.5,7464.5,0.0,32.26315789473684
65,7,55,8,"(14,)",19,11.973684210526315,1.0,11.973684210526315,,,7.25,"14.10,12.90,12.70,7.25",8,8,6.5,7464.5,0.0,32.26315789473684
65,8,55,8,(),19,11.973684210526315,1.0,11.973684210526315,,,7.25,"14.10,12.90,12.70,7.25",8,8,6.5,7464.5,0.0,32.26315789473684
65,8,55,8,"(12,)",19,11.973684210526315,1.0,11.973684210526315,,,7.25,"14.10,12.90,12.70,7.25",8,8,6.5,7464.5,0.0,32.26315789473684
65,8,55,8,"(14,)",19,11.973684210526315,1.0,11.973684210526315,,,7.25,"14.10,12.90,12.70,7.25",8,8,6.5,7464.5,0.0,32.26315789473684
90,0,45,7,"(20,)",17,11.970588235294118,0.6470588235294118,42.40909090909091,-43.833333333333336,1.773764258555133,0.75,"10.10,16.75,20.75,0.75",6,9,-42.5,4531.5,-4154.5,36.411764705882355
90,0,45,8,"(20,)",17,11.970588235294118,0.6470588235294118,42.40909090909091,-43.833333333333336,1.773764258555133,0.75,"10.10,16.75,20.75,0.75",6,9,-42.5,4531.5,-4154.5,36.411764705882355
95,7,50,10,"(20,)",15,11.966666666666667,0.6666666666666666,44.7,-53.5,1.6710280373831776,-29.5,"22.00,-29.50,45.00,9.83",5,7,-55.5,5275.0,-3567.5,28.933333333333334
95,8,50,10,"(20,)",15,11.966666666666667,0.6666666666666666,44.7,-53.5,1.6710280373831776,-29.5,"22.00,-29.50,45.00,9.83",5,7,-55.5,5275.0,-3567.5,28.933333333333334
70,4,55,8,"(14,)",24,11.958333333333334,0.9166666666666666,17.454545454545453,-48.5,3.9587628865979383,5.833333333333333,"18.17,16.50,5.83,7.33",7,9,-54.5,9379.5,-3937.0,37.125
80,4,50,8,"(3, 12)",18,11.944444444444445,0.7777777777777778,29.5,-49.5,2.085858585858586,-20.7,"15.90,-20.70,29.00,30.75",5,8,-42.5,6292.5,-4012.0,28.833333333333332
85,4,50,7,(),18,11.944444444444445,0.7222222222222222,34.88461538461539,-47.7,1.90146750524109,-0.7,"19.90,-0.70,13.75,16.00",6,10,-54.5,5661.5,-3692.5,32.27777777777778
95,0,50,7,(),25,11.94,0.64,44.875,-46.611111111111114,1.7115613825983313,-3.0,"32.79,-3.00,12.83,1.67",6,10,-45.5,6794.0,-9718.0,41.12
70,4,50,7,"(12, 18)",16,11.9375,0.875,19.714285714285715,-42.5,3.2470588235294118,3.25,"3.25,20.25,19.50,4.75",7,9,-42.5,5210.5,-1912.5,31.9375
80,7,55,7,"(18,)",16,11.9375,0.8125,26.884615384615383,-52.833333333333336,2.2050473186119874,-12.25,"30.50,-12.25,27.25,2.25",6,8,-18.5,5257.5,-3267.0,29.8125
80,7,55,7,"(12, 18)",16,11.9375,0.8125,26.884615384615383,-52.833333333333336,2.2050473186119874,-12.25,"30.50,-12.25,27.25,2.25",6,8,-18.5,5257.5,-3267.0,29.8125
80,8,55,7,"(18,)",16,11.9375,0.8125,26.884615384615383,-52.833333333333336,2.2050473186119874,-12.25,"30.50,-12.25,27.25,2.25",6,8,-18.5,5257.5,-3267.0,29.8125
80,8,55,7,"(12, 18)",16,11.9375,0.8125,26.884615384615383,-52.833333333333336,2.2050473186119874,-12.25,"30.50,-12.25,27.25,2.25",6,8,-18.5,5257.5,-3267.0,29.8125
65,7,55,7,"(18,)",16,11.9375,1.0,11.9375,,,7.25,"15.50,12.75,12.25,7.25",8,8,6.5,6042.5,0.0,31.1875
65,7,55,7,"(12, 18)",16,11.9375,1.0,11.9375,,,7.25,"15.50,12.75,12.25,7.25",8,8,6.5,6042.5,0.0,31.1875
65,8,55,7,"(18,)",16,11.9375,1.0,11.9375,,,7.25,"15.50,12.75,12.25,7.25",8,8,6.5,6042.5,0.0,31.1875
65,8,55,7,"(12, 18)",16,11.9375,1.0,11.9375,,,7.25,"15.50,12.75,12.25,7.25",8,8,6.5,6042.5,0.0,31.1875
70,4,55,8,"(3,)",23,11.934782608695652,0.9130434782608695,17.69047619047619,-48.5,3.829896907216495,5.666666666666667,"8.83,17.17,5.67,16.90",8,10,-54.5,8969.5,-2125.5,33.43478260869565
70,0,45,10,"(14,)",19,11.921052631578947,0.8421052631578947,22.25,-43.166666666666664,2.749034749034749,8.0,"10.50,20.10,8.30,8.00",7,9,-42.5,6894.5,-2422.5,39.10526315789474
75,0,47,10,"(3, 12, 18)",19,11.921052631578947,0.7894736842105263,27.5,-46.5,2.217741935483871,-18.3,"14.50,-18.30,24.50,30.75",8,10,-42.5,7198.0,-3692.5,32.21052631578947
70,4,50,7,"(3,)",17,11.911764705882353,0.8823529411764706,19.966666666666665,-48.5,3.0876288659793816,1.75,"7.90,18.25,20.75,1.75",7,9,-54.5,6266.0,-1962.0,32.35294117647059
70,4,50,7,"(14,)",17,11.911764705882353,0.8823529411764706,19.966666666666665,-48.5,3.0876288659793816,2.5,"19.10,19.50,2.50,4.75",7,9,-54.5,6283.0,-4274.5,35.64705882352941
65,10,55,8,(),17,11.911764705882353,1.0,11.911764705882353,,,7.25,"15.50,12.25,11.75,7.25",8,8,6.5,6480.5,0.0,31.58823529411765
65,10,55,8,"(12,)",17,11.911764705882353,1.0,11.911764705882353,,,7.25,"15.50,12.25,11.75,7.25",8,8,6.5,6480.5,0.0,31.58823529411765
65,10,55,8,"(14,)",17,11.911764705882353,1.0,11.911764705882353,,,7.25,"15.50,12.25,11.75,7.25",8,8,6.5,6480.5,0.0,31.58823529411765
75,4,47,10,"(3,)",15,11.9,0.8,26.666666666666668,-47.166666666666664,2.2614840989399294,-11.75,"10.25,-11.75,25.00,28.17",6,8,-42.5,5215.0,-2970.0,30.266666666666666
75,4,47,10,"(14,)",15,11.9,0.8,26.666666666666668,-47.166666666666664,2.2614840989399294,-12.0,"27.00,-12.00,25.75,5.17",6,8,-42.5,5218.5,-3366.0,33.53333333333333
75,4,47,10,"(3, 12)",15,11.9,0.8,26.666666666666668,-47.166666666666664,2.2614840989399294,-11.75,"10.25,-11.75,25.00,28.17",6,8,-42.5,5215.0,-2970.0,30.266666666666666
80,5,55,7,(),20,11.9,0.8,27.4375,-50.25,2.18407960199005,-4.1,"29.10,-4.10,10.90,11.70",6,8,-26.5,6734.5,-3402.5,32.95
80,5,55,7,"(12,)",20,11.9,0.8,27.4375,-50.25,2.18407960199005,-4.1,"29.10,-4.10,10.90,11.70",6,8,-26.5,6734.5,-3402.5,32.95
80,5,55,7,"(14,)",20,11.9,0.8,27.4375,-50.25,2.18407960199005,-4.1,"29.10,-4.10,10.90,11.70",6,8,-26.5,6734.5,-3402.5,32.95
85,4,55,7,"(3, 18)",20,11.9,0.75,32.9,-51.1,1.9315068493150684,-2.1,"19.90,-2.10,14.90,14.90",7,10,-59.5,6886.0,-3573.5,31.1
85,6,50,8,(),15,11.9,0.7333333333333333,34.22727272727273,-49.5,1.9015151515151516,-9.25,"14.25,-9.25,34.00,7.50",4,7,-42.5,4586.5,-3973.5,31.0
85,6,50,8,"(12,)",15,11.9,0.7333333333333333,34.22727272727273,-49.5,1.9015151515151516,-9.25,"14.25,-9.25,34.00,7.50",4,7,-42.5,4586.5,-3973.5,31.0
85,6,50,8,"(14,)",15,11.9,0.7333333333333333,34.22727272727273,-49.5,1.9015151515151516,-9.25,"14.25,-9.25,34.00,7.50",4,7,-42.5,4586.5,-3973.5,31.0
75,4,55,10,"(3, 12, 14, 18, 20)",21,11.880952380952381,0.8571428571428571,23.27777777777778,-56.5,2.471976401179941,-9.5,"24.17,-9.50,23.50,6.90",6,8,-59.5,8652.0,-3102.5,33.523809523809526
90,4,55,10,"(3, 12, 14, 18, 20)",21,11.880952380952381,0.7142857142857143,38.766666666666666,-55.333333333333336,1.7515060240963856,-0.5,"9.17,-0.50,20.50,18.90",6,8,-59.5,8269.0,-4459.5,31.238095238095237
70,5,50,10,"(20,)",19,11.868421052631579,0.8947368421052632,19.029411764705884,-49.0,3.3010204081632653,3.75,"5.30,17.90,18.90,3.75",7,9,-55.5,7052.5,-2252.5,33.421052631578945
85,5,50,10,"(20,)",19,11.868421052631579,0.7368421052631579,34.285714285714285,-50.9,1.8860510805500983,-18.1,"17.30,-18.10,33.90,15.00",6,9,-55.5,6612.0,-3170.5,30.94736842105263
85,6,55,8,"(3, 18)",17,11.852941176470589,0.7647058823529411,32.03846153846154,-53.75,1.9372093023255814,-9.75,"17.10,-9.75,30.50,8.25",6,8,-59.5,5538.5,-3973.5,29.235294117647058
85,6,55,8,"(3, 12, 18)",17,11.852941176470589,0.7647058823529411,32.03846153846154,-53.75,1.9372093023255814,-9.75,"17.10,-9.75,30.50,8.25",6,8,-59.5,5538.5,-3973.5,29.235294117647058
85,7,55,8,"(3, 18)",17,11.852941176470589,0.7647058823529411,32.03846153846154,-53.75,1.9372093023255814,-9.75,"17.10,-9.75,30.50,8.25",6,8,-59.5,5538.5,-3973.5,29.235294117647058
85,7,55,8,"(3, 12, 18)",17,11.852941176470589,0.7647058823529411,32.03846153846154,-53.75,1.9372093023255814,-9.75,"17.10,-9.75,30.50,8.25",6,8,-59.5,5538.5,-3973.5,29.235294117647058
85,8,55,8,"(3, 18)",17,11.852941176470589,0.7647058823529411,32.03846153846154,-53.75,1.9372093023255814,-9.75,"17.10,-9.75,30.50,8.25",6,8,-59.5,5538.5,-3973.5,29.235294117647058
85,8,55,8,"(3, 12, 18)",17,11.852941176470589,0.7647058823529411,32.03846153846154,-53.75,1.9372093023255814,-9.75,"17.10,-9.75,30.50,8.25",6,8,-59.5,5538.5,-3973.5,29.235294117647058
65,6,55,8,"(3, 18)",17,11.852941176470589,1.0,11.852941176470589,,,9.5,"14.10,12.75,10.50,9.50",8,8,5.5,6382.0,0.0,31.176470588235293
65,6,55,8,"(3, 12, 18)",17,11.852941176470589,1.0,11.852941176470589,,,9.5,"14.10,12.75,10.50,9.50",8,8,5.5,6382.0,0.0,31.176470588235293
65,7,55,8,"(3, 18)",17,11.852941176470589,1.0,11.852941176470589,,,9.5,"14.10,12.75,10.50,9.50",8,8,5.5,6382.0,0.0,31.176470588235293
65,7,55,8,"(3, 12, 18)",17,11.852941176470589,1.0,11.852941176470589,,,9.5,"14.10,12.75,10.50,9.50",8,8,5.5,6382.0,0.0,31.176470588235293
65,8,55,8,"(3, 18)",17,11.852941176470589,1.0,11.852941176470589,,,9.5,"14.10,12.75,10.50,9.50",8,8,5.5,6382.0,0.0,31.176470588235293
65,8,55,8,"(3, 12, 18)",17,11.852941176470589,1.0,11.852941176470589,,,9.5,"14.10,12.75,10.50,9.50",8,8,5.5,6382.0,0.0,31.176470588235293
75,5,50,10,"(18,)",18,11.833333333333334,0.8333333333333334,23.633333333333333,-47.166666666666664,2.5053003533568905,-6.9,"25.30,-6.90,22.75,7.50",6,8,-42.5,5805.0,-3762.0,34.0
75,5,50,10,"(12, 18)",18,11.833333333333334,0.8333333333333334,23.633333333333333,-47.166666666666664,2.5053003533568905,-6.9,"25.30,-6.90,22.75,7.50",6,8,-42.5,5805.0,-3762.0,34.0
90,0,50,7,"(12, 18)",21,11.833333333333334,0.6666666666666666,40.07142857142857,-44.642857142857146,1.7952,-14.3,"27.67,-14.30,23.50,7.30",6,10,-42.5,5341.0,-4400.0,36.857142857142854
99,0,55,8,"(3, 12, 18)",28,11.821428571428571,0.6428571428571429,47.111111111111114,-51.7,1.6402321083172147,-9.928571428571429,"35.93,-9.93,17.21,4.07",6,10,-50.5,9271.0,-8443.0,37.07142857142857
80,5,55,8,"(20,)",20,11.8,0.8,27.75,-52.0,2.1346153846153846,10.5,"13.10,10.50,11.90,11.70",6,8,-26.5,6992.5,-3482.0,33.05
95,4,50,10,"(12, 18)",20,11.8,0.65,44.80769230769231,-49.5,1.6810966810966812,-14.1,"27.90,-14.10,5.30,28.10",5,9,-42.5,6137.0,-3933.0,31.2
99,0,45,7,"(18,)",17,11.794117647058824,0.5882352941176471,51.3,-44.642857142857146,1.6416,-1.0,"15.50,-1.00,26.50,5.25",6,9,-42.5,4120.5,-4606.5,35.23529411764706
99,0,45,7,"(12, 18)",17,11.794117647058824,0.5882352941176471,51.3,-44.642857142857146,1.6416,-1.0,"15.50,-1.00,26.50,5.25",6,9,-42.5,4120.5,-4606.5,35.23529411764706
99,0,45,8,"(18,)",17,11.794117647058824,0.5882352941176471,51.3,-44.642857142857146,1.6416,-1.0,"15.50,-1.00,26.50,5.25",6,9,-42.5,4120.5,-4606.5,35.23529411764706
99,0,45,8,"(12, 18)",17,11.794117647058824,0.5882352941176471,51.3,-44.642857142857146,1.6416,-1.0,"15.50,-1.00,26.50,5.25",6,9,-42.5,4120.5,-4606.5,35.23529411764706
65,6,55,10,"(3, 12, 14, 18, 20)",17,11.794117647058824,1.0,11.794117647058824,,,8.75,"15.30,8.75,12.75,9.50",8,8,5.5,6322.5,0.0,31.0
65,7,55,10,"(3, 12, 14, 18, 20)",17,11.794117647058824,1.0,11.794117647058824,,,8.75,"15.30,8.75,12.75,9.50",8,8,5.5,6322.5,0.0,31.0
65,8,55,10,"(3, 12, 14, 18, 20)",17,11.794117647058824,1.0,11.794117647058824,,,8.75,"15.30,8.75,12.75,9.50",8,8,5.5,6322.5,0.0,31.0
99,0,50,8,"(3, 18)",24,11.791666666666666,0.625,48.63333333333333,-49.611111111111114,1.633818589025756,-17.0,"33.00,-17.00,31.17,0.00",5,10,-47.0,7486.0,-6479.5,36.583333333333336
70,4,55,7,"(12, 18)",21,11.785714285714286,0.9047619047619048,17.5,-42.5,3.911764705882353,6.3,"8.83,17.90,14.70,6.30",7,9,-42.5,7106.0,-2082.5,32.57142857142857
70,0,55,10,"(3, 12, 18)",32,11.78125,0.90625,17.982758620689655,-48.166666666666664,3.6089965397923875,8.0,"12.12,8.38,8.00,18.62",8,10,-42.5,14254.5,-2242.5,36.53125
70,4,55,7,"(14,)",22,11.772727272727273,0.9090909090909091,17.8,-48.5,3.670103092783505,2.7,"19.33,16.33,2.70,6.30",7,9,-54.5,8363.0,-3692.0,36.27272727272727
95,5,55,10,"(3, 18)",22,11.772727272727273,0.6818181818181818,42.7,-54.5,1.6788990825688073,-6.166666666666667,"12.50,-6.17,22.10,22.10",6,8,-59.5,7872.5,-5870.0,31.40909090909091
95,5,55,10,"(3, 12, 18)",22,11.772727272727273,0.6818181818181818,42.7,-54.5,1.6788990825688073,-6.166666666666667,"12.50,-6.17,22.10,22.10",6,8,-59.5,7872.5,-5870.0,31.40909090909091
85,0,43,10,"(20,)",15,11.766666666666667,0.6666666666666666,39.8,-44.3,1.7968397291196387,-4.5,"20.00,-4.50,19.50,12.17",5,9,-49.5,4879.0,-2287.5,36.0
65,10,55,8,"(3, 18)",15,11.766666666666667,1.0,11.766666666666667,,,7.166666666666667,"15.50,12.75,10.50,7.17",8,8,5.5,5449.5,0.0,30.466666666666665
65,10,55,8,"(3, 12, 18)",15,11.766666666666667,1.0,11.766666666666667,,,7.166666666666667,"15.50,12.75,10.50,7.17",8,8,5.5,5449.5,0.0,30.466666666666665
70,5,55,10,"(20,)",24,11.75,0.9166666666666666,17.272727272727273,-49.0,3.877551020408163,4.833333333333333,"7.67,15.17,19.33,4.83",7,9,-55.5,9152.5,-2465.0,34.541666666666664
99,0,55,7,(),33,11.742424242424242,0.6363636363636364,46.88095238095238,-49.75,1.6490787269681741,-14.25,"27.72,20.75,-14.25,10.75",7,10,-42.5,9880.0,-18477.5,46.24242424242424
70,4,55,7,"(3,)",21,11.738095238095237,0.9047619047619048,18.07894736842105,-48.5,3.5412371134020617,3.9,"8.83,17.90,3.90,16.90",8,10,-54.5,7821.0,-2016.5,32.57142857142857
80,4,50,7,"(20,)",17,11.735294117647058,0.7647058823529411,29.884615384615383,-47.25,2.0555555555555554,7.75,"15.90,7.75,10.00,12.25",7,10,-54.5,5353.5,-3747.0,32.529411764705884
90,4,50,8,"(12,)",19,11.710526315789474,0.6842105263157895,39.88461538461539,-49.333333333333336,1.7516891891891893,-16.7,"23.90,-16.70,21.50,19.75",5,9,-42.5,5948.0,-3843.5,31.05263157894737
85,0,50,10,"(3,)",29,11.706896551724139,0.7241379310344828,35.357142857142854,-50.375,1.8424317617866004,-26.357142857142858,"14.25,-26.36,34.36,24.21",6,10,-49.0,11633.0,-6717.0,31.03448275862069
80,0,45,7,"(3, 18)",15,11.7,0.7333333333333333,32.86363636363637,-46.5,1.9435483870967742,-28.75,"16.25,-28.75,29.75,35.50",6,9,-42.5,5085.0,-4484.5,29.6
80,0,45,7,"(3, 12, 18)",15,11.7,0.7333333333333333,32.86363636363637,-46.5,1.9435483870967742,-28.75,"16.25,-28.75,29.75,35.50",6,9,-42.5,5085.0,-4484.5,29.6
80,0,45,8,"(3, 18)",15,11.7,0.7333333333333333,32.86363636363637,-46.5,1.9435483870967742,-28.75,"16.25,-28.75,29.75,35.50",6,9,-42.5,5085.0,-4484.5,29.6
80,0,45,8,"(3, 12, 18)",15,11.7,0.7333333333333333,32.86363636363637,-46.5,1.9435483870967742,-28.75,"16.25,-28.75,29.75,35.50",6,9,-42.5,5085.0,-4484.5,29.6
95,0,55,7,"(3,)",30,11.7,0.6666666666666666,43.15,-51.2,1.685546875,1.7857142857142858,"33.25,6.62,1.79,2.79",7,10,-51.166666666666664,10162.0,-15593.0,42.0
95,0,55,7,"(14,)",30,11.7,0.6666666666666666,43.2,-51.3,1.6842105263157894,-13.642857142857142,"33.25,19.00,-13.64,4.07",7,9,-29.25,10209.0,-15526.0,45.53333333333333
65,10,55,10,"(3, 12, 14, 18, 20)",15,11.7,1.0,11.7,,,7.166666666666667,"17.00,8.75,12.75,7.17",8,8,5.5,5400.0,0.0,30.266666666666666
99,4,55,10,"(12,)",28,11.678571428571429,0.6428571428571429,47.166666666666664,-52.2,1.6264367816091954,-11.642857142857142,"7.07,-11.64,32.79,18.50",6,9,-49.0,9503.5,-6062.5,29.75
70,0,50,8,"(3,)",25,11.66,0.88,19.681818181818183,-47.166666666666664,3.060070671378092,7.0,"11.36,7.00,19.50,8.83",8,10,-42.5,9995.0,-2071.0,34.4
80,0,47,10,"(3, 12, 18)",19,11.657894736842104,0.7368421052631579,32.714285714285715,-47.3,1.9365750528541226,-32.3,"18.50,-32.30,29.50,35.75",7,10,-42.5,6960.0,-5128.0,30.526315789473685
90,0,50,6,"(3,)",19,11.657894736842104,0.6842105263157895,38.73076923076923,-47.0,1.7854609929078014,-14.3,"21.70,-14.30,20.90,20.00",6,10,-54.5,4962.0,-3619.5,29.473684210526315
95,4,50,8,(),20,11.65,0.65,44.88461538461539,-50.07142857142857,1.6647646219686163,-14.7,"27.90,-14.70,25.50,7.90",5,10,-54.5,6254.0,-3855.0,32.4
85,0,55,7,"(3, 12)",27,11.648148148148149,0.7407407407407407,33.9,-51.92857142857143,1.8651994497936726,-3.0714285714285716,"23.93,-3.07,7.36,19.50",6,10,-42.5,10568.5,-4719.0,35.44444444444444
65,10,55,7,"(18,)",15,11.633333333333333,1.0,11.633333333333333,,,7.833333333333333,"15.50,12.75,9.50,7.83",8,8,6.5,5378.0,0.0,30.4
65,10,55,7,"(12, 18)",15,11.633333333333333,1.0,11.633333333333333,,,7.833333333333333,"15.50,12.75,9.50,7.83",8,8,6.5,5378.0,0.0,30.4
90,0,47,10,(),23,11.630434782608695,0.6521739130434783,42.03333333333333,-45.375,1.7369146005509641,-4.0,"13.67,-4.00,26.67,9.90",5,10,-42.5,6774.0,-5070.5,36.26086956521739
90,7,55,8,"(18,)",18,11.61111111111111,0.7222222222222222,36.88461538461539,-54.1,1.7726432532347505,1.9,"21.10,1.90,13.75,9.75",6,8,-13.5,5652.0,-4015.0,29.88888888888889
90,7,55,8,"(12, 18)",18,11.61111111111111,0.7222222222222222,36.88461538461539,-54.1,1.7726432532347505,1.9,"21.10,1.90,13.75,9.75",6,8,-13.5,5652.0,-4015.0,29.88888888888889
90,8,55,8,"(18,)",18,11.61111111111111,0.7222222222222222,36.88461538461539,-54.1,1.7726432532347505,1.9,"21.10,1.90,13.75,9.75",6,8,-13.5,5652.0,-4015.0,29.88888888888889
90,8,55,8,"(12, 18)",18,11.61111111111111,0.7222222222222222,36.88461538461539,-54.1,1.7726432532347505,1.9,"21.10,1.90,13.75,9.75",6,8,-13.5,5652.0,-4015.0,29.88888888888889
95,0,45,7,(),18,11.61111111111111,0.6111111111111112,47.40909090909091,-44.642857142857146,1.6688,3.25,"13.10,6.50,24.50,3.25",6,9,-42.5,4421.5,-4512.5,35.166666666666664
95,0,45,7,"(12,)",18,11.61111111111111,0.6111111111111112,47.40909090909091,-44.642857142857146,1.6688,3.25,"13.10,6.50,24.50,3.25",6,9,-42.5,4421.5,-4512.5,35.166666666666664
95,0,45,8,(),18,11.61111111111111,0.6111111111111112,47.40909090909091,-44.642857142857146,1.6688,3.25,"13.10,6.50,24.50,3.25",6,9,-42.5,4421.5,-4512.5,35.166666666666664
95,0,45,8,"(12,)",18,11.61111111111111,0.6111111111111112,47.40909090909091,-44.642857142857146,1.6688,3.25,"13.10,6.50,24.50,3.25",6,9,-42.5,4421.5,-4512.5,35.166666666666664
65,7,55,8,"(18,)",18,11.61111111111111,1.0,11.61111111111111,,,7.25,"14.10,12.90,11.25,7.25",8,8,6.5,6645.5,0.0,31.38888888888889
65,7,55,8,"(12, 18)",18,11.61111111111111,1.0,11.61111111111111,,,7.25,"14.10,12.90,11.25,7.25",8,8,6.5,6645.5,0.0,31.38888888888889
65,8,55,8,"(18,)",18,11.61111111111111,1.0,11.61111111111111,,,7.25,"14.10,12.90,11.25,7.25",8,8,6.5,6645.5,0.0,31.38888888888889
65,8,55,8,"(12, 18)",18,11.61111111111111,1.0,11.61111111111111,,,7.25,"14.10,12.90,11.25,7.25",8,8,6.5,6645.5,0.0,31.38888888888889
90,0,50,6,"(14,)",19,11.605263157894736,0.6842105263157895,38.73076923076923,-47.166666666666664,1.7791519434628975,2.3,"21.30,2.30,4.70,19.75",5,9,-54.5,5002.5,-4054.5,33.526315789473685
65,6,55,10,"(3, 18)",19,11.605263157894736,1.0,11.605263157894736,,,9.5,"15.30,10.10,11.10,9.50",8,8,5.5,7092.5,0.0,31.63157894736842
65,6,55,10,"(3, 12, 18)",19,11.605263157894736,1.0,11.605263157894736,,,9.5,"15.30,10.10,11.10,9.50",8,8,5.5,7092.5,0.0,31.63157894736842
65,7,55,10,"(3, 18)",19,11.605263157894736,1.0,11.605263157894736,,,9.5,"15.30,10.10,11.10,9.50",8,8,5.5,7092.5,0.0,31.63157894736842
65,7,55,10,"(3, 12, 18)",19,11.605263157894736,1.0,11.605263157894736,,,9.5,"15.30,10.10,11.10,9.50",8,8,5.5,7092.5,0.0,31.63157894736842
65,8,55,10,"(3, 18)",19,11.605263157894736,1.0,11.605263157894736,,,9.5,"15.30,10.10,11.10,9.50",8,8,5.5,7092.5,0.0,31.63157894736842
65,8,55,10,"(3, 12, 18)",19,11.605263157894736,1.0,11.605263157894736,,,9.5,"15.30,10.10,11.10,9.50",8,8,5.5,7092.5,0.0,31.63157894736842
99,0,50,10,"(3,)",29,11.60344827586207,0.6206896551724138,49.388888888888886,-50.22727272727273,1.6090497737556562,-22.357142857142858,"24.75,-22.36,34.21,7.93",5,10,-49.0,9953.0,-6302.5,34.758620689655174
99,0,50,10,"(14,)",29,11.568965517241379,0.6206896551724138,49.388888888888886,-50.31818181818182,1.6061427280939475,-8.357142857142858,"23.75,-8.36,19.64,9.50",5,10,-55.5,10179.0,-6752.0,39.51724137931034
75,5,55,8,"(20,)",20,11.55,0.85,22.5,-50.5,2.5247524752475248,6.5,"24.10,6.50,7.90,7.70",7,8,-28.166666666666668,6703.0,-3731.5,34.1
90,5,55,8,"(18,)",21,11.547619047619047,0.7142857142857143,37.03333333333333,-52.166666666666664,1.7747603833865815,-0.9,"23.17,1.90,-0.90,19.70",6,8,-23.166666666666668,6305.5,-4259.0,31.952380952380953
90,5,55,8,"(12, 18)",21,11.547619047619047,0.7142857142857143,37.03333333333333,-52.166666666666664,1.7747603833865815,-0.9,"23.17,1.90,-0.90,19.70",6,8,-23.166666666666668,6305.5,-4259.0,31.952380952380953
85,4,55,8,"(14,)",24,11.541666666666666,0.75,32.72222222222222,-52.0,1.8878205128205128,3.1666666666666665,"19.00,3.17,4.17,19.83",6,9,-54.5,8366.5,-5300.5,33.208333333333336
90,4,55,8,"(14,)",24,11.541666666666666,0.7083333333333334,37.911764705882355,-52.5,1.7537414965986395,-7.5,"23.17,6.50,-7.50,24.00",6,9,-54.5,8021.0,-5402.0,33.5
99,0,50,8,"(20,)",26,11.538461538461538,0.6153846153846154,48.875,-48.2,1.6224066390041494,-1.8333333333333333,"36.21,5.07,-1.83,3.67",6,10,-45.5,7233.0,-9718.0,42.0
85,0,55,7,"(20,)",30,11.533333333333333,0.7333333333333333,33.72727272727273,-49.5,1.8737373737373737,-1.6428571428571428,"24.50,12.62,8.64,-1.64",8,10,-42.5,10722.0,-5165.0,41.666666666666664
70,4,50,8,"(3, 18)",18,11.5,0.8888888888888888,19.0,-48.5,3.134020618556701,1.75,"7.90,17.30,18.50,1.75",7,9,-54.5,6248.5,-1962.0,31.833333333333332
80,10,55,8,"(18,)",16,11.5,0.8125,26.346153846153847,-52.833333333333336,2.1608832807570977,-12.25,"30.50,-12.25,25.50,2.25",6,8,-18.5,4920.0,-3267.0,29.375
80,10,55,8,"(12, 18)",16,11.5,0.8125,26.346153846153847,-52.833333333333336,2.1608832807570977,-12.25,"30.50,-12.25,25.50,2.25",6,8,-18.5,4920.0,-3267.0,29.375
80,0,50,8,"(3, 12, 18)",21,11.5,0.7619047619047619,30.25,-48.5,1.9958762886597938,-35.3,"19.33,-35.30,28.50,31.90",7,10,-42.5,7316.5,-5664.5,30.333333333333332
85,5,50,10,"(3,)",19,11.5,0.7368421052631579,34.285714285714285,-52.3,1.8355640535372848,-18.1,"17.30,-18.10,18.10,33.00",5,8,-55.5,6678.0,-4196.5,28.63157894736842
85,5,50,10,"(3, 12)",19,11.5,0.7368421052631579,34.285714285714285,-52.3,1.8355640535372848,-18.1,"17.30,-18.10,18.10,33.00",5,8,-55.5,6678.0,-4196.5,28.63157894736842
65,10,55,10,"(3, 18)",17,11.5,1.0,11.5,,,7.75,"14.50,11.50,11.50,7.75",8,8,5.5,6137.0,0.0,30.941176470588236
65,10,55,10,"(3, 12, 18)",17,11.5,1.0,11.5,,,7.75,"14.50,11.50,11.50,7.75",8,8,5.5,6137.0,0.0,30.941176470588236
65,10,55,8,"(18,)",16,11.5,1.0,11.5,,,7.25,"15.50,12.75,10.50,7.25",8,8,6.5,5705.5,0.0,30.6875
65,10,55,8,"(12, 18)",16,11.5,1.0,11.5,,,7.25,"15.50,12.75,10.50,7.25",8,8,6.5,5705.5,0.0,30.6875
85,0,50,8,"(12,)",24,11.458333333333334,0.7083333333333334,35.44117647058823,-46.785714285714285,1.8396946564885497,-23.0,"23.50,-23.00,34.50,10.83",6,10,-42.5,7571.0,-5728.0,35.0
70,0,50,7,"(3,)",23,11.456521739130435,0.8695652173913043,20.25,-47.166666666666664,2.862190812720848,8.0,"8.83,9.17,8.00,21.50",7,10,-42.5,8848.0,-1962.0,33.91304347826087
90,0,47,7,(),20,11.45,0.65,41.65384615384615,-44.642857142857146,1.7328,-13.3,"26.50,-13.30,40.30,-7.70",5,9,-42.5,5107.5,-4807.5,36.55
90,0,47,8,(),20,11.45,0.65,41.65384615384615,-44.642857142857146,1.7328,-13.3,"26.50,-13.30,40.30,-7.70",5,9,-42.5,5107.5,-4807.5,36.55
80,4,55,7,"(3, 12, 18)",19,11.447368421052632,0.7894736842105263,27.9,-50.25,2.082089552238806,-5.1,"15.90,-5.10,9.90,28.50",6,9,-59.5,6057.5,-3019.5,29.63157894736842
90,4,50,8,"(20,)",19,11.447368421052632,0.6842105263157895,39.88461538461539,-50.166666666666664,1.7225913621262459,0.9,"23.90,0.90,2.90,19.75",6,10,-54.5,5937.5,-4098.5,32.578947368421055
85,0,45,7,"(14,)",16,11.4375,0.6875,37.40909090909091,-45.7,1.8008752735229758,-8.0,"19.50,-8.00,36.00,-1.75",4,8,-42.5,4582.0,-4794.5,34.75
85,0,45,8,"(14,)",16,11.4375,0.6875,37.40909090909091,-45.7,1.8008752735229758,-8.0,"19.50,-8.00,36.00,-1.75",4,8,-42.5,4582.0,-4794.5,34.75
70,0,50,6,"(3, 12, 18)",15,11.433333333333334,0.8666666666666667,19.884615384615383,-43.5,2.971264367816092,2.5,"3.75,2.50,21.25,20.50",7,9,-42.5,4709.0,-2011.5,28.533333333333335
99,0,50,8,"(12, 18)",23,11.41304347826087,0.6086956521739131,49.07142857142857,-47.166666666666664,1.6183745583038869,-18.333333333333332,"35.17,-18.33,16.33,12.70",6,10,-42.5,5862.5,-5920.0,36.65217391304348
70,4,55,8,"(3, 18)",22,11.409090909090908,0.9090909090909091,17.4,-48.5,3.5876288659793816,2.1,"8.83,17.17,2.10,16.90",8,10,-54.5,7830.0,-2016.5,32.27272727272727
99,0,47,10,"(18,)",22,11.409090909090908,0.5909090909090909,51.26923076923077,-46.166666666666664,1.6040914560770156,0.5,"19.67,0.50,10.70,15.30",6,10,-45.5,5961.0,-6023.5,37.18181818181818
65,7,55,10,"(18,)",20,11.4,1.0,11.4,,,9.1,"15.30,10.10,11.10,9.10",8,8,6.5,7362.5,0.0,31.85
65,7,55,10,"(12, 18)",20,11.4,1.0,11.4,,,9.1,"15.30,10.10,11.10,9.10",8,8,6.5,7362.5,0.0,31.85
65,8,55,10,"(18,)",20,11.4,1.0,11.4,,,9.1,"15.30,10.10,11.10,9.10",8,8,6.5,7362.5,0.0,31.85
65,8,55,10,"(12, 18)",20,11.4,1.0,11.4,,,9.1,"15.30,10.10,11.10,9.10",8,8,6.5,7362.5,0.0,31.85
85,0,47,7,"(12,)",19,11.394736842105264,0.6842105263157895,37.5,-45.166666666666664,1.7988929889298892,-15.3,"22.50,-15.30,37.50,-1.75",5,9,-42.5,5682.0,-4753.0,35.1578947368421
85,0,47,8,"(12,)",19,11.394736842105264,0.6842105263157895,37.5,-45.166666666666664,1.7988929889298892,-15.3,"22.50,-15.30,37.50,-1.75",5,9,-42.5,5682.0,-4753.0,35.1578947368421
65,4,50,7,"(3, 12)",16,11.375,0.9375,14.966666666666667,-42.5,5.2823529411764705,-0.5,"-0.50,15.25,15.00,15.75",7,8,-42.5,5513.0,-1445.0,30.375
65,0,50,7,"(3, 12, 14, 18, 20)",16,11.375,0.9375,15.1,-44.5,5.089887640449438,0.25,"15.50,0.25,14.50,15.25",7,8,-11.5,5639.0,-1646.5,31.625
75,4,50,7,"(3, 12)",16,11.375,0.8125,24.884615384615383,-47.166666666666664,2.2862190812720846,-12.25,"7.00,-12.25,25.00,25.75",6,8,-42.5,5011.5,-2955.0,29.0625
85,4,55,7,(),23,11.369565217391305,0.7391304347826086,32.911764705882355,-49.666666666666664,1.8775167785234899,3.1666666666666665,"21.33,3.17,3.83,18.30",7,10,-54.5,7107.0,-5000.0,32.34782608695652
80,10,55,7,"(3,)",15,11.366666666666667,0.8,27.416666666666668,-52.833333333333336,2.0757097791798107,-12.25,"30.50,-12.25,27.75,-4.50",6,8,-59.5,4720.5,-3267.0,29.933333333333334
80,10,55,7,"(3, 12)",15,11.366666666666667,0.8,27.416666666666668,-52.833333333333336,2.0757097791798107,-12.25,"30.50,-12.25,27.75,-4.50",6,8,-59.5,4720.5,-3267.0,29.933333333333334
90,0,55,7,"(3,)",30,11.366666666666667,0.7,38.11904761904762,-51.05555555555556,1.7421109902067464,-1.0714285714285714,"28.88,3.50,-1.07,12.79",7,10,-42.5,10103.0,-10607.0,39.13333333333333
90,0,55,7,"(14,)",30,11.366666666666667,0.7,38.166666666666664,-51.166666666666664,1.740499457111835,-2.9285714285714284,"28.88,15.25,-2.93,1.21",7,9,-24.166666666666668,10245.5,-10229.5,42.9
75,0,50,10,"(3, 18)",27,11.351851851851851,0.8148148148148148,24.863636363636363,-48.1,2.274428274428274,-7.785714285714286,"15.64,-7.79,12.50,27.33",7,10,-42.5,10200.5,-3267.0,33.888888888888886
75,0,50,7,"(3, 12)",20,11.35,0.8,25.8125,-46.5,2.2204301075268815,-18.7,"11.90,-18.70,25.30,26.90",7,10,-42.5,6829.0,-4509.5,30.9
75,0,45,10,"(3, 18)",18,11.333333333333334,0.7777777777777778,27.857142857142858,-46.5,2.096774193548387,-18.5,"14.90,-18.50,24.75,30.75",8,10,-42.5,6358.0,-3482.5,31.0
75,0,45,10,"(3, 12, 18)",18,11.333333333333334,0.7777777777777778,27.857142857142858,-46.5,2.096774193548387,-18.5,"14.90,-18.50,24.75,30.75",8,10,-42.5,6358.0,-3482.5,31.0
85,4,50,8,"(12, 18)",18,11.333333333333334,0.7222222222222222,34.19230769230769,-48.1,1.8482328482328483,-18.7,"19.90,-18.70,33.50,16.00",5,9,-42.5,5057.5,-3966.0,29.61111111111111
80,4,50,7,"(3,)",17,11.323529411764707,0.7647058823529411,29.884615384615383,-49.0,1.9821428571428572,-11.75,"15.90,-11.75,30.75,9.25",6,9,-54.5,5401.5,-3019.5,30.529411764705884
80,4,50,7,"(14,)",17,11.323529411764707,0.7647058823529411,29.884615384615383,-49.0,1.9821428571428572,-10.5,"29.10,-10.50,10.00,12.25",6,9,-54.5,5413.5,-3789.5,33.0
65,0,47,10,"(3,)",21,11.30952380952381,0.9047619047619048,17.07894736842105,-43.5,3.7298850574712645,3.5,"7.83,3.50,15.50,19.10",8,10,-42.5,7968.0,-1940.5,33.142857142857146
80,5,55,8,"(3,)",20,11.3,0.8,27.5625,-53.75,2.0511627906976746,-5.1,"13.10,-5.10,27.10,10.10",5,8,-59.5,6891.0,-4080.0,30.3
80,5,55,8,"(3, 12)",20,11.3,0.8,27.5625,-53.75,2.0511627906976746,-5.1,"13.10,-5.10,27.10,10.10",5,8,-59.5,6891.0,-4080.0,30.3
95,4,55,8,"(18,)",24,11.291666666666666,0.6666666666666666,42.5625,-51.25,1.6609756097560975,-7.333333333333333,"13.83,10.50,-7.33,28.17",6,10,-54.5,6957.0,-4524.5,31.333333333333332
99,0,50,10,"(12,)",28,11.285714285714286,0.6071428571428571,49.794117647058826,-48.22727272727273,1.595664467483506,-22.357142857142858,"22.21,-22.36,34.21,11.07",6,10,-49.0,8200.0,-7159.0,35.214285714285715
85,4,55,8,"(20,)",23,11.282608695652174,0.7391304347826086,33.205882352941174,-50.833333333333336,1.8508196721311476,3.0,"7.17,17.83,3.00,18.30",6,10,-54.5,7401.0,-5156.5,32.52173913043478
85,0,50,6,"(3, 18)",18,11.277777777777779,0.7222222222222222,34.11538461538461,-48.1,1.844074844074844,-16.3,"17.70,-16.30,11.50,37.50",7,10,-54.5,5090.0,-3575.0,27.77777777777778
95,0,47,7,"(12, 18)",18,11.277777777777779,0.6111111111111112,46.86363636363637,-44.642857142857146,1.6496,-11.3,"30.50,-11.30,23.50,3.25",6,9,-42.5,4077.0,-4938.0,36.111111111111114
95,0,47,8,"(12, 18)",18,11.277777777777779,0.6111111111111112,46.86363636363637,-44.642857142857146,1.6496,-11.3,"30.50,-11.30,23.50,3.25",6,9,-42.5,4077.0,-4938.0,36.111111111111114
65,10,55,10,"(18,)",18,11.277777777777779,1.0,11.277777777777779,,,7.25,"14.50,11.90,10.50,7.25",8,8,6.5,6384.5,0.0,31.055555555555557
65,10,55,10,"(12, 18)",18,11.277777777777779,1.0,11.277777777777779,,,7.25,"14.50,11.90,10.50,7.25",8,8,6.5,6384.5,0.0,31.055555555555557
75,0,50,10,"(3, 12)",26,11.26923076923077,0.8076923076923077,25.452380952380953,-48.3,2.2132505175983437,-7.785714285714286,"5.07,-7.79,24.33,27.67",8,10,-49.0,10032.0,-4115.0,31.615384615384617
75,4,50,8,"(3, 12, 18)",17,11.264705882352942,0.8235294117647058,23.785714285714285,-47.166666666666664,2.353356890459364,-15.5,"11.90,-15.50,22.75,25.75",6,8,-42.5,5155.5,-2920.5,29.0
75,0,50,8,"(3, 12, 18)",21,11.261904761904763,0.8095238095238095,24.852941176470587,-46.5,2.271505376344086,-21.3,"15.17,-21.30,23.50,26.90",8,10,-42.5,6990.0,-4146.0,30.761904761904763
90,0,50,8,"(3,)",25,11.26,0.68,39.73529411764706,-49.25,1.7144670050761421,-21.333333333333332,"28.50,-21.33,24.50,10.50",5,10,-42.5,7738.0,-6005.5,34.32
65,0,47,10,"(3, 12)",20,11.25,0.9,17.333333333333332,-43.5,3.586206896551724,3.7,"6.50,3.70,15.30,19.50",8,10,-42.5,7452.0,-1940.5,32.9
85,6,55,8,(),20,11.25,0.75,32.166666666666664,-51.5,1.8737864077669903,-3.7,"17.10,-1.10,32.70,-3.70",6,8,-24.833333333333332,5872.5,-3973.5,31.35
85,6,55,8,"(12,)",20,11.25,0.75,32.166666666666664,-51.5,1.8737864077669903,-3.7,"17.10,-1.10,32.70,-3.70",6,8,-24.833333333333332,5872.5,-3973.5,31.35
85,6,55,8,"(14,)",20,11.25,0.75,32.166666666666664,-51.5,1.8737864077669903,-3.7,"17.10,-1.10,32.70,-3.70",6,8,-24.833333333333332,5872.5,-3973.5,31.35
85,0,50,7,"(18,)",24,11.25,0.7083333333333334,35.029411764705884,-46.5,1.8294930875576036,-6.666666666666667,"21.33,-6.67,19.50,10.83",6,10,-42.5,7029.0,-4354.0,36.583333333333336
99,4,55,10,"(14,)",28,11.25,0.6428571428571429,47.166666666666664,-53.4,1.5898876404494382,3.2142857142857144,"5.07,3.21,18.21,18.50",6,10,-55.5,9627.5,-5176.0,31.892857142857142
65,4,50,10,"(3, 12, 18)",19,11.236842105263158,0.9473684210526315,14.222222222222221,-42.5,6.023529411764706,3.9,"3.90,12.90,13.30,15.75",7,8,-42.5,6681.0,-1445.0,31.05263157894737
90,4,50,10,"(3, 12, 18)",19,11.236842105263158,0.6842105263157895,39.80769230769231,-50.666666666666664,1.7023026315789473,-16.1,"23.90,-16.10,2.30,40.75",5,8,-42.5,5950.0,-4044.5,29.473684210526315
99,0,55,6,"(3, 12, 18)",19,11.236842105263158,0.631578947368421,46.583333333333336,-49.357142857142854,1.61794500723589,-14.5,"11.50,7.70,-14.50,47.50",7,10,-57.5,4392.0,-4575.5,28.31578947368421
70,4,50,6,"(12,)",15,11.233333333333333,0.8666666666666667,19.5,-42.5,2.9823529411764707,3.75,"3.75,18.25,4.75,20.50",7,9,-42.5,4343.0,-1827.5,30.533333333333335
80,6,55,7,"(3, 18)",15,11.233333333333333,0.8,27.25,-52.833333333333336,2.0630914826498423,-12.25,"30.50,-12.25,27.25,-4.50",6,8,-59.5,4581.5,-3267.0,29.8
80,6,55,7,"(3, 12, 18)",15,11.233333333333333,0.8,27.25,-52.833333333333336,2.0630914826498423,-12.25,"30.50,-12.25,27.25,-4.50",6,8,-59.5,4581.5,-3267.0,29.8
80,7,55,7,"(3, 18)",15,11.233333333333333,0.8,27.25,-52.833333333333336,2.0630914826498423,-12.25,"30.50,-12.25,27.25,-4.50",6,8,-59.5,4581.5,-3267.0,29.8
80,7,55,7,"(3, 12, 18)",15,11.233333333333333,0.8,27.25,-52.833333333333336,2.0630914826498423,-12.25,"30.50,-12.25,27.25,-4.50",6,8,-59.5,4581.5,-3267.0,29.8
80,8,55,7,"(3, 18)",15,11.233333333333333,0.8,27.25,-52.833333333333336,2.0630914826498423,-12.25,"30.50,-12.25,27.25,-4.50",6,8,-59.5,4581.5,-3267.0,29.8
80,8,55,7,"(3, 12, 18)",15,11.233333333333333,0.8,27.25,-52.833333333333336,2.0630914826498423,-12.25,"30.50,-12.25,27.25,-4.50",6,8,-59.5,4581.5,-3267.0,29.8
80,0,47,10,"(20,)",22,11.227272727272727,0.7272727272727273,32.4375,-45.333333333333336,1.9080882352941178,3.9,"7.00,4.17,32.10,3.90",7,10,-42.5,7101.0,-3940.0,35.36363636363637
85,0,50,8,"(14,)",25,11.22,0.72,34.44444444444444,-48.5,1.8262150220913107,-10.0,"23.93,-10.00,19.83,9.00",4,9,-10.0,7867.5,-6429.0,37.72
90,0,50,8,"(14,)",25,11.22,0.68,39.73529411764706,-49.375,1.710126582278481,-7.5,"28.21,-7.50,9.00,12.33",4,9,-7.5,7775.5,-6817.0,38.44
70,4,55,6,"(12,)",17,11.205882352941176,0.8823529411764706,18.366666666666667,-42.5,3.2411764705882353,2.5,"5.70,19.50,2.50,18.50",7,9,-42.5,5033.5,-1827.5,30.41176470588235
95,4,50,10,"(3, 18)",20,11.2,0.65,44.80769230769231,-51.214285714285715,1.6248256624825663,-14.1,"27.90,-14.10,5.30,25.70",5,9,-54.5,6252.5,-3933.0,30.75
70,4,50,7,"(3, 18)",16,11.1875,0.875,19.714285714285715,-48.5,2.845360824742268,1.75,"3.25,20.25,19.50,1.75",7,9,-54.5,5283.5,-1853.0,31.3125
65,0,45,10,"(3,)",19,11.18421052631579,0.8947368421052632,17.61764705882353,-43.5,3.442528735632184,3.5,"6.90,3.50,15.50,20.75",8,10,-42.5,6971.0,-1875.0,32.421052631578945
65,0,45,10,"(3, 12)",19,11.18421052631579,0.8947368421052632,17.61764705882353,-43.5,3.442528735632184,3.5,"6.90,3.50,15.50,20.75",8,10,-42.5,6971.0,-1875.0,32.421052631578945
70,0,50,8,"(3, 18)",24,11.166666666666666,0.875,19.5,-47.166666666666664,2.893992932862191,8.333333333333334,"8.83,8.33,18.67,8.83",8,10,-42.5,8785.0,-1962.0,33.333333333333336
80,0,50,7,"(20,)",24,11.166666666666666,0.75,30.22222222222222,-46.0,1.9710144927536233,3.8333333333333335,"17.17,3.83,16.17,7.50",7,10,-42.5,7277.5,-2779.0,37.208333333333336
95,0,55,7,"(12, 18)",29,11.155172413793103,0.6551724137931034,42.81578947368421,-49.0,1.660204081632653,2.0714285714285716,"22.88,13.93,2.07,4.07",7,10,-42.5,7592.5,-10390.5,39.758620689655174
70,4,55,7,"(3, 18)",20,11.15,0.9,17.77777777777778,-48.5,3.2989690721649483,2.9,"7.90,16.90,2.90,16.90",8,10,-54.5,6752.5,-1907.5,31.45
99,7,55,10,"(20,)",20,11.15,0.65,46.96153846153846,-55.357142857142854,1.575483870967742,-16.7,"9.90,-16.70,28.10,23.30",5,9,-55.5,6600.5,-4737.0,28.15
99,8,55,10,"(20,)",20,11.15,0.65,46.96153846153846,-55.357142857142854,1.575483870967742,-16.7,"9.90,-16.70,28.10,23.30",5,9,-55.5,6600.5,-4737.0,28.15
75,5,50,8,(),17,11.147058823529411,0.8235294117647058,23.642857142857142,-47.166666666666664,2.3392226148409896,-14.25,"24.10,-14.25,24.00,7.50",6,8,-42.5,4971.5,-3366.0,31.941176470588236
75,5,50,8,"(12,)",17,11.147058823529411,0.8235294117647058,23.642857142857142,-47.166666666666664,2.3392226148409896,-14.25,"24.10,-14.25,24.00,7.50",6,8,-42.5,4971.5,-3366.0,31.941176470588236
75,5,50,8,"(14,)",17,11.147058823529411,0.8235294117647058,23.642857142857142,-47.166666666666664,2.3392226148409896,-14.25,"24.10,-14.25,24.00,7.50",6,8,-42.5,4971.5,-3366.0,31.941176470588236
85,0,47,10,"(12,)",22,11.136363636363637,0.6818181818181818,37.766666666666666,-45.92857142857143,1.7620528771384136,-6.5,"10.33,-6.50,37.50,6.90",6,10,-42.5,7009.5,-5092.5,34.95454545454545
85,0,45,10,"(14,)",19,11.131578947368421,0.6842105263157895,37.73076923076923,-46.5,1.7580645161290323,1.1,"5.50,1.10,20.30,19.25",5,9,-42.5,5895.5,-5103.5,34.578947368421055
95,4,55,10,"(3, 12, 18)",24,11.125,0.6666666666666666,43.1875,-53.0,1.6297169811320755,-21.666666666666668,"14.83,-21.67,24.50,26.83",6,9,-59.5,7823.0,-5154.0,29.416666666666668
70,0,55,8,"(3, 12)",29,11.120689655172415,0.896551724137931,17.96153846153846,-48.166666666666664,3.2318339100346023,4.125,"4.12,16.64,7.21,17.50",7,10,-42.5,11302.5,-2314.0,34.58620689655172
99,4,50,10,"(18,)",21,11.119047619047619,0.6190476190476191,48.80769230769231,-50.125,1.5822942643391522,-12.3,"17.50,-12.30,27.70,10.30",5,10,-54.5,5777.5,-3924.0,31.952380952380953
65,4,50,8,"(3, 12)",18,11.11111111111111,0.9444444444444444,14.264705882352942,-42.5,5.705882352941177,3.9,"3.90,12.30,14.00,15.75",7,8,-42.5,6170.0,-1445.0,30.555555555555557
65,0,50,8,"(3, 12, 14, 18, 20)",18,11.11111111111111,0.9444444444444444,14.382352941176471,-44.5,5.49438202247191,0.3,"16.70,0.30,13.50,15.25",7,8,-4.833333333333333,6232.5,-1646.5,31.5
80,6,55,8,"(3, 12, 14, 18, 20)",15,11.1,0.8,27.666666666666668,-55.166666666666664,2.0060422960725077,-4.5,"10.50,6.00,28.50,-4.50",6,8,-59.5,4831.0,-2585.5,29.466666666666665
80,7,55,8,"(3, 12, 14, 18, 20)",15,11.1,0.8,27.666666666666668,-55.166666666666664,2.0060422960725077,-4.5,"10.50,6.00,28.50,-4.50",6,8,-59.5,4831.0,-2585.5,29.466666666666665
80,8,55,8,"(3, 12, 14, 18, 20)",15,11.1,0.8,27.666666666666668,-55.166666666666664,2.0060422960725077,-4.5,"10.50,6.00,28.50,-4.50",6,8,-59.5,4831.0,-2585.5,29.466666666666665
85,0,47,7,"(18,)",19,11.078947368421053,0.6842105263157895,37.03846153846154,-45.166666666666664,1.7767527675276753,-15.3,"22.50,-15.30,36.30,-1.75",5,9,-42.5,5321.5,-4753.0,34.578947368421055
85,0,47,8,"(18,)",19,11.078947368421053,0.6842105263157895,37.03846153846154,-45.166666666666664,1.7767527675276753,-15.3,"22.50,-15.30,36.30,-1.75",5,9,-42.5,5321.5,-4753.0,34.578947368421055
90,4,50,8,"(3,)",19,11.078947368421053,0.6842105263157895,39.88461538461539,-51.333333333333336,1.6834415584415585,-16.7,"23.90,-16.70,21.50,16.75",5,9,-54.5,6001.0,-3843.5,30.526315789473685
90,4,50,8,"(14,)",19,11.078947368421053,0.6842105263157895,39.88461538461539,-51.333333333333336,1.6834415584415585,2.3,"21.10,2.30,2.90,19.75",5,9,-54.5,5949.5,-4259.0,33.0
90,4,55,8,"(20,)",23,11.065217391304348,0.6956521739130435,38.4375,-51.5,1.7059639389736476,-8.666666666666666,"10.50,22.00,-8.67,22.30",6,10,-54.5,7093.5,-5083.5,32.391304347826086
99,6,50,10,"(20,)",16,11.0625,0.625,48.7,-51.666666666666664,1.570967741935484,-28.5,"25.00,-28.50,49.00,-1.25",5,8,-55.5,4572.0,-3537.0,30.75
99,4,55,10,"(3, 18)",25,11.06,0.64,47.1875,-53.166666666666664,1.5778474399164055,-4.166666666666667,"6.93,-4.17,29.50,12.67",6,10,-59.5,7793.0,-5168.0,30.24
75,5,55,8,"(3,)",20,11.05,0.85,22.323529411764707,-52.833333333333336,2.3943217665615144,-8.1,"24.10,-8.10,22.10,6.10",6,8,-59.5,6683.5,-3366.0,31.35
75,5,55,8,"(3, 12)",20,11.05,0.85,22.323529411764707,-52.833333333333336,2.3943217665615144,-8.1,"24.10,-8.10,22.10,6.10",6,8,-59.5,6683.5,-3366.0,31.35
95,5,50,10,(),20,11.05,0.65,44.65384615384615,-51.357142857142854,1.6147426981919333,-14.1,"25.30,-14.10,26.10,6.90",5,9,-55.5,6047.0,-3933.0,31.6
95,5,50,10,"(12,)",20,11.05,0.65,44.65384615384615,-51.357142857142854,1.6147426981919333,-14.1,"25.30,-14.10,26.10,6.90",5,9,-55.5,6047.0,-3933.0,31.6
95,5,50,10,"(14,)",20,11.05,0.65,44.65384615384615,-51.357142857142854,1.6147426981919333,-14.1,"25.30,-14.10,26.10,6.90",5,9,-55.5,6047.0,-3933.0,31.6
90,0,50,7,"(18,)",24,11.041666666666666,0.6666666666666666,39.5,-45.875,1.7220708446866484,-4.166666666666667,"25.50,-4.17,23.67,-0.83",5,10,-42.5,5702.0,-5005.5,37.833333333333336
80,4,47,10,"(20,)",15,11.033333333333333,0.7333333333333333,31.863636363636363,-46.25,1.8945945945945946,-9.75,"14.00,-9.75,30.75,8.50",6,9,-42.5,4271.0,-2371.5,30.666666666666668
70,6,50,10,(),17,11.029411764705882,0.8823529411764706,19.033333333333335,-49.0,2.913265306122449,1.75,"6.50,17.00,20.00,1.75",6,8,-55.5,5540.0,-2210.0,32.470588235294116
70,6,50,10,"(12,)",17,11.029411764705882,0.8823529411764706,19.033333333333335,-49.0,2.913265306122449,1.75,"6.50,17.00,20.00,1.75",6,8,-55.5,5540.0,-2210.0,32.470588235294116
70,6,50,10,"(14,)",17,11.029411764705882,0.8823529411764706,19.033333333333335,-49.0,2.913265306122449,1.75,"6.50,17.00,20.00,1.75",6,8,-55.5,5540.0,-2210.0,32.470588235294116
70,6,55,10,(),23,11.021739130434783,0.9130434782608695,16.738095238095237,-49.0,3.586734693877551,1.3,"7.67,15.67,17.83,1.30",7,9,-55.5,7770.0,-2422.5,33.30434782608695
70,6,55,10,"(12,)",23,11.021739130434783,0.9130434782608695,16.738095238095237,-49.0,3.586734693877551,1.3,"7.67,15.67,17.83,1.30",7,9,-55.5,7770.0,-2422.5,33.30434782608695
70,6,55,10,"(14,)",23,11.021739130434783,0.9130434782608695,16.738095238095237,-49.0,3.586734693877551,1.3,"7.67,15.67,17.83,1.30",7,9,-55.5,7770.0,-2422.5,33.30434782608695
75,0,47,10,"(20,)",22,11.0,0.7727272727272727,27.264705882352942,-44.3,2.0925507900677203,0.8333333333333334,"16.17,0.83,27.10,0.90",7,10,-42.5,6919.0,-2465.0,36.81818181818182
90,5,50,8,"(18,)",16,11.0,0.6875,39.04545454545455,-50.7,1.6942800788954635,-30.5,"40.50,-30.50,15.25,18.75",5,8,-42.5,4349.0,-4259.0,31.75
90,5,50,8,"(12, 18)",16,11.0,0.6875,39.04545454545455,-50.7,1.6942800788954635,-30.5,"40.50,-30.50,15.25,18.75",5,8,-42.5,4349.0,-4259.0,31.75
85,7,50,10,"(20,)",15,10.966666666666667,0.7333333333333333,34.22727272727273,-53.0,1.775943396226415,-32.0,"14.50,-32.00,35.00,31.50",5,7,-55.5,4746.5,-3624.0,26.866666666666667
85,8,50,10,"(20,)",15,10.966666666666667,0.7333333333333333,34.22727272727273,-53.0,1.775943396226415,-32.0,"14.50,-32.00,35.00,31.50",5,7,-55.5,4746.5,-3624.0,26.866666666666667
65,0,47,10,"(3, 18)",20,10.95,0.9,17.0,-43.5,3.5172413793103448,3.7,"6.50,3.70,14.50,19.10",8,10,-42.5,7100.5,-1940.5,32.45
75,5,55,10,"(3, 12, 14, 18, 20)",20,10.95,0.85,22.852941176470587,-56.5,2.2920353982300883,-9.1,"25.30,-9.10,21.50,6.10",6,8,-59.5,7165.0,-3102.5,32.7
85,5,55,10,"(3, 12, 14, 18, 20)",20,10.95,0.75,33.03333333333333,-55.3,1.7920433996383363,-20.1,"18.30,-20.10,31.50,14.10",6,8,-59.5,6804.5,-4539.0,29.95
80,0,50,6,"(3, 12)",16,10.9375,0.75,30.083333333333332,-46.5,1.9408602150537635,-30.0,"11.25,-30.00,30.00,32.50",6,9,-42.5,4548.5,-3748.5,27.3125
95,5,55,10,"(20,)",24,10.916666666666666,0.6666666666666666,43.25,-53.75,1.6093023255813954,-7.333333333333333,"12.67,-7.33,28.50,9.83",6,9,-55.5,7889.5,-3878.0,31.625
70,0,50,7,"(3, 18)",22,10.909090909090908,0.8636363636363636,20.07894736842105,-47.166666666666664,2.696113074204947,4.9,"8.83,9.17,4.90,21.50",7,10,-42.5,7744.5,-1947.5,32.95454545454545
70,0,55,7,"(3, 12)",27,10.907407407407407,0.8888888888888888,18.291666666666668,-48.166666666666664,3.038062283737024,6.642857142857143,"11.07,8.36,6.64,18.67",7,10,-42.5,10035.5,-2314.0,33.81481481481482
65,4,50,7,"(3, 12, 18)",15,10.9,0.9333333333333333,14.714285714285714,-42.5,4.847058823529411,-0.5,"-0.50,15.25,14.50,15.50",7,8,-42.5,4802.5,-1445.0,29.8
99,10,55,10,(),20,10.9,0.65,46.03846153846154,-54.357142857142854,1.5729303547963207,-15.3,"9.90,-15.30,46.90,2.10",6,9,-55.5,5699.5,-4814.0,28.05
99,10,55,10,"(12,)",20,10.9,0.65,46.03846153846154,-54.357142857142854,1.5729303547963207,-15.3,"9.90,-15.30,46.90,2.10",6,9,-55.5,5699.5,-4814.0,28.05
99,10,55,10,"(14,)",20,10.9,0.65,46.03846153846154,-54.357142857142854,1.5729303547963207,-15.3,"9.90,-15.30,46.90,2.10",6,9,-55.5,5699.5,-4814.0,28.05
85,4,55,8,"(12, 18)",23,10.891304347826088,0.7391304347826086,32.38235294117647,-50.0,1.835,3.8333333333333335,"7.17,3.83,15.50,18.30",6,9,-42.5,6403.5,-3966.0,29.608695652173914
65,0,47,10,"(3, 12, 18)",19,10.868421052631579,0.8947368421052632,17.264705882352942,-43.5,3.3735632183908044,3.7,"6.50,3.70,14.50,20.75",8,10,-42.5,6630.0,-1940.5,32.31578947368421
85,0,47,10,"(18,)",22,10.863636363636363,0.6818181818181818,37.36666666666667,-45.92857142857143,1.7433903576982892,-6.5,"10.33,-6.50,36.30,6.90",6,10,-42.5,6613.5,-5092.5,34.40909090909091
80,0,50,8,"(3,)",25,10.86,0.76,29.92105263157895,-49.5,1.9141414141414141,-24.666666666666668,"19.93,-24.67,29.50,17.17",6,10,-42.5,8324.5,-5464.0,31.24
95,0,50,8,"(3,)",25,10.86,0.64,44.875,-49.611111111111114,1.6080627099664053,-19.666666666666668,"32.79,-19.67,28.67,-2.00",5,10,-47.0,7106.0,-6238.0,35.92
99,6,55,10,"(3, 12, 14, 18, 20)",17,10.852941176470589,0.6470588235294118,46.95454545454545,-55.333333333333336,1.555722891566265,-6.75,"9.70,-6.75,22.00,18.75",5,8,-59.5,5260.5,-5356.5,29.352941176470587
99,7,55,10,"(3, 12, 14, 18, 20)",17,10.852941176470589,0.6470588235294118,46.95454545454545,-55.333333333333336,1.555722891566265,-6.75,"9.70,-6.75,22.00,18.75",5,8,-59.5,5260.5,-5356.5,29.352941176470587
99,8,55,10,"(3, 12, 14, 18, 20)",17,10.852941176470589,0.6470588235294118,46.95454545454545,-55.333333333333336,1.555722891566265,-6.75,"9.70,-6.75,22.00,18.75",5,8,-59.5,5260.5,-5356.5,29.352941176470587
85,4,55,8,"(3,)",23,10.847826086956522,0.7391304347826086,33.029411764705884,-52.0,1.7996794871794872,3.8333333333333335,"7.17,3.83,18.17,14.90",6,10,-59.5,7195.5,-3966.0,30.043478260869566
65,0,55,10,"(3, 12, 14, 18, 20)",26,10.846153846153847,0.9615384615384616,13.06,-44.5,7.337078651685394,7.642857142857143,"7.64,10.64,12.33,13.33",8,9,0.0,9786.0,-1691.0,33.76923076923077
80,0,50,10,"(3, 12, 18)",24,10.833333333333334,0.75,30.72222222222222,-48.833333333333336,1.8873720136518772,-24.166666666666668,"19.33,-24.17,15.50,32.67",7,10,-42.5,8266.5,-6078.5,29.958333333333332
90,0,50,10,"(3, 12, 18)",24,10.833333333333334,0.6666666666666666,40.625,-48.75,1.6666666666666667,-20.833333333333332,"27.67,-20.83,8.83,27.67",6,10,-42.5,7208.5,-5999.5,31.708333333333332
95,0,50,8,"(14,)",25,10.82,0.64,44.875,-49.72222222222222,1.6044692737430168,-5.0,"32.50,-5.00,12.33,-0.17",5,9,-47.5,7252.0,-7079.0,40.4
90,5,50,10,"(20,)",19,10.81578947368421,0.6842105263157895,39.65384615384615,-51.666666666666664,1.6629032258064516,-16.1,"21.30,-16.10,20.90,18.75",6,9,-55.5,5762.0,-3173.0,31.473684210526315
90,0,55,7,"(3, 12, 18)",26,10.807692307692308,0.6923076923076923,38.111111111111114,-50.625,1.693827160493827,-0.21428571428571427,"28.21,-0.21,5.50,8.67",7,10,-50.5,7549.0,-8342.0,35.61538461538461
65,0,45,10,"(3, 18)",18,10.777777777777779,0.8888888888888888,17.5625,-43.5,3.2298850574712645,3.5,"6.90,3.50,14.75,20.75",8,10,-42.5,6167.5,-1875.0,31.833333333333332
65,0,45,10,"(3, 12, 18)",18,10.777777777777779,0.8888888888888888,17.5625,-43.5,3.2298850574712645,3.5,"6.90,3.50,14.75,20.75",8,10,-42.5,6167.5,-1875.0,31.833333333333332
75,0,47,7,"(3,)",18,10.777777777777779,0.7777777777777778,27.142857142857142,-46.5,2.043010752688172,-19.3,"14.50,-19.30,26.00,28.50",6,9,-42.5,5744.0,-4700.0,30.0
75,0,47,8,"(3,)",18,10.777777777777779,0.7777777777777778,27.142857142857142,-46.5,2.043010752688172,-19.3,"14.50,-19.30,26.00,28.50",6,9,-42.5,5744.0,-4700.0,30.0
80,0,45,10,"(3, 18)",18,10.777777777777779,0.7222222222222222,33.11538461538461,-47.3,1.8202959830866807,-16.5,"2.90,-16.50,29.75,35.75",7,10,-42.5,5823.0,-4910.0,29.11111111111111
80,0,45,10,"(3, 12, 18)",18,10.777777777777779,0.7222222222222222,33.11538461538461,-47.3,1.8202959830866807,-16.5,"2.90,-16.50,29.75,35.75",7,10,-42.5,5823.0,-4910.0,29.11111111111111
65,5,50,7,(),15,10.766666666666667,0.9333333333333333,14.571428571428571,-42.5,4.8,-5.5,"15.50,13.25,15.75,-5.50",7,8,-42.5,4678.0,-1997.5,32.93333333333333
65,5,50,7,"(12,)",15,10.766666666666667,0.9333333333333333,14.571428571428571,-42.5,4.8,-5.5,"15.50,13.25,15.75,-5.50",7,8,-42.5,4678.0,-1997.5,32.93333333333333
65,5,50,7,"(14,)",15,10.766666666666667,0.9333333333333333,14.571428571428571,-42.5,4.8,-5.5,"15.50,13.25,15.75,-5.50",7,8,-42.5,4678.0,-1997.5,32.93333333333333
80,10,55,8,"(3, 18)",15,10.766666666666667,0.8,26.666666666666668,-52.833333333333336,2.0189274447949526,-12.25,"30.50,-12.25,25.50,-4.50",6,8,-59.5,4220.5,-3267.0,29.266666666666666
80,10,55,8,"(3, 12, 18)",15,10.766666666666667,0.8,26.666666666666668,-52.833333333333336,2.0189274447949526,-12.25,"30.50,-12.25,25.50,-4.50",6,8,-59.5,4220.5,-3267.0,29.266666666666666
90,0,50,6,"(3, 12, 18)",15,10.766666666666667,0.6666666666666666,38.9,-45.5,1.7098901098901098,-27.5,"18.75,-27.50,18.75,40.50",6,9,-42.5,3063.0,-3454.5,27.733333333333334
80,5,55,7,"(18,)",19,10.763157894736842,0.7894736842105263,27.033333333333335,-50.25,2.017412935323383,-4.1,"29.10,-4.10,8.70,9.00",6,8,-26.5,5371.5,-3366.0,31.63157894736842
80,5,55,7,"(12, 18)",19,10.763157894736842,0.7894736842105263,27.033333333333335,-50.25,2.017412935323383,-4.1,"29.10,-4.10,8.70,9.00",6,8,-26.5,5371.5,-3366.0,31.63157894736842
70,0,47,10,(),23,10.76086956521739,0.8260869565217391,22.07894736842105,-43.0,2.438953488372093,-2.1,"12.00,9.33,21.67,-2.10",8,10,-42.5,7415.5,-2507.5,37.869565217391305
95,0,47,10,(),23,10.76086956521739,0.6086956521739131,47.357142857142854,-46.166666666666664,1.595667870036101,-1.5,"17.00,-1.50,15.00,12.90",6,10,-45.5,5997.5,-6160.0,36.73913043478261
99,0,55,8,"(20,)",32,10.75,0.625,47.3,-50.166666666666664,1.5714285714285714,-14.0,"36.75,9.50,-14.00,10.75",6,10,-42.5,8679.5,-13739.5,43.71875
99,7,55,10,"(18,)",20,10.75,0.65,45.88461538461539,-54.5,1.563564875491481,-15.3,"9.70,-15.30,25.30,23.30",5,8,-17.166666666666668,5552.5,-6594.0,27.85
99,7,55,10,"(12, 18)",20,10.75,0.65,45.88461538461539,-54.5,1.563564875491481,-15.3,"9.70,-15.30,25.30,23.30",5,8,-17.166666666666668,5552.5,-6594.0,27.85
99,8,55,10,"(18,)",20,10.75,0.65,45.88461538461539,-54.5,1.563564875491481,-15.3,"9.70,-15.30,25.30,23.30",5,8,-17.166666666666668,5552.5,-6594.0,27.85
99,8,55,10,"(12, 18)",20,10.75,0.65,45.88461538461539,-54.5,1.563564875491481,-15.3,"9.70,-15.30,25.30,23.30",5,8,-17.166666666666668,5552.5,-6594.0,27.85
65,5,50,10,"(18,)",18,10.722222222222221,0.9444444444444444,13.852941176470589,-42.5,5.541176470588235,0.0,"15.30,13.10,12.75,0.00",7,8,-42.5,5740.5,-2167.5,33.94444444444444
65,5,50,10,"(12, 18)",18,10.722222222222221,0.9444444444444444,13.852941176470589,-42.5,5.541176470588235,0.0,"15.30,13.10,12.75,0.00",7,8,-42.5,5740.5,-2167.5,33.94444444444444
70,0,47,7,"(14,)",18,10.722222222222221,0.8333333333333334,21.5,-43.166666666666664,2.4903474903474905,-9.25,"10.10,19.50,20.50,-9.25",5,8,-12.5,5280.0,-2373.0,37.333333333333336
70,0,47,8,"(14,)",18,10.722222222222221,0.8333333333333334,21.5,-43.166666666666664,2.4903474903474905,-9.25,"10.10,19.50,20.50,-9.25",5,8,-12.5,5280.0,-2373.0,37.333333333333336
75,5,55,7,"(20,)",18,10.722222222222221,0.8333333333333334,22.966666666666665,-50.5,2.273927392739274,3.25,"24.10,7.70,3.25,5.25",7,8,-28.166666666666668,5414.5,-3435.5,32.72222222222222
85,5,50,10,"(18,)",18,10.722222222222221,0.7222222222222222,33.96153846153846,-49.7,1.7766599597585513,-17.9,"18.30,-17.90,32.75,15.00",5,8,-42.5,4885.5,-4574.5,30.833333333333332
85,5,50,10,"(12, 18)",18,10.722222222222221,0.7222222222222222,33.96153846153846,-49.7,1.7766599597585513,-17.9,"18.30,-17.90,32.75,15.00",5,8,-42.5,4885.5,-4574.5,30.833333333333332
85,0,55,7,"(3,)",30,10.7,0.7333333333333333,33.59090909090909,-52.25,1.7679425837320575,-3.9285714285714284,"24.50,0.38,-3.93,21.36",8,10,-42.5,10772.5,-6616.0,36.43333333333333
95,0,55,6,"(3, 12)",20,10.7,0.65,43.03846153846154,-49.357142857142854,1.6193921852387845,5.3,"9.10,5.30,5.70,22.70",7,10,-57.5,4659.0,-4834.0,28.7
80,4,50,7,"(12, 18)",16,10.6875,0.75,29.583333333333332,-46.0,1.9293478260869565,-9.75,"10.75,-9.75,29.50,12.25",6,9,-42.5,4037.0,-3019.5,30.125
85,4,47,10,(),16,10.6875,0.6875,36.86363636363637,-46.9,1.7292110874200426,-28.0,"17.75,-28.00,35.00,18.00",5,9,-42.5,4337.5,-3432.0,30.1875
85,4,47,10,"(12,)",16,10.6875,0.6875,36.86363636363637,-46.9,1.7292110874200426,-28.0,"17.75,-28.00,35.00,18.00",5,9,-42.5,4337.5,-3432.0,30.1875
70,0,55,8,"(3, 12, 18)",28,10.678571428571429,0.8928571428571429,17.74,-48.166666666666664,3.069204152249135,6.5,"11.07,7.64,6.50,17.50",7,10,-42.5,10040.0,-2314.0,33.5
65,4,50,8,"(3, 12, 18)",17,10.676470588235293,0.9411764705882353,14.0,-42.5,5.270588235294118,3.9,"3.90,12.00,12.75,15.75",7,8,-42.5,5395.5,-1445.0,29.823529411764707
80,4,50,8,"(3, 12, 18)",17,10.676470588235293,0.7647058823529411,29.192307692307693,-49.5,1.9166666666666667,-33.0,"15.90,-33.00,27.75,30.75",5,8,-42.5,4926.5,-4012.0,28.058823529411764
90,4,55,8,"(12, 18)",23,10.673913043478262,0.6956521739130435,37.5625,-50.785714285714285,1.690576652601969,4.666666666666667,"10.50,7.17,4.67,22.30",6,9,-42.5,6084.5,-3843.5,29.695652173913043
85,4,50,8,"(3, 18)",18,10.666666666666666,0.7222222222222222,34.19230769230769,-50.5,1.7603960396039604,-18.7,"19.90,-18.70,33.50,13.00",5,9,-54.5,5151.0,-3966.0,29.11111111111111
90,0,55,10,"(3, 12, 14, 18, 20)",26,10.653846153846153,0.6923076923076923,39.666666666666664,-54.625,1.633867276887872,-2.9285714285714284,"16.21,-2.93,7.33,23.33",7,9,-59.5,9886.0,-6625.5,33.15384615384615
70,6,55,10,"(20,)",21,10.642857142857142,0.9047619047619048,16.92105263157895,-49.0,3.2806122448979593,1.3,"7.67,14.70,19.50,1.30",7,9,-55.5,6607.0,-2295.0,32.38095238095238
80,10,55,7,"(18,)",15,10.633333333333333,0.8,26.5,-52.833333333333336,2.006309148264984,-12.25,"30.50,-12.25,4.50,22.83",6,8,-18.5,4105.5,-3267.0,28.866666666666667
80,10,55,7,"(12, 18)",15,10.633333333333333,0.8,26.5,-52.833333333333336,2.006309148264984,-12.25,"30.50,-12.25,4.50,22.83",6,8,-18.5,4105.5,-3267.0,28.866666666666667
90,4,55,8,"(3,)",23,10.630434782608695,0.6956521739130435,38.25,-52.5,1.6653061224489796,7.166666666666667,"10.50,7.17,7.33,18.90",6,10,-59.5,6938.5,-3912.0,30.565217391304348
95,0,50,8,"(12,)",24,10.625,0.625,45.3,-47.166666666666664,1.6007067137809188,-19.666666666666668,"31.83,-19.67,28.67,1.67",6,10,-42.5,5757.5,-5826.0,36.291666666666664
99,0,55,8,"(12,)",32,10.625,0.625,47.1,-50.166666666666664,1.564784053156146,-1.75,"25.88,7.62,-1.75,10.75",6,10,-42.5,8233.0,-10315.0,40.125
99,6,50,10,"(3,)",16,10.625,0.625,48.7,-52.833333333333336,1.5362776025236593,-28.5,"25.00,-28.50,23.50,22.50",4,7,-55.5,4669.0,-4774.5,28.125
99,6,50,10,"(3, 12)",16,10.625,0.625,48.7,-52.833333333333336,1.5362776025236593,-28.5,"25.00,-28.50,23.50,22.50",4,7,-55.5,4669.0,-4774.5,28.125
99,7,50,10,(),16,10.625,0.625,48.7,-52.833333333333336,1.5362776025236593,-28.5,"25.00,-28.50,23.50,22.50",4,7,-55.5,4669.0,-4774.5,28.125
99,7,50,10,"(3,)",16,10.625,0.625,48.7,-52.833333333333336,1.5362776025236593,-28.5,"25.00,-28.50,23.50,22.50",4,7,-55.5,4669.0,-4774.5,28.125
99,7,50,10,"(12,)",16,10.625,0.625,48.7,-52.833333333333336,1.5362776025236593,-28.5,"25.00,-28.50,23.50,22.50",4,7,-55.5,4669.0,-4774.5,28.125
99,7,50,10,"(14,)",16,10.625,0.625,48.7,-52.833333333333336,1.5362776025236593,-28.5,"25.00,-28.50,23.50,22.50",4,7,-55.5,4669.0,-4774.5,28.125
99,7,50,10,"(3, 12)",16,10.625,0.625,48.7,-52.833333333333336,1.5362776025236593,-28.5,"25.00,-28.50,23.50,22.50",4,7,-55.5,4669.0,-4774.5,28.125
99,8,50,10,(),16,10.625,0.625,48.7,-52.833333333333336,1.5362776025236593,-28.5,"25.00,-28.50,23.50,22.50",4,7,-55.5,4669.0,-4774.5,28.125
99,8,50,10,"(3,)",16,10.625,0.625,48.7,-52.833333333333336,1.5362776025236593,-28.5,"25.00,-28.50,23.50,22.50",4,7,-55.5,4669.0,-4774.5,28.125
99,8,50,10,"(12,)",16,10.625,0.625,48.7,-52.833333333333336,1.5362776025236593,-28.5,"25.00,-28.50,23.50,22.50",4,7,-55.5,4669.0,-4774.5,28.125
99,8,50,10,"(14,)",16,10.625,0.625,48.7,-52.833333333333336,1.5362776025236593,-28.5,"25.00,-28.50,23.50,22.50",4,7,-55.5,4669.0,-4774.5,28.125
99,8,50,10,"(3, 12)",16,10.625,0.625,48.7,-52.833333333333336,1.5362776025236593,-28.5,"25.00,-28.50,23.50,22.50",4,7,-55.5,4669.0,-4774.5,28.125
80,4,55,6,"(12,)",17,10.617647058823529,0.7647058823529411,28.03846153846154,-46.0,1.9809782608695652,-10.5,"13.70,-10.50,10.00,28.50",6,9,-42.5,4056.5,-2772.0,27.823529411764707
85,0,55,7,"(3, 12, 18)",26,10.615384615384615,0.7307692307692307,33.6578947368421,-51.92857142857143,1.7592847317744154,-3.0714285714285716,"23.93,-3.07,2.17,19.50",6,10,-42.5,8686.0,-4719.0,34.0
85,4,55,6,(),18,10.61111111111111,0.7222222222222222,33.03846153846154,-47.7,1.80083857442348,-6.0,"17.70,-1.50,-6.00,33.50",6,10,-54.5,4234.5,-3219.5,28.5
95,0,55,8,"(3, 12)",29,10.60344827586207,0.6551724137931034,43.39473684210526,-51.7,1.5947775628626693,0.9285714285714286,"22.88,0.93,15.07,1.79",6,10,-50.5,8775.0,-8443.0,36.48275862068966
95,5,55,10,"(18,)",24,10.583333333333334,0.6666666666666666,42.375,-53.0,1.599056603773585,-6.166666666666667,"12.50,-6.17,26.17,9.83",6,8,-21.5,6880.5,-5870.0,31.625
95,5,55,10,"(12, 18)",24,10.583333333333334,0.6666666666666666,42.375,-53.0,1.599056603773585,-6.166666666666667,"12.50,-6.17,26.17,9.83",6,8,-21.5,6880.5,-5870.0,31.625
70,0,50,10,"(12, 18)",26,10.576923076923077,0.8461538461538461,20.318181818181817,-43.0,2.5988372093023258,0.5,"12.21,9.21,20.33,0.50",7,10,-42.5,8187.0,-2635.0,37.46153846153846
80,4,47,10,"(3,)",15,10.566666666666666,0.7333333333333333,31.863636363636363,-48.0,1.8255208333333333,-29.25,"14.00,-29.25,30.00,33.17",5,8,-42.5,4299.0,-3609.0,28.4
80,4,47,10,"(14,)",15,10.566666666666666,0.7333333333333333,31.863636363636363,-48.0,1.8255208333333333,-9.5,"12.00,-9.50,30.75,8.50",5,8,-42.5,4291.0,-3629.0,31.2
80,4,47,10,"(3, 12)",15,10.566666666666666,0.7333333333333333,31.863636363636363,-48.0,1.8255208333333333,-29.25,"14.00,-29.25,30.00,33.17",5,8,-42.5,4299.0,-3609.0,28.4
65,5,50,8,(),17,10.558823529411764,0.9411764705882353,13.875,-42.5,5.223529411764706,0.0,"14.10,13.25,14.00,0.00",7,8,-42.5,5271.5,-2082.5,33.23529411764706
65,5,50,8,"(12,)",17,10.558823529411764,0.9411764705882353,13.875,-42.5,5.223529411764706,0.0,"14.10,13.25,14.00,0.00",7,8,-42.5,5271.5,-2082.5,33.23529411764706
65,5,50,8,"(14,)",17,10.558823529411764,0.9411764705882353,13.875,-42.5,5.223529411764706,0.0,"14.10,13.25,14.00,0.00",7,8,-42.5,5271.5,-2082.5,33.23529411764706
80,5,50,8,(),17,10.558823529411764,0.7647058823529411,29.03846153846154,-49.5,1.9065656565656566,-11.75,"13.10,-11.75,29.00,11.25",5,8,-42.5,4741.0,-4080.0,30.705882352941178
80,5,50,8,"(12,)",17,10.558823529411764,0.7647058823529411,29.03846153846154,-49.5,1.9065656565656566,-11.75,"13.10,-11.75,29.00,11.25",5,8,-42.5,4741.0,-4080.0,30.705882352941178
80,5,50,8,"(14,)",17,10.558823529411764,0.7647058823529411,29.03846153846154,-49.5,1.9065656565656566,-11.75,"13.10,-11.75,29.00,11.25",5,8,-42.5,4741.0,-4080.0,30.705882352941178
99,10,55,10,"(3, 18)",17,10.558823529411764,0.6470588235294118,45.86363636363637,-54.166666666666664,1.5523076923076924,-7.75,"8.90,-4.00,45.50,-7.75",5,8,-59.5,4415.5,-5409.5,29.352941176470587
99,10,55,10,"(3, 12, 18)",17,10.558823529411764,0.6470588235294118,45.86363636363637,-54.166666666666664,1.5523076923076924,-7.75,"8.90,-4.00,45.50,-7.75",5,8,-59.5,4415.5,-5409.5,29.352941176470587
90,0,50,8,"(3, 12, 18)",21,10.547619047619047,0.6666666666666666,40.07142857142857,-48.5,1.6524300441826214,-33.3,"27.67,-33.30,20.50,23.90",6,10,-42.5,5431.0,-5776.5,31.80952380952381
70,4,55,10,"(12,)",28,10.535714285714286,0.8928571428571429,17.42,-46.833333333333336,3.099644128113879,0.5,"0.50,15.93,17.93,7.79",7,9,-49.0,9136.0,-2803.0,32.5
70,4,55,6,"(3,)",17,10.5,0.8823529411764706,18.366666666666667,-48.5,2.8402061855670104,-0.5,"5.70,19.50,-0.50,18.50",7,9,-54.5,5156.0,-1744.0,29.88235294117647
70,4,55,6,"(14,)",17,10.5,0.8823529411764706,18.366666666666667,-48.5,2.8402061855670104,-13.5,"18.30,16.75,-13.50,18.50",7,9,-54.5,5141.0,-3886.5,32.8235294117647
70,0,50,10,"(3,)",29,10.5,0.8620689655172413,20.06,-49.25,2.545685279187817,3.0,"3.00,9.36,19.36,11.36",8,10,-49.0,10867.5,-2999.0,33.3448275862069
80,4,55,7,"(12,)",22,10.5,0.7727272727272727,27.91176470588235,-48.7,1.948665297741273,-0.16666666666666666,"17.17,-0.17,11.50,14.30",6,9,-42.5,6019.0,-3019.5,30.545454545454547
90,6,55,8,(),20,10.5,0.7,37.357142857142854,-52.166666666666664,1.670926517571885,-0.7,"21.10,1.90,19.70,-0.70",6,8,-23.166666666666668,5342.5,-4015.0,31.95
90,6,55,8,"(12,)",20,10.5,0.7,37.357142857142854,-52.166666666666664,1.670926517571885,-0.7,"21.10,1.90,19.70,-0.70",6,8,-23.166666666666668,5342.5,-4015.0,31.95
90,6,55,8,"(14,)",20,10.5,0.7,37.357142857142854,-52.166666666666664,1.670926517571885,-0.7,"21.10,1.90,19.70,-0.70",6,8,-23.166666666666668,5342.5,-4015.0,31.95
95,5,55,10,"(3,)",24,10.5,0.6666666666666666,43.0625,-54.625,1.5766590389016018,-21.666666666666668,"12.67,-21.67,41.83,9.17",6,9,-59.5,7846.0,-5165.0,29.666666666666668
95,5,55,10,"(3, 12)",24,10.5,0.6666666666666666,43.0625,-54.625,1.5766590389016018,-21.666666666666668,"12.67,-21.67,41.83,9.17",6,9,-59.5,7846.0,-5165.0,29.666666666666668
99,4,55,10,"(20,)",27,10.5,0.6296296296296297,47.6764705882353,-52.7,1.5379506641366223,2.2142857142857144,"7.07,2.21,4.21,31.50",6,10,-54.5,8141.0,-4874.5,30.37037037037037
99,0,43,10,(),16,10.5,0.5625,53.388888888888886,-44.642857142857146,1.5376,-23.0,"30.50,-23.00,4.75,29.75",6,9,-49.5,3640.0,-3539.5,35.25
99,0,43,10,"(12,)",16,10.5,0.5625,53.388888888888886,-44.642857142857146,1.5376,-23.0,"30.50,-23.00,4.75,29.75",6,9,-49.5,3640.0,-3539.5,35.25
99,0,55,7,"(18,)",32,10.46875,0.625,46.6,-49.75,1.5611390284757118,-14.75,"36.75,9.12,-14.75,10.75",7,10,-42.5,7357.0,-16387.0,42.875
85,0,55,10,"(3, 12, 14, 18, 20)",26,10.461538461538462,0.7307692307692307,34.39473684210526,-54.5,1.7129750982961993,-5.785714285714286,"12.64,-5.79,18.17,19.17",7,9,-59.5,9632.5,-6514.5,32.26923076923077
70,0,47,10,"(12,)",22,10.454545454545455,0.8181818181818182,22.333333333333332,-43.0,2.3372093023255816,-2.1,"12.00,9.33,22.50,-2.10",7,10,-42.5,6722.5,-2422.5,37.31818181818182
90,0,47,10,"(12,)",22,10.454545454545455,0.6363636363636364,42.357142857142854,-45.375,1.6336088154269972,-4.0,"13.67,-4.00,24.50,9.90",5,10,-42.5,5362.5,-5070.5,35.22727272727273
95,0,45,10,"(18,)",20,10.45,0.6,47.666666666666664,-45.375,1.5757575757575757,-10.5,"11.90,-10.50,27.50,12.90",6,10,-42.5,4564.5,-4621.5,33.55
95,0,45,10,"(12, 18)",20,10.45,0.6,47.666666666666664,-45.375,1.5757575757575757,-10.5,"11.90,-10.50,27.50,12.90",6,10,-42.5,4564.5,-4621.5,33.55
65,5,50,10,"(3,)",19,10.447368421052632,0.9473684210526315,14.11111111111111,-55.5,4.576576576576577,1.3,"1.30,12.90,15.10,13.00",7,8,-55.5,6634.0,-1387.5,30.63157894736842
65,5,50,10,"(3, 12)",19,10.447368421052632,0.9473684210526315,14.11111111111111,-55.5,4.576576576576577,1.3,"1.30,12.90,15.10,13.00",7,8,-55.5,6634.0,-1387.5,30.63157894736842
75,0,50,7,"(3, 12, 18)",19,10.447368421052632,0.7894736842105263,25.633333333333333,-46.5,2.067204301075269,-18.7,"11.90,-18.70,24.50,27.50",7,10,-42.5,5647.0,-4509.5,30.31578947368421
90,5,50,10,"(3,)",19,10.447368421052632,0.6842105263157895,39.65384615384615,-52.833333333333336,1.6261829652996846,-16.1,"21.30,-16.10,22.10,15.50",5,8,-55.5,5873.5,-4016.5,29.31578947368421
90,5,50,10,"(3, 12)",19,10.447368421052632,0.6842105263157895,39.65384615384615,-52.833333333333336,1.6261829652996846,-16.1,"21.30,-16.10,22.10,15.50",5,8,-55.5,5873.5,-4016.5,29.31578947368421
70,4,55,6,"(12, 18)",16,10.4375,0.875,18.0,-42.5,2.9647058823529413,1.25,"3.75,18.25,1.25,18.50",7,9,-42.5,4114.5,-1742.5,29.4375
70,6,50,10,"(20,)",16,10.4375,0.875,18.928571428571427,-49.0,2.704081632653061,1.75,"3.25,16.75,20.00,1.75",6,8,-55.5,4790.5,-2082.5,31.5625
70,4,50,6,"(3,)",15,10.433333333333334,0.8666666666666667,19.5,-48.5,2.61340206185567,1.75,"3.75,18.25,1.75,20.50",7,9,-54.5,4426.5,-1744.0,29.8
70,4,50,6,"(14,)",15,10.433333333333334,0.8666666666666667,19.5,-48.5,2.61340206185567,-13.5,"17.75,19.50,-13.50,20.50",7,9,-54.5,4502.5,-3789.5,32.86666666666667
95,0,55,7,"(3, 18)",29,10.431034482758621,0.6551724137931034,42.86842105263158,-51.2,1.5908203125,-0.21428571428571427,"33.25,2.64,-0.21,2.79",7,10,-51.166666666666664,7855.5,-13930.5,39.48275862068966
85,0,50,8,(),27,10.425925925925926,0.7037037037037037,34.921052631578945,-47.75,1.736910994764398,-14.928571428571429,"24.21,-14.93,21.64,10.83",5,10,-42.5,7557.5,-5760.0,35.666666666666664
70,0,55,7,"(3, 12, 18)",26,10.423076923076923,0.8846153846153846,18.065217391304348,-48.166666666666664,2.875432525951557,3.8333333333333335,"11.07,8.36,3.83,18.67",7,10,-42.5,8840.5,-2314.0,32.73076923076923
65,0,50,10,"(3, 12, 18)",24,10.416666666666666,0.9166666666666666,15.318181818181818,-43.5,3.8735632183908044,3.3333333333333335,"6.83,3.33,13.83,17.67",8,10,-42.5,8279.5,-1926.0,32.291666666666664
95,0,50,7,"(18,)",24,10.416666666666666,0.625,44.63333333333333,-46.611111111111114,1.5959475566150179,-1.6666666666666667,"29.67,-1.67,12.00,1.67",6,10,-45.5,4857.0,-8667.0,38.833333333333336
70,4,50,10,"(12,)",22,10.409090909090908,0.8636363636363636,19.44736842105263,-46.833333333333336,2.6298932384341636,-2.6666666666666665,"-2.67,18.33,18.90,8.10",7,9,-49.0,6742.5,-2803.0,31.5
95,4,50,10,"(12,)",22,10.409090909090908,0.6363636363636364,45.07142857142857,-50.25,1.5696517412935322,-20.0,"14.00,-20.00,24.90,28.10",5,9,-49.0,6050.5,-5118.0,29.5
99,0,50,6,"(3, 18)",18,10.38888888888889,0.6111111111111112,47.40909090909091,-47.785714285714285,1.5590433482810164,-10.7,"28.90,-10.70,-2.75,26.75",6,10,-54.5,3399.0,-4623.0,29.666666666666668
85,4,50,7,"(18,)",17,10.382352941176471,0.7058823529411765,34.583333333333336,-47.7,1.740041928721174,-9.25,"19.90,-9.25,12.50,16.00",6,10,-54.5,4208.5,-3359.0,31.0
90,6,55,8,"(3, 18)",17,10.382352941176471,0.7058823529411765,37.25,-54.1,1.6524953789279113,-7.25,"21.10,-7.25,13.00,12.00",6,8,-59.5,4642.5,-4015.0,29.823529411764707
90,6,55,8,"(3, 12, 18)",17,10.382352941176471,0.7058823529411765,37.25,-54.1,1.6524953789279113,-7.25,"21.10,-7.25,13.00,12.00",6,8,-59.5,4642.5,-4015.0,29.823529411764707
90,7,55,8,"(3, 18)",17,10.382352941176471,0.7058823529411765,37.25,-54.1,1.6524953789279113,-7.25,"21.10,-7.25,13.00,12.00",6,8,-59.5,4642.5,-4015.0,29.823529411764707
90,7,55,8,"(3, 12, 18)",17,10.382352941176471,0.7058823529411765,37.25,-54.1,1.6524953789279113,-7.25,"21.10,-7.25,13.00,12.00",6,8,-59.5,4642.5,-4015.0,29.823529411764707
90,8,55,8,"(3, 18)",17,10.382352941176471,0.7058823529411765,37.25,-54.1,1.6524953789279113,-7.25,"21.10,-7.25,13.00,12.00",6,8,-59.5,4642.5,-4015.0,29.823529411764707
90,8,55,8,"(3, 12, 18)",17,10.382352941176471,0.7058823529411765,37.25,-54.1,1.6524953789279113,-7.25,"21.10,-7.25,13.00,12.00",6,8,-59.5,4642.5,-4015.0,29.823529411764707
70,0,47,10,"(20,)",22,10.318181818181818,0.8181818181818182,22.166666666666668,-43.0,2.3197674418604652,-2.1,"12.00,9.17,22.10,-2.10",8,10,-42.5,6553.0,-2380.0,37.09090909090909
75,4,50,10,"(3, 12)",21,10.30952380952381,0.8095238095238095,24.323529411764707,-49.25,2.098984771573604,0.6666666666666666,"0.67,7.90,10.10,24.50",6,8,-49.0,6261.5,-2920.5,28.904761904761905
85,4,50,10,"(3, 12)",21,10.30952380952381,0.7142857142857143,34.7,-50.666666666666664,1.712171052631579,-18.1,"7.33,-18.10,18.10,34.50",5,8,-49.0,6066.0,-5473.5,27.047619047619047
65,4,55,7,"(3, 12)",20,10.3,0.95,13.078947368421053,-42.5,5.847058823529411,3.9,"3.90,11.90,13.50,11.90",8,9,-42.5,6304.0,-1445.0,30.2
65,0,55,7,"(3, 12, 14, 18, 20)",20,10.3,0.95,13.18421052631579,-44.5,5.629213483146067,-0.1,"16.70,-0.10,12.90,11.70",8,9,-11.5,6413.5,-1646.5,31.35
85,0,50,6,"(20,)",20,10.3,0.7,34.42857142857143,-46.0,1.7463768115942029,0.3,"17.70,0.30,18.90,4.30",7,10,-54.5,4409.5,-2337.5,31.95
85,0,50,8,"(12, 18)",23,10.282608695652174,0.6956521739130435,35.25,-46.785714285714285,1.7221374045801527,-23.0,"23.50,-23.00,35.33,4.30",6,10,-42.5,5817.0,-5728.0,33.56521739130435
75,6,55,8,"(20,)",18,10.277777777777779,0.8333333333333334,22.433333333333334,-50.5,2.221122112211221,2.75,"24.10,7.70,3.75,2.75",7,8,-28.166666666666668,5024.0,-3545.0,33.111111111111114
90,0,55,7,"(3, 18)",29,10.258620689655173,0.6896551724137931,37.85,-51.05555555555556,1.647442872687704,-3.0714285714285716,"28.88,-0.21,-3.07,12.79",7,10,-42.5,8003.0,-9588.0,37.03448275862069
65,5,50,8,"(20,)",16,10.25,0.9375,13.766666666666667,-42.5,4.858823529411764,0.0,"15.50,11.50,14.00,0.00",7,8,-42.5,4656.5,-2040.0,32.5625
90,0,50,10,"(3, 18)",27,10.24074074074074,0.6666666666666666,40.05555555555556,-49.388888888888886,1.6220472440944882,-24.928571428571427,"28.50,-24.93,12.50,27.33",5,10,-42.5,7655.5,-6240.5,32.77777777777778
99,0,47,7,"(18,)",19,10.236842105263158,0.5789473684210527,50.86363636363637,-45.625,1.5328767123287672,-9.7,"33.70,-9.70,10.70,5.25",6,9,-45.5,3729.5,-6023.5,36.89473684210526
99,0,47,8,"(18,)",19,10.236842105263158,0.5789473684210527,50.86363636363637,-45.625,1.5328767123287672,-9.7,"33.70,-9.70,10.70,5.25",6,9,-45.5,3729.5,-6023.5,36.89473684210526
65,6,50,8,(),15,10.233333333333333,0.9333333333333333,14.0,-42.5,4.6117647058823525,-5.833333333333333,"15.50,13.25,14.00,-5.83",6,7,-42.5,4307.5,-2040.0,32.86666666666667
65,6,50,8,"(12,)",15,10.233333333333333,0.9333333333333333,14.0,-42.5,4.6117647058823525,-5.833333333333333,"15.50,13.25,14.00,-5.83",6,7,-42.5,4307.5,-2040.0,32.86666666666667
65,6,50,8,"(14,)",15,10.233333333333333,0.9333333333333333,14.0,-42.5,4.6117647058823525,-5.833333333333333,"15.50,13.25,14.00,-5.83",6,7,-42.5,4307.5,-2040.0,32.86666666666667
75,4,50,7,"(3, 12, 18)",15,10.233333333333333,0.8,24.583333333333332,-47.166666666666664,2.0848056537102475,-12.25,"7.00,-12.25,24.50,25.50",6,8,-42.5,3950.5,-2955.0,28.466666666666665
65,0,47,7,"(3,)",18,10.222222222222221,0.8888888888888888,16.9375,-43.5,3.1149425287356323,2.7,"6.50,2.70,16.00,18.50",7,9,-42.5,5549.5,-2287.5,31.055555555555557
65,0,47,8,"(3,)",18,10.222222222222221,0.8888888888888888,16.9375,-43.5,3.1149425287356323,2.7,"6.50,2.70,16.00,18.50",7,9,-42.5,5549.5,-2287.5,31.055555555555557
85,0,45,7,(),18,10.222222222222221,0.6666666666666666,37.916666666666664,-45.166666666666664,1.6789667896678966,-1.75,"7.10,0.50,38.25,-1.75",5,9,-42.5,4420.0,-4513.5,33.333333333333336
85,0,45,7,"(12,)",18,10.222222222222221,0.6666666666666666,37.916666666666664,-45.166666666666664,1.6789667896678966,-1.75,"7.10,0.50,38.25,-1.75",5,9,-42.5,4420.0,-4513.5,33.333333333333336
85,0,45,8,(),18,10.222222222222221,0.6666666666666666,37.916666666666664,-45.166666666666664,1.6789667896678966,-1.75,"7.10,0.50,38.25,-1.75",5,9,-42.5,4420.0,-4513.5,33.333333333333336
85,0,45,8,"(12,)",18,10.222222222222221,0.6666666666666666,37.916666666666664,-45.166666666666664,1.6789667896678966,-1.75,"7.10,0.50,38.25,-1.75",5,9,-42.5,4420.0,-4513.5,33.333333333333336
99,0,55,10,"(3, 12, 18)",32,10.21875,0.625,47.75,-52.333333333333336,1.5207006369426752,-15.75,"25.12,-15.75,21.00,10.50",6,10,-50.5,9597.0,-7934.5,34.5
80,0,45,7,"(20,)",17,10.205882352941176,0.7058823529411765,32.916666666666664,-44.3,1.783295711060948,-4.25,"4.10,9.25,33.25,-4.25",5,9,-42.5,4369.0,-3296.5,34.23529411764706
80,0,45,8,"(20,)",17,10.205882352941176,0.7058823529411765,32.916666666666664,-44.3,1.783295711060948,-4.25,"4.10,9.25,33.25,-4.25",5,9,-42.5,4369.0,-3296.5,34.23529411764706
99,4,55,10,"(18,)",27,10.203703703703704,0.6296296296296297,46.85294117647059,-52.1,1.5287907869481765,2.2142857142857144,"6.93,3.21,2.21,31.50",6,10,-54.5,6984.0,-5168.0,30.14814814814815
90,5,55,10,"(3, 12, 14, 18, 20)",20,10.2,0.7,38.285714285714285,-55.333333333333336,1.6144578313253013,-18.1,"22.30,-18.10,18.50,18.10",6,8,-59.5,6194.5,-4459.5,30.45
99,0,50,6,"(20,)",20,10.2,0.6,47.833333333333336,-46.25,1.5513513513513513,-9.5,"28.90,8.70,-9.50,12.70",7,10,-54.5,3317.0,-7521.0,34.0
85,0,50,10,"(12, 18)",26,10.192307692307692,0.6923076923076923,35.72222222222222,-47.25,1.7010582010582012,-14.357142857142858,"12.93,-14.36,35.33,10.50",6,10,-42.5,7149.5,-6053.0,33.26923076923077
65,4,55,8,"(3, 12)",22,10.181818181818182,0.9545454545454546,12.69047619047619,-42.5,6.270588235294118,4.666666666666667,"4.67,12.17,12.70,11.90",8,9,-42.5,7001.5,-1445.0,30.59090909090909
65,0,55,8,"(3, 12, 14, 18, 20)",22,10.181818181818182,0.9545454545454546,12.785714285714286,-44.5,6.033707865168539,6.5,"6.50,11.00,12.10,11.70",8,9,-4.833333333333333,7038.0,-1646.5,31.454545454545453
70,0,47,10,"(18,)",22,10.181818181818182,0.8181818181818182,22.0,-43.0,2.302325581395349,-2.1,"12.00,9.33,21.30,-2.10",8,10,-42.5,6340.0,-2380.0,36.72727272727273
90,0,47,10,"(18,)",22,10.181818181818182,0.6363636363636364,41.92857142857143,-45.375,1.6170798898071626,-4.0,"13.67,-4.00,23.30,9.90",5,10,-42.5,4952.0,-5070.5,34.63636363636363
95,4,50,10,"(20,)",22,10.181818181818182,0.6363636363636364,45.07142857142857,-50.875,1.5503685503685503,-4.5,"14.00,-4.50,25.50,7.90",6,10,-54.5,6037.0,-4516.0,30.818181818181817
75,5,55,7,"(3,)",18,10.166666666666666,0.8333333333333334,22.766666666666666,-52.833333333333336,2.1545741324921135,-7.1,"24.10,-7.10,23.50,1.00",6,8,-59.5,5320.5,-3267.0,30.166666666666668
75,5,55,7,"(3, 12)",18,10.166666666666666,0.8333333333333334,22.766666666666666,-52.833333333333336,2.1545741324921135,-7.1,"24.10,-7.10,23.50,1.00",6,8,-59.5,5320.5,-3267.0,30.166666666666668
80,0,47,7,"(14,)",18,10.166666666666666,0.7222222222222222,31.653846153846153,-45.7,1.8008752735229758,-4.25,"18.10,-2.50,30.50,-4.25",4,8,-10.5,4592.0,-4844.0,34.77777777777778
80,0,47,8,"(14,)",18,10.166666666666666,0.7222222222222222,31.653846153846153,-45.7,1.8008752735229758,-4.25,"18.10,-2.50,30.50,-4.25",4,8,-10.5,4592.0,-4844.0,34.77777777777778
70,0,55,10,"(3, 12)",34,10.147058823529411,0.8823529411764706,18.166666666666668,-50.0,2.725,4.611111111111111,"4.61,9.50,8.62,18.62",8,10,-49.0,12736.0,-3199.5,33.94117647058823
85,4,55,7,"(18,)",22,10.136363636363637,0.7272727272727273,32.5625,-49.666666666666664,1.7483221476510067,-3.1,"21.33,3.17,-3.10,18.30",7,10,-54.5,5555.0,-4558.5,30.818181818181817
85,0,50,10,"(20,)",30,10.133333333333333,0.7,35.357142857142854,-48.72222222222222,1.6932725199543899,-8.5,"14.25,-8.50,21.64,15.21",6,10,-49.0,8972.0,-5719.5,34.333333333333336
75,5,55,8,"(3, 18)",19,10.131578947368421,0.8421052631578947,21.9375,-52.833333333333336,2.2145110410094637,-8.1,"24.10,-8.10,21.70,1.00",6,8,-59.5,5455.5,-3366.0,30.263157894736842
75,5,55,8,"(3, 12, 18)",19,10.131578947368421,0.8421052631578947,21.9375,-52.833333333333336,2.2145110410094637,-8.1,"24.10,-8.10,21.70,1.00",6,8,-59.5,5455.5,-3366.0,30.263157894736842
75,7,55,8,(),19,10.131578947368421,0.8421052631578947,21.9375,-52.833333333333336,2.2145110410094637,-7.1,"24.10,-7.10,22.70,-1.50",6,8,-21.0,5436.5,-3267.0,30.157894736842106
75,7,55,8,"(12,)",19,10.131578947368421,0.8421052631578947,21.9375,-52.833333333333336,2.2145110410094637,-7.1,"24.10,-7.10,22.70,-1.50",6,8,-21.0,5436.5,-3267.0,30.157894736842106
75,7,55,8,"(14,)",19,10.131578947368421,0.8421052631578947,21.9375,-52.833333333333336,2.2145110410094637,-7.1,"24.10,-7.10,22.70,-1.50",6,8,-21.0,5436.5,-3267.0,30.157894736842106
75,8,55,8,(),19,10.131578947368421,0.8421052631578947,21.9375,-52.833333333333336,2.2145110410094637,-7.1,"24.10,-7.10,22.70,-1.50",6,8,-21.0,5436.5,-3267.0,30.157894736842106
75,8,55,8,"(12,)",19,10.131578947368421,0.8421052631578947,21.9375,-52.833333333333336,2.2145110410094637,-7.1,"24.10,-7.10,22.70,-1.50",6,8,-21.0,5436.5,-3267.0,30.157894736842106
75,8,55,8,"(14,)",19,10.131578947368421,0.8421052631578947,21.9375,-52.833333333333336,2.2145110410094637,-7.1,"24.10,-7.10,22.70,-1.50",6,8,-21.0,5436.5,-3267.0,30.157894736842106
80,5,55,8,"(3, 18)",19,10.131578947368421,0.7894736842105263,27.166666666666668,-53.75,1.8953488372093024,-5.1,"13.10,-5.10,26.70,4.75",5,8,-59.5,5516.0,-4080.0,29.157894736842106
80,5,55,8,"(3, 12, 18)",19,10.131578947368421,0.7894736842105263,27.166666666666668,-53.75,1.8953488372093024,-5.1,"13.10,-5.10,26.70,4.75",5,8,-59.5,5516.0,-4080.0,29.157894736842106
80,7,55,8,(),19,10.131578947368421,0.7894736842105263,27.166666666666668,-53.75,1.8953488372093024,-4.1,"13.10,-4.10,27.70,2.25",5,8,-18.5,5553.5,-3922.0,28.894736842105264
80,7,55,8,"(12,)",19,10.131578947368421,0.7894736842105263,27.166666666666668,-53.75,1.8953488372093024,-4.1,"13.10,-4.10,27.70,2.25",5,8,-18.5,5553.5,-3922.0,28.894736842105264
80,7,55,8,"(14,)",19,10.131578947368421,0.7894736842105263,27.166666666666668,-53.75,1.8953488372093024,-4.1,"13.10,-4.10,27.70,2.25",5,8,-18.5,5553.5,-3922.0,28.894736842105264
80,8,55,8,(),19,10.131578947368421,0.7894736842105263,27.166666666666668,-53.75,1.8953488372093024,-4.1,"13.10,-4.10,27.70,2.25",5,8,-18.5,5553.5,-3922.0,28.894736842105264
80,8,55,8,"(12,)",19,10.131578947368421,0.7894736842105263,27.166666666666668,-53.75,1.8953488372093024,-4.1,"13.10,-4.10,27.70,2.25",5,8,-18.5,5553.5,-3922.0,28.894736842105264
80,8,55,8,"(14,)",19,10.131578947368421,0.7894736842105263,27.166666666666668,-53.75,1.8953488372093024,-4.1,"13.10,-4.10,27.70,2.25",5,8,-18.5,5553.5,-3922.0,28.894736842105264
99,4,55,10,"(3,)",27,10.12962962962963,0.6296296296296297,47.5,-53.4,1.5121722846441947,-11.642857142857142,"7.07,-11.64,32.79,12.67",6,10,-59.5,8165.0,-6062.5,28.962962962962962
75,6,50,10,"(20,)",16,10.125,0.8125,23.807692307692307,-49.166666666666664,2.0983050847457627,3.0,"7.00,3.00,25.00,5.50",5,8,-55.5,4327.0,-1997.5,30.875
70,0,45,10,(),21,10.119047619047619,0.8095238095238095,22.61764705882353,-43.0,2.23546511627907,-2.1,"1.67,20.10,22.50,-2.10",7,10,-42.5,6013.0,-2337.5,36.476190476190474
70,0,45,10,"(12,)",21,10.119047619047619,0.8095238095238095,22.61764705882353,-43.0,2.23546511627907,-2.1,"1.67,20.10,22.50,-2.10",7,10,-42.5,6013.0,-2337.5,36.476190476190474
85,0,45,10,(),21,10.119047619047619,0.6666666666666666,38.142857142857146,-45.92857142857143,1.6609642301710732,-2.5,"-2.50,1.10,37.50,6.90",6,10,-42.5,5657.0,-4827.0,32.857142857142854
85,0,45,10,"(12,)",21,10.119047619047619,0.6666666666666666,38.142857142857146,-45.92857142857143,1.6609642301710732,-2.5,"-2.50,1.10,37.50,6.90",6,10,-42.5,5657.0,-4827.0,32.857142857142854
80,6,55,7,(),18,10.11111111111111,0.7777777777777778,27.357142857142858,-50.25,1.9054726368159205,6.5,"14.50,9.70,8.75,6.50",6,8,-26.5,4572.5,-3267.0,31.5
80,6,55,7,"(12,)",18,10.11111111111111,0.7777777777777778,27.357142857142858,-50.25,1.9054726368159205,6.5,"14.50,9.70,8.75,6.50",6,8,-26.5,4572.5,-3267.0,31.5
80,6,55,7,"(14,)",18,10.11111111111111,0.7777777777777778,27.357142857142858,-50.25,1.9054726368159205,6.5,"14.50,9.70,8.75,6.50",6,8,-26.5,4572.5,-3267.0,31.5
70,4,55,10,"(14,)",28,10.107142857142858,0.8928571428571429,17.42,-50.833333333333336,2.855737704918033,7.5,"8.50,16.64,7.50,7.79",7,10,-55.5,9287.5,-3893.0,35.392857142857146
70,0,55,10,"(3, 18)",35,10.1,0.8857142857142857,17.822580645161292,-49.75,2.7763819095477387,0.16666666666666666,"12.28,9.50,0.17,19.50",8,10,-42.5,12818.5,-4428.5,36.02857142857143
75,5,50,7,(),15,10.1,0.8,24.416666666666668,-47.166666666666664,2.070671378091873,-14.25,"25.50,-14.25,25.75,1.17",6,8,-42.5,3766.0,-3267.0,31.066666666666666
75,5,50,7,"(12,)",15,10.1,0.8,24.416666666666668,-47.166666666666664,2.070671378091873,-14.25,"25.50,-14.25,25.75,1.17",6,8,-42.5,3766.0,-3267.0,31.066666666666666
75,5,50,7,"(14,)",15,10.1,0.8,24.416666666666668,-47.166666666666664,2.070671378091873,-14.25,"25.50,-14.25,25.75,1.17",6,8,-42.5,3766.0,-3267.0,31.066666666666666
70,4,55,10,"(18,)",27,10.092592592592593,0.8888888888888888,17.166666666666668,-46.5,2.953405017921147,5.642857142857143,"10.36,16.64,5.64,7.33",7,10,-54.5,8031.0,-3672.5,34.370370370370374
80,0,50,7,"(12,)",22,10.090909090909092,0.7272727272727273,30.8125,-45.166666666666664,1.8191881918819188,-10.5,"19.33,-10.50,32.50,1.30",5,10,-42.5,5541.5,-4471.5,34.5
65,0,47,7,"(3, 12)",17,10.088235294117647,0.8823529411764706,17.233333333333334,-43.5,2.971264367816092,0.0,"6.50,0.00,15.75,19.00",7,9,-42.5,5113.0,-2287.5,30.941176470588236
65,0,47,8,"(3, 12)",17,10.088235294117647,0.8823529411764706,17.233333333333334,-43.5,2.971264367816092,0.0,"6.50,0.00,15.75,19.00",7,9,-42.5,5113.0,-2287.5,30.941176470588236
75,0,47,7,"(3, 12)",17,10.088235294117647,0.7647058823529411,27.5,-46.5,1.9220430107526882,-30.0,"14.50,-30.00,25.75,29.00",6,9,-42.5,4931.0,-4700.0,29.764705882352942
75,0,47,8,"(3, 12)",17,10.088235294117647,0.7647058823529411,27.5,-46.5,1.9220430107526882,-30.0,"14.50,-30.00,25.75,29.00",6,9,-42.5,4931.0,-4700.0,29.764705882352942
65,4,55,10,"(3, 12, 18)",24,10.083333333333334,0.9583333333333334,12.369565217391305,-42.5,6.694117647058824,5.666666666666667,"5.67,11.67,10.33,12.67",8,9,-42.5,7652.5,-1445.0,30.958333333333332
90,0,47,7,"(12,)",19,10.078947368421053,0.631578947368421,42.0,-44.642857142857146,1.6128,-13.3,"26.50,-13.30,24.50,0.75",5,9,-42.5,3887.0,-4807.5,35.473684210526315
90,0,47,8,"(12,)",19,10.078947368421053,0.631578947368421,42.0,-44.642857142857146,1.6128,-13.3,"26.50,-13.30,24.50,0.75",5,9,-42.5,3887.0,-4807.5,35.473684210526315
95,0,50,6,"(3,)",19,10.078947368421053,0.631578947368421,43.833333333333336,-47.785714285714285,1.5724962630792227,-12.3,"25.70,-12.30,5.90,23.75",6,10,-54.5,3666.0,-4867.5,29.789473684210527
95,4,55,10,"(12, 18)",26,10.076923076923077,0.6538461538461539,42.85294117647059,-51.833333333333336,1.5616291532690247,0.9285714285714286,"4.64,0.93,9.00,28.17",6,9,-42.5,6868.5,-5154.0,29.423076923076923
65,5,50,8,"(18,)",16,10.0625,0.9375,13.566666666666666,-42.5,4.788235294117647,0.0,"15.50,12.00,12.75,0.00",7,8,-42.5,4521.0,-1997.5,32.25
65,5,50,8,"(12, 18)",16,10.0625,0.9375,13.566666666666666,-42.5,4.788235294117647,0.0,"15.50,12.00,12.75,0.00",7,8,-42.5,4521.0,-1997.5,32.25
75,5,50,8,"(18,)",16,10.0625,0.8125,23.26923076923077,-47.166666666666664,2.137809187279152,-15.5,"25.50,-15.50,22.75,7.50",6,8,-42.5,3917.5,-3366.0,31.0625
75,5,50,8,"(12, 18)",16,10.0625,0.8125,23.26923076923077,-47.166666666666664,2.137809187279152,-15.5,"25.50,-15.50,22.75,7.50",6,8,-42.5,3917.5,-3366.0,31.0625
75,0,50,8,"(3,)",25,10.06,0.8,24.6,-48.1,2.045738045738046,-13.833333333333334,"15.64,-13.83,24.50,13.00",7,10,-42.5,7548.5,-3771.5,31.48
95,10,55,10,"(20,)",18,10.055555555555555,0.6666666666666666,42.666666666666664,-55.166666666666664,1.5468277945619335,1.7,"7.50,1.70,20.25,13.50",6,9,-55.5,5015.5,-3553.0,28.27777777777778
95,0,50,10,"(3, 18)",27,10.055555555555555,0.6296296296296297,45.205882352941174,-49.7,1.5462776659959758,-23.5,"32.79,-23.50,16.07,15.67",5,10,-47.0,7367.5,-6440.5,34.25925925925926
75,4,50,10,"(12, 18)",20,10.05,0.8,24.0625,-46.0,2.092391304347826,7.9,"11.90,7.90,8.30,12.10",6,9,-42.5,4991.0,-3316.5,31.3
90,4,50,6,"(18,)",15,10.033333333333333,0.6666666666666666,38.9,-47.7,1.631027253668763,-6.75,"18.75,-6.75,-4.75,40.50",6,10,-54.5,3106.5,-3025.5,28.6
95,10,55,10,"(3, 12, 14, 18, 20)",15,10.033333333333333,0.6666666666666666,42.6,-55.1,1.546279491833031,-8.75,"23.25,-8.75,19.00,5.50",5,8,-59.5,4119.5,-3963.0,29.8
99,0,50,10,"(20,)",30,10.033333333333333,0.6,49.388888888888886,-49.0,1.5119047619047619,-1.5,"24.75,-1.50,5.36,11.07",6,10,-49.0,7322.5,-8423.5,37.43333333333333
80,5,50,10,"(3, 18)",17,10.029411764705882,0.7647058823529411,28.96153846153846,-51.5,1.8276699029126213,-12.5,"14.30,-12.50,9.25,28.00",5,7,-23.5,4815.0,-4527.0,28.705882352941178
80,5,50,10,"(3, 12, 18)",17,10.029411764705882,0.7647058823529411,28.96153846153846,-51.5,1.8276699029126213,-12.5,"14.30,-12.50,9.25,28.00",5,7,-23.5,4815.0,-4527.0,28.705882352941178
95,0,50,6,"(14,)",19,10.026315789473685,0.631578947368421,43.833333333333336,-47.92857142857143,1.5678092399403876,-11.3,"25.30,5.30,-11.30,23.50",6,9,-54.5,3772.5,-5566.0,33.8421052631579
99,4,50,10,(),23,10.021739130434783,0.6086956521739131,49.07142857142857,-50.72222222222222,1.5049288061336255,-18.666666666666668,"16.67,-18.67,31.83,10.30",5,10,-54.5,5935.0,-4993.0,30.26086956521739
70,4,55,10,"(3,)",27,10.018518518518519,0.8888888888888888,17.625,-50.833333333333336,2.773770491803279,0.5,"0.50,15.93,17.93,5.00",8,10,-54.5,8740.5,-2803.0,31.51851851851852
80,6,55,8,"(20,)",18,10.0,0.7777777777777778,27.714285714285715,-52.0,1.8653846153846154,6.5,"13.10,11.70,7.50,6.50",6,8,-26.5,4778.0,-3280.5,31.333333333333332
95,4,55,10,"(3, 12)",26,10.0,0.6538461538461539,43.5,-53.27777777777778,1.5422314911366006,-13.357142857142858,"4.79,-13.36,26.50,26.83",6,9,-59.5,7732.5,-6229.0,27.807692307692307
85,0,55,8,"(20,)",32,9.96875,0.71875,33.54347826086956,-50.27777777777778,1.7049723756906077,0.75,"24.50,0.75,12.62,2.00",7,10,-42.5,9484.5,-4813.0,39.03125
99,0,55,8,"(3,)",32,9.96875,0.625,47.15,-52.0,1.5112179487179487,-3.0,"36.75,-2.75,8.88,-3.00",6,10,-51.166666666666664,8703.0,-13972.0,40.25
99,0,55,8,"(14,)",32,9.96875,0.625,47.2,-52.083333333333336,1.5104,-16.0,"24.38,20.75,-16.00,10.75",6,9,-28.25,8778.0,-13593.0,42.875
65,6,50,10,"(18,)",15,9.966666666666667,0.9333333333333333,13.714285714285714,-42.5,4.517647058823529,-5.833333333333333,"17.00,12.00,12.75,-5.83",6,7,-42.5,4085.5,-2040.0,32.6
65,6,50,10,"(12, 18)",15,9.966666666666667,0.9333333333333333,13.714285714285714,-42.5,4.517647058823529,-5.833333333333333,"17.00,12.00,12.75,-5.83",6,7,-42.5,4085.5,-2040.0,32.6
80,4,55,7,"(14,)",22,9.954545454545455,0.7727272727272727,27.91176470588235,-51.1,1.8571428571428572,-5.3,"16.00,13.00,-5.30,14.30",6,9,-54.5,6147.5,-5145.0,32.59090909090909
80,4,55,8,"(3, 12)",22,9.954545454545455,0.7727272727272727,28.029411764705884,-51.5,1.850485436893204,0.5,"3.83,0.50,27.70,10.90",5,9,-59.5,6274.5,-4012.0,28.40909090909091
80,0,55,8,"(3, 12, 14, 18, 20)",22,9.954545454545455,0.7727272727272727,28.794117647058822,-54.1,1.8096118299445472,-0.6666666666666666,"19.00,-0.67,11.10,10.70",6,9,-59.5,7223.5,-4475.5,32.59090909090909
95,0,47,7,(),20,9.95,0.6,47.0,-45.625,1.5452054794520549,-11.3,"30.50,-11.30,26.30,-5.70",6,9,-45.5,4013.5,-6160.0,36.75
95,0,47,8,(),20,9.95,0.6,47.0,-45.625,1.5452054794520549,-11.3,"30.50,-11.30,26.30,-5.70",6,9,-45.5,4013.5,-6160.0,36.75
90,4,50,8,"(12, 18)",18,9.944444444444445,0.6666666666666666,39.583333333333336,-49.333333333333336,1.6047297297297298,-16.7,"23.90,-16.70,16.00,19.75",5,9,-42.5,4262.0,-3843.5,29.77777777777778
65,0,45,7,"(3,)",16,9.9375,0.875,17.571428571428573,-43.5,2.8275862068965516,0.0,"5.00,0.00,15.75,19.00",7,9,-42.5,4685.5,-2222.0,30.4375
65,0,45,7,"(3, 12)",16,9.9375,0.875,17.571428571428573,-43.5,2.8275862068965516,0.0,"5.00,0.00,15.75,19.00",7,9,-42.5,4685.5,-2222.0,30.4375
65,0,45,8,"(3,)",16,9.9375,0.875,17.571428571428573,-43.5,2.8275862068965516,0.0,"5.00,0.00,15.75,19.00",7,9,-42.5,4685.5,-2222.0,30.4375
65,0,45,8,"(3, 12)",16,9.9375,0.875,17.571428571428573,-43.5,2.8275862068965516,0.0,"5.00,0.00,15.75,19.00",7,9,-42.5,4685.5,-2222.0,30.4375
80,4,50,7,"(3, 18)",16,9.9375,0.75,29.583333333333332,-49.0,1.8112244897959184,-9.75,"10.75,-9.75,29.50,9.25",6,9,-54.5,4114.0,-3019.5,29.5
80,0,50,8,"(3, 18)",24,9.916666666666666,0.75,29.72222222222222,-49.5,1.8013468013468013,-23.333333333333332,"17.17,-23.33,28.67,17.17",6,10,-42.5,6869.0,-5464.0,30.333333333333332
90,0,50,8,"(3, 18)",24,9.916666666666666,0.6666666666666666,39.5,-49.25,1.6040609137055837,-20.0,"25.50,-20.00,23.67,10.50",5,10,-42.5,5916.5,-6005.5,32.875
85,0,55,8,"(3, 12)",29,9.913793103448276,0.7241379310344828,33.69047619047619,-52.5,1.6845238095238095,-4.785714285714286,"15.38,-4.79,20.07,8.21",6,10,-42.5,9341.0,-5990.5,33.310344827586206
80,4,55,6,"(3,)",17,9.911764705882353,0.7647058823529411,28.03846153846154,-49.0,1.8596938775510203,-10.5,"13.70,-10.50,7.00,28.50",6,9,-54.5,4103.0,-2772.0,27.294117647058822
80,4,55,6,"(14,)",17,9.911764705882353,0.7647058823529411,28.03846153846154,-49.0,1.8596938775510203,-8.5,"12.30,6.75,-8.50,28.50",6,9,-54.5,4068.5,-3359.0,29.58823529411765
85,0,47,7,"(12, 18)",18,9.88888888888889,0.6666666666666666,37.416666666666664,-45.166666666666664,1.6568265682656826,-15.3,"22.50,-15.30,37.25,-1.75",5,9,-42.5,4172.0,-4753.0,33.888888888888886
85,0,47,8,"(12, 18)",18,9.88888888888889,0.6666666666666666,37.416666666666664,-45.166666666666664,1.6568265682656826,-15.3,"22.50,-15.30,37.25,-1.75",5,9,-42.5,4172.0,-4753.0,33.888888888888886
90,0,50,6,"(3, 18)",18,9.88888888888889,0.6666666666666666,38.333333333333336,-47.0,1.6312056737588652,-14.3,"21.70,-14.30,15.25,20.00",6,10,-54.5,3291.0,-3619.5,28.11111111111111
65,4,55,6,"(3, 12)",16,9.875,0.9375,13.366666666666667,-42.5,4.7176470588235295,0.0,"0.00,13.25,12.75,13.50",7,8,-42.5,4441.0,-1402.5,28.375
70,0,45,7,"(14,)",16,9.875,0.8125,22.115384615384617,-43.166666666666664,2.22007722007722,-9.25,"8.25,19.50,21.00,-9.25",5,8,-42.5,4103.0,-2219.5,36.125
70,0,45,8,"(14,)",16,9.875,0.8125,22.115384615384617,-43.166666666666664,2.22007722007722,-9.25,"8.25,19.50,21.00,-9.25",5,8,-42.5,4103.0,-2219.5,36.125
75,4,55,6,"(3, 12)",16,9.875,0.8125,23.03846153846154,-47.166666666666664,2.11660777385159,-14.25,"7.50,-14.25,22.75,23.50",6,8,-42.5,3936.5,-2729.5,26.5625
65,4,55,7,"(3, 12, 18)",19,9.868421052631579,0.9473684210526315,12.777777777777779,-42.5,5.411764705882353,3.9,"3.90,11.90,10.90,13.50",8,9,-42.5,5535.0,-1445.0,29.473684210526315
70,4,50,10,"(3,)",22,9.863636363636363,0.8636363636363636,19.44736842105263,-50.833333333333336,2.422950819672131,-2.6666666666666665,"-2.67,18.33,18.90,5.70",7,9,-54.5,6808.5,-2803.0,30.954545454545453
70,4,50,10,"(14,)",22,9.863636363636363,0.8636363636363636,19.44736842105263,-50.833333333333336,2.422950819672131,-7.1,"7.67,18.17,19.50,-7.10",7,10,-55.5,6853.5,-4414.0,34.5
95,4,50,10,"(3,)",22,9.863636363636363,0.6363636363636364,45.07142857142857,-51.75,1.5241545893719808,-20.0,"14.00,-20.00,24.90,25.70",5,9,-54.5,6154.0,-5118.0,29.09090909090909
95,4,50,10,"(14,)",22,9.863636363636363,0.6363636363636364,45.07142857142857,-51.75,1.5241545893719808,-4.333333333333333,"12.67,-4.33,25.50,7.90",5,10,-55.5,6151.5,-3933.0,31.5
65,0,50,7,"(3, 12)",20,9.85,0.9,15.777777777777779,-43.5,3.264367816091954,3.3,"3.90,3.30,15.30,16.90",8,10,-42.5,6067.5,-2287.5,31.05
75,0,45,10,"(20,)",20,9.85,0.75,27.9,-44.3,1.889390519187359,-3.9,"14.90,-3.90,27.50,0.90",6,10,-42.5,5364.0,-2210.0,35.1
70,4,50,10,"(18,)",21,9.833333333333334,0.8571428571428571,19.22222222222222,-46.5,2.4802867383512543,-7.1,"9.83,18.10,18.50,-7.10",7,10,-54.5,5765.0,-4123.0,33.61904761904762
70,0,47,10,"(12, 18)",21,9.833333333333334,0.8095238095238095,22.264705882352942,-43.0,2.2005813953488373,-2.1,"12.00,7.50,21.50,-2.10",7,10,-42.5,5696.5,-2295.0,36.23809523809524
80,4,55,7,"(20,)",21,9.833333333333334,0.7619047619047619,28.4375,-49.7,1.8309859154929577,-5.3,"17.17,11.70,-5.30,14.30",7,10,-54.5,5487.0,-4914.0,31.80952380952381
85,0,47,10,"(12, 18)",21,9.833333333333334,0.6666666666666666,37.714285714285715,-45.92857142857143,1.6423017107309488,-14.5,"10.33,-14.50,36.50,6.90",6,10,-42.5,5372.0,-5092.5,33.714285714285715
85,6,55,8,"(18,)",19,9.81578947368421,0.7368421052631579,31.714285714285715,-51.5,1.7242718446601941,-1.1,"17.10,-1.10,13.10,10.25",6,8,-24.833333333333332,4381.5,-3973.5,29.842105263157894
85,6,55,8,"(12, 18)",19,9.81578947368421,0.7368421052631579,31.714285714285715,-51.5,1.7242718446601941,-1.1,"17.10,-1.10,13.10,10.25",6,8,-24.833333333333332,4381.5,-3973.5,29.842105263157894
95,0,50,10,"(12, 18)",26,9.807692307692308,0.6153846153846154,45.625,-47.5,1.5368421052631578,-10.071428571428571,"20.07,-10.07,13.67,17.17",6,10,-42.5,5746.0,-5965.5,34.46153846153846
99,0,50,6,"(12, 18)",17,9.794117647058824,0.5882352941176471,47.9,-44.642857142857146,1.5328,-2.25,"11.50,-2.25,3.00,26.50",6,9,-42.5,2103.0,-3403.5,30.352941176470587
65,4,55,8,"(3, 12, 18)",21,9.785714285714286,0.9523809523809523,12.4,-42.5,5.8352941176470585,4.666666666666667,"4.67,11.90,11.70,11.90",8,9,-42.5,6178.5,-1445.0,29.761904761904763
70,4,55,8,(),25,9.78,0.88,17.454545454545453,-46.5,2.752688172043011,5.833333333333333,"9.50,16.50,5.83,7.33",7,10,-54.5,6994.5,-3459.5,33.4
65,0,50,8,"(3, 12)",22,9.772727272727273,0.9090909090909091,15.1,-43.5,3.471264367816092,2.8333333333333335,"6.83,2.83,14.50,16.90",8,10,-42.5,6668.0,-2287.5,30.90909090909091
85,0,47,6,"(20,)",15,9.766666666666667,0.6666666666666666,36.8,-44.3,1.6613995485327313,-3.25,"-3.25,13.00,18.00,11.83",5,8,-42.5,3022.5,-2809.0,31.0
90,0,47,7,"(18,)",19,9.763157894736842,0.631578947368421,41.5,-44.642857142857146,1.5936,-13.3,"26.50,-13.30,23.30,0.75",5,9,-42.5,3474.5,-4807.5,34.89473684210526
90,0,47,8,"(18,)",19,9.763157894736842,0.631578947368421,41.5,-44.642857142857146,1.5936,-13.3,"26.50,-13.30,23.30,0.75",5,9,-42.5,3474.5,-4807.5,34.89473684210526
80,4,55,6,"(20,)",16,9.75,0.75,28.75,-47.25,1.8253968253968254,-8.5,"11.25,7.75,-8.50,28.50",7,10,-54.5,3561.5,-3219.5,29.0625
85,0,55,7,"(3, 18)",29,9.741379310344827,0.7241379310344828,33.357142857142854,-52.25,1.6758373205741626,-5.928571428571429,"24.50,-3.07,-5.93,21.36",8,10,-42.5,8807.5,-6044.0,34.724137931034484
65,0,47,7,"(3, 18)",17,9.735294117647058,0.8823529411764706,16.833333333333332,-43.5,2.9022988505747125,0.0,"6.50,0.00,14.75,18.50",7,9,-42.5,4833.0,-2287.5,30.58823529411765
65,0,47,8,"(3, 18)",17,9.735294117647058,0.8823529411764706,16.833333333333332,-43.5,2.9022988505747125,0.0,"6.50,0.00,14.75,18.50",7,9,-42.5,4833.0,-2287.5,30.58823529411765
75,0,47,7,"(3, 18)",17,9.735294117647058,0.7647058823529411,27.03846153846154,-46.5,1.8897849462365592,-30.0,"14.50,-30.00,24.75,28.50",6,9,-42.5,4553.0,-4700.0,29.294117647058822
75,0,47,8,"(3, 18)",17,9.735294117647058,0.7647058823529411,27.03846153846154,-46.5,1.8897849462365592,-30.0,"14.50,-30.00,24.75,28.50",6,9,-42.5,4553.0,-4700.0,29.294117647058822
75,6,55,8,"(3,)",18,9.722222222222221,0.8333333333333334,22.233333333333334,-52.833333333333336,2.1041009463722395,-7.1,"24.10,-7.10,21.75,0.75",6,8,-59.5,4893.0,-3267.0,30.11111111111111
75,6,55,8,"(3, 12)",18,9.722222222222221,0.8333333333333334,22.233333333333334,-52.833333333333336,2.1041009463722395,-7.1,"24.10,-7.10,21.75,0.75",6,8,-59.5,4893.0,-3267.0,30.11111111111111
75,7,55,8,"(3,)",18,9.722222222222221,0.8333333333333334,22.233333333333334,-52.833333333333336,2.1041009463722395,-7.1,"24.10,-7.10,21.75,0.75",6,8,-59.5,4893.0,-3267.0,30.11111111111111
75,7,55,8,"(3, 12)",18,9.722222222222221,0.8333333333333334,22.233333333333334,-52.833333333333336,2.1041009463722395,-7.1,"24.10,-7.10,21.75,0.75",6,8,-59.5,4893.0,-3267.0,30.11111111111111
75,8,55,8,"(3,)",18,9.722222222222221,0.8333333333333334,22.233333333333334,-52.833333333333336,2.1041009463722395,-7.1,"24.10,-7.10,21.75,0.75",6,8,-59.5,4893.0,-3267.0,30.11111111111111
75,8,55,8,"(3, 12)",18,9.722222222222221,0.8333333333333334,22.233333333333334,-52.833333333333336,2.1041009463722395,-7.1,"24.10,-7.10,21.75,0.75",6,8,-59.5,4893.0,-3267.0,30.11111111111111
95,0,50,6,"(12,)",18,9.722222222222221,0.6111111111111112,44.31818181818182,-44.642857142857146,1.56,2.25,"9.10,5.30,2.25,23.50",6,9,-42.5,2522.0,-3405.5,30.666666666666668
95,4,50,8,"(18,)",19,9.710526315789474,0.631578947368421,44.583333333333336,-50.07142857142857,1.5263908701854494,-14.7,"27.90,-14.70,4.90,23.50",5,10,-54.5,4410.5,-3774.0,30.789473684210527
65,6,50,10,"(3,)",16,9.6875,0.9375,14.033333333333333,-55.5,3.7927927927927927,-0.5,"-0.50,11.75,14.25,13.25",6,7,-55.5,4882.0,-1387.5,29.125
65,6,50,10,"(3, 12)",16,9.6875,0.9375,14.033333333333333,-55.5,3.7927927927927927,-0.5,"-0.50,11.75,14.25,13.25",6,7,-55.5,4882.0,-1387.5,29.125
65,7,50,10,(),16,9.6875,0.9375,14.033333333333333,-55.5,3.7927927927927927,-0.5,"-0.50,11.75,14.25,13.25",6,7,-55.5,4882.0,-1387.5,29.125
65,7,50,10,"(3,)",16,9.6875,0.9375,14.033333333333333,-55.5,3.7927927927927927,-0.5,"-0.50,11.75,14.25,13.25",6,7,-55.5,4882.0,-1387.5,29.125
65,7,50,10,"(12,)",16,9.6875,0.9375,14.033333333333333,-55.5,3.7927927927927927,-0.5,"-0.50,11.75,14.25,13.25",6,7,-55.5,4882.0,-1387.5,29.125
65,7,50,10,"(14,)",16,9.6875,0.9375,14.033333333333333,-55.5,3.7927927927927927,-0.5,"-0.50,11.75,14.25,13.25",6,7,-55.5,4882.0,-1387.5,29.125
65,7,50,10,"(3, 12)",16,9.6875,0.9375,14.033333333333333,-55.5,3.7927927927927927,-0.5,"-0.50,11.75,14.25,13.25",6,7,-55.5,4882.0,-1387.5,29.125
65,8,50,10,(),16,9.6875,0.9375,14.033333333333333,-55.5,3.7927927927927927,-0.5,"-0.50,11.75,14.25,13.25",6,7,-55.5,4882.0,-1387.5,29.125
65,8,50,10,"(3,)",16,9.6875,0.9375,14.033333333333333,-55.5,3.7927927927927927,-0.5,"-0.50,11.75,14.25,13.25",6,7,-55.5,4882.0,-1387.5,29.125
65,8,50,10,"(12,)",16,9.6875,0.9375,14.033333333333333,-55.5,3.7927927927927927,-0.5,"-0.50,11.75,14.25,13.25",6,7,-55.5,4882.0,-1387.5,29.125
65,8,50,10,"(14,)",16,9.6875,0.9375,14.033333333333333,-55.5,3.7927927927927927,-0.5,"-0.50,11.75,14.25,13.25",6,7,-55.5,4882.0,-1387.5,29.125
65,8,50,10,"(3, 12)",16,9.6875,0.9375,14.033333333333333,-55.5,3.7927927927927927,-0.5,"-0.50,11.75,14.25,13.25",6,7,-55.5,4882.0,-1387.5,29.125
70,4,55,6,"(3, 18)",16,9.6875,0.875,18.0,-48.5,2.597938144329897,-1.75,"3.75,18.25,-1.75,18.50",7,9,-54.5,4167.5,-1689.5,28.8125
75,6,50,10,"(3,)",16,9.6875,0.8125,23.807692307692307,-51.5,2.0032362459546924,3.0,"7.00,3.00,5.50,23.25",5,7,-55.5,4348.0,-3019.5,28.375
75,6,50,10,"(3, 12)",16,9.6875,0.8125,23.807692307692307,-51.5,2.0032362459546924,3.0,"7.00,3.00,5.50,23.25",5,7,-55.5,4348.0,-3019.5,28.375
75,7,50,10,(),16,9.6875,0.8125,23.807692307692307,-51.5,2.0032362459546924,3.0,"7.00,3.00,5.50,23.25",5,7,-55.5,4348.0,-3019.5,28.375
75,7,50,10,"(3,)",16,9.6875,0.8125,23.807692307692307,-51.5,2.0032362459546924,3.0,"7.00,3.00,5.50,23.25",5,7,-55.5,4348.0,-3019.5,28.375
75,7,50,10,"(12,)",16,9.6875,0.8125,23.807692307692307,-51.5,2.0032362459546924,3.0,"7.00,3.00,5.50,23.25",5,7,-55.5,4348.0,-3019.5,28.375
75,7,50,10,"(14,)",16,9.6875,0.8125,23.807692307692307,-51.5,2.0032362459546924,3.0,"7.00,3.00,5.50,23.25",5,7,-55.5,4348.0,-3019.5,28.375
75,7,50,10,"(3, 12)",16,9.6875,0.8125,23.807692307692307,-51.5,2.0032362459546924,3.0,"7.00,3.00,5.50,23.25",5,7,-55.5,4348.0,-3019.5,28.375
75,8,50,10,(),16,9.6875,0.8125,23.807692307692307,-51.5,2.0032362459546924,3.0,"7.00,3.00,5.50,23.25",5,7,-55.5,4348.0,-3019.5,28.375
75,8,50,10,"(3,)",16,9.6875,0.8125,23.807692307692307,-51.5,2.0032362459546924,3.0,"7.00,3.00,5.50,23.25",5,7,-55.5,4348.0,-3019.5,28.375
75,8,50,10,"(12,)",16,9.6875,0.8125,23.807692307692307,-51.5,2.0032362459546924,3.0,"7.00,3.00,5.50,23.25",5,7,-55.5,4348.0,-3019.5,28.375
75,8,50,10,"(14,)",16,9.6875,0.8125,23.807692307692307,-51.5,2.0032362459546924,3.0,"7.00,3.00,5.50,23.25",5,7,-55.5,4348.0,-3019.5,28.375
75,8,50,10,"(3, 12)",16,9.6875,0.8125,23.807692307692307,-51.5,2.0032362459546924,3.0,"7.00,3.00,5.50,23.25",5,7,-55.5,4348.0,-3019.5,28.375
80,0,50,7,"(14,)",23,9.673913043478262,0.7391304347826086,29.735294117647058,-47.166666666666664,1.7862190812720848,-10.5,"30.33,-10.50,16.17,1.30",5,9,-12.5,5591.5,-4762.5,36.391304347826086
65,5,55,7,(),20,9.65,0.95,12.394736842105264,-42.5,5.541176470588235,-0.3,"14.10,12.90,11.90,-0.30",7,8,-9.833333333333334,5617.0,-2125.0,32.8
65,5,55,7,"(12,)",20,9.65,0.95,12.394736842105264,-42.5,5.541176470588235,-0.3,"14.10,12.90,11.90,-0.30",7,8,-9.833333333333334,5617.0,-2125.0,32.8
65,5,55,7,"(14,)",20,9.65,0.95,12.394736842105264,-42.5,5.541176470588235,-0.3,"14.10,12.90,11.90,-0.30",7,8,-9.833333333333334,5617.0,-2125.0,32.8
75,0,50,10,"(3,)",29,9.637931034482758,0.7931034482758621,25.02173913043478,-49.333333333333336,1.9442567567567568,-7.785714285714286,"6.75,-7.79,24.36,15.64",7,10,-49.0,9235.0,-3749.0,31.517241379310345
99,7,55,10,(),22,9.636363636363637,0.6363636363636364,46.357142857142854,-54.625,1.4851258581235698,-4.833333333333333,"-1.17,-4.83,26.30,23.30",5,9,-55.5,5624.0,-5875.5,26.545454545454547
99,7,55,10,"(12,)",22,9.636363636363637,0.6363636363636364,46.357142857142854,-54.625,1.4851258581235698,-4.833333333333333,"-1.17,-4.83,26.30,23.30",5,9,-55.5,5624.0,-5875.5,26.545454545454547
99,7,55,10,"(14,)",22,9.636363636363637,0.6363636363636364,46.357142857142854,-54.625,1.4851258581235698,-4.833333333333333,"-1.17,-4.83,26.30,23.30",5,9,-55.5,5624.0,-5875.5,26.545454545454547
99,8,55,10,(),22,9.636363636363637,0.6363636363636364,46.357142857142854,-54.625,1.4851258581235698,-4.833333333333333,"-1.17,-4.83,26.30,23.30",5,9,-55.5,5624.0,-5875.5,26.545454545454547
99,8,55,10,"(12,)",22,9.636363636363637,0.6363636363636364,46.357142857142854,-54.625,1.4851258581235698,-4.833333333333333,"-1.17,-4.83,26.30,23.30",5,9,-55.5,5624.0,-5875.5,26.545454545454547
99,8,55,10,"(14,)",22,9.636363636363637,0.6363636363636364,46.357142857142854,-54.625,1.4851258581235698,-4.833333333333333,"-1.17,-4.83,26.30,23.30",5,9,-55.5,5624.0,-5875.5,26.545454545454547
65,5,55,7,"(20,)",18,9.61111111111111,0.9444444444444444,12.676470588235293,-42.5,5.070588235294117,-2.25,"14.10,12.70,12.00,-2.25",7,8,-9.833333333333334,4892.5,-2040.0,32.166666666666664
95,10,55,10,"(18,)",18,9.61111111111111,0.6666666666666666,41.5,-54.166666666666664,1.5323076923076924,3.9,"6.50,3.90,16.75,13.50",5,8,-11.0,4223.0,-5349.0,28.22222222222222
95,10,55,10,"(12, 18)",18,9.61111111111111,0.6666666666666666,41.5,-54.166666666666664,1.5323076923076924,3.9,"6.50,3.90,16.75,13.50",5,8,-11.0,4223.0,-5349.0,28.22222222222222
70,0,45,10,"(20,)",20,9.6,0.8,22.75,-43.0,2.116279069767442,-2.1,"10.90,7.10,22.50,-2.10",7,10,-42.5,5173.0,-2210.0,35.6
80,0,45,10,"(20,)",20,9.6,0.7,33.142857142857146,-45.333333333333336,1.7058823529411764,-0.9,"2.90,-0.90,32.50,3.90",6,10,-42.5,5026.0,-3771.5,33.2
75,0,47,10,"(14,)",21,9.595238095238095,0.7619047619047619,26.875,-45.7,1.8818380743982495,-4.9,"15.83,-4.90,25.30,0.90",6,9,-13.0,5338.5,-4201.0,35.857142857142854
80,0,47,10,"(14,)",21,9.595238095238095,0.7142857142857143,32.03333333333333,-46.5,1.7222222222222223,-1.9,"6.67,-1.90,30.30,3.90",5,9,-19.5,5275.0,-5360.5,34.095238095238095
90,4,50,10,"(3, 12)",21,9.595238095238095,0.6666666666666666,40.07142857142857,-51.357142857142854,1.560500695410292,-16.1,"10.67,-16.10,22.10,21.50",5,8,-49.0,5714.5,-5228.5,27.666666666666668
65,5,55,8,(),22,9.590909090909092,0.9545454545454546,12.071428571428571,-42.5,5.964705882352941,-0.3,"13.17,11.50,12.90,-0.30",7,8,-9.833333333333334,6275.0,-2210.0,33.45454545454545
65,5,55,8,"(12,)",22,9.590909090909092,0.9545454545454546,12.071428571428571,-42.5,5.964705882352941,-0.3,"13.17,11.50,12.90,-0.30",7,8,-9.833333333333334,6275.0,-2210.0,33.45454545454545
65,5,55,8,"(14,)",22,9.590909090909092,0.9545454545454546,12.071428571428571,-42.5,5.964705882352941,-0.3,"13.17,11.50,12.90,-0.30",7,8,-9.833333333333334,6275.0,-2210.0,33.45454545454545
85,4,55,8,"(3, 18)",22,9.590909090909092,0.7272727272727273,32.6875,-52.0,1.6762820512820513,3.8333333333333335,"7.17,3.83,14.10,14.90",6,10,-59.5,5586.5,-3966.0,28.863636363636363
70,0,50,8,"(12,)",24,9.583333333333334,0.8333333333333334,20.1,-43.0,2.3372093023255816,0.8333333333333334,"11.00,7.00,19.50,0.83",6,10,-42.5,6173.0,-2337.5,35.5
75,6,50,8,(),15,9.566666666666666,0.8,23.75,-47.166666666666664,2.0141342756183747,-14.25,"25.50,-14.25,24.00,0.83",5,7,-42.5,3368.5,-3267.0,31.133333333333333
75,6,50,8,"(12,)",15,9.566666666666666,0.8,23.75,-47.166666666666664,2.0141342756183747,-14.25,"25.50,-14.25,24.00,0.83",5,7,-42.5,3368.5,-3267.0,31.133333333333333
75,6,50,8,"(14,)",15,9.566666666666666,0.8,23.75,-47.166666666666664,2.0141342756183747,-14.25,"25.50,-14.25,24.00,0.83",5,7,-42.5,3368.5,-3267.0,31.133333333333333
90,6,50,8,(),15,9.566666666666666,0.6666666666666666,39.7,-50.7,1.5660749506903353,-6.75,"18.00,-6.75,16.50,10.83",4,7,-42.5,3375.5,-4015.0,31.4
90,6,50,8,"(12,)",15,9.566666666666666,0.6666666666666666,39.7,-50.7,1.5660749506903353,-6.75,"18.00,-6.75,16.50,10.83",4,7,-42.5,3375.5,-4015.0,31.4
90,6,50,8,"(14,)",15,9.566666666666666,0.6666666666666666,39.7,-50.7,1.5660749506903353,-6.75,"18.00,-6.75,16.50,10.83",4,7,-42.5,3375.5,-4015.0,31.4
65,0,47,7,"(3, 12, 18)",16,9.5625,0.875,17.142857142857142,-43.5,2.7586206896551726,2.0,"2.75,2.00,14.50,19.00",7,9,-42.5,4409.0,-2287.5,30.5
65,0,47,8,"(3, 12, 18)",16,9.5625,0.875,17.142857142857142,-43.5,2.7586206896551726,2.0,"2.75,2.00,14.50,19.00",7,9,-42.5,4409.0,-2287.5,30.5
65,5,55,8,"(20,)",20,9.55,0.95,12.289473684210526,-42.5,5.4941176470588236,-0.3,"14.10,11.50,12.90,-0.30",7,8,-9.833333333333334,5545.5,-2082.5,32.65
85,4,50,10,"(12, 18)",20,9.55,0.7,34.42857142857143,-48.5,1.6563573883161513,-18.1,"19.90,-18.10,16.30,20.10",5,9,-42.5,4685.5,-4194.0,29.05
65,5,55,10,"(18,)",24,9.541666666666666,0.9583333333333334,11.804347826086957,-42.5,6.3882352941176475,0.6666666666666666,"14.17,11.33,12.00,0.67",7,8,-9.833333333333334,6946.5,-2295.0,34.125
65,5,55,10,"(12, 18)",24,9.541666666666666,0.9583333333333334,11.804347826086957,-42.5,6.3882352941176475,0.6666666666666666,"14.17,11.33,12.00,0.67",7,8,-9.833333333333334,6946.5,-2295.0,34.125
90,0,50,10,"(3, 12)",26,9.538461538461538,0.6538461538461539,40.794117647058826,-49.5,1.5566778900112233,-24.928571428571427,"15.79,-24.93,24.33,27.67",6,10,-49.0,7108.0,-7094.0,30.076923076923077
99,0,55,10,"(3, 12)",34,9.529411764705882,0.6176470588235294,47.976190476190474,-52.57692307692308,1.4740307242136064,-8.722222222222221,"16.17,-8.72,21.62,10.50",6,10,-50.5,9864.0,-8927.5,33.11764705882353
75,4,55,8,"(3, 12)",22,9.5,0.8181818181818182,22.77777777777778,-50.25,2.0398009950248754,-2.8333333333333335,"13.00,-2.83,22.70,6.90",6,9,-59.5,5822.5,-2920.5,29.045454545454547
75,0,55,8,"(3, 12, 14, 18, 20)",22,9.5,0.8181818181818182,23.5,-53.5,1.9766355140186915,6.7,"14.83,8.50,7.10,6.70",7,9,-59.5,6690.5,-3897.5,33.04545454545455
80,0,50,10,"(3, 18)",27,9.5,0.7407407407407407,30.2,-49.642857142857146,1.7381294964028777,-27.785714285714285,"19.93,-27.79,16.79,32.33",6,10,-42.5,7935.5,-5819.0,30.037037037037038
95,5,55,10,(),26,9.5,0.6538461538461539,42.73529411764706,-53.27777777777778,1.5151199165797706,0.9285714285714286,"2.79,0.93,27.00,9.83",6,9,-55.5,6854.0,-5165.0,30.0
95,5,55,10,"(12,)",26,9.5,0.6538461538461539,42.73529411764706,-53.27777777777778,1.5151199165797706,0.9285714285714286,"2.79,0.93,27.00,9.83",6,9,-55.5,6854.0,-5165.0,30.0
95,5,55,10,"(14,)",26,9.5,0.6538461538461539,42.73529411764706,-53.27777777777778,1.5151199165797706,0.9285714285714286,"2.79,0.93,27.00,9.83",6,9,-55.5,6854.0,-5165.0,30.0
90,0,50,8,"(20,)",26,9.461538461538462,0.6538461538461539,39.73529411764706,-47.72222222222222,1.5727590221187426,-0.8333333333333334,"28.50,-0.07,8.67,-0.83",5,10,-42.5,5488.0,-4904.5,37.23076923076923
65,5,55,10,"(3,)",24,9.458333333333334,0.9583333333333334,12.282608695652174,-55.5,5.09009009009009,3.5,"3.50,11.67,11.83,10.83",8,9,-55.5,7593.0,-1387.5,30.666666666666668
65,5,55,10,"(3, 12)",24,9.458333333333334,0.9583333333333334,12.282608695652174,-55.5,5.09009009009009,3.5,"3.50,11.67,11.83,10.83",8,9,-55.5,7593.0,-1387.5,30.666666666666668
70,0,45,10,"(18,)",20,9.45,0.8,22.5625,-43.0,2.0988372093023258,-2.1,"10.90,7.50,21.50,-2.10",7,10,-42.5,5055.5,-2210.0,35.45
70,0,45,10,"(12, 18)",20,9.45,0.8,22.5625,-43.0,2.0988372093023258,-2.1,"10.90,7.50,21.50,-2.10",7,10,-42.5,5055.5,-2210.0,35.45
75,4,50,10,"(3, 18)",20,9.45,0.8,24.0625,-49.0,1.9642857142857142,7.9,"11.90,7.90,8.30,9.70",6,9,-54.5,5074.5,-3316.5,30.75
80,6,55,8,"(3,)",18,9.444444444444445,0.7777777777777778,27.5,-53.75,1.7906976744186047,-4.1,"13.10,-4.10,26.75,4.50",5,8,-59.5,4809.0,-3922.0,28.666666666666668
80,6,55,8,"(3, 12)",18,9.444444444444445,0.7777777777777778,27.5,-53.75,1.7906976744186047,-4.1,"13.10,-4.10,26.75,4.50",5,8,-59.5,4809.0,-3922.0,28.666666666666668
80,7,55,8,"(3,)",18,9.444444444444445,0.7777777777777778,27.5,-53.75,1.7906976744186047,-4.1,"13.10,-4.10,26.75,4.50",5,8,-59.5,4809.0,-3922.0,28.666666666666668
80,7,55,8,"(3, 12)",18,9.444444444444445,0.7777777777777778,27.5,-53.75,1.7906976744186047,-4.1,"13.10,-4.10,26.75,4.50",5,8,-59.5,4809.0,-3922.0,28.666666666666668
80,8,55,8,"(3,)",18,9.444444444444445,0.7777777777777778,27.5,-53.75,1.7906976744186047,-4.1,"13.10,-4.10,26.75,4.50",5,8,-59.5,4809.0,-3922.0,28.666666666666668
80,8,55,8,"(3, 12)",18,9.444444444444445,0.7777777777777778,27.5,-53.75,1.7906976744186047,-4.1,"13.10,-4.10,26.75,4.50",5,8,-59.5,4809.0,-3922.0,28.666666666666668
95,0,45,7,"(18,)",17,9.441176470588236,0.5882352941176471,47.3,-44.642857142857146,1.5136,-3.0,"13.10,-3.00,23.50,3.25",6,9,-42.5,2788.5,-4512.5,33.588235294117645
95,0,45,7,"(12, 18)",17,9.441176470588236,0.5882352941176471,47.3,-44.642857142857146,1.5136,-3.0,"13.10,-3.00,23.50,3.25",6,9,-42.5,2788.5,-4512.5,33.588235294117645
95,0,45,8,"(18,)",17,9.441176470588236,0.5882352941176471,47.3,-44.642857142857146,1.5136,-3.0,"13.10,-3.00,23.50,3.25",6,9,-42.5,2788.5,-4512.5,33.588235294117645
95,0,45,8,"(12, 18)",17,9.441176470588236,0.5882352941176471,47.3,-44.642857142857146,1.5136,-3.0,"13.10,-3.00,23.50,3.25",6,9,-42.5,2788.5,-4512.5,33.588235294117645
80,0,50,6,"(3, 12, 18)",15,9.433333333333334,0.7333333333333333,29.772727272727273,-46.5,1.760752688172043,-30.0,"11.25,-30.00,31.25,30.50",6,9,-42.5,3351.5,-3748.5,26.733333333333334
70,4,55,7,(),23,9.41304347826087,0.8695652173913043,17.8,-46.5,2.5519713261648747,5.5,"8.83,16.50,5.50,6.30",7,10,-54.5,5958.0,-3256.5,32.43478260869565
80,4,55,7,"(12, 18)",21,9.404761904761905,0.7619047619047619,27.5625,-48.7,1.811088295687885,-4.1,"17.17,-4.10,8.70,14.30",6,9,-42.5,4689.0,-3019.5,29.428571428571427
70,4,50,8,(),20,9.4,0.85,19.264705882352942,-46.5,2.347670250896057,-7.1,"7.90,17.30,19.50,-7.10",7,10,-54.5,5068.0,-3983.5,32.8
85,4,50,8,(),20,9.4,0.7,34.5,-49.166666666666664,1.6372881355932203,-18.7,"19.90,-18.70,34.50,1.90",5,10,-54.5,4548.0,-3966.0,29.9
99,4,55,10,(),29,9.39655172413793,0.6206896551724138,47.166666666666664,-52.40909090909091,1.4726799653078924,-0.875,"-0.88,3.21,18.21,18.50",6,10,-54.5,7206.5,-6062.5,28.93103448275862
65,0,50,7,"(3, 12, 18)",19,9.394736842105264,0.8947368421052632,15.617647058823529,-43.5,3.0517241379310347,3.3,"3.90,3.30,14.50,17.50",8,10,-42.5,5313.0,-2287.5,30.526315789473685
85,4,55,8,(),25,9.38,0.72,32.72222222222222,-50.642857142857146,1.6614950634696757,3.1666666666666665,"10.21,3.17,4.17,19.83",6,10,-54.5,5998.5,-4645.0,30.04
90,4,55,8,(),25,9.38,0.68,37.911764705882355,-51.25,1.5719512195121952,-7.5,"13.79,6.50,-7.50,24.00",6,10,-54.5,5782.5,-4714.5,30.28
65,0,45,7,"(3, 18)",15,9.366666666666667,0.8666666666666667,17.5,-43.5,2.6149425287356323,0.0,"5.00,0.00,14.75,20.50",7,9,-42.5,4014.5,-2222.0,30.066666666666666
65,0,45,7,"(3, 12, 18)",15,9.366666666666667,0.8666666666666667,17.5,-43.5,2.6149425287356323,0.0,"5.00,0.00,14.75,20.50",7,9,-42.5,4014.5,-2222.0,30.066666666666666
65,0,45,8,"(3, 18)",15,9.366666666666667,0.8666666666666667,17.5,-43.5,2.6149425287356323,0.0,"5.00,0.00,14.75,20.50",7,9,-42.5,4014.5,-2222.0,30.066666666666666
65,0,45,8,"(3, 12, 18)",15,9.366666666666667,0.8666666666666667,17.5,-43.5,2.6149425287356323,0.0,"5.00,0.00,14.75,20.50",7,9,-42.5,4014.5,-2222.0,30.066666666666666
80,5,55,8,(),22,9.363636363636363,0.7727272727272727,27.264705882352942,-51.5,1.8,-0.16666666666666666,"14.83,-0.17,11.90,11.70",5,8,-26.5,5418.0,-4080.0,30.545454545454547
80,5,55,8,"(12,)",22,9.363636363636363,0.7727272727272727,27.264705882352942,-51.5,1.8,-0.16666666666666666,"14.83,-0.17,11.90,11.70",5,8,-26.5,5418.0,-4080.0,30.545454545454547
80,5,55,8,"(14,)",22,9.363636363636363,0.7727272727272727,27.264705882352942,-51.5,1.8,-0.16666666666666666,"14.83,-0.17,11.90,11.70",5,8,-26.5,5418.0,-4080.0,30.545454545454547
85,0,50,10,"(18,)",29,9.362068965517242,0.6896551724137931,35.2,-48.05555555555556,1.6277456647398845,-14.357142857142858,"14.88,-14.36,20.93,15.21",5,10,-42.5,7293.5,-6031.0,34.03448275862069
65,0,50,8,"(3, 12, 18)",21,9.357142857142858,0.9047619047619048,14.921052631578947,-43.5,3.2586206896551726,0.7,"6.83,0.70,13.50,16.90",8,10,-42.5,5885.5,-2287.5,30.333333333333332
80,4,55,7,"(3,)",21,9.357142857142858,0.7619047619047619,28.25,-51.1,1.7690802348336594,-4.1,"17.17,-4.10,11.90,10.90",6,10,-59.5,5445.0,-3459.5,29.904761904761905
85,0,50,8,"(18,)",26,9.346153846153847,0.6923076923076923,34.72222222222222,-47.75,1.6361256544502618,-14.928571428571429,"24.21,-14.93,18.83,10.83",5,10,-42.5,5942.5,-5760.0,34.19230769230769
70,0,55,8,"(3,)",32,9.34375,0.875,17.785714285714285,-49.75,2.5025125628140703,-0.5,"11.38,9.00,-0.50,17.50",8,10,-42.5,10055.0,-4147.0,34.1875
75,4,50,8,"(12,)",19,9.342105263157896,0.7894736842105263,24.1,-46.0,1.9646739130434783,-7.7,"11.90,-7.70,24.50,8.50",6,9,-42.5,4196.0,-2920.5,29.57894736842105
90,5,50,10,"(18,)",18,9.333333333333334,0.6666666666666666,39.333333333333336,-50.666666666666664,1.5526315789473684,-15.9,"22.30,-15.90,15.25,18.75",5,8,-42.5,4026.5,-4518.5,31.27777777777778
90,5,50,10,"(12, 18)",18,9.333333333333334,0.6666666666666666,39.333333333333336,-50.666666666666664,1.5526315789473684,-15.9,"22.30,-15.90,15.25,18.75",5,8,-42.5,4026.5,-4518.5,31.27777777777778
70,4,55,8,"(20,)",23,9.326086956521738,0.8695652173913043,17.7,-46.5,2.5376344086021505,4.666666666666667,"8.83,17.00,4.67,6.30",7,10,-54.5,5839.5,-3269.0,32.30434782608695
75,0,45,7,"(3,)",16,9.3125,0.75,27.916666666666668,-46.5,1.8010752688172043,-30.0,"12.50,-30.00,25.75,29.00",6,9,-42.5,4101.5,-4490.0,28.4375
75,0,45,7,"(3, 12)",16,9.3125,0.75,27.916666666666668,-46.5,1.8010752688172043,-30.0,"12.50,-30.00,25.75,29.00",6,9,-42.5,4101.5,-4490.0,28.4375
75,0,45,8,"(3,)",16,9.3125,0.75,27.916666666666668,-46.5,1.8010752688172043,-30.0,"12.50,-30.00,25.75,29.00",6,9,-42.5,4101.5,-4490.0,28.4375
75,0,45,8,"(3, 12)",16,9.3125,0.75,27.916666666666668,-46.5,1.8010752688172043,-30.0,"12.50,-30.00,25.75,29.00",6,9,-42.5,4101.5,-4490.0,28.4375
65,4,55,6,"(3, 12, 18)",15,9.3,0.9333333333333333,13.0,-42.5,4.2823529411764705,0.0,"0.00,13.25,10.25,15.17",7,8,-42.5,3750.5,-1402.5,27.666666666666668
65,7,50,10,"(20,)",15,9.3,0.9333333333333333,13.928571428571429,-55.5,3.5135135135135136,-0.5,"-0.50,11.75,15.00,11.50",6,7,-55.5,4314.0,-1387.5,28.533333333333335
65,8,50,10,"(20,)",15,9.3,0.9333333333333333,13.928571428571429,-55.5,3.5135135135135136,-0.5,"-0.50,11.75,15.00,11.50",6,7,-55.5,4314.0,-1387.5,28.533333333333335
75,6,50,10,"(18,)",15,9.3,0.8,23.416666666666668,-47.166666666666664,1.9858657243816253,-15.5,"27.00,-15.50,22.75,0.83",5,7,-42.5,3239.5,-3366.0,31.4
75,6,50,10,"(12, 18)",15,9.3,0.8,23.416666666666668,-47.166666666666664,1.9858657243816253,-15.5,"27.00,-15.50,22.75,0.83",5,7,-42.5,3239.5,-3366.0,31.4
75,5,50,10,(),20,9.3,0.8,23.9375,-49.25,1.9441624365482233,7.9,"9.30,7.90,10.10,9.90",6,9,-55.5,4955.5,-3366.0,31.35
75,5,50,10,"(12,)",20,9.3,0.8,23.9375,-49.25,1.9441624365482233,7.9,"9.30,7.90,10.10,9.90",6,9,-55.5,4955.5,-3366.0,31.35
75,5,50,10,"(14,)",20,9.3,0.8,23.9375,-49.25,1.9441624365482233,7.9,"9.30,7.90,10.10,9.90",6,9,-55.5,4955.5,-3366.0,31.35
90,0,50,6,"(20,)",20,9.3,0.65,38.73076923076923,-45.357142857142854,1.5858267716535432,3.3,"21.70,3.30,4.90,7.30",6,10,-54.5,2937.0,-4178.0,32.1
75,0,50,8,"(3, 18)",24,9.291666666666666,0.7916666666666666,24.394736842105264,-48.1,1.9272349272349272,-12.5,"13.00,-12.50,23.67,13.00",7,10,-42.5,6276.5,-3771.5,30.625
95,0,50,8,"(3, 18)",24,9.291666666666666,0.625,44.63333333333333,-49.611111111111114,1.4994400895856663,-18.333333333333332,"29.67,-18.33,27.83,-2.00",5,10,-47.0,5206.5,-6304.0,34.208333333333336
99,10,55,10,"(3,)",19,9.289473684210526,0.631578947368421,46.416666666666664,-54.357142857142854,1.4638633377135348,-15.3,"9.90,-15.30,46.90,-7.75",6,9,-59.5,4411.0,-4814.0,27.894736842105264
99,10,55,10,"(3, 12)",19,9.289473684210526,0.631578947368421,46.416666666666664,-54.357142857142854,1.4638633377135348,-15.3,"9.90,-15.30,46.90,-7.75",6,9,-59.5,4411.0,-4814.0,27.894736842105264
75,0,50,7,"(3,)",23,9.282608695652174,0.782608695652174,25.22222222222222,-48.1,1.8877338877338878,-11.666666666666666,"13.00,-11.67,12.17,26.50",7,10,-42.5,6187.5,-4153.5,30.82608695652174
65,6,55,7,(),18,9.277777777777779,0.9444444444444444,12.323529411764707,-42.5,4.929411764705883,-4.75,"15.50,10.70,13.75,-4.75",7,8,-9.833333333333334,4678.0,-2082.5,32.55555555555556
65,6,55,7,"(12,)",18,9.277777777777779,0.9444444444444444,12.323529411764707,-42.5,4.929411764705883,-4.75,"15.50,10.70,13.75,-4.75",7,8,-9.833333333333334,4678.0,-2082.5,32.55555555555556
65,6,55,7,"(14,)",18,9.277777777777779,0.9444444444444444,12.323529411764707,-42.5,4.929411764705883,-4.75,"15.50,10.70,13.75,-4.75",7,8,-9.833333333333334,4678.0,-2082.5,32.55555555555556
90,4,50,8,"(3, 18)",18,9.277777777777779,0.6666666666666666,39.583333333333336,-51.333333333333336,1.5422077922077921,-16.7,"23.90,-16.70,16.00,16.75",5,9,-54.5,4351.0,-3843.5,29.333333333333332
99,0,50,8,(),27,9.277777777777779,0.5925925925925926,48.875,-48.31818181818182,1.471307619943556,-8.928571428571429,"36.21,-8.93,5.36,3.67",5,10,-45.5,5221.5,-8530.5,38.77777777777778
99,0,55,8,"(12, 18)",31,9.274193548387096,0.6129032258064516,46.81578947368421,-50.166666666666664,1.4775747508305648,-3.125,"25.88,7.62,-3.12,6.36",6,10,-42.5,5937.5,-9092.5,37.38709677419355
65,6,55,8,(),20,9.25,0.95,11.973684210526315,-42.5,5.352941176470588,-2.7,"14.10,12.90,12.70,-2.70",7,8,-9.833333333333334,5233.0,-2167.5,32.8
65,6,55,8,"(12,)",20,9.25,0.95,11.973684210526315,-42.5,5.352941176470588,-2.7,"14.10,12.90,12.70,-2.70",7,8,-9.833333333333334,5233.0,-2167.5,32.8
65,6,55,8,"(14,)",20,9.25,0.95,11.973684210526315,-42.5,5.352941176470588,-2.7,"14.10,12.90,12.70,-2.70",7,8,-9.833333333333334,5233.0,-2167.5,32.8
95,0,55,8,"(3, 12, 18)",28,9.25,0.6428571428571429,43.111111111111114,-51.7,1.5009671179883946,-11.642857142857142,"32.50,-11.64,14.36,1.79",6,10,-50.5,6565.0,-7586.0,34.5
80,4,50,6,"(12,)",15,9.233333333333333,0.7333333333333333,29.318181818181817,-46.0,1.752717391304348,-11.75,"11.25,-11.75,12.25,30.50",6,9,-42.5,2862.5,-2772.0,27.8
85,4,45,10,(),15,9.233333333333333,0.6666666666666666,37.3,-46.9,1.5906183368869935,-7.0,"-3.00,-7.00,35.75,11.83",5,9,-42.5,3304.5,-3206.0,28.466666666666665
85,4,45,10,"(12,)",15,9.233333333333333,0.6666666666666666,37.3,-46.9,1.5906183368869935,-7.0,"-3.00,-7.00,35.75,11.83",5,9,-42.5,3304.5,-3206.0,28.466666666666665
70,4,55,8,"(18,)",24,9.208333333333334,0.875,17.166666666666668,-46.5,2.5842293906810037,3.5,"8.83,17.17,3.50,7.33",7,10,-54.5,5967.0,-3256.5,32.166666666666664
95,0,55,7,(),33,9.196969696969697,0.6363636363636364,42.88095238095238,-49.75,1.5083752093802345,-15.75,"24.61,17.75,-15.75,8.25",7,10,-42.5,6552.5,-16415.0,42.03030303030303
65,6,55,7,"(20,)",16,9.1875,0.9375,12.633333333333333,-42.5,4.458823529411765,-4.75,"15.50,12.25,13.75,-4.75",7,8,-9.833333333333334,3986.0,-1997.5,31.875
75,6,55,7,"(20,)",16,9.1875,0.8125,22.96153846153846,-50.5,1.9702970297029703,2.75,"25.50,3.50,5.00,2.75",7,8,-28.166666666666668,3844.0,-3308.5,31.75
80,4,55,6,"(12, 18)",16,9.1875,0.75,27.583333333333332,-46.0,1.798913043478261,-11.75,"11.25,-11.75,8.75,28.50",6,9,-42.5,2784.5,-2772.0,26.8125
85,0,55,8,"(3,)",32,9.1875,0.71875,33.41304347826087,-52.72222222222222,1.619599578503688,-9.75,"24.50,-9.75,10.75,11.25",7,10,-42.5,9480.5,-6215.5,34.21875
65,5,55,7,"(18,)",19,9.18421052631579,0.9473684210526315,12.055555555555555,-42.5,5.105882352941176,-2.25,"14.10,12.90,9.70,-2.25",7,8,-9.833333333333334,4902.0,-1997.5,31.789473684210527
65,5,55,7,"(12, 18)",19,9.18421052631579,0.9473684210526315,12.055555555555555,-42.5,5.105882352941176,-2.25,"14.10,12.90,9.70,-2.25",7,8,-9.833333333333334,4902.0,-1997.5,31.789473684210527
70,0,50,7,"(12,)",22,9.181818181818182,0.8181818181818182,20.77777777777778,-43.0,2.1744186046511627,-4.7,"11.00,7.83,22.50,-4.70",6,10,-42.5,5287.0,-2253.5,35.18181818181818
65,5,55,8,"(18,)",21,9.166666666666666,0.9523809523809523,11.75,-42.5,5.529411764705882,-0.3,"13.17,12.90,10.10,-0.30",7,8,-9.833333333333334,5528.5,-2082.5,32.42857142857143
65,5,55,8,"(12, 18)",21,9.166666666666666,0.9523809523809523,11.75,-42.5,5.529411764705882,-0.3,"13.17,12.90,10.10,-0.30",7,8,-9.833333333333334,5528.5,-2082.5,32.42857142857143
65,6,55,8,"(20,)",18,9.166666666666666,0.9444444444444444,12.205882352941176,-42.5,4.882352941176471,-4.75,"14.10,12.70,12.50,-4.75",7,8,-9.833333333333334,4582.0,-2040.0,32.22222222222222
65,5,55,6,(),15,9.166666666666666,0.9333333333333333,12.857142857142858,-42.5,4.235294117647059,-1.25,"12.75,14.50,-1.25,11.17",7,8,-42.5,3671.0,-1870.0,30.666666666666668
65,5,55,6,"(12,)",15,9.166666666666666,0.9333333333333333,12.857142857142858,-42.5,4.235294117647059,-1.25,"12.75,14.50,-1.25,11.17",7,8,-42.5,3671.0,-1870.0,30.666666666666668
65,5,55,6,"(14,)",15,9.166666666666666,0.9333333333333333,12.857142857142858,-42.5,4.235294117647059,-1.25,"12.75,14.50,-1.25,11.17",7,8,-42.5,3671.0,-1870.0,30.666666666666668
90,0,45,10,(),21,9.166666666666666,0.6190476190476191,42.73076923076923,-45.375,1.5303030303030303,0.0,"0.00,4.10,24.50,9.90",5,10,-42.5,4170.0,-4637.0,32.95238095238095
90,0,45,10,"(12,)",21,9.166666666666666,0.6190476190476191,42.73076923076923,-45.375,1.5303030303030303,0.0,"0.00,4.10,24.50,9.90",5,10,-42.5,4170.0,-4637.0,32.95238095238095
80,0,50,10,"(3, 12)",26,9.153846153846153,0.7307692307692307,30.86842105263158,-49.785714285714285,1.6829268292682926,-27.785714285714285,"8.64,-27.79,29.33,32.67",7,10,-49.0,7557.5,-7065.0,27.96153846153846
90,4,55,8,"(3, 18)",22,9.136363636363637,0.6818181818181818,37.9,-52.5,1.546938775510204,0.1,"10.50,7.17,0.10,18.90",6,10,-59.5,5078.0,-3843.5,29.0
99,6,55,10,"(3, 18)",19,9.131578947368421,0.631578947368421,46.25,-54.5,1.45478374836173,-15.3,"9.70,-15.30,25.30,18.75",5,8,-59.5,4263.0,-6594.0,27.68421052631579
99,6,55,10,"(3, 12, 18)",19,9.131578947368421,0.631578947368421,46.25,-54.5,1.45478374836173,-15.3,"9.70,-15.30,25.30,18.75",5,8,-59.5,4263.0,-6594.0,27.68421052631579
99,7,55,10,"(3, 18)",19,9.131578947368421,0.631578947368421,46.25,-54.5,1.45478374836173,-15.3,"9.70,-15.30,25.30,18.75",5,8,-59.5,4263.0,-6594.0,27.68421052631579
99,7,55,10,"(3, 12, 18)",19,9.131578947368421,0.631578947368421,46.25,-54.5,1.45478374836173,-15.3,"9.70,-15.30,25.30,18.75",5,8,-59.5,4263.0,-6594.0,27.68421052631579
99,8,55,10,"(3, 18)",19,9.131578947368421,0.631578947368421,46.25,-54.5,1.45478374836173,-15.3,"9.70,-15.30,25.30,18.75",5,8,-59.5,4263.0,-6594.0,27.68421052631579
99,8,55,10,"(3, 12, 18)",19,9.131578947368421,0.631578947368421,46.25,-54.5,1.45478374836173,-15.3,"9.70,-15.30,25.30,18.75",5,8,-59.5,4263.0,-6594.0,27.68421052631579
65,4,47,10,(),16,9.125,0.875,16.5,-42.5,2.7176470588235295,2.75,"2.75,15.75,15.00,3.00",7,9,-42.5,3838.0,-1870.0,31.75
65,4,47,10,"(12,)",16,9.125,0.875,16.5,-42.5,2.7176470588235295,2.75,"2.75,15.75,15.00,3.00",7,9,-42.5,3838.0,-1870.0,31.75
80,5,50,8,"(18,)",16,9.125,0.75,28.666666666666668,-49.5,1.7373737373737375,-33.0,"30.50,-33.00,27.75,11.25",5,8,-42.5,3550.0,-4080.0,29.75
80,5,50,8,"(12, 18)",16,9.125,0.75,28.666666666666668,-49.5,1.7373737373737375,-33.0,"30.50,-33.00,27.75,11.25",5,8,-42.5,3550.0,-4080.0,29.75
90,0,50,10,"(3,)",29,9.120689655172415,0.6551724137931034,40.23684210526316,-50.0,1.529,-24.928571428571427,"18.00,-24.93,26.50,15.64",5,10,-49.0,7419.0,-6479.0,30.96551724137931
95,0,50,10,"(3,)",29,9.120689655172415,0.6206896551724138,45.388888888888886,-50.22727272727273,1.4787330316742082,-23.5,"21.75,-23.50,30.79,5.64",5,10,-49.0,7312.5,-6329.0,32.58620689655172
75,7,55,8,"(18,)",18,9.11111111111111,0.8333333333333334,21.5,-52.833333333333336,2.034700315457413,-7.1,"24.10,-7.10,21.25,-1.50",6,8,-21.0,4348.0,-3267.0,29.22222222222222
75,7,55,8,"(12, 18)",18,9.11111111111111,0.8333333333333334,21.5,-52.833333333333336,2.034700315457413,-7.1,"24.10,-7.10,21.25,-1.50",6,8,-21.0,4348.0,-3267.0,29.22222222222222
75,8,55,8,"(18,)",18,9.11111111111111,0.8333333333333334,21.5,-52.833333333333336,2.034700315457413,-7.1,"24.10,-7.10,21.25,-1.50",6,8,-21.0,4348.0,-3267.0,29.22222222222222
75,8,55,8,"(12, 18)",18,9.11111111111111,0.8333333333333334,21.5,-52.833333333333336,2.034700315457413,-7.1,"24.10,-7.10,21.25,-1.50",6,8,-21.0,4348.0,-3267.0,29.22222222222222
95,4,55,10,"(12,)",28,9.107142857142858,0.6428571428571429,43.166666666666664,-52.2,1.4885057471264367,-13.357142857142858,"4.79,-13.36,29.36,15.64",6,9,-49.0,6617.0,-6229.0,27.785714285714285
90,0,43,10,"(20,)",15,9.1,0.6,44.388888888888886,-43.833333333333336,1.5190114068441065,-2.0,"23.75,-2.00,0.75,15.50",5,9,-49.5,2809.5,-3273.0,34.6
75,5,55,7,"(3, 18)",17,9.088235294117647,0.8235294117647058,22.357142857142858,-52.833333333333336,1.974763406940063,-14.75,"24.10,-14.75,22.25,1.00",6,8,-59.5,4179.5,-3267.0,29.11764705882353
75,5,55,7,"(3, 12, 18)",17,9.088235294117647,0.8235294117647058,22.357142857142858,-52.833333333333336,1.974763406940063,-14.75,"24.10,-14.75,22.25,1.00",6,8,-59.5,4179.5,-3267.0,29.11764705882353
75,7,55,7,(),17,9.088235294117647,0.8235294117647058,22.357142857142858,-52.833333333333336,1.974763406940063,-1.5,"10.50,3.50,23.50,-1.50",6,8,-21.0,4370.0,-3069.0,29.176470588235293
75,7,55,7,"(12,)",17,9.088235294117647,0.8235294117647058,22.357142857142858,-52.833333333333336,1.974763406940063,-1.5,"10.50,3.50,23.50,-1.50",6,8,-21.0,4370.0,-3069.0,29.176470588235293
75,7,55,7,"(14,)",17,9.088235294117647,0.8235294117647058,22.357142857142858,-52.833333333333336,1.974763406940063,-1.5,"10.50,3.50,23.50,-1.50",6,8,-21.0,4370.0,-3069.0,29.176470588235293
75,8,55,7,(),17,9.088235294117647,0.8235294117647058,22.357142857142858,-52.833333333333336,1.974763406940063,-1.5,"10.50,3.50,23.50,-1.50",6,8,-21.0,4370.0,-3069.0,29.176470588235293
75,8,55,7,"(12,)",17,9.088235294117647,0.8235294117647058,22.357142857142858,-52.833333333333336,1.974763406940063,-1.5,"10.50,3.50,23.50,-1.50",6,8,-21.0,4370.0,-3069.0,29.176470588235293
75,8,55,7,"(14,)",17,9.088235294117647,0.8235294117647058,22.357142857142858,-52.833333333333336,1.974763406940063,-1.5,"10.50,3.50,23.50,-1.50",6,8,-21.0,4370.0,-3069.0,29.176470588235293
90,0,50,10,"(14,)",29,9.086206896551724,0.6551724137931034,40.23684210526316,-50.1,1.5259481037924152,-12.214285714285714,"17.00,-12.21,13.21,17.21",4,10,-55.5,7472.0,-6302.0,34.758620689655174
95,0,50,10,"(14,)",29,9.086206896551724,0.6206896551724138,45.388888888888886,-50.31818181818182,1.4760614272809396,-10.071428571428571,"20.75,-10.07,16.79,7.21",5,10,-55.5,7204.0,-6450.0,36.3448275862069
75,4,50,8,"(20,)",19,9.078947368421053,0.7894736842105263,24.1,-47.25,1.9126984126984128,6.9,"11.90,6.90,8.90,8.50",6,10,-54.5,4187.0,-3650.0,31.05263157894737
80,4,50,8,"(12,)",19,9.078947368421053,0.7368421052631579,29.5,-48.1,1.7172557172557172,-20.7,"15.90,-20.70,29.50,12.25",5,9,-42.5,4217.5,-4012.0,28.789473684210527
80,0,50,8,"(20,)",26,9.076923076923077,0.7307692307692307,29.92105263157895,-47.5,1.7097744360902256,-5.785714285714286,"19.93,-5.79,15.33,7.50",6,10,-42.5,5974.0,-4177.0,34.53846153846154
95,0,50,8,"(20,)",26,9.076923076923077,0.6153846153846154,44.875,-48.2,1.4896265560165975,-3.8333333333333335,"32.79,2.79,-3.83,1.67",6,10,-45.5,5050.0,-8667.0,39.0
90,0,55,7,"(12,)",30,9.066666666666666,0.6666666666666666,38.1,-49.0,1.5551020408163265,-0.21428571428571427,"19.12,14.00,-0.21,1.21",7,10,-42.5,5974.0,-10172.0,38.0
95,0,47,10,"(18,)",22,9.045454545454545,0.5909090909090909,47.26923076923077,-46.166666666666664,1.4789410348977137,-1.5,"17.00,-1.50,8.30,12.90",6,10,-45.5,4083.5,-5477.5,34.77272727272727
75,0,50,10,"(12, 18)",26,9.038461538461538,0.7692307692307693,25.3,-45.166666666666664,1.867158671586716,-7.928571428571429,"16.50,-7.93,25.33,3.83",6,10,-42.5,6028.0,-3168.0,34.53846153846154
70,0,55,7,"(3,)",30,9.033333333333333,0.8666666666666667,18.076923076923077,-49.75,2.3618090452261304,-2.5,"11.38,8.50,-2.50,18.50",7,10,-42.5,8852.5,-3923.0,33.3
85,10,55,10,"(3, 12, 14, 18, 20)",15,9.033333333333333,0.7333333333333333,32.31818181818182,-55.0,1.615909090909091,-13.75,"15.75,-13.75,32.75,-1.17",5,8,-59.5,3630.5,-3949.0,27.8
70,0,50,6,"(3,)",19,9.026315789473685,0.8421052631578947,19.5625,-47.166666666666664,2.2120141342756185,4.9,"5.70,5.70,4.90,22.50",7,10,-54.5,4673.0,-1772.5,28.526315789473685
80,0,50,6,"(3,)",19,9.026315789473685,0.7368421052631579,29.428571428571427,-48.1,1.7130977130977132,-18.3,"13.70,-18.30,12.90,32.50",7,10,-54.5,4249.0,-3476.0,26.94736842105263
99,12,55,10,"(20,)",16,9.0,0.625,47.5,-55.166666666666664,1.4350453172205437,-30.0,"25.00,-30.00,49.00,-8.00",5,8,-60.5,3872.5,-4405.5,28.3125
70,0,50,8,"(12, 18)",23,8.978260869565217,0.8260869565217391,19.92105263157895,-43.0,2.2005813953488373,-4.7,"11.00,7.00,20.33,-4.70",6,10,-42.5,5236.0,-2253.5,34.52173913043478
95,0,50,8,"(12, 18)",23,8.978260869565217,0.6086956521739131,45.07142857142857,-47.166666666666664,1.486454652532391,-19.666666666666668,"31.83,-19.67,13.67,10.30",6,10,-42.5,3884.5,-5826.0,34.56521739130435
80,0,50,7,"(12, 18)",21,8.976190476190476,0.7142857142857143,30.633333333333333,-45.166666666666664,1.6955719557195572,-18.3,"19.33,-18.30,31.50,1.30",5,10,-42.5,4201.0,-4471.5,33.333333333333336
85,4,55,6,"(18,)",17,8.970588235294118,0.7058823529411765,32.583333333333336,-47.7,1.6394129979035639,-9.5,"17.70,-8.00,-9.50,33.50",6,10,-54.5,2870.5,-2928.5,27.235294117647058
70,0,47,7,(),20,8.95,0.8,21.9375,-43.0,2.0406976744186047,-1.7,"10.50,6.70,20.30,-1.70",6,9,-42.5,4575.0,-2234.0,35.1
70,0,47,8,(),20,8.95,0.8,21.9375,-43.0,2.0406976744186047,-1.7,"10.50,6.70,20.30,-1.70",6,9,-42.5,4575.0,-2234.0,35.1
80,0,47,7,(),20,8.95,0.7,32.142857142857146,-45.166666666666664,1.6605166051660516,-17.3,"18.50,-17.30,30.30,4.30",5,9,-42.5,4291.5,-4684.5,33.15
80,0,47,8,(),20,8.95,0.7,32.142857142857146,-45.166666666666664,1.6605166051660516,-17.3,"18.50,-17.30,30.30,4.30",5,9,-42.5,4291.5,-4684.5,33.15
85,4,50,10,"(3, 18)",20,8.95,0.7,34.42857142857143,-50.5,1.5907590759075907,-18.1,"19.90,-18.10,16.30,17.70",5,9,-54.5,4750.5,-4194.0,28.55
75,0,47,7,"(3, 12, 18)",16,8.9375,0.75,27.416666666666668,-46.5,1.7688172043010753,-28.0,"10.25,-28.00,24.50,29.00",6,9,-42.5,3843.0,-4700.0,29.25
75,0,47,8,"(3, 12, 18)",16,8.9375,0.75,27.416666666666668,-46.5,1.7688172043010753,-28.0,"10.25,-28.00,24.50,29.00",6,9,-42.5,3843.0,-4700.0,29.25
75,0,55,10,"(3, 12, 14, 18, 20)",26,8.923076923076923,0.8076923076923077,24.11904761904762,-54.9,1.8451730418943533,-0.7857142857142857,"16.21,-0.79,9.83,10.83",7,9,-59.5,8247.0,-3897.5,34.0
75,5,55,8,(),22,8.909090909090908,0.8181818181818182,22.055555555555557,-50.25,1.9751243781094527,-3.5,"23.17,-3.50,7.90,7.70",6,8,-28.166666666666668,5141.5,-3366.0,31.59090909090909
75,5,55,8,"(12,)",22,8.909090909090908,0.8181818181818182,22.055555555555557,-50.25,1.9751243781094527,-3.5,"23.17,-3.50,7.90,7.70",6,8,-28.166666666666668,5141.5,-3366.0,31.59090909090909
75,5,55,8,"(14,)",22,8.909090909090908,0.8181818181818182,22.055555555555557,-50.25,1.9751243781094527,-3.5,"23.17,-3.50,7.90,7.70",6,8,-28.166666666666668,5141.5,-3366.0,31.59090909090909
65,4,45,10,(),15,8.9,0.8666666666666667,16.807692307692307,-42.5,2.570588235294118,-1.5,"3.25,15.50,15.75,-1.50",7,9,-42.5,3490.0,-1785.0,31.333333333333332
65,4,45,10,"(12,)",15,8.9,0.8666666666666667,16.807692307692307,-42.5,2.570588235294118,-1.5,"3.25,15.50,15.75,-1.50",7,9,-42.5,3490.0,-1785.0,31.333333333333332
80,4,50,6,"(20,)",15,8.9,0.7333333333333333,29.318181818181817,-47.25,1.7063492063492063,-8.5,"11.25,7.75,-8.50,30.50",7,10,-54.5,2911.5,-3219.5,29.133333333333333
85,0,55,8,"(3, 12, 18)",28,8.892857142857142,0.7142857142857143,33.45,-52.5,1.5928571428571427,-15.928571428571429,"23.93,-15.93,19.36,8.21",6,10,-42.5,7461.0,-5990.5,31.857142857142858
70,4,50,7,(),18,8.88888888888889,0.8333333333333334,19.966666666666665,-46.5,2.1469534050179213,2.5,"7.90,18.30,2.50,4.75",7,10,-54.5,4200.5,-3747.0,32.166666666666664
70,0,55,8,"(3, 18)",31,8.887096774193548,0.8709677419354839,17.574074074074073,-49.75,2.3844221105527637,-2.125,"11.38,9.00,-2.12,18.50",8,10,-42.5,8794.5,-3923.0,32.935483870967744
70,4,55,7,"(20,)",21,8.880952380952381,0.8571428571428571,18.11111111111111,-46.5,2.336917562724014,2.7,"8.83,17.70,2.70,6.30",7,10,-54.5,4942.0,-3066.0,31.523809523809526
90,0,47,10,"(12, 18)",21,8.880952380952381,0.6190476190476191,42.26923076923077,-45.375,1.5137741046831956,-12.5,"13.67,-12.50,23.50,9.90",5,10,-42.5,3737.0,-5070.5,33.714285714285715
85,0,50,10,"(12,)",28,8.857142857142858,0.6785714285714286,35.86842105263158,-48.166666666666664,1.572087658592849,-26.357142857142858,"12.21,-26.36,34.36,15.21",6,10,-49.0,6794.5,-7105.5,31.392857142857142
95,0,50,10,"(12,)",28,8.857142857142858,0.6071428571428571,45.794117647058826,-48.22727272727273,1.4674835061262959,-23.5,"19.36,-23.50,30.79,8.79",6,10,-49.0,5653.0,-7106.0,32.785714285714285
65,6,55,10,"(18,)",21,8.833333333333334,0.9523809523809523,11.4,-42.5,5.364705882352941,-2.7,"13.50,11.90,11.70,-2.70",7,8,-9.833333333333334,5173.5,-2125.0,32.333333333333336
65,6,55,10,"(12, 18)",21,8.833333333333334,0.9523809523809523,11.4,-42.5,5.364705882352941,-2.7,"13.50,11.90,11.70,-2.70",7,8,-9.833333333333334,5173.5,-2125.0,32.333333333333336
80,7,55,8,"(18,)",18,8.833333333333334,0.7777777777777778,26.714285714285715,-53.75,1.7395348837209301,-4.1,"13.10,-4.10,26.25,2.25",5,8,-18.5,4207.0,-3922.0,27.77777777777778
80,7,55,8,"(12, 18)",18,8.833333333333334,0.7777777777777778,26.714285714285715,-53.75,1.7395348837209301,-4.1,"13.10,-4.10,26.25,2.25",5,8,-18.5,4207.0,-3922.0,27.77777777777778
80,8,55,8,"(18,)",18,8.833333333333334,0.7777777777777778,26.714285714285715,-53.75,1.7395348837209301,-4.1,"13.10,-4.10,26.25,2.25",5,8,-18.5,4207.0,-3922.0,27.77777777777778
80,8,55,8,"(12, 18)",18,8.833333333333334,0.7777777777777778,26.714285714285715,-53.75,1.7395348837209301,-4.1,"13.10,-4.10,26.25,2.25",5,8,-18.5,4207.0,-3922.0,27.77777777777778
80,4,55,8,"(3, 12, 18)",21,8.833333333333334,0.7619047619047619,27.6875,-51.5,1.720388349514563,-5.1,"3.83,-5.10,26.70,10.90",5,9,-59.5,4915.5,-4012.0,27.476190476190474
85,4,47,10,"(18,)",15,8.833333333333334,0.6666666666666666,36.7,-46.9,1.5650319829424306,-28.0,"17.75,-28.00,34.50,11.83",5,9,-42.5,2970.5,-3432.0,29.266666666666666
85,4,47,10,"(12, 18)",15,8.833333333333334,0.6666666666666666,36.7,-46.9,1.5650319829424306,-28.0,"17.75,-28.00,34.50,11.83",5,9,-42.5,2970.5,-3432.0,29.266666666666666
70,0,50,8,"(14,)",25,8.82,0.84,19.261904761904763,-46.0,2.198369565217391,-1.0,"11.07,17.50,7.33,-1.00",6,9,-17.5,5968.0,-3938.5,37.6
85,5,55,10,"(3, 18)",22,8.818181818181818,0.7272727272727273,32.5,-54.333333333333336,1.5950920245398772,-11.166666666666666,"5.83,-11.17,31.10,14.10",6,8,-59.5,5399.0,-5826.0,28.09090909090909
85,5,55,10,"(3, 12, 18)",22,8.818181818181818,0.7272727272727273,32.5,-54.333333333333336,1.5950920245398772,-11.166666666666666,"5.83,-11.17,31.10,14.10",6,8,-59.5,5399.0,-5826.0,28.09090909090909
70,4,50,8,"(20,)",19,8.81578947368421,0.8421052631578947,19.1875,-46.5,2.2007168458781363,4.75,"7.90,16.90,4.90,4.75",7,10,-54.5,4381.5,-3789.5,32.05263157894737
80,4,50,8,"(20,)",19,8.81578947368421,0.7368421052631579,29.5,-49.1,1.6822810590631365,-5.1,"15.90,-5.10,12.90,12.25",6,10,-54.5,4249.5,-3498.5,30.263157894736842
85,5,50,10,(),20,8.8,0.7,34.285714285714285,-50.666666666666664,1.5789473684210527,-18.1,"17.30,-18.10,18.10,17.90",5,9,-55.5,4549.0,-4196.5,28.9
85,5,50,10,"(12,)",20,8.8,0.7,34.285714285714285,-50.666666666666664,1.5789473684210527,-18.1,"17.30,-18.10,18.10,17.90",5,9,-55.5,4549.0,-4196.5,28.9
85,5,50,10,"(14,)",20,8.8,0.7,34.285714285714285,-50.666666666666664,1.5789473684210527,-18.1,"17.30,-18.10,18.10,17.90",5,9,-55.5,4549.0,-4196.5,28.9
99,0,50,10,"(18,)",29,8.775862068965518,0.5862068965517241,49.205882352941174,-48.5,1.4372852233676976,-8.357142857142858,"25.38,-8.36,4.64,11.07",5,10,-45.5,5506.0,-7576.0,36.827586206896555
70,4,55,7,"(18,)",22,8.772727272727273,0.8636363636363636,17.5,-46.5,2.3835125448028673,1.9,"8.83,16.50,1.90,6.30",7,10,-54.5,5030.0,-3066.0,31.272727272727273
65,6,55,8,"(18,)",19,8.763157894736842,0.9473684210526315,11.61111111111111,-42.5,4.91764705882353,-4.75,"14.10,12.90,10.10,-4.75",7,8,-9.833333333333334,4534.0,-2040.0,31.789473684210527
65,6,55,8,"(12, 18)",19,8.763157894736842,0.9473684210526315,11.61111111111111,-42.5,4.91764705882353,-4.75,"14.10,12.90,10.10,-4.75",7,8,-9.833333333333334,4534.0,-2040.0,31.789473684210527
90,6,55,8,"(18,)",19,8.763157894736842,0.6842105263157895,36.88461538461539,-52.166666666666664,1.5319488817891374,-0.9,"21.10,1.90,-0.90,14.00",6,8,-23.166666666666668,3603.0,-4015.0,30.105263157894736
90,6,55,8,"(12, 18)",19,8.763157894736842,0.6842105263157895,36.88461538461539,-52.166666666666664,1.5319488817891374,-0.9,"21.10,1.90,-0.90,14.00",6,8,-23.166666666666668,3603.0,-4015.0,30.105263157894736
99,0,55,6,"(3,)",23,8.76086956521739,0.6086956521739131,46.714285714285715,-50.27777777777778,1.445303867403315,-17.5,"16.67,12.83,-17.50,25.90",7,10,-56.0,3828.0,-8356.5,30.0
90,0,55,7,(),33,8.742424242424242,0.6666666666666666,37.86363636363637,-49.5,1.5298438934802572,-6.375,"20.72,14.00,-6.38,5.12",7,10,-42.5,6386.5,-11548.5,39.484848484848484
85,0,50,10,"(14,)",29,8.741379310344827,0.6896551724137931,34.95,-49.5,1.569023569023569,-14.357142857142858,"13.25,-14.36,21.79,13.64",4,10,-55.5,7006.0,-6087.5,33.724137931034484
80,0,50,7,(),25,8.74,0.72,30.22222222222222,-46.5,1.6712749615975422,-10.5,"19.93,-10.50,16.17,7.50",6,10,-42.5,5138.0,-4214.5,34.32
65,6,55,10,"(3,)",21,8.738095238095237,0.9523809523809523,11.95,-55.5,4.306306306306307,3.5,"3.50,10.10,12.90,9.50",8,9,-55.5,5820.5,-1387.5,29.19047619047619
65,6,55,10,"(3, 12)",21,8.738095238095237,0.9523809523809523,11.95,-55.5,4.306306306306307,3.5,"3.50,10.10,12.90,9.50",8,9,-55.5,5820.5,-1387.5,29.19047619047619
65,7,55,10,"(3,)",21,8.738095238095237,0.9523809523809523,11.95,-55.5,4.306306306306307,3.5,"3.50,10.10,12.90,9.50",8,9,-55.5,5820.5,-1387.5,29.19047619047619
65,7,55,10,"(3, 12)",21,8.738095238095237,0.9523809523809523,11.95,-55.5,4.306306306306307,3.5,"3.50,10.10,12.90,9.50",8,9,-55.5,5820.5,-1387.5,29.19047619047619
65,8,55,10,"(3,)",21,8.738095238095237,0.9523809523809523,11.95,-55.5,4.306306306306307,3.5,"3.50,10.10,12.90,9.50",8,9,-55.5,5820.5,-1387.5,29.19047619047619
65,8,55,10,"(3, 12)",21,8.738095238095237,0.9523809523809523,11.95,-55.5,4.306306306306307,3.5,"3.50,10.10,12.90,9.50",8,9,-55.5,5820.5,-1387.5,29.19047619047619
65,6,55,7,"(18,)",17,8.735294117647058,0.9411764705882353,11.9375,-42.5,4.4941176470588236,-4.75,"15.50,12.25,10.25,-4.75",7,8,-9.833333333333334,3981.0,-1997.5,31.647058823529413
65,6,55,7,"(12, 18)",17,8.735294117647058,0.9411764705882353,11.9375,-42.5,4.4941176470588236,-4.75,"15.50,12.25,10.25,-4.75",7,8,-9.833333333333334,3981.0,-1997.5,31.647058823529413
80,6,55,7,"(18,)",17,8.735294117647058,0.7647058823529411,26.884615384615383,-50.25,1.7388059701492538,5.25,"14.50,7.25,5.25,6.50",6,8,-26.5,3312.0,-3267.0,30.11764705882353
80,6,55,7,"(12, 18)",17,8.735294117647058,0.7647058823529411,26.884615384615383,-50.25,1.7388059701492538,5.25,"14.50,7.25,5.25,6.50",6,8,-26.5,3312.0,-3267.0,30.11764705882353
99,0,55,6,"(14,)",23,8.717391304347826,0.6086956521739131,46.714285714285715,-50.388888888888886,1.442116868798236,-35.833333333333336,"30.83,13.83,-35.83,29.50",7,9,-56.0,3905.0,-9470.5,34.0
75,4,50,8,"(3,)",19,8.710526315789474,0.7894736842105263,24.1,-49.0,1.844387755102041,-7.7,"11.90,-7.70,24.50,5.50",6,9,-54.5,4307.0,-2920.5,29.157894736842106
75,4,50,8,"(14,)",19,8.710526315789474,0.7894736842105263,24.1,-49.0,1.844387755102041,-6.7,"24.10,-6.70,8.90,8.50",6,9,-54.5,4291.5,-3650.0,31.842105263157894
95,0,55,6,"(3, 12, 18)",19,8.710526315789474,0.631578947368421,42.583333333333336,-49.357142857142854,1.4790159189580319,-16.1,"9.10,5.30,-16.10,43.50",7,10,-57.5,2969.5,-4256.5,27.105263157894736
65,4,47,10,"(20,)",15,8.7,0.8666666666666667,16.576923076923077,-42.5,2.5352941176470587,-1.5,"2.75,15.25,15.75,-1.50",7,9,-42.5,3359.0,-1785.0,31.333333333333332
70,0,55,10,"(12, 18)",35,8.7,0.8571428571428571,17.8,-45.9,2.326797385620915,3.125,"5.83,16.50,8.72,3.12",7,10,-42.5,9078.5,-2720.0,37.114285714285714
85,0,45,10,"(18,)",20,8.7,0.65,38.11538461538461,-45.92857142857143,1.5412130637636081,-14.5,"5.90,-14.50,36.50,6.90",6,10,-42.5,4168.5,-4827.0,31.75
85,0,45,10,"(12, 18)",20,8.7,0.65,38.11538461538461,-45.92857142857143,1.5412130637636081,-14.5,"5.90,-14.50,36.50,6.90",6,10,-42.5,4168.5,-4827.0,31.75
99,6,50,10,"(18,)",15,8.7,0.6,48.27777777777778,-50.666666666666664,1.4292763157894737,-28.25,"26.25,-28.25,22.00,16.83",4,7,-42.5,2688.5,-5414.5,30.333333333333332
99,6,50,10,"(12, 18)",15,8.7,0.6,48.27777777777778,-50.666666666666664,1.4292763157894737,-28.25,"26.25,-28.25,22.00,16.83",4,7,-42.5,2688.5,-5414.5,30.333333333333332
70,0,55,10,"(3,)",37,8.68918918918919,0.8648648648648649,18.0,-50.9,2.2632612966601178,1.6111111111111112,"5.50,9.50,1.61,18.50",8,10,-49.0,11257.0,-4147.0,33.2972972972973
85,4,50,6,(),16,8.6875,0.6875,34.31818181818182,-47.7,1.5828092243186582,-9.25,"15.00,-9.25,13.00,16.00",6,10,-54.5,2839.0,-3068.0,28.375
65,7,55,10,(),22,8.681818181818182,0.9545454545454546,11.738095238095237,-55.5,4.441441441441442,3.5,"3.50,10.67,12.10,9.10",8,9,-55.5,6069.0,-1387.5,29.363636363636363
65,7,55,10,"(12,)",22,8.681818181818182,0.9545454545454546,11.738095238095237,-55.5,4.441441441441442,3.5,"3.50,10.67,12.10,9.10",8,9,-55.5,6069.0,-1387.5,29.363636363636363
65,7,55,10,"(14,)",22,8.681818181818182,0.9545454545454546,11.738095238095237,-55.5,4.441441441441442,3.5,"3.50,10.67,12.10,9.10",8,9,-55.5,6069.0,-1387.5,29.363636363636363
65,8,55,10,(),22,8.681818181818182,0.9545454545454546,11.738095238095237,-55.5,4.441441441441442,3.5,"3.50,10.67,12.10,9.10",8,9,-55.5,6069.0,-1387.5,29.363636363636363
65,8,55,10,"(12,)",22,8.681818181818182,0.9545454545454546,11.738095238095237,-55.5,4.441441441441442,3.5,"3.50,10.67,12.10,9.10",8,9,-55.5,6069.0,-1387.5,29.363636363636363
65,8,55,10,"(14,)",22,8.681818181818182,0.9545454545454546,11.738095238095237,-55.5,4.441441441441442,3.5,"3.50,10.67,12.10,9.10",8,9,-55.5,6069.0,-1387.5,29.363636363636363
70,0,50,10,"(12,)",28,8.678571428571429,0.8214285714285714,20.456521739130434,-45.5,2.0681318681318683,1.5,"1.50,9.36,19.36,4.50",7,10,-49.0,6954.0,-3147.5,34.5
95,4,55,10,"(14,)",28,8.678571428571429,0.6428571428571429,43.166666666666664,-53.4,1.4550561797752808,0.9285714285714286,"2.79,0.93,15.36,15.64",6,10,-55.5,6877.0,-5165.0,29.857142857142858
75,10,55,8,(),17,8.676470588235293,0.8235294117647058,21.857142857142858,-52.833333333333336,1.9305993690851735,-1.5,"10.50,3.50,21.75,-1.50",6,8,-21.0,4007.0,-3069.0,28.58823529411765
75,10,55,8,"(12,)",17,8.676470588235293,0.8235294117647058,21.857142857142858,-52.833333333333336,1.9305993690851735,-1.5,"10.50,3.50,21.75,-1.50",6,8,-21.0,4007.0,-3069.0,28.58823529411765
75,10,55,8,"(14,)",17,8.676470588235293,0.8235294117647058,21.857142857142858,-52.833333333333336,1.9305993690851735,-1.5,"10.50,3.50,21.75,-1.50",6,8,-21.0,4007.0,-3069.0,28.58823529411765
70,0,50,10,"(18,)",29,8.672413793103448,0.8275862068965517,19.916666666666668,-45.3,2.11037527593819,4.5,"12.38,9.21,8.07,4.50",7,10,-42.5,7156.0,-2465.0,36.827586206896555
70,4,50,8,"(18,)",19,8.657894736842104,0.8421052631578947,19.0,-46.5,2.1792114695340503,3.9,"7.90,17.30,3.90,4.75",7,10,-54.5,4183.0,-3747.0,31.68421052631579
95,4,50,10,"(18,)",21,8.642857142857142,0.6190476190476191,44.80769230769231,-50.125,1.4526184538653366,-13.9,"14.83,-13.90,24.50,7.90",5,10,-54.5,4164.5,-3933.0,30.428571428571427
75,4,55,6,"(3, 12, 18)",15,8.633333333333333,0.8,22.583333333333332,-47.166666666666664,1.9151943462897527,-14.25,"7.50,-14.25,20.25,25.17",6,8,-42.5,2864.0,-2729.5,25.733333333333334
90,7,50,10,"(20,)",15,8.633333333333333,0.6666666666666666,39.7,-53.5,1.4841121495327103,-30.75,"18.25,-30.75,40.00,6.50",5,7,-55.5,3581.5,-3524.5,27.4
90,8,50,10,"(20,)",15,8.633333333333333,0.6666666666666666,39.7,-53.5,1.4841121495327103,-30.75,"18.25,-30.75,40.00,6.50",5,7,-55.5,3581.5,-3524.5,27.4
75,6,55,8,"(3, 18)",17,8.617647058823529,0.8235294117647058,21.785714285714285,-52.833333333333336,1.9242902208201893,-14.75,"24.10,-14.75,20.50,0.75",6,8,-59.5,3822.0,-3267.0,29.176470588235293
75,6,55,8,"(3, 12, 18)",17,8.617647058823529,0.8235294117647058,21.785714285714285,-52.833333333333336,1.9242902208201893,-14.75,"24.10,-14.75,20.50,0.75",6,8,-59.5,3822.0,-3267.0,29.176470588235293
75,7,55,8,"(3, 18)",17,8.617647058823529,0.8235294117647058,21.785714285714285,-52.833333333333336,1.9242902208201893,-14.75,"24.10,-14.75,20.50,0.75",6,8,-59.5,3822.0,-3267.0,29.176470588235293
75,7,55,8,"(3, 12, 18)",17,8.617647058823529,0.8235294117647058,21.785714285714285,-52.833333333333336,1.9242902208201893,-14.75,"24.10,-14.75,20.50,0.75",6,8,-59.5,3822.0,-3267.0,29.176470588235293
75,8,55,8,"(3, 18)",17,8.617647058823529,0.8235294117647058,21.785714285714285,-52.833333333333336,1.9242902208201893,-14.75,"24.10,-14.75,20.50,0.75",6,8,-59.5,3822.0,-3267.0,29.176470588235293
75,8,55,8,"(3, 12, 18)",17,8.617647058823529,0.8235294117647058,21.785714285714285,-52.833333333333336,1.9242902208201893,-14.75,"24.10,-14.75,20.50,0.75",6,8,-59.5,3822.0,-3267.0,29.176470588235293
80,4,50,10,"(3, 12, 18)",19,8.605263157894736,0.7368421052631579,29.428571428571427,-49.7,1.6579476861167002,-20.1,"15.90,-20.10,12.30,30.75",5,8,-42.5,4252.0,-4420.0,27.157894736842106
99,0,55,8,"(3, 18)",31,8.596774193548388,0.6129032258064516,46.86842105263158,-52.0,1.4270833333333333,-5.125,"36.75,-2.75,-5.12,5.07",6,10,-51.166666666666664,6285.5,-12369.0,37.645161290322584
75,4,55,8,"(3, 12, 18)",21,8.595238095238095,0.8095238095238095,22.441176470588236,-50.25,1.8980099502487562,-8.1,"13.00,-8.10,21.70,6.90",6,9,-59.5,4690.5,-2920.5,28.142857142857142
99,6,55,10,"(20,)",21,8.595238095238095,0.6190476190476191,46.96153846153846,-53.75,1.419767441860465,-1.1666666666666667,"-1.17,4.10,28.70,4.70",5,9,-55.5,4521.0,-4737.0,28.571428571428573
80,0,47,10,(),23,8.58695652173913,0.6956521739130435,32.4375,-45.92857142857143,1.614307931570762,-9.0,"7.00,-9.00,31.67,3.90",6,10,-42.5,5053.0,-5128.0,32.52173913043478
85,0,55,7,"(12,)",30,8.566666666666666,0.7,33.595238095238095,-49.833333333333336,1.5730211817168338,-1.6428571428571428,"15.38,10.25,9.07,-1.64",6,10,-42.5,6676.5,-5459.0,36.36666666666667
65,12,55,10,"(3,)",16,8.5625,0.9375,12.833333333333334,-55.5,3.4684684684684686,-0.5,"-0.50,12.50,12.00,10.25",7,8,-55.5,4199.5,-1387.5,28.1875
65,12,55,10,"(3, 12)",16,8.5625,0.9375,12.833333333333334,-55.5,3.4684684684684686,-0.5,"-0.50,12.50,12.00,10.25",7,8,-55.5,4199.5,-1387.5,28.1875
75,6,55,7,"(3,)",16,8.5625,0.8125,22.73076923076923,-52.833333333333336,1.864353312302839,-14.75,"25.50,-14.75,22.75,0.75",6,8,-59.5,3844.0,-3069.0,29.125
75,6,55,7,"(3, 12)",16,8.5625,0.8125,22.73076923076923,-52.833333333333336,1.864353312302839,-14.75,"25.50,-14.75,22.75,0.75",6,8,-59.5,3844.0,-3069.0,29.125
75,7,55,7,"(3,)",16,8.5625,0.8125,22.73076923076923,-52.833333333333336,1.864353312302839,-14.75,"25.50,-14.75,22.75,0.75",6,8,-59.5,3844.0,-3069.0,29.125
75,7,55,7,"(3, 12)",16,8.5625,0.8125,22.73076923076923,-52.833333333333336,1.864353312302839,-14.75,"25.50,-14.75,22.75,0.75",6,8,-59.5,3844.0,-3069.0,29.125
75,8,55,7,"(3,)",16,8.5625,0.8125,22.73076923076923,-52.833333333333336,1.864353312302839,-14.75,"25.50,-14.75,22.75,0.75",6,8,-59.5,3844.0,-3069.0,29.125
75,8,55,7,"(3, 12)",16,8.5625,0.8125,22.73076923076923,-52.833333333333336,1.864353312302839,-14.75,"25.50,-14.75,22.75,0.75",6,8,-59.5,3844.0,-3069.0,29.125
95,6,50,10,"(20,)",16,8.5625,0.625,44.7,-51.666666666666664,1.4419354838709677,-29.5,"22.00,-29.50,45.00,-3.25",5,8,-55.5,3293.5,-3567.5,29.5625
75,6,55,10,"(3, 12, 14, 18, 20)",17,8.558823529411764,0.8235294117647058,22.5,-56.5,1.8584070796460177,-18.75,"25.30,-18.75,22.75,0.75",6,8,-59.5,4354.5,-2778.5,29.823529411764707
75,7,55,10,"(3, 12, 14, 18, 20)",17,8.558823529411764,0.8235294117647058,22.5,-56.5,1.8584070796460177,-18.75,"25.30,-18.75,22.75,0.75",6,8,-59.5,4354.5,-2778.5,29.823529411764707
75,8,55,10,"(3, 12, 14, 18, 20)",17,8.558823529411764,0.8235294117647058,22.5,-56.5,1.8584070796460177,-18.75,"25.30,-18.75,22.75,0.75",6,8,-59.5,4354.5,-2778.5,29.823529411764707
85,0,45,7,"(18,)",17,8.558823529411764,0.6470588235294118,37.86363636363637,-45.166666666666664,1.53690036900369,-8.0,"7.10,-8.00,37.25,-1.75",5,9,-42.5,3098.5,-4513.5,32.1764705882353
85,0,45,7,"(12, 18)",17,8.558823529411764,0.6470588235294118,37.86363636363637,-45.166666666666664,1.53690036900369,-8.0,"7.10,-8.00,37.25,-1.75",5,9,-42.5,3098.5,-4513.5,32.1764705882353
85,0,45,8,"(18,)",17,8.558823529411764,0.6470588235294118,37.86363636363637,-45.166666666666664,1.53690036900369,-8.0,"7.10,-8.00,37.25,-1.75",5,9,-42.5,3098.5,-4513.5,32.1764705882353
85,0,45,8,"(12, 18)",17,8.558823529411764,0.6470588235294118,37.86363636363637,-45.166666666666664,1.53690036900369,-8.0,"7.10,-8.00,37.25,-1.75",5,9,-42.5,3098.5,-4513.5,32.1764705882353
90,0,45,7,(),18,8.555555555555555,0.6111111111111112,42.40909090909091,-44.642857142857146,1.4928,0.75,"10.10,3.50,20.75,0.75",5,9,-42.5,2757.5,-4445.5,33.27777777777778
90,0,45,7,"(12,)",18,8.555555555555555,0.6111111111111112,42.40909090909091,-44.642857142857146,1.4928,0.75,"10.10,3.50,20.75,0.75",5,9,-42.5,2757.5,-4445.5,33.27777777777778
90,0,45,8,(),18,8.555555555555555,0.6111111111111112,42.40909090909091,-44.642857142857146,1.4928,0.75,"10.10,3.50,20.75,0.75",5,9,-42.5,2757.5,-4445.5,33.27777777777778
90,0,45,8,"(12,)",18,8.555555555555555,0.6111111111111112,42.40909090909091,-44.642857142857146,1.4928,0.75,"10.10,3.50,20.75,0.75",5,9,-42.5,2757.5,-4445.5,33.27777777777778
65,7,55,10,"(20,)",20,8.55,0.95,11.921052631578947,-55.5,4.081081081081081,2.5,"2.50,8.70,13.90,9.10",8,9,-55.5,5292.5,-1387.5,28.65
65,8,55,10,"(20,)",20,8.55,0.95,11.921052631578947,-55.5,4.081081081081081,2.5,"2.50,8.70,13.90,9.10",8,9,-55.5,5292.5,-1387.5,28.65
65,4,50,10,"(12, 18)",20,8.55,0.9,14.222222222222221,-42.5,3.011764705882353,3.9,"3.90,12.90,13.30,4.10",7,9,-42.5,4544.5,-1912.5,31.05
75,4,55,7,"(3, 12)",20,8.55,0.8,23.25,-50.25,1.8507462686567164,-8.1,"11.90,-8.10,23.50,6.90",6,9,-59.5,4568.5,-2955.0,28.15
75,0,55,7,"(3, 12, 14, 18, 20)",20,8.55,0.8,24.0625,-53.5,1.7990654205607477,-7.1,"26.70,-7.10,7.90,6.70",6,9,-59.5,5387.0,-3598.0,32.0
90,4,50,10,"(12, 18)",20,8.55,0.65,39.80769230769231,-49.5,1.4935064935064934,-16.1,"23.90,-16.10,2.30,24.10",5,9,-42.5,3922.0,-4044.5,29.2
95,7,55,10,"(20,)",20,8.55,0.65,42.96153846153846,-55.357142857142854,1.4412903225806453,-18.3,"7.50,-18.30,24.90,20.10",5,9,-55.5,4798.0,-4706.0,26.7
95,8,55,10,"(20,)",20,8.55,0.65,42.96153846153846,-55.357142857142854,1.4412903225806453,-18.3,"7.50,-18.30,24.90,20.10",5,9,-55.5,4798.0,-4706.0,26.7
80,4,55,10,"(3, 12, 14, 18, 20)",21,8.547619047619047,0.7619047619047619,28.5,-55.3,1.6491862567811935,-6.5,"2.50,-6.50,28.50,10.90",5,8,-59.5,5656.0,-4541.0,28.476190476190474
70,0,55,7,"(3, 18)",29,8.53448275862069,0.8620689655172413,17.86,-49.75,2.2437185929648242,-4.5,"11.38,8.36,-4.50,18.50",7,10,-42.5,7792.5,-3699.0,32.310344827586206
65,12,55,10,(),17,8.5,0.9411764705882353,12.5,-55.5,3.6036036036036037,2.5,"2.50,10.50,15.00,7.50",7,8,-55.5,4424.5,-1387.5,28.294117647058822
65,12,55,10,"(12,)",17,8.5,0.9411764705882353,12.5,-55.5,3.6036036036036037,2.5,"2.50,10.50,15.00,7.50",7,8,-55.5,4424.5,-1387.5,28.294117647058822
65,12,55,10,"(14,)",17,8.5,0.9411764705882353,12.5,-55.5,3.6036036036036037,2.5,"2.50,10.50,15.00,7.50",7,8,-55.5,4424.5,-1387.5,28.294117647058822
65,4,47,10,"(18,)",15,8.5,0.8666666666666667,16.346153846153847,-42.5,2.5,-1.5,"2.75,15.75,14.50,-1.50",7,9,-42.5,3186.0,-1785.0,31.066666666666666
65,4,47,10,"(12, 18)",15,8.5,0.8666666666666667,16.346153846153847,-42.5,2.5,-1.5,"2.75,15.75,14.50,-1.50",7,9,-42.5,3186.0,-1785.0,31.066666666666666
70,0,50,7,"(12, 18)",21,8.5,0.8095238095238095,20.61764705882353,-43.0,2.0377906976744184,-4.7,"11.00,5.70,21.50,-4.70",6,10,-42.5,4395.5,-2253.5,34.23809523809524
70,0,47,7,"(12,)",19,8.5,0.7894736842105263,22.233333333333334,-43.0,1.938953488372093,-9.25,"10.50,6.70,22.50,-9.25",5,9,-42.5,4005.0,-2193.0,34.63157894736842
70,0,47,8,"(12,)",19,8.5,0.7894736842105263,22.233333333333334,-43.0,1.938953488372093,-9.25,"10.50,6.70,22.50,-9.25",5,9,-42.5,4005.0,-2193.0,34.63157894736842
75,5,55,6,(),15,8.5,0.8,22.416666666666668,-47.166666666666664,1.901060070671378,-13.0,"22.75,-13.00,6.25,21.17",6,8,-42.5,2795.0,-2970.0,28.133333333333333
75,5,55,6,"(12,)",15,8.5,0.8,22.416666666666668,-47.166666666666664,1.901060070671378,-13.0,"22.75,-13.00,6.25,21.17",6,8,-42.5,2795.0,-2970.0,28.133333333333333
75,5,55,6,"(14,)",15,8.5,0.8,22.416666666666668,-47.166666666666664,1.901060070671378,-13.0,"22.75,-13.00,6.25,21.17",6,8,-42.5,2795.0,-2970.0,28.133333333333333
75,4,47,10,(),16,8.5,0.75,26.666666666666668,-46.0,1.7391304347826086,-11.75,"10.25,-11.75,25.00,10.50",6,9,-42.5,3225.0,-2970.0,30.25
75,4,47,10,"(12,)",16,8.5,0.75,26.666666666666668,-46.0,1.7391304347826086,-11.75,"10.25,-11.75,25.00,10.50",6,9,-42.5,3225.0,-2970.0,30.25
95,4,55,10,"(3, 18)",25,8.5,0.64,43.1875,-53.166666666666664,1.444096133751306,-6.166666666666667,"4.64,-6.17,26.17,10.00",6,10,-59.5,5644.5,-5154.0,28.76
70,0,55,6,"(3, 12)",20,8.45,0.85,18.441176470588236,-48.166666666666664,2.169550173010381,-5.9,"-5.90,18.30,4.70,16.70",7,10,-57.5,4645.0,-2011.5,28.0
85,0,55,6,"(3, 12)",20,8.45,0.7,33.785714285714285,-50.666666666666664,1.555921052631579,-0.7,"3.10,-0.70,16.70,14.70",6,10,-57.5,4260.5,-3651.0,26.75
80,4,50,8,"(3,)",19,8.447368421052632,0.7368421052631579,29.5,-50.5,1.6356435643564355,-20.7,"15.90,-20.70,29.50,9.25",5,9,-54.5,4282.5,-4012.0,28.263157894736842
80,4,50,8,"(14,)",19,8.447368421052632,0.7368421052631579,29.5,-50.5,1.6356435643564355,-3.7,"13.10,-3.70,12.90,12.25",5,9,-54.5,4240.0,-4080.0,30.63157894736842
80,4,55,6,"(3, 18)",16,8.4375,0.75,27.583333333333332,-49.0,1.6887755102040816,-11.75,"11.25,-11.75,5.75,28.50",6,9,-54.5,2877.5,-2772.0,26.3125
80,4,50,6,"(3,)",15,8.433333333333334,0.7333333333333333,29.318181818181817,-49.0,1.6454081632653061,-11.75,"11.25,-11.75,9.25,30.50",6,9,-54.5,2921.0,-2772.0,27.2
80,4,50,6,"(14,)",15,8.433333333333334,0.7333333333333333,29.318181818181817,-49.0,1.6454081632653061,-10.5,"27.75,-10.50,-8.50,30.50",6,9,-54.5,2932.5,-3219.5,29.533333333333335
80,0,43,10,"(20,)",15,8.433333333333334,0.6666666666666666,34.8,-44.3,1.5711060948081264,-7.0,"16.25,-7.00,15.75,8.83",4,9,-49.5,3076.0,-2485.5,33.86666666666667
75,0,50,7,"(3, 18)",22,8.409090909090908,0.7727272727272727,25.029411764705884,-48.1,1.7692307692307692,-11.666666666666666,"13.00,-11.67,8.90,26.50",7,10,-42.5,5016.5,-4153.5,30.045454545454547
99,0,55,6,"(20,)",22,8.409090909090908,0.5909090909090909,47.34615384615385,-47.833333333333336,1.429732868757259,-50.3,"16.67,31.50,-50.30,29.50",7,10,-54.5,2660.0,-8852.0,32.54545454545455
65,4,50,10,"(3, 12)",21,8.404761904761905,0.9047619047619048,14.447368421052632,-49.0,2.8010204081632653,-6.0,"-6.00,12.90,15.10,14.50",7,8,-49.0,5282.0,-2705.0,28.285714285714285
90,4,50,8,(),20,8.4,0.65,39.88461538461539,-50.07142857142857,1.479315263908702,-16.7,"23.90,-16.70,21.50,4.90",5,10,-54.5,3930.5,-3843.5,30.25
70,0,50,7,"(14,)",23,8.369565217391305,0.8260869565217391,19.81578947368421,-46.0,2.046195652173913,-4.7,"20.33,7.83,7.83,-4.70",5,9,-17.5,5030.0,-3737.0,36.869565217391305
75,0,47,10,(),23,8.369565217391305,0.7391304347826086,27.264705882352942,-45.166666666666664,1.7103321033210332,-11.5,"16.17,-11.50,26.67,0.90",7,10,-42.5,4864.0,-3692.5,33.82608695652174
75,5,55,10,"(3, 18)",22,8.363636363636363,0.8181818181818182,22.38888888888889,-54.75,1.8401826484018264,-16.166666666666668,"24.17,-16.17,21.10,6.10",5,8,-59.5,5452.0,-4686.5,30.818181818181817
75,5,55,10,"(3, 12, 18)",22,8.363636363636363,0.8181818181818182,22.38888888888889,-54.75,1.8401826484018264,-16.166666666666668,"24.17,-16.17,21.10,6.10",5,8,-59.5,5452.0,-4686.5,30.818181818181817
90,5,55,10,"(3, 18)",22,8.363636363636363,0.6818181818181818,37.7,-54.5,1.4823066841415464,-8.666666666666666,"9.17,-8.67,18.10,18.10",6,8,-59.5,4960.0,-5845.5,28.90909090909091
90,5,55,10,"(3, 12, 18)",22,8.363636363636363,0.6818181818181818,37.7,-54.5,1.4823066841415464,-8.666666666666666,"9.17,-8.67,18.10,18.10",6,8,-59.5,4960.0,-5845.5,28.90909090909091
65,10,55,10,"(3,)",19,8.342105263157896,0.9473684210526315,11.88888888888889,-55.5,3.855855855855856,2.5,"2.50,10.10,12.90,7.75",8,9,-55.5,4846.0,-1387.5,28.31578947368421
65,10,55,10,"(3, 12)",19,8.342105263157896,0.9473684210526315,11.88888888888889,-55.5,3.855855855855856,2.5,"2.50,10.10,12.90,7.75",8,9,-55.5,4846.0,-1387.5,28.31578947368421
70,0,47,7,"(20,)",19,8.342105263157896,0.7894736842105263,22.033333333333335,-43.0,1.9215116279069768,-9.25,"10.50,6.50,22.10,-9.25",6,9,-42.5,3818.0,-2193.0,34.421052631578945
70,0,47,8,"(20,)",19,8.342105263157896,0.7894736842105263,22.033333333333335,-43.0,1.9215116279069768,-9.25,"10.50,6.50,22.10,-9.25",6,9,-42.5,3818.0,-2193.0,34.421052631578945
75,0,47,7,"(20,)",19,8.342105263157896,0.7368421052631579,27.142857142857142,-44.3,1.7155756207674944,-6.75,"14.50,-4.50,27.10,-6.75",5,9,-42.5,3694.0,-3512.0,33.473684210526315
75,0,47,8,"(20,)",19,8.342105263157896,0.7368421052631579,27.142857142857142,-44.3,1.7155756207674944,-6.75,"14.50,-4.50,27.10,-6.75",5,9,-42.5,3694.0,-3512.0,33.473684210526315
80,4,50,7,(),18,8.333333333333334,0.7222222222222222,29.884615384615383,-47.7,1.628930817610063,-3.7,"15.90,-3.70,10.00,12.25",6,10,-54.5,3411.5,-3359.0,30.27777777777778
85,0,50,6,"(12,)",18,8.333333333333334,0.6666666666666666,35.083333333333336,-45.166666666666664,1.5535055350553506,-0.7,"3.10,-0.70,18.50,16.00",5,9,-42.5,2599.0,-3651.0,29.333333333333332
75,0,50,8,"(20,)",26,8.307692307692308,0.7692307692307693,24.6,-46.0,1.7826086956521738,2.0714285714285716,"15.64,2.07,11.17,4.17",6,10,-42.5,5331.0,-2385.5,34.69230769230769
65,10,55,10,(),20,8.3,0.95,11.657894736842104,-55.5,3.990990990990991,2.5,"2.50,10.10,12.90,7.70",8,9,-55.5,5094.5,-1387.5,28.55
65,10,55,10,"(12,)",20,8.3,0.95,11.657894736842104,-55.5,3.990990990990991,2.5,"2.50,10.10,12.90,7.70",8,9,-55.5,5094.5,-1387.5,28.55
65,10,55,10,"(14,)",20,8.3,0.95,11.657894736842104,-55.5,3.990990990990991,2.5,"2.50,10.10,12.90,7.70",8,9,-55.5,5094.5,-1387.5,28.55
95,10,55,10,(),20,8.3,0.65,42.03846153846154,-54.357142857142854,1.4362680683311433,-16.9,"7.50,-16.90,42.90,-0.30",6,9,-55.5,4108.0,-4734.5,26.7
95,10,55,10,"(12,)",20,8.3,0.65,42.03846153846154,-54.357142857142854,1.4362680683311433,-16.9,"7.50,-16.90,42.90,-0.30",6,9,-55.5,4108.0,-4734.5,26.7
95,10,55,10,"(14,)",20,8.3,0.65,42.03846153846154,-54.357142857142854,1.4362680683311433,-16.9,"7.50,-16.90,42.90,-0.30",6,9,-55.5,4108.0,-4734.5,26.7
70,4,55,10,(),29,8.293103448275861,0.8620689655172413,17.42,-48.75,2.2333333333333334,2.125,"2.12,16.64,7.50,7.79",7,10,-54.5,6804.0,-3427.5,31.586206896551722
80,4,55,8,"(12,)",24,8.291666666666666,0.75,27.72222222222222,-50.0,1.6633333333333333,0.5,"3.83,0.50,13.17,15.67",5,9,-42.5,4886.0,-4012.0,28.416666666666668
65,4,50,8,"(12,)",19,8.289473684210526,0.8947368421052632,14.264705882352942,-42.5,2.8529411764705883,1.0,"3.90,12.30,14.50,1.00",7,9,-42.5,4127.0,-1827.5,30.526315789473685
75,4,50,8,"(12, 18)",18,8.277777777777779,0.7777777777777778,23.785714285714285,-46.0,1.809782608695652,-7.7,"11.90,-7.70,23.50,8.50",6,9,-42.5,3195.0,-2920.5,28.77777777777778
95,6,55,10,"(3, 12, 14, 18, 20)",17,8.264705882352942,0.6470588235294118,42.95454545454545,-55.333333333333336,1.4231927710843373,-8.75,"7.30,-8.75,19.00,15.75",5,8,-59.5,3831.5,-5330.5,28.176470588235293
95,7,55,10,"(3, 12, 14, 18, 20)",17,8.264705882352942,0.6470588235294118,42.95454545454545,-55.333333333333336,1.4231927710843373,-8.75,"7.30,-8.75,19.00,15.75",5,8,-59.5,3831.5,-5330.5,28.176470588235293
95,8,55,10,"(3, 12, 14, 18, 20)",17,8.264705882352942,0.6470588235294118,42.95454545454545,-55.333333333333336,1.4231927710843373,-8.75,"7.30,-8.75,19.00,15.75",5,8,-59.5,3831.5,-5330.5,28.176470588235293
95,0,55,8,"(20,)",32,8.25,0.625,43.3,-50.166666666666664,1.4385382059800664,-15.5,"33.25,7.00,-15.50,8.25",6,10,-42.5,5549.5,-12183.5,39.71875
95,0,43,10,(),16,8.25,0.5625,49.388888888888886,-44.642857142857146,1.4224,-24.0,"27.50,-24.00,2.75,26.75",6,9,-49.5,2509.0,-3689.0,33.875
95,0,43,10,"(12,)",16,8.25,0.5625,49.388888888888886,-44.642857142857146,1.4224,-24.0,"27.50,-24.00,2.75,26.75",6,9,-49.5,2509.0,-3689.0,33.875
85,0,55,8,"(3, 18)",31,8.241935483870968,0.7096774193548387,33.18181818181818,-52.72222222222222,1.5384615384615385,-9.75,"24.50,-9.75,-1.50,21.36",7,10,-42.5,7622.0,-5997.0,32.70967741935484
75,0,45,10,"(14,)",19,8.236842105263158,0.7368421052631579,27.5,-45.7,1.6849015317286653,-4.9,"14.50,-4.90,12.30,11.75",6,9,-42.5,3976.5,-3941.5,34.36842105263158
80,6,50,8,(),15,8.233333333333333,0.7333333333333333,29.227272727272727,-49.5,1.6237373737373737,-11.75,"10.50,-11.75,29.00,4.17",4,7,-42.5,2865.5,-3922.0,29.4
80,6,50,8,"(12,)",15,8.233333333333333,0.7333333333333333,29.227272727272727,-49.5,1.6237373737373737,-11.75,"10.50,-11.75,29.00,4.17",4,7,-42.5,2865.5,-3922.0,29.4
80,6,50,8,"(14,)",15,8.233333333333333,0.7333333333333333,29.227272727272727,-49.5,1.6237373737373737,-11.75,"10.50,-11.75,29.00,4.17",4,7,-42.5,2865.5,-3922.0,29.4
99,0,55,6,"(12,)",22,8.227272727272727,0.5909090909090909,47.03846153846154,-47.833333333333336,1.4204413472706157,-29.9,"16.67,13.83,-29.90,29.50",7,10,-57.5,2515.0,-6525.0,30.181818181818183
70,0,50,6,"(3, 18)",18,8.222222222222221,0.8333333333333334,19.3,-47.166666666666664,2.045936395759717,0.25,"5.70,5.70,0.25,22.50",7,10,-54.5,3791.5,-1772.5,27.61111111111111
90,0,47,7,"(12, 18)",18,8.222222222222221,0.6111111111111112,41.86363636363637,-44.642857142857146,1.4736,-13.3,"26.50,-13.30,19.75,0.75",5,9,-42.5,2361.5,-4807.5,33.94444444444444
90,0,47,8,"(12, 18)",18,8.222222222222221,0.6111111111111112,41.86363636363637,-44.642857142857146,1.4736,-13.3,"26.50,-13.30,19.75,0.75",5,9,-42.5,2361.5,-4807.5,33.94444444444444
80,5,55,8,"(18,)",21,8.214285714285714,0.7619047619047619,26.875,-51.5,1.6699029126213591,-4.1,"14.83,-4.10,9.10,11.70",5,8,-26.5,4214.0,-4080.0,29.333333333333332
80,5,55,8,"(12, 18)",21,8.214285714285714,0.7619047619047619,26.875,-51.5,1.6699029126213591,-4.1,"14.83,-4.10,9.10,11.70",5,8,-26.5,4214.0,-4080.0,29.333333333333332
99,6,55,10,"(18,)",21,8.214285714285714,0.6190476190476191,45.88461538461539,-53.0,1.4068396226415094,-2.0,"-2.00,6.30,25.90,4.70",5,8,-20.166666666666668,3558.0,-6594.0,28.095238095238095
99,6,55,10,"(12, 18)",21,8.214285714285714,0.6190476190476191,45.88461538461539,-53.0,1.4068396226415094,-2.0,"-2.00,6.30,25.90,4.70",5,8,-20.166666666666668,3558.0,-6594.0,28.095238095238095
85,0,50,10,(),31,8.209677419354838,0.6774193548387096,35.357142857142854,-48.8,1.521516393442623,-18.875,"14.25,-18.88,23.12,15.21",5,10,-49.0,6550.0,-6717.0,31.612903225806452
65,4,50,7,"(12,)",17,8.205882352941176,0.8823529411764706,14.966666666666667,-42.5,2.6411764705882352,1.0,"3.90,13.25,15.75,1.00",7,9,-42.5,3542.0,-1785.0,30.352941176470587
70,4,50,7,"(20,)",17,8.205882352941176,0.8235294117647058,19.928571428571427,-46.5,2.0,2.5,"7.90,17.75,2.50,4.75",7,10,-54.5,3549.0,-3553.0,31.41176470588235
75,4,50,7,"(12,)",17,8.205882352941176,0.7647058823529411,24.884615384615383,-46.0,1.7581521739130435,-14.25,"11.90,-14.25,25.75,8.50",6,9,-42.5,3109.0,-2955.0,28.941176470588236
65,0,50,10,"(3, 12)",26,8.192307692307692,0.8846153846153846,15.456521739130435,-47.5,2.4947368421052634,-2.0714285714285716,"-2.07,5.07,14.33,17.67",8,10,-49.0,6824.5,-3229.0,29.73076923076923
70,0,47,7,"(18,)",19,8.18421052631579,0.7894736842105263,21.833333333333332,-43.0,1.9040697674418605,-9.25,"10.50,6.70,21.30,-9.25",6,9,-42.5,3644.0,-2193.0,34.10526315789474
70,0,47,8,"(18,)",19,8.18421052631579,0.7894736842105263,21.833333333333332,-43.0,1.9040697674418605,-9.25,"10.50,6.70,21.30,-9.25",6,9,-42.5,3644.0,-2193.0,34.10526315789474
80,5,50,10,"(20,)",19,8.18421052631579,0.7368421052631579,29.285714285714285,-50.9,1.6110019646365423,-20.1,"13.30,-20.10,28.90,11.25",6,9,-55.5,4127.5,-3164.5,28.789473684210527
85,0,50,6,"(14,)",19,8.18421052631579,0.6842105263157895,33.73076923076923,-47.166666666666664,1.5494699646643109,-0.7,"17.30,-0.70,1.70,16.00",5,9,-54.5,2826.5,-4108.0,31.105263157894736
65,0,47,10,"(14,)",21,8.166666666666666,0.8571428571428571,16.72222222222222,-43.166666666666664,2.324324324324324,-5.1,"7.50,15.10,15.30,-5.10",6,9,-15.0,4618.0,-2125.0,36.0
85,4,55,8,"(18,)",24,8.166666666666666,0.7083333333333334,32.38235294117647,-50.642857142857146,1.5528913963328632,1.8333333333333333,"7.17,3.83,1.83,19.83",6,10,-54.5,4328.0,-4317.5,28.583333333333332
80,4,55,7,"(3, 18)",20,8.15,0.75,27.9,-51.1,1.6379647749510764,-5.1,"15.90,-5.10,10.90,10.90",6,10,-59.5,4141.5,-3231.5,28.85
95,7,55,10,"(18,)",20,8.15,0.65,41.88461538461539,-54.5,1.4272608125819135,-16.9,"7.30,-16.90,22.10,20.10",5,8,-18.5,3911.5,-6568.0,26.75
95,7,55,10,"(12, 18)",20,8.15,0.65,41.88461538461539,-54.5,1.4272608125819135,-16.9,"7.30,-16.90,22.10,20.10",5,8,-18.5,3911.5,-6568.0,26.75
95,8,55,10,"(18,)",20,8.15,0.65,41.88461538461539,-54.5,1.4272608125819135,-16.9,"7.30,-16.90,22.10,20.10",5,8,-18.5,3911.5,-6568.0,26.75
95,8,55,10,"(12, 18)",20,8.15,0.65,41.88461538461539,-54.5,1.4272608125819135,-16.9,"7.30,-16.90,22.10,20.10",5,8,-18.5,3911.5,-6568.0,26.75
75,0,50,10,"(20,)",30,8.133333333333333,0.7666666666666667,25.02173913043478,-47.357142857142854,1.7360482654600302,5.25,"6.75,5.25,13.07,8.07",6,10,-49.0,6763.0,-3097.0,34.4
75,10,55,8,"(3,)",16,8.125,0.8125,22.192307692307693,-52.833333333333336,1.8201892744479495,-14.75,"25.50,-14.75,22.75,-1.00",6,8,-59.5,3517.0,-3069.0,28.625
75,10,55,8,"(3, 12)",16,8.125,0.8125,22.192307692307693,-52.833333333333336,1.8201892744479495,-14.75,"25.50,-14.75,22.75,-1.00",6,8,-59.5,3517.0,-3069.0,28.625
95,0,55,8,"(12,)",32,8.125,0.625,43.1,-50.166666666666664,1.4318936877076411,-3.75,"22.88,5.12,-3.75,8.25",6,10,-42.5,5396.0,-9212.5,36.8125
95,6,50,10,"(3,)",16,8.125,0.625,44.7,-52.833333333333336,1.4100946372239747,-29.5,"22.00,-29.50,20.50,19.50",4,7,-55.5,3379.5,-4755.5,27.0625
95,6,50,10,"(3, 12)",16,8.125,0.625,44.7,-52.833333333333336,1.4100946372239747,-29.5,"22.00,-29.50,20.50,19.50",4,7,-55.5,3379.5,-4755.5,27.0625
95,7,50,10,(),16,8.125,0.625,44.7,-52.833333333333336,1.4100946372239747,-29.5,"22.00,-29.50,20.50,19.50",4,7,-55.5,3379.5,-4755.5,27.0625
95,7,50,10,"(3,)",16,8.125,0.625,44.7,-52.833333333333336,1.4100946372239747,-29.5,"22.00,-29.50,20.50,19.50",4,7,-55.5,3379.5,-4755.5,27.0625
95,7,50,10,"(12,)",16,8.125,0.625,44.7,-52.833333333333336,1.4100946372239747,-29.5,"22.00,-29.50,20.50,19.50",4,7,-55.5,3379.5,-4755.5,27.0625
95,7,50,10,"(14,)",16,8.125,0.625,44.7,-52.833333333333336,1.4100946372239747,-29.5,"22.00,-29.50,20.50,19.50",4,7,-55.5,3379.5,-4755.5,27.0625
95,7,50,10,"(3, 12)",16,8.125,0.625,44.7,-52.833333333333336,1.4100946372239747,-29.5,"22.00,-29.50,20.50,19.50",4,7,-55.5,3379.5,-4755.5,27.0625
95,8,50,10,(),16,8.125,0.625,44.7,-52.833333333333336,1.4100946372239747,-29.5,"22.00,-29.50,20.50,19.50",4,7,-55.5,3379.5,-4755.5,27.0625
95,8,50,10,"(3,)",16,8.125,0.625,44.7,-52.833333333333336,1.4100946372239747,-29.5,"22.00,-29.50,20.50,19.50",4,7,-55.5,3379.5,-4755.5,27.0625
95,8,50,10,"(12,)",16,8.125,0.625,44.7,-52.833333333333336,1.4100946372239747,-29.5,"22.00,-29.50,20.50,19.50",4,7,-55.5,3379.5,-4755.5,27.0625
95,8,50,10,"(14,)",16,8.125,0.625,44.7,-52.833333333333336,1.4100946372239747,-29.5,"22.00,-29.50,20.50,19.50",4,7,-55.5,3379.5,-4755.5,27.0625
95,8,50,10,"(3, 12)",16,8.125,0.625,44.7,-52.833333333333336,1.4100946372239747,-29.5,"22.00,-29.50,20.50,19.50",4,7,-55.5,3379.5,-4755.5,27.0625
99,6,55,10,"(3,)",21,8.119047619047619,0.6190476190476191,46.73076923076923,-54.625,1.3901601830663615,-15.3,"-1.17,-15.30,46.90,3.90",5,9,-59.5,4335.5,-5875.5,26.333333333333332
99,6,55,10,"(3, 12)",21,8.119047619047619,0.6190476190476191,46.73076923076923,-54.625,1.3901601830663615,-15.3,"-1.17,-15.30,46.90,3.90",5,9,-59.5,4335.5,-5875.5,26.333333333333332
99,7,55,10,"(3,)",21,8.119047619047619,0.6190476190476191,46.73076923076923,-54.625,1.3901601830663615,-15.3,"-1.17,-15.30,46.90,3.90",5,9,-59.5,4335.5,-5875.5,26.333333333333332
99,7,55,10,"(3, 12)",21,8.119047619047619,0.6190476190476191,46.73076923076923,-54.625,1.3901601830663615,-15.3,"-1.17,-15.30,46.90,3.90",5,9,-59.5,4335.5,-5875.5,26.333333333333332
99,8,55,10,"(3,)",21,8.119047619047619,0.6190476190476191,46.73076923076923,-54.625,1.3901601830663615,-15.3,"-1.17,-15.30,46.90,3.90",5,9,-59.5,4335.5,-5875.5,26.333333333333332
99,8,55,10,"(3, 12)",21,8.119047619047619,0.6190476190476191,46.73076923076923,-54.625,1.3901601830663615,-15.3,"-1.17,-15.30,46.90,3.90",5,9,-59.5,4335.5,-5875.5,26.333333333333332
99,0,50,10,(),31,8.112903225806452,0.5806451612903226,49.388888888888886,-49.03846153846154,1.3945098039215686,-13.625,"24.75,-13.62,10.62,11.07",5,10,-49.0,5235.5,-7479.5,34.806451612903224
65,10,55,10,"(20,)",18,8.11111111111111,0.9444444444444444,11.852941176470589,-55.5,3.630630630630631,2.5,"2.50,9.70,14.00,7.25",8,9,-55.5,4399.5,-1387.5,27.944444444444443
85,10,55,10,"(20,)",18,8.11111111111111,0.7222222222222222,32.42307692307692,-55.1,1.52994555353902,-4.3,"1.50,-4.30,34.00,6.00",5,9,-55.5,4140.0,-3595.0,26.444444444444443
99,0,55,10,"(12, 18)",35,8.1,0.6,47.45238095238095,-50.92857142857143,1.3976157082748948,1.5,"17.39,1.50,1.50,12.50",6,10,-42.5,6317.0,-8048.5,34.857142857142854
80,0,50,10,"(3,)",29,8.086206896551724,0.7241379310344828,30.357142857142858,-50.375,1.5818858560794045,-27.785714285714285,"10.50,-27.79,29.36,19.93",6,10,-49.0,7087.5,-6733.0,27.96551724137931
65,12,55,10,"(20,)",16,8.0625,0.9375,12.3,-55.5,3.324324324324324,-0.5,"-0.50,10.25,15.00,7.50",7,8,-55.5,3885.0,-1387.5,27.75
70,0,50,10,"(14,)",29,8.051724137931034,0.8275862068965517,19.708333333333332,-47.9,1.9749478079331941,2.9285714285714284,"10.75,9.21,8.93,2.93",6,10,-55.5,6844.0,-3816.5,36.41379310344828
75,0,45,7,"(3, 18)",15,8.033333333333333,0.7333333333333333,27.863636363636363,-46.5,1.6478494623655915,-30.0,"12.50,-30.00,24.75,30.50",6,9,-42.5,3104.0,-4490.0,28.0
75,0,45,7,"(3, 12, 18)",15,8.033333333333333,0.7333333333333333,27.863636363636363,-46.5,1.6478494623655915,-30.0,"12.50,-30.00,24.75,30.50",6,9,-42.5,3104.0,-4490.0,28.0
75,0,45,8,"(3, 18)",15,8.033333333333333,0.7333333333333333,27.863636363636363,-46.5,1.6478494623655915,-30.0,"12.50,-30.00,24.75,30.50",6,9,-42.5,3104.0,-4490.0,28.0
75,0,45,8,"(3, 12, 18)",15,8.033333333333333,0.7333333333333333,27.863636363636363,-46.5,1.6478494623655915,-30.0,"12.50,-30.00,24.75,30.50",6,9,-42.5,3104.0,-4490.0,28.0
70,4,50,7,"(18,)",17,8.029411764705882,0.8235294117647058,19.714285714285715,-46.5,1.978494623655914,1.25,"7.90,18.25,1.25,4.75",7,10,-54.5,3312.0,-3553.0,31.058823529411764
80,6,55,8,"(3, 18)",17,8.029411764705882,0.7647058823529411,27.03846153846154,-53.75,1.6348837209302325,-12.25,"13.10,-12.25,25.50,4.50",5,8,-59.5,3553.5,-3922.0,27.705882352941178
80,6,55,8,"(3, 12, 18)",17,8.029411764705882,0.7647058823529411,27.03846153846154,-53.75,1.6348837209302325,-12.25,"13.10,-12.25,25.50,4.50",5,8,-59.5,3553.5,-3922.0,27.705882352941178
80,7,55,8,"(3, 18)",17,8.029411764705882,0.7647058823529411,27.03846153846154,-53.75,1.6348837209302325,-12.25,"13.10,-12.25,25.50,4.50",5,8,-59.5,3553.5,-3922.0,27.705882352941178
80,7,55,8,"(3, 12, 18)",17,8.029411764705882,0.7647058823529411,27.03846153846154,-53.75,1.6348837209302325,-12.25,"13.10,-12.25,25.50,4.50",5,8,-59.5,3553.5,-3922.0,27.705882352941178
80,8,55,8,"(3, 18)",17,8.029411764705882,0.7647058823529411,27.03846153846154,-53.75,1.6348837209302325,-12.25,"13.10,-12.25,25.50,4.50",5,8,-59.5,3553.5,-3922.0,27.705882352941178
80,8,55,8,"(3, 12, 18)",17,8.029411764705882,0.7647058823529411,27.03846153846154,-53.75,1.6348837209302325,-12.25,"13.10,-12.25,25.50,4.50",5,8,-59.5,3553.5,-3922.0,27.705882352941178
65,0,50,10,"(3, 18)",27,8.018518518518519,0.8888888888888888,14.916666666666666,-47.166666666666664,2.530035335689046,3.9285714285714284,"7.07,5.07,3.93,17.33",8,10,-42.5,6769.0,-1798.5,31.48148148148148
70,0,45,7,(),18,8.0,0.7777777777777778,22.571428571428573,-43.0,1.8372093023255813,-9.25,"-1.90,19.50,23.25,-9.25",5,9,-42.5,3364.5,-2132.5,33.833333333333336
70,0,45,7,"(12,)",18,8.0,0.7777777777777778,22.571428571428573,-43.0,1.8372093023255813,-9.25,"-1.90,19.50,23.25,-9.25",5,9,-42.5,3364.5,-2132.5,33.833333333333336
70,0,45,8,(),18,8.0,0.7777777777777778,22.571428571428573,-43.0,1.8372093023255813,-9.25,"-1.90,19.50,23.25,-9.25",5,9,-42.5,3364.5,-2132.5,33.833333333333336
70,0,45,8,"(12,)",18,8.0,0.7777777777777778,22.571428571428573,-43.0,1.8372093023255813,-9.25,"-1.90,19.50,23.25,-9.25",5,9,-42.5,3364.5,-2132.5,33.833333333333336
75,10,55,7,(),16,8.0,0.8125,22.03846153846154,-52.833333333333336,1.8075709779179812,-14.75,"25.50,-14.75,22.75,-1.50",6,8,-21.0,3428.0,-3069.0,28.25
75,10,55,7,"(12,)",16,8.0,0.8125,22.03846153846154,-52.833333333333336,1.8075709779179812,-14.75,"25.50,-14.75,22.75,-1.50",6,8,-21.0,3428.0,-3069.0,28.25
75,10,55,7,"(14,)",16,8.0,0.8125,22.03846153846154,-52.833333333333336,1.8075709779179812,-14.75,"25.50,-14.75,22.75,-1.50",6,8,-21.0,3428.0,-3069.0,28.25
80,0,45,7,"(14,)",16,8.0,0.6875,32.40909090909091,-45.7,1.5601750547045952,-10.5,"15.75,-10.50,31.00,-4.25",4,8,-42.5,2833.0,-4557.0,32.75
80,0,45,8,"(14,)",16,8.0,0.6875,32.40909090909091,-45.7,1.5601750547045952,-10.5,"15.75,-10.50,31.00,-4.25",4,8,-42.5,2833.0,-4557.0,32.75
85,4,55,10,"(3, 12, 18)",24,8.0,0.7083333333333334,32.970588235294116,-52.642857142857146,1.5210312075983718,-25.0,"8.17,-25.00,30.33,18.50",6,9,-59.5,5163.5,-5313.5,26.541666666666668
85,0,55,7,(),33,7.984848484848484,0.696969696969697,33.32608695652174,-50.3,1.5238568588469186,1.75,"16.83,10.25,1.75,2.00",8,10,-42.5,6723.5,-6740.0,37.121212121212125
95,4,55,10,"(20,)",27,7.981481481481482,0.6296296296296297,43.6764705882353,-52.7,1.4089184060721063,-0.07142857142857142,"4.79,-0.07,1.93,28.17",6,10,-54.5,5624.0,-5090.5,28.59259259259259
75,5,55,8,"(18,)",21,7.976190476190476,0.8095238095238095,21.676470588235293,-50.25,1.8333333333333333,-7.1,"23.17,-7.10,5.10,7.70",6,8,-28.166666666666668,4006.0,-3366.0,30.38095238095238
75,5,55,8,"(12, 18)",21,7.976190476190476,0.8095238095238095,21.676470588235293,-50.25,1.8333333333333333,-7.1,"23.17,-7.10,5.10,7.70",6,8,-28.166666666666668,4006.0,-3366.0,30.38095238095238
80,0,47,7,"(12,)",19,7.973684210526316,0.6842105263157895,32.5,-45.166666666666664,1.5590405904059041,-17.3,"18.50,-17.30,32.50,-4.25",4,9,-42.5,3400.0,-4684.5,32.63157894736842
80,0,47,8,"(12,)",19,7.973684210526316,0.6842105263157895,32.5,-45.166666666666664,1.5590405904059041,-17.3,"18.50,-17.30,32.50,-4.25",4,9,-42.5,3400.0,-4684.5,32.63157894736842
95,10,55,10,"(3, 18)",17,7.970588235294118,0.6470588235294118,41.86363636363637,-54.166666666666664,1.416923076923077,-9.75,"6.50,-6.00,41.50,-9.75",5,8,-59.5,3171.0,-5349.0,28.235294117647058
95,10,55,10,"(3, 12, 18)",17,7.970588235294118,0.6470588235294118,41.86363636363637,-54.166666666666664,1.416923076923077,-9.75,"6.50,-6.00,41.50,-9.75",5,8,-59.5,3171.0,-5349.0,28.235294117647058
95,0,55,7,"(18,)",32,7.96875,0.625,42.6,-49.75,1.4271356783919598,-16.25,"33.25,6.62,-16.25,8.25",7,10,-42.5,4694.0,-14652.5,39.4375
65,4,55,10,"(12, 18)",26,7.961538461538462,0.9230769230769231,12.166666666666666,-42.5,3.4352941176470586,3.1666666666666665,"6.07,11.64,10.67,3.17",7,9,-42.5,5674.5,-1997.5,31.03846153846154
90,4,55,8,"(18,)",24,7.958333333333333,0.6666666666666666,37.5625,-51.25,1.4658536585365853,-9.833333333333334,"10.50,7.17,-9.83,24.00",6,10,-54.5,4096.0,-4309.5,28.75
65,4,50,10,"(3, 18)",20,7.95,0.9,14.222222222222221,-48.5,2.6391752577319587,1.7,"3.90,12.90,13.30,1.70",7,9,-54.5,4658.5,-1798.5,30.45
90,4,50,10,"(3, 18)",20,7.95,0.65,39.80769230769231,-51.214285714285715,1.4435146443514644,-16.1,"23.90,-16.10,2.30,21.70",5,9,-54.5,4026.0,-4044.5,28.8
80,0,55,7,"(3, 12)",27,7.944444444444445,0.7407407407407407,28.9,-51.92857142857143,1.5900962861072903,-5.928571428571429,"19.64,-5.93,3.79,15.33",4,10,-42.5,6413.5,-4642.0,32.03703703703704
95,0,50,6,"(3, 18)",18,7.944444444444445,0.6111111111111112,43.40909090909091,-47.785714285714285,1.4275037369207773,-12.3,"25.70,-12.30,-4.75,23.75",6,10,-54.5,2091.5,-4559.0,28.38888888888889
70,0,55,8,"(20,)",32,7.9375,0.84375,17.796296296296298,-45.3,2.121412803532009,1.375,"11.38,8.88,10.12,1.38",7,10,-42.5,6589.5,-2380.0,34.96875
85,0,43,10,(),16,7.9375,0.625,39.8,-45.166666666666664,1.4686346863468636,-26.5,"20.00,-26.50,19.00,19.25",5,9,-49.5,3054.0,-3624.0,33.25
85,0,43,10,"(12,)",16,7.9375,0.625,39.8,-45.166666666666664,1.4686346863468636,-26.5,"20.00,-26.50,19.00,19.25",5,9,-49.5,3054.0,-3624.0,33.25
90,0,55,8,"(20,)",32,7.9375,0.65625,38.26190476190476,-49.95454545454545,1.462238398544131,-6.125,"28.88,3.88,-6.12,5.12",6,10,-42.5,5573.0,-8143.0,37.625
95,0,47,7,"(18,)",19,7.921052631578948,0.5789473684210527,46.86363636363637,-45.625,1.4123287671232876,-11.3,"30.50,-11.30,8.30,3.25",6,9,-45.5,2311.5,-5572.5,35.0
95,0,47,8,"(18,)",19,7.921052631578948,0.5789473684210527,46.86363636363637,-45.625,1.4123287671232876,-11.3,"30.50,-11.30,8.30,3.25",6,9,-45.5,2311.5,-5572.5,35.0
80,0,50,8,"(12,)",24,7.916666666666667,0.7083333333333334,30.441176470588236,-46.785714285714285,1.5801526717557253,-24.666666666666668,"19.33,-24.67,29.50,7.50",5,10,-42.5,4386.5,-5664.5,31.791666666666668
75,4,50,7,"(20,)",17,7.911764705882353,0.7647058823529411,24.884615384615383,-47.25,1.7116402116402116,4.0,"11.90,4.00,6.25,8.50",6,10,-54.5,3136.0,-3359.0,30.235294117647058
75,4,50,10,"(12,)",22,7.909090909090909,0.7727272727272727,24.323529411764707,-47.9,1.7265135699373695,-1.6666666666666667,"0.67,-1.67,23.90,12.10",6,9,-49.0,4173.5,-2920.5,28.863636363636363
85,4,50,10,"(12,)",22,7.909090909090909,0.6818181818181818,34.7,-49.5,1.5021645021645023,-23.333333333333332,"7.33,-23.33,33.90,20.10",5,9,-49.0,3975.5,-5473.5,26.954545454545453
75,5,55,7,(),20,7.9,0.8,22.4375,-50.25,1.7860696517412935,-7.1,"24.10,-7.10,6.90,7.70",6,8,-28.166666666666668,3852.5,-3267.0,30.25
75,5,55,7,"(12,)",20,7.9,0.8,22.4375,-50.25,1.7860696517412935,-7.1,"24.10,-7.10,6.90,7.70",6,8,-28.166666666666668,3852.5,-3267.0,30.25
75,5,55,7,"(14,)",20,7.9,0.8,22.4375,-50.25,1.7860696517412935,-7.1,"24.10,-7.10,6.90,7.70",6,8,-28.166666666666668,3852.5,-3267.0,30.25
65,4,55,10,"(3, 12)",26,7.884615384615385,0.9230769230769231,12.625,-49.0,3.0918367346938775,-3.0714285714285716,"-3.07,10.93,12.33,12.67",8,9,-49.0,6248.0,-2705.0,28.384615384615383
90,0,55,7,"(12, 18)",29,7.879310344827586,0.6551724137931034,37.81578947368421,-49.0,1.4663265306122448,-0.7857142857142857,"19.12,10.36,-0.79,1.21",7,10,-42.5,4254.0,-9158.5,35.793103448275865
65,4,55,8,"(12,)",24,7.875,0.9166666666666666,12.454545454545455,-42.5,3.223529411764706,3.1666666666666665,"4.67,12.17,11.50,3.17",7,9,-42.5,5061.5,-1955.0,30.625
75,7,55,7,"(18,)",16,7.875,0.8125,21.884615384615383,-52.833333333333336,1.7949526813880126,-14.75,"25.50,-14.75,22.25,-1.50",6,8,-21.0,3305.0,-3069.0,28.125
75,7,55,7,"(12, 18)",16,7.875,0.8125,21.884615384615383,-52.833333333333336,1.7949526813880126,-14.75,"25.50,-14.75,22.25,-1.50",6,8,-21.0,3305.0,-3069.0,28.125
75,8,55,7,"(18,)",16,7.875,0.8125,21.884615384615383,-52.833333333333336,1.7949526813880126,-14.75,"25.50,-14.75,22.25,-1.50",6,8,-21.0,3305.0,-3069.0,28.125
75,8,55,7,"(12, 18)",16,7.875,0.8125,21.884615384615383,-52.833333333333336,1.7949526813880126,-14.75,"25.50,-14.75,22.25,-1.50",6,8,-21.0,3305.0,-3069.0,28.125
99,0,55,8,(),35,7.871428571428571,0.6,46.88095238095238,-50.642857142857146,1.3885754583921015,-18.833333333333332,"27.72,12.17,-18.83,10.75",6,10,-42.5,5506.0,-14620.5,40.22857142857143
85,4,50,8,"(18,)",19,7.868421052631579,0.6842105263157895,34.19230769230769,-49.166666666666664,1.506779661016949,-18.7,"19.90,-18.70,15.90,16.00",5,10,-54.5,3186.0,-3966.0,28.842105263157894
80,0,55,7,"(20,)",30,7.866666666666666,0.7333333333333333,28.727272727272727,-49.5,1.595959595959596,-4.5,"20.12,8.88,5.07,-4.50",6,10,-42.5,6155.5,-4900.0,36.63333333333333
85,0,55,7,"(14,)",30,7.866666666666666,0.7,33.166666666666664,-51.166666666666664,1.512486427795874,-5.785714285714286,"24.50,11.50,-5.79,-1.64",7,9,-25.833333333333332,6040.5,-9018.0,37.96666666666667
85,0,55,6,"(20,)",22,7.863636363636363,0.6818181818181818,33.96666666666667,-48.07142857142857,1.514115898959881,-16.3,"7.33,19.83,-16.30,18.30",8,10,-54.5,3376.0,-3443.0,30.818181818181817
80,5,50,10,"(3,)",19,7.815789473684211,0.7368421052631579,29.285714285714285,-52.3,1.5678776290630976,-20.1,"13.30,-20.10,14.10,28.00",5,8,-55.5,4202.5,-4352.5,26.789473684210527
80,5,50,10,"(3, 12)",19,7.815789473684211,0.7368421052631579,29.285714285714285,-52.3,1.5678776290630976,-20.1,"13.30,-20.10,14.10,28.00",5,8,-55.5,4202.5,-4352.5,26.789473684210527
65,0,50,6,"(3, 12)",16,7.8125,0.875,15.142857142857142,-43.5,2.4367816091954024,-1.25,"0.00,-1.25,15.00,17.50",7,9,-42.5,3224.5,-2091.0,27.3125
70,0,55,8,"(12,)",32,7.8125,0.84375,17.75925925925926,-45.9,2.0893246187363834,1.375,"4.12,15.75,10.00,1.38",6,10,-42.5,6708.0,-2422.5,35.25
65,5,50,10,(),20,7.8,0.9,14.11111111111111,-49.0,2.5918367346938775,1.3,"1.30,12.90,15.10,1.90",7,9,-55.5,4515.0,-1997.5,31.0
65,5,50,10,"(12,)",20,7.8,0.9,14.11111111111111,-49.0,2.5918367346938775,1.3,"1.30,12.90,15.10,1.90",7,9,-55.5,4515.0,-1997.5,31.0
65,5,50,10,"(14,)",20,7.8,0.9,14.11111111111111,-49.0,2.5918367346938775,1.3,"1.30,12.90,15.10,1.90",7,9,-55.5,4515.0,-1997.5,31.0
90,5,50,10,(),20,7.8,0.65,39.65384615384615,-51.357142857142854,1.4339360222531294,-16.1,"21.30,-16.10,22.10,3.90",5,9,-55.5,3818.0,-4016.5,29.5
90,5,50,10,"(12,)",20,7.8,0.65,39.65384615384615,-51.357142857142854,1.4339360222531294,-16.1,"21.30,-16.10,22.10,3.90",5,9,-55.5,3818.0,-4016.5,29.5
90,5,50,10,"(14,)",20,7.8,0.65,39.65384615384615,-51.357142857142854,1.4339360222531294,-16.1,"21.30,-16.10,22.10,3.90",5,9,-55.5,3818.0,-4016.5,29.5
95,0,50,6,"(20,)",20,7.8,0.6,43.833333333333336,-46.25,1.4216216216216215,-11.1,"25.70,6.30,-11.10,10.30",7,10,-54.5,1857.0,-7001.5,32.1
70,4,55,10,"(20,)",27,7.796296296296297,0.8518518518518519,17.630434782608695,-48.75,2.0794871794871796,0.5,"0.50,15.64,7.64,7.33",7,10,-54.5,5711.0,-3182.5,30.51851851851852
80,4,55,8,"(14,)",24,7.791666666666667,0.75,27.72222222222222,-52.0,1.5993589743589745,-0.16666666666666666,"14.83,-0.17,0.83,15.67",5,9,-54.5,4956.0,-4780.0,30.25
85,5,55,10,"(20,)",24,7.791666666666667,0.7083333333333334,33.029411764705884,-53.5,1.499332443257677,-12.333333333333334,"6.00,-12.33,34.33,3.17",6,9,-55.5,5084.5,-4177.5,28.458333333333332
90,4,55,10,"(3, 12, 18)",24,7.791666666666667,0.6666666666666666,38.1875,-53.0,1.4410377358490567,-23.333333333333332,"11.50,-23.33,20.33,22.67",6,9,-59.5,4996.0,-5190.0,27.166666666666668
65,4,55,7,"(12,)",22,7.7727272727272725,0.9090909090909091,12.8,-42.5,3.011764705882353,2.3,"4.67,11.50,12.50,2.30",7,9,-42.5,4431.0,-1870.0,30.09090909090909
75,0,47,10,"(12,)",22,7.7272727272727275,0.7272727272727273,27.5625,-45.166666666666664,1.6273062730627306,-11.5,"16.17,-11.50,27.50,0.90",6,10,-42.5,4090.5,-3692.5,33.40909090909091
80,0,47,10,"(12,)",22,7.7272727272727275,0.6818181818181818,32.766666666666666,-45.92857142857143,1.5287713841368584,-9.0,"7.00,-9.00,32.50,3.90",5,10,-42.5,4090.5,-5128.0,31.863636363636363
65,4,50,8,"(12, 18)",18,7.722222222222222,0.8888888888888888,14.0,-42.5,2.635294117647059,1.0,"3.90,12.30,13.50,1.00",7,9,-42.5,3386.5,-1785.0,29.72222222222222
80,4,50,8,"(12, 18)",18,7.722222222222222,0.7222222222222222,29.192307692307693,-48.1,1.5779625779625779,-20.7,"15.90,-20.70,28.50,12.25",5,9,-42.5,2979.0,-4012.0,27.88888888888889
95,0,55,10,"(3, 12, 18)",32,7.71875,0.625,43.75,-52.333333333333336,1.393312101910828,-17.25,"22.12,-17.25,18.00,8.00",6,10,-50.5,6466.5,-7675.0,31.84375
65,0,45,10,"(14,)",19,7.7105263157894735,0.8421052631578947,17.25,-43.166666666666664,2.1312741312741315,4.25,"6.50,15.10,4.30,4.25",6,9,-42.5,3798.0,-2040.0,35.26315789473684
80,0,45,10,"(14,)",19,7.7105263157894735,0.6842105263157895,32.73076923076923,-46.5,1.525089605734767,-1.9,"2.50,-1.90,16.30,15.50",5,9,-42.5,3451.0,-5087.0,32.0
80,0,50,7,"(18,)",24,7.708333333333333,0.7083333333333334,30.029411764705884,-46.5,1.5683563748079876,-9.166666666666666,"17.17,-9.17,15.33,7.50",6,10,-42.5,3868.5,-4214.5,33.041666666666664
99,0,43,10,"(18,)",15,7.7,0.5333333333333333,53.5,-44.642857142857146,1.3696,-23.0,"30.50,-23.00,5.25,21.50",6,9,-49.5,1964.5,-4836.0,33.8
99,0,43,10,"(12, 18)",15,7.7,0.5333333333333333,53.5,-44.642857142857146,1.3696,-23.0,"30.50,-23.00,5.25,21.50",6,9,-49.5,1964.5,-4836.0,33.8
99,0,55,10,"(20,)",37,7.6891891891891895,0.5945945945945946,47.86363636363637,-51.233333333333334,1.3702016916070268,-7.055555555555555,"18.80,2.06,-7.06,15.72",6,10,-49.0,6620.0,-10854.0,36.270270270270274
95,4,55,10,"(18,)",27,7.685185185185185,0.6296296296296297,42.85294117647059,-52.1,1.3982725527831095,-0.07142857142857142,"4.64,0.93,-0.07,28.17",6,10,-54.5,4710.0,-5154.0,28.51851851851852
75,4,50,10,"(20,)",22,7.681818181818182,0.7727272727272727,24.323529411764707,-48.9,1.69120654396728,-4.1,"0.67,10.50,24.50,-4.10",6,10,-54.5,4164.5,-3650.0,30.136363636363637
85,4,50,10,"(20,)",22,7.681818181818182,0.6818181818181818,34.7,-50.214285714285715,1.4807965860597438,-9.5,"7.33,-9.50,34.50,1.90",6,10,-54.5,3991.0,-4509.0,28.181818181818183
80,4,55,7,(),23,7.673913043478261,0.7391304347826086,27.91176470588235,-49.666666666666664,1.592281879194631,-0.16666666666666666,"17.17,-0.17,0.50,14.30",6,10,-54.5,4096.5,-4512.0,29.608695652173914
70,0,47,7,"(12, 18)",18,7.666666666666667,0.7777777777777778,22.142857142857142,-43.0,1.802325581395349,-9.25,"10.50,6.70,22.25,-9.25",5,9,-42.5,3134.5,-2193.0,33.72222222222222
70,0,47,8,"(12, 18)",18,7.666666666666667,0.7777777777777778,22.142857142857142,-43.0,1.802325581395349,-9.25,"10.50,6.70,22.25,-9.25",5,9,-42.5,3134.5,-2193.0,33.72222222222222
75,4,55,8,"(12,)",24,7.666666666666667,0.7916666666666666,22.5,-48.7,1.75564681724846,-2.8333333333333335,"13.00,-2.83,9.00,11.50",6,9,-42.5,4300.0,-2953.0,28.916666666666668
80,0,50,6,"(3, 18)",18,7.666666666666667,0.7222222222222222,29.115384615384617,-48.1,1.5738045738045738,-18.3,"13.70,-18.30,7.75,32.50",7,10,-54.5,3037.0,-3476.0,26.11111111111111
85,10,55,10,"(18,)",18,7.666666666666667,0.7222222222222222,31.346153846153847,-53.9,1.5120593692022264,-2.1,"0.50,-2.10,30.50,6.00",5,8,-16.0,3222.0,-5186.5,26.11111111111111
85,10,55,10,"(12, 18)",18,7.666666666666667,0.7222222222222222,31.346153846153847,-53.9,1.5120593692022264,-2.1,"0.50,-2.10,30.50,6.00",5,8,-16.0,3222.0,-5186.5,26.11111111111111
65,4,50,8,"(3,)",19,7.657894736842105,0.8947368421052632,14.264705882352942,-48.5,2.5,-2.0,"3.90,12.30,14.50,-2.00",7,9,-54.5,4210.5,-1744.0,29.94736842105263
65,4,50,8,"(14,)",19,7.657894736842105,0.8947368421052632,14.264705882352942,-48.5,2.5,0.9,"14.10,13.30,0.90,1.00",7,9,-54.5,4148.0,-3886.5,33.05263157894737
70,0,55,6,"(3, 12, 18)",19,7.657894736842105,0.8421052631578947,18.125,-48.166666666666664,2.0069204152249136,-5.9,"-5.90,18.30,1.90,18.50",7,10,-57.5,3770.0,-2011.5,27.05263157894737
80,0,47,7,"(18,)",19,7.657894736842105,0.6842105263157895,32.03846153846154,-45.166666666666664,1.53690036900369,-17.3,"18.50,-17.30,31.30,-4.25",5,9,-42.5,3053.0,-4684.5,32.10526315789474
80,0,47,8,"(18,)",19,7.657894736842105,0.6842105263157895,32.03846153846154,-45.166666666666664,1.53690036900369,-17.3,"18.50,-17.30,31.30,-4.25",5,9,-42.5,3053.0,-4684.5,32.10526315789474
90,0,55,7,"(18,)",32,7.65625,0.65625,37.595238095238095,-49.5,1.4499540863177227,-6.875,"28.88,3.50,-6.88,5.12",7,10,-42.5,4656.5,-10447.0,37.15625
70,0,50,8,(),27,7.648148148148148,0.8148148148148148,19.681818181818183,-45.3,1.9116997792494481,0.8333333333333334,"11.36,8.64,8.79,0.83",7,10,-42.5,5262.0,-2212.0,35.03703703703704
75,0,50,10,"(18,)",29,7.637931034482759,0.7586206896551724,24.863636363636363,-46.5,1.6804915514592933,-7.928571428571429,"16.75,-7.93,12.36,8.07",6,10,-42.5,5412.5,-3267.0,34.241379310344826
90,0,50,10,"(20,)",30,7.633333333333334,0.6333333333333333,40.23684210526316,-48.68181818181818,1.4276377217553688,-6.0,"18.00,-6.00,13.07,5.93",5,10,-49.0,5199.5,-5665.5,33.43333333333333
95,0,50,10,"(20,)",30,7.633333333333334,0.6,45.388888888888886,-49.0,1.3894557823129252,-3.5,"21.75,-3.50,3.07,8.79",6,10,-49.0,4949.5,-7563.5,34.833333333333336
85,0,55,6,"(3,)",23,7.630434782608695,0.6956521739130435,33.375,-51.214285714285715,1.4895397489539748,3.5,"7.33,3.50,6.17,14.70",7,10,-56.0,4196.0,-3575.0,26.956521739130434
85,6,50,10,"(20,)",16,7.625,0.6875,34.22727272727273,-50.9,1.4793713163064832,-32.0,"14.50,-32.00,35.00,13.00",5,8,-55.5,2876.0,-3624.0,27.625
80,0,50,8,"(14,)",25,7.62,0.72,29.444444444444443,-48.5,1.561119293078056,-12.5,"19.64,-12.50,15.67,5.67",4,9,-12.5,4405.5,-6132.0,33.8
99,0,50,8,"(18,)",26,7.615384615384615,0.5769230769230769,48.63333333333333,-48.31818181818182,1.372530573847601,-8.928571428571429,"36.21,-8.93,-2.50,3.67",5,10,-45.5,3355.5,-7546.5,36.5
75,4,50,8,"(3, 18)",18,7.611111111111111,0.7777777777777778,23.785714285714285,-49.0,1.6989795918367347,-7.7,"11.90,-7.70,23.50,5.50",6,9,-54.5,3229.5,-2920.5,28.27777777777778
95,4,55,10,"(3,)",27,7.611111111111111,0.6296296296296297,43.5,-53.4,1.3848314606741574,-13.357142857142858,"4.79,-13.36,29.36,10.00",6,10,-59.5,5608.5,-6229.0,27.22222222222222
70,4,50,10,(),23,7.586956521739131,0.8260869565217391,19.44736842105263,-48.75,1.8948717948717948,-7.1,"-2.67,18.33,19.33,-7.10",7,10,-54.5,4658.0,-3886.5,30.956521739130434
80,4,55,8,"(20,)",23,7.586956521739131,0.7391304347826086,28.205882352941178,-50.833333333333336,1.5721311475409836,-0.3333333333333333,"3.83,13.67,-0.33,14.30",6,10,-54.5,4285.0,-4603.5,29.565217391304348
95,4,50,10,(),23,7.586956521739131,0.6086956521739131,45.07142857142857,-50.72222222222222,1.3822562979189486,-20.0,"14.00,-20.00,28.50,7.90",5,10,-54.5,4116.5,-5118.0,28.91304347826087
90,5,55,10,"(20,)",24,7.583333333333333,0.6666666666666666,38.25,-53.75,1.4232558139534883,-9.833333333333334,"9.33,-9.83,24.33,6.50",6,9,-55.5,4890.0,-4023.5,29.083333333333332
99,0,55,10,"(12,)",37,7.581081081081081,0.5945945945945946,47.68181818181818,-51.233333333333334,1.364996746909564,1.5,"10.10,1.50,2.72,15.72",6,10,-49.0,6474.0,-8927.5,33.513513513513516
75,4,45,10,(),15,7.566666666666666,0.7333333333333333,27.045454545454547,-46.0,1.6168478260869565,-12.0,"10.75,-12.00,25.75,5.17",6,9,-42.5,2623.5,-2821.5,29.4
75,4,45,10,"(12,)",15,7.566666666666666,0.7333333333333333,27.045454545454547,-46.0,1.6168478260869565,-12.0,"10.75,-12.00,25.75,5.17",6,9,-42.5,2623.5,-2821.5,29.4
65,4,50,7,"(12, 18)",16,7.5625,0.875,14.714285714285714,-42.5,2.4235294117647057,-0.5,"-0.50,15.25,14.50,1.00",7,9,-42.5,2878.5,-1700.0,29.5625
70,4,55,6,(),18,7.555555555555555,0.8333333333333334,18.366666666666667,-46.5,1.974910394265233,-13.5,"5.70,17.50,-13.50,18.50",7,10,-54.5,3154.5,-3401.5,29.38888888888889
85,0,55,7,"(12, 18)",29,7.5344827586206895,0.6896551724137931,33.35,-49.833333333333336,1.4871794871794872,-1.6428571428571428,"15.38,6.79,8.50,-1.64",6,10,-42.5,5025.0,-5031.0,34.55172413793103
70,0,55,7,"(20,)",30,7.533333333333333,0.8333333333333334,18.1,-45.3,1.9977924944812362,-0.21428571428571427,"11.38,10.12,7.93,-0.21",6,10,-42.5,5678.5,-2295.0,34.36666666666667
65,4,55,10,"(3, 18)",25,7.5,0.92,12.369565217391305,-48.5,2.9329896907216493,0.8333333333333334,"6.07,11.33,12.00,0.83",8,10,-54.5,5537.5,-1853.0,30.28
65,4,50,7,"(3,)",17,7.5,0.8823529411764706,14.966666666666667,-48.5,2.314432989690722,-2.0,"3.90,13.25,15.75,-2.00",7,9,-54.5,3646.0,-1689.5,29.764705882352942
65,4,50,7,"(14,)",17,7.5,0.8823529411764706,14.966666666666667,-48.5,2.314432989690722,-1.25,"14.10,14.50,-1.25,1.00",7,9,-54.5,3660.5,-3692.5,32.64705882352941
75,6,55,8,(),20,7.5,0.8,21.9375,-50.25,1.7462686567164178,-9.7,"24.10,-7.10,22.70,-9.70",6,8,-28.166666666666668,3465.0,-3267.0,30.4
75,6,55,8,"(12,)",20,7.5,0.8,21.9375,-50.25,1.7462686567164178,-9.7,"24.10,-7.10,22.70,-9.70",6,8,-28.166666666666668,3465.0,-3267.0,30.4
75,6,55,8,"(14,)",20,7.5,0.8,21.9375,-50.25,1.7462686567164178,-9.7,"24.10,-7.10,22.70,-9.70",6,8,-28.166666666666668,3465.0,-3267.0,30.4
75,4,55,7,"(3, 12, 18)",19,7.5,0.7894736842105263,22.9,-50.25,1.708955223880597,-8.1,"11.90,-8.10,5.90,23.50",6,9,-59.5,3534.5,-2955.0,27.31578947368421
75,0,50,8,"(12,)",24,7.5,0.75,25.055555555555557,-45.166666666666664,1.6642066420664208,-13.833333333333334,"15.17,-13.83,24.50,4.17",6,10,-42.5,3899.0,-4146.0,32.166666666666664
75,4,50,7,"(3,)",17,7.5,0.7647058823529411,24.884615384615383,-49.0,1.6505102040816326,-14.25,"11.90,-14.25,25.75,5.50",6,9,-54.5,3198.0,-2955.0,28.352941176470587
75,4,50,7,"(14,)",17,7.5,0.7647058823529411,24.884615384615383,-49.0,1.6505102040816326,-13.0,"24.10,-13.00,6.25,8.50",6,9,-54.5,3158.0,-3359.0,30.705882352941178
80,6,55,8,(),20,7.5,0.75,27.166666666666668,-51.5,1.5825242718446602,-6.7,"13.10,-4.10,27.70,-6.70",5,8,-26.5,3542.0,-3922.0,29.2
80,6,55,8,"(12,)",20,7.5,0.75,27.166666666666668,-51.5,1.5825242718446602,-6.7,"13.10,-4.10,27.70,-6.70",5,8,-26.5,3542.0,-3922.0,29.2
80,6,55,8,"(14,)",20,7.5,0.75,27.166666666666668,-51.5,1.5825242718446602,-6.7,"13.10,-4.10,27.70,-6.70",5,8,-26.5,3542.0,-3922.0,29.2
90,0,50,8,"(12,)",24,7.5,0.625,40.3,-47.166666666666664,1.4240282685512367,-21.333333333333332,"27.67,-21.33,24.50,-0.83",5,10,-42.5,3121.0,-5776.5,33.25
99,0,55,10,"(3, 18)",35,7.5,0.6,47.5,-52.5,1.3571428571428572,-8.722222222222221,"27.06,-8.72,0.72,11.38",6,10,-51.166666666666664,6737.5,-10972.0,35.0
99,6,50,10,(),17,7.5,0.5882352941176471,48.7,-51.357142857142854,1.3546592489568845,-28.25,"9.90,-28.25,49.00,-1.25",4,8,-55.5,2799.0,-4774.5,28.705882352941178
99,6,50,10,"(12,)",17,7.5,0.5882352941176471,48.7,-51.357142857142854,1.3546592489568845,-28.25,"9.90,-28.25,49.00,-1.25",4,8,-55.5,2799.0,-4774.5,28.705882352941178
99,6,50,10,"(14,)",17,7.5,0.5882352941176471,48.7,-51.357142857142854,1.3546592489568845,-28.25,"9.90,-28.25,49.00,-1.25",4,8,-55.5,2799.0,-4774.5,28.705882352941178
70,0,55,10,"(20,)",37,7.472972972972973,0.8378378378378378,18.016129032258064,-47.0,1.9804964539007093,4.166666666666667,"5.50,9.28,11.17,4.17",7,10,-49.0,7677.5,-3097.0,34.189189189189186
95,0,55,8,"(3,)",32,7.46875,0.625,43.15,-52.0,1.3830128205128205,-5.0,"33.25,-4.75,6.38,-5.00",6,10,-51.166666666666664,5593.5,-12268.0,36.84375
95,0,55,8,"(14,)",32,7.46875,0.625,43.2,-52.083333333333336,1.3824,-17.5,"21.38,17.75,-17.50,8.25",6,9,-29.25,5661.0,-12101.5,39.125
85,5,55,10,"(18,)",24,7.458333333333333,0.7083333333333334,32.205882352941174,-52.642857142857146,1.485753052917232,-11.166666666666666,"5.83,-11.17,32.00,3.17",6,8,-24.833333333333332,4283.0,-5826.0,28.333333333333332
85,5,55,10,"(12, 18)",24,7.458333333333333,0.7083333333333334,32.205882352941174,-52.642857142857146,1.485753052917232,-11.166666666666666,"5.83,-11.17,32.00,3.17",6,8,-24.833333333333332,4283.0,-5826.0,28.333333333333332
75,0,47,10,"(18,)",22,7.454545454545454,0.7272727272727273,27.1875,-45.166666666666664,1.6051660516605166,-11.5,"16.17,-11.50,26.30,0.90",7,10,-42.5,3748.0,-3692.5,32.90909090909091
80,0,47,10,"(18,)",22,7.454545454545454,0.6818181818181818,32.36666666666667,-45.92857142857143,1.510108864696734,-9.0,"7.00,-9.00,31.30,3.90",6,10,-42.5,3775.0,-5128.0,31.545454545454547
85,0,50,6,(),21,7.4523809523809526,0.6666666666666666,34.42857142857143,-46.5,1.4807987711213517,-0.7,"7.33,-0.70,18.90,4.30",6,10,-54.5,2660.0,-3575.0,29.333333333333332
90,0,55,6,"(3, 12)",20,7.45,0.65,38.03846153846154,-49.357142857142854,1.431259044862518,2.3,"6.10,2.30,2.70,18.70",7,10,-57.5,2693.5,-4374.5,26.85
90,0,45,10,"(18,)",20,7.45,0.6,42.666666666666664,-45.375,1.4104683195592287,-12.5,"8.90,-12.50,23.50,9.90",5,10,-42.5,2595.0,-4637.0,31.5
90,0,45,10,"(12, 18)",20,7.45,0.6,42.666666666666664,-45.375,1.4104683195592287,-12.5,"8.90,-12.50,23.50,9.90",5,10,-42.5,2595.0,-4637.0,31.5
95,0,50,6,"(12, 18)",17,7.4411764705882355,0.5882352941176471,43.9,-44.642857142857146,1.4048,-4.25,"9.10,-4.25,1.00,23.50",6,9,-42.5,962.5,-3405.5,29.11764705882353
75,10,55,8,"(18,)",16,7.4375,0.8125,21.346153846153847,-52.833333333333336,1.750788643533123,-14.75,"25.50,-14.75,20.50,-1.50",6,8,-21.0,3001.0,-3069.0,27.625
75,10,55,8,"(12, 18)",16,7.4375,0.8125,21.346153846153847,-52.833333333333336,1.750788643533123,-14.75,"25.50,-14.75,20.50,-1.50",6,8,-21.0,3001.0,-3069.0,27.625
75,0,50,10,"(12,)",28,7.428571428571429,0.75,25.452380952380953,-46.642857142857146,1.6370597243491578,-7.785714285714286,"5.07,-7.79,24.36,8.07",6,10,-49.0,5286.5,-4115.0,32.107142857142854
75,0,50,7,"(20,)",24,7.416666666666667,0.75,25.22222222222222,-46.0,1.644927536231884,0.5,"13.00,0.50,12.00,4.17",6,10,-42.5,4078.5,-2817.0,33.708333333333336
65,4,55,8,"(12, 18)",23,7.413043478260869,0.9130434782608695,12.166666666666666,-42.5,3.0058823529411764,2.3,"4.67,12.17,9.67,2.30",7,9,-42.5,4325.0,-1870.0,29.73913043478261
70,0,55,7,"(12,)",30,7.4,0.8333333333333334,18.06,-45.9,1.9673202614379084,-0.21428571428571427,"4.12,16.50,8.36,-0.21",6,10,-42.5,5703.0,-2314.0,34.4
65,5,50,10,"(20,)",19,7.394736842105263,0.8947368421052632,14.029411764705882,-49.0,2.433673469387755,0.0,"1.30,12.90,13.90,0.00",7,9,-55.5,3976.5,-1912.5,30.36842105263158
70,0,55,10,"(18,)",38,7.394736842105263,0.8421052631578947,17.65625,-47.333333333333336,1.9894366197183098,2.1666666666666665,"6.60,15.80,2.17,4.17",7,10,-42.5,7896.0,-4428.5,36.421052631578945
65,5,55,10,(),26,7.384615384615385,0.9230769230769231,12.083333333333334,-49.0,2.9591836734693877,0.6666666666666666,"4.21,11.64,12.83,0.67",7,9,-55.5,5571.5,-2125.0,31.03846153846154
65,5,55,10,"(12,)",26,7.384615384615385,0.9230769230769231,12.083333333333334,-49.0,2.9591836734693877,0.6666666666666666,"4.21,11.64,12.83,0.67",7,9,-55.5,5571.5,-2125.0,31.03846153846154
65,5,55,10,"(14,)",26,7.384615384615385,0.9230769230769231,12.083333333333334,-49.0,2.9591836734693877,0.6666666666666666,"4.21,11.64,12.83,0.67",7,9,-55.5,5571.5,-2125.0,31.03846153846154
65,4,55,8,"(14,)",24,7.375,0.9166666666666666,12.454545454545455,-48.5,2.8247422680412373,1.6666666666666667,"13.17,11.50,1.67,3.17",7,9,-54.5,5105.0,-3621.0,32.916666666666664
85,5,55,10,"(3,)",24,7.375,0.7083333333333334,32.85294117647059,-54.5,1.4639580602883355,-25.0,"6.00,-25.00,31.83,16.67",6,9,-59.5,5103.5,-5316.0,26.458333333333332
85,5,55,10,"(3, 12)",24,7.375,0.7083333333333334,32.85294117647059,-54.5,1.4639580602883355,-25.0,"6.00,-25.00,31.83,16.67",6,9,-59.5,5103.5,-5316.0,26.458333333333332
65,4,55,8,"(3,)",23,7.369565217391305,0.9130434782608695,12.69047619047619,-48.5,2.747422680412371,1.5,"4.67,12.17,1.50,11.90",8,10,-54.5,4941.0,-1798.5,29.82608695652174
99,6,55,10,(),23,7.369565217391305,0.6086956521739131,46.357142857142854,-53.27777777777778,1.3534932221063607,-4.833333333333333,"-1.17,-4.83,30.33,4.70",5,9,-55.5,3588.0,-5875.5,26.782608695652176
99,6,55,10,"(12,)",23,7.369565217391305,0.6086956521739131,46.357142857142854,-53.27777777777778,1.3534932221063607,-4.833333333333333,"-1.17,-4.83,30.33,4.70",5,9,-55.5,3588.0,-5875.5,26.782608695652176
99,6,55,10,"(14,)",23,7.369565217391305,0.6086956521739131,46.357142857142854,-53.27777777777778,1.3534932221063607,-4.833333333333333,"-1.17,-4.83,30.33,4.70",5,9,-55.5,3588.0,-5875.5,26.782608695652176
75,10,55,7,"(3,)",15,7.366666666666666,0.8,22.416666666666668,-52.833333333333336,1.6971608832807572,-14.75,"25.50,-14.75,22.75,-7.83",6,8,-59.5,2937.0,-3069.0,28.266666666666666
75,10,55,7,"(3, 12)",15,7.366666666666666,0.8,22.416666666666668,-52.833333333333336,1.6971608832807572,-14.75,"25.50,-14.75,22.75,-7.83",6,8,-59.5,2937.0,-3069.0,28.266666666666666
70,0,55,10,"(12,)",37,7.364864864864865,0.8378378378378378,17.983870967741936,-47.5,1.956140350877193,-0.3,"-0.30,16.50,9.94,4.17",7,10,-49.0,7856.0,-3199.5,34.486486486486484
75,4,50,10,"(3,)",22,7.363636363636363,0.7727272727272727,24.323529411764707,-50.3,1.6441351888667992,-1.6666666666666667,"0.67,-1.67,23.90,9.70",6,9,-54.5,4284.5,-2920.5,28.5
75,4,50,10,"(14,)",22,7.363636363636363,0.7727272727272727,24.323529411764707,-50.3,1.6441351888667992,-4.1,"11.83,-1.83,24.50,-4.10",6,10,-55.5,4275.5,-3650.0,31.318181818181817
85,4,50,10,"(3,)",22,7.363636363636363,0.6818181818181818,34.7,-51.214285714285715,1.4518828451882846,-23.333333333333332,"7.33,-23.33,33.90,17.70",5,9,-54.5,4105.0,-5473.5,26.545454545454547
85,4,50,10,"(14,)",22,7.363636363636363,0.6818181818181818,34.7,-51.214285714285715,1.4518828451882846,-9.333333333333334,"6.00,-9.33,34.50,1.90",5,10,-55.5,4266.5,-4196.5,28.954545454545453
99,0,50,6,(),21,7.357142857142857,0.5714285714285714,47.833333333333336,-46.611111111111114,1.368295589988081,-9.5,"16.67,7.70,-9.50,12.70",6,10,-54.5,1600.5,-6674.0,31.38095238095238
90,0,55,8,"(3, 12)",29,7.327586206896552,0.6551724137931034,38.39473684210526,-51.7,1.4110251450676983,-1.9285714285714286,"19.12,-1.93,11.50,-1.07",6,10,-50.5,5294.0,-7268.0,33.10344827586207
70,0,43,10,(),16,7.3125,0.75,24.083333333333332,-43.0,1.680232558139535,4.75,"8.75,4.75,7.75,8.00",5,9,-42.5,2756.5,-2132.5,33.6875
70,0,43,10,"(12,)",16,7.3125,0.75,24.083333333333332,-43.0,1.680232558139535,4.75,"8.75,4.75,7.75,8.00",5,9,-42.5,2756.5,-2132.5,33.6875
70,0,55,8,"(12, 18)",31,7.306451612903226,0.8387096774193549,17.53846153846154,-45.9,1.9869281045751634,-0.21428571428571427,"4.12,15.75,8.62,-0.21",6,10,-42.5,5707.5,-2314.0,34.096774193548384
80,7,50,10,"(20,)",15,7.3,0.7333333333333333,29.227272727272727,-53.0,1.5165094339622642,-33.25,"10.75,-33.25,30.00,26.50",5,7,-55.5,3014.0,-3792.5,25.733333333333334
80,8,50,10,"(20,)",15,7.3,0.7333333333333333,29.227272727272727,-53.0,1.5165094339622642,-33.25,"10.75,-33.25,30.00,26.50",5,7,-55.5,3014.0,-3792.5,25.733333333333334
90,0,50,8,(),27,7.277777777777778,0.6296296296296297,39.73529411764706,-47.9,1.4102296450939458,-12.785714285714286,"28.50,-12.79,13.07,-0.83",4,10,-42.5,3466.5,-6005.5,34.48148148148148
70,0,45,7,"(20,)",17,7.264705882352941,0.7647058823529411,22.73076923076923,-43.0,1.7180232558139534,-9.25,"-1.90,19.25,23.25,-9.25",5,9,-42.5,2709.0,-2132.5,33.294117647058826
70,0,45,8,"(20,)",17,7.264705882352941,0.7647058823529411,22.73076923076923,-43.0,1.7180232558139534,-9.25,"-1.90,19.25,23.25,-9.25",5,9,-42.5,2709.0,-2132.5,33.294117647058826
65,4,55,7,"(12, 18)",21,7.261904761904762,0.9047619047619048,12.5,-42.5,2.7941176470588234,2.3,"4.67,12.90,9.70,2.30",7,9,-42.5,3759.0,-1785.0,29.333333333333332
65,0,50,8,"(3,)",25,7.26,0.88,14.681818181818182,-47.166666666666664,2.282685512367491,2.8333333333333335,"7.07,2.83,14.50,4.67",7,10,-42.5,5302.0,-2115.0,30.32
65,0,55,10,"(3, 12, 18)",32,7.25,0.90625,12.982758620689655,-48.166666666666664,2.605536332179931,3.625,"7.75,4.00,3.62,13.62",7,10,-42.5,7359.0,-1991.5,30.9375
80,4,47,10,(),16,7.25,0.6875,31.863636363636363,-46.9,1.4946695095948828,-29.25,"14.00,-29.25,30.00,14.25",5,9,-42.5,2454.5,-3609.0,28.4375
80,4,47,10,"(12,)",16,7.25,0.6875,31.863636363636363,-46.9,1.4946695095948828,-29.25,"14.00,-29.25,30.00,14.25",5,9,-42.5,2454.5,-3609.0,28.4375
90,5,55,10,"(18,)",24,7.25,0.6666666666666666,37.375,-53.0,1.4103773584905661,-8.666666666666666,"9.17,-8.67,22.00,6.50",6,8,-23.166666666666668,3940.5,-5845.5,28.875
90,5,55,10,"(12, 18)",24,7.25,0.6666666666666666,37.375,-53.0,1.4103773584905661,-8.666666666666666,"9.17,-8.67,22.00,6.50",6,8,-23.166666666666668,3940.5,-5845.5,28.875
75,6,55,7,"(3, 18)",15,7.233333333333333,0.8,22.25,-52.833333333333336,1.6845425867507886,-14.75,"25.50,-14.75,22.25,-7.83",6,8,-59.5,2814.0,-3069.0,28.133333333333333
75,6,55,7,"(3, 12, 18)",15,7.233333333333333,0.8,22.25,-52.833333333333336,1.6845425867507886,-14.75,"25.50,-14.75,22.25,-7.83",6,8,-59.5,2814.0,-3069.0,28.133333333333333
75,7,55,7,"(3, 18)",15,7.233333333333333,0.8,22.25,-52.833333333333336,1.6845425867507886,-14.75,"25.50,-14.75,22.25,-7.83",6,8,-59.5,2814.0,-3069.0,28.133333333333333
75,7,55,7,"(3, 12, 18)",15,7.233333333333333,0.8,22.25,-52.833333333333336,1.6845425867507886,-14.75,"25.50,-14.75,22.25,-7.83",6,8,-59.5,2814.0,-3069.0,28.133333333333333
75,8,55,7,"(3, 18)",15,7.233333333333333,0.8,22.25,-52.833333333333336,1.6845425867507886,-14.75,"25.50,-14.75,22.25,-7.83",6,8,-59.5,2814.0,-3069.0,28.133333333333333
75,8,55,7,"(3, 12, 18)",15,7.233333333333333,0.8,22.25,-52.833333333333336,1.6845425867507886,-14.75,"25.50,-14.75,22.25,-7.83",6,8,-59.5,2814.0,-3069.0,28.133333333333333
65,4,55,7,"(14,)",22,7.2272727272727275,0.9090909090909091,12.8,-48.5,2.6391752577319587,-1.3,"14.33,11.33,-1.30,2.30",7,9,-54.5,4523.5,-3447.5,32.13636363636363
90,4,50,10,"(12,)",22,7.2272727272727275,0.6363636363636364,40.07142857142857,-50.25,1.3955223880597014,-21.666666666666668,"10.67,-21.67,20.90,24.10",5,9,-49.0,3689.5,-5228.5,27.5
65,4,55,7,"(3,)",21,7.214285714285714,0.9047619047619048,13.078947368421053,-48.5,2.5618556701030926,-0.1,"4.67,12.90,-0.10,11.90",8,10,-54.5,4289.5,-1744.0,29.285714285714285
80,5,55,10,"(3, 12, 14, 18, 20)",20,7.2,0.75,28.033333333333335,-55.3,1.5207956600361663,-22.1,"14.30,-22.10,26.50,10.10",5,8,-59.5,4235.5,-4541.0,27.85
80,4,55,8,"(12, 18)",23,7.195652173913044,0.7391304347826086,27.38235294117647,-50.0,1.5516666666666667,0.5,"3.83,0.50,11.33,14.30",5,9,-42.5,3652.0,-4012.0,27.304347826086957
90,0,55,6,"(3,)",23,7.195652173913044,0.6521739130434783,37.7,-50.0,1.41375,-5.5,"10.67,6.83,-5.50,18.70",7,10,-56.0,3109.5,-5082.0,27.782608695652176
75,0,50,6,"(3, 12)",16,7.1875,0.75,25.083333333333332,-46.5,1.618279569892473,-31.25,"7.50,-31.25,25.00,27.50",6,9,-42.5,2587.5,-3849.0,25.8125
85,0,55,8,"(12,)",32,7.1875,0.6875,33.40909090909091,-50.5,1.4554455445544554,-1.125,"15.38,-1.12,12.50,2.00",6,10,-42.5,5602.5,-5990.5,34.09375
85,6,50,10,"(3,)",16,7.1875,0.6875,34.22727272727273,-52.3,1.439770554493308,-32.0,"14.50,-32.00,13.00,33.25",4,7,-55.5,2901.5,-4762.5,25.3125
85,6,50,10,"(3, 12)",16,7.1875,0.6875,34.22727272727273,-52.3,1.439770554493308,-32.0,"14.50,-32.00,13.00,33.25",4,7,-55.5,2901.5,-4762.5,25.3125
85,7,50,10,(),16,7.1875,0.6875,34.22727272727273,-52.3,1.439770554493308,-32.0,"14.50,-32.00,13.00,33.25",4,7,-55.5,2901.5,-4762.5,25.3125
85,7,50,10,"(3,)",16,7.1875,0.6875,34.22727272727273,-52.3,1.439770554493308,-32.0,"14.50,-32.00,13.00,33.25",4,7,-55.5,2901.5,-4762.5,25.3125
85,7,50,10,"(12,)",16,7.1875,0.6875,34.22727272727273,-52.3,1.439770554493308,-32.0,"14.50,-32.00,13.00,33.25",4,7,-55.5,2901.5,-4762.5,25.3125
85,7,50,10,"(14,)",16,7.1875,0.6875,34.22727272727273,-52.3,1.439770554493308,-32.0,"14.50,-32.00,13.00,33.25",4,7,-55.5,2901.5,-4762.5,25.3125
85,7,50,10,"(3, 12)",16,7.1875,0.6875,34.22727272727273,-52.3,1.439770554493308,-32.0,"14.50,-32.00,13.00,33.25",4,7,-55.5,2901.5,-4762.5,25.3125
85,8,50,10,(),16,7.1875,0.6875,34.22727272727273,-52.3,1.439770554493308,-32.0,"14.50,-32.00,13.00,33.25",4,7,-55.5,2901.5,-4762.5,25.3125
85,8,50,10,"(3,)",16,7.1875,0.6875,34.22727272727273,-52.3,1.439770554493308,-32.0,"14.50,-32.00,13.00,33.25",4,7,-55.5,2901.5,-4762.5,25.3125
85,8,50,10,"(12,)",16,7.1875,0.6875,34.22727272727273,-52.3,1.439770554493308,-32.0,"14.50,-32.00,13.00,33.25",4,7,-55.5,2901.5,-4762.5,25.3125
85,8,50,10,"(14,)",16,7.1875,0.6875,34.22727272727273,-52.3,1.439770554493308,-32.0,"14.50,-32.00,13.00,33.25",4,7,-55.5,2901.5,-4762.5,25.3125
85,8,50,10,"(3, 12)",16,7.1875,0.6875,34.22727272727273,-52.3,1.439770554493308,-32.0,"14.50,-32.00,13.00,33.25",4,7,-55.5,2901.5,-4762.5,25.3125
90,0,55,6,"(20,)",22,7.181818181818182,0.6363636363636364,38.285714285714285,-47.25,1.417989417989418,-32.3,"10.67,24.00,-32.30,22.30",7,10,-54.5,2154.5,-5569.5,30.954545454545453
65,5,55,10,"(20,)",24,7.166666666666667,0.9166666666666666,12.272727272727273,-49.0,2.7551020408163267,0.6666666666666666,"3.50,10.17,14.33,0.67",7,9,-55.5,4918.0,-1997.5,30.416666666666668
75,4,55,8,"(14,)",24,7.166666666666667,0.7916666666666666,22.5,-51.1,1.6731898238747553,-3.5,"23.17,-3.50,-2.50,11.50",6,9,-54.5,4426.5,-4969.5,31.125
75,4,55,10,"(3, 12, 18)",24,7.166666666666667,0.7916666666666666,22.81578947368421,-52.3,1.6577437858508604,-15.833333333333334,"14.00,-15.83,20.33,10.17",5,9,-59.5,4690.0,-4122.5,28.5
75,4,47,10,"(18,)",15,7.166666666666667,0.7333333333333333,26.5,-46.0,1.5842391304347827,-11.75,"10.25,-11.75,24.50,5.17",6,9,-42.5,2300.0,-2970.0,29.6
75,4,47,10,"(12, 18)",15,7.166666666666667,0.7333333333333333,26.5,-46.0,1.5842391304347827,-11.75,"10.25,-11.75,24.50,5.17",6,9,-42.5,2300.0,-2970.0,29.6
90,5,55,10,"(3,)",24,7.166666666666667,0.6666666666666666,38.0625,-54.625,1.3935926773455378,-23.333333333333332,"9.33,-23.33,36.83,5.83",6,9,-59.5,4746.0,-5211.5,27.25
90,5,55,10,"(3, 12)",24,7.166666666666667,0.6666666666666666,38.0625,-54.625,1.3935926773455378,-23.333333333333332,"9.33,-23.33,36.83,5.83",6,9,-59.5,4746.0,-5211.5,27.25
70,0,55,8,"(14,)",32,7.15625,0.84375,17.425925925925927,-48.3,1.94824016563147,-0.625,"11.38,16.50,-0.62,1.38",6,9,-30.833333333333332,6065.5,-5366.5,36.78125
90,0,55,8,"(3,)",32,7.15625,0.65625,38.11904761904762,-51.95454545454545,1.400699912510936,-7.25,"28.88,-7.25,3.25,3.75",6,10,-42.5,5580.0,-8277.5,34.25
90,0,55,8,"(14,)",32,7.15625,0.65625,38.166666666666664,-52.04545454545455,1.4,-8.125,"17.62,14.00,-8.12,5.12",6,9,-24.166666666666668,5585.5,-7998.0,36.71875
70,0,50,8,"(20,)",26,7.153846153846154,0.8076923076923077,19.642857142857142,-45.3,1.8211920529801324,0.8333333333333334,"11.36,8.50,7.00,0.83",7,10,-42.5,4422.0,-2193.0,34.23076923076923
75,4,55,8,"(20,)",23,7.1521739130434785,0.782608695652174,22.944444444444443,-49.7,1.6619718309859155,-3.6666666666666665,"13.00,9.50,-3.67,10.30",7,10,-54.5,3913.5,-4830.5,30.217391304347824
80,4,55,8,"(3,)",23,7.1521739130434785,0.7391304347826086,28.029411764705884,-52.0,1.5272435897435896,0.5,"3.83,0.50,14.00,10.90",5,10,-59.5,4231.0,-4012.0,27.73913043478261
90,0,55,6,"(14,)",23,7.1521739130434785,0.6521739130434783,37.7,-50.125,1.4102244389027432,-22.333333333333332,"23.33,7.83,-22.33,22.30",7,9,-56.0,3140.0,-5768.5,31.391304347826086
70,0,50,7,(),25,7.14,0.8,20.25,-45.3,1.7880794701986755,0.8333333333333334,"11.36,7.83,7.83,0.83",6,10,-42.5,4409.0,-2096.0,34.48
70,4,50,6,(),16,7.125,0.8125,19.5,-46.5,1.8172043010752688,1.75,"3.75,18.25,1.75,4.75",7,10,-54.5,2553.5,-3359.0,29.5625
80,5,50,10,"(18,)",18,7.111111111111111,0.7222222222222222,28.96153846153846,-49.7,1.5150905432595574,-19.9,"14.30,-19.90,27.75,11.25",5,8,-42.5,2914.5,-4527.0,28.944444444444443
80,5,50,10,"(12, 18)",18,7.111111111111111,0.7222222222222222,28.96153846153846,-49.7,1.5150905432595574,-19.9,"14.30,-19.90,27.75,11.25",5,8,-42.5,2914.5,-4527.0,28.944444444444443
65,0,50,7,"(3,)",23,7.108695652173913,0.8695652173913043,15.25,-47.166666666666664,2.1554770318021204,3.8333333333333335,"4.67,5.00,3.83,16.50",7,10,-42.5,4700.5,-2115.0,30.217391304347824
65,0,50,6,"(3, 12, 18)",15,7.1,0.8666666666666667,14.884615384615385,-43.5,2.2241379310344827,-1.25,"0.00,-1.25,16.25,15.50",7,9,-42.5,2556.5,-2091.0,26.733333333333334
90,0,47,6,"(20,)",15,7.1,0.6,41.05555555555556,-43.833333333333336,1.4049429657794676,-0.75,"-0.75,16.75,-0.75,15.17",5,8,-42.5,1005.5,-3273.0,30.066666666666666
95,7,55,10,(),22,7.090909090909091,0.6363636363636364,42.357142857142854,-54.625,1.356979405034325,-6.833333333333333,"-3.17,-6.83,23.10,20.10",5,9,-55.5,3927.0,-5795.0,25.454545454545453
95,7,55,10,"(12,)",22,7.090909090909091,0.6363636363636364,42.357142857142854,-54.625,1.356979405034325,-6.833333333333333,"-3.17,-6.83,23.10,20.10",5,9,-55.5,3927.0,-5795.0,25.454545454545453
95,7,55,10,"(14,)",22,7.090909090909091,0.6363636363636364,42.357142857142854,-54.625,1.356979405034325,-6.833333333333333,"-3.17,-6.83,23.10,20.10",5,9,-55.5,3927.0,-5795.0,25.454545454545453
95,8,55,10,(),22,7.090909090909091,0.6363636363636364,42.357142857142854,-54.625,1.356979405034325,-6.833333333333333,"-3.17,-6.83,23.10,20.10",5,9,-55.5,3927.0,-5795.0,25.454545454545453
95,8,55,10,"(12,)",22,7.090909090909091,0.6363636363636364,42.357142857142854,-54.625,1.356979405034325,-6.833333333333333,"-3.17,-6.83,23.10,20.10",5,9,-55.5,3927.0,-5795.0,25.454545454545453
95,8,55,10,"(14,)",22,7.090909090909091,0.6363636363636364,42.357142857142854,-54.625,1.356979405034325,-6.833333333333333,"-3.17,-6.83,23.10,20.10",5,9,-55.5,3927.0,-5795.0,25.454545454545453
70,0,45,7,"(18,)",17,7.088235294117647,0.7647058823529411,22.5,-43.0,1.7005813953488371,-9.25,"-1.90,19.50,22.25,-9.25",5,9,-42.5,2566.5,-2132.5,33.0
70,0,45,7,"(12, 18)",17,7.088235294117647,0.7647058823529411,22.5,-43.0,1.7005813953488371,-9.25,"-1.90,19.50,22.25,-9.25",5,9,-42.5,2566.5,-2132.5,33.0
70,0,45,8,"(18,)",17,7.088235294117647,0.7647058823529411,22.5,-43.0,1.7005813953488371,-9.25,"-1.90,19.50,22.25,-9.25",5,9,-42.5,2566.5,-2132.5,33.0
70,0,45,8,"(12, 18)",17,7.088235294117647,0.7647058823529411,22.5,-43.0,1.7005813953488371,-9.25,"-1.90,19.50,22.25,-9.25",5,9,-42.5,2566.5,-2132.5,33.0
70,0,50,10,(),31,7.080645161290323,0.8064516129032258,20.06,-47.0,1.7783687943262412,3.0,"3.00,10.50,10.00,4.50",7,10,-49.0,5958.5,-2999.0,33.83870967741935
95,0,55,10,"(3, 12)",34,7.0588235294117645,0.6176470588235294,43.976190476190474,-52.57692307692308,1.3511338697878565,-10.5,"13.50,-10.50,18.62,8.00",6,10,-50.5,6457.5,-8767.5,30.558823529411764
65,4,50,8,"(3, 18)",18,7.055555555555555,0.8888888888888888,14.0,-48.5,2.3092783505154637,-2.0,"3.90,12.30,13.50,-2.00",7,9,-54.5,3499.5,-1689.5,29.166666666666668
80,4,50,8,"(3, 18)",18,7.055555555555555,0.7222222222222222,29.192307692307693,-50.5,1.502970297029703,-20.7,"15.90,-20.70,28.50,9.25",5,9,-54.5,3112.5,-4012.0,27.38888888888889
70,0,50,8,"(18,)",26,7.038461538461538,0.8076923076923077,19.5,-45.3,1.8079470198675496,0.8333333333333334,"11.36,8.64,6.33,0.83",7,10,-42.5,4343.0,-2096.0,33.92307692307692
80,0,55,7,"(3,)",30,7.033333333333333,0.7333333333333333,28.59090909090909,-52.25,1.5047846889952152,-6.785714285714286,"20.12,-2.75,-6.79,17.07",6,10,-42.5,6128.0,-5529.5,32.13333333333333
85,0,55,7,"(18,)",32,7.03125,0.6875,33.09090909090909,-50.3,1.4473161033797217,0.375,"24.50,0.38,1.25,2.00",8,10,-42.5,5197.5,-6128.0,35.28125
75,0,45,10,(),21,7.023809523809524,0.7142857142857143,27.9,-45.166666666666664,1.544280442804428,-4.9,"5.00,-4.90,27.50,0.90",6,10,-42.5,3425.5,-3482.5,32.23809523809524
75,0,45,10,"(12,)",21,7.023809523809524,0.7142857142857143,27.9,-45.166666666666664,1.544280442804428,-4.9,"5.00,-4.90,27.50,0.90",6,10,-42.5,3425.5,-3482.5,32.23809523809524
75,0,50,8,"(14,)",25,7.02,0.76,24.13157894736842,-47.166666666666664,1.6201413427561837,-2.5,"15.36,-2.50,11.50,2.33",5,9,-15.0,3876.5,-4175.5,34.04
75,0,50,10,"(14,)",29,7.017241379310345,0.7586206896551724,24.636363636363637,-48.357142857142854,1.601181683899557,-7.928571428571429,"15.12,-7.93,13.21,6.50",5,10,-55.5,5220.5,-3366.0,34.10344827586207
99,0,55,10,"(3,)",37,7.013513513513513,0.5945945945945946,47.72727272727273,-52.7,1.3282732447817838,-8.722222222222221,"18.80,-8.72,13.17,3.50",6,10,-51.166666666666664,6741.0,-11032.5,33.67567567567568
99,0,55,10,"(14,)",37,7.013513513513513,0.5945945945945946,47.77272727272727,-52.766666666666666,1.3278584965255844,-8.833333333333334,"8.90,12.06,-8.83,15.72",6,10,-55.5,6754.5,-10744.5,35.486486486486484
70,4,50,10,"(20,)",22,7.0,0.8181818181818182,19.38888888888889,-48.75,1.7897435897435898,-7.1,"-2.67,18.00,19.50,-7.10",7,10,-54.5,3959.0,-3692.5,30.181818181818183
80,4,55,6,(),18,7.0,0.7222222222222222,28.03846153846154,-47.7,1.528301886792453,-8.5,"13.70,-4.50,-8.50,28.50",6,10,-54.5,2290.5,-2928.5,26.833333333333332
90,4,50,10,"(20,)",22,7.0,0.6363636363636364,40.07142857142857,-50.875,1.3783783783783783,-7.0,"10.67,-7.00,21.50,4.90",6,10,-54.5,3685.5,-4461.0,28.59090909090909
75,4,50,10,"(18,)",21,6.976190476190476,0.7619047619047619,24.0625,-47.7,1.6142557651991614,-6.9,"14.00,-6.90,23.50,-4.10",6,10,-54.5,3172.0,-3359.0,30.571428571428573
80,0,55,7,"(3, 12, 18)",26,6.961538461538462,0.7307692307692307,28.657894736842106,-51.92857142857143,1.4979367262723522,-5.928571428571429,"19.64,-5.93,-1.17,15.33",4,10,-42.5,5145.5,-4642.0,30.807692307692307
75,5,55,10,"(20,)",24,6.958333333333333,0.7916666666666666,22.86842105263158,-53.5,1.6242990654205607,-4.833333333333333,"11.83,-4.83,24.33,-3.50",6,9,-55.5,4759.5,-3249.0,30.458333333333332
75,4,50,7,"(12, 18)",16,6.9375,0.75,24.583333333333332,-46.0,1.6032608695652173,-12.25,"7.00,-12.25,24.50,8.50",6,9,-42.5,2175.5,-2955.0,28.1875
95,4,55,10,(),29,6.913793103448276,0.6206896551724138,43.166666666666664,-52.40909090909091,1.3477883781439723,-2.875,"-2.88,0.93,15.36,15.64",6,10,-54.5,4674.0,-6229.0,27.103448275862068
80,0,50,8,(),27,6.907407407407407,0.7037037037037037,29.92105263157895,-47.75,1.4882198952879582,-17.071428571428573,"19.93,-17.07,17.36,7.50",5,10,-42.5,3980.5,-5464.0,31.814814814814813
95,0,50,8,(),27,6.907407407407407,0.5925925925925926,44.875,-48.31818181818182,1.3508936970837253,-10.642857142857142,"32.79,-10.64,3.07,1.67",5,10,-45.5,3071.0,-7670.5,35.925925925925924
65,4,50,6,"(12,)",15,6.9,0.8666666666666667,14.5,-42.5,2.2176470588235295,0.0,"0.00,13.25,1.00,15.50",7,9,-42.5,2301.5,-1615.0,28.466666666666665
80,0,45,7,(),18,6.888888888888889,0.6666666666666666,32.916666666666664,-45.166666666666664,1.4575645756457565,-4.25,"4.10,-2.50,33.25,-4.25",4,9,-42.5,2478.5,-4484.5,31.055555555555557
80,0,45,7,"(12,)",18,6.888888888888889,0.6666666666666666,32.916666666666664,-45.166666666666664,1.4575645756457565,-4.25,"4.10,-2.50,33.25,-4.25",4,9,-42.5,2478.5,-4484.5,31.055555555555557
80,0,45,8,(),18,6.888888888888889,0.6666666666666666,32.916666666666664,-45.166666666666664,1.4575645756457565,-4.25,"4.10,-2.50,33.25,-4.25",4,9,-42.5,2478.5,-4484.5,31.055555555555557
80,0,45,8,"(12,)",18,6.888888888888889,0.6666666666666666,32.916666666666664,-45.166666666666664,1.4575645756457565,-4.25,"4.10,-2.50,33.25,-4.25",4,9,-42.5,2478.5,-4484.5,31.055555555555557
85,0,55,6,"(3, 12, 18)",19,6.868421052631579,0.6842105263157895,33.42307692307692,-50.666666666666664,1.4292763157894737,-3.1,"3.10,-0.70,-3.10,33.50",6,10,-57.5,2865.0,-3651.0,25.68421052631579
65,4,55,8,"(3, 18)",22,6.863636363636363,0.9090909090909091,12.4,-48.5,2.556701030927835,-1.9,"4.67,12.17,-1.90,11.90",8,10,-54.5,4186.5,-1744.0,28.954545454545453
80,4,50,7,"(18,)",17,6.852941176470588,0.7058823529411765,29.583333333333332,-47.7,1.4884696016771488,-11.75,"15.90,-11.75,8.75,12.25",6,10,-54.5,2284.0,-3068.0,29.176470588235293
70,0,55,7,"(12, 18)",29,6.844827586206897,0.8275862068965517,17.833333333333332,-45.9,1.8649237472766884,-0.21428571428571427,"4.12,16.07,7.79,-0.21",6,10,-42.5,4724.5,-2314.0,33.275862068965516
95,0,55,8,"(12, 18)",31,6.82258064516129,0.6129032258064516,42.81578947368421,-50.166666666666664,1.351328903654485,-5.125,"22.88,5.12,-5.12,4.07",6,10,-42.5,3626.0,-8255.5,34.645161290322584
75,5,55,7,"(18,)",19,6.815789473684211,0.7894736842105263,22.033333333333335,-50.25,1.644278606965174,-7.1,"24.10,-7.10,4.70,5.25",6,8,-28.166666666666668,2822.5,-3267.0,29.105263157894736
75,5,55,7,"(12, 18)",19,6.815789473684211,0.7894736842105263,22.033333333333335,-50.25,1.644278606965174,-7.1,"24.10,-7.10,4.70,5.25",6,8,-28.166666666666668,2822.5,-3267.0,29.105263157894736
65,4,50,7,"(3, 18)",16,6.8125,0.875,14.714285714285714,-48.5,2.1237113402061856,-2.0,"-0.50,15.25,14.50,-2.00",7,9,-54.5,2943.5,-1635.0,28.9375
80,0,55,10,"(3, 12, 14, 18, 20)",26,6.8076923076923075,0.7307692307692307,29.394736842105264,-54.5,1.4639580602883355,-8.642857142857142,"9.07,-8.64,14.00,15.00",6,9,-59.5,5833.0,-6329.5,29.384615384615383
85,4,55,10,"(12, 18)",26,6.8076923076923075,0.6923076923076923,32.666666666666664,-51.375,1.4306569343065694,-4.785714285714286,"-1.07,-4.79,16.50,19.83",6,9,-42.5,4016.5,-5313.5,26.5
90,4,55,10,"(12, 18)",26,6.8076923076923075,0.6538461538461539,37.85294117647059,-51.833333333333336,1.3794212218649518,-1.9285714285714286,"1.79,-1.93,5.67,24.00",6,9,-42.5,4056.5,-5190.0,27.03846153846154
80,0,50,8,"(12, 18)",23,6.804347826086956,0.6956521739130435,30.25,-46.785714285714285,1.4778625954198474,-24.666666666666668,"19.33,-24.67,30.33,1.30",5,10,-42.5,3142.5,-5664.5,30.91304347826087
75,7,55,10,"(20,)",20,6.8,0.8,22.5625,-56.25,1.6044444444444443,-11.3,"10.50,-11.30,23.90,4.10",6,9,-55.5,4092.5,-2504.0,27.75
75,8,55,10,"(20,)",20,6.8,0.8,22.5625,-56.25,1.6044444444444443,-11.3,"10.50,-11.30,23.90,4.10",6,9,-55.5,4092.5,-2504.0,27.75
80,0,50,6,"(20,)",20,6.8,0.7,29.428571428571427,-46.0,1.4927536231884058,-2.7,"13.70,-2.70,14.90,1.30",7,10,-54.5,2381.0,-2288.0,29.7
70,0,55,10,"(14,)",37,6.797297297297297,0.8378378378378378,17.693548387096776,-49.5,1.8468013468013469,1.6111111111111112,"5.50,16.06,1.61,4.17",6,10,-55.5,7256.0,-5324.0,36.0
65,4,55,6,"(12,)",17,6.794117647058823,0.8823529411764706,13.366666666666667,-42.5,2.3588235294117648,-1.25,"1.70,14.50,-1.25,13.50",7,9,-42.5,2557.5,-1657.5,28.058823529411764
75,4,55,6,"(12,)",17,6.794117647058823,0.7647058823529411,23.03846153846154,-46.0,1.627717391304348,-13.0,"9.70,-13.00,6.25,23.50",6,9,-42.5,2151.5,-2729.5,26.176470588235293
85,6,55,10,"(3, 12, 14, 18, 20)",17,6.794117647058823,0.7058823529411765,32.666666666666664,-55.3,1.4177215189873418,-13.75,"1.30,-13.75,32.75,8.25",5,8,-59.5,3183.5,-5095.5,26.529411764705884
85,7,55,10,"(3, 12, 14, 18, 20)",17,6.794117647058823,0.7058823529411765,32.666666666666664,-55.3,1.4177215189873418,-13.75,"1.30,-13.75,32.75,8.25",5,8,-59.5,3183.5,-5095.5,26.529411764705884
85,8,55,10,"(3, 12, 14, 18, 20)",17,6.794117647058823,0.7058823529411765,32.666666666666664,-55.3,1.4177215189873418,-13.75,"1.30,-13.75,32.75,8.25",5,8,-59.5,3183.5,-5095.5,26.529411764705884
65,0,50,8,"(3, 18)",24,6.791666666666667,0.875,14.5,-47.166666666666664,2.1519434628975267,4.166666666666667,"4.67,4.17,13.67,4.67",7,10,-42.5,4576.5,-2115.0,29.541666666666668
80,0,45,10,(),21,6.785714285714286,0.6666666666666666,33.142857142857146,-45.92857142857143,1.4432348367029548,-5.0,"-5.00,-1.90,32.50,3.90",5,10,-42.5,3110.0,-4910.0,30.285714285714285
80,0,45,10,"(12,)",21,6.785714285714286,0.6666666666666666,33.142857142857146,-45.92857142857143,1.4432348367029548,-5.0,"-5.00,-1.90,32.50,3.90",5,10,-42.5,3110.0,-4910.0,30.285714285714285
85,0,55,10,"(3, 12, 18)",32,6.78125,0.6875,34.0,-53.1,1.408662900188324,-21.0,"14.62,-21.00,21.12,12.38",6,10,-42.5,6584.5,-7524.5,29.15625
99,0,55,6,"(3, 18)",22,6.7727272727272725,0.5909090909090909,46.26923076923077,-50.27777777777778,1.329281767955801,-31.5,"16.67,12.83,-31.50,25.90",7,10,-56.0,2036.5,-7362.0,28.045454545454547
75,10,55,8,"(3, 18)",15,6.766666666666667,0.8,21.666666666666668,-52.833333333333336,1.640378548895899,-14.75,"25.50,-14.75,20.50,-7.83",6,8,-59.5,2527.5,-3069.0,27.666666666666668
75,10,55,8,"(3, 12, 18)",15,6.766666666666667,0.8,21.666666666666668,-52.833333333333336,1.640378548895899,-14.75,"25.50,-14.75,20.50,-7.83",6,8,-59.5,2527.5,-3069.0,27.666666666666668
95,10,55,10,"(3,)",19,6.7631578947368425,0.631578947368421,42.416666666666664,-54.357142857142854,1.337713534822602,-16.9,"7.50,-16.90,42.90,-9.75",6,9,-59.5,3056.0,-4734.5,26.63157894736842
95,10,55,10,"(3, 12)",19,6.7631578947368425,0.631578947368421,42.416666666666664,-54.357142857142854,1.337713534822602,-16.9,"7.50,-16.90,42.90,-9.75",6,9,-59.5,3056.0,-4734.5,26.63157894736842
75,4,55,8,"(12, 18)",23,6.760869565217392,0.782608695652174,22.166666666666668,-48.7,1.6386036960985626,-2.8333333333333335,"13.00,-2.83,7.17,10.30",6,9,-42.5,3263.5,-2920.5,27.869565217391305
85,0,55,8,(),35,6.757142857142857,0.6857142857142857,33.166666666666664,-50.86363636363637,1.422698838248436,2.0,"16.83,2.83,4.83,2.00",7,10,-42.5,5728.0,-6341.5,34.91428571428571
75,0,47,10,"(12, 18)",21,6.738095238095238,0.7142857142857143,27.5,-45.166666666666664,1.522140221402214,-18.5,"16.17,-18.50,26.50,0.90",6,10,-42.5,3095.5,-3692.5,32.523809523809526
80,4,50,10,"(3, 12)",21,6.738095238095238,0.7142857142857143,29.7,-50.666666666666664,1.4654605263157894,-20.1,"4.00,-20.10,14.10,29.50",5,8,-49.0,3465.0,-5533.0,25.142857142857142
80,0,50,10,"(12, 18)",26,6.730769230769231,0.6923076923076923,30.72222222222222,-47.25,1.462962962962963,-16.5,"9.36,-16.50,30.33,7.17",5,10,-42.5,3873.5,-6078.5,30.26923076923077
85,4,55,10,"(3, 12)",26,6.730769230769231,0.6923076923076923,33.27777777777778,-53.0,1.4127358490566038,-17.642857142857142,"-0.93,-17.64,32.33,18.50",6,9,-59.5,4491.0,-6411.5,24.692307692307693
90,0,50,10,"(12, 18)",26,6.730769230769231,0.6153846153846154,40.625,-47.5,1.368421052631579,-12.214285714285714,"16.50,-12.21,10.33,13.83",5,10,-42.5,3127.5,-5999.5,31.73076923076923
90,4,55,10,"(3, 12)",26,6.730769230769231,0.6538461538461539,38.5,-53.27777777777778,1.364963503649635,-15.5,"1.93,-15.50,22.33,22.67",6,9,-59.5,4673.5,-6258.0,25.653846153846153
90,10,55,10,"(20,)",18,6.722222222222222,0.6666666666666666,37.666666666666664,-55.166666666666664,1.365558912386707,-1.3,"4.50,-1.30,16.50,9.75",5,9,-55.5,3272.0,-3499.5,26.77777777777778
75,4,55,8,"(3,)",23,6.717391304347826,0.782608695652174,22.77777777777778,-51.1,1.6046966731898238,-2.8333333333333335,"13.00,-2.83,9.83,6.90",6,10,-59.5,3898.5,-3291.0,28.391304347826086
70,0,55,7,"(14,)",30,6.7,0.8333333333333334,17.7,-48.3,1.8322981366459627,-4.357142857142857,"11.38,17.75,-4.36,-0.21",5,9,-30.833333333333332,5120.0,-5096.0,35.733333333333334
75,10,55,10,"(3, 12, 14, 18, 20)",15,6.7,0.8,22.5,-56.5,1.592920353982301,-18.75,"27.00,-18.75,22.75,-7.83",6,8,-59.5,2892.0,-2687.0,28.266666666666666
85,4,50,6,"(18,)",15,6.7,0.6666666666666666,33.9,-47.7,1.421383647798742,-9.25,"15.00,-9.25,-7.25,35.50",6,10,-54.5,1552.5,-3163.0,27.266666666666666
90,10,55,10,"(3, 12, 14, 18, 20)",15,6.7,0.6666666666666666,37.6,-55.1,1.3647912885662432,-11.25,"19.50,-11.25,15.25,2.17",4,8,-59.5,2524.5,-3961.0,28.2
90,4,50,10,"(3,)",22,6.681818181818182,0.6363636363636364,40.07142857142857,-51.75,1.355072463768116,-21.666666666666668,"10.67,-21.67,20.90,21.70",5,9,-54.5,3748.0,-5228.5,27.09090909090909
90,4,50,10,"(14,)",22,6.681818181818182,0.6363636363636364,40.07142857142857,-51.75,1.355072463768116,-6.833333333333333,"9.33,-6.83,21.50,4.90",5,10,-55.5,3751.0,-4016.5,29.272727272727273
75,0,45,7,"(20,)",17,6.676470588235294,0.7058823529411765,27.916666666666668,-44.3,1.512415349887133,-6.75,"1.10,5.50,28.25,-6.75",4,9,-42.5,2301.0,-3351.5,31.88235294117647
75,0,45,8,"(20,)",17,6.676470588235294,0.7058823529411765,27.916666666666668,-44.3,1.512415349887133,-6.75,"1.10,5.50,28.25,-6.75",4,9,-42.5,2301.0,-3351.5,31.88235294117647
90,0,50,6,"(12,)",18,6.666666666666667,0.6111111111111112,39.31818181818182,-44.642857142857146,1.384,-0.25,"6.10,2.30,-0.25,19.75",5,9,-42.5,1064.0,-3454.5,28.88888888888889
65,4,55,7,"(3, 18)",20,6.65,0.9,12.777777777777779,-48.5,2.3711340206185567,-1.1,"3.90,11.90,-1.10,11.90",8,10,-54.5,3587.0,-1689.5,28.5
65,0,55,8,"(3, 12)",29,6.637931034482759,0.896551724137931,12.961538461538462,-48.166666666666664,2.332179930795848,0.375,"0.38,11.64,2.93,12.50",7,10,-42.5,5697.5,-2353.0,29.82758620689655
75,4,55,7,"(12,)",22,6.636363636363637,0.7727272727272727,22.91176470588235,-48.7,1.5995893223819302,-3.5,"13.00,-3.50,7.50,10.30",6,9,-42.5,3169.0,-2955.0,27.90909090909091
70,0,50,10,"(20,)",30,6.633333333333334,0.8,20.041666666666668,-47.0,1.7056737588652482,3.0,"3.00,10.25,8.79,4.50",7,10,-49.0,5138.5,-2999.0,33.03333333333333
75,10,55,7,"(18,)",15,6.633333333333334,0.8,21.5,-52.833333333333336,1.6277602523659307,-14.75,"25.50,-14.75,0.75,17.83",6,8,-21.0,2461.0,-3069.0,27.333333333333332
75,10,55,7,"(12, 18)",15,6.633333333333334,0.8,21.5,-52.833333333333336,1.6277602523659307,-14.75,"25.50,-14.75,0.75,17.83",6,8,-21.0,2461.0,-3069.0,27.333333333333332
80,0,50,10,"(20,)",30,6.633333333333334,0.7,30.357142857142858,-48.72222222222222,1.4538198403648803,-11.0,"10.50,-11.00,17.36,11.64",6,10,-49.0,4815.5,-5644.0,30.5
65,0,47,10,(),23,6.630434782608695,0.8260869565217391,17.07894736842105,-43.0,1.8866279069767442,-5.1,"7.83,5.17,16.67,-5.10",6,10,-42.5,3697.5,-1997.5,33.608695652173914
70,4,55,6,"(20,)",16,6.625,0.8125,18.884615384615383,-46.5,1.7598566308243728,-13.5,"3.75,17.75,-13.50,18.50",7,10,-54.5,2306.5,-3165.0,28.5625
75,5,55,10,"(18,)",24,6.625,0.7916666666666666,22.13157894736842,-52.3,1.6080305927342256,-16.166666666666668,"24.17,-16.17,22.00,-3.50",5,8,-28.166666666666668,4002.5,-4686.5,30.875
75,5,55,10,"(12, 18)",24,6.625,0.7916666666666666,22.13157894736842,-52.3,1.6080305927342256,-16.166666666666668,"24.17,-16.17,22.00,-3.50",5,8,-28.166666666666668,4002.5,-4686.5,30.875
65,6,50,10,(),17,6.617647058823529,0.8823529411764706,14.033333333333333,-49.0,2.1479591836734695,-2.0,"2.50,12.00,15.00,-2.00",6,8,-55.5,2978.0,-1870.0,29.764705882352942
65,6,50,10,"(12,)",17,6.617647058823529,0.8823529411764706,14.033333333333333,-49.0,2.1479591836734695,-2.0,"2.50,12.00,15.00,-2.00",6,8,-55.5,2978.0,-1870.0,29.764705882352942
65,6,50,10,"(14,)",17,6.617647058823529,0.8823529411764706,14.033333333333333,-49.0,2.1479591836734695,-2.0,"2.50,12.00,15.00,-2.00",6,8,-55.5,2978.0,-1870.0,29.764705882352942
70,4,55,6,"(18,)",17,6.617647058823529,0.8235294117647058,18.0,-46.5,1.8064516129032258,-17.0,"5.70,19.50,-17.00,18.50",7,10,-54.5,2367.5,-3219.5,28.41176470588235
75,6,50,10,(),17,6.617647058823529,0.7647058823529411,23.807692307692307,-49.25,1.5710659898477157,-15.5,"10.50,-15.50,25.00,5.50",5,8,-55.5,2507.5,-3019.5,29.0
75,6,50,10,"(12,)",17,6.617647058823529,0.7647058823529411,23.807692307692307,-49.25,1.5710659898477157,-15.5,"10.50,-15.50,25.00,5.50",5,8,-55.5,2507.5,-3019.5,29.0
75,6,50,10,"(14,)",17,6.617647058823529,0.7647058823529411,23.807692307692307,-49.25,1.5710659898477157,-15.5,"10.50,-15.50,25.00,5.50",5,8,-55.5,2507.5,-3019.5,29.0
95,6,55,10,"(3, 18)",19,6.605263157894737,0.631578947368421,42.25,-54.5,1.328964613368283,-16.9,"7.30,-16.90,22.10,15.75",5,8,-59.5,2859.5,-6568.0,26.68421052631579
95,6,55,10,"(3, 12, 18)",19,6.605263157894737,0.631578947368421,42.25,-54.5,1.328964613368283,-16.9,"7.30,-16.90,22.10,15.75",5,8,-59.5,2859.5,-6568.0,26.68421052631579
95,7,55,10,"(3, 18)",19,6.605263157894737,0.631578947368421,42.25,-54.5,1.328964613368283,-16.9,"7.30,-16.90,22.10,15.75",5,8,-59.5,2859.5,-6568.0,26.68421052631579
95,7,55,10,"(3, 12, 18)",19,6.605263157894737,0.631578947368421,42.25,-54.5,1.328964613368283,-16.9,"7.30,-16.90,22.10,15.75",5,8,-59.5,2859.5,-6568.0,26.68421052631579
95,8,55,10,"(3, 18)",19,6.605263157894737,0.631578947368421,42.25,-54.5,1.328964613368283,-16.9,"7.30,-16.90,22.10,15.75",5,8,-59.5,2859.5,-6568.0,26.68421052631579
95,8,55,10,"(3, 12, 18)",19,6.605263157894737,0.631578947368421,42.25,-54.5,1.328964613368283,-16.9,"7.30,-16.90,22.10,15.75",5,8,-59.5,2859.5,-6568.0,26.68421052631579
90,0,50,10,"(18,)",29,6.603448275862069,0.6206896551724138,40.05555555555556,-48.13636363636363,1.3616619452313503,-12.214285714285714,"18.62,-12.21,12.36,5.93",4,10,-42.5,3443.0,-6240.5,32.758620689655174
65,0,50,7,"(3, 18)",22,6.590909090909091,0.8636363636363636,15.078947368421053,-47.166666666666664,2.0247349823321557,0.9,"4.67,5.00,0.90,16.50",7,10,-42.5,4060.5,-2115.0,29.59090909090909
75,0,50,8,"(12, 18)",23,6.586956521739131,0.7391304347826086,24.852941176470587,-45.166666666666664,1.5590405904059041,-13.833333333333334,"15.17,-13.83,25.33,-1.70",6,10,-42.5,2904.5,-4146.0,31.347826086956523
70,0,50,7,"(20,)",24,6.583333333333333,0.7916666666666666,20.236842105263158,-45.3,1.6975717439293598,0.8333333333333334,"8.83,8.83,7.83,0.83",6,10,-42.5,3600.5,-2048.5,33.625
85,0,50,6,"(12, 18)",17,6.5588235294117645,0.6470588235294118,34.77272727272727,-45.166666666666664,1.411439114391144,-9.25,"3.10,-9.25,17.25,16.00",5,9,-42.5,1368.5,-3651.0,28.294117647058822
99,0,55,8,"(18,)",34,6.5588235294117645,0.5882352941176471,46.6,-50.642857142857146,1.314527503526093,-27.75,"27.72,12.17,-27.75,10.75",6,10,-42.5,3486.0,-12929.5,37.470588235294116
65,0,47,7,"(14,)",18,6.555555555555555,0.8333333333333334,16.5,-43.166666666666664,1.9111969111969112,-11.75,"6.10,14.50,15.50,-11.75",5,8,-15.0,2685.0,-2356.0,33.888888888888886
65,0,47,8,"(14,)",18,6.555555555555555,0.8333333333333334,16.5,-43.166666666666664,1.9111969111969112,-11.75,"6.10,14.50,15.50,-11.75",5,8,-15.0,2685.0,-2356.0,33.888888888888886
75,0,47,7,"(14,)",18,6.555555555555555,0.7222222222222222,26.653846153846153,-45.7,1.5164113785557987,-6.75,"14.10,-5.50,25.50,-6.75",4,8,-13.0,2377.0,-4651.0,32.111111111111114
75,0,47,8,"(14,)",18,6.555555555555555,0.7222222222222222,26.653846153846153,-45.7,1.5164113785557987,-6.75,"14.10,-5.50,25.50,-6.75",4,8,-13.0,2377.0,-4651.0,32.111111111111114
80,0,47,7,"(12, 18)",18,6.555555555555555,0.6666666666666666,32.416666666666664,-45.166666666666664,1.4354243542435425,-17.3,"18.50,-17.30,32.25,-4.25",4,9,-42.5,2255.0,-4684.5,31.666666666666668
80,0,47,8,"(12, 18)",18,6.555555555555555,0.6666666666666666,32.416666666666664,-45.166666666666664,1.4354243542435425,-17.3,"18.50,-17.30,32.25,-4.25",4,9,-42.5,2255.0,-4684.5,31.666666666666668
90,4,50,8,"(18,)",19,6.552631578947368,0.631578947368421,39.583333333333336,-50.07142857142857,1.355206847360913,-16.7,"23.90,-16.70,1.90,19.75",5,10,-54.5,2453.5,-4052.0,28.894736842105264
75,5,55,10,"(3,)",24,6.541666666666667,0.7916666666666666,22.710526315789473,-54.9,1.5719489981785064,-15.833333333333334,"11.83,-15.83,21.83,8.33",5,9,-59.5,4698.0,-4122.5,28.583333333333332
75,5,55,10,"(3, 12)",24,6.541666666666667,0.7916666666666666,22.710526315789473,-54.9,1.5719489981785064,-15.833333333333334,"11.83,-15.83,21.83,8.33",5,9,-59.5,4698.0,-4122.5,28.583333333333332
85,0,55,8,"(14,)",32,6.53125,0.6875,33.0,-51.7,1.4042553191489362,0.0,"13.88,10.25,0.00,2.00",6,9,-25.833333333333332,5093.5,-8552.5,35.71875
80,4,55,7,"(18,)",22,6.5,0.7272727272727273,27.5625,-49.666666666666664,1.4798657718120805,-6.1,"17.17,-0.17,-6.10,14.30",6,10,-54.5,2875.5,-4201.5,28.40909090909091
80,0,47,10,"(12, 18)",21,6.5,0.6666666666666666,32.714285714285715,-45.92857142857143,1.4245723172628304,-16.5,"7.00,-16.50,31.50,3.90",5,10,-42.5,2903.0,-5128.0,30.952380952380953
85,10,55,10,"(3, 18)",17,6.5,0.7058823529411765,31.666666666666668,-53.9,1.4100185528756957,-11.0,"0.50,-11.00,31.50,6.50",5,8,-59.5,2506.0,-5186.5,26.11764705882353
85,10,55,10,"(3, 12, 18)",17,6.5,0.7058823529411765,31.666666666666668,-53.9,1.4100185528756957,-11.0,"0.50,-11.00,31.50,6.50",5,8,-59.5,2506.0,-5186.5,26.11764705882353
85,4,50,10,"(18,)",21,6.5,0.6666666666666666,34.42857142857143,-49.357142857142854,1.395079594790159,-17.9,"8.17,-17.90,33.50,1.90",5,10,-54.5,2865.5,-4194.0,28.333333333333332
90,0,50,6,(),21,6.5,0.6190476190476191,38.73076923076923,-45.875,1.3719346049046321,2.3,"10.67,2.30,4.90,7.30",5,10,-54.5,1364.5,-3690.0,29.666666666666668
90,0,45,7,"(18,)",17,6.5,0.5882352941176471,42.3,-44.642857142857146,1.3536,-5.5,"10.10,-5.50,19.75,0.75",5,9,-42.5,1368.5,-4445.5,31.941176470588236
90,0,45,7,"(12, 18)",17,6.5,0.5882352941176471,42.3,-44.642857142857146,1.3536,-5.5,"10.10,-5.50,19.75,0.75",5,9,-42.5,1368.5,-4445.5,31.941176470588236
90,0,45,8,"(18,)",17,6.5,0.5882352941176471,42.3,-44.642857142857146,1.3536,-5.5,"10.10,-5.50,19.75,0.75",5,9,-42.5,1368.5,-4445.5,31.941176470588236
90,0,45,8,"(12, 18)",17,6.5,0.5882352941176471,42.3,-44.642857142857146,1.3536,-5.5,"10.10,-5.50,19.75,0.75",5,9,-42.5,1368.5,-4445.5,31.941176470588236
95,12,55,10,"(20,)",16,6.5,0.625,43.5,-55.166666666666664,1.3141993957703928,-31.0,"22.00,-31.00,45.00,-10.00",5,8,-60.5,2753.5,-4294.5,27.3125
99,12,55,10,"(18,)",15,6.5,0.6,46.94444444444444,-54.166666666666664,1.3,-29.75,"26.25,-29.75,22.00,7.83",4,7,-60.5,2104.0,-6274.0,27.6
99,12,55,10,"(12, 18)",15,6.5,0.6,46.94444444444444,-54.166666666666664,1.3,-29.75,"26.25,-29.75,22.00,7.83",4,7,-60.5,2104.0,-6274.0,27.6
70,0,55,8,(),35,6.4714285714285715,0.8285714285714286,17.603448275862068,-47.333333333333336,1.7975352112676057,1.375,"5.17,16.17,2.61,1.38",7,10,-42.5,5736.0,-4147.0,34.68571428571428
65,0,55,7,"(3, 12)",27,6.462962962962963,0.8888888888888888,13.291666666666666,-48.166666666666664,2.207612456747405,2.357142857142857,"6.79,4.07,2.36,13.67",7,10,-42.5,5123.5,-2353.0,29.666666666666668
70,0,50,7,"(18,)",24,6.458333333333333,0.7916666666666666,20.07894736842105,-45.3,1.684326710816777,0.8333333333333334,"8.83,9.17,7.00,0.83",6,10,-42.5,3472.5,-1997.5,33.458333333333336
65,6,55,10,(),23,6.456521739130435,0.9130434782608695,11.738095238095237,-49.0,2.5153061224489797,-2.7,"3.50,10.67,12.83,-2.70",7,9,-55.5,4007.5,-1997.5,29.782608695652176
65,6,55,10,"(12,)",23,6.456521739130435,0.9130434782608695,11.738095238095237,-49.0,2.5153061224489797,-2.7,"3.50,10.67,12.83,-2.70",7,9,-55.5,4007.5,-1997.5,29.782608695652176
65,6,55,10,"(14,)",23,6.456521739130435,0.9130434782608695,11.738095238095237,-49.0,2.5153061224489797,-2.7,"3.50,10.67,12.83,-2.70",7,9,-55.5,4007.5,-1997.5,29.782608695652176
75,0,50,7,"(12,)",22,6.454545454545454,0.7272727272727273,25.8125,-45.166666666666664,1.5239852398523985,-13.0,"15.17,-13.00,27.50,-1.70",5,10,-42.5,2844.0,-4509.5,31.545454545454547
70,0,43,10,"(20,)",15,6.433333333333334,0.7333333333333333,24.40909090909091,-43.0,1.561046511627907,2.1666666666666665,"8.75,5.50,8.25,2.17",5,9,-42.5,2101.5,-2132.5,33.13333333333333
80,0,47,6,"(20,)",15,6.433333333333334,0.6666666666666666,31.8,-44.3,1.435665914221219,-5.75,"-5.75,9.25,14.25,8.50",5,8,-42.5,1479.5,-2911.5,29.266666666666666
95,0,50,10,"(18,)",29,6.431034482758621,0.5862068965517241,45.205882352941174,-48.5,1.320446735395189,-10.071428571428571,"22.38,-10.07,2.36,8.79",5,10,-45.5,3197.5,-7843.0,34.03448275862069
75,7,55,10,"(18,)",20,6.4,0.8,21.6875,-54.75,1.5844748858447488,-24.9,"25.30,-24.90,21.10,4.10",5,8,-21.0,3362.0,-4214.0,27.9
75,7,55,10,"(12, 18)",20,6.4,0.8,21.6875,-54.75,1.5844748858447488,-24.9,"25.30,-24.90,21.10,4.10",5,8,-21.0,3362.0,-4214.0,27.9
75,8,55,10,"(18,)",20,6.4,0.8,21.6875,-54.75,1.5844748858447488,-24.9,"25.30,-24.90,21.10,4.10",5,8,-21.0,3362.0,-4214.0,27.9
75,8,55,10,"(12, 18)",20,6.4,0.8,21.6875,-54.75,1.5844748858447488,-24.9,"25.30,-24.90,21.10,4.10",5,8,-21.0,3362.0,-4214.0,27.9
75,6,55,8,"(18,)",19,6.394736842105263,0.7894736842105263,21.5,-50.25,1.6044776119402986,-7.1,"24.10,-7.10,5.10,2.75",6,8,-28.166666666666668,2480.0,-3267.0,29.473684210526315
75,6,55,8,"(12, 18)",19,6.394736842105263,0.7894736842105263,21.5,-50.25,1.6044776119402986,-7.1,"24.10,-7.10,5.10,2.75",6,8,-28.166666666666668,2480.0,-3267.0,29.473684210526315
85,0,55,10,"(3, 18)",35,6.385714285714286,0.6857142857142857,33.708333333333336,-53.22727272727273,1.3817250213492742,-14.944444444444445,"16.17,-14.94,2.39,23.88",7,10,-42.5,6620.5,-7607.5,29.8
80,0,55,8,"(20,)",32,6.375,0.71875,28.543478260869566,-50.27777777777778,1.4508287292817679,-2.375,"20.12,-2.38,8.88,-1.12",5,10,-42.5,4928.0,-4575.0,34.125
65,0,47,10,"(12,)",22,6.363636363636363,0.8181818181818182,17.333333333333332,-43.0,1.813953488372093,-5.1,"7.83,5.17,17.50,-5.10",6,10,-42.5,3287.0,-1955.0,33.36363636363637
65,0,50,10,"(12, 18)",26,6.346153846153846,0.8461538461538461,15.318181818181818,-43.0,1.9593023255813953,-2.8333333333333335,"7.93,4.93,15.33,-2.83",6,10,-42.5,3914.0,-2040.0,32.61538461538461
70,0,55,6,"(3,)",23,6.326086956521739,0.8260869565217391,18.13157894736842,-49.75,1.7311557788944723,-3.8333333333333335,"-2.67,16.83,-3.83,16.70",7,10,-56.0,3692.0,-3027.0,27.217391304347824
95,0,55,6,"(3,)",23,6.326086956521739,0.6086956521739131,42.714285714285715,-50.27777777777778,1.321546961325967,-18.833333333333332,"14.00,10.17,-18.83,22.70",7,10,-56.0,2154.5,-7670.0,28.304347826086957
85,7,55,10,"(20,)",20,6.3,0.7,32.714285714285715,-55.333333333333336,1.3795180722891567,-22.3,"1.50,-22.30,33.90,12.10",5,9,-55.5,3372.5,-4760.0,24.85
85,8,55,10,"(20,)",20,6.3,0.7,32.714285714285715,-55.333333333333336,1.3795180722891567,-22.3,"1.50,-22.30,33.90,12.10",5,9,-55.5,3372.5,-4760.0,24.85
95,6,50,10,"(18,)",15,6.3,0.6,44.27777777777778,-50.666666666666664,1.3108552631578947,-29.25,"23.25,-29.25,19.00,14.17",4,7,-42.5,1750.0,-5358.0,29.333333333333332
95,6,50,10,"(12, 18)",15,6.3,0.6,44.27777777777778,-50.666666666666664,1.3108552631578947,-29.25,"23.25,-29.25,19.00,14.17",4,7,-42.5,1750.0,-5358.0,29.333333333333332
80,0,55,8,"(3, 12)",29,6.293103448275862,0.7241379310344828,28.69047619047619,-52.5,1.4345238095238095,-7.642857142857143,"11.62,-7.64,15.79,4.64",4,10,-42.5,5173.0,-5891.5,29.862068965517242
95,0,55,6,"(14,)",23,6.282608695652174,0.6086956521739131,42.714285714285715,-50.388888888888886,1.318632855567806,-36.5,"27.50,11.17,-36.50,26.30",7,9,-56.0,2284.0,-8728.5,32.0
90,10,55,10,"(18,)",18,6.277777777777778,0.6666666666666666,36.5,-54.166666666666664,1.3476923076923077,0.9,"3.50,0.90,13.00,9.75",4,8,-13.5,2456.5,-5248.0,26.61111111111111
90,10,55,10,"(12, 18)",18,6.277777777777778,0.6666666666666666,36.5,-54.166666666666664,1.3476923076923077,0.9,"3.50,0.90,13.00,9.75",4,8,-13.5,2456.5,-5248.0,26.61111111111111
75,0,50,10,(),31,6.274193548387097,0.7419354838709677,25.02173913043478,-47.625,1.510498687664042,-3.875,"6.75,-3.88,14.38,8.07",6,10,-49.0,4659.5,-3749.0,31.838709677419356
85,0,55,10,"(20,)",37,6.256756756756757,0.6756756756756757,34.02,-51.583333333333336,1.3739903069466881,-5.722222222222222,"9.00,-5.72,15.06,6.39",7,10,-49.0,6196.0,-6946.5,31.675675675675677
70,4,50,6,"(20,)",15,6.233333333333333,0.8,19.416666666666668,-46.5,1.6702508960573477,-13.5,"3.75,17.75,-13.50,20.50",7,10,-54.5,1994.0,-3165.0,28.8
70,0,43,10,"(18,)",15,6.233333333333333,0.7333333333333333,24.136363636363637,-43.0,1.5436046511627908,2.1666666666666665,"8.75,4.75,8.25,2.17",5,9,-42.5,1984.5,-2132.5,32.86666666666667
70,0,43,10,"(12, 18)",15,6.233333333333333,0.7333333333333333,24.136363636363637,-43.0,1.5436046511627908,2.1666666666666665,"8.75,4.75,8.25,2.17",5,9,-42.5,1984.5,-2132.5,32.86666666666667
85,5,55,10,(),26,6.230769230769231,0.6923076923076923,32.55555555555556,-53.0,1.3820754716981132,-4.785714285714286,"-2.93,-4.79,32.83,3.17",6,9,-55.5,3936.5,-5316.0,26.653846153846153
85,5,55,10,"(12,)",26,6.230769230769231,0.6923076923076923,32.55555555555556,-53.0,1.3820754716981132,-4.785714285714286,"-2.93,-4.79,32.83,3.17",6,9,-55.5,3936.5,-5316.0,26.653846153846153
85,5,55,10,"(14,)",26,6.230769230769231,0.6923076923076923,32.55555555555556,-53.0,1.3820754716981132,-4.785714285714286,"-2.93,-4.79,32.83,3.17",6,9,-55.5,3936.5,-5316.0,26.653846153846153
90,5,55,10,(),26,6.230769230769231,0.6538461538461539,37.73529411764706,-53.27777777777778,1.337851929092805,-1.9285714285714286,"-0.07,-1.93,22.83,6.50",6,9,-55.5,3726.5,-5211.5,27.346153846153847
90,5,55,10,"(12,)",26,6.230769230769231,0.6538461538461539,37.73529411764706,-53.27777777777778,1.337851929092805,-1.9285714285714286,"-0.07,-1.93,22.83,6.50",6,9,-55.5,3726.5,-5211.5,27.346153846153847
90,5,55,10,"(14,)",26,6.230769230769231,0.6538461538461539,37.73529411764706,-53.27777777777778,1.337851929092805,-1.9285714285714286,"-0.07,-1.93,22.83,6.50",6,9,-55.5,3726.5,-5211.5,27.346153846153847
65,0,47,10,"(20,)",22,6.2272727272727275,0.8181818181818182,17.166666666666668,-43.0,1.7965116279069768,-5.1,"7.83,5.00,17.10,-5.10",6,10,-42.5,3116.0,-1955.0,33.0
85,0,55,6,"(3, 18)",22,6.2272727272727275,0.6818181818181818,33.03333333333333,-51.214285714285715,1.3821478382147838,-0.3,"7.33,3.50,-0.30,14.70",7,10,-56.0,2863.5,-3575.0,25.772727272727273
70,0,55,10,(),40,6.225,0.825,17.833333333333332,-48.5,1.7334315169366716,2.4,"5.50,10.40,2.40,6.60",7,10,-49.0,6643.0,-4147.0,33.7
75,6,55,7,(),18,6.222222222222222,0.7777777777777778,22.357142857142858,-50.25,1.5572139303482586,2.75,"10.50,5.70,5.00,2.75",6,8,-28.166666666666668,2502.0,-3069.0,29.444444444444443
75,6,55,7,"(12,)",18,6.222222222222222,0.7777777777777778,22.357142857142858,-50.25,1.5572139303482586,2.75,"10.50,5.70,5.00,2.75",6,8,-28.166666666666668,2502.0,-3069.0,29.444444444444443
75,6,55,7,"(14,)",18,6.222222222222222,0.7777777777777778,22.357142857142858,-50.25,1.5572139303482586,2.75,"10.50,5.70,5.00,2.75",6,8,-28.166666666666668,2502.0,-3069.0,29.444444444444443
65,0,55,8,"(3, 12, 18)",28,6.214285714285714,0.8928571428571429,12.74,-48.166666666666664,2.204152249134948,2.2142857142857144,"6.79,3.36,2.21,12.50",7,10,-42.5,4936.5,-2353.0,29.178571428571427
65,0,50,10,"(3,)",29,6.189655172413793,0.8620689655172413,15.06,-49.25,1.9111675126903553,-0.75,"-0.75,5.07,14.36,7.07",8,10,-49.0,5480.5,-3059.0,28.93103448275862
75,4,50,7,"(3, 18)",16,6.1875,0.75,24.583333333333332,-49.0,1.5051020408163265,-12.25,"7.00,-12.25,24.50,5.50",6,9,-54.5,2264.5,-2955.0,27.6875
85,0,55,8,"(12, 18)",31,6.17741935483871,0.6774193548387096,33.166666666666664,-50.5,1.379207920792079,-1.6428571428571428,"15.38,-1.12,11.12,-1.64",6,10,-42.5,4093.5,-5990.5,32.41935483870968
75,0,50,8,(),27,6.166666666666667,0.7407407407407407,24.6,-46.5,1.5115207373271888,-8.5,"15.64,-8.50,13.07,4.17",6,10,-42.5,3378.0,-3771.5,32.0
75,4,50,8,(),20,6.15,0.75,24.1,-47.7,1.5157232704402517,-7.7,"11.90,-7.70,24.50,-4.10",6,10,-54.5,2431.5,-3219.5,28.85
95,0,55,8,"(3, 18)",31,6.145161290322581,0.6129032258064516,42.86842105263158,-52.0,1.3052884615384615,-7.125,"33.25,-4.75,-7.12,2.79",6,10,-51.166666666666664,3813.5,-10912.5,34.74193548387097
80,6,55,8,"(18,)",19,6.131578947368421,0.7368421052631579,26.714285714285715,-51.5,1.4524271844660195,-4.1,"13.10,-4.10,9.10,6.50",5,8,-26.5,2411.5,-3922.0,28.05263157894737
80,6,55,8,"(12, 18)",19,6.131578947368421,0.7368421052631579,26.714285714285715,-51.5,1.4524271844660195,-4.1,"13.10,-4.10,9.10,6.50",5,8,-26.5,2411.5,-3922.0,28.05263157894737
80,0,55,7,"(3, 18)",29,6.120689655172414,0.7241379310344828,28.357142857142858,-52.25,1.424641148325359,-8.785714285714286,"20.12,-5.93,-8.79,17.07",6,10,-42.5,4760.5,-5129.0,30.93103448275862
65,6,55,10,"(20,)",21,6.119047619047619,0.9047619047619048,11.921052631578947,-49.0,2.311224489795918,-2.7,"3.50,9.70,14.50,-2.70",7,9,-55.5,3316.0,-1912.5,29.047619047619047
95,6,55,10,"(20,)",21,6.119047619047619,0.6190476190476191,42.96153846153846,-53.75,1.2988372093023255,-3.1666666666666665,"-3.17,1.70,25.50,2.30",5,9,-55.5,2874.0,-4706.0,26.952380952380953
99,0,55,6,"(12, 18)",21,6.119047619047619,0.5714285714285714,46.583333333333336,-47.833333333333336,1.2984901277584204,-30.7,"16.67,6.90,-30.70,29.50",7,10,-57.5,880.0,-5796.5,28.19047619047619
70,0,50,6,"(12,)",18,6.111111111111111,0.7777777777777778,20.142857142857142,-43.0,1.6395348837209303,-5.9,"-5.90,18.30,7.25,4.75",5,9,-42.5,1867.5,-2011.5,29.944444444444443
65,4,50,6,"(3,)",15,6.1,0.8666666666666667,14.5,-48.5,1.943298969072165,-2.0,"0.00,13.25,-2.00,15.50",7,9,-54.5,2336.0,-1580.5,27.866666666666667
65,4,50,6,"(14,)",15,6.1,0.8666666666666667,14.5,-48.5,1.943298969072165,-16.0,"12.75,14.50,-16.00,15.50",7,9,-54.5,2325.0,-3456.0,30.533333333333335
99,0,47,6,"(12,)",15,6.1,0.5333333333333333,50.5,-44.642857142857146,1.2928,-1.0,"3.75,-1.00,4.25,21.17",5,8,-42.5,498.0,-3894.0,28.666666666666668
65,4,50,10,"(12,)",22,6.090909090909091,0.8636363636363636,14.447368421052632,-46.833333333333336,1.9537366548042705,-6.0,"-6.00,13.33,13.90,4.10",7,9,-49.0,3315.5,-2705.0,28.227272727272727
65,0,47,10,"(18,)",22,6.090909090909091,0.8181818181818182,17.0,-43.0,1.7790697674418605,-5.1,"7.83,5.17,16.30,-5.10",6,10,-42.5,3020.5,-1940.5,32.86363636363637
75,4,55,7,"(14,)",22,6.090909090909091,0.7727272727272727,22.91176470588235,-51.1,1.5244618395303327,-8.3,"11.83,8.83,-8.30,10.30",6,9,-54.5,3245.5,-4594.5,29.681818181818183
65,4,55,6,"(3,)",17,6.088235294117647,0.8823529411764706,13.366666666666667,-48.5,2.0670103092783507,-4.25,"1.70,14.50,-4.25,13.50",7,9,-54.5,2652.0,-1580.5,27.529411764705884
65,4,55,6,"(14,)",17,6.088235294117647,0.8823529411764706,13.366666666666667,-48.5,2.0670103092783507,-16.0,"13.30,11.75,-16.00,13.50",7,9,-54.5,2686.0,-3456.0,30.235294117647058
75,4,55,6,"(3,)",17,6.088235294117647,0.7647058823529411,23.03846153846154,-49.0,1.528061224489796,-13.0,"9.70,-13.00,3.25,23.50",6,9,-54.5,2179.5,-2729.5,25.705882352941178
75,4,55,6,"(14,)",17,6.088235294117647,0.7647058823529411,23.03846153846154,-49.0,1.528061224489796,-11.0,"8.30,3.00,-11.00,23.50",6,9,-54.5,2241.5,-3025.5,27.705882352941178
65,4,55,10,"(12,)",28,6.071428571428571,0.8928571428571429,12.42,-46.833333333333336,2.209964412811388,-3.0714285714285716,"-3.07,10.93,12.93,3.50",7,9,-49.0,4403.0,-2705.0,28.5
65,0,45,10,(),21,6.071428571428571,0.8095238095238095,17.61764705882353,-43.0,1.7412790697674418,-5.1,"-1.67,15.10,17.50,-5.10",6,10,-42.5,2869.5,-1912.5,32.80952380952381
65,0,45,10,"(12,)",21,6.071428571428571,0.8095238095238095,17.61764705882353,-43.0,1.7412790697674418,-5.1,"-1.67,15.10,17.50,-5.10",6,10,-42.5,2869.5,-1912.5,32.80952380952381
65,4,55,6,"(12, 18)",16,6.0625,0.875,13.0,-42.5,2.1411764705882352,-2.5,"0.00,13.25,-2.50,13.50",7,9,-42.5,1950.0,-1572.5,27.25
65,6,50,10,"(20,)",16,6.0625,0.875,13.928571428571429,-49.0,1.989795918367347,-2.0,"-0.50,11.75,15.00,-2.00",6,8,-55.5,2452.5,-1827.5,29.1875
85,0,47,6,(),16,6.0625,0.625,36.8,-45.166666666666664,1.3579335793357934,-8.0,"-3.25,-8.00,37.25,-1.75",4,8,-42.5,1347.0,-3898.0,28.125
80,4,50,10,"(12, 18)",20,6.05,0.7,29.428571428571427,-48.5,1.4158075601374571,-20.1,"15.90,-20.10,12.30,16.10",5,9,-42.5,2422.0,-4420.0,27.0
85,10,55,10,(),20,6.05,0.7,31.857142857142858,-54.166666666666664,1.3723076923076922,-20.9,"1.50,-20.90,32.90,10.70",5,9,-55.5,2839.0,-4733.5,24.6
85,10,55,10,"(12,)",20,6.05,0.7,31.857142857142858,-54.166666666666664,1.3723076923076922,-20.9,"1.50,-20.90,32.90,10.70",5,9,-55.5,2839.0,-4733.5,24.6
85,10,55,10,"(14,)",20,6.05,0.7,31.857142857142858,-54.166666666666664,1.3723076923076922,-20.9,"1.50,-20.90,32.90,10.70",5,9,-55.5,2839.0,-4733.5,24.6
95,0,55,6,"(20,)",22,6.045454545454546,0.5909090909090909,43.34615384615385,-47.833333333333336,1.3089430894308942,-50.3,"14.00,28.17,-50.30,26.30",7,10,-54.5,1232.5,-8211.5,30.681818181818183
90,0,55,8,"(3, 12, 18)",28,6.035714285714286,0.6428571428571429,38.111111111111114,-51.7,1.3268858800773695,-13.785714285714286,"28.21,-13.79,10.79,-1.07",6,10,-50.5,3530.0,-6802.5,31.571428571428573
70,4,50,6,"(18,)",15,6.033333333333333,0.8,19.166666666666668,-46.5,1.6487455197132617,-14.75,"3.75,18.25,-14.75,20.50",7,10,-54.5,1817.5,-3165.0,28.6
75,4,55,7,"(20,)",21,6.023809523809524,0.7619047619047619,23.4375,-49.7,1.5090543259557343,-8.3,"13.00,7.70,-8.30,10.30",7,10,-54.5,2853.5,-4438.0,29.095238095238095
70,0,55,7,(),33,6.015151515151516,0.8181818181818182,17.87037037037037,-47.333333333333336,1.698943661971831,1.125,"5.17,16.50,1.12,1.38",6,10,-42.5,4736.5,-3923.0,33.72727272727273
65,0,55,7,"(3, 12, 18)",26,6.0,0.8846153846153846,13.065217391304348,-48.166666666666664,2.0795847750865053,-0.3333333333333333,"6.79,4.07,-0.33,13.67",7,10,-42.5,4393.5,-2353.0,29.03846153846154
75,4,55,6,"(20,)",16,6.0,0.75,23.75,-47.25,1.507936507936508,-11.0,"7.50,4.00,-11.00,23.50",6,10,-54.5,1811.5,-2928.5,27.1875
90,0,55,8,"(3, 18)",31,5.983870967741935,0.6451612903225806,37.85,-51.95454545454545,1.3245844269466316,-9.625,"28.88,-7.25,-9.62,12.79",6,10,-42.5,3967.0,-7531.5,32.645161290322584
75,0,50,7,"(14,)",23,5.978260869565218,0.7391304347826086,24.735294117647058,-47.166666666666664,1.4858657243816253,-13.0,"25.33,-13.00,12.00,-1.70",5,9,-15.0,2801.0,-4563.5,33.130434782608695
70,0,55,8,"(18,)",34,5.970588235294118,0.8235294117647058,17.392857142857142,-47.333333333333336,1.7147887323943662,0.0,"5.17,16.17,0.00,1.38",7,10,-42.5,4718.0,-3923.0,33.35294117647059
85,6,50,10,"(18,)",15,5.966666666666667,0.6666666666666666,33.8,-49.7,1.3601609657947686,-31.75,"15.75,-31.75,32.75,7.50",4,7,-42.5,1522.0,-5203.5,27.6
85,6,50,10,"(12, 18)",15,5.966666666666667,0.6666666666666666,33.8,-49.7,1.3601609657947686,-31.75,"15.75,-31.75,32.75,7.50",4,7,-42.5,1522.0,-5203.5,27.6
80,4,55,8,"(3, 18)",22,5.954545454545454,0.7272727272727273,27.6875,-52.0,1.419871794871795,0.5,"3.83,0.50,10.10,10.90",5,10,-59.5,3103.5,-4012.0,26.772727272727273
75,0,45,10,"(18,)",20,5.95,0.7,27.857142857142858,-45.166666666666664,1.4391143911439115,-18.5,"14.90,-18.50,26.50,0.90",6,10,-42.5,2483.5,-3482.5,31.35
75,0,45,10,"(12, 18)",20,5.95,0.7,27.857142857142858,-45.166666666666664,1.4391143911439115,-18.5,"14.90,-18.50,26.50,0.90",6,10,-42.5,2483.5,-3482.5,31.35
90,0,50,8,"(12, 18)",23,5.934782608695652,0.6086956521739131,40.07142857142857,-47.166666666666664,1.3215547703180213,-21.333333333333332,"27.67,-21.33,10.33,7.30",5,10,-42.5,1703.0,-5776.5,31.82608695652174
80,0,50,10,"(18,)",29,5.913793103448276,0.6896551724137931,30.2,-48.05555555555556,1.3965317919075144,-16.5,"11.12,-16.50,16.64,11.64",5,10,-42.5,3723.0,-5819.0,30.344827586206897
80,4,50,8,(),20,5.9,0.7,29.5,-49.166666666666664,1.4,-20.7,"15.90,-20.70,29.50,-1.10",5,10,-54.5,2452.5,-4012.0,28.05
80,4,45,10,(),15,5.9,0.6666666666666666,32.3,-46.9,1.3773987206823028,-9.5,"-5.50,-9.50,30.75,8.50",5,9,-42.5,1820.5,-3330.5,27.133333333333333
80,4,45,10,"(12,)",15,5.9,0.6666666666666666,32.3,-46.9,1.3773987206823028,-9.5,"-5.50,-9.50,30.75,8.50",5,9,-42.5,1820.5,-3330.5,27.133333333333333
85,0,50,6,"(18,)",20,5.9,0.65,34.11538461538461,-46.5,1.3625192012288787,-16.3,"17.70,-16.30,17.90,4.30",6,10,-54.5,1356.0,-3575.0,28.1
85,7,55,10,"(18,)",20,5.9,0.7,31.714285714285715,-54.333333333333336,1.361963190184049,-20.9,"1.30,-20.90,31.10,12.10",5,8,-21.833333333333332,2784.0,-6234.0,24.8
85,7,55,10,"(12, 18)",20,5.9,0.7,31.714285714285715,-54.333333333333336,1.361963190184049,-20.9,"1.30,-20.90,31.10,12.10",5,8,-21.833333333333332,2784.0,-6234.0,24.8
85,8,55,10,"(18,)",20,5.9,0.7,31.714285714285715,-54.333333333333336,1.361963190184049,-20.9,"1.30,-20.90,31.10,12.10",5,8,-21.833333333333332,2784.0,-6234.0,24.8
85,8,55,10,"(12, 18)",20,5.9,0.7,31.714285714285715,-54.333333333333336,1.361963190184049,-20.9,"1.30,-20.90,31.10,12.10",5,8,-21.833333333333332,2784.0,-6234.0,24.8
85,0,43,10,"(18,)",15,5.9,0.6,39.94444444444444,-45.166666666666664,1.3265682656826567,-26.5,"20.00,-26.50,19.50,12.17",5,9,-49.5,1752.0,-3624.0,32.266666666666666
85,0,43,10,"(12, 18)",15,5.9,0.6,39.94444444444444,-45.166666666666664,1.3265682656826567,-26.5,"20.00,-26.50,19.50,12.17",5,9,-49.5,1752.0,-3624.0,32.266666666666666
99,0,47,6,"(20,)",15,5.9,0.5333333333333333,50.5,-45.07142857142857,1.2805071315372425,-21.0,"3.75,23.50,-21.00,21.17",6,8,-45.5,492.0,-4712.0,30.133333333333333
90,4,55,10,"(12,)",28,5.892857142857143,0.6428571428571429,38.166666666666664,-52.2,1.3160919540229885,-15.5,"1.93,-15.50,25.07,12.07",6,9,-49.0,3635.5,-6258.0,25.535714285714285
80,0,50,8,"(18,)",26,5.884615384615385,0.6923076923076923,29.72222222222222,-47.75,1.4005235602094241,-17.071428571428573,"19.93,-17.07,14.67,7.50",5,10,-42.5,2803.5,-5464.0,30.807692307692307
90,0,50,8,"(18,)",26,5.884615384615385,0.6153846153846154,39.5,-47.9,1.3194154488517744,-12.785714285714286,"28.50,-12.79,8.00,-0.83",4,10,-42.5,2103.5,-6005.5,32.88461538461539
85,0,55,10,"(3, 12)",34,5.882352941176471,0.6764705882352942,34.19565217391305,-53.31818181818182,1.341005967604433,-14.944444444444445,"6.83,-14.94,21.75,12.38",6,10,-49.0,6134.5,-8500.5,27.558823529411764
95,0,55,6,"(12,)",22,5.863636363636363,0.5909090909090909,43.03846153846154,-47.833333333333336,1.2996515679442509,-30.7,"14.00,11.17,-30.70,26.30",7,10,-57.5,1118.0,-6097.5,28.636363636363637
85,0,55,8,"(18,)",34,5.823529411764706,0.6764705882352942,32.93478260869565,-50.86363636363637,1.353887399463807,0.625,"16.83,2.83,0.62,2.00",7,10,-42.5,4212.0,-5997.0,33.1764705882353
90,0,50,10,"(12,)",28,5.821428571428571,0.6071428571428571,40.794117647058826,-48.22727272727273,1.3072573044297833,-24.928571428571427,"15.79,-24.93,26.50,5.93",5,10,-49.0,3023.0,-7094.0,30.142857142857142
75,6,55,10,"(3, 18)",19,5.815789473684211,0.7894736842105263,21.966666666666665,-54.75,1.504566210045662,-24.9,"25.30,-24.90,21.10,0.75",5,8,-59.5,2871.0,-4214.0,27.894736842105264
75,6,55,10,"(3, 12, 18)",19,5.815789473684211,0.7894736842105263,21.966666666666665,-54.75,1.504566210045662,-24.9,"25.30,-24.90,21.10,0.75",5,8,-59.5,2871.0,-4214.0,27.894736842105264
75,7,55,10,"(3, 18)",19,5.815789473684211,0.7894736842105263,21.966666666666665,-54.75,1.504566210045662,-24.9,"25.30,-24.90,21.10,0.75",5,8,-59.5,2871.0,-4214.0,27.894736842105264
75,7,55,10,"(3, 12, 18)",19,5.815789473684211,0.7894736842105263,21.966666666666665,-54.75,1.504566210045662,-24.9,"25.30,-24.90,21.10,0.75",5,8,-59.5,2871.0,-4214.0,27.894736842105264
75,8,55,10,"(3, 18)",19,5.815789473684211,0.7894736842105263,21.966666666666665,-54.75,1.504566210045662,-24.9,"25.30,-24.90,21.10,0.75",5,8,-59.5,2871.0,-4214.0,27.894736842105264
75,8,55,10,"(3, 12, 18)",19,5.815789473684211,0.7894736842105263,21.966666666666665,-54.75,1.504566210045662,-24.9,"25.30,-24.90,21.10,0.75",5,8,-59.5,2871.0,-4214.0,27.894736842105264
65,0,45,7,"(14,)",16,5.8125,0.8125,17.115384615384617,-43.166666666666664,1.718146718146718,-11.75,"4.50,14.50,16.00,-11.75",5,8,-42.5,1905.0,-2262.0,33.125
65,0,45,8,"(14,)",16,5.8125,0.8125,17.115384615384617,-43.166666666666664,1.718146718146718,-11.75,"4.50,14.50,16.00,-11.75",5,8,-42.5,1905.0,-2262.0,33.125
90,0,50,10,(),31,5.790322580645161,0.6129032258064516,40.23684210526316,-48.75,1.3068376068376069,-17.0,"18.00,-17.00,16.25,5.93",4,10,-49.0,3291.5,-6479.0,31.06451612903226
95,0,50,10,(),31,5.790322580645161,0.5806451612903226,45.388888888888886,-49.03846153846154,1.2815686274509803,-15.125,"21.75,-15.12,8.12,8.79",5,10,-49.0,3142.5,-6715.5,32.483870967741936
65,0,47,10,"(12, 18)",21,5.785714285714286,0.8095238095238095,17.264705882352942,-43.0,1.7063953488372092,-5.1,"7.83,3.50,16.50,-5.10",6,10,-42.5,2635.0,-1940.5,32.666666666666664
80,4,55,8,(),25,5.78,0.72,27.72222222222222,-50.642857142857146,1.4076163610719323,-0.16666666666666666,"6.64,-0.17,0.83,15.67",5,10,-54.5,3023.0,-4238.5,27.52
75,0,50,6,"(3, 12, 18)",15,5.766666666666667,0.7333333333333333,24.772727272727273,-46.5,1.4650537634408602,-31.25,"7.50,-31.25,26.25,25.50",6,9,-42.5,1673.5,-3849.0,25.4
99,0,55,10,"(18,)",38,5.7631578947368425,0.5789473684210527,47.22727272727273,-51.25,1.2670731707317073,-19.27777777777778,"19.90,5.20,-19.28,15.72",6,10,-42.5,3818.0,-11444.5,34.78947368421053
95,6,55,10,"(18,)",21,5.738095238095238,0.6190476190476191,41.88461538461539,-53.0,1.284198113207547,-4.0,"-4.00,3.90,22.70,2.30",5,8,-21.5,2073.5,-6568.0,26.904761904761905
95,6,55,10,"(12, 18)",21,5.738095238095238,0.6190476190476191,41.88461538461539,-53.0,1.284198113207547,-4.0,"-4.00,3.90,22.70,2.30",5,8,-21.5,2073.5,-6568.0,26.904761904761905
65,0,55,10,"(3, 12)",34,5.735294117647059,0.8823529411764706,13.166666666666666,-50.0,1.975,0.7222222222222222,"0.72,5.06,4.25,13.62",7,10,-49.0,6038.0,-3271.5,28.647058823529413
75,4,55,8,"(3, 18)",22,5.7272727272727275,0.7727272727272727,22.441176470588236,-51.1,1.4931506849315068,-2.8333333333333335,"13.00,-2.83,6.10,6.90",6,10,-59.5,2866.5,-3063.0,27.40909090909091
85,4,55,10,"(12,)",28,5.714285714285714,0.6785714285714286,32.973684210526315,-51.833333333333336,1.3429796355841372,-17.642857142857142,"-0.93,-17.64,32.93,8.50",6,9,-49.0,3398.5,-6411.5,24.678571428571427
95,0,55,10,"(12, 18)",35,5.7,0.6,43.45238095238095,-50.92857142857143,1.279803646563815,-0.7222222222222222,"14.72,-0.72,-0.72,10.00",6,10,-42.5,3500.0,-8194.0,31.885714285714286
65,0,55,10,"(3, 18)",35,5.671428571428572,0.8857142857142857,12.82258064516129,-49.75,1.9974874371859297,-3.7222222222222223,"7.83,5.06,-3.72,14.50",8,10,-42.5,5995.5,-3475.0,30.257142857142856
75,4,55,10,"(12, 18)",26,5.653846153846154,0.7692307692307693,22.55,-50.666666666666664,1.4835526315789473,-10.5,"14.64,-10.50,8.17,11.50",5,9,-42.5,3263.0,-4122.5,28.23076923076923
65,4,55,10,"(18,)",27,5.648148148148148,0.8888888888888888,12.166666666666666,-46.5,2.0931899641577063,1.3571428571428572,"6.07,11.64,1.36,3.17",7,10,-54.5,3761.5,-3266.5,30.11111111111111
65,4,55,10,"(14,)",28,5.642857142857143,0.8928571428571429,12.42,-50.833333333333336,2.036065573770492,3.2142857142857144,"4.21,11.64,3.21,3.50",7,10,-55.5,4495.5,-3447.5,30.678571428571427
95,6,55,10,"(3,)",21,5.642857142857143,0.6190476190476191,42.73076923076923,-54.625,1.27116704805492,-16.9,"-3.17,-16.90,42.90,1.50",5,9,-59.5,2875.0,-5795.0,25.333333333333332
95,6,55,10,"(3, 12)",21,5.642857142857143,0.6190476190476191,42.73076923076923,-54.625,1.27116704805492,-16.9,"-3.17,-16.90,42.90,1.50",5,9,-59.5,2875.0,-5795.0,25.333333333333332
95,7,55,10,"(3,)",21,5.642857142857143,0.6190476190476191,42.73076923076923,-54.625,1.27116704805492,-16.9,"-3.17,-16.90,42.90,1.50",5,9,-59.5,2875.0,-5795.0,25.333333333333332
95,7,55,10,"(3, 12)",21,5.642857142857143,0.6190476190476191,42.73076923076923,-54.625,1.27116704805492,-16.9,"-3.17,-16.90,42.90,1.50",5,9,-59.5,2875.0,-5795.0,25.333333333333332
95,8,55,10,"(3,)",21,5.642857142857143,0.6190476190476191,42.73076923076923,-54.625,1.27116704805492,-16.9,"-3.17,-16.90,42.90,1.50",5,9,-59.5,2875.0,-5795.0,25.333333333333332
95,8,55,10,"(3, 12)",21,5.642857142857143,0.6190476190476191,42.73076923076923,-54.625,1.27116704805492,-16.9,"-3.17,-16.90,42.90,1.50",5,9,-59.5,2875.0,-5795.0,25.333333333333332
65,0,45,10,"(20,)",20,5.6,0.8,17.75,-43.0,1.6511627906976745,-5.1,"6.90,3.10,17.50,-5.10",6,10,-42.5,2413.0,-1875.0,32.3
75,4,55,7,"(12, 18)",21,5.595238095238095,0.7619047619047619,22.5625,-48.7,1.482546201232033,-7.1,"13.00,-7.10,4.70,10.30",6,9,-42.5,2246.0,-2955.0,26.952380952380953
80,0,55,8,"(3,)",32,5.59375,0.71875,28.41304347826087,-52.72222222222222,1.3772391991570074,-12.25,"20.12,-12.25,7.00,7.50",5,10,-42.5,4968.5,-5685.0,30.21875
85,0,55,10,"(3,)",37,5.581081081081081,0.6756756756756757,33.9,-53.416666666666664,1.3221528861154446,-14.944444444444445,"9.00,-14.94,13.28,14.61",7,10,-49.0,6346.0,-8035.5,28.27027027027027
75,4,55,10,"(3, 12)",26,5.576923076923077,0.7692307692307693,23.1,-52.833333333333336,1.4574132492113565,-11.214285714285714,"4.07,-11.21,22.33,10.17",5,9,-59.5,3777.0,-3806.0,26.23076923076923
65,4,55,10,"(3,)",27,5.574074074074074,0.8888888888888888,12.625,-50.833333333333336,1.9868852459016393,-3.0714285714285716,"-3.07,10.93,12.93,0.83",8,10,-54.5,4261.5,-2705.0,27.814814814814813
75,4,50,6,"(12,)",15,5.566666666666666,0.7333333333333333,24.318181818181817,-46.0,1.453804347826087,-14.25,"7.50,-14.25,8.50,25.50",6,9,-42.5,1341.5,-2729.5,26.333333333333332
95,0,43,10,"(18,)",15,5.566666666666666,0.5333333333333333,49.5,-44.642857142857146,1.2672,-24.0,"27.50,-24.00,3.25,18.83",6,9,-49.5,1069.0,-4893.0,32.666666666666664
95,0,43,10,"(12, 18)",15,5.566666666666666,0.5333333333333333,49.5,-44.642857142857146,1.2672,-24.0,"27.50,-24.00,3.25,18.83",6,9,-49.5,1069.0,-4893.0,32.666666666666664
85,12,55,10,"(20,)",16,5.5625,0.6875,33.13636363636363,-55.1,1.323049001814882,-33.5,"14.50,-33.50,35.00,6.25",4,8,-60.5,2444.5,-4144.0,25.5625
99,12,55,10,(),17,5.5588235294117645,0.5882352941176471,47.5,-54.357142857142854,1.2483574244415243,-29.75,"9.90,-29.75,49.00,-8.00",5,8,-60.5,2122.5,-5544.0,26.176470588235293
99,12,55,10,"(12,)",17,5.5588235294117645,0.5882352941176471,47.5,-54.357142857142854,1.2483574244415243,-29.75,"9.90,-29.75,49.00,-8.00",5,8,-60.5,2122.5,-5544.0,26.176470588235293
99,12,55,10,"(14,)",17,5.5588235294117645,0.5882352941176471,47.5,-54.357142857142854,1.2483574244415243,-29.75,"9.90,-29.75,49.00,-8.00",5,8,-60.5,2122.5,-5544.0,26.176470588235293
90,0,55,6,"(3, 12, 18)",19,5.552631578947368,0.631578947368421,37.583333333333336,-49.357142857142854,1.3053545586107091,-18.1,"6.10,2.30,-18.10,38.50",7,10,-57.5,1323.5,-4031.0,25.63157894736842
65,4,50,10,"(18,)",21,5.5476190476190474,0.8571428571428571,14.222222222222221,-46.5,1.8351254480286738,-10.1,"5.67,13.10,13.50,-10.10",7,10,-54.5,2781.0,-3498.5,30.38095238095238
75,4,55,7,"(3,)",21,5.5476190476190474,0.7619047619047619,23.25,-51.1,1.455968688845401,-7.1,"13.00,-7.10,7.90,6.90",6,10,-59.5,2772.0,-3063.0,27.428571428571427
90,4,50,10,"(18,)",21,5.5476190476190474,0.6190476190476191,39.80769230769231,-50.125,1.2905236907730673,-15.9,"11.50,-15.90,20.50,4.90",5,10,-54.5,2213.5,-4258.5,28.428571428571427
65,4,50,10,"(3,)",22,5.545454545454546,0.8636363636363636,14.447368421052632,-50.833333333333336,1.8,-6.0,"-6.00,13.33,13.90,1.70",7,9,-54.5,3368.5,-2705.0,27.772727272727273
65,4,50,10,"(14,)",22,5.545454545454546,0.8636363636363636,14.447368421052632,-50.833333333333336,1.8,-10.1,"3.50,13.17,14.50,-10.10",7,10,-55.5,3468.5,-3692.5,30.863636363636363
70,0,55,6,"(3, 18)",22,5.545454545454546,0.8181818181818182,17.833333333333332,-49.75,1.6130653266331658,-9.3,"-2.67,16.83,-9.30,16.70",7,10,-56.0,2880.0,-2857.5,26.363636363636363
90,0,55,6,"(3, 18)",22,5.545454545454546,0.6363636363636364,37.285714285714285,-50.0,1.305,-15.3,"10.67,6.83,-15.30,18.70",7,10,-56.0,1568.0,-4630.0,26.363636363636363
80,4,47,10,"(18,)",15,5.5,0.6666666666666666,31.7,-46.9,1.35181236673774,-29.25,"14.00,-29.25,29.50,8.50",5,9,-42.5,1409.5,-3609.0,27.8
80,4,47,10,"(12, 18)",15,5.5,0.6666666666666666,31.7,-46.9,1.35181236673774,-29.25,"14.00,-29.25,29.50,8.50",5,9,-42.5,1409.5,-3609.0,27.8
85,4,55,10,"(3, 18)",25,5.5,0.68,32.970588235294116,-52.875,1.3250591016548463,-11.166666666666666,"-1.07,-11.17,32.00,3.33",6,10,-59.5,3310.0,-5313.5,26.0
95,0,55,8,(),35,5.4714285714285715,0.6,42.88095238095238,-50.642857142857146,1.270098730606488,-20.166666666666668,"24.61,9.50,-20.17,8.25",6,10,-42.5,2754.5,-12927.5,36.542857142857144
70,0,55,7,"(18,)",32,5.46875,0.8125,17.653846153846153,-47.333333333333336,1.6161971830985915,0.625,"11.38,8.50,0.62,1.38",6,10,-42.5,3891.0,-3699.0,32.5625
80,0,50,10,"(12,)",28,5.464285714285714,0.6785714285714286,30.86842105263158,-48.166666666666664,1.3529411764705883,-27.785714285714285,"8.64,-27.79,29.36,11.64",5,10,-49.0,3364.0,-7065.0,28.357142857142858
90,4,55,10,"(14,)",28,5.464285714285714,0.6428571428571429,38.166666666666664,-53.4,1.2865168539325842,-1.9285714285714286,"-0.07,-1.93,11.79,12.07",6,10,-55.5,3607.0,-5211.5,27.071428571428573
65,0,45,10,"(18,)",20,5.45,0.8,17.5625,-43.0,1.6337209302325582,-5.1,"6.90,3.50,16.50,-5.10",6,10,-42.5,2257.5,-1875.0,32.15
65,0,45,10,"(12, 18)",20,5.45,0.8,17.5625,-43.0,1.6337209302325582,-5.1,"6.90,3.50,16.50,-5.10",6,10,-42.5,2257.5,-1875.0,32.15
75,0,47,7,(),20,5.45,0.7,27.142857142857142,-45.166666666666664,1.4022140221402215,-19.3,"14.50,-19.30,25.30,1.30",5,9,-42.5,1926.5,-4700.0,30.65
75,0,47,8,(),20,5.45,0.7,27.142857142857142,-45.166666666666664,1.4022140221402215,-19.3,"14.50,-19.30,25.30,1.30",5,9,-42.5,1926.5,-4700.0,30.65
80,4,50,10,"(3, 18)",20,5.45,0.7,29.428571428571427,-50.5,1.3597359735973598,-20.1,"15.90,-20.10,12.30,13.70",5,9,-54.5,2492.5,-4420.0,26.55
80,0,45,10,"(18,)",20,5.45,0.65,33.11538461538461,-45.92857142857143,1.3390357698289268,-16.5,"2.90,-16.50,31.50,3.90",5,10,-42.5,1978.5,-4910.0,29.45
80,0,45,10,"(12, 18)",20,5.45,0.65,33.11538461538461,-45.92857142857143,1.3390357698289268,-16.5,"2.90,-16.50,31.50,3.90",5,10,-42.5,1978.5,-4910.0,29.45
80,4,55,6,"(18,)",17,5.4411764705882355,0.7058823529411765,27.583333333333332,-47.7,1.3878406708595388,-12.0,"13.70,-10.50,-12.00,28.50",6,10,-54.5,1185.5,-3047.5,25.823529411764707
70,0,47,6,(),16,5.4375,0.75,21.583333333333332,-43.0,1.505813953488372,-10.75,"-10.75,19.50,22.25,-9.25",5,8,-42.5,1351.0,-1951.0,30.0
75,4,55,6,"(12, 18)",16,5.4375,0.75,22.583333333333332,-46.0,1.4728260869565217,-14.25,"7.50,-14.25,5.00,23.50",6,9,-42.5,1222.0,-2729.5,25.375
90,6,50,10,"(20,)",16,5.4375,0.625,39.7,-51.666666666666664,1.2806451612903227,-30.75,"18.25,-30.75,40.00,-5.75",5,8,-55.5,1790.0,-3524.5,27.875
90,0,43,10,(),16,5.4375,0.5625,44.388888888888886,-44.642857142857146,1.2784,-25.25,"23.75,-25.25,0.25,23.00",5,9,-49.5,1224.5,-3977.0,32.1875
90,0,43,10,"(12,)",16,5.4375,0.5625,44.388888888888886,-44.642857142857146,1.2784,-25.25,"23.75,-25.25,0.25,23.00",5,9,-49.5,1224.5,-3977.0,32.1875
65,0,50,8,"(12,)",24,5.416666666666667,0.8333333333333334,15.1,-43.0,1.755813953488372,-2.5,"6.83,2.83,14.50,-2.50",6,10,-42.5,2661.5,-2287.5,31.458333333333332
75,0,50,7,"(12, 18)",21,5.404761904761905,0.7142857142857143,25.633333333333333,-45.166666666666664,1.418819188191882,-20.3,"15.17,-20.30,26.50,-1.70",5,10,-42.5,1859.0,-4509.5,30.666666666666668
99,0,55,10,(),40,5.4,0.575,47.45652173913044,-51.5,1.2467161621930325,-4.1,"18.80,-3.10,-4.10,10.00",6,10,-49.0,3821.5,-11505.0,33.575
65,4,55,8,(),25,5.38,0.88,12.454545454545455,-46.5,1.96415770609319,1.6666666666666667,"5.21,11.50,1.67,3.17",7,10,-54.5,3251.0,-3140.0,29.6
80,10,55,10,"(3, 12, 14, 18, 20)",15,5.366666666666666,0.7333333333333333,27.318181818181817,-55.0,1.365909090909091,-16.25,"12.00,-16.25,27.75,-4.50",5,8,-59.5,2065.0,-3877.5,26.4
75,0,50,6,"(3,)",19,5.342105263157895,0.7368421052631579,24.428571428571427,-48.1,1.4220374220374221,-20.3,"9.70,-20.30,8.90,27.50",7,10,-54.5,1986.5,-3554.0,25.210526315789473
80,0,45,7,"(18,)",17,5.323529411764706,0.6470588235294118,32.86363636363637,-45.166666666666664,1.3339483394833949,-10.5,"4.10,-10.50,32.25,-4.25",4,9,-42.5,1420.0,-4484.5,30.235294117647058
80,0,45,7,"(12, 18)",17,5.323529411764706,0.6470588235294118,32.86363636363637,-45.166666666666664,1.3339483394833949,-10.5,"4.10,-10.50,32.25,-4.25",4,9,-42.5,1420.0,-4484.5,30.235294117647058
80,0,45,8,"(18,)",17,5.323529411764706,0.6470588235294118,32.86363636363637,-45.166666666666664,1.3339483394833949,-10.5,"4.10,-10.50,32.25,-4.25",4,9,-42.5,1420.0,-4484.5,30.235294117647058
80,0,45,8,"(12, 18)",17,5.323529411764706,0.6470588235294118,32.86363636363637,-45.166666666666664,1.3339483394833949,-10.5,"4.10,-10.50,32.25,-4.25",4,9,-42.5,1420.0,-4484.5,30.235294117647058
80,0,55,8,"(3, 12, 18)",28,5.321428571428571,0.7142857142857143,28.45,-52.5,1.3547619047619048,-18.071428571428573,"19.64,-18.07,15.07,4.64",4,10,-42.5,3940.0,-5891.5,28.857142857142858
65,4,55,6,"(3, 18)",16,5.3125,0.875,13.0,-48.5,1.8762886597938144,-5.5,"0.00,13.25,-5.50,13.50",7,9,-54.5,2004.0,-1526.0,26.75
95,0,55,10,"(20,)",37,5.3108108108108105,0.5945945945945946,43.86363636363637,-51.233333333333334,1.2556929082628496,-8.833333333333334,"16.00,-0.17,-8.83,13.06",6,10,-49.0,3775.0,-9586.0,33.08108108108108
75,0,50,8,"(18,)",26,5.3076923076923075,0.7307692307692307,24.394736842105264,-46.5,1.423963133640553,-8.5,"15.64,-8.50,10.50,4.17",6,10,-42.5,2361.0,-3771.5,31.0
95,0,50,8,"(18,)",26,5.3076923076923075,0.5769230769230769,44.63333333333333,-48.31818181818182,1.2596425211665099,-10.642857142857142,"32.79,-10.64,-4.50,1.67",5,10,-45.5,1554.0,-7749.0,34.0
80,5,50,10,(),20,5.3,0.7,29.285714285714285,-50.666666666666664,1.3486842105263157,-20.1,"13.30,-20.10,14.10,13.90",5,9,-55.5,2387.0,-4352.5,27.0
80,5,50,10,"(12,)",20,5.3,0.7,29.285714285714285,-50.666666666666664,1.3486842105263157,-20.1,"13.30,-20.10,14.10,13.90",5,9,-55.5,2387.0,-4352.5,27.0
80,5,50,10,"(14,)",20,5.3,0.7,29.285714285714285,-50.666666666666664,1.3486842105263157,-20.1,"13.30,-20.10,14.10,13.90",5,9,-55.5,2387.0,-4352.5,27.0
90,4,55,10,"(3, 18)",25,5.3,0.64,38.1875,-53.166666666666664,1.2769070010449322,-8.666666666666666,"1.79,-8.67,22.00,6.67",6,10,-59.5,3093.5,-5190.0,26.52
90,7,55,10,"(20,)",20,5.3,0.65,37.96153846153846,-55.357142857142854,1.273548387096774,-20.3,"4.50,-20.30,20.90,16.10",5,9,-55.5,2778.0,-4653.0,25.2
90,8,55,10,"(20,)",20,5.3,0.65,37.96153846153846,-55.357142857142854,1.273548387096774,-20.3,"4.50,-20.30,20.90,16.10",5,9,-55.5,2778.0,-4653.0,25.2
80,0,50,10,"(14,)",29,5.293103448275862,0.6896551724137931,29.95,-49.5,1.3445566778900113,-16.5,"9.50,-16.50,17.50,10.07",4,10,-55.5,3323.0,-5963.5,30.0
70,0,50,6,"(14,)",19,5.2894736842105265,0.7894736842105263,18.966666666666665,-46.0,1.546195652173913,-7.3,"5.30,18.30,-7.30,4.75",5,9,-54.5,1732.0,-2973.5,30.842105263157894
85,4,55,10,"(14,)",28,5.285714285714286,0.6785714285714286,32.973684210526315,-53.166666666666664,1.309299895506792,-4.785714285714286,"-2.93,-4.79,20.36,8.50",6,10,-55.5,3618.0,-5316.0,26.428571428571427
75,0,55,8,"(3, 12)",29,5.258620689655173,0.7586206896551724,23.454545454545453,-51.92857142857143,1.419532324621733,0.21428571428571427,"7.88,0.21,11.50,1.07",5,10,-42.5,4176.5,-4263.5,29.75862068965517
80,4,50,6,(),16,5.25,0.6875,29.318181818181817,-47.7,1.3522012578616351,-11.75,"11.25,-11.75,9.25,12.25",6,10,-54.5,1218.5,-2831.5,26.8125
75,4,50,6,"(20,)",15,5.233333333333333,0.7333333333333333,24.318181818181817,-47.25,1.4153439153439153,-11.0,"7.50,4.00,-11.00,25.50",6,10,-54.5,1381.5,-2928.5,27.4
95,0,55,10,"(12,)",37,5.202702702702703,0.5945945945945946,43.68181818181818,-51.233333333333334,1.2504879635653872,-0.7222222222222222,"7.70,-0.72,0.50,13.06",6,10,-49.0,3491.0,-8767.5,30.7027027027027
75,4,50,10,(),23,5.195652173913044,0.7391304347826086,24.323529411764707,-49.0,1.4064625850340136,-4.1,"0.67,-1.67,24.33,-4.10",6,10,-54.5,2409.0,-3219.5,28.26086956521739
85,4,50,10,(),23,5.195652173913044,0.6521739130434783,34.7,-50.125,1.298004987531172,-23.333333333333332,"7.33,-23.33,34.33,1.90",5,10,-54.5,2262.5,-5473.5,26.391304347826086
80,5,55,10,"(3, 18)",22,5.181818181818182,0.7272727272727273,27.5,-54.333333333333336,1.3496932515337423,-13.666666666666666,"2.50,-13.67,26.10,10.10",4,8,-59.5,2950.5,-5729.0,26.227272727272727
80,5,55,10,"(3, 12, 18)",22,5.181818181818182,0.7272727272727273,27.5,-54.333333333333336,1.3496932515337423,-13.666666666666666,"2.50,-13.67,26.10,10.10",4,8,-59.5,2950.5,-5729.0,26.227272727272727
75,4,55,8,(),25,5.18,0.76,22.5,-49.666666666666664,1.4345637583892616,-3.5,"13.79,-3.50,-2.50,11.50",6,10,-54.5,2585.0,-4358.5,28.08
65,4,50,8,(),20,5.15,0.85,14.264705882352942,-46.5,1.7383512544802868,-10.1,"3.90,12.30,14.50,-10.10",7,10,-54.5,2367.0,-3401.5,29.8
95,6,50,10,(),17,5.147058823529412,0.5882352941176471,44.7,-51.357142857142854,1.243393602225313,-29.25,"7.50,-29.25,45.00,-3.25",4,8,-55.5,1649.0,-4755.5,27.529411764705884
95,6,50,10,"(12,)",17,5.147058823529412,0.5882352941176471,44.7,-51.357142857142854,1.243393602225313,-29.25,"7.50,-29.25,45.00,-3.25",4,8,-55.5,1649.0,-4755.5,27.529411764705884
95,6,50,10,"(14,)",17,5.147058823529412,0.5882352941176471,44.7,-51.357142857142854,1.243393602225313,-29.25,"7.50,-29.25,45.00,-3.25",4,8,-55.5,1649.0,-4755.5,27.529411764705884
75,0,50,7,(),25,5.14,0.72,25.22222222222222,-46.5,1.3947772657450077,-13.0,"15.64,-13.00,12.00,4.17",6,10,-42.5,2272.0,-4153.5,31.2
75,0,55,8,"(20,)",32,5.125,0.75,23.333333333333332,-49.5,1.4141414141414141,-4.25,"15.75,3.88,5.12,-4.25",6,10,-42.5,3626.5,-4975.0,33.59375
75,0,43,10,"(20,)",15,5.1,0.6666666666666666,29.8,-44.3,1.345372460496614,-9.5,"12.50,-9.50,12.00,5.50",4,9,-49.5,1446.0,-2708.0,31.866666666666667
99,0,50,6,"(18,)",20,5.1,0.55,47.40909090909091,-46.611111111111114,1.2431466030989273,-10.7,"28.90,-10.70,-10.50,12.70",6,10,-54.5,85.0,-5855.5,29.4
95,0,55,10,"(3, 18)",35,5.1,0.6,43.5,-52.5,1.2428571428571429,-10.5,"23.94,-10.50,-1.50,8.88",6,10,-51.166666666666664,3771.5,-10710.0,32.08571428571429
65,0,50,7,"(12,)",22,5.090909090909091,0.8181818181818182,15.777777777777779,-43.0,1.6511627906976745,-7.7,"6.83,3.67,17.50,-7.70",6,10,-42.5,2188.5,-2287.5,31.5
70,0,50,6,"(12, 18)",17,5.088235294117647,0.7647058823529411,19.884615384615383,-43.0,1.502906976744186,-5.9,"-5.90,18.25,6.00,4.75",5,9,-42.5,1148.0,-2011.5,29.058823529411764
75,5,55,10,(),26,5.076923076923077,0.7692307692307693,22.45,-52.833333333333336,1.416403785488959,-10.5,"12.79,-10.50,22.83,-3.50",5,9,-55.5,3270.0,-4122.5,28.615384615384617
75,5,55,10,"(12,)",26,5.076923076923077,0.7692307692307693,22.45,-52.833333333333336,1.416403785488959,-10.5,"12.79,-10.50,22.83,-3.50",5,9,-55.5,3270.0,-4122.5,28.615384615384617
75,5,55,10,"(14,)",26,5.076923076923077,0.7692307692307693,22.45,-52.833333333333336,1.416403785488959,-10.5,"12.79,-10.50,22.83,-3.50",5,9,-55.5,3270.0,-4122.5,28.615384615384617
95,0,50,6,(),21,5.071428571428571,0.5714285714285714,43.833333333333336,-46.611111111111114,1.2538736591179975,-11.1,"14.00,5.30,-11.10,10.30",6,10,-54.5,268.5,-6185.0,29.666666666666668
80,0,55,7,"(12,)",30,5.066666666666666,0.7,28.595238095238095,-49.833333333333336,1.338907469342252,-4.5,"11.62,6.50,5.50,-4.50",4,10,-42.5,3126.5,-5068.0,32.36666666666667
65,4,55,7,(),23,5.065217391304348,0.8695652173913043,12.8,-46.5,1.8351254480286738,1.3333333333333333,"4.67,11.50,1.33,2.30",7,10,-54.5,2652.0,-3056.0,29.043478260869566
75,10,55,10,"(20,)",18,5.055555555555555,0.7777777777777778,22.571428571428573,-56.25,1.4044444444444444,-10.3,"10.50,-10.30,24.00,-1.50",6,9,-55.5,2598.0,-2412.5,26.333333333333332
90,10,55,10,(),20,5.05,0.65,37.03846153846154,-54.357142857142854,1.2654402102496716,-18.9,"4.50,-18.90,37.90,-3.30",5,9,-55.5,2266.5,-4638.0,25.25
90,10,55,10,"(12,)",20,5.05,0.65,37.03846153846154,-54.357142857142854,1.2654402102496716,-18.9,"4.50,-18.90,37.90,-3.30",5,9,-55.5,2266.5,-4638.0,25.25
90,10,55,10,"(14,)",20,5.05,0.65,37.03846153846154,-54.357142857142854,1.2654402102496716,-18.9,"4.50,-18.90,37.90,-3.30",5,9,-55.5,2266.5,-4638.0,25.25
90,0,55,8,(),35,5.042857142857143,0.6285714285714286,37.86363636363637,-50.5,1.2688499619192688,-11.833333333333334,"20.72,6.17,-11.83,5.12",6,10,-42.5,2701.5,-9011.5,34.2
90,6,55,10,"(3, 12, 14, 18, 20)",17,5.029411764705882,0.6470588235294118,37.95454545454545,-55.333333333333336,1.2575301204819278,-11.25,"4.30,-11.25,15.25,12.00",5,8,-59.5,2263.5,-5207.5,26.647058823529413
90,7,55,10,"(3, 12, 14, 18, 20)",17,5.029411764705882,0.6470588235294118,37.95454545454545,-55.333333333333336,1.2575301204819278,-11.25,"4.30,-11.25,15.25,12.00",5,8,-59.5,2263.5,-5207.5,26.647058823529413
90,8,55,10,"(3, 12, 14, 18, 20)",17,5.029411764705882,0.6470588235294118,37.95454545454545,-55.333333333333336,1.2575301204819278,-11.25,"4.30,-11.25,15.25,12.00",5,8,-59.5,2263.5,-5207.5,26.647058823529413
80,0,50,6,"(12,)",18,5.0,0.6666666666666666,30.083333333333332,-45.166666666666664,1.3321033210332103,-3.7,"0.10,-3.70,14.75,12.25",4,9,-42.5,962.5,-3748.5,27.72222222222222
90,0,55,8,"(12,)",32,5.0,0.625,38.1,-50.166666666666664,1.26578073089701,-6.25,"19.12,2.00,-6.25,5.12",6,10,-42.5,2364.0,-8020.0,33.0625
90,6,50,10,"(3,)",16,5.0,0.625,39.7,-52.833333333333336,1.252365930599369,-30.75,"18.25,-30.75,16.75,15.75",4,7,-55.5,1981.5,-4663.0,25.9375
90,6,50,10,"(3, 12)",16,5.0,0.625,39.7,-52.833333333333336,1.252365930599369,-30.75,"18.25,-30.75,16.75,15.75",4,7,-55.5,1981.5,-4663.0,25.9375
90,7,50,10,(),16,5.0,0.625,39.7,-52.833333333333336,1.252365930599369,-30.75,"18.25,-30.75,16.75,15.75",4,7,-55.5,1981.5,-4663.0,25.9375
90,7,50,10,"(3,)",16,5.0,0.625,39.7,-52.833333333333336,1.252365930599369,-30.75,"18.25,-30.75,16.75,15.75",4,7,-55.5,1981.5,-4663.0,25.9375
90,7,50,10,"(12,)",16,5.0,0.625,39.7,-52.833333333333336,1.252365930599369,-30.75,"18.25,-30.75,16.75,15.75",4,7,-55.5,1981.5,-4663.0,25.9375
90,7,50,10,"(14,)",16,5.0,0.625,39.7,-52.833333333333336,1.252365930599369,-30.75,"18.25,-30.75,16.75,15.75",4,7,-55.5,1981.5,-4663.0,25.9375
90,7,50,10,"(3, 12)",16,5.0,0.625,39.7,-52.833333333333336,1.252365930599369,-30.75,"18.25,-30.75,16.75,15.75",4,7,-55.5,1981.5,-4663.0,25.9375
90,8,50,10,(),16,5.0,0.625,39.7,-52.833333333333336,1.252365930599369,-30.75,"18.25,-30.75,16.75,15.75",4,7,-55.5,1981.5,-4663.0,25.9375
90,8,50,10,"(3,)",16,5.0,0.625,39.7,-52.833333333333336,1.252365930599369,-30.75,"18.25,-30.75,16.75,15.75",4,7,-55.5,1981.5,-4663.0,25.9375
90,8,50,10,"(12,)",16,5.0,0.625,39.7,-52.833333333333336,1.252365930599369,-30.75,"18.25,-30.75,16.75,15.75",4,7,-55.5,1981.5,-4663.0,25.9375
90,8,50,10,"(14,)",16,5.0,0.625,39.7,-52.833333333333336,1.252365930599369,-30.75,"18.25,-30.75,16.75,15.75",4,7,-55.5,1981.5,-4663.0,25.9375
90,8,50,10,"(3, 12)",16,5.0,0.625,39.7,-52.833333333333336,1.252365930599369,-30.75,"18.25,-30.75,16.75,15.75",4,7,-55.5,1981.5,-4663.0,25.9375
65,4,55,8,"(20,)",23,4.978260869565218,0.8695652173913043,12.7,-46.5,1.82078853046595,0.5,"4.67,12.00,0.50,2.30",7,10,-54.5,2536.0,-3061.5,28.869565217391305
75,4,50,8,"(18,)",19,4.973684210526316,0.7368421052631579,23.785714285714285,-47.7,1.3962264150943395,-7.7,"11.90,-7.70,7.90,8.50",6,10,-54.5,1497.0,-3025.5,28.0
65,0,55,8,"(3,)",32,4.96875,0.875,12.785714285714286,-49.75,1.7989949748743719,-4.25,"7.00,4.62,-4.25,12.50",7,10,-42.5,4473.0,-3363.0,29.25
65,0,47,7,(),20,4.95,0.8,16.9375,-43.0,1.5755813953488371,-4.7,"6.50,2.70,15.30,-4.70",5,9,-42.5,1827.5,-2287.5,31.75
65,0,47,8,(),20,4.95,0.8,16.9375,-43.0,1.5755813953488371,-4.7,"6.50,2.70,15.30,-4.70",5,9,-42.5,1827.5,-2287.5,31.75
80,0,55,6,"(3, 12)",20,4.95,0.7,28.785714285714285,-50.666666666666664,1.325657894736842,-3.7,"0.10,-3.70,12.70,10.70",5,10,-57.5,2156.0,-3748.5,25.2
95,6,55,10,(),23,4.934782608695652,0.6086956521739131,42.357142857142854,-53.27777777777778,1.2367049009384776,-6.833333333333333,"-3.17,-6.83,27.00,2.30",5,9,-55.5,2089.0,-5795.0,25.652173913043477
95,6,55,10,"(12,)",23,4.934782608695652,0.6086956521739131,42.357142857142854,-53.27777777777778,1.2367049009384776,-6.833333333333333,"-3.17,-6.83,27.00,2.30",5,9,-55.5,2089.0,-5795.0,25.652173913043477
95,6,55,10,"(14,)",23,4.934782608695652,0.6086956521739131,42.357142857142854,-53.27777777777778,1.2367049009384776,-6.833333333333333,"-3.17,-6.83,27.00,2.30",5,9,-55.5,2089.0,-5795.0,25.652173913043477
85,10,55,10,"(3,)",19,4.921052631578948,0.6842105263157895,32.19230769230769,-54.166666666666664,1.2876923076923077,-20.9,"1.50,-20.90,32.90,6.50",5,9,-59.5,2123.0,-4733.5,24.526315789473685
85,10,55,10,"(3, 12)",19,4.921052631578948,0.6842105263157895,32.19230769230769,-54.166666666666664,1.2876923076923077,-20.9,"1.50,-20.90,32.90,6.50",5,9,-59.5,2123.0,-4733.5,24.526315789473685
75,6,55,7,"(18,)",17,4.911764705882353,0.7647058823529411,21.884615384615383,-50.25,1.4154228855721394,1.5,"10.50,3.50,1.50,2.75",6,8,-28.166666666666668,1564.5,-3069.0,28.294117647058822
75,6,55,7,"(12, 18)",17,4.911764705882353,0.7647058823529411,21.884615384615383,-50.25,1.4154228855721394,1.5,"10.50,3.50,1.50,2.75",6,8,-28.166666666666668,1564.5,-3069.0,28.294117647058822
90,7,55,10,"(18,)",20,4.9,0.65,36.88461538461539,-54.5,1.2568807339449541,-18.9,"4.30,-18.90,18.10,16.10",5,8,-20.166666666666668,2174.0,-6346.0,25.2
90,7,55,10,"(12, 18)",20,4.9,0.65,36.88461538461539,-54.5,1.2568807339449541,-18.9,"4.30,-18.90,18.10,16.10",5,8,-20.166666666666668,2174.0,-6346.0,25.2
90,8,55,10,"(18,)",20,4.9,0.65,36.88461538461539,-54.5,1.2568807339449541,-18.9,"4.30,-18.90,18.10,16.10",5,8,-20.166666666666668,2174.0,-6346.0,25.2
90,8,55,10,"(12, 18)",20,4.9,0.65,36.88461538461539,-54.5,1.2568807339449541,-18.9,"4.30,-18.90,18.10,16.10",5,8,-20.166666666666668,2174.0,-6346.0,25.2
65,0,50,8,"(12, 18)",23,4.8478260869565215,0.8260869565217391,14.921052631578947,-43.0,1.6482558139534884,-7.7,"6.83,2.83,15.33,-7.70",6,10,-42.5,2049.0,-2287.5,30.782608695652176
65,4,55,8,"(18,)",24,4.833333333333333,0.875,12.166666666666666,-46.5,1.831541218637993,-0.6666666666666666,"4.67,12.17,-0.67,3.17",7,10,-54.5,2531.5,-3061.5,28.708333333333332
85,4,55,10,"(20,)",27,4.833333333333333,0.6666666666666666,33.44444444444444,-52.388888888888886,1.2767762460233298,-5.785714285714286,"-0.93,-5.79,8.36,19.83",6,10,-54.5,2738.5,-5421.5,25.59259259259259
90,4,55,10,"(20,)",27,4.833333333333333,0.6296296296296297,38.6764705882353,-52.7,1.247628083491461,-2.9285714285714284,"1.93,-2.93,-0.93,24.00",6,10,-54.5,2846.0,-5169.0,26.22222222222222
80,0,50,10,(),31,4.82258064516129,0.6774193548387096,30.357142857142858,-48.8,1.3063524590163935,-20.75,"10.50,-20.75,18.75,11.64",5,10,-49.0,3002.5,-6733.0,28.29032258064516
65,0,50,6,"(3,)",19,4.815789473684211,0.8421052631578947,14.5625,-47.166666666666664,1.646643109540636,0.9,"1.70,1.70,0.90,17.50",7,10,-54.5,2102.0,-1935.5,26.42105263157895
80,0,43,10,(),16,4.8125,0.625,34.8,-45.166666666666664,1.2841328413284132,-27.75,"16.25,-27.75,15.25,15.50",4,9,-49.5,1342.5,-3772.5,31.1875
80,0,43,10,"(12,)",16,4.8125,0.625,34.8,-45.166666666666664,1.2841328413284132,-27.75,"16.25,-27.75,15.25,15.50",4,9,-49.5,1342.5,-3772.5,31.1875
90,0,55,10,"(20,)",37,4.77027027027027,0.6216216216216216,38.80434782608695,-51.142857142857146,1.2465083798882681,-2.9444444444444446,"12.50,-2.94,-1.06,9.72",6,10,-49.0,3431.0,-6874.5,31.18918918918919
75,4,50,6,"(3,)",15,4.766666666666667,0.7333333333333333,24.318181818181817,-49.0,1.364795918367347,-14.25,"7.50,-14.25,5.50,25.50",6,9,-54.5,1381.5,-2729.5,25.8
75,4,50,6,"(14,)",15,4.766666666666667,0.7333333333333333,24.318181818181817,-49.0,1.364795918367347,-13.0,"22.75,-13.00,-11.00,25.50",6,9,-54.5,1400.0,-3216.0,27.866666666666667
80,0,50,6,"(14,)",19,4.7631578947368425,0.6842105263157895,28.73076923076923,-47.166666666666664,1.3197879858657244,-3.7,"13.30,-3.70,-1.30,12.25",5,9,-54.5,1097.5,-3974.5,29.105263157894736
85,6,55,10,"(3, 18)",19,4.7631578947368425,0.6842105263157895,32.03846153846154,-54.333333333333336,1.2776073619631902,-20.9,"1.30,-20.90,31.10,8.25",5,8,-59.5,2095.5,-6234.0,24.789473684210527
85,6,55,10,"(3, 12, 18)",19,4.7631578947368425,0.6842105263157895,32.03846153846154,-54.333333333333336,1.2776073619631902,-20.9,"1.30,-20.90,31.10,8.25",5,8,-59.5,2095.5,-6234.0,24.789473684210527
85,7,55,10,"(3, 18)",19,4.7631578947368425,0.6842105263157895,32.03846153846154,-54.333333333333336,1.2776073619631902,-20.9,"1.30,-20.90,31.10,8.25",5,8,-59.5,2095.5,-6234.0,24.789473684210527
85,7,55,10,"(3, 12, 18)",19,4.7631578947368425,0.6842105263157895,32.03846153846154,-54.333333333333336,1.2776073619631902,-20.9,"1.30,-20.90,31.10,8.25",5,8,-59.5,2095.5,-6234.0,24.789473684210527
85,8,55,10,"(3, 18)",19,4.7631578947368425,0.6842105263157895,32.03846153846154,-54.333333333333336,1.2776073619631902,-20.9,"1.30,-20.90,31.10,8.25",5,8,-59.5,2095.5,-6234.0,24.789473684210527
85,8,55,10,"(3, 12, 18)",19,4.7631578947368425,0.6842105263157895,32.03846153846154,-54.333333333333336,1.2776073619631902,-20.9,"1.30,-20.90,31.10,8.25",5,8,-59.5,2095.5,-6234.0,24.789473684210527
90,10,55,10,"(3, 18)",17,4.735294117647059,0.6470588235294118,36.86363636363637,-54.166666666666664,1.2476923076923077,-12.25,"3.50,-8.50,36.50,-12.25",4,8,-59.5,1675.5,-5248.0,26.764705882352942
90,10,55,10,"(3, 12, 18)",17,4.735294117647059,0.6470588235294118,36.86363636363637,-54.166666666666664,1.2476923076923077,-12.25,"3.50,-8.50,36.50,-12.25",4,8,-59.5,1675.5,-5248.0,26.764705882352942
65,4,50,7,(),18,4.722222222222222,0.8333333333333334,14.966666666666667,-46.5,1.6093189964157706,-1.25,"3.90,13.30,-1.25,1.00",7,10,-54.5,1887.5,-3262.0,29.5
75,4,50,7,(),18,4.722222222222222,0.7222222222222222,24.884615384615383,-47.7,1.3563941299790356,-6.7,"11.90,-6.70,6.25,8.50",6,10,-54.5,1465.5,-2971.0,28.055555555555557
65,0,55,7,"(3,)",30,4.7,0.8666666666666667,13.076923076923077,-49.75,1.7085427135678393,-6.071428571428571,"7.00,4.12,-6.07,13.50",7,10,-42.5,3868.0,-3251.0,28.8
75,4,55,10,"(3, 18)",25,4.7,0.76,22.81578947368421,-52.666666666666664,1.3718354430379747,-16.166666666666668,"14.64,-16.17,22.00,-3.33",5,10,-59.5,2866.0,-4122.5,27.84
80,0,55,8,"(3, 18)",31,4.693548387096774,0.7096774193548387,28.181818181818183,-52.72222222222222,1.3066385669125395,-12.25,"20.12,-12.25,-4.62,17.07",5,10,-42.5,3681.0,-5685.0,29.096774193548388
75,4,55,6,"(3, 18)",16,4.6875,0.75,22.583333333333332,-49.0,1.3826530612244898,-14.25,"7.50,-14.25,2.00,23.50",6,9,-54.5,1274.0,-2729.5,24.875
90,0,55,10,"(3, 18)",35,4.671428571428572,0.6285714285714286,38.45454545454545,-52.5,1.2395604395604396,-12.722222222222221,"20.06,-12.72,-4.28,17.00",6,10,-42.5,3524.5,-8998.5,30.02857142857143
99,0,55,6,(),25,4.66,0.56,46.714285714285715,-48.86363636363637,1.2167441860465116,-32.666666666666664,"20.36,13.83,-32.67,14.50",7,10,-56.0,486.0,-9492.5,29.68
90,0,50,6,"(18,)",20,4.65,0.6,38.333333333333336,-45.875,1.2534059945504088,-14.3,"21.70,-14.30,3.90,7.30",5,10,-54.5,-9.0,-4050.5,28.1
95,0,55,10,"(3,)",37,4.635135135135135,0.5945945945945946,43.72727272727273,-52.7,1.2169512966476914,-10.5,"16.00,-10.50,10.50,1.28",6,10,-51.166666666666664,3651.5,-9518.5,30.62162162162162
95,0,55,10,"(14,)",37,4.635135135135135,0.5945945945945946,43.77272727272727,-52.766666666666666,1.2166771951989892,-10.61111111111111,"6.50,9.39,-10.61,13.06",6,10,-55.5,3746.0,-9448.0,32.270270270270274
70,0,47,6,"(12,)",15,4.633333333333334,0.7333333333333333,21.954545454545453,-43.0,1.4040697674418605,-10.75,"-10.75,19.50,7.25,1.83",4,8,-42.5,886.5,-1951.0,29.666666666666668
80,4,55,8,"(18,)",24,4.625,0.7083333333333334,27.38235294117647,-50.642857142857146,1.31311706629055,-1.5,"3.83,0.50,-1.50,15.67",5,10,-54.5,1942.5,-4012.0,26.375
65,0,50,8,"(14,)",25,4.62,0.84,14.261904761904763,-46.0,1.627717391304348,-4.333333333333333,"6.79,12.50,3.17,-4.33",5,9,-20.0,2424.5,-3620.5,32.92
75,10,55,10,"(18,)",18,4.611111111111111,0.7777777777777778,21.571428571428573,-54.75,1.3789954337899544,-8.1,"9.50,-8.10,20.50,-1.50",5,8,-21.0,2006.5,-4073.0,26.38888888888889
75,10,55,10,"(12, 18)",18,4.611111111111111,0.7777777777777778,21.571428571428573,-54.75,1.3789954337899544,-8.1,"9.50,-8.10,20.50,-1.50",5,8,-21.0,2006.5,-4073.0,26.38888888888889
65,4,50,8,"(20,)",19,4.605263157894737,0.8421052631578947,14.1875,-46.5,1.6272401433691757,0.9,"3.90,11.90,0.90,1.00",7,10,-54.5,1933.0,-3262.0,29.263157894736842
65,4,55,7,"(20,)",21,4.595238095238095,0.8571428571428571,13.11111111111111,-46.5,1.6917562724014337,-1.3,"4.67,12.70,-1.30,2.30",7,10,-54.5,2072.0,-2935.0,28.476190476190474
75,0,55,10,"(3, 12, 18)",32,4.59375,0.75,23.791666666666668,-53.0,1.346698113207547,-15.375,"16.50,-15.38,12.38,4.88",5,10,-42.5,4379.5,-4420.0,29.46875
90,0,55,10,"(3, 12, 18)",32,4.59375,0.625,38.75,-52.333333333333336,1.234076433121019,-19.125,"18.38,-19.12,14.25,4.88",6,10,-50.5,3175.5,-8194.5,28.96875
75,7,55,10,(),22,4.590909090909091,0.7727272727272727,22.08823529411765,-54.9,1.3679417122040072,-16.833333333333332,"11.83,-16.83,22.10,4.10",5,9,-55.5,2674.5,-3741.5,25.954545454545453
75,7,55,10,"(12,)",22,4.590909090909091,0.7727272727272727,22.08823529411765,-54.9,1.3679417122040072,-16.833333333333332,"11.83,-16.83,22.10,4.10",5,9,-55.5,2674.5,-3741.5,25.954545454545453
75,7,55,10,"(14,)",22,4.590909090909091,0.7727272727272727,22.08823529411765,-54.9,1.3679417122040072,-16.833333333333332,"11.83,-16.83,22.10,4.10",5,9,-55.5,2674.5,-3741.5,25.954545454545453
75,8,55,10,(),22,4.590909090909091,0.7727272727272727,22.08823529411765,-54.9,1.3679417122040072,-16.833333333333332,"11.83,-16.83,22.10,4.10",5,9,-55.5,2674.5,-3741.5,25.954545454545453
75,8,55,10,"(12,)",22,4.590909090909091,0.7727272727272727,22.08823529411765,-54.9,1.3679417122040072,-16.833333333333332,"11.83,-16.83,22.10,4.10",5,9,-55.5,2674.5,-3741.5,25.954545454545453
75,8,55,10,"(14,)",22,4.590909090909091,0.7727272727272727,22.08823529411765,-54.9,1.3679417122040072,-16.833333333333332,"11.83,-16.83,22.10,4.10",5,9,-55.5,2674.5,-3741.5,25.954545454545453
85,7,55,10,(),22,4.590909090909091,0.6818181818181818,32.166666666666664,-54.5,1.2647444298820445,-11.833333333333334,"-8.17,-11.83,32.10,12.10",5,9,-55.5,2313.5,-5750.0,23.318181818181817
85,7,55,10,"(12,)",22,4.590909090909091,0.6818181818181818,32.166666666666664,-54.5,1.2647444298820445,-11.833333333333334,"-8.17,-11.83,32.10,12.10",5,9,-55.5,2313.5,-5750.0,23.318181818181817
85,7,55,10,"(14,)",22,4.590909090909091,0.6818181818181818,32.166666666666664,-54.5,1.2647444298820445,-11.833333333333334,"-8.17,-11.83,32.10,12.10",5,9,-55.5,2313.5,-5750.0,23.318181818181817
85,8,55,10,(),22,4.590909090909091,0.6818181818181818,32.166666666666664,-54.5,1.2647444298820445,-11.833333333333334,"-8.17,-11.83,32.10,12.10",5,9,-55.5,2313.5,-5750.0,23.318181818181817
85,8,55,10,"(12,)",22,4.590909090909091,0.6818181818181818,32.166666666666664,-54.5,1.2647444298820445,-11.833333333333334,"-8.17,-11.83,32.10,12.10",5,9,-55.5,2313.5,-5750.0,23.318181818181817
85,8,55,10,"(14,)",22,4.590909090909091,0.6818181818181818,32.166666666666664,-54.5,1.2647444298820445,-11.833333333333334,"-8.17,-11.83,32.10,12.10",5,9,-55.5,2313.5,-5750.0,23.318181818181817
65,0,50,10,"(12,)",28,4.571428571428571,0.8214285714285714,15.456521739130435,-45.5,1.5626373626373626,-2.0714285714285716,"-2.07,5.07,14.36,0.93",6,10,-49.0,2795.5,-3229.0,30.035714285714285
75,0,45,7,"(14,)",16,4.5625,0.6875,27.40909090909091,-45.7,1.3194748358862145,-13.0,"12.00,-13.00,26.00,-6.75",4,8,-42.5,1183.0,-4413.5,30.75
75,0,45,8,"(14,)",16,4.5625,0.6875,27.40909090909091,-45.7,1.3194748358862145,-13.0,"12.00,-13.00,26.00,-6.75",4,8,-42.5,1183.0,-4413.5,30.75
85,0,55,10,"(12, 18)",35,4.557142857142857,0.6571428571428571,33.71739130434783,-51.333333333333336,1.2589285714285714,-6.277777777777778,"8.06,-6.28,12.61,3.75",6,10,-42.5,3378.0,-7524.5,29.428571428571427
65,0,47,7,"(12,)",19,4.552631578947368,0.7894736842105263,17.233333333333334,-43.0,1.502906976744186,-11.75,"6.50,2.70,17.50,-11.75",5,9,-42.5,1476.0,-2287.5,31.57894736842105
65,0,47,8,"(12,)",19,4.552631578947368,0.7894736842105263,17.233333333333334,-43.0,1.502906976744186,-11.75,"6.50,2.70,17.50,-11.75",5,9,-42.5,1476.0,-2287.5,31.57894736842105
75,0,47,7,"(12,)",19,4.552631578947368,0.6842105263157895,27.5,-45.166666666666664,1.3191881918819188,-19.3,"14.50,-19.30,27.50,-6.75",4,9,-42.5,1341.5,-4700.0,30.36842105263158
75,0,47,8,"(12,)",19,4.552631578947368,0.6842105263157895,27.5,-45.166666666666664,1.3191881918819188,-19.3,"14.50,-19.30,27.50,-6.75",4,9,-42.5,1341.5,-4700.0,30.36842105263158
90,4,50,10,(),23,4.543478260869565,0.6086956521739131,40.07142857142857,-50.72222222222222,1.2289156626506024,-21.666666666666668,"10.67,-21.67,24.33,4.90",5,10,-54.5,1935.5,-5228.5,26.82608695652174
85,4,55,10,"(18,)",27,4.537037037037037,0.6666666666666666,32.666666666666664,-51.72222222222222,1.263157894736842,-4.785714285714286,"-1.07,-4.79,6.36,19.83",6,10,-54.5,2222.0,-5313.5,25.703703703703702
90,4,55,10,"(18,)",27,4.537037037037037,0.6296296296296297,37.85294117647059,-52.1,1.2351247600767754,-2.9285714285714284,"1.79,-1.93,-2.93,24.00",6,10,-54.5,2194.0,-5190.0,26.14814814814815
65,0,50,10,"(18,)",29,4.5344827586206895,0.8275862068965517,14.916666666666666,-45.3,1.5805739514348787,0.9285714285714286,"8.00,4.93,3.79,0.93",6,10,-42.5,2748.5,-2287.5,31.689655172413794
65,0,55,8,"(3, 18)",31,4.532258064516129,0.8709677419354839,12.574074074074074,-49.75,1.7060301507537687,-5.875,"7.00,4.62,-5.88,13.50",7,10,-42.5,3712.5,-3251.0,28.483870967741936
80,0,55,7,(),33,4.5,0.696969696969697,28.32608695652174,-50.3,1.2952286282306162,-1.375,"12.94,6.50,-1.38,-1.12",5,10,-42.5,2845.5,-6026.0,32.45454545454545
80,10,55,10,"(20,)",18,4.5,0.7222222222222222,27.423076923076923,-55.1,1.294010889292196,-7.3,"-1.50,-7.30,29.00,2.25",5,9,-55.5,2066.5,-3820.0,24.833333333333332
80,4,50,10,"(12,)",22,4.5,0.6818181818181818,29.7,-49.5,1.2857142857142858,-25.0,"4.00,-25.00,28.90,16.10",5,9,-49.0,1720.0,-5533.0,25.0
90,0,50,6,"(12, 18)",17,4.5,0.5882352941176471,38.9,-44.642857142857146,1.2448,-6.75,"6.10,-6.75,-1.50,19.75",5,9,-42.5,-152.0,-3461.0,27.647058823529413
85,4,55,10,"(3,)",27,4.462962962962963,0.6666666666666666,33.27777777777778,-53.166666666666664,1.251828631138976,-17.642857142857142,"-0.93,-17.64,32.93,3.33",6,10,-59.5,2746.5,-6411.5,24.185185185185187
90,4,55,10,"(3,)",27,4.462962962962963,0.6296296296296297,38.5,-53.4,1.2256554307116105,-15.5,"1.93,-15.50,25.07,6.67",6,10,-59.5,2798.0,-6258.0,25.037037037037038
80,4,55,10,"(3, 12, 18)",24,4.458333333333333,0.7083333333333334,27.970588235294116,-52.642857142857146,1.2903663500678426,-26.666666666666668,"4.83,-26.67,25.33,14.33",4,9,-59.5,2525.5,-5440.5,24.625
65,4,55,7,"(18,)",22,4.454545454545454,0.8636363636363636,12.5,-46.5,1.7025089605734767,-2.1,"4.67,11.50,-2.10,2.30",7,10,-54.5,2017.0,-2935.0,28.181818181818183
80,0,55,6,"(20,)",22,4.454545454545454,0.6818181818181818,28.966666666666665,-48.07142857142857,1.2912332838038634,-18.3,"4.00,15.67,-18.30,14.30",7,10,-54.5,1369.5,-3091.5,28.59090909090909
65,0,50,7,"(12, 18)",21,4.4523809523809526,0.8095238095238095,15.617647058823529,-43.0,1.5436046511627908,-7.7,"6.83,1.70,16.50,-7.70",6,10,-42.5,1604.0,-2287.5,30.857142857142858
75,6,55,10,"(20,)",21,4.4523809523809526,0.7619047619047619,22.5625,-53.5,1.3495327102803738,-10.3,"11.83,-10.30,24.50,-9.70",6,9,-55.5,2266.0,-2953.0,28.0
65,4,50,8,"(18,)",19,4.447368421052632,0.8421052631578947,14.0,-46.5,1.6057347670250897,-0.1,"3.90,12.30,-0.10,1.00",7,10,-54.5,1732.0,-3262.0,28.94736842105263
80,4,50,8,"(18,)",19,4.447368421052632,0.6842105263157895,29.192307692307693,-49.166666666666664,1.2864406779661017,-20.7,"15.90,-20.70,11.90,12.25",5,10,-54.5,1433.5,-4012.0,27.105263157894736
70,0,47,6,"(20,)",15,4.433333333333334,0.7333333333333333,21.681818181818183,-43.0,1.3866279069767442,-10.75,"-10.75,19.25,6.75,1.83",5,8,-42.5,829.5,-1951.0,29.533333333333335
75,0,55,8,"(3, 12, 18)",28,4.428571428571429,0.75,23.214285714285715,-51.92857142857143,1.3411279229711142,-9.5,"15.36,-9.50,10.79,1.07",5,10,-42.5,3172.0,-4263.5,28.857142857142858
65,0,55,10,"(12, 18)",35,4.414285714285715,0.8571428571428571,12.8,-45.9,1.673202614379085,-0.625,"1.94,11.50,4.28,-0.62",5,10,-42.5,3400.0,-2315.5,31.02857142857143
95,0,55,6,"(3, 18)",22,4.409090909090909,0.5909090909090909,42.26923076923077,-50.27777777777778,1.2143646408839779,-32.3,"14.00,10.17,-32.30,22.70",7,10,-56.0,703.5,-6832.0,26.681818181818183
75,4,55,7,"(3, 18)",20,4.4,0.75,22.9,-51.1,1.3444227005870841,-8.1,"11.90,-8.10,6.90,6.90",6,10,-59.5,1847.0,-2955.0,26.5
65,0,47,7,"(20,)",19,4.394736842105263,0.7894736842105263,17.033333333333335,-43.0,1.4854651162790697,-11.75,"6.50,2.50,17.10,-11.75",5,9,-42.5,1366.5,-2287.5,31.31578947368421
65,0,47,8,"(20,)",19,4.394736842105263,0.7894736842105263,17.033333333333335,-43.0,1.4854651162790697,-11.75,"6.50,2.50,17.10,-11.75",5,9,-42.5,1366.5,-2287.5,31.31578947368421
85,0,55,10,"(18,)",38,4.368421052631579,0.6578947368421053,33.46,-51.57692307692308,1.2475764354958985,-3.2,"10.10,-3.20,4.39,6.39",7,10,-42.5,3371.5,-7607.5,30.026315789473685
80,0,55,7,"(14,)",30,4.366666666666666,0.7,28.166666666666668,-51.166666666666664,1.284473398479913,-8.642857142857142,"20.12,7.75,-8.64,-4.50",5,9,-27.5,2651.5,-7936.5,33.63333333333333
65,0,55,10,"(3,)",37,4.364864864864865,0.8648648648648649,13.0,-50.9,1.6345776031434185,-2.2777777777777777,"1.50,5.06,-2.28,13.50",8,10,-49.0,4815.0,-3251.0,28.16216216216216
75,0,55,8,"(3,)",32,4.34375,0.75,23.208333333333332,-52.25,1.332535885167464,-5.375,"15.75,-5.38,3.25,3.75",5,10,-42.5,3698.0,-5074.5,29.9375
85,0,47,6,"(12,)",15,4.3,0.6,37.27777777777778,-45.166666666666664,1.2380073800738007,-8.0,"-3.25,-8.00,18.50,11.83",4,8,-42.5,579.0,-3898.0,27.6
75,4,55,10,"(12,)",28,4.285714285714286,0.75,22.833333333333332,-51.357142857142854,1.333796940194715,-11.214285714285714,"4.07,-11.21,22.93,1.36",5,9,-49.0,2446.0,-3806.0,26.071428571428573
80,4,50,10,"(20,)",22,4.2727272727272725,0.6818181818181818,29.7,-50.214285714285715,1.267425320056899,-12.0,"4.00,-12.00,29.50,-1.10",6,10,-54.5,1776.5,-4493.5,26.136363636363637
85,6,50,10,(),17,4.264705882352941,0.6470588235294118,34.22727272727273,-50.666666666666664,1.238486842105263,-31.75,"1.50,-31.75,35.00,13.00",4,8,-55.5,1243.5,-4762.5,25.823529411764707
85,6,50,10,"(12,)",17,4.264705882352941,0.6470588235294118,34.22727272727273,-50.666666666666664,1.238486842105263,-31.75,"1.50,-31.75,35.00,13.00",4,8,-55.5,1243.5,-4762.5,25.823529411764707
85,6,50,10,"(14,)",17,4.264705882352941,0.6470588235294118,34.22727272727273,-50.666666666666664,1.238486842105263,-31.75,"1.50,-31.75,35.00,13.00",4,8,-55.5,1243.5,-4762.5,25.823529411764707
80,5,55,10,"(20,)",24,4.25,0.7083333333333334,28.029411764705884,-53.5,1.2723631508678237,-14.833333333333334,"2.67,-14.83,29.33,-0.17",5,9,-55.5,2541.5,-4307.5,26.208333333333332
75,0,55,7,"(3, 12)",27,4.2407407407407405,0.7407407407407407,23.9,-51.92857142857143,1.314993122420908,-8.785714285714286,"15.36,-8.79,0.21,11.17",4,10,-42.5,3060.0,-4645.5,28.74074074074074
65,0,50,7,"(14,)",23,4.239130434782608,0.8260869565217391,14.81578947368421,-46.0,1.5298913043478262,-7.7,"15.33,3.67,3.67,-7.70",5,9,-20.0,1923.5,-3497.5,32.65217391304348
65,0,47,7,"(18,)",19,4.2368421052631575,0.7894736842105263,16.833333333333332,-43.0,1.4680232558139534,-11.75,"6.50,2.70,16.30,-11.75",5,9,-42.5,1200.5,-2287.5,31.105263157894736
65,0,47,8,"(18,)",19,4.2368421052631575,0.7894736842105263,16.833333333333332,-43.0,1.4680232558139534,-11.75,"6.50,2.70,16.30,-11.75",5,9,-42.5,1200.5,-2287.5,31.105263157894736
75,0,47,7,"(18,)",19,4.2368421052631575,0.6842105263157895,27.03846153846154,-45.166666666666664,1.2970479704797049,-19.3,"14.50,-19.30,26.30,-6.75",5,9,-42.5,1048.5,-4700.0,29.842105263157894
75,0,47,8,"(18,)",19,4.2368421052631575,0.6842105263157895,27.03846153846154,-45.166666666666664,1.2970479704797049,-19.3,"14.50,-19.30,26.30,-6.75",5,9,-42.5,1048.5,-4700.0,29.842105263157894
70,0,47,6,"(18,)",15,4.233333333333333,0.7333333333333333,21.40909090909091,-43.0,1.369186046511628,-10.75,"-10.75,19.50,5.75,1.83",5,8,-42.5,628.0,-1951.0,29.2
65,0,55,7,"(3, 18)",29,4.224137931034483,0.8620689655172413,12.86,-49.75,1.6155778894472361,-8.071428571428571,"7.00,4.07,-8.07,13.50",7,10,-42.5,3222.5,-3081.5,28.103448275862068
75,4,55,8,"(18,)",24,4.208333333333333,0.75,22.166666666666668,-49.666666666666664,1.3389261744966443,-4.833333333333333,"13.00,-2.83,-4.83,11.50",6,10,-54.5,1661.0,-4080.5,27.083333333333332
95,0,55,8,"(18,)",34,4.205882352941177,0.5882352941176471,42.6,-50.642857142857146,1.2016925246826515,-28.75,"24.61,9.50,-28.75,8.25",6,10,-42.5,1251.5,-11477.0,34.3235294117647
65,0,55,6,"(3, 12)",20,4.2,0.85,13.441176470588236,-48.166666666666664,1.5813148788927336,-8.9,"-8.90,13.30,0.70,11.70",7,10,-57.5,1959.5,-2091.0,25.65
75,0,55,7,"(20,)",30,4.2,0.7333333333333333,23.727272727272727,-49.5,1.3181818181818181,-7.357142857142857,"15.75,5.12,1.50,-7.36",6,10,-42.5,2568.5,-4582.0,32.43333333333333
80,6,50,10,"(20,)",16,4.1875,0.6875,29.227272727272727,-50.9,1.2632612966601178,-33.25,"10.75,-33.25,30.00,9.25",5,8,-55.5,1328.5,-3792.5,26.3125
75,0,50,7,"(18,)",24,4.166666666666667,0.7083333333333334,25.029411764705884,-46.5,1.3072196620583718,-11.666666666666666,"13.00,-11.67,11.17,4.17",6,10,-42.5,1414.0,-4153.5,30.333333333333332
80,0,55,6,"(3,)",23,4.1521739130434785,0.6956521739130435,28.375,-51.214285714285715,1.2663877266387726,0.16666666666666666,"4.00,0.17,2.83,10.70",6,10,-56.0,2057.0,-3476.0,25.217391304347824
70,0,50,6,(),21,4.119047619047619,0.7619047619047619,19.5625,-45.3,1.3818984547461368,-4.7,"-2.67,18.30,6.90,-4.70",6,10,-54.5,1154.5,-1772.5,28.904761904761905
80,0,50,6,(),21,4.119047619047619,0.6666666666666666,29.428571428571427,-46.5,1.2657450076804915,-3.7,"4.00,-3.70,14.90,1.30",6,10,-54.5,804.0,-3476.0,27.333333333333332
65,0,45,7,(),18,4.111111111111111,0.7777777777777778,17.571428571428573,-43.0,1.430232558139535,-11.75,"-4.90,14.50,18.25,-11.75",5,9,-42.5,1176.0,-2222.0,31.0
65,0,45,7,"(12,)",18,4.111111111111111,0.7777777777777778,17.571428571428573,-43.0,1.430232558139535,-11.75,"-4.90,14.50,18.25,-11.75",5,9,-42.5,1176.0,-2222.0,31.0
65,0,45,8,(),18,4.111111111111111,0.7777777777777778,17.571428571428573,-43.0,1.430232558139535,-11.75,"-4.90,14.50,18.25,-11.75",5,9,-42.5,1176.0,-2222.0,31.0
65,0,45,8,"(12,)",18,4.111111111111111,0.7777777777777778,17.571428571428573,-43.0,1.430232558139535,-11.75,"-4.90,14.50,18.25,-11.75",5,9,-42.5,1176.0,-2222.0,31.0
95,12,55,10,"(18,)",15,4.1,0.6,42.94444444444444,-54.166666666666664,1.1892307692307693,-30.75,"23.25,-30.75,19.00,5.17",4,7,-60.5,1224.0,-6113.5,26.8
95,12,55,10,"(12, 18)",15,4.1,0.6,42.94444444444444,-54.166666666666664,1.1892307692307693,-30.75,"23.25,-30.75,19.00,5.17",4,7,-60.5,1224.0,-6113.5,26.8
90,0,55,10,"(3,)",37,4.094594594594595,0.6216216216216216,38.67391304347826,-52.714285714285715,1.2052845528455285,-12.722222222222221,"12.50,-12.72,7.17,8.50",6,10,-49.0,3373.0,-8062.5,28.54054054054054
90,0,55,10,"(14,)",37,4.094594594594595,0.6216216216216216,38.71739130434783,-52.785714285714285,1.2050067658998647,-2.8333333333333335,"3.50,6.06,-2.83,9.72",6,10,-55.5,3398.0,-7568.5,30.27027027027027
65,4,50,7,"(20,)",17,4.088235294117647,0.8235294117647058,14.928571428571429,-46.5,1.4982078853046594,-1.25,"3.90,12.75,-1.25,1.00",7,10,-54.5,1397.0,-3165.0,28.941176470588236
80,0,55,7,"(12, 18)",29,4.086206896551724,0.6896551724137931,28.35,-49.833333333333336,1.2642140468227425,-4.5,"11.62,3.21,4.93,-4.50",4,10,-42.5,2008.0,-4642.0,31.03448275862069
75,6,55,10,"(18,)",21,4.071428571428571,0.7619047619047619,21.6875,-52.3,1.3269598470363289,-9.7,"11.00,-8.10,21.70,-9.70",5,8,-28.166666666666668,1621.5,-4214.0,28.047619047619047
75,6,55,10,"(12, 18)",21,4.071428571428571,0.7619047619047619,21.6875,-52.3,1.3269598470363289,-9.7,"11.00,-8.10,21.70,-9.70",5,8,-28.166666666666668,1621.5,-4214.0,28.047619047619047
65,0,50,6,"(3, 18)",18,4.055555555555555,0.8333333333333334,14.3,-47.166666666666664,1.5159010600706713,-3.5,"1.70,1.70,-3.50,17.50",7,10,-54.5,1519.0,-1935.5,25.88888888888889
75,0,50,6,"(3, 18)",18,4.055555555555555,0.7222222222222222,24.115384615384617,-48.1,1.3035343035343034,-20.3,"9.70,-20.30,4.00,27.50",7,10,-54.5,1130.5,-3554.0,24.61111111111111
80,10,55,10,"(18,)",18,4.055555555555555,0.7222222222222222,26.346153846153847,-53.9,1.2708719851576995,-5.1,"-2.50,-5.10,25.50,2.25",4,8,-18.5,1513.0,-5065.5,24.77777777777778
80,10,55,10,"(12, 18)",18,4.055555555555555,0.7222222222222222,26.346153846153847,-53.9,1.2708719851576995,-5.1,"-2.50,-5.10,25.50,2.25",4,8,-18.5,1513.0,-5065.5,24.77777777777778
70,0,55,6,"(20,)",22,4.0,0.7727272727272727,18.5,-45.3,1.3885209713024282,-8.3,"-2.67,19.00,-8.30,6.30",6,10,-54.5,991.0,-1772.5,27.727272727272727
65,4,55,10,(),29,3.9827586206896552,0.8620689655172413,12.42,-48.75,1.5923076923076922,-1.625,"-1.62,11.64,3.21,3.50",7,10,-54.5,2624.0,-3056.0,27.724137931034484
75,4,55,7,(),23,3.9782608695652173,0.7391304347826086,22.91176470588235,-49.666666666666664,1.3070469798657718,-3.5,"13.00,-3.50,-2.83,10.30",6,10,-54.5,1508.5,-4080.5,27.0
75,6,55,10,"(3,)",21,3.9761904761904763,0.7619047619047619,22.375,-54.9,1.3041894353369763,-24.9,"11.83,-24.90,22.90,4.50",5,9,-59.5,2218.5,-3741.5,25.952380952380953
75,6,55,10,"(3, 12)",21,3.9761904761904763,0.7619047619047619,22.375,-54.9,1.3041894353369763,-24.9,"11.83,-24.90,22.90,4.50",5,9,-59.5,2218.5,-3741.5,25.952380952380953
75,7,55,10,"(3,)",21,3.9761904761904763,0.7619047619047619,22.375,-54.9,1.3041894353369763,-24.9,"11.83,-24.90,22.90,4.50",5,9,-59.5,2218.5,-3741.5,25.952380952380953
75,7,55,10,"(3, 12)",21,3.9761904761904763,0.7619047619047619,22.375,-54.9,1.3041894353369763,-24.9,"11.83,-24.90,22.90,4.50",5,9,-59.5,2218.5,-3741.5,25.952380952380953
75,8,55,10,"(3,)",21,3.9761904761904763,0.7619047619047619,22.375,-54.9,1.3041894353369763,-24.9,"11.83,-24.90,22.90,4.50",5,9,-59.5,2218.5,-3741.5,25.952380952380953
75,8,55,10,"(3, 12)",21,3.9761904761904763,0.7619047619047619,22.375,-54.9,1.3041894353369763,-24.9,"11.83,-24.90,22.90,4.50",5,9,-59.5,2218.5,-3741.5,25.952380952380953
85,6,55,10,"(20,)",21,3.9761904761904763,0.6666666666666666,32.714285714285715,-53.5,1.2229639519359146,-8.166666666666666,"-8.17,-4.30,34.50,-3.70",5,9,-55.5,1632.0,-4760.0,25.142857142857142
90,0,55,10,"(3, 12)",34,3.9705882352941178,0.6176470588235294,38.976190476190474,-52.57692307692308,1.1975128017556693,-12.722222222222221,"10.17,-12.72,14.88,4.88",6,10,-50.5,2993.0,-8662.5,27.647058823529413
95,0,47,6,"(12,)",15,3.966666666666667,0.5333333333333333,46.5,-44.642857142857146,1.1904,-3.0,"1.75,-3.00,2.25,18.50",5,8,-42.5,-313.5,-3894.0,27.8
80,4,50,10,"(3,)",22,3.9545454545454546,0.6818181818181818,29.7,-51.214285714285715,1.2426778242677825,-25.0,"4.00,-25.00,28.90,13.70",5,9,-54.5,1792.5,-5533.0,24.681818181818183
80,4,50,10,"(14,)",22,3.9545454545454546,0.6818181818181818,29.7,-51.214285714285715,1.2426778242677825,-11.833333333333334,"2.67,-11.83,29.50,-1.10",5,10,-55.5,1903.0,-4352.5,26.818181818181817
80,5,55,10,"(18,)",24,3.9166666666666665,0.7083333333333334,27.205882352941178,-52.642857142857146,1.2550881953867028,-13.666666666666666,"2.50,-13.67,27.00,-0.17",4,8,-26.5,1846.0,-5729.0,26.25
80,5,55,10,"(12, 18)",24,3.9166666666666665,0.7083333333333334,27.205882352941178,-52.642857142857146,1.2550881953867028,-13.666666666666666,"2.50,-13.67,27.00,-0.17",4,8,-26.5,1846.0,-5729.0,26.25
65,0,50,10,"(14,)",29,3.913793103448276,0.8275862068965517,14.708333333333334,-47.9,1.4739039665970772,-0.6428571428571429,"6.38,4.93,4.64,-0.64",6,10,-55.5,2593.0,-3238.0,31.517241379310345
65,4,50,7,"(18,)",17,3.911764705882353,0.8235294117647058,14.714285714285714,-46.5,1.4767025089605734,-2.5,"3.90,13.25,-2.50,1.00",7,10,-54.5,1278.5,-3122.5,28.647058823529413
90,0,55,8,"(18,)",34,3.911764705882353,0.6176470588235294,37.595238095238095,-50.5,1.2025894897182026,-18.75,"20.72,6.17,-18.75,5.12",6,10,-42.5,1362.5,-8160.5,32.44117647058823
90,7,55,10,(),22,3.909090909090909,0.6363636363636364,37.357142857142854,-54.625,1.196796338672769,-9.333333333333334,"-5.67,-9.33,19.10,16.10",5,9,-55.5,1782.0,-5692.5,23.727272727272727
90,7,55,10,"(12,)",22,3.909090909090909,0.6363636363636364,37.357142857142854,-54.625,1.196796338672769,-9.333333333333334,"-5.67,-9.33,19.10,16.10",5,9,-55.5,1782.0,-5692.5,23.727272727272727
90,7,55,10,"(14,)",22,3.909090909090909,0.6363636363636364,37.357142857142854,-54.625,1.196796338672769,-9.333333333333334,"-5.67,-9.33,19.10,16.10",5,9,-55.5,1782.0,-5692.5,23.727272727272727
90,8,55,10,(),22,3.909090909090909,0.6363636363636364,37.357142857142854,-54.625,1.196796338672769,-9.333333333333334,"-5.67,-9.33,19.10,16.10",5,9,-55.5,1782.0,-5692.5,23.727272727272727
90,8,55,10,"(12,)",22,3.909090909090909,0.6363636363636364,37.357142857142854,-54.625,1.196796338672769,-9.333333333333334,"-5.67,-9.33,19.10,16.10",5,9,-55.5,1782.0,-5692.5,23.727272727272727
90,8,55,10,"(14,)",22,3.909090909090909,0.6363636363636364,37.357142857142854,-54.625,1.196796338672769,-9.333333333333334,"-5.67,-9.33,19.10,16.10",5,9,-55.5,1782.0,-5692.5,23.727272727272727
85,0,47,6,"(18,)",15,3.9,0.6,36.611111111111114,-45.166666666666664,1.2158671586715868,-8.0,"-3.25,-8.00,17.00,11.83",4,8,-42.5,254.5,-3898.0,27.133333333333333
85,0,55,6,"(14,)",23,3.891304347826087,0.6521739130434783,32.7,-50.125,1.2231920199501247,-24.0,"19.17,4.50,-24.00,18.30",6,9,-56.0,963.0,-5271.0,28.956521739130434
75,4,55,10,"(14,)",28,3.857142857142857,0.75,22.833333333333332,-53.07142857142857,1.2907133243606999,-10.5,"12.79,-10.50,11.79,1.36",5,10,-55.5,2690.5,-4455.5,28.321428571428573
75,10,55,10,"(3, 18)",17,3.8529411764705883,0.7647058823529411,21.884615384615383,-54.75,1.2990867579908676,-16.0,"9.50,-16.00,21.50,-1.00",5,8,-59.5,1568.0,-4073.0,26.470588235294116
75,10,55,10,"(3, 12, 18)",17,3.8529411764705883,0.7647058823529411,21.884615384615383,-54.75,1.2990867579908676,-16.0,"9.50,-16.00,21.50,-1.00",5,8,-59.5,1568.0,-4073.0,26.470588235294116
85,0,55,10,"(12,)",37,3.8513513513513513,0.6486486486486487,33.916666666666664,-51.65384615384615,1.212211466865227,-6.277777777777778,"1.70,-6.28,13.83,6.39",6,10,-49.0,3041.5,-8500.5,27.91891891891892
80,5,55,10,"(3,)",24,3.8333333333333335,0.7083333333333334,27.852941176470587,-54.5,1.2411533420707732,-26.666666666666668,"2.67,-26.67,26.83,12.50",4,9,-59.5,2449.0,-5396.5,24.5
80,5,55,10,"(3, 12)",24,3.8333333333333335,0.7083333333333334,27.852941176470587,-54.5,1.2411533420707732,-26.666666666666668,"2.67,-26.67,26.83,12.50",4,9,-59.5,2449.0,-5396.5,24.5
95,0,55,6,"(12, 18)",21,3.8333333333333335,0.5714285714285714,42.583333333333336,-47.833333333333336,1.1869918699186992,-31.5,"14.00,4.50,-31.50,26.30",7,10,-57.5,-296.0,-5453.0,26.952380952380953
70,0,55,6,"(12,)",22,3.8181818181818183,0.7727272727272727,18.441176470588236,-45.9,1.3660130718954249,-7.7,"-2.67,17.83,-7.70,6.30",5,10,-57.5,1081.5,-2127.5,28.045454545454547
85,0,55,6,"(12,)",22,3.8181818181818183,0.6363636363636364,33.785714285714285,-48.625,1.2159383033419022,-15.7,"7.33,4.50,-15.70,18.30",6,10,-57.5,817.0,-3651.0,26.90909090909091
75,0,55,10,"(3, 18)",35,3.8142857142857145,0.7428571428571429,23.53846153846154,-53.166666666666664,1.2789968652037618,-11.055555555555555,"16.72,-11.06,-4.28,15.12",5,10,-42.5,3932.0,-4731.5,29.6
90,4,55,10,(),29,3.810344827586207,0.6206896551724138,38.166666666666664,-52.40909090909091,1.1916738941890719,-5.375,"-5.38,-1.93,11.79,12.07",6,10,-54.5,1976.5,-6258.0,24.862068965517242
65,0,47,7,"(12, 18)",18,3.7777777777777777,0.7777777777777778,17.142857142857142,-43.0,1.3953488372093024,-11.75,"6.50,2.70,17.25,-11.75",5,9,-42.5,904.0,-2287.5,30.88888888888889
65,0,47,8,"(12, 18)",18,3.7777777777777777,0.7777777777777778,17.142857142857142,-43.0,1.3953488372093024,-11.75,"6.50,2.70,17.25,-11.75",5,9,-42.5,904.0,-2287.5,30.88888888888889
85,12,55,10,"(18,)",15,3.7666666666666666,0.6666666666666666,32.6,-53.9,1.209647495361781,-33.25,"15.75,-33.25,32.75,-1.50",3,7,-60.5,1128.0,-5693.5,25.333333333333332
85,12,55,10,"(12, 18)",15,3.7666666666666666,0.6666666666666666,32.6,-53.9,1.209647495361781,-33.25,"15.75,-33.25,32.75,-1.50",3,7,-60.5,1128.0,-5693.5,25.333333333333332
95,0,47,6,"(20,)",15,3.7666666666666666,0.5333333333333333,46.5,-45.07142857142857,1.179080824088748,-22.0,"1.75,20.50,-22.00,18.50",6,8,-45.5,-163.5,-4480.5,29.4
90,0,55,8,"(12, 18)",31,3.7580645161290325,0.6129032258064516,37.81578947368421,-50.166666666666664,1.1935215946843853,-7.625,"19.12,2.00,-7.62,1.21",6,10,-42.5,979.0,-7421.5,31.35483870967742
80,0,55,8,"(12,)",32,3.75,0.6875,28.40909090909091,-50.5,1.2376237623762376,-4.25,"11.62,-4.25,8.75,-1.12",4,10,-42.5,2155.0,-5891.5,30.1875
80,6,50,10,"(3,)",16,3.75,0.6875,29.227272727272727,-52.3,1.2294455066921606,-33.25,"10.75,-33.25,9.25,28.25",4,7,-55.5,1376.0,-4832.0,24.125
80,6,50,10,"(3, 12)",16,3.75,0.6875,29.227272727272727,-52.3,1.2294455066921606,-33.25,"10.75,-33.25,9.25,28.25",4,7,-55.5,1376.0,-4832.0,24.125
80,7,50,10,(),16,3.75,0.6875,29.227272727272727,-52.3,1.2294455066921606,-33.25,"10.75,-33.25,9.25,28.25",4,7,-55.5,1376.0,-4832.0,24.125
80,7,50,10,"(3,)",16,3.75,0.6875,29.227272727272727,-52.3,1.2294455066921606,-33.25,"10.75,-33.25,9.25,28.25",4,7,-55.5,1376.0,-4832.0,24.125
80,7,50,10,"(12,)",16,3.75,0.6875,29.227272727272727,-52.3,1.2294455066921606,-33.25,"10.75,-33.25,9.25,28.25",4,7,-55.5,1376.0,-4832.0,24.125
80,7,50,10,"(14,)",16,3.75,0.6875,29.227272727272727,-52.3,1.2294455066921606,-33.25,"10.75,-33.25,9.25,28.25",4,7,-55.5,1376.0,-4832.0,24.125
80,7,50,10,"(3, 12)",16,3.75,0.6875,29.227272727272727,-52.3,1.2294455066921606,-33.25,"10.75,-33.25,9.25,28.25",4,7,-55.5,1376.0,-4832.0,24.125
80,8,50,10,(),16,3.75,0.6875,29.227272727272727,-52.3,1.2294455066921606,-33.25,"10.75,-33.25,9.25,28.25",4,7,-55.5,1376.0,-4832.0,24.125
80,8,50,10,"(3,)",16,3.75,0.6875,29.227272727272727,-52.3,1.2294455066921606,-33.25,"10.75,-33.25,9.25,28.25",4,7,-55.5,1376.0,-4832.0,24.125
80,8,50,10,"(12,)",16,3.75,0.6875,29.227272727272727,-52.3,1.2294455066921606,-33.25,"10.75,-33.25,9.25,28.25",4,7,-55.5,1376.0,-4832.0,24.125
80,8,50,10,"(14,)",16,3.75,0.6875,29.227272727272727,-52.3,1.2294455066921606,-33.25,"10.75,-33.25,9.25,28.25",4,7,-55.5,1376.0,-4832.0,24.125
80,8,50,10,"(3, 12)",16,3.75,0.6875,29.227272727272727,-52.3,1.2294455066921606,-33.25,"10.75,-33.25,9.25,28.25",4,7,-55.5,1376.0,-4832.0,24.125
85,0,55,10,(),40,3.725,0.65,33.65384615384615,-51.857142857142854,1.2052341597796143,-10.1,"9.00,-10.10,5.90,10.10",7,10,-49.0,3117.5,-8035.5,28.625
75,4,55,10,"(20,)",27,3.7222222222222223,0.7407407407407407,23.25,-52.07142857142857,1.2757201646090535,-0.7857142857142857,"4.07,-0.79,1.21,11.50",6,10,-54.5,2205.0,-4274.0,27.185185185185187
65,0,55,8,"(20,)",32,3.71875,0.84375,12.796296296296296,-45.3,1.5253863134657837,-2.375,"7.00,4.50,5.75,-2.38",6,10,-42.5,2164.5,-2157.5,30.03125
85,4,55,10,(),29,3.6379310344827585,0.6551724137931034,32.973684210526315,-52.1,1.2024952015355086,-7.875,"-7.88,-4.79,20.36,8.50",6,10,-54.5,1711.0,-6411.5,24.0
85,0,55,6,(),25,3.62,0.64,33.375,-49.27777777777778,1.2040586245772267,-6.666666666666667,"10.36,4.50,-6.67,5.17",7,10,-56.0,715.0,-3575.0,27.04
90,10,55,10,"(3,)",19,3.6052631578947367,0.631578947368421,37.416666666666664,-54.357142857142854,1.1800262812089357,-18.9,"4.50,-18.90,37.90,-12.25",5,9,-59.5,1419.5,-4638.0,25.210526315789473
90,10,55,10,"(3, 12)",19,3.6052631578947367,0.631578947368421,37.416666666666664,-54.357142857142854,1.1800262812089357,-18.9,"4.50,-18.90,37.90,-12.25",5,9,-59.5,1419.5,-4638.0,25.210526315789473
85,6,55,10,"(18,)",21,3.5952380952380953,0.6666666666666666,31.714285714285715,-52.642857142857146,1.2048846675712348,-9.0,"-9.00,-2.10,31.70,-3.70",5,8,-24.833333333333332,1128.5,-6234.0,25.0
85,6,55,10,"(12, 18)",21,3.5952380952380953,0.6666666666666666,31.714285714285715,-52.642857142857146,1.2048846675712348,-9.0,"-9.00,-2.10,31.70,-3.70",5,8,-24.833333333333332,1128.5,-6234.0,25.0
65,0,55,8,"(12,)",32,3.59375,0.84375,12.75925925925926,-45.9,1.5010893246187365,-2.375,"0.38,10.75,5.62,-2.38",5,10,-42.5,2136.0,-2353.0,30.0625
80,0,55,7,"(18,)",32,3.59375,0.6875,28.09090909090909,-50.3,1.228628230616302,-2.75,"20.12,-2.75,-1.88,-1.12",5,10,-42.5,1743.5,-5615.0,31.09375
65,0,50,8,(),27,3.574074074074074,0.8148148148148148,14.681818181818182,-45.3,1.4260485651214128,-2.5,"7.07,4.36,4.50,-2.50",5,10,-42.5,1593.0,-2393.0,30.59259259259259
75,0,55,8,"(3, 18)",31,3.564516129032258,0.7419354838709677,22.97826086956522,-52.25,1.264354066985646,-7.75,"15.75,-5.38,-7.75,12.79",5,10,-42.5,2737.0,-4731.5,28.967741935483872
65,0,43,10,(),16,3.5625,0.75,19.083333333333332,-43.0,1.3313953488372092,1.0,"5.00,1.00,4.00,4.25",5,9,-42.5,859.5,-2222.0,31.1875
65,0,43,10,"(12,)",16,3.5625,0.75,19.083333333333332,-43.0,1.3313953488372092,1.0,"5.00,1.00,4.00,4.25",5,9,-42.5,859.5,-2222.0,31.1875
90,0,47,6,(),16,3.5625,0.5625,41.05555555555556,-44.642857142857146,1.1824,-5.5,"-0.75,-5.50,19.75,0.75",4,8,-42.5,-399.5,-3847.0,27.3125
75,0,45,7,(),18,3.5555555555555554,0.6666666666666666,27.916666666666668,-45.166666666666664,1.2361623616236161,-6.75,"1.10,-5.50,28.25,-6.75",4,9,-42.5,682.0,-4490.0,29.0
75,0,45,7,"(12,)",18,3.5555555555555554,0.6666666666666666,27.916666666666668,-45.166666666666664,1.2361623616236161,-6.75,"1.10,-5.50,28.25,-6.75",4,9,-42.5,682.0,-4490.0,29.0
75,0,45,8,(),18,3.5555555555555554,0.6666666666666666,27.916666666666668,-45.166666666666664,1.2361623616236161,-6.75,"1.10,-5.50,28.25,-6.75",4,9,-42.5,682.0,-4490.0,29.0
75,0,45,8,"(12,)",18,3.5555555555555554,0.6666666666666666,27.916666666666668,-45.166666666666664,1.2361623616236161,-6.75,"1.10,-5.50,28.25,-6.75",4,9,-42.5,682.0,-4490.0,29.0
75,0,55,10,"(20,)",37,3.554054054054054,0.7297297297297297,23.833333333333332,-51.2,1.2568359375,-2.9444444444444446,"9.50,-2.94,7.28,-0.28",6,10,-49.0,3040.5,-4415.0,30.62162162162162
65,4,55,10,"(20,)",27,3.537037037037037,0.8518518518518519,12.630434782608695,-48.75,1.4897435897435898,-3.0714285714285716,"-3.07,10.64,3.36,3.17",7,10,-54.5,2075.0,-2880.5,27.11111111111111
75,0,55,10,"(3, 12)",34,3.5294117647058822,0.7352941176470589,23.98,-53.27777777777778,1.2502606882168925,-11.055555555555555,"8.50,-11.06,13.00,4.88",5,10,-49.0,3584.0,-5507.5,27.58823529411765
85,6,55,10,"(3,)",21,3.5,0.6666666666666666,32.5,-54.5,1.1926605504587156,-20.9,"-8.17,-20.90,32.90,12.50",5,9,-59.5,1625.0,-5750.0,23.238095238095237
85,6,55,10,"(3, 12)",21,3.5,0.6666666666666666,32.5,-54.5,1.1926605504587156,-20.9,"-8.17,-20.90,32.90,12.50",5,9,-59.5,1625.0,-5750.0,23.238095238095237
85,7,55,10,"(3,)",21,3.5,0.6666666666666666,32.5,-54.5,1.1926605504587156,-20.9,"-8.17,-20.90,32.90,12.50",5,9,-59.5,1625.0,-5750.0,23.238095238095237
85,7,55,10,"(3, 12)",21,3.5,0.6666666666666666,32.5,-54.5,1.1926605504587156,-20.9,"-8.17,-20.90,32.90,12.50",5,9,-59.5,1625.0,-5750.0,23.238095238095237
85,8,55,10,"(3,)",21,3.5,0.6666666666666666,32.5,-54.5,1.1926605504587156,-20.9,"-8.17,-20.90,32.90,12.50",5,9,-59.5,1625.0,-5750.0,23.238095238095237
85,8,55,10,"(3, 12)",21,3.5,0.6666666666666666,32.5,-54.5,1.1926605504587156,-20.9,"-8.17,-20.90,32.90,12.50",5,9,-59.5,1625.0,-5750.0,23.238095238095237
65,4,50,10,(),23,3.4565217391304346,0.8260869565217391,14.447368421052632,-48.75,1.4076923076923078,-10.1,"-6.00,13.33,14.33,-10.10",7,10,-54.5,1618.5,-3262.0,27.695652173913043
65,0,55,6,"(3, 12, 18)",19,3.4473684210526314,0.8421052631578947,13.125,-48.166666666666664,1.453287197231834,-8.9,"-8.90,13.30,-2.10,13.50",7,10,-57.5,1398.5,-2091.0,25.105263157894736
80,0,55,6,"(3, 12, 18)",19,3.4473684210526314,0.6842105263157895,28.423076923076923,-50.666666666666664,1.2154605263157894,-6.1,"0.10,-3.70,-6.10,28.50",5,10,-57.5,1171.5,-3748.5,24.36842105263158
90,6,55,10,"(3, 18)",19,3.4473684210526314,0.631578947368421,37.25,-54.5,1.1716906946264745,-18.9,"4.30,-18.90,18.10,12.00",5,8,-59.5,1327.0,-6346.0,25.157894736842106
90,6,55,10,"(3, 12, 18)",19,3.4473684210526314,0.631578947368421,37.25,-54.5,1.1716906946264745,-18.9,"4.30,-18.90,18.10,12.00",5,8,-59.5,1327.0,-6346.0,25.157894736842106
90,7,55,10,"(3, 18)",19,3.4473684210526314,0.631578947368421,37.25,-54.5,1.1716906946264745,-18.9,"4.30,-18.90,18.10,12.00",5,8,-59.5,1327.0,-6346.0,25.157894736842106
90,7,55,10,"(3, 12, 18)",19,3.4473684210526314,0.631578947368421,37.25,-54.5,1.1716906946264745,-18.9,"4.30,-18.90,18.10,12.00",5,8,-59.5,1327.0,-6346.0,25.157894736842106
90,8,55,10,"(3, 18)",19,3.4473684210526314,0.631578947368421,37.25,-54.5,1.1716906946264745,-18.9,"4.30,-18.90,18.10,12.00",5,8,-59.5,1327.0,-6346.0,25.157894736842106
90,8,55,10,"(3, 12, 18)",19,3.4473684210526314,0.631578947368421,37.25,-54.5,1.1716906946264745,-18.9,"4.30,-18.90,18.10,12.00",5,8,-59.5,1327.0,-6346.0,25.157894736842106
95,0,55,10,"(18,)",38,3.4473684210526314,0.5789473684210527,43.22727272727273,-51.25,1.1597560975609755,-20.61111111111111,"17.10,2.80,-20.61,13.06",6,10,-42.5,1237.0,-11174.5,31.63157894736842
65,0,45,7,"(20,)",17,3.4411764705882355,0.7647058823529411,17.73076923076923,-43.0,1.3401162790697674,-11.75,"-4.90,14.25,18.25,-11.75",5,9,-42.5,721.0,-2222.0,30.705882352941178
65,0,45,8,"(20,)",17,3.4411764705882355,0.7647058823529411,17.73076923076923,-43.0,1.3401162790697674,-11.75,"-4.90,14.25,18.25,-11.75",5,9,-42.5,721.0,-2222.0,30.705882352941178
75,4,55,10,"(18,)",27,3.425925925925926,0.7407407407407407,22.55,-51.214285714285715,1.2580195258019526,-10.5,"14.64,-10.50,-0.79,11.50",5,10,-54.5,1660.5,-4292.0,27.51851851851852
65,4,55,6,(),18,3.388888888888889,0.8333333333333334,13.366666666666667,-46.5,1.4372759856630823,-16.0,"1.70,12.50,-16.00,13.50",7,10,-54.5,1015.5,-3025.5,27.166666666666668
75,4,55,6,(),18,3.388888888888889,0.7222222222222222,23.03846153846154,-47.7,1.2557651991614256,-11.0,"9.70,-7.50,-11.00,23.50",6,10,-54.5,564.5,-2729.5,25.166666666666668
75,12,55,10,"(20,)",16,3.375,0.75,23.25,-56.25,1.24,-17.25,"7.00,-17.25,25.00,-1.25",5,8,-60.5,1629.5,-2788.5,25.9375
90,12,55,10,"(20,)",16,3.375,0.625,38.5,-55.166666666666664,1.163141993957704,-32.25,"18.25,-32.25,40.00,-12.50",4,8,-60.5,1371.0,-4153.5,26.0
65,0,55,7,"(20,)",30,3.3666666666666667,0.8333333333333334,13.1,-45.3,1.445916114790287,-3.7857142857142856,"7.00,5.75,3.64,-3.79",6,10,-42.5,1621.5,-2157.5,29.566666666666666
75,0,55,7,"(3,)",30,3.3666666666666667,0.7333333333333333,23.59090909090909,-52.25,1.2416267942583732,-9.642857142857142,"15.75,-5.88,-9.64,12.79",5,10,-42.5,2583.5,-4731.5,28.9
80,4,50,6,"(18,)",15,3.3666666666666667,0.6666666666666666,28.9,-47.7,1.2117400419287212,-11.75,"11.25,-11.75,-9.75,30.50",6,10,-54.5,248.0,-3389.5,26.0
75,4,55,10,"(3,)",27,3.3518518518518516,0.7407407407407407,23.1,-53.07142857142857,1.243606998654105,-11.214285714285714,"4.07,-11.21,22.93,-3.33",5,10,-59.5,2111.5,-3806.0,25.814814814814813
80,4,55,10,"(12, 18)",26,3.3461538461538463,0.6923076923076923,27.666666666666668,-51.375,1.2116788321167884,-7.642857142857143,"-3.93,-7.64,12.33,15.67",4,9,-42.5,1440.5,-5440.5,24.423076923076923
80,0,55,10,"(3, 12, 18)",32,3.34375,0.6875,29.0,-53.1,1.2015065913371,-22.875,"10.88,-22.88,16.75,8.62",4,10,-42.5,2965.5,-7340.0,26.28125
80,0,55,8,(),35,3.3285714285714287,0.6857142857142857,28.166666666666668,-50.86363636363637,1.2082216264521894,-1.125,"12.94,-0.50,1.50,-1.12",4,10,-42.5,1896.0,-5685.0,30.457142857142856
75,4,50,7,"(18,)",17,3.323529411764706,0.7058823529411765,24.583333333333332,-47.7,1.2368972746331237,-14.25,"11.90,-14.25,5.00,8.50",6,10,-54.5,617.0,-3222.0,27.294117647058822
80,0,50,6,"(12, 18)",17,3.323529411764706,0.6470588235294118,29.772727272727273,-45.166666666666664,1.2084870848708487,-11.75,"0.10,-11.75,13.50,12.25",4,9,-42.5,76.5,-3748.5,27.0
99,12,55,10,"(3,)",16,3.3125,0.5625,48.166666666666664,-54.357142857142854,1.1392904073587384,-52.5,"25.00,-52.50,46.00,-5.25",5,8,-60.5,1126.5,-5544.0,26.3125
99,12,55,10,"(3, 12)",16,3.3125,0.5625,48.166666666666664,-54.357142857142854,1.1392904073587384,-52.5,"25.00,-52.50,46.00,-5.25",5,8,-60.5,1126.5,-5544.0,26.3125
75,0,55,7,"(3, 12, 18)",26,3.3076923076923075,0.7307692307692307,23.657894736842106,-51.92857142857143,1.2365887207702888,-8.785714285714286,"15.36,-8.79,-4.50,11.17",4,10,-42.5,2153.0,-4645.5,28.0
70,0,50,6,"(20,)",20,3.3,0.75,19.5,-45.3,1.2913907284768211,-4.7,"5.70,5.30,6.90,-4.70",6,10,-54.5,516.0,-1772.5,28.0
75,0,50,6,"(20,)",20,3.3,0.7,24.428571428571427,-46.0,1.2391304347826086,-5.7,"9.70,-5.70,10.90,-1.70",6,10,-54.5,403.0,-2415.5,27.5
90,6,50,10,"(18,)",15,3.3,0.6,39.27777777777778,-50.666666666666664,1.162828947368421,-30.5,"19.50,-30.50,15.25,10.83",4,7,-42.5,527.0,-5261.0,27.866666666666667
90,6,50,10,"(12, 18)",15,3.3,0.6,39.27777777777778,-50.666666666666664,1.162828947368421,-30.5,"19.50,-30.50,15.25,10.83",4,7,-42.5,527.0,-5261.0,27.866666666666667
65,0,55,10,"(20,)",37,3.2837837837837838,0.8378378378378378,13.016129032258064,-47.0,1.4308510638297873,0.2777777777777778,"1.50,4.83,6.72,0.28",7,10,-49.0,2429.0,-3071.5,28.7027027027027
85,0,55,10,"(14,)",37,3.2837837837837838,0.6486486486486487,33.541666666666664,-52.57692307692308,1.1777615215801025,0.5,"0.50,2.72,3.83,6.39",6,10,-55.5,2497.0,-7267.5,28.972972972972972
80,4,55,10,"(3, 12)",26,3.269230769230769,0.6923076923076923,28.27777777777778,-53.0,1.2004716981132075,-19.785714285714285,"-3.79,-19.79,27.33,14.33",4,9,-59.5,1894.5,-6445.0,22.96153846153846
65,0,45,7,"(18,)",17,3.264705882352941,0.7647058823529411,17.5,-43.0,1.322674418604651,-11.75,"-4.90,14.50,17.25,-11.75",5,9,-42.5,569.5,-2222.0,30.529411764705884
65,0,45,7,"(12, 18)",17,3.264705882352941,0.7647058823529411,17.5,-43.0,1.322674418604651,-11.75,"-4.90,14.50,17.25,-11.75",5,9,-42.5,569.5,-2222.0,30.529411764705884
65,0,45,8,"(18,)",17,3.264705882352941,0.7647058823529411,17.5,-43.0,1.322674418604651,-11.75,"-4.90,14.50,17.25,-11.75",5,9,-42.5,569.5,-2222.0,30.529411764705884
65,0,45,8,"(12, 18)",17,3.264705882352941,0.7647058823529411,17.5,-43.0,1.322674418604651,-11.75,"-4.90,14.50,17.25,-11.75",5,9,-42.5,569.5,-2222.0,30.529411764705884
80,6,55,10,"(3, 12, 14, 18, 20)",17,3.264705882352941,0.7058823529411765,27.666666666666668,-55.3,1.2007233273056057,-16.25,"-1.70,-16.25,27.75,4.50",5,8,-59.5,1426.0,-5067.5,25.058823529411764
80,7,55,10,"(3, 12, 14, 18, 20)",17,3.264705882352941,0.7058823529411765,27.666666666666668,-55.3,1.2007233273056057,-16.25,"-1.70,-16.25,27.75,4.50",5,8,-59.5,1426.0,-5067.5,25.058823529411764
80,8,55,10,"(3, 12, 14, 18, 20)",17,3.264705882352941,0.7058823529411765,27.666666666666668,-55.3,1.2007233273056057,-16.25,"-1.70,-16.25,27.75,4.50",5,8,-59.5,1426.0,-5067.5,25.058823529411764
70,0,55,6,"(14,)",23,3.239130434782609,0.782608695652174,17.555555555555557,-48.3,1.308488612836439,-17.333333333333332,"6.67,17.83,-17.33,6.30",5,9,-56.0,969.0,-4475.0,29.217391304347824
65,0,55,7,"(12,)",30,3.2333333333333334,0.8333333333333334,13.06,-45.9,1.4226579520697167,-3.7857142857142856,"0.38,11.50,4.07,-3.79",5,10,-42.5,1639.5,-2353.0,29.833333333333332
75,0,47,7,"(12, 18)",18,3.2222222222222223,0.6666666666666666,27.416666666666668,-45.166666666666664,1.2140221402214022,-19.3,"14.50,-19.30,27.25,-6.75",4,9,-42.5,508.5,-4700.0,29.61111111111111
75,0,47,8,"(12, 18)",18,3.2222222222222223,0.6666666666666666,27.416666666666668,-45.166666666666664,1.2140221402214022,-19.3,"14.50,-19.30,27.25,-6.75",4,9,-42.5,508.5,-4700.0,29.61111111111111
90,0,55,6,(),25,3.22,0.6,37.7,-48.5,1.165979381443299,-19.166666666666668,"13.93,7.83,-19.17,8.50",7,10,-56.0,-133.5,-6321.0,27.64
95,12,55,10,(),17,3.2058823529411766,0.5882352941176471,43.5,-54.357142857142854,1.1432325886990802,-30.75,"7.50,-30.75,45.00,-10.00",5,8,-60.5,1006.5,-5433.0,25.235294117647058
95,12,55,10,"(12,)",17,3.2058823529411766,0.5882352941176471,43.5,-54.357142857142854,1.1432325886990802,-30.75,"7.50,-30.75,45.00,-10.00",5,8,-60.5,1006.5,-5433.0,25.235294117647058
95,12,55,10,"(14,)",17,3.2058823529411766,0.5882352941176471,43.5,-54.357142857142854,1.1432325886990802,-30.75,"7.50,-30.75,45.00,-10.00",5,8,-60.5,1006.5,-5433.0,25.235294117647058
65,0,55,10,"(18,)",38,3.1842105263157894,0.8421052631578947,12.65625,-47.333333333333336,1.426056338028169,-1.7222222222222223,"2.60,10.80,-1.72,0.28",7,10,-42.5,2361.5,-3590.0,30.236842105263158
65,0,55,10,"(12,)",37,3.175675675675676,0.8378378378378378,12.983870967741936,-47.5,1.412280701754386,-3.8,"-3.80,11.50,5.50,0.28",5,10,-49.0,2408.0,-3271.5,28.756756756756758
80,4,50,10,"(18,)",21,3.1666666666666665,0.6666666666666666,29.428571428571427,-49.357142857142854,1.1924746743849493,-19.9,"4.83,-19.90,28.50,-1.10",5,10,-54.5,856.0,-4420.0,26.285714285714285
70,0,50,6,"(18,)",20,3.15,0.75,19.3,-45.3,1.2781456953642385,-4.7,"5.70,5.70,5.90,-4.70",6,10,-54.5,456.5,-1772.5,27.95
65,0,50,7,(),25,3.14,0.8,15.25,-45.3,1.346578366445916,-2.5,"7.07,3.67,3.67,-2.50",5,10,-42.5,1157.0,-2317.0,30.48
65,0,50,8,"(20,)",26,3.1153846153846154,0.8076923076923077,14.642857142857142,-45.3,1.3576158940397351,-2.5,"7.07,4.21,2.83,-2.50",5,10,-42.5,1135.5,-2317.0,30.03846153846154
65,0,55,8,"(12, 18)",31,3.1129032258064515,0.8387096774193549,12.538461538461538,-45.9,1.420479302832244,-3.7857142857142856,"0.38,10.75,4.25,-3.79",5,10,-42.5,1533.0,-2353.0,29.29032258064516
75,0,47,6,"(20,)",15,3.1,0.6666666666666666,26.8,-44.3,1.2099322799097065,-8.25,"-8.25,5.50,10.50,5.17",4,8,-42.5,180.0,-2994.0,27.733333333333334
95,0,55,10,(),40,3.1,0.575,43.45652173913044,-51.5,1.1416333523700744,-6.1,"16.00,-5.10,-6.10,7.60",6,10,-49.0,1205.0,-9983.0,30.35
80,0,55,8,"(14,)",32,3.09375,0.6875,28.0,-51.7,1.1914893617021276,-3.125,"10.12,6.50,-3.12,-1.12",4,9,-27.5,1591.0,-7475.5,31.375
65,4,50,6,(),16,3.0625,0.8125,14.5,-46.5,1.3512544802867383,-2.0,"0.00,13.25,-2.00,1.00",7,10,-54.5,713.5,-3025.5,27.5625
65,0,50,10,(),31,3.0483870967741935,0.8064516129032258,15.06,-47.0,1.3351063829787233,-0.75,"-0.75,6.12,5.62,0.93",6,10,-49.0,1795.5,-3059.0,29.129032258064516
90,6,55,10,"(20,)",21,3.0238095238095237,0.6190476190476191,37.96153846153846,-53.75,1.1476744186046512,-5.666666666666667,"-5.67,-1.30,21.50,-0.70",5,9,-55.5,1135.0,-4653.0,25.333333333333332
65,0,50,8,"(18,)",26,3.0,0.8076923076923077,14.5,-45.3,1.3443708609271523,-2.5,"7.07,4.36,2.17,-2.50",5,10,-42.5,1041.5,-2262.5,29.884615384615383
80,10,55,10,"(3, 18)",17,2.9705882352941178,0.7058823529411765,26.666666666666668,-53.9,1.1873840445269017,-13.5,"-2.50,-13.50,26.50,2.75",4,8,-59.5,972.0,-5065.5,24.823529411764707
80,10,55,10,"(3, 12, 18)",17,2.9705882352941178,0.7058823529411765,26.666666666666668,-53.9,1.1873840445269017,-13.5,"-2.50,-13.50,26.50,2.75",4,8,-59.5,972.0,-5065.5,24.823529411764707
80,0,55,10,"(3, 18)",35,2.9571428571428573,0.6857142857142857,28.708333333333332,-53.22727272727273,1.1767719897523483,-17.166666666666668,"12.28,-17.17,-0.94,19.50",5,10,-42.5,2716.5,-7262.5,26.542857142857144
65,0,55,8,"(14,)",32,2.9375,0.84375,12.425925925925926,-48.3,1.3892339544513457,-4.375,"7.00,11.50,-4.38,-2.38",5,9,-32.5,1685.0,-4825.5,31.375
80,0,47,6,(),16,2.9375,0.625,31.8,-45.166666666666664,1.1734317343173433,-10.5,"-5.75,-10.50,32.25,-4.25",4,8,-42.5,76.0,-3951.0,26.75
90,0,55,10,"(18,)",38,2.9210526315789473,0.6052631578947368,38.19565217391305,-51.166666666666664,1.1446254071661237,-12.277777777777779,"13.60,-0.20,-12.28,9.72",6,10,-42.5,1077.5,-9512.5,29.81578947368421
65,4,50,10,"(20,)",22,2.909090909090909,0.8181818181818182,14.38888888888889,-48.75,1.3282051282051281,-10.1,"-6.00,13.00,14.50,-10.10",7,10,-54.5,1207.0,-3122.5,27.181818181818183
90,0,55,6,"(12,)",22,2.909090909090909,0.5909090909090909,38.03846153846154,-47.833333333333336,1.1486643437862951,-31.7,"10.67,7.83,-31.70,22.30",7,10,-57.5,-368.5,-5510.5,26.772727272727273
80,0,43,10,"(18,)",15,2.9,0.6,34.94444444444444,-45.166666666666664,1.1605166051660516,-27.75,"16.25,-27.75,15.75,8.83",4,9,-49.5,408.0,-3772.5,30.533333333333335
80,0,43,10,"(12, 18)",15,2.9,0.6,34.94444444444444,-45.166666666666664,1.1605166051660516,-27.75,"16.25,-27.75,15.75,8.83",4,9,-49.5,408.0,-3772.5,30.533333333333335
90,0,43,10,"(18,)",15,2.9,0.5333333333333333,44.5,-44.642857142857146,1.1392,-25.25,"23.75,-25.25,0.75,15.50",5,9,-49.5,-57.0,-4982.5,31.2
90,0,43,10,"(12, 18)",15,2.9,0.5333333333333333,44.5,-44.642857142857146,1.1392,-25.25,"23.75,-25.25,0.75,15.50",5,9,-49.5,-57.0,-4982.5,31.2
95,0,50,6,"(18,)",20,2.9,0.55,43.40909090909091,-46.611111111111114,1.138259833134684,-12.3,"25.70,-12.30,-12.10,10.30",6,10,-54.5,-868.0,-5706.5,28.1
70,0,55,6,"(12, 18)",21,2.880952380952381,0.7619047619047619,18.125,-45.9,1.263616557734205,-8.5,"-2.67,17.50,-8.50,6.30",5,10,-57.5,411.5,-2011.5,27.095238095238095
75,0,55,10,"(3,)",37,2.8783783783783785,0.7297297297297297,23.72222222222222,-53.4,1.199438202247191,-11.055555555555555,"9.50,-11.06,5.50,6.83",5,10,-49.0,3099.0,-5134.0,27.62162162162162
80,0,55,10,"(20,)",37,2.8783783783783785,0.6756756756756757,29.02,-51.583333333333336,1.1720516962843295,-8.5,"5.50,-8.50,11.17,3.06",5,10,-49.0,2140.0,-6938.5,27.675675675675677
75,4,55,7,"(18,)",22,2.8636363636363638,0.7272727272727273,22.5625,-49.666666666666664,1.2114093959731544,-9.1,"13.00,-3.50,-9.10,10.30",6,10,-54.5,651.0,-3785.0,26.0
80,0,55,6,"(3, 18)",22,2.8181818181818183,0.6818181818181818,28.033333333333335,-51.214285714285715,1.1729428172942817,-3.3,"4.00,0.17,-3.30,10.70",6,10,-56.0,944.5,-3638.0,24.318181818181817
75,10,55,10,(),20,2.8,0.75,22.033333333333335,-54.9,1.204007285974499,-24.9,"10.50,-24.90,22.90,2.70",5,9,-55.5,1428.0,-3600.5,24.7
75,10,55,10,"(12,)",20,2.8,0.75,22.033333333333335,-54.9,1.204007285974499,-24.9,"10.50,-24.90,22.90,2.70",5,9,-55.5,1428.0,-3600.5,24.7
75,10,55,10,"(14,)",20,2.8,0.75,22.033333333333335,-54.9,1.204007285974499,-24.9,"10.50,-24.90,22.90,2.70",5,9,-55.5,1428.0,-3600.5,24.7
80,7,55,10,"(20,)",20,2.8,0.7,27.714285714285715,-55.333333333333336,1.1686746987951808,-24.3,"-1.50,-24.30,28.90,8.10",5,9,-55.5,1482.0,-4829.5,23.5
80,8,55,10,"(20,)",20,2.8,0.7,27.714285714285715,-55.333333333333336,1.1686746987951808,-24.3,"-1.50,-24.30,28.90,8.10",5,9,-55.5,1482.0,-4829.5,23.5
80,0,55,8,"(12, 18)",31,2.7903225806451615,0.6774193548387096,28.166666666666668,-50.5,1.1712871287128712,-4.5,"11.62,-4.25,7.38,-4.50",4,10,-42.5,1067.5,-5891.5,29.06451612903226
80,5,55,10,(),26,2.769230769230769,0.6923076923076923,27.555555555555557,-53.0,1.169811320754717,-7.642857142857143,"-5.79,-7.64,27.83,-0.17",4,9,-55.5,1364.5,-5396.5,24.576923076923077
80,5,55,10,"(12,)",26,2.769230769230769,0.6923076923076923,27.555555555555557,-53.0,1.169811320754717,-7.642857142857143,"-5.79,-7.64,27.83,-0.17",4,9,-55.5,1364.5,-5396.5,24.576923076923077
80,5,55,10,"(14,)",26,2.769230769230769,0.6923076923076923,27.555555555555557,-53.0,1.169811320754717,-7.642857142857143,"-5.79,-7.64,27.83,-0.17",4,9,-55.5,1364.5,-5396.5,24.576923076923077
65,0,43,10,"(20,)",15,2.7666666666666666,0.7333333333333333,19.40909090909091,-43.0,1.2412790697674418,-1.1666666666666667,"5.00,1.75,4.50,-1.17",5,9,-42.5,423.5,-2222.0,31.0
65,0,55,7,"(12, 18)",29,2.706896551724138,0.8275862068965517,12.833333333333334,-45.9,1.3420479302832244,-3.7857142857142856,"0.38,11.07,3.50,-3.79",5,10,-42.5,1072.0,-2353.0,29.103448275862068
90,0,55,10,"(12, 18)",35,2.7,0.6,38.45238095238095,-50.92857142857143,1.132538569424965,-3.5,"11.39,-3.50,-3.50,6.88",6,10,-42.5,661.0,-8759.0,28.742857142857144
99,0,55,6,"(18,)",24,2.6666666666666665,0.5416666666666666,46.26923076923077,-48.86363636363637,1.1190697674418604,-33.333333333333336,"16.67,12.83,-33.33,14.50",7,10,-56.0,-1015.0,-8431.0,27.666666666666668
75,0,55,8,"(12,)",32,2.65625,0.71875,23.195652173913043,-49.833333333333336,1.189520624303233,-4.25,"7.88,2.00,5.00,-4.25",5,10,-42.5,1141.5,-4911.5,29.96875
80,0,50,6,"(18,)",20,2.65,0.65,29.115384615384617,-46.5,1.1628264208909371,-18.3,"13.70,-18.30,13.90,1.30",6,10,-54.5,-120.5,-3476.0,26.35
90,6,55,10,"(18,)",21,2.642857142857143,0.6190476190476191,36.88461538461539,-53.0,1.1308962264150944,-6.5,"-6.50,0.90,18.70,-0.70",5,8,-23.166666666666668,573.5,-6346.0,25.285714285714285
90,6,55,10,"(12, 18)",21,2.642857142857143,0.6190476190476191,36.88461538461539,-53.0,1.1308962264150944,-6.5,"-6.50,0.90,18.70,-0.70",5,8,-23.166666666666668,573.5,-6346.0,25.285714285714285
65,0,50,10,"(20,)",30,2.6333333333333333,0.8,15.041666666666666,-47.0,1.2801418439716312,-0.75,"-0.75,5.88,4.50,0.93",6,10,-49.0,1289.5,-3059.0,28.633333333333333
80,6,50,10,"(18,)",15,2.6333333333333333,0.6666666666666666,28.8,-49.7,1.158953722334004,-33.0,"12.00,-33.00,27.75,4.17",4,7,-42.5,314.0,-5086.5,26.4
80,6,50,10,"(12, 18)",15,2.6333333333333333,0.6666666666666666,28.8,-49.7,1.158953722334004,-33.0,"12.00,-33.00,27.75,4.17",4,7,-42.5,314.0,-5086.5,26.4
65,0,50,7,"(20,)",24,2.625,0.7916666666666666,15.236842105263158,-45.3,1.2781456953642385,-2.5,"4.67,4.67,3.67,-2.50",5,10,-42.5,747.0,-2217.5,30.0
65,0,55,10,"(14,)",37,2.608108108108108,0.8378378378378378,12.693548387096774,-49.5,1.3249158249158248,-2.2777777777777777,"1.50,11.06,-2.28,0.28",6,10,-55.5,2030.5,-4542.0,30.027027027027028
65,0,43,10,"(18,)",15,2.566666666666667,0.7333333333333333,19.136363636363637,-43.0,1.2238372093023255,-1.1666666666666667,"5.00,1.00,4.50,-1.17",5,9,-42.5,289.5,-2222.0,30.6
65,0,43,10,"(12, 18)",15,2.566666666666667,0.7333333333333333,19.136363636363637,-43.0,1.2238372093023255,-1.1666666666666667,"5.00,1.00,4.50,-1.17",5,9,-42.5,289.5,-2222.0,30.6
65,4,55,6,"(20,)",16,2.5625,0.8125,13.884615384615385,-46.5,1.2939068100358424,-16.0,"0.00,12.75,-16.00,13.50",7,10,-54.5,476.5,-2928.5,26.8125
80,10,55,10,(),20,2.55,0.7,26.857142857142858,-54.166666666666664,1.156923076923077,-22.9,"-1.50,-22.90,27.90,6.70",4,9,-55.5,999.5,-4859.5,23.25
80,10,55,10,"(12,)",20,2.55,0.7,26.857142857142858,-54.166666666666664,1.156923076923077,-22.9,"-1.50,-22.90,27.90,6.70",4,9,-55.5,999.5,-4859.5,23.25
80,10,55,10,"(14,)",20,2.55,0.7,26.857142857142858,-54.166666666666664,1.156923076923077,-22.9,"-1.50,-22.90,27.90,6.70",4,9,-55.5,999.5,-4859.5,23.25
90,6,55,10,"(3,)",21,2.5476190476190474,0.6190476190476191,37.73076923076923,-54.625,1.1224256292906178,-18.9,"-5.67,-18.90,37.90,-1.50",5,9,-59.5,1033.5,-5692.5,23.761904761904763
90,6,55,10,"(3, 12)",21,2.5476190476190474,0.6190476190476191,37.73076923076923,-54.625,1.1224256292906178,-18.9,"-5.67,-18.90,37.90,-1.50",5,9,-59.5,1033.5,-5692.5,23.761904761904763
90,7,55,10,"(3,)",21,2.5476190476190474,0.6190476190476191,37.73076923076923,-54.625,1.1224256292906178,-18.9,"-5.67,-18.90,37.90,-1.50",5,9,-59.5,1033.5,-5692.5,23.761904761904763
90,7,55,10,"(3, 12)",21,2.5476190476190474,0.6190476190476191,37.73076923076923,-54.625,1.1224256292906178,-18.9,"-5.67,-18.90,37.90,-1.50",5,9,-59.5,1033.5,-5692.5,23.761904761904763
90,8,55,10,"(3,)",21,2.5476190476190474,0.6190476190476191,37.73076923076923,-54.625,1.1224256292906178,-18.9,"-5.67,-18.90,37.90,-1.50",5,9,-59.5,1033.5,-5692.5,23.761904761904763
90,8,55,10,"(3, 12)",21,2.5476190476190474,0.6190476190476191,37.73076923076923,-54.625,1.1224256292906178,-18.9,"-5.67,-18.90,37.90,-1.50",5,9,-59.5,1033.5,-5692.5,23.761904761904763
75,6,55,10,(),23,2.5434782608695654,0.7391304347826086,22.08823529411765,-52.833333333333336,1.1845425867507886,-16.833333333333332,"11.83,-16.83,22.83,-9.70",5,9,-55.5,1036.5,-3741.5,26.130434782608695
75,6,55,10,"(12,)",23,2.5434782608695654,0.7391304347826086,22.08823529411765,-52.833333333333336,1.1845425867507886,-16.833333333333332,"11.83,-16.83,22.83,-9.70",5,9,-55.5,1036.5,-3741.5,26.130434782608695
75,6,55,10,"(14,)",23,2.5434782608695654,0.7391304347826086,22.08823529411765,-52.833333333333336,1.1845425867507886,-16.833333333333332,"11.83,-16.83,22.83,-9.70",5,9,-55.5,1036.5,-3741.5,26.130434782608695
85,6,55,10,(),23,2.5434782608695654,0.6521739130434783,32.166666666666664,-53.0,1.1379716981132075,-11.833333333333334,"-8.17,-11.83,32.83,-3.70",5,9,-55.5,700.5,-5750.0,23.52173913043478
85,6,55,10,"(12,)",23,2.5434782608695654,0.6521739130434783,32.166666666666664,-53.0,1.1379716981132075,-11.833333333333334,"-8.17,-11.83,32.83,-3.70",5,9,-55.5,700.5,-5750.0,23.52173913043478
85,6,55,10,"(14,)",23,2.5434782608695654,0.6521739130434783,32.166666666666664,-53.0,1.1379716981132075,-11.833333333333334,"-8.17,-11.83,32.83,-3.70",5,9,-55.5,700.5,-5750.0,23.52173913043478
65,0,55,7,"(14,)",30,2.533333333333333,0.8333333333333334,12.7,-48.3,1.3146997929606625,-7.928571428571429,"7.00,12.75,-7.93,-3.79",5,9,-32.5,1263.5,-4596.5,30.833333333333332
65,4,55,6,"(18,)",17,2.5,0.8235294117647058,13.0,-46.5,1.3046594982078854,-19.5,"1.70,14.50,-19.50,13.50",7,10,-54.5,430.5,-2928.5,26.41176470588235
65,0,50,7,"(18,)",24,2.5,0.7916666666666666,15.078947368421053,-45.3,1.2649006622516556,-2.5,"4.67,5.00,2.83,-2.50",5,10,-42.5,632.5,-2183.5,29.791666666666668
75,0,55,7,"(3, 18)",29,2.5,0.7241379310344828,23.357142857142858,-52.25,1.173444976076555,-11.642857142857142,"15.75,-8.79,-11.64,12.79",5,10,-42.5,1521.0,-4651.5,27.93103448275862
80,0,55,10,"(3, 12)",34,2.5,0.6764705882352942,29.195652173913043,-53.31818181818182,1.144927536231884,-17.166666666666668,"3.50,-17.17,17.38,8.62",4,10,-49.0,2422.5,-8276.0,24.735294117647058
90,0,55,10,(),40,2.475,0.6,38.416666666666664,-51.4375,1.120291616038882,-7.6,"12.50,-7.60,0.40,4.60",6,10,-49.0,782.5,-8637.5,28.375
80,0,55,8,"(18,)",34,2.4411764705882355,0.6764705882352942,27.934782608695652,-50.86363636363637,1.1483467381590706,-2.5,"12.94,-0.50,-2.50,-1.12",4,10,-42.5,861.0,-5685.0,29.176470588235293
99,0,47,6,(),16,2.4375,0.5,50.5,-45.625,1.106849315068493,-1.0,"3.75,-1.00,1.75,5.25",5,8,-45.5,-836.5,-4166.0,27.5625
70,0,55,6,(),25,2.42,0.76,18.13157894736842,-47.333333333333336,1.2130281690140845,-14.166666666666666,"-0.36,17.83,-14.17,6.83",6,10,-56.0,311.0,-3154.0,27.2
95,0,55,6,(),25,2.42,0.56,42.714285714285715,-48.86363636363637,1.1125581395348838,-33.333333333333336,"17.50,11.17,-33.33,11.83",7,10,-56.0,-843.0,-8781.5,28.0
80,7,55,10,"(18,)",20,2.4,0.7,26.714285714285715,-54.333333333333336,1.147239263803681,-22.9,"-1.70,-22.90,26.10,8.10",4,8,-23.5,926.5,-6107.0,23.45
80,7,55,10,"(12, 18)",20,2.4,0.7,26.714285714285715,-54.333333333333336,1.147239263803681,-22.9,"-1.70,-22.90,26.10,8.10",4,8,-23.5,926.5,-6107.0,23.45
80,8,55,10,"(18,)",20,2.4,0.7,26.714285714285715,-54.333333333333336,1.147239263803681,-22.9,"-1.70,-22.90,26.10,8.10",4,8,-23.5,926.5,-6107.0,23.45
80,8,55,10,"(12, 18)",20,2.4,0.7,26.714285714285715,-54.333333333333336,1.147239263803681,-22.9,"-1.70,-22.90,26.10,8.10",4,8,-23.5,926.5,-6107.0,23.45
65,0,55,8,(),35,2.3285714285714287,0.8285714285714286,12.60344827586207,-47.333333333333336,1.2869718309859155,-2.375,"1.28,11.17,-1.28,-2.38",6,10,-42.5,1151.5,-3484.5,29.285714285714285
85,12,55,10,(),17,2.323529411764706,0.6470588235294118,33.13636363636363,-54.166666666666664,1.1215384615384616,-33.25,"1.50,-33.25,35.00,6.25",3,8,-60.5,918.0,-5183.5,23.88235294117647
85,12,55,10,"(12,)",17,2.323529411764706,0.6470588235294118,33.13636363636363,-54.166666666666664,1.1215384615384616,-33.25,"1.50,-33.25,35.00,6.25",3,8,-60.5,918.0,-5183.5,23.88235294117647
85,12,55,10,"(14,)",17,2.323529411764706,0.6470588235294118,33.13636363636363,-54.166666666666664,1.1215384615384616,-33.25,"1.50,-33.25,35.00,6.25",3,8,-60.5,918.0,-5183.5,23.88235294117647
80,4,55,10,"(12,)",28,2.3214285714285716,0.6785714285714286,27.973684210526315,-51.833333333333336,1.1393354769560557,-19.785714285714285,"-3.79,-19.79,27.93,4.93",4,9,-49.0,832.5,-6445.0,22.821428571428573
75,0,55,10,"(12, 18)",35,2.2714285714285714,0.7142857142857143,23.54,-50.9,1.156188605108055,-3.5,"9.72,-3.50,4.83,-2.50",5,10,-42.5,1282.5,-4564.5,29.457142857142856
75,4,55,10,(),29,2.2586206896551726,0.7241379310344828,22.833333333333332,-51.75,1.1582125603864735,-10.5,"5.88,-10.50,11.79,1.36",5,10,-54.5,915.5,-3899.0,25.482758620689655
65,4,50,6,"(20,)",15,2.2333333333333334,0.8,14.416666666666666,-46.5,1.2401433691756272,-16.0,"0.00,12.75,-16.00,15.50",7,10,-54.5,294.0,-2928.5,27.066666666666666
90,0,55,10,"(12,)",37,2.22972972972973,0.5945945945945946,38.68181818181818,-51.233333333333334,1.1073519843851658,-3.5,"4.70,-3.50,-2.28,9.72",6,10,-49.0,580.5,-8849.5,27.54054054054054
65,0,50,6,"(12,)",18,2.2222222222222223,0.7777777777777778,15.142857142857142,-43.0,1.2325581395348837,-8.9,"-8.90,13.30,3.50,1.00",5,9,-42.5,-13.0,-2091.0,27.666666666666668
90,6,50,10,(),17,2.2058823529411766,0.5882352941176471,39.7,-51.357142857142854,1.1043115438108484,-30.5,"4.50,-30.50,40.00,-5.75",4,8,-55.5,393.5,-4663.0,26.294117647058822
90,6,50,10,"(12,)",17,2.2058823529411766,0.5882352941176471,39.7,-51.357142857142854,1.1043115438108484,-30.5,"4.50,-30.50,40.00,-5.75",4,8,-55.5,393.5,-4663.0,26.294117647058822
90,6,50,10,"(14,)",17,2.2058823529411766,0.5882352941176471,39.7,-51.357142857142854,1.1043115438108484,-30.5,"4.50,-30.50,40.00,-5.75",4,8,-55.5,393.5,-4663.0,26.294117647058822
80,0,55,10,"(3,)",37,2.2027027027027026,0.6756756756756757,28.9,-53.416666666666664,1.1271450858034322,-17.166666666666668,"5.50,-17.17,9.39,10.72",5,10,-49.0,2234.0,-7928.5,25.08108108108108
65,0,55,6,"(3,)",23,2.1956521739130435,0.8260869565217391,13.131578947368421,-49.75,1.2537688442211055,-7.166666666666667,"-6.00,11.83,-7.17,11.70",7,10,-56.0,1021.0,-2633.5,24.956521739130434
85,0,55,6,"(18,)",24,2.1666666666666665,0.625,33.03333333333333,-49.27777777777778,1.117249154453213,-7.333333333333333,"7.33,3.50,-7.33,5.17",7,10,-56.0,-256.0,-3912.0,25.833333333333332
85,0,55,6,"(12, 18)",21,2.1666666666666665,0.6190476190476191,33.42307692307692,-48.625,1.1169665809768639,-16.5,"7.33,-1.50,-16.50,18.30",6,10,-57.5,-254.5,-3651.0,25.761904761904763
80,12,55,10,"(20,)",16,2.125,0.6875,28.136363636363637,-55.1,1.1234119782214156,-34.75,"10.75,-34.75,30.00,2.50",4,8,-60.5,883.5,-4240.5,24.4375
65,0,55,10,(),40,2.1,0.825,12.833333333333334,-48.5,1.2474226804123711,-1.6,"1.50,5.90,-1.60,2.60",7,10,-49.0,1395.5,-3373.5,28.125
75,12,55,10,"(18,)",15,2.1,0.7333333333333333,22.772727272727273,-54.75,1.143835616438356,-35.75,"27.00,-35.75,22.75,-8.17",4,7,-60.5,718.0,-4455.0,26.0
75,12,55,10,"(12, 18)",15,2.1,0.7333333333333333,22.772727272727273,-54.75,1.143835616438356,-35.75,"27.00,-35.75,22.75,-8.17",4,7,-60.5,718.0,-4455.0,26.0
80,4,55,10,"(3, 18)",25,2.1,0.68,27.970588235294116,-52.875,1.124113475177305,-13.666666666666666,"-3.93,-13.67,27.00,0.00",4,10,-59.5,987.5,-5440.5,24.04
75,0,45,7,"(18,)",17,2.088235294117647,0.6470588235294118,27.863636363636363,-45.166666666666664,1.1309963099630995,-13.0,"1.10,-13.00,27.25,-6.75",4,9,-42.5,-103.0,-4490.0,28.352941176470587
75,0,45,7,"(12, 18)",17,2.088235294117647,0.6470588235294118,27.863636363636363,-45.166666666666664,1.1309963099630995,-13.0,"1.10,-13.00,27.25,-6.75",4,9,-42.5,-103.0,-4490.0,28.352941176470587
75,0,45,8,"(18,)",17,2.088235294117647,0.6470588235294118,27.863636363636363,-45.166666666666664,1.1309963099630995,-13.0,"1.10,-13.00,27.25,-6.75",4,9,-42.5,-103.0,-4490.0,28.352941176470587
75,0,45,8,"(12, 18)",17,2.088235294117647,0.6470588235294118,27.863636363636363,-45.166666666666664,1.1309963099630995,-13.0,"1.10,-13.00,27.25,-6.75",4,9,-42.5,-103.0,-4490.0,28.352941176470587
75,0,55,8,(),35,2.0428571428571427,0.7142857142857143,22.98,-50.3,1.1421471172962228,-4.25,"9.06,4.50,-1.83,-4.25",5,10,-42.5,755.5,-5860.0,29.97142857142857
65,4,50,6,"(18,)",15,2.033333333333333,0.8,14.166666666666666,-46.5,1.2186379928315412,-17.25,"0.00,13.25,-17.25,15.50",7,10,-54.5,208.0,-2874.0,26.8
75,10,55,10,"(3,)",19,2.026315789473684,0.7368421052631579,22.357142857142858,-54.9,1.1402550091074681,-24.9,"10.50,-24.90,22.90,-1.00",5,9,-59.5,1007.0,-3600.5,24.736842105263158
75,10,55,10,"(3, 12)",19,2.026315789473684,0.7368421052631579,22.357142857142858,-54.9,1.1402550091074681,-24.9,"10.50,-24.90,22.90,-1.00",5,9,-59.5,1007.0,-3600.5,24.736842105263158
75,0,55,8,"(14,)",32,2.0,0.71875,22.804347826086957,-51.166666666666664,1.1389793702497286,-6.25,"15.75,2.75,-6.25,-4.25",5,9,-29.166666666666668,724.0,-7476.0,31.1875
80,4,50,10,(),23,1.934782608695652,0.6521739130434783,29.7,-50.125,1.1109725685785536,-25.0,"4.00,-25.00,29.33,-1.10",5,10,-54.5,276.5,-5533.0,24.47826086956522
65,0,55,7,(),33,1.9242424242424243,0.8181818181818182,12.87037037037037,-47.333333333333336,1.2235915492957747,-2.625,"1.28,11.50,-2.62,-2.38",6,10,-42.5,684.0,-3336.5,28.78787878787879
75,4,55,6,"(18,)",17,1.911764705882353,0.7058823529411765,22.583333333333332,-47.7,1.1362683438155137,-14.5,"9.70,-13.00,-14.50,23.50",6,10,-54.5,-189.5,-3329.0,24.41176470588235
80,4,55,10,"(14,)",28,1.8928571428571428,0.6785714285714286,27.973684210526315,-53.166666666666664,1.1107628004179728,-7.642857142857143,"-5.79,-7.64,16.07,4.93",4,10,-55.5,995.0,-5396.5,24.214285714285715
90,6,55,10,(),23,1.891304347826087,0.6086956521739131,37.357142857142854,-53.27777777777778,1.0907194994786236,-9.333333333333334,"-5.67,-9.33,22.83,-0.70",5,9,-55.5,224.0,-5692.5,23.82608695652174
90,6,55,10,"(12,)",23,1.891304347826087,0.6086956521739131,37.357142857142854,-53.27777777777778,1.0907194994786236,-9.333333333333334,"-5.67,-9.33,22.83,-0.70",5,9,-55.5,224.0,-5692.5,23.82608695652174
90,6,55,10,"(14,)",23,1.891304347826087,0.6086956521739131,37.357142857142854,-53.27777777777778,1.0907194994786236,-9.333333333333334,"-5.67,-9.33,22.83,-0.70",5,9,-55.5,224.0,-5692.5,23.82608695652174
65,0,55,8,"(18,)",34,1.8529411764705883,0.8235294117647058,12.392857142857142,-47.333333333333336,1.221830985915493,-3.75,"1.28,11.17,-3.75,-2.38",6,10,-42.5,582.5,-3360.0,28.5
75,0,55,8,"(12, 18)",31,1.8225806451612903,0.7096774193548387,22.954545454545453,-49.833333333333336,1.1259754738015608,-7.357142857142857,"7.88,2.00,3.62,-7.36",5,10,-42.5,297.0,-4564.5,28.903225806451612
75,4,50,6,(),16,1.8125,0.6875,24.318181818181817,-47.7,1.121593291404612,-14.25,"7.50,-14.25,5.50,8.50",6,10,-54.5,-104.5,-2970.5,25.5625
75,0,55,10,"(18,)",38,1.736842105263158,0.7105263157894737,23.314814814814813,-51.22727272727273,1.1171251109139309,-2.2777777777777777,"10.60,-1.70,-2.28,-0.28",5,10,-42.5,920.0,-5491.5,29.526315789473685
65,0,47,6,(),16,1.6875,0.75,16.583333333333332,-43.0,1.1569767441860466,-13.25,"-13.25,14.50,17.25,-11.75",4,8,-42.5,-284.5,-2048.5,28.0625
75,0,43,10,(),16,1.6875,0.625,29.8,-45.166666666666664,1.099630996309963,-29.0,"12.50,-29.00,11.50,11.75",4,9,-49.5,-28.5,-3896.0,29.5625
75,0,43,10,"(12,)",16,1.6875,0.625,29.8,-45.166666666666664,1.099630996309963,-29.0,"12.50,-29.00,11.50,11.75",4,9,-49.5,-28.5,-3896.0,29.5625
75,0,50,6,"(12,)",18,1.6666666666666667,0.6666666666666666,25.083333333333332,-45.166666666666664,1.1107011070110702,-6.7,"-2.90,-6.70,11.00,8.50",4,9,-42.5,-505.0,-3849.0,26.0
75,0,55,7,"(12,)",30,1.5666666666666667,0.7,23.595238095238095,-49.833333333333336,1.10479375696767,-7.357142857142857,"7.88,2.75,1.93,-7.36",4,10,-42.5,245.0,-4645.5,28.8
70,0,55,6,"(18,)",24,1.5416666666666667,0.75,17.833333333333332,-47.333333333333336,1.130281690140845,-14.833333333333334,"-2.67,16.83,-14.83,6.83",6,10,-56.0,-283.0,-2974.0,26.333333333333332
90,0,55,6,"(18,)",24,1.5416666666666667,0.5833333333333334,37.285714285714285,-48.5,1.0762886597938144,-19.833333333333332,"10.67,6.83,-19.83,8.50",7,10,-56.0,-1299.5,-5741.5,26.208333333333332
80,10,55,10,"(3,)",19,1.5,0.6842105263157895,27.192307692307693,-54.166666666666664,1.0876923076923077,-22.9,"-1.50,-22.90,27.90,2.75",4,9,-59.5,481.0,-4859.5,23.263157894736842
80,10,55,10,"(3, 12)",19,1.5,0.6842105263157895,27.192307692307693,-54.166666666666664,1.0876923076923077,-22.9,"-1.50,-22.90,27.90,2.75",4,9,-59.5,481.0,-4859.5,23.263157894736842
80,4,55,10,"(20,)",27,1.5,0.6666666666666666,28.444444444444443,-52.388888888888886,1.085896076352068,-8.642857142857142,"-3.79,-8.64,4.79,15.67",5,10,-54.5,404.5,-5504.5,23.59259259259259
65,0,55,6,"(3, 18)",22,1.4545454545454546,0.8181818181818182,12.833333333333334,-49.75,1.1608040201005025,-12.3,"-6.00,11.83,-12.30,11.70",7,10,-56.0,483.5,-2521.5,24.318181818181817
75,0,55,6,"(3, 12)",20,1.45,0.7,23.785714285714285,-50.666666666666664,1.0953947368421053,-6.7,"-2.90,-6.70,8.70,6.70",5,10,-57.5,347.0,-3849.0,23.8
75,0,55,10,"(12,)",37,1.4189189189189189,0.7027027027027027,23.73076923076923,-51.31818181818182,1.0930026572187777,-3.5,"3.20,-3.50,6.06,-0.28",5,10,-49.0,670.0,-5507.5,27.62162162162162
65,0,55,7,"(18,)",32,1.40625,0.8125,12.653846153846153,-47.333333333333336,1.158450704225352,-3.125,"7.00,4.12,-3.12,-2.38",6,10,-42.5,161.5,-3191.5,28.03125
65,0,50,6,"(14,)",19,1.3421052631578947,0.7894736842105263,13.966666666666667,-46.0,1.138586956521739,-10.3,"1.30,13.30,-10.30,1.00",5,9,-54.5,-218.0,-2908.5,28.31578947368421
75,0,50,6,"(14,)",19,1.3421052631578947,0.6842105263157895,23.73076923076923,-47.166666666666664,1.0901060070671378,-6.7,"9.30,-6.70,-4.30,8.50",5,9,-54.5,-545.0,-3925.0,27.157894736842106
80,6,55,10,"(3, 18)",19,1.3421052631578947,0.6842105263157895,27.03846153846154,-54.333333333333336,1.0782208588957056,-22.9,"-1.70,-22.90,26.10,4.50",4,8,-59.5,408.0,-6107.0,23.473684210526315
80,6,55,10,"(3, 12, 18)",19,1.3421052631578947,0.6842105263157895,27.03846153846154,-54.333333333333336,1.0782208588957056,-22.9,"-1.70,-22.90,26.10,4.50",4,8,-59.5,408.0,-6107.0,23.473684210526315
80,7,55,10,"(3, 18)",19,1.3421052631578947,0.6842105263157895,27.03846153846154,-54.333333333333336,1.0782208588957056,-22.9,"-1.70,-22.90,26.10,4.50",4,8,-59.5,408.0,-6107.0,23.473684210526315
80,7,55,10,"(3, 12, 18)",19,1.3421052631578947,0.6842105263157895,27.03846153846154,-54.333333333333336,1.0782208588957056,-22.9,"-1.70,-22.90,26.10,4.50",4,8,-59.5,408.0,-6107.0,23.473684210526315
80,8,55,10,"(3, 18)",19,1.3421052631578947,0.6842105263157895,27.03846153846154,-54.333333333333336,1.0782208588957056,-22.9,"-1.70,-22.90,26.10,4.50",4,8,-59.5,408.0,-6107.0,23.473684210526315
80,8,55,10,"(3, 12, 18)",19,1.3421052631578947,0.6842105263157895,27.03846153846154,-54.333333333333336,1.0782208588957056,-22.9,"-1.70,-22.90,26.10,4.50",4,8,-59.5,408.0,-6107.0,23.473684210526315
80,0,47,6,"(12,)",15,1.3,0.6,32.27777777777778,-45.166666666666664,1.0719557195571956,-10.5,"-5.75,-10.50,14.75,8.50",3,8,-42.5,-599.5,-3951.0,26.333333333333332
90,0,47,6,"(12,)",15,1.3,0.5333333333333333,41.5,-44.642857142857146,1.0624,-5.5,"-0.75,-5.50,-0.25,15.17",4,8,-42.5,-1213.5,-3847.0,26.6
80,0,55,10,"(12, 18)",35,1.2714285714285714,0.6571428571428571,28.717391304347824,-51.333333333333336,1.0722402597402598,-9.055555555555555,"4.72,-9.06,8.72,0.62",4,10,-42.5,305.5,-7340.0,26.314285714285713
65,0,50,6,"(12, 18)",17,1.2647058823529411,0.7647058823529411,14.884615384615385,-43.0,1.125,-8.9,"-8.90,13.25,2.25,1.00",5,9,-42.5,-536.0,-2091.0,27.058823529411764
75,0,55,8,"(18,)",34,1.2647058823529411,0.7058823529411765,22.75,-50.3,1.0854870775347913,-5.625,"9.06,4.50,-5.62,-4.25",5,10,-42.5,-53.0,-5491.5,28.941176470588236
80,4,55,10,"(18,)",27,1.2037037037037037,0.6666666666666666,27.666666666666668,-51.72222222222222,1.0698174006444683,-7.642857142857143,"-3.93,-7.64,2.79,15.67",4,10,-54.5,19.5,-5440.5,23.74074074074074
80,7,55,10,(),22,1.1818181818181819,0.6818181818181818,27.166666666666668,-54.5,1.0681520314547837,-14.333333333333334,"-10.67,-14.33,27.10,8.10",4,9,-55.5,440.5,-5770.0,21.954545454545453
80,7,55,10,"(12,)",22,1.1818181818181819,0.6818181818181818,27.166666666666668,-54.5,1.0681520314547837,-14.333333333333334,"-10.67,-14.33,27.10,8.10",4,9,-55.5,440.5,-5770.0,21.954545454545453
80,7,55,10,"(14,)",22,1.1818181818181819,0.6818181818181818,27.166666666666668,-54.5,1.0681520314547837,-14.333333333333334,"-10.67,-14.33,27.10,8.10",4,9,-55.5,440.5,-5770.0,21.954545454545453
80,8,55,10,(),22,1.1818181818181819,0.6818181818181818,27.166666666666668,-54.5,1.0681520314547837,-14.333333333333334,"-10.67,-14.33,27.10,8.10",4,9,-55.5,440.5,-5770.0,21.954545454545453
80,8,55,10,"(12,)",22,1.1818181818181819,0.6818181818181818,27.166666666666668,-54.5,1.0681520314547837,-14.333333333333334,"-10.67,-14.33,27.10,8.10",4,9,-55.5,440.5,-5770.0,21.954545454545453
80,8,55,10,"(14,)",22,1.1818181818181819,0.6818181818181818,27.166666666666668,-54.5,1.0681520314547837,-14.333333333333334,"-10.67,-14.33,27.10,8.10",4,9,-55.5,440.5,-5770.0,21.954545454545453
80,4,55,10,"(3,)",27,1.1296296296296295,0.6666666666666666,28.27777777777778,-53.166666666666664,1.0637408568443052,-19.785714285714285,"-3.79,-19.79,27.93,0.00",4,10,-59.5,414.0,-6445.0,22.444444444444443
90,12,55,10,"(18,)",15,1.1,0.6,37.94444444444444,-54.166666666666664,1.0507692307692307,-32.0,"19.50,-32.00,15.25,1.83",3,7,-60.5,164.5,-5903.5,25.666666666666668
90,12,55,10,"(12, 18)",15,1.1,0.6,37.94444444444444,-54.166666666666664,1.0507692307692307,-32.0,"19.50,-32.00,15.25,1.83",3,7,-60.5,164.5,-5903.5,25.666666666666668
80,0,55,10,"(18,)",38,1.0789473684210527,0.6578947368421053,28.46,-51.57692307692308,1.0611483967188666,-6.2,"6.60,-6.20,1.06,3.06",4,10,-42.5,12.0,-7262.5,26.473684210526315
95,12,55,10,"(3,)",16,1.0625,0.5625,44.166666666666664,-54.357142857142854,1.0446780551905388,-52.5,"22.00,-52.50,42.00,-7.25",5,8,-60.5,181.5,-5433.0,25.4375
95,12,55,10,"(3, 12)",16,1.0625,0.5625,44.166666666666664,-54.357142857142854,1.0446780551905388,-52.5,"22.00,-52.50,42.00,-7.25",5,8,-60.5,181.5,-5433.0,25.4375
75,0,55,6,"(20,)",22,1.0454545454545454,0.6818181818181818,23.966666666666665,-48.07142857142857,1.0683506686478454,-20.3,"0.67,11.50,-20.30,10.30",6,10,-54.5,-478.0,-2697.5,26.454545454545453
80,6,50,10,(),17,1.0294117647058822,0.6470588235294118,29.227272727272727,-50.666666666666664,1.0575657894736843,-33.0,"-1.50,-33.00,30.00,9.25",4,8,-55.5,-139.5,-4832.0,24.529411764705884
80,6,50,10,"(12,)",17,1.0294117647058822,0.6470588235294118,29.227272727272727,-50.666666666666664,1.0575657894736843,-33.0,"-1.50,-33.00,30.00,9.25",4,8,-55.5,-139.5,-4832.0,24.529411764705884
80,6,50,10,"(14,)",17,1.0294117647058822,0.6470588235294118,29.227272727272727,-50.666666666666664,1.0575657894736843,-33.0,"-1.50,-33.00,30.00,9.25",4,8,-55.5,-139.5,-4832.0,24.529411764705884
75,0,55,7,(),33,1.0151515151515151,0.696969696969697,23.32608695652174,-50.3,1.0666003976143141,-4.5,"9.06,2.75,-4.50,-4.25",5,10,-42.5,-139.0,-5449.0,28.78787878787879
90,0,55,6,"(12, 18)",21,0.9761904761904762,0.5714285714285714,37.583333333333336,-47.833333333333336,1.0476190476190477,-32.5,"10.67,1.50,-32.50,22.30",7,10,-57.5,-1398.5,-5039.5,25.38095238095238
75,0,55,10,(),40,0.975,0.7,23.5,-51.583333333333336,1.063004846526656,-7.6,"9.50,-7.60,-1.10,3.10",5,10,-49.0,270.0,-5190.5,27.6
65,0,47,6,"(12,)",15,0.9666666666666667,0.7333333333333333,16.954545454545453,-43.0,1.0843023255813953,-13.25,"-13.25,14.50,3.50,-1.50",4,8,-42.5,-586.0,-2048.5,27.866666666666667
80,0,47,6,"(18,)",15,0.9,0.6,31.61111111111111,-45.166666666666664,1.0498154981549817,-10.5,"-5.75,-10.50,13.25,8.50",4,8,-42.5,-857.5,-3951.0,25.933333333333334
90,0,47,6,"(18,)",15,0.9,0.5333333333333333,40.75,-44.642857142857146,1.0432,-5.5,"-0.75,-5.50,-1.75,15.17",4,8,-42.5,-1441.5,-3847.0,26.2
75,0,55,7,"(14,)",30,0.8666666666666667,0.7,23.166666666666668,-51.166666666666664,1.0564603691639523,-11.5,"15.75,4.00,-11.50,-7.36",5,9,-29.166666666666668,-35.0,-6964.5,30.0
75,0,55,10,"(14,)",37,0.8513513513513513,0.7027027027027027,23.384615384615383,-52.40909090909091,1.054640069384215,-3.9444444444444446,"9.50,-3.94,-2.83,-0.28",5,10,-55.5,369.5,-6618.0,28.783783783783782
75,0,50,6,(),21,0.7857142857142857,0.6666666666666666,24.428571428571427,-46.5,1.0506912442396312,-6.7,"0.67,-6.70,10.90,-1.70",6,10,-54.5,-944.5,-3554.0,25.476190476190474
65,0,47,6,"(20,)",15,0.7666666666666667,0.7333333333333333,16.681818181818183,-43.0,1.066860465116279,-13.25,"-13.25,14.25,3.00,-1.50",4,8,-42.5,-700.0,-2048.5,27.733333333333334
85,12,55,10,"(3,)",16,0.75,0.625,33.7,-54.166666666666664,1.0369230769230768,-52.5,"14.50,-52.50,32.00,9.00",3,8,-60.5,285.5,-5183.5,23.9375
85,12,55,10,"(3, 12)",16,0.75,0.625,33.7,-54.166666666666664,1.0369230769230768,-52.5,"14.50,-52.50,32.00,9.00",3,8,-60.5,285.5,-5183.5,23.9375
75,0,55,6,"(3,)",23,0.6739130434782609,0.6956521739130435,23.375,-51.214285714285715,1.0432357043235705,-3.1666666666666665,"0.67,-3.17,-0.50,6.70",6,10,-56.0,-159.5,-3554.0,23.434782608695652
80,6,55,10,"(20,)",21,0.6428571428571429,0.6666666666666666,27.714285714285715,-53.5,1.0360480640854473,-10.666666666666666,"-10.67,-7.30,29.50,-6.70",5,9,-55.5,-58.5,-4829.5,23.666666666666668
75,0,55,7,"(12, 18)",29,0.6379310344827587,0.6896551724137931,23.35,-49.833333333333336,1.0412486064659978,-7.357142857142857,"7.88,-0.36,1.36,-7.36",4,10,-42.5,-484.5,-4915.5,27.896551724137932
80,0,55,6,"(12,)",22,0.6363636363636364,0.6363636363636364,28.785714285714285,-48.625,1.0359897172236503,-17.7,"4.00,1.17,-17.70,14.30",4,10,-57.5,-822.5,-3748.5,25.227272727272727
80,0,55,6,"(14,)",23,0.6304347826086957,0.6521739130434783,27.7,-50.125,1.0361596009975063,-25.666666666666668,"15.00,1.17,-25.67,14.30",5,9,-56.0,-718.5,-5165.0,26.82608695652174
80,0,55,10,"(12,)",37,0.6081081081081081,0.6486486486486487,28.916666666666668,-51.65384615384615,1.0335070737155623,-9.055555555555555,"-1.30,-9.06,9.94,3.06",4,10,-49.0,-109.0,-8276.0,24.81081081081081
65,0,47,6,"(18,)",15,0.5666666666666667,0.7333333333333333,16.40909090909091,-43.0,1.0494186046511629,-13.25,"-13.25,14.50,2.00,-1.50",4,8,-42.5,-742.5,-2048.5,27.4
95,0,55,6,"(18,)",24,0.5,0.5416666666666666,42.26923076923077,-48.86363636363637,1.022325581395349,-34.0,"14.00,10.17,-34.00,11.83",7,10,-56.0,-1946.0,-7816.0,26.25
80,0,55,10,(),40,0.475,0.65,28.653846153846153,-51.857142857142854,1.0261707988980717,-12.6,"5.50,-12.60,2.40,6.60",4,10,-49.0,-301.5,-7928.5,25.075
95,0,47,6,(),16,0.4375,0.5,46.5,-45.625,1.0191780821917809,-3.0,"1.75,-3.00,-0.25,3.25",5,8,-45.5,-1614.0,-3988.0,26.75
80,12,55,10,"(18,)",15,0.43333333333333335,0.6666666666666666,27.6,-53.9,1.0241187384044528,-34.5,"12.00,-34.50,27.75,-4.83",3,7,-60.5,-15.5,-5483.5,24.333333333333332
80,12,55,10,"(12, 18)",15,0.43333333333333335,0.6666666666666666,27.6,-53.9,1.0241187384044528,-34.5,"12.00,-34.50,27.75,-4.83",3,7,-60.5,-15.5,-5483.5,24.333333333333332
80,0,55,6,(),25,0.42,0.64,28.375,-49.27777777777778,1.0236753100338218,-9.166666666666666,"6.79,1.17,-9.17,1.83",6,10,-56.0,-994.5,-3610.0,25.16
80,4,55,10,(),29,0.3620689655172414,0.6551724137931034,27.973684210526315,-52.1,1.0201535508637236,-10.375,"-10.38,-7.64,16.07,4.93",4,10,-54.5,-435.5,-6445.0,22.24137931034483
65,0,50,6,(),21,0.30952380952380953,0.7619047619047619,14.5625,-45.3,1.0286975717439293,-7.7,"-6.00,13.30,2.90,-7.70",5,10,-54.5,-863.0,-1935.5,26.571428571428573
75,12,55,10,(),17,0.2647058823529412,0.7058823529411765,23.25,-54.9,1.0163934426229508,-35.75,"10.50,-35.75,25.00,-1.25",4,8,-60.5,159.5,-3976.5,24.41176470588235
75,12,55,10,"(12,)",17,0.2647058823529412,0.7058823529411765,23.25,-54.9,1.0163934426229508,-35.75,"10.50,-35.75,25.00,-1.25",4,8,-60.5,159.5,-3976.5,24.41176470588235
75,12,55,10,"(14,)",17,0.2647058823529412,0.7058823529411765,23.25,-54.9,1.0163934426229508,-35.75,"10.50,-35.75,25.00,-1.25",4,8,-60.5,159.5,-3976.5,24.41176470588235
90,12,55,10,(),17,0.2647058823529412,0.5882352941176471,38.5,-54.357142857142854,1.011826544021025,-32.0,"4.50,-32.00,40.00,-12.50",4,8,-60.5,-83.5,-5242.5,24.294117647058822
90,12,55,10,"(12,)",17,0.2647058823529412,0.5882352941176471,38.5,-54.357142857142854,1.011826544021025,-32.0,"4.50,-32.00,40.00,-12.50",4,8,-60.5,-83.5,-5242.5,24.294117647058822
90,12,55,10,"(14,)",17,0.2647058823529412,0.5882352941176471,38.5,-54.357142857142854,1.011826544021025,-32.0,"4.50,-32.00,40.00,-12.50",4,8,-60.5,-83.5,-5242.5,24.294117647058822
80,6,55,10,"(18,)",21,0.2619047619047619,0.6666666666666666,26.714285714285715,-52.642857142857146,1.0149253731343284,-11.5,"-11.50,-5.10,26.70,-6.70",4,8,-26.5,-505.5,-6107.0,23.571428571428573
80,6,55,10,"(12, 18)",21,0.2619047619047619,0.6666666666666666,26.714285714285715,-52.642857142857146,1.0149253731343284,-11.5,"-11.50,-5.10,26.70,-6.70",4,8,-26.5,-505.5,-6107.0,23.571428571428573
80,6,55,10,"(3,)",21,0.16666666666666666,0.6666666666666666,27.5,-54.5,1.0091743119266054,-22.9,"-10.67,-22.90,27.90,8.50",4,9,-59.5,-32.0,-5770.0,22.0
80,6,55,10,"(3, 12)",21,0.16666666666666666,0.6666666666666666,27.5,-54.5,1.0091743119266054,-22.9,"-10.67,-22.90,27.90,8.50",4,9,-59.5,-32.0,-5770.0,22.0
80,7,55,10,"(3,)",21,0.16666666666666666,0.6666666666666666,27.5,-54.5,1.0091743119266054,-22.9,"-10.67,-22.90,27.90,8.50",4,9,-59.5,-32.0,-5770.0,22.0
80,7,55,10,"(3, 12)",21,0.16666666666666666,0.6666666666666666,27.5,-54.5,1.0091743119266054,-22.9,"-10.67,-22.90,27.90,8.50",4,9,-59.5,-32.0,-5770.0,22.0
80,8,55,10,"(3,)",21,0.16666666666666666,0.6666666666666666,27.5,-54.5,1.0091743119266054,-22.9,"-10.67,-22.90,27.90,8.50",4,9,-59.5,-32.0,-5770.0,22.0
80,8,55,10,"(3, 12)",21,0.16666666666666666,0.6666666666666666,27.5,-54.5,1.0091743119266054,-22.9,"-10.67,-22.90,27.90,8.50",4,9,-59.5,-32.0,-5770.0,22.0
75,0,55,7,"(18,)",32,0.15625,0.6875,23.09090909090909,-50.3,1.0099403578528827,-5.875,"15.75,-5.88,-5.00,-4.25",5,10,-42.5,-991.0,-5370.5,27.8125
65,0,55,6,"(20,)",22,0.13636363636363635,0.7727272727272727,13.5,-45.3,1.0132450331125828,-11.3,"-6.00,14.00,-11.30,2.30",5,10,-54.5,-985.5,-1935.5,25.59090909090909
75,0,50,6,"(12, 18)",17,0.08823529411764706,0.6470588235294118,24.772727272727273,-45.166666666666664,1.0055350553505535,-14.25,"-2.90,-14.25,9.75,8.50",4,9,-42.5,-1249.0,-3849.0,25.41176470588235
80,0,55,10,"(14,)",37,0.04054054054054054,0.6486486486486487,28.541666666666668,-52.57692307692308,1.0021945866861741,-2.5,"-2.50,-0.61,0.50,3.06",4,10,-55.5,-691.5,-7007.5,25.43243243243243
75,4,50,6,"(18,)",15,0.03333333333333333,0.6666666666666666,23.9,-47.7,1.0020964360587001,-14.25,"7.50,-14.25,-12.25,25.50",6,10,-54.5,-861.5,-3574.5,24.733333333333334
75,0,55,6,"(3, 12, 18)",19,0.02631578947368421,0.6842105263157895,23.423076923076923,-50.666666666666664,1.0016447368421053,-9.1,"-2.90,-6.70,-9.10,23.50",5,10,-57.5,-442.0,-3849.0,23.05263157894737
65,0,55,6,"(12,)",22,-0.045454545454545456,0.7727272727272727,13.441176470588236,-45.9,0.9956427015250545,-10.7,"-6.00,12.83,-10.70,2.30",5,10,-57.5,-975.5,-2091.0,25.681818181818183
75,0,43,10,"(18,)",15,-0.1,0.6,29.944444444444443,-45.166666666666664,0.9944649446494465,-29.0,"12.50,-29.00,12.00,5.50",4,9,-49.5,-770.5,-3896.0,29.0
75,0,43,10,"(12, 18)",15,-0.1,0.6,29.944444444444443,-45.166666666666664,0.9944649446494465,-29.0,"12.50,-29.00,12.00,5.50",4,9,-49.5,-770.5,-3896.0,29.0
75,0,47,6,(),16,-0.1875,0.625,26.8,-45.166666666666664,0.988929889298893,-13.0,"-8.25,-13.00,27.25,-6.75",4,8,-42.5,-1228.5,-4033.5,25.1875
65,0,50,6,"(20,)",20,-0.45,0.75,14.5,-45.3,0.9602649006622517,-7.7,"1.70,1.30,2.90,-7.70",5,10,-54.5,-1256.5,-1935.5,26.05
75,0,55,6,"(3, 18)",22,-0.5909090909090909,0.6818181818181818,23.033333333333335,-51.214285714285715,0.9637377963737797,-6.3,"0.67,-3.17,-6.30,6.70",6,10,-56.0,-847.5,-3998.5,22.681818181818183
75,0,50,6,"(18,)",20,-0.6,0.65,24.115384615384617,-46.5,0.9631336405529954,-20.3,"9.70,-20.30,9.90,-1.70",6,10,-54.5,-1649.0,-3554.0,24.7
65,0,50,6,"(18,)",20,-0.6,0.75,14.3,-45.3,0.9470198675496688,-7.7,"1.70,1.70,1.90,-7.70",5,10,-54.5,-1336.0,-1935.5,25.9
65,0,55,6,"(14,)",23,-0.6739130434782609,0.782608695652174,12.555555555555555,-48.3,0.9358178053830227,-19.833333333333332,"2.50,12.83,-19.83,2.30",5,9,-56.0,-1181.0,-4087.0,26.608695652173914
80,6,55,10,(),23,-0.717391304347826,0.6521739130434783,27.166666666666668,-53.0,0.9610849056603774,-14.333333333333334,"-10.67,-14.33,27.83,-6.70",4,9,-55.5,-949.0,-5770.0,22.08695652173913
80,6,55,10,"(12,)",23,-0.717391304347826,0.6521739130434783,27.166666666666668,-53.0,0.9610849056603774,-14.333333333333334,"-10.67,-14.33,27.83,-6.70",4,9,-55.5,-949.0,-5770.0,22.08695652173913
80,6,55,10,"(14,)",23,-0.717391304347826,0.6521739130434783,27.166666666666668,-53.0,0.9610849056603774,-14.333333333333334,"-10.67,-14.33,27.83,-6.70",4,9,-55.5,-949.0,-5770.0,22.08695652173913
75,12,55,10,"(3,)",16,-0.8125,0.6875,23.772727272727273,-54.9,0.9526411657559198,-33.75,"7.00,-33.75,22.00,1.50",4,8,-60.5,-225.5,-3976.5,24.5625
75,12,55,10,"(3, 12)",16,-0.8125,0.6875,23.772727272727273,-54.9,0.9526411657559198,-33.75,"7.00,-33.75,22.00,1.50",4,8,-60.5,-225.5,-3976.5,24.5625
99,0,47,6,"(18,)",15,-0.9,0.4666666666666667,50.214285714285715,-45.625,0.963013698630137,-22.0,"3.75,-1.00,-22.00,21.17",5,8,-45.5,-2108.5,-4545.0,26.066666666666666
80,12,55,10,(),17,-0.9117647058823529,0.6470588235294118,28.136363636363637,-54.166666666666664,0.9523076923076923,-34.5,"-1.50,-34.50,30.00,2.50",3,8,-60.5,-486.5,-5230.5,22.764705882352942
80,12,55,10,"(12,)",17,-0.9117647058823529,0.6470588235294118,28.136363636363637,-54.166666666666664,0.9523076923076923,-34.5,"-1.50,-34.50,30.00,2.50",3,8,-60.5,-486.5,-5230.5,22.764705882352942
80,12,55,10,"(14,)",17,-0.9117647058823529,0.6470588235294118,28.136363636363637,-54.166666666666664,0.9523076923076923,-34.5,"-1.50,-34.50,30.00,2.50",3,8,-60.5,-486.5,-5230.5,22.764705882352942
80,0,55,6,"(12, 18)",21,-0.9285714285714286,0.6190476190476191,28.423076923076923,-48.625,0.9498714652956298,-18.5,"4.00,-4.50,-18.50,14.30",4,10,-57.5,-1654.0,-4044.0,24.285714285714285
65,0,55,6,"(12, 18)",21,-0.9285714285714286,0.7619047619047619,13.125,-45.9,0.9150326797385621,-11.5,"-6.00,12.50,-11.50,2.30",5,10,-57.5,-1429.5,-2091.0,25.0
80,0,55,6,"(18,)",24,-0.9583333333333334,0.625,28.033333333333335,-49.27777777777778,0.9481397970687712,-9.833333333333334,"4.00,0.17,-9.83,1.83",6,10,-56.0,-1752.5,-4313.5,24.208333333333332
65,0,55,6,(),25,-1.38,0.76,13.131578947368421,-47.333333333333336,0.8785211267605634,-16.666666666666668,"-3.93,12.83,-16.67,2.67",5,10,-56.0,-1722.0,-2964.5,24.72
75,0,47,6,"(12,)",15,-1.7,0.6,27.27777777777778,-45.166666666666664,0.9059040590405905,-13.0,"-8.25,-13.00,11.00,5.17",3,8,-42.5,-1665.0,-4033.5,25.066666666666666
90,12,55,10,"(3,)",16,-1.75,0.5625,39.166666666666664,-54.357142857142854,0.926412614980289,-52.5,"18.25,-52.50,37.00,-9.75",4,8,-60.5,-766.0,-5242.5,24.5
90,12,55,10,"(3, 12)",16,-1.75,0.5625,39.166666666666664,-54.357142857142854,0.926412614980289,-52.5,"18.25,-52.50,37.00,-9.75",4,8,-60.5,-766.0,-5242.5,24.5
75,0,47,6,"(18,)",15,-2.1,0.6,26.61111111111111,-45.166666666666664,0.8837638376383764,-13.0,"-8.25,-13.00,9.50,5.17",4,8,-42.5,-1919.5,-4033.5,24.6
65,0,55,6,"(18,)",24,-2.2083333333333335,0.75,12.833333333333334,-47.333333333333336,0.8133802816901409,-17.333333333333332,"-6.00,11.83,-17.33,2.67",5,10,-56.0,-2190.5,-2846.0,24.041666666666668
80,12,55,10,"(3,)",16,-2.375,0.625,28.7,-54.166666666666664,0.8830769230769231,-52.5,"10.75,-52.50,27.00,5.25",3,8,-60.5,-936.5,-5230.5,22.9375
80,12,55,10,"(3, 12)",16,-2.375,0.625,28.7,-54.166666666666664,0.8830769230769231,-52.5,"10.75,-52.50,27.00,5.25",3,8,-60.5,-936.5,-5230.5,22.9375
75,0,55,6,"(12,)",22,-2.5454545454545454,0.6363636363636364,23.785714285714285,-48.625,0.8560411311053985,-19.7,"0.67,-2.17,-19.70,10.30",4,10,-57.5,-2288.5,-4007.5,23.59090909090909
75,0,55,6,"(14,)",23,-2.630434782608696,0.6521739130434783,22.7,-50.125,0.8491271820448878,-27.333333333333332,"10.83,-2.17,-27.33,10.30",5,9,-56.0,-2270.5,-5597.0,24.82608695652174
95,0,47,6,"(18,)",15,-2.7666666666666666,0.4666666666666667,46.214285714285715,-45.625,0.8863013698630137,-23.0,"1.75,-3.00,-23.00,18.50",5,8,-45.5,-2686.5,-4709.0,25.4
75,0,55,6,(),25,-2.78,0.64,23.375,-49.27777777777778,0.8432919954904171,-11.666666666666666,"3.21,-2.17,-11.67,-1.50",6,10,-56.0,-2594.0,-4307.5,23.28
75,0,55,6,"(12, 18)",21,-4.023809523809524,0.6190476190476191,23.423076923076923,-48.625,0.7827763496143959,-20.5,"0.67,-7.50,-20.50,10.30",4,10,-57.5,-2904.5,-4584.0,22.904761904761905
75,0,55,6,"(18,)",24,-4.083333333333333,0.625,23.033333333333335,-49.27777777777778,0.7790304396843292,-12.333333333333334,"0.67,-3.17,-12.33,-1.50",6,10,-56.0,-3164.5,-4811.0,22.458333333333332
