rule,side,btc_signed_bin,early_low_bin,target_c,trades,avg_entry_c,hit_rate,breakeven_hit_rate,avg_pnl_c,min_quartile_ev_c,quartile_ev_c,positive_weeks,weeks,min_week_ev_c,median_entry_minute
low<=20_close40-65_green,NO,against25-75,15-20,60,37,50.0,0.8378378378378378,0.8333333333333334,0.2702702702702691,-4.400000000000002,"-4.40,0.89,3.89,1.22",4,9,-11.000000000000004,8.0
low<=20_close40-65_green,NO,against25-75,15-20,70,37,50.0,0.8108108108108109,0.7142857142857143,6.756756756756757,2.000000000000001,"3.60,2.00,12.78,9.00",6,9,-6.0000000000000036,8.0
low<=20_close40-65_green,NO,against25-75,15-20,80,37,50.0,0.7027027027027027,0.625,6.216216216216216,-9.888888888888891,"11.60,9.78,12.78,-9.89",7,9,-41.0,8.0
low<=20_close40-65_green,NO,against25-75,15-20,85,37,50.0,0.5405405405405406,0.5882352941176471,-4.054054054054054,-24.11111111111111,"7.10,-24.11,7.22,-7.67",5,9,-41.0,8.0
low<=20_close40-65_green,NO,against25-75,15-20,90,37,50.0,0.5405405405405406,0.5555555555555556,-1.3513513513513522,-22.444444444444443,"10.60,-22.44,10.56,-5.44",5,9,-41.0,8.0
low<=20_close40-65_green,NO,against25-75,15-20,99,37,50.0,0.4864864864864865,0.5050505050505051,-1.8378378378378386,-19.444444444444443,"16.90,-19.44,5.56,-12.44",3,9,-41.0,8.0
low<=20_close40-65_green,NO,flat,15-20,60,99,48.61616161616162,0.6868686868686869,0.8102693602693604,-7.404040404040404,-12.52,"-7.64,-4.48,-4.88,-12.52",2,10,-16.466666666666665,7.0
low<=20_close40-65_green,NO,flat,15-20,70,99,48.61616161616162,0.6262626262626263,0.6945165945165945,-4.777777777777778,-9.319999999999999,"-3.24,-2.88,-3.63,-9.32",2,10,-16.466666666666665,7.0
low<=20_close40-65_green,NO,flat,15-20,80,99,48.61616161616162,0.5050505050505051,0.6077020202020202,-8.212121212121213,-10.708333333333336,"-6.04,-9.28,-10.71,-6.92",2,10,-23.133333333333333,7.0
low<=20_close40-65_green,NO,flat,15-20,85,99,48.61616161616162,0.48484848484848486,0.5719548425430778,-7.404040404040404,-10.28,"-3.24,-10.28,-8.42,-7.72",3,10,-21.8,7.0
low<=20_close40-65_green,NO,flat,15-20,90,99,48.61616161616162,0.46464646464646464,0.5401795735129069,-6.797979797979798,-11.68,"-0.44,-11.68,-9.88,-5.32",4,10,-20.466666666666665,7.0
low<=20_close40-65_green,NO,flat,15-20,99,99,48.61616161616162,0.4444444444444444,0.4910723395571881,-4.616161616161616,-12.04,"0.64,-12.04,-6.13,-1.00",4,10,-18.066666666666666,7.0
low<=20_close40-65_green,YES,against25-75,<=15,60,30,48.03333333333333,0.7333333333333333,0.8005555555555556,-4.033333333333333,-12.142857142857142,"-7.25,-12.14,3.57,-0.38",4,10,-46.0,8.0
low<=20_close40-65_green,YES,against25-75,<=15,70,30,48.03333333333333,0.7,0.6861904761904761,0.9666666666666665,-16.428571428571427,"-1.00,-16.43,12.14,8.38",4,10,-46.0,8.0
low<=20_close40-65_green,YES,against25-75,<=15,80,30,48.03333333333333,0.5333333333333333,0.6004166666666666,-5.366666666666666,-14.75,"-14.75,-12.14,9.29,-2.88",4,10,-53.5,8.0
low<=20_close40-65_green,YES,against25-75,<=15,85,30,48.03333333333333,0.4666666666666667,0.5650980392156862,-8.366666666666667,-12.875,"-12.88,-10.00,-11.43,0.25",4,10,-53.5,8.0
low<=20_close40-65_green,YES,against25-75,<=15,90,30,48.03333333333333,0.43333333333333335,0.5337037037037037,-9.033333333333333,-11.0,"-11.00,-7.86,-9.29,-7.88",3,10,-53.5,8.0
low<=20_close40-65_green,YES,against25-75,<=15,99,30,48.03333333333333,0.36666666666666664,0.48518518518518516,-11.733333333333333,-19.571428571428573,"-7.62,-4.00,-19.57,-15.75",4,10,-61.0,8.0
low<=20_close40-65_green,YES,flat,<=15,60,40,46.225,0.725,0.7704166666666666,-2.725,-12.3,"2.30,9.50,-12.30,-10.40",5,10,-46.0,7.0
low<=20_close40-65_green,YES,flat,<=15,70,40,46.225,0.675,0.6603571428571429,1.025,-6.3,"10.30,4.50,-6.30,-4.40",3,10,-46.0,7.0
low<=20_close40-65_green,YES,flat,<=15,80,40,46.225,0.55,0.5778125000000001,-2.225,-16.3,"10.30,3.50,-16.30,-6.40",5,10,-46.0,7.0
low<=20_close40-65_green,YES,flat,<=15,85,40,46.225,0.5,0.5438235294117647,-3.725,-22.8,"13.80,-2.00,-22.80,-3.90",4,10,-46.0,7.0
low<=20_close40-65_green,YES,flat,<=15,90,40,46.225,0.475,0.5136111111111111,-3.475,-21.3,"17.30,-8.50,-21.30,-1.40",3,10,-46.0,7.0
low<=20_close40-65_green,YES,flat,<=15,99,40,46.225,0.4,0.46691919191919196,-6.625,-18.6,"3.80,-14.80,-18.60,3.10",3,10,-46.0,7.0
low<=20_close40-65_green,YES,flat,15-20,60,85,48.38823529411765,0.7411764705882353,0.8064705882352942,-3.9176470588235293,-9.09090909090909,"-9.09,-4.81,-1.19,-0.33",3,10,-13.000000000000004,7.0
low<=20_close40-65_green,YES,flat,15-20,70,85,48.38823529411765,0.6470588235294118,0.6912605042016807,-3.0941176470588236,-8.636363636363635,"-8.64,-4.33,-0.24,1.10",3,10,-21.000000000000004,7.0
low<=20_close40-65_green,YES,flat,15-20,80,85,48.38823529411765,0.5764705882352941,0.6048529411764706,-2.2705882352941176,-6.363636363636362,"-6.36,-1.95,-1.19,0.62",4,10,-17.000000000000004,7.0
low<=20_close40-65_green,YES,flat,15-20,85,85,48.38823529411765,0.5529411764705883,0.5692733564013841,-1.388235294117647,-7.499999999999999,"-7.50,-3.14,1.67,3.71",4,10,-17.0,7.0
low<=20_close40-65_green,YES,flat,15-20,90,85,48.38823529411765,0.5176470588235295,0.5376470588235295,-1.8,-13.181818181818182,"-13.18,-0.52,0.24,6.81",3,10,-16.272727272727273,7.0
low<=20_close40-65_green,YES,flat,15-20,99,85,48.38823529411765,0.49411764705882355,0.48877005347593583,0.5294117647058822,-9.499999999999998,"-9.50,4.19,0.24,7.67",4,10,-16.6,7.0
low<=20_close40-65_green,YES,with25-75,15-20,60,33,51.696969696969695,0.8484848484848485,0.8616161616161616,-0.7878787878787874,-2.3333333333333335,"-2.33,-0.25,-1.00,0.63",5,10,-16.333333333333336,6.0
low<=20_close40-65_green,YES,with25-75,15-20,70,33,51.696969696969695,0.7575757575757576,0.7385281385281385,1.3333333333333335,-2.3333333333333335,"-2.33,-0.25,-1.00,9.38",6,10,-54.0,6.0
low<=20_close40-65_green,YES,with25-75,15-20,80,33,51.696969696969695,0.696969696969697,0.6462121212121212,4.0606060606060606,-12.75,"4.33,-12.75,6.50,18.12",5,10,-54.0,6.0
low<=20_close40-65_green,YES,with25-75,15-20,85,33,51.696969696969695,0.6666666666666666,0.6081996434937611,4.96969696969697,-10.25,"7.67,-10.25,-0.37,22.50",5,10,-54.0,6.0
low<=20_close40-65_green,YES,with25-75,15-20,90,33,51.696969696969695,0.6363636363636364,0.5744107744107744,5.575757575757576,-8.5,"11.00,-7.75,-8.50,26.88",5,10,-54.0,6.0
low<=20_close40-65_green,YES,with25-75,15-20,99,33,51.696969696969695,0.5454545454545454,0.5221916131007039,2.303030303030303,-15.625,"6.00,-15.62,-4.00,22.38",4,10,-54.0,6.0
low<=20_close45-65_green,NO,against25-75,15-20,60,31,54.67741935483871,0.9032258064516129,0.9112903225806452,-0.4838709677419369,-3.750000000000001,"-3.75,-3.00,6.86,-1.12",5,9,-6.500000000000002,8.0
low<=20_close45-65_green,NO,against25-75,15-20,70,31,54.67741935483871,0.8709677419354839,0.7811059907834101,6.29032258064516,-3.0000000000000018,"5.00,-3.00,16.86,7.62",8,9,-5.571428571428572,8.0
low<=20_close45-65_green,NO,against25-75,15-20,80,31,54.67741935483871,0.7741935483870968,0.6834677419354839,7.258064516129032,-3.625,"13.75,4.50,15.43,-3.62",6,9,-61.0,8.0
low<=20_close45-65_green,NO,against25-75,15-20,85,31,54.67741935483871,0.5806451612903226,0.6432637571157496,-5.32258064516129,-23.625,"7.50,-23.62,-4.57,-0.50",4,9,-61.0,8.0
low<=20_close45-65_green,NO,against25-75,15-20,90,31,54.67741935483871,0.5806451612903226,0.6075268817204301,-2.4193548387096775,-21.75,"11.25,-21.75,-1.71,2.62",4,9,-61.0,8.0
low<=20_close45-65_green,NO,against25-75,15-20,99,31,54.67741935483871,0.5483870967741935,0.5522971652003911,-0.3870967741935484,-18.375,"18.00,-18.38,3.43,-4.12",4,9,-61.0,8.0
low<=20_close45-65_green,NO,flat,15-20,60,76,52.46052631578947,0.7763157894736842,0.8743421052631579,-5.881578947368422,-11.157894736842106,"-8.53,-3.00,-11.16,-0.84",2,10,-17.2,7.0
low<=20_close45-65_green,NO,flat,15-20,70,76,52.46052631578947,0.7105263157894737,0.7494360902255639,-2.7236842105263164,-8.000000000000002,"-4.84,-2.47,-8.00,4.42",3,10,-15.9,7.0
low<=20_close45-65_green,NO,flat,15-20,80,76,52.46052631578947,0.5921052631578947,0.6557565789473684,-5.092105263157895,-10.631578947368421,"-10.63,-8.26,-10.11,8.63",2,10,-18.9,7.0
low<=20_close45-65_green,NO,flat,15-20,85,76,52.46052631578947,0.5657894736842105,0.6171826625386997,-4.368421052631579,-10.105263157894736,"-8.00,-10.11,-7.47,8.11",2,10,-16.9,7.0
low<=20_close45-65_green,NO,flat,15-20,90,76,52.46052631578947,0.5394736842105263,0.5828947368421052,-3.9078947368421053,-12.473684210526315,"-5.37,-12.47,-9.58,11.79",3,10,-20.11111111111111,7.0
low<=20_close45-65_green,NO,flat,15-20,99,76,52.46052631578947,0.5263157894736842,0.5299043062200957,-0.35526315789473684,-8.68421052631579,"-5.84,-8.68,-5.32,18.42",6,10,-17.11111111111111,7.0
low<=20_close45-65_green,YES,flat,15-20,60,67,51.91044776119403,0.8059701492537313,0.8651741293532338,-3.5522388059701493,-16.58823529411765,"-16.59,-2.24,8.31,-3.00",5,10,-21.250000000000004,7.0
low<=20_close45-65_green,YES,flat,15-20,70,67,51.91044776119403,0.6865671641791045,0.7415778251599147,-3.8507462686567164,-10.705882352941174,"-10.71,-10.47,9.56,-3.00",5,10,-33.75,7.0
low<=20_close45-65_green,YES,flat,15-20,80,67,51.91044776119403,0.5970149253731343,0.6488805970149254,-4.149253731343284,-9.52941176470588,"-9.53,-9.29,8.31,-5.35",6,10,-31.250000000000004,7.0
low<=20_close45-65_green,YES,flat,15-20,85,67,51.91044776119403,0.5671641791044776,0.6107111501316944,-3.701492537313433,-11.88235294117647,"-11.88,-11.65,12.06,-2.41",5,10,-30.000000000000004,7.0
low<=20_close45-65_green,YES,flat,15-20,90,67,51.91044776119403,0.5373134328358209,0.5767827529021559,-3.5522388059701493,-14.823529411764705,"-14.82,-9.29,10.19,0.53",4,10,-28.750000000000004,7.0
low<=20_close45-65_green,YES,flat,15-20,99,67,51.91044776119403,0.5074626865671642,0.524347957183778,-1.671641791044776,-11.117647058823527,"-11.12,-5.06,10.19,-0.00",6,10,-26.500000000000004,7.0
low<=20_close45-65_green,YES,with25-75,15-20,60,30,54.03333333333333,0.9,0.9005555555555556,-0.03333333333333286,-3.5714285714285725,"0.50,-3.57,-3.00,5.13",6,10,-16.333333333333336,6.0
low<=20_close45-65_green,YES,with25-75,15-20,70,30,54.03333333333333,0.8,0.7719047619047619,1.9666666666666672,-5.000000000000001,"0.50,-5.00,-4.43,15.13",7,10,-54.0,6.0
low<=20_close45-65_green,YES,with25-75,15-20,80,30,54.03333333333333,0.7333333333333333,0.6754166666666667,4.633333333333334,-20.714285714285715,"8.00,-20.71,2.71,25.12",5,10,-54.0,6.0
low<=20_close45-65_green,YES,with25-75,15-20,85,30,54.03333333333333,0.7,0.6356862745098039,5.466666666666667,-18.571428571428573,"11.75,-18.57,-5.86,30.12",5,10,-54.0,6.0
low<=20_close45-65_green,YES,with25-75,15-20,90,30,54.03333333333333,0.6666666666666666,0.6003703703703703,5.966666666666667,-16.428571428571427,"15.50,-16.43,-3.00,23.88",5,10,-54.0,6.0
low<=20_close45-65_green,YES,with25-75,15-20,99,30,54.03333333333333,0.5666666666666667,0.5457912457912458,2.066666666666667,-26.714285714285715,"9.88,-26.71,2.14,19.38",4,10,-56.0,6.0
low<=20_close50-70_green,NO,flat,15-20,60,69,58.710144927536234,0.8695652173913043,0.9785024154589372,-6.536231884057971,-8.411764705882355,"-8.06,-8.41,-7.94,-1.65",3,10,-16.4,8.0
low<=20_close50-70_green,NO,flat,15-20,70,69,58.710144927536234,0.8260869565217391,0.8387163561076605,-0.8840579710144928,-4.294117647058825,"0.28,-4.29,-3.82,4.24",5,10,-16.600000000000005,8.0
low<=20_close50-70_green,NO,flat,15-20,80,69,58.710144927536234,0.6956521739130435,0.7338768115942029,-3.0579710144927534,-10.764705882352942,"-4.72,-10.76,-5.59,8.94",3,10,-13.8,8.0
low<=20_close50-70_green,NO,flat,15-20,85,69,58.710144927536234,0.6811594202898551,0.6907075873827793,-0.8115942028985503,-12.823529411764708,"-1.39,-12.82,-2.35,13.35",3,10,-10.8,8.0
low<=20_close50-70_green,NO,flat,15-20,90,69,58.710144927536234,0.6376811594202898,0.6523349436392915,-1.318840579710145,-15.470588235294118,"1.94,-15.47,-4.41,12.47",4,10,-14.714285714285714,8.0
low<=20_close50-70_green,NO,flat,15-20,99,69,58.710144927536234,0.6086956521739131,0.5930317669448104,1.5507246376811599,-11.23529411764706,"2.44,-11.24,0.88,14.06",5,10,-10.857142857142858,8.0
low<=20_close50-70_green,YES,flat,15-20,60,60,58.35,0.9,0.9725,-4.35,-9.399999999999999,"-9.40,-1.00,0.87,-7.87",4,10,-34.66666666666667,7.0
low<=20_close50-70_green,YES,flat,15-20,70,60,58.35,0.7833333333333333,0.8335714285714286,-3.516666666666667,-10.73333333333333,"-10.73,3.67,1.53,-8.53",4,10,-31.33333333333334,7.0
low<=20_close50-70_green,YES,flat,15-20,80,60,58.35,0.7166666666666667,0.729375,-1.0166666666666673,-9.399999999999999,"-9.40,7.00,4.87,-6.53",6,10,-28.000000000000004,7.0
low<=20_close50-70_green,YES,flat,15-20,85,60,58.35,0.7,0.6864705882352942,1.15,-12.066666666666665,"-12.07,11.00,8.87,-3.20",6,10,-26.33333333333334,7.0
low<=20_close50-70_green,YES,flat,15-20,90,60,58.35,0.6666666666666666,0.6483333333333333,1.65,-15.399999999999999,"-15.40,15.00,6.87,0.13",6,10,-24.66666666666667,7.0
low<=20_close50-70_green,YES,flat,15-20,99,60,58.35,0.6166666666666667,0.5893939393939394,2.7,-11.199999999999998,"-11.20,15.60,6.87,-0.47",6,10,-21.66666666666667,7.0
low<=20_close50-70_green,YES,with25-75,15-20,60,35,58.2,0.9428571428571428,0.9700000000000001,-1.6285714285714283,-6.874999999999998,"2.78,-4.44,-6.87,1.44",5,10,-14.250000000000002,6.0
low<=20_close50-70_green,YES,with25-75,15-20,70,35,58.2,0.7714285714285715,0.8314285714285715,-4.2,-15.625,"5.00,-11.11,-15.62,3.67",7,10,-41.75,6.0
low<=20_close50-70_green,YES,with25-75,15-20,80,35,58.2,0.7428571428571429,0.7275,1.2285714285714289,-13.333333333333336,"13.89,-13.33,-9.38,12.56",6,10,-39.25,6.0
low<=20_close50-70_green,YES,with25-75,15-20,85,35,58.2,0.7142857142857143,0.6847058823529412,2.5142857142857142,-16.875,"18.33,-10.56,-16.88,17.00",6,10,-38.0,6.0
low<=20_close50-70_green,YES,with25-75,15-20,90,35,58.2,0.6857142857142857,0.6466666666666667,3.5142857142857142,-25.625,"22.78,-7.78,-25.62,21.44",6,10,-36.75,6.0
low<=20_close50-70_green,YES,with25-75,15-20,99,35,58.2,0.5714285714285714,0.5878787878787879,-1.6285714285714286,-22.25,"19.78,-13.78,-22.25,7.44",5,10,-64.0,6.0
low<=20_close55-75_green,NO,flat,15-20,60,58,63.91379310344828,0.9827586206896551,1.0652298850574713,-4.948275862068965,-8.142857142857144,"-3.13,-4.79,-8.14,-3.93",1,10,-10.714285714285719,8.0
low<=20_close55-75_green,NO,flat,15-20,70,58,63.91379310344828,0.9137931034482759,0.9130541871921183,0.051724137931033504,-4.785714285714287,"6.87,-4.79,-3.86,1.40",7,10,-12.142857142857148,8.0
low<=20_close55-75_green,NO,flat,15-20,80,58,63.91379310344828,0.7586206896551724,0.7989224137931035,-3.2241379310344827,-13.357142857142858,"-4.47,-13.36,-1.00,5.40",4,10,-23.125,8.0
low<=20_close55-75_green,NO,flat,15-20,85,58,63.91379310344828,0.7413793103448276,0.7519269776876268,-0.8965517241379315,-16.214285714285715,"-0.80,-16.21,2.93,9.73",4,10,-20.625,8.0
low<=20_close55-75_green,NO,flat,15-20,90,58,63.91379310344828,0.7068965517241379,0.7101532567049809,-0.29310344827586254,-13.357142857142858,"2.87,-13.36,0.43,8.07",6,10,-33.666666666666664,8.0
low<=20_close55-75_green,NO,flat,15-20,99,58,63.91379310344828,0.6724137931034483,0.6455938697318008,2.6551724137931028,-8.214285714285715,"2.87,-8.21,6.86,8.67",5,10,-30.666666666666668,8.0
low<=20_close55-75_green,YES,flat,15-20,60,58,63.41379310344828,0.9655172413793104,1.056896551724138,-5.482758620689655,-8.866666666666667,"-6.00,-3.14,-3.64,-8.87",1,10,-20.66666666666667,8.0
low<=20_close55-75_green,YES,flat,15-20,70,58,63.41379310344828,0.8448275862068966,0.905911330049261,-4.275862068965518,-10.666666666666664,"-10.67,6.86,-3.64,-8.87",3,10,-19.375,8.0
low<=20_close55-75_green,YES,flat,15-20,80,58,63.41379310344828,0.7586206896551724,0.7926724137931035,-2.724137931034483,-8.666666666666664,"-8.67,-0.29,4.93,-6.20",4,10,-13.125,8.0
low<=20_close55-75_green,YES,flat,15-20,85,58,63.41379310344828,0.7413793103448276,0.7460446247464503,-0.39655172413793094,-10.999999999999998,"-11.00,3.64,9.21,-2.53",5,10,-18.833333333333332,8.0
low<=20_close55-75_green,YES,flat,15-20,90,58,63.41379310344828,0.7068965517241379,0.7045977011494253,0.20689655172413782,-13.999999999999998,"-14.00,7.57,7.07,1.13",7,10,-31.333333333333332,8.0
low<=20_close55-75_green,YES,flat,15-20,99,58,63.41379310344828,0.6551724137931034,0.6405433646812957,1.4482758620689655,-9.199999999999998,"-9.20,7.57,7.07,1.13",6,10,-28.333333333333332,8.0
low<=20_close55-75_green,YES,with25-75,15-20,60,34,63.8235294117647,0.9705882352941176,1.0637254901960784,-5.588235294117647,-11.749999999999998,"-2.67,-3.13,-11.75,-5.22",1,10,-13.0,7.0
low<=20_close55-75_green,YES,with25-75,15-20,70,34,63.8235294117647,0.8235294117647058,0.9117647058823529,-6.176470588235294,-20.5,"7.33,-10.63,-20.50,-3.00",6,10,-37.666666666666664,7.0
low<=20_close55-75_green,YES,with25-75,15-20,80,34,63.8235294117647,0.7647058823529411,0.7977941176470588,-2.6470588235294117,-23.125,"17.33,-23.12,-14.25,5.89",6,10,-34.333333333333336,7.0
low<=20_close55-75_green,YES,with25-75,15-20,85,34,63.8235294117647,0.7352941176470589,0.7508650519031141,-1.3235294117647058,-21.75,"22.33,-20.62,-21.75,10.33",6,10,-32.666666666666664,7.0
low<=20_close55-75_green,YES,with25-75,15-20,90,34,63.8235294117647,0.7058823529411765,0.7091503267973855,-0.2941176470588233,-30.5,"27.33,-18.12,-30.50,14.78",6,10,-31.0,7.0
low<=20_close55-75_green,YES,with25-75,15-20,99,34,63.8235294117647,0.5882352941176471,0.6446821152703506,-5.588235294117647,-27.125,"25.33,-26.00,-27.12,0.78",5,10,-67.5,7.0
low<=25_close40-65_green,NO,against25-75,15-20,60,37,50.0,0.8378378378378378,0.8333333333333334,0.2702702702702691,-4.400000000000002,"-4.40,0.89,3.89,1.22",4,9,-11.000000000000004,8.0
low<=25_close40-65_green,NO,against25-75,15-20,70,37,50.0,0.8108108108108109,0.7142857142857143,6.756756756756757,2.000000000000001,"3.60,2.00,12.78,9.00",6,9,-6.0000000000000036,8.0
low<=25_close40-65_green,NO,against25-75,15-20,80,37,50.0,0.7027027027027027,0.625,6.216216216216216,-9.888888888888891,"11.60,9.78,12.78,-9.89",7,9,-41.0,8.0
low<=25_close40-65_green,NO,against25-75,15-20,85,37,50.0,0.5405405405405406,0.5882352941176471,-4.054054054054054,-24.11111111111111,"7.10,-24.11,7.22,-7.67",5,9,-41.0,8.0
low<=25_close40-65_green,NO,against25-75,15-20,90,37,50.0,0.5405405405405406,0.5555555555555556,-1.3513513513513522,-22.444444444444443,"10.60,-22.44,10.56,-5.44",5,9,-41.0,8.0
low<=25_close40-65_green,NO,against25-75,15-20,99,37,50.0,0.4864864864864865,0.5050505050505051,-1.8378378378378386,-19.444444444444443,"16.90,-19.44,5.56,-12.44",3,9,-41.0,8.0
low<=25_close40-65_green,NO,against25-75,20-25,60,47,48.59574468085106,0.7446808510638298,0.8099290780141843,-3.9148936170212774,-13.750000000000002,"-13.75,-3.92,6.27,-3.42",4,10,-19.75,8.0
low<=25_close40-65_green,NO,against25-75,20-25,70,47,48.59574468085106,0.7021276595744681,0.6942249240121581,0.5531914893617019,-7.916666666666669,"-7.92,-2.25,9.00,4.08",5,10,-14.750000000000002,8.0
low<=25_close40-65_green,NO,against25-75,20-25,80,47,48.59574468085106,0.6382978723404256,0.6074468085106383,2.4680851063829787,-8.750000000000002,"-8.75,4.42,17.18,-1.75",6,10,-32.8,8.0
low<=25_close40-65_green,NO,against25-75,20-25,85,47,48.59574468085106,0.6382978723404256,0.5717146433041301,5.659574468085107,-6.250000000000003,"-6.25,7.75,21.27,1.17",6,10,-31.799999999999994,8.0
low<=25_close40-65_green,NO,against25-75,20-25,90,47,48.59574468085106,0.5319148936170213,0.5399527186761229,-0.7234042553191492,-11.250000000000002,"-11.25,3.58,17.18,-10.92",5,10,-61.0,8.0
low<=25_close40-65_green,NO,against25-75,20-25,99,47,48.59574468085106,0.44680851063829785,0.4908661078873845,-4.361702127659575,-15.750000000000002,"-15.75,0.58,5.73,-7.17",5,10,-61.0,8.0
low<=25_close40-65_green,NO,flat,15-20,60,99,48.61616161616162,0.6868686868686869,0.8102693602693604,-7.404040404040404,-12.52,"-7.64,-4.48,-4.88,-12.52",2,10,-16.466666666666665,7.0
low<=25_close40-65_green,NO,flat,15-20,70,99,48.61616161616162,0.6262626262626263,0.6945165945165945,-4.777777777777778,-9.319999999999999,"-3.24,-2.88,-3.63,-9.32",2,10,-16.466666666666665,7.0
low<=25_close40-65_green,NO,flat,15-20,80,99,48.61616161616162,0.5050505050505051,0.6077020202020202,-8.212121212121213,-10.708333333333336,"-6.04,-9.28,-10.71,-6.92",2,10,-23.133333333333333,7.0
low<=25_close40-65_green,NO,flat,15-20,85,99,48.61616161616162,0.48484848484848486,0.5719548425430778,-7.404040404040404,-10.28,"-3.24,-10.28,-8.42,-7.72",3,10,-21.8,7.0
low<=25_close40-65_green,NO,flat,15-20,90,99,48.61616161616162,0.46464646464646464,0.5401795735129069,-6.797979797979798,-11.68,"-0.44,-11.68,-9.88,-5.32",4,10,-20.466666666666665,7.0
low<=25_close40-65_green,NO,flat,15-20,99,99,48.61616161616162,0.4444444444444444,0.4910723395571881,-4.616161616161616,-12.04,"0.64,-12.04,-6.13,-1.00",4,10,-18.066666666666666,7.0
low<=25_close40-65_green,NO,flat,20-25,60,118,49.11864406779661,0.7542372881355932,0.8186440677966101,-3.8644067796610178,-7.724137931034486,"-1.60,-7.72,-4.55,-1.73",3,10,-15.230769230769228,7.0
low<=25_close40-65_green,NO,flat,20-25,70,118,49.11864406779661,0.7033898305084746,0.7016949152542372,0.11864406779660969,-8.068965517241383,"6.40,-8.07,0.28,1.60",6,10,-15.230769230769228,7.0
low<=25_close40-65_green,NO,flat,20-25,80,118,49.11864406779661,0.6186440677966102,0.6139830508474576,0.3728813559322019,-7.724137931034486,"9.07,-7.72,-1.10,0.93",6,10,-16.769230769230766,7.0
low<=25_close40-65_green,NO,flat,20-25,85,118,49.11864406779661,0.5847457627118644,0.5778664007976072,0.5847457627118627,-11.000000000000004,"9.90,-11.00,-1.10,4.10",5,10,-14.846153846153843,7.0
low<=25_close40-65_green,NO,flat,20-25,90,118,49.11864406779661,0.5423728813559322,0.5457627118644067,-0.30508474576271233,-8.758620689655176,"10.40,-8.76,-4.55,1.27",5,10,-26.76923076923077,7.0
low<=25_close40-65_green,NO,flat,20-25,99,118,49.11864406779661,0.4830508474576271,0.4961479198767334,-1.2966101694915255,-8.137931034482762,"9.80,-8.14,-3.62,-3.53",5,10,-24.692307692307693,7.0
low<=25_close40-65_green,NO,with25-75,20-25,60,33,55.90909090909091,0.8181818181818182,0.9318181818181818,-6.81818181818182,-12.333333333333336,"-12.33,-5.50,-4.13,-4.63",5,10,-34.333333333333336,6.0
low<=25_close40-65_green,NO,with25-75,20-25,70,33,55.90909090909091,0.7272727272727273,0.7987012987012987,-5.000000000000002,-13.444444444444448,"-13.44,-5.50,-4.13,4.12",4,10,-54.333333333333336,6.0
low<=25_close40-65_green,NO,with25-75,20-25,80,33,55.90909090909091,0.696969696969697,0.6988636363636364,-0.15151515151515302,-16.777777777777782,"-16.78,2.00,3.37,12.87",6,10,-54.333333333333336,6.0
low<=25_close40-65_green,NO,with25-75,20-25,85,33,55.90909090909091,0.696969696969697,0.6577540106951871,3.3333333333333317,-14.555555555555559,"-14.56,5.75,7.12,17.25",7,10,-54.333333333333336,6.0
low<=25_close40-65_green,NO,with25-75,20-25,90,33,55.90909090909091,0.696969696969697,0.6212121212121212,6.818181818181817,-12.333333333333336,"-12.33,9.50,10.87,21.62",8,10,-54.333333333333336,6.0
low<=25_close40-65_green,NO,with25-75,20-25,99,33,55.90909090909091,0.5757575757575758,0.5647382920110192,1.0909090909090906,-8.333333333333336,"-8.33,3.87,5.25,4.75",6,10,-54.333333333333336,6.0
low<=25_close40-65_green,YES,against25-75,<=15,60,30,48.03333333333333,0.7333333333333333,0.8005555555555556,-4.033333333333333,-12.142857142857142,"-7.25,-12.14,3.57,-0.38",4,10,-46.0,8.0
low<=25_close40-65_green,YES,against25-75,<=15,70,30,48.03333333333333,0.7,0.6861904761904761,0.9666666666666665,-16.428571428571427,"-1.00,-16.43,12.14,8.38",4,10,-46.0,8.0
low<=25_close40-65_green,YES,against25-75,<=15,80,30,48.03333333333333,0.5333333333333333,0.6004166666666666,-5.366666666666666,-14.75,"-14.75,-12.14,9.29,-2.88",4,10,-53.5,8.0
low<=25_close40-65_green,YES,against25-75,<=15,85,30,48.03333333333333,0.4666666666666667,0.5650980392156862,-8.366666666666667,-12.875,"-12.88,-10.00,-11.43,0.25",4,10,-53.5,8.0
low<=25_close40-65_green,YES,against25-75,<=15,90,30,48.03333333333333,0.43333333333333335,0.5337037037037037,-9.033333333333333,-11.0,"-11.00,-7.86,-9.29,-7.88",3,10,-53.5,8.0
low<=25_close40-65_green,YES,against25-75,<=15,99,30,48.03333333333333,0.36666666666666664,0.48518518518518516,-11.733333333333333,-19.571428571428573,"-7.62,-4.00,-19.57,-15.75",4,10,-61.0,8.0
low<=25_close40-65_green,YES,against25-75,20-25,60,48,48.583333333333336,0.7708333333333334,0.8097222222222222,-2.333333333333333,-5.75,"-5.08,-2.67,4.17,-5.75",2,9,-18.0,8.0
low<=25_close40-65_green,YES,against25-75,20-25,70,48,48.583333333333336,0.6875,0.6940476190476191,-0.45833333333333304,-9.916666666666666,"-4.25,4.83,7.50,-9.92",5,9,-48.0,8.0
low<=25_close40-65_green,YES,against25-75,20-25,80,48,48.583333333333336,0.5833333333333334,0.6072916666666667,-1.9166666666666667,-5.083333333333333,"-5.08,-1.00,2.50,-4.08",5,9,-48.0,8.0
low<=25_close40-65_green,YES,against25-75,20-25,85,48,48.583333333333336,0.5625,0.5715686274509805,-0.7708333333333334,-5.166666666666665,"-2.58,-5.17,5.83,-1.17",4,9,-48.0,8.0
low<=25_close40-65_green,YES,against25-75,20-25,90,48,48.583333333333336,0.5416666666666666,0.5398148148148149,0.16666666666666652,-7.583333333333333,"-7.58,-2.67,9.17,1.75",4,9,-48.0,8.0
low<=25_close40-65_green,YES,against25-75,20-25,99,48,48.583333333333336,0.4791666666666667,0.49074074074074076,-1.1458333333333333,-9.5,"-3.83,-6.42,15.17,-9.50",4,9,-48.0,8.0
low<=25_close40-65_green,YES,flat,<=15,60,40,46.225,0.725,0.7704166666666666,-2.725,-12.3,"2.30,9.50,-12.30,-10.40",5,10,-46.0,7.0
low<=25_close40-65_green,YES,flat,<=15,70,40,46.225,0.675,0.6603571428571429,1.025,-6.3,"10.30,4.50,-6.30,-4.40",3,10,-46.0,7.0
low<=25_close40-65_green,YES,flat,<=15,80,40,46.225,0.55,0.5778125000000001,-2.225,-16.3,"10.30,3.50,-16.30,-6.40",5,10,-46.0,7.0
low<=25_close40-65_green,YES,flat,<=15,85,40,46.225,0.5,0.5438235294117647,-3.725,-22.8,"13.80,-2.00,-22.80,-3.90",4,10,-46.0,7.0
low<=25_close40-65_green,YES,flat,<=15,90,40,46.225,0.475,0.5136111111111111,-3.475,-21.3,"17.30,-8.50,-21.30,-1.40",3,10,-46.0,7.0
low<=25_close40-65_green,YES,flat,<=15,99,40,46.225,0.4,0.46691919191919196,-6.625,-18.6,"3.80,-14.80,-18.60,3.10",3,10,-46.0,7.0
low<=25_close40-65_green,YES,flat,15-20,60,85,48.38823529411765,0.7411764705882353,0.8064705882352942,-3.9176470588235293,-9.09090909090909,"-9.09,-4.81,-1.19,-0.33",3,10,-13.000000000000004,7.0
low<=25_close40-65_green,YES,flat,15-20,70,85,48.38823529411765,0.6470588235294118,0.6912605042016807,-3.0941176470588236,-8.636363636363635,"-8.64,-4.33,-0.24,1.10",3,10,-21.000000000000004,7.0
low<=25_close40-65_green,YES,flat,15-20,80,85,48.38823529411765,0.5764705882352941,0.6048529411764706,-2.2705882352941176,-6.363636363636362,"-6.36,-1.95,-1.19,0.62",4,10,-17.000000000000004,7.0
low<=25_close40-65_green,YES,flat,15-20,85,85,48.38823529411765,0.5529411764705883,0.5692733564013841,-1.388235294117647,-7.499999999999999,"-7.50,-3.14,1.67,3.71",4,10,-17.0,7.0
low<=25_close40-65_green,YES,flat,15-20,90,85,48.38823529411765,0.5176470588235295,0.5376470588235295,-1.8,-13.181818181818182,"-13.18,-0.52,0.24,6.81",3,10,-16.272727272727273,7.0
low<=25_close40-65_green,YES,flat,15-20,99,85,48.38823529411765,0.49411764705882355,0.48877005347593583,0.5294117647058822,-9.499999999999998,"-9.50,4.19,0.24,7.67",4,10,-16.6,7.0
low<=25_close40-65_green,YES,flat,20-25,60,145,50.90344827586207,0.7655172413793103,0.8483908045977011,-4.972413793103448,-6.297297297297298,"-6.30,-3.14,-4.64,-5.78",2,10,-25.125,6.0
low<=25_close40-65_green,YES,flat,20-25,70,145,50.90344827586207,0.7241379310344828,0.727192118226601,-0.2137931034482757,-2.5135135135135145,"-2.51,2.69,-0.75,-0.22",7,10,-28.875,6.0
low<=25_close40-65_green,YES,flat,20-25,80,145,50.90344827586207,0.6620689655172414,0.6362931034482758,2.0620689655172413,-2.4166666666666665,"2.35,5.75,-2.42,2.56",7,10,-25.125,6.0
low<=25_close40-65_green,YES,flat,20-25,85,145,50.90344827586207,0.6275862068965518,0.5988640973630831,2.4413793103448276,-1.7222222222222223,"3.43,6.86,-1.72,1.17",6,10,-23.25,6.0
low<=25_close40-65_green,YES,flat,20-25,90,145,50.90344827586207,0.5793103448275863,0.5655938697318008,1.2344827586206897,-3.8055555555555554,"-0.62,5.19,-3.81,4.22",6,10,-32.625,6.0
low<=25_close40-65_green,YES,flat,20-25,99,145,50.90344827586207,0.5517241379310345,0.5141762452107279,3.717241379310345,-1.8055555555555556,"4.49,7.94,-1.81,4.22",6,10,-30.375,6.0
low<=25_close40-65_green,YES,with25-75,15-20,60,33,51.696969696969695,0.8484848484848485,0.8616161616161616,-0.7878787878787874,-2.3333333333333335,"-2.33,-0.25,-1.00,0.63",5,10,-16.333333333333336,6.0
low<=25_close40-65_green,YES,with25-75,15-20,70,33,51.696969696969695,0.7575757575757576,0.7385281385281385,1.3333333333333335,-2.3333333333333335,"-2.33,-0.25,-1.00,9.38",6,10,-54.0,6.0
low<=25_close40-65_green,YES,with25-75,15-20,80,33,51.696969696969695,0.696969696969697,0.6462121212121212,4.0606060606060606,-12.75,"4.33,-12.75,6.50,18.12",5,10,-54.0,6.0
low<=25_close40-65_green,YES,with25-75,15-20,85,33,51.696969696969695,0.6666666666666666,0.6081996434937611,4.96969696969697,-10.25,"7.67,-10.25,-0.37,22.50",5,10,-54.0,6.0
low<=25_close40-65_green,YES,with25-75,15-20,90,33,51.696969696969695,0.6363636363636364,0.5744107744107744,5.575757575757576,-8.5,"11.00,-7.75,-8.50,26.88",5,10,-54.0,6.0
low<=25_close40-65_green,YES,with25-75,15-20,99,33,51.696969696969695,0.5454545454545454,0.5221916131007039,2.303030303030303,-15.625,"6.00,-15.62,-4.00,22.38",4,10,-54.0,6.0
low<=25_close40-65_green,YES,with25-75,20-25,60,40,53.675,0.9,0.8945833333333333,0.32499999999999946,-13.4,"-13.40,5.90,-0.70,9.50",8,10,-22.5,6.0
low<=25_close40-65_green,YES,with25-75,20-25,70,40,53.675,0.7,0.7667857142857143,-4.675,-20.4,"-20.40,8.90,-5.70,-1.50",5,10,-29.166666666666668,6.0
low<=25_close40-65_green,YES,with25-75,20-25,80,40,53.675,0.65,0.6709375,-1.6750000000000007,-31.4,"-31.40,17.90,1.30,5.50",4,10,-31.666666666666668,6.0
low<=25_close40-65_green,YES,with25-75,20-25,85,40,53.675,0.65,0.6314705882352941,1.5749999999999997,-29.9,"-29.90,22.40,4.80,9.00",6,10,-30.0,6.0
low<=25_close40-65_green,YES,with25-75,20-25,90,40,53.675,0.65,0.5963888888888889,4.825,-28.4,"-28.40,26.90,8.30,12.50",6,10,-28.333333333333332,6.0
low<=25_close40-65_green,YES,with25-75,20-25,99,40,53.675,0.575,0.5421717171717172,3.25,-25.7,"-25.70,15.20,4.70,18.80",5,10,-32.0,6.0
low<=25_close45-65_green,NO,against25-75,15-20,60,31,54.67741935483871,0.9032258064516129,0.9112903225806452,-0.4838709677419369,-3.750000000000001,"-3.75,-3.00,6.86,-1.12",5,9,-6.500000000000002,8.0
low<=25_close45-65_green,NO,against25-75,15-20,70,31,54.67741935483871,0.8709677419354839,0.7811059907834101,6.29032258064516,-3.0000000000000018,"5.00,-3.00,16.86,7.62",8,9,-5.571428571428572,8.0
low<=25_close45-65_green,NO,against25-75,15-20,80,31,54.67741935483871,0.7741935483870968,0.6834677419354839,7.258064516129032,-3.625,"13.75,4.50,15.43,-3.62",6,9,-61.0,8.0
low<=25_close45-65_green,NO,against25-75,15-20,85,31,54.67741935483871,0.5806451612903226,0.6432637571157496,-5.32258064516129,-23.625,"7.50,-23.62,-4.57,-0.50",4,9,-61.0,8.0
low<=25_close45-65_green,NO,against25-75,15-20,90,31,54.67741935483871,0.5806451612903226,0.6075268817204301,-2.4193548387096775,-21.75,"11.25,-21.75,-1.71,2.62",4,9,-61.0,8.0
low<=25_close45-65_green,NO,against25-75,15-20,99,31,54.67741935483871,0.5483870967741935,0.5522971652003911,-0.3870967741935484,-18.375,"18.00,-18.38,3.43,-4.12",4,9,-61.0,8.0
low<=25_close45-65_green,NO,against25-75,20-25,60,34,52.5,0.8235294117647058,0.875,-3.0882352941176485,-19.111111111111114,"-19.11,8.00,7.00,-5.89",4,9,-32.666666666666664,8.0
low<=25_close45-65_green,NO,against25-75,20-25,70,34,52.5,0.7941176470588235,0.75,3.0882352941176454,-13.555555555555559,"-13.56,18.00,8.25,1.89",5,9,-29.333333333333332,8.0
low<=25_close45-65_green,NO,against25-75,20-25,80,34,52.5,0.7058823529411765,0.65625,3.970588235294116,-8.11111111111111,"-8.00,18.00,17.00,-8.11",6,9,-52.0,8.0
low<=25_close45-65_green,NO,against25-75,20-25,85,34,52.5,0.7058823529411765,0.6176470588235294,7.499999999999998,-5.333333333333334,"-5.22,22.38,21.38,-5.33",6,9,-52.0,8.0
low<=25_close45-65_green,NO,against25-75,20-25,90,34,52.5,0.5882352941176471,0.5833333333333334,0.44117647058823467,-22.555555555555557,"-12.44,15.50,25.75,-22.56",5,9,-61.0,8.0
low<=25_close45-65_green,NO,against25-75,20-25,99,34,52.5,0.5,0.5303030303030303,-3.000000000000001,-19.555555555555557,"-8.44,9.87,8.87,-19.56",4,9,-61.0,8.0
low<=25_close45-65_green,NO,flat,15-20,60,76,52.46052631578947,0.7763157894736842,0.8743421052631579,-5.881578947368422,-11.157894736842106,"-8.53,-3.00,-11.16,-0.84",2,10,-17.2,7.0
low<=25_close45-65_green,NO,flat,15-20,70,76,52.46052631578947,0.7105263157894737,0.7494360902255639,-2.7236842105263164,-8.000000000000002,"-4.84,-2.47,-8.00,4.42",3,10,-15.9,7.0
low<=25_close45-65_green,NO,flat,15-20,80,76,52.46052631578947,0.5921052631578947,0.6557565789473684,-5.092105263157895,-10.631578947368421,"-10.63,-8.26,-10.11,8.63",2,10,-18.9,7.0
low<=25_close45-65_green,NO,flat,15-20,85,76,52.46052631578947,0.5657894736842105,0.6171826625386997,-4.368421052631579,-10.105263157894736,"-8.00,-10.11,-7.47,8.11",2,10,-16.9,7.0
low<=25_close45-65_green,NO,flat,15-20,90,76,52.46052631578947,0.5394736842105263,0.5828947368421052,-3.9078947368421053,-12.473684210526315,"-5.37,-12.47,-9.58,11.79",3,10,-20.11111111111111,7.0
low<=25_close45-65_green,NO,flat,15-20,99,76,52.46052631578947,0.5263157894736842,0.5299043062200957,-0.35526315789473684,-8.68421052631579,"-5.84,-8.68,-5.32,18.42",6,10,-17.11111111111111,7.0
low<=25_close45-65_green,NO,flat,20-25,60,92,52.97826086956522,0.8478260869565217,0.8829710144927536,-2.1086956521739144,-7.434782608695655,"-5.35,-7.43,2.04,2.30",4,10,-8.272727272727275,7.0
low<=25_close45-65_green,NO,flat,20-25,70,92,52.97826086956522,0.7934782608695652,0.756832298136646,2.5652173913043472,-5.695652173913046,"2.48,-5.70,8.13,5.35",6,10,-8.5,7.0
low<=25_close45-65_green,NO,flat,20-25,80,92,52.97826086956522,0.7065217391304348,0.6622282608695652,3.5434782608695645,-5.695652173913046,"3.35,-5.70,9.87,6.65",6,10,-12.25,7.0
low<=25_close45-65_green,NO,flat,20-25,85,92,52.97826086956522,0.6739130434782609,0.6232736572890025,4.304347826086956,-6.347826086956524,"3.13,-6.35,10.09,10.35",7,10,-14.923076923076925,7.0
low<=25_close45-65_green,NO,flat,20-25,90,92,52.97826086956522,0.6413043478260869,0.5886473429951691,4.739130434782608,-3.521739130434785,"2.48,-3.52,9.87,10.13",7,10,-18.5,7.0
low<=25_close45-65_green,NO,flat,20-25,99,92,52.97826086956522,0.5652173913043478,0.5351339481774264,2.978260869565217,-0.6521739130434802,"-0.65,1.57,7.52,3.48",6,10,-15.125,7.0
low<=25_close45-65_green,NO,with25-75,20-25,60,31,57.16129032258065,0.8387096774193549,0.9526881720430108,-6.838709677419357,-9.875000000000002,"-9.88,-5.50,-7.43,-4.63",5,10,-30.500000000000004,6.0
low<=25_close45-65_green,NO,with25-75,20-25,70,31,57.16129032258065,0.7741935483870968,0.8165898617511521,-2.9677419354838737,-11.125000000000002,"-11.13,-5.50,1.14,4.12",5,10,-60.5,6.0
low<=25_close45-65_green,NO,with25-75,20-25,80,31,57.16129032258065,0.7419354838709677,0.7145161290322581,2.193548387096772,-14.875000000000002,"-14.88,2.00,9.71,12.87",7,10,-60.5,6.0
low<=25_close45-65_green,NO,with25-75,20-25,85,31,57.16129032258065,0.7419354838709677,0.6724857685009488,5.903225806451612,-12.375000000000002,"-12.38,5.75,14.00,17.25",8,10,-60.5,6.0
low<=25_close45-65_green,NO,with25-75,20-25,90,31,57.16129032258065,0.7419354838709677,0.6351254480286739,9.61290322580645,-9.875000000000002,"-9.88,9.50,18.29,21.62",8,10,-60.5,6.0
low<=25_close45-65_green,NO,with25-75,20-25,99,31,57.16129032258065,0.6129032258064516,0.5773867709351581,3.5161290322580636,-5.375000000000002,"-5.38,3.87,11.86,4.75",6,10,-60.5,6.0
low<=25_close45-65_green,YES,against25-75,20-25,60,36,52.19444444444444,0.8611111111111112,0.8699074074074074,-0.527777777777777,-6.111111111111111,"2.78,-4.89,6.11,-6.11",5,9,-24.499999999999996,8.0
low<=25_close45-65_green,YES,against25-75,20-25,70,36,52.19444444444444,0.8055555555555556,0.7456349206349207,4.194444444444445,-6.111111111111111,"11.67,2.89,8.33,-6.11",7,9,-54.5,8.0
low<=25_close45-65_green,YES,against25-75,20-25,80,36,52.19444444444444,0.6944444444444444,0.6524305555555555,3.361111111111111,0.5555555555555564,"2.78,1.78,8.33,0.56",7,9,-54.5,8.0
low<=25_close45-65_green,YES,against25-75,20-25,85,36,52.19444444444444,0.6666666666666666,0.6140522875816993,4.472222222222222,-3.3333333333333335,"-3.33,5.11,12.22,3.89",6,9,-54.5,8.0
low<=25_close45-65_green,YES,against25-75,20-25,90,36,52.19444444444444,0.6388888888888888,0.5799382716049383,5.305555555555555,-10.555555555555555,"-10.56,8.44,16.11,7.22",5,9,-54.5,8.0
low<=25_close45-65_green,YES,against25-75,20-25,99,36,52.19444444444444,0.5833333333333334,0.5272166105499438,5.555555555555555,-8.777777777777779,"-6.56,14.44,23.11,-8.78",5,9,-54.5,8.0
low<=25_close45-65_green,YES,flat,15-20,60,67,51.91044776119403,0.8059701492537313,0.8651741293532338,-3.5522388059701493,-16.58823529411765,"-16.59,-2.24,8.31,-3.00",5,10,-21.250000000000004,7.0
low<=25_close45-65_green,YES,flat,15-20,70,67,51.91044776119403,0.6865671641791045,0.7415778251599147,-3.8507462686567164,-10.705882352941174,"-10.71,-10.47,9.56,-3.00",5,10,-33.75,7.0
low<=25_close45-65_green,YES,flat,15-20,80,67,51.91044776119403,0.5970149253731343,0.6488805970149254,-4.149253731343284,-9.52941176470588,"-9.53,-9.29,8.31,-5.35",6,10,-31.250000000000004,7.0
low<=25_close45-65_green,YES,flat,15-20,85,67,51.91044776119403,0.5671641791044776,0.6107111501316944,-3.701492537313433,-11.88235294117647,"-11.88,-11.65,12.06,-2.41",5,10,-30.000000000000004,7.0
low<=25_close45-65_green,YES,flat,15-20,90,67,51.91044776119403,0.5373134328358209,0.5767827529021559,-3.5522388059701493,-14.823529411764705,"-14.82,-9.29,10.19,0.53",4,10,-28.750000000000004,7.0
low<=25_close45-65_green,YES,flat,15-20,99,67,51.91044776119403,0.5074626865671642,0.524347957183778,-1.671641791044776,-11.117647058823527,"-11.12,-5.06,10.19,-0.00",6,10,-26.500000000000004,7.0
low<=25_close45-65_green,YES,flat,20-25,60,124,53.45967741935484,0.8145161290322581,0.890994623655914,-4.588709677419355,-8.096774193548388,"-8.10,-0.94,-5.32,-4.00",2,10,-25.125,7.0
low<=25_close45-65_green,YES,flat,20-25,70,124,53.45967741935484,0.7741935483870968,0.7637096774193548,0.7338709677419357,-5.193548387096775,"-5.19,5.52,-1.77,4.39",7,10,-28.875,7.0
low<=25_close45-65_green,YES,flat,20-25,80,124,53.45967741935484,0.7016129032258065,0.6682459677419355,2.6693548387096775,-4.67741935483871,"1.58,6.16,-4.68,7.61",6,10,-25.125,7.0
low<=25_close45-65_green,YES,flat,20-25,85,124,53.45967741935484,0.6693548387096774,0.6289373814041745,3.435483870967742,-1.6129032258064517,"2.23,7.13,-1.61,6.00",6,10,-23.25,7.0
low<=25_close45-65_green,YES,flat,20-25,90,124,53.45967741935484,0.6129032258064516,0.5939964157706094,1.7016129032258065,-7.258064516129032,"-3.26,7.77,-7.26,9.55",6,10,-32.625,7.0
low<=25_close45-65_green,YES,flat,20-25,99,124,53.45967741935484,0.5806451612903226,0.5399967416096448,4.024193548387097,-5.806451612903226,"1.68,10.68,-5.81,9.55",6,10,-30.375,7.0
low<=25_close45-65_green,YES,with25-75,15-20,60,30,54.03333333333333,0.9,0.9005555555555556,-0.03333333333333286,-3.5714285714285725,"0.50,-3.57,-3.00,5.13",6,10,-16.333333333333336,6.0
low<=25_close45-65_green,YES,with25-75,15-20,70,30,54.03333333333333,0.8,0.7719047619047619,1.9666666666666672,-5.000000000000001,"0.50,-5.00,-4.43,15.13",7,10,-54.0,6.0
low<=25_close45-65_green,YES,with25-75,15-20,80,30,54.03333333333333,0.7333333333333333,0.6754166666666667,4.633333333333334,-20.714285714285715,"8.00,-20.71,2.71,25.12",5,10,-54.0,6.0
low<=25_close45-65_green,YES,with25-75,15-20,85,30,54.03333333333333,0.7,0.6356862745098039,5.466666666666667,-18.571428571428573,"11.75,-18.57,-5.86,30.12",5,10,-54.0,6.0
low<=25_close45-65_green,YES,with25-75,15-20,90,30,54.03333333333333,0.6666666666666666,0.6003703703703703,5.966666666666667,-16.428571428571427,"15.50,-16.43,-3.00,23.88",5,10,-54.0,6.0
low<=25_close45-65_green,YES,with25-75,15-20,99,30,54.03333333333333,0.5666666666666667,0.5457912457912458,2.066666666666667,-26.714285714285715,"9.88,-26.71,2.14,19.38",4,10,-56.0,6.0
low<=25_close45-65_green,YES,with25-75,20-25,60,40,54.725,0.9,0.9120833333333334,-0.7250000000000008,-14.1,"-14.10,5.90,-2.60,7.90",7,10,-23.666666666666668,6.0
low<=25_close45-65_green,YES,with25-75,20-25,70,40,54.725,0.7,0.7817857142857143,-5.7250000000000005,-21.1,"-21.10,8.90,-7.60,-3.10",5,10,-31.0,6.0
low<=25_close45-65_green,YES,with25-75,20-25,80,40,54.725,0.65,0.6840625,-2.7250000000000005,-32.1,"-32.10,17.90,-0.60,3.90",4,10,-31.666666666666668,6.0
low<=25_close45-65_green,YES,with25-75,20-25,85,40,54.725,0.65,0.6438235294117647,0.5249999999999992,-30.6,"-30.60,22.40,2.90,7.40",5,10,-30.0,6.0
low<=25_close45-65_green,YES,with25-75,20-25,90,40,54.725,0.65,0.6080555555555556,3.7749999999999995,-29.1,"-29.10,26.90,6.40,10.90",5,10,-28.333333333333332,6.0
low<=25_close45-65_green,YES,with25-75,20-25,99,40,54.725,0.575,0.5527777777777778,2.1999999999999997,-26.4,"-26.40,15.20,2.80,17.20",5,10,-32.0,6.0
low<=25_close50-70_green,NO,against25-75,20-25,60,33,56.72727272727273,0.8787878787878788,0.9454545454545454,-4.000000000000001,-16.444444444444443,"-16.44,5.25,2.62,-5.87",4,9,-26.5,8.0
low<=25_close50-70_green,NO,against25-75,20-25,70,33,56.72727272727273,0.8484848484848485,0.8103896103896103,2.6666666666666665,-9.777777777777779,"-9.78,15.25,3.87,2.88",5,9,-21.5,8.0
low<=25_close50-70_green,NO,against25-75,20-25,80,33,56.72727272727273,0.7878787878787878,0.7090909090909091,6.303030303030303,-3.111111111111112,"-3.11,15.25,12.62,1.63",5,9,-62.0,8.0
low<=25_close50-70_green,NO,against25-75,20-25,85,33,56.72727272727273,0.7878787878787878,0.667379679144385,10.242424242424242,0.22222222222222143,"0.22,19.62,17.00,5.38",6,9,-62.0,8.0
low<=25_close50-70_green,NO,against25-75,20-25,90,33,56.72727272727273,0.6666666666666666,0.6303030303030303,3.272727272727273,-24.625,"3.56,12.75,21.38,-24.62",4,9,-62.0,8.0
low<=25_close50-70_green,NO,against25-75,20-25,99,33,56.72727272727273,0.5454545454545454,0.5730027548209367,-2.7272727272727275,-21.25,"-1.44,7.12,4.50,-21.25",5,9,-62.0,8.0
low<=25_close50-70_green,NO,flat,15-20,60,69,58.710144927536234,0.8695652173913043,0.9785024154589372,-6.536231884057971,-8.411764705882355,"-8.06,-8.41,-7.94,-1.65",3,10,-16.4,8.0
low<=25_close50-70_green,NO,flat,15-20,70,69,58.710144927536234,0.8260869565217391,0.8387163561076605,-0.8840579710144928,-4.294117647058825,"0.28,-4.29,-3.82,4.24",5,10,-16.600000000000005,8.0
low<=25_close50-70_green,NO,flat,15-20,80,69,58.710144927536234,0.6956521739130435,0.7338768115942029,-3.0579710144927534,-10.764705882352942,"-4.72,-10.76,-5.59,8.94",3,10,-13.8,8.0
low<=25_close50-70_green,NO,flat,15-20,85,69,58.710144927536234,0.6811594202898551,0.6907075873827793,-0.8115942028985503,-12.823529411764708,"-1.39,-12.82,-2.35,13.35",3,10,-10.8,8.0
low<=25_close50-70_green,NO,flat,15-20,90,69,58.710144927536234,0.6376811594202898,0.6523349436392915,-1.318840579710145,-15.470588235294118,"1.94,-15.47,-4.41,12.47",4,10,-14.714285714285714,8.0
low<=25_close50-70_green,NO,flat,15-20,99,69,58.710144927536234,0.6086956521739131,0.5930317669448104,1.5507246376811599,-11.23529411764706,"2.44,-11.24,0.88,14.06",5,10,-10.857142857142858,8.0
low<=25_close50-70_green,NO,flat,20-25,60,90,57.111111111111114,0.9111111111111111,0.951851851851852,-2.444444444444446,-7.818181818181821,"-3.48,-7.82,1.32,0.13",4,10,-11.250000000000004,7.0
low<=25_close50-70_green,NO,flat,20-25,70,90,57.111111111111114,0.8444444444444444,0.815873015873016,1.9999999999999987,-6.000000000000003,"5.22,-6.00,4.95,3.61",6,10,-12.500000000000004,7.0
low<=25_close50-70_green,NO,flat,20-25,80,90,57.111111111111114,0.7111111111111111,0.7138888888888889,-0.22222222222222332,-9.636363636363638,"3.48,-9.64,10.41,-5.09",5,10,-16.0,7.0
low<=25_close50-70_green,NO,flat,20-25,85,90,57.111111111111114,0.6777777777777778,0.6718954248366014,0.4999999999999994,-10.545454545454549,"3.48,-10.55,10.86,-1.83",5,10,-14.833333333333336,7.0
low<=25_close50-70_green,NO,flat,20-25,90,90,57.111111111111114,0.6444444444444445,0.634567901234568,0.8888888888888883,-7.818181818181821,"3.04,-7.82,10.86,-2.48",5,10,-18.11111111111111,7.0
low<=25_close50-70_green,NO,flat,20-25,99,90,57.111111111111114,0.5888888888888889,0.5768799102132436,1.1888888888888882,-9.91304347826087,"4.61,-2.91,13.32,-9.91",6,10,-27.444444444444443,7.0
low<=25_close50-70_green,NO,with25-75,20-25,60,35,58.97142857142857,0.8571428571428571,0.9828571428571428,-7.5428571428571445,-9.777777777777779,"-9.78,-5.78,-9.75,-5.11",3,10,-30.500000000000004,6.0
low<=25_close50-70_green,NO,with25-75,20-25,70,35,58.97142857142857,0.7714285714285715,0.8424489795918367,-4.971428571428573,-9.777777777777779,"-9.78,-4.67,-1.00,-4.00",4,10,-60.5,6.0
low<=25_close50-70_green,NO,with25-75,20-25,80,35,58.97142857142857,0.7142857142857143,0.7371428571428571,-1.8285714285714294,-20.88888888888889,"-20.89,3.11,7.75,3.78",6,10,-60.5,6.0
low<=25_close50-70_green,NO,with25-75,20-25,85,35,58.97142857142857,0.7142857142857143,0.693781512605042,1.7428571428571416,-18.666666666666668,"-18.67,7.00,12.12,7.67",8,10,-60.5,6.0
low<=25_close50-70_green,NO,with25-75,20-25,90,35,58.97142857142857,0.7142857142857143,0.6552380952380952,5.314285714285714,-16.444444444444443,"-16.44,10.89,16.50,11.56",8,10,-60.5,6.0
low<=25_close50-70_green,NO,with25-75,20-25,99,35,58.97142857142857,0.6,0.5956709956709957,0.4285714285714284,-12.444444444444446,"-12.44,6.89,12.00,-3.44",5,10,-60.5,6.0
low<=25_close50-70_green,YES,flat,15-20,60,60,58.35,0.9,0.9725,-4.35,-9.399999999999999,"-9.40,-1.00,0.87,-7.87",4,10,-34.66666666666667,7.0
low<=25_close50-70_green,YES,flat,15-20,70,60,58.35,0.7833333333333333,0.8335714285714286,-3.516666666666667,-10.73333333333333,"-10.73,3.67,1.53,-8.53",4,10,-31.33333333333334,7.0
low<=25_close50-70_green,YES,flat,15-20,80,60,58.35,0.7166666666666667,0.729375,-1.0166666666666673,-9.399999999999999,"-9.40,7.00,4.87,-6.53",6,10,-28.000000000000004,7.0
low<=25_close50-70_green,YES,flat,15-20,85,60,58.35,0.7,0.6864705882352942,1.15,-12.066666666666665,"-12.07,11.00,8.87,-3.20",6,10,-26.33333333333334,7.0
low<=25_close50-70_green,YES,flat,15-20,90,60,58.35,0.6666666666666666,0.6483333333333333,1.65,-15.399999999999999,"-15.40,15.00,6.87,0.13",6,10,-24.66666666666667,7.0
low<=25_close50-70_green,YES,flat,15-20,99,60,58.35,0.6166666666666667,0.5893939393939394,2.7,-11.199999999999998,"-11.20,15.60,6.87,-0.47",6,10,-21.66666666666667,7.0
low<=25_close50-70_green,YES,flat,20-25,60,112,57.392857142857146,0.875,0.9565476190476191,-4.892857142857143,-10.107142857142858,"-10.11,-2.14,-3.21,-4.11",1,10,-28.375,7.0
low<=25_close50-70_green,YES,flat,20-25,70,112,57.392857142857146,0.8214285714285714,0.8198979591836735,0.10714285714285689,-7.250000000000001,"-7.25,4.64,0.71,2.32",6,10,-32.125,7.0
low<=25_close50-70_green,YES,flat,20-25,80,112,57.392857142857146,0.75,0.7174107142857143,2.607142857142857,-2.5,"-0.11,5.00,-2.50,8.04",6,10,-28.375,7.0
low<=25_close50-70_green,YES,flat,20-25,85,112,57.392857142857146,0.7232142857142857,0.6752100840336135,4.080357142857143,0.42857142857142755,"0.43,5.89,0.89,9.11",6,10,-26.5,7.0
low<=25_close50-70_green,YES,flat,20-25,90,112,57.392857142857146,0.6875,0.6376984126984128,4.482142857142857,-2.1428571428571432,"0.61,6.43,-2.14,13.04",6,10,-24.625,7.0
low<=25_close50-70_green,YES,flat,20-25,99,112,57.392857142857146,0.6607142857142857,0.5797258297258298,8.017857142857142,-0.21428571428571455,"6.39,9.32,-0.21,16.57",6,10,-21.25,7.0
low<=25_close50-70_green,YES,with25-75,15-20,60,35,58.2,0.9428571428571428,0.9700000000000001,-1.6285714285714283,-6.874999999999998,"2.78,-4.44,-6.87,1.44",5,10,-14.250000000000002,6.0
low<=25_close50-70_green,YES,with25-75,15-20,70,35,58.2,0.7714285714285715,0.8314285714285715,-4.2,-15.625,"5.00,-11.11,-15.62,3.67",7,10,-41.75,6.0
low<=25_close50-70_green,YES,with25-75,15-20,80,35,58.2,0.7428571428571429,0.7275,1.2285714285714289,-13.333333333333336,"13.89,-13.33,-9.38,12.56",6,10,-39.25,6.0
low<=25_close50-70_green,YES,with25-75,15-20,85,35,58.2,0.7142857142857143,0.6847058823529412,2.5142857142857142,-16.875,"18.33,-10.56,-16.88,17.00",6,10,-38.0,6.0
low<=25_close50-70_green,YES,with25-75,15-20,90,35,58.2,0.6857142857142857,0.6466666666666667,3.5142857142857142,-25.625,"22.78,-7.78,-25.62,21.44",6,10,-36.75,6.0
low<=25_close50-70_green,YES,with25-75,15-20,99,35,58.2,0.5714285714285714,0.5878787878787879,-1.6285714285714286,-22.25,"19.78,-13.78,-22.25,7.44",5,10,-64.0,6.0
low<=25_close50-70_green,YES,with25-75,20-25,60,45,58.422222222222224,0.9333333333333333,0.9737037037037037,-2.422222222222223,-5.90909090909091,"-3.00,2.73,-5.91,-3.45",4,10,-15.250000000000004,6.0
low<=25_close50-70_green,YES,with25-75,20-25,70,45,58.422222222222224,0.7777777777777778,0.8346031746031747,-3.9777777777777783,-7.0909090909090935,"-5.50,0.00,-3.18,-7.09",4,10,-25.250000000000004,6.0
low<=25_close50-70_green,YES,with25-75,20-25,80,45,58.422222222222224,0.7111111111111111,0.7302777777777778,-1.5333333333333334,-11.333333333333334,"-11.33,8.18,5.00,-7.09",5,10,-40.25,6.0
low<=25_close50-70_green,YES,with25-75,20-25,85,45,58.422222222222224,0.6888888888888889,0.6873202614379085,0.13333333333333303,-15.5,"-15.50,12.27,9.09,-3.91",6,10,-39.25,6.0
low<=25_close50-70_green,YES,with25-75,20-25,90,45,58.422222222222224,0.6666666666666666,0.6491358024691358,1.5777777777777775,-13.0,"-13.00,16.36,5.00,-0.73",6,10,-38.0,6.0
low<=25_close50-70_green,YES,with25-75,20-25,99,45,58.422222222222224,0.6,0.5901234567901235,0.9777777777777774,-16.75,"-16.75,5.73,11.55,5.00",5,10,-35.75,6.0
low<=25_close55-75_green,NO,flat,15-20,60,58,63.91379310344828,0.9827586206896551,1.0652298850574713,-4.948275862068965,-8.142857142857144,"-3.13,-4.79,-8.14,-3.93",1,10,-10.714285714285719,8.0
low<=25_close55-75_green,NO,flat,15-20,70,58,63.91379310344828,0.9137931034482759,0.9130541871921183,0.051724137931033504,-4.785714285714287,"6.87,-4.79,-3.86,1.40",7,10,-12.142857142857148,8.0
low<=25_close55-75_green,NO,flat,15-20,80,58,63.91379310344828,0.7586206896551724,0.7989224137931035,-3.2241379310344827,-13.357142857142858,"-4.47,-13.36,-1.00,5.40",4,10,-23.125,8.0
low<=25_close55-75_green,NO,flat,15-20,85,58,63.91379310344828,0.7413793103448276,0.7519269776876268,-0.8965517241379315,-16.214285714285715,"-0.80,-16.21,2.93,9.73",4,10,-20.625,8.0
low<=25_close55-75_green,NO,flat,15-20,90,58,63.91379310344828,0.7068965517241379,0.7101532567049809,-0.29310344827586254,-13.357142857142858,"2.87,-13.36,0.43,8.07",6,10,-33.666666666666664,8.0
low<=25_close55-75_green,NO,flat,15-20,99,58,63.91379310344828,0.6724137931034483,0.6455938697318008,2.6551724137931028,-8.214285714285715,"2.87,-8.21,6.86,8.67",5,10,-30.666666666666668,8.0
low<=25_close55-75_green,NO,flat,20-25,60,77,62.98701298701299,0.948051948051948,1.0497835497835497,-6.103896103896107,-8.10526315789474,"-7.05,-8.11,-5.05,-4.16",2,10,-17.500000000000004,8.0
low<=25_close55-75_green,NO,flat,20-25,70,77,62.98701298701299,0.8701298701298701,0.8998144712430427,-2.07792207792208,-6.526315789473688,"1.95,-6.53,-6.11,2.16",5,10,-22.500000000000004,8.0
low<=25_close55-75_green,NO,flat,20-25,80,77,62.98701298701299,0.7402597402597403,0.7873376623376623,-3.7662337662337677,-7.052631578947372,"-1.05,-7.05,-1.89,-5.21",4,10,-17.500000000000004,8.0
low<=25_close55-75_green,NO,flat,20-25,85,77,62.98701298701299,0.7142857142857143,0.7410236822001528,-2.272727272727274,-8.10526315789474,"-1.55,-8.11,2.05,-1.53",5,10,-16.181818181818183,8.0
low<=25_close55-75_green,NO,flat,20-25,90,77,62.98701298701299,0.6883116883116883,0.6998556998556998,-1.0389610389610398,-4.9473684210526345,"-2.55,-4.95,1.26,2.16",4,10,-24.428571428571434,8.0
low<=25_close55-75_green,NO,flat,20-25,99,77,62.98701298701299,0.6233766233766234,0.6362324544142726,-1.2727272727272743,-6.842105263157895,"-1.65,0.74,2.68,-6.84",6,10,-22.444444444444443,8.0
low<=25_close55-75_green,NO,with25-75,20-25,60,37,63.67567567567568,0.918918918918919,1.0612612612612613,-8.54054054054054,-11.200000000000001,"-11.20,-4.67,-9.67,-8.33",2,10,-20.75,6.0
low<=25_close55-75_green,NO,with25-75,20-25,70,37,63.67567567567568,0.8378378378378378,0.9096525096525097,-5.027027027027029,-16.2,"-16.20,5.33,-0.78,-7.22",5,10,-30.75,6.0
low<=25_close55-75_green,NO,with25-75,20-25,80,37,63.67567567567568,0.7837837837837838,0.7959459459459459,-0.9729729729729741,-17.2,"-17.20,6.44,8.11,0.56",7,10,-25.75,6.0
low<=25_close55-75_green,NO,with25-75,20-25,85,37,63.67567567567568,0.7567567567567568,0.7491255961844198,0.6486486486486482,-22.7,"-22.70,10.89,12.56,4.44",8,10,-23.25,6.0
low<=25_close55-75_green,NO,with25-75,20-25,90,37,63.67567567567568,0.7297297297297297,0.7075075075075076,1.9999999999999996,-20.2,"-20.20,15.33,17.00,-1.67",7,10,-20.75,6.0
low<=25_close55-75_green,NO,with25-75,20-25,99,37,63.67567567567568,0.5945945945945946,0.6431886431886432,-4.8108108108108105,-17.66666666666667,"-15.70,1.33,14.00,-17.67",5,10,-32.0,6.0
low<=25_close55-75_green,YES,flat,15-20,60,58,63.41379310344828,0.9655172413793104,1.056896551724138,-5.482758620689655,-8.866666666666667,"-6.00,-3.14,-3.64,-8.87",1,10,-20.66666666666667,8.0
low<=25_close55-75_green,YES,flat,15-20,70,58,63.41379310344828,0.8448275862068966,0.905911330049261,-4.275862068965518,-10.666666666666664,"-10.67,6.86,-3.64,-8.87",3,10,-19.375,8.0
low<=25_close55-75_green,YES,flat,15-20,80,58,63.41379310344828,0.7586206896551724,0.7926724137931035,-2.724137931034483,-8.666666666666664,"-8.67,-0.29,4.93,-6.20",4,10,-13.125,8.0
low<=25_close55-75_green,YES,flat,15-20,85,58,63.41379310344828,0.7413793103448276,0.7460446247464503,-0.39655172413793094,-10.999999999999998,"-11.00,3.64,9.21,-2.53",5,10,-18.833333333333332,8.0
low<=25_close55-75_green,YES,flat,15-20,90,58,63.41379310344828,0.7068965517241379,0.7045977011494253,0.20689655172413782,-13.999999999999998,"-14.00,7.57,7.07,1.13",7,10,-31.333333333333332,8.0
low<=25_close55-75_green,YES,flat,15-20,99,58,63.41379310344828,0.6551724137931034,0.6405433646812957,1.4482758620689655,-9.199999999999998,"-9.20,7.57,7.07,1.13",6,10,-28.333333333333332,8.0
low<=25_close55-75_green,YES,flat,20-25,60,101,62.20792079207921,0.9405940594059405,1.0367986798679867,-5.772277227722772,-7.72,"-6.85,-2.72,-5.76,-7.72",0,10,-19.142857142857142,7.0
low<=25_close55-75_green,YES,flat,20-25,70,101,62.20792079207921,0.900990099009901,0.8886845827439886,0.8613861386138612,-2.16,"-0.31,4.48,-2.16,1.48",8,10,-22.0,7.0
low<=25_close55-75_green,YES,flat,20-25,80,101,62.20792079207921,0.8118811881188119,0.7775990099009901,2.742574257425743,-0.16000000000000028,"8.54,1.28,-0.16,1.08",7,10,-16.285714285714285,7.0
low<=25_close55-75_green,YES,flat,20-25,85,101,62.20792079207921,0.7722772277227723,0.73185789167152,3.4356435643564356,-1.5199999999999998,"9.69,-1.52,3.64,1.68",5,10,-13.428571428571429,7.0
low<=25_close55-75_green,YES,flat,20-25,90,101,62.20792079207921,0.7326732673267327,0.6911991199119912,3.732673267326733,-3.36,"13.92,-1.52,-3.36,5.48",5,10,-10.571428571428571,7.0
low<=25_close55-75_green,YES,flat,20-25,99,101,62.20792079207921,0.7029702970297029,0.6283628362836283,7.3861386138613865,-1.5600000000000003,"21.54,0.64,-1.56,8.36",6,10,-6.999999999999999,7.0
low<=25_close55-75_green,YES,with25-75,15-20,60,34,63.8235294117647,0.9705882352941176,1.0637254901960784,-5.588235294117647,-11.749999999999998,"-2.67,-3.13,-11.75,-5.22",1,10,-13.0,7.0
low<=25_close55-75_green,YES,with25-75,15-20,70,34,63.8235294117647,0.8235294117647058,0.9117647058823529,-6.176470588235294,-20.5,"7.33,-10.63,-20.50,-3.00",6,10,-37.666666666666664,7.0
low<=25_close55-75_green,YES,with25-75,15-20,80,34,63.8235294117647,0.7647058823529411,0.7977941176470588,-2.6470588235294117,-23.125,"17.33,-23.12,-14.25,5.89",6,10,-34.333333333333336,7.0
low<=25_close55-75_green,YES,with25-75,15-20,85,34,63.8235294117647,0.7352941176470589,0.7508650519031141,-1.3235294117647058,-21.75,"22.33,-20.62,-21.75,10.33",6,10,-32.666666666666664,7.0
low<=25_close55-75_green,YES,with25-75,15-20,90,34,63.8235294117647,0.7058823529411765,0.7091503267973855,-0.2941176470588233,-30.5,"27.33,-18.12,-30.50,14.78",6,10,-31.0,7.0
low<=25_close55-75_green,YES,with25-75,15-20,99,34,63.8235294117647,0.5882352941176471,0.6446821152703506,-5.588235294117647,-27.125,"25.33,-26.00,-27.12,0.78",5,10,-67.5,7.0
low<=25_close55-75_green,YES,with25-75,20-25,60,44,63.06818181818182,0.9318181818181818,1.0511363636363638,-7.159090909090909,-10.363636363636365,"-5.27,-7.64,-5.36,-10.36",1,10,-18.333333333333336,6.0
low<=25_close55-75_green,YES,with25-75,20-25,70,44,63.06818181818182,0.7954545454545454,0.900974025974026,-7.386363636363637,-14.0,"-8.91,-4.91,-1.73,-14.00",3,10,-35.0,6.0
low<=25_close55-75_green,YES,with25-75,20-25,80,44,63.06818181818182,0.7272727272727273,0.7883522727272727,-4.886363636363637,-16.181818181818183,"-16.18,3.27,7.36,-14.00",4,10,-40.25,6.0
low<=25_close55-75_green,YES,with25-75,20-25,85,44,63.06818181818182,0.7045454545454546,0.7419786096256684,-3.1818181818181817,-21.181818181818183,"-21.18,7.36,11.91,-10.82",5,10,-39.25,6.0
low<=25_close55-75_green,YES,with25-75,20-25,90,44,63.06818181818182,0.6818181818181818,0.7007575757575758,-1.7045454545454546,-18.90909090909091,"-18.91,11.45,8.27,-7.64",6,10,-38.0,6.0
low<=25_close55-75_green,YES,with25-75,20-25,99,44,63.06818181818182,0.6136363636363636,0.6370523415977961,-2.3181818181818183,-23.818181818181817,"-23.82,0.82,15.64,-1.91",5,10,-58.333333333333336,6.0
low<=30_close40-65_green,NO,against25-75,15-20,60,37,50.0,0.8378378378378378,0.8333333333333334,0.2702702702702691,-4.400000000000002,"-4.40,0.89,3.89,1.22",4,9,-11.000000000000004,8.0
low<=30_close40-65_green,NO,against25-75,15-20,70,37,50.0,0.8108108108108109,0.7142857142857143,6.756756756756757,2.000000000000001,"3.60,2.00,12.78,9.00",6,9,-6.0000000000000036,8.0
low<=30_close40-65_green,NO,against25-75,15-20,80,37,50.0,0.7027027027027027,0.625,6.216216216216216,-9.888888888888891,"11.60,9.78,12.78,-9.89",7,9,-41.0,8.0
low<=30_close40-65_green,NO,against25-75,15-20,85,37,50.0,0.5405405405405406,0.5882352941176471,-4.054054054054054,-24.11111111111111,"7.10,-24.11,7.22,-7.67",5,9,-41.0,8.0
low<=30_close40-65_green,NO,against25-75,15-20,90,37,50.0,0.5405405405405406,0.5555555555555556,-1.3513513513513522,-22.444444444444443,"10.60,-22.44,10.56,-5.44",5,9,-41.0,8.0
low<=30_close40-65_green,NO,against25-75,15-20,99,37,50.0,0.4864864864864865,0.5050505050505051,-1.8378378378378386,-19.444444444444443,"16.90,-19.44,5.56,-12.44",3,9,-41.0,8.0
low<=30_close40-65_green,NO,against25-75,20-25,60,47,48.59574468085106,0.7446808510638298,0.8099290780141843,-3.9148936170212774,-13.750000000000002,"-13.75,-3.92,6.27,-3.42",4,10,-19.75,8.0
low<=30_close40-65_green,NO,against25-75,20-25,70,47,48.59574468085106,0.7021276595744681,0.6942249240121581,0.5531914893617019,-7.916666666666669,"-7.92,-2.25,9.00,4.08",5,10,-14.750000000000002,8.0
low<=30_close40-65_green,NO,against25-75,20-25,80,47,48.59574468085106,0.6382978723404256,0.6074468085106383,2.4680851063829787,-8.750000000000002,"-8.75,4.42,17.18,-1.75",6,10,-32.8,8.0
low<=30_close40-65_green,NO,against25-75,20-25,85,47,48.59574468085106,0.6382978723404256,0.5717146433041301,5.659574468085107,-6.250000000000003,"-6.25,7.75,21.27,1.17",6,10,-31.799999999999994,8.0
low<=30_close40-65_green,NO,against25-75,20-25,90,47,48.59574468085106,0.5319148936170213,0.5399527186761229,-0.7234042553191492,-11.250000000000002,"-11.25,3.58,17.18,-10.92",5,10,-61.0,8.0
low<=30_close40-65_green,NO,against25-75,20-25,99,47,48.59574468085106,0.44680851063829785,0.4908661078873845,-4.361702127659575,-15.750000000000002,"-15.75,0.58,5.73,-7.17",5,10,-61.0,8.0
low<=30_close40-65_green,NO,against25-75,25-30,60,37,48.45945945945946,0.7297297297297297,0.8076576576576576,-4.675675675675675,-14.333333333333334,"-13.40,-14.33,8.22,1.78",4,9,-12.000000000000002,7.0
low<=30_close40-65_green,NO,against25-75,25-30,70,37,48.45945945945946,0.6756756756756757,0.6922779922779922,-1.162162162162163,-8.777777777777779,"-7.40,-8.78,9.33,2.89",4,9,-15.0,7.0
low<=30_close40-65_green,NO,against25-75,25-30,80,37,48.45945945945946,0.5405405405405406,0.6057432432432432,-5.216216216216217,-21.0,"-9.40,-21.00,8.22,1.78",4,9,-32.0,7.0
low<=30_close40-65_green,NO,against25-75,25-30,85,37,48.45945945945946,0.5135135135135135,0.5701112877583466,-4.8108108108108105,-19.333333333333332,"-6.90,-19.33,2.11,5.11",5,9,-31.0,7.0
low<=30_close40-65_green,NO,against25-75,25-30,90,37,48.45945945945946,0.4864864864864865,0.5384384384384384,-4.675675675675675,-17.666666666666668,"-4.40,-17.67,-5.11,8.44",4,9,-30.0,7.0
low<=30_close40-65_green,NO,against25-75,25-30,99,37,48.45945945945946,0.40540540540540543,0.4894894894894895,-8.324324324324325,-19.7,"-19.70,-14.67,-1.11,3.44",2,9,-59.00000000000001,7.0
low<=30_close40-65_green,NO,flat,15-20,60,99,48.61616161616162,0.6868686868686869,0.8102693602693604,-7.404040404040404,-12.52,"-7.64,-4.48,-4.88,-12.52",2,10,-16.466666666666665,7.0
low<=30_close40-65_green,NO,flat,15-20,70,99,48.61616161616162,0.6262626262626263,0.6945165945165945,-4.777777777777778,-9.319999999999999,"-3.24,-2.88,-3.63,-9.32",2,10,-16.466666666666665,7.0
low<=30_close40-65_green,NO,flat,15-20,80,99,48.61616161616162,0.5050505050505051,0.6077020202020202,-8.212121212121213,-10.708333333333336,"-6.04,-9.28,-10.71,-6.92",2,10,-23.133333333333333,7.0
low<=30_close40-65_green,NO,flat,15-20,85,99,48.61616161616162,0.48484848484848486,0.5719548425430778,-7.404040404040404,-10.28,"-3.24,-10.28,-8.42,-7.72",3,10,-21.8,7.0
low<=30_close40-65_green,NO,flat,15-20,90,99,48.61616161616162,0.46464646464646464,0.5401795735129069,-6.797979797979798,-11.68,"-0.44,-11.68,-9.88,-5.32",4,10,-20.466666666666665,7.0
low<=30_close40-65_green,NO,flat,15-20,99,99,48.61616161616162,0.4444444444444444,0.4910723395571881,-4.616161616161616,-12.04,"0.64,-12.04,-6.13,-1.00",4,10,-18.066666666666666,7.0
low<=30_close40-65_green,NO,flat,20-25,60,118,49.11864406779661,0.7542372881355932,0.8186440677966101,-3.8644067796610178,-7.724137931034486,"-1.60,-7.72,-4.55,-1.73",3,10,-15.230769230769228,7.0
low<=30_close40-65_green,NO,flat,20-25,70,118,49.11864406779661,0.7033898305084746,0.7016949152542372,0.11864406779660969,-8.068965517241383,"6.40,-8.07,0.28,1.60",6,10,-15.230769230769228,7.0
low<=30_close40-65_green,NO,flat,20-25,80,118,49.11864406779661,0.6186440677966102,0.6139830508474576,0.3728813559322019,-7.724137931034486,"9.07,-7.72,-1.10,0.93",6,10,-16.769230769230766,7.0
low<=30_close40-65_green,NO,flat,20-25,85,118,49.11864406779661,0.5847457627118644,0.5778664007976072,0.5847457627118627,-11.000000000000004,"9.90,-11.00,-1.10,4.10",5,10,-14.846153846153843,7.0
low<=30_close40-65_green,NO,flat,20-25,90,118,49.11864406779661,0.5423728813559322,0.5457627118644067,-0.30508474576271233,-8.758620689655176,"10.40,-8.76,-4.55,1.27",5,10,-26.76923076923077,7.0
low<=30_close40-65_green,NO,flat,20-25,99,118,49.11864406779661,0.4830508474576271,0.4961479198767334,-1.2966101694915255,-8.137931034482762,"9.80,-8.14,-3.62,-3.53",5,10,-24.692307692307693,7.0
low<=30_close40-65_green,NO,flat,25-30,60,143,50.53846153846154,0.7902097902097902,0.8423076923076923,-3.1258741258741267,-5.571428571428573,"-4.00,1.25,-5.57,-4.25",3,10,-7.26923076923077,6.0
low<=30_close40-65_green,NO,flat,25-30,70,143,50.53846153846154,0.6993006993006993,0.721978021978022,-1.587412587412588,-7.6111111111111125,"-7.61,1.81,-1.86,1.31",4,10,-15.5,6.0
low<=30_close40-65_green,NO,flat,25-30,80,143,50.53846153846154,0.6153846153846154,0.6317307692307692,-1.3076923076923084,-6.142857142857144,"-5.67,2.36,-6.14,4.08",4,10,-17.454545454545453,6.0
low<=30_close40-65_green,NO,flat,25-30,85,143,50.53846153846154,0.5734265734265734,0.5945701357466063,-1.797202797202798,-10.571428571428573,"-7.47,3.19,-10.57,7.42",5,10,-19.714285714285715,6.0
low<=30_close40-65_green,NO,flat,25-30,90,143,50.53846153846154,0.5594405594405595,0.5615384615384615,-0.18881118881118922,-8.142857142857144,"-7.33,6.25,-8.14,8.25",5,10,-30.428571428571427,6.0
low<=30_close40-65_green,NO,flat,25-30,99,143,50.53846153846154,0.5104895104895105,0.5104895104895105,-3.9750642560005605e-16,-9.42857142857143,"-8.33,11.75,-9.43,5.75",4,10,-27.857142857142858,6.0
low<=30_close40-65_green,NO,with25-75,20-25,60,33,55.90909090909091,0.8181818181818182,0.9318181818181818,-6.81818181818182,-12.333333333333336,"-12.33,-5.50,-4.13,-4.63",5,10,-34.333333333333336,6.0
low<=30_close40-65_green,NO,with25-75,20-25,70,33,55.90909090909091,0.7272727272727273,0.7987012987012987,-5.000000000000002,-13.444444444444448,"-13.44,-5.50,-4.13,4.12",4,10,-54.333333333333336,6.0
low<=30_close40-65_green,NO,with25-75,20-25,80,33,55.90909090909091,0.696969696969697,0.6988636363636364,-0.15151515151515302,-16.777777777777782,"-16.78,2.00,3.37,12.87",6,10,-54.333333333333336,6.0
low<=30_close40-65_green,NO,with25-75,20-25,85,33,55.90909090909091,0.696969696969697,0.6577540106951871,3.3333333333333317,-14.555555555555559,"-14.56,5.75,7.12,17.25",7,10,-54.333333333333336,6.0
low<=30_close40-65_green,NO,with25-75,20-25,90,33,55.90909090909091,0.696969696969697,0.6212121212121212,6.818181818181817,-12.333333333333336,"-12.33,9.50,10.87,21.62",8,10,-54.333333333333336,6.0
low<=30_close40-65_green,NO,with25-75,20-25,99,33,55.90909090909091,0.5757575757575758,0.5647382920110192,1.0909090909090906,-8.333333333333336,"-8.33,3.87,5.25,4.75",6,10,-54.333333333333336,6.0
low<=30_close40-65_green,NO,with25-75,25-30,60,43,56.72093023255814,0.9069767441860465,0.9453488372093023,-2.3023255813953507,-7.900000000000001,"-1.00,2.45,-7.90,-3.27",5,10,-10.500000000000004,6.0
low<=30_close40-65_green,NO,with25-75,25-30,70,43,56.72093023255814,0.7674418604651163,0.8102990033222591,-3.0000000000000004,-13.9,"-4.64,-0.27,-13.90,5.82",5,10,-20.500000000000004,6.0
low<=30_close40-65_green,NO,with25-75,25-30,80,43,56.72093023255814,0.5813953488372093,0.7090116279069767,-10.209302325581396,-28.45454545454546,"-11.91,-28.45,-7.90,7.64",3,10,-39.75,6.0
low<=30_close40-65_green,NO,with25-75,25-30,85,43,56.72093023255814,0.5813953488372093,0.6673050615595075,-7.3023255813953485,-26.63636363636364,"-9.18,-26.64,-4.90,11.73",3,10,-38.5,6.0
low<=30_close40-65_green,NO,with25-75,25-30,90,43,56.72093023255814,0.5813953488372093,0.6302325581395348,-4.395348837209302,-24.818181818181824,"-6.45,-24.82,-1.90,15.82",5,10,-37.25,6.0
low<=30_close40-65_green,NO,with25-75,25-30,99,43,56.72093023255814,0.5348837209302325,0.572938689217759,-3.7674418604651163,-30.54545454545455,"-10.55,-30.55,3.50,23.18",6,10,-55.5,6.0
low<=30_close40-65_green,YES,against25-75,<=15,60,30,48.03333333333333,0.7333333333333333,0.8005555555555556,-4.033333333333333,-12.142857142857142,"-7.25,-12.14,3.57,-0.38",4,10,-46.0,8.0
low<=30_close40-65_green,YES,against25-75,<=15,70,30,48.03333333333333,0.7,0.6861904761904761,0.9666666666666665,-16.428571428571427,"-1.00,-16.43,12.14,8.38",4,10,-46.0,8.0
low<=30_close40-65_green,YES,against25-75,<=15,80,30,48.03333333333333,0.5333333333333333,0.6004166666666666,-5.366666666666666,-14.75,"-14.75,-12.14,9.29,-2.88",4,10,-53.5,8.0
low<=30_close40-65_green,YES,against25-75,<=15,85,30,48.03333333333333,0.4666666666666667,0.5650980392156862,-8.366666666666667,-12.875,"-12.88,-10.00,-11.43,0.25",4,10,-53.5,8.0
low<=30_close40-65_green,YES,against25-75,<=15,90,30,48.03333333333333,0.43333333333333335,0.5337037037037037,-9.033333333333333,-11.0,"-11.00,-7.86,-9.29,-7.88",3,10,-53.5,8.0
low<=30_close40-65_green,YES,against25-75,<=15,99,30,48.03333333333333,0.36666666666666664,0.48518518518518516,-11.733333333333333,-19.571428571428573,"-7.62,-4.00,-19.57,-15.75",4,10,-61.0,8.0
low<=30_close40-65_green,YES,against25-75,20-25,60,48,48.583333333333336,0.7708333333333334,0.8097222222222222,-2.333333333333333,-5.75,"-5.08,-2.67,4.17,-5.75",2,9,-18.0,8.0
low<=30_close40-65_green,YES,against25-75,20-25,70,48,48.583333333333336,0.6875,0.6940476190476191,-0.45833333333333304,-9.916666666666666,"-4.25,4.83,7.50,-9.92",5,9,-48.0,8.0
low<=30_close40-65_green,YES,against25-75,20-25,80,48,48.583333333333336,0.5833333333333334,0.6072916666666667,-1.9166666666666667,-5.083333333333333,"-5.08,-1.00,2.50,-4.08",5,9,-48.0,8.0
low<=30_close40-65_green,YES,against25-75,20-25,85,48,48.583333333333336,0.5625,0.5715686274509805,-0.7708333333333334,-5.166666666666665,"-2.58,-5.17,5.83,-1.17",4,9,-48.0,8.0
low<=30_close40-65_green,YES,against25-75,20-25,90,48,48.583333333333336,0.5416666666666666,0.5398148148148149,0.16666666666666652,-7.583333333333333,"-7.58,-2.67,9.17,1.75",4,9,-48.0,8.0
low<=30_close40-65_green,YES,against25-75,20-25,99,48,48.583333333333336,0.4791666666666667,0.49074074074074076,-1.1458333333333333,-9.5,"-3.83,-6.42,15.17,-9.50",4,9,-48.0,8.0
low<=30_close40-65_green,YES,against25-75,25-30,60,68,49.705882352941174,0.7941176470588235,0.8284313725490196,-2.0588235294117645,-11.294117647058824,"0.88,-11.29,-5.47,7.65",6,9,-21.727272727272727,7.0
low<=30_close40-65_green,YES,against25-75,25-30,70,68,49.705882352941174,0.6764705882352942,0.7100840336134453,-2.3529411764705883,-10.176470588235293,"0.88,-8.94,-10.18,8.82",4,9,-22.125,7.0
low<=30_close40-65_green,YES,against25-75,25-30,80,68,49.705882352941174,0.6617647058823529,0.6213235294117647,3.235294117647059,-4.294117647058823,"7.94,-3.06,-4.29,12.35",5,9,-18.375,7.0
low<=30_close40-65_green,YES,against25-75,25-30,85,68,49.705882352941174,0.6323529411764706,0.5847750865051903,4.044117647058823,-6.352941176470588,"11.47,-0.12,-6.35,11.18",6,9,-27.125,7.0
low<=30_close40-65_green,YES,against25-75,25-30,90,68,49.705882352941174,0.6176470588235294,0.5522875816993463,5.882352941176471,-3.705882352941176,"15.00,2.82,-3.71,9.41",6,9,-25.875,7.0
low<=30_close40-65_green,YES,against25-75,25-30,99,68,49.705882352941174,0.6029411764705882,0.5020796197266785,9.985294117647058,1.0588235294117652,"21.35,2.29,1.06,15.24",6,9,-23.625,7.0
low<=30_close40-65_green,YES,flat,<=15,60,40,46.225,0.725,0.7704166666666666,-2.725,-12.3,"2.30,9.50,-12.30,-10.40",5,10,-46.0,7.0
low<=30_close40-65_green,YES,flat,<=15,70,40,46.225,0.675,0.6603571428571429,1.025,-6.3,"10.30,4.50,-6.30,-4.40",3,10,-46.0,7.0
low<=30_close40-65_green,YES,flat,<=15,80,40,46.225,0.55,0.5778125000000001,-2.225,-16.3,"10.30,3.50,-16.30,-6.40",5,10,-46.0,7.0
low<=30_close40-65_green,YES,flat,<=15,85,40,46.225,0.5,0.5438235294117647,-3.725,-22.8,"13.80,-2.00,-22.80,-3.90",4,10,-46.0,7.0
low<=30_close40-65_green,YES,flat,<=15,90,40,46.225,0.475,0.5136111111111111,-3.475,-21.3,"17.30,-8.50,-21.30,-1.40",3,10,-46.0,7.0
low<=30_close40-65_green,YES,flat,<=15,99,40,46.225,0.4,0.46691919191919196,-6.625,-18.6,"3.80,-14.80,-18.60,3.10",3,10,-46.0,7.0
low<=30_close40-65_green,YES,flat,15-20,60,85,48.38823529411765,0.7411764705882353,0.8064705882352942,-3.9176470588235293,-9.09090909090909,"-9.09,-4.81,-1.19,-0.33",3,10,-13.000000000000004,7.0
low<=30_close40-65_green,YES,flat,15-20,70,85,48.38823529411765,0.6470588235294118,0.6912605042016807,-3.0941176470588236,-8.636363636363635,"-8.64,-4.33,-0.24,1.10",3,10,-21.000000000000004,7.0
low<=30_close40-65_green,YES,flat,15-20,80,85,48.38823529411765,0.5764705882352941,0.6048529411764706,-2.2705882352941176,-6.363636363636362,"-6.36,-1.95,-1.19,0.62",4,10,-17.000000000000004,7.0
low<=30_close40-65_green,YES,flat,15-20,85,85,48.38823529411765,0.5529411764705883,0.5692733564013841,-1.388235294117647,-7.499999999999999,"-7.50,-3.14,1.67,3.71",4,10,-17.0,7.0
low<=30_close40-65_green,YES,flat,15-20,90,85,48.38823529411765,0.5176470588235295,0.5376470588235295,-1.8,-13.181818181818182,"-13.18,-0.52,0.24,6.81",3,10,-16.272727272727273,7.0
low<=30_close40-65_green,YES,flat,15-20,99,85,48.38823529411765,0.49411764705882355,0.48877005347593583,0.5294117647058822,-9.499999999999998,"-9.50,4.19,0.24,7.67",4,10,-16.6,7.0
low<=30_close40-65_green,YES,flat,20-25,60,145,50.90344827586207,0.7655172413793103,0.8483908045977011,-4.972413793103448,-6.297297297297298,"-6.30,-3.14,-4.64,-5.78",2,10,-25.125,6.0
low<=30_close40-65_green,YES,flat,20-25,70,145,50.90344827586207,0.7241379310344828,0.727192118226601,-0.2137931034482757,-2.5135135135135145,"-2.51,2.69,-0.75,-0.22",7,10,-28.875,6.0
low<=30_close40-65_green,YES,flat,20-25,80,145,50.90344827586207,0.6620689655172414,0.6362931034482758,2.0620689655172413,-2.4166666666666665,"2.35,5.75,-2.42,2.56",7,10,-25.125,6.0
low<=30_close40-65_green,YES,flat,20-25,85,145,50.90344827586207,0.6275862068965518,0.5988640973630831,2.4413793103448276,-1.7222222222222223,"3.43,6.86,-1.72,1.17",6,10,-23.25,6.0
low<=30_close40-65_green,YES,flat,20-25,90,145,50.90344827586207,0.5793103448275863,0.5655938697318008,1.2344827586206897,-3.8055555555555554,"-0.62,5.19,-3.81,4.22",6,10,-32.625,6.0
low<=30_close40-65_green,YES,flat,20-25,99,145,50.90344827586207,0.5517241379310345,0.5141762452107279,3.717241379310345,-1.8055555555555556,"4.49,7.94,-1.81,4.22",6,10,-30.375,6.0
low<=30_close40-65_green,YES,flat,25-30,60,174,50.37356321839081,0.7758620689655172,0.8395593869731801,-3.82183908045977,-7.545454545454546,"-4.50,3.35,-6.49,-7.55",2,10,-12.0,6.0
low<=30_close40-65_green,YES,flat,25-30,70,174,50.37356321839081,0.6896551724137931,0.7196223316912972,-2.0977011494252875,-8.813953488372093,"-1.77,7.53,-8.81,-5.27",4,10,-16.23076923076923,6.0
low<=30_close40-65_green,YES,flat,25-30,80,174,50.37356321839081,0.5862068965517241,0.6296695402298851,-3.4770114942528734,-9.500000000000002,"-9.50,2.88,-4.63,-2.55",4,10,-22.583333333333332,6.0
low<=30_close40-65_green,YES,flat,25-30,85,174,50.37356321839081,0.5632183908045977,0.59263015551048,-2.5,-8.931818181818183,"-8.93,4.28,-1.72,-3.45",4,10,-20.916666666666668,6.0
low<=30_close40-65_green,YES,flat,25-30,90,174,50.37356321839081,0.5517241379310345,0.55970625798212,-0.7183908045977011,-6.545454545454547,"-6.55,5.44,-0.91,-0.73",4,10,-19.25,6.0
low<=30_close40-65_green,YES,flat,25-30,99,174,50.37356321839081,0.5287356321839081,0.5088238708928364,1.971264367816092,-4.500000000000001,"-4.50,8.79,4.12,-0.32",4,10,-16.25,6.0
low<=30_close40-65_green,YES,with25-75,15-20,60,33,51.696969696969695,0.8484848484848485,0.8616161616161616,-0.7878787878787874,-2.3333333333333335,"-2.33,-0.25,-1.00,0.63",5,10,-16.333333333333336,6.0
low<=30_close40-65_green,YES,with25-75,15-20,70,33,51.696969696969695,0.7575757575757576,0.7385281385281385,1.3333333333333335,-2.3333333333333335,"-2.33,-0.25,-1.00,9.38",6,10,-54.0,6.0
low<=30_close40-65_green,YES,with25-75,15-20,80,33,51.696969696969695,0.696969696969697,0.6462121212121212,4.0606060606060606,-12.75,"4.33,-12.75,6.50,18.12",5,10,-54.0,6.0
low<=30_close40-65_green,YES,with25-75,15-20,85,33,51.696969696969695,0.6666666666666666,0.6081996434937611,4.96969696969697,-10.25,"7.67,-10.25,-0.37,22.50",5,10,-54.0,6.0
low<=30_close40-65_green,YES,with25-75,15-20,90,33,51.696969696969695,0.6363636363636364,0.5744107744107744,5.575757575757576,-8.5,"11.00,-7.75,-8.50,26.88",5,10,-54.0,6.0
low<=30_close40-65_green,YES,with25-75,15-20,99,33,51.696969696969695,0.5454545454545454,0.5221916131007039,2.303030303030303,-15.625,"6.00,-15.62,-4.00,22.38",4,10,-54.0,6.0
low<=30_close40-65_green,YES,with25-75,20-25,60,40,53.675,0.9,0.8945833333333333,0.32499999999999946,-13.4,"-13.40,5.90,-0.70,9.50",8,10,-22.5,6.0
low<=30_close40-65_green,YES,with25-75,20-25,70,40,53.675,0.7,0.7667857142857143,-4.675,-20.4,"-20.40,8.90,-5.70,-1.50",5,10,-29.166666666666668,6.0
low<=30_close40-65_green,YES,with25-75,20-25,80,40,53.675,0.65,0.6709375,-1.6750000000000007,-31.4,"-31.40,17.90,1.30,5.50",4,10,-31.666666666666668,6.0
low<=30_close40-65_green,YES,with25-75,20-25,85,40,53.675,0.65,0.6314705882352941,1.5749999999999997,-29.9,"-29.90,22.40,4.80,9.00",6,10,-30.0,6.0
low<=30_close40-65_green,YES,with25-75,20-25,90,40,53.675,0.65,0.5963888888888889,4.825,-28.4,"-28.40,26.90,8.30,12.50",6,10,-28.333333333333332,6.0
low<=30_close40-65_green,YES,with25-75,20-25,99,40,53.675,0.575,0.5421717171717172,3.25,-25.7,"-25.70,15.20,4.70,18.80",5,10,-32.0,6.0
low<=30_close40-65_green,YES,with25-75,25-30,60,51,56.90196078431372,0.9215686274509803,0.9483660130718954,-1.6078431372549014,-5.083333333333333,"1.69,-1.38,-5.08,-1.92",5,10,-29.0,6.0
low<=30_close40-65_green,YES,with25-75,25-30,70,51,56.90196078431372,0.7843137254901961,0.8128851540616246,-2.0,-8.846153846153847,"0.92,-2.92,3.25,-8.85",4,10,-25.75,6.0
low<=30_close40-65_green,YES,with25-75,25-30,80,51,56.90196078431372,0.6470588235294118,0.7112745098039215,-5.137254901960785,-21.384615384615383,"-21.38,-1.38,4.92,-1.92",3,10,-31.666666666666668,6.0
low<=30_close40-65_green,YES,with25-75,25-30,85,51,56.90196078431372,0.5686274509803921,0.6694348327566321,-8.568627450980392,-19.076923076923077,"-19.08,-11.00,1.58,-5.00",3,10,-30.4,6.0
low<=30_close40-65_green,YES,with25-75,25-30,90,51,56.90196078431372,0.5686274509803921,0.632244008714597,-5.7254901960784315,-16.76923076923077,"-16.77,-8.31,4.92,-1.92",3,10,-28.9,6.0
low<=30_close40-65_green,YES,with25-75,25-30,99,51,56.90196078431372,0.47058823529411764,0.5747672806496336,-10.313725490196079,-27.846153846153847,"-27.85,-11.08,2.67,-4.00",4,10,-58.333333333333336,6.0
low<=30_close45-65_green,NO,against25-75,15-20,60,31,54.67741935483871,0.9032258064516129,0.9112903225806452,-0.4838709677419369,-3.750000000000001,"-3.75,-3.00,6.86,-1.12",5,9,-6.500000000000002,8.0
low<=30_close45-65_green,NO,against25-75,15-20,70,31,54.67741935483871,0.8709677419354839,0.7811059907834101,6.29032258064516,-3.0000000000000018,"5.00,-3.00,16.86,7.62",8,9,-5.571428571428572,8.0
low<=30_close45-65_green,NO,against25-75,15-20,80,31,54.67741935483871,0.7741935483870968,0.6834677419354839,7.258064516129032,-3.625,"13.75,4.50,15.43,-3.62",6,9,-61.0,8.0
low<=30_close45-65_green,NO,against25-75,15-20,85,31,54.67741935483871,0.5806451612903226,0.6432637571157496,-5.32258064516129,-23.625,"7.50,-23.62,-4.57,-0.50",4,9,-61.0,8.0
low<=30_close45-65_green,NO,against25-75,15-20,90,31,54.67741935483871,0.5806451612903226,0.6075268817204301,-2.4193548387096775,-21.75,"11.25,-21.75,-1.71,2.62",4,9,-61.0,8.0
low<=30_close45-65_green,NO,against25-75,15-20,99,31,54.67741935483871,0.5483870967741935,0.5522971652003911,-0.3870967741935484,-18.375,"18.00,-18.38,3.43,-4.12",4,9,-61.0,8.0
low<=30_close45-65_green,NO,against25-75,20-25,60,34,52.5,0.8235294117647058,0.875,-3.0882352941176485,-19.111111111111114,"-19.11,8.00,7.00,-5.89",4,9,-32.666666666666664,8.0
low<=30_close45-65_green,NO,against25-75,20-25,70,34,52.5,0.7941176470588235,0.75,3.0882352941176454,-13.555555555555559,"-13.56,18.00,8.25,1.89",5,9,-29.333333333333332,8.0
low<=30_close45-65_green,NO,against25-75,20-25,80,34,52.5,0.7058823529411765,0.65625,3.970588235294116,-8.11111111111111,"-8.00,18.00,17.00,-8.11",6,9,-52.0,8.0
low<=30_close45-65_green,NO,against25-75,20-25,85,34,52.5,0.7058823529411765,0.6176470588235294,7.499999999999998,-5.333333333333334,"-5.22,22.38,21.38,-5.33",6,9,-52.0,8.0
low<=30_close45-65_green,NO,against25-75,20-25,90,34,52.5,0.5882352941176471,0.5833333333333334,0.44117647058823467,-22.555555555555557,"-12.44,15.50,25.75,-22.56",5,9,-61.0,8.0
low<=30_close45-65_green,NO,against25-75,20-25,99,34,52.5,0.5,0.5303030303030303,-3.000000000000001,-19.555555555555557,"-8.44,9.87,8.87,-19.56",4,9,-61.0,8.0
low<=30_close45-65_green,NO,flat,15-20,60,76,52.46052631578947,0.7763157894736842,0.8743421052631579,-5.881578947368422,-11.157894736842106,"-8.53,-3.00,-11.16,-0.84",2,10,-17.2,7.0
low<=30_close45-65_green,NO,flat,15-20,70,76,52.46052631578947,0.7105263157894737,0.7494360902255639,-2.7236842105263164,-8.000000000000002,"-4.84,-2.47,-8.00,4.42",3,10,-15.9,7.0
low<=30_close45-65_green,NO,flat,15-20,80,76,52.46052631578947,0.5921052631578947,0.6557565789473684,-5.092105263157895,-10.631578947368421,"-10.63,-8.26,-10.11,8.63",2,10,-18.9,7.0
low<=30_close45-65_green,NO,flat,15-20,85,76,52.46052631578947,0.5657894736842105,0.6171826625386997,-4.368421052631579,-10.105263157894736,"-8.00,-10.11,-7.47,8.11",2,10,-16.9,7.0
low<=30_close45-65_green,NO,flat,15-20,90,76,52.46052631578947,0.5394736842105263,0.5828947368421052,-3.9078947368421053,-12.473684210526315,"-5.37,-12.47,-9.58,11.79",3,10,-20.11111111111111,7.0
low<=30_close45-65_green,NO,flat,15-20,99,76,52.46052631578947,0.5263157894736842,0.5299043062200957,-0.35526315789473684,-8.68421052631579,"-5.84,-8.68,-5.32,18.42",6,10,-17.11111111111111,7.0
low<=30_close45-65_green,NO,flat,20-25,60,92,52.97826086956522,0.8478260869565217,0.8829710144927536,-2.1086956521739144,-7.434782608695655,"-5.35,-7.43,2.04,2.30",4,10,-8.272727272727275,7.0
low<=30_close45-65_green,NO,flat,20-25,70,92,52.97826086956522,0.7934782608695652,0.756832298136646,2.5652173913043472,-5.695652173913046,"2.48,-5.70,8.13,5.35",6,10,-8.5,7.0
low<=30_close45-65_green,NO,flat,20-25,80,92,52.97826086956522,0.7065217391304348,0.6622282608695652,3.5434782608695645,-5.695652173913046,"3.35,-5.70,9.87,6.65",6,10,-12.25,7.0
low<=30_close45-65_green,NO,flat,20-25,85,92,52.97826086956522,0.6739130434782609,0.6232736572890025,4.304347826086956,-6.347826086956524,"3.13,-6.35,10.09,10.35",7,10,-14.923076923076925,7.0
low<=30_close45-65_green,NO,flat,20-25,90,92,52.97826086956522,0.6413043478260869,0.5886473429951691,4.739130434782608,-3.521739130434785,"2.48,-3.52,9.87,10.13",7,10,-18.5,7.0
low<=30_close45-65_green,NO,flat,20-25,99,92,52.97826086956522,0.5652173913043478,0.5351339481774264,2.978260869565217,-0.6521739130434802,"-0.65,1.57,7.52,3.48",6,10,-15.125,7.0
low<=30_close45-65_green,NO,flat,25-30,60,116,54.23275862068966,0.8706896551724138,0.9038793103448276,-1.9913793103448294,-2.5862068965517255,"-0.86,-2.59,-2.48,-2.03",4,10,-5.941176470588239,7.0
low<=30_close45-65_green,NO,flat,25-30,70,116,54.23275862068966,0.7672413793103449,0.7747536945812808,-0.5258620689655185,-6.379310344827588,"-6.38,-1.21,3.72,1.76",3,10,-15.181818181818185,7.0
low<=30_close45-65_green,NO,flat,25-30,80,116,54.23275862068966,0.6724137931034483,0.6779094827586207,-0.4396551724137939,-5.000000000000002,"-5.00,0.86,-1.79,4.17",6,10,-17.000000000000004,7.0
low<=30_close45-65_green,NO,flat,25-30,85,116,54.23275862068966,0.6206896551724138,0.6380324543610548,-1.4741379310344833,-7.758620689655174,"-7.76,1.38,-7.31,7.79",6,10,-19.714285714285715,7.0
low<=30_close45-65_green,NO,flat,25-30,90,116,54.23275862068966,0.603448275862069,0.6025862068965517,0.07758620689655117,-8.103448275862071,"-8.10,4.66,-4.55,8.31",6,10,-30.428571428571427,7.0
low<=30_close45-65_green,NO,flat,25-30,99,116,54.23275862068966,0.5517241379310345,0.5478056426332288,0.3879310344827579,-10.27586206896552,"-10.28,10.55,-6.41,7.69",5,10,-27.857142857142858,7.0
low<=30_close45-65_green,NO,with25-75,20-25,60,31,57.16129032258065,0.8387096774193549,0.9526881720430108,-6.838709677419357,-9.875000000000002,"-9.88,-5.50,-7.43,-4.63",5,10,-30.500000000000004,6.0
low<=30_close45-65_green,NO,with25-75,20-25,70,31,57.16129032258065,0.7741935483870968,0.8165898617511521,-2.9677419354838737,-11.125000000000002,"-11.13,-5.50,1.14,4.12",5,10,-60.5,6.0
low<=30_close45-65_green,NO,with25-75,20-25,80,31,57.16129032258065,0.7419354838709677,0.7145161290322581,2.193548387096772,-14.875000000000002,"-14.88,2.00,9.71,12.87",7,10,-60.5,6.0
low<=30_close45-65_green,NO,with25-75,20-25,85,31,57.16129032258065,0.7419354838709677,0.6724857685009488,5.903225806451612,-12.375000000000002,"-12.38,5.75,14.00,17.25",8,10,-60.5,6.0
low<=30_close45-65_green,NO,with25-75,20-25,90,31,57.16129032258065,0.7419354838709677,0.6351254480286739,9.61290322580645,-9.875000000000002,"-9.88,9.50,18.29,21.62",8,10,-60.5,6.0
low<=30_close45-65_green,NO,with25-75,20-25,99,31,57.16129032258065,0.6129032258064516,0.5773867709351581,3.5161290322580636,-5.375000000000002,"-5.38,3.87,11.86,4.75",6,10,-60.5,6.0
low<=30_close45-65_green,NO,with25-75,25-30,60,41,58.26829268292683,0.9512195121951219,0.9711382113821138,-1.1951219512195148,-4.000000000000003,"-1.91,0.20,1.00,-4.00",6,10,-15.750000000000002,6.0
low<=30_close45-65_green,NO,with25-75,25-30,70,41,58.26829268292683,0.8048780487804879,0.832404181184669,-1.9268292682926844,-10.000000000000004,"-5.55,3.20,-10.00,5.00",4,10,-25.75,6.0
low<=30_close45-65_green,NO,with25-75,25-30,80,41,58.26829268292683,0.6097560975609756,0.7283536585365853,-9.487804878048781,-27.8,"-12.82,-27.80,-3.00,6.00",4,10,-40.75,6.0
low<=30_close45-65_green,NO,with25-75,25-30,85,41,58.26829268292683,0.6097560975609756,0.685509325681492,-6.439024390243903,-25.8,"-10.09,-25.80,0.50,10.00",4,10,-39.5,6.0
low<=30_close45-65_green,NO,with25-75,25-30,90,41,58.26829268292683,0.6097560975609756,0.6474254742547425,-3.3902439024390243,-23.800000000000004,"-7.36,-23.80,4.00,14.00",5,10,-38.25,6.0
low<=30_close45-65_green,NO,with25-75,25-30,99,41,58.26829268292683,0.5609756097560976,0.5885686129588569,-2.731707317073171,-30.1,"-11.45,-30.10,10.30,21.20",6,10,-60.75,6.0
low<=30_close45-65_green,YES,against25-75,20-25,60,36,52.19444444444444,0.8611111111111112,0.8699074074074074,-0.527777777777777,-6.111111111111111,"2.78,-4.89,6.11,-6.11",5,9,-24.499999999999996,8.0
low<=30_close45-65_green,YES,against25-75,20-25,70,36,52.19444444444444,0.8055555555555556,0.7456349206349207,4.194444444444445,-6.111111111111111,"11.67,2.89,8.33,-6.11",7,9,-54.5,8.0
low<=30_close45-65_green,YES,against25-75,20-25,80,36,52.19444444444444,0.6944444444444444,0.6524305555555555,3.361111111111111,0.5555555555555564,"2.78,1.78,8.33,0.56",7,9,-54.5,8.0
low<=30_close45-65_green,YES,against25-75,20-25,85,36,52.19444444444444,0.6666666666666666,0.6140522875816993,4.472222222222222,-3.3333333333333335,"-3.33,5.11,12.22,3.89",6,9,-54.5,8.0
low<=30_close45-65_green,YES,against25-75,20-25,90,36,52.19444444444444,0.6388888888888888,0.5799382716049383,5.305555555555555,-10.555555555555555,"-10.56,8.44,16.11,7.22",5,9,-54.5,8.0
low<=30_close45-65_green,YES,against25-75,20-25,99,36,52.19444444444444,0.5833333333333334,0.5272166105499438,5.555555555555555,-8.777777777777779,"-6.56,14.44,23.11,-8.78",5,9,-54.5,8.0
low<=30_close45-65_green,YES,against25-75,25-30,60,58,52.13793103448276,0.8275862068965517,0.8689655172413794,-2.4827586206896544,-6.928571428571429,"-1.87,-6.29,-6.93,4.60",5,9,-28.2,7.0
low<=30_close45-65_green,YES,against25-75,25-30,70,58,52.13793103448276,0.7241379310344828,0.7448275862068966,-1.4482758620689646,-9.071428571428571,"-3.20,-3.43,-9.07,9.27",4,9,-24.2,7.0
low<=30_close45-65_green,YES,against25-75,25-30,80,58,52.13793103448276,0.7068965517241379,0.6517241379310346,4.413793103448276,-2.6428571428571423,"3.47,3.71,-2.64,12.60",5,9,-20.2,7.0
low<=30_close45-65_green,YES,against25-75,25-30,85,58,52.13793103448276,0.6896551724137931,0.6133874239350913,6.482758620689657,0.571428571428572,"6.80,7.29,0.57,10.93",6,9,-18.2,7.0
low<=30_close45-65_green,YES,against25-75,25-30,90,58,52.13793103448276,0.6724137931034483,0.5793103448275863,8.379310344827585,3.785714285714286,"10.13,10.86,3.79,8.60",7,9,-24.333333333333332,7.0
low<=30_close45-65_green,YES,against25-75,25-30,99,58,52.13793103448276,0.6551724137931034,0.5266457680250785,12.724137931034482,9.571428571428571,"16.13,10.21,9.57,14.60",7,9,-21.333333333333332,7.0
low<=30_close45-65_green,YES,flat,15-20,60,67,51.91044776119403,0.8059701492537313,0.8651741293532338,-3.5522388059701493,-16.58823529411765,"-16.59,-2.24,8.31,-3.00",5,10,-21.250000000000004,7.0
low<=30_close45-65_green,YES,flat,15-20,70,67,51.91044776119403,0.6865671641791045,0.7415778251599147,-3.8507462686567164,-10.705882352941174,"-10.71,-10.47,9.56,-3.00",5,10,-33.75,7.0
low<=30_close45-65_green,YES,flat,15-20,80,67,51.91044776119403,0.5970149253731343,0.6488805970149254,-4.149253731343284,-9.52941176470588,"-9.53,-9.29,8.31,-5.35",6,10,-31.250000000000004,7.0
low<=30_close45-65_green,YES,flat,15-20,85,67,51.91044776119403,0.5671641791044776,0.6107111501316944,-3.701492537313433,-11.88235294117647,"-11.88,-11.65,12.06,-2.41",5,10,-30.000000000000004,7.0
low<=30_close45-65_green,YES,flat,15-20,90,67,51.91044776119403,0.5373134328358209,0.5767827529021559,-3.5522388059701493,-14.823529411764705,"-14.82,-9.29,10.19,0.53",4,10,-28.750000000000004,7.0
low<=30_close45-65_green,YES,flat,15-20,99,67,51.91044776119403,0.5074626865671642,0.524347957183778,-1.671641791044776,-11.117647058823527,"-11.12,-5.06,10.19,-0.00",6,10,-26.500000000000004,7.0
low<=30_close45-65_green,YES,flat,20-25,60,124,53.45967741935484,0.8145161290322581,0.890994623655914,-4.588709677419355,-8.096774193548388,"-8.10,-0.94,-5.32,-4.00",2,10,-25.125,7.0
low<=30_close45-65_green,YES,flat,20-25,70,124,53.45967741935484,0.7741935483870968,0.7637096774193548,0.7338709677419357,-5.193548387096775,"-5.19,5.52,-1.77,4.39",7,10,-28.875,7.0
low<=30_close45-65_green,YES,flat,20-25,80,124,53.45967741935484,0.7016129032258065,0.6682459677419355,2.6693548387096775,-4.67741935483871,"1.58,6.16,-4.68,7.61",6,10,-25.125,7.0
low<=30_close45-65_green,YES,flat,20-25,85,124,53.45967741935484,0.6693548387096774,0.6289373814041745,3.435483870967742,-1.6129032258064517,"2.23,7.13,-1.61,6.00",6,10,-23.25,7.0
low<=30_close45-65_green,YES,flat,20-25,90,124,53.45967741935484,0.6129032258064516,0.5939964157706094,1.7016129032258065,-7.258064516129032,"-3.26,7.77,-7.26,9.55",6,10,-32.625,7.0
low<=30_close45-65_green,YES,flat,20-25,99,124,53.45967741935484,0.5806451612903226,0.5399967416096448,4.024193548387097,-5.806451612903226,"1.68,10.68,-5.81,9.55",6,10,-30.375,7.0
low<=30_close45-65_green,YES,flat,25-30,60,153,52.86274509803921,0.8366013071895425,0.8810457516339869,-2.666666666666667,-9.526315789473685,"-2.49,2.37,-9.53,-1.03",4,10,-16.82608695652174,7.0
low<=30_close45-65_green,YES,flat,25-30,70,153,52.86274509803921,0.7450980392156863,0.7551820728291316,-0.7058823529411765,-11.368421052631579,"0.33,6.05,-11.37,2.13",5,10,-19.869565217391305,7.0
low<=30_close45-65_green,YES,flat,25-30,80,153,52.86274509803921,0.6405228758169934,0.6607843137254902,-1.6209150326797386,-6.589743589743591,"-6.59,-0.26,-5.32,5.82",4,10,-24.75,7.0
low<=30_close45-65_green,YES,flat,25-30,85,153,52.86274509803921,0.6143790849673203,0.6219146482122261,-0.6405228758169933,-5.94871794871795,"-5.95,3.03,-4.53,5.03",4,10,-23.083333333333332,7.0
low<=30_close45-65_green,YES,flat,25-30,90,153,52.86274509803921,0.6078431372549019,0.5873638344226579,1.8431372549019607,-3.2564102564102577,"-3.26,3.95,-1.63,8.45",5,10,-21.416666666666668,7.0
low<=30_close45-65_green,YES,flat,25-30,99,153,52.86274509803921,0.5816993464052288,0.5339671222024163,4.7254901960784315,-0.9487179487179498,"-0.95,7.03,3.58,9.39",5,10,-18.416666666666668,7.0
low<=30_close45-65_green,YES,with25-75,15-20,60,30,54.03333333333333,0.9,0.9005555555555556,-0.03333333333333286,-3.5714285714285725,"0.50,-3.57,-3.00,5.13",6,10,-16.333333333333336,6.0
low<=30_close45-65_green,YES,with25-75,15-20,70,30,54.03333333333333,0.8,0.7719047619047619,1.9666666666666672,-5.000000000000001,"0.50,-5.00,-4.43,15.13",7,10,-54.0,6.0
low<=30_close45-65_green,YES,with25-75,15-20,80,30,54.03333333333333,0.7333333333333333,0.6754166666666667,4.633333333333334,-20.714285714285715,"8.00,-20.71,2.71,25.12",5,10,-54.0,6.0
low<=30_close45-65_green,YES,with25-75,15-20,85,30,54.03333333333333,0.7,0.6356862745098039,5.466666666666667,-18.571428571428573,"11.75,-18.57,-5.86,30.12",5,10,-54.0,6.0
low<=30_close45-65_green,YES,with25-75,15-20,90,30,54.03333333333333,0.6666666666666666,0.6003703703703703,5.966666666666667,-16.428571428571427,"15.50,-16.43,-3.00,23.88",5,10,-54.0,6.0
low<=30_close45-65_green,YES,with25-75,15-20,99,30,54.03333333333333,0.5666666666666667,0.5457912457912458,2.066666666666667,-26.714285714285715,"9.88,-26.71,2.14,19.38",4,10,-56.0,6.0
low<=30_close45-65_green,YES,with25-75,20-25,60,40,54.725,0.9,0.9120833333333334,-0.7250000000000008,-14.1,"-14.10,5.90,-2.60,7.90",7,10,-23.666666666666668,6.0
low<=30_close45-65_green,YES,with25-75,20-25,70,40,54.725,0.7,0.7817857142857143,-5.7250000000000005,-21.1,"-21.10,8.90,-7.60,-3.10",5,10,-31.0,6.0
low<=30_close45-65_green,YES,with25-75,20-25,80,40,54.725,0.65,0.6840625,-2.7250000000000005,-32.1,"-32.10,17.90,-0.60,3.90",4,10,-31.666666666666668,6.0
low<=30_close45-65_green,YES,with25-75,20-25,85,40,54.725,0.65,0.6438235294117647,0.5249999999999992,-30.6,"-30.60,22.40,2.90,7.40",5,10,-30.0,6.0
low<=30_close45-65_green,YES,with25-75,20-25,90,40,54.725,0.65,0.6080555555555556,3.7749999999999995,-29.1,"-29.10,26.90,6.40,10.90",5,10,-28.333333333333332,6.0
low<=30_close45-65_green,YES,with25-75,20-25,99,40,54.725,0.575,0.5527777777777778,2.1999999999999997,-26.4,"-26.40,15.20,2.80,17.20",5,10,-32.0,6.0
low<=30_close45-65_green,YES,with25-75,25-30,60,50,57.48,0.94,0.958,-1.0799999999999992,-6.416666666666667,"1.46,2.42,-6.42,-1.92",5,10,-23.5,6.0
low<=30_close45-65_green,YES,with25-75,25-30,70,50,57.48,0.8,0.8211428571428571,-1.48,-8.846153846153847,"0.69,0.75,1.92,-8.85",4,10,-25.75,6.0
low<=30_close45-65_green,YES,with25-75,25-30,80,50,57.48,0.66,0.7184999999999999,-4.68,-21.615384615384617,"-21.62,2.42,3.58,-1.92",3,10,-31.666666666666668,6.0
low<=30_close45-65_green,YES,with25-75,25-30,85,50,57.48,0.58,0.676235294117647,-8.18,-19.307692307692307,"-19.31,-8.00,0.25,-5.00",3,10,-30.7,6.0
low<=30_close45-65_green,YES,with25-75,25-30,90,50,57.48,0.58,0.6386666666666666,-5.28,-17.0,"-17.00,-5.08,3.58,-1.92",3,10,-29.2,6.0
low<=30_close45-65_green,YES,with25-75,25-30,99,50,57.48,0.48,0.5806060606060606,-9.96,-28.076923076923077,"-28.08,-8.08,1.33,-4.00",4,10,-58.333333333333336,6.0
low<=30_close50-70_green,NO,against25-75,20-25,60,33,56.72727272727273,0.8787878787878788,0.9454545454545454,-4.000000000000001,-16.444444444444443,"-16.44,5.25,2.62,-5.87",4,9,-26.5,8.0
low<=30_close50-70_green,NO,against25-75,20-25,70,33,56.72727272727273,0.8484848484848485,0.8103896103896103,2.6666666666666665,-9.777777777777779,"-9.78,15.25,3.87,2.88",5,9,-21.5,8.0
low<=30_close50-70_green,NO,against25-75,20-25,80,33,56.72727272727273,0.7878787878787878,0.7090909090909091,6.303030303030303,-3.111111111111112,"-3.11,15.25,12.62,1.63",5,9,-62.0,8.0
low<=30_close50-70_green,NO,against25-75,20-25,85,33,56.72727272727273,0.7878787878787878,0.667379679144385,10.242424242424242,0.22222222222222143,"0.22,19.62,17.00,5.38",6,9,-62.0,8.0
low<=30_close50-70_green,NO,against25-75,20-25,90,33,56.72727272727273,0.6666666666666666,0.6303030303030303,3.272727272727273,-24.625,"3.56,12.75,21.38,-24.62",4,9,-62.0,8.0
low<=30_close50-70_green,NO,against25-75,20-25,99,33,56.72727272727273,0.5454545454545454,0.5730027548209367,-2.7272727272727275,-21.25,"-1.44,7.12,4.50,-21.25",5,9,-62.0,8.0
low<=30_close50-70_green,NO,flat,15-20,60,69,58.710144927536234,0.8695652173913043,0.9785024154589372,-6.536231884057971,-8.411764705882355,"-8.06,-8.41,-7.94,-1.65",3,10,-16.4,8.0
low<=30_close50-70_green,NO,flat,15-20,70,69,58.710144927536234,0.8260869565217391,0.8387163561076605,-0.8840579710144928,-4.294117647058825,"0.28,-4.29,-3.82,4.24",5,10,-16.600000000000005,8.0
low<=30_close50-70_green,NO,flat,15-20,80,69,58.710144927536234,0.6956521739130435,0.7338768115942029,-3.0579710144927534,-10.764705882352942,"-4.72,-10.76,-5.59,8.94",3,10,-13.8,8.0
low<=30_close50-70_green,NO,flat,15-20,85,69,58.710144927536234,0.6811594202898551,0.6907075873827793,-0.8115942028985503,-12.823529411764708,"-1.39,-12.82,-2.35,13.35",3,10,-10.8,8.0
low<=30_close50-70_green,NO,flat,15-20,90,69,58.710144927536234,0.6376811594202898,0.6523349436392915,-1.318840579710145,-15.470588235294118,"1.94,-15.47,-4.41,12.47",4,10,-14.714285714285714,8.0
low<=30_close50-70_green,NO,flat,15-20,99,69,58.710144927536234,0.6086956521739131,0.5930317669448104,1.5507246376811599,-11.23529411764706,"2.44,-11.24,0.88,14.06",5,10,-10.857142857142858,8.0
low<=30_close50-70_green,NO,flat,20-25,60,90,57.111111111111114,0.9111111111111111,0.951851851851852,-2.444444444444446,-7.818181818181821,"-3.48,-7.82,1.32,0.13",4,10,-11.250000000000004,7.0
low<=30_close50-70_green,NO,flat,20-25,70,90,57.111111111111114,0.8444444444444444,0.815873015873016,1.9999999999999987,-6.000000000000003,"5.22,-6.00,4.95,3.61",6,10,-12.500000000000004,7.0
low<=30_close50-70_green,NO,flat,20-25,80,90,57.111111111111114,0.7111111111111111,0.7138888888888889,-0.22222222222222332,-9.636363636363638,"3.48,-9.64,10.41,-5.09",5,10,-16.0,7.0
low<=30_close50-70_green,NO,flat,20-25,85,90,57.111111111111114,0.6777777777777778,0.6718954248366014,0.4999999999999994,-10.545454545454549,"3.48,-10.55,10.86,-1.83",5,10,-14.833333333333336,7.0
low<=30_close50-70_green,NO,flat,20-25,90,90,57.111111111111114,0.6444444444444445,0.634567901234568,0.8888888888888883,-7.818181818181821,"3.04,-7.82,10.86,-2.48",5,10,-18.11111111111111,7.0
low<=30_close50-70_green,NO,flat,20-25,99,90,57.111111111111114,0.5888888888888889,0.5768799102132436,1.1888888888888882,-9.91304347826087,"4.61,-2.91,13.32,-9.91",6,10,-27.444444444444443,7.0
low<=30_close50-70_green,NO,flat,25-30,60,123,58.78048780487805,0.9024390243902439,0.9796747967479675,-4.634146341463415,-6.35483870967742,"-4.61,-6.35,-5.40,-2.19",1,10,-11.800000000000002,7.0
low<=30_close50-70_green,NO,flat,25-30,70,123,58.78048780487805,0.7967479674796748,0.8397212543554007,-3.0081300813008136,-9.129032258064516,"-9.13,-6.35,0.93,2.65",4,10,-15.8,7.0
low<=30_close50-70_green,NO,flat,25-30,80,123,58.78048780487805,0.7073170731707317,0.7347560975609756,-2.1951219512195124,-9.774193548387096,"-9.77,1.39,-4.07,3.61",4,10,-17.625,7.0
low<=30_close50-70_green,NO,flat,25-30,85,123,58.78048780487805,0.6585365853658537,0.6915351506456241,-2.8048780487804876,-12.193548387096774,"-12.19,2.52,-9.23,7.48",5,10,-25.75,7.0
low<=30_close50-70_green,NO,flat,25-30,90,123,58.78048780487805,0.6178861788617886,0.6531165311653117,-3.1707317073170733,-18.161290322580644,"-18.16,3.32,-6.40,8.45",4,10,-35.125,7.0
low<=30_close50-70_green,NO,flat,25-30,99,123,58.78048780487805,0.5609756097560976,0.5937423010593742,-3.2439024390243905,-20.483870967741936,"-20.48,9.71,-7.90,5.55",3,10,-32.875,7.0
low<=30_close50-70_green,NO,with25-75,20-25,60,35,58.97142857142857,0.8571428571428571,0.9828571428571428,-7.5428571428571445,-9.777777777777779,"-9.78,-5.78,-9.75,-5.11",3,10,-30.500000000000004,6.0
low<=30_close50-70_green,NO,with25-75,20-25,70,35,58.97142857142857,0.7714285714285715,0.8424489795918367,-4.971428571428573,-9.777777777777779,"-9.78,-4.67,-1.00,-4.00",4,10,-60.5,6.0
low<=30_close50-70_green,NO,with25-75,20-25,80,35,58.97142857142857,0.7142857142857143,0.7371428571428571,-1.8285714285714294,-20.88888888888889,"-20.89,3.11,7.75,3.78",6,10,-60.5,6.0
low<=30_close50-70_green,NO,with25-75,20-25,85,35,58.97142857142857,0.7142857142857143,0.693781512605042,1.7428571428571416,-18.666666666666668,"-18.67,7.00,12.12,7.67",8,10,-60.5,6.0
low<=30_close50-70_green,NO,with25-75,20-25,90,35,58.97142857142857,0.7142857142857143,0.6552380952380952,5.314285714285714,-16.444444444444443,"-16.44,10.89,16.50,11.56",8,10,-60.5,6.0
low<=30_close50-70_green,NO,with25-75,20-25,99,35,58.97142857142857,0.6,0.5956709956709957,0.4285714285714284,-12.444444444444446,"-12.44,6.89,12.00,-3.44",5,10,-60.5,6.0
low<=30_close50-70_green,NO,with25-75,25-30,60,58,61.05172413793103,0.9655172413793104,1.0175287356321838,-3.1206896551724146,-6.714285714285714,"-0.73,-6.71,-1.43,-3.73",1,10,-11.222222222222221,6.0
low<=30_close50-70_green,NO,with25-75,25-30,70,58,61.05172413793103,0.7931034482758621,0.8721674876847291,-5.5344827586206895,-11.428571428571429,"-9.40,-2.43,-11.43,0.93",4,10,-19.0,6.0
low<=30_close50-70_green,NO,with25-75,25-30,80,58,61.05172413793103,0.6206896551724138,0.7631465517241379,-11.39655172413793,-21.428571428571427,"-18.07,-11.00,-21.43,4.27",3,10,-45.0,6.0
low<=30_close50-70_green,NO,with25-75,25-30,85,58,61.05172413793103,0.6206896551724138,0.7182555780933063,-8.293103448275861,-18.928571428571427,"-15.40,-7.79,-18.93,8.27",4,10,-44.0,6.0
low<=30_close50-70_green,NO,with25-75,25-30,90,58,61.05172413793103,0.6206896551724138,0.678352490421456,-5.189655172413793,-16.428571428571427,"-12.73,-4.57,-16.43,12.27",5,10,-43.0,6.0
low<=30_close50-70_green,NO,with25-75,25-30,99,58,61.05172413793103,0.5862068965517241,0.6166840822013235,-3.0172413793103456,-14.533333333333333,"-14.53,-5.86,-11.93,19.47",6,10,-41.2,6.0
low<=30_close50-70_green,YES,against25-75,25-30,60,51,57.11764705882353,0.8823529411764706,0.9519607843137254,-4.176470588235293,-10.25,"-2.69,-2.92,-10.25,-1.31",5,9,-30.8,8.0
low<=30_close50-70_green,YES,against25-75,25-30,70,51,57.11764705882353,0.803921568627451,0.8159663865546218,-0.8431372549019608,-8.583333333333334,"1.15,0.92,-8.58,2.54",5,9,-26.8,8.0
low<=30_close50-70_green,YES,against25-75,25-30,80,51,57.11764705882353,0.7647058823529411,0.7139705882352941,4.0588235294117645,-8.583333333333334,"9.62,9.38,-8.58,4.85",6,9,-22.8,8.0
low<=30_close50-70_green,YES,against25-75,25-30,85,51,57.11764705882353,0.7450980392156863,0.6719723183391003,6.215686274509804,-5.666666666666667,"13.85,13.62,-5.67,2.15",7,9,-21.799999999999997,8.0
low<=30_close50-70_green,YES,against25-75,25-30,90,51,57.11764705882353,0.7254901960784313,0.634640522875817,8.176470588235293,-2.7499999999999996,"18.08,17.85,-2.75,-1.31",7,9,-37.8,8.0
low<=30_close50-70_green,YES,against25-75,25-30,99,51,57.11764705882353,0.7058823529411765,0.5769459298871064,12.764705882352942,2.5000000000000004,"18.08,25.46,2.50,4.23",7,9,-36.0,8.0
low<=30_close50-70_green,YES,flat,15-20,60,60,58.35,0.9,0.9725,-4.35,-9.399999999999999,"-9.40,-1.00,0.87,-7.87",4,10,-34.66666666666667,7.0
low<=30_close50-70_green,YES,flat,15-20,70,60,58.35,0.7833333333333333,0.8335714285714286,-3.516666666666667,-10.73333333333333,"-10.73,3.67,1.53,-8.53",4,10,-31.33333333333334,7.0
low<=30_close50-70_green,YES,flat,15-20,80,60,58.35,0.7166666666666667,0.729375,-1.0166666666666673,-9.399999999999999,"-9.40,7.00,4.87,-6.53",6,10,-28.000000000000004,7.0
low<=30_close50-70_green,YES,flat,15-20,85,60,58.35,0.7,0.6864705882352942,1.15,-12.066666666666665,"-12.07,11.00,8.87,-3.20",6,10,-26.33333333333334,7.0
low<=30_close50-70_green,YES,flat,15-20,90,60,58.35,0.6666666666666666,0.6483333333333333,1.65,-15.399999999999999,"-15.40,15.00,6.87,0.13",6,10,-24.66666666666667,7.0
low<=30_close50-70_green,YES,flat,15-20,99,60,58.35,0.6166666666666667,0.5893939393939394,2.7,-11.199999999999998,"-11.20,15.60,6.87,-0.47",6,10,-21.66666666666667,7.0
low<=30_close50-70_green,YES,flat,20-25,60,112,57.392857142857146,0.875,0.9565476190476191,-4.892857142857143,-10.107142857142858,"-10.11,-2.14,-3.21,-4.11",1,10,-28.375,7.0
low<=30_close50-70_green,YES,flat,20-25,70,112,57.392857142857146,0.8214285714285714,0.8198979591836735,0.10714285714285689,-7.250000000000001,"-7.25,4.64,0.71,2.32",6,10,-32.125,7.0
low<=30_close50-70_green,YES,flat,20-25,80,112,57.392857142857146,0.75,0.7174107142857143,2.607142857142857,-2.5,"-0.11,5.00,-2.50,8.04",6,10,-28.375,7.0
low<=30_close50-70_green,YES,flat,20-25,85,112,57.392857142857146,0.7232142857142857,0.6752100840336135,4.080357142857143,0.42857142857142755,"0.43,5.89,0.89,9.11",6,10,-26.5,7.0
low<=30_close50-70_green,YES,flat,20-25,90,112,57.392857142857146,0.6875,0.6376984126984128,4.482142857142857,-2.1428571428571432,"0.61,6.43,-2.14,13.04",6,10,-24.625,7.0
low<=30_close50-70_green,YES,flat,20-25,99,112,57.392857142857146,0.6607142857142857,0.5797258297258298,8.017857142857142,-0.21428571428571455,"6.39,9.32,-0.21,16.57",6,10,-21.25,7.0
low<=30_close50-70_green,YES,flat,25-30,60,155,57.458064516129035,0.8838709677419355,0.9576344086021505,-4.425806451612903,-15.578947368421053,"-1.36,-0.67,-15.58,-0.38",4,10,-20.192307692307693,7.0
low<=30_close50-70_green,YES,flat,25-30,70,155,57.458064516129035,0.7806451612903226,0.8208294930875576,-2.812903225806452,-17.68421052631579,"4.28,1.64,-17.68,0.13",4,10,-19.423076923076923,7.0
low<=30_close50-70_green,YES,flat,25-30,80,155,57.458064516129035,0.6838709677419355,0.7182258064516129,-2.7483870967741937,-11.894736842105264,"-3.41,-0.15,-11.89,4.23",4,10,-25.153846153846153,7.0
low<=30_close50-70_green,YES,flat,25-30,85,155,57.458064516129035,0.6580645161290323,0.6759772296015181,-1.5225806451612902,-9.0,"-2.26,1.26,-9.00,3.72",4,10,-23.23076923076923,7.0
low<=30_close50-70_green,YES,flat,25-30,90,155,57.458064516129035,0.6451612903225806,0.6384229390681004,0.6064516129032256,-8.473684210526315,"0.95,4.72,-8.47,5.00",4,10,-21.307692307692307,7.0
low<=30_close50-70_green,YES,flat,25-30,99,155,57.458064516129035,0.6258064516129033,0.5803844900619094,4.496774193548387,-3.5,"6.72,8.41,-3.50,6.15",5,10,-17.846153846153847,7.0
low<=30_close50-70_green,YES,with25-75,15-20,60,35,58.2,0.9428571428571428,0.9700000000000001,-1.6285714285714283,-6.874999999999998,"2.78,-4.44,-6.87,1.44",5,10,-14.250000000000002,6.0
low<=30_close50-70_green,YES,with25-75,15-20,70,35,58.2,0.7714285714285715,0.8314285714285715,-4.2,-15.625,"5.00,-11.11,-15.62,3.67",7,10,-41.75,6.0
low<=30_close50-70_green,YES,with25-75,15-20,80,35,58.2,0.7428571428571429,0.7275,1.2285714285714289,-13.333333333333336,"13.89,-13.33,-9.38,12.56",6,10,-39.25,6.0
low<=30_close50-70_green,YES,with25-75,15-20,85,35,58.2,0.7142857142857143,0.6847058823529412,2.5142857142857142,-16.875,"18.33,-10.56,-16.88,17.00",6,10,-38.0,6.0
low<=30_close50-70_green,YES,with25-75,15-20,90,35,58.2,0.6857142857142857,0.6466666666666667,3.5142857142857142,-25.625,"22.78,-7.78,-25.62,21.44",6,10,-36.75,6.0
low<=30_close50-70_green,YES,with25-75,15-20,99,35,58.2,0.5714285714285714,0.5878787878787879,-1.6285714285714286,-22.25,"19.78,-13.78,-22.25,7.44",5,10,-64.0,6.0
low<=30_close50-70_green,YES,with25-75,20-25,60,45,58.422222222222224,0.9333333333333333,0.9737037037037037,-2.422222222222223,-5.90909090909091,"-3.00,2.73,-5.91,-3.45",4,10,-15.250000000000004,6.0
low<=30_close50-70_green,YES,with25-75,20-25,70,45,58.422222222222224,0.7777777777777778,0.8346031746031747,-3.9777777777777783,-7.0909090909090935,"-5.50,0.00,-3.18,-7.09",4,10,-25.250000000000004,6.0
low<=30_close50-70_green,YES,with25-75,20-25,80,45,58.422222222222224,0.7111111111111111,0.7302777777777778,-1.5333333333333334,-11.333333333333334,"-11.33,8.18,5.00,-7.09",5,10,-40.25,6.0
low<=30_close50-70_green,YES,with25-75,20-25,85,45,58.422222222222224,0.6888888888888889,0.6873202614379085,0.13333333333333303,-15.5,"-15.50,12.27,9.09,-3.91",6,10,-39.25,6.0
low<=30_close50-70_green,YES,with25-75,20-25,90,45,58.422222222222224,0.6666666666666666,0.6491358024691358,1.5777777777777775,-13.0,"-13.00,16.36,5.00,-0.73",6,10,-38.0,6.0
low<=30_close50-70_green,YES,with25-75,20-25,99,45,58.422222222222224,0.6,0.5901234567901235,0.9777777777777774,-16.75,"-16.75,5.73,11.55,5.00",5,10,-35.75,6.0
low<=30_close50-70_green,YES,with25-75,25-30,60,72,62.40277777777778,0.9722222222222222,1.0400462962962964,-4.069444444444445,-5.944444444444445,"-3.33,-1.83,-5.94,-5.17",0,10,-15.8,6.0
low<=30_close50-70_green,YES,with25-75,25-30,70,72,62.40277777777778,0.8055555555555556,0.891468253968254,-6.013888888888889,-15.166666666666666,"-1.11,-7.39,-0.39,-15.17",5,10,-35.2,6.0
low<=30_close50-70_green,YES,with25-75,25-30,80,72,62.40277777777778,0.6944444444444444,0.7800347222222223,-6.847222222222222,-12.944444444444445,"-10.00,-12.94,4.06,-8.50",4,10,-31.2,6.0
low<=30_close50-70_green,YES,with25-75,25-30,85,72,62.40277777777778,0.6527777777777778,0.7341503267973857,-6.916666666666667,-14.61111111111111,"-6.67,-14.61,3.50,-9.89",4,10,-29.2,6.0
low<=30_close50-70_green,YES,with25-75,25-30,90,72,62.40277777777778,0.6388888888888888,0.6933641975308642,-4.902777777777778,-11.833333333333334,"-3.33,-11.83,2.39,-6.83",4,10,-27.2,6.0
low<=30_close50-70_green,YES,with25-75,25-30,99,72,62.40277777777778,0.5555555555555556,0.630331088664422,-7.402777777777778,-12.333333333333334,"-8.33,-12.33,3.39,-12.33",5,10,-43.4,6.0
low<=30_close55-75_green,NO,flat,15-20,60,58,63.91379310344828,0.9827586206896551,1.0652298850574713,-4.948275862068965,-8.142857142857144,"-3.13,-4.79,-8.14,-3.93",1,10,-10.714285714285719,8.0
low<=30_close55-75_green,NO,flat,15-20,70,58,63.91379310344828,0.9137931034482759,0.9130541871921183,0.051724137931033504,-4.785714285714287,"6.87,-4.79,-3.86,1.40",7,10,-12.142857142857148,8.0
low<=30_close55-75_green,NO,flat,15-20,80,58,63.91379310344828,0.7586206896551724,0.7989224137931035,-3.2241379310344827,-13.357142857142858,"-4.47,-13.36,-1.00,5.40",4,10,-23.125,8.0
low<=30_close55-75_green,NO,flat,15-20,85,58,63.91379310344828,0.7413793103448276,0.7519269776876268,-0.8965517241379315,-16.214285714285715,"-0.80,-16.21,2.93,9.73",4,10,-20.625,8.0
low<=30_close55-75_green,NO,flat,15-20,90,58,63.91379310344828,0.7068965517241379,0.7101532567049809,-0.29310344827586254,-13.357142857142858,"2.87,-13.36,0.43,8.07",6,10,-33.666666666666664,8.0
low<=30_close55-75_green,NO,flat,15-20,99,58,63.91379310344828,0.6724137931034483,0.6455938697318008,2.6551724137931028,-8.214285714285715,"2.87,-8.21,6.86,8.67",5,10,-30.666666666666668,8.0
low<=30_close55-75_green,NO,flat,20-25,60,77,62.98701298701299,0.948051948051948,1.0497835497835497,-6.103896103896107,-8.10526315789474,"-7.05,-8.11,-5.05,-4.16",2,10,-17.500000000000004,8.0
low<=30_close55-75_green,NO,flat,20-25,70,77,62.98701298701299,0.8701298701298701,0.8998144712430427,-2.07792207792208,-6.526315789473688,"1.95,-6.53,-6.11,2.16",5,10,-22.500000000000004,8.0
low<=30_close55-75_green,NO,flat,20-25,80,77,62.98701298701299,0.7402597402597403,0.7873376623376623,-3.7662337662337677,-7.052631578947372,"-1.05,-7.05,-1.89,-5.21",4,10,-17.500000000000004,8.0
low<=30_close55-75_green,NO,flat,20-25,85,77,62.98701298701299,0.7142857142857143,0.7410236822001528,-2.272727272727274,-8.10526315789474,"-1.55,-8.11,2.05,-1.53",5,10,-16.181818181818183,8.0
low<=30_close55-75_green,NO,flat,20-25,90,77,62.98701298701299,0.6883116883116883,0.6998556998556998,-1.0389610389610398,-4.9473684210526345,"-2.55,-4.95,1.26,2.16",4,10,-24.428571428571434,8.0
low<=30_close55-75_green,NO,flat,20-25,99,77,62.98701298701299,0.6233766233766234,0.6362324544142726,-1.2727272727272743,-6.842105263157895,"-1.65,0.74,2.68,-6.84",6,10,-22.444444444444443,8.0
low<=30_close55-75_green,NO,flat,25-30,60,118,63.09322033898305,0.9745762711864406,1.0515536723163843,-4.6186440677966125,-6.586206896551725,"-4.40,-6.59,-4.14,-3.40",0,10,-11.72727272727273,7.0
low<=30_close55-75_green,NO,flat,25-30,70,118,63.09322033898305,0.864406779661017,0.9013317191283293,-2.5847457627118655,-6.066666666666668,"-6.07,-4.52,-1.72,1.93",4,10,-16.666666666666668,7.0
low<=30_close55-75_green,NO,flat,25-30,80,118,63.09322033898305,0.7542372881355932,0.7886652542372882,-2.7542372881355943,-8.400000000000002,"-8.40,3.76,-1.38,-4.73",4,10,-16.666666666666668,7.0
low<=30_close55-75_green,NO,flat,25-30,85,118,63.09322033898305,0.6949152542372882,0.7422731804586241,-4.025423728813561,-10.566666666666668,"-10.57,4.97,-9.31,-1.07",4,10,-17.555555555555557,7.0
low<=30_close55-75_green,NO,flat,25-30,90,118,63.09322033898305,0.652542372881356,0.7010357815442562,-4.364406779661017,-10.400000000000002,"-10.40,-0.38,-6.21,-0.40",4,10,-24.77777777777778,7.0
low<=30_close55-75_green,NO,flat,25-30,99,118,63.09322033898305,0.5932203389830508,0.6373052559493237,-4.364406779661017,-11.600000000000001,"-11.60,5.83,-7.45,-4.00",4,10,-20.77777777777778,7.0
low<=30_close55-75_green,NO,with25-75,20-25,60,37,63.67567567567568,0.918918918918919,1.0612612612612613,-8.54054054054054,-11.200000000000001,"-11.20,-4.67,-9.67,-8.33",2,10,-20.75,6.0
low<=30_close55-75_green,NO,with25-75,20-25,70,37,63.67567567567568,0.8378378378378378,0.9096525096525097,-5.027027027027029,-16.2,"-16.20,5.33,-0.78,-7.22",5,10,-30.75,6.0
low<=30_close55-75_green,NO,with25-75,20-25,80,37,63.67567567567568,0.7837837837837838,0.7959459459459459,-0.9729729729729741,-17.2,"-17.20,6.44,8.11,0.56",7,10,-25.75,6.0
low<=30_close55-75_green,NO,with25-75,20-25,85,37,63.67567567567568,0.7567567567567568,0.7491255961844198,0.6486486486486482,-22.7,"-22.70,10.89,12.56,4.44",8,10,-23.25,6.0
low<=30_close55-75_green,NO,with25-75,20-25,90,37,63.67567567567568,0.7297297297297297,0.7075075075075076,1.9999999999999996,-20.2,"-20.20,15.33,17.00,-1.67",7,10,-20.75,6.0
low<=30_close55-75_green,NO,with25-75,20-25,99,37,63.67567567567568,0.5945945945945946,0.6431886431886432,-4.8108108108108105,-17.66666666666667,"-15.70,1.33,14.00,-17.67",5,10,-32.0,6.0
low<=30_close55-75_green,NO,with25-75,25-30,60,69,64.71014492753623,0.9710144927536232,1.0785024154589373,-6.449275362318842,-9.411764705882355,"-8.72,-5.18,-2.35,-9.41",0,10,-12.4,6.0
low<=30_close55-75_green,NO,with25-75,25-30,70,69,64.71014492753623,0.8260869565217391,0.9244306418219462,-6.884057971014493,-14.833333333333334,"-14.83,0.71,-12.94,-0.00",4,10,-17.4,6.0
low<=30_close55-75_green,NO,with25-75,25-30,80,69,64.71014492753623,0.6956521739130435,0.8088768115942029,-9.057971014492754,-18.11764705882353,"-16.50,-18.12,-5.88,4.71",3,10,-36.5,6.0
low<=30_close55-75_green,NO,with25-75,25-30,85,69,64.71014492753623,0.6811594202898551,0.7612958226768969,-6.811594202898551,-15.176470588235293,"-13.44,-15.18,-2.35,4.12",4,10,-34.833333333333336,6.0
low<=30_close55-75_green,NO,with25-75,25-30,90,69,64.71014492753623,0.6811594202898551,0.7190016103059581,-3.4057971014492754,-12.235294117647058,"-10.39,-12.24,1.18,8.24",6,10,-33.166666666666664,6.0
low<=30_close55-75_green,NO,with25-75,25-30,99,69,64.71014492753623,0.6521739130434783,0.6536378275508711,-0.14492753623188417,-12.764705882352942,"-10.39,-12.76,7.53,15.65",6,10,-30.166666666666668,6.0
low<=30_close55-75_green,YES,against25-75,25-30,60,37,60.648648648648646,0.972972972972973,1.0108108108108107,-2.2702702702702693,-7.222222222222222,"-1.00,0.00,-7.22,-1.00",2,9,-17.666666666666668,8.0
low<=30_close55-75_green,YES,against25-75,25-30,70,37,60.648648648648646,0.8648648648648649,0.8664092664092664,-0.10810810810810714,-13.88888888888889,"9.00,2.22,-13.89,1.22",5,9,-20.2,8.0
low<=30_close55-75_green,YES,against25-75,25-30,80,37,60.648648648648646,0.8108108108108109,0.758108108108108,4.216216216216216,-7.666666666666665,"19.00,11.11,-7.22,-7.67",4,9,-14.2,8.0
low<=30_close55-75_green,YES,against25-75,25-30,85,37,60.648648648648646,0.8108108108108109,0.7135135135135134,8.27027027027027,-4.333333333333332,"24.00,15.56,-3.89,-4.33",5,9,-11.2,8.0
low<=30_close55-75_green,YES,against25-75,25-30,90,37,60.648648648648646,0.7837837837837838,0.6738738738738739,9.891891891891891,-10.999999999999998,"29.00,20.00,-0.56,-11.00",6,9,-27.999999999999996,8.0
low<=30_close55-75_green,YES,against25-75,25-30,99,37,60.648648648648646,0.7567567567567568,0.6126126126126126,14.27027027027027,-5.999999999999998,"28.10,28.00,5.44,-6.00",7,9,-24.999999999999996,8.0
low<=30_close55-75_green,YES,flat,15-20,60,58,63.41379310344828,0.9655172413793104,1.056896551724138,-5.482758620689655,-8.866666666666667,"-6.00,-3.14,-3.64,-8.87",1,10,-20.66666666666667,8.0
low<=30_close55-75_green,YES,flat,15-20,70,58,63.41379310344828,0.8448275862068966,0.905911330049261,-4.275862068965518,-10.666666666666664,"-10.67,6.86,-3.64,-8.87",3,10,-19.375,8.0
low<=30_close55-75_green,YES,flat,15-20,80,58,63.41379310344828,0.7586206896551724,0.7926724137931035,-2.724137931034483,-8.666666666666664,"-8.67,-0.29,4.93,-6.20",4,10,-13.125,8.0
low<=30_close55-75_green,YES,flat,15-20,85,58,63.41379310344828,0.7413793103448276,0.7460446247464503,-0.39655172413793094,-10.999999999999998,"-11.00,3.64,9.21,-2.53",5,10,-18.833333333333332,8.0
low<=30_close55-75_green,YES,flat,15-20,90,58,63.41379310344828,0.7068965517241379,0.7045977011494253,0.20689655172413782,-13.999999999999998,"-14.00,7.57,7.07,1.13",7,10,-31.333333333333332,8.0
low<=30_close55-75_green,YES,flat,15-20,99,58,63.41379310344828,0.6551724137931034,0.6405433646812957,1.4482758620689655,-9.199999999999998,"-9.20,7.57,7.07,1.13",6,10,-28.333333333333332,8.0
low<=30_close55-75_green,YES,flat,20-25,60,101,62.20792079207921,0.9405940594059405,1.0367986798679867,-5.772277227722772,-7.72,"-6.85,-2.72,-5.76,-7.72",0,10,-19.142857142857142,7.0
low<=30_close55-75_green,YES,flat,20-25,70,101,62.20792079207921,0.900990099009901,0.8886845827439886,0.8613861386138612,-2.16,"-0.31,4.48,-2.16,1.48",8,10,-22.0,7.0
low<=30_close55-75_green,YES,flat,20-25,80,101,62.20792079207921,0.8118811881188119,0.7775990099009901,2.742574257425743,-0.16000000000000028,"8.54,1.28,-0.16,1.08",7,10,-16.285714285714285,7.0
low<=30_close55-75_green,YES,flat,20-25,85,101,62.20792079207921,0.7722772277227723,0.73185789167152,3.4356435643564356,-1.5199999999999998,"9.69,-1.52,3.64,1.68",5,10,-13.428571428571429,7.0
low<=30_close55-75_green,YES,flat,20-25,90,101,62.20792079207921,0.7326732673267327,0.6911991199119912,3.732673267326733,-3.36,"13.92,-1.52,-3.36,5.48",5,10,-10.571428571428571,7.0
low<=30_close55-75_green,YES,flat,20-25,99,101,62.20792079207921,0.7029702970297029,0.6283628362836283,7.3861386138613865,-1.5600000000000003,"21.54,0.64,-1.56,8.36",6,10,-6.999999999999999,7.0
low<=30_close55-75_green,YES,flat,25-30,60,131,61.54961832061068,0.9694656488549618,1.025826972010178,-3.381679389312978,-8.71875,"-3.18,-1.52,-8.72,-0.27",1,10,-12.777777777777779,7.0
low<=30_close55-75_green,YES,flat,25-30,70,131,61.54961832061068,0.8549618320610687,0.8792802617230098,-1.7022900763358786,-8.40625,"2.27,-0.00,-8.41,-0.88",4,10,-20.0,7.0
low<=30_close55-75_green,YES,flat,25-30,80,131,61.54961832061068,0.7404580152671756,0.7693702290076335,-2.312977099236642,-8.030303030303031,"-8.03,-0.91,-3.09,2.76",5,10,-17.333333333333332,7.0
low<=30_close55-75_green,YES,flat,25-30,85,131,61.54961832061068,0.7099236641221374,0.7241131567130669,-1.2061068702290085,-7.272727272727274,"-7.27,0.30,0.66,1.55",6,10,-23.571428571428573,7.0
low<=30_close55-75_green,YES,flat,25-30,90,131,61.54961832061068,0.6946564885496184,0.6838846480067854,0.9694656488549614,-4.090909090909093,"-4.09,3.94,1.59,2.45",6,10,-21.428571428571427,7.0
low<=30_close55-75_green,YES,flat,25-30,99,131,61.54961832061068,0.6717557251908397,0.6217133163698049,4.9541984732824424,1.636363636363635,"1.64,7.48,8.06,2.73",6,10,-17.571428571428573,7.0
low<=30_close55-75_green,YES,with25-75,15-20,60,34,63.8235294117647,0.9705882352941176,1.0637254901960784,-5.588235294117647,-11.749999999999998,"-2.67,-3.13,-11.75,-5.22",1,10,-13.0,7.0
low<=30_close55-75_green,YES,with25-75,15-20,70,34,63.8235294117647,0.8235294117647058,0.9117647058823529,-6.176470588235294,-20.5,"7.33,-10.63,-20.50,-3.00",6,10,-37.666666666666664,7.0
low<=30_close55-75_green,YES,with25-75,15-20,80,34,63.8235294117647,0.7647058823529411,0.7977941176470588,-2.6470588235294117,-23.125,"17.33,-23.12,-14.25,5.89",6,10,-34.333333333333336,7.0
low<=30_close55-75_green,YES,with25-75,15-20,85,34,63.8235294117647,0.7352941176470589,0.7508650519031141,-1.3235294117647058,-21.75,"22.33,-20.62,-21.75,10.33",6,10,-32.666666666666664,7.0
low<=30_close55-75_green,YES,with25-75,15-20,90,34,63.8235294117647,0.7058823529411765,0.7091503267973855,-0.2941176470588233,-30.5,"27.33,-18.12,-30.50,14.78",6,10,-31.0,7.0
low<=30_close55-75_green,YES,with25-75,15-20,99,34,63.8235294117647,0.5882352941176471,0.6446821152703506,-5.588235294117647,-27.125,"25.33,-26.00,-27.12,0.78",5,10,-67.5,7.0
low<=30_close55-75_green,YES,with25-75,20-25,60,44,63.06818181818182,0.9318181818181818,1.0511363636363638,-7.159090909090909,-10.363636363636365,"-5.27,-7.64,-5.36,-10.36",1,10,-18.333333333333336,6.0
low<=30_close55-75_green,YES,with25-75,20-25,70,44,63.06818181818182,0.7954545454545454,0.900974025974026,-7.386363636363637,-14.0,"-8.91,-4.91,-1.73,-14.00",3,10,-35.0,6.0
low<=30_close55-75_green,YES,with25-75,20-25,80,44,63.06818181818182,0.7272727272727273,0.7883522727272727,-4.886363636363637,-16.181818181818183,"-16.18,3.27,7.36,-14.00",4,10,-40.25,6.0
low<=30_close55-75_green,YES,with25-75,20-25,85,44,63.06818181818182,0.7045454545454546,0.7419786096256684,-3.1818181818181817,-21.181818181818183,"-21.18,7.36,11.91,-10.82",5,10,-39.25,6.0
low<=30_close55-75_green,YES,with25-75,20-25,90,44,63.06818181818182,0.6818181818181818,0.7007575757575758,-1.7045454545454546,-18.90909090909091,"-18.91,11.45,8.27,-7.64",6,10,-38.0,6.0
low<=30_close55-75_green,YES,with25-75,20-25,99,44,63.06818181818182,0.6136363636363636,0.6370523415977961,-2.3181818181818183,-23.818181818181817,"-23.82,0.82,15.64,-1.91",5,10,-58.333333333333336,6.0
low<=30_close55-75_green,YES,with25-75,25-30,60,97,66.01030927835052,0.979381443298969,1.100171821305842,-7.247422680412371,-7.916666666666667,"-6.28,-7.67,-7.17,-7.92",0,10,-14.25,6.0
low<=30_close55-75_green,YES,with25-75,25-30,70,97,66.01030927835052,0.865979381443299,0.9430044182621503,-5.391752577319588,-9.75,"-1.88,-9.75,-3.00,-7.08",3,10,-13.444444444444445,6.0
low<=30_close55-75_green,YES,with25-75,25-30,80,97,66.01030927835052,0.7835051546391752,0.8251288659793815,-3.329896907216495,-11.88,"-11.88,-8.50,6.17,1.25",4,10,-21.142857142857142,6.0
low<=30_close55-75_green,YES,with25-75,25-30,85,97,66.01030927835052,0.7216494845360825,0.7765918738629473,-4.670103092783505,-8.5,"-8.48,-8.50,3.67,-5.21",3,10,-18.285714285714285,6.0
low<=30_close55-75_green,YES,with25-75,25-30,90,97,66.01030927835052,0.6701030927835051,0.7334478808705613,-5.701030927835052,-9.166666666666666,"-8.68,-5.17,0.33,-9.17",4,10,-27.88888888888889,6.0
low<=30_close55-75_green,YES,with25-75,25-30,99,97,66.01030927835052,0.6185567010309279,0.6667708007914194,-4.77319587628866,-7.666666666666667,"-6.88,-3.29,-1.17,-7.67",3,10,-34.888888888888886,6.0
low<=35_close40-65_green,NO,against25-75,15-20,60,37,50.0,0.8378378378378378,0.8333333333333334,0.2702702702702691,-4.400000000000002,"-4.40,0.89,3.89,1.22",4,9,-11.000000000000004,8.0
low<=35_close40-65_green,NO,against25-75,15-20,70,37,50.0,0.8108108108108109,0.7142857142857143,6.756756756756757,2.000000000000001,"3.60,2.00,12.78,9.00",6,9,-6.0000000000000036,8.0
low<=35_close40-65_green,NO,against25-75,15-20,80,37,50.0,0.7027027027027027,0.625,6.216216216216216,-9.888888888888891,"11.60,9.78,12.78,-9.89",7,9,-41.0,8.0
low<=35_close40-65_green,NO,against25-75,15-20,85,37,50.0,0.5405405405405406,0.5882352941176471,-4.054054054054054,-24.11111111111111,"7.10,-24.11,7.22,-7.67",5,9,-41.0,8.0
low<=35_close40-65_green,NO,against25-75,15-20,90,37,50.0,0.5405405405405406,0.5555555555555556,-1.3513513513513522,-22.444444444444443,"10.60,-22.44,10.56,-5.44",5,9,-41.0,8.0
low<=35_close40-65_green,NO,against25-75,15-20,99,37,50.0,0.4864864864864865,0.5050505050505051,-1.8378378378378386,-19.444444444444443,"16.90,-19.44,5.56,-12.44",3,9,-41.0,8.0
low<=35_close40-65_green,NO,against25-75,20-25,60,47,48.59574468085106,0.7446808510638298,0.8099290780141843,-3.9148936170212774,-13.750000000000002,"-13.75,-3.92,6.27,-3.42",4,10,-19.75,8.0
low<=35_close40-65_green,NO,against25-75,20-25,70,47,48.59574468085106,0.7021276595744681,0.6942249240121581,0.5531914893617019,-7.916666666666669,"-7.92,-2.25,9.00,4.08",5,10,-14.750000000000002,8.0
low<=35_close40-65_green,NO,against25-75,20-25,80,47,48.59574468085106,0.6382978723404256,0.6074468085106383,2.4680851063829787,-8.750000000000002,"-8.75,4.42,17.18,-1.75",6,10,-32.8,8.0
low<=35_close40-65_green,NO,against25-75,20-25,85,47,48.59574468085106,0.6382978723404256,0.5717146433041301,5.659574468085107,-6.250000000000003,"-6.25,7.75,21.27,1.17",6,10,-31.799999999999994,8.0
low<=35_close40-65_green,NO,against25-75,20-25,90,47,48.59574468085106,0.5319148936170213,0.5399527186761229,-0.7234042553191492,-11.250000000000002,"-11.25,3.58,17.18,-10.92",5,10,-61.0,8.0
low<=35_close40-65_green,NO,against25-75,20-25,99,47,48.59574468085106,0.44680851063829785,0.4908661078873845,-4.361702127659575,-15.750000000000002,"-15.75,0.58,5.73,-7.17",5,10,-61.0,8.0
low<=35_close40-65_green,NO,against25-75,25-30,60,37,48.45945945945946,0.7297297297297297,0.8076576576576576,-4.675675675675675,-14.333333333333334,"-13.40,-14.33,8.22,1.78",4,9,-12.000000000000002,7.0
low<=35_close40-65_green,NO,against25-75,25-30,70,37,48.45945945945946,0.6756756756756757,0.6922779922779922,-1.162162162162163,-8.777777777777779,"-7.40,-8.78,9.33,2.89",4,9,-15.0,7.0
low<=35_close40-65_green,NO,against25-75,25-30,80,37,48.45945945945946,0.5405405405405406,0.6057432432432432,-5.216216216216217,-21.0,"-9.40,-21.00,8.22,1.78",4,9,-32.0,7.0
low<=35_close40-65_green,NO,against25-75,25-30,85,37,48.45945945945946,0.5135135135135135,0.5701112877583466,-4.8108108108108105,-19.333333333333332,"-6.90,-19.33,2.11,5.11",5,9,-31.0,7.0
low<=35_close40-65_green,NO,against25-75,25-30,90,37,48.45945945945946,0.4864864864864865,0.5384384384384384,-4.675675675675675,-17.666666666666668,"-4.40,-17.67,-5.11,8.44",4,9,-30.0,7.0
low<=35_close40-65_green,NO,against25-75,25-30,99,37,48.45945945945946,0.40540540540540543,0.4894894894894895,-8.324324324324325,-19.7,"-19.70,-14.67,-1.11,3.44",2,9,-59.00000000000001,7.0
low<=35_close40-65_green,NO,against25-75,30-35,60,62,48.854838709677416,0.7419354838709677,0.814247311827957,-4.338709677419355,-9.937500000000002,"-9.94,-7.27,-1.53,1.37",3,10,-26.4,7.0
low<=35_close40-65_green,NO,against25-75,30-35,70,62,48.854838709677416,0.6451612903225806,0.697926267281106,-3.693548387096774,-9.933333333333334,"-7.44,-9.93,1.80,0.75",4,10,-22.4,7.0
low<=35_close40-65_green,NO,against25-75,30-35,80,62,48.854838709677416,0.5645161290322581,0.6106854838709677,-3.693548387096775,-9.933333333333334,"-1.19,-9.93,-6.87,2.62",3,10,-22.714285714285715,7.0
low<=35_close40-65_green,NO,against25-75,30-35,85,62,48.854838709677416,0.532258064516129,0.5747628083491461,-3.6129032258064524,-7.6,"-3.38,-7.60,-4.20,0.44",3,10,-21.285714285714285,7.0
low<=35_close40-65_green,NO,against25-75,30-35,90,62,48.854838709677416,0.5,0.542831541218638,-3.8548387096774204,-7.533333333333335,"-6.19,-5.27,-7.53,3.25",2,10,-19.857142857142858,7.0
low<=35_close40-65_green,NO,against25-75,30-35,99,62,48.854838709677416,0.46774193548387094,0.49348321928967087,-2.5483870967741944,-7.875000000000002,"-7.88,-7.67,-3.33,8.31",3,10,-31.428571428571427,7.0
low<=35_close40-65_green,NO,flat,15-20,60,99,48.61616161616162,0.6868686868686869,0.8102693602693604,-7.404040404040404,-12.52,"-7.64,-4.48,-4.88,-12.52",2,10,-16.466666666666665,7.0
low<=35_close40-65_green,NO,flat,15-20,70,99,48.61616161616162,0.6262626262626263,0.6945165945165945,-4.777777777777778,-9.319999999999999,"-3.24,-2.88,-3.63,-9.32",2,10,-16.466666666666665,7.0
low<=35_close40-65_green,NO,flat,15-20,80,99,48.61616161616162,0.5050505050505051,0.6077020202020202,-8.212121212121213,-10.708333333333336,"-6.04,-9.28,-10.71,-6.92",2,10,-23.133333333333333,7.0
low<=35_close40-65_green,NO,flat,15-20,85,99,48.61616161616162,0.48484848484848486,0.5719548425430778,-7.404040404040404,-10.28,"-3.24,-10.28,-8.42,-7.72",3,10,-21.8,7.0
low<=35_close40-65_green,NO,flat,15-20,90,99,48.61616161616162,0.46464646464646464,0.5401795735129069,-6.797979797979798,-11.68,"-0.44,-11.68,-9.88,-5.32",4,10,-20.466666666666665,7.0
low<=35_close40-65_green,NO,flat,15-20,99,99,48.61616161616162,0.4444444444444444,0.4910723395571881,-4.616161616161616,-12.04,"0.64,-12.04,-6.13,-1.00",4,10,-18.066666666666666,7.0
low<=35_close40-65_green,NO,flat,20-25,60,118,49.11864406779661,0.7542372881355932,0.8186440677966101,-3.8644067796610178,-7.724137931034486,"-1.60,-7.72,-4.55,-1.73",3,10,-15.230769230769228,7.0
low<=35_close40-65_green,NO,flat,20-25,70,118,49.11864406779661,0.7033898305084746,0.7016949152542372,0.11864406779660969,-8.068965517241383,"6.40,-8.07,0.28,1.60",6,10,-15.230769230769228,7.0
low<=35_close40-65_green,NO,flat,20-25,80,118,49.11864406779661,0.6186440677966102,0.6139830508474576,0.3728813559322019,-7.724137931034486,"9.07,-7.72,-1.10,0.93",6,10,-16.769230769230766,7.0
low<=35_close40-65_green,NO,flat,20-25,85,118,49.11864406779661,0.5847457627118644,0.5778664007976072,0.5847457627118627,-11.000000000000004,"9.90,-11.00,-1.10,4.10",5,10,-14.846153846153843,7.0
low<=35_close40-65_green,NO,flat,20-25,90,118,49.11864406779661,0.5423728813559322,0.5457627118644067,-0.30508474576271233,-8.758620689655176,"10.40,-8.76,-4.55,1.27",5,10,-26.76923076923077,7.0
low<=35_close40-65_green,NO,flat,20-25,99,118,49.11864406779661,0.4830508474576271,0.4961479198767334,-1.2966101694915255,-8.137931034482762,"9.80,-8.14,-3.62,-3.53",5,10,-24.692307692307693,7.0
low<=35_close40-65_green,NO,flat,25-30,60,143,50.53846153846154,0.7902097902097902,0.8423076923076923,-3.1258741258741267,-5.571428571428573,"-4.00,1.25,-5.57,-4.25",3,10,-7.26923076923077,6.0
low<=35_close40-65_green,NO,flat,25-30,70,143,50.53846153846154,0.6993006993006993,0.721978021978022,-1.587412587412588,-7.6111111111111125,"-7.61,1.81,-1.86,1.31",4,10,-15.5,6.0
low<=35_close40-65_green,NO,flat,25-30,80,143,50.53846153846154,0.6153846153846154,0.6317307692307692,-1.3076923076923084,-6.142857142857144,"-5.67,2.36,-6.14,4.08",4,10,-17.454545454545453,6.0
low<=35_close40-65_green,NO,flat,25-30,85,143,50.53846153846154,0.5734265734265734,0.5945701357466063,-1.797202797202798,-10.571428571428573,"-7.47,3.19,-10.57,7.42",5,10,-19.714285714285715,6.0
low<=35_close40-65_green,NO,flat,25-30,90,143,50.53846153846154,0.5594405594405595,0.5615384615384615,-0.18881118881118922,-8.142857142857144,"-7.33,6.25,-8.14,8.25",5,10,-30.428571428571427,6.0
low<=35_close40-65_green,NO,flat,25-30,99,143,50.53846153846154,0.5104895104895105,0.5104895104895105,-3.9750642560005605e-16,-9.42857142857143,"-8.33,11.75,-9.43,5.75",4,10,-27.857142857142858,6.0
low<=35_close40-65_green,NO,flat,30-35,60,230,51.982608695652175,0.8,0.8663768115942029,-3.9826086956521753,-8.982758620689657,"-3.31,-2.25,-1.32,-8.98",3,10,-11.750000000000002,6.0
low<=35_close40-65_green,NO,flat,30-35,70,230,51.982608695652175,0.7043478260869566,0.7426086956521739,-2.6782608695652184,-8.982758620689657,"-3.66,2.32,-0.26,-8.98",4,10,-12.861111111111112,6.0
low<=35_close40-65_green,NO,flat,30-35,80,230,51.982608695652175,0.6086956521739131,0.6497826086956522,-3.286956521739131,-12.431034482758623,"-3.66,3.02,0.09,-12.43",4,10,-12.65625,6.0
low<=35_close40-65_green,NO,flat,30-35,85,230,51.982608695652175,0.5956521739130435,0.6115601023017903,-1.3521739130434787,-9.931034482758623,"-2.10,4.95,1.84,-9.93",4,10,-10.210526315789474,6.0
low<=35_close40-65_green,NO,flat,30-35,90,230,51.982608695652175,0.5652173913043478,0.577584541062802,-1.1130434782608702,-7.431034482758623,"-2.28,5.12,0.26,-7.43",4,10,-10.46875,6.0
low<=35_close40-65_green,NO,flat,30-35,99,230,51.982608695652175,0.508695652173913,0.5250768555116382,-1.621739130434783,-9.758620689655174,"-0.72,3.86,0.26,-9.76",4,10,-18.625,6.0
low<=35_close40-65_green,NO,with25-75,20-25,60,33,55.90909090909091,0.8181818181818182,0.9318181818181818,-6.81818181818182,-12.333333333333336,"-12.33,-5.50,-4.13,-4.63",5,10,-34.333333333333336,6.0
low<=35_close40-65_green,NO,with25-75,20-25,70,33,55.90909090909091,0.7272727272727273,0.7987012987012987,-5.000000000000002,-13.444444444444448,"-13.44,-5.50,-4.13,4.12",4,10,-54.333333333333336,6.0
low<=35_close40-65_green,NO,with25-75,20-25,80,33,55.90909090909091,0.696969696969697,0.6988636363636364,-0.15151515151515302,-16.777777777777782,"-16.78,2.00,3.37,12.87",6,10,-54.333333333333336,6.0
low<=35_close40-65_green,NO,with25-75,20-25,85,33,55.90909090909091,0.696969696969697,0.6577540106951871,3.3333333333333317,-14.555555555555559,"-14.56,5.75,7.12,17.25",7,10,-54.333333333333336,6.0
low<=35_close40-65_green,NO,with25-75,20-25,90,33,55.90909090909091,0.696969696969697,0.6212121212121212,6.818181818181817,-12.333333333333336,"-12.33,9.50,10.87,21.62",8,10,-54.333333333333336,6.0
low<=35_close40-65_green,NO,with25-75,20-25,99,33,55.90909090909091,0.5757575757575758,0.5647382920110192,1.0909090909090906,-8.333333333333336,"-8.33,3.87,5.25,4.75",6,10,-54.333333333333336,6.0
low<=35_close40-65_green,NO,with25-75,25-30,60,43,56.72093023255814,0.9069767441860465,0.9453488372093023,-2.3023255813953507,-7.900000000000001,"-1.00,2.45,-7.90,-3.27",5,10,-10.500000000000004,6.0
low<=35_close40-65_green,NO,with25-75,25-30,70,43,56.72093023255814,0.7674418604651163,0.8102990033222591,-3.0000000000000004,-13.9,"-4.64,-0.27,-13.90,5.82",5,10,-20.500000000000004,6.0
low<=35_close40-65_green,NO,with25-75,25-30,80,43,56.72093023255814,0.5813953488372093,0.7090116279069767,-10.209302325581396,-28.45454545454546,"-11.91,-28.45,-7.90,7.64",3,10,-39.75,6.0
low<=35_close40-65_green,NO,with25-75,25-30,85,43,56.72093023255814,0.5813953488372093,0.6673050615595075,-7.3023255813953485,-26.63636363636364,"-9.18,-26.64,-4.90,11.73",3,10,-38.5,6.0
low<=35_close40-65_green,NO,with25-75,25-30,90,43,56.72093023255814,0.5813953488372093,0.6302325581395348,-4.395348837209302,-24.818181818181824,"-6.45,-24.82,-1.90,15.82",5,10,-37.25,6.0
low<=35_close40-65_green,NO,with25-75,25-30,99,43,56.72093023255814,0.5348837209302325,0.572938689217759,-3.7674418604651163,-30.54545454545455,"-10.55,-30.55,3.50,23.18",6,10,-55.5,6.0
low<=35_close40-65_green,NO,with25-75,30-35,60,36,57.22222222222222,0.9444444444444444,0.9537037037037037,-0.5555555555555574,-9.66666666666667,"4.00,-9.67,3.78,-0.33",4,10,-22.5,6.0
low<=35_close40-65_green,NO,with25-75,30-35,70,36,57.22222222222222,0.75,0.8174603174603174,-4.722222222222224,-29.22222222222222,"14.00,-1.89,-1.78,-29.22",4,10,-62.0,6.0
low<=35_close40-65_green,NO,with25-75,30-35,80,36,57.22222222222222,0.7222222222222222,0.7152777777777778,0.5555555555555538,-24.77777777777778,"24.00,5.89,-2.89,-24.78",4,10,-62.0,6.0
low<=35_close40-65_green,NO,with25-75,30-35,85,36,57.22222222222222,0.6666666666666666,0.6732026143790849,-0.5555555555555569,-22.555555555555557,"29.00,0.33,-9.00,-22.56",4,10,-62.0,6.0
low<=35_close40-65_green,NO,with25-75,30-35,90,36,57.22222222222222,0.6388888888888888,0.6358024691358024,0.27777777777777657,-30.333333333333332,"34.00,3.67,-6.22,-30.33",4,10,-62.0,6.0
low<=35_close40-65_green,NO,with25-75,30-35,99,36,57.22222222222222,0.5555555555555556,0.5780022446689114,-2.222222222222223,-27.333333333333332,"43.00,-1.33,-23.22,-27.33",3,10,-62.0,6.0
low<=35_close40-65_green,YES,against25-75,<=15,60,30,48.03333333333333,0.7333333333333333,0.8005555555555556,-4.033333333333333,-12.142857142857142,"-7.25,-12.14,3.57,-0.38",4,10,-46.0,8.0
low<=35_close40-65_green,YES,against25-75,<=15,70,30,48.03333333333333,0.7,0.6861904761904761,0.9666666666666665,-16.428571428571427,"-1.00,-16.43,12.14,8.38",4,10,-46.0,8.0
low<=35_close40-65_green,YES,against25-75,<=15,80,30,48.03333333333333,0.5333333333333333,0.6004166666666666,-5.366666666666666,-14.75,"-14.75,-12.14,9.29,-2.88",4,10,-53.5,8.0
low<=35_close40-65_green,YES,against25-75,<=15,85,30,48.03333333333333,0.4666666666666667,0.5650980392156862,-8.366666666666667,-12.875,"-12.88,-10.00,-11.43,0.25",4,10,-53.5,8.0
low<=35_close40-65_green,YES,against25-75,<=15,90,30,48.03333333333333,0.43333333333333335,0.5337037037037037,-9.033333333333333,-11.0,"-11.00,-7.86,-9.29,-7.88",3,10,-53.5,8.0
low<=35_close40-65_green,YES,against25-75,<=15,99,30,48.03333333333333,0.36666666666666664,0.48518518518518516,-11.733333333333333,-19.571428571428573,"-7.62,-4.00,-19.57,-15.75",4,10,-61.0,8.0
low<=35_close40-65_green,YES,against25-75,20-25,60,48,48.583333333333336,0.7708333333333334,0.8097222222222222,-2.333333333333333,-5.75,"-5.08,-2.67,4.17,-5.75",2,9,-18.0,8.0
low<=35_close40-65_green,YES,against25-75,20-25,70,48,48.583333333333336,0.6875,0.6940476190476191,-0.45833333333333304,-9.916666666666666,"-4.25,4.83,7.50,-9.92",5,9,-48.0,8.0
low<=35_close40-65_green,YES,against25-75,20-25,80,48,48.583333333333336,0.5833333333333334,0.6072916666666667,-1.9166666666666667,-5.083333333333333,"-5.08,-1.00,2.50,-4.08",5,9,-48.0,8.0
low<=35_close40-65_green,YES,against25-75,20-25,85,48,48.583333333333336,0.5625,0.5715686274509805,-0.7708333333333334,-5.166666666666665,"-2.58,-5.17,5.83,-1.17",4,9,-48.0,8.0
low<=35_close40-65_green,YES,against25-75,20-25,90,48,48.583333333333336,0.5416666666666666,0.5398148148148149,0.16666666666666652,-7.583333333333333,"-7.58,-2.67,9.17,1.75",4,9,-48.0,8.0
low<=35_close40-65_green,YES,against25-75,20-25,99,48,48.583333333333336,0.4791666666666667,0.49074074074074076,-1.1458333333333333,-9.5,"-3.83,-6.42,15.17,-9.50",4,9,-48.0,8.0
low<=35_close40-65_green,YES,against25-75,25-30,60,68,49.705882352941174,0.7941176470588235,0.8284313725490196,-2.0588235294117645,-11.294117647058824,"0.88,-11.29,-5.47,7.65",6,9,-21.727272727272727,7.0
low<=35_close40-65_green,YES,against25-75,25-30,70,68,49.705882352941174,0.6764705882352942,0.7100840336134453,-2.3529411764705883,-10.176470588235293,"0.88,-8.94,-10.18,8.82",4,9,-22.125,7.0
low<=35_close40-65_green,YES,against25-75,25-30,80,68,49.705882352941174,0.6617647058823529,0.6213235294117647,3.235294117647059,-4.294117647058823,"7.94,-3.06,-4.29,12.35",5,9,-18.375,7.0
low<=35_close40-65_green,YES,against25-75,25-30,85,68,49.705882352941174,0.6323529411764706,0.5847750865051903,4.044117647058823,-6.352941176470588,"11.47,-0.12,-6.35,11.18",6,9,-27.125,7.0
low<=35_close40-65_green,YES,against25-75,25-30,90,68,49.705882352941174,0.6176470588235294,0.5522875816993463,5.882352941176471,-3.705882352941176,"15.00,2.82,-3.71,9.41",6,9,-25.875,7.0
low<=35_close40-65_green,YES,against25-75,25-30,99,68,49.705882352941174,0.6029411764705882,0.5020796197266785,9.985294117647058,1.0588235294117652,"21.35,2.29,1.06,15.24",6,9,-23.625,7.0
low<=35_close40-65_green,YES,against25-75,30-35,60,51,48.72549019607843,0.7647058823529411,0.8120915032679739,-2.843137254901961,-10.846153846153847,"-0.92,0.92,-0.33,-10.85",5,9,-25.2,7.0
low<=35_close40-65_green,YES,against25-75,30-35,70,51,48.72549019607843,0.6862745098039216,0.696078431372549,-0.6862745098039215,-10.076923076923077,"1.38,4.00,2.17,-10.08",4,9,-21.2,7.0
low<=35_close40-65_green,YES,against25-75,30-35,80,51,48.72549019607843,0.6470588235294118,0.6090686274509804,3.0392156862745097,-4.6923076923076925,"8.31,5.54,3.00,-4.69",7,9,-17.714285714285715,7.0
low<=35_close40-65_green,YES,against25-75,30-35,85,51,48.72549019607843,0.6274509803921569,0.5732410611303345,4.607843137254902,-2.0000000000000004,"11.77,2.46,6.33,-2.00",7,9,-27.714285714285715,7.0
low<=35_close40-65_green,YES,against25-75,30-35,90,51,48.72549019607843,0.5882352941176471,0.5413943355119826,4.215686274509804,-6.230769230769231,"8.31,5.54,9.67,-6.23",5,9,-26.285714285714285,7.0
low<=35_close40-65_green,YES,against25-75,30-35,99,51,48.72549019607843,0.5686274509803921,0.4921766686472569,7.568627450980392,-9.692307692307692,"13.85,11.08,15.67,-9.69",5,9,-23.714285714285715,7.0
low<=35_close40-65_green,YES,flat,<=15,60,40,46.225,0.725,0.7704166666666666,-2.725,-12.3,"2.30,9.50,-12.30,-10.40",5,10,-46.0,7.0
low<=35_close40-65_green,YES,flat,<=15,70,40,46.225,0.675,0.6603571428571429,1.025,-6.3,"10.30,4.50,-6.30,-4.40",3,10,-46.0,7.0
low<=35_close40-65_green,YES,flat,<=15,80,40,46.225,0.55,0.5778125000000001,-2.225,-16.3,"10.30,3.50,-16.30,-6.40",5,10,-46.0,7.0
low<=35_close40-65_green,YES,flat,<=15,85,40,46.225,0.5,0.5438235294117647,-3.725,-22.8,"13.80,-2.00,-22.80,-3.90",4,10,-46.0,7.0
low<=35_close40-65_green,YES,flat,<=15,90,40,46.225,0.475,0.5136111111111111,-3.475,-21.3,"17.30,-8.50,-21.30,-1.40",3,10,-46.0,7.0
low<=35_close40-65_green,YES,flat,<=15,99,40,46.225,0.4,0.46691919191919196,-6.625,-18.6,"3.80,-14.80,-18.60,3.10",3,10,-46.0,7.0
low<=35_close40-65_green,YES,flat,15-20,60,85,48.38823529411765,0.7411764705882353,0.8064705882352942,-3.9176470588235293,-9.09090909090909,"-9.09,-4.81,-1.19,-0.33",3,10,-13.000000000000004,7.0
low<=35_close40-65_green,YES,flat,15-20,70,85,48.38823529411765,0.6470588235294118,0.6912605042016807,-3.0941176470588236,-8.636363636363635,"-8.64,-4.33,-0.24,1.10",3,10,-21.000000000000004,7.0
low<=35_close40-65_green,YES,flat,15-20,80,85,48.38823529411765,0.5764705882352941,0.6048529411764706,-2.2705882352941176,-6.363636363636362,"-6.36,-1.95,-1.19,0.62",4,10,-17.000000000000004,7.0
low<=35_close40-65_green,YES,flat,15-20,85,85,48.38823529411765,0.5529411764705883,0.5692733564013841,-1.388235294117647,-7.499999999999999,"-7.50,-3.14,1.67,3.71",4,10,-17.0,7.0
low<=35_close40-65_green,YES,flat,15-20,90,85,48.38823529411765,0.5176470588235295,0.5376470588235295,-1.8,-13.181818181818182,"-13.18,-0.52,0.24,6.81",3,10,-16.272727272727273,7.0
low<=35_close40-65_green,YES,flat,15-20,99,85,48.38823529411765,0.49411764705882355,0.48877005347593583,0.5294117647058822,-9.499999999999998,"-9.50,4.19,0.24,7.67",4,10,-16.6,7.0
low<=35_close40-65_green,YES,flat,20-25,60,145,50.90344827586207,0.7655172413793103,0.8483908045977011,-4.972413793103448,-6.297297297297298,"-6.30,-3.14,-4.64,-5.78",2,10,-25.125,6.0
low<=35_close40-65_green,YES,flat,20-25,70,145,50.90344827586207,0.7241379310344828,0.727192118226601,-0.2137931034482757,-2.5135135135135145,"-2.51,2.69,-0.75,-0.22",7,10,-28.875,6.0
low<=35_close40-65_green,YES,flat,20-25,80,145,50.90344827586207,0.6620689655172414,0.6362931034482758,2.0620689655172413,-2.4166666666666665,"2.35,5.75,-2.42,2.56",7,10,-25.125,6.0
low<=35_close40-65_green,YES,flat,20-25,85,145,50.90344827586207,0.6275862068965518,0.5988640973630831,2.4413793103448276,-1.7222222222222223,"3.43,6.86,-1.72,1.17",6,10,-23.25,6.0
low<=35_close40-65_green,YES,flat,20-25,90,145,50.90344827586207,0.5793103448275863,0.5655938697318008,1.2344827586206897,-3.8055555555555554,"-0.62,5.19,-3.81,4.22",6,10,-32.625,6.0
low<=35_close40-65_green,YES,flat,20-25,99,145,50.90344827586207,0.5517241379310345,0.5141762452107279,3.717241379310345,-1.8055555555555556,"4.49,7.94,-1.81,4.22",6,10,-30.375,6.0
low<=35_close40-65_green,YES,flat,25-30,60,174,50.37356321839081,0.7758620689655172,0.8395593869731801,-3.82183908045977,-7.545454545454546,"-4.50,3.35,-6.49,-7.55",2,10,-12.0,6.0
low<=35_close40-65_green,YES,flat,25-30,70,174,50.37356321839081,0.6896551724137931,0.7196223316912972,-2.0977011494252875,-8.813953488372093,"-1.77,7.53,-8.81,-5.27",4,10,-16.23076923076923,6.0
low<=35_close40-65_green,YES,flat,25-30,80,174,50.37356321839081,0.5862068965517241,0.6296695402298851,-3.4770114942528734,-9.500000000000002,"-9.50,2.88,-4.63,-2.55",4,10,-22.583333333333332,6.0
low<=35_close40-65_green,YES,flat,25-30,85,174,50.37356321839081,0.5632183908045977,0.59263015551048,-2.5,-8.931818181818183,"-8.93,4.28,-1.72,-3.45",4,10,-20.916666666666668,6.0
low<=35_close40-65_green,YES,flat,25-30,90,174,50.37356321839081,0.5517241379310345,0.55970625798212,-0.7183908045977011,-6.545454545454547,"-6.55,5.44,-0.91,-0.73",4,10,-19.25,6.0
low<=35_close40-65_green,YES,flat,25-30,99,174,50.37356321839081,0.5287356321839081,0.5088238708928364,1.971264367816092,-4.500000000000001,"-4.50,8.79,4.12,-0.32",4,10,-16.25,6.0
low<=35_close40-65_green,YES,flat,30-35,60,181,52.52486187845304,0.7900552486187845,0.875414364640884,-5.121546961325967,-5.955555555555556,"-4.41,-4.71,-5.42,-5.96",2,10,-12.53846153846154,6.0
low<=35_close40-65_green,YES,flat,30-35,70,181,52.52486187845304,0.6629834254143646,0.7503551696921863,-6.116022099447513,-8.933333333333334,"-7.02,-8.93,-8.53,0.04",2,10,-13.791666666666666,6.0
low<=35_close40-65_green,YES,flat,30-35,80,181,52.52486187845304,0.56353591160221,0.656560773480663,-7.441988950276243,-13.155555555555555,"-7.46,-13.16,-7.64,-1.51",1,10,-19.045454545454547,6.0
low<=35_close40-65_green,YES,flat,30-35,85,181,52.52486187845304,0.5414364640883977,0.6179395515112122,-6.502762430939226,-10.6,"-6.48,-10.60,-10.53,1.60",3,10,-17.0,6.0
low<=35_close40-65_green,YES,flat,30-35,90,181,52.52486187845304,0.49171270718232046,0.583609576427256,-8.2707182320442,-12.088888888888889,"-9.63,-8.04,-12.09,-3.29",1,10,-15.875,6.0
low<=35_close40-65_green,YES,flat,30-35,99,181,52.52486187845304,0.430939226519337,0.5305541603884145,-9.861878453038674,-14.688888888888888,"-7.48,-3.44,-14.69,-13.89",1,10,-18.6875,6.0
low<=35_close40-65_green,YES,with25-75,15-20,60,33,51.696969696969695,0.8484848484848485,0.8616161616161616,-0.7878787878787874,-2.3333333333333335,"-2.33,-0.25,-1.00,0.63",5,10,-16.333333333333336,6.0
low<=35_close40-65_green,YES,with25-75,15-20,70,33,51.696969696969695,0.7575757575757576,0.7385281385281385,1.3333333333333335,-2.3333333333333335,"-2.33,-0.25,-1.00,9.38",6,10,-54.0,6.0
low<=35_close40-65_green,YES,with25-75,15-20,80,33,51.696969696969695,0.696969696969697,0.6462121212121212,4.0606060606060606,-12.75,"4.33,-12.75,6.50,18.12",5,10,-54.0,6.0
low<=35_close40-65_green,YES,with25-75,15-20,85,33,51.696969696969695,0.6666666666666666,0.6081996434937611,4.96969696969697,-10.25,"7.67,-10.25,-0.37,22.50",5,10,-54.0,6.0
low<=35_close40-65_green,YES,with25-75,15-20,90,33,51.696969696969695,0.6363636363636364,0.5744107744107744,5.575757575757576,-8.5,"11.00,-7.75,-8.50,26.88",5,10,-54.0,6.0
low<=35_close40-65_green,YES,with25-75,15-20,99,33,51.696969696969695,0.5454545454545454,0.5221916131007039,2.303030303030303,-15.625,"6.00,-15.62,-4.00,22.38",4,10,-54.0,6.0
low<=35_close40-65_green,YES,with25-75,20-25,60,40,53.675,0.9,0.8945833333333333,0.32499999999999946,-13.4,"-13.40,5.90,-0.70,9.50",8,10,-22.5,6.0
low<=35_close40-65_green,YES,with25-75,20-25,70,40,53.675,0.7,0.7667857142857143,-4.675,-20.4,"-20.40,8.90,-5.70,-1.50",5,10,-29.166666666666668,6.0
low<=35_close40-65_green,YES,with25-75,20-25,80,40,53.675,0.65,0.6709375,-1.6750000000000007,-31.4,"-31.40,17.90,1.30,5.50",4,10,-31.666666666666668,6.0
low<=35_close40-65_green,YES,with25-75,20-25,85,40,53.675,0.65,0.6314705882352941,1.5749999999999997,-29.9,"-29.90,22.40,4.80,9.00",6,10,-30.0,6.0
low<=35_close40-65_green,YES,with25-75,20-25,90,40,53.675,0.65,0.5963888888888889,4.825,-28.4,"-28.40,26.90,8.30,12.50",6,10,-28.333333333333332,6.0
low<=35_close40-65_green,YES,with25-75,20-25,99,40,53.675,0.575,0.5421717171717172,3.25,-25.7,"-25.70,15.20,4.70,18.80",5,10,-32.0,6.0
low<=35_close40-65_green,YES,with25-75,25-30,60,51,56.90196078431372,0.9215686274509803,0.9483660130718954,-1.6078431372549014,-5.083333333333333,"1.69,-1.38,-5.08,-1.92",5,10,-29.0,6.0
low<=35_close40-65_green,YES,with25-75,25-30,70,51,56.90196078431372,0.7843137254901961,0.8128851540616246,-2.0,-8.846153846153847,"0.92,-2.92,3.25,-8.85",4,10,-25.75,6.0
low<=35_close40-65_green,YES,with25-75,25-30,80,51,56.90196078431372,0.6470588235294118,0.7112745098039215,-5.137254901960785,-21.384615384615383,"-21.38,-1.38,4.92,-1.92",3,10,-31.666666666666668,6.0
low<=35_close40-65_green,YES,with25-75,25-30,85,51,56.90196078431372,0.5686274509803921,0.6694348327566321,-8.568627450980392,-19.076923076923077,"-19.08,-11.00,1.58,-5.00",3,10,-30.4,6.0
low<=35_close40-65_green,YES,with25-75,25-30,90,51,56.90196078431372,0.5686274509803921,0.632244008714597,-5.7254901960784315,-16.76923076923077,"-16.77,-8.31,4.92,-1.92",3,10,-28.9,6.0
low<=35_close40-65_green,YES,with25-75,25-30,99,51,56.90196078431372,0.47058823529411764,0.5747672806496336,-10.313725490196079,-27.846153846153847,"-27.85,-11.08,2.67,-4.00",4,10,-58.333333333333336,6.0
low<=35_close40-65_green,YES,with25-75,30-35,60,38,58.421052631578945,0.9210526315789473,0.9736842105263157,-3.1578947368421053,-9.2,"-4.50,2.11,-0.22,-9.20",3,10,-13.666666666666666,6.0
low<=35_close40-65_green,YES,with25-75,30-35,70,38,58.421052631578945,0.8421052631578947,0.8345864661654135,0.5263157894736841,-2.500000000000001,"-2.50,4.33,2.00,-1.20",4,10,-9.000000000000002,6.0
low<=35_close40-65_green,YES,with25-75,30-35,80,38,58.421052631578945,0.7368421052631579,0.7302631578947368,0.5263157894736842,-2.500000000000001,"-2.50,4.33,2.00,-1.20",4,10,-7.833333333333332,6.0
low<=35_close40-65_green,YES,with25-75,30-35,85,38,58.421052631578945,0.6842105263157895,0.6873065015479876,-0.2631578947368421,-6.199999999999999,"1.00,8.22,-3.56,-6.20",7,10,-30.333333333333332,6.0
low<=35_close40-65_green,YES,with25-75,30-35,90,38,58.421052631578945,0.6842105263157895,0.6491228070175439,3.1578947368421053,-3.1999999999999993,"4.50,12.11,-0.22,-3.20",7,10,-28.666666666666668,6.0
low<=35_close40-65_green,YES,with25-75,30-35,99,38,58.421052631578945,0.6578947368421053,0.5901116427432217,6.7105263157894735,2.2000000000000006,"10.80,8.11,5.78,2.20",7,10,-25.666666666666668,6.0
low<=35_close45-65_green,NO,against25-75,15-20,60,31,54.67741935483871,0.9032258064516129,0.9112903225806452,-0.4838709677419369,-3.750000000000001,"-3.75,-3.00,6.86,-1.12",5,9,-6.500000000000002,8.0
low<=35_close45-65_green,NO,against25-75,15-20,70,31,54.67741935483871,0.8709677419354839,0.7811059907834101,6.29032258064516,-3.0000000000000018,"5.00,-3.00,16.86,7.62",8,9,-5.571428571428572,8.0
low<=35_close45-65_green,NO,against25-75,15-20,80,31,54.67741935483871,0.7741935483870968,0.6834677419354839,7.258064516129032,-3.625,"13.75,4.50,15.43,-3.62",6,9,-61.0,8.0
low<=35_close45-65_green,NO,against25-75,15-20,85,31,54.67741935483871,0.5806451612903226,0.6432637571157496,-5.32258064516129,-23.625,"7.50,-23.62,-4.57,-0.50",4,9,-61.0,8.0
low<=35_close45-65_green,NO,against25-75,15-20,90,31,54.67741935483871,0.5806451612903226,0.6075268817204301,-2.4193548387096775,-21.75,"11.25,-21.75,-1.71,2.62",4,9,-61.0,8.0
low<=35_close45-65_green,NO,against25-75,15-20,99,31,54.67741935483871,0.5483870967741935,0.5522971652003911,-0.3870967741935484,-18.375,"18.00,-18.38,3.43,-4.12",4,9,-61.0,8.0
low<=35_close45-65_green,NO,against25-75,20-25,60,34,52.5,0.8235294117647058,0.875,-3.0882352941176485,-19.111111111111114,"-19.11,8.00,7.00,-5.89",4,9,-32.666666666666664,8.0
low<=35_close45-65_green,NO,against25-75,20-25,70,34,52.5,0.7941176470588235,0.75,3.0882352941176454,-13.555555555555559,"-13.56,18.00,8.25,1.89",5,9,-29.333333333333332,8.0
low<=35_close45-65_green,NO,against25-75,20-25,80,34,52.5,0.7058823529411765,0.65625,3.970588235294116,-8.11111111111111,"-8.00,18.00,17.00,-8.11",6,9,-52.0,8.0
low<=35_close45-65_green,NO,against25-75,20-25,85,34,52.5,0.7058823529411765,0.6176470588235294,7.499999999999998,-5.333333333333334,"-5.22,22.38,21.38,-5.33",6,9,-52.0,8.0
low<=35_close45-65_green,NO,against25-75,20-25,90,34,52.5,0.5882352941176471,0.5833333333333334,0.44117647058823467,-22.555555555555557,"-12.44,15.50,25.75,-22.56",5,9,-61.0,8.0
low<=35_close45-65_green,NO,against25-75,20-25,99,34,52.5,0.5,0.5303030303030303,-3.000000000000001,-19.555555555555557,"-8.44,9.87,8.87,-19.56",4,9,-61.0,8.0
low<=35_close45-65_green,NO,against25-75,30-35,60,53,52.18867924528302,0.7735849056603774,0.869811320754717,-5.773584905660378,-9.500000000000002,"-9.50,-5.77,-1.92,-5.62",4,10,-22.75,7.0
low<=35_close45-65_green,NO,against25-75,30-35,70,53,52.18867924528302,0.6792452830188679,0.7455525606469002,-4.6415094339622645,-8.846153846153847,"-7.36,-8.85,-4.23,2.08",4,10,-29.333333333333332,7.0
low<=35_close45-65_green,NO,against25-75,30-35,80,53,52.18867924528302,0.6037735849056604,0.6523584905660378,-3.8867924528301887,-15.769230769230772,"-0.93,-2.69,-15.77,3.62",3,10,-26.0,7.0
low<=35_close45-65_green,NO,against25-75,30-35,85,53,52.18867924528302,0.5660377358490566,0.613984461709212,-4.0754716981132075,-13.461538461538463,"-3.79,0.38,-13.46,0.54",3,10,-25.16666666666667,7.0
low<=35_close45-65_green,NO,against25-75,30-35,90,53,52.18867924528302,0.5283018867924528,0.579874213836478,-4.6415094339622645,-18.076923076923077,"-7.36,3.46,-18.08,3.62",3,10,-23.500000000000004,7.0
low<=35_close45-65_green,NO,against25-75,30-35,99,53,52.18867924528302,0.49056603773584906,0.52715837621498,-3.6226415094339623,-14.615384615384617,"-9.93,1.38,-14.62,9.15",4,10,-36.166666666666664,7.0
low<=35_close45-65_green,NO,flat,15-20,60,76,52.46052631578947,0.7763157894736842,0.8743421052631579,-5.881578947368422,-11.157894736842106,"-8.53,-3.00,-11.16,-0.84",2,10,-17.2,7.0
low<=35_close45-65_green,NO,flat,15-20,70,76,52.46052631578947,0.7105263157894737,0.7494360902255639,-2.7236842105263164,-8.000000000000002,"-4.84,-2.47,-8.00,4.42",3,10,-15.9,7.0
low<=35_close45-65_green,NO,flat,15-20,80,76,52.46052631578947,0.5921052631578947,0.6557565789473684,-5.092105263157895,-10.631578947368421,"-10.63,-8.26,-10.11,8.63",2,10,-18.9,7.0
low<=35_close45-65_green,NO,flat,15-20,85,76,52.46052631578947,0.5657894736842105,0.6171826625386997,-4.368421052631579,-10.105263157894736,"-8.00,-10.11,-7.47,8.11",2,10,-16.9,7.0
low<=35_close45-65_green,NO,flat,15-20,90,76,52.46052631578947,0.5394736842105263,0.5828947368421052,-3.9078947368421053,-12.473684210526315,"-5.37,-12.47,-9.58,11.79",3,10,-20.11111111111111,7.0
low<=35_close45-65_green,NO,flat,15-20,99,76,52.46052631578947,0.5263157894736842,0.5299043062200957,-0.35526315789473684,-8.68421052631579,"-5.84,-8.68,-5.32,18.42",6,10,-17.11111111111111,7.0
low<=35_close45-65_green,NO,flat,20-25,60,92,52.97826086956522,0.8478260869565217,0.8829710144927536,-2.1086956521739144,-7.434782608695655,"-5.35,-7.43,2.04,2.30",4,10,-8.272727272727275,7.0
low<=35_close45-65_green,NO,flat,20-25,70,92,52.97826086956522,0.7934782608695652,0.756832298136646,2.5652173913043472,-5.695652173913046,"2.48,-5.70,8.13,5.35",6,10,-8.5,7.0
low<=35_close45-65_green,NO,flat,20-25,80,92,52.97826086956522,0.7065217391304348,0.6622282608695652,3.5434782608695645,-5.695652173913046,"3.35,-5.70,9.87,6.65",6,10,-12.25,7.0
low<=35_close45-65_green,NO,flat,20-25,85,92,52.97826086956522,0.6739130434782609,0.6232736572890025,4.304347826086956,-6.347826086956524,"3.13,-6.35,10.09,10.35",7,10,-14.923076923076925,7.0
low<=35_close45-65_green,NO,flat,20-25,90,92,52.97826086956522,0.6413043478260869,0.5886473429951691,4.739130434782608,-3.521739130434785,"2.48,-3.52,9.87,10.13",7,10,-18.5,7.0
low<=35_close45-65_green,NO,flat,20-25,99,92,52.97826086956522,0.5652173913043478,0.5351339481774264,2.978260869565217,-0.6521739130434802,"-0.65,1.57,7.52,3.48",6,10,-15.125,7.0
low<=35_close45-65_green,NO,flat,25-30,60,116,54.23275862068966,0.8706896551724138,0.9038793103448276,-1.9913793103448294,-2.5862068965517255,"-0.86,-2.59,-2.48,-2.03",4,10,-5.941176470588239,7.0
low<=35_close45-65_green,NO,flat,25-30,70,116,54.23275862068966,0.7672413793103449,0.7747536945812808,-0.5258620689655185,-6.379310344827588,"-6.38,-1.21,3.72,1.76",3,10,-15.181818181818185,7.0
low<=35_close45-65_green,NO,flat,25-30,80,116,54.23275862068966,0.6724137931034483,0.6779094827586207,-0.4396551724137939,-5.000000000000002,"-5.00,0.86,-1.79,4.17",6,10,-17.000000000000004,7.0
low<=35_close45-65_green,NO,flat,25-30,85,116,54.23275862068966,0.6206896551724138,0.6380324543610548,-1.4741379310344833,-7.758620689655174,"-7.76,1.38,-7.31,7.79",6,10,-19.714285714285715,7.0
low<=35_close45-65_green,NO,flat,25-30,90,116,54.23275862068966,0.603448275862069,0.6025862068965517,0.07758620689655117,-8.103448275862071,"-8.10,4.66,-4.55,8.31",6,10,-30.428571428571427,7.0
low<=35_close45-65_green,NO,flat,25-30,99,116,54.23275862068966,0.5517241379310345,0.5478056426332288,0.3879310344827579,-10.27586206896552,"-10.28,10.55,-6.41,7.69",5,10,-27.857142857142858,7.0
low<=35_close45-65_green,NO,flat,30-35,60,198,55.22222222222222,0.8686868686868687,0.9203703703703704,-3.1010101010101034,-3.7551020408163285,"-2.92,-2.53,-3.76,-3.20",3,10,-9.571428571428575,6.0
low<=35_close45-65_green,NO,flat,30-35,70,198,55.22222222222222,0.7676767676767676,0.7888888888888889,-1.4848484848484866,-4.400000000000002,"-2.72,1.96,-0.69,-4.40",5,10,-8.619047619047622,6.0
low<=35_close45-65_green,NO,flat,30-35,80,198,55.22222222222222,0.6616161616161617,0.6902777777777778,-2.292929292929294,-8.4,"-3.32,3.59,-0.90,-8.40",4,10,-14.333333333333336,6.0
low<=35_close45-65_green,NO,flat,30-35,85,198,55.22222222222222,0.6464646464646465,0.6496732026143791,-0.2727272727272737,-5.500000000000001,"-1.82,5.53,0.84,-5.50",5,10,-11.833333333333336,6.0
low<=35_close45-65_green,NO,flat,30-35,90,198,55.22222222222222,0.6111111111111112,0.6135802469135803,-0.22222222222222307,-2.600000000000001,"-2.32,5.43,-1.31,-2.60",5,10,-12.481481481481483,6.0
low<=35_close45-65_green,NO,flat,30-35,99,198,55.22222222222222,0.5454545454545454,0.5578002244668911,-1.2222222222222234,-7.280000000000001,"-1.06,3.41,0.16,-7.28",5,10,-22.814814814814813,6.0
low<=35_close45-65_green,NO,with25-75,20-25,60,31,57.16129032258065,0.8387096774193549,0.9526881720430108,-6.838709677419357,-9.875000000000002,"-9.88,-5.50,-7.43,-4.63",5,10,-30.500000000000004,6.0
low<=35_close45-65_green,NO,with25-75,20-25,70,31,57.16129032258065,0.7741935483870968,0.8165898617511521,-2.9677419354838737,-11.125000000000002,"-11.13,-5.50,1.14,4.12",5,10,-60.5,6.0
low<=35_close45-65_green,NO,with25-75,20-25,80,31,57.16129032258065,0.7419354838709677,0.7145161290322581,2.193548387096772,-14.875000000000002,"-14.88,2.00,9.71,12.87",7,10,-60.5,6.0
low<=35_close45-65_green,NO,with25-75,20-25,85,31,57.16129032258065,0.7419354838709677,0.6724857685009488,5.903225806451612,-12.375000000000002,"-12.38,5.75,14.00,17.25",8,10,-60.5,6.0
low<=35_close45-65_green,NO,with25-75,20-25,90,31,57.16129032258065,0.7419354838709677,0.6351254480286739,9.61290322580645,-9.875000000000002,"-9.88,9.50,18.29,21.62",8,10,-60.5,6.0
low<=35_close45-65_green,NO,with25-75,20-25,99,31,57.16129032258065,0.6129032258064516,0.5773867709351581,3.5161290322580636,-5.375000000000002,"-5.38,3.87,11.86,4.75",6,10,-60.5,6.0
low<=35_close45-65_green,NO,with25-75,25-30,60,41,58.26829268292683,0.9512195121951219,0.9711382113821138,-1.1951219512195148,-4.000000000000003,"-1.91,0.20,1.00,-4.00",6,10,-15.750000000000002,6.0
low<=35_close45-65_green,NO,with25-75,25-30,70,41,58.26829268292683,0.8048780487804879,0.832404181184669,-1.9268292682926844,-10.000000000000004,"-5.55,3.20,-10.00,5.00",4,10,-25.75,6.0
low<=35_close45-65_green,NO,with25-75,25-30,80,41,58.26829268292683,0.6097560975609756,0.7283536585365853,-9.487804878048781,-27.8,"-12.82,-27.80,-3.00,6.00",4,10,-40.75,6.0
low<=35_close45-65_green,NO,with25-75,25-30,85,41,58.26829268292683,0.6097560975609756,0.685509325681492,-6.439024390243903,-25.8,"-10.09,-25.80,0.50,10.00",4,10,-39.5,6.0
low<=35_close45-65_green,NO,with25-75,25-30,90,41,58.26829268292683,0.6097560975609756,0.6474254742547425,-3.3902439024390243,-23.800000000000004,"-7.36,-23.80,4.00,14.00",5,10,-38.25,6.0
low<=35_close45-65_green,NO,with25-75,25-30,99,41,58.26829268292683,0.5609756097560976,0.5885686129588569,-2.731707317073171,-30.1,"-11.45,-30.10,10.30,21.20",6,10,-60.75,6.0
low<=35_close45-65_green,NO,with25-75,30-35,60,35,58.34285714285714,0.9428571428571428,0.9723809523809523,-1.7714285714285731,-10.444444444444446,"2.11,-10.44,2.00,-0.33",4,10,-22.5,6.0
low<=35_close45-65_green,NO,with25-75,30-35,70,35,58.34285714285714,0.7428571428571429,0.833469387755102,-6.342857142857144,-29.22222222222222,"12.11,-2.67,-5.50,-29.22",4,10,-62.0,6.0
low<=35_close45-65_green,NO,with25-75,30-35,80,35,58.34285714285714,0.7142857142857143,0.7292857142857143,-1.2000000000000017,-24.77777777777778,"22.11,-3.78,2.00,-24.78",4,10,-62.0,6.0
low<=35_close45-65_green,NO,with25-75,30-35,85,35,58.34285714285714,0.6571428571428571,0.6863865546218487,-2.485714285714287,-22.555555555555557,"27.11,-9.89,-4.88,-22.56",4,10,-62.0,6.0
low<=35_close45-65_green,NO,with25-75,30-35,90,35,58.34285714285714,0.6285714285714286,0.6482539682539682,-1.7714285714285727,-30.333333333333332,"32.11,-7.11,-1.75,-30.33",4,10,-62.0,6.0
low<=35_close45-65_green,NO,with25-75,30-35,99,35,58.34285714285714,0.5428571428571428,0.5893217893217894,-4.6,-27.333333333333332,"41.11,-13.11,-20.88,-27.33",2,10,-62.0,6.0
low<=35_close45-65_green,YES,against25-75,20-25,60,36,52.19444444444444,0.8611111111111112,0.8699074074074074,-0.527777777777777,-6.111111111111111,"2.78,-4.89,6.11,-6.11",5,9,-24.499999999999996,8.0
low<=35_close45-65_green,YES,against25-75,20-25,70,36,52.19444444444444,0.8055555555555556,0.7456349206349207,4.194444444444445,-6.111111111111111,"11.67,2.89,8.33,-6.11",7,9,-54.5,8.0
low<=35_close45-65_green,YES,against25-75,20-25,80,36,52.19444444444444,0.6944444444444444,0.6524305555555555,3.361111111111111,0.5555555555555564,"2.78,1.78,8.33,0.56",7,9,-54.5,8.0
low<=35_close45-65_green,YES,against25-75,20-25,85,36,52.19444444444444,0.6666666666666666,0.6140522875816993,4.472222222222222,-3.3333333333333335,"-3.33,5.11,12.22,3.89",6,9,-54.5,8.0
low<=35_close45-65_green,YES,against25-75,20-25,90,36,52.19444444444444,0.6388888888888888,0.5799382716049383,5.305555555555555,-10.555555555555555,"-10.56,8.44,16.11,7.22",5,9,-54.5,8.0
low<=35_close45-65_green,YES,against25-75,20-25,99,36,52.19444444444444,0.5833333333333334,0.5272166105499438,5.555555555555555,-8.777777777777779,"-6.56,14.44,23.11,-8.78",5,9,-54.5,8.0
low<=35_close45-65_green,YES,against25-75,25-30,60,58,52.13793103448276,0.8275862068965517,0.8689655172413794,-2.4827586206896544,-6.928571428571429,"-1.87,-6.29,-6.93,4.60",5,9,-28.2,7.0
low<=35_close45-65_green,YES,against25-75,25-30,70,58,52.13793103448276,0.7241379310344828,0.7448275862068966,-1.4482758620689646,-9.071428571428571,"-3.20,-3.43,-9.07,9.27",4,9,-24.2,7.0
low<=35_close45-65_green,YES,against25-75,25-30,80,58,52.13793103448276,0.7068965517241379,0.6517241379310346,4.413793103448276,-2.6428571428571423,"3.47,3.71,-2.64,12.60",5,9,-20.2,7.0
low<=35_close45-65_green,YES,against25-75,25-30,85,58,52.13793103448276,0.6896551724137931,0.6133874239350913,6.482758620689657,0.571428571428572,"6.80,7.29,0.57,10.93",6,9,-18.2,7.0
low<=35_close45-65_green,YES,against25-75,25-30,90,58,52.13793103448276,0.6724137931034483,0.5793103448275863,8.379310344827585,3.785714285714286,"10.13,10.86,3.79,8.60",7,9,-24.333333333333332,7.0
low<=35_close45-65_green,YES,against25-75,25-30,99,58,52.13793103448276,0.6551724137931034,0.5266457680250785,12.724137931034482,9.571428571428571,"16.13,10.21,9.57,14.60",7,9,-21.333333333333332,7.0
low<=35_close45-65_green,YES,against25-75,30-35,60,44,52.06818181818182,0.8181818181818182,0.8678030303030303,-2.977272727272727,-7.363636363636363,"-2.45,-3.18,1.09,-7.36",5,9,-21.0,8.0
low<=35_close45-65_green,YES,against25-75,30-35,70,44,52.06818181818182,0.75,0.7438311688311688,0.431818181818182,-6.454545454545454,"-0.64,-1.36,10.18,-6.45",5,9,-16.0,8.0
low<=35_close45-65_green,YES,against25-75,30-35,80,44,52.06818181818182,0.7045454545454546,0.6508522727272728,4.295454545454546,-1.3636363636363635,"6.64,-1.36,12.00,-0.09",6,9,-18.857142857142858,8.0
low<=35_close45-65_green,YES,against25-75,30-35,85,44,52.06818181818182,0.6818181818181818,0.6125668449197861,5.886363636363637,-5.909090909090909,"10.27,-5.91,16.09,3.09",6,9,-28.857142857142858,8.0
low<=35_close45-65_green,YES,against25-75,30-35,90,44,52.06818181818182,0.6363636363636364,0.5785353535353536,5.204545454545454,-3.1818181818181817,"5.73,-3.18,20.18,-1.91",6,9,-27.428571428571427,8.0
low<=35_close45-65_green,YES,against25-75,30-35,99,44,52.06818181818182,0.6363636363636364,0.5259412304866851,10.931818181818182,1.7272727272727273,"11.45,1.73,27.55,3.00",6,9,-24.857142857142858,8.0
low<=35_close45-65_green,YES,flat,15-20,60,67,51.91044776119403,0.8059701492537313,0.8651741293532338,-3.5522388059701493,-16.58823529411765,"-16.59,-2.24,8.31,-3.00",5,10,-21.250000000000004,7.0
low<=35_close45-65_green,YES,flat,15-20,70,67,51.91044776119403,0.6865671641791045,0.7415778251599147,-3.8507462686567164,-10.705882352941174,"-10.71,-10.47,9.56,-3.00",5,10,-33.75,7.0
low<=35_close45-65_green,YES,flat,15-20,80,67,51.91044776119403,0.5970149253731343,0.6488805970149254,-4.149253731343284,-9.52941176470588,"-9.53,-9.29,8.31,-5.35",6,10,-31.250000000000004,7.0
low<=35_close45-65_green,YES,flat,15-20,85,67,51.91044776119403,0.5671641791044776,0.6107111501316944,-3.701492537313433,-11.88235294117647,"-11.88,-11.65,12.06,-2.41",5,10,-30.000000000000004,7.0
low<=35_close45-65_green,YES,flat,15-20,90,67,51.91044776119403,0.5373134328358209,0.5767827529021559,-3.5522388059701493,-14.823529411764705,"-14.82,-9.29,10.19,0.53",4,10,-28.750000000000004,7.0
low<=35_close45-65_green,YES,flat,15-20,99,67,51.91044776119403,0.5074626865671642,0.524347957183778,-1.671641791044776,-11.117647058823527,"-11.12,-5.06,10.19,-0.00",6,10,-26.500000000000004,7.0
low<=35_close45-65_green,YES,flat,20-25,60,124,53.45967741935484,0.8145161290322581,0.890994623655914,-4.588709677419355,-8.096774193548388,"-8.10,-0.94,-5.32,-4.00",2,10,-25.125,7.0
low<=35_close45-65_green,YES,flat,20-25,70,124,53.45967741935484,0.7741935483870968,0.7637096774193548,0.7338709677419357,-5.193548387096775,"-5.19,5.52,-1.77,4.39",7,10,-28.875,7.0
low<=35_close45-65_green,YES,flat,20-25,80,124,53.45967741935484,0.7016129032258065,0.6682459677419355,2.6693548387096775,-4.67741935483871,"1.58,6.16,-4.68,7.61",6,10,-25.125,7.0
low<=35_close45-65_green,YES,flat,20-25,85,124,53.45967741935484,0.6693548387096774,0.6289373814041745,3.435483870967742,-1.6129032258064517,"2.23,7.13,-1.61,6.00",6,10,-23.25,7.0
low<=35_close45-65_green,YES,flat,20-25,90,124,53.45967741935484,0.6129032258064516,0.5939964157706094,1.7016129032258065,-7.258064516129032,"-3.26,7.77,-7.26,9.55",6,10,-32.625,7.0
low<=35_close45-65_green,YES,flat,20-25,99,124,53.45967741935484,0.5806451612903226,0.5399967416096448,4.024193548387097,-5.806451612903226,"1.68,10.68,-5.81,9.55",6,10,-30.375,7.0
low<=35_close45-65_green,YES,flat,25-30,60,153,52.86274509803921,0.8366013071895425,0.8810457516339869,-2.666666666666667,-9.526315789473685,"-2.49,2.37,-9.53,-1.03",4,10,-16.82608695652174,7.0
low<=35_close45-65_green,YES,flat,25-30,70,153,52.86274509803921,0.7450980392156863,0.7551820728291316,-0.7058823529411765,-11.368421052631579,"0.33,6.05,-11.37,2.13",5,10,-19.869565217391305,7.0
low<=35_close45-65_green,YES,flat,25-30,80,153,52.86274509803921,0.6405228758169934,0.6607843137254902,-1.6209150326797386,-6.589743589743591,"-6.59,-0.26,-5.32,5.82",4,10,-24.75,7.0
low<=35_close45-65_green,YES,flat,25-30,85,153,52.86274509803921,0.6143790849673203,0.6219146482122261,-0.6405228758169933,-5.94871794871795,"-5.95,3.03,-4.53,5.03",4,10,-23.083333333333332,7.0
low<=35_close45-65_green,YES,flat,25-30,90,153,52.86274509803921,0.6078431372549019,0.5873638344226579,1.8431372549019607,-3.2564102564102577,"-3.26,3.95,-1.63,8.45",5,10,-21.416666666666668,7.0
low<=35_close45-65_green,YES,flat,25-30,99,153,52.86274509803921,0.5816993464052288,0.5339671222024163,4.7254901960784315,-0.9487179487179498,"-0.95,7.03,3.58,9.39",5,10,-18.416666666666668,7.0
low<=35_close45-65_green,YES,flat,30-35,60,162,54.401234567901234,0.8209876543209876,0.9066872427983539,-5.1419753086419755,-6.878048780487805,"-6.61,-1.50,-5.50,-6.88",1,10,-12.357142857142858,6.0
low<=35_close45-65_green,YES,flat,30-35,70,162,54.401234567901234,0.7037037037037037,0.7771604938271605,-5.1419753086419755,-8.0,"-7.10,-6.50,-8.00,0.93",3,10,-14.833333333333334,6.0
low<=35_close45-65_green,YES,flat,30-35,80,162,54.401234567901234,0.5987654320987654,0.6800154320987655,-6.5,-9.5,"-8.07,-9.50,-9.50,0.93",2,10,-16.157894736842106,6.0
low<=35_close45-65_green,YES,flat,30-35,85,162,54.401234567901234,0.5740740740740741,0.6400145243282498,-5.604938271604938,-13.125,"-7.22,-6.62,-13.12,4.34",3,10,-14.5,6.0
low<=35_close45-65_green,YES,flat,30-35,90,162,54.401234567901234,0.5185185185185185,0.6044581618655692,-7.734567901234568,-15.25,"-11.00,-3.75,-15.25,-1.02",2,10,-18.785714285714285,6.0
low<=35_close45-65_green,YES,flat,30-35,99,162,54.401234567901234,0.4567901234567901,0.5495074198777903,-9.179012345679013,-16.375,"-9.02,1.43,-16.38,-12.66",1,10,-19.958333333333332,6.0
low<=35_close45-65_green,YES,with25-75,15-20,60,30,54.03333333333333,0.9,0.9005555555555556,-0.03333333333333286,-3.5714285714285725,"0.50,-3.57,-3.00,5.13",6,10,-16.333333333333336,6.0
low<=35_close45-65_green,YES,with25-75,15-20,70,30,54.03333333333333,0.8,0.7719047619047619,1.9666666666666672,-5.000000000000001,"0.50,-5.00,-4.43,15.13",7,10,-54.0,6.0
low<=35_close45-65_green,YES,with25-75,15-20,80,30,54.03333333333333,0.7333333333333333,0.6754166666666667,4.633333333333334,-20.714285714285715,"8.00,-20.71,2.71,25.12",5,10,-54.0,6.0
low<=35_close45-65_green,YES,with25-75,15-20,85,30,54.03333333333333,0.7,0.6356862745098039,5.466666666666667,-18.571428571428573,"11.75,-18.57,-5.86,30.12",5,10,-54.0,6.0
low<=35_close45-65_green,YES,with25-75,15-20,90,30,54.03333333333333,0.6666666666666666,0.6003703703703703,5.966666666666667,-16.428571428571427,"15.50,-16.43,-3.00,23.88",5,10,-54.0,6.0
low<=35_close45-65_green,YES,with25-75,15-20,99,30,54.03333333333333,0.5666666666666667,0.5457912457912458,2.066666666666667,-26.714285714285715,"9.88,-26.71,2.14,19.38",4,10,-56.0,6.0
low<=35_close45-65_green,YES,with25-75,20-25,60,40,54.725,0.9,0.9120833333333334,-0.7250000000000008,-14.1,"-14.10,5.90,-2.60,7.90",7,10,-23.666666666666668,6.0
low<=35_close45-65_green,YES,with25-75,20-25,70,40,54.725,0.7,0.7817857142857143,-5.7250000000000005,-21.1,"-21.10,8.90,-7.60,-3.10",5,10,-31.0,6.0
low<=35_close45-65_green,YES,with25-75,20-25,80,40,54.725,0.65,0.6840625,-2.7250000000000005,-32.1,"-32.10,17.90,-0.60,3.90",4,10,-31.666666666666668,6.0
low<=35_close45-65_green,YES,with25-75,20-25,85,40,54.725,0.65,0.6438235294117647,0.5249999999999992,-30.6,"-30.60,22.40,2.90,7.40",5,10,-30.0,6.0
low<=35_close45-65_green,YES,with25-75,20-25,90,40,54.725,0.65,0.6080555555555556,3.7749999999999995,-29.1,"-29.10,26.90,6.40,10.90",5,10,-28.333333333333332,6.0
low<=35_close45-65_green,YES,with25-75,20-25,99,40,54.725,0.575,0.5527777777777778,2.1999999999999997,-26.4,"-26.40,15.20,2.80,17.20",5,10,-32.0,6.0
low<=35_close45-65_green,YES,with25-75,25-30,60,50,57.48,0.94,0.958,-1.0799999999999992,-6.416666666666667,"1.46,2.42,-6.42,-1.92",5,10,-23.5,6.0
low<=35_close45-65_green,YES,with25-75,25-30,70,50,57.48,0.8,0.8211428571428571,-1.48,-8.846153846153847,"0.69,0.75,1.92,-8.85",4,10,-25.75,6.0
low<=35_close45-65_green,YES,with25-75,25-30,80,50,57.48,0.66,0.7184999999999999,-4.68,-21.615384615384617,"-21.62,2.42,3.58,-1.92",3,10,-31.666666666666668,6.0
low<=35_close45-65_green,YES,with25-75,25-30,85,50,57.48,0.58,0.676235294117647,-8.18,-19.307692307692307,"-19.31,-8.00,0.25,-5.00",3,10,-30.7,6.0
low<=35_close45-65_green,YES,with25-75,25-30,90,50,57.48,0.58,0.6386666666666666,-5.28,-17.0,"-17.00,-5.08,3.58,-1.92",3,10,-29.2,6.0
low<=35_close45-65_green,YES,with25-75,25-30,99,50,57.48,0.48,0.5806060606060606,-9.96,-28.076923076923077,"-28.08,-8.08,1.33,-4.00",4,10,-58.333333333333336,6.0
low<=35_close45-65_green,YES,with25-75,30-35,60,37,58.86486486486486,0.9459459459459459,0.981081081081081,-2.108108108108108,-5.5555555555555545,"-4.50,2.11,-0.22,-5.56",4,10,-13.666666666666666,6.0
low<=35_close45-65_green,YES,with25-75,30-35,70,37,58.86486486486486,0.8648648648648649,0.8409266409266409,1.6756756756756754,-2.500000000000001,"-2.50,4.33,2.00,3.33",5,10,-9.000000000000002,6.0
low<=35_close45-65_green,YES,with25-75,30-35,80,37,58.86486486486486,0.7567567567567568,0.7358108108108108,1.6756756756756757,-2.500000000000001,"-2.50,4.33,2.00,3.33",4,10,-7.833333333333332,6.0
low<=35_close45-65_green,YES,with25-75,30-35,85,37,58.86486486486486,0.7027027027027027,0.6925278219395866,0.8648648648648649,-3.5555555555555562,"1.00,8.22,-3.56,-2.22",7,10,-30.333333333333332,6.0
low<=35_close45-65_green,YES,with25-75,30-35,90,37,58.86486486486486,0.7027027027027027,0.654054054054054,4.378378378378378,-0.22222222222222301,"4.50,12.11,-0.22,1.11",7,10,-28.666666666666668,6.0
low<=35_close45-65_green,YES,with25-75,30-35,99,37,58.86486486486486,0.6756756756756757,0.5945945945945946,8.027027027027026,5.777777777777778,"10.80,8.11,5.78,7.11",7,10,-25.666666666666668,6.0
low<=35_close50-70_green,NO,against25-75,20-25,60,33,56.72727272727273,0.8787878787878788,0.9454545454545454,-4.000000000000001,-16.444444444444443,"-16.44,5.25,2.62,-5.87",4,9,-26.5,8.0
low<=35_close50-70_green,NO,against25-75,20-25,70,33,56.72727272727273,0.8484848484848485,0.8103896103896103,2.6666666666666665,-9.777777777777779,"-9.78,15.25,3.87,2.88",5,9,-21.5,8.0
low<=35_close50-70_green,NO,against25-75,20-25,80,33,56.72727272727273,0.7878787878787878,0.7090909090909091,6.303030303030303,-3.111111111111112,"-3.11,15.25,12.62,1.63",5,9,-62.0,8.0
low<=35_close50-70_green,NO,against25-75,20-25,85,33,56.72727272727273,0.7878787878787878,0.667379679144385,10.242424242424242,0.22222222222222143,"0.22,19.62,17.00,5.38",6,9,-62.0,8.0
low<=35_close50-70_green,NO,against25-75,20-25,90,33,56.72727272727273,0.6666666666666666,0.6303030303030303,3.272727272727273,-24.625,"3.56,12.75,21.38,-24.62",4,9,-62.0,8.0
low<=35_close50-70_green,NO,against25-75,20-25,99,33,56.72727272727273,0.5454545454545454,0.5730027548209367,-2.7272727272727275,-21.25,"-1.44,7.12,4.50,-21.25",5,9,-62.0,8.0
low<=35_close50-70_green,NO,against25-75,30-35,60,51,56.745098039215684,0.8627450980392157,0.9457516339869281,-4.980392156862746,-9.230769230769232,"-9.23,-6.23,1.33,-5.31",5,10,-18.800000000000004,7.0
low<=35_close50-70_green,NO,against25-75,30-35,70,51,56.745098039215684,0.7450980392156863,0.8106442577030812,-4.588235294117648,-8.538461538461538,"-6.92,-8.54,-0.33,-2.23",6,10,-26.800000000000004,7.0
low<=35_close50-70_green,NO,against25-75,30-35,80,51,56.745098039215684,0.6666666666666666,0.709313725490196,-3.411764705882353,-11.999999999999998,"-0.00,-1.62,-12.00,-0.69",5,10,-22.800000000000004,7.0
low<=35_close50-70_green,NO,against25-75,30-35,85,51,56.745098039215684,0.6666666666666666,0.6675893886966551,-0.0784313725490196,-9.08333333333333,"3.46,1.85,-9.08,2.77",5,10,-20.800000000000004,7.0
low<=35_close50-70_green,NO,against25-75,30-35,90,51,56.745098039215684,0.6274509803921569,0.6305010893246187,-0.27450980392156865,-13.666666666666666,"-0.00,5.31,-13.67,6.23",6,10,-19.333333333333332,7.0
low<=35_close50-70_green,NO,against25-75,30-35,99,51,56.745098039215684,0.5686274509803921,0.573182808476926,-0.45098039215686275,-17.416666666666664,"-2.08,3.92,-17.42,12.46",5,10,-26.33333333333333,7.0
low<=35_close50-70_green,NO,flat,15-20,60,69,58.710144927536234,0.8695652173913043,0.9785024154589372,-6.536231884057971,-8.411764705882355,"-8.06,-8.41,-7.94,-1.65",3,10,-16.4,8.0
low<=35_close50-70_green,NO,flat,15-20,70,69,58.710144927536234,0.8260869565217391,0.8387163561076605,-0.8840579710144928,-4.294117647058825,"0.28,-4.29,-3.82,4.24",5,10,-16.600000000000005,8.0
low<=35_close50-70_green,NO,flat,15-20,80,69,58.710144927536234,0.6956521739130435,0.7338768115942029,-3.0579710144927534,-10.764705882352942,"-4.72,-10.76,-5.59,8.94",3,10,-13.8,8.0
low<=35_close50-70_green,NO,flat,15-20,85,69,58.710144927536234,0.6811594202898551,0.6907075873827793,-0.8115942028985503,-12.823529411764708,"-1.39,-12.82,-2.35,13.35",3,10,-10.8,8.0
low<=35_close50-70_green,NO,flat,15-20,90,69,58.710144927536234,0.6376811594202898,0.6523349436392915,-1.318840579710145,-15.470588235294118,"1.94,-15.47,-4.41,12.47",4,10,-14.714285714285714,8.0
low<=35_close50-70_green,NO,flat,15-20,99,69,58.710144927536234,0.6086956521739131,0.5930317669448104,1.5507246376811599,-11.23529411764706,"2.44,-11.24,0.88,14.06",5,10,-10.857142857142858,8.0
low<=35_close50-70_green,NO,flat,20-25,60,90,57.111111111111114,0.9111111111111111,0.951851851851852,-2.444444444444446,-7.818181818181821,"-3.48,-7.82,1.32,0.13",4,10,-11.250000000000004,7.0
low<=35_close50-70_green,NO,flat,20-25,70,90,57.111111111111114,0.8444444444444444,0.815873015873016,1.9999999999999987,-6.000000000000003,"5.22,-6.00,4.95,3.61",6,10,-12.500000000000004,7.0
low<=35_close50-70_green,NO,flat,20-25,80,90,57.111111111111114,0.7111111111111111,0.7138888888888889,-0.22222222222222332,-9.636363636363638,"3.48,-9.64,10.41,-5.09",5,10,-16.0,7.0
low<=35_close50-70_green,NO,flat,20-25,85,90,57.111111111111114,0.6777777777777778,0.6718954248366014,0.4999999999999994,-10.545454545454549,"3.48,-10.55,10.86,-1.83",5,10,-14.833333333333336,7.0
low<=35_close50-70_green,NO,flat,20-25,90,90,57.111111111111114,0.6444444444444445,0.634567901234568,0.8888888888888883,-7.818181818181821,"3.04,-7.82,10.86,-2.48",5,10,-18.11111111111111,7.0
low<=35_close50-70_green,NO,flat,20-25,99,90,57.111111111111114,0.5888888888888889,0.5768799102132436,1.1888888888888882,-9.91304347826087,"4.61,-2.91,13.32,-9.91",6,10,-27.444444444444443,7.0
low<=35_close50-70_green,NO,flat,25-30,60,123,58.78048780487805,0.9024390243902439,0.9796747967479675,-4.634146341463415,-6.35483870967742,"-4.61,-6.35,-5.40,-2.19",1,10,-11.800000000000002,7.0
low<=35_close50-70_green,NO,flat,25-30,70,123,58.78048780487805,0.7967479674796748,0.8397212543554007,-3.0081300813008136,-9.129032258064516,"-9.13,-6.35,0.93,2.65",4,10,-15.8,7.0
low<=35_close50-70_green,NO,flat,25-30,80,123,58.78048780487805,0.7073170731707317,0.7347560975609756,-2.1951219512195124,-9.774193548387096,"-9.77,1.39,-4.07,3.61",4,10,-17.625,7.0
low<=35_close50-70_green,NO,flat,25-30,85,123,58.78048780487805,0.6585365853658537,0.6915351506456241,-2.8048780487804876,-12.193548387096774,"-12.19,2.52,-9.23,7.48",5,10,-25.75,7.0
low<=35_close50-70_green,NO,flat,25-30,90,123,58.78048780487805,0.6178861788617886,0.6531165311653117,-3.1707317073170733,-18.161290322580644,"-18.16,3.32,-6.40,8.45",4,10,-35.125,7.0
low<=35_close50-70_green,NO,flat,25-30,99,123,58.78048780487805,0.5609756097560976,0.5937423010593742,-3.2439024390243905,-20.483870967741936,"-20.48,9.71,-7.90,5.55",3,10,-32.875,7.0
low<=35_close50-70_green,NO,flat,30-35,60,208,58.72115384615385,0.9134615384615384,0.9786858974358974,-3.91346153846154,-5.403846153846156,"-4.58,-5.40,-3.92,-1.75",2,10,-11.47826086956522,7.0
low<=35_close50-70_green,NO,flat,30-35,70,208,58.72115384615385,0.7932692307692307,0.8388736263736264,-3.1923076923076934,-7.653846153846156,"-7.65,-1.94,-1.42,-1.75",3,10,-12.782608695652176,7.0
low<=35_close50-70_green,NO,flat,30-35,80,208,58.72115384615385,0.6923076923076923,0.7340144230769231,-3.3365384615384626,-6.500000000000002,"-6.50,-3.10,-0.85,-2.90",3,10,-12.428571428571432,7.0
low<=35_close50-70_green,NO,flat,30-35,85,208,58.72115384615385,0.6778846153846154,0.6908371040723982,-1.1009615384615392,-4.8653846153846185,"-4.87,0.37,-0.46,0.56",4,10,-9.571428571428575,7.0
low<=35_close50-70_green,NO,flat,30-35,90,208,58.72115384615385,0.6490384615384616,0.652457264957265,-0.30769230769230876,-2.1923076923076934,"-1.69,0.37,-2.19,2.29",5,10,-11.47826086956522,7.0
low<=35_close50-70_green,NO,flat,30-35,99,208,58.72115384615385,0.5913461538461539,0.5931429681429682,-0.17788461538461592,-3.0769230769230793,"0.21,-1.37,3.52,-3.08",6,10,-19.608695652173914,7.0
low<=35_close50-70_green,NO,with25-75,20-25,60,35,58.97142857142857,0.8571428571428571,0.9828571428571428,-7.5428571428571445,-9.777777777777779,"-9.78,-5.78,-9.75,-5.11",3,10,-30.500000000000004,6.0
low<=35_close50-70_green,NO,with25-75,20-25,70,35,58.97142857142857,0.7714285714285715,0.8424489795918367,-4.971428571428573,-9.777777777777779,"-9.78,-4.67,-1.00,-4.00",4,10,-60.5,6.0
low<=35_close50-70_green,NO,with25-75,20-25,80,35,58.97142857142857,0.7142857142857143,0.7371428571428571,-1.8285714285714294,-20.88888888888889,"-20.89,3.11,7.75,3.78",6,10,-60.5,6.0
low<=35_close50-70_green,NO,with25-75,20-25,85,35,58.97142857142857,0.7142857142857143,0.693781512605042,1.7428571428571416,-18.666666666666668,"-18.67,7.00,12.12,7.67",8,10,-60.5,6.0
low<=35_close50-70_green,NO,with25-75,20-25,90,35,58.97142857142857,0.7142857142857143,0.6552380952380952,5.314285714285714,-16.444444444444443,"-16.44,10.89,16.50,11.56",8,10,-60.5,6.0
low<=35_close50-70_green,NO,with25-75,20-25,99,35,58.97142857142857,0.6,0.5956709956709957,0.4285714285714284,-12.444444444444446,"-12.44,6.89,12.00,-3.44",5,10,-60.5,6.0
low<=35_close50-70_green,NO,with25-75,25-30,60,58,61.05172413793103,0.9655172413793104,1.0175287356321838,-3.1206896551724146,-6.714285714285714,"-0.73,-6.71,-1.43,-3.73",1,10,-11.222222222222221,6.0
low<=35_close50-70_green,NO,with25-75,25-30,70,58,61.05172413793103,0.7931034482758621,0.8721674876847291,-5.5344827586206895,-11.428571428571429,"-9.40,-2.43,-11.43,0.93",4,10,-19.0,6.0
low<=35_close50-70_green,NO,with25-75,25-30,80,58,61.05172413793103,0.6206896551724138,0.7631465517241379,-11.39655172413793,-21.428571428571427,"-18.07,-11.00,-21.43,4.27",3,10,-45.0,6.0
low<=35_close50-70_green,NO,with25-75,25-30,85,58,61.05172413793103,0.6206896551724138,0.7182555780933063,-8.293103448275861,-18.928571428571427,"-15.40,-7.79,-18.93,8.27",4,10,-44.0,6.0
low<=35_close50-70_green,NO,with25-75,25-30,90,58,61.05172413793103,0.6206896551724138,0.678352490421456,-5.189655172413793,-16.428571428571427,"-12.73,-4.57,-16.43,12.27",5,10,-43.0,6.0
low<=35_close50-70_green,NO,with25-75,25-30,99,58,61.05172413793103,0.5862068965517241,0.6166840822013235,-3.0172413793103456,-14.533333333333333,"-14.53,-5.86,-11.93,19.47",6,10,-41.2,6.0
low<=35_close50-70_green,NO,with25-75,30-35,60,57,61.8421052631579,0.9649122807017544,1.030701754385965,-3.9473684210526314,-8.857142857142858,"0.13,-8.86,-3.79,-3.57",0,10,-18.0,6.0
low<=35_close50-70_green,NO,with25-75,30-35,70,57,61.8421052631579,0.8596491228070176,0.8834586466165414,-1.666666666666666,-10.285714285714286,"10.13,-10.29,1.21,-8.57",4,10,-29.25,6.0
low<=35_close50-70_green,NO,with25-75,30-35,80,57,61.8421052631579,0.7719298245614035,0.7730263157894737,-0.08771929824561453,-14.571428571428571,"20.13,-14.57,-0.93,-6.43",4,10,-24.25,6.0
low<=35_close50-70_green,NO,with25-75,30-35,85,57,61.8421052631579,0.7368421052631579,0.7275541795665635,0.7894736842105253,-11.714285714285714,"19.47,-11.71,-3.07,-2.86",4,10,-21.75,6.0
low<=35_close50-70_green,NO,with25-75,30-35,90,57,61.8421052631579,0.7192982456140351,0.6871345029239766,2.894736842105262,-8.857142857142858,"24.13,-8.86,0.50,-5.71",5,10,-24.571428571428573,6.0
low<=35_close50-70_green,NO,with25-75,30-35,99,57,61.8421052631579,0.6140350877192983,0.6246677299308878,-1.0526315789473695,-10.785714285714286,"19.33,-10.79,-7.21,-7.00",4,10,-34.857142857142854,6.0
low<=35_close50-70_green,YES,against25-75,25-30,60,51,57.11764705882353,0.8823529411764706,0.9519607843137254,-4.176470588235293,-10.25,"-2.69,-2.92,-10.25,-1.31",5,9,-30.8,8.0
low<=35_close50-70_green,YES,against25-75,25-30,70,51,57.11764705882353,0.803921568627451,0.8159663865546218,-0.8431372549019608,-8.583333333333334,"1.15,0.92,-8.58,2.54",5,9,-26.8,8.0
low<=35_close50-70_green,YES,against25-75,25-30,80,51,57.11764705882353,0.7647058823529411,0.7139705882352941,4.0588235294117645,-8.583333333333334,"9.62,9.38,-8.58,4.85",6,9,-22.8,8.0
low<=35_close50-70_green,YES,against25-75,25-30,85,51,57.11764705882353,0.7450980392156863,0.6719723183391003,6.215686274509804,-5.666666666666667,"13.85,13.62,-5.67,2.15",7,9,-21.799999999999997,8.0
low<=35_close50-70_green,YES,against25-75,25-30,90,51,57.11764705882353,0.7254901960784313,0.634640522875817,8.176470588235293,-2.7499999999999996,"18.08,17.85,-2.75,-1.31",7,9,-37.8,8.0
low<=35_close50-70_green,YES,against25-75,25-30,99,51,57.11764705882353,0.7058823529411765,0.5769459298871064,12.764705882352942,2.5000000000000004,"18.08,25.46,2.50,4.23",7,9,-36.0,8.0
low<=35_close50-70_green,YES,against25-75,30-35,60,45,56.62222222222222,0.8666666666666667,0.9437037037037037,-4.622222222222222,-11.272727272727273,"-1.42,-7.55,1.45,-11.27",5,9,-22.2,8.0
low<=35_close50-70_green,YES,against25-75,30-35,70,45,56.62222222222222,0.8,0.8088888888888889,-0.6222222222222219,-10.363636363636363,"1.92,-5.73,11.45,-10.36",5,9,-19.166666666666668,8.0
low<=35_close50-70_green,YES,against25-75,30-35,80,45,56.62222222222222,0.7555555555555555,0.7077777777777777,3.8222222222222224,-5.7272727272727275,"10.25,-5.73,14.18,-4.00",6,9,-27.5,8.0
low<=35_close50-70_green,YES,against25-75,30-35,85,45,56.62222222222222,0.7333333333333333,0.6661437908496731,5.711111111111111,-10.272727272727273,"14.42,-10.27,18.73,-0.82",7,9,-40.0,8.0
low<=35_close50-70_green,YES,against25-75,30-35,90,45,56.62222222222222,0.6888888888888889,0.6291358024691358,5.377777777777778,-7.545454545454546,"11.08,-7.55,23.27,-5.82",5,9,-39.166666666666664,8.0
low<=35_close50-70_green,YES,against25-75,30-35,99,45,56.62222222222222,0.6666666666666666,0.5719416386083053,9.377777777777778,-9.909090909090908,"17.83,-2.64,31.45,-9.91",5,9,-37.666666666666664,8.0
low<=35_close50-70_green,YES,flat,15-20,60,60,58.35,0.9,0.9725,-4.35,-9.399999999999999,"-9.40,-1.00,0.87,-7.87",4,10,-34.66666666666667,7.0
low<=35_close50-70_green,YES,flat,15-20,70,60,58.35,0.7833333333333333,0.8335714285714286,-3.516666666666667,-10.73333333333333,"-10.73,3.67,1.53,-8.53",4,10,-31.33333333333334,7.0
low<=35_close50-70_green,YES,flat,15-20,80,60,58.35,0.7166666666666667,0.729375,-1.0166666666666673,-9.399999999999999,"-9.40,7.00,4.87,-6.53",6,10,-28.000000000000004,7.0
low<=35_close50-70_green,YES,flat,15-20,85,60,58.35,0.7,0.6864705882352942,1.15,-12.066666666666665,"-12.07,11.00,8.87,-3.20",6,10,-26.33333333333334,7.0
low<=35_close50-70_green,YES,flat,15-20,90,60,58.35,0.6666666666666666,0.6483333333333333,1.65,-15.399999999999999,"-15.40,15.00,6.87,0.13",6,10,-24.66666666666667,7.0
low<=35_close50-70_green,YES,flat,15-20,99,60,58.35,0.6166666666666667,0.5893939393939394,2.7,-11.199999999999998,"-11.20,15.60,6.87,-0.47",6,10,-21.66666666666667,7.0
low<=35_close50-70_green,YES,flat,20-25,60,112,57.392857142857146,0.875,0.9565476190476191,-4.892857142857143,-10.107142857142858,"-10.11,-2.14,-3.21,-4.11",1,10,-28.375,7.0
low<=35_close50-70_green,YES,flat,20-25,70,112,57.392857142857146,0.8214285714285714,0.8198979591836735,0.10714285714285689,-7.250000000000001,"-7.25,4.64,0.71,2.32",6,10,-32.125,7.0
low<=35_close50-70_green,YES,flat,20-25,80,112,57.392857142857146,0.75,0.7174107142857143,2.607142857142857,-2.5,"-0.11,5.00,-2.50,8.04",6,10,-28.375,7.0
low<=35_close50-70_green,YES,flat,20-25,85,112,57.392857142857146,0.7232142857142857,0.6752100840336135,4.080357142857143,0.42857142857142755,"0.43,5.89,0.89,9.11",6,10,-26.5,7.0
low<=35_close50-70_green,YES,flat,20-25,90,112,57.392857142857146,0.6875,0.6376984126984128,4.482142857142857,-2.1428571428571432,"0.61,6.43,-2.14,13.04",6,10,-24.625,7.0
low<=35_close50-70_green,YES,flat,20-25,99,112,57.392857142857146,0.6607142857142857,0.5797258297258298,8.017857142857142,-0.21428571428571455,"6.39,9.32,-0.21,16.57",6,10,-21.25,7.0
low<=35_close50-70_green,YES,flat,25-30,60,155,57.458064516129035,0.8838709677419355,0.9576344086021505,-4.425806451612903,-15.578947368421053,"-1.36,-0.67,-15.58,-0.38",4,10,-20.192307692307693,7.0
low<=35_close50-70_green,YES,flat,25-30,70,155,57.458064516129035,0.7806451612903226,0.8208294930875576,-2.812903225806452,-17.68421052631579,"4.28,1.64,-17.68,0.13",4,10,-19.423076923076923,7.0
low<=35_close50-70_green,YES,flat,25-30,80,155,57.458064516129035,0.6838709677419355,0.7182258064516129,-2.7483870967741937,-11.894736842105264,"-3.41,-0.15,-11.89,4.23",4,10,-25.153846153846153,7.0
low<=35_close50-70_green,YES,flat,25-30,85,155,57.458064516129035,0.6580645161290323,0.6759772296015181,-1.5225806451612902,-9.0,"-2.26,1.26,-9.00,3.72",4,10,-23.23076923076923,7.0
low<=35_close50-70_green,YES,flat,25-30,90,155,57.458064516129035,0.6451612903225806,0.6384229390681004,0.6064516129032256,-8.473684210526315,"0.95,4.72,-8.47,5.00",4,10,-21.307692307692307,7.0
low<=35_close50-70_green,YES,flat,25-30,99,155,57.458064516129035,0.6258064516129033,0.5803844900619094,4.496774193548387,-3.5,"6.72,8.41,-3.50,6.15",5,10,-17.846153846153847,7.0
low<=35_close50-70_green,YES,flat,30-35,60,170,58.68235294117647,0.8941176470588236,0.9780392156862745,-5.035294117647059,-7.30232558139535,"-7.30,-1.36,-6.33,-5.09",1,10,-13.076923076923077,7.0
low<=35_close50-70_green,YES,flat,30-35,70,170,58.68235294117647,0.7941176470588235,0.8383193277310924,-3.0941176470588236,-7.761904761904762,"-5.21,-3.26,-7.76,3.74",3,10,-16.12,7.0
low<=35_close50-70_green,YES,flat,30-35,80,170,58.68235294117647,0.6647058823529411,0.7335294117647059,-5.5058823529411764,-8.5,"-4.98,-8.50,-8.24,-0.44",4,10,-18.238095238095237,7.0
low<=35_close50-70_green,YES,flat,30-35,85,170,58.68235294117647,0.6294117647058823,0.6903806228373702,-5.182352941176471,-13.238095238095237,"-3.58,-5.29,-13.24,1.19",3,10,-15.619047619047619,7.0
low<=35_close50-70_green,YES,flat,30-35,90,170,58.68235294117647,0.5705882352941176,0.6520261437908497,-7.329411764705882,-14.904761904761905,"-10.79,-2.07,-14.90,-1.60",3,10,-17.928571428571427,7.0
low<=35_close50-70_green,YES,flat,30-35,99,170,58.68235294117647,0.5235294117647059,0.5927510398098633,-6.852941176470588,-15.333333333333334,"-8.28,3.71,-15.33,-7.47",2,10,-14.56,7.0
low<=35_close50-70_green,YES,with25-75,15-20,60,35,58.2,0.9428571428571428,0.9700000000000001,-1.6285714285714283,-6.874999999999998,"2.78,-4.44,-6.87,1.44",5,10,-14.250000000000002,6.0
low<=35_close50-70_green,YES,with25-75,15-20,70,35,58.2,0.7714285714285715,0.8314285714285715,-4.2,-15.625,"5.00,-11.11,-15.62,3.67",7,10,-41.75,6.0
low<=35_close50-70_green,YES,with25-75,15-20,80,35,58.2,0.7428571428571429,0.7275,1.2285714285714289,-13.333333333333336,"13.89,-13.33,-9.38,12.56",6,10,-39.25,6.0
low<=35_close50-70_green,YES,with25-75,15-20,85,35,58.2,0.7142857142857143,0.6847058823529412,2.5142857142857142,-16.875,"18.33,-10.56,-16.88,17.00",6,10,-38.0,6.0
low<=35_close50-70_green,YES,with25-75,15-20,90,35,58.2,0.6857142857142857,0.6466666666666667,3.5142857142857142,-25.625,"22.78,-7.78,-25.62,21.44",6,10,-36.75,6.0
low<=35_close50-70_green,YES,with25-75,15-20,99,35,58.2,0.5714285714285714,0.5878787878787879,-1.6285714285714286,-22.25,"19.78,-13.78,-22.25,7.44",5,10,-64.0,6.0
low<=35_close50-70_green,YES,with25-75,20-25,60,45,58.422222222222224,0.9333333333333333,0.9737037037037037,-2.422222222222223,-5.90909090909091,"-3.00,2.73,-5.91,-3.45",4,10,-15.250000000000004,6.0
low<=35_close50-70_green,YES,with25-75,20-25,70,45,58.422222222222224,0.7777777777777778,0.8346031746031747,-3.9777777777777783,-7.0909090909090935,"-5.50,0.00,-3.18,-7.09",4,10,-25.250000000000004,6.0
low<=35_close50-70_green,YES,with25-75,20-25,80,45,58.422222222222224,0.7111111111111111,0.7302777777777778,-1.5333333333333334,-11.333333333333334,"-11.33,8.18,5.00,-7.09",5,10,-40.25,6.0
low<=35_close50-70_green,YES,with25-75,20-25,85,45,58.422222222222224,0.6888888888888889,0.6873202614379085,0.13333333333333303,-15.5,"-15.50,12.27,9.09,-3.91",6,10,-39.25,6.0
low<=35_close50-70_green,YES,with25-75,20-25,90,45,58.422222222222224,0.6666666666666666,0.6491358024691358,1.5777777777777775,-13.0,"-13.00,16.36,5.00,-0.73",6,10,-38.0,6.0
low<=35_close50-70_green,YES,with25-75,20-25,99,45,58.422222222222224,0.6,0.5901234567901235,0.9777777777777774,-16.75,"-16.75,5.73,11.55,5.00",5,10,-35.75,6.0
low<=35_close50-70_green,YES,with25-75,25-30,60,72,62.40277777777778,0.9722222222222222,1.0400462962962964,-4.069444444444445,-5.944444444444445,"-3.33,-1.83,-5.94,-5.17",0,10,-15.8,6.0
low<=35_close50-70_green,YES,with25-75,25-30,70,72,62.40277777777778,0.8055555555555556,0.891468253968254,-6.013888888888889,-15.166666666666666,"-1.11,-7.39,-0.39,-15.17",5,10,-35.2,6.0
low<=35_close50-70_green,YES,with25-75,25-30,80,72,62.40277777777778,0.6944444444444444,0.7800347222222223,-6.847222222222222,-12.944444444444445,"-10.00,-12.94,4.06,-8.50",4,10,-31.2,6.0
low<=35_close50-70_green,YES,with25-75,25-30,85,72,62.40277777777778,0.6527777777777778,0.7341503267973857,-6.916666666666667,-14.61111111111111,"-6.67,-14.61,3.50,-9.89",4,10,-29.2,6.0
low<=35_close50-70_green,YES,with25-75,25-30,90,72,62.40277777777778,0.6388888888888888,0.6933641975308642,-4.902777777777778,-11.833333333333334,"-3.33,-11.83,2.39,-6.83",4,10,-27.2,6.0
low<=35_close50-70_green,YES,with25-75,25-30,99,72,62.40277777777778,0.5555555555555556,0.630331088664422,-7.402777777777778,-12.333333333333334,"-8.33,-12.33,3.39,-12.33",5,10,-43.4,6.0
low<=35_close50-70_green,YES,with25-75,30-35,60,56,62.82142857142857,0.9821428571428571,1.0470238095238096,-3.892857142857143,-6.357142857142857,"-3.64,-1.64,-3.93,-6.36",1,10,-9.875,6.0
low<=35_close50-70_green,YES,with25-75,30-35,70,56,62.82142857142857,0.8928571428571429,0.8974489795918367,-0.32142857142857145,-6.642857142857143,"1.36,-6.64,1.07,2.93",6,10,-6.3,6.0
low<=35_close50-70_green,YES,with25-75,30-35,80,56,62.82142857142857,0.7857142857142857,0.7852678571428571,0.03571428571428571,-15.928571428571429,"4.93,-15.93,4.64,6.50",6,10,-12.4,6.0
low<=35_close50-70_green,YES,with25-75,30-35,85,56,62.82142857142857,0.75,0.7390756302521008,0.9285714285714286,-13.071428571428571,"9.21,-13.07,2.86,4.71",6,10,-35.333333333333336,6.0
low<=35_close50-70_green,YES,with25-75,30-35,90,56,62.82142857142857,0.7142857142857143,0.698015873015873,1.4642857142857142,-10.214285714285714,"7.07,-10.21,0.36,8.64",7,10,-33.666666666666664,6.0
low<=35_close50-70_green,YES,with25-75,30-35,99,56,62.82142857142857,0.6964285714285714,0.6345598845598845,6.125,-12.142857142857142,"14.14,-12.14,6.79,15.71",7,10,-30.666666666666668,6.0
low<=35_close55-75_green,NO,against25-75,30-35,60,44,62.75,0.9772727272727273,1.0458333333333334,-4.113636363636363,-7.818181818181821,"-7.82,-2.73,-3.45,-2.45",1,10,-15.750000000000005,8.0
low<=35_close55-75_green,NO,against25-75,30-35,70,44,62.75,0.8409090909090909,0.8964285714285715,-3.886363636363636,-6.181818181818182,"-5.09,-5.45,-6.18,1.18",4,10,-25.750000000000007,8.0
low<=35_close55-75_green,NO,against25-75,30-35,80,44,62.75,0.7272727272727273,0.784375,-4.568181818181818,-27.09090909090909,"-4.18,2.73,-27.09,10.27",6,10,-40.75000000000001,8.0
low<=35_close55-75_green,NO,against25-75,30-35,85,44,62.75,0.7272727272727273,0.7382352941176471,-0.9318181818181818,-24.818181818181817,"-0.55,6.82,-24.82,14.82",6,10,-39.50000000000001,8.0
low<=35_close55-75_green,NO,against25-75,30-35,90,44,62.75,0.6818181818181818,0.6972222222222222,-1.3863636363636358,-30.727272727272727,"-5.09,10.91,-30.73,19.36",6,10,-38.25000000000001,8.0
low<=35_close55-75_green,NO,against25-75,30-35,99,44,62.75,0.6136363636363636,0.6338383838383839,-1.9999999999999993,-36.45454545454545,"-8.36,9.27,-36.45,27.55",7,10,-49.57142857142857,8.0
low<=35_close55-75_green,NO,flat,15-20,60,58,63.91379310344828,0.9827586206896551,1.0652298850574713,-4.948275862068965,-8.142857142857144,"-3.13,-4.79,-8.14,-3.93",1,10,-10.714285714285719,8.0
low<=35_close55-75_green,NO,flat,15-20,70,58,63.91379310344828,0.9137931034482759,0.9130541871921183,0.051724137931033504,-4.785714285714287,"6.87,-4.79,-3.86,1.40",7,10,-12.142857142857148,8.0
low<=35_close55-75_green,NO,flat,15-20,80,58,63.91379310344828,0.7586206896551724,0.7989224137931035,-3.2241379310344827,-13.357142857142858,"-4.47,-13.36,-1.00,5.40",4,10,-23.125,8.0
low<=35_close55-75_green,NO,flat,15-20,85,58,63.91379310344828,0.7413793103448276,0.7519269776876268,-0.8965517241379315,-16.214285714285715,"-0.80,-16.21,2.93,9.73",4,10,-20.625,8.0
low<=35_close55-75_green,NO,flat,15-20,90,58,63.91379310344828,0.7068965517241379,0.7101532567049809,-0.29310344827586254,-13.357142857142858,"2.87,-13.36,0.43,8.07",6,10,-33.666666666666664,8.0
low<=35_close55-75_green,NO,flat,15-20,99,58,63.91379310344828,0.6724137931034483,0.6455938697318008,2.6551724137931028,-8.214285714285715,"2.87,-8.21,6.86,8.67",5,10,-30.666666666666668,8.0
low<=35_close55-75_green,NO,flat,20-25,60,77,62.98701298701299,0.948051948051948,1.0497835497835497,-6.103896103896107,-8.10526315789474,"-7.05,-8.11,-5.05,-4.16",2,10,-17.500000000000004,8.0
low<=35_close55-75_green,NO,flat,20-25,70,77,62.98701298701299,0.8701298701298701,0.8998144712430427,-2.07792207792208,-6.526315789473688,"1.95,-6.53,-6.11,2.16",5,10,-22.500000000000004,8.0
low<=35_close55-75_green,NO,flat,20-25,80,77,62.98701298701299,0.7402597402597403,0.7873376623376623,-3.7662337662337677,-7.052631578947372,"-1.05,-7.05,-1.89,-5.21",4,10,-17.500000000000004,8.0
low<=35_close55-75_green,NO,flat,20-25,85,77,62.98701298701299,0.7142857142857143,0.7410236822001528,-2.272727272727274,-8.10526315789474,"-1.55,-8.11,2.05,-1.53",5,10,-16.181818181818183,8.0
low<=35_close55-75_green,NO,flat,20-25,90,77,62.98701298701299,0.6883116883116883,0.6998556998556998,-1.0389610389610398,-4.9473684210526345,"-2.55,-4.95,1.26,2.16",4,10,-24.428571428571434,8.0
low<=35_close55-75_green,NO,flat,20-25,99,77,62.98701298701299,0.6233766233766234,0.6362324544142726,-1.2727272727272743,-6.842105263157895,"-1.65,0.74,2.68,-6.84",6,10,-22.444444444444443,8.0
low<=35_close55-75_green,NO,flat,25-30,60,118,63.09322033898305,0.9745762711864406,1.0515536723163843,-4.6186440677966125,-6.586206896551725,"-4.40,-6.59,-4.14,-3.40",0,10,-11.72727272727273,7.0
low<=35_close55-75_green,NO,flat,25-30,70,118,63.09322033898305,0.864406779661017,0.9013317191283293,-2.5847457627118655,-6.066666666666668,"-6.07,-4.52,-1.72,1.93",4,10,-16.666666666666668,7.0
low<=35_close55-75_green,NO,flat,25-30,80,118,63.09322033898305,0.7542372881355932,0.7886652542372882,-2.7542372881355943,-8.400000000000002,"-8.40,3.76,-1.38,-4.73",4,10,-16.666666666666668,7.0
low<=35_close55-75_green,NO,flat,25-30,85,118,63.09322033898305,0.6949152542372882,0.7422731804586241,-4.025423728813561,-10.566666666666668,"-10.57,4.97,-9.31,-1.07",4,10,-17.555555555555557,7.0
low<=35_close55-75_green,NO,flat,25-30,90,118,63.09322033898305,0.652542372881356,0.7010357815442562,-4.364406779661017,-10.400000000000002,"-10.40,-0.38,-6.21,-0.40",4,10,-24.77777777777778,7.0
low<=35_close55-75_green,NO,flat,25-30,99,118,63.09322033898305,0.5932203389830508,0.6373052559493237,-4.364406779661017,-11.600000000000001,"-11.60,5.83,-7.45,-4.00",4,10,-20.77777777777778,7.0
low<=35_close55-75_green,NO,flat,30-35,60,217,62.92626728110599,0.9539170506912442,1.0487711213517665,-5.691244239631338,-8.333333333333334,"-5.89,-6.28,-8.33,-2.26",0,10,-11.703703703703706,7.0
low<=35_close55-75_green,NO,flat,30-35,70,217,62.92626728110599,0.847926267281106,0.8989466754443713,-3.5714285714285734,-7.037037037037038,"-3.89,-2.02,-7.04,-1.33",2,10,-10.962962962962965,7.0
low<=35_close55-75_green,NO,flat,30-35,80,217,62.92626728110599,0.7465437788018433,0.786578341013825,-3.2027649769585262,-5.166666666666669,"-2.62,-5.17,-5.00,-0.04",4,10,-17.428571428571434,7.0
low<=35_close55-75_green,NO,flat,30-35,85,217,62.92626728110599,0.7327188940092166,0.7403090268365411,-0.6451612903225817,-4.537037037037038,"-0.35,-1.56,-4.54,3.85",5,10,-14.571428571428575,7.0
low<=35_close55-75_green,NO,flat,30-35,90,217,62.92626728110599,0.695852534562212,0.6991807475678443,-0.29953917050691364,-4.4444444444444455,"0.11,-1.28,-4.44,4.41",4,10,-11.714285714285719,7.0
low<=35_close55-75_green,NO,flat,30-35,99,217,62.92626728110599,0.6221198156682027,0.6356188614253131,-1.3364055299539181,-4.2777777777777795,"2.89,-4.28,-2.28,-1.76",5,10,-21.708333333333332,7.0
low<=35_close55-75_green,NO,with25-75,20-25,60,37,63.67567567567568,0.918918918918919,1.0612612612612613,-8.54054054054054,-11.200000000000001,"-11.20,-4.67,-9.67,-8.33",2,10,-20.75,6.0
low<=35_close55-75_green,NO,with25-75,20-25,70,37,63.67567567567568,0.8378378378378378,0.9096525096525097,-5.027027027027029,-16.2,"-16.20,5.33,-0.78,-7.22",5,10,-30.75,6.0
low<=35_close55-75_green,NO,with25-75,20-25,80,37,63.67567567567568,0.7837837837837838,0.7959459459459459,-0.9729729729729741,-17.2,"-17.20,6.44,8.11,0.56",7,10,-25.75,6.0
low<=35_close55-75_green,NO,with25-75,20-25,85,37,63.67567567567568,0.7567567567567568,0.7491255961844198,0.6486486486486482,-22.7,"-22.70,10.89,12.56,4.44",8,10,-23.25,6.0
low<=35_close55-75_green,NO,with25-75,20-25,90,37,63.67567567567568,0.7297297297297297,0.7075075075075076,1.9999999999999996,-20.2,"-20.20,15.33,17.00,-1.67",7,10,-20.75,6.0
low<=35_close55-75_green,NO,with25-75,20-25,99,37,63.67567567567568,0.5945945945945946,0.6431886431886432,-4.8108108108108105,-17.66666666666667,"-15.70,1.33,14.00,-17.67",5,10,-32.0,6.0
low<=35_close55-75_green,NO,with25-75,25-30,60,69,64.71014492753623,0.9710144927536232,1.0785024154589373,-6.449275362318842,-9.411764705882355,"-8.72,-5.18,-2.35,-9.41",0,10,-12.4,6.0
low<=35_close55-75_green,NO,with25-75,25-30,70,69,64.71014492753623,0.8260869565217391,0.9244306418219462,-6.884057971014493,-14.833333333333334,"-14.83,0.71,-12.94,-0.00",4,10,-17.4,6.0
low<=35_close55-75_green,NO,with25-75,25-30,80,69,64.71014492753623,0.6956521739130435,0.8088768115942029,-9.057971014492754,-18.11764705882353,"-16.50,-18.12,-5.88,4.71",3,10,-36.5,6.0
low<=35_close55-75_green,NO,with25-75,25-30,85,69,64.71014492753623,0.6811594202898551,0.7612958226768969,-6.811594202898551,-15.176470588235293,"-13.44,-15.18,-2.35,4.12",4,10,-34.833333333333336,6.0
low<=35_close55-75_green,NO,with25-75,25-30,90,69,64.71014492753623,0.6811594202898551,0.7190016103059581,-3.4057971014492754,-12.235294117647058,"-10.39,-12.24,1.18,8.24",6,10,-33.166666666666664,6.0
low<=35_close55-75_green,NO,with25-75,25-30,99,69,64.71014492753623,0.6521739130434783,0.6536378275508711,-0.14492753623188417,-12.764705882352942,"-10.39,-12.76,7.53,15.65",6,10,-30.166666666666668,6.0
low<=35_close55-75_green,NO,with25-75,30-35,60,77,66.97402597402598,1.0,1.1162337662337662,-6.974025974025974,-7.7368421052631575,"-6.30,-7.42,-6.47,-7.74",0,10,-9.8,6.0
low<=35_close55-75_green,NO,with25-75,30-35,70,77,66.97402597402598,0.922077922077922,0.9567717996289425,-2.4285714285714284,-8.789473684210526,"3.70,-4.79,-0.16,-8.79",5,10,-23.8,6.0
low<=35_close55-75_green,NO,with25-75,30-35,80,77,66.97402597402598,0.8181818181818182,0.8371753246753247,-1.5194805194805194,-12.68421052631579,"9.70,-12.68,0.89,-4.58",4,10,-17.8,6.0
low<=35_close55-75_green,NO,with25-75,30-35,85,77,66.97402597402598,0.7532467532467533,0.7879297173414821,-2.948051948051948,-18.210526315789473,"14.45,-18.21,-3.84,-5.11",3,10,-18.8,6.0
low<=35_close55-75_green,NO,with25-75,30-35,90,77,66.97402597402598,0.7142857142857143,0.7441558441558442,-2.688311688311688,-20.05263157894737,"14.70,-20.05,-4.89,-1.42",4,10,-24.666666666666668,6.0
low<=35_close55-75_green,NO,with25-75,30-35,99,77,66.97402597402598,0.6233766233766234,0.6765053128689492,-5.259740259740259,-20.526315789473685,"12.90,-20.53,-9.16,-5.21",3,10,-31.666666666666668,6.0
low<=35_close55-75_green,YES,against25-75,25-30,60,37,60.648648648648646,0.972972972972973,1.0108108108108107,-2.2702702702702693,-7.222222222222222,"-1.00,0.00,-7.22,-1.00",2,9,-17.666666666666668,8.0
low<=35_close55-75_green,YES,against25-75,25-30,70,37,60.648648648648646,0.8648648648648649,0.8664092664092664,-0.10810810810810714,-13.88888888888889,"9.00,2.22,-13.89,1.22",5,9,-20.2,8.0
low<=35_close55-75_green,YES,against25-75,25-30,80,37,60.648648648648646,0.8108108108108109,0.758108108108108,4.216216216216216,-7.666666666666665,"19.00,11.11,-7.22,-7.67",4,9,-14.2,8.0
low<=35_close55-75_green,YES,against25-75,25-30,85,37,60.648648648648646,0.8108108108108109,0.7135135135135134,8.27027027027027,-4.333333333333332,"24.00,15.56,-3.89,-4.33",5,9,-11.2,8.0
low<=35_close55-75_green,YES,against25-75,25-30,90,37,60.648648648648646,0.7837837837837838,0.6738738738738739,9.891891891891891,-10.999999999999998,"29.00,20.00,-0.56,-11.00",6,9,-27.999999999999996,8.0
low<=35_close55-75_green,YES,against25-75,25-30,99,37,60.648648648648646,0.7567567567567568,0.6126126126126126,14.27027027027027,-5.999999999999998,"28.10,28.00,5.44,-6.00",7,9,-24.999999999999996,8.0
low<=35_close55-75_green,YES,against25-75,30-35,60,31,63.96774193548387,0.967741935483871,1.0661290322580645,-5.903225806451612,-12.500000000000002,"-2.87,-5.50,-2.29,-12.50",0,9,-21.33333333333334,8.0
low<=35_close55-75_green,YES,against25-75,30-35,70,31,63.96774193548387,0.8709677419354839,0.9138248847926267,-3.0,-13.0,"-1.62,-13.00,7.71,-3.75",5,9,-28.499999999999996,8.0
low<=35_close55-75_green,YES,against25-75,30-35,80,31,63.96774193548387,0.8709677419354839,0.7995967741935484,5.709677419354839,-5.5,"7.13,-5.50,17.71,5.00",5,9,-23.499999999999996,8.0
low<=35_close55-75_green,YES,against25-75,30-35,85,31,63.96774193548387,0.8387096774193549,0.752561669829222,7.32258064516129,-12.375,"11.50,-12.38,22.71,9.37",5,9,-34.0,8.0
low<=35_close55-75_green,YES,against25-75,30-35,90,31,63.96774193548387,0.8064516129032258,0.7107526881720431,8.612903225806452,-9.25,"15.88,-9.25,27.71,2.50",6,9,-32.333333333333336,8.0
low<=35_close55-75_green,YES,against25-75,30-35,99,31,63.96774193548387,0.7741935483870968,0.64613880742913,12.67741935483871,-3.625,"23.75,-3.62,36.71,-3.13",5,9,-29.333333333333332,8.0
low<=35_close55-75_green,YES,flat,15-20,60,58,63.41379310344828,0.9655172413793104,1.056896551724138,-5.482758620689655,-8.866666666666667,"-6.00,-3.14,-3.64,-8.87",1,10,-20.66666666666667,8.0
low<=35_close55-75_green,YES,flat,15-20,70,58,63.41379310344828,0.8448275862068966,0.905911330049261,-4.275862068965518,-10.666666666666664,"-10.67,6.86,-3.64,-8.87",3,10,-19.375,8.0
low<=35_close55-75_green,YES,flat,15-20,80,58,63.41379310344828,0.7586206896551724,0.7926724137931035,-2.724137931034483,-8.666666666666664,"-8.67,-0.29,4.93,-6.20",4,10,-13.125,8.0
low<=35_close55-75_green,YES,flat,15-20,85,58,63.41379310344828,0.7413793103448276,0.7460446247464503,-0.39655172413793094,-10.999999999999998,"-11.00,3.64,9.21,-2.53",5,10,-18.833333333333332,8.0
low<=35_close55-75_green,YES,flat,15-20,90,58,63.41379310344828,0.7068965517241379,0.7045977011494253,0.20689655172413782,-13.999999999999998,"-14.00,7.57,7.07,1.13",7,10,-31.333333333333332,8.0
low<=35_close55-75_green,YES,flat,15-20,99,58,63.41379310344828,0.6551724137931034,0.6405433646812957,1.4482758620689655,-9.199999999999998,"-9.20,7.57,7.07,1.13",6,10,-28.333333333333332,8.0
low<=35_close55-75_green,YES,flat,20-25,60,101,62.20792079207921,0.9405940594059405,1.0367986798679867,-5.772277227722772,-7.72,"-6.85,-2.72,-5.76,-7.72",0,10,-19.142857142857142,7.0
low<=35_close55-75_green,YES,flat,20-25,70,101,62.20792079207921,0.900990099009901,0.8886845827439886,0.8613861386138612,-2.16,"-0.31,4.48,-2.16,1.48",8,10,-22.0,7.0
low<=35_close55-75_green,YES,flat,20-25,80,101,62.20792079207921,0.8118811881188119,0.7775990099009901,2.742574257425743,-0.16000000000000028,"8.54,1.28,-0.16,1.08",7,10,-16.285714285714285,7.0
low<=35_close55-75_green,YES,flat,20-25,85,101,62.20792079207921,0.7722772277227723,0.73185789167152,3.4356435643564356,-1.5199999999999998,"9.69,-1.52,3.64,1.68",5,10,-13.428571428571429,7.0
low<=35_close55-75_green,YES,flat,20-25,90,101,62.20792079207921,0.7326732673267327,0.6911991199119912,3.732673267326733,-3.36,"13.92,-1.52,-3.36,5.48",5,10,-10.571428571428571,7.0
low<=35_close55-75_green,YES,flat,20-25,99,101,62.20792079207921,0.7029702970297029,0.6283628362836283,7.3861386138613865,-1.5600000000000003,"21.54,0.64,-1.56,8.36",6,10,-6.999999999999999,7.0
low<=35_close55-75_green,YES,flat,25-30,60,131,61.54961832061068,0.9694656488549618,1.025826972010178,-3.381679389312978,-8.71875,"-3.18,-1.52,-8.72,-0.27",1,10,-12.777777777777779,7.0
low<=35_close55-75_green,YES,flat,25-30,70,131,61.54961832061068,0.8549618320610687,0.8792802617230098,-1.7022900763358786,-8.40625,"2.27,-0.00,-8.41,-0.88",4,10,-20.0,7.0
low<=35_close55-75_green,YES,flat,25-30,80,131,61.54961832061068,0.7404580152671756,0.7693702290076335,-2.312977099236642,-8.030303030303031,"-8.03,-0.91,-3.09,2.76",5,10,-17.333333333333332,7.0
low<=35_close55-75_green,YES,flat,25-30,85,131,61.54961832061068,0.7099236641221374,0.7241131567130669,-1.2061068702290085,-7.272727272727274,"-7.27,0.30,0.66,1.55",6,10,-23.571428571428573,7.0
low<=35_close55-75_green,YES,flat,25-30,90,131,61.54961832061068,0.6946564885496184,0.6838846480067854,0.9694656488549614,-4.090909090909093,"-4.09,3.94,1.59,2.45",6,10,-21.428571428571427,7.0
low<=35_close55-75_green,YES,flat,25-30,99,131,61.54961832061068,0.6717557251908397,0.6217133163698049,4.9541984732824424,1.636363636363635,"1.64,7.48,8.06,2.73",6,10,-17.571428571428573,7.0
low<=35_close55-75_green,YES,flat,30-35,60,160,62.775,0.95,1.04625,-5.775,-7.65,"-6.80,-2.93,-7.65,-5.72",0,10,-11.928571428571429,7.0
low<=35_close55-75_green,YES,flat,30-35,70,160,62.775,0.8625,0.8967857142857143,-2.4,-9.15,"-2.80,-1.68,-9.15,4.03",4,10,-15.5,7.0
low<=35_close55-75_green,YES,flat,30-35,80,160,62.775,0.7375,0.7846875,-3.775,-7.65,"-2.30,-6.92,-7.65,1.78",4,10,-17.157894736842106,7.0
low<=35_close55-75_green,YES,flat,30-35,85,160,62.775,0.70625,0.7385294117647059,-2.74375,-10.65,"-0.68,-3.42,-10.65,3.78",4,10,-14.263157894736842,7.0
low<=35_close55-75_green,YES,flat,30-35,90,160,62.775,0.64375,0.6975,-4.8375,-12.15,"-6.05,-2.18,-12.15,1.03",3,10,-13.416666666666666,7.0
low<=35_close55-75_green,YES,flat,30-35,99,160,62.775,0.59375,0.634090909090909,-3.99375,-12.15,"-2.90,3.90,-12.15,-4.82",4,10,-16.791666666666668,7.0
low<=35_close55-75_green,YES,with25-75,15-20,60,34,63.8235294117647,0.9705882352941176,1.0637254901960784,-5.588235294117647,-11.749999999999998,"-2.67,-3.13,-11.75,-5.22",1,10,-13.0,7.0
low<=35_close55-75_green,YES,with25-75,15-20,70,34,63.8235294117647,0.8235294117647058,0.9117647058823529,-6.176470588235294,-20.5,"7.33,-10.63,-20.50,-3.00",6,10,-37.666666666666664,7.0
low<=35_close55-75_green,YES,with25-75,15-20,80,34,63.8235294117647,0.7647058823529411,0.7977941176470588,-2.6470588235294117,-23.125,"17.33,-23.12,-14.25,5.89",6,10,-34.333333333333336,7.0
low<=35_close55-75_green,YES,with25-75,15-20,85,34,63.8235294117647,0.7352941176470589,0.7508650519031141,-1.3235294117647058,-21.75,"22.33,-20.62,-21.75,10.33",6,10,-32.666666666666664,7.0
low<=35_close55-75_green,YES,with25-75,15-20,90,34,63.8235294117647,0.7058823529411765,0.7091503267973855,-0.2941176470588233,-30.5,"27.33,-18.12,-30.50,14.78",6,10,-31.0,7.0
low<=35_close55-75_green,YES,with25-75,15-20,99,34,63.8235294117647,0.5882352941176471,0.6446821152703506,-5.588235294117647,-27.125,"25.33,-26.00,-27.12,0.78",5,10,-67.5,7.0
low<=35_close55-75_green,YES,with25-75,20-25,60,44,63.06818181818182,0.9318181818181818,1.0511363636363638,-7.159090909090909,-10.363636363636365,"-5.27,-7.64,-5.36,-10.36",1,10,-18.333333333333336,6.0
low<=35_close55-75_green,YES,with25-75,20-25,70,44,63.06818181818182,0.7954545454545454,0.900974025974026,-7.386363636363637,-14.0,"-8.91,-4.91,-1.73,-14.00",3,10,-35.0,6.0
low<=35_close55-75_green,YES,with25-75,20-25,80,44,63.06818181818182,0.7272727272727273,0.7883522727272727,-4.886363636363637,-16.181818181818183,"-16.18,3.27,7.36,-14.00",4,10,-40.25,6.0
low<=35_close55-75_green,YES,with25-75,20-25,85,44,63.06818181818182,0.7045454545454546,0.7419786096256684,-3.1818181818181817,-21.181818181818183,"-21.18,7.36,11.91,-10.82",5,10,-39.25,6.0
low<=35_close55-75_green,YES,with25-75,20-25,90,44,63.06818181818182,0.6818181818181818,0.7007575757575758,-1.7045454545454546,-18.90909090909091,"-18.91,11.45,8.27,-7.64",6,10,-38.0,6.0
low<=35_close55-75_green,YES,with25-75,20-25,99,44,63.06818181818182,0.6136363636363636,0.6370523415977961,-2.3181818181818183,-23.818181818181817,"-23.82,0.82,15.64,-1.91",5,10,-58.333333333333336,6.0
low<=35_close55-75_green,YES,with25-75,25-30,60,97,66.01030927835052,0.979381443298969,1.100171821305842,-7.247422680412371,-7.916666666666667,"-6.28,-7.67,-7.17,-7.92",0,10,-14.25,6.0
low<=35_close55-75_green,YES,with25-75,25-30,70,97,66.01030927835052,0.865979381443299,0.9430044182621503,-5.391752577319588,-9.75,"-1.88,-9.75,-3.00,-7.08",3,10,-13.444444444444445,6.0
low<=35_close55-75_green,YES,with25-75,25-30,80,97,66.01030927835052,0.7835051546391752,0.8251288659793815,-3.329896907216495,-11.88,"-11.88,-8.50,6.17,1.25",4,10,-21.142857142857142,6.0
low<=35_close55-75_green,YES,with25-75,25-30,85,97,66.01030927835052,0.7216494845360825,0.7765918738629473,-4.670103092783505,-8.5,"-8.48,-8.50,3.67,-5.21",3,10,-18.285714285714285,6.0
low<=35_close55-75_green,YES,with25-75,25-30,90,97,66.01030927835052,0.6701030927835051,0.7334478808705613,-5.701030927835052,-9.166666666666666,"-8.68,-5.17,0.33,-9.17",4,10,-27.88888888888889,6.0
low<=35_close55-75_green,YES,with25-75,25-30,99,97,66.01030927835052,0.6185567010309279,0.6667708007914194,-4.77319587628866,-7.666666666666667,"-6.88,-3.29,-1.17,-7.67",3,10,-34.888888888888886,6.0
low<=35_close55-75_green,YES,with25-75,30-35,60,75,66.01333333333334,0.9866666666666667,1.1002222222222222,-6.8133333333333335,-7.2631578947368425,"-7.00,-6.11,-6.89,-7.26",0,10,-9.875,6.0
low<=35_close55-75_green,YES,with25-75,30-35,70,75,66.01333333333334,0.9466666666666667,0.943047619047619,0.25333333333333324,-3.473684210526316,"-0.68,-3.47,3.11,2.21",6,10,-4.000000000000001,6.0
low<=35_close55-75_green,YES,with25-75,30-35,80,75,66.01333333333334,0.8533333333333334,0.8251666666666667,2.2533333333333334,-11.368421052631579,"8.79,-11.37,8.67,3.26",7,10,-10.333333333333334,6.0
low<=35_close55-75_green,YES,with25-75,30-35,85,75,66.01333333333334,0.8266666666666667,0.7766274509803922,4.253333333333333,-7.947368421052632,"13.53,-7.95,8.67,3.00",8,10,-35.333333333333336,6.0
low<=35_close55-75_green,YES,with25-75,30-35,90,75,66.01333333333334,0.7866666666666666,0.7334814814814815,4.786666666666667,-9.263157894736842,"13.53,-9.26,8.11,6.95",7,10,-33.666666666666664,6.0
low<=35_close55-75_green,YES,with25-75,30-35,99,75,66.01333333333334,0.7333333333333333,0.6668013468013468,6.586666666666667,-8.789473684210526,"21.58,-8.79,10.11,3.63",6,10,-30.666666666666668,6.0
low<=40_close40-65_green,NO,against25-75,15-20,60,37,50.0,0.8378378378378378,0.8333333333333334,0.2702702702702691,-4.400000000000002,"-4.40,0.89,3.89,1.22",4,9,-11.000000000000004,8.0
low<=40_close40-65_green,NO,against25-75,15-20,70,37,50.0,0.8108108108108109,0.7142857142857143,6.756756756756757,2.000000000000001,"3.60,2.00,12.78,9.00",6,9,-6.0000000000000036,8.0
low<=40_close40-65_green,NO,against25-75,15-20,80,37,50.0,0.7027027027027027,0.625,6.216216216216216,-9.888888888888891,"11.60,9.78,12.78,-9.89",7,9,-41.0,8.0
low<=40_close40-65_green,NO,against25-75,15-20,85,37,50.0,0.5405405405405406,0.5882352941176471,-4.054054054054054,-24.11111111111111,"7.10,-24.11,7.22,-7.67",5,9,-41.0,8.0
low<=40_close40-65_green,NO,against25-75,15-20,90,37,50.0,0.5405405405405406,0.5555555555555556,-1.3513513513513522,-22.444444444444443,"10.60,-22.44,10.56,-5.44",5,9,-41.0,8.0
low<=40_close40-65_green,NO,against25-75,15-20,99,37,50.0,0.4864864864864865,0.5050505050505051,-1.8378378378378386,-19.444444444444443,"16.90,-19.44,5.56,-12.44",3,9,-41.0,8.0
low<=40_close40-65_green,NO,against25-75,20-25,60,47,48.59574468085106,0.7446808510638298,0.8099290780141843,-3.9148936170212774,-13.750000000000002,"-13.75,-3.92,6.27,-3.42",4,10,-19.75,8.0
low<=40_close40-65_green,NO,against25-75,20-25,70,47,48.59574468085106,0.7021276595744681,0.6942249240121581,0.5531914893617019,-7.916666666666669,"-7.92,-2.25,9.00,4.08",5,10,-14.750000000000002,8.0
low<=40_close40-65_green,NO,against25-75,20-25,80,47,48.59574468085106,0.6382978723404256,0.6074468085106383,2.4680851063829787,-8.750000000000002,"-8.75,4.42,17.18,-1.75",6,10,-32.8,8.0
low<=40_close40-65_green,NO,against25-75,20-25,85,47,48.59574468085106,0.6382978723404256,0.5717146433041301,5.659574468085107,-6.250000000000003,"-6.25,7.75,21.27,1.17",6,10,-31.799999999999994,8.0
low<=40_close40-65_green,NO,against25-75,20-25,90,47,48.59574468085106,0.5319148936170213,0.5399527186761229,-0.7234042553191492,-11.250000000000002,"-11.25,3.58,17.18,-10.92",5,10,-61.0,8.0
low<=40_close40-65_green,NO,against25-75,20-25,99,47,48.59574468085106,0.44680851063829785,0.4908661078873845,-4.361702127659575,-15.750000000000002,"-15.75,0.58,5.73,-7.17",5,10,-61.0,8.0
low<=40_close40-65_green,NO,against25-75,25-30,60,37,48.45945945945946,0.7297297297297297,0.8076576576576576,-4.675675675675675,-14.333333333333334,"-13.40,-14.33,8.22,1.78",4,9,-12.000000000000002,7.0
low<=40_close40-65_green,NO,against25-75,25-30,70,37,48.45945945945946,0.6756756756756757,0.6922779922779922,-1.162162162162163,-8.777777777777779,"-7.40,-8.78,9.33,2.89",4,9,-15.0,7.0
low<=40_close40-65_green,NO,against25-75,25-30,80,37,48.45945945945946,0.5405405405405406,0.6057432432432432,-5.216216216216217,-21.0,"-9.40,-21.00,8.22,1.78",4,9,-32.0,7.0
low<=40_close40-65_green,NO,against25-75,25-30,85,37,48.45945945945946,0.5135135135135135,0.5701112877583466,-4.8108108108108105,-19.333333333333332,"-6.90,-19.33,2.11,5.11",5,9,-31.0,7.0
low<=40_close40-65_green,NO,against25-75,25-30,90,37,48.45945945945946,0.4864864864864865,0.5384384384384384,-4.675675675675675,-17.666666666666668,"-4.40,-17.67,-5.11,8.44",4,9,-30.0,7.0
low<=40_close40-65_green,NO,against25-75,25-30,99,37,48.45945945945946,0.40540540540540543,0.4894894894894895,-8.324324324324325,-19.7,"-19.70,-14.67,-1.11,3.44",2,9,-59.00000000000001,7.0
low<=40_close40-65_green,NO,against25-75,30-35,60,62,48.854838709677416,0.7419354838709677,0.814247311827957,-4.338709677419355,-9.937500000000002,"-9.94,-7.27,-1.53,1.37",3,10,-26.4,7.0
low<=40_close40-65_green,NO,against25-75,30-35,70,62,48.854838709677416,0.6451612903225806,0.697926267281106,-3.693548387096774,-9.933333333333334,"-7.44,-9.93,1.80,0.75",4,10,-22.4,7.0
low<=40_close40-65_green,NO,against25-75,30-35,80,62,48.854838709677416,0.5645161290322581,0.6106854838709677,-3.693548387096775,-9.933333333333334,"-1.19,-9.93,-6.87,2.62",3,10,-22.714285714285715,7.0
low<=40_close40-65_green,NO,against25-75,30-35,85,62,48.854838709677416,0.532258064516129,0.5747628083491461,-3.6129032258064524,-7.6,"-3.38,-7.60,-4.20,0.44",3,10,-21.285714285714285,7.0
low<=40_close40-65_green,NO,against25-75,30-35,90,62,48.854838709677416,0.5,0.542831541218638,-3.8548387096774204,-7.533333333333335,"-6.19,-5.27,-7.53,3.25",2,10,-19.857142857142858,7.0
low<=40_close40-65_green,NO,against25-75,30-35,99,62,48.854838709677416,0.46774193548387094,0.49348321928967087,-2.5483870967741944,-7.875000000000002,"-7.88,-7.67,-3.33,8.31",3,10,-31.428571428571427,7.0
low<=40_close40-65_green,NO,against25-75,35+,60,45,51.6,0.9333333333333333,0.86,4.399999999999998,-4.272727272727273,"9.42,-4.27,8.09,3.91",8,10,-10.5,7.0
low<=40_close40-65_green,NO,against25-75,35+,70,45,51.6,0.8666666666666667,0.7371428571428572,9.066666666666665,-2.454545454545455,"13.58,-2.45,18.09,6.64",8,10,-5.5,7.0
low<=40_close40-65_green,NO,against25-75,35+,80,45,51.6,0.8222222222222222,0.645,14.177777777777775,-2.454545454545455,"22.75,-2.45,20.82,14.82",8,10,-1.8750000000000018,7.0
low<=40_close40-65_green,NO,against25-75,35+,85,45,51.6,0.7111111111111111,0.6070588235294118,8.844444444444443,-14.727272727272727,"20.25,-14.73,9.91,18.91",8,10,-22.0,7.0
low<=40_close40-65_green,NO,against25-75,35+,90,45,51.6,0.6666666666666666,0.5733333333333334,8.399999999999999,-12.454545454545455,"16.92,-12.45,13.55,14.82",8,10,-20.0,7.0
low<=40_close40-65_green,NO,against25-75,35+,99,45,51.6,0.6222222222222222,0.5212121212121212,10.0,-8.363636363636363,"23.67,-8.36,11.09,12.36",6,10,-16.4,7.0
low<=40_close40-65_green,NO,flat,15-20,60,99,48.61616161616162,0.6868686868686869,0.8102693602693604,-7.404040404040404,-12.52,"-7.64,-4.48,-4.88,-12.52",2,10,-16.466666666666665,7.0
low<=40_close40-65_green,NO,flat,15-20,70,99,48.61616161616162,0.6262626262626263,0.6945165945165945,-4.777777777777778,-9.319999999999999,"-3.24,-2.88,-3.63,-9.32",2,10,-16.466666666666665,7.0
low<=40_close40-65_green,NO,flat,15-20,80,99,48.61616161616162,0.5050505050505051,0.6077020202020202,-8.212121212121213,-10.708333333333336,"-6.04,-9.28,-10.71,-6.92",2,10,-23.133333333333333,7.0
low<=40_close40-65_green,NO,flat,15-20,85,99,48.61616161616162,0.48484848484848486,0.5719548425430778,-7.404040404040404,-10.28,"-3.24,-10.28,-8.42,-7.72",3,10,-21.8,7.0
low<=40_close40-65_green,NO,flat,15-20,90,99,48.61616161616162,0.46464646464646464,0.5401795735129069,-6.797979797979798,-11.68,"-0.44,-11.68,-9.88,-5.32",4,10,-20.466666666666665,7.0
low<=40_close40-65_green,NO,flat,15-20,99,99,48.61616161616162,0.4444444444444444,0.4910723395571881,-4.616161616161616,-12.04,"0.64,-12.04,-6.13,-1.00",4,10,-18.066666666666666,7.0
low<=40_close40-65_green,NO,flat,20-25,60,118,49.11864406779661,0.7542372881355932,0.8186440677966101,-3.8644067796610178,-7.724137931034486,"-1.60,-7.72,-4.55,-1.73",3,10,-15.230769230769228,7.0
low<=40_close40-65_green,NO,flat,20-25,70,118,49.11864406779661,0.7033898305084746,0.7016949152542372,0.11864406779660969,-8.068965517241383,"6.40,-8.07,0.28,1.60",6,10,-15.230769230769228,7.0
low<=40_close40-65_green,NO,flat,20-25,80,118,49.11864406779661,0.6186440677966102,0.6139830508474576,0.3728813559322019,-7.724137931034486,"9.07,-7.72,-1.10,0.93",6,10,-16.769230769230766,7.0
low<=40_close40-65_green,NO,flat,20-25,85,118,49.11864406779661,0.5847457627118644,0.5778664007976072,0.5847457627118627,-11.000000000000004,"9.90,-11.00,-1.10,4.10",5,10,-14.846153846153843,7.0
low<=40_close40-65_green,NO,flat,20-25,90,118,49.11864406779661,0.5423728813559322,0.5457627118644067,-0.30508474576271233,-8.758620689655176,"10.40,-8.76,-4.55,1.27",5,10,-26.76923076923077,7.0
low<=40_close40-65_green,NO,flat,20-25,99,118,49.11864406779661,0.4830508474576271,0.4961479198767334,-1.2966101694915255,-8.137931034482762,"9.80,-8.14,-3.62,-3.53",5,10,-24.692307692307693,7.0
low<=40_close40-65_green,NO,flat,25-30,60,143,50.53846153846154,0.7902097902097902,0.8423076923076923,-3.1258741258741267,-5.571428571428573,"-4.00,1.25,-5.57,-4.25",3,10,-7.26923076923077,6.0
low<=40_close40-65_green,NO,flat,25-30,70,143,50.53846153846154,0.6993006993006993,0.721978021978022,-1.587412587412588,-7.6111111111111125,"-7.61,1.81,-1.86,1.31",4,10,-15.5,6.0
low<=40_close40-65_green,NO,flat,25-30,80,143,50.53846153846154,0.6153846153846154,0.6317307692307692,-1.3076923076923084,-6.142857142857144,"-5.67,2.36,-6.14,4.08",4,10,-17.454545454545453,6.0
low<=40_close40-65_green,NO,flat,25-30,85,143,50.53846153846154,0.5734265734265734,0.5945701357466063,-1.797202797202798,-10.571428571428573,"-7.47,3.19,-10.57,7.42",5,10,-19.714285714285715,6.0
low<=40_close40-65_green,NO,flat,25-30,90,143,50.53846153846154,0.5594405594405595,0.5615384615384615,-0.18881118881118922,-8.142857142857144,"-7.33,6.25,-8.14,8.25",5,10,-30.428571428571427,6.0
low<=40_close40-65_green,NO,flat,25-30,99,143,50.53846153846154,0.5104895104895105,0.5104895104895105,-3.9750642560005605e-16,-9.42857142857143,"-8.33,11.75,-9.43,5.75",4,10,-27.857142857142858,6.0
low<=40_close40-65_green,NO,flat,30-35,60,230,51.982608695652175,0.8,0.8663768115942029,-3.9826086956521753,-8.982758620689657,"-3.31,-2.25,-1.32,-8.98",3,10,-11.750000000000002,6.0
low<=40_close40-65_green,NO,flat,30-35,70,230,51.982608695652175,0.7043478260869566,0.7426086956521739,-2.6782608695652184,-8.982758620689657,"-3.66,2.32,-0.26,-8.98",4,10,-12.861111111111112,6.0
low<=40_close40-65_green,NO,flat,30-35,80,230,51.982608695652175,0.6086956521739131,0.6497826086956522,-3.286956521739131,-12.431034482758623,"-3.66,3.02,0.09,-12.43",4,10,-12.65625,6.0
low<=40_close40-65_green,NO,flat,30-35,85,230,51.982608695652175,0.5956521739130435,0.6115601023017903,-1.3521739130434787,-9.931034482758623,"-2.10,4.95,1.84,-9.93",4,10,-10.210526315789474,6.0
low<=40_close40-65_green,NO,flat,30-35,90,230,51.982608695652175,0.5652173913043478,0.577584541062802,-1.1130434782608702,-7.431034482758623,"-2.28,5.12,0.26,-7.43",4,10,-10.46875,6.0
low<=40_close40-65_green,NO,flat,30-35,99,230,51.982608695652175,0.508695652173913,0.5250768555116382,-1.621739130434783,-9.758620689655174,"-0.72,3.86,0.26,-9.76",4,10,-18.625,6.0
low<=40_close40-65_green,NO,flat,35+,60,153,54.66013071895425,0.8627450980392157,0.9110021786492375,-2.895424836601309,-4.3421052631578965,"-3.49,-0.13,-3.61,-4.34",3,10,-9.687500000000002,6.0
low<=40_close40-65_green,NO,flat,35+,70,153,54.66013071895425,0.738562091503268,0.780859010270775,-2.9607843137254912,-5.7948717948717965,"-5.79,-0.13,-0.45,-5.39",4,10,-10.937500000000002,6.0
low<=40_close40-65_green,NO,flat,35+,80,153,54.66013071895425,0.6928104575163399,0.6832516339869281,0.7647058823529405,-0.9230769230769246,"-0.92,-0.66,5.34,-0.66",5,10,-6.000000000000002,6.0
low<=40_close40-65_green,NO,flat,35+,85,153,54.66013071895425,0.6274509803921569,0.6430603613994618,-1.3267973856209159,-8.421052631578949,"-6.31,-8.42,6.92,2.63",4,10,-15.0,6.0
low<=40_close40-65_green,NO,flat,35+,90,153,54.66013071895425,0.6209150326797386,0.6073347857661583,1.2222222222222219,-5.657894736842107,"-3.49,-5.66,10.61,3.55",5,10,-12.692307692307692,6.0
low<=40_close40-65_green,NO,flat,35+,99,153,54.66013071895425,0.5751633986928104,0.5521225325146893,2.281045751633987,-6.025641025641027,"-6.03,-5.89,14.63,6.63",7,10,-16.153846153846153,6.0
low<=40_close40-65_green,NO,with25-75,20-25,60,33,55.90909090909091,0.8181818181818182,0.9318181818181818,-6.81818181818182,-12.333333333333336,"-12.33,-5.50,-4.13,-4.63",5,10,-34.333333333333336,6.0
low<=40_close40-65_green,NO,with25-75,20-25,70,33,55.90909090909091,0.7272727272727273,0.7987012987012987,-5.000000000000002,-13.444444444444448,"-13.44,-5.50,-4.13,4.12",4,10,-54.333333333333336,6.0
low<=40_close40-65_green,NO,with25-75,20-25,80,33,55.90909090909091,0.696969696969697,0.6988636363636364,-0.15151515151515302,-16.777777777777782,"-16.78,2.00,3.37,12.87",6,10,-54.333333333333336,6.0
low<=40_close40-65_green,NO,with25-75,20-25,85,33,55.90909090909091,0.696969696969697,0.6577540106951871,3.3333333333333317,-14.555555555555559,"-14.56,5.75,7.12,17.25",7,10,-54.333333333333336,6.0
low<=40_close40-65_green,NO,with25-75,20-25,90,33,55.90909090909091,0.696969696969697,0.6212121212121212,6.818181818181817,-12.333333333333336,"-12.33,9.50,10.87,21.62",8,10,-54.333333333333336,6.0
low<=40_close40-65_green,NO,with25-75,20-25,99,33,55.90909090909091,0.5757575757575758,0.5647382920110192,1.0909090909090906,-8.333333333333336,"-8.33,3.87,5.25,4.75",6,10,-54.333333333333336,6.0
low<=40_close40-65_green,NO,with25-75,25-30,60,43,56.72093023255814,0.9069767441860465,0.9453488372093023,-2.3023255813953507,-7.900000000000001,"-1.00,2.45,-7.90,-3.27",5,10,-10.500000000000004,6.0
low<=40_close40-65_green,NO,with25-75,25-30,70,43,56.72093023255814,0.7674418604651163,0.8102990033222591,-3.0000000000000004,-13.9,"-4.64,-0.27,-13.90,5.82",5,10,-20.500000000000004,6.0
low<=40_close40-65_green,NO,with25-75,25-30,80,43,56.72093023255814,0.5813953488372093,0.7090116279069767,-10.209302325581396,-28.45454545454546,"-11.91,-28.45,-7.90,7.64",3,10,-39.75,6.0
low<=40_close40-65_green,NO,with25-75,25-30,85,43,56.72093023255814,0.5813953488372093,0.6673050615595075,-7.3023255813953485,-26.63636363636364,"-9.18,-26.64,-4.90,11.73",3,10,-38.5,6.0
low<=40_close40-65_green,NO,with25-75,25-30,90,43,56.72093023255814,0.5813953488372093,0.6302325581395348,-4.395348837209302,-24.818181818181824,"-6.45,-24.82,-1.90,15.82",5,10,-37.25,6.0
low<=40_close40-65_green,NO,with25-75,25-30,99,43,56.72093023255814,0.5348837209302325,0.572938689217759,-3.7674418604651163,-30.54545454545455,"-10.55,-30.55,3.50,23.18",6,10,-55.5,6.0
low<=40_close40-65_green,NO,with25-75,30-35,60,36,57.22222222222222,0.9444444444444444,0.9537037037037037,-0.5555555555555574,-9.66666666666667,"4.00,-9.67,3.78,-0.33",4,10,-22.5,6.0
low<=40_close40-65_green,NO,with25-75,30-35,70,36,57.22222222222222,0.75,0.8174603174603174,-4.722222222222224,-29.22222222222222,"14.00,-1.89,-1.78,-29.22",4,10,-62.0,6.0
low<=40_close40-65_green,NO,with25-75,30-35,80,36,57.22222222222222,0.7222222222222222,0.7152777777777778,0.5555555555555538,-24.77777777777778,"24.00,5.89,-2.89,-24.78",4,10,-62.0,6.0
low<=40_close40-65_green,NO,with25-75,30-35,85,36,57.22222222222222,0.6666666666666666,0.6732026143790849,-0.5555555555555569,-22.555555555555557,"29.00,0.33,-9.00,-22.56",4,10,-62.0,6.0
low<=40_close40-65_green,NO,with25-75,30-35,90,36,57.22222222222222,0.6388888888888888,0.6358024691358024,0.27777777777777657,-30.333333333333332,"34.00,3.67,-6.22,-30.33",4,10,-62.0,6.0
low<=40_close40-65_green,NO,with25-75,30-35,99,36,57.22222222222222,0.5555555555555556,0.5780022446689114,-2.222222222222223,-27.333333333333332,"43.00,-1.33,-23.22,-27.33",3,10,-62.0,6.0
low<=40_close40-65_green,YES,against25-75,<=15,60,30,48.03333333333333,0.7333333333333333,0.8005555555555556,-4.033333333333333,-12.142857142857142,"-7.25,-12.14,3.57,-0.38",4,10,-46.0,8.0
low<=40_close40-65_green,YES,against25-75,<=15,70,30,48.03333333333333,0.7,0.6861904761904761,0.9666666666666665,-16.428571428571427,"-1.00,-16.43,12.14,8.38",4,10,-46.0,8.0
low<=40_close40-65_green,YES,against25-75,<=15,80,30,48.03333333333333,0.5333333333333333,0.6004166666666666,-5.366666666666666,-14.75,"-14.75,-12.14,9.29,-2.88",4,10,-53.5,8.0
low<=40_close40-65_green,YES,against25-75,<=15,85,30,48.03333333333333,0.4666666666666667,0.5650980392156862,-8.366666666666667,-12.875,"-12.88,-10.00,-11.43,0.25",4,10,-53.5,8.0
low<=40_close40-65_green,YES,against25-75,<=15,90,30,48.03333333333333,0.43333333333333335,0.5337037037037037,-9.033333333333333,-11.0,"-11.00,-7.86,-9.29,-7.88",3,10,-53.5,8.0
low<=40_close40-65_green,YES,against25-75,<=15,99,30,48.03333333333333,0.36666666666666664,0.48518518518518516,-11.733333333333333,-19.571428571428573,"-7.62,-4.00,-19.57,-15.75",4,10,-61.0,8.0
low<=40_close40-65_green,YES,against25-75,20-25,60,48,48.583333333333336,0.7708333333333334,0.8097222222222222,-2.333333333333333,-5.75,"-5.08,-2.67,4.17,-5.75",2,9,-18.0,8.0
low<=40_close40-65_green,YES,against25-75,20-25,70,48,48.583333333333336,0.6875,0.6940476190476191,-0.45833333333333304,-9.916666666666666,"-4.25,4.83,7.50,-9.92",5,9,-48.0,8.0
low<=40_close40-65_green,YES,against25-75,20-25,80,48,48.583333333333336,0.5833333333333334,0.6072916666666667,-1.9166666666666667,-5.083333333333333,"-5.08,-1.00,2.50,-4.08",5,9,-48.0,8.0
low<=40_close40-65_green,YES,against25-75,20-25,85,48,48.583333333333336,0.5625,0.5715686274509805,-0.7708333333333334,-5.166666666666665,"-2.58,-5.17,5.83,-1.17",4,9,-48.0,8.0
low<=40_close40-65_green,YES,against25-75,20-25,90,48,48.583333333333336,0.5416666666666666,0.5398148148148149,0.16666666666666652,-7.583333333333333,"-7.58,-2.67,9.17,1.75",4,9,-48.0,8.0
low<=40_close40-65_green,YES,against25-75,20-25,99,48,48.583333333333336,0.4791666666666667,0.49074074074074076,-1.1458333333333333,-9.5,"-3.83,-6.42,15.17,-9.50",4,9,-48.0,8.0
low<=40_close40-65_green,YES,against25-75,25-30,60,68,49.705882352941174,0.7941176470588235,0.8284313725490196,-2.0588235294117645,-11.294117647058824,"0.88,-11.29,-5.47,7.65",6,9,-21.727272727272727,7.0
low<=40_close40-65_green,YES,against25-75,25-30,70,68,49.705882352941174,0.6764705882352942,0.7100840336134453,-2.3529411764705883,-10.176470588235293,"0.88,-8.94,-10.18,8.82",4,9,-22.125,7.0
low<=40_close40-65_green,YES,against25-75,25-30,80,68,49.705882352941174,0.6617647058823529,0.6213235294117647,3.235294117647059,-4.294117647058823,"7.94,-3.06,-4.29,12.35",5,9,-18.375,7.0
low<=40_close40-65_green,YES,against25-75,25-30,85,68,49.705882352941174,0.6323529411764706,0.5847750865051903,4.044117647058823,-6.352941176470588,"11.47,-0.12,-6.35,11.18",6,9,-27.125,7.0
low<=40_close40-65_green,YES,against25-75,25-30,90,68,49.705882352941174,0.6176470588235294,0.5522875816993463,5.882352941176471,-3.705882352941176,"15.00,2.82,-3.71,9.41",6,9,-25.875,7.0
low<=40_close40-65_green,YES,against25-75,25-30,99,68,49.705882352941174,0.6029411764705882,0.5020796197266785,9.985294117647058,1.0588235294117652,"21.35,2.29,1.06,15.24",6,9,-23.625,7.0
low<=40_close40-65_green,YES,against25-75,30-35,60,51,48.72549019607843,0.7647058823529411,0.8120915032679739,-2.843137254901961,-10.846153846153847,"-0.92,0.92,-0.33,-10.85",5,9,-25.2,7.0
low<=40_close40-65_green,YES,against25-75,30-35,70,51,48.72549019607843,0.6862745098039216,0.696078431372549,-0.6862745098039215,-10.076923076923077,"1.38,4.00,2.17,-10.08",4,9,-21.2,7.0
low<=40_close40-65_green,YES,against25-75,30-35,80,51,48.72549019607843,0.6470588235294118,0.6090686274509804,3.0392156862745097,-4.6923076923076925,"8.31,5.54,3.00,-4.69",7,9,-17.714285714285715,7.0
low<=40_close40-65_green,YES,against25-75,30-35,85,51,48.72549019607843,0.6274509803921569,0.5732410611303345,4.607843137254902,-2.0000000000000004,"11.77,2.46,6.33,-2.00",7,9,-27.714285714285715,7.0
low<=40_close40-65_green,YES,against25-75,30-35,90,51,48.72549019607843,0.5882352941176471,0.5413943355119826,4.215686274509804,-6.230769230769231,"8.31,5.54,9.67,-6.23",5,9,-26.285714285714285,7.0
low<=40_close40-65_green,YES,against25-75,30-35,99,51,48.72549019607843,0.5686274509803921,0.4921766686472569,7.568627450980392,-9.692307692307692,"13.85,11.08,15.67,-9.69",5,9,-23.714285714285715,7.0
low<=40_close40-65_green,YES,against25-75,35+,60,45,51.44444444444444,0.7333333333333333,0.8574074074074074,-7.444444444444445,-11.909090909090908,"-9.33,-9.00,0.64,-11.91",4,10,-47.0,6.0
low<=40_close40-65_green,YES,against25-75,35+,70,45,51.44444444444444,0.5777777777777777,0.7349206349206349,-11.0,-14.454545454545455,"-8.50,-14.45,-9.36,-11.91",4,10,-47.0,6.0
low<=40_close40-65_green,YES,against25-75,35+,80,45,51.44444444444444,0.4222222222222222,0.6430555555555555,-17.666666666666668,-23.545454545454547,"-9.33,-23.55,-17.55,-21.00",4,10,-50.142857142857146,6.0
low<=40_close40-65_green,YES,against25-75,35+,85,45,51.44444444444444,0.4,0.6052287581699346,-17.444444444444443,-21.727272727272727,"-13.92,-21.73,-15.27,-19.18",3,10,-50.142857142857146,6.0
low<=40_close40-65_green,YES,against25-75,35+,90,45,51.44444444444444,0.4,0.571604938271605,-15.444444444444445,-19.90909090909091,"-11.83,-19.91,-13.00,-17.36",5,10,-50.142857142857146,6.0
low<=40_close40-65_green,YES,against25-75,35+,99,45,51.44444444444444,0.35555555555555557,0.5196408529741863,-16.244444444444444,-17.90909090909091,"-16.33,-16.64,-17.91,-14.09",4,10,-50.142857142857146,6.0
low<=40_close40-65_green,YES,flat,<=15,60,40,46.225,0.725,0.7704166666666666,-2.725,-12.3,"2.30,9.50,-12.30,-10.40",5,10,-46.0,7.0
low<=40_close40-65_green,YES,flat,<=15,70,40,46.225,0.675,0.6603571428571429,1.025,-6.3,"10.30,4.50,-6.30,-4.40",3,10,-46.0,7.0
low<=40_close40-65_green,YES,flat,<=15,80,40,46.225,0.55,0.5778125000000001,-2.225,-16.3,"10.30,3.50,-16.30,-6.40",5,10,-46.0,7.0
low<=40_close40-65_green,YES,flat,<=15,85,40,46.225,0.5,0.5438235294117647,-3.725,-22.8,"13.80,-2.00,-22.80,-3.90",4,10,-46.0,7.0
low<=40_close40-65_green,YES,flat,<=15,90,40,46.225,0.475,0.5136111111111111,-3.475,-21.3,"17.30,-8.50,-21.30,-1.40",3,10,-46.0,7.0
low<=40_close40-65_green,YES,flat,<=15,99,40,46.225,0.4,0.46691919191919196,-6.625,-18.6,"3.80,-14.80,-18.60,3.10",3,10,-46.0,7.0
low<=40_close40-65_green,YES,flat,15-20,60,85,48.38823529411765,0.7411764705882353,0.8064705882352942,-3.9176470588235293,-9.09090909090909,"-9.09,-4.81,-1.19,-0.33",3,10,-13.000000000000004,7.0
low<=40_close40-65_green,YES,flat,15-20,70,85,48.38823529411765,0.6470588235294118,0.6912605042016807,-3.0941176470588236,-8.636363636363635,"-8.64,-4.33,-0.24,1.10",3,10,-21.000000000000004,7.0
low<=40_close40-65_green,YES,flat,15-20,80,85,48.38823529411765,0.5764705882352941,0.6048529411764706,-2.2705882352941176,-6.363636363636362,"-6.36,-1.95,-1.19,0.62",4,10,-17.000000000000004,7.0
low<=40_close40-65_green,YES,flat,15-20,85,85,48.38823529411765,0.5529411764705883,0.5692733564013841,-1.388235294117647,-7.499999999999999,"-7.50,-3.14,1.67,3.71",4,10,-17.0,7.0
low<=40_close40-65_green,YES,flat,15-20,90,85,48.38823529411765,0.5176470588235295,0.5376470588235295,-1.8,-13.181818181818182,"-13.18,-0.52,0.24,6.81",3,10,-16.272727272727273,7.0
low<=40_close40-65_green,YES,flat,15-20,99,85,48.38823529411765,0.49411764705882355,0.48877005347593583,0.5294117647058822,-9.499999999999998,"-9.50,4.19,0.24,7.67",4,10,-16.6,7.0
low<=40_close40-65_green,YES,flat,20-25,60,145,50.90344827586207,0.7655172413793103,0.8483908045977011,-4.972413793103448,-6.297297297297298,"-6.30,-3.14,-4.64,-5.78",2,10,-25.125,6.0
low<=40_close40-65_green,YES,flat,20-25,70,145,50.90344827586207,0.7241379310344828,0.727192118226601,-0.2137931034482757,-2.5135135135135145,"-2.51,2.69,-0.75,-0.22",7,10,-28.875,6.0
low<=40_close40-65_green,YES,flat,20-25,80,145,50.90344827586207,0.6620689655172414,0.6362931034482758,2.0620689655172413,-2.4166666666666665,"2.35,5.75,-2.42,2.56",7,10,-25.125,6.0
low<=40_close40-65_green,YES,flat,20-25,85,145,50.90344827586207,0.6275862068965518,0.5988640973630831,2.4413793103448276,-1.7222222222222223,"3.43,6.86,-1.72,1.17",6,10,-23.25,6.0
low<=40_close40-65_green,YES,flat,20-25,90,145,50.90344827586207,0.5793103448275863,0.5655938697318008,1.2344827586206897,-3.8055555555555554,"-0.62,5.19,-3.81,4.22",6,10,-32.625,6.0
low<=40_close40-65_green,YES,flat,20-25,99,145,50.90344827586207,0.5517241379310345,0.5141762452107279,3.717241379310345,-1.8055555555555556,"4.49,7.94,-1.81,4.22",6,10,-30.375,6.0
low<=40_close40-65_green,YES,flat,25-30,60,174,50.37356321839081,0.7758620689655172,0.8395593869731801,-3.82183908045977,-7.545454545454546,"-4.50,3.35,-6.49,-7.55",2,10,-12.0,6.0
low<=40_close40-65_green,YES,flat,25-30,70,174,50.37356321839081,0.6896551724137931,0.7196223316912972,-2.0977011494252875,-8.813953488372093,"-1.77,7.53,-8.81,-5.27",4,10,-16.23076923076923,6.0
low<=40_close40-65_green,YES,flat,25-30,80,174,50.37356321839081,0.5862068965517241,0.6296695402298851,-3.4770114942528734,-9.500000000000002,"-9.50,2.88,-4.63,-2.55",4,10,-22.583333333333332,6.0
low<=40_close40-65_green,YES,flat,25-30,85,174,50.37356321839081,0.5632183908045977,0.59263015551048,-2.5,-8.931818181818183,"-8.93,4.28,-1.72,-3.45",4,10,-20.916666666666668,6.0
low<=40_close40-65_green,YES,flat,25-30,90,174,50.37356321839081,0.5517241379310345,0.55970625798212,-0.7183908045977011,-6.545454545454547,"-6.55,5.44,-0.91,-0.73",4,10,-19.25,6.0
low<=40_close40-65_green,YES,flat,25-30,99,174,50.37356321839081,0.5287356321839081,0.5088238708928364,1.971264367816092,-4.500000000000001,"-4.50,8.79,4.12,-0.32",4,10,-16.25,6.0
low<=40_close40-65_green,YES,flat,30-35,60,181,52.52486187845304,0.7900552486187845,0.875414364640884,-5.121546961325967,-5.955555555555556,"-4.41,-4.71,-5.42,-5.96",2,10,-12.53846153846154,6.0
low<=40_close40-65_green,YES,flat,30-35,70,181,52.52486187845304,0.6629834254143646,0.7503551696921863,-6.116022099447513,-8.933333333333334,"-7.02,-8.93,-8.53,0.04",2,10,-13.791666666666666,6.0
low<=40_close40-65_green,YES,flat,30-35,80,181,52.52486187845304,0.56353591160221,0.656560773480663,-7.441988950276243,-13.155555555555555,"-7.46,-13.16,-7.64,-1.51",1,10,-19.045454545454547,6.0
low<=40_close40-65_green,YES,flat,30-35,85,181,52.52486187845304,0.5414364640883977,0.6179395515112122,-6.502762430939226,-10.6,"-6.48,-10.60,-10.53,1.60",3,10,-17.0,6.0
low<=40_close40-65_green,YES,flat,30-35,90,181,52.52486187845304,0.49171270718232046,0.583609576427256,-8.2707182320442,-12.088888888888889,"-9.63,-8.04,-12.09,-3.29",1,10,-15.875,6.0
low<=40_close40-65_green,YES,flat,30-35,99,181,52.52486187845304,0.430939226519337,0.5305541603884145,-9.861878453038674,-14.688888888888888,"-7.48,-3.44,-14.69,-13.89",1,10,-18.6875,6.0
low<=40_close40-65_green,YES,flat,35+,60,161,54.2360248447205,0.8074534161490683,0.9039337474120083,-5.788819875776397,-7.975609756097561,"-7.98,-5.75,-5.85,-3.52",1,10,-20.142857142857142,6.0
low<=40_close40-65_green,YES,flat,35+,70,161,54.2360248447205,0.6832298136645962,0.7748003549245785,-6.409937888198757,-11.6,"-10.41,-2.75,-11.60,-0.78",3,10,-16.476190476190474,6.0
low<=40_close40-65_green,YES,flat,35+,80,161,54.2360248447205,0.6149068322981367,0.6779503105590062,-5.043478260869565,-13.35,"-6.02,2.75,-13.35,-3.52",2,10,-21.933333333333334,6.0
low<=40_close40-65_green,YES,flat,35+,85,161,54.2360248447205,0.5962732919254659,0.6380708805261235,-3.5527950310559007,-14.975,"-2.98,4.25,-14.97,-0.53",4,10,-25.6,6.0
low<=40_close40-65_green,YES,flat,35+,90,161,54.2360248447205,0.5590062111801242,0.6026224982746722,-3.9254658385093166,-14.85,"0.07,1.00,-14.85,-2.02",5,10,-29.933333333333334,6.0
low<=40_close40-65_green,YES,flat,35+,99,161,54.2360248447205,0.484472049689441,0.5478386347951565,-6.273291925465839,-18.225,"-1.68,4.15,-18.23,-9.45",3,10,-27.533333333333335,6.0
low<=40_close40-65_green,YES,with25-75,15-20,60,33,51.696969696969695,0.8484848484848485,0.8616161616161616,-0.7878787878787874,-2.3333333333333335,"-2.33,-0.25,-1.00,0.63",5,10,-16.333333333333336,6.0
low<=40_close40-65_green,YES,with25-75,15-20,70,33,51.696969696969695,0.7575757575757576,0.7385281385281385,1.3333333333333335,-2.3333333333333335,"-2.33,-0.25,-1.00,9.38",6,10,-54.0,6.0
low<=40_close40-65_green,YES,with25-75,15-20,80,33,51.696969696969695,0.696969696969697,0.6462121212121212,4.0606060606060606,-12.75,"4.33,-12.75,6.50,18.12",5,10,-54.0,6.0
low<=40_close40-65_green,YES,with25-75,15-20,85,33,51.696969696969695,0.6666666666666666,0.6081996434937611,4.96969696969697,-10.25,"7.67,-10.25,-0.37,22.50",5,10,-54.0,6.0
low<=40_close40-65_green,YES,with25-75,15-20,90,33,51.696969696969695,0.6363636363636364,0.5744107744107744,5.575757575757576,-8.5,"11.00,-7.75,-8.50,26.88",5,10,-54.0,6.0
low<=40_close40-65_green,YES,with25-75,15-20,99,33,51.696969696969695,0.5454545454545454,0.5221916131007039,2.303030303030303,-15.625,"6.00,-15.62,-4.00,22.38",4,10,-54.0,6.0
low<=40_close40-65_green,YES,with25-75,20-25,60,40,53.675,0.9,0.8945833333333333,0.32499999999999946,-13.4,"-13.40,5.90,-0.70,9.50",8,10,-22.5,6.0
low<=40_close40-65_green,YES,with25-75,20-25,70,40,53.675,0.7,0.7667857142857143,-4.675,-20.4,"-20.40,8.90,-5.70,-1.50",5,10,-29.166666666666668,6.0
low<=40_close40-65_green,YES,with25-75,20-25,80,40,53.675,0.65,0.6709375,-1.6750000000000007,-31.4,"-31.40,17.90,1.30,5.50",4,10,-31.666666666666668,6.0
low<=40_close40-65_green,YES,with25-75,20-25,85,40,53.675,0.65,0.6314705882352941,1.5749999999999997,-29.9,"-29.90,22.40,4.80,9.00",6,10,-30.0,6.0
low<=40_close40-65_green,YES,with25-75,20-25,90,40,53.675,0.65,0.5963888888888889,4.825,-28.4,"-28.40,26.90,8.30,12.50",6,10,-28.333333333333332,6.0
low<=40_close40-65_green,YES,with25-75,20-25,99,40,53.675,0.575,0.5421717171717172,3.25,-25.7,"-25.70,15.20,4.70,18.80",5,10,-32.0,6.0
low<=40_close40-65_green,YES,with25-75,25-30,60,51,56.90196078431372,0.9215686274509803,0.9483660130718954,-1.6078431372549014,-5.083333333333333,"1.69,-1.38,-5.08,-1.92",5,10,-29.0,6.0
low<=40_close40-65_green,YES,with25-75,25-30,70,51,56.90196078431372,0.7843137254901961,0.8128851540616246,-2.0,-8.846153846153847,"0.92,-2.92,3.25,-8.85",4,10,-25.75,6.0
low<=40_close40-65_green,YES,with25-75,25-30,80,51,56.90196078431372,0.6470588235294118,0.7112745098039215,-5.137254901960785,-21.384615384615383,"-21.38,-1.38,4.92,-1.92",3,10,-31.666666666666668,6.0
low<=40_close40-65_green,YES,with25-75,25-30,85,51,56.90196078431372,0.5686274509803921,0.6694348327566321,-8.568627450980392,-19.076923076923077,"-19.08,-11.00,1.58,-5.00",3,10,-30.4,6.0
low<=40_close40-65_green,YES,with25-75,25-30,90,51,56.90196078431372,0.5686274509803921,0.632244008714597,-5.7254901960784315,-16.76923076923077,"-16.77,-8.31,4.92,-1.92",3,10,-28.9,6.0
low<=40_close40-65_green,YES,with25-75,25-30,99,51,56.90196078431372,0.47058823529411764,0.5747672806496336,-10.313725490196079,-27.846153846153847,"-27.85,-11.08,2.67,-4.00",4,10,-58.333333333333336,6.0
low<=40_close40-65_green,YES,with25-75,30-35,60,38,58.421052631578945,0.9210526315789473,0.9736842105263157,-3.1578947368421053,-9.2,"-4.50,2.11,-0.22,-9.20",3,10,-13.666666666666666,6.0
low<=40_close40-65_green,YES,with25-75,30-35,70,38,58.421052631578945,0.8421052631578947,0.8345864661654135,0.5263157894736841,-2.500000000000001,"-2.50,4.33,2.00,-1.20",4,10,-9.000000000000002,6.0
low<=40_close40-65_green,YES,with25-75,30-35,80,38,58.421052631578945,0.7368421052631579,0.7302631578947368,0.5263157894736842,-2.500000000000001,"-2.50,4.33,2.00,-1.20",4,10,-7.833333333333332,6.0
low<=40_close40-65_green,YES,with25-75,30-35,85,38,58.421052631578945,0.6842105263157895,0.6873065015479876,-0.2631578947368421,-6.199999999999999,"1.00,8.22,-3.56,-6.20",7,10,-30.333333333333332,6.0
low<=40_close40-65_green,YES,with25-75,30-35,90,38,58.421052631578945,0.6842105263157895,0.6491228070175439,3.1578947368421053,-3.1999999999999993,"4.50,12.11,-0.22,-3.20",7,10,-28.666666666666668,6.0
low<=40_close40-65_green,YES,with25-75,30-35,99,38,58.421052631578945,0.6578947368421053,0.5901116427432217,6.7105263157894735,2.2000000000000006,"10.80,8.11,5.78,2.20",7,10,-25.666666666666668,6.0
low<=40_close45-65_green,NO,against25-75,15-20,60,31,54.67741935483871,0.9032258064516129,0.9112903225806452,-0.4838709677419369,-3.750000000000001,"-3.75,-3.00,6.86,-1.12",5,9,-6.500000000000002,8.0
low<=40_close45-65_green,NO,against25-75,15-20,70,31,54.67741935483871,0.8709677419354839,0.7811059907834101,6.29032258064516,-3.0000000000000018,"5.00,-3.00,16.86,7.62",8,9,-5.571428571428572,8.0
low<=40_close45-65_green,NO,against25-75,15-20,80,31,54.67741935483871,0.7741935483870968,0.6834677419354839,7.258064516129032,-3.625,"13.75,4.50,15.43,-3.62",6,9,-61.0,8.0
low<=40_close45-65_green,NO,against25-75,15-20,85,31,54.67741935483871,0.5806451612903226,0.6432637571157496,-5.32258064516129,-23.625,"7.50,-23.62,-4.57,-0.50",4,9,-61.0,8.0
low<=40_close45-65_green,NO,against25-75,15-20,90,31,54.67741935483871,0.5806451612903226,0.6075268817204301,-2.4193548387096775,-21.75,"11.25,-21.75,-1.71,2.62",4,9,-61.0,8.0
low<=40_close45-65_green,NO,against25-75,15-20,99,31,54.67741935483871,0.5483870967741935,0.5522971652003911,-0.3870967741935484,-18.375,"18.00,-18.38,3.43,-4.12",4,9,-61.0,8.0
low<=40_close45-65_green,NO,against25-75,20-25,60,34,52.5,0.8235294117647058,0.875,-3.0882352941176485,-19.111111111111114,"-19.11,8.00,7.00,-5.89",4,9,-32.666666666666664,8.0
low<=40_close45-65_green,NO,against25-75,20-25,70,34,52.5,0.7941176470588235,0.75,3.0882352941176454,-13.555555555555559,"-13.56,18.00,8.25,1.89",5,9,-29.333333333333332,8.0
low<=40_close45-65_green,NO,against25-75,20-25,80,34,52.5,0.7058823529411765,0.65625,3.970588235294116,-8.11111111111111,"-8.00,18.00,17.00,-8.11",6,9,-52.0,8.0
low<=40_close45-65_green,NO,against25-75,20-25,85,34,52.5,0.7058823529411765,0.6176470588235294,7.499999999999998,-5.333333333333334,"-5.22,22.38,21.38,-5.33",6,9,-52.0,8.0
low<=40_close45-65_green,NO,against25-75,20-25,90,34,52.5,0.5882352941176471,0.5833333333333334,0.44117647058823467,-22.555555555555557,"-12.44,15.50,25.75,-22.56",5,9,-61.0,8.0
low<=40_close45-65_green,NO,against25-75,20-25,99,34,52.5,0.5,0.5303030303030303,-3.000000000000001,-19.555555555555557,"-8.44,9.87,8.87,-19.56",4,9,-61.0,8.0
low<=40_close45-65_green,NO,against25-75,30-35,60,53,52.18867924528302,0.7735849056603774,0.869811320754717,-5.773584905660378,-9.500000000000002,"-9.50,-5.77,-1.92,-5.62",4,10,-22.75,7.0
low<=40_close45-65_green,NO,against25-75,30-35,70,53,52.18867924528302,0.6792452830188679,0.7455525606469002,-4.6415094339622645,-8.846153846153847,"-7.36,-8.85,-4.23,2.08",4,10,-29.333333333333332,7.0
low<=40_close45-65_green,NO,against25-75,30-35,80,53,52.18867924528302,0.6037735849056604,0.6523584905660378,-3.8867924528301887,-15.769230769230772,"-0.93,-2.69,-15.77,3.62",3,10,-26.0,7.0
low<=40_close45-65_green,NO,against25-75,30-35,85,53,52.18867924528302,0.5660377358490566,0.613984461709212,-4.0754716981132075,-13.461538461538463,"-3.79,0.38,-13.46,0.54",3,10,-25.16666666666667,7.0
low<=40_close45-65_green,NO,against25-75,30-35,90,53,52.18867924528302,0.5283018867924528,0.579874213836478,-4.6415094339622645,-18.076923076923077,"-7.36,3.46,-18.08,3.62",3,10,-23.500000000000004,7.0
low<=40_close45-65_green,NO,against25-75,30-35,99,53,52.18867924528302,0.49056603773584906,0.52715837621498,-3.6226415094339623,-14.615384615384617,"-9.93,1.38,-14.62,9.15",4,10,-36.166666666666664,7.0
low<=40_close45-65_green,NO,against25-75,35+,60,42,54.357142857142854,0.9047619047619048,0.905952380952381,-0.07142857142857413,-0.9090909090909117,"-0.91,-0.00,-0.10,0.73",7,10,-21.5,7.0
low<=40_close45-65_green,NO,against25-75,35+,70,42,54.357142857142854,0.8571428571428571,0.7765306122448979,5.642857142857141,1.9999999999999993,"8.18,2.00,8.90,3.45",7,10,-16.5,7.0
low<=40_close45-65_green,NO,against25-75,35+,80,42,54.357142857142854,0.8095238095238095,0.6794642857142856,10.404761904761903,1.9999999999999993,"17.27,2.00,9.90,11.64",7,10,-11.5,7.0
low<=40_close45-65_green,NO,against25-75,35+,85,42,54.357142857142854,0.6904761904761905,0.6394957983193277,4.333333333333332,-11.5,"14.09,-11.50,-3.10,15.73",6,10,-22.0,7.0
low<=40_close45-65_green,NO,against25-75,35+,90,42,54.357142857142854,0.6666666666666666,0.6039682539682539,5.6428571428571415,-9.0,"18.18,-9.00,-0.10,11.64",6,10,-20.0,7.0
low<=40_close45-65_green,NO,against25-75,35+,99,42,54.357142857142854,0.6190476190476191,0.549062049062049,6.928571428571429,-4.600000000000003,"25.55,-4.50,-4.60,9.18",4,10,-23.333333333333343,7.0
low<=40_close45-65_green,NO,flat,15-20,60,76,52.46052631578947,0.7763157894736842,0.8743421052631579,-5.881578947368422,-11.157894736842106,"-8.53,-3.00,-11.16,-0.84",2,10,-17.2,7.0
low<=40_close45-65_green,NO,flat,15-20,70,76,52.46052631578947,0.7105263157894737,0.7494360902255639,-2.7236842105263164,-8.000000000000002,"-4.84,-2.47,-8.00,4.42",3,10,-15.9,7.0
low<=40_close45-65_green,NO,flat,15-20,80,76,52.46052631578947,0.5921052631578947,0.6557565789473684,-5.092105263157895,-10.631578947368421,"-10.63,-8.26,-10.11,8.63",2,10,-18.9,7.0
low<=40_close45-65_green,NO,flat,15-20,85,76,52.46052631578947,0.5657894736842105,0.6171826625386997,-4.368421052631579,-10.105263157894736,"-8.00,-10.11,-7.47,8.11",2,10,-16.9,7.0
low<=40_close45-65_green,NO,flat,15-20,90,76,52.46052631578947,0.5394736842105263,0.5828947368421052,-3.9078947368421053,-12.473684210526315,"-5.37,-12.47,-9.58,11.79",3,10,-20.11111111111111,7.0
low<=40_close45-65_green,NO,flat,15-20,99,76,52.46052631578947,0.5263157894736842,0.5299043062200957,-0.35526315789473684,-8.68421052631579,"-5.84,-8.68,-5.32,18.42",6,10,-17.11111111111111,7.0
low<=40_close45-65_green,NO,flat,20-25,60,92,52.97826086956522,0.8478260869565217,0.8829710144927536,-2.1086956521739144,-7.434782608695655,"-5.35,-7.43,2.04,2.30",4,10,-8.272727272727275,7.0
low<=40_close45-65_green,NO,flat,20-25,70,92,52.97826086956522,0.7934782608695652,0.756832298136646,2.5652173913043472,-5.695652173913046,"2.48,-5.70,8.13,5.35",6,10,-8.5,7.0
low<=40_close45-65_green,NO,flat,20-25,80,92,52.97826086956522,0.7065217391304348,0.6622282608695652,3.5434782608695645,-5.695652173913046,"3.35,-5.70,9.87,6.65",6,10,-12.25,7.0
low<=40_close45-65_green,NO,flat,20-25,85,92,52.97826086956522,0.6739130434782609,0.6232736572890025,4.304347826086956,-6.347826086956524,"3.13,-6.35,10.09,10.35",7,10,-14.923076923076925,7.0
low<=40_close45-65_green,NO,flat,20-25,90,92,52.97826086956522,0.6413043478260869,0.5886473429951691,4.739130434782608,-3.521739130434785,"2.48,-3.52,9.87,10.13",7,10,-18.5,7.0
low<=40_close45-65_green,NO,flat,20-25,99,92,52.97826086956522,0.5652173913043478,0.5351339481774264,2.978260869565217,-0.6521739130434802,"-0.65,1.57,7.52,3.48",6,10,-15.125,7.0
low<=40_close45-65_green,NO,flat,25-30,60,116,54.23275862068966,0.8706896551724138,0.9038793103448276,-1.9913793103448294,-2.5862068965517255,"-0.86,-2.59,-2.48,-2.03",4,10,-5.941176470588239,7.0
low<=40_close45-65_green,NO,flat,25-30,70,116,54.23275862068966,0.7672413793103449,0.7747536945812808,-0.5258620689655185,-6.379310344827588,"-6.38,-1.21,3.72,1.76",3,10,-15.181818181818185,7.0
low<=40_close45-65_green,NO,flat,25-30,80,116,54.23275862068966,0.6724137931034483,0.6779094827586207,-0.4396551724137939,-5.000000000000002,"-5.00,0.86,-1.79,4.17",6,10,-17.000000000000004,7.0
low<=40_close45-65_green,NO,flat,25-30,85,116,54.23275862068966,0.6206896551724138,0.6380324543610548,-1.4741379310344833,-7.758620689655174,"-7.76,1.38,-7.31,7.79",6,10,-19.714285714285715,7.0
low<=40_close45-65_green,NO,flat,25-30,90,116,54.23275862068966,0.603448275862069,0.6025862068965517,0.07758620689655117,-8.103448275862071,"-8.10,4.66,-4.55,8.31",6,10,-30.428571428571427,7.0
low<=40_close45-65_green,NO,flat,25-30,99,116,54.23275862068966,0.5517241379310345,0.5478056426332288,0.3879310344827579,-10.27586206896552,"-10.28,10.55,-6.41,7.69",5,10,-27.857142857142858,7.0
low<=40_close45-65_green,NO,flat,30-35,60,198,55.22222222222222,0.8686868686868687,0.9203703703703704,-3.1010101010101034,-3.7551020408163285,"-2.92,-2.53,-3.76,-3.20",3,10,-9.571428571428575,6.0
low<=40_close45-65_green,NO,flat,30-35,70,198,55.22222222222222,0.7676767676767676,0.7888888888888889,-1.4848484848484866,-4.400000000000002,"-2.72,1.96,-0.69,-4.40",5,10,-8.619047619047622,6.0
low<=40_close45-65_green,NO,flat,30-35,80,198,55.22222222222222,0.6616161616161617,0.6902777777777778,-2.292929292929294,-8.4,"-3.32,3.59,-0.90,-8.40",4,10,-14.333333333333336,6.0
low<=40_close45-65_green,NO,flat,30-35,85,198,55.22222222222222,0.6464646464646465,0.6496732026143791,-0.2727272727272737,-5.500000000000001,"-1.82,5.53,0.84,-5.50",5,10,-11.833333333333336,6.0
low<=40_close45-65_green,NO,flat,30-35,90,198,55.22222222222222,0.6111111111111112,0.6135802469135803,-0.22222222222222307,-2.600000000000001,"-2.32,5.43,-1.31,-2.60",5,10,-12.481481481481483,6.0
low<=40_close45-65_green,NO,flat,30-35,99,198,55.22222222222222,0.5454545454545454,0.5578002244668911,-1.2222222222222234,-7.280000000000001,"-1.06,3.41,0.16,-7.28",5,10,-22.814814814814813,6.0
low<=40_close45-65_green,NO,flat,35+,60,144,56.173611111111114,0.8888888888888888,0.936226851851852,-2.84027777777778,-5.52777777777778,"-3.69,-0.36,-1.78,-5.53",3,10,-7.333333333333335,6.0
low<=40_close45-65_green,NO,flat,35+,70,144,56.173611111111114,0.7569444444444444,0.8024801587301588,-3.1875000000000018,-6.916666666666669,"-6.75,-0.64,1.56,-6.92",2,10,-8.933333333333335,6.0
low<=40_close45-65_green,NO,flat,35+,80,144,56.173611111111114,0.7083333333333334,0.7021701388888889,0.49305555555555475,-2.194444444444447,"-2.03,-1.47,7.67,-2.19",6,10,-7.600000000000002,6.0
low<=40_close45-65_green,NO,flat,35+,85,144,56.173611111111114,0.6388888888888888,0.6608660130718954,-1.8680555555555567,-12.16666666666667,"-5.78,-12.17,9.33,1.14",6,10,-15.076923076923078,6.0
low<=40_close45-65_green,NO,flat,35+,90,144,56.173611111111114,0.6319444444444444,0.6241512345679012,0.7013888888888877,-9.527777777777779,"-2.86,-9.53,13.22,1.97",5,10,-14.0,6.0
low<=40_close45-65_green,NO,flat,35+,99,144,56.173611111111114,0.5902777777777778,0.5674102132435466,2.263888888888889,-7.5277777777777795,"-5.86,-7.53,17.47,4.97",5,10,-16.230769230769234,6.0
low<=40_close45-65_green,NO,with25-75,20-25,60,31,57.16129032258065,0.8387096774193549,0.9526881720430108,-6.838709677419357,-9.875000000000002,"-9.88,-5.50,-7.43,-4.63",5,10,-30.500000000000004,6.0
low<=40_close45-65_green,NO,with25-75,20-25,70,31,57.16129032258065,0.7741935483870968,0.8165898617511521,-2.9677419354838737,-11.125000000000002,"-11.13,-5.50,1.14,4.12",5,10,-60.5,6.0
low<=40_close45-65_green,NO,with25-75,20-25,80,31,57.16129032258065,0.7419354838709677,0.7145161290322581,2.193548387096772,-14.875000000000002,"-14.88,2.00,9.71,12.87",7,10,-60.5,6.0
low<=40_close45-65_green,NO,with25-75,20-25,85,31,57.16129032258065,0.7419354838709677,0.6724857685009488,5.903225806451612,-12.375000000000002,"-12.38,5.75,14.00,17.25",8,10,-60.5,6.0
low<=40_close45-65_green,NO,with25-75,20-25,90,31,57.16129032258065,0.7419354838709677,0.6351254480286739,9.61290322580645,-9.875000000000002,"-9.88,9.50,18.29,21.62",8,10,-60.5,6.0
low<=40_close45-65_green,NO,with25-75,20-25,99,31,57.16129032258065,0.6129032258064516,0.5773867709351581,3.5161290322580636,-5.375000000000002,"-5.38,3.87,11.86,4.75",6,10,-60.5,6.0
low<=40_close45-65_green,NO,with25-75,25-30,60,41,58.26829268292683,0.9512195121951219,0.9711382113821138,-1.1951219512195148,-4.000000000000003,"-1.91,0.20,1.00,-4.00",6,10,-15.750000000000002,6.0
low<=40_close45-65_green,NO,with25-75,25-30,70,41,58.26829268292683,0.8048780487804879,0.832404181184669,-1.9268292682926844,-10.000000000000004,"-5.55,3.20,-10.00,5.00",4,10,-25.75,6.0
low<=40_close45-65_green,NO,with25-75,25-30,80,41,58.26829268292683,0.6097560975609756,0.7283536585365853,-9.487804878048781,-27.8,"-12.82,-27.80,-3.00,6.00",4,10,-40.75,6.0
low<=40_close45-65_green,NO,with25-75,25-30,85,41,58.26829268292683,0.6097560975609756,0.685509325681492,-6.439024390243903,-25.8,"-10.09,-25.80,0.50,10.00",4,10,-39.5,6.0
low<=40_close45-65_green,NO,with25-75,25-30,90,41,58.26829268292683,0.6097560975609756,0.6474254742547425,-3.3902439024390243,-23.800000000000004,"-7.36,-23.80,4.00,14.00",5,10,-38.25,6.0
low<=40_close45-65_green,NO,with25-75,25-30,99,41,58.26829268292683,0.5609756097560976,0.5885686129588569,-2.731707317073171,-30.1,"-11.45,-30.10,10.30,21.20",6,10,-60.75,6.0
low<=40_close45-65_green,NO,with25-75,30-35,60,35,58.34285714285714,0.9428571428571428,0.9723809523809523,-1.7714285714285731,-10.444444444444446,"2.11,-10.44,2.00,-0.33",4,10,-22.5,6.0
low<=40_close45-65_green,NO,with25-75,30-35,70,35,58.34285714285714,0.7428571428571429,0.833469387755102,-6.342857142857144,-29.22222222222222,"12.11,-2.67,-5.50,-29.22",4,10,-62.0,6.0
low<=40_close45-65_green,NO,with25-75,30-35,80,35,58.34285714285714,0.7142857142857143,0.7292857142857143,-1.2000000000000017,-24.77777777777778,"22.11,-3.78,2.00,-24.78",4,10,-62.0,6.0
low<=40_close45-65_green,NO,with25-75,30-35,85,35,58.34285714285714,0.6571428571428571,0.6863865546218487,-2.485714285714287,-22.555555555555557,"27.11,-9.89,-4.88,-22.56",4,10,-62.0,6.0
low<=40_close45-65_green,NO,with25-75,30-35,90,35,58.34285714285714,0.6285714285714286,0.6482539682539682,-1.7714285714285727,-30.333333333333332,"32.11,-7.11,-1.75,-30.33",4,10,-62.0,6.0
low<=40_close45-65_green,NO,with25-75,30-35,99,35,58.34285714285714,0.5428571428571428,0.5893217893217894,-4.6,-27.333333333333332,"41.11,-13.11,-20.88,-27.33",2,10,-62.0,6.0
low<=40_close45-65_green,YES,against25-75,20-25,60,36,52.19444444444444,0.8611111111111112,0.8699074074074074,-0.527777777777777,-6.111111111111111,"2.78,-4.89,6.11,-6.11",5,9,-24.499999999999996,8.0
low<=40_close45-65_green,YES,against25-75,20-25,70,36,52.19444444444444,0.8055555555555556,0.7456349206349207,4.194444444444445,-6.111111111111111,"11.67,2.89,8.33,-6.11",7,9,-54.5,8.0
low<=40_close45-65_green,YES,against25-75,20-25,80,36,52.19444444444444,0.6944444444444444,0.6524305555555555,3.361111111111111,0.5555555555555564,"2.78,1.78,8.33,0.56",7,9,-54.5,8.0
low<=40_close45-65_green,YES,against25-75,20-25,85,36,52.19444444444444,0.6666666666666666,0.6140522875816993,4.472222222222222,-3.3333333333333335,"-3.33,5.11,12.22,3.89",6,9,-54.5,8.0
low<=40_close45-65_green,YES,against25-75,20-25,90,36,52.19444444444444,0.6388888888888888,0.5799382716049383,5.305555555555555,-10.555555555555555,"-10.56,8.44,16.11,7.22",5,9,-54.5,8.0
low<=40_close45-65_green,YES,against25-75,20-25,99,36,52.19444444444444,0.5833333333333334,0.5272166105499438,5.555555555555555,-8.777777777777779,"-6.56,14.44,23.11,-8.78",5,9,-54.5,8.0
low<=40_close45-65_green,YES,against25-75,25-30,60,58,52.13793103448276,0.8275862068965517,0.8689655172413794,-2.4827586206896544,-6.928571428571429,"-1.87,-6.29,-6.93,4.60",5,9,-28.2,7.0
low<=40_close45-65_green,YES,against25-75,25-30,70,58,52.13793103448276,0.7241379310344828,0.7448275862068966,-1.4482758620689646,-9.071428571428571,"-3.20,-3.43,-9.07,9.27",4,9,-24.2,7.0
low<=40_close45-65_green,YES,against25-75,25-30,80,58,52.13793103448276,0.7068965517241379,0.6517241379310346,4.413793103448276,-2.6428571428571423,"3.47,3.71,-2.64,12.60",5,9,-20.2,7.0
low<=40_close45-65_green,YES,against25-75,25-30,85,58,52.13793103448276,0.6896551724137931,0.6133874239350913,6.482758620689657,0.571428571428572,"6.80,7.29,0.57,10.93",6,9,-18.2,7.0
low<=40_close45-65_green,YES,against25-75,25-30,90,58,52.13793103448276,0.6724137931034483,0.5793103448275863,8.379310344827585,3.785714285714286,"10.13,10.86,3.79,8.60",7,9,-24.333333333333332,7.0
low<=40_close45-65_green,YES,against25-75,25-30,99,58,52.13793103448276,0.6551724137931034,0.5266457680250785,12.724137931034482,9.571428571428571,"16.13,10.21,9.57,14.60",7,9,-21.333333333333332,7.0
low<=40_close45-65_green,YES,against25-75,30-35,60,44,52.06818181818182,0.8181818181818182,0.8678030303030303,-2.977272727272727,-7.363636363636363,"-2.45,-3.18,1.09,-7.36",5,9,-21.0,8.0
low<=40_close45-65_green,YES,against25-75,30-35,70,44,52.06818181818182,0.75,0.7438311688311688,0.431818181818182,-6.454545454545454,"-0.64,-1.36,10.18,-6.45",5,9,-16.0,8.0
low<=40_close45-65_green,YES,against25-75,30-35,80,44,52.06818181818182,0.7045454545454546,0.6508522727272728,4.295454545454546,-1.3636363636363635,"6.64,-1.36,12.00,-0.09",6,9,-18.857142857142858,8.0
low<=40_close45-65_green,YES,against25-75,30-35,85,44,52.06818181818182,0.6818181818181818,0.6125668449197861,5.886363636363637,-5.909090909090909,"10.27,-5.91,16.09,3.09",6,9,-28.857142857142858,8.0
low<=40_close45-65_green,YES,against25-75,30-35,90,44,52.06818181818182,0.6363636363636364,0.5785353535353536,5.204545454545454,-3.1818181818181817,"5.73,-3.18,20.18,-1.91",6,9,-27.428571428571427,8.0
low<=40_close45-65_green,YES,against25-75,30-35,99,44,52.06818181818182,0.6363636363636364,0.5259412304866851,10.931818181818182,1.7272727272727273,"11.45,1.73,27.55,3.00",6,9,-24.857142857142858,8.0
low<=40_close45-65_green,YES,against25-75,35+,60,38,54.026315789473685,0.7631578947368421,0.900438596491228,-8.236842105263158,-12.11111111111111,"-11.10,-12.11,-3.11,-6.50",4,9,-47.0,7.0
low<=40_close45-65_green,YES,against25-75,35+,70,38,54.026315789473685,0.5789473684210527,0.7718045112781955,-13.5,-21.0,"-11.10,-21.00,-2.00,-19.50",3,9,-47.0,7.0
low<=40_close45-65_green,YES,against25-75,35+,80,38,54.026315789473685,0.42105263157894735,0.6753289473684211,-20.342105263157894,-38.5,"-13.10,-25.44,-3.11,-38.50",2,9,-53.0,7.0
low<=40_close45-65_green,YES,against25-75,35+,85,38,54.026315789473685,0.39473684210526316,0.6356037151702787,-20.473684210526315,-37.5,"-19.10,-23.78,0.22,-37.50",2,9,-53.0,7.0
low<=40_close45-65_green,YES,against25-75,35+,90,38,54.026315789473685,0.39473684210526316,0.6002923976608188,-18.5,-36.5,"-17.10,-22.11,3.56,-36.50",3,9,-53.0,7.0
low<=40_close45-65_green,YES,against25-75,35+,99,38,54.026315789473685,0.34210526315789475,0.5457203615098352,-20.157894736842106,-34.7,"-23.40,-19.11,-1.44,-34.70",3,9,-53.0,7.0
low<=40_close45-65_green,YES,flat,15-20,60,67,51.91044776119403,0.8059701492537313,0.8651741293532338,-3.5522388059701493,-16.58823529411765,"-16.59,-2.24,8.31,-3.00",5,10,-21.250000000000004,7.0
low<=40_close45-65_green,YES,flat,15-20,70,67,51.91044776119403,0.6865671641791045,0.7415778251599147,-3.8507462686567164,-10.705882352941174,"-10.71,-10.47,9.56,-3.00",5,10,-33.75,7.0
low<=40_close45-65_green,YES,flat,15-20,80,67,51.91044776119403,0.5970149253731343,0.6488805970149254,-4.149253731343284,-9.52941176470588,"-9.53,-9.29,8.31,-5.35",6,10,-31.250000000000004,7.0
low<=40_close45-65_green,YES,flat,15-20,85,67,51.91044776119403,0.5671641791044776,0.6107111501316944,-3.701492537313433,-11.88235294117647,"-11.88,-11.65,12.06,-2.41",5,10,-30.000000000000004,7.0
low<=40_close45-65_green,YES,flat,15-20,90,67,51.91044776119403,0.5373134328358209,0.5767827529021559,-3.5522388059701493,-14.823529411764705,"-14.82,-9.29,10.19,0.53",4,10,-28.750000000000004,7.0
low<=40_close45-65_green,YES,flat,15-20,99,67,51.91044776119403,0.5074626865671642,0.524347957183778,-1.671641791044776,-11.117647058823527,"-11.12,-5.06,10.19,-0.00",6,10,-26.500000000000004,7.0
low<=40_close45-65_green,YES,flat,20-25,60,124,53.45967741935484,0.8145161290322581,0.890994623655914,-4.588709677419355,-8.096774193548388,"-8.10,-0.94,-5.32,-4.00",2,10,-25.125,7.0
low<=40_close45-65_green,YES,flat,20-25,70,124,53.45967741935484,0.7741935483870968,0.7637096774193548,0.7338709677419357,-5.193548387096775,"-5.19,5.52,-1.77,4.39",7,10,-28.875,7.0
low<=40_close45-65_green,YES,flat,20-25,80,124,53.45967741935484,0.7016129032258065,0.6682459677419355,2.6693548387096775,-4.67741935483871,"1.58,6.16,-4.68,7.61",6,10,-25.125,7.0
low<=40_close45-65_green,YES,flat,20-25,85,124,53.45967741935484,0.6693548387096774,0.6289373814041745,3.435483870967742,-1.6129032258064517,"2.23,7.13,-1.61,6.00",6,10,-23.25,7.0
low<=40_close45-65_green,YES,flat,20-25,90,124,53.45967741935484,0.6129032258064516,0.5939964157706094,1.7016129032258065,-7.258064516129032,"-3.26,7.77,-7.26,9.55",6,10,-32.625,7.0
low<=40_close45-65_green,YES,flat,20-25,99,124,53.45967741935484,0.5806451612903226,0.5399967416096448,4.024193548387097,-5.806451612903226,"1.68,10.68,-5.81,9.55",6,10,-30.375,7.0
low<=40_close45-65_green,YES,flat,25-30,60,153,52.86274509803921,0.8366013071895425,0.8810457516339869,-2.666666666666667,-9.526315789473685,"-2.49,2.37,-9.53,-1.03",4,10,-16.82608695652174,7.0
low<=40_close45-65_green,YES,flat,25-30,70,153,52.86274509803921,0.7450980392156863,0.7551820728291316,-0.7058823529411765,-11.368421052631579,"0.33,6.05,-11.37,2.13",5,10,-19.869565217391305,7.0
low<=40_close45-65_green,YES,flat,25-30,80,153,52.86274509803921,0.6405228758169934,0.6607843137254902,-1.6209150326797386,-6.589743589743591,"-6.59,-0.26,-5.32,5.82",4,10,-24.75,7.0
low<=40_close45-65_green,YES,flat,25-30,85,153,52.86274509803921,0.6143790849673203,0.6219146482122261,-0.6405228758169933,-5.94871794871795,"-5.95,3.03,-4.53,5.03",4,10,-23.083333333333332,7.0
low<=40_close45-65_green,YES,flat,25-30,90,153,52.86274509803921,0.6078431372549019,0.5873638344226579,1.8431372549019607,-3.2564102564102577,"-3.26,3.95,-1.63,8.45",5,10,-21.416666666666668,7.0
low<=40_close45-65_green,YES,flat,25-30,99,153,52.86274509803921,0.5816993464052288,0.5339671222024163,4.7254901960784315,-0.9487179487179498,"-0.95,7.03,3.58,9.39",5,10,-18.416666666666668,7.0
low<=40_close45-65_green,YES,flat,30-35,60,162,54.401234567901234,0.8209876543209876,0.9066872427983539,-5.1419753086419755,-6.878048780487805,"-6.61,-1.50,-5.50,-6.88",1,10,-12.357142857142858,6.0
low<=40_close45-65_green,YES,flat,30-35,70,162,54.401234567901234,0.7037037037037037,0.7771604938271605,-5.1419753086419755,-8.0,"-7.10,-6.50,-8.00,0.93",3,10,-14.833333333333334,6.0
low<=40_close45-65_green,YES,flat,30-35,80,162,54.401234567901234,0.5987654320987654,0.6800154320987655,-6.5,-9.5,"-8.07,-9.50,-9.50,0.93",2,10,-16.157894736842106,6.0
low<=40_close45-65_green,YES,flat,30-35,85,162,54.401234567901234,0.5740740740740741,0.6400145243282498,-5.604938271604938,-13.125,"-7.22,-6.62,-13.12,4.34",3,10,-14.5,6.0
low<=40_close45-65_green,YES,flat,30-35,90,162,54.401234567901234,0.5185185185185185,0.6044581618655692,-7.734567901234568,-15.25,"-11.00,-3.75,-15.25,-1.02",2,10,-18.785714285714285,6.0
low<=40_close45-65_green,YES,flat,30-35,99,162,54.401234567901234,0.4567901234567901,0.5495074198777903,-9.179012345679013,-16.375,"-9.02,1.43,-16.38,-12.66",1,10,-19.958333333333332,6.0
low<=40_close45-65_green,YES,flat,35+,60,149,55.81879194630873,0.8389261744966443,0.9303131991051454,-5.483221476510067,-10.026315789473685,"-10.03,-4.78,-4.70,-2.30",1,10,-20.142857142857142,6.0
low<=40_close45-65_green,YES,flat,35+,70,149,55.81879194630873,0.7046979865771812,0.7974113135186961,-6.489932885906041,-11.605263157894736,"-11.61,-1.81,-11.19,-1.22",2,10,-14.42857142857143,6.0
low<=40_close45-65_green,YES,flat,35+,80,149,55.81879194630873,0.6375838926174496,0.6977348993288591,-4.8120805369127515,-13.35135135135135,"-7.39,3.86,-13.35,-2.30",2,10,-22.066666666666666,6.0
low<=40_close45-65_green,YES,flat,35+,85,149,55.81879194630873,0.6174496644295302,0.6566916699565732,-3.335570469798658,-15.243243243243244,"-4.37,5.35,-15.24,0.95",3,10,-25.733333333333334,6.0
low<=40_close45-65_green,YES,flat,35+,90,149,55.81879194630873,0.5771812080536913,0.6202087994034303,-3.87248322147651,-15.243243243243244,"-1.34,1.70,-15.24,-0.68",4,10,-30.066666666666666,6.0
low<=40_close45-65_green,YES,flat,35+,99,149,55.81879194630873,0.5033557046979866,0.5638261812758457,-5.9865771812080535,-19.135135135135137,"-3.71,7.54,-19.14,-8.70",3,10,-36.0,6.0
low<=40_close45-65_green,YES,with25-75,15-20,60,30,54.03333333333333,0.9,0.9005555555555556,-0.03333333333333286,-3.5714285714285725,"0.50,-3.57,-3.00,5.13",6,10,-16.333333333333336,6.0
low<=40_close45-65_green,YES,with25-75,15-20,70,30,54.03333333333333,0.8,0.7719047619047619,1.9666666666666672,-5.000000000000001,"0.50,-5.00,-4.43,15.13",7,10,-54.0,6.0
low<=40_close45-65_green,YES,with25-75,15-20,80,30,54.03333333333333,0.7333333333333333,0.6754166666666667,4.633333333333334,-20.714285714285715,"8.00,-20.71,2.71,25.12",5,10,-54.0,6.0
low<=40_close45-65_green,YES,with25-75,15-20,85,30,54.03333333333333,0.7,0.6356862745098039,5.466666666666667,-18.571428571428573,"11.75,-18.57,-5.86,30.12",5,10,-54.0,6.0
low<=40_close45-65_green,YES,with25-75,15-20,90,30,54.03333333333333,0.6666666666666666,0.6003703703703703,5.966666666666667,-16.428571428571427,"15.50,-16.43,-3.00,23.88",5,10,-54.0,6.0
low<=40_close45-65_green,YES,with25-75,15-20,99,30,54.03333333333333,0.5666666666666667,0.5457912457912458,2.066666666666667,-26.714285714285715,"9.88,-26.71,2.14,19.38",4,10,-56.0,6.0
low<=40_close45-65_green,YES,with25-75,20-25,60,40,54.725,0.9,0.9120833333333334,-0.7250000000000008,-14.1,"-14.10,5.90,-2.60,7.90",7,10,-23.666666666666668,6.0
low<=40_close45-65_green,YES,with25-75,20-25,70,40,54.725,0.7,0.7817857142857143,-5.7250000000000005,-21.1,"-21.10,8.90,-7.60,-3.10",5,10,-31.0,6.0
low<=40_close45-65_green,YES,with25-75,20-25,80,40,54.725,0.65,0.6840625,-2.7250000000000005,-32.1,"-32.10,17.90,-0.60,3.90",4,10,-31.666666666666668,6.0
low<=40_close45-65_green,YES,with25-75,20-25,85,40,54.725,0.65,0.6438235294117647,0.5249999999999992,-30.6,"-30.60,22.40,2.90,7.40",5,10,-30.0,6.0
low<=40_close45-65_green,YES,with25-75,20-25,90,40,54.725,0.65,0.6080555555555556,3.7749999999999995,-29.1,"-29.10,26.90,6.40,10.90",5,10,-28.333333333333332,6.0
low<=40_close45-65_green,YES,with25-75,20-25,99,40,54.725,0.575,0.5527777777777778,2.1999999999999997,-26.4,"-26.40,15.20,2.80,17.20",5,10,-32.0,6.0
low<=40_close45-65_green,YES,with25-75,25-30,60,50,57.48,0.94,0.958,-1.0799999999999992,-6.416666666666667,"1.46,2.42,-6.42,-1.92",5,10,-23.5,6.0
low<=40_close45-65_green,YES,with25-75,25-30,70,50,57.48,0.8,0.8211428571428571,-1.48,-8.846153846153847,"0.69,0.75,1.92,-8.85",4,10,-25.75,6.0
low<=40_close45-65_green,YES,with25-75,25-30,80,50,57.48,0.66,0.7184999999999999,-4.68,-21.615384615384617,"-21.62,2.42,3.58,-1.92",3,10,-31.666666666666668,6.0
low<=40_close45-65_green,YES,with25-75,25-30,85,50,57.48,0.58,0.676235294117647,-8.18,-19.307692307692307,"-19.31,-8.00,0.25,-5.00",3,10,-30.7,6.0
low<=40_close45-65_green,YES,with25-75,25-30,90,50,57.48,0.58,0.6386666666666666,-5.28,-17.0,"-17.00,-5.08,3.58,-1.92",3,10,-29.2,6.0
low<=40_close45-65_green,YES,with25-75,25-30,99,50,57.48,0.48,0.5806060606060606,-9.96,-28.076923076923077,"-28.08,-8.08,1.33,-4.00",4,10,-58.333333333333336,6.0
low<=40_close45-65_green,YES,with25-75,30-35,60,37,58.86486486486486,0.9459459459459459,0.981081081081081,-2.108108108108108,-5.5555555555555545,"-4.50,2.11,-0.22,-5.56",4,10,-13.666666666666666,6.0
low<=40_close45-65_green,YES,with25-75,30-35,70,37,58.86486486486486,0.8648648648648649,0.8409266409266409,1.6756756756756754,-2.500000000000001,"-2.50,4.33,2.00,3.33",5,10,-9.000000000000002,6.0
low<=40_close45-65_green,YES,with25-75,30-35,80,37,58.86486486486486,0.7567567567567568,0.7358108108108108,1.6756756756756757,-2.500000000000001,"-2.50,4.33,2.00,3.33",4,10,-7.833333333333332,6.0
low<=40_close45-65_green,YES,with25-75,30-35,85,37,58.86486486486486,0.7027027027027027,0.6925278219395866,0.8648648648648649,-3.5555555555555562,"1.00,8.22,-3.56,-2.22",7,10,-30.333333333333332,6.0
low<=40_close45-65_green,YES,with25-75,30-35,90,37,58.86486486486486,0.7027027027027027,0.654054054054054,4.378378378378378,-0.22222222222222301,"4.50,12.11,-0.22,1.11",7,10,-28.666666666666668,6.0
low<=40_close45-65_green,YES,with25-75,30-35,99,37,58.86486486486486,0.6756756756756757,0.5945945945945946,8.027027027027026,5.777777777777778,"10.80,8.11,5.78,7.11",7,10,-25.666666666666668,6.0
low<=40_close50-70_green,NO,against25-75,20-25,60,33,56.72727272727273,0.8787878787878788,0.9454545454545454,-4.000000000000001,-16.444444444444443,"-16.44,5.25,2.62,-5.87",4,9,-26.5,8.0
low<=40_close50-70_green,NO,against25-75,20-25,70,33,56.72727272727273,0.8484848484848485,0.8103896103896103,2.6666666666666665,-9.777777777777779,"-9.78,15.25,3.87,2.88",5,9,-21.5,8.0
low<=40_close50-70_green,NO,against25-75,20-25,80,33,56.72727272727273,0.7878787878787878,0.7090909090909091,6.303030303030303,-3.111111111111112,"-3.11,15.25,12.62,1.63",5,9,-62.0,8.0
low<=40_close50-70_green,NO,against25-75,20-25,85,33,56.72727272727273,0.7878787878787878,0.667379679144385,10.242424242424242,0.22222222222222143,"0.22,19.62,17.00,5.38",6,9,-62.0,8.0
low<=40_close50-70_green,NO,against25-75,20-25,90,33,56.72727272727273,0.6666666666666666,0.6303030303030303,3.272727272727273,-24.625,"3.56,12.75,21.38,-24.62",4,9,-62.0,8.0
low<=40_close50-70_green,NO,against25-75,20-25,99,33,56.72727272727273,0.5454545454545454,0.5730027548209367,-2.7272727272727275,-21.25,"-1.44,7.12,4.50,-21.25",5,9,-62.0,8.0
low<=40_close50-70_green,NO,against25-75,30-35,60,51,56.745098039215684,0.8627450980392157,0.9457516339869281,-4.980392156862746,-9.230769230769232,"-9.23,-6.23,1.33,-5.31",5,10,-18.800000000000004,7.0
low<=40_close50-70_green,NO,against25-75,30-35,70,51,56.745098039215684,0.7450980392156863,0.8106442577030812,-4.588235294117648,-8.538461538461538,"-6.92,-8.54,-0.33,-2.23",6,10,-26.800000000000004,7.0
low<=40_close50-70_green,NO,against25-75,30-35,80,51,56.745098039215684,0.6666666666666666,0.709313725490196,-3.411764705882353,-11.999999999999998,"-0.00,-1.62,-12.00,-0.69",5,10,-22.800000000000004,7.0
low<=40_close50-70_green,NO,against25-75,30-35,85,51,56.745098039215684,0.6666666666666666,0.6675893886966551,-0.0784313725490196,-9.08333333333333,"3.46,1.85,-9.08,2.77",5,10,-20.800000000000004,7.0
low<=40_close50-70_green,NO,against25-75,30-35,90,51,56.745098039215684,0.6274509803921569,0.6305010893246187,-0.27450980392156865,-13.666666666666666,"-0.00,5.31,-13.67,6.23",6,10,-19.333333333333332,7.0
low<=40_close50-70_green,NO,against25-75,30-35,99,51,56.745098039215684,0.5686274509803921,0.573182808476926,-0.45098039215686275,-17.416666666666664,"-2.08,3.92,-17.42,12.46",5,10,-26.33333333333333,7.0
low<=40_close50-70_green,NO,against25-75,35+,60,44,58.72727272727273,0.9545454545454546,0.9787878787878788,-1.4545454545454566,-5.727272727272731,"-5.64,2.55,-5.73,3.00",7,10,-11.333333333333337,8.0
low<=40_close50-70_green,NO,against25-75,35+,70,44,58.72727272727273,0.9090909090909091,0.8389610389610389,4.909090909090907,3.3636363636363598,"3.45,6.18,3.36,6.64",7,10,-3.0000000000000036,8.0
low<=40_close50-70_green,NO,against25-75,35+,80,44,58.72727272727273,0.8636363636363636,0.7340909090909091,10.363636363636362,5.181818181818178,"12.55,8.00,5.18,15.73",9,10,-8.000000000000004,8.0
low<=40_close50-70_green,NO,against25-75,35+,85,44,58.72727272727273,0.75,0.6909090909090909,5.0227272727272725,-3.363636363636364,"9.36,-3.36,1.55,12.55",6,10,-22.0,8.0
low<=40_close50-70_green,NO,against25-75,35+,90,44,58.72727272727273,0.7045454545454546,0.6525252525252525,4.681818181818182,-8.363636363636363,"13.45,-8.36,5.18,8.45",7,10,-20.0,8.0
low<=40_close50-70_green,NO,against25-75,35+,99,44,58.72727272727273,0.6818181818181818,0.5932047750229569,8.772727272727273,-3.454545454545455,"20.82,-3.45,2.73,15.00",8,10,-16.4,8.0
low<=40_close50-70_green,NO,flat,15-20,60,69,58.710144927536234,0.8695652173913043,0.9785024154589372,-6.536231884057971,-8.411764705882355,"-8.06,-8.41,-7.94,-1.65",3,10,-16.4,8.0
low<=40_close50-70_green,NO,flat,15-20,70,69,58.710144927536234,0.8260869565217391,0.8387163561076605,-0.8840579710144928,-4.294117647058825,"0.28,-4.29,-3.82,4.24",5,10,-16.600000000000005,8.0
low<=40_close50-70_green,NO,flat,15-20,80,69,58.710144927536234,0.6956521739130435,0.7338768115942029,-3.0579710144927534,-10.764705882352942,"-4.72,-10.76,-5.59,8.94",3,10,-13.8,8.0
low<=40_close50-70_green,NO,flat,15-20,85,69,58.710144927536234,0.6811594202898551,0.6907075873827793,-0.8115942028985503,-12.823529411764708,"-1.39,-12.82,-2.35,13.35",3,10,-10.8,8.0
low<=40_close50-70_green,NO,flat,15-20,90,69,58.710144927536234,0.6376811594202898,0.6523349436392915,-1.318840579710145,-15.470588235294118,"1.94,-15.47,-4.41,12.47",4,10,-14.714285714285714,8.0
low<=40_close50-70_green,NO,flat,15-20,99,69,58.710144927536234,0.6086956521739131,0.5930317669448104,1.5507246376811599,-11.23529411764706,"2.44,-11.24,0.88,14.06",5,10,-10.857142857142858,8.0
low<=40_close50-70_green,NO,flat,20-25,60,90,57.111111111111114,0.9111111111111111,0.951851851851852,-2.444444444444446,-7.818181818181821,"-3.48,-7.82,1.32,0.13",4,10,-11.250000000000004,7.0
low<=40_close50-70_green,NO,flat,20-25,70,90,57.111111111111114,0.8444444444444444,0.815873015873016,1.9999999999999987,-6.000000000000003,"5.22,-6.00,4.95,3.61",6,10,-12.500000000000004,7.0
low<=40_close50-70_green,NO,flat,20-25,80,90,57.111111111111114,0.7111111111111111,0.7138888888888889,-0.22222222222222332,-9.636363636363638,"3.48,-9.64,10.41,-5.09",5,10,-16.0,7.0
low<=40_close50-70_green,NO,flat,20-25,85,90,57.111111111111114,0.6777777777777778,0.6718954248366014,0.4999999999999994,-10.545454545454549,"3.48,-10.55,10.86,-1.83",5,10,-14.833333333333336,7.0
low<=40_close50-70_green,NO,flat,20-25,90,90,57.111111111111114,0.6444444444444445,0.634567901234568,0.8888888888888883,-7.818181818181821,"3.04,-7.82,10.86,-2.48",5,10,-18.11111111111111,7.0
low<=40_close50-70_green,NO,flat,20-25,99,90,57.111111111111114,0.5888888888888889,0.5768799102132436,1.1888888888888882,-9.91304347826087,"4.61,-2.91,13.32,-9.91",6,10,-27.444444444444443,7.0
low<=40_close50-70_green,NO,flat,25-30,60,123,58.78048780487805,0.9024390243902439,0.9796747967479675,-4.634146341463415,-6.35483870967742,"-4.61,-6.35,-5.40,-2.19",1,10,-11.800000000000002,7.0
low<=40_close50-70_green,NO,flat,25-30,70,123,58.78048780487805,0.7967479674796748,0.8397212543554007,-3.0081300813008136,-9.129032258064516,"-9.13,-6.35,0.93,2.65",4,10,-15.8,7.0
low<=40_close50-70_green,NO,flat,25-30,80,123,58.78048780487805,0.7073170731707317,0.7347560975609756,-2.1951219512195124,-9.774193548387096,"-9.77,1.39,-4.07,3.61",4,10,-17.625,7.0
low<=40_close50-70_green,NO,flat,25-30,85,123,58.78048780487805,0.6585365853658537,0.6915351506456241,-2.8048780487804876,-12.193548387096774,"-12.19,2.52,-9.23,7.48",5,10,-25.75,7.0
low<=40_close50-70_green,NO,flat,25-30,90,123,58.78048780487805,0.6178861788617886,0.6531165311653117,-3.1707317073170733,-18.161290322580644,"-18.16,3.32,-6.40,8.45",4,10,-35.125,7.0
low<=40_close50-70_green,NO,flat,25-30,99,123,58.78048780487805,0.5609756097560976,0.5937423010593742,-3.2439024390243905,-20.483870967741936,"-20.48,9.71,-7.90,5.55",3,10,-32.875,7.0
low<=40_close50-70_green,NO,flat,30-35,60,208,58.72115384615385,0.9134615384615384,0.9786858974358974,-3.91346153846154,-5.403846153846156,"-4.58,-5.40,-3.92,-1.75",2,10,-11.47826086956522,7.0
low<=40_close50-70_green,NO,flat,30-35,70,208,58.72115384615385,0.7932692307692307,0.8388736263736264,-3.1923076923076934,-7.653846153846156,"-7.65,-1.94,-1.42,-1.75",3,10,-12.782608695652176,7.0
low<=40_close50-70_green,NO,flat,30-35,80,208,58.72115384615385,0.6923076923076923,0.7340144230769231,-3.3365384615384626,-6.500000000000002,"-6.50,-3.10,-0.85,-2.90",3,10,-12.428571428571432,7.0
low<=40_close50-70_green,NO,flat,30-35,85,208,58.72115384615385,0.6778846153846154,0.6908371040723982,-1.1009615384615392,-4.8653846153846185,"-4.87,0.37,-0.46,0.56",4,10,-9.571428571428575,7.0
low<=40_close50-70_green,NO,flat,30-35,90,208,58.72115384615385,0.6490384615384616,0.652457264957265,-0.30769230769230876,-2.1923076923076934,"-1.69,0.37,-2.19,2.29",5,10,-11.47826086956522,7.0
low<=40_close50-70_green,NO,flat,30-35,99,208,58.72115384615385,0.5913461538461539,0.5931429681429682,-0.17788461538461592,-3.0769230769230793,"0.21,-1.37,3.52,-3.08",6,10,-19.608695652173914,7.0
low<=40_close50-70_green,NO,flat,35+,60,166,59.74698795180723,0.9518072289156626,0.9957831325301204,-2.6385542168674707,-4.452380952380953,"-1.64,-1.12,-3.32,-4.45",1,10,-5.095238095238097,6.0
low<=40_close50-70_green,NO,flat,35+,70,166,59.74698795180723,0.8253012048192772,0.8535283993115318,-1.9759036144578324,-5.166666666666668,"-3.79,1.80,-0.63,-5.17",3,10,-11.285714285714288,6.0
low<=40_close50-70_green,NO,flat,35+,80,166,59.74698795180723,0.7831325301204819,0.7468373493975904,2.9036144578313245,0.7857142857142844,"2.17,2.78,5.95,0.79",6,10,-10.571428571428573,6.0
low<=40_close50-70_green,NO,flat,35+,85,166,59.74698795180723,0.7228915662650602,0.7029057406094968,1.698795180722891,-3.682926829268294,"-0.10,-3.68,8.02,2.57",6,10,-13.785714285714288,6.0
low<=40_close50-70_green,NO,flat,35+,90,166,59.74698795180723,0.7168674698795181,0.6638554216867469,4.7710843373493965,-0.3902439024390261,"3.36,-0.39,12.05,4.12",6,10,-11.285714285714288,6.0
low<=40_close50-70_green,NO,flat,35+,99,166,59.74698795180723,0.6626506024096386,0.6035049288061336,5.855421686746988,2.4999999999999982,"2.50,3.12,14.46,3.48",6,10,-13.85714285714286,6.0
low<=40_close50-70_green,NO,with25-75,20-25,60,35,58.97142857142857,0.8571428571428571,0.9828571428571428,-7.5428571428571445,-9.777777777777779,"-9.78,-5.78,-9.75,-5.11",3,10,-30.500000000000004,6.0
low<=40_close50-70_green,NO,with25-75,20-25,70,35,58.97142857142857,0.7714285714285715,0.8424489795918367,-4.971428571428573,-9.777777777777779,"-9.78,-4.67,-1.00,-4.00",4,10,-60.5,6.0
low<=40_close50-70_green,NO,with25-75,20-25,80,35,58.97142857142857,0.7142857142857143,0.7371428571428571,-1.8285714285714294,-20.88888888888889,"-20.89,3.11,7.75,3.78",6,10,-60.5,6.0
low<=40_close50-70_green,NO,with25-75,20-25,85,35,58.97142857142857,0.7142857142857143,0.693781512605042,1.7428571428571416,-18.666666666666668,"-18.67,7.00,12.12,7.67",8,10,-60.5,6.0
low<=40_close50-70_green,NO,with25-75,20-25,90,35,58.97142857142857,0.7142857142857143,0.6552380952380952,5.314285714285714,-16.444444444444443,"-16.44,10.89,16.50,11.56",8,10,-60.5,6.0
low<=40_close50-70_green,NO,with25-75,20-25,99,35,58.97142857142857,0.6,0.5956709956709957,0.4285714285714284,-12.444444444444446,"-12.44,6.89,12.00,-3.44",5,10,-60.5,6.0
low<=40_close50-70_green,NO,with25-75,25-30,60,58,61.05172413793103,0.9655172413793104,1.0175287356321838,-3.1206896551724146,-6.714285714285714,"-0.73,-6.71,-1.43,-3.73",1,10,-11.222222222222221,6.0
low<=40_close50-70_green,NO,with25-75,25-30,70,58,61.05172413793103,0.7931034482758621,0.8721674876847291,-5.5344827586206895,-11.428571428571429,"-9.40,-2.43,-11.43,0.93",4,10,-19.0,6.0
low<=40_close50-70_green,NO,with25-75,25-30,80,58,61.05172413793103,0.6206896551724138,0.7631465517241379,-11.39655172413793,-21.428571428571427,"-18.07,-11.00,-21.43,4.27",3,10,-45.0,6.0
low<=40_close50-70_green,NO,with25-75,25-30,85,58,61.05172413793103,0.6206896551724138,0.7182555780933063,-8.293103448275861,-18.928571428571427,"-15.40,-7.79,-18.93,8.27",4,10,-44.0,6.0
low<=40_close50-70_green,NO,with25-75,25-30,90,58,61.05172413793103,0.6206896551724138,0.678352490421456,-5.189655172413793,-16.428571428571427,"-12.73,-4.57,-16.43,12.27",5,10,-43.0,6.0
low<=40_close50-70_green,NO,with25-75,25-30,99,58,61.05172413793103,0.5862068965517241,0.6166840822013235,-3.0172413793103456,-14.533333333333333,"-14.53,-5.86,-11.93,19.47",6,10,-41.2,6.0
low<=40_close50-70_green,NO,with25-75,30-35,60,57,61.8421052631579,0.9649122807017544,1.030701754385965,-3.9473684210526314,-8.857142857142858,"0.13,-8.86,-3.79,-3.57",0,10,-18.0,6.0
low<=40_close50-70_green,NO,with25-75,30-35,70,57,61.8421052631579,0.8596491228070176,0.8834586466165414,-1.666666666666666,-10.285714285714286,"10.13,-10.29,1.21,-8.57",4,10,-29.25,6.0
low<=40_close50-70_green,NO,with25-75,30-35,80,57,61.8421052631579,0.7719298245614035,0.7730263157894737,-0.08771929824561453,-14.571428571428571,"20.13,-14.57,-0.93,-6.43",4,10,-24.25,6.0
low<=40_close50-70_green,NO,with25-75,30-35,85,57,61.8421052631579,0.7368421052631579,0.7275541795665635,0.7894736842105253,-11.714285714285714,"19.47,-11.71,-3.07,-2.86",4,10,-21.75,6.0
low<=40_close50-70_green,NO,with25-75,30-35,90,57,61.8421052631579,0.7192982456140351,0.6871345029239766,2.894736842105262,-8.857142857142858,"24.13,-8.86,0.50,-5.71",5,10,-24.571428571428573,6.0
low<=40_close50-70_green,NO,with25-75,30-35,99,57,61.8421052631579,0.6140350877192983,0.6246677299308878,-1.0526315789473695,-10.785714285714286,"19.33,-10.79,-7.21,-7.00",4,10,-34.857142857142854,6.0
low<=40_close50-70_green,NO,with25-75,35+,60,44,64.52272727272727,1.0,1.0753787878787877,-4.52272727272727,-5.181818181818178,"-4.36,-5.00,-5.18,-3.55",0,10,-6.7499999999999964,6.0
low<=40_close50-70_green,NO,with25-75,35+,70,44,64.52272727272727,0.9772727272727273,0.9217532467532467,3.886363636363639,-0.7272727272727253,"-0.73,5.00,4.82,6.45",9,10,-4.833333333333332,6.0
low<=40_close50-70_green,NO,with25-75,35+,80,44,64.52272727272727,0.8636363636363636,0.8065340909090908,4.56818181818182,-6.9999999999999964,"8.36,0.45,-7.00,16.45",8,10,-24.25,6.0
low<=40_close50-70_green,NO,with25-75,35+,85,44,64.52272727272727,0.8181818181818182,0.759090909090909,5.022727272727274,-3.3636363636363598,"12.91,-3.18,-3.36,13.73",7,10,-21.75,6.0
low<=40_close50-70_green,NO,with25-75,35+,90,44,64.52272727272727,0.7954545454545454,0.7169191919191918,7.068181818181819,0.2727272727272766,"9.27,0.45,0.27,18.27",7,10,-19.25,6.0
low<=40_close50-70_green,NO,with25-75,35+,99,44,64.52272727272727,0.7272727272727273,0.651744719926538,7.47727272727273,-2.181818181818178,"-1.36,7.00,-2.18,26.45",6,10,-22.857142857142854,6.0
low<=40_close50-70_green,YES,against25-75,25-30,60,51,57.11764705882353,0.8823529411764706,0.9519607843137254,-4.176470588235293,-10.25,"-2.69,-2.92,-10.25,-1.31",5,9,-30.8,8.0
low<=40_close50-70_green,YES,against25-75,25-30,70,51,57.11764705882353,0.803921568627451,0.8159663865546218,-0.8431372549019608,-8.583333333333334,"1.15,0.92,-8.58,2.54",5,9,-26.8,8.0
low<=40_close50-70_green,YES,against25-75,25-30,80,51,57.11764705882353,0.7647058823529411,0.7139705882352941,4.0588235294117645,-8.583333333333334,"9.62,9.38,-8.58,4.85",6,9,-22.8,8.0
low<=40_close50-70_green,YES,against25-75,25-30,85,51,57.11764705882353,0.7450980392156863,0.6719723183391003,6.215686274509804,-5.666666666666667,"13.85,13.62,-5.67,2.15",7,9,-21.799999999999997,8.0
low<=40_close50-70_green,YES,against25-75,25-30,90,51,57.11764705882353,0.7254901960784313,0.634640522875817,8.176470588235293,-2.7499999999999996,"18.08,17.85,-2.75,-1.31",7,9,-37.8,8.0
low<=40_close50-70_green,YES,against25-75,25-30,99,51,57.11764705882353,0.7058823529411765,0.5769459298871064,12.764705882352942,2.5000000000000004,"18.08,25.46,2.50,4.23",7,9,-36.0,8.0
low<=40_close50-70_green,YES,against25-75,30-35,60,45,56.62222222222222,0.8666666666666667,0.9437037037037037,-4.622222222222222,-11.272727272727273,"-1.42,-7.55,1.45,-11.27",5,9,-22.2,8.0
low<=40_close50-70_green,YES,against25-75,30-35,70,45,56.62222222222222,0.8,0.8088888888888889,-0.6222222222222219,-10.363636363636363,"1.92,-5.73,11.45,-10.36",5,9,-19.166666666666668,8.0
low<=40_close50-70_green,YES,against25-75,30-35,80,45,56.62222222222222,0.7555555555555555,0.7077777777777777,3.8222222222222224,-5.7272727272727275,"10.25,-5.73,14.18,-4.00",6,9,-27.5,8.0
low<=40_close50-70_green,YES,against25-75,30-35,85,45,56.62222222222222,0.7333333333333333,0.6661437908496731,5.711111111111111,-10.272727272727273,"14.42,-10.27,18.73,-0.82",7,9,-40.0,8.0
low<=40_close50-70_green,YES,against25-75,30-35,90,45,56.62222222222222,0.6888888888888889,0.6291358024691358,5.377777777777778,-7.545454545454546,"11.08,-7.55,23.27,-5.82",5,9,-39.166666666666664,8.0
low<=40_close50-70_green,YES,against25-75,30-35,99,45,56.62222222222222,0.6666666666666666,0.5719416386083053,9.377777777777778,-9.909090909090908,"17.83,-2.64,31.45,-9.91",5,9,-37.666666666666664,8.0
low<=40_close50-70_green,YES,against25-75,35+,60,36,57.97222222222222,0.8333333333333334,0.9662037037037037,-7.972222222222222,-16.0,"-10.33,-16.00,-0.22,-5.33",3,10,-51.0,7.0
low<=40_close50-70_green,YES,against25-75,35+,70,36,57.97222222222222,0.5833333333333334,0.8281746031746031,-17.13888888888889,-24.88888888888889,"-10.33,-24.89,-13.56,-19.78",3,10,-51.0,7.0
low<=40_close50-70_green,YES,against25-75,35+,80,36,57.97222222222222,0.4166666666666667,0.7246527777777778,-24.63888888888889,-32.0,"-21.44,-29.33,-15.78,-32.00",3,10,-57.333333333333336,7.0
low<=40_close50-70_green,YES,against25-75,35+,85,36,57.97222222222222,0.3888888888888889,0.6820261437908497,-24.916666666666668,-30.333333333333332,"-28.67,-27.67,-13.00,-30.33",3,10,-57.333333333333336,7.0
low<=40_close50-70_green,YES,against25-75,35+,90,36,57.97222222222222,0.3888888888888889,0.6441358024691358,-22.97222222222222,-28.666666666666668,"-27.00,-26.00,-10.22,-28.67",3,10,-57.333333333333336,7.0
low<=40_close50-70_green,YES,against25-75,35+,99,36,57.97222222222222,0.3055555555555556,0.5855780022446689,-27.72222222222222,-36.666666666666664,"-35.00,-23.00,-16.22,-36.67",2,10,-65.0,7.0
low<=40_close50-70_green,YES,flat,15-20,60,60,58.35,0.9,0.9725,-4.35,-9.399999999999999,"-9.40,-1.00,0.87,-7.87",4,10,-34.66666666666667,7.0
low<=40_close50-70_green,YES,flat,15-20,70,60,58.35,0.7833333333333333,0.8335714285714286,-3.516666666666667,-10.73333333333333,"-10.73,3.67,1.53,-8.53",4,10,-31.33333333333334,7.0
low<=40_close50-70_green,YES,flat,15-20,80,60,58.35,0.7166666666666667,0.729375,-1.0166666666666673,-9.399999999999999,"-9.40,7.00,4.87,-6.53",6,10,-28.000000000000004,7.0
low<=40_close50-70_green,YES,flat,15-20,85,60,58.35,0.7,0.6864705882352942,1.15,-12.066666666666665,"-12.07,11.00,8.87,-3.20",6,10,-26.33333333333334,7.0
low<=40_close50-70_green,YES,flat,15-20,90,60,58.35,0.6666666666666666,0.6483333333333333,1.65,-15.399999999999999,"-15.40,15.00,6.87,0.13",6,10,-24.66666666666667,7.0
low<=40_close50-70_green,YES,flat,15-20,99,60,58.35,0.6166666666666667,0.5893939393939394,2.7,-11.199999999999998,"-11.20,15.60,6.87,-0.47",6,10,-21.66666666666667,7.0
low<=40_close50-70_green,YES,flat,20-25,60,112,57.392857142857146,0.875,0.9565476190476191,-4.892857142857143,-10.107142857142858,"-10.11,-2.14,-3.21,-4.11",1,10,-28.375,7.0
low<=40_close50-70_green,YES,flat,20-25,70,112,57.392857142857146,0.8214285714285714,0.8198979591836735,0.10714285714285689,-7.250000000000001,"-7.25,4.64,0.71,2.32",6,10,-32.125,7.0
low<=40_close50-70_green,YES,flat,20-25,80,112,57.392857142857146,0.75,0.7174107142857143,2.607142857142857,-2.5,"-0.11,5.00,-2.50,8.04",6,10,-28.375,7.0
low<=40_close50-70_green,YES,flat,20-25,85,112,57.392857142857146,0.7232142857142857,0.6752100840336135,4.080357142857143,0.42857142857142755,"0.43,5.89,0.89,9.11",6,10,-26.5,7.0
low<=40_close50-70_green,YES,flat,20-25,90,112,57.392857142857146,0.6875,0.6376984126984128,4.482142857142857,-2.1428571428571432,"0.61,6.43,-2.14,13.04",6,10,-24.625,7.0
low<=40_close50-70_green,YES,flat,20-25,99,112,57.392857142857146,0.6607142857142857,0.5797258297258298,8.017857142857142,-0.21428571428571455,"6.39,9.32,-0.21,16.57",6,10,-21.25,7.0
low<=40_close50-70_green,YES,flat,25-30,60,155,57.458064516129035,0.8838709677419355,0.9576344086021505,-4.425806451612903,-15.578947368421053,"-1.36,-0.67,-15.58,-0.38",4,10,-20.192307692307693,7.0
low<=40_close50-70_green,YES,flat,25-30,70,155,57.458064516129035,0.7806451612903226,0.8208294930875576,-2.812903225806452,-17.68421052631579,"4.28,1.64,-17.68,0.13",4,10,-19.423076923076923,7.0
low<=40_close50-70_green,YES,flat,25-30,80,155,57.458064516129035,0.6838709677419355,0.7182258064516129,-2.7483870967741937,-11.894736842105264,"-3.41,-0.15,-11.89,4.23",4,10,-25.153846153846153,7.0
low<=40_close50-70_green,YES,flat,25-30,85,155,57.458064516129035,0.6580645161290323,0.6759772296015181,-1.5225806451612902,-9.0,"-2.26,1.26,-9.00,3.72",4,10,-23.23076923076923,7.0
low<=40_close50-70_green,YES,flat,25-30,90,155,57.458064516129035,0.6451612903225806,0.6384229390681004,0.6064516129032256,-8.473684210526315,"0.95,4.72,-8.47,5.00",4,10,-21.307692307692307,7.0
low<=40_close50-70_green,YES,flat,25-30,99,155,57.458064516129035,0.6258064516129033,0.5803844900619094,4.496774193548387,-3.5,"6.72,8.41,-3.50,6.15",5,10,-17.846153846153847,7.0
low<=40_close50-70_green,YES,flat,30-35,60,170,58.68235294117647,0.8941176470588236,0.9780392156862745,-5.035294117647059,-7.30232558139535,"-7.30,-1.36,-6.33,-5.09",1,10,-13.076923076923077,7.0
low<=40_close50-70_green,YES,flat,30-35,70,170,58.68235294117647,0.7941176470588235,0.8383193277310924,-3.0941176470588236,-7.761904761904762,"-5.21,-3.26,-7.76,3.74",3,10,-16.12,7.0
low<=40_close50-70_green,YES,flat,30-35,80,170,58.68235294117647,0.6647058823529411,0.7335294117647059,-5.5058823529411764,-8.5,"-4.98,-8.50,-8.24,-0.44",4,10,-18.238095238095237,7.0
low<=40_close50-70_green,YES,flat,30-35,85,170,58.68235294117647,0.6294117647058823,0.6903806228373702,-5.182352941176471,-13.238095238095237,"-3.58,-5.29,-13.24,1.19",3,10,-15.619047619047619,7.0
low<=40_close50-70_green,YES,flat,30-35,90,170,58.68235294117647,0.5705882352941176,0.6520261437908497,-7.329411764705882,-14.904761904761905,"-10.79,-2.07,-14.90,-1.60",3,10,-17.928571428571427,7.0
low<=40_close50-70_green,YES,flat,30-35,99,170,58.68235294117647,0.5235294117647059,0.5927510398098633,-6.852941176470588,-15.333333333333334,"-8.28,3.71,-15.33,-7.47",2,10,-14.56,7.0
low<=40_close50-70_green,YES,flat,35+,60,175,60.66285714285714,0.92,1.011047619047619,-5.462857142857143,-7.818181818181818,"-7.82,-3.57,-4.09,-6.34",0,10,-13.500000000000002,6.0
low<=40_close50-70_green,YES,flat,35+,70,175,60.66285714285714,0.7885714285714286,0.8666122448979592,-5.462857142857143,-9.209302325581396,"-8.73,-0.39,-9.21,-3.61",1,10,-14.75,6.0
low<=40_close50-70_green,YES,flat,35+,80,175,60.66285714285714,0.7085714285714285,0.7582857142857142,-3.9771428571428573,-12.930232558139535,"-5.09,6.43,-12.93,-4.52",2,10,-23.529411764705884,6.0
low<=40_close50-70_green,YES,flat,35+,85,175,60.66285714285714,0.6685714285714286,0.7136806722689075,-3.834285714285714,-17.813953488372093,"-1.68,4.84,-17.81,-1.00",3,10,-31.176470588235293,6.0
low<=40_close50-70_green,YES,flat,35+,90,175,60.66285714285714,0.64,0.674031746031746,-3.0628571428571427,-15.255813953488373,"1.73,2.57,-15.26,-1.57",4,10,-29.41176470588235,6.0
low<=40_close50-70_green,YES,flat,35+,99,175,60.66285714285714,0.56,0.6127561327561327,-5.222857142857142,-17.558139534883722,"1.11,6.66,-17.56,-11.39",5,10,-32.05882352941177,6.0
low<=40_close50-70_green,YES,with25-75,15-20,60,35,58.2,0.9428571428571428,0.9700000000000001,-1.6285714285714283,-6.874999999999998,"2.78,-4.44,-6.87,1.44",5,10,-14.250000000000002,6.0
low<=40_close50-70_green,YES,with25-75,15-20,70,35,58.2,0.7714285714285715,0.8314285714285715,-4.2,-15.625,"5.00,-11.11,-15.62,3.67",7,10,-41.75,6.0
low<=40_close50-70_green,YES,with25-75,15-20,80,35,58.2,0.7428571428571429,0.7275,1.2285714285714289,-13.333333333333336,"13.89,-13.33,-9.38,12.56",6,10,-39.25,6.0
low<=40_close50-70_green,YES,with25-75,15-20,85,35,58.2,0.7142857142857143,0.6847058823529412,2.5142857142857142,-16.875,"18.33,-10.56,-16.88,17.00",6,10,-38.0,6.0
low<=40_close50-70_green,YES,with25-75,15-20,90,35,58.2,0.6857142857142857,0.6466666666666667,3.5142857142857142,-25.625,"22.78,-7.78,-25.62,21.44",6,10,-36.75,6.0
low<=40_close50-70_green,YES,with25-75,15-20,99,35,58.2,0.5714285714285714,0.5878787878787879,-1.6285714285714286,-22.25,"19.78,-13.78,-22.25,7.44",5,10,-64.0,6.0
low<=40_close50-70_green,YES,with25-75,20-25,60,45,58.422222222222224,0.9333333333333333,0.9737037037037037,-2.422222222222223,-5.90909090909091,"-3.00,2.73,-5.91,-3.45",4,10,-15.250000000000004,6.0
low<=40_close50-70_green,YES,with25-75,20-25,70,45,58.422222222222224,0.7777777777777778,0.8346031746031747,-3.9777777777777783,-7.0909090909090935,"-5.50,0.00,-3.18,-7.09",4,10,-25.250000000000004,6.0
low<=40_close50-70_green,YES,with25-75,20-25,80,45,58.422222222222224,0.7111111111111111,0.7302777777777778,-1.5333333333333334,-11.333333333333334,"-11.33,8.18,5.00,-7.09",5,10,-40.25,6.0
low<=40_close50-70_green,YES,with25-75,20-25,85,45,58.422222222222224,0.6888888888888889,0.6873202614379085,0.13333333333333303,-15.5,"-15.50,12.27,9.09,-3.91",6,10,-39.25,6.0
low<=40_close50-70_green,YES,with25-75,20-25,90,45,58.422222222222224,0.6666666666666666,0.6491358024691358,1.5777777777777775,-13.0,"-13.00,16.36,5.00,-0.73",6,10,-38.0,6.0
low<=40_close50-70_green,YES,with25-75,20-25,99,45,58.422222222222224,0.6,0.5901234567901235,0.9777777777777774,-16.75,"-16.75,5.73,11.55,5.00",5,10,-35.75,6.0
low<=40_close50-70_green,YES,with25-75,25-30,60,72,62.40277777777778,0.9722222222222222,1.0400462962962964,-4.069444444444445,-5.944444444444445,"-3.33,-1.83,-5.94,-5.17",0,10,-15.8,6.0
low<=40_close50-70_green,YES,with25-75,25-30,70,72,62.40277777777778,0.8055555555555556,0.891468253968254,-6.013888888888889,-15.166666666666666,"-1.11,-7.39,-0.39,-15.17",5,10,-35.2,6.0
low<=40_close50-70_green,YES,with25-75,25-30,80,72,62.40277777777778,0.6944444444444444,0.7800347222222223,-6.847222222222222,-12.944444444444445,"-10.00,-12.94,4.06,-8.50",4,10,-31.2,6.0
low<=40_close50-70_green,YES,with25-75,25-30,85,72,62.40277777777778,0.6527777777777778,0.7341503267973857,-6.916666666666667,-14.61111111111111,"-6.67,-14.61,3.50,-9.89",4,10,-29.2,6.0
low<=40_close50-70_green,YES,with25-75,25-30,90,72,62.40277777777778,0.6388888888888888,0.6933641975308642,-4.902777777777778,-11.833333333333334,"-3.33,-11.83,2.39,-6.83",4,10,-27.2,6.0
low<=40_close50-70_green,YES,with25-75,25-30,99,72,62.40277777777778,0.5555555555555556,0.630331088664422,-7.402777777777778,-12.333333333333334,"-8.33,-12.33,3.39,-12.33",5,10,-43.4,6.0
low<=40_close50-70_green,YES,with25-75,30-35,60,56,62.82142857142857,0.9821428571428571,1.0470238095238096,-3.892857142857143,-6.357142857142857,"-3.64,-1.64,-3.93,-6.36",1,10,-9.875,6.0
low<=40_close50-70_green,YES,with25-75,30-35,70,56,62.82142857142857,0.8928571428571429,0.8974489795918367,-0.32142857142857145,-6.642857142857143,"1.36,-6.64,1.07,2.93",6,10,-6.3,6.0
low<=40_close50-70_green,YES,with25-75,30-35,80,56,62.82142857142857,0.7857142857142857,0.7852678571428571,0.03571428571428571,-15.928571428571429,"4.93,-15.93,4.64,6.50",6,10,-12.4,6.0
low<=40_close50-70_green,YES,with25-75,30-35,85,56,62.82142857142857,0.75,0.7390756302521008,0.9285714285714286,-13.071428571428571,"9.21,-13.07,2.86,4.71",6,10,-35.333333333333336,6.0
low<=40_close50-70_green,YES,with25-75,30-35,90,56,62.82142857142857,0.7142857142857143,0.698015873015873,1.4642857142857142,-10.214285714285714,"7.07,-10.21,0.36,8.64",7,10,-33.666666666666664,6.0
low<=40_close50-70_green,YES,with25-75,30-35,99,56,62.82142857142857,0.6964285714285714,0.6345598845598845,6.125,-12.142857142857142,"14.14,-12.14,6.79,15.71",7,10,-30.666666666666668,6.0
low<=40_close50-70_green,YES,with25-75,35+,60,32,63.3125,0.96875,1.0552083333333333,-5.1875,-11.125,"-5.00,-11.12,-4.12,-0.50",2,10,-14.333333333333334,6.0
low<=40_close50-70_green,YES,with25-75,35+,70,32,63.3125,0.84375,0.9044642857142857,-4.25,-11.625,"5.00,-11.12,-11.62,0.75",7,10,-69.0,6.0
low<=40_close50-70_green,YES,with25-75,35+,80,32,63.3125,0.78125,0.79140625,-0.8124999999999998,-14.125,"15.00,-3.63,-14.12,-0.50",5,10,-69.0,6.0
low<=40_close50-70_green,YES,with25-75,35+,85,32,63.3125,0.71875,0.7448529411764706,-2.21875,-21.625,"9.38,0.12,-21.62,3.25",5,10,-69.0,6.0
low<=40_close50-70_green,YES,with25-75,35+,90,32,63.3125,0.6875,0.7034722222222223,-1.4375,-19.125,"13.75,-7.38,-19.12,7.00",5,10,-69.0,6.0
low<=40_close50-70_green,YES,with25-75,35+,99,32,63.3125,0.625,0.639520202020202,-1.4375,-14.625,"21.62,-14.12,-14.62,1.38",6,10,-69.0,6.0
low<=40_close55-75_green,NO,against25-75,30-35,60,44,62.75,0.9772727272727273,1.0458333333333334,-4.113636363636363,-7.818181818181821,"-7.82,-2.73,-3.45,-2.45",1,10,-15.750000000000005,8.0
low<=40_close55-75_green,NO,against25-75,30-35,70,44,62.75,0.8409090909090909,0.8964285714285715,-3.886363636363636,-6.181818181818182,"-5.09,-5.45,-6.18,1.18",4,10,-25.750000000000007,8.0
low<=40_close55-75_green,NO,against25-75,30-35,80,44,62.75,0.7272727272727273,0.784375,-4.568181818181818,-27.09090909090909,"-4.18,2.73,-27.09,10.27",6,10,-40.75000000000001,8.0
low<=40_close55-75_green,NO,against25-75,30-35,85,44,62.75,0.7272727272727273,0.7382352941176471,-0.9318181818181818,-24.818181818181817,"-0.55,6.82,-24.82,14.82",6,10,-39.50000000000001,8.0
low<=40_close55-75_green,NO,against25-75,30-35,90,44,62.75,0.6818181818181818,0.6972222222222222,-1.3863636363636358,-30.727272727272727,"-5.09,10.91,-30.73,19.36",6,10,-38.25000000000001,8.0
low<=40_close55-75_green,NO,against25-75,30-35,99,44,62.75,0.6136363636363636,0.6338383838383839,-1.9999999999999993,-36.45454545454545,"-8.36,9.27,-36.45,27.55",7,10,-49.57142857142857,8.0
low<=40_close55-75_green,NO,against25-75,35+,60,45,61.733333333333334,0.9555555555555556,1.028888888888889,-4.400000000000002,-7.833333333333336,"-7.83,-2.36,-5.73,-1.36",3,10,-13.0,8.0
low<=40_close55-75_green,NO,against25-75,35+,70,45,61.733333333333334,0.9111111111111111,0.881904761904762,2.044444444444442,1.2727272727272707,"1.33,1.27,3.36,2.27",5,10,-9.250000000000002,8.0
low<=40_close55-75_green,NO,against25-75,35+,80,45,61.733333333333334,0.8666666666666667,0.7716666666666667,7.599999999999998,3.090909090909089,"10.50,3.09,5.18,11.36",8,10,-8.000000000000004,8.0
low<=40_close55-75_green,NO,against25-75,35+,85,45,61.733333333333334,0.7555555555555555,0.7262745098039216,2.488888888888887,-8.272727272727273,"8.00,-8.27,1.55,8.18",6,10,-40.5,8.0
low<=40_close55-75_green,NO,against25-75,35+,90,45,61.733333333333334,0.7111111111111111,0.6859259259259259,2.266666666666664,-13.272727272727273,"12.17,-13.27,5.18,4.09",6,10,-39.25,8.0
low<=40_close55-75_green,NO,against25-75,35+,99,45,61.733333333333334,0.6888888888888889,0.6235690235690236,6.466666666666664,-8.363636363636365,"19.67,-8.36,2.73,10.64",8,10,-37.0,8.0
low<=40_close55-75_green,NO,flat,15-20,60,58,63.91379310344828,0.9827586206896551,1.0652298850574713,-4.948275862068965,-8.142857142857144,"-3.13,-4.79,-8.14,-3.93",1,10,-10.714285714285719,8.0
low<=40_close55-75_green,NO,flat,15-20,70,58,63.91379310344828,0.9137931034482759,0.9130541871921183,0.051724137931033504,-4.785714285714287,"6.87,-4.79,-3.86,1.40",7,10,-12.142857142857148,8.0
low<=40_close55-75_green,NO,flat,15-20,80,58,63.91379310344828,0.7586206896551724,0.7989224137931035,-3.2241379310344827,-13.357142857142858,"-4.47,-13.36,-1.00,5.40",4,10,-23.125,8.0
low<=40_close55-75_green,NO,flat,15-20,85,58,63.91379310344828,0.7413793103448276,0.7519269776876268,-0.8965517241379315,-16.214285714285715,"-0.80,-16.21,2.93,9.73",4,10,-20.625,8.0
low<=40_close55-75_green,NO,flat,15-20,90,58,63.91379310344828,0.7068965517241379,0.7101532567049809,-0.29310344827586254,-13.357142857142858,"2.87,-13.36,0.43,8.07",6,10,-33.666666666666664,8.0
low<=40_close55-75_green,NO,flat,15-20,99,58,63.91379310344828,0.6724137931034483,0.6455938697318008,2.6551724137931028,-8.214285714285715,"2.87,-8.21,6.86,8.67",5,10,-30.666666666666668,8.0
low<=40_close55-75_green,NO,flat,20-25,60,77,62.98701298701299,0.948051948051948,1.0497835497835497,-6.103896103896107,-8.10526315789474,"-7.05,-8.11,-5.05,-4.16",2,10,-17.500000000000004,8.0
low<=40_close55-75_green,NO,flat,20-25,70,77,62.98701298701299,0.8701298701298701,0.8998144712430427,-2.07792207792208,-6.526315789473688,"1.95,-6.53,-6.11,2.16",5,10,-22.500000000000004,8.0
low<=40_close55-75_green,NO,flat,20-25,80,77,62.98701298701299,0.7402597402597403,0.7873376623376623,-3.7662337662337677,-7.052631578947372,"-1.05,-7.05,-1.89,-5.21",4,10,-17.500000000000004,8.0
low<=40_close55-75_green,NO,flat,20-25,85,77,62.98701298701299,0.7142857142857143,0.7410236822001528,-2.272727272727274,-8.10526315789474,"-1.55,-8.11,2.05,-1.53",5,10,-16.181818181818183,8.0
low<=40_close55-75_green,NO,flat,20-25,90,77,62.98701298701299,0.6883116883116883,0.6998556998556998,-1.0389610389610398,-4.9473684210526345,"-2.55,-4.95,1.26,2.16",4,10,-24.428571428571434,8.0
low<=40_close55-75_green,NO,flat,20-25,99,77,62.98701298701299,0.6233766233766234,0.6362324544142726,-1.2727272727272743,-6.842105263157895,"-1.65,0.74,2.68,-6.84",6,10,-22.444444444444443,8.0
low<=40_close55-75_green,NO,flat,25-30,60,118,63.09322033898305,0.9745762711864406,1.0515536723163843,-4.6186440677966125,-6.586206896551725,"-4.40,-6.59,-4.14,-3.40",0,10,-11.72727272727273,7.0
low<=40_close55-75_green,NO,flat,25-30,70,118,63.09322033898305,0.864406779661017,0.9013317191283293,-2.5847457627118655,-6.066666666666668,"-6.07,-4.52,-1.72,1.93",4,10,-16.666666666666668,7.0
low<=40_close55-75_green,NO,flat,25-30,80,118,63.09322033898305,0.7542372881355932,0.7886652542372882,-2.7542372881355943,-8.400000000000002,"-8.40,3.76,-1.38,-4.73",4,10,-16.666666666666668,7.0
low<=40_close55-75_green,NO,flat,25-30,85,118,63.09322033898305,0.6949152542372882,0.7422731804586241,-4.025423728813561,-10.566666666666668,"-10.57,4.97,-9.31,-1.07",4,10,-17.555555555555557,7.0
low<=40_close55-75_green,NO,flat,25-30,90,118,63.09322033898305,0.652542372881356,0.7010357815442562,-4.364406779661017,-10.400000000000002,"-10.40,-0.38,-6.21,-0.40",4,10,-24.77777777777778,7.0
low<=40_close55-75_green,NO,flat,25-30,99,118,63.09322033898305,0.5932203389830508,0.6373052559493237,-4.364406779661017,-11.600000000000001,"-11.60,5.83,-7.45,-4.00",4,10,-20.77777777777778,7.0
low<=40_close55-75_green,NO,flat,30-35,60,217,62.92626728110599,0.9539170506912442,1.0487711213517665,-5.691244239631338,-8.333333333333334,"-5.89,-6.28,-8.33,-2.26",0,10,-11.703703703703706,7.0
low<=40_close55-75_green,NO,flat,30-35,70,217,62.92626728110599,0.847926267281106,0.8989466754443713,-3.5714285714285734,-7.037037037037038,"-3.89,-2.02,-7.04,-1.33",2,10,-10.962962962962965,7.0
low<=40_close55-75_green,NO,flat,30-35,80,217,62.92626728110599,0.7465437788018433,0.786578341013825,-3.2027649769585262,-5.166666666666669,"-2.62,-5.17,-5.00,-0.04",4,10,-17.428571428571434,7.0
low<=40_close55-75_green,NO,flat,30-35,85,217,62.92626728110599,0.7327188940092166,0.7403090268365411,-0.6451612903225817,-4.537037037037038,"-0.35,-1.56,-4.54,3.85",5,10,-14.571428571428575,7.0
low<=40_close55-75_green,NO,flat,30-35,90,217,62.92626728110599,0.695852534562212,0.6991807475678443,-0.29953917050691364,-4.4444444444444455,"0.11,-1.28,-4.44,4.41",4,10,-11.714285714285719,7.0
low<=40_close55-75_green,NO,flat,30-35,99,217,62.92626728110599,0.6221198156682027,0.6356188614253131,-1.3364055299539181,-4.2777777777777795,"2.89,-4.28,-2.28,-1.76",5,10,-21.708333333333332,7.0
low<=40_close55-75_green,NO,flat,35+,60,182,63.81318681318681,0.9945054945054945,1.0635531135531135,-4.142857142857144,-5.911111111111112,"-3.26,-3.36,-5.91,-4.07",0,10,-7.000000000000003,6.0
low<=40_close55-75_green,NO,flat,35+,70,182,63.81318681318681,0.8846153846153846,0.9116169544740973,-1.8901098901098914,-5.434782608695654,"-5.43,0.42,-0.80,-1.67",3,10,-7.0000000000000036,6.0
low<=40_close55-75_green,NO,flat,35+,80,182,63.81318681318681,0.8186813186813187,0.7976648351648351,1.6813186813186807,-1.1333333333333349,"-0.65,-1.13,6.53,2.02",5,10,-12.444444444444445,6.0
low<=40_close55-75_green,NO,flat,35+,85,182,63.81318681318681,0.7692307692307693,0.750743374272786,1.5714285714285703,-4.800000000000002,"-2.28,-4.80,9.09,4.30",6,10,-12.388888888888891,6.0
low<=40_close55-75_green,NO,flat,35+,90,182,63.81318681318681,0.7582417582417582,0.709035409035409,4.428571428571427,-1.3555555555555572,"1.30,-1.36,13.42,4.41",6,10,-15.777777777777779,6.0
low<=40_close55-75_green,NO,flat,35+,99,182,63.81318681318681,0.6978021978021978,0.6445776445776445,5.269230769230768,-1.755555555555557,"1.30,-1.76,16.82,4.80",6,10,-21.77777777777778,6.0
low<=40_close55-75_green,NO,with25-75,20-25,60,37,63.67567567567568,0.918918918918919,1.0612612612612613,-8.54054054054054,-11.200000000000001,"-11.20,-4.67,-9.67,-8.33",2,10,-20.75,6.0
low<=40_close55-75_green,NO,with25-75,20-25,70,37,63.67567567567568,0.8378378378378378,0.9096525096525097,-5.027027027027029,-16.2,"-16.20,5.33,-0.78,-7.22",5,10,-30.75,6.0
low<=40_close55-75_green,NO,with25-75,20-25,80,37,63.67567567567568,0.7837837837837838,0.7959459459459459,-0.9729729729729741,-17.2,"-17.20,6.44,8.11,0.56",7,10,-25.75,6.0
low<=40_close55-75_green,NO,with25-75,20-25,85,37,63.67567567567568,0.7567567567567568,0.7491255961844198,0.6486486486486482,-22.7,"-22.70,10.89,12.56,4.44",8,10,-23.25,6.0
low<=40_close55-75_green,NO,with25-75,20-25,90,37,63.67567567567568,0.7297297297297297,0.7075075075075076,1.9999999999999996,-20.2,"-20.20,15.33,17.00,-1.67",7,10,-20.75,6.0
low<=40_close55-75_green,NO,with25-75,20-25,99,37,63.67567567567568,0.5945945945945946,0.6431886431886432,-4.8108108108108105,-17.66666666666667,"-15.70,1.33,14.00,-17.67",5,10,-32.0,6.0
low<=40_close55-75_green,NO,with25-75,25-30,60,69,64.71014492753623,0.9710144927536232,1.0785024154589373,-6.449275362318842,-9.411764705882355,"-8.72,-5.18,-2.35,-9.41",0,10,-12.4,6.0
low<=40_close55-75_green,NO,with25-75,25-30,70,69,64.71014492753623,0.8260869565217391,0.9244306418219462,-6.884057971014493,-14.833333333333334,"-14.83,0.71,-12.94,-0.00",4,10,-17.4,6.0
low<=40_close55-75_green,NO,with25-75,25-30,80,69,64.71014492753623,0.6956521739130435,0.8088768115942029,-9.057971014492754,-18.11764705882353,"-16.50,-18.12,-5.88,4.71",3,10,-36.5,6.0
low<=40_close55-75_green,NO,with25-75,25-30,85,69,64.71014492753623,0.6811594202898551,0.7612958226768969,-6.811594202898551,-15.176470588235293,"-13.44,-15.18,-2.35,4.12",4,10,-34.833333333333336,6.0
low<=40_close55-75_green,NO,with25-75,25-30,90,69,64.71014492753623,0.6811594202898551,0.7190016103059581,-3.4057971014492754,-12.235294117647058,"-10.39,-12.24,1.18,8.24",6,10,-33.166666666666664,6.0
low<=40_close55-75_green,NO,with25-75,25-30,99,69,64.71014492753623,0.6521739130434783,0.6536378275508711,-0.14492753623188417,-12.764705882352942,"-10.39,-12.76,7.53,15.65",6,10,-30.166666666666668,6.0
low<=40_close55-75_green,NO,with25-75,30-35,60,77,66.97402597402598,1.0,1.1162337662337662,-6.974025974025974,-7.7368421052631575,"-6.30,-7.42,-6.47,-7.74",0,10,-9.8,6.0
low<=40_close55-75_green,NO,with25-75,30-35,70,77,66.97402597402598,0.922077922077922,0.9567717996289425,-2.4285714285714284,-8.789473684210526,"3.70,-4.79,-0.16,-8.79",5,10,-23.8,6.0
low<=40_close55-75_green,NO,with25-75,30-35,80,77,66.97402597402598,0.8181818181818182,0.8371753246753247,-1.5194805194805194,-12.68421052631579,"9.70,-12.68,0.89,-4.58",4,10,-17.8,6.0
low<=40_close55-75_green,NO,with25-75,30-35,85,77,66.97402597402598,0.7532467532467533,0.7879297173414821,-2.948051948051948,-18.210526315789473,"14.45,-18.21,-3.84,-5.11",3,10,-18.8,6.0
low<=40_close55-75_green,NO,with25-75,30-35,90,77,66.97402597402598,0.7142857142857143,0.7441558441558442,-2.688311688311688,-20.05263157894737,"14.70,-20.05,-4.89,-1.42",4,10,-24.666666666666668,6.0
low<=40_close55-75_green,NO,with25-75,30-35,99,77,66.97402597402598,0.6233766233766234,0.6765053128689492,-5.259740259740259,-20.526315789473685,"12.90,-20.53,-9.16,-5.21",3,10,-31.666666666666668,6.0
low<=40_close55-75_green,NO,with25-75,35+,60,71,67.8169014084507,1.0,1.130281690140845,-7.816901408450702,-8.555555555555555,"-8.56,-7.11,-8.00,-7.61",0,10,-10.7,6.0
low<=40_close55-75_green,NO,with25-75,35+,70,71,67.8169014084507,0.9859154929577465,0.9688128772635815,1.1971830985915506,-2.4444444444444446,"-2.44,2.89,2.00,2.39",8,10,-4.625,6.0
low<=40_close55-75_green,NO,with25-75,35+,80,71,67.8169014084507,0.8732394366197183,0.8477112676056338,2.042253521126761,-4.8888888888888875,"2.56,-4.89,-2.12,12.39",7,10,-15.666666666666664,6.0
low<=40_close55-75_green,NO,with25-75,35+,85,71,67.8169014084507,0.8450704225352113,0.7978458989229494,4.014084507042254,-5.7222222222222205,"7.00,-5.72,2.00,12.67",6,10,-12.33333333333333,6.0
low<=40_close55-75_green,NO,with25-75,35+,90,71,67.8169014084507,0.8028169014084507,0.7535211267605634,4.43661971830986,-7.11111111111111,"6.44,-7.11,0.82,17.39",5,10,-21.833333333333332,6.0
low<=40_close55-75_green,NO,with25-75,35+,99,71,67.8169014084507,0.7323943661971831,0.6850192061459667,4.690140845070423,-3.9411764705882337,"2.94,-1.11,-3.94,20.39",6,10,-17.333333333333332,6.0
low<=40_close55-75_green,YES,against25-75,25-30,60,37,60.648648648648646,0.972972972972973,1.0108108108108107,-2.2702702702702693,-7.222222222222222,"-1.00,0.00,-7.22,-1.00",2,9,-17.666666666666668,8.0
low<=40_close55-75_green,YES,against25-75,25-30,70,37,60.648648648648646,0.8648648648648649,0.8664092664092664,-0.10810810810810714,-13.88888888888889,"9.00,2.22,-13.89,1.22",5,9,-20.2,8.0
low<=40_close55-75_green,YES,against25-75,25-30,80,37,60.648648648648646,0.8108108108108109,0.758108108108108,4.216216216216216,-7.666666666666665,"19.00,11.11,-7.22,-7.67",4,9,-14.2,8.0
low<=40_close55-75_green,YES,against25-75,25-30,85,37,60.648648648648646,0.8108108108108109,0.7135135135135134,8.27027027027027,-4.333333333333332,"24.00,15.56,-3.89,-4.33",5,9,-11.2,8.0
low<=40_close55-75_green,YES,against25-75,25-30,90,37,60.648648648648646,0.7837837837837838,0.6738738738738739,9.891891891891891,-10.999999999999998,"29.00,20.00,-0.56,-11.00",6,9,-27.999999999999996,8.0
low<=40_close55-75_green,YES,against25-75,25-30,99,37,60.648648648648646,0.7567567567567568,0.6126126126126126,14.27027027027027,-5.999999999999998,"28.10,28.00,5.44,-6.00",7,9,-24.999999999999996,8.0
low<=40_close55-75_green,YES,against25-75,30-35,60,31,63.96774193548387,0.967741935483871,1.0661290322580645,-5.903225806451612,-12.500000000000002,"-2.87,-5.50,-2.29,-12.50",0,9,-21.33333333333334,8.0
low<=40_close55-75_green,YES,against25-75,30-35,70,31,63.96774193548387,0.8709677419354839,0.9138248847926267,-3.0,-13.0,"-1.62,-13.00,7.71,-3.75",5,9,-28.499999999999996,8.0
low<=40_close55-75_green,YES,against25-75,30-35,80,31,63.96774193548387,0.8709677419354839,0.7995967741935484,5.709677419354839,-5.5,"7.13,-5.50,17.71,5.00",5,9,-23.499999999999996,8.0
low<=40_close55-75_green,YES,against25-75,30-35,85,31,63.96774193548387,0.8387096774193549,0.752561669829222,7.32258064516129,-12.375,"11.50,-12.38,22.71,9.37",5,9,-34.0,8.0
low<=40_close55-75_green,YES,against25-75,30-35,90,31,63.96774193548387,0.8064516129032258,0.7107526881720431,8.612903225806452,-9.25,"15.88,-9.25,27.71,2.50",6,9,-32.333333333333336,8.0
low<=40_close55-75_green,YES,against25-75,30-35,99,31,63.96774193548387,0.7741935483870968,0.64613880742913,12.67741935483871,-3.625,"23.75,-3.62,36.71,-3.13",5,9,-29.333333333333332,8.0
low<=40_close55-75_green,YES,against25-75,35+,60,31,61.193548387096776,0.9354838709677419,1.0198924731182797,-5.064516129032258,-9.249999999999998,"-9.25,-9.12,0.86,-2.00",2,9,-16.666666666666664,7.0
low<=40_close55-75_green,YES,against25-75,35+,70,31,61.193548387096776,0.6774193548387096,0.8741935483870968,-13.774193548387096,-19.142857142857142,"-9.25,-17.88,-19.14,-9.50",3,9,-33.333333333333336,7.0
low<=40_close55-75_green,YES,against25-75,35+,80,31,61.193548387096776,0.5161290322580645,0.7649193548387097,-19.903225806451612,-32.0,"-11.75,-21.62,-13.43,-32.00",4,9,-64.33333333333333,7.0
low<=40_close55-75_green,YES,against25-75,35+,85,31,61.193548387096776,0.45161290322580644,0.7199240986717268,-22.806451612903224,-30.125,"-19.25,-29.75,-10.57,-30.12",3,9,-64.33333333333333,7.0
low<=40_close55-75_green,YES,against25-75,35+,90,31,61.193548387096776,0.45161290322580644,0.6799283154121863,-20.548387096774192,-28.25,"-16.75,-27.88,-7.71,-28.25",3,9,-64.33333333333333,7.0
low<=40_close55-75_green,YES,against25-75,35+,99,31,61.193548387096776,0.3548387096774194,0.6181166503747149,-26.06451612903226,-37.25,"-24.62,-24.50,-16.71,-37.25",2,9,-65.0,7.0
low<=40_close55-75_green,YES,flat,15-20,60,58,63.41379310344828,0.9655172413793104,1.056896551724138,-5.482758620689655,-8.866666666666667,"-6.00,-3.14,-3.64,-8.87",1,10,-20.66666666666667,8.0
low<=40_close55-75_green,YES,flat,15-20,70,58,63.41379310344828,0.8448275862068966,0.905911330049261,-4.275862068965518,-10.666666666666664,"-10.67,6.86,-3.64,-8.87",3,10,-19.375,8.0
low<=40_close55-75_green,YES,flat,15-20,80,58,63.41379310344828,0.7586206896551724,0.7926724137931035,-2.724137931034483,-8.666666666666664,"-8.67,-0.29,4.93,-6.20",4,10,-13.125,8.0
low<=40_close55-75_green,YES,flat,15-20,85,58,63.41379310344828,0.7413793103448276,0.7460446247464503,-0.39655172413793094,-10.999999999999998,"-11.00,3.64,9.21,-2.53",5,10,-18.833333333333332,8.0
low<=40_close55-75_green,YES,flat,15-20,90,58,63.41379310344828,0.7068965517241379,0.7045977011494253,0.20689655172413782,-13.999999999999998,"-14.00,7.57,7.07,1.13",7,10,-31.333333333333332,8.0
low<=40_close55-75_green,YES,flat,15-20,99,58,63.41379310344828,0.6551724137931034,0.6405433646812957,1.4482758620689655,-9.199999999999998,"-9.20,7.57,7.07,1.13",6,10,-28.333333333333332,8.0
low<=40_close55-75_green,YES,flat,20-25,60,101,62.20792079207921,0.9405940594059405,1.0367986798679867,-5.772277227722772,-7.72,"-6.85,-2.72,-5.76,-7.72",0,10,-19.142857142857142,7.0
low<=40_close55-75_green,YES,flat,20-25,70,101,62.20792079207921,0.900990099009901,0.8886845827439886,0.8613861386138612,-2.16,"-0.31,4.48,-2.16,1.48",8,10,-22.0,7.0
low<=40_close55-75_green,YES,flat,20-25,80,101,62.20792079207921,0.8118811881188119,0.7775990099009901,2.742574257425743,-0.16000000000000028,"8.54,1.28,-0.16,1.08",7,10,-16.285714285714285,7.0
low<=40_close55-75_green,YES,flat,20-25,85,101,62.20792079207921,0.7722772277227723,0.73185789167152,3.4356435643564356,-1.5199999999999998,"9.69,-1.52,3.64,1.68",5,10,-13.428571428571429,7.0
low<=40_close55-75_green,YES,flat,20-25,90,101,62.20792079207921,0.7326732673267327,0.6911991199119912,3.732673267326733,-3.36,"13.92,-1.52,-3.36,5.48",5,10,-10.571428571428571,7.0
low<=40_close55-75_green,YES,flat,20-25,99,101,62.20792079207921,0.7029702970297029,0.6283628362836283,7.3861386138613865,-1.5600000000000003,"21.54,0.64,-1.56,8.36",6,10,-6.999999999999999,7.0
low<=40_close55-75_green,YES,flat,25-30,60,131,61.54961832061068,0.9694656488549618,1.025826972010178,-3.381679389312978,-8.71875,"-3.18,-1.52,-8.72,-0.27",1,10,-12.777777777777779,7.0
low<=40_close55-75_green,YES,flat,25-30,70,131,61.54961832061068,0.8549618320610687,0.8792802617230098,-1.7022900763358786,-8.40625,"2.27,-0.00,-8.41,-0.88",4,10,-20.0,7.0
low<=40_close55-75_green,YES,flat,25-30,80,131,61.54961832061068,0.7404580152671756,0.7693702290076335,-2.312977099236642,-8.030303030303031,"-8.03,-0.91,-3.09,2.76",5,10,-17.333333333333332,7.0
low<=40_close55-75_green,YES,flat,25-30,85,131,61.54961832061068,0.7099236641221374,0.7241131567130669,-1.2061068702290085,-7.272727272727274,"-7.27,0.30,0.66,1.55",6,10,-23.571428571428573,7.0
low<=40_close55-75_green,YES,flat,25-30,90,131,61.54961832061068,0.6946564885496184,0.6838846480067854,0.9694656488549614,-4.090909090909093,"-4.09,3.94,1.59,2.45",6,10,-21.428571428571427,7.0
low<=40_close55-75_green,YES,flat,25-30,99,131,61.54961832061068,0.6717557251908397,0.6217133163698049,4.9541984732824424,1.636363636363635,"1.64,7.48,8.06,2.73",6,10,-17.571428571428573,7.0
low<=40_close55-75_green,YES,flat,30-35,60,160,62.775,0.95,1.04625,-5.775,-7.65,"-6.80,-2.93,-7.65,-5.72",0,10,-11.928571428571429,7.0
low<=40_close55-75_green,YES,flat,30-35,70,160,62.775,0.8625,0.8967857142857143,-2.4,-9.15,"-2.80,-1.68,-9.15,4.03",4,10,-15.5,7.0
low<=40_close55-75_green,YES,flat,30-35,80,160,62.775,0.7375,0.7846875,-3.775,-7.65,"-2.30,-6.92,-7.65,1.78",4,10,-17.157894736842106,7.0
low<=40_close55-75_green,YES,flat,30-35,85,160,62.775,0.70625,0.7385294117647059,-2.74375,-10.65,"-0.68,-3.42,-10.65,3.78",4,10,-14.263157894736842,7.0
low<=40_close55-75_green,YES,flat,30-35,90,160,62.775,0.64375,0.6975,-4.8375,-12.15,"-6.05,-2.18,-12.15,1.03",3,10,-13.416666666666666,7.0
low<=40_close55-75_green,YES,flat,30-35,99,160,62.775,0.59375,0.634090909090909,-3.99375,-12.15,"-2.90,3.90,-12.15,-4.82",4,10,-16.791666666666668,7.0
low<=40_close55-75_green,YES,flat,35+,60,184,63.608695652173914,0.9510869565217391,1.0601449275362318,-6.543478260869565,-8.456521739130435,"-8.46,-5.48,-5.76,-6.48",0,10,-11.750000000000002,6.0
low<=40_close55-75_green,YES,flat,35+,70,184,63.608695652173914,0.8315217391304348,0.908695652173913,-5.4021739130434785,-8.673913043478262,"-8.67,-1.78,-5.11,-6.04",1,10,-11.750000000000002,6.0
low<=40_close55-75_green,YES,flat,35+,80,184,63.608695652173914,0.7336956521739131,0.7951086956521739,-4.913043478260869,-8.804347826086957,"-8.02,3.65,-8.80,-6.48",2,10,-16.470588235294116,6.0
low<=40_close55-75_green,YES,flat,35+,85,184,63.608695652173914,0.6902173913043478,0.7483375959079284,-4.940217391304348,-14.565217391304348,"-4.65,2.35,-14.57,-2.89",3,10,-23.529411764705884,6.0
low<=40_close55-75_green,YES,flat,35+,90,184,63.608695652173914,0.657608695652174,0.7067632850241546,-4.423913043478261,-13.58695652173913,"-3.24,2.35,-13.59,-3.22",4,10,-21.176470588235293,6.0
low<=40_close55-75_green,YES,flat,35+,99,184,63.608695652173914,0.5706521739130435,0.642512077294686,-7.114130434782608,-17.108695652173914,"-3.83,6.85,-17.11,-14.37",2,10,-39.5,6.0
low<=40_close55-75_green,YES,with25-75,15-20,60,34,63.8235294117647,0.9705882352941176,1.0637254901960784,-5.588235294117647,-11.749999999999998,"-2.67,-3.13,-11.75,-5.22",1,10,-13.0,7.0
low<=40_close55-75_green,YES,with25-75,15-20,70,34,63.8235294117647,0.8235294117647058,0.9117647058823529,-6.176470588235294,-20.5,"7.33,-10.63,-20.50,-3.00",6,10,-37.666666666666664,7.0
low<=40_close55-75_green,YES,with25-75,15-20,80,34,63.8235294117647,0.7647058823529411,0.7977941176470588,-2.6470588235294117,-23.125,"17.33,-23.12,-14.25,5.89",6,10,-34.333333333333336,7.0
low<=40_close55-75_green,YES,with25-75,15-20,85,34,63.8235294117647,0.7352941176470589,0.7508650519031141,-1.3235294117647058,-21.75,"22.33,-20.62,-21.75,10.33",6,10,-32.666666666666664,7.0
low<=40_close55-75_green,YES,with25-75,15-20,90,34,63.8235294117647,0.7058823529411765,0.7091503267973855,-0.2941176470588233,-30.5,"27.33,-18.12,-30.50,14.78",6,10,-31.0,7.0
low<=40_close55-75_green,YES,with25-75,15-20,99,34,63.8235294117647,0.5882352941176471,0.6446821152703506,-5.588235294117647,-27.125,"25.33,-26.00,-27.12,0.78",5,10,-67.5,7.0
low<=40_close55-75_green,YES,with25-75,20-25,60,44,63.06818181818182,0.9318181818181818,1.0511363636363638,-7.159090909090909,-10.363636363636365,"-5.27,-7.64,-5.36,-10.36",1,10,-18.333333333333336,6.0
low<=40_close55-75_green,YES,with25-75,20-25,70,44,63.06818181818182,0.7954545454545454,0.900974025974026,-7.386363636363637,-14.0,"-8.91,-4.91,-1.73,-14.00",3,10,-35.0,6.0
low<=40_close55-75_green,YES,with25-75,20-25,80,44,63.06818181818182,0.7272727272727273,0.7883522727272727,-4.886363636363637,-16.181818181818183,"-16.18,3.27,7.36,-14.00",4,10,-40.25,6.0
low<=40_close55-75_green,YES,with25-75,20-25,85,44,63.06818181818182,0.7045454545454546,0.7419786096256684,-3.1818181818181817,-21.181818181818183,"-21.18,7.36,11.91,-10.82",5,10,-39.25,6.0
low<=40_close55-75_green,YES,with25-75,20-25,90,44,63.06818181818182,0.6818181818181818,0.7007575757575758,-1.7045454545454546,-18.90909090909091,"-18.91,11.45,8.27,-7.64",6,10,-38.0,6.0
low<=40_close55-75_green,YES,with25-75,20-25,99,44,63.06818181818182,0.6136363636363636,0.6370523415977961,-2.3181818181818183,-23.818181818181817,"-23.82,0.82,15.64,-1.91",5,10,-58.333333333333336,6.0
low<=40_close55-75_green,YES,with25-75,25-30,60,97,66.01030927835052,0.979381443298969,1.100171821305842,-7.247422680412371,-7.916666666666667,"-6.28,-7.67,-7.17,-7.92",0,10,-14.25,6.0
low<=40_close55-75_green,YES,with25-75,25-30,70,97,66.01030927835052,0.865979381443299,0.9430044182621503,-5.391752577319588,-9.75,"-1.88,-9.75,-3.00,-7.08",3,10,-13.444444444444445,6.0
low<=40_close55-75_green,YES,with25-75,25-30,80,97,66.01030927835052,0.7835051546391752,0.8251288659793815,-3.329896907216495,-11.88,"-11.88,-8.50,6.17,1.25",4,10,-21.142857142857142,6.0
low<=40_close55-75_green,YES,with25-75,25-30,85,97,66.01030927835052,0.7216494845360825,0.7765918738629473,-4.670103092783505,-8.5,"-8.48,-8.50,3.67,-5.21",3,10,-18.285714285714285,6.0
low<=40_close55-75_green,YES,with25-75,25-30,90,97,66.01030927835052,0.6701030927835051,0.7334478808705613,-5.701030927835052,-9.166666666666666,"-8.68,-5.17,0.33,-9.17",4,10,-27.88888888888889,6.0
low<=40_close55-75_green,YES,with25-75,25-30,99,97,66.01030927835052,0.6185567010309279,0.6667708007914194,-4.77319587628866,-7.666666666666667,"-6.88,-3.29,-1.17,-7.67",3,10,-34.888888888888886,6.0
low<=40_close55-75_green,YES,with25-75,30-35,60,75,66.01333333333334,0.9866666666666667,1.1002222222222222,-6.8133333333333335,-7.2631578947368425,"-7.00,-6.11,-6.89,-7.26",0,10,-9.875,6.0
low<=40_close55-75_green,YES,with25-75,30-35,70,75,66.01333333333334,0.9466666666666667,0.943047619047619,0.25333333333333324,-3.473684210526316,"-0.68,-3.47,3.11,2.21",6,10,-4.000000000000001,6.0
low<=40_close55-75_green,YES,with25-75,30-35,80,75,66.01333333333334,0.8533333333333334,0.8251666666666667,2.2533333333333334,-11.368421052631579,"8.79,-11.37,8.67,3.26",7,10,-10.333333333333334,6.0
low<=40_close55-75_green,YES,with25-75,30-35,85,75,66.01333333333334,0.8266666666666667,0.7766274509803922,4.253333333333333,-7.947368421052632,"13.53,-7.95,8.67,3.00",8,10,-35.333333333333336,6.0
low<=40_close55-75_green,YES,with25-75,30-35,90,75,66.01333333333334,0.7866666666666666,0.7334814814814815,4.786666666666667,-9.263157894736842,"13.53,-9.26,8.11,6.95",7,10,-33.666666666666664,6.0
low<=40_close55-75_green,YES,with25-75,30-35,99,75,66.01333333333334,0.7333333333333333,0.6668013468013468,6.586666666666667,-8.789473684210526,"21.58,-8.79,10.11,3.63",6,10,-30.666666666666668,6.0
low<=40_close55-75_green,YES,with25-75,35+,60,70,68.0,0.9857142857142858,1.1333333333333333,-8.857142857142858,-11.647058823529411,"-8.28,-11.65,-7.82,-7.78",0,10,-13.583333333333334,6.0
low<=40_close55-75_green,YES,with25-75,35+,70,70,68.0,0.9142857142857143,0.9714285714285714,-4.0,-6.352941176470588,"1.72,-6.35,-6.06,-5.56",6,10,-42.666666666666664,6.0
low<=40_close55-75_green,YES,with25-75,35+,80,70,68.0,0.8142857142857143,0.85,-2.857142857142857,-11.352941176470589,"11.72,-2.24,-11.35,-10.00",3,10,-39.333333333333336,6.0
low<=40_close55-75_green,YES,with25-75,35+,85,70,68.0,0.7571428571428571,0.8,-3.642857142857143,-17.823529411764707,"12.00,-3.12,-17.82,-6.39",4,10,-66.0,6.0
low<=40_close55-75_green,YES,with25-75,35+,90,70,68.0,0.7142857142857143,0.7555555555555555,-3.7142857142857144,-20.176470588235293,"11.72,-4.59,-20.18,-2.78",5,10,-66.0,6.0
low<=40_close55-75_green,YES,with25-75,35+,99,70,68.0,0.6428571428571429,0.6868686868686869,-4.357142857142857,-15.411764705882353,"14.22,-4.06,-15.41,-12.78",2,10,-66.0,6.0
