rule,side,target_c,trades,avg_entry_c,median_entry_minute,hit_rate,breakeven_hit_rate,avg_pnl_c,min_quartile_ev_c,quartile_ev_c,positive_weeks,weeks,min_week_ev_c,avg_signed_btc_ret_window,avg_signed_dist_ema21_15m,avg_signed_ema21_slope_15m,avg_early_low_c
m5_low0-20_close35-55_green,NO,65,290,42.61379310344827,7.0,0.603448275862069,0.6555968169761273,-3.389655172413793,-4.945205479452055,"-4.95,0.39,-4.86,-4.11",3,10,-9.823529411764707,-15.211310344827607,-54.25858939252741,-7.59792801995422,15.46896551724138
m5_low0-20_close35-55_green,NO,70,290,42.61379310344827,7.0,0.5724137931034483,0.6087684729064039,-2.5448275862068965,-4.930555555555555,"-2.89,-0.17,-4.93,-2.19",3,10,-7.176470588235294,-15.211310344827607,-54.25858939252741,-7.59792801995422,15.46896551724138
m5_low0-20_close35-55_green,NO,75,290,42.61379310344827,7.0,0.5241379310344828,0.568183908045977,-3.303448275862069,-7.5,"-4.05,-0.24,-7.50,-1.44",3,10,-9.8125,-15.211310344827607,-54.25858939252741,-7.59792801995422,15.46896551724138
m5_low0-20_close35-55_green,NO,80,290,42.61379310344827,7.0,0.4862068965517241,0.5326724137931034,-3.717241379310345,-8.541666666666666,"-1.38,-1.83,-8.54,-3.15",3,10,-12.625,-15.211310344827607,-54.25858939252741,-7.59792801995422,15.46896551724138
m5_low0-20_close35-55_green,NO,85,290,42.61379310344827,7.0,0.4482758620689655,0.5013387423935091,-4.510344827586207,-7.638888888888889,"-4.53,-3.99,-7.64,-1.92",2,10,-10.75,-15.211310344827607,-54.25858939252741,-7.59792801995422,15.46896551724138
m5_low0-20_close35-55_green,YES,65,281,42.57651245551602,7.0,0.6725978647686833,0.6550232685464003,1.1423487544483986,-1.8309859154929577,"-1.83,2.49,3.09,0.87",6,10,-3.24,-16.271316725978252,-44.83848093521793,-4.234008257178553,15.732384341637012
m5_low0-20_close35-55_green,YES,70,281,42.57651245551602,7.0,0.6512455516014235,0.6082358922216574,3.0106761565836297,-0.6338028169014085,"-0.63,4.91,3.66,4.16",7,10,-4.464285714285714,-16.271316725978252,-44.83848093521793,-4.234008257178553,15.732384341637012
m5_low0-20_close35-55_green,YES,75,281,42.57651245551602,7.0,0.594306049822064,0.5676868327402136,1.99644128113879,-1.8309859154929577,"-1.83,2.91,1.66,5.30",6,10,-7.142857142857143,-16.271316725978252,-44.83848093521793,-4.234008257178553,15.732384341637012
m5_low0-20_close35-55_green,YES,80,281,42.57651245551602,7.0,0.5693950177935944,0.5322064056939502,2.9750889679715304,-0.2112676056338028,"-0.21,2.49,4.66,5.01",7,10,-4.821428571428571,-16.271316725978252,-44.83848093521793,-4.234008257178553,15.732384341637012
m5_low0-20_close35-55_green,YES,85,281,42.57651245551602,7.0,0.5338078291814946,0.5009001465354825,2.797153024911032,0.07042253521126761,"0.07,0.41,2.80,7.94",7,10,-8.571428571428571,-16.271316725978252,-44.83848093521793,-4.234008257178553,15.732384341637012
m5_low0-20_close40-60_green,NO,65,245,47.73061224489796,7.0,0.6938775510204082,0.7343171114599687,-2.628571428571429,-8.065573770491804,"0.53,-1.20,-1.84,-8.07",4,10,-15.666666666666666,-11.074448979591828,-61.543554265162406,-9.863023278088313,15.17061224489796
m5_low0-20_close40-60_green,NO,70,245,47.73061224489796,7.0,0.6571428571428571,0.681865889212828,-1.7306122448979597,-6.262295081967214,"3.19,0.11,-4.05,-6.26",5,10,-13.333333333333334,-11.074448979591828,-61.543554265162406,-9.863023278088313,15.17061224489796
m5_low0-20_close40-60_green,NO,75,245,47.73061224489796,7.0,0.6081632653061224,0.6364081632653061,-2.118367346938776,-5.852459016393444,"3.27,-1.36,-4.62,-5.85",6,10,-16.0,-11.074448979591828,-61.543554265162406,-9.863023278088313,15.17061224489796
m5_low0-20_close40-60_green,NO,80,245,47.73061224489796,7.0,0.5714285714285714,0.5966326530612245,-2.016326530612245,-8.393442622950822,"6.74,-0.87,-5.69,-8.39",6,10,-14.0,-11.074448979591828,-61.543554265162406,-9.863023278088313,15.17061224489796
m5_low0-20_close40-60_green,NO,85,245,47.73061224489796,7.0,0.5224489795918368,0.5615366146458584,-3.3224489795918366,-7.409836065573772,"3.35,-4.89,-4.46,-7.41",4,10,-17.666666666666668,-11.074448979591828,-61.543554265162406,-9.863023278088313,15.17061224489796
m5_low0-20_close40-60_green,YES,65,242,47.79338842975206,7.0,0.731404958677686,0.7352828989192625,-0.25206611570247933,-2.0327868852459017,"-1.84,0.20,2.72,-2.03",5,10,-12.769230769230772,-7.77975206611527,-56.12790398954296,-10.106276179222018,15.766942148760332
m5_low0-20_close40-60_green,YES,70,242,47.79338842975206,7.0,0.7066115702479339,0.682762691853601,1.6694214876033058,0.2833333333333332,"0.62,0.28,4.30,1.49",5,10,-10.076923076923078,-7.77975206611527,-56.12790398954296,-10.106276179222018,15.766942148760332
m5_low0-20_close40-60_green,YES,75,242,47.79338842975206,7.0,0.640495867768595,0.6372451790633609,0.24380165289256198,-2.6333333333333333,"-0.77,-2.63,3.05,1.33",5,10,-11.083333333333334,-7.77975206611527,-56.12790398954296,-10.106276179222018,15.766942148760332
m5_low0-20_close40-60_green,YES,80,242,47.79338842975206,7.0,0.6115702479338843,0.5974173553719008,1.1322314049586777,-3.716666666666667,"1.11,-3.72,5.13,1.98",7,10,-11.916666666666666,-7.77975206611527,-56.12790398954296,-10.106276179222018,15.766942148760332
m5_low0-20_close40-60_green,YES,85,242,47.79338842975206,7.0,0.5743801652892562,0.562275157997083,1.0289256198347108,-5.3,"1.44,-5.30,2.80,5.10",6,10,-13.166666666666666,-7.77975206611527,-56.12790398954296,-10.106276179222018,15.766942148760332
m5_low0-20_close45-65_green,NO,65,213,53.78403755868545,7.0,0.8028169014084507,0.8274467316720838,-1.6009389671361514,-3.509433962264152,"-1.17,-0.81,-0.92,-3.51",3,10,-5.052631578947371,-8.758450704225229,-48.448891459718574,-7.0754278618921616,15.427230046948354
m5_low0-20_close45-65_green,NO,70,213,53.78403755868545,7.0,0.7370892018779343,0.7683433936955064,-2.1877934272300474,-8.754716981132077,"0.31,0.60,-8.75,-0.96",5,10,-16.31578947368421,-8.758450704225229,-48.448891459718574,-7.0754278618921616,15.427230046948354
m5_low0-20_close45-65_green,NO,75,213,53.78403755868545,7.0,0.6948356807511737,0.7171205007824727,-1.6713615023474182,-9.792452830188681,"2.81,-1.19,-9.79,1.40",4,10,-17.63157894736842,-8.758450704225229,-48.448891459718574,-7.0754278618921616,15.427230046948354
m5_low0-20_close45-65_green,NO,80,213,53.78403755868545,7.0,0.6666666666666666,0.6723004694835681,-0.4507042253521127,-9.886792452830191,"5.13,0.79,-9.89,2.06",5,10,-15.263157894736842,-8.758450704225229,-48.448891459718574,-7.0754278618921616,15.427230046948354
m5_low0-20_close45-65_green,NO,85,213,53.78403755868545,7.0,0.6103286384976526,0.6327533830433583,-1.9061032863849765,-8.754716981132077,"4.11,-7.04,-8.75,3.94",4,10,-12.894736842105264,-8.758450704225229,-48.448891459718574,-7.0754278618921616,15.427230046948354
m5_low0-20_close45-65_green,YES,65,207,52.65217391304348,7.0,0.7922705314009661,0.8100334448160534,-1.1545893719806761,-2.75,"-2.42,-1.54,2.16,-2.75",6,10,-11.72727272727273,-3.306859903381451,-72.64066894623765,-16.052560744881923,15.84975845410628
m5_low0-20_close45-65_green,YES,70,207,52.65217391304348,7.0,0.7584541062801933,0.7521739130434782,0.43961352657004843,-3.076923076923077,"0.08,-3.08,3.63,1.19",7,10,-13.0,-3.306859903381451,-72.64066894623765,-16.052560744881923,15.84975845410628
m5_low0-20_close45-65_green,YES,75,207,52.65217391304348,7.0,0.6859903381642513,0.7020289855072464,-1.2028985507246377,-3.9423076923076925,"-1.94,-3.94,0.29,0.81",5,10,-13.434782608695652,-3.306859903381451,-72.64066894623765,-16.052560744881923,15.84975845410628
m5_low0-20_close45-65_green,YES,80,207,52.65217391304348,7.0,0.6570048309178744,0.6581521739130435,-0.09178743961352658,-3.8461538461538463,"-0.12,-3.85,2.25,1.38",6,10,-14.304347826086957,-3.306859903381451,-72.64066894623765,-16.052560744881923,15.84975845410628
m5_low0-20_close45-65_green,YES,85,207,52.65217391304348,7.0,0.6183574879227053,0.6194373401534526,-0.09178743961352658,-5.769230769230769,"-0.12,-5.77,0.69,4.85",7,10,-15.608695652173912,-3.306859903381451,-72.64066894623765,-16.052560744881923,15.84975845410628
m5_low0-20_close50-70_green,NO,65,211,58.09478672985782,8.0,0.8767772511848341,0.8937659496901204,-1.104265402843603,-2.6153846153846163,"0.09,-2.26,-2.62,0.34",3,10,-3.9999999999999973,-5.126066350710859,-52.34803711820846,-10.429049527826244,15.20047393364929
m5_low0-20_close50-70_green,NO,70,211,58.09478672985782,8.0,0.7867298578199052,0.8299255247122547,-3.023696682464455,-11.846153846153847,"-2.08,-1.89,-11.85,3.55",5,10,-15.6,-5.126066350710859,-52.34803711820846,-10.429049527826244,15.20047393364929
m5_low0-20_close50-70_green,NO,75,211,58.09478672985782,8.0,0.7488151658767772,0.7745971563981043,-1.9336492890995267,-11.461538461538462,"-0.94,-2.08,-11.46,6.57",4,10,-16.35,-5.126066350710859,-52.34803711820846,-10.429049527826244,15.20047393364929
m5_low0-20_close50-70_green,NO,80,211,58.09478672985782,8.0,0.7203791469194313,0.7261848341232228,-0.46445497630331806,-11.461538461538462,"1.32,0.19,-11.46,7.89",6,10,-13.6,-5.126066350710859,-52.34803711820846,-10.429049527826244,15.20047393364929
m5_low0-20_close50-70_green,NO,85,211,58.09478672985782,8.0,0.6777251184834123,0.6834680791747979,-0.48815165876777306,-10.211538461538462,"3.40,-7.36,-10.21,12.04",6,10,-11.794117647058824,-5.126066350710859,-52.34803711820846,-10.429049527826244,15.20047393364929
m5_low0-20_close50-70_green,YES,65,200,58.215,8.0,0.885,0.8956153846153847,-0.69,-2.1,"-0.78,0.78,-0.66,-2.10",4,10,-5.428571428571429,1.9846500000000742,-64.54352446977529,-14.882447899501022,15.666999999999998
m5_low0-20_close50-70_green,YES,70,200,58.215,8.0,0.825,0.8316428571428572,-0.465,-3.26,"2.22,-0.32,-3.26,-0.50",5,10,-11.380952380952381,1.9846500000000742,-64.54352446977529,-14.882447899501022,15.666999999999998
m5_low0-20_close50-70_green,YES,75,200,58.215,8.0,0.76,0.7762,-1.215,-3.86,"0.52,-0.72,-3.86,-0.80",5,10,-11.619047619047619,1.9846500000000742,-64.54352446977529,-14.882447899501022,15.666999999999998
m5_low0-20_close50-70_green,YES,80,200,58.215,8.0,0.735,0.7276875,0.585,-1.7200000000000006,"2.82,-1.72,-0.26,1.50",5,10,-16.142857142857142,1.9846500000000742,-64.54352446977529,-14.882447899501022,15.666999999999998
m5_low0-20_close50-70_green,YES,85,200,58.215,8.0,0.7,0.6848823529411765,1.285,-1.76,"3.22,-1.62,-1.76,5.30",6,10,-17.571428571428573,1.9846500000000742,-64.54352446977529,-14.882447899501022,15.666999999999998
m5_low15-25_close35-55_green,NO,65,385,43.02077922077922,7.0,0.6207792207792208,0.6618581418581418,-2.67012987012987,-5.762886597938144,"-5.76,2.02,-3.48,-3.43",5,10,-17.22222222222222,-13.882623376623332,-46.55652489442854,-6.706872986803019,20.244155844155845
m5_low15-25_close35-55_green,NO,70,385,43.02077922077922,7.0,0.6077922077922078,0.614582560296846,-0.47532467532467537,-2.8247422680412373,"-2.82,2.54,-0.46,-1.14",6,10,-15.13888888888889,-13.882623376623332,-46.55652489442854,-6.706872986803019,20.244155844155845
m5_low15-25_close35-55_green,NO,75,385,43.02077922077922,7.0,0.5662337662337662,0.5736103896103896,-0.5532467532467532,-2.2061855670103094,"-2.21,1.86,-0.56,-1.29",5,10,-15.13888888888889,-13.882623376623332,-46.55652489442854,-6.706872986803019,20.244155844155845
m5_low15-25_close35-55_green,NO,80,385,43.02077922077922,7.0,0.522077922077922,0.5377597402597403,-1.2545454545454546,-2.7500000000000004,"-1.90,2.33,-2.75,-2.70",5,10,-13.194444444444445,-13.882623376623332,-46.55652489442854,-6.706872986803019,20.244155844155845
m5_low15-25_close35-55_green,NO,85,385,43.02077922077922,7.0,0.4909090909090909,0.5061268143621085,-1.2935064935064937,-3.649484536082474,"-3.65,0.72,-1.14,-1.08",4,10,-13.61111111111111,-13.882623376623332,-46.55652489442854,-6.706872986803019,20.244155844155845
m5_low15-25_close35-55_green,YES,65,391,43.57289002557545,7.0,0.680306905370844,0.6703521542396222,0.6470588235294118,-3.0306122448979593,"-3.03,2.57,1.72,1.34",5,10,-6.868421052631579,-11.997800511508707,-15.58105895087589,0.6673842187119311,20.92838874680307
m5_low15-25_close35-55_green,YES,70,391,43.57289002557545,7.0,0.6521739130434783,0.6224698575082207,2.079283887468031,-1.2448979591836735,"-1.24,3.95,1.57,4.04",8,10,-3.973684210526316,-11.997800511508707,-15.58105895087589,0.6673842187119311,20.92838874680307
m5_low15-25_close35-55_green,YES,75,391,43.57289002557545,7.0,0.618925831202046,0.5809718670076727,2.846547314578005,-1.1938775510204083,"-1.19,5.02,3.22,4.35",8,10,-8.973684210526315,-11.997800511508707,-15.58105895087589,0.6673842187119311,20.92838874680307
m5_low15-25_close35-55_green,YES,80,391,43.57289002557545,7.0,0.5831202046035806,0.5446611253196931,3.0767263427109977,0.8979591836734694,"0.90,3.34,3.84,4.24",8,10,-6.605263157894737,-11.997800511508707,-15.58105895087589,0.6673842187119311,20.92838874680307
m5_low15-25_close35-55_green,YES,85,391,43.57289002557545,7.0,0.5549872122762148,0.5126222355950053,3.601023017902813,0.2857142857142857,"0.29,2.78,5.90,5.47",8,10,-8.710526315789474,-11.997800511508707,-15.58105895087589,0.6673842187119311,20.92838874680307
m5_low15-25_close40-60_green,NO,65,350,48.25714285714286,7.0,0.6942857142857143,0.7424175824175825,-3.12857142857143,-5.613636363636364,"-4.60,-2.11,-0.14,-5.61",3,10,-11.305555555555557,-7.125428571428638,-40.456598604879964,-6.773366338209266,20.58
m5_low15-25_close40-60_green,NO,70,350,48.25714285714286,7.0,0.6828571428571428,0.6893877551020409,-0.45714285714285796,-3.9659090909090917,"-1.19,-0.16,3.54,-3.97",7,10,-10.624999999999998,-7.125428571428638,-40.456598604879964,-6.773366338209266,20.58
m5_low15-25_close40-60_green,NO,75,350,48.25714285714286,7.0,0.6457142857142857,0.6434285714285715,0.1714285714285708,-4.250000000000001,"1.36,-1.89,5.49,-4.25",7,10,-10.468749999999998,-7.125428571428638,-40.456598604879964,-6.773366338209266,20.58
m5_low15-25_close40-60_green,NO,80,350,48.25714285714286,7.0,0.5971428571428572,0.6032142857142857,-0.4857142857142864,-5.897727272727274,"1.99,-1.54,3.54,-5.90",4,10,-15.624999999999998,-7.125428571428638,-40.456598604879964,-6.773366338209266,20.58
m5_low15-25_close40-60_green,NO,85,350,48.25714285714286,7.0,0.56,0.5677310924369748,-0.6571428571428575,-4.471264367816093,"0.34,-4.47,5.78,-4.25",5,10,-13.749999999999998,-7.125428571428638,-40.456598604879964,-6.773366338209266,20.58
m5_low15-25_close40-60_green,YES,65,371,48.83288409703504,7.0,0.7277628032345014,0.7512751399543852,-1.528301886792453,-3.5698924731182795,"-3.57,0.58,-0.85,-2.27",3,10,-8.208333333333334,-3.8820215633421893,-19.702207873683314,-2.762034337192421,21.024258760107816
m5_low15-25_close40-60_green,YES,70,371,48.83288409703504,7.0,0.6954177897574124,0.6976126299576434,-0.15363881401617252,-1.5806451612903223,"-1.58,1.39,-0.20,-0.23",4,10,-5.291666666666667,-3.8820215633421893,-19.702207873683314,-2.762034337192421,21.024258760107816
m5_low15-25_close40-60_green,YES,75,371,48.83288409703504,7.0,0.660377358490566,0.6511051212938006,0.6954177897574124,-2.225806451612903,"-2.23,2.57,1.65,0.80",6,10,-5.5,-3.8820215633421893,-19.702207873683314,-2.762034337192421,21.024258760107816
m5_low15-25_close40-60_green,YES,80,371,48.83288409703504,7.0,0.633423180592992,0.610411051212938,1.8409703504043127,0.03225806451612934,"0.03,1.71,2.41,3.22",6,10,-2.7916666666666674,-3.8820215633421893,-19.702207873683314,-2.762034337192421,21.024258760107816
m5_low15-25_close40-60_green,YES,85,371,48.83288409703504,7.0,0.6091644204851752,0.5745045187886475,2.9460916442048517,-0.5591397849462363,"-0.56,3.05,4.70,4.61",7,10,-2.9249999999999994,-3.8820215633421893,-19.702207873683314,-2.762034337192421,21.024258760107816
m5_low15-25_close45-65_green,NO,65,316,53.651898734177216,7.0,0.8132911392405063,0.8254138266796495,-0.7879746835443048,-4.037974683544305,"-4.04,-0.33,0.04,1.18",5,10,-8.861111111111112,-4.784620253164472,-28.63733683592513,-3.4450307711663473,20.5
m5_low15-25_close45-65_green,NO,70,316,53.651898734177216,7.0,0.7816455696202531,0.7664556962025316,1.0632911392405053,-2.0126582278481027,"-2.01,1.13,1.49,3.65",6,10,-7.600000000000001,-4.784620253164472,-28.63733683592513,-3.4450307711663473,20.5
m5_low15-25_close45-65_green,NO,75,316,53.651898734177216,7.0,0.740506329113924,0.7153586497890295,1.8860759493670878,-0.6455696202531663,"0.71,-0.65,3.52,3.96",6,10,-6.457142857142859,-4.784620253164472,-28.63733683592513,-3.4450307711663473,20.5
m5_low15-25_close45-65_green,NO,80,316,53.651898734177216,7.0,0.6962025316455697,0.6706487341772152,2.0443037974683542,-0.13924050632911572,"0.27,-0.14,2.25,5.80",6,10,-5.3529411764705905,-4.784620253164472,-28.63733683592513,-3.4450307711663473,20.5
m5_low15-25_close45-65_green,NO,85,316,53.651898734177216,7.0,0.6550632911392406,0.631198808637379,2.0284810126582276,-3.2405063291139253,"-1.76,-3.24,4.66,8.46",4,10,-4.764705882352944,-4.784620253164472,-28.63733683592513,-3.4450307711663473,20.5
m5_low15-25_close45-65_green,YES,65,352,53.23011363636363,7.0,0.7982954545454546,0.8189248251748251,-1.340909090909091,-4.602272727272727,"-4.60,0.08,0.58,-1.42",2,10,-7.153846153846152,-0.3217897727272636,-18.844079878234528,-3.250908962428887,21.21875
m5_low15-25_close45-65_green,YES,70,352,53.23011363636363,7.0,0.7556818181818182,0.7604301948051948,-0.33238636363636365,-3.295454545454545,"-3.30,0.19,1.55,0.23",5,10,-5.358974358974359,-0.3217897727272636,-18.844079878234528,-3.250908962428887,21.21875
m5_low15-25_close45-65_green,YES,75,352,53.23011363636363,7.0,0.7159090909090909,0.7097348484848485,0.4630681818181818,-3.181818181818181,"-3.18,0.59,3.76,0.68",6,10,-7.666666666666665,-0.3217897727272636,-18.844079878234528,-3.250908962428887,21.21875
m5_low15-25_close45-65_green,YES,80,352,53.23011363636363,7.0,0.6818181818181818,0.6653764204545454,1.3153409090909092,-0.7954545454545451,"-0.80,-0.38,3.93,2.50",7,10,-5.75,-0.3217897727272636,-18.844079878234528,-3.250908962428887,21.21875
m5_low15-25_close45-65_green,YES,85,352,53.23011363636363,7.0,0.6505681818181818,0.6262366310160428,2.0681818181818183,-1.4204545454545452,"-1.42,0.02,5.58,4.09",7,10,-5.871794871794871,-0.3217897727272636,-18.844079878234528,-3.250908962428887,21.21875
m5_low15-25_close50-70_green,NO,65,313,57.87539936102237,7.0,0.8753993610223643,0.8903907594003441,-0.9744408945686913,-3.423076923076925,"-2.39,-3.42,0.15,1.78",4,10,-9.187500000000002,-0.22632587859409856,-24.883869091187428,-4.989448943937445,20.466453674121407
m5_low15-25_close50-70_green,NO,70,313,57.87539936102237,7.0,0.8338658146964856,0.8267914194431767,0.4952076677316283,-1.948717948717951,"-0.87,-1.95,1.95,2.87",5,10,-8.694444444444446,-0.22632587859409856,-24.883869091187428,-4.989448943937445,20.466453674121407
m5_low15-25_close50-70_green,NO,75,313,57.87539936102237,7.0,0.7891373801916933,0.7716719914802982,1.309904153354632,-2.782051282051284,"-0.68,-2.78,4.32,4.41",5,10,-7.305555555555557,-0.22632587859409856,-24.883869091187428,-4.989448943937445,20.466453674121407
m5_low15-25_close50-70_green,NO,80,313,57.87539936102237,7.0,0.7380191693290735,0.7234424920127795,1.166134185303514,-2.2051282051282075,"-1.00,-2.21,4.38,3.51",4,10,-5.916666666666668,-0.22632587859409856,-24.883869091187428,-4.989448943937445,20.466453674121407
m5_low15-25_close50-70_green,NO,85,313,57.87539936102237,7.0,0.7060702875399361,0.6808870513061455,2.140575079872204,-4.192307692307694,"-1.82,-4.19,7.21,7.42",5,10,-9.770833333333334,-0.22632587859409856,-24.883869091187428,-4.989448943937445,20.466453674121407
m5_low15-25_close50-70_green,YES,65,329,57.89969604863222,7.0,0.8753799392097265,0.8907645545943419,-1.0,-2.6746987951807224,"-2.67,-0.51,1.32,-2.11",5,10,-9.36,5.135167173252416,-22.178190320885857,-4.483793032693109,21.29787234042553
m5_low15-25_close50-70_green,YES,70,329,57.89969604863222,7.0,0.8115501519756839,0.8271385149804603,-1.0911854103343466,-1.2439024390243907,"-0.99,-1.24,-0.94,-1.20",3,10,-5.56,5.135167173252416,-22.178190320885857,-4.483793032693109,21.29787234042553
m5_low15-25_close50-70_green,YES,75,329,57.89969604863222,7.0,0.7720364741641338,0.7719959473150962,0.003039513677811464,-0.5662650602409631,"-0.57,0.04,0.40,0.15",4,10,-4.760000000000001,5.135167173252416,-22.178190320885857,-4.483793032693109,21.29787234042553
m5_low15-25_close50-70_green,YES,80,329,57.89969604863222,7.0,0.7355623100303952,0.7237462006079027,0.9452887537993921,-1.975609756097561,"1.30,-1.98,1.38,3.07",3,10,-4.648648648648648,5.135167173252416,-22.178190320885857,-4.483793032693109,21.29787234042553
m5_low15-25_close50-70_green,YES,85,329,57.89969604863222,7.0,0.7082066869300911,0.6811728946897908,2.297872340425532,-0.5731707317073174,"0.88,-0.57,3.02,5.88",7,10,-5.864864864864864,5.135167173252416,-22.178190320885857,-4.483793032693109,21.29787234042553
m5_low20-30_close35-55_green,NO,65,386,43.39637305699482,6.0,0.6191709844559585,0.667636508569151,-3.150259067357513,-6.474226804123711,"-2.25,-0.44,-3.42,-6.47",2,10,-7.880952380952381,-16.73432642487046,-19.27091777378843,0.05953600962765888,25.194300518134714
m5_low20-30_close35-55_green,NO,70,386,43.39637305699482,6.0,0.5984455958549223,0.6199481865284974,-1.505181347150259,-5.082474226804123,"-1.22,1.39,-1.07,-5.08",5,10,-6.809523809523809,-16.73432642487046,-19.27091777378843,0.05953600962765888,25.194300518134714
m5_low20-30_close35-55_green,NO,75,386,43.39637305699482,6.0,0.5492227979274611,0.5786183074265976,-2.204663212435233,-5.443298969072165,"-2.04,0.66,-1.96,-5.44",3,10,-8.687499999999998,-16.73432642487046,-19.27091777378843,0.05953600962765888,25.194300518134714
m5_low20-30_close35-55_green,NO,80,386,43.39637305699482,6.0,0.5077720207253886,0.5424546632124352,-2.7746113989637307,-5.03125,"-3.38,1.91,-5.03,-4.57",3,10,-7.285714285714286,-16.73432642487046,-19.27091777378843,0.05953600962765888,25.194300518134714
m5_low20-30_close35-55_green,NO,85,386,43.39637305699482,6.0,0.48186528497409326,0.5105455653764096,-2.437823834196891,-4.773195876288659,"-2.61,1.18,-3.52,-4.77",3,10,-11.968749999999998,-16.73432642487046,-19.27091777378843,0.05953600962765888,25.194300518134714
m5_low20-30_close35-55_green,YES,65,457,44.44201312910285,6.0,0.6652078774617067,0.6837232789092745,-1.2035010940919038,-3.391304347826087,"-3.39,3.74,-2.58,-2.56",4,10,-9.53191489361702,-11.089737417942969,4.295485153877508,4.187108583739313,25.516411378555798
m5_low20-30_close35-55_green,YES,70,457,44.44201312910285,6.0,0.6258205689277899,0.6348859018443264,-0.6345733041575492,-3.675438596491228,"-2.04,4.39,-3.68,-1.20",6,10,-12.829787234042554,-11.089737417942969,4.295485153877508,4.187108583739313,25.516411378555798
m5_low20-30_close35-55_green,YES,75,457,44.44201312910285,6.0,0.5886214442013129,0.5925601750547046,-0.29540481400437635,-2.754385964912281,"-1.61,4.61,-2.75,-1.42",5,10,-12.191489361702128,-11.089737417942969,4.295485153877508,4.187108583739313,25.516411378555798
m5_low20-30_close35-55_green,YES,80,457,44.44201312910285,6.0,0.5536105032822757,0.5555251641137856,-0.15317286652078774,-3.5,"-2.22,5.10,-3.50,0.03",6,10,-11.76595744680851,-11.089737417942969,4.295485153877508,4.187108583739313,25.516411378555798
m5_low20-30_close35-55_green,YES,85,457,44.44201312910285,6.0,0.5317286652078774,0.5228472132835629,0.7549234135667396,-1.7826086956521738,"-1.78,6.72,-1.70,-0.19",6,10,-13.361702127659575,-11.089737417942969,4.295485153877508,4.187108583739313,25.516411378555798
m5_low20-30_close40-60_green,NO,65,388,48.91237113402062,7.0,0.7164948453608248,0.752498017446471,-2.3402061855670113,-3.0515463917525785,"-2.45,-3.05,-2.03,-1.82",2,10,-8.363636363636365,-7.358556701030916,-11.452239126965313,-0.6379316407110872,25.216494845360824
m5_low20-30_close40-60_green,NO,70,388,48.91237113402062,7.0,0.6907216494845361,0.6987481590574374,-0.5618556701030938,-1.7319587628865993,"-1.73,-0.32,-0.59,0.39",6,10,-7.3030303030303045,-7.358556701030916,-11.452239126965313,-0.6379316407110872,25.216494845360824
m5_low20-30_close40-60_green,NO,75,388,48.91237113402062,7.0,0.654639175257732,0.6521649484536082,0.1855670103092776,-0.6494845360824757,"-0.65,-0.01,-0.23,1.63",6,10,-8.81818181818182,-7.358556701030916,-11.452239126965313,-0.6379316407110872,25.216494845360824
m5_low20-30_close40-60_green,NO,80,388,48.91237113402062,7.0,0.6030927835051546,0.6114046391752577,-0.6649484536082483,-2.350515463917527,"-2.35,-0.11,-1.93,1.73",3,10,-8.515151515151517,-7.358556701030916,-11.452239126965313,-0.6379316407110872,25.216494845360824
m5_low20-30_close40-60_green,NO,85,388,48.91237113402062,7.0,0.5773195876288659,0.5754396604002425,0.15979381443298887,-0.7422680412371152,"-0.29,-0.63,-0.74,2.30",4,10,-13.666666666666668,-7.358556701030916,-11.452239126965313,-0.6379316407110872,25.216494845360824
m5_low20-30_close40-60_green,YES,65,478,49.24476987447699,7.0,0.7217573221757322,0.7576118442227229,-2.3305439330543933,-4.53781512605042,"-2.32,1.18,-4.54,-3.63",3,10,-9.415094339622641,-5.175460251045909,9.887962277595484,4.629612250279785,25.673640167364017
m5_low20-30_close40-60_green,YES,70,478,49.24476987447699,7.0,0.6841004184100419,0.7034967124925284,-1.3577405857740585,-5.2521008403361344,"-0.48,2.77,-5.25,-2.47",4,10,-12.90566037735849,-5.175460251045909,9.887962277595484,4.629612250279785,25.673640167364017
m5_low20-30_close40-60_green,YES,75,478,49.24476987447699,7.0,0.6359832635983264,0.6565969316596931,-1.5460251046025104,-4.033613445378151,"-2.03,1.51,-4.03,-1.63",4,10,-11.679245283018869,-5.175460251045909,9.887962277595484,4.629612250279785,25.673640167364017
m5_low20-30_close40-60_green,YES,80,478,49.24476987447699,7.0,0.604602510460251,0.6155596234309624,-0.8765690376569037,-3.7394957983193278,"-3.57,2.27,-3.74,1.53",5,10,-11.069767441860465,-5.175460251045909,9.887962277595484,4.629612250279785,25.673640167364017
m5_low20-30_close40-60_green,YES,85,478,49.24476987447699,7.0,0.5836820083682008,0.5793502338173763,0.3682008368200837,-2.858333333333334,"-2.86,4.83,-1.64,1.16",5,10,-10.604651162790697,-5.175460251045909,9.887962277595484,4.629612250279785,25.673640167364017
m5_low20-30_close45-65_green,NO,65,365,54.43287671232877,7.0,0.8191780821917808,0.8374288724973658,-1.1863013698630152,-4.0652173913043494,"-4.07,-3.03,1.38,1.00",5,10,-9.030303030303031,-1.6241369863012638,-10.059521694853583,-1.5068288316764615,25.361643835616437
m5_low20-30_close45-65_green,NO,70,365,54.43287671232877,7.0,0.7808219178082192,0.7776125244618396,0.2246575342465741,-4.0652173913043494,"-4.07,-1.33,2.65,3.69",5,10,-7.666666666666669,-1.6241369863012638,-10.059521694853583,-1.5068288316764615,25.361643835616437
m5_low20-30_close45-65_green,NO,75,365,54.43287671232877,7.0,0.7397260273972602,0.725771689497717,1.0465753424657522,-2.4285714285714306,"-2.16,-2.43,3.47,5.34",5,10,-4.333333333333335,-1.6241369863012638,-10.059521694853583,-1.5068288316764615,25.361643835616437
m5_low20-30_close45-65_green,NO,80,365,54.43287671232877,7.0,0.6821917808219178,0.6804109589041096,0.14246575342465628,-4.186813186813189,"-3.96,-4.19,2.10,6.66",4,10,-5.795454545454548,-1.6241369863012638,-10.059521694853583,-1.5068288316764615,25.361643835616437
m5_low20-30_close45-65_green,NO,85,365,54.43287671232877,7.0,0.6547945205479452,0.6403867848509267,1.2246575342465742,-4.736263736263738,"-1.78,-4.74,3.80,7.65",3,10,-7.200000000000003,-1.6241369863012638,-10.059521694853583,-1.5068288316764615,25.361643835616437
m5_low20-30_close45-65_green,YES,65,490,53.587755102040816,7.0,0.8020408163265306,0.8244270015698587,-1.4551020408163264,-4.762295081967213,"-2.59,2.48,-4.76,-0.95",3,10,-7.636363636363637,-0.06808163265295847,11.367731929694038,3.7924523503557164,25.787755102040816
m5_low20-30_close45-65_green,YES,70,490,53.587755102040816,7.0,0.753061224489796,0.7655393586005831,-0.8734693877551021,-5.581967213114754,"-1.00,2.81,-5.58,0.27",4,10,-9.981132075471699,-0.06808163265295847,11.367731929694038,3.7924523503557164,25.787755102040816
m5_low20-30_close45-65_green,YES,75,490,53.587755102040816,7.0,0.7020408163265306,0.7145034013605442,-0.9346938775510204,-2.788617886178862,"-2.79,1.34,-2.75,0.47",3,10,-9.76086956521739,-0.06808163265295847,11.367731929694038,3.7924523503557164,25.787755102040816
m5_low20-30_close45-65_green,YES,80,490,53.587755102040816,7.0,0.6673469387755102,0.6698469387755102,-0.2,-3.357723577235773,"-3.36,1.09,-1.98,3.44",5,10,-10.304347826086957,-0.06808163265295847,11.367731929694038,3.7924523503557164,25.787755102040816
m5_low20-30_close45-65_green,YES,85,490,53.587755102040816,7.0,0.636734693877551,0.6304441776710684,0.5346938775510204,-2.3414634146341466,"-2.34,2.44,-0.83,2.87",5,10,-9.434782608695652,-0.06808163265295847,11.367731929694038,3.7924523503557164,25.787755102040816
m5_low20-30_close50-70_green,NO,65,391,58.56521739130435,7.0,0.8721227621483376,0.9010033444816054,-1.8772378516624053,-4.775510204081634,"-4.78,-2.41,0.24,-0.54",4,10,-9.84375,4.278874680307168,-9.134205495974498,-3.5317494360420927,25.47314578005115
m5_low20-30_close50-70_green,NO,70,391,58.56521739130435,7.0,0.8209718670076727,0.8366459627329194,-1.0971867007672647,-4.979591836734695,"-4.98,-0.93,-0.23,1.76",4,10,-8.28125,4.278874680307168,-9.134205495974498,-3.5317494360420927,25.47314578005115
m5_low20-30_close50-70_green,NO,75,391,58.56521739130435,7.0,0.7647058823529411,0.7808695652173914,-1.2122762148337605,-4.2653061224489806,"-4.27,-3.68,0.91,2.21",5,10,-10.904761904761907,4.278874680307168,-9.134205495974498,-3.5317494360420927,25.47314578005115
m5_low20-30_close50-70_green,NO,80,391,58.56521739130435,7.0,0.7135549872122762,0.7320652173913044,-1.480818414322251,-6.408163265306124,"-6.41,-3.28,1.63,2.16",5,10,-15.309523809523812,4.278874680307168,-9.134205495974498,-3.5317494360420927,25.47314578005115
m5_low20-30_close50-70_green,NO,85,391,58.56521739130435,7.0,0.6879795396419437,0.689002557544757,-0.08695652173913072,-4.0612244897959195,"-4.06,-3.28,3.69,3.34",5,10,-14.595238095238098,4.278874680307168,-9.134205495974498,-3.5317494360420927,25.47314578005115
m5_low20-30_close50-70_green,YES,65,499,58.450901803607216,7.0,0.8637274549098196,0.8992446431324187,-2.308617234468938,-5.201612903225806,"-1.60,-0.10,-5.20,-2.36",3,10,-8.257142857142858,5.439539078156477,11.6059009176096,3.452960999314228,26.024048096192384
m5_low20-30_close50-70_green,YES,70,499,58.450901803607216,7.0,0.7995991983967936,0.8350128829086745,-2.4789579158316633,-5.604838709677419,"-0.56,-0.10,-5.60,-3.68",3,10,-10.88,5.439539078156477,11.6059009176096,3.452960999314228,26.024048096192384
m5_low20-30_close50-70_green,YES,75,499,58.450901803607216,7.0,0.7454909819639278,0.7793453573814295,-2.5390781563126255,-3.629032258064516,"-1.80,-1.34,-3.63,-3.40",4,10,-11.446808510638299,5.439539078156477,11.6059009176096,3.452960999314228,26.024048096192384
m5_low20-30_close50-70_green,YES,80,499,58.450901803607216,7.0,0.7074148296593187,0.7306362725450902,-1.8577154308617234,-3.185483870967742,"-3.12,-0.74,-3.19,-0.40",5,10,-11.76595744680851,5.439539078156477,11.6059009176096,3.452960999314228,26.024048096192384
m5_low20-30_close50-70_green,YES,85,499,58.450901803607216,7.0,0.6813627254509018,0.687657668277732,-0.5350701402805611,-1.7741935483870968,"-1.68,1.50,-1.77,-0.20",5,10,-9.82857142857143,5.439539078156477,11.6059009176096,3.452960999314228,26.024048096192384
m5_low25-35_close35-55_green,NO,65,434,44.66820276497696,6.0,0.6105990783410138,0.6872031194611841,-4.97926267281106,-10.247706422018348,"-4.10,-2.18,-3.35,-10.25",3,10,-13.371428571428572,-16.465875576036904,-1.3234126684562528,4.071808839926302,29.96082949308756
m5_low25-35_close35-55_green,NO,70,434,44.66820276497696,6.0,0.5806451612903226,0.6381171823568137,-4.023041474654378,-9.605504587155963,"-3.46,0.46,-3.44,-9.61",3,10,-12.014285714285714,-16.465875576036904,-1.3234126684562528,4.071808839926302,29.96082949308756
m5_low25-35_close35-55_green,NO,75,434,44.66820276497696,6.0,0.5276497695852534,0.5955760368663595,-5.094470046082949,-9.238532110091743,"-4.56,0.23,-6.78,-9.24",3,10,-14.340425531914894,-16.465875576036904,-1.3234126684562528,4.071808839926302,29.96082949308756
m5_low25-35_close35-55_green,NO,80,434,44.66820276497696,6.0,0.4838709677419355,0.558352534562212,-5.95852534562212,-9.880733944954128,"-6.21,0.28,-7.98,-9.88",3,10,-17.425531914893618,-16.465875576036904,-1.3234126684562528,4.071808839926302,29.96082949308756
m5_low25-35_close35-55_green,NO,85,434,44.66820276497696,6.0,0.4631336405529954,0.5255082678232583,-5.3018433179723505,-8.86111111111111,"-6.07,2.31,-8.86,-8.55",3,10,-21.148936170212767,-16.465875576036904,-1.3234126684562528,4.071808839926302,29.96082949308756
m5_low25-35_close35-55_green,YES,65,414,45.30434782608695,6.0,0.6256038647342995,0.6969899665551839,-4.640096618357488,-8.262135922330097,"-3.46,-1.76,-8.26,-5.09",2,10,-11.073170731707316,-13.186570048308946,17.83634045709981,7.230285913516655,30.08695652173913
m5_low25-35_close35-55_green,YES,70,414,45.30434782608695,6.0,0.5821256038647343,0.6472049689440993,-4.555555555555555,-10.155339805825243,"-2.26,-3.17,-10.16,-2.68",2,10,-13.652173913043478,-13.186570048308946,17.83634045709981,7.230285913516655,30.08695652173913
m5_low25-35_close35-55_green,YES,75,414,45.30434782608695,6.0,0.538647342995169,0.6040579710144928,-4.905797101449275,-10.54368932038835,"-0.62,-5.25,-10.54,-3.26",3,10,-14.04,-13.186570048308946,17.83634045709981,7.230285913516655,30.08695652173913
m5_low25-35_close35-55_green,YES,80,414,45.30434782608695,6.0,0.5048309178743962,0.566304347826087,-4.917874396135265,-9.766990291262136,"-1.49,-5.69,-9.77,-2.78",3,10,-15.14,-13.186570048308946,17.83634045709981,7.230285913516655,30.08695652173913
m5_low25-35_close35-55_green,YES,85,414,45.30434782608695,6.0,0.48792270531400966,0.5329923273657289,-3.8309178743961354,-10.009708737864077,"0.43,-4.04,-10.01,-1.77",3,10,-14.195652173913043,-13.186570048308946,17.83634045709981,7.230285913516655,30.08695652173913
m5_low25-35_close40-60_green,NO,65,473,49.293868921775896,6.0,0.7209302325581395,0.7583672141811676,-2.43340380549683,-4.949152542372883,"0.38,-2.74,-2.45,-4.95",4,10,-9.188405797101451,-8.256976744186067,0.6915665082417985,1.5232280279754398,30.209302325581394
m5_low25-35_close40-60_green,NO,70,473,49.293868921775896,6.0,0.6807610993657506,0.7041981274539414,-1.640591966173362,-3.93220338983051,"0.17,-0.36,-2.45,-3.93",4,10,-7.690909090909093,-8.256976744186067,0.6915665082417985,1.5232280279754398,30.209302325581394
m5_low25-35_close40-60_green,NO,75,473,49.293868921775896,6.0,0.6363636363636364,0.6572515856236786,-1.5665961945031721,-4.2288135593220355,"1.26,-0.70,-4.23,-2.62",4,10,-10.145454545454548,-8.256976744186067,0.6915665082417985,1.5232280279754398,30.209302325581394
m5_low25-35_close40-60_green,NO,80,473,49.293868921775896,6.0,0.5835095137420718,0.6161733615221987,-2.6131078224101483,-6.008474576271189,"-0.00,-0.87,-6.01,-3.59",3,10,-13.32727272727273,-8.256976744186067,0.6915665082417985,1.5232280279754398,30.209302325581394
m5_low25-35_close40-60_green,NO,85,473,49.293868921775896,6.0,0.5623678646934461,0.5799278696679517,-1.4926004228329814,-6.2203389830508495,"1.72,-0.03,-6.22,-1.47",4,10,-15.690909090909093,-8.256976744186067,0.6915665082417985,1.5232280279754398,30.209302325581394
m5_low25-35_close40-60_green,YES,65,477,49.534591194968556,6.0,0.6918238993710691,0.7620706337687471,-4.566037735849057,-7.966386554621849,"-3.82,-1.86,-7.97,-4.63",2,10,-13.166666666666666,-9.367966457022796,18.19720762910481,7.182473754578177,30.255765199161427
m5_low25-35_close40-60_green,YES,70,477,49.534591194968556,6.0,0.6519916142557652,0.7076370170709794,-3.8951781970649897,-9.478991596638656,"-2.65,-1.10,-9.48,-2.36",4,10,-11.8125,-9.367966457022796,18.19720762910481,7.182473754578177,30.255765199161427
m5_low25-35_close40-60_green,YES,75,477,49.534591194968556,6.0,0.5974842767295597,0.6604612159329141,-4.723270440251572,-9.77310924369748,"-2.44,-3.92,-9.77,-2.78",2,10,-12.9,-9.367966457022796,18.19720762910481,7.182473754578177,30.255765199161427
m5_low25-35_close40-60_green,YES,80,477,49.534591194968556,6.0,0.559748427672956,0.619182389937107,-4.754716981132075,-8.470588235294118,"-4.65,-4.21,-8.47,-1.69",1,10,-13.7,-9.367966457022796,18.19720762910481,7.182473754578177,30.255765199161427
m5_low25-35_close40-60_green,YES,85,477,49.534591194968556,6.0,0.5408805031446541,0.5827598964113948,-3.559748427672956,-8.764705882352942,"-2.57,-2.07,-8.76,-0.85",4,10,-12.541666666666666,-9.367966457022796,18.19720762910481,7.182473754578177,30.255765199161427
m5_low25-35_close45-65_green,NO,65,486,55.02469135802469,7.0,0.8106995884773662,0.8465337132003798,-2.329218106995887,-2.745901639344264,"-1.77,-2.26,-2.54,-2.75",4,10,-6.698113207547171,-1.040246913580377,-4.245435467960242,-1.4728250658156086,30.35185185185185
m5_low25-35_close45-65_green,NO,70,486,55.02469135802469,7.0,0.757201646090535,0.7860670194003527,-2.0205761316872444,-3.3606557377049198,"-2.26,-0.53,-1.92,-3.36",4,10,-7.256410256410259,-1.040246913580377,-4.245435467960242,-1.4728250658156086,30.35185185185185
m5_low25-35_close45-65_green,NO,75,486,55.02469135802469,7.0,0.7057613168724279,0.7336625514403292,-2.092592592592594,-3.033057851239671,"-1.57,-0.98,-3.03,-2.79",4,10,-7.872727272727275,-1.040246913580377,-4.245435467960242,-1.4728250658156086,30.35185185185185
m5_low25-35_close45-65_green,NO,80,486,55.02469135802469,7.0,0.654320987654321,0.6878086419753087,-2.6790123456790127,-4.148760330578514,"-1.93,-1.36,-4.15,-3.28",3,10,-10.509090909090911,-1.040246913580377,-4.245435467960242,-1.4728250658156086,30.35185185185185
m5_low25-35_close45-65_green,NO,85,486,55.02469135802469,7.0,0.6255144032921811,0.6473493100944081,-1.855967078189301,-4.438016528925622,"-0.70,-0.82,-4.44,-1.48",4,10,-12.32727272727273,-1.040246913580377,-4.245435467960242,-1.4728250658156086,30.35185185185185
m5_low25-35_close45-65_green,YES,65,523,54.09369024856596,7.0,0.7915869980879541,0.8322106192087071,-2.6405353728489485,-9.876923076923077,"-2.24,1.41,-9.88,0.08",4,10,-10.64406779661017,-2.9004588910132356,19.90336726455885,6.114163818865748,30.38814531548757
m5_low25-35_close45-65_green,YES,70,523,54.09369024856596,7.0,0.739961759082218,0.7727670035509423,-2.2963671128107075,-10.184615384615384,"-2.01,1.41,-10.18,1.53",3,10,-8.745098039215685,-2.9004588910132356,19.90336726455885,6.114163818865748,30.38814531548757
m5_low25-35_close45-65_green,YES,75,523,54.09369024856596,7.0,0.6826003824091779,0.7212492033142128,-2.898661567877629,-9.876923076923077,"-2.31,-1.49,-9.88,2.03",3,10,-11.0,-2.9004588910132356,19.90336726455885,6.114163818865748,30.38814531548757
m5_low25-35_close45-65_green,YES,80,523,54.09369024856596,7.0,0.6443594646271511,0.6761711281070746,-2.5449330783938815,-8.107692307692307,"-3.76,-1.64,-8.11,3.29",3,10,-11.090909090909092,-2.9004588910132356,19.90336726455885,6.114163818865748,30.38814531548757
m5_low25-35_close45-65_green,YES,85,523,54.09369024856596,7.0,0.6137667304015296,0.6363963558654819,-1.9235181644359465,-9.107692307692307,"-1.93,-0.31,-9.11,3.60",3,10,-8.454545454545455,-2.9004588910132356,19.90336726455885,6.114163818865748,30.38814531548757
m5_low25-35_close50-70_green,NO,65,543,59.1767955801105,7.0,0.8747697974217311,0.9104122396940078,-2.316758747697975,-3.5441176470588247,"-2.05,-3.54,-3.01,-0.67",3,10,-5.911111111111113,4.446003683241172,-11.687202190794155,-5.233282838591188,30.4548802946593
m5_low25-35_close50-70_green,NO,70,543,59.1767955801105,7.0,0.8029465930018416,0.8453827940015786,-2.970534069981585,-4.330882352941178,"-4.33,-2.88,-3.30,-1.37",4,10,-9.577777777777781,4.446003683241172,-11.687202190794155,-5.233282838591188,30.4548802946593
m5_low25-35_close50-70_green,NO,75,543,59.1767955801105,7.0,0.7366482504604052,0.78902394106814,-3.9281767955801103,-4.808823529411766,"-4.81,-4.39,-4.27,-2.25",4,10,-14.355555555555558,4.446003683241172,-11.687202190794155,-5.233282838591188,30.4548802946593
m5_low25-35_close50-70_green,NO,80,543,59.1767955801105,7.0,0.7016574585635359,0.7397099447513813,-3.0441988950276246,-4.118518518518519,"-4.11,-3.10,-4.12,-0.85",3,10,-13.133333333333336,4.446003683241172,-11.687202190794155,-5.233282838591188,30.4548802946593
m5_low25-35_close50-70_green,NO,85,543,59.1767955801105,7.0,0.6795580110497238,0.6961975950601236,-1.414364640883978,-2.525925925925926,"-1.90,-2.11,-2.53,0.87",5,10,-12.133333333333336,4.446003683241172,-11.687202190794155,-5.233282838591188,30.4548802946593
m5_low25-35_close50-70_green,YES,65,577,59.08665511265165,7.0,0.8665511265164645,0.9090254632715639,-2.7608318890814556,-9.5625,"-2.06,1.31,-9.56,-0.74",3,10,-10.897058823529411,4.87355285961887,24.524770861362928,5.894120333615028,30.481802426343155
m5_low25-35_close50-70_green,YES,70,577,59.08665511265165,7.0,0.8024263431542461,0.8440950730378807,-2.9168110918544192,-8.625,"-1.50,-0.36,-8.62,-1.19",4,10,-9.122448979591836,4.87355285961887,24.524770861362928,5.894120333615028,30.481802426343155
m5_low25-35_close50-70_green,YES,75,577,59.08665511265165,7.0,0.7400346620450606,0.7878220681686886,-3.584055459272097,-8.104166666666666,"-1.50,-2.93,-8.10,-1.81",3,10,-12.936507936507937,4.87355285961887,24.524770861362928,5.894120333615028,30.481802426343155
m5_low25-35_close50-70_green,YES,80,577,59.08665511265165,7.0,0.7001733102253033,0.7385831889081456,-3.072790294627383,-5.777777777777778,"-2.06,-3.62,-5.78,-0.84",3,10,-13.65079365079365,4.87355285961887,24.524770861362928,5.894120333615028,30.481802426343155
m5_low25-35_close50-70_green,YES,85,577,59.08665511265165,7.0,0.6707105719237435,0.6951371189723723,-2.0762564991334487,-5.951388888888889,"0.36,-1.33,-5.95,-1.40",4,10,-10.793650793650794,4.87355285961887,24.524770861362928,5.894120333615028,30.481802426343155
m5_low30-40_close35-55_green,NO,65,339,46.15339233038348,6.0,0.6519174041297935,0.7100521896982074,-3.7787610619469025,-9.8,"0.00,-4.09,-1.19,-9.80",4,10,-12.415094339622641,-16.40492625368735,-10.472826729467071,2.6839221106641653,33.71091445427729
m5_low30-40_close35-55_green,NO,70,339,46.15339233038348,6.0,0.616519174041298,0.6593341761483354,-2.9970501474926254,-9.564705882352941,"2.00,-2.45,-1.96,-9.56",3,10,-11.18867924528302,-16.40492625368735,-10.472826729467071,2.6839221106641653,33.71091445427729
m5_low30-40_close35-55_green,NO,75,339,46.15339233038348,6.0,0.584070796460177,0.6153785644051131,-2.3480825958702063,-9.68235294117647,"5.53,-1.04,-4.23,-9.68",4,10,-10.35483870967742,-16.40492625368735,-10.472826729467071,2.6839221106641653,33.71091445427729
m5_low30-40_close35-55_green,NO,80,339,46.15339233038348,6.0,0.5457227138643068,0.5769174041297935,-2.495575221238938,-10.152941176470588,"5.29,-1.74,-3.39,-10.15",4,10,-10.58695652173913,-16.40492625368735,-10.472826729467071,2.6839221106641653,33.71091445427729
m5_low30-40_close35-55_green,NO,85,339,46.15339233038348,6.0,0.5162241887905604,0.5429810862398057,-2.274336283185841,-8.976470588235294,"4.59,-1.92,-2.80,-8.98",4,10,-10.26086956521739,-16.40492625368735,-10.472826729467071,2.6839221106641653,33.71091445427729
m5_low30-40_close35-55_green,YES,65,296,46.479729729729726,6.0,0.6148648648648649,0.7150727650727651,-6.513513513513513,-9.243243243243244,"-6.93,-8.62,-9.24,-1.26",1,10,-16.136363636363637,-16.3767567567565,23.934811465614715,10.576740905923568,34.70945945945946
m5_low30-40_close35-55_green,YES,70,296,46.479729729729726,6.0,0.5743243243243243,0.663996138996139,-6.277027027027027,-11.067567567567568,"-5.78,-9.50,-11.07,1.24",2,10,-15.076923076923077,-16.3767567567565,23.934811465614715,10.576740905923568,34.70945945945946
m5_low30-40_close35-55_green,YES,75,296,46.479729729729726,6.0,0.5304054054054054,0.6197297297297297,-6.699324324324325,-12.945945945945946,"-4.91,-12.95,-10.53,1.58",3,10,-16.789473684210527,-16.3767567567565,23.934811465614715,10.576740905923568,34.70945945945946
m5_low30-40_close35-55_green,YES,80,296,46.479729729729726,6.0,0.48986486486486486,0.5809966216216216,-7.29054054054054,-13.95945945945946,"-5.38,-13.96,-10.26,0.43",4,10,-20.227272727272727,-16.3767567567565,23.934811465614715,10.576740905923568,34.70945945945946
m5_low30-40_close35-55_green,YES,85,296,46.479729729729726,6.0,0.4831081081081081,0.5468203497615262,-5.41554054054054,-11.932432432432432,"-2.81,-11.93,-10.26,3.34",4,10,-18.636363636363637,-16.3767567567565,23.934811465614715,10.576740905923568,34.70945945945946
m5_low30-40_close40-60_green,NO,65,439,50.134396355353076,6.0,0.7494305239179955,0.7712984054669704,-1.4214123006833725,-5.81818181818182,"0.85,-0.77,0.07,-5.82",4,10,-9.292307692307695,-11.902938496583275,-9.404778173171474,1.0679412720666468,34.20956719817767
m5_low30-40_close40-60_green,NO,70,439,50.134396355353076,6.0,0.7061503416856492,0.7162056622193297,-0.7038724373576322,-5.6363636363636385,"2.25,-0.09,0.67,-5.64",4,10,-8.047619047619051,-11.902938496583275,-9.404778173171474,1.0679412720666468,34.20956719817767
m5_low30-40_close40-60_green,NO,75,439,50.134396355353076,6.0,0.6765375854214123,0.6684586180713743,0.6059225512528458,-5.227272727272729,"5.35,1.50,0.81,-5.23",4,10,-6.738095238095241,-11.902938496583275,-9.404778173171474,1.0679412720666468,34.20956719817767
m5_low30-40_close40-60_green,NO,80,439,50.134396355353076,6.0,0.6378132118451025,0.6266799544419135,0.8906605922551243,-4.454545454545457,"6.16,2.09,-0.25,-4.45",5,10,-4.964285714285716,-11.902938496583275,-9.404778173171474,1.0679412720666468,34.20956719817767
m5_low30-40_close40-60_green,NO,85,439,50.134396355353076,6.0,0.6036446469248291,0.5898164277100362,1.1753986332574022,-2.409090909090911,"5.07,2.32,-0.29,-2.41",5,10,-4.833333333333336,-11.902938496583275,-9.404778173171474,1.0679412720666468,34.20956719817767
m5_low30-40_close40-60_green,YES,65,380,50.01315789473684,6.0,0.6657894736842105,0.7694331983805668,-6.7368421052631575,-9.852631578947369,"-9.85,-6.22,-8.97,-1.91",1,10,-14.852941176470589,-11.985552631578818,23.480349631460502,9.118231438534043,34.944736842105264
m5_low30-40_close40-60_green,YES,70,380,50.01315789473684,6.0,0.6289473684210526,0.7144736842105264,-5.9868421052631575,-10.91578947368421,"-7.54,-7.27,-10.92,1.78",1,10,-16.176470588235293,-11.985552631578818,23.480349631460502,9.118231438534043,34.944736842105264
m5_low30-40_close40-60_green,YES,75,380,50.01315789473684,6.0,0.5789473684210527,0.6668421052631579,-6.592105263157895,-12.810526315789474,"-6.12,-8.96,-12.81,1.52",2,10,-15.882352941176471,-11.985552631578818,23.480349631460502,9.118231438534043,34.944736842105264
m5_low30-40_close40-60_green,YES,80,380,50.01315789473684,6.0,0.531578947368421,0.6251644736842106,-7.4868421052631575,-14.494736842105263,"-5.75,-9.59,-14.49,-0.12",3,10,-20.58823529411765,-11.985552631578818,23.480349631460502,9.118231438534043,34.944736842105264
m5_low30-40_close40-60_green,YES,85,380,50.01315789473684,6.0,0.5184210526315789,0.5883900928792569,-5.947368421052632,-14.91578947368421,"-3.91,-7.96,-14.92,2.99",4,10,-23.676470588235293,-11.985552631578818,23.480349631460502,9.118231438534043,34.944736842105264
m5_low30-40_close45-65_green,NO,65,503,55.50497017892644,6.0,0.831013916500994,0.8539226181373298,-1.4890656063618308,-4.825396825396827,"1.47,-1.38,-1.22,-4.83",4,10,-6.043478260869567,-5.1155268389664785,-16.384311255462226,-2.4517047591506858,34.52882703777336
m5_low30-40_close45-65_green,NO,70,503,55.50497017892644,6.0,0.7693836978131213,0.7929281454132349,-1.6481113320079537,-5.976190476190478,"1.39,-1.66,-0.34,-5.98",3,10,-6.405797101449277,-5.1155268389664785,-16.384311255462226,-2.4517047591506858,34.52882703777336
m5_low30-40_close45-65_green,NO,75,503,55.50497017892644,6.0,0.731610337972167,0.7400662690523525,-0.6341948310139183,-6.055555555555557,"3.06,-0.19,0.66,-6.06",4,10,-5.603773584905663,-5.1155268389664785,-16.384311255462226,-2.4517047591506858,34.52882703777336
m5_low30-40_close45-65_green,NO,80,503,55.50497017892644,6.0,0.6898608349900597,0.6938121272365805,-0.31610337972167135,-4.706349206349208,"5.04,-1.58,-0.02,-4.71",5,10,-5.475409836065576,-5.1155268389664785,-16.384311255462226,-2.4517047591506858,34.52882703777336
m5_low30-40_close45-65_green,NO,85,503,55.50497017892644,6.0,0.6461232604373758,0.6529996491638405,-0.5844930417495042,-2.928571428571431,"3.41,-2.93,-0.58,-2.25",6,10,-6.8301886792452855,-5.1155268389664785,-16.384311255462226,-2.4517047591506858,34.52882703777336
m5_low30-40_close45-65_green,YES,65,460,55.208695652173915,6.0,0.7695652173913043,0.8493645484949833,-5.1869565217391305,-7.973913043478261,"-7.25,-3.89,-7.97,-1.63",1,10,-10.888888888888891,-4.374652173913067,29.717033551513715,9.636612018589,35.16304347826087
m5_low30-40_close45-65_green,YES,70,460,55.208695652173915,6.0,0.717391304347826,0.7886956521739131,-4.991304347826087,-8.539130434782608,"-5.99,-6.02,-8.54,0.58",2,10,-9.95,-4.374652173913067,29.717033551513715,9.636612018589,35.16304347826087
m5_low30-40_close45-65_green,YES,75,460,55.208695652173915,6.0,0.6695652173913044,0.7361159420289856,-4.991304347826087,-9.060869565217391,"-4.43,-5.76,-9.06,-0.72",2,10,-14.325,-4.374652173913067,29.717033551513715,9.636612018589,35.16304347826087
m5_low30-40_close45-65_green,YES,80,460,55.208695652173915,6.0,0.6239130434782608,0.6901086956521739,-5.2956521739130435,-9.408695652173913,"-3.12,-6.63,-9.41,-2.03",2,10,-15.7,-4.374652173913067,29.717033551513715,9.636612018589,35.16304347826087
m5_low30-40_close45-65_green,YES,85,460,55.208695652173915,6.0,0.5956521739130435,0.6495140664961637,-4.578260869565217,-10.191304347826087,"-2.08,-5.80,-10.19,-0.24",2,10,-15.638297872340425,-4.374652173913067,29.717033551513715,9.636612018589,35.16304347826087
m5_low30-40_close50-70_green,NO,65,588,59.61904761904762,6.0,0.8996598639455783,0.9172161172161173,-1.1411564625850352,-2.1156462585034026,"0.29,-2.12,-1.52,-1.22",4,10,-4.746031746031748,0.24744897959147788,-23.1160380047446,-5.9187648720815895,34.79421768707483
m5_low30-40_close50-70_green,NO,70,588,59.61904761904762,6.0,0.8282312925170068,0.8517006802721089,-1.6428571428571441,-2.9591836734693895,"-0.83,-2.46,-0.33,-2.96",4,10,-6.095238095238097,0.24744897959147788,-23.1160380047446,-5.9187648720815895,34.79421768707483
m5_low30-40_close50-70_green,NO,75,588,59.61904761904762,6.0,0.7857142857142857,0.7949206349206349,-0.6904761904761911,-2.455782312925171,"1.82,-2.46,-0.12,-2.01",4,10,-7.047619047619048,0.24744897959147788,-23.1160380047446,-5.9187648720815895,34.79421768707483
m5_low30-40_close50-70_green,NO,80,588,59.61904761904762,6.0,0.7534013605442177,0.7452380952380953,0.6530612244897952,-2.455782312925171,"4.82,-2.46,-0.46,0.71",7,10,-4.9142857142857155,0.24744897959147788,-23.1160380047446,-5.9187648720815895,34.79421768707483
m5_low30-40_close50-70_green,NO,85,588,59.61904761904762,6.0,0.7159863945578231,0.7014005602240897,1.2397959183673466,-2.931972789115647,"5.36,-2.93,-0.77,3.30",8,10,-6.80952380952381,0.24744897959147788,-23.1160380047446,-5.9187648720815895,34.79421768707483
m5_low30-40_close50-70_green,YES,65,533,59.95497185741088,6.0,0.8592870544090057,0.9223841824217058,-4.101313320825516,-6.646616541353383,"-5.71,-1.53,-6.65,-2.50",0,10,-8.222222222222221,2.613470919324625,28.92279836628571,7.334614007827626,35.25515947467167
m5_low30-40_close50-70_green,YES,70,533,59.95497185741088,6.0,0.7917448405253283,0.8564995979630126,-4.532833020637899,-7.2481203007518795,"-5.19,-4.92,-7.25,-0.77",2,10,-9.088888888888889,2.613470919324625,28.92279836628571,7.334614007827626,35.25515947467167
m5_low30-40_close50-70_green,YES,75,533,59.95497185741088,6.0,0.7410881801125704,0.7993996247654784,-4.373358348968105,-7.962406015037594,"-2.95,-4.35,-7.96,-2.24",3,10,-12.2,2.613470919324625,28.92279836628571,7.334614007827626,35.25515947467167
m5_low30-40_close50-70_green,YES,80,533,59.95497185741088,6.0,0.6904315196998124,0.7494371482176361,-4.720450281425891,-8.676691729323307,"-1.53,-5.44,-8.68,-3.26",2,10,-12.574074074074074,2.613470919324625,28.92279836628571,7.334614007827626,35.25515947467167
m5_low30-40_close50-70_green,YES,85,533,59.95497185741088,6.0,0.6547842401500938,0.7053526100871869,-4.298311444652908,-11.19548872180451,"0.22,-4.58,-11.20,-1.68",3,10,-17.48148148148148,2.613470919324625,28.92279836628571,7.334614007827626,35.25515947467167
m6_low0-20_close35-55_green,NO,65,306,42.950980392156865,8.0,0.6013071895424836,0.6607843137254902,-3.866013071895425,-7.363636363636363,"-3.08,-3.08,-1.91,-7.36",2,10,-12.0,-15.273300653594738,-54.815111364332644,-8.551098038058424,14.71862745098039
m6_low0-20_close35-55_green,NO,70,306,42.950980392156865,8.0,0.5686274509803921,0.6135854341736695,-3.1470588235294117,-6.51948051948052,"-0.81,-3.67,-1.58,-6.52",3,10,-9.758620689655173,-15.273300653594738,-54.815111364332644,-8.551098038058424,14.71862745098039
m6_low0-20_close35-55_green,NO,75,306,42.950980392156865,8.0,0.5228758169934641,0.5726797385620915,-3.735294117647059,-6.909090909090909,"-0.61,-2.82,-4.61,-6.91",4,10,-12.689655172413794,-15.273300653594738,-54.815111364332644,-8.551098038058424,14.71862745098039
m6_low0-20_close35-55_green,NO,80,306,42.950980392156865,8.0,0.49019607843137253,0.5368872549019608,-3.735294117647059,-6.64935064935065,"-0.81,-3.28,-4.21,-6.65",5,10,-11.636363636363637,-15.273300653594738,-54.815111364332644,-8.551098038058424,14.71862745098039
m6_low0-20_close35-55_green,NO,85,306,42.950980392156865,8.0,0.45098039215686275,0.5053056516724337,-4.617647058823529,-6.368421052631579,"-3.60,-6.37,-2.96,-5.55",3,10,-14.8,-15.273300653594738,-54.815111364332644,-8.551098038058424,14.71862745098039
m6_low0-20_close35-55_green,YES,65,279,42.992831541218635,8.0,0.6666666666666666,0.6614281775572097,0.34050179211469533,-4.142857142857143,"-4.14,2.39,1.70,1.44",5,10,-8.481481481481481,-15.622831541218261,-45.88926016912485,-5.461175366882014,14.849103942652329
m6_low0-20_close35-55_green,YES,70,279,42.992831541218635,8.0,0.6487455197132617,0.6141833077316948,2.4193548387096775,-3.142857142857143,"-3.14,3.81,4.16,4.87",6,10,-11.074074074074074,-15.622831541218261,-45.88926016912485,-5.461175366882014,14.849103942652329
m6_low0-20_close35-55_green,YES,75,279,42.992831541218635,8.0,0.6057347670250897,0.5732377538829151,2.4372759856630823,-3.5,"-3.50,3.89,4.30,5.09",6,10,-11.62962962962963,-15.622831541218261,-45.88926016912485,-5.461175366882014,14.849103942652329
m6_low0-20_close35-55_green,YES,80,279,42.992831541218635,8.0,0.5770609318996416,0.537410394265233,3.172043010752688,-2.0,"-2.00,4.67,6.33,3.73",7,10,-12.555555555555555,-15.622831541218261,-45.88926016912485,-5.461175366882014,14.849103942652329
m6_low0-20_close35-55_green,YES,85,279,42.992831541218635,8.0,0.5340501792114696,0.505798018131984,2.401433691756272,-3.0714285714285716,"-3.07,2.74,5.75,4.23",8,10,-17.0,-15.622831541218261,-45.88926016912485,-5.461175366882014,14.849103942652329
m6_low0-20_close40-60_green,NO,65,260,47.792307692307695,8.0,0.6923076923076923,0.7352662721893491,-2.792307692307693,-8.123076923076923,"1.28,-5.63,1.31,-8.12",4,10,-20.25,-11.732615384615341,-58.61673092329242,-10.176206512526328,14.580769230769231
m6_low0-20_close40-60_green,NO,70,260,47.792307692307695,8.0,0.6576923076923077,0.6827472527472528,-1.7538461538461552,-7.353846153846154,"4.05,-3.48,-0.23,-7.35",6,10,-18.25,-11.732615384615341,-58.61673092329242,-10.176206512526328,14.580769230769231
m6_low0-20_close40-60_green,NO,75,260,47.792307692307695,8.0,0.6115384615384616,0.6372307692307693,-1.9269230769230774,-9.2,"6.66,-3.78,-1.38,-9.20",6,10,-23.75,-11.732615384615341,-58.61673092329242,-10.176206512526328,14.580769230769231
m6_low0-20_close40-60_green,NO,80,260,47.792307692307695,8.0,0.5807692307692308,0.5974038461538462,-1.3307692307692316,-10.430769230769231,"9.12,-3.32,-0.69,-10.43",5,10,-22.25,-11.732615384615341,-58.61673092329242,-10.176206512526328,14.580769230769231
m6_low0-20_close40-60_green,NO,85,260,47.792307692307695,8.0,0.5384615384615384,0.5622624434389141,-2.023076923076923,-8.2,"6.20,-7.09,1.00,-8.20",4,10,-20.75,-11.732615384615341,-58.61673092329242,-10.176206512526328,14.580769230769231
m6_low0-20_close40-60_green,YES,65,248,47.95564516129032,8.0,0.7096774193548387,0.7377791563275434,-1.8266129032258065,-4.032258064516129,"-1.84,-4.03,-0.11,-1.32",3,10,-8.52,-3.0898387096770628,-33.06617063140279,-6.544626833838646,15.138306451612904
m6_low0-20_close40-60_green,YES,70,248,47.95564516129032,8.0,0.6895161290322581,0.6850806451612903,0.31048387096774194,-2.983870967741935,"0.58,-2.98,2.47,1.18",3,10,-11.12,-3.0898387096770628,-33.06617063140279,-6.544626833838646,15.138306451612904
m6_low0-20_close40-60_green,YES,75,248,47.95564516129032,8.0,0.6370967741935484,0.6394086021505376,-0.17338709677419367,-3.4677419354838706,"-0.79,-3.47,2.47,1.10",4,10,-11.52,-3.0898387096770628,-33.06617063140279,-6.544626833838646,15.138306451612904
m6_low0-20_close40-60_green,YES,80,248,47.95564516129032,8.0,0.6048387096774194,0.599445564516129,0.4314516129032258,-4.435483870967741,"1.06,-4.44,4.56,0.53",7,10,-12.32,-3.0898387096770628,-33.06617063140279,-6.544626833838646,15.138306451612904
m6_low0-20_close40-60_green,YES,85,248,47.95564516129032,8.0,0.5604838709677419,0.5641840607210626,-0.31451612903225806,-4.516129032258063,"0.02,-4.52,2.39,0.85",5,10,-13.52,-3.0898387096770628,-33.06617063140279,-6.544626833838646,15.138306451612904
m6_low0-20_close45-65_green,NO,65,225,54.373333333333335,8.0,0.8133333333333334,0.8365128205128205,-1.506666666666668,-5.535714285714287,"2.70,-0.25,-5.54,-3.02",4,10,-7.777777777777778,-3.2880888888889523,-41.39145539078457,-6.467850489898442,14.75288888888889
m6_low0-20_close45-65_green,NO,70,225,54.373333333333335,8.0,0.7555555555555555,0.7767619047619048,-1.484444444444445,-11.785714285714288,"3.40,2.70,-11.79,-0.34",5,10,-13.769230769230772,-3.2880888888889523,-41.39145539078457,-6.467850489898442,14.75288888888889
m6_low0-20_close45-65_green,NO,75,225,54.373333333333335,8.0,0.7111111111111111,0.7249777777777778,-1.0400000000000003,-11.42857142857143,"4.89,2.79,-11.43,-0.52",6,10,-13.769230769230772,-3.2880888888889523,-41.39145539078457,-6.467850489898442,14.75288888888889
m6_low0-20_close45-65_green,NO,80,225,54.373333333333335,8.0,0.6755555555555556,0.6796666666666666,-0.3288888888888889,-11.42857142857143,"6.04,3.77,-11.43,0.20",4,10,-11.076923076923078,-3.2880888888889523,-41.39145539078457,-6.467850489898442,14.75288888888889
m6_low0-20_close45-65_green,NO,85,225,54.373333333333335,8.0,0.6266666666666667,0.639686274509804,-1.1066666666666671,-8.750000000000002,"3.84,-3.20,-8.75,3.59",4,10,-11.724137931034484,-3.2880888888889523,-41.39145539078457,-6.467850489898442,14.75288888888889
m6_low0-20_close45-65_green,YES,65,224,52.9375,8.0,0.7991071428571429,0.8144230769230769,-0.9955357142857142,-2.232142857142857,"-0.07,-0.98,-2.23,-0.70",3,10,-5.083333333333332,3.476428571428804,-44.674166278243966,-10.90132810060449,15.165178571428571
m6_low0-20_close45-65_green,YES,70,224,52.9375,8.0,0.7723214285714286,0.75625,1.1250000000000002,-0.803571428571428,"2.70,-0.80,0.45,2.16",6,10,-7.166666666666665,3.476428571428804,-44.674166278243966,-10.90132810060449,15.165178571428571
m6_low0-20_close45-65_green,YES,75,224,52.9375,8.0,0.7232142857142857,0.7058333333333333,1.3035714285714286,0.26785714285714296,"2.61,1.52,0.27,0.82",5,10,-3.833333333333332,3.476428571428804,-44.674166278243966,-10.90132810060449,15.165178571428571
m6_low0-20_close45-65_green,YES,80,224,52.9375,8.0,0.6875,0.66171875,2.0625,0.1964285714285713,"4.84,0.80,2.41,0.20",8,10,-7.166666666666665,3.476428571428804,-44.674166278243966,-10.90132810060449,15.165178571428571
m6_low0-20_close45-65_green,YES,85,224,52.9375,8.0,0.6383928571428571,0.6227941176470588,1.3258928571428572,-1.9642857142857137,"3.86,-1.96,1.34,2.07",7,10,-11.333333333333334,3.476428571428804,-44.674166278243966,-10.90132810060449,15.165178571428571
m6_low0-20_close50-70_green,NO,65,235,58.32340425531915,8.0,0.8808510638297873,0.8972831423895253,-1.0680851063829795,-5.137931034482761,"4.17,-0.32,-5.14,-3.05",4,10,-6.714285714285716,2.0562553191488173,-34.36835803513303,-7.297874807494945,14.711489361702126
m6_low0-20_close50-70_green,NO,70,235,58.32340425531915,8.0,0.8127659574468085,0.8331914893617021,-1.4297872340425541,-10.74137931034483,"2.98,1.80,-10.74,0.08",4,10,-11.66666666666667,2.0562553191488173,-34.36835803513303,-7.297874807494945,14.711489361702126
m6_low0-20_close50-70_green,NO,75,235,58.32340425531915,8.0,0.7702127659574468,0.7776453900709219,-0.5574468085106385,-8.67241379310345,"4.76,1.03,-8.67,0.51",5,10,-9.571428571428573,2.0562553191488173,-34.36835803513303,-7.297874807494945,14.711489361702126
m6_low0-20_close50-70_green,NO,80,235,58.32340425531915,8.0,0.7361702127659574,0.7290425531914894,0.5702127659574465,-8.155172413793105,"6.20,2.31,-8.16,1.78",5,10,-8.809523809523812,2.0562553191488173,-34.36835803513303,-7.297874807494945,14.711489361702126
m6_low0-20_close50-70_green,NO,85,235,58.32340425531915,8.0,0.6893617021276596,0.6861576971214017,0.2723404255319145,-5.0517241379310365,"4.42,-2.53,-5.05,4.15",6,10,-12.38888888888889,2.0562553191488173,-34.36835803513303,-7.297874807494945,14.711489361702126
m6_low0-20_close50-70_green,YES,65,224,58.95982142857143,8.0,0.8794642857142857,0.9070741758241758,-1.7946428571428572,-2.767857142857143,"-1.89,-0.84,-2.77,-1.68",2,10,-9.115384615384615,9.36758928571427,-53.35731525272513,-14.262982062943138,15.146428571428572
m6_low0-20_close50-70_green,YES,70,224,58.95982142857143,8.0,0.8348214285714286,0.8422831632653062,-0.5223214285714282,-2.624999999999999,"1.23,-2.62,-0.98,0.29",5,10,-16.03846153846154,9.36758928571427,-53.35731525272513,-14.262982062943138,15.146428571428572
m6_low0-20_close50-70_green,YES,75,224,58.95982142857143,8.0,0.7857142857142857,0.7861309523809524,-0.03124999999999965,-1.285714285714285,"1.50,-1.29,0.45,-0.79",7,10,-12.961538461538462,9.36758928571427,-53.35731525272513,-14.262982062943138,15.146428571428572
m6_low0-20_close50-70_green,YES,80,224,58.95982142857143,8.0,0.75,0.7369977678571429,1.0401785714285718,-3.1607142857142847,"2.66,-3.16,4.38,0.29",8,10,-16.03846153846154,9.36758928571427,-53.35731525272513,-14.262982062943138,15.146428571428572
m6_low0-20_close50-70_green,YES,85,224,58.95982142857143,8.0,0.7142857142857143,0.6936449579831933,1.754464285714286,-2.714285714285713,"3.46,-2.71,3.75,2.52",7,10,-16.615384615384617,9.36758928571427,-53.35731525272513,-14.262982062943138,15.146428571428572
m6_low15-25_close35-55_green,NO,65,346,43.75433526011561,8.0,0.6184971098265896,0.673143619386394,-3.552023121387283,-5.034482758620689,"-5.03,-3.19,-1.98,-3.99",3,10,-13.499999999999998,-13.878583815028916,-28.14701791559088,-2.3162080456617637,20.170520231213874
m6_low15-25_close35-55_green,NO,70,346,43.75433526011561,8.0,0.5982658959537572,0.6250619322873658,-1.8757225433526012,-2.793103448275861,"-2.79,-2.55,0.41,-2.55",5,10,-13.205882352941174,-13.878583815028916,-28.14701791559088,-2.3162080456617637,20.170520231213874
m6_low15-25_close35-55_green,NO,75,346,43.75433526011561,8.0,0.5635838150289018,0.5833911368015414,-1.4855491329479769,-2.2558139534883725,"-1.53,-2.26,0.06,-2.21",5,10,-10.999999999999998,-13.878583815028916,-28.14701791559088,-2.3162080456617637,20.170520231213874
m6_low15-25_close35-55_green,NO,80,346,43.75433526011561,8.0,0.5086705202312138,0.5469291907514451,-3.060693641618497,-4.476744186046512,"-2.33,-1.38,-4.48,-4.05",5,10,-13.499999999999998,-13.878583815028916,-28.14701791559088,-2.3162080456617637,20.170520231213874
m6_low15-25_close35-55_green,NO,85,346,43.75433526011561,8.0,0.4884393063583815,0.5147568854131248,-2.2369942196531793,-3.0232558139534884,"-1.64,-2.72,-3.02,-1.57",4,10,-14.088235294117645,-13.878583815028916,-28.14701791559088,-2.3162080456617637,20.170520231213874
m6_low15-25_close35-55_green,YES,65,332,43.90963855421687,7.0,0.641566265060241,0.6755329008341057,-2.2078313253012047,-5.445783132530121,"-5.45,0.06,-0.23,-3.22",3,10,-7.111111111111111,-13.583343373493314,-12.215997139406682,1.422128832392544,20.69277108433735
m6_low15-25_close35-55_green,YES,70,332,43.90963855421687,7.0,0.6174698795180723,0.6272805507745267,-0.6867469879518072,-5.867469879518072,"-5.87,2.59,1.46,-0.93",5,10,-4.333333333333333,-13.583343373493314,-12.215997139406682,1.422128832392544,20.69277108433735
m6_low15-25_close35-55_green,YES,75,332,43.90963855421687,7.0,0.5692771084337349,0.5854618473895582,-1.213855421686747,-6.771084337349397,"-6.77,3.19,-0.71,-0.57",4,10,-9.88888888888889,-13.583343373493314,-12.215997139406682,1.422128832392544,20.69277108433735
m6_low15-25_close35-55_green,YES,80,332,43.90963855421687,7.0,0.536144578313253,0.5488704819277108,-1.0180722891566265,-6.228915662650603,"-6.23,4.40,-0.71,-1.53",4,10,-16.555555555555557,-13.583343373493314,-12.215997139406682,1.422128832392544,20.69277108433735
m6_low15-25_close35-55_green,YES,85,332,43.90963855421687,7.0,0.5030120481927711,0.5165839829907867,-1.1536144578313252,-6.951807228915663,"-6.95,4.34,-0.05,-1.95",5,10,-14.88888888888889,-13.583343373493314,-12.215997139406682,1.422128832392544,20.69277108433735
m6_low15-25_close40-60_green,NO,65,325,48.61538461538461,8.0,0.7076923076923077,0.7479289940828402,-2.6153846153846163,-6.365853658536587,"-6.37,-3.67,0.05,-0.43",3,10,-10.15625,-7.2154461538463455,-17.59059261379479,-1.3087009859296646,20.48
m6_low15-25_close40-60_green,NO,70,325,48.61538461538461,8.0,0.6861538461538461,0.6945054945054945,-0.5846153846153855,-3.9268292682926838,"-3.93,-1.94,2.95,0.62",4,10,-9.375,-7.2154461538463455,-17.59059261379479,-1.3087009859296646,20.48
m6_low15-25_close40-60_green,NO,75,325,48.61538461538461,8.0,0.6492307692307693,0.6482051282051282,0.07692307692307587,-3.2345679012345694,"-0.70,-3.23,2.95,1.30",4,10,-6.562500000000001,-7.2154461538463455,-17.59059261379479,-1.3087009859296646,20.48
m6_low15-25_close40-60_green,NO,80,325,48.61538461538461,8.0,0.5938461538461538,0.6076923076923076,-1.1076923076923084,-3.1728395061728407,"0.59,-3.17,-2.48,0.62",5,10,-6.250000000000001,-7.2154461538463455,-17.59059261379479,-1.3087009859296646,20.48
m6_low15-25_close40-60_green,NO,85,325,48.61538461538461,8.0,0.5661538461538461,0.571945701357466,-0.492307692307693,-4.530864197530866,"0.59,-4.53,-0.63,2.59",5,10,-6.250000000000001,-7.2154461538463455,-17.59059261379479,-1.3087009859296646,20.48
m6_low15-25_close40-60_green,YES,65,316,48.70569620253165,8.0,0.7183544303797469,0.7493184031158715,-2.0126582278481013,-4.582278481012658,"-4.58,-1.39,-0.85,-1.23",3,10,-6.111111111111111,-6.386930379746365,-6.058078639275652,0.8660687868495291,20.835443037974684
m6_low15-25_close40-60_green,YES,70,316,48.70569620253165,8.0,0.6930379746835443,0.6957956600361664,-0.1930379746835443,-3.886075949367088,"-3.89,1.39,1.05,0.67",4,10,-5.486486486486487,-6.386930379746365,-6.058078639275652,0.8660687868495291,20.835443037974684
m6_low15-25_close40-60_green,YES,75,316,48.70569620253165,8.0,0.6392405063291139,0.649409282700422,-0.7626582278481012,-5.468354430379746,"-5.47,3.10,-1.10,0.42",3,10,-7.777777777777778,-6.386930379746365,-6.058078639275652,0.8660687868495291,20.835443037974684
m6_low15-25_close40-60_green,YES,80,316,48.70569620253165,8.0,0.6075949367088608,0.6088212025316456,-0.0981012658227848,-3.6329113924050627,"-3.63,4.56,-0.97,-0.34",5,10,-9.444444444444445,-6.386930379746365,-6.058078639275652,0.8660687868495291,20.835443037974684
m6_low15-25_close40-60_green,YES,85,316,48.70569620253165,8.0,0.5727848101265823,0.5730081906180194,-0.0189873417721519,-5.151898734177214,"-5.15,6.84,-0.15,-1.61",5,10,-11.666666666666666,-6.386930379746365,-6.058078639275652,0.8660687868495291,20.835443037974684
m6_low15-25_close45-65_green,NO,65,301,54.37541528239203,8.0,0.8305647840531561,0.8365448504983388,-0.3887043189368784,-2.394736842105265,"-2.39,-1.81,-0.89,3.57",6,10,-5.687500000000002,-0.2044850498339934,-13.00057097534765,-2.0788928134324762,20.55481727574751
m6_low15-25_close45-65_green,NO,70,301,54.37541528239203,8.0,0.8006644518272426,0.7767916468913146,1.6710963455149495,-1.144736842105265,"-1.14,0.39,1.37,6.11",6,10,-5.181818181818183,-0.2044850498339934,-13.00057097534765,-2.0788928134324762,20.55481727574751
m6_low15-25_close45-65_green,NO,75,301,54.37541528239203,8.0,0.7541528239202658,0.7250055370985603,2.1860465116279055,-1.6800000000000015,"1.68,-1.68,1.37,7.37",7,10,-5.218750000000002,-0.2044850498339934,-13.00057097534765,-2.0788928134324762,20.55481727574751
m6_low15-25_close45-65_green,NO,80,301,54.37541528239203,8.0,0.6976744186046512,0.6796926910299004,1.4385382059800658,-2.413333333333335,"3.33,-2.41,-2.36,7.17",5,10,-5.2962962962962985,-0.2044850498339934,-13.00057097534765,-2.0788928134324762,20.55481727574751
m6_low15-25_close45-65_green,NO,85,301,54.37541528239203,8.0,0.6644518272425249,0.6397107680281415,2.1029900332225906,-2.546666666666668,"1.36,-2.55,-0.23,9.84",4,10,-4.625000000000003,-0.2044850498339934,-13.00057097534765,-2.0788928134324762,20.55481727574751
m6_low15-25_close45-65_green,YES,65,315,53.64126984126984,8.0,0.819047619047619,0.8252503052503052,-0.403174603174603,-2.7848101265822782,"-2.78,1.51,-1.42,1.08",5,10,-6.8108108108108105,-2.065999999999818,-16.434652427224314,-2.6175253819887683,21.012698412698413
m6_low15-25_close45-65_green,YES,70,315,53.64126984126984,8.0,0.7841269841269841,0.7663038548752834,1.2476190476190476,-1.5189873417721516,"-1.52,2.20,0.69,3.61",5,10,-3.2972972972972974,-2.065999999999818,-16.434652427224314,-2.6175253819887683,21.012698412698413
m6_low15-25_close45-65_green,YES,75,315,53.64126984126984,8.0,0.7333333333333333,0.7152169312169312,1.3587301587301588,-1.5822784810126578,"-1.58,4.29,0.63,2.09",7,10,-2.7333333333333334,-2.065999999999818,-16.434652427224314,-2.6175253819887683,21.012698412698413
m6_low15-25_close45-65_green,YES,80,315,53.64126984126984,8.0,0.692063492063492,0.670515873015873,1.723809523809524,0.05128205128205128,"0.89,4.10,0.05,1.84",7,10,-2.7567567567567566,-2.065999999999818,-16.434652427224314,-2.6175253819887683,21.012698412698413
m6_low15-25_close45-65_green,YES,85,315,53.64126984126984,8.0,0.6476190476190476,0.6310737628384687,1.4063492063492065,3.5976847380258237e-16,"0.00,2.33,2.23,1.08",6,10,-1.945945945945946,-2.065999999999818,-16.434652427224314,-2.6175253819887683,21.012698412698413
m6_low15-25_close50-70_green,NO,65,301,58.647840531561464,8.0,0.8870431893687708,0.9022744697163302,-0.9900332225913634,-2.6933333333333347,"-2.21,-2.69,0.20,0.76",4,10,-7.645161290322583,5.477973421926871,-5.988912278068182,-2.464617904234224,20.428571428571427
m6_low15-25_close50-70_green,NO,70,301,58.647840531561464,8.0,0.8637873754152824,0.8378262933080209,1.8172757475083048,0.28947368421052494,"0.29,0.64,2.87,3.49",8,10,-3.774193548387099,5.477973421926871,-5.988912278068182,-2.464617904234224,20.428571428571427
m6_low15-25_close50-70_green,NO,75,301,58.647840531561464,8.0,0.813953488372093,0.7819712070874861,2.398671096345514,-0.16000000000000142,"0.55,-0.16,4.27,4.96",7,10,-4.74193548387097,5.477973421926871,-5.988912278068182,-2.464617904234224,20.428571428571427
m6_low15-25_close50-70_green,NO,80,301,58.647840531561464,8.0,0.7641196013289037,0.7330980066445183,2.48172757475083,1.3421052631578931,"1.34,1.57,3.13,3.89",9,10,-1.1935483870967765,5.477973421926871,-5.988912278068182,-2.464617904234224,20.428571428571427
m6_low15-25_close50-70_green,NO,85,301,58.647840531561464,8.0,0.7242524916943521,0.6899745944889584,2.913621262458471,-0.5000000000000014,"-0.50,0.77,5.87,5.56",7,10,-4.15,5.477973421926871,-5.988912278068182,-2.464617904234224,20.428571428571427
m6_low15-25_close50-70_green,YES,65,310,58.70322580645161,8.0,0.8935483870967742,0.9031265508684864,-0.6225806451612902,-1.5512820512820507,"-1.55,-0.81,-0.23,0.10",3,10,-5.823529411764706,4.63270967741947,-14.24848614013965,-3.847672654327424,21.061290322580646
m6_low15-25_close50-70_green,YES,70,310,58.70322580645161,8.0,0.8451612903225807,0.8386175115207374,0.45806451612903226,-1.615384615384615,"-1.62,-0.87,1.45,2.86",6,10,-4.475,4.63270967741947,-14.24848614013965,-3.847672654327424,21.061290322580646
m6_low15-25_close50-70_green,YES,75,310,58.70322580645161,8.0,0.7935483870967742,0.7827096774193548,0.8129032258064516,-2.3205128205128203,"-2.32,1.34,2.75,1.51",6,10,-3.7333333333333334,4.63270967741947,-14.24848614013965,-3.847672654327424,21.061290322580646
m6_low15-25_close50-70_green,YES,80,310,58.70322580645161,8.0,0.7580645161290323,0.7337903225806451,1.9419354838709677,0.43589743589743624,"0.44,1.21,2.62,3.50",7,10,-3.3235294117647056,4.63270967741947,-14.24848614013965,-3.847672654327424,21.061290322580646
m6_low15-25_close50-70_green,YES,85,310,58.70322580645161,8.0,0.7225806451612903,0.6906261859582543,2.7161290322580647,0.5584415584415582,"0.88,0.56,5.29,4.14",7,10,-2.4411764705882355,4.63270967741947,-14.24848614013965,-3.847672654327424,21.061290322580646
m6_low20-30_close35-55_green,NO,65,310,44.30967741935484,7.0,0.6387096774193548,0.6816873449131514,-2.793548387096774,-8.051282051282051,"-8.05,0.53,-2.65,-0.96",2,10,-11.233333333333333,-14.488193548387086,1.8123517539178964,4.015268720874977,24.893548387096775
m6_low20-30_close35-55_green,NO,70,310,44.30967741935484,7.0,0.6258064516129033,0.6329953917050691,-0.5032258064516129,-6.128205128205129,"-6.13,3.06,-0.38,1.47",6,10,-8.566666666666666,-14.488193548387086,1.8123517539178964,4.015268720874977,24.893548387096775
m6_low20-30_close35-55_green,NO,75,310,44.30967741935484,7.0,0.5870967741935483,0.5907956989247313,-0.27741935483870966,-5.294871794871795,"-5.29,2.55,-1.16,2.82",7,10,-8.4,-14.488193548387086,1.8123517539178964,4.015268720874977,24.893548387096775
m6_low20-30_close35-55_green,NO,80,310,44.30967741935484,7.0,0.5387096774193548,0.5538709677419356,-1.2129032258064516,-5.743589743589744,"-5.74,2.55,-4.53,2.88",5,10,-11.233333333333333,-14.488193548387086,1.8123517539178964,4.015268720874977,24.893548387096775
m6_low20-30_close35-55_green,NO,85,310,44.30967741935484,7.0,0.5225806451612903,0.5212903225806452,0.10967741935483871,-4.397435897435898,"-4.40,2.16,-3.17,5.83",6,10,-11.9,-14.488193548387086,1.8123517539178964,4.015268720874977,24.893548387096775
m6_low20-30_close35-55_green,YES,65,395,44.448101265822785,7.0,0.6658227848101266,0.6838169425511198,-1.169620253164557,-2.404040404040404,"-1.88,0.28,-0.67,-2.40",2,10,-7.783783783783784,-13.23065822784779,9.627532538974435,6.316680688116349,25.531645569620252
m6_low20-30_close35-55_green,YES,70,395,44.448101265822785,7.0,0.6278481012658228,0.6349728752260398,-0.49873417721518987,-2.357142857142857,"-2.13,2.35,-2.36,0.12",1,10,-6.837837837837838,-13.23065822784779,9.627532538974435,6.316680688116349,25.531645569620252
m6_low20-30_close35-55_green,YES,75,395,44.448101265822785,7.0,0.5746835443037974,0.5926413502109704,-1.3468354430379748,-3.989795918367347,"-0.62,1.19,-3.99,-2.00",4,10,-8.615384615384615,-13.23065822784779,9.627532538974435,6.316680688116349,25.531645569620252
m6_low20-30_close35-55_green,YES,80,395,44.448101265822785,7.0,0.5417721518987342,0.5556012658227848,-1.1063291139240505,-4.6020408163265305,"-1.73,1.85,-4.60,0.02",4,10,-9.384615384615385,-13.23065822784779,9.627532538974435,6.316680688116349,25.531645569620252
m6_low20-30_close35-55_green,YES,85,395,44.448101265822785,7.0,0.5240506329113924,0.5229188384214445,0.09620253164556962,-3.020408163265306,"-0.77,3.92,-3.02,0.22",5,10,-10.538461538461538,-13.23065822784779,9.627532538974435,6.316680688116349,25.531645569620252
m6_low20-30_close40-60_green,NO,65,327,49.20183486238532,7.0,0.7155963302752294,0.7569513055751588,-2.6880733944954143,-7.451219512195124,"-7.45,-3.65,-1.40,1.76",3,10,-10.258064516129034,-7.220091743119337,9.719044942056506,3.9795365363764814,25.02446483180428
m6_low20-30_close40-60_green,NO,70,327,49.20183486238532,7.0,0.7003058103975535,0.7028833551769331,-0.1804281345565763,-5.134146341463416,"-5.13,-0.96,0.58,4.80",6,10,-7.333333333333334,-7.220091743119337,9.719044942056506,3.9795365363764814,25.02446483180428
m6_low20-30_close40-60_green,NO,75,327,49.20183486238532,7.0,0.6636085626911316,0.6560244648318042,0.5688073394495402,-4.76829268292683,"-4.77,-0.23,0.46,6.82",6,10,-7.000000000000001,-7.220091743119337,9.719044942056506,3.9795365363764814,25.02446483180428
m6_low20-30_close40-60_green,NO,80,327,49.20183486238532,7.0,0.6055045871559633,0.6150229357798165,-0.7614678899082575,-5.743902439024391,"-5.74,-1.82,-3.12,7.61",4,10,-11.38709677419355,-7.220091743119337,9.719044942056506,3.9795365363764814,25.02446483180428
m6_low20-30_close40-60_green,NO,85,327,49.20183486238532,7.0,0.581039755351682,0.5788451160280625,0.18654434250764457,-5.134146341463416,"-5.13,-2.98,-2.32,11.15",5,10,-14.451612903225808,-7.220091743119337,9.719044942056506,3.9795365363764814,25.02446483180428
m6_low20-30_close40-60_green,YES,65,397,48.848866498740556,7.0,0.7279596977329975,0.751521023057547,-1.5314861460957179,-3.4600000000000004,"-3.46,-1.51,0.10,-1.24",3,10,-8.756097560975608,-7.0439042821157045,18.88723463260313,7.804429675980202,25.624685138539043
m6_low20-30_close40-60_green,YES,70,397,48.848866498740556,7.0,0.6926952141057935,0.697840949982008,-0.3602015113350126,-3.5100000000000007,"-3.51,0.82,-1.11,2.39",4,10,-7.292682926829267,-7.0439042821157045,18.88723463260313,7.804429675980202,25.624685138539043
m6_low20-30_close40-60_green,YES,75,397,48.848866498740556,7.0,0.6372795969773299,0.6513182199832074,-1.0528967254408061,-3.0303030303030303,"-2.56,-0.85,-3.03,2.24",3,10,-11.069767441860465,-7.0439042821157045,18.88723463260313,7.804429675980202,25.624685138539043
m6_low20-30_close40-60_green,YES,80,397,48.848866498740556,7.0,0.5994962216624685,0.610610831234257,-0.889168765743073,-4.3100000000000005,"-4.31,0.01,-3.23,4.01",4,10,-12.116279069767442,-7.0439042821157045,18.88723463260313,7.804429675980202,25.624685138539043
m6_low20-30_close40-60_green,YES,85,397,48.848866498740556,7.0,0.5717884130982368,0.5746925470440065,-0.24685138539042822,-4.960000000000001,"-4.96,3.14,-2.12,3.00",4,10,-9.674418604651162,-7.0439042821157045,18.88723463260313,7.804429675980202,25.624685138539043
m6_low20-30_close45-65_green,NO,65,327,54.703363914373085,7.0,0.8012232415902141,0.8415902140672782,-2.6238532110091755,-7.195121951219513,"-7.20,-3.22,0.15,-0.20",4,10,-11.258064516129032,0.6290214067278359,5.947088374503064,0.6174389736781883,25.152905198776757
m6_low20-30_close45-65_green,NO,70,327,54.703363914373085,7.0,0.7828746177370031,0.7814766273481869,0.09785932721712434,-5.243902439024391,"-5.24,-0.05,2.62,3.10",5,10,-10.129032258064516,0.6290214067278359,5.947088374503064,0.6174389736781883,25.152905198776757
m6_low20-30_close45-65_green,NO,75,327,54.703363914373085,7.0,0.7492354740061162,0.7293781855249745,1.489296636085626,-4.451219512195124,"-4.45,1.17,2.99,6.27",5,10,-8.548387096774196,0.6290214067278359,5.947088374503064,0.6174389736781883,25.152905198776757
m6_low20-30_close45-65_green,NO,80,327,54.703363914373085,7.0,0.6880733944954128,0.6837920489296636,0.34250764525993815,-5.000000000000002,"-5.00,0.07,-2.07,8.34",4,10,-13.225806451612906,0.6290214067278359,5.947088374503064,0.6174389736781883,25.152905198776757
m6_low20-30_close45-65_green,NO,85,327,54.703363914373085,7.0,0.6574923547400612,0.6435689872279187,1.1834862385321097,-5.000000000000002,"-5.00,-1.63,-0.90,12.24",5,10,-18.870967741935484,0.6290214067278359,5.947088374503064,0.6174389736781883,25.152905198776757
m6_low20-30_close45-65_green,YES,65,416,53.89663461538461,8.0,0.8100961538461539,0.8291789940828402,-1.2403846153846154,-4.846153846153846,"-2.21,-0.57,-4.85,2.66",4,10,-7.0227272727272725,-3.1222836538461425,26.33390810785907,8.232983872157337,25.71875
m6_low20-30_close45-65_green,YES,70,416,53.89663461538461,8.0,0.7644230769230769,0.7699519230769231,-0.3870192307692308,-5.134615384615385,"-2.31,0.87,-5.13,5.02",4,10,-7.142857142857143,-3.1222836538461425,26.33390810785907,8.232983872157337,25.71875
m6_low20-30_close45-65_green,YES,75,416,53.89663461538461,8.0,0.7091346153846154,0.7186217948717949,-0.7115384615384616,-5.278846153846154,"-1.54,-0.23,-5.28,4.20",4,10,-11.428571428571429,-3.1222836538461425,26.33390810785907,8.232983872157337,25.71875
m6_low20-30_close45-65_green,YES,80,416,53.89663461538461,8.0,0.6634615384615384,0.6737079326923077,-0.8197115384615384,-5.903846153846154,"-2.69,-0.47,-5.90,5.79",5,10,-15.10204081632653,-3.1222836538461425,26.33390810785907,8.232983872157337,25.71875
m6_low20-30_close45-65_green,YES,85,416,53.89663461538461,8.0,0.6274038461538461,0.6340780542986425,-0.5673076923076923,-4.5576923076923075,"-2.79,-0.38,-4.56,5.45",6,10,-14.387755102040817,-3.1222836538461425,26.33390810785907,8.232983872157337,25.71875
m6_low20-30_close50-70_green,NO,65,347,59.34870317002882,7.0,0.8703170028818443,0.9130569718465972,-2.7780979827089345,-7.35632183908046,"-7.36,-3.32,-1.10,0.69",4,10,-10.647058823529413,6.39922190201733,8.88660416111669,-0.2402477690627378,25.386167146974064
m6_low20-30_close50-70_green,NO,70,347,59.34870317002882,7.0,0.8386167146974063,0.8478386167146974,-0.6455331412103754,-6.551724137931035,"-6.55,0.18,0.17,3.62",6,10,-11.088235294117649,6.39922190201733,8.88660416111669,-0.2402477690627378,25.386167146974064
m6_low20-30_close50-70_green,NO,75,347,59.34870317002882,7.0,0.792507204610951,0.7913160422670509,0.08933717579250622,-7.068965517241379,"-7.07,0.99,1.86,4.60",5,10,-12.11764705882353,6.39922190201733,8.88660416111669,-0.2402477690627378,25.386167146974064
m6_low20-30_close50-70_green,NO,80,347,59.34870317002882,7.0,0.7406340057636888,0.7418587896253602,-0.09798270893371856,-7.241379310344827,"-7.24,1.33,0.41,5.11",7,10,-16.08823529411765,6.39922190201733,8.88660416111669,-0.2402477690627378,25.386167146974064
m6_low20-30_close50-70_green,NO,85,347,59.34870317002882,7.0,0.7118155619596542,0.6982200372944567,1.1556195965417861,-6.896551724137931,"-6.90,0.24,3.20,8.10",7,10,-18.441176470588236,6.39922190201733,8.88660416111669,-0.2402477690627378,25.386167146974064
m6_low20-30_close50-70_green,YES,65,416,58.59134615384615,8.0,0.8798076923076923,0.9014053254437869,-1.4038461538461542,-4.711538461538462,"-0.13,-0.98,-4.71,0.20",4,10,-7.086956521739131,2.482692307692332,24.37425380166963,6.42657389777,25.83653846153846
m6_low20-30_close50-70_green,YES,70,416,58.59134615384615,8.0,0.8221153846153846,0.8370192307692308,-1.0432692307692308,-5.288461538461538,"-0.32,0.08,-5.29,1.36",4,10,-7.434782608695652,2.482692307692332,24.37425380166963,6.42657389777,25.83653846153846
m6_low20-30_close50-70_green,YES,75,416,58.59134615384615,8.0,0.7644230769230769,0.7812179487179487,-1.2596153846153846,-5.096153846153846,"0.26,-2.23,-5.10,2.03",3,10,-10.369565217391305,2.482692307692332,24.37425380166963,6.42657389777,25.83653846153846
m6_low20-30_close50-70_green,YES,80,416,58.59134615384615,8.0,0.7235576923076923,0.7323918269230769,-0.7067307692307693,-5.384615384615385,"0.36,-2.33,-5.38,4.53",6,10,-14.173913043478262,2.482692307692332,24.37425380166963,6.42657389777,25.83653846153846
m6_low20-30_close50-70_green,YES,85,416,58.59134615384615,8.0,0.6899038461538461,0.6893099547511312,0.05048076923076923,-3.701923076923077,"0.79,-2.09,-3.70,5.20",6,10,-13.304347826086957,2.482692307692332,24.37425380166963,6.42657389777,25.83653846153846
m6_low25-35_close35-55_green,NO,65,317,45.28706624605678,7.0,0.6088328075709779,0.6967240960931812,-5.712933753943218,-9.164556962025317,"-3.73,-2.04,-9.16,-7.95",2,10,-10.538461538461538,-14.609558359621346,-5.710964795673623,-0.7097803883716379,30.031545741324923
m6_low25-35_close35-55_green,NO,70,317,45.28706624605678,7.0,0.5772870662460567,0.6469580892293826,-4.8769716088328074,-9.037974683544304,"-1.41,-0.39,-9.04,-8.71",2,10,-9.80952380952381,-14.609558359621346,-5.710964795673623,-0.7097803883716379,30.031545741324923
m6_low25-35_close35-55_green,NO,75,317,45.28706624605678,7.0,0.526813880126183,0.6038275499474237,-5.7760252365930596,-12.139240506329115,"-1.10,-1.85,-12.14,-8.08",2,10,-13.142857142857142,-14.609558359621346,-5.710964795673623,-0.7097803883716379,30.031545741324923
m6_low25-35_close35-55_green,NO,80,317,45.28706624605678,7.0,0.5047318611987381,0.5660883280757097,-4.908517350157728,-9.924050632911392,"-2.16,-0.90,-9.92,-6.68",2,10,-13.857142857142858,-14.609558359621346,-5.710964795673623,-0.7097803883716379,30.031545741324923
m6_low25-35_close35-55_green,NO,85,317,45.28706624605678,7.0,0.48580441640378547,0.5327890146594916,-3.993690851735016,-8.784810126582279,"-2.66,0.87,-8.78,-5.42",2,10,-14.272727272727273,-14.609558359621346,-5.710964795673623,-0.7097803883716379,30.031545741324923
m6_low25-35_close35-55_green,YES,65,339,44.92920353982301,7.0,0.6637168141592921,0.691218515997277,-1.7876106194690264,-3.152941176470588,"-2.14,-3.15,-1.65,-0.20",2,10,-5.1,-13.074306784660624,18.92984314068496,7.899456132658592,29.666666666666668
m6_low25-35_close35-55_green,YES,70,339,44.92920353982301,7.0,0.6194690265486725,0.6418457648546144,-1.5663716814159292,-3.7294117647058824,"-3.73,-3.21,-2.49,3.15",4,10,-9.735294117647058,-13.074306784660624,18.92984314068496,7.899456132658592,29.666666666666668
m6_low25-35_close35-55_green,YES,75,339,44.92920353982301,7.0,0.5663716814159292,0.59905604719764,-2.4513274336283186,-7.270588235294118,"-1.61,-7.27,-3.02,2.09",4,10,-15.725,-13.074306784660624,18.92984314068496,7.899456132658592,29.666666666666668
m6_low25-35_close35-55_green,YES,80,339,44.92920353982301,7.0,0.5309734513274337,0.5616150442477876,-2.4513274336283186,-7.564705882352941,"-4.32,-7.56,-2.13,4.21",3,10,-18.0,-13.074306784660624,18.92984314068496,7.899456132658592,29.666666666666668
m6_low25-35_close35-55_green,YES,85,339,44.92920353982301,7.0,0.5221238938053098,0.5285788651743883,-0.5486725663716814,-5.211764705882353,"-2.73,-5.21,-0.46,6.21",5,10,-16.333333333333332,-13.074306784660624,18.92984314068496,7.899456132658592,29.666666666666668
m6_low25-35_close40-60_green,NO,65,360,49.797222222222224,7.0,0.6888888888888889,0.7661111111111112,-5.019444444444446,-7.611111111111113,"-3.08,-3.76,-7.61,-5.63",3,10,-9.923076923076925,-6.761499999999917,3.6910531197173544,-0.3942239451460207,30.15277777777778
m6_low25-35_close40-60_green,NO,70,360,49.797222222222224,7.0,0.6611111111111111,0.711388888888889,-3.5194444444444453,-6.66666666666667,"-1.08,-0.92,-6.67,-5.41",2,10,-9.53846153846154,-6.761499999999917,3.6910531197173544,-0.3942239451460207,30.15277777777778
m6_low25-35_close40-60_green,NO,75,360,49.797222222222224,7.0,0.6111111111111112,0.663962962962963,-3.9638888888888903,-8.555555555555559,"-1.80,-0.70,-8.56,-4.80",2,10,-9.676470588235295,-6.761499999999917,3.6910531197173544,-0.3942239451460207,30.15277777777778
m6_low25-35_close40-60_green,NO,80,360,49.797222222222224,7.0,0.5777777777777777,0.6224652777777778,-3.5750000000000006,-6.66666666666667,"-3.97,-0.03,-6.67,-3.63",2,10,-10.516129032258064,-6.761499999999917,3.6910531197173544,-0.3942239451460207,30.15277777777778
m6_low25-35_close40-60_green,NO,85,360,49.797222222222224,7.0,0.55,0.5858496732026144,-3.0472222222222234,-6.77777777777778,"-4.91,1.24,-6.78,-1.74",2,10,-13.580645161290322,-6.761499999999917,3.6910531197173544,-0.3942239451460207,30.15277777777778
m6_low25-35_close40-60_green,YES,65,372,49.19892473118279,7.0,0.728494623655914,0.7569065343258892,-1.846774193548387,-3.3978494623655915,"-3.03,-3.40,-0.90,-0.05",3,10,-9.024390243902438,-7.913064516128885,22.85707197772031,7.9123974912862485,29.919354838709676
m6_low25-35_close40-60_green,YES,70,372,49.19892473118279,7.0,0.6854838709677419,0.7028417818740399,-1.2150537634408602,-4.000000000000001,"-4.00,-2.86,-1.66,3.66",5,10,-12.682926829268293,-7.913064516128885,22.85707197772031,7.9123974912862485,29.919354838709676
m6_low25-35_close40-60_green,YES,75,372,49.19892473118279,7.0,0.6263440860215054,0.6559856630824372,-2.2231182795698925,-8.397849462365592,"-2.39,-8.40,-0.63,2.53",5,10,-22.804878048780488,-7.913064516128885,22.85707197772031,7.9123974912862485,29.919354838709676
m6_low25-35_close40-60_green,YES,80,372,49.19892473118279,7.0,0.5887096774193549,0.614986559139785,-2.1021505376344085,-8.236559139784946,"-6.15,-8.24,0.92,5.05",5,10,-22.926829268292682,-7.913064516128885,22.85707197772031,7.9123974912862485,29.919354838709676
m6_low25-35_close40-60_green,YES,85,372,49.19892473118279,7.0,0.5698924731182796,0.5788108791903858,-0.7580645161290323,-5.655913978494624,"-5.29,-5.66,2.27,5.65",6,10,-21.21951219512195,-7.913064516128885,22.85707197772031,7.9123974912862485,29.919354838709676
m6_low25-35_close45-65_green,NO,65,395,55.16962025316456,7.0,0.7721518987341772,0.848763388510224,-4.979746835443039,-5.171717171717173,"-5.17,-5.12,-5.00,-4.63",0,10,-9.415094339622645,0.13572151898715903,-1.5841769206347946,-1.5235870417377682,30.346835443037975
m6_low25-35_close45-65_green,NO,70,395,55.16962025316456,7.0,0.7341772151898734,0.7881374321880651,-3.7772151898734188,-4.81818181818182,"-2.70,-4.82,-3.27,-4.32",2,10,-9.886792452830191,0.13572151898715903,-1.5841769206347946,-1.5235870417377682,30.346835443037975
m6_low25-35_close45-65_green,NO,75,395,55.16962025316456,7.0,0.6911392405063291,0.7355949367088608,-3.3341772151898748,-5.0202020202020226,"-1.18,-5.02,-4.13,-3.01",2,10,-9.509433962264152,0.13572151898715903,-1.5841769206347946,-1.5235870417377682,30.346835443037975
m6_low25-35_close45-65_green,NO,80,395,55.16962025316456,7.0,0.6506329113924051,0.689620253164557,-3.118987341772153,-4.919191919191921,"-3.20,-4.92,-3.16,-1.19",2,10,-12.515151515151517,0.13572151898715903,-1.5841769206347946,-1.5235870417377682,30.346835443037975
m6_low25-35_close45-65_green,NO,85,395,55.16962025316456,7.0,0.6151898734177215,0.649054355919583,-2.8784810126582285,-5.222222222222224,"-5.07,-5.22,-2.50,1.28",3,10,-17.515151515151516,0.13572151898715903,-1.5841769206347946,-1.5235870417377682,30.346835443037975
m6_low25-35_close45-65_green,YES,65,396,54.148989898989896,7.0,0.8131313131313131,0.833061383061383,-1.2954545454545454,-5.333333333333333,"-3.81,1.44,-5.33,2.52",2,10,-8.064516129032258,-2.5490151515150132,32.96492606005826,9.01477204102522,30.015151515151516
m6_low25-35_close45-65_green,YES,70,396,54.148989898989896,7.0,0.76010101010101,0.7735569985569986,-0.9419191919191919,-6.494949494949495,"-4.92,2.25,-6.49,5.39",4,10,-8.52,-2.5490151515150132,32.96492606005826,9.01477204102522,30.015151515151516
m6_low25-35_close45-65_green,YES,75,396,54.148989898989896,7.0,0.6994949494949495,0.721986531986532,-1.6868686868686869,-6.090909090909091,"-2.95,-2.75,-6.09,5.04",6,10,-17.22,-2.5490151515150132,32.96492606005826,9.01477204102522,30.015151515151516
m6_low25-35_close45-65_green,YES,80,396,54.148989898989896,7.0,0.6565656565656566,0.6768623737373737,-1.6237373737373737,-5.222222222222223,"-5.22,-4.11,-4.47,7.31",6,10,-21.12,-2.5490151515150132,32.96492606005826,9.01477204102522,30.015151515151516
m6_low25-35_close45-65_green,YES,85,396,54.148989898989896,7.0,0.6237373737373737,0.6370469399881165,-1.1313131313131313,-4.767676767676768,"-4.77,-3.51,-3.92,7.67",6,10,-19.02,-2.5490151515150132,32.96492606005826,9.01477204102522,30.015151515151516
m6_low25-35_close50-70_green,NO,65,461,59.84381778741866,7.0,0.8590021691973969,0.9206741198064409,-4.008676789587853,-4.637931034482759,"-4.64,-4.48,-4.01,-2.90",1,10,-6.457142857142857,5.39542299349222,-0.11520761276770233,-2.580999576653994,30.401301518438178
m6_low25-35_close50-70_green,NO,70,461,59.84381778741866,7.0,0.8004338394793926,0.8549116826774094,-3.813449023861172,-5.198275862068965,"-5.20,-5.13,-3.31,-1.60",2,10,-9.568181818181818,5.39542299349222,-0.11520761276770233,-2.580999576653994,30.401301518438178
m6_low25-35_close50-70_green,NO,75,461,59.84381778741866,7.0,0.7527114967462039,0.7979175704989154,-3.3904555314533624,-5.173913043478262,"-3.86,-5.17,-3.14,-1.38",2,10,-9.340909090909092,5.39542299349222,-0.11520761276770233,-2.580999576653994,30.401301518438178
m6_low25-35_close50-70_green,NO,80,461,59.84381778741866,7.0,0.7180043383947939,0.7480477223427332,-2.403470715835141,-4.25,"-4.25,-3.65,-3.49,1.79",3,10,-11.386363636363637,5.39542299349222,-0.11520761276770233,-2.580999576653994,30.401301518438178
m6_low25-35_close50-70_green,NO,85,461,59.84381778741866,7.0,0.6832971800433839,0.7040449151461019,-1.76355748373102,-4.422413793103448,"-4.42,-3.87,-4.36,5.62",4,10,-12.181818181818182,5.39542299349222,-0.11520761276770233,-2.580999576653994,30.401301518438178
m6_low25-35_close50-70_green,YES,65,431,59.129930394431554,7.0,0.8909512761020881,0.9096912368374085,-1.218097447795824,-5.728971962616822,"-2.56,1.31,-5.73,2.06",3,10,-9.052631578947368,3.279512761021104,24.53598718021198,5.665246861052843,30.250580046403712
m6_low25-35_close50-70_green,YES,70,431,59.129930394431554,7.0,0.8259860788863109,0.8447132913490222,-1.3109048723897914,-6.196261682242991,"-2.74,1.44,-6.20,2.20",2,10,-8.18867924528302,3.279512761021104,24.53598718021198,5.665246861052843,30.250580046403712
m6_low25-35_close50-70_green,YES,75,431,59.129930394431554,7.0,0.765661252900232,0.7883990719257541,-1.7053364269141533,-6.616822429906542,"-0.80,-2.54,-6.62,3.08",5,10,-15.924528301886792,3.279512761021104,24.53598718021198,5.665246861052843,30.250580046403712
m6_low25-35_close50-70_green,YES,80,431,59.129930394431554,7.0,0.7215777262180975,0.7391241299303944,-1.4037122969837588,-4.607476635514018,"-2.83,-3.19,-4.61,4.98",6,10,-19.132075471698112,3.279512761021104,24.53598718021198,5.665246861052843,30.250580046403712
m6_low25-35_close50-70_green,YES,85,431,59.129930394431554,7.0,0.691415313225058,0.6956462399344888,-0.35962877030162416,-3.5794392523364484,"-1.68,-2.03,-3.58,5.81",6,10,-16.67924528301887,3.279512761021104,24.53598718021198,5.665246861052843,30.250580046403712
m6_low30-40_close35-55_green,NO,65,251,46.66533864541832,7.0,0.6414342629482072,0.7179282868525896,-4.972111553784861,-11.73015873015873,"5.86,-5.03,-9.05,-11.73",3,10,-11.555555555555555,-16.54195219123488,-22.192378333662223,-3.1473714515440845,33.84860557768924
m6_low30-40_close35-55_green,NO,70,251,46.66533864541832,7.0,0.5776892430278885,0.6666476949345475,-6.227091633466135,-15.777777777777779,"6.57,-7.33,-8.40,-15.78",3,10,-18.384615384615383,-16.54195219123488,-22.192378333662223,-3.1473714515440845,33.84860557768924
m6_low30-40_close35-55_green,NO,75,251,46.66533864541832,7.0,0.5378486055776892,0.6222045152722443,-6.326693227091633,-13.634920634920634,"6.81,-6.86,-11.71,-13.63",2,10,-17.166666666666668,-16.54195219123488,-22.192378333662223,-3.1473714515440845,33.84860557768924
m6_low30-40_close35-55_green,NO,80,251,46.66533864541832,7.0,0.5139442231075697,0.583316733067729,-5.549800796812749,-12.761904761904763,"6.57,-6.70,-9.37,-12.76",2,10,-17.833333333333332,-16.54195219123488,-22.192378333662223,-3.1473714515440845,33.84860557768924
m6_low30-40_close35-55_green,NO,85,251,46.66533864541832,7.0,0.47808764940239046,0.549003984063745,-6.027888446215139,-13.396825396825397,"4.51,-6.86,-8.40,-13.40",1,10,-19.153846153846153,-16.54195219123488,-22.192378333662223,-3.1473714515440845,33.84860557768924
m6_low30-40_close35-55_green,YES,65,209,46.44019138755981,7.0,0.6555023923444976,0.7144644828855355,-3.8325358851674642,-6.038461538461538,"-5.32,0.75,-6.04,-4.69",1,10,-16.307692307692307,-13.073636363635769,21.56197483567844,8.732381661034557,34.5933014354067
m6_low30-40_close35-55_green,YES,70,209,46.44019138755981,7.0,0.6172248803827751,0.6634313055365687,-3.2344497607655502,-7.39622641509434,"-7.40,3.06,-6.90,-1.62",3,10,-19.384615384615383,-13.073636363635769,21.56197483567844,8.732381661034557,34.5933014354067
m6_low30-40_close35-55_green,YES,75,209,46.44019138755981,7.0,0.5598086124401914,0.6192025518341308,-4.454545454545454,-9.788461538461538,"-8.81,2.29,-9.79,-1.42",4,10,-17.46153846153846,-13.073636363635769,21.56197483567844,8.732381661034557,34.5933014354067
m6_low30-40_close35-55_green,YES,80,209,46.44019138755981,7.0,0.5263157894736842,0.5805023923444976,-4.3349282296650715,-12.30188679245283,"-12.30,4.02,-8.83,-0.08",5,10,-23.785714285714285,-13.073636363635769,21.56197483567844,8.732381661034557,34.5933014354067
m6_low30-40_close35-55_green,YES,85,209,46.44019138755981,7.0,0.507177033492823,0.5463551927948213,-3.3301435406698565,-13.339622641509434,"-13.34,3.92,-6.42,2.71",5,10,-28.428571428571427,-13.073636363635769,21.56197483567844,8.732381661034557,34.5933014354067
m6_low30-40_close40-60_green,NO,65,319,50.58934169278997,7.0,0.7147335423197492,0.7782975645044611,-4.131661442006271,-9.250000000000002,"2.75,-2.63,-7.44,-9.25",3,10,-10.081081081081082,-11.000595611285274,-9.284923954211077,-1.5158596094025771,34.19435736677116
m6_low30-40_close40-60_green,NO,70,319,50.58934169278997,7.0,0.6614420062695925,0.722704881325571,-4.288401253918496,-12.250000000000002,"5.12,-3.25,-6.81,-12.25",3,10,-19.0,-11.000595611285274,-9.284923954211077,-1.5158596094025771,34.19435736677116
m6_low30-40_close40-60_green,NO,75,319,50.58934169278997,7.0,0.6175548589341693,0.6745245559038663,-4.2727272727272725,-11.437500000000002,"6.31,-3.56,-8.46,-11.44",3,10,-16.916666666666668,-11.000595611285274,-9.284923954211077,-1.5158596094025771,34.19435736677116
m6_low30-40_close40-60_green,NO,80,319,50.58934169278997,7.0,0.5956112852664577,0.6323667711598746,-2.9404388714733547,-9.875000000000002,"6.12,-2.38,-5.67,-9.88",4,10,-14.833333333333334,-11.000595611285274,-9.284923954211077,-1.5158596094025771,34.19435736677116
m6_low30-40_close40-60_green,NO,85,319,50.58934169278997,7.0,0.5517241379310345,0.5951687257975291,-3.6927899686520376,-9.500000000000002,"4.37,-1.44,-8.27,-9.50",3,10,-19.833333333333332,-11.000595611285274,-9.284923954211077,-1.5158596094025771,34.19435736677116
m6_low30-40_close40-60_green,YES,65,268,50.082089552238806,7.0,0.7276119402985075,0.7704936854190585,-2.787313432835821,-7.432835820895522,"-7.43,0.72,-2.39,-2.04",2,10,-9.999999999999998,-11.165522388059243,18.959417687489953,7.13544807544903,34.91044776119403
m6_low30-40_close40-60_green,YES,70,268,50.082089552238806,7.0,0.6791044776119403,0.7154584221748401,-2.544776119402985,-8.328358208955224,"-8.33,1.46,-3.88,0.57",4,10,-14.21052631578947,-11.165522388059243,18.959417687489953,7.13544807544903,34.91044776119403
m6_low30-40_close40-60_green,YES,75,268,50.082089552238806,7.0,0.6119402985074627,0.6677611940298508,-4.186567164179104,-8.701492537313433,"-8.70,-2.72,-3.88,-1.45",3,10,-11.578947368421051,-11.165522388059243,18.959417687489953,7.13544807544903,34.91044776119403
m6_low30-40_close40-60_green,YES,80,268,50.082089552238806,7.0,0.582089552238806,0.626026119402985,-3.514925373134328,-11.91044776119403,"-11.91,-0.78,-1.94,0.57",3,10,-19.842105263157894,-11.165522388059243,18.959417687489953,7.13544807544903,34.91044776119403
m6_low30-40_close40-60_green,YES,85,268,50.082089552238806,7.0,0.5634328358208955,0.5892010535557507,-2.1902985074626864,-12.059701492537313,"-12.06,-0.25,1.12,2.43",4,10,-22.473684210526315,-11.165522388059243,18.959417687489953,7.13544807544903,34.91044776119403
m6_low30-40_close45-65_green,NO,65,383,55.655352480417754,7.0,0.8093994778067886,0.856236192006427,-3.0443864229765025,-7.239583333333335,"1.75,-5.10,-1.57,-7.24",2,10,-8.320000000000002,-4.888955613577255,-10.923542829783704,-1.7729276635981532,34.49608355091384
m6_low30-40_close45-65_green,NO,70,383,55.655352480417754,7.0,0.7362924281984334,0.7950764640059679,-4.114882506527416,-10.104166666666668,"3.31,-7.81,-1.83,-10.10",2,10,-11.75,-4.888955613577255,-10.923542829783704,-1.7729276635981532,34.49608355091384
m6_low30-40_close45-65_green,NO,75,383,55.655352480417754,7.0,0.6919060052219321,0.74207136640557,-3.7624020887728467,-10.000000000000002,"5.24,-8.33,-1.94,-10.00",3,10,-13.3125,-4.888955613577255,-10.923542829783704,-1.7729276635981532,34.49608355091384
m6_low30-40_close45-65_green,NO,80,383,55.655352480417754,7.0,0.6631853785900783,0.6956919060052219,-2.6005221932114884,-8.54166666666667,"6.02,-8.54,-0.04,-7.81",4,10,-10.5,-4.888955613577255,-10.923542829783704,-1.7729276635981532,34.49608355091384
m6_low30-40_close45-65_green,NO,85,383,55.655352480417754,7.0,0.6161879895561357,0.6547688527107971,-3.2793733681462145,-8.281250000000002,"3.73,-8.28,-1.94,-6.61",3,10,-13.0,-4.888955613577255,-10.923542829783704,-1.7729276635981532,34.49608355091384
m6_low30-40_close45-65_green,YES,65,313,55.00638977635783,7.0,0.8083067092651757,0.846252150405505,-2.466453674121406,-7.670886075949367,"-7.67,1.91,-3.44,-0.60",3,10,-8.571428571428571,-5.050926517571474,17.909869335446647,6.170179305937623,35.12460063897763
m6_low30-40_close45-65_green,YES,70,313,55.00638977635783,7.0,0.7412140575079872,0.7858055682336833,-3.121405750798722,-8.430379746835444,"-8.43,1.85,-6.64,0.81",3,10,-12.884615384615385,-5.050926517571474,17.909869335446647,6.170179305937623,35.12460063897763
m6_low30-40_close45-65_green,YES,75,313,55.00638977635783,7.0,0.6773162939297125,0.7334185303514377,-4.207667731629393,-7.0256410256410255,"-6.97,-1.74,-7.03,-1.05",4,10,-16.93548387096774,-5.050926517571474,17.909869335446647,6.170179305937623,35.12460063897763
m6_low30-40_close45-65_green,YES,80,313,55.00638977635783,7.0,0.6421725239616614,0.6875798722044728,-3.63258785942492,-7.7974683544303796,"-7.80,-1.23,-6.90,1.45",4,10,-17.096774193548388,-5.050926517571474,17.909869335446647,6.170179305937623,35.12460063897763
m6_low30-40_close45-65_green,YES,85,313,55.00638977635783,7.0,0.610223642172524,0.6471339973689156,-3.137380191693291,-6.974683544303797,"-6.97,-3.28,-4.97,2.73",4,10,-18.571428571428573,-5.050926517571474,17.909869335446647,6.170179305937623,35.12460063897763
m6_low30-40_close50-70_green,NO,65,472,59.815677966101696,7.0,0.8728813559322034,0.9202411994784876,-3.078389830508475,-5.364406779661017,"-0.42,-5.36,-2.53,-4.01",2,10,-7.53225806451613,-0.044745762712132015,-8.105030099645296,-2.523791721451682,34.69491525423729
m6_low30-40_close50-70_green,NO,70,472,59.815677966101696,7.0,0.7902542372881356,0.8545096852300242,-4.497881355932203,-9.559322033898304,"-1.14,-9.56,-2.23,-5.07",2,10,-12.612903225806452,-0.044745762712132015,-8.105030099645296,-2.523791721451682,34.69491525423729
m6_low30-40_close50-70_green,NO,75,472,59.815677966101696,7.0,0.7478813559322034,0.797542372881356,-3.7245762711864407,-8.584745762711865,"1.19,-8.58,-3.16,-4.35",2,10,-11.725806451612904,-0.044745762712132015,-8.105030099645296,-2.523791721451682,34.69491525423729
m6_low30-40_close50-70_green,NO,80,472,59.815677966101696,7.0,0.7161016949152542,0.7476959745762712,-2.527542372881356,-9.305084745762711,"3.27,-9.31,-3.42,-0.66",3,10,-9.870967741935484,-0.044745762712132015,-8.105030099645296,-2.523791721451682,34.69491525423729
m6_low30-40_close50-70_green,NO,85,472,59.815677966101696,7.0,0.6673728813559322,0.7037138584247258,-3.0889830508474576,-9.813559322033898,"2.21,-9.81,-5.62,0.86",4,10,-12.290322580645162,-0.044745762712132015,-8.105030099645296,-2.523791721451682,34.69491525423729
m6_low30-40_close50-70_green,YES,65,360,59.93611111111111,7.0,0.8888888888888888,0.9220940170940171,-2.158333333333333,-6.233333333333333,"-6.23,-0.47,-1.21,-0.72",3,10,-6.875000000000002,0.7455555555560245,13.841691020360425,4.042949561067084,35.09166666666667
m6_low30-40_close50-70_green,YES,70,360,59.93611111111111,7.0,0.8083333333333333,0.8562301587301587,-3.352777777777778,-6.733333333333333,"-6.73,-2.08,-3.71,-0.89",3,10,-10.78125,0.7455555555560245,13.841691020360425,4.042949561067084,35.09166666666667
m6_low30-40_close50-70_green,YES,75,360,59.93611111111111,7.0,0.7472222222222222,0.7991481481481482,-3.8944444444444444,-5.544444444444444,"-5.40,-2.08,-5.54,-2.56",3,10,-12.311111111111112,0.7455555555560245,13.841691020360425,4.042949561067084,35.09166666666667
m6_low30-40_close50-70_green,YES,80,360,59.93611111111111,7.0,0.7027777777777777,0.7492013888888889,-3.713888888888889,-7.066666666666666,"-7.07,-0.86,-6.38,-0.56",3,10,-13.59375,0.7455555555560245,13.841691020360425,4.042949561067084,35.09166666666667
m6_low30-40_close50-70_green,YES,85,360,59.93611111111111,7.0,0.6638888888888889,0.7051307189542484,-3.5055555555555555,-7.511111111111111,"-7.51,-0.91,-6.82,1.22",4,10,-15.26923076923077,0.7455555555560245,13.841691020360425,4.042949561067084,35.09166666666667
