rule,side,btc_ret_bin,ema15_bin,ema15_slope_bin,target_c,trades,avg_entry_c,median_entry_minute,hit_rate,breakeven_hit_rate,avg_pnl_c,min_quartile_ev_c,quartile_ev_c,positive_weeks,weeks,min_week_ev_c,avg_signed_btc_ret_window,avg_signed_dist_ema21_15m,avg_signed_ema21_slope_15m,avg_early_low_c
m5_low0-20_close35-55_green,YES,flat,below50-150,slope_flat,65,20,42.2,6.0,0.65,0.6492307692307693,0.05,-4.8,"-4.80,-3.60,11.00,-2.40",3,7,-41.0,0.02199999999902502,-82.97911304897062,-16.39335341921578,17.25
m5_low0-20_close35-55_green,YES,flat,below50-150,slope_flat,70,20,42.2,6.0,0.65,0.6028571428571429,3.3,-1.8,"-1.80,-0.60,15.00,0.60",3,7,-41.0,0.02199999999902502,-82.97911304897062,-16.39335341921578,17.25
m5_low0-20_close35-55_green,YES,flat,below50-150,slope_flat,75,20,42.2,6.0,0.65,0.5626666666666668,6.55,1.2,"1.20,2.40,19.00,3.60",3,7,-41.0,0.02199999999902502,-82.97911304897062,-16.39335341921578,17.25
m5_low0-20_close35-55_green,YES,flat,below50-150,slope_flat,80,20,42.2,6.0,0.6,0.5275000000000001,5.8,-9.4,"4.20,5.40,23.00,-9.40",3,7,-41.0,0.02199999999902502,-82.97911304897062,-16.39335341921578,17.25
m5_low0-20_close35-55_green,YES,flat,below50-150,slope_flat,85,20,42.2,6.0,0.6,0.49647058823529416,8.8,-7.4,"7.20,8.40,27.00,-7.40",3,7,-41.0,0.02199999999902502,-82.97911304897062,-16.39335341921578,17.25
m5_low15-25_close35-55_green,NO,flat,below0-50,slope_flat,65,26,42.84615384615385,6.0,0.6153846153846154,0.6591715976331362,-2.8461538461538463,-9.000000000000002,"-7.00,12.67,-9.00,-6.71",5,10,-26.5,-4.206153846154148,-26.680093394244558,-5.244234375027959,20.923076923076923
m5_low15-25_close35-55_green,NO,flat,below0-50,slope_flat,70,26,42.84615384615385,6.0,0.5769230769230769,0.6120879120879121,-2.4615384615384617,-6.500000000000001,"-4.14,5.17,-6.50,-3.86",4,10,-25.25,-4.206153846154148,-26.680093394244558,-5.244234375027959,20.923076923076923
m5_low15-25_close35-55_green,NO,flat,below0-50,slope_flat,75,26,42.84615384615385,6.0,0.46153846153846156,0.5712820512820513,-8.23076923076923,-22.714285714285715,"-22.71,8.50,-4.00,-11.71",3,10,-46.0,-4.206153846154148,-26.680093394244558,-5.244234375027959,20.923076923076923
m5_low15-25_close35-55_green,NO,flat,below0-50,slope_flat,80,26,42.84615384615385,6.0,0.4230769230769231,0.5355769230769231,-9.0,-21.285714285714285,"-21.29,11.83,-1.50,-21.00",3,10,-46.0,-4.206153846154148,-26.680093394244558,-5.244234375027959,20.923076923076923
m5_low15-25_close35-55_green,NO,flat,below0-50,slope_flat,85,26,42.84615384615385,6.0,0.4230769230769231,0.5040723981900452,-6.884615384615385,-19.857142857142858,"-19.86,15.17,1.00,-19.57",3,10,-46.0,-4.206153846154148,-26.680093394244558,-5.244234375027959,20.923076923076923
m5_low15-25_close35-55_green,NO,flat,above0-50,slope_flat,65,31,43.064516129032256,7.0,0.45161290322580644,0.662531017369727,-13.709677419354838,-31.142857142857142,"-13.50,-2.62,-31.14,-9.75",2,9,-41.25,-3.081290322581246,26.029304118106666,7.85051450180899,20.322580645161292
m5_low15-25_close35-55_green,NO,flat,above0-50,slope_flat,70,31,43.064516129032256,7.0,0.45161290322580644,0.6152073732718893,-11.451612903225806,-30.428571428571427,"-11.00,0.50,-30.43,-7.25",2,9,-41.25,-3.081290322581246,26.029304118106666,7.85051450180899,20.322580645161292
m5_low15-25_close35-55_green,NO,flat,above0-50,slope_flat,75,31,43.064516129032256,7.0,0.45161290322580644,0.5741935483870968,-9.193548387096774,-29.714285714285715,"-8.50,3.63,-29.71,-4.75",2,9,-41.25,-3.081290322581246,26.029304118106666,7.85051450180899,20.322580645161292
m5_low15-25_close35-55_green,NO,flat,above0-50,slope_flat,80,31,43.064516129032256,7.0,0.41935483870967744,0.5383064516129032,-9.516129032258064,-40.42857142857143,"-6.00,6.75,-40.43,-2.25",2,9,-41.25,-3.081290322581246,26.029304118106666,7.85051450180899,20.322580645161292
m5_low15-25_close35-55_green,NO,flat,above0-50,slope_flat,85,31,43.064516129032256,7.0,0.41935483870967744,0.5066413662239089,-7.419354838709677,-40.42857142857143,"-3.50,9.88,-40.43,0.25",3,9,-41.25,-3.081290322581246,26.029304118106666,7.85051450180899,20.322580645161292
m5_low15-25_close35-55_green,YES,flat,below50-150,slope_flat,65,25,45.16,7.0,0.76,0.6947692307692307,4.24,-6.285714285714286,"-6.29,6.83,8.67,9.50",6,10,-49.0,-0.6640000000008149,-88.61069429192372,-14.676006610631884,19.84
m5_low15-25_close35-55_green,YES,flat,below50-150,slope_flat,70,25,45.16,7.0,0.76,0.6451428571428571,8.04,-3.4285714285714284,"-3.43,11.00,12.83,13.67",6,10,-49.0,-0.6640000000008149,-88.61069429192372,-14.676006610631884,19.84
m5_low15-25_close35-55_green,YES,flat,below50-150,slope_flat,75,25,45.16,7.0,0.72,0.6021333333333333,8.84,-0.5714285714285714,"-0.57,15.17,4.50,17.83",6,10,-49.0,-0.6640000000008149,-88.61069429192372,-14.676006610631884,19.84
m5_low15-25_close35-55_green,YES,flat,below50-150,slope_flat,80,25,45.16,7.0,0.64,0.5645,6.04,-9.142857142857142,"-9.14,19.33,7.83,8.67",7,10,-49.0,-0.6640000000008149,-88.61069429192372,-14.676006610631884,19.84
m5_low15-25_close35-55_green,YES,flat,below50-150,slope_flat,85,25,45.16,7.0,0.64,0.5312941176470588,9.24,-7.0,"-7.00,23.50,11.17,12.00",7,10,-49.0,-0.6640000000008149,-88.61069429192372,-14.676006610631884,19.84
m5_low15-25_close35-55_green,YES,flat,below0-50,slope_flat,65,25,43.88,6.0,0.52,0.6750769230769231,-10.08,-20.666666666666668,"-18.57,9.00,-8.67,-20.67",3,9,-54.0,0.5308000000010361,-23.25257015296258,-5.356235520635964,20.64
m5_low15-25_close35-55_green,YES,flat,below0-50,slope_flat,70,25,43.88,6.0,0.48,0.6268571428571429,-10.28,-26.428571428571427,"-26.43,13.17,-6.17,-19.00",2,9,-54.0,0.5308000000010361,-23.25257015296258,-5.356235520635964,20.64
m5_low15-25_close35-55_green,YES,flat,below0-50,slope_flat,75,25,43.88,6.0,0.4,0.5850666666666667,-13.88,-25.0,"-25.00,4.83,-16.17,-17.33",1,9,-54.0,0.5308000000010361,-23.25257015296258,-5.356235520635964,20.64
m5_low15-25_close35-55_green,YES,flat,below0-50,slope_flat,80,25,43.88,6.0,0.36,0.5485,-15.08,-27.833333333333332,"-23.57,8.17,-27.83,-15.67",1,9,-54.0,0.5308000000010361,-23.25257015296258,-5.356235520635964,20.64
m5_low15-25_close35-55_green,YES,flat,below0-50,slope_flat,85,25,43.88,6.0,0.36,0.5162352941176471,-13.28,-27.0,"-22.14,11.50,-27.00,-14.00",2,9,-54.0,0.5308000000010361,-23.25257015296258,-5.356235520635964,20.64
m5_low15-25_close35-55_green,YES,flat,above50-150,slope_with25-75,65,21,42.76190476190476,6.0,0.5238095238095238,0.6578754578754579,-8.714285714285714,-30.8,"-11.00,13.20,-5.80,-30.80",4,8,-38.0,0.10285714285800211,95.89155841923292,37.321338693901666,21.333333333333332
m5_low15-25_close35-55_green,YES,flat,above50-150,slope_with25-75,70,21,42.76190476190476,6.0,0.5238095238095238,0.6108843537414965,-6.095238095238095,-29.8,"-8.50,17.20,-2.80,-29.80",4,8,-38.0,0.10285714285800211,95.89155841923292,37.321338693901666,21.333333333333332
m5_low15-25_close35-55_green,YES,flat,above50-150,slope_with25-75,75,21,42.76190476190476,6.0,0.5238095238095238,0.5701587301587301,-3.4761904761904763,-28.8,"-6.00,21.20,0.20,-28.80",4,8,-38.0,0.10285714285800211,95.89155841923292,37.321338693901666,21.333333333333332
m5_low15-25_close35-55_green,YES,flat,above50-150,slope_with25-75,80,21,42.76190476190476,6.0,0.5238095238095238,0.5345238095238095,-0.8571428571428571,-27.8,"-3.50,25.20,3.20,-27.80",4,8,-38.0,0.10285714285800211,95.89155841923292,37.321338693901666,21.333333333333332
m5_low15-25_close35-55_green,YES,flat,above50-150,slope_with25-75,85,21,42.76190476190476,6.0,0.42857142857142855,0.5030812324929972,-6.333333333333333,-26.8,"-15.17,12.20,6.20,-26.80",4,8,-43.0,0.10285714285800211,95.89155841923292,37.321338693901666,21.333333333333332
m5_low15-25_close40-60_green,NO,flat,below0-50,slope_flat,65,23,47.47826086956522,6.0,0.6521739130434783,0.7304347826086957,-5.086956521739131,-16.166666666666668,"-16.17,6.67,-10.40,-1.33",5,10,-27.0,-3.0678260869573695,-25.09330080694243,-4.200024306222432,20.434782608695652
m5_low15-25_close40-60_green,NO,flat,below0-50,slope_flat,70,23,47.47826086956522,6.0,0.6086956521739131,0.6782608695652174,-4.869565217391305,-13.666666666666666,"-13.67,-0.83,-7.40,2.00",4,10,-25.333333333333332,-3.0678260869573695,-25.09330080694243,-4.200024306222432,20.434782608695652
m5_low15-25_close40-60_green,NO,flat,below0-50,slope_flat,75,23,47.47826086956522,6.0,0.4782608695652174,0.6330434782608696,-11.608695652173912,-23.666666666666668,"-23.67,-10.00,-4.40,-7.17",3,10,-46.0,-3.0678260869573695,-25.09330080694243,-4.200024306222432,20.434782608695652
m5_low15-25_close40-60_green,NO,flat,below0-50,slope_flat,80,23,47.47826086956522,6.0,0.43478260869565216,0.5934782608695652,-12.695652173913043,-22.0,"-22.00,-7.50,-1.40,-18.00",3,10,-46.0,-3.0678260869573695,-25.09330080694243,-4.200024306222432,20.434782608695652
m5_low15-25_close40-60_green,NO,flat,below0-50,slope_flat,85,23,47.47826086956522,6.0,0.43478260869565216,0.5585677749360614,-10.521739130434783,-20.333333333333332,"-20.33,-5.00,1.60,-16.33",3,10,-46.0,-3.0678260869573695,-25.09330080694243,-4.200024306222432,20.434782608695652
m5_low15-25_close40-60_green,NO,flat,above0-50,slope_flat,65,28,48.25,7.0,0.6071428571428571,0.7423076923076923,-8.785714285714286,-18.571428571428573,"-3.43,-9.29,-18.57,-3.86",2,9,-44.666666666666664,-0.25035714285747546,29.499492696860866,8.612562796952261,21.107142857142858
m5_low15-25_close40-60_green,NO,flat,above0-50,slope_flat,70,28,48.25,7.0,0.6071428571428571,0.6892857142857143,-5.75,-16.428571428571427,"0.14,-6.43,-16.43,-0.29",2,9,-44.666666666666664,-0.25035714285747546,29.499492696860866,8.612562796952261,21.107142857142858
m5_low15-25_close40-60_green,NO,flat,above0-50,slope_flat,75,28,48.25,7.0,0.6071428571428571,0.6433333333333333,-2.7142857142857144,-14.285714285714286,"3.71,-3.57,-14.29,3.29",5,9,-44.666666666666664,-0.25035714285747546,29.499492696860866,8.612562796952261,21.107142857142858
m5_low15-25_close40-60_green,NO,flat,above0-50,slope_flat,80,28,48.25,7.0,0.5714285714285714,0.603125,-2.5357142857142856,-23.571428571428573,"7.29,-0.71,-23.57,6.86",5,9,-44.666666666666664,-0.25035714285747546,29.499492696860866,8.612562796952261,21.107142857142858
m5_low15-25_close40-60_green,NO,flat,above0-50,slope_flat,85,28,48.25,7.0,0.5714285714285714,0.5676470588235294,0.3214285714285704,-22.142857142857142,"10.86,2.14,-22.14,10.43",5,9,-44.666666666666664,-0.25035714285747546,29.499492696860866,8.612562796952261,21.107142857142858
m5_low15-25_close40-60_green,YES,flat,below50-150,slope_flat,65,23,48.73913043478261,7.0,0.7391304347826086,0.7498327759197324,-0.6956521739130435,-15.666666666666666,"-15.67,6.67,1.00,5.50",5,9,-49.0,-1.8973913043487498,-84.66182229537726,-13.745621005862157,19.608695652173914
m5_low15-25_close40-60_green,YES,flat,below50-150,slope_flat,70,23,48.73913043478261,7.0,0.7391304347826086,0.6962732919254658,3.0,-13.166666666666666,"-13.17,10.83,5.00,9.67",5,9,-49.0,-1.8973913043487498,-84.66182229537726,-13.745621005862157,19.608695652173914
m5_low15-25_close40-60_green,YES,flat,below50-150,slope_flat,75,23,48.73913043478261,7.0,0.6956521739130435,0.6498550724637682,3.4347826086956523,-10.666666666666666,"-10.67,15.00,-6.00,13.83",5,9,-49.0,-1.8973913043487498,-84.66182229537726,-13.745621005862157,19.608695652173914
m5_low15-25_close40-60_green,YES,flat,below50-150,slope_flat,80,23,48.73913043478261,7.0,0.6086956521739131,0.6092391304347826,-0.04347826086956553,-21.5,"-21.50,19.17,-3.00,4.67",5,9,-49.0,-1.8973913043487498,-84.66182229537726,-13.745621005862157,19.608695652173914
m5_low15-25_close40-60_green,YES,flat,below50-150,slope_flat,85,23,48.73913043478261,7.0,0.6086956521739131,0.5734015345268543,3.0,-19.833333333333332,"-19.83,23.33,0.00,8.00",5,9,-49.0,-1.8973913043487498,-84.66182229537726,-13.745621005862157,19.608695652173914
m5_low15-25_close40-60_green,YES,flat,below0-50,slope_flat,65,22,46.95454545454545,7.0,0.5454545454545454,0.7223776223776224,-11.5,-22.5,"-5.00,-21.60,4.00,-22.50",4,10,-54.0,0.8250000000007276,-23.74615676485138,-2.5860797073533335,20.954545454545453
m5_low15-25_close40-60_green,YES,flat,below0-50,slope_flat,70,22,46.95454545454545,7.0,0.5,0.6707792207792208,-11.954545454545455,-20.833333333333332,"-13.33,-19.60,8.00,-20.83",3,10,-54.0,0.8250000000007276,-23.74615676485138,-2.5860797073533335,20.954545454545453
m5_low15-25_close40-60_green,YES,flat,below0-50,slope_flat,75,22,46.95454545454545,7.0,0.45454545454545453,0.6260606060606061,-12.863636363636363,-19.166666666666668,"-10.83,-17.60,-3.00,-19.17",2,10,-54.0,0.8250000000007276,-23.74615676485138,-2.5860797073533335,20.954545454545453
m5_low15-25_close40-60_green,YES,flat,below0-50,slope_flat,80,22,46.95454545454545,7.0,0.45454545454545453,0.5869318181818182,-10.590909090909092,-17.5,"-8.33,-15.60,0.00,-17.50",2,10,-54.0,0.8250000000007276,-23.74615676485138,-2.5860797073533335,20.954545454545453
m5_low15-25_close40-60_green,YES,flat,below0-50,slope_flat,85,22,46.95454545454545,7.0,0.45454545454545453,0.5524064171122994,-8.318181818181818,-15.833333333333334,"-5.83,-13.60,3.00,-15.83",2,10,-54.0,0.8250000000007276,-23.74615676485138,-2.5860797073533335,20.954545454545453
m5_low15-25_close45-65_green,NO,flat,below0-50,slope_flat,65,21,51.857142857142854,7.0,0.7619047619047619,0.7978021978021977,-2.3333333333333335,-18.666666666666668,"-18.67,11.40,-12.00,13.20",7,10,-30.666666666666668,-1.5942857142865596,-27.675877131510962,-5.527731997190304,20.714285714285715
m5_low15-25_close45-65_green,NO,flat,below0-50,slope_flat,70,21,51.857142857142854,7.0,0.7142857142857143,0.7408163265306122,-1.8571428571428572,-16.166666666666668,"-16.17,2.40,-9.00,18.20",6,10,-29.0,-1.5942857142865596,-27.675877131510962,-5.527731997190304,20.714285714285715
m5_low15-25_close45-65_green,NO,flat,below0-50,slope_flat,75,21,51.857142857142854,7.0,0.5714285714285714,0.6914285714285714,-9.0,-26.166666666666668,"-26.17,-8.60,-6.00,8.20",4,10,-46.0,-1.5942857142865596,-27.675877131510962,-5.527731997190304,20.714285714285715
m5_low15-25_close45-65_green,NO,flat,below0-50,slope_flat,80,21,51.857142857142854,7.0,0.5238095238095238,0.6482142857142856,-9.952380952380953,-24.5,"-24.50,-5.60,-3.00,-3.80",3,10,-52.0,-1.5942857142865596,-27.675877131510962,-5.527731997190304,20.714285714285715
m5_low15-25_close45-65_green,NO,flat,below0-50,slope_flat,85,21,51.857142857142854,7.0,0.5238095238095238,0.6100840336134453,-7.333333333333333,-22.833333333333332,"-22.83,-2.60,0.00,-0.80",3,10,-52.0,-1.5942857142865596,-27.675877131510962,-5.527731997190304,20.714285714285715
m5_low15-25_close45-65_green,NO,flat,above0-50,slope_flat,65,20,53.65,7.0,0.8,0.8253846153846154,-1.6500000000000017,-11.600000000000001,"-1.20,-3.00,-11.60,9.20",4,8,-50.0,1.878499999998894,29.19249904651115,8.442192184401573,21.1
m5_low15-25_close45-65_green,NO,flat,above0-50,slope_flat,70,20,53.65,7.0,0.8,0.7664285714285715,2.3499999999999983,-8.600000000000001,"2.80,1.00,-8.60,14.20",4,8,-50.0,1.878499999998894,29.19249904651115,8.442192184401573,21.1
m5_low15-25_close45-65_green,NO,flat,above0-50,slope_flat,75,20,53.65,7.0,0.8,0.7153333333333333,6.349999999999999,-5.600000000000001,"6.80,5.00,-5.60,19.20",4,8,-50.0,1.878499999998894,29.19249904651115,8.442192184401573,21.1
m5_low15-25_close45-65_green,NO,flat,above0-50,slope_flat,80,20,53.65,7.0,0.75,0.670625,6.349999999999999,-5.200000000000001,"-5.20,9.00,-2.60,24.20",4,8,-50.0,1.878499999998894,29.19249904651115,8.442192184401573,21.1
m5_low15-25_close45-65_green,NO,flat,above0-50,slope_flat,85,20,53.65,7.0,0.75,0.6311764705882352,10.099999999999998,-2.2000000000000015,"-2.20,13.00,0.40,29.20",5,8,-50.0,1.878499999998894,29.19249904651115,8.442192184401573,21.1
m5_low15-25_close45-65_green,YES,flat,below50-150,slope_flat,65,21,51.95238095238095,7.0,0.8571428571428571,0.7992673992673992,3.761904761904762,-0.9999999999999986,"0.83,2.20,13.60,-1.00",6,8,-9.333333333333334,-1.163809523810674,-84.07248860873786,-14.836948491402879,19.857142857142858
m5_low15-25_close45-65_green,YES,flat,below50-150,slope_flat,70,21,51.95238095238095,7.0,0.8095238095238095,0.7421768707482993,4.714285714285714,-6.666666666666667,"-6.67,6.20,18.60,3.00",6,8,-62.0,-1.163809523810674,-84.07248860873786,-14.836948491402879,19.857142857142858
m5_low15-25_close45-65_green,YES,flat,below50-150,slope_flat,75,21,51.95238095238095,7.0,0.7619047619047619,0.6926984126984127,5.190476190476191,-4.800000000000002,"-3.33,-4.80,23.60,7.00",5,8,-62.0,-1.163809523810674,-84.07248860873786,-14.836948491402879,19.857142857142858
m5_low15-25_close45-65_green,YES,flat,below50-150,slope_flat,80,21,51.95238095238095,7.0,0.6666666666666666,0.6494047619047618,1.3809523809523814,-13.333333333333334,"-13.33,-1.80,28.60,-5.00",5,8,-62.0,-1.163809523810674,-84.07248860873786,-14.836948491402879,19.857142857142858
m5_low15-25_close45-65_green,YES,flat,below50-150,slope_flat,85,21,51.95238095238095,7.0,0.6666666666666666,0.611204481792717,4.714285714285714,-10.833333333333334,"-10.83,1.20,33.60,-2.00",5,8,-62.0,-1.163809523810674,-84.07248860873786,-14.836948491402879,19.857142857142858
m5_low15-25_close45-65_green,YES,flat,below0-50,slope_flat,65,21,53.0,7.0,0.6666666666666666,0.8153846153846154,-9.666666666666666,-31.2,"-6.33,-31.20,4.00,-5.80",5,10,-54.0,0.8895238095245164,-24.312297645720328,-3.3031205207385246,21.19047619047619
m5_low15-25_close45-65_green,YES,flat,below0-50,slope_flat,70,21,53.0,7.0,0.6190476190476191,0.7571428571428571,-9.666666666666666,-29.2,"-14.67,-29.20,8.00,-1.80",4,10,-54.0,0.8895238095245164,-24.312297645720328,-3.3031205207385246,21.19047619047619
m5_low15-25_close45-65_green,YES,flat,below0-50,slope_flat,75,21,53.0,7.0,0.5238095238095238,0.7066666666666667,-13.714285714285714,-27.2,"-12.17,-27.20,-3.00,-12.80",3,10,-54.0,0.8895238095245164,-24.312297645720328,-3.3031205207385246,21.19047619047619
m5_low15-25_close45-65_green,YES,flat,below0-50,slope_flat,80,21,53.0,7.0,0.5238095238095238,0.6625,-11.095238095238095,-25.2,"-9.67,-25.20,0.00,-9.80",3,10,-54.0,0.8895238095245164,-24.312297645720328,-3.3031205207385246,21.19047619047619
m5_low15-25_close45-65_green,YES,flat,below0-50,slope_flat,85,21,53.0,7.0,0.5238095238095238,0.6235294117647059,-8.476190476190476,-23.2,"-7.17,-23.20,3.00,-6.80",3,10,-54.0,0.8895238095245164,-24.312297645720328,-3.3031205207385246,21.19047619047619
m5_low15-25_close50-70_green,NO,flat,below0-50,slope_flat,65,20,56.15,8.0,0.85,0.8638461538461538,-0.9000000000000004,-16.2,"-16.20,10.60,-6.40,8.40",7,10,-21.500000000000004,-2.9485000000007857,-25.86480803004124,-5.613799457937057,20.25
m5_low15-25_close50-70_green,NO,flat,below0-50,slope_flat,70,20,56.15,8.0,0.8,0.8021428571428572,-0.15000000000000036,-13.2,"-13.20,1.60,-2.40,13.40",6,10,-19.000000000000004,-2.9485000000007857,-25.86480803004124,-5.613799457937057,20.25
m5_low15-25_close50-70_green,NO,flat,below0-50,slope_flat,75,20,56.15,8.0,0.65,0.7486666666666667,-7.4,-25.2,"-25.20,-9.40,1.60,3.40",4,10,-64.0,-2.9485000000007857,-25.86480803004124,-5.613799457937057,20.25
m5_low15-25_close50-70_green,NO,flat,below0-50,slope_flat,80,20,56.15,8.0,0.6,0.701875,-8.15,-23.2,"-23.20,-6.40,5.60,-8.60",3,10,-64.0,-2.9485000000007857,-25.86480803004124,-5.613799457937057,20.25
m5_low15-25_close50-70_green,NO,flat,below0-50,slope_flat,85,20,56.15,8.0,0.6,0.6605882352941176,-5.15,-21.2,"-21.20,-3.40,9.60,-5.60",4,10,-64.0,-2.9485000000007857,-25.86480803004124,-5.613799457937057,20.25
m5_low15-25_close50-70_green,NO,flat,above0-50,slope_flat,65,20,58.35,7.0,0.85,0.8976923076923077,-3.100000000000002,-16.200000000000003,"-16.20,4.20,-9.60,9.20",5,8,-51.0,0.8844999999990251,27.734202836536134,8.868340138900384,20.9
m5_low15-25_close50-70_green,NO,flat,above0-50,slope_flat,70,20,58.35,7.0,0.85,0.8335714285714286,1.1499999999999981,-13.200000000000003,"-13.20,9.20,-5.60,14.20",5,8,-51.0,0.8844999999990251,27.734202836536134,8.868340138900384,20.9
m5_low15-25_close50-70_green,NO,flat,above0-50,slope_flat,75,20,58.35,7.0,0.85,0.778,5.399999999999999,-10.200000000000003,"-10.20,14.20,-1.60,19.20",5,8,-51.0,0.8844999999990251,27.734202836536134,8.868340138900384,20.9
m5_low15-25_close50-70_green,NO,flat,above0-50,slope_flat,80,20,58.35,7.0,0.8,0.729375,5.649999999999999,-23.200000000000003,"-23.20,19.20,2.40,24.20",4,8,-51.0,0.8844999999990251,27.734202836536134,8.868340138900384,20.9
m5_low15-25_close50-70_green,NO,flat,above0-50,slope_flat,85,20,58.35,7.0,0.8,0.6864705882352942,9.649999999999999,-21.200000000000003,"-21.20,24.20,6.40,29.20",4,8,-51.0,0.8844999999990251,27.734202836536134,8.868340138900384,20.9
m5_low20-30_close35-55_green,NO,flat,below50-150,slope_flat,65,24,43.375,6.0,0.5833333333333334,0.6673076923076923,-5.458333333333333,-22.166666666666668,"20.67,1.17,-21.50,-22.17",5,10,-44.99999999999999,-4.059583333334558,-76.52197402540575,-14.833729652400507,25.625
m5_low20-30_close35-55_green,NO,flat,below50-150,slope_flat,70,24,43.375,6.0,0.5833333333333334,0.6196428571428572,-2.541666666666667,-20.5,"25.67,4.50,-19.83,-20.50",5,10,-44.99999999999999,-4.059583333334558,-76.52197402540575,-14.833729652400507,25.625
m5_low20-30_close35-55_green,NO,flat,below50-150,slope_flat,75,24,43.375,6.0,0.5416666666666666,0.5783333333333334,-2.75,-18.833333333333332,"18.17,7.83,-18.17,-18.83",4,10,-44.99999999999999,-4.059583333334558,-76.52197402540575,-14.833729652400507,25.625
m5_low20-30_close35-55_green,NO,flat,below50-150,slope_flat,80,24,43.375,6.0,0.5416666666666666,0.5421875,-0.04166666666666696,-17.166666666666668,"22.33,11.17,-16.50,-17.17",4,10,-44.99999999999999,-4.059583333334558,-76.52197402540575,-14.833729652400507,25.625
m5_low20-30_close35-55_green,NO,flat,below50-150,slope_flat,85,24,43.375,6.0,0.4166666666666667,0.5102941176470588,-7.958333333333333,-15.5,"-1.83,0.33,-14.83,-15.50",4,10,-44.99999999999999,-4.059583333334558,-76.52197402540575,-14.833729652400507,25.625
m5_low20-30_close35-55_green,NO,flat,below0-50,slope_flat,65,32,44.09375,6.0,0.53125,0.6783653846153846,-9.5625,-26.625,"-14.62,3.25,-26.62,-0.25",2,9,-38.5,-3.763437500000464,-22.47078673057831,-5.413492282815923,25.6875
m5_low20-30_close35-55_green,NO,flat,below0-50,slope_flat,70,32,44.09375,6.0,0.46875,0.6299107142857143,-11.28125,-25.375,"-21.50,7.00,-25.38,-5.25",3,9,-38.5,-3.763437500000464,-22.47078673057831,-5.413492282815923,25.6875
m5_low20-30_close35-55_green,NO,flat,below0-50,slope_flat,75,32,44.09375,6.0,0.4375,0.5879166666666666,-11.28125,-33.5,"-20.25,10.75,-33.50,-2.12",4,9,-38.5,-3.763437500000464,-22.47078673057831,-5.413492282815923,25.6875
m5_low20-30_close35-55_green,NO,flat,below0-50,slope_flat,80,32,44.09375,6.0,0.40625,0.551171875,-11.59375,-32.875,"-19.00,4.50,-32.88,1.00",3,9,-38.5,-3.763437500000464,-22.47078673057831,-5.413492282815923,25.6875
m5_low20-30_close35-55_green,NO,flat,below0-50,slope_flat,85,32,44.09375,6.0,0.375,0.51875,-12.21875,-42.875,"-17.75,7.62,-42.88,4.13",3,9,-38.5,-3.763437500000464,-22.47078673057831,-5.413492282815923,25.6875
m5_low20-30_close35-55_green,NO,flat,above0-50,slope_flat,65,33,43.09090909090909,7.0,0.5151515151515151,0.662937062937063,-9.606060606060606,-17.999999999999996,"-9.33,-10.50,-18.00,-0.62",3,10,-53.0,-2.59242424242411,27.057090864098758,4.981554651778644,25.424242424242426
m5_low20-30_close35-55_green,NO,flat,above0-50,slope_flat,70,33,43.09090909090909,7.0,0.5151515151515151,0.6155844155844156,-7.03030303030303,-16.124999999999996,"-6.56,-8.00,-16.12,2.50",3,10,-53.0,-2.59242424242411,27.057090864098758,4.981554651778644,25.424242424242426
m5_low20-30_close35-55_green,NO,flat,above0-50,slope_flat,75,33,43.09090909090909,7.0,0.48484848484848486,0.5745454545454546,-6.7272727272727275,-14.875,"-3.78,-14.88,-14.25,5.63",3,10,-53.0,-2.59242424242411,27.057090864098758,4.981554651778644,25.424242424242426
m5_low20-30_close35-55_green,NO,flat,above0-50,slope_flat,80,33,43.09090909090909,7.0,0.45454545454545453,0.5386363636363637,-6.7272727272727275,-23.0,"-1.00,-23.00,-12.37,8.75",3,10,-53.0,-2.59242424242411,27.057090864098758,4.981554651778644,25.424242424242426
m5_low20-30_close35-55_green,NO,flat,above0-50,slope_flat,85,33,43.09090909090909,7.0,0.45454545454545453,0.506951871657754,-4.454545454545454,-21.75,"1.78,-21.75,-10.50,11.88",3,10,-53.0,-2.59242424242411,27.057090864098758,4.981554651778644,25.424242424242426
m5_low20-30_close35-55_green,YES,flat,below>150,slope_against>75,65,20,43.3,6.0,0.5,0.6661538461538461,-10.8,-27.0,"-17.40,-3.40,-27.00,4.60",3,9,-48.0,1.3390000000010331,-407.54233937053687,-119.44903733165157,26.4
m5_low20-30_close35-55_green,YES,flat,below>150,slope_against>75,70,20,43.3,6.0,0.45,0.6185714285714285,-11.8,-26.0,"-15.40,-14.40,-26.00,8.60",3,9,-48.0,1.3390000000010331,-407.54233937053687,-119.44903733165157,26.4
m5_low20-30_close35-55_green,YES,flat,below>150,slope_against>75,75,20,43.3,6.0,0.45,0.5773333333333333,-9.55,-25.0,"-13.40,-12.40,-25.00,12.60",3,9,-48.0,1.3390000000010331,-407.54233937053687,-119.44903733165157,26.4
m5_low20-30_close35-55_green,YES,flat,below>150,slope_against>75,80,20,43.3,6.0,0.4,0.54125,-11.3,-27.4,"-27.40,-10.40,-24.00,16.60",2,9,-48.0,1.3390000000010331,-407.54233937053687,-119.44903733165157,26.4
m5_low20-30_close35-55_green,YES,flat,below>150,slope_against>75,85,20,43.3,6.0,0.4,0.5094117647058823,-9.3,-26.4,"-26.40,-8.40,-23.00,20.60",2,9,-48.0,1.3390000000010331,-407.54233937053687,-119.44903733165157,26.4
m5_low20-30_close35-55_green,YES,flat,below50-150,slope_against25-75,65,22,44.09090909090909,6.0,0.7727272727272727,0.6783216783216783,6.136363636363637,-7.0,"13.67,16.20,-7.00,1.17",7,10,-49.5,-1.8799999999996957,-101.33048664909735,-39.40609153540076,26.318181818181817
m5_low20-30_close35-55_green,YES,flat,below50-150,slope_against25-75,70,22,44.09090909090909,6.0,0.7727272727272727,0.6298701298701299,10.0,-4.0,"17.83,21.20,-4.00,4.50",7,10,-49.5,-1.8799999999996957,-101.33048664909735,-39.40609153540076,26.318181818181817
m5_low20-30_close35-55_green,YES,flat,below50-150,slope_against25-75,75,22,44.09090909090909,6.0,0.6363636363636364,0.5878787878787879,3.6363636363636362,-4.666666666666667,"22.00,-3.80,-1.00,-4.67",6,10,-54.0,-1.8799999999996957,-101.33048664909735,-39.40609153540076,26.318181818181817
m5_low20-30_close35-55_green,YES,flat,below50-150,slope_against25-75,80,22,44.09090909090909,6.0,0.5909090909090909,0.5511363636363636,3.1818181818181817,-2.1666666666666665,"12.83,-0.80,2.00,-2.17",6,10,-54.0,-1.8799999999996957,-101.33048664909735,-39.40609153540076,26.318181818181817
m5_low20-30_close35-55_green,YES,flat,below50-150,slope_against25-75,85,22,44.09090909090909,6.0,0.5909090909090909,0.518716577540107,6.136363636363637,0.3333333333333333,"16.17,2.20,5.00,0.33",7,10,-54.0,-1.8799999999996957,-101.33048664909735,-39.40609153540076,26.318181818181817
m5_low20-30_close35-55_green,YES,flat,below0-50,slope_flat,65,34,44.55882352941177,6.5,0.5588235294117647,0.6855203619909502,-8.235294117647058,-26.125,"-10.33,4.75,-26.12,-1.78",4,10,-48.0,-2.38764705882311,-25.13962789058068,-3.467632125907745,25.264705882352942
m5_low20-30_close35-55_green,YES,flat,below0-50,slope_flat,70,34,44.55882352941177,6.5,0.5294117647058824,0.6365546218487396,-7.5,-24.875,"-15.33,8.50,-24.88,1.56",4,10,-48.0,-2.38764705882311,-25.13962789058068,-3.467632125907745,25.264705882352942
m5_low20-30_close35-55_green,YES,flat,below0-50,slope_flat,75,34,44.55882352941177,6.5,0.5,0.5941176470588235,-7.0588235294117645,-23.625,"-13.11,12.25,-23.62,-3.44",4,10,-48.0,-2.38764705882311,-25.13962789058068,-3.467632125907745,25.264705882352942
m5_low20-30_close35-55_green,YES,flat,below0-50,slope_flat,80,34,44.55882352941177,6.5,0.4411764705882353,0.5569852941176471,-9.264705882352942,-28.666666666666668,"-28.67,16.00,-22.38,-0.67",3,10,-51.0,-2.38764705882311,-25.13962789058068,-3.467632125907745,25.264705882352942
m5_low20-30_close35-55_green,YES,flat,below0-50,slope_flat,85,34,44.55882352941177,6.5,0.4411764705882353,0.5242214532871973,-7.0588235294117645,-27.555555555555557,"-27.56,19.75,-21.12,2.11",3,10,-51.0,-2.38764705882311,-25.13962789058068,-3.467632125907745,25.264705882352942
m5_low20-30_close35-55_green,YES,flat,above0-50,slope_flat,65,32,45.40625,6.0,0.6875,0.6985576923076923,-0.71875,-18.375,"11.12,9.75,-18.38,-5.38",7,10,-51.0,-3.714375000000018,25.79425077053793,8.780712630042672,26.125
m5_low20-30_close35-55_green,YES,flat,above0-50,slope_flat,70,32,45.40625,6.0,0.65625,0.6486607142857143,0.53125,-16.5,"15.50,5.38,-16.50,-2.25",6,10,-51.0,-3.714375000000018,25.79425077053793,8.780712630042672,26.125
m5_low20-30_close35-55_green,YES,flat,above0-50,slope_flat,75,32,45.40625,6.0,0.65625,0.6054166666666667,3.8125,-14.625,"19.88,9.12,-14.62,0.88",6,10,-51.0,-3.714375000000018,25.79425077053793,8.780712630042672,26.125
m5_low20-30_close35-55_green,YES,flat,above0-50,slope_flat,80,32,45.40625,6.0,0.625,0.567578125,4.59375,-12.75,"24.25,2.88,-12.75,4.00",5,10,-51.0,-3.714375000000018,25.79425077053793,8.780712630042672,26.125
m5_low20-30_close35-55_green,YES,flat,above0-50,slope_flat,85,32,45.40625,6.0,0.5625,0.5341911764705882,2.40625,-21.5,"28.62,6.00,-21.50,-3.50",4,10,-51.0,-3.714375000000018,25.79425077053793,8.780712630042672,26.125
m5_low20-30_close35-55_green,YES,flat,above50-150,slope_with25-75,65,23,42.17391304347826,6.0,0.5652173913043478,0.6488294314381271,-5.434782608695652,-31.833333333333332,"-1.83,15.17,-2.80,-31.83",4,8,-38.0,-2.3521739130427823,90.64174047981784,35.726519142290826,24.26086956521739
m5_low20-30_close35-55_green,YES,flat,above50-150,slope_with25-75,70,23,42.17391304347826,6.0,0.5652173913043478,0.6024844720496894,-2.608695652173913,-31.0,"1.50,19.33,0.20,-31.00",4,8,-38.0,-2.3521739130427823,90.64174047981784,35.726519142290826,24.26086956521739
m5_low20-30_close35-55_green,YES,flat,above50-150,slope_with25-75,75,23,42.17391304347826,6.0,0.5217391304347826,0.5623188405797102,-3.0434782608695654,-30.166666666666668,"4.83,23.50,-11.80,-30.17",4,8,-38.0,-2.3521739130427823,90.64174047981784,35.726519142290826,24.26086956521739
m5_low20-30_close35-55_green,YES,flat,above50-150,slope_with25-75,80,23,42.17391304347826,6.0,0.5217391304347826,0.5271739130434783,-0.43478260869565216,-29.333333333333332,"8.17,27.67,-9.80,-29.33",4,8,-38.0,-2.3521739130427823,90.64174047981784,35.726519142290826,24.26086956521739
m5_low20-30_close35-55_green,YES,flat,above50-150,slope_with25-75,85,23,42.17391304347826,6.0,0.43478260869565216,0.4961636828644501,-5.217391304347826,-28.5,"-2.67,17.67,-7.80,-28.50",3,8,-42.333333333333336,-2.3521739130427823,90.64174047981784,35.726519142290826,24.26086956521739
m5_low20-30_close40-60_green,NO,flat,below50-150,slope_flat,65,21,47.57142857142857,6.0,0.6666666666666666,0.7318681318681318,-4.238095238095239,-22.000000000000004,"15.67,4.60,-22.00,-19.20",5,9,-44.99999999999999,-3.7923809523816177,-76.12157858544448,-13.603323464154354,25.095238095238095
m5_low20-30_close40-60_green,NO,flat,below50-150,slope_flat,70,21,47.57142857142857,6.0,0.6666666666666666,0.6795918367346938,-0.9047619047619058,-20.000000000000004,"20.67,8.60,-20.00,-17.20",5,9,-44.99999999999999,-3.7923809523816177,-76.12157858544448,-13.603323464154354,25.095238095238095
m5_low20-30_close40-60_green,NO,flat,below50-150,slope_flat,75,21,47.57142857142857,6.0,0.6666666666666666,0.6342857142857142,2.428571428571429,-18.000000000000004,"25.67,12.60,-18.00,-15.20",5,9,-44.99999999999999,-3.7923809523816177,-76.12157858544448,-13.603323464154354,25.095238095238095
m5_low20-30_close40-60_green,NO,flat,below50-150,slope_flat,80,21,47.57142857142857,6.0,0.6666666666666666,0.5946428571428571,5.761904761904759,-16.000000000000004,"30.67,16.60,-16.00,-13.20",5,9,-44.99999999999999,-3.7923809523816177,-76.12157858544448,-13.603323464154354,25.095238095238095
m5_low20-30_close40-60_green,NO,flat,below50-150,slope_flat,85,21,47.57142857142857,6.0,0.5238095238095238,0.5596638655462185,-3.0476190476190483,-14.000000000000004,"7.33,3.60,-14.00,-11.20",3,9,-51.0,-3.7923809523816177,-76.12157858544448,-13.603323464154354,25.095238095238095
m5_low20-30_close40-60_green,NO,flat,below0-50,slope_flat,65,28,48.607142857142854,6.0,0.6428571428571429,0.7478021978021978,-6.821428571428571,-22.428571428571427,"-11.29,-0.86,-22.43,7.29",3,9,-42.00000000000001,-2.1850000000005303,-20.491913756281324,-4.792546310466215,25.714285714285715
m5_low20-30_close40-60_green,NO,flat,below0-50,slope_flat,70,28,48.607142857142854,6.0,0.5714285714285714,0.6943877551020408,-8.607142857142858,-20.285714285714285,"-18.43,2.71,-20.29,1.57",3,9,-50.0,-2.1850000000005303,-20.491913756281324,-4.792546310466215,25.714285714285715
m5_low20-30_close40-60_green,NO,flat,below0-50,slope_flat,75,28,48.607142857142854,6.0,0.5357142857142857,0.6480952380952381,-8.428571428571429,-28.857142857142858,"-16.29,6.29,-28.86,5.14",3,9,-50.0,-2.1850000000005303,-20.491913756281324,-4.792546310466215,25.714285714285715
m5_low20-30_close40-60_green,NO,flat,below0-50,slope_flat,80,28,48.607142857142854,6.0,0.5,0.6075892857142857,-8.607142857142858,-27.428571428571427,"-14.14,-1.57,-27.43,8.71",3,9,-50.0,-2.1850000000005303,-20.491913756281324,-4.792546310466215,25.714285714285715
m5_low20-30_close40-60_green,NO,flat,below0-50,slope_flat,85,28,48.607142857142854,6.0,0.4642857142857143,0.5718487394957983,-9.142857142857142,-38.142857142857146,"-12.00,1.29,-38.14,12.29",3,9,-50.0,-2.1850000000005303,-20.491913756281324,-4.792546310466215,25.714285714285715
m5_low20-30_close40-60_green,NO,flat,above0-50,slope_flat,65,39,48.282051282051285,6.0,0.6666666666666666,0.7428007889546352,-4.94871794871795,-11.333333333333334,"-5.60,-7.00,-11.33,3.50",3,10,-22.000000000000004,-0.6043589743587804,27.081043748111533,5.440959070373001,25.333333333333332
m5_low20-30_close40-60_green,NO,flat,above0-50,slope_flat,70,39,48.282051282051285,6.0,0.6666666666666666,0.6897435897435897,-1.6153846153846154,-8.555555555555555,"-2.10,-4.00,-8.56,7.50",5,10,-19.666666666666668,-0.6043589743587804,27.081043748111533,5.440959070373001,25.333333333333332
m5_low20-30_close40-60_green,NO,flat,above0-50,slope_flat,75,39,48.282051282051285,6.0,0.6666666666666666,0.6437606837606838,1.7179487179487176,-5.777777777777777,"1.40,-1.00,-5.78,11.50",5,10,-18.0,-0.6043589743587804,27.081043748111533,5.440959070373001,25.333333333333332
m5_low20-30_close40-60_green,NO,flat,above0-50,slope_flat,80,39,48.282051282051285,6.0,0.6410256410256411,0.6035256410256411,2.999999999999999,-6.000000000000002,"4.90,-6.00,-3.00,15.50",4,10,-16.333333333333332,-0.6043589743587804,27.081043748111533,5.440959070373001,25.333333333333332
m5_low20-30_close40-60_green,NO,flat,above0-50,slope_flat,85,39,48.282051282051285,6.0,0.6410256410256411,0.5680241327300151,6.205128205128204,-3.5000000000000013,"8.40,-3.50,-0.22,19.50",5,10,-14.666666666666666,-0.6043589743587804,27.081043748111533,5.440959070373001,25.333333333333332
m5_low20-30_close40-60_green,YES,flat,below50-150,slope_against25-75,65,21,48.523809523809526,6.0,0.8571428571428571,0.7465201465201465,7.190476190476191,-9.2,"6.83,15.60,-9.20,15.60",8,10,-49.5,-0.9785714285708742,-100.9207074795375,-38.961637509065135,26.428571428571427
m5_low20-30_close40-60_green,YES,flat,below50-150,slope_against25-75,70,21,48.523809523809526,6.0,0.8095238095238095,0.6931972789115647,8.142857142857142,-20.2,"11.00,20.60,-20.20,20.60",7,10,-49.5,-0.9785714285708742,-100.9207074795375,-38.961637509065135,26.428571428571427
m5_low20-30_close40-60_green,YES,flat,below50-150,slope_against25-75,75,21,48.523809523809526,6.0,0.6666666666666666,0.646984126984127,1.4761904761904758,-18.2,"15.17,-4.40,-18.20,10.60",6,10,-49.5,-0.9785714285708742,-100.9207074795375,-38.961637509065135,26.428571428571427
m5_low20-30_close40-60_green,YES,flat,below50-150,slope_against25-75,80,21,48.523809523809526,6.0,0.6190476190476191,0.6065476190476191,0.9999999999999997,-16.2,"6.00,-1.40,-16.20,14.60",6,10,-49.5,-0.9785714285708742,-100.9207074795375,-38.961637509065135,26.428571428571427
m5_low20-30_close40-60_green,YES,flat,below50-150,slope_against25-75,85,21,48.523809523809526,6.0,0.6190476190476191,0.5708683473389355,4.095238095238095,-14.2,"9.33,1.60,-14.20,18.60",6,10,-49.5,-0.9785714285708742,-100.9207074795375,-38.961637509065135,26.428571428571427
m5_low20-30_close40-60_green,YES,flat,below0-50,slope_flat,65,39,47.794871794871796,7.0,0.6153846153846154,0.7353057199211045,-7.794871794871795,-18.88888888888889,"-16.40,10.70,-18.89,-7.70",4,10,-51.5,-2.111794871794327,-25.399656745741922,-2.333871254643525,25.58974358974359
m5_low20-30_close40-60_green,YES,flat,below0-50,slope_flat,70,39,47.794871794871796,7.0,0.5897435897435898,0.6827838827838828,-6.512820512820513,-20.9,"-20.90,15.20,-16.67,-4.70",4,10,-51.5,-2.111794871794327,-25.399656745741922,-2.333871254643525,25.58974358974359
m5_low20-30_close40-60_green,YES,flat,below0-50,slope_flat,75,39,47.794871794871796,7.0,0.5641025641025641,0.6372649572649572,-5.487179487179487,-26.4,"-26.40,19.70,-14.44,-1.70",4,10,-51.5,-2.111794871794327,-25.399656745741922,-2.333871254643525,25.58974358974359
m5_low20-30_close40-60_green,YES,flat,below0-50,slope_flat,80,39,47.794871794871796,7.0,0.5128205128205128,0.5974358974358974,-6.769230769230769,-32.9,"-32.90,16.20,-12.22,1.30",3,10,-51.5,-2.111794871794327,-25.399656745741922,-2.333871254643525,25.58974358974359
m5_low20-30_close40-60_green,YES,flat,below0-50,slope_flat,85,39,47.794871794871796,7.0,0.5128205128205128,0.5622926093514329,-4.205128205128205,-31.9,"-31.90,20.20,-10.00,4.30",3,10,-51.5,-2.111794871794327,-25.399656745741922,-2.333871254643525,25.58974358974359
m5_low20-30_close40-60_green,YES,flat,above0-50,slope_flat,65,35,49.0,6.0,0.7142857142857143,0.7538461538461538,-2.5714285714285716,-12.0,"6.33,1.44,-6.50,-12.00",4,10,-51.0,-2.257428571428214,26.315740975553595,8.347218262902711,26.085714285714285
m5_low20-30_close40-60_green,YES,flat,above0-50,slope_flat,70,35,49.0,6.0,0.6857142857142857,0.7,-1.0,-9.222222222222221,"10.78,-2.44,-3.38,-9.22",6,10,-54.0,-2.257428571428214,26.315740975553595,8.347218262902711,26.085714285714285
m5_low20-30_close40-60_green,YES,flat,above0-50,slope_flat,75,35,49.0,6.0,0.6857142857142857,0.6533333333333333,2.4285714285714284,-6.444444444444445,"15.22,0.89,-0.25,-6.44",6,10,-54.0,-2.257428571428214,26.315740975553595,8.347218262902711,26.085714285714285
m5_low20-30_close40-60_green,YES,flat,above0-50,slope_flat,80,35,49.0,6.0,0.6571428571428571,0.6125,3.5714285714285716,-4.666666666666668,"19.67,-4.67,2.88,-3.67",6,10,-54.0,-2.257428571428214,26.315740975553595,8.347218262902711,26.085714285714285
m5_low20-30_close40-60_green,YES,flat,above0-50,slope_flat,85,35,49.0,6.0,0.6,0.5764705882352941,2.0,-10.333333333333334,"24.11,-1.89,-4.62,-10.33",5,10,-54.0,-2.257428571428214,26.315740975553595,8.347218262902711,26.085714285714285
m5_low20-30_close40-60_green,YES,flat,above50-150,slope_flat,65,20,51.6,6.0,0.75,0.7938461538461539,-2.8499999999999996,-25.599999999999998,"-0.80,1.00,-25.60,14.00",6,9,-51.0,5.869499999999971,87.88321777611455,13.444425583888005,25.7
m5_low20-30_close40-60_green,YES,flat,above50-150,slope_flat,70,20,51.6,6.0,0.75,0.7371428571428572,0.8999999999999997,-23.599999999999998,"3.20,5.00,-23.60,19.00",6,9,-51.0,5.869499999999971,87.88321777611455,13.444425583888005,25.7
m5_low20-30_close40-60_green,YES,flat,above50-150,slope_flat,75,20,51.6,6.0,0.7,0.6880000000000001,0.8999999999999997,-21.599999999999998,"-7.80,9.00,-21.60,24.00",6,9,-52.0,5.869499999999971,87.88321777611455,13.444425583888005,25.7
m5_low20-30_close40-60_green,YES,flat,above50-150,slope_flat,80,20,51.6,6.0,0.7,0.645,4.4,-19.599999999999998,"-4.80,13.00,-19.60,29.00",6,9,-52.0,5.869499999999971,87.88321777611455,13.444425583888005,25.7
m5_low20-30_close40-60_green,YES,flat,above50-150,slope_flat,85,20,51.6,6.0,0.65,0.6070588235294118,3.65,-17.599999999999998,"-1.80,17.00,-17.60,17.00",6,9,-52.0,5.869499999999971,87.88321777611455,13.444425583888005,25.7
m5_low20-30_close40-60_green,YES,flat,above50-150,slope_with25-75,65,21,48.38095238095238,6.0,0.6666666666666666,0.7443223443223443,-5.047619047619048,-33.6,"-7.33,17.00,4.20,-33.60",3,7,-43.0,0.12666666666752593,91.32275562876332,36.85317973216124,24.571428571428573
m5_low20-30_close40-60_green,YES,flat,above50-150,slope_with25-75,70,21,48.38095238095238,6.0,0.6666666666666666,0.691156462585034,-1.7142857142857149,-32.6,"-4.00,22.00,8.20,-32.60",3,7,-43.0,0.12666666666752593,91.32275562876332,36.85317973216124,24.571428571428573
m5_low20-30_close40-60_green,YES,flat,above50-150,slope_with25-75,75,21,48.38095238095238,6.0,0.6190476190476191,0.645079365079365,-1.952380952380953,-31.6,"-0.67,27.00,-2.80,-31.60",3,7,-43.0,0.12666666666752593,91.32275562876332,36.85317973216124,24.571428571428573
m5_low20-30_close40-60_green,YES,flat,above50-150,slope_with25-75,80,21,48.38095238095238,6.0,0.6190476190476191,0.6047619047619047,1.1428571428571428,-30.6,"2.67,32.00,0.20,-30.60",3,7,-43.0,0.12666666666752593,91.32275562876332,36.85317973216124,24.571428571428573
m5_low20-30_close40-60_green,YES,flat,above50-150,slope_with25-75,85,21,48.38095238095238,6.0,0.5714285714285714,0.569187675070028,0.19047619047619047,-29.6,"-8.17,37.00,3.20,-29.60",3,7,-49.0,0.12666666666752593,91.32275562876332,36.85317973216124,24.571428571428573
m5_low20-30_close40-60_green,YES,flat,above>150,slope_with>75,65,20,47.7,7.0,0.6,0.7338461538461539,-8.7,-21.4,"-8.40,-21.40,5.80,-10.80",3,9,-52.0,-1.8240000000012515,412.2167307557327,131.53484788014103,25.5
m5_low20-30_close40-60_green,YES,flat,above>150,slope_with>75,70,20,47.7,7.0,0.6,0.6814285714285715,-5.7,-19.4,"-5.40,-19.40,9.80,-7.80",3,9,-52.0,-1.8240000000012515,412.2167307557327,131.53484788014103,25.5
m5_low20-30_close40-60_green,YES,flat,above>150,slope_with>75,75,20,47.7,7.0,0.5,0.636,-10.2,-19.8,"-2.40,-17.40,-1.20,-19.80",2,9,-55.00000000000001,-1.8240000000012515,412.2167307557327,131.53484788014103,25.5
m5_low20-30_close40-60_green,YES,flat,above>150,slope_with>75,80,20,47.7,7.0,0.45,0.5962500000000001,-11.7,-31.4,"0.60,-31.40,1.80,-17.80",2,9,-55.00000000000001,-1.8240000000012515,412.2167307557327,131.53484788014103,25.5
m5_low20-30_close40-60_green,YES,flat,above>150,slope_with>75,85,20,47.7,7.0,0.45,0.5611764705882353,-9.45,-30.4,"3.60,-30.40,4.80,-15.80",2,9,-55.00000000000001,-1.8240000000012515,412.2167307557327,131.53484788014103,25.5
m5_low20-30_close45-65_green,NO,flat,below0-50,slope_flat,65,26,52.96153846153846,7.0,0.6923076923076923,0.814792899408284,-7.961538461538463,-11.66666666666667,"-4.86,-11.00,-11.67,-5.29",4,8,-23.833333333333332,-1.376538461538495,-23.391289783480225,-5.537706533711361,25.76923076923077
m5_low20-30_close45-65_green,NO,flat,below0-50,slope_flat,70,26,52.96153846153846,7.0,0.6538461538461539,0.7565934065934066,-7.192307692307693,-11.285714285714288,"-11.29,-7.67,-8.33,-1.71",4,8,-50.0,-1.376538461538495,-23.391289783480225,-5.537706533711361,25.76923076923077
m5_low20-30_close45-65_green,NO,flat,below0-50,slope_flat,75,26,52.96153846153846,7.0,0.6153846153846154,0.7061538461538461,-6.8076923076923075,-17.500000000000004,"-8.43,-4.33,-17.50,1.86",3,8,-50.0,-1.376538461538495,-23.391289783480225,-5.537706533711361,25.76923076923077
m5_low20-30_close45-65_green,NO,flat,below0-50,slope_flat,80,26,52.96153846153846,7.0,0.6153846153846154,0.6620192307692307,-3.730769230769231,-15.000000000000002,"-5.57,-1.00,-15.00,5.43",4,8,-50.0,-1.376538461538495,-23.391289783480225,-5.537706533711361,25.76923076923077
m5_low20-30_close45-65_green,NO,flat,below0-50,slope_flat,85,26,52.96153846153846,7.0,0.5769230769230769,0.6230769230769231,-3.9230769230769242,-26.666666666666668,"-2.71,2.33,-26.67,9.00",4,8,-50.0,-1.376538461538495,-23.391289783480225,-5.537706533711361,25.76923076923077
m5_low20-30_close45-65_green,NO,flat,above0-50,slope_flat,65,29,55.10344827586207,7.0,0.7931034482758621,0.8477453580901857,-3.5517241379310365,-14.000000000000004,"-14.00,-1.43,2.14,0.57",5,10,-22.000000000000004,1.8510344827583798,26.198789243595392,4.961408205151986,25.275862068965516
m5_low20-30_close45-65_green,NO,flat,above0-50,slope_flat,70,29,55.10344827586207,7.0,0.7931034482758621,0.7871921182266011,0.4137931034482727,-10.875000000000004,"-10.88,2.86,6.43,4.86",5,10,-19.500000000000004,1.8510344827583798,26.198789243595392,4.961408205151986,25.275862068965516
m5_low20-30_close45-65_green,NO,flat,above0-50,slope_flat,75,29,55.10344827586207,7.0,0.7931034482758621,0.7347126436781609,4.379310344827584,-7.750000000000003,"-7.75,7.14,10.71,9.14",5,10,-17.000000000000004,1.8510344827583798,26.198789243595392,4.961408205151986,25.275862068965516
m5_low20-30_close45-65_green,NO,flat,above0-50,slope_flat,80,29,55.10344827586207,7.0,0.7931034482758621,0.6887931034482759,8.344827586206895,-4.625000000000003,"-4.63,11.43,15.00,13.43",5,10,-14.500000000000004,1.8510344827583798,26.198789243595392,4.961408205151986,25.275862068965516
m5_low20-30_close45-65_green,NO,flat,above0-50,slope_flat,85,29,55.10344827586207,7.0,0.7586206896551724,0.6482758620689656,9.379310344827584,-12.125000000000004,"-12.13,15.71,19.29,17.71",6,10,-12.000000000000004,1.8510344827583798,26.198789243595392,4.961408205151986,25.275862068965516
m5_low20-30_close45-65_green,YES,flat,below50-150,slope_against25-75,65,23,52.04347826086956,6.0,0.8695652173913043,0.8006688963210702,4.478260869565218,-16.6,"2.33,17.17,-16.60,11.50",7,9,-49.0,0.03956521739177254,-96.74608794588194,-38.9641529361799,26.391304347826086
m5_low20-30_close45-65_green,YES,flat,below50-150,slope_against25-75,70,23,52.04347826086956,6.0,0.8260869565217391,0.7434782608695651,5.782608695652174,-27.6,"6.50,22.17,-27.60,16.50",6,9,-49.0,0.03956521739177254,-96.74608794588194,-38.9641529361799,26.391304347826086
m5_low20-30_close45-65_green,YES,flat,below50-150,slope_against25-75,75,23,52.04347826086956,6.0,0.6956521739130435,0.6939130434782609,0.13043478260869565,-25.6,"-1.83,14.67,-25.60,9.00",4,9,-49.0,0.03956521739177254,-96.74608794588194,-38.9641529361799,26.391304347826086
m5_low20-30_close45-65_green,YES,flat,below50-150,slope_against25-75,80,23,52.04347826086956,6.0,0.6956521739130435,0.6505434782608696,3.608695652173913,-23.6,"1.50,18.83,-23.60,13.17",5,9,-49.0,0.03956521739177254,-96.74608794588194,-38.9641529361799,26.391304347826086
m5_low20-30_close45-65_green,YES,flat,below50-150,slope_against25-75,85,23,52.04347826086956,6.0,0.6521739130434783,0.6122762148337596,3.391304347826087,-21.6,"4.83,23.00,-21.60,3.17",5,9,-49.0,0.03956521739177254,-96.74608794588194,-38.9641529361799,26.391304347826086
m5_low20-30_close45-65_green,YES,flat,below0-50,slope_flat,65,35,53.114285714285714,7.0,0.7714285714285715,0.8171428571428572,-2.9714285714285715,-14.444444444444445,"-14.44,4.33,-3.50,1.67",6,10,-51.5,-0.42971428571347914,-25.17438744079575,-2.3647688143387704,25.314285714285713
m5_low20-30_close45-65_green,YES,flat,below0-50,slope_flat,70,35,53.114285714285714,7.0,0.7428571428571429,0.7587755102040816,-1.114285714285715,-19.444444444444443,"-19.44,8.78,0.25,6.11",5,10,-51.5,-0.42971428571347914,-25.17438744079575,-2.3647688143387704,25.314285714285713
m5_low20-30_close45-65_green,YES,flat,below0-50,slope_flat,75,35,53.114285714285714,7.0,0.6857142857142857,0.7081904761904761,-1.6857142857142862,-25.555555555555557,"-25.56,13.22,4.00,2.22",5,10,-51.5,-0.42971428571347914,-25.17438744079575,-2.3647688143387704,25.314285714285713
m5_low20-30_close45-65_green,YES,flat,below0-50,slope_flat,80,35,53.114285714285714,7.0,0.6285714285714286,0.6639285714285714,-2.8285714285714287,-32.77777777777778,"-32.78,8.78,7.75,6.11",4,10,-51.5,-0.42971428571347914,-25.17438744079575,-2.3647688143387704,25.314285714285713
m5_low20-30_close45-65_green,YES,flat,below0-50,slope_flat,85,35,53.114285714285714,7.0,0.6285714285714286,0.6248739495798319,0.3142857142857143,-31.666666666666668,"-31.67,12.67,11.50,10.00",4,10,-51.5,-0.42971428571347914,-25.17438744079575,-2.3647688143387704,25.314285714285713
m5_low20-30_close45-65_green,YES,flat,above0-50,slope_flat,65,33,53.18181818181818,7.0,0.8181818181818182,0.8181818181818181,-4.306319610667274e-16,-6.0,"4.00,-2.50,-6.00,4.00",5,10,-25.0,0.19272727272773132,27.72573555711477,7.648330590611846,26.09090909090909
m5_low20-30_close45-65_green,YES,flat,above0-50,slope_flat,70,33,53.18181818181818,7.0,0.7878787878787878,0.7597402597402597,1.9696969696969697,-7.500000000000001,"8.44,-7.50,-2.25,8.38",6,10,-54.0,0.19272727272773132,27.72573555711477,7.648330590611846,26.09090909090909
m5_low20-30_close45-65_green,YES,flat,above0-50,slope_flat,75,33,53.18181818181818,7.0,0.7878787878787878,0.7090909090909091,5.909090909090909,-4.375000000000001,"12.89,-4.38,1.50,12.75",8,10,-54.0,0.19272727272773132,27.72573555711477,7.648330590611846,26.09090909090909
m5_low20-30_close45-65_green,YES,flat,above0-50,slope_flat,80,33,53.18181818181818,7.0,0.7575757575757576,0.6647727272727273,7.424242424242424,-4.75,"17.33,-1.25,-4.75,17.12",7,10,-54.0,0.19272727272773132,27.72573555711477,7.648330590611846,26.09090909090909
m5_low20-30_close45-65_green,YES,flat,above0-50,slope_flat,85,33,53.18181818181818,7.0,0.7272727272727273,0.6256684491978609,8.636363636363637,-1.625,"21.78,1.87,-1.62,10.88",6,10,-54.0,0.19272727272773132,27.72573555711477,7.648330590611846,26.09090909090909
m5_low20-30_close45-65_green,YES,flat,above50-150,slope_flat,65,21,53.19047619047619,6.0,0.8095238095238095,0.8183150183150183,-0.5714285714285717,-15.599999999999994,"-0.17,-0.60,-15.60,14.00",6,9,-51.0,6.1490476190474945,90.6436793058435,13.012236897846119,25.857142857142858
m5_low20-30_close45-65_green,YES,flat,above50-150,slope_flat,70,21,53.19047619047619,6.0,0.8095238095238095,0.7598639455782313,3.4761904761904763,-12.599999999999996,"4.00,3.40,-12.60,19.00",6,9,-51.0,6.1490476190474945,90.6436793058435,13.012236897846119,25.857142857142858
m5_low20-30_close45-65_green,YES,flat,above50-150,slope_flat,75,21,53.19047619047619,6.0,0.7619047619047619,0.7092063492063492,3.9523809523809526,-9.599999999999996,"-4.33,7.40,-9.60,24.00",6,9,-51.0,6.1490476190474945,90.6436793058435,13.012236897846119,25.857142857142858
m5_low20-30_close45-65_green,YES,flat,above50-150,slope_flat,80,21,53.19047619047619,6.0,0.7619047619047619,0.6648809523809524,7.761904761904762,-6.599999999999996,"-1.00,11.40,-6.60,29.00",6,9,-51.0,6.1490476190474945,90.6436793058435,13.012236897846119,25.857142857142858
m5_low20-30_close45-65_green,YES,flat,above50-150,slope_flat,85,21,53.19047619047619,6.0,0.7142857142857143,0.6257703081232493,7.523809523809524,-3.5999999999999956,"2.33,15.40,-3.60,17.00",6,9,-51.0,6.1490476190474945,90.6436793058435,13.012236897846119,25.857142857142858
m5_low20-30_close45-65_green,YES,flat,above50-150,slope_with25-75,65,20,53.7,6.0,0.75,0.8261538461538462,-4.950000000000001,-16.0,"-1.80,12.40,-16.00,-14.40",5,8,-30.0,1.3170000000009168,97.29903083490498,37.52588820634592,24.45
m5_low20-30_close45-65_green,YES,flat,above50-150,slope_with25-75,70,20,53.7,6.0,0.75,0.7671428571428572,-1.200000000000001,-13.0,"2.20,17.40,-13.00,-11.40",5,8,-28.0,1.3170000000009168,97.29903083490498,37.52588820634592,24.45
m5_low20-30_close45-65_green,YES,flat,above50-150,slope_with25-75,75,20,53.7,6.0,0.75,0.7160000000000001,2.5499999999999985,-10.000000000000002,"6.20,22.40,-10.00,-8.40",5,8,-26.0,1.3170000000009168,97.29903083490498,37.52588820634592,24.45
m5_low20-30_close45-65_green,YES,flat,above50-150,slope_with25-75,80,20,53.7,6.0,0.75,0.67125,6.299999999999999,-7.000000000000002,"10.20,27.40,-7.00,-5.40",5,8,-24.0,1.3170000000009168,97.29903083490498,37.52588820634592,24.45
m5_low20-30_close45-65_green,YES,flat,above50-150,slope_with25-75,85,20,53.7,6.0,0.65,0.631764705882353,1.55,-4.000000000000002,"-2.80,15.40,-4.00,-2.40",4,8,-62.0,1.3170000000009168,97.29903083490498,37.52588820634592,24.45
m5_low20-30_close50-70_green,NO,flat,below0-50,slope_flat,65,23,56.73913043478261,7.0,0.782608695652174,0.8729096989966555,-5.869565217391305,-17.200000000000003,"-12.00,5.17,-17.20,-1.33",5,8,-24.5,-1.9126086956520854,-21.91242446945588,-6.2902046732978425,25.782608695652176
m5_low20-30_close50-70_green,NO,flat,below0-50,slope_flat,70,23,56.73913043478261,7.0,0.7391304347826086,0.8105590062111802,-5.000000000000001,-20.333333333333336,"-20.33,10.17,-14.20,2.83",5,8,-52.5,-1.9126086956520854,-21.91242446945588,-6.2902046732978425,25.782608695652176
m5_low20-30_close50-70_green,NO,flat,below0-50,slope_flat,75,23,56.73913043478261,7.0,0.6956521739130435,0.7565217391304347,-4.5652173913043494,-17.833333333333336,"-17.83,2.67,-11.20,7.00",4,8,-52.5,-1.9126086956520854,-21.91242446945588,-6.2902046732978425,25.782608695652176
m5_low20-30_close50-70_green,NO,flat,below0-50,slope_flat,80,23,56.73913043478261,7.0,0.6956521739130435,0.7092391304347826,-1.0869565217391317,-15.333333333333336,"-15.33,6.83,-8.20,11.17",4,8,-52.5,-1.9126086956520854,-21.91242446945588,-6.2902046732978425,25.782608695652176
m5_low20-30_close50-70_green,NO,flat,below0-50,slope_flat,85,23,56.73913043478261,7.0,0.6521739130434783,0.6675191815856778,-1.3043478260869565,-22.200000000000003,"-12.83,11.00,-22.20,15.33",5,8,-52.5,-1.9126086956520854,-21.91242446945588,-6.2902046732978425,25.782608695652176
m5_low20-30_close50-70_green,NO,flat,above0-50,slope_flat,65,31,57.58064516129032,7.0,0.8387096774193549,0.8858560794044664,-3.06451612903226,-16.250000000000004,"-16.25,2.37,0.14,1.87",5,10,-26.5,2.271290322580523,25.872966239908326,5.266153115737618,25.70967741935484
m5_low20-30_close50-70_green,NO,flat,above0-50,slope_flat,70,31,57.58064516129032,7.0,0.8387096774193549,0.8225806451612903,1.1290322580645136,-13.125000000000004,"-13.13,7.37,4.43,6.25",6,10,-24.0,2.271290322580523,25.872966239908326,5.266153115737618,25.70967741935484
m5_low20-30_close50-70_green,NO,flat,above0-50,slope_flat,75,31,57.58064516129032,7.0,0.8387096774193549,0.7677419354838709,5.322580645161288,-10.000000000000004,"-10.00,12.37,8.71,10.62",6,10,-21.5,2.271290322580523,25.872966239908326,5.266153115737618,25.70967741935484
m5_low20-30_close50-70_green,NO,flat,above0-50,slope_flat,80,31,57.58064516129032,7.0,0.8387096774193549,0.719758064516129,9.516129032258062,-6.875000000000003,"-6.88,17.38,13.00,15.00",7,10,-19.0,2.271290322580523,25.872966239908326,5.266153115737618,25.70967741935484
m5_low20-30_close50-70_green,NO,flat,above0-50,slope_flat,85,31,57.58064516129032,7.0,0.8064516129032258,0.6774193548387096,10.967741935483868,-14.375000000000004,"-14.38,22.38,17.29,19.37",7,10,-16.5,2.271290322580523,25.872966239908326,5.266153115737618,25.70967741935484
m5_low20-30_close50-70_green,YES,flat,below50-150,slope_against25-75,65,22,56.27272727272727,7.0,0.9090909090909091,0.8657342657342657,2.8181818181818183,-20.0,"7.00,12.80,-20.00,9.33",6,9,-25.0,0.43818181818245316,-95.99789942355346,-39.80967880011072,26.545454545454547
m5_low20-30_close50-70_green,YES,flat,below50-150,slope_against25-75,70,22,56.27272727272727,7.0,0.8636363636363636,0.8038961038961039,4.181818181818182,-17.0,"12.00,17.80,-17.00,2.67",7,9,-22.5,0.43818181818245316,-95.99789942355346,-39.80967880011072,26.545454545454547
m5_low20-30_close50-70_green,YES,flat,below50-150,slope_against25-75,75,22,56.27272727272727,7.0,0.7272727272727273,0.7503030303030304,-1.7272727272727273,-14.0,"4.50,7.80,-14.00,-5.67",5,9,-20.0,0.43818181818245316,-95.99789942355346,-39.80967880011072,26.545454545454547
m5_low20-30_close50-70_green,YES,flat,below50-150,slope_against25-75,80,22,56.27272727272727,7.0,0.7272727272727273,0.7034090909090909,1.9090909090909092,-10.999999999999998,"8.67,11.80,-11.00,-2.33",5,9,-17.5,0.43818181818245316,-95.99789942355346,-39.80967880011072,26.545454545454547
m5_low20-30_close50-70_green,YES,flat,below50-150,slope_against25-75,85,22,56.27272727272727,7.0,0.6818181818181818,0.6620320855614973,1.6818181818181819,-13.166666666666666,"12.83,15.80,-8.00,-13.17",5,9,-16.0,0.43818181818245316,-95.99789942355346,-39.80967880011072,26.545454545454547
m5_low20-30_close50-70_green,YES,flat,below50-150,slope_flat,65,20,56.25,7.0,1.0,0.8653846153846154,8.75,6.8,"6.80,10.40,10.20,7.60",9,9,3.0,-3.9125,-91.15477270972625,-15.454142766923905,26.45
m5_low20-30_close50-70_green,YES,flat,below50-150,slope_flat,70,20,56.25,7.0,0.9,0.8035714285714286,6.75,-2.2,"-2.20,1.40,15.20,12.60",7,9,-62.0,-3.9125,-91.15477270972625,-15.454142766923905,26.45
m5_low20-30_close50-70_green,YES,flat,below50-150,slope_flat,75,20,56.25,7.0,0.8,0.75,3.75,-9.6,"1.80,-9.60,5.20,17.60",6,9,-62.0,-3.9125,-91.15477270972625,-15.454142766923905,26.45
m5_low20-30_close50-70_green,YES,flat,below50-150,slope_flat,80,20,56.25,7.0,0.75,0.703125,3.75,-22.6,"5.80,-22.60,9.20,22.60",5,9,-62.0,-3.9125,-91.15477270972625,-15.454142766923905,26.45
m5_low20-30_close50-70_green,YES,flat,below50-150,slope_flat,85,20,56.25,7.0,0.75,0.6617647058823529,7.5,-20.6,"9.80,-20.60,13.20,27.60",6,9,-62.0,-3.9125,-91.15477270972625,-15.454142766923905,26.45
m5_low20-30_close50-70_green,YES,flat,below0-50,slope_flat,65,32,57.75,7.5,0.875,0.8884615384615384,-0.8750000000000002,-9.25,"-9.25,-0.00,5.50,0.25",7,10,-55.00000000000001,-2.392499999999245,-26.068889765696213,-2.3697181374532192,26.0625
m5_low20-30_close50-70_green,YES,flat,below0-50,slope_flat,70,32,57.75,7.5,0.8125,0.825,-0.8750000000000004,-14.25,"-14.25,4.37,10.50,-4.12",5,10,-55.00000000000001,-2.392499999999245,-26.068889765696213,-2.3697181374532192,26.0625
m5_low20-30_close50-70_green,YES,flat,below0-50,slope_flat,75,32,57.75,7.5,0.75,0.77,-1.5000000000000002,-20.5,"-20.50,8.75,6.12,-0.38",5,10,-55.00000000000001,-2.392499999999245,-26.068889765696213,-2.3697181374532192,26.0625
m5_low20-30_close50-70_green,YES,flat,below0-50,slope_flat,80,32,57.75,7.5,0.6875,0.721875,-2.75,-28.0,"-28.00,3.12,10.50,3.38",4,10,-55.00000000000001,-2.392499999999245,-26.068889765696213,-2.3697181374532192,26.0625
m5_low20-30_close50-70_green,YES,flat,below0-50,slope_flat,85,32,57.75,7.5,0.6875,0.6794117647058824,0.6874999999999993,-26.125,"-26.12,6.87,14.88,7.12",4,10,-55.00000000000001,-2.392499999999245,-26.068889765696213,-2.3697181374532192,26.0625
m5_low20-30_close50-70_green,YES,flat,above0-50,slope_flat,65,30,57.4,7.0,0.8666666666666667,0.8830769230769231,-1.0666666666666667,-9.428571428571429,"-1.50,-9.43,-4.43,9.62",6,10,-25.0,0.8150000000003881,29.63464775783844,8.541289407839212,26.0
m5_low20-30_close50-70_green,YES,flat,above0-50,slope_flat,70,30,57.4,7.0,0.8333333333333334,0.82,0.9333333333333333,-15.857142857142858,"2.87,-15.86,-0.14,14.62",6,10,-54.0,0.8150000000003881,29.63464775783844,8.541289407839212,26.0
m5_low20-30_close50-70_green,YES,flat,above0-50,slope_flat,75,30,57.4,7.0,0.8333333333333334,0.7653333333333333,5.1,-13.0,"7.25,-13.00,4.14,19.62",6,10,-54.0,0.8150000000003881,29.63464775783844,8.541289407839212,26.0
m5_low20-30_close50-70_green,YES,flat,above0-50,slope_flat,80,30,57.4,7.0,0.8,0.7175,6.6,-10.142857142857142,"11.62,-10.14,-3.00,24.62",6,10,-54.0,0.8150000000003881,29.63464775783844,8.541289407839212,26.0
m5_low20-30_close50-70_green,YES,flat,above0-50,slope_flat,85,30,57.4,7.0,0.7666666666666667,0.6752941176470588,7.766666666666667,-7.2857142857142865,"16.00,-7.29,0.57,19.00",6,10,-54.0,0.8150000000003881,29.63464775783844,8.541289407839212,26.0
m5_low20-30_close50-70_green,YES,flat,above50-150,slope_flat,65,23,58.869565217391305,7.0,0.8260869565217391,0.905685618729097,-5.173913043478261,-14.0,"-4.67,7.67,-10.60,-14.00",6,9,-51.0,5.449130434782369,89.15770162569844,13.525363151142221,26.130434782608695
m5_low20-30_close50-70_green,YES,flat,above50-150,slope_flat,70,23,58.869565217391305,7.0,0.8260869565217391,0.8409937888198757,-1.043478260869565,-10.666666666666666,"-0.50,12.67,-6.60,-10.67",6,9,-51.0,5.449130434782369,89.15770162569844,13.525363151142221,26.130434782608695
m5_low20-30_close50-70_green,YES,flat,above50-150,slope_flat,75,23,58.869565217391305,7.0,0.782608695652174,0.784927536231884,-0.17391304347826056,-8.833333333333334,"-8.83,17.67,-2.60,-7.33",5,9,-51.0,5.449130434782369,89.15770162569844,13.525363151142221,26.130434782608695
m5_low20-30_close50-70_green,YES,flat,above50-150,slope_flat,80,23,58.869565217391305,7.0,0.782608695652174,0.7358695652173913,3.739130434782609,-5.5,"-5.50,22.67,1.40,-4.00",6,9,-51.0,5.449130434782369,89.15770162569844,13.525363151142221,26.130434782608695
m5_low20-30_close50-70_green,YES,flat,above50-150,slope_flat,85,23,58.869565217391305,7.0,0.782608695652174,0.6925831202046036,7.6521739130434785,-2.1666666666666665,"-2.17,27.67,5.40,-0.67",6,9,-51.0,5.449130434782369,89.15770162569844,13.525363151142221,26.130434782608695
m5_low25-35_close35-55_green,NO,flat,below50-150,slope_against25-75,65,25,44.92,6.0,0.76,0.6910769230769231,4.48,-11.285714285714286,"-11.29,11.33,7.33,13.17",6,10,-15.499999999999996,-4.343199999999488,-109.36092881833116,-38.3073634388615,29.56
m5_low25-35_close35-55_green,NO,flat,below50-150,slope_against25-75,70,25,44.92,6.0,0.68,0.6417142857142858,2.68,-18.428571428571427,"-18.43,15.50,11.50,5.67",5,10,-40.0,-4.343199999999488,-109.36092881833116,-38.3073634388615,29.56
m5_low25-35_close35-55_green,NO,flat,below50-150,slope_against25-75,75,25,44.92,6.0,0.64,0.5989333333333333,3.08,-16.285714285714285,"-16.29,19.67,15.67,-3.50",4,10,-40.0,-4.343199999999488,-109.36092881833116,-38.3073634388615,29.56
m5_low25-35_close35-55_green,NO,flat,below50-150,slope_against25-75,80,25,44.92,6.0,0.64,0.5615,6.28,-14.142857142857142,"-14.14,23.83,19.83,-1.00",4,10,-40.0,-4.343199999999488,-109.36092881833116,-38.3073634388615,29.56
m5_low25-35_close35-55_green,NO,flat,below50-150,slope_against25-75,85,25,44.92,6.0,0.64,0.5284705882352941,9.48,-12.0,"-12.00,28.00,24.00,1.50",5,10,-40.0,-4.343199999999488,-109.36092881833116,-38.3073634388615,29.56
m5_low25-35_close35-55_green,NO,flat,below50-150,slope_flat,65,31,45.32258064516129,6.0,0.5806451612903226,0.6972704714640198,-7.580645161290323,-20.25,"2.62,-4.63,-8.14,-20.25",2,9,-22.444444444444443,-0.9164516129035731,-76.77547833078913,-16.338433972646477,30.387096774193548
m5_low25-35_close35-55_green,NO,flat,below50-150,slope_flat,70,31,45.32258064516129,6.0,0.5806451612903226,0.6474654377880183,-4.67741935483871,-18.375,"6.38,-1.50,-5.29,-18.38",4,9,-20.77777777777778,-0.9164516129035731,-76.77547833078913,-16.338433972646477,30.387096774193548
m5_low25-35_close35-55_green,NO,flat,below50-150,slope_flat,75,31,45.32258064516129,6.0,0.5483870967741935,0.6043010752688172,-4.193548387096774,-16.5,"0.75,1.62,-2.43,-16.50",5,9,-44.5,-0.9164516129035731,-76.77547833078913,-16.338433972646477,30.387096774193548
m5_low25-35_close35-55_green,NO,flat,below50-150,slope_flat,80,31,45.32258064516129,6.0,0.5161290322580645,0.5665322580645161,-4.032258064516129,-14.625,"3.88,4.75,-11.00,-14.62",4,9,-44.5,-0.9164516129035731,-76.77547833078913,-16.338433972646477,30.387096774193548
m5_low25-35_close35-55_green,NO,flat,below50-150,slope_flat,85,31,45.32258064516129,6.0,0.45161290322580644,0.5332068311195446,-6.935483870967742,-14.25,"-14.25,7.87,-8.86,-12.75",2,9,-44.5,-0.9164516129035731,-76.77547833078913,-16.338433972646477,30.387096774193548
m5_low25-35_close35-55_green,NO,flat,below0-50,slope_flat,65,44,43.36363636363637,6.0,0.5,0.6671328671328672,-10.863636363636363,-20.90909090909091,"-11.82,-0.18,-10.55,-20.91",3,8,-37.666666666666664,-3.6613636363642645,-22.499178074894438,-5.1766486246028345,30.136363636363637
m5_low25-35_close35-55_green,NO,flat,below0-50,slope_flat,70,44,43.36363636363637,6.0,0.4318181818181818,0.6194805194805195,-13.136363636363637,-20.545454545454547,"-9.55,-3.36,-20.55,-19.09",3,8,-37.666666666666664,-3.6613636363642645,-22.499178074894438,-5.1766486246028345,30.136363636363637
m5_low25-35_close35-55_green,NO,flat,below0-50,slope_flat,75,44,43.36363636363637,6.0,0.38636363636363635,0.5781818181818182,-14.386363636363637,-25.545454545454547,"-7.27,-7.45,-25.55,-17.27",3,8,-37.666666666666664,-3.6613636363642645,-22.499178074894438,-5.1766486246028345,30.136363636363637
m5_low25-35_close35-55_green,NO,flat,below0-50,slope_flat,80,44,43.36363636363637,6.0,0.3409090909090909,0.5420454545454546,-16.09090909090909,-31.454545454545453,"-5.00,-12.45,-31.45,-15.45",2,8,-37.666666666666664,-3.6613636363642645,-22.499178074894438,-5.1766486246028345,30.136363636363637
m5_low25-35_close35-55_green,NO,flat,below0-50,slope_flat,85,44,43.36363636363637,6.0,0.3181818181818182,0.5101604278074867,-16.318181818181817,-38.27272727272727,"-2.73,-10.64,-38.27,-13.64",2,8,-37.666666666666664,-3.6613636363642645,-22.499178074894438,-5.1766486246028345,30.136363636363637
m5_low25-35_close35-55_green,NO,flat,above0-50,slope_flat,65,43,44.23255813953488,6.0,0.5581395348837209,0.6805008944543828,-7.953488372093023,-13.6,"-5.00,-8.27,-13.60,-5.45",5,10,-48.333333333333336,-0.8686046511622493,24.047766781407496,4.8373063860464836,30.53488372093023
m5_low25-35_close35-55_green,NO,flat,above0-50,slope_flat,70,43,44.23255813953488,6.0,0.5116279069767442,0.6318936877076412,-8.418604651162791,-18.272727272727273,"-1.82,-18.27,-11.10,-2.73",4,10,-48.333333333333336,-0.8686046511622493,24.047766781407496,4.8373063860464836,30.53488372093023
m5_low25-35_close35-55_green,NO,flat,above0-50,slope_flat,75,43,44.23255813953488,6.0,0.46511627906976744,0.589767441860465,-9.348837209302326,-23.272727272727273,"1.36,-23.27,-16.10,0.00",3,10,-48.333333333333336,-0.8686046511622493,24.047766781407496,4.8373063860464836,30.53488372093023
m5_low25-35_close35-55_green,NO,flat,above0-50,slope_flat,80,43,44.23255813953488,6.0,0.4418604651162791,0.552906976744186,-8.883720930232558,-21.90909090909091,"-2.73,-21.91,-14.10,2.73",2,10,-48.333333333333336,-0.8686046511622493,24.047766781407496,4.8373063860464836,30.53488372093023
m5_low25-35_close35-55_green,NO,flat,above0-50,slope_flat,85,43,44.23255813953488,6.0,0.4418604651162791,0.5203830369357044,-6.674418604651163,-20.545454545454547,"-0.00,-20.55,-12.10,5.45",4,10,-48.333333333333336,-0.8686046511622493,24.047766781407496,4.8373063860464836,30.53488372093023
m5_low25-35_close35-55_green,YES,flat,below50-150,slope_against25-75,65,24,45.208333333333336,6.0,0.6666666666666666,0.6955128205128206,-1.875,-17.166666666666668,"-1.83,21.00,-17.17,-9.50",6,10,-49.5,-0.9983333333329938,-100.87324004229806,-36.37042787067336,29.541666666666668
m5_low25-35_close35-55_green,YES,flat,below50-150,slope_against25-75,70,24,45.208333333333336,6.0,0.6666666666666666,0.6458333333333334,1.4583333333333333,-14.666666666666666,"1.50,26.00,-14.67,-7.00",6,10,-49.5,-0.9983333333329938,-100.87324004229806,-36.37042787067336,29.541666666666668
m5_low25-35_close35-55_green,YES,flat,below50-150,slope_against25-75,75,24,45.208333333333336,6.0,0.5,0.6027777777777779,-7.708333333333333,-17.0,"-7.67,6.00,-12.17,-17.00",3,10,-49.5,-0.9983333333329938,-100.87324004229806,-36.37042787067336,29.541666666666668
m5_low25-35_close35-55_green,YES,flat,below50-150,slope_against25-75,80,24,45.208333333333336,6.0,0.4166666666666667,0.5651041666666667,-11.875,-28.666666666666668,"-18.50,9.33,-9.67,-28.67",2,10,-49.5,-0.9983333333329938,-100.87324004229806,-36.37042787067336,29.541666666666668
m5_low25-35_close35-55_green,YES,flat,below50-150,slope_against25-75,85,24,45.208333333333336,6.0,0.4166666666666667,0.5318627450980392,-9.791666666666666,-27.833333333333332,"-16.83,12.67,-7.17,-27.83",2,10,-49.5,-0.9983333333329938,-100.87324004229806,-36.37042787067336,29.541666666666668
m5_low25-35_close35-55_green,YES,flat,below0-50,slope_flat,65,39,43.97435897435897,6.0,0.5128205128205128,0.6765285996055226,-10.64102564102564,-18.4,"-18.40,-4.40,-15.11,-5.10",2,9,-42.5,-3.0435897435894823,-24.26988712784544,-4.17831751112009,30.743589743589745
m5_low25-35_close35-55_green,YES,flat,below0-50,slope_flat,70,39,43.97435897435897,6.0,0.4358974358974359,0.6282051282051282,-13.461538461538462,-23.4,"-23.40,-15.40,-12.89,-2.10",1,9,-42.5,-3.0435897435894823,-24.26988712784544,-4.17831751112009,30.743589743589745
m5_low25-35_close35-55_green,YES,flat,below0-50,slope_flat,75,39,43.97435897435897,6.0,0.4358974358974359,0.5863247863247862,-11.282051282051283,-21.9,"-21.90,-13.40,-10.67,0.90",1,9,-42.5,-3.0435897435894823,-24.26988712784544,-4.17831751112009,30.743589743589745
m5_low25-35_close35-55_green,YES,flat,below0-50,slope_flat,80,39,43.97435897435897,6.0,0.38461538461538464,0.5496794871794871,-13.205128205128204,-28.4,"-28.40,-19.40,-8.44,3.90",1,9,-48.0,-3.0435897435894823,-24.26988712784544,-4.17831751112009,30.743589743589745
m5_low25-35_close35-55_green,YES,flat,below0-50,slope_flat,85,39,43.97435897435897,6.0,0.38461538461538464,0.5173453996983408,-11.282051282051283,-27.4,"-27.40,-17.90,-6.22,6.90",2,9,-48.0,-3.0435897435894823,-24.26988712784544,-4.17831751112009,30.743589743589745
m5_low25-35_close35-55_green,YES,flat,above0-50,slope_flat,65,31,45.064516129032256,6.0,0.6129032258064516,0.6933002481389577,-5.225806451612903,-19.5,"19.88,-19.50,-7.86,-13.75",6,9,-22.5,-4.027741935484125,24.36587157440062,10.331412845960116,29.774193548387096
m5_low25-35_close35-55_green,YES,flat,above0-50,slope_flat,70,31,45.064516129032256,6.0,0.5806451612903226,0.6437788018433179,-4.419354838709677,-17.625,"16.12,-17.62,-5.00,-11.25",6,9,-20.625,-4.027741935484125,24.36587157440062,10.331412845960116,29.774193548387096
m5_low25-35_close35-55_green,YES,flat,above0-50,slope_flat,75,31,45.064516129032256,6.0,0.4838709677419355,0.6008602150537634,-8.774193548387096,-15.75,"1.75,-15.75,-12.86,-8.75",4,9,-28.125,-4.027741935484125,24.36587157440062,10.331412845960116,29.774193548387096
m5_low25-35_close35-55_green,YES,flat,above0-50,slope_flat,80,31,45.064516129032256,6.0,0.4838709677419355,0.5633064516129032,-6.354838709677419,-13.875,"4.88,-13.88,-10.71,-6.25",4,9,-26.875,-4.027741935484125,24.36587157440062,10.331412845960116,29.774193548387096
m5_low25-35_close35-55_green,YES,flat,above0-50,slope_flat,85,31,45.064516129032256,6.0,0.45161290322580644,0.5301707779886148,-6.67741935483871,-14.375,"8.00,-12.00,-8.57,-14.38",3,9,-25.625,-4.027741935484125,24.36587157440062,10.331412845960116,29.774193548387096
m5_low25-35_close35-55_green,YES,flat,above50-150,slope_flat,65,22,46.63636363636363,6.0,0.5909090909090909,0.7174825174825175,-8.227272727272727,-24.333333333333332,"-24.33,13.80,-21.20,0.33",3,9,-49.0,2.69272727272718,74.54915690609877,13.09988639045729,31.454545454545453
m5_low25-35_close35-55_green,YES,flat,above50-150,slope_flat,70,22,46.63636363636363,6.0,0.5909090909090909,0.6662337662337662,-5.2727272727272725,-22.666666666666668,"-22.67,18.80,-19.20,3.67",4,9,-49.0,2.69272727272718,74.54915690609877,13.09988639045729,31.454545454545453
m5_low25-35_close35-55_green,YES,flat,above50-150,slope_flat,75,22,46.63636363636363,6.0,0.5454545454545454,0.6218181818181818,-5.7272727272727275,-33.5,"-33.50,23.80,-17.20,7.00",4,9,-51.0,2.69272727272718,74.54915690609877,13.09988639045729,31.454545454545453
m5_low25-35_close35-55_green,YES,flat,above50-150,slope_flat,80,22,46.63636363636363,6.0,0.5454545454545454,0.5829545454545454,-3.0,-32.666666666666664,"-32.67,28.80,-15.20,10.33",5,9,-51.0,2.69272727272718,74.54915690609877,13.09988639045729,31.454545454545453
m5_low25-35_close35-55_green,YES,flat,above50-150,slope_flat,85,22,46.63636363636363,6.0,0.5454545454545454,0.548663101604278,-0.2727272727272727,-31.833333333333332,"-31.83,33.80,-13.20,13.67",5,9,-51.0,2.69272727272718,74.54915690609877,13.09988639045729,31.454545454545453
m5_low25-35_close40-60_green,NO,flat,below>150,slope_against25-75,65,23,49.34782608695652,6.0,0.6956521739130435,0.7591973244147158,-4.130434782608698,-17.500000000000004,"-6.00,2.00,6.80,-17.50",3,8,-40.5,-2.2339130434784633,-228.36703309388807,-50.80883578015757,30.82608695652174
m5_low25-35_close40-60_green,NO,flat,below>150,slope_against25-75,70,23,49.34782608695652,6.0,0.6086956521739131,0.7049689440993789,-6.739130434782611,-15.000000000000005,"-2.67,-5.50,-3.20,-15.00",3,8,-40.5,-2.2339130434784633,-228.36703309388807,-50.80883578015757,30.82608695652174
m5_low25-35_close40-60_green,NO,flat,below>150,slope_against25-75,75,23,49.34782608695652,6.0,0.5217391304347826,0.6579710144927536,-10.217391304347828,-15.2,"0.67,-14.67,-15.20,-12.50",4,8,-40.5,-2.2339130434784633,-228.36703309388807,-50.80883578015757,30.82608695652174
m5_low25-35_close40-60_green,NO,flat,below>150,slope_against25-75,80,23,49.34782608695652,6.0,0.5217391304347826,0.6168478260869565,-7.608695652173914,-13.2,"4.00,-12.17,-13.20,-10.00",4,8,-40.5,-2.2339130434784633,-228.36703309388807,-50.80883578015757,30.82608695652174
m5_low25-35_close40-60_green,NO,flat,below>150,slope_against25-75,85,23,49.34782608695652,6.0,0.4782608695652174,0.5805626598465473,-8.695652173913047,-21.66666666666667,"7.33,-9.67,-11.20,-21.67",4,8,-40.5,-2.2339130434784633,-228.36703309388807,-50.80883578015757,30.82608695652174
m5_low25-35_close40-60_green,NO,flat,below50-150,slope_against25-75,65,29,48.62068965517241,6.0,0.8275862068965517,0.7480106100795756,5.172413793103448,-6.875,"-6.88,17.43,8.14,3.71",7,10,-15.499999999999996,-2.687241379309853,-111.12718568769698,-38.53677984193225,29.96551724137931
m5_low25-35_close40-60_green,NO,flat,below50-150,slope_against25-75,70,29,48.62068965517241,6.0,0.7586206896551724,0.6945812807881774,4.482758620689655,-12.5,"-12.50,22.43,12.43,-2.00",6,10,-30.0,-2.687241379309853,-111.12718568769698,-38.53677984193225,29.96551724137931
m5_low25-35_close40-60_green,NO,flat,below50-150,slope_against25-75,75,29,48.62068965517241,6.0,0.7241379310344828,0.6482758620689655,5.689655172413793,-10.0,"-10.00,27.43,6.00,1.57",6,10,-28.75,-2.687241379309853,-111.12718568769698,-38.53677984193225,29.96551724137931
m5_low25-35_close40-60_green,NO,flat,below50-150,slope_against25-75,80,29,48.62068965517241,6.0,0.7241379310344828,0.6077586206896551,9.310344827586206,-7.5,"-7.50,32.43,9.57,5.14",7,10,-27.5,-2.687241379309853,-111.12718568769698,-38.53677984193225,29.96551724137931
m5_low25-35_close40-60_green,NO,flat,below50-150,slope_against25-75,85,29,48.62068965517241,6.0,0.7241379310344828,0.5720081135902637,12.931034482758621,-5.0,"-5.00,37.43,13.14,8.71",7,10,-26.25,-2.687241379309853,-111.12718568769698,-38.53677984193225,29.96551724137931
m5_low25-35_close40-60_green,NO,flat,below50-150,slope_flat,65,31,47.645161290322584,6.0,0.6451612903225806,0.7330024813895782,-5.70967741935484,-22.125,"6.37,-5.13,-1.43,-22.12",4,9,-51.0,-1.4970967741941306,-76.95006544926723,-15.223578115314716,30.677419354838708
m5_low25-35_close40-60_green,NO,flat,below50-150,slope_flat,70,31,47.645161290322584,6.0,0.6129032258064516,0.6806451612903226,-4.741935483870969,-20.25,"2.00,-2.00,2.14,-20.25",4,9,-51.0,-1.4970967741941306,-76.95006544926723,-15.223578115314716,30.677419354838708
m5_low25-35_close40-60_green,NO,flat,below50-150,slope_flat,75,31,47.645161290322584,6.0,0.6129032258064516,0.6352688172043011,-1.67741935483871,-18.375,"5.75,1.12,5.71,-18.38",5,9,-51.0,-1.4970967741941306,-76.95006544926723,-15.223578115314716,30.677419354838708
m5_low25-35_close40-60_green,NO,flat,below50-150,slope_flat,80,31,47.645161290322584,6.0,0.5806451612903226,0.5955645161290323,-1.1935483870967745,-16.5,"9.50,4.25,-2.14,-16.50",4,9,-51.0,-1.4970967741941306,-76.95006544926723,-15.223578115314716,30.677419354838708
m5_low25-35_close40-60_green,NO,flat,below50-150,slope_flat,85,31,47.645161290322584,6.0,0.5161290322580645,0.5605313092979127,-3.774193548387097,-14.625,"-8.00,7.37,0.71,-14.62",4,9,-51.0,-1.4970967741941306,-76.95006544926723,-15.223578115314716,30.677419354838708
m5_low25-35_close40-60_green,NO,flat,below0-50,slope_flat,65,47,49.91489361702128,6.0,0.6808510638297872,0.7679214402618658,-5.659574468085109,-13.583333333333336,"-7.67,1.33,-2.45,-13.58",5,9,-37.75000000000001,-0.8757446808511381,-20.92844650024044,-5.521193238382848,30.425531914893618
m5_low25-35_close40-60_green,NO,flat,below0-50,slope_flat,70,47,49.91489361702128,6.0,0.5957446808510638,0.7130699088145896,-8.21276595744681,-17.90909090909091,"-10.17,5.08,-17.91,-10.67",3,9,-36.50000000000001,-0.8757446808511381,-20.92844650024044,-5.521193238382848,30.425531914893618
m5_low25-35_close40-60_green,NO,flat,below0-50,slope_flat,75,47,49.91489361702128,6.0,0.574468085106383,0.6655319148936171,-6.829787234042556,-22.454545454545457,"-7.25,8.83,-22.45,-7.75",3,9,-35.25000000000001,-0.8757446808511381,-20.92844650024044,-5.521193238382848,30.425531914893618
m5_low25-35_close40-60_green,NO,flat,below0-50,slope_flat,80,47,49.91489361702128,6.0,0.5106382978723404,0.6239361702127659,-9.063829787234045,-27.90909090909091,"-4.33,-0.75,-27.91,-4.83",2,9,-34.00000000000001,-0.8757446808511381,-20.92844650024044,-5.521193238382848,30.425531914893618
m5_low25-35_close40-60_green,NO,flat,below0-50,slope_flat,85,47,49.91489361702128,6.0,0.48936170212765956,0.5872340425531914,-8.319148936170215,-34.27272727272727,"-1.42,2.17,-34.27,-1.92",3,9,-41.625,-0.8757446808511381,-20.92844650024044,-5.521193238382848,30.425531914893618
m5_low25-35_close40-60_green,NO,flat,above0-50,slope_flat,65,49,48.10204081632653,6.0,0.673469387755102,0.7400313971742543,-4.326530612244899,-8.083333333333334,"-4.46,-8.08,-1.33,-3.42",4,10,-40.333333333333336,0.4338775510210437,24.3568626944714,4.738851551875253,30.571428571428573
m5_low25-35_close40-60_green,NO,flat,above0-50,slope_flat,70,49,48.10204081632653,6.0,0.6326530612244898,0.6871720116618075,-3.816326530612245,-16.833333333333332,"-1.00,-16.83,2.42,-0.08",4,10,-40.333333333333336,0.4338775510210437,24.3568626944714,4.738851551875253,30.571428571428573
m5_low25-35_close40-60_green,NO,flat,above0-50,slope_flat,75,49,48.10204081632653,6.0,0.6122448979591837,0.6413605442176871,-2.183673469387755,-14.75,"2.46,-14.75,-0.08,3.25",4,10,-40.333333333333336,0.4338775510210437,24.3568626944714,4.738851551875253,30.571428571428573
m5_low25-35_close40-60_green,NO,flat,above0-50,slope_flat,80,49,48.10204081632653,6.0,0.5918367346938775,0.6012755102040817,-0.7551020408163265,-12.666666666666666,"-0.23,-12.67,3.25,6.58",4,10,-40.333333333333336,0.4338775510210437,24.3568626944714,4.738851551875253,30.571428571428573
m5_low25-35_close40-60_green,NO,flat,above0-50,slope_flat,85,49,48.10204081632653,6.0,0.5918367346938775,0.565906362545018,2.204081632653061,-10.583333333333334,"2.85,-10.58,6.58,9.92",6,10,-40.333333333333336,0.4338775510210437,24.3568626944714,4.738851551875253,30.571428571428573
m5_low25-35_close40-60_green,YES,flat,below>150,slope_against>75,65,20,49.6,6.0,0.75,0.7630769230769231,-0.8500000000000014,-13.000000000000005,"1.40,-13.00,-11.60,19.80",3,7,-44.0,-2.5869999999984428,-426.66495220821054,-131.46180368092354,30.35
m5_low25-35_close40-60_green,YES,flat,below>150,slope_against>75,70,20,49.6,6.0,0.75,0.7085714285714286,2.899999999999998,-10.000000000000004,"5.40,-10.00,-8.60,24.80",3,7,-44.0,-2.5869999999984428,-426.66495220821054,-131.46180368092354,30.35
m5_low25-35_close40-60_green,YES,flat,below>150,slope_against>75,75,20,49.6,6.0,0.75,0.6613333333333333,6.649999999999999,-7.000000000000004,"9.40,-7.00,-5.60,29.80",4,7,-44.0,-2.5869999999984428,-426.66495220821054,-131.46180368092354,30.35
m5_low25-35_close40-60_green,YES,flat,below>150,slope_against>75,80,20,49.6,6.0,0.65,0.62,2.399999999999999,-18.6,"-18.60,-4.00,-2.60,34.80",3,7,-44.0,-2.5869999999984428,-426.66495220821054,-131.46180368092354,30.35
m5_low25-35_close40-60_green,YES,flat,below>150,slope_against>75,85,20,49.6,6.0,0.65,0.5835294117647059,5.6499999999999995,-16.6,"-16.60,-1.00,0.40,39.80",4,7,-44.0,-2.5869999999984428,-426.66495220821054,-131.46180368092354,30.35
m5_low25-35_close40-60_green,YES,flat,below>150,slope_against25-75,65,20,50.0,6.0,0.75,0.7692307692307693,-1.2500000000000004,-13.4,"-9.40,3.60,14.20,-13.40",4,9,-55.00000000000001,-0.12550000000046566,-200.2754811046867,-55.20398474565663,30.2
m5_low25-35_close40-60_green,YES,flat,below>150,slope_against25-75,70,20,50.0,6.0,0.75,0.7142857142857143,2.5000000000000004,-10.4,"-6.40,7.60,19.20,-10.40",5,9,-55.00000000000001,-0.12550000000046566,-200.2754811046867,-55.20398474565663,30.2
m5_low25-35_close40-60_green,YES,flat,below>150,slope_against25-75,75,20,50.0,6.0,0.7,0.6666666666666666,2.5,-7.4,"-3.40,-3.40,24.20,-7.40",6,9,-55.00000000000001,-0.12550000000046566,-200.2754811046867,-55.20398474565663,30.2
m5_low25-35_close40-60_green,YES,flat,below>150,slope_against25-75,80,20,50.0,6.0,0.7,0.625,6.0,-4.4,"-0.40,-0.40,29.20,-4.40",7,9,-55.00000000000001,-0.12550000000046566,-200.2754811046867,-55.20398474565663,30.2
m5_low25-35_close40-60_green,YES,flat,below>150,slope_against25-75,85,20,50.0,6.0,0.55,0.5882352941176471,-3.25,-18.4,"-14.40,2.60,17.20,-18.40",5,9,-55.00000000000001,-0.12550000000046566,-200.2754811046867,-55.20398474565663,30.2
m5_low25-35_close40-60_green,YES,flat,below50-150,slope_against25-75,65,23,47.130434782608695,6.0,0.7391304347826086,0.7250836120401338,0.9130434782608693,-23.4,"-4.50,21.00,-23.40,6.50",6,10,-49.5,-1.4386956521734449,-100.18763412368034,-36.42399906885776,29.695652173913043
m5_low25-35_close40-60_green,YES,flat,below50-150,slope_against25-75,70,23,47.130434782608695,6.0,0.7391304347826086,0.6732919254658385,4.608695652173913,-21.4,"-1.17,26.00,-21.40,10.67",6,10,-49.5,-1.4386956521734449,-100.18763412368034,-36.42399906885776,29.695652173913043
m5_low25-35_close40-60_green,YES,flat,below50-150,slope_against25-75,75,23,47.130434782608695,6.0,0.5652173913043478,0.6284057971014493,-4.739130434782608,-19.4,"-10.33,6.00,-19.40,2.33",3,10,-49.5,-1.4386956521734449,-100.18763412368034,-36.42399906885776,29.695652173913043
m5_low25-35_close40-60_green,YES,flat,below50-150,slope_against25-75,80,23,47.130434782608695,6.0,0.4782608695652174,0.5891304347826087,-8.869565217391305,-21.166666666666668,"-21.17,9.33,-17.40,-7.67",3,10,-49.5,-1.4386956521734449,-100.18763412368034,-36.42399906885776,29.695652173913043
m5_low25-35_close40-60_green,YES,flat,below50-150,slope_against25-75,85,23,47.130434782608695,6.0,0.4782608695652174,0.5544757033248082,-6.478260869565218,-19.5,"-19.50,12.67,-15.40,-5.17",4,10,-49.5,-1.4386956521734449,-100.18763412368034,-36.42399906885776,29.695652173913043
m5_low25-35_close40-60_green,YES,flat,below0-50,slope_flat,65,47,48.170212765957444,7.0,0.5957446808510638,0.7410801963993453,-9.446808510638299,-21.5,"-10.58,-21.50,0.27,-5.17",2,10,-46.5,-2.0042553191485646,-24.79772679078946,-3.485510546482785,30.595744680851062
m5_low25-35_close40-60_green,YES,flat,below0-50,slope_flat,70,47,48.170212765957444,7.0,0.5319148936170213,0.6881458966565349,-10.936170212765957,-25.25,"-13.50,-25.25,-2.45,-1.83",1,10,-46.5,-2.0042553191485646,-24.79772679078946,-3.485510546482785,30.595744680851062
m5_low25-35_close40-60_green,YES,flat,below0-50,slope_flat,75,47,48.170212765957444,7.0,0.5106382978723404,0.6422695035460992,-9.872340425531915,-23.583333333333332,"-17.25,-23.58,0.73,1.50",1,10,-46.5,-2.0042553191485646,-24.79772679078946,-3.485510546482785,30.595744680851062
m5_low25-35_close40-60_green,YES,flat,below0-50,slope_flat,80,47,48.170212765957444,7.0,0.46808510638297873,0.602127659574468,-10.72340425531915,-28.583333333333332,"-21.83,-28.58,3.91,4.83",2,10,-48.0,-2.0042553191485646,-24.79772679078946,-3.485510546482785,30.595744680851062
m5_low25-35_close40-60_green,YES,flat,below0-50,slope_flat,85,47,48.170212765957444,7.0,0.46808510638297873,0.5667083854818523,-8.382978723404255,-27.333333333333332,"-20.17,-27.33,7.09,8.17",3,10,-48.0,-2.0042553191485646,-24.79772679078946,-3.485510546482785,30.595744680851062
m5_low25-35_close40-60_green,YES,flat,above0-50,slope_flat,65,36,49.55555555555556,6.0,0.6666666666666666,0.7623931623931625,-6.222222222222222,-18.444444444444443,"14.78,-18.44,-7.11,-14.11",5,9,-19.333333333333332,-2.406944444444283,26.764067844063497,10.451258123046298,30.416666666666668
m5_low25-35_close40-60_green,YES,flat,above0-50,slope_flat,70,36,49.55555555555556,6.0,0.6388888888888888,0.707936507936508,-4.833333333333333,-16.22222222222222,"12.00,-16.22,-3.78,-11.33",5,9,-17.11111111111111,-2.406944444444283,26.764067844063497,10.451258123046298,30.416666666666668
m5_low25-35_close40-60_green,YES,flat,above0-50,slope_flat,75,36,49.55555555555556,6.0,0.5277777777777778,0.6607407407407407,-9.972222222222221,-17.11111111111111,"-0.22,-14.00,-17.11,-8.56",4,9,-48.0,-2.406944444444283,26.764067844063497,10.451258123046298,30.416666666666668
m5_low25-35_close40-60_green,YES,flat,above0-50,slope_flat,80,36,49.55555555555556,6.0,0.5277777777777778,0.6194444444444445,-7.333333333333333,-14.88888888888889,"3.11,-11.78,-14.89,-5.78",5,9,-48.0,-2.406944444444283,26.764067844063497,10.451258123046298,30.416666666666668
m5_low25-35_close40-60_green,YES,flat,above0-50,slope_flat,85,36,49.55555555555556,6.0,0.5,0.5830065359477125,-7.055555555555555,-12.666666666666664,"6.44,-9.56,-12.67,-12.44",4,9,-48.0,-2.406944444444283,26.764067844063497,10.451258123046298,30.416666666666668
m5_low25-35_close40-60_green,YES,flat,above50-150,slope_flat,65,22,49.40909090909091,6.0,0.6818181818181818,0.7601398601398601,-5.090909090909091,-33.0,"-7.67,13.80,-33.00,5.00",4,9,-30.333333333333332,5.369545454545335,80.79354805503218,15.14184849711786,30.681818181818183
m5_low25-35_close40-60_green,YES,flat,above50-150,slope_flat,70,22,49.40909090909091,6.0,0.6818181818181818,0.7058441558441558,-1.681818181818182,-32.0,"-4.33,18.80,-32.00,9.17",5,9,-28.666666666666668,5.369545454545335,80.79354805503218,15.14184849711786,30.681818181818183
m5_low25-35_close40-60_green,YES,flat,above50-150,slope_flat,75,22,49.40909090909091,6.0,0.6363636363636364,0.6587878787878787,-1.681818181818182,-31.0,"-13.50,23.80,-31.00,13.33",5,9,-51.0,5.369545454545335,80.79354805503218,15.14184849711786,30.681818181818183
m5_low25-35_close40-60_green,YES,flat,above50-150,slope_flat,80,22,49.40909090909091,6.0,0.6363636363636364,0.6176136363636363,1.5,-30.0,"-11.00,28.80,-30.00,17.50",5,9,-51.0,5.369545454545335,80.79354805503218,15.14184849711786,30.681818181818183
m5_low25-35_close40-60_green,YES,flat,above50-150,slope_flat,85,22,49.40909090909091,6.0,0.6363636363636364,0.5812834224598931,4.681818181818182,-29.0,"-8.50,33.80,-29.00,21.67",5,9,-51.0,5.369545454545335,80.79354805503218,15.14184849711786,30.681818181818183
m5_low25-35_close40-60_green,YES,flat,above50-150,slope_with25-75,65,22,52.04545454545455,7.0,0.6363636363636364,0.8006993006993007,-10.681818181818182,-30.833333333333332,"2.33,2.20,-15.00,-30.83",4,9,-49.0,-1.6549999999988358,107.14737384227986,38.443097559970326,31.40909090909091
m5_low25-35_close40-60_green,YES,flat,above50-150,slope_with25-75,70,22,52.04545454545455,7.0,0.6363636363636364,0.7435064935064936,-7.5,-29.166666666666668,"6.50,6.20,-12.00,-29.17",4,9,-49.0,-1.6549999999988358,107.14737384227986,38.443097559970326,31.40909090909091
m5_low25-35_close40-60_green,YES,flat,above50-150,slope_with25-75,75,22,52.04545454545455,7.0,0.5454545454545454,0.693939393939394,-11.136363636363637,-39.0,"10.67,10.20,-39.00,-27.50",4,9,-49.0,-1.6549999999988358,107.14737384227986,38.443097559970326,31.40909090909091
m5_low25-35_close40-60_green,YES,flat,above50-150,slope_with25-75,80,22,52.04545454545455,7.0,0.5,0.6505681818181819,-12.045454545454545,-38.0,"14.83,-1.80,-38.00,-25.83",4,9,-50.5,-1.6549999999988358,107.14737384227986,38.443097559970326,31.40909090909091
m5_low25-35_close40-60_green,YES,flat,above50-150,slope_with25-75,85,22,52.04545454545455,7.0,0.5,0.6122994652406417,-9.545454545454545,-37.0,"19.00,1.20,-37.00,-24.17",4,9,-50.5,-1.6549999999988358,107.14737384227986,38.443097559970326,31.40909090909091
m5_low25-35_close40-60_green,YES,flat,above>150,slope_with>75,65,23,50.391304347826086,6.0,0.7391304347826086,0.7752508361204014,-2.347826086956522,-13.5,"-6.50,-13.50,10.80,2.00",5,9,-46.0,-1.6526086956528951,472.91572234100465,145.9811167035618,31.0
m5_low25-35_close40-60_green,YES,flat,above>150,slope_with>75,70,23,50.391304347826086,6.0,0.6956521739130435,0.7198757763975155,-1.6956521739130435,-11.0,"-3.17,-11.00,1.80,6.17",5,9,-46.0,-1.6526086956528951,472.91572234100465,145.9811167035618,31.0
m5_low25-35_close40-60_green,YES,flat,above>150,slope_with>75,75,23,50.391304347826086,6.0,0.6086956521739131,0.6718840579710145,-4.739130434782608,-9.2,"0.17,-8.50,-9.20,-2.17",3,9,-55.00000000000001,-1.6526086956528951,472.91572234100465,145.9811167035618,31.0
m5_low25-35_close40-60_green,YES,flat,above>150,slope_with>75,80,23,50.391304347826086,6.0,0.5217391304347826,0.629891304347826,-8.652173913043478,-12.166666666666666,"-9.83,-6.00,-6.20,-12.17",2,9,-55.00000000000001,-1.6526086956528951,472.91572234100465,145.9811167035618,31.0
m5_low25-35_close40-60_green,YES,flat,above>150,slope_with>75,85,23,50.391304347826086,6.0,0.5217391304347826,0.5928388746803069,-6.043478260869565,-9.666666666666666,"-7.33,-3.50,-3.20,-9.67",4,9,-55.00000000000001,-1.6526086956528951,472.91572234100465,145.9811167035618,31.0
m5_low25-35_close45-65_green,NO,flat,below>150,slope_against>75,65,20,54.25,7.0,0.9,0.8346153846153846,4.249999999999998,-2.6000000000000028,"-2.60,13.20,-1.60,8.00",6,8,-4.000000000000002,1.5205000000005384,-339.3374084917643,-111.37238471076853,30.2
m5_low25-35_close45-65_green,NO,flat,below>150,slope_against>75,70,20,54.25,7.0,0.9,0.775,8.749999999999998,1.3999999999999972,"1.40,18.20,2.40,13.00",7,8,-0.2500000000000018,1.5205000000005384,-339.3374084917643,-111.37238471076853,30.2
m5_low25-35_close45-65_green,NO,flat,below>150,slope_against>75,75,20,54.25,7.0,0.8,0.7233333333333334,5.749999999999998,2.9999999999999973,"5.40,8.20,6.40,3.00",7,8,-22.000000000000004,1.5205000000005384,-339.3374084917643,-111.37238471076853,30.2
m5_low25-35_close45-65_green,NO,flat,below>150,slope_against>75,80,20,54.25,7.0,0.65,0.678125,-2.2500000000000027,-21.6,"9.40,12.20,-21.60,-9.00",4,8,-58.00000000000001,1.5205000000005384,-339.3374084917643,-111.37238471076853,30.2
m5_low25-35_close45-65_green,NO,flat,below>150,slope_against>75,85,20,54.25,7.0,0.65,0.638235294117647,0.9999999999999979,-19.6,"13.40,16.20,-19.60,-6.00",4,8,-58.00000000000001,1.5205000000005384,-339.3374084917643,-111.37238471076853,30.2
m5_low25-35_close45-65_green,NO,flat,below>150,slope_against25-75,65,22,54.72727272727273,6.0,0.8636363636363636,0.8419580419580419,1.4090909090909065,-4.500000000000003,"-0.00,12.60,-1.00,-4.50",8,10,-22.5,1.9081818181806407,-218.37308945174433,-50.24017760852009,31.09090909090909
m5_low25-35_close45-65_green,NO,flat,below>150,slope_against25-75,70,22,54.72727272727273,6.0,0.7727272727272727,0.7818181818181819,-0.6363636363636389,-11.000000000000002,"4.17,3.60,-11.00,-0.33",7,10,-20.0,1.9081818181806407,-218.37308945174433,-50.24017760852009,31.09090909090909
m5_low25-35_close45-65_green,NO,flat,below>150,slope_against25-75,75,22,54.72727272727273,6.0,0.6363636363636364,0.7296969696969697,-7.000000000000003,-23.0,"8.33,-7.40,-23.00,-8.67",5,10,-64.0,1.9081818181806407,-218.37308945174433,-50.24017760852009,31.09090909090909
m5_low25-35_close45-65_green,NO,flat,below>150,slope_against25-75,80,22,54.72727272727273,6.0,0.6363636363636364,0.6840909090909091,-3.8181818181818206,-21.0,"12.50,-4.40,-21.00,-5.33",5,10,-64.0,1.9081818181806407,-218.37308945174433,-50.24017760852009,31.09090909090909
m5_low25-35_close45-65_green,NO,flat,below>150,slope_against25-75,85,22,54.72727272727273,6.0,0.5909090909090909,0.6438502673796791,-4.500000000000002,-19.0,"16.67,-1.40,-19.00,-16.17",5,10,-64.0,1.9081818181806407,-218.37308945174433,-50.24017760852009,31.09090909090909
m5_low25-35_close45-65_green,NO,flat,below50-150,slope_against25-75,65,26,53.65384615384615,7.0,0.9615384615384616,0.8254437869822485,8.846153846153843,2.5714285714285703,"2.57,12.00,15.00,7.14",9,10,-6.0,-1.1976923076917256,-107.11859589365737,-38.61042216387264,30.0
m5_low25-35_close45-65_green,NO,flat,below50-150,slope_against25-75,70,26,53.65384615384615,7.0,0.8846153846153846,0.7664835164835164,8.269230769230765,-3.1428571428571437,"-3.14,17.00,20.00,2.14",8,10,-26.0,-1.1976923076917256,-107.11859589365737,-38.61042216387264,30.0
m5_low25-35_close45-65_green,NO,flat,below50-150,slope_against25-75,75,26,53.65384615384615,7.0,0.8461538461538461,0.7153846153846154,9.807692307692308,0.42857142857142755,"0.43,22.00,12.50,6.43",8,10,-24.333333333333332,-1.1976923076917256,-107.11859589365737,-38.61042216387264,30.0
m5_low25-35_close45-65_green,NO,flat,below50-150,slope_against25-75,80,26,53.65384615384615,7.0,0.8461538461538461,0.6706730769230769,14.038461538461538,3.999999999999999,"4.00,27.00,16.67,10.71",8,10,-22.666666666666668,-1.1976923076917256,-107.11859589365737,-38.61042216387264,30.0
m5_low25-35_close45-65_green,NO,flat,below50-150,slope_against25-75,85,26,53.65384615384615,7.0,0.8461538461538461,0.6312217194570136,18.26923076923077,7.57142857142857,"7.57,32.00,20.83,15.00",8,10,-21.0,-1.1976923076917256,-107.11859589365737,-38.61042216387264,30.0
m5_low25-35_close45-65_green,NO,flat,below50-150,slope_flat,65,28,53.392857142857146,7.0,0.75,0.8214285714285715,-4.642857142857144,-22.857142857142858,"0.14,-6.00,10.14,-22.86",5,9,-51.0,0.23392857142763596,-78.1639738611666,-16.613487848041455,31.464285714285715
m5_low25-35_close45-65_green,NO,flat,below50-150,slope_flat,70,28,53.392857142857146,7.0,0.7142857142857143,0.7627551020408164,-3.3928571428571432,-20.714285714285715,"-5.57,-2.43,15.14,-20.71",5,9,-51.0,0.23392857142763596,-78.1639738611666,-16.613487848041455,31.464285714285715
m5_low25-35_close45-65_green,NO,flat,below50-150,slope_flat,75,28,53.392857142857146,7.0,0.7142857142857143,0.7119047619047619,0.17857142857142833,-18.571428571428573,"-2.00,1.14,20.14,-18.57",5,9,-51.0,0.23392857142763596,-78.1639738611666,-16.613487848041455,31.464285714285715
m5_low25-35_close45-65_green,NO,flat,below50-150,slope_flat,80,28,53.392857142857146,7.0,0.6785714285714286,0.6674107142857143,0.8928571428571429,-16.428571428571427,"1.57,4.71,13.71,-16.43",4,9,-51.0,0.23392857142763596,-78.1639738611666,-16.613487848041455,31.464285714285715
m5_low25-35_close45-65_green,NO,flat,below50-150,slope_flat,85,28,53.392857142857146,7.0,0.5714285714285714,0.6281512605042017,-4.821428571428571,-16.0,"-7.00,-16.00,18.00,-14.29",4,9,-51.0,0.23392857142763596,-78.1639738611666,-16.613487848041455,31.464285714285715
m5_low25-35_close45-65_green,NO,flat,below0-50,slope_flat,65,52,56.44230769230769,6.5,0.7115384615384616,0.8683431952662722,-10.192307692307695,-14.692307692307695,"-5.38,-14.69,-6.54,-14.15",4,9,-37.75000000000001,1.0438461538459916,-21.463676130365528,-4.601836799146231,30.865384615384617
m5_low25-35_close45-65_green,NO,flat,below0-50,slope_flat,70,52,56.44230769230769,6.5,0.6730769230769231,0.8063186813186813,-9.326923076923078,-11.230769230769234,"-6.92,-11.23,-8.08,-11.08",3,9,-36.50000000000001,1.0438461538459916,-21.463676130365528,-4.601836799146231,30.865384615384617
m5_low25-35_close45-65_green,NO,flat,below0-50,slope_flat,75,52,56.44230769230769,6.5,0.5961538461538461,0.7525641025641026,-11.73076923076923,-21.923076923076923,"-9.23,-7.77,-21.92,-8.00",2,9,-35.25000000000001,1.0438461538459916,-21.463676130365528,-4.601836799146231,30.865384615384617
m5_low25-35_close45-65_green,NO,flat,below0-50,slope_flat,80,52,56.44230769230769,6.5,0.5576923076923077,0.7055288461538461,-11.826923076923077,-25.76923076923077,"-6.15,-10.46,-25.77,-4.92",2,9,-34.00000000000001,1.0438461538459916,-21.463676130365528,-4.601836799146231,30.865384615384617
m5_low25-35_close45-65_green,NO,flat,below0-50,slope_flat,85,52,56.44230769230769,6.5,0.5384615384615384,0.6640271493212669,-10.673076923076925,-30.384615384615383,"-3.08,-7.38,-30.38,-1.85",4,9,-33.285714285714285,1.0438461538459916,-21.463676130365528,-4.601836799146231,30.865384615384617
m5_low25-35_close45-65_green,NO,flat,above0-50,slope_flat,65,46,54.30434782608695,6.5,0.782608695652174,0.8354515050167224,-3.434782608695654,-11.083333333333336,"-11.08,-1.09,3.64,-4.42",5,10,-26.000000000000004,2.019130434782868,24.1824876050629,4.415850353803051,30.73913043478261
m5_low25-35_close45-65_green,NO,flat,above0-50,slope_flat,70,46,54.30434782608695,6.5,0.7391304347826086,0.775776397515528,-2.565217391304349,-7.750000000000003,"-7.75,-3.36,1.82,-0.67",4,10,-23.500000000000004,2.019130434782868,24.1824876050629,4.415850353803051,30.73913043478261
m5_low25-35_close45-65_green,NO,flat,above0-50,slope_flat,75,46,54.30434782608695,6.5,0.717391304347826,0.7240579710144928,-0.5000000000000014,-4.416666666666669,"-4.42,0.27,-0.91,3.08",4,10,-21.000000000000004,2.019130434782868,24.1824876050629,4.415850353803051,30.73913043478261
m5_low25-35_close45-65_green,NO,flat,above0-50,slope_flat,80,46,54.30434782608695,6.5,0.6956521739130435,0.6788043478260869,1.3478260869565204,-7.750000000000003,"-7.75,3.91,2.73,6.83",6,10,-48.0,2.019130434782868,24.1824876050629,4.415850353803051,30.73913043478261
m5_low25-35_close45-65_green,NO,flat,above0-50,slope_flat,85,46,54.30434782608695,6.5,0.6739130434782609,0.6388746803069053,2.978260869565217,-11.91666666666667,"-11.92,7.55,6.36,10.58",6,10,-48.0,2.019130434782868,24.1824876050629,4.415850353803051,30.73913043478261
m5_low25-35_close45-65_green,NO,flat,above50-150,slope_with25-75,65,22,57.72727272727273,6.0,0.7727272727272727,0.8881118881118881,-7.500000000000001,-18.600000000000005,"6.17,-18.60,-18.60,-2.67",4,8,-33.66666666666667,1.0000000000003306,96.06007761435764,33.828352963085884,30.727272727272727
m5_low25-35_close45-65_green,NO,flat,above50-150,slope_with25-75,70,22,57.72727272727273,6.0,0.5909090909090909,0.8246753246753247,-16.363636363636363,-43.6,"-0.50,-43.60,-15.60,-10.17",3,8,-59.0,1.0000000000003306,96.06007761435764,33.828352963085884,30.727272727272727
m5_low25-35_close45-65_green,NO,flat,above50-150,slope_with25-75,75,22,57.72727272727273,6.0,0.5909090909090909,0.7696969696969697,-13.409090909090908,-42.6,"3.67,-42.60,-12.60,-6.83",3,8,-59.0,1.0000000000003306,96.06007761435764,33.828352963085884,30.727272727272727
m5_low25-35_close45-65_green,NO,flat,above50-150,slope_with25-75,80,22,57.72727272727273,6.0,0.5909090909090909,0.7215909090909091,-10.454545454545455,-41.6,"7.83,-41.60,-9.60,-3.50",3,8,-59.0,1.0000000000003306,96.06007761435764,33.828352963085884,30.727272727272727
m5_low25-35_close45-65_green,NO,flat,above50-150,slope_with25-75,85,22,57.72727272727273,6.0,0.5454545454545454,0.6791443850267379,-11.363636363636365,-40.6,"12.00,-40.60,-6.60,-14.33",2,8,-59.0,1.0000000000003306,96.06007761435764,33.828352963085884,30.727272727272727
m5_low25-35_close45-65_green,YES,flat,below>150,slope_against>75,65,22,55.54545454545455,6.0,0.8181818181818182,0.8545454545454546,-2.363636363636365,-7.0,"-0.67,-5.40,-7.00,2.33",4,8,-29.0,0.9372727272738385,-405.14786240209156,-128.20938927328132,30.545454545454547
m5_low25-35_close45-65_green,YES,flat,below>150,slope_against>75,70,22,55.54545454545455,6.0,0.7272727272727273,0.7935064935064935,-4.636363636363638,-17.0,"-8.17,-1.40,-17.00,6.50",3,8,-61.0,0.9372727272738385,-405.14786240209156,-128.20938927328132,30.545454545454547
m5_low25-35_close45-65_green,YES,flat,below>150,slope_against>75,75,22,55.54545454545455,6.0,0.7272727272727273,0.7406060606060606,-1.0000000000000013,-14.0,"-4.83,2.60,-14.00,10.67",3,8,-61.0,0.9372727272738385,-405.14786240209156,-128.20938927328132,30.545454545454547
m5_low25-35_close45-65_green,YES,flat,below>150,slope_against>75,80,22,55.54545454545455,6.0,0.6363636363636364,0.6943181818181818,-4.636363636363637,-28.16666666666667,"-28.17,6.60,-11.00,14.83",3,8,-61.0,0.9372727272738385,-405.14786240209156,-128.20938927328132,30.545454545454547
m5_low25-35_close45-65_green,YES,flat,below>150,slope_against>75,85,22,55.54545454545455,6.0,0.6363636363636364,0.653475935828877,-1.4545454545454546,-26.500000000000004,"-26.50,10.60,-8.00,19.00",4,8,-61.0,0.9372727272738385,-405.14786240209156,-128.20938927328132,30.545454545454547
m5_low25-35_close45-65_green,YES,flat,below>150,slope_against25-75,65,22,52.72727272727273,6.5,0.7727272727272727,0.8111888111888111,-2.500000000000001,-23.0,"-7.00,11.20,13.80,-23.00",5,9,-58.0,0.6459090909087205,-197.50335761325516,-52.859980460902904,30.272727272727273
m5_low25-35_close45-65_green,YES,flat,below>150,slope_against25-75,70,22,52.72727272727273,6.5,0.7727272727272727,0.7532467532467533,1.363636363636364,-20.5,"-3.67,16.20,18.80,-20.50",5,9,-58.0,0.6459090909087205,-197.50335761325516,-52.859980460902904,30.272727272727273
m5_low25-35_close45-65_green,YES,flat,below>150,slope_against25-75,75,22,52.72727272727273,6.5,0.7272727272727273,0.703030303030303,1.8181818181818186,-18.0,"-0.33,6.20,23.80,-18.00",6,9,-58.0,0.6459090909087205,-197.50335761325516,-52.859980460902904,30.272727272727273
m5_low25-35_close45-65_green,YES,flat,below>150,slope_against25-75,80,22,52.72727272727273,6.5,0.7272727272727273,0.6590909090909091,5.454545454545454,-15.5,"3.00,10.20,28.80,-15.50",7,9,-58.0,0.6459090909087205,-197.50335761325516,-52.859980460902904,30.272727272727273
m5_low25-35_close45-65_green,YES,flat,below>150,slope_against25-75,85,22,52.72727272727273,6.5,0.5454545454545454,0.6203208556149733,-6.363636363636365,-27.166666666666668,"-7.83,-2.80,16.80,-27.17",4,9,-58.0,0.6459090909087205,-197.50335761325516,-52.859980460902904,30.272727272727273
m5_low25-35_close45-65_green,YES,flat,below50-150,slope_against25-75,65,23,51.34782608695652,6.0,0.8260869565217391,0.7899665551839465,2.3478260869565215,-15.2,"4.67,16.67,-15.20,0.33",6,9,-49.0,-0.6847826086953358,-98.01344623383572,-37.345524181667514,29.391304347826086
m5_low25-35_close45-65_green,YES,flat,below50-150,slope_against25-75,70,23,51.34782608695652,6.0,0.8260869565217391,0.7335403726708075,6.478260869565218,-12.2,"8.83,21.67,-12.20,4.50",6,9,-49.0,-0.6847826086953358,-98.01344623383572,-37.345524181667514,29.391304347826086
m5_low25-35_close45-65_green,YES,flat,below50-150,slope_against25-75,75,23,51.34782608695652,6.0,0.6521739130434783,0.6846376811594204,-2.4347826086956523,-12.0,"-12.00,14.17,-9.20,-3.83",4,9,-49.0,-0.6847826086953358,-98.01344623383572,-37.345524181667514,29.391304347826086
m5_low25-35_close45-65_green,YES,flat,below50-150,slope_against25-75,80,23,51.34782608695652,6.0,0.6086956521739131,0.6418478260869566,-2.652173913043478,-13.833333333333334,"-9.50,18.33,-6.20,-13.83",5,9,-49.0,-0.6847826086953358,-98.01344623383572,-37.345524181667514,29.391304347826086
m5_low25-35_close45-65_green,YES,flat,below50-150,slope_against25-75,85,23,51.34782608695652,6.0,0.6086956521739131,0.6040920716112532,0.39130434782608664,-11.333333333333334,"-7.00,22.50,-3.20,-11.33",5,9,-49.0,-0.6847826086953358,-98.01344623383572,-37.345524181667514,29.391304347826086
m5_low25-35_close45-65_green,YES,flat,below50-150,slope_flat,65,22,53.22727272727273,7.0,0.8636363636363636,0.8188811188811189,2.9090909090909074,-8.666666666666668,"-8.67,10.40,12.20,0.50",4,7,-12.333333333333336,-3.6340909090911073,-81.85471504173653,-15.02193522427313,31.318181818181817
m5_low25-35_close45-65_green,YES,flat,below50-150,slope_flat,70,22,53.22727272727273,7.0,0.8181818181818182,0.7603896103896104,4.045454545454544,-5.333333333333335,"-5.33,1.40,17.20,4.67",3,7,-18.500000000000004,-3.6340909090911073,-81.85471504173653,-15.02193522427313,31.318181818181817
m5_low25-35_close45-65_green,YES,flat,below50-150,slope_flat,75,22,53.22727272727273,7.0,0.7272727272727273,0.7096969696969697,1.3181818181818168,-9.600000000000001,"-2.00,-9.60,7.20,8.83",4,7,-16.000000000000004,-3.6340909090911073,-81.85471504173653,-15.02193522427313,31.318181818181817
m5_low25-35_close45-65_green,YES,flat,below50-150,slope_flat,80,22,53.22727272727273,7.0,0.6363636363636364,0.665340909090909,-2.3181818181818197,-12.0,"-12.00,-6.60,11.20,-0.33",2,7,-13.500000000000004,-3.6340909090911073,-81.85471504173653,-15.02193522427313,31.318181818181817
m5_low25-35_close45-65_green,YES,flat,below50-150,slope_flat,85,22,53.22727272727273,7.0,0.5909090909090909,0.6262032085561497,-3.0,-9.500000000000002,"-9.50,-3.60,-1.80,3.00",3,7,-15.8,-3.6340909090911073,-81.85471504173653,-15.02193522427313,31.318181818181817
m5_low25-35_close45-65_green,YES,flat,below0-50,slope_flat,65,40,53.45,7.0,0.75,0.8223076923076924,-4.7,-10.3,"-7.70,-10.30,0.50,-1.30",4,10,-46.5,-0.0679999999996653,-23.394355921506577,-2.7115005600257063,30.5
m5_low25-35_close45-65_green,YES,flat,below0-50,slope_flat,70,40,53.45,7.0,0.675,0.7635714285714286,-6.2,-20.8,"-11.20,-20.80,4.50,2.70",2,10,-46.5,-0.0679999999996653,-23.394355921506577,-2.7115005600257063,30.5
m5_low25-35_close45-65_green,YES,flat,below0-50,slope_flat,75,40,53.45,7.0,0.65,0.7126666666666667,-4.7,-18.3,"-15.70,-18.30,8.50,6.70",2,10,-46.5,-0.0679999999996653,-23.394355921506577,-2.7115005600257063,30.5
m5_low25-35_close45-65_green,YES,flat,below0-50,slope_flat,80,40,53.45,7.0,0.6,0.6681250000000001,-5.45,-23.8,"-21.20,-23.80,12.50,10.70",2,10,-46.5,-0.0679999999996653,-23.394355921506577,-2.7115005600257063,30.5
m5_low25-35_close45-65_green,YES,flat,below0-50,slope_flat,85,40,53.45,7.0,0.6,0.6288235294117648,-2.45,-21.8,"-19.20,-21.80,16.50,14.70",2,10,-46.5,-0.0679999999996653,-23.394355921506577,-2.7115005600257063,30.5
m5_low25-35_close45-65_green,YES,flat,above0-50,slope_flat,65,35,53.94285714285714,7.0,0.8,0.8298901098901099,-1.9428571428571424,-13.333333333333334,"12.00,-13.33,-3.50,-3.11",7,10,-31.4,-0.38399999999944284,27.62574899273438,8.83906377373309,30.8
m5_low25-35_close45-65_green,YES,flat,above0-50,slope_flat,70,35,53.94285714285714,7.0,0.7428571428571429,0.7706122448979592,-1.9428571428571424,-17.77777777777778,"9.22,-17.78,0.25,0.78",6,10,-43.4,-0.38399999999944284,27.62574899273438,8.83906377373309,30.8
m5_low25-35_close45-65_green,YES,flat,above0-50,slope_flat,75,35,53.94285714285714,7.0,0.6285714285714286,0.7192380952380952,-6.8,-23.333333333333332,"5.33,-23.33,-14.75,4.67",6,10,-55.0,-0.38399999999944284,27.62574899273438,8.83906377373309,30.8
m5_low25-35_close45-65_green,YES,flat,above0-50,slope_flat,80,35,53.94285714285714,7.0,0.6285714285714286,0.6742857142857143,-3.657142857142857,-21.11111111111111,"9.22,-21.11,-12.25,8.56",7,10,-55.0,-0.38399999999944284,27.62574899273438,8.83906377373309,30.8
m5_low25-35_close45-65_green,YES,flat,above0-50,slope_flat,85,35,53.94285714285714,7.0,0.6,0.6346218487394958,-2.942857142857143,-18.88888888888889,"13.11,-18.89,-9.75,3.00",7,10,-55.0,-0.38399999999944284,27.62574899273438,8.83906377373309,30.8
m5_low25-35_close45-65_green,YES,flat,above50-150,slope_flat,65,26,53.84615384615385,6.0,0.8076923076923077,0.8284023668639053,-1.3461538461538465,-20.0,"-6.43,6.17,-20.00,13.29",6,9,-30.333333333333332,5.794615384615519,78.67885172818038,14.534183768175213,31.0
m5_low25-35_close45-65_green,YES,flat,above50-150,slope_flat,70,26,53.84615384615385,6.0,0.8076923076923077,0.7692307692307693,2.6923076923076925,-17.5,"-2.86,11.17,-17.50,18.29",6,9,-28.666666666666668,5.794615384615519,78.67885172818038,14.534183768175213,31.0
m5_low25-35_close45-65_green,YES,flat,above50-150,slope_flat,75,26,53.84615384615385,6.0,0.7692307692307693,0.717948717948718,3.8461538461538463,-15.0,"-10.00,16.17,-15.00,23.29",6,9,-51.0,5.794615384615519,78.67885172818038,14.534183768175213,31.0
m5_low25-35_close45-65_green,YES,flat,above50-150,slope_flat,80,26,53.84615384615385,6.0,0.7692307692307693,0.6730769230769231,7.6923076923076925,-12.5,"-7.14,21.17,-12.50,28.29",6,9,-51.0,5.794615384615519,78.67885172818038,14.534183768175213,31.0
m5_low25-35_close45-65_green,YES,flat,above50-150,slope_flat,85,26,53.84615384615385,6.0,0.7692307692307693,0.6334841628959276,11.538461538461538,-9.999999999999998,"-4.29,26.17,-10.00,33.29",7,9,-51.0,5.794615384615519,78.67885172818038,14.534183768175213,31.0
m5_low25-35_close45-65_green,YES,flat,above50-150,slope_with25-75,65,25,54.36,7.0,0.64,0.8363076923076923,-12.76,-35.333333333333336,"1.86,2.33,-35.33,-22.33",4,9,-54.0,1.2488000000015018,106.33580511426844,36.95167789281666,31.76
m5_low25-35_close45-65_green,YES,flat,above50-150,slope_with25-75,70,25,54.36,7.0,0.6,0.7765714285714286,-12.36,-33.666666666666664,"6.14,-5.17,-33.67,-19.83",4,9,-54.0,1.2488000000015018,106.33580511426844,36.95167789281666,31.76
m5_low25-35_close45-65_green,YES,flat,above50-150,slope_with25-75,75,25,54.36,7.0,0.56,0.7248,-12.36,-44.5,"10.43,-1.83,-44.50,-17.33",4,9,-54.0,1.2488000000015018,106.33580511426844,36.95167789281666,31.76
m5_low25-35_close45-65_green,YES,flat,above50-150,slope_with25-75,80,25,54.36,7.0,0.52,0.6795,-12.76,-43.666666666666664,"14.71,-11.83,-43.67,-14.83",4,9,-54.0,1.2488000000015018,106.33580511426844,36.95167789281666,31.76
m5_low25-35_close45-65_green,YES,flat,above50-150,slope_with25-75,85,25,54.36,7.0,0.48,0.6395294117647059,-13.56,-57.0,"19.00,-9.33,-57.00,-12.33",4,9,-54.0,1.2488000000015018,106.33580511426844,36.95167789281666,31.76
m5_low25-35_close45-65_green,YES,flat,above>150,slope_with>75,65,22,53.18181818181818,6.0,0.8181818181818182,0.8181818181818181,-3.2297397080004555e-16,-14.0,"0.67,-14.00,10.80,2.00",6,9,-46.0,-2.5954545454554716,496.79664961131226,146.6629369304299,31.136363636363637
m5_low25-35_close45-65_green,YES,flat,above>150,slope_with>75,70,22,53.18181818181818,6.0,0.7727272727272727,0.7597402597402597,0.9090909090909091,-11.0,"4.83,-11.00,1.80,6.17",6,9,-46.0,-2.5954545454554716,496.79664961131226,146.6629369304299,31.136363636363637
m5_low25-35_close45-65_green,YES,flat,above>150,slope_with>75,75,22,53.18181818181818,6.0,0.6818181818181818,0.7090909090909091,-2.0454545454545454,-9.2,"9.00,-8.00,-9.20,-2.17",4,9,-55.00000000000001,-2.5954545454554716,496.79664961131226,146.6629369304299,31.136363636363637
m5_low25-35_close45-65_green,YES,flat,above>150,slope_with>75,80,22,53.18181818181818,6.0,0.5909090909090909,0.6647727272727273,-5.909090909090909,-12.166666666666666,"-0.17,-5.00,-6.20,-12.17",4,9,-55.00000000000001,-2.5954545454554716,496.79664961131226,146.6629369304299,31.136363636363637
m5_low25-35_close45-65_green,YES,flat,above>150,slope_with>75,85,22,53.18181818181818,6.0,0.5909090909090909,0.6256684491978609,-2.9545454545454546,-9.666666666666666,"3.17,-2.00,-3.20,-9.67",4,9,-55.00000000000001,-2.5954545454554716,496.79664961131226,146.6629369304299,31.136363636363637
m5_low25-35_close50-70_green,NO,flat,below>150,slope_against>75,65,20,59.05,7.0,0.9,0.9084615384615384,-0.5500000000000025,-17.200000000000006,"4.40,-17.20,4.40,6.20",6,9,-14.000000000000007,1.422000000000844,-351.7737559690151,-114.25581922573838,30.35
m5_low25-35_close50-70_green,NO,flat,below>150,slope_against>75,70,20,59.05,7.0,0.85,0.8435714285714285,0.4499999999999972,-14.200000000000006,"9.40,-14.20,-4.60,11.20",6,9,-14.999999999999995,1.422000000000844,-351.7737559690151,-114.25581922573838,30.35
m5_low25-35_close50-70_green,NO,flat,below>150,slope_against>75,75,20,59.05,7.0,0.7,0.7873333333333333,-6.5500000000000025,-15.6,"-0.60,-11.20,-15.60,1.20",5,9,-36.666666666666664,1.422000000000844,-351.7737559690151,-114.25581922573838,30.35
m5_low25-35_close50-70_green,NO,flat,below>150,slope_against>75,80,20,59.05,7.0,0.6,0.7381249999999999,-11.05,-26.800000000000004,"3.40,-8.20,-12.60,-26.80",3,9,-58.00000000000001,1.422000000000844,-351.7737559690151,-114.25581922573838,30.35
m5_low25-35_close50-70_green,NO,flat,below>150,slope_against>75,85,20,59.05,7.0,0.6,0.6947058823529412,-8.050000000000002,-24.800000000000004,"7.40,-5.20,-9.60,-24.80",3,9,-58.00000000000001,1.422000000000844,-351.7737559690151,-114.25581922573838,30.35
m5_low25-35_close50-70_green,NO,flat,below>150,slope_against25-75,65,23,58.34782608695652,7.0,0.9130434782608695,0.8976588628762542,0.9999999999999976,-5.500000000000001,"-5.50,10.00,-4.40,3.00",7,10,-32.5,0.2582608695643696,-212.40195942050732,-50.95831943774607,30.869565217391305
m5_low25-35_close50-70_green,NO,flat,below>150,slope_against25-75,70,23,58.34782608695652,7.0,0.782608695652174,0.8335403726708075,-3.5652173913043503,-14.4,"-1.33,3.33,-14.40,-3.67",6,10,-31.0,0.2582608695643696,-212.40195942050732,-50.95831943774607,30.869565217391305
m5_low25-35_close50-70_green,NO,flat,below>150,slope_against25-75,75,23,58.34782608695652,7.0,0.6521739130434783,0.7779710144927536,-9.434782608695652,-26.4,"2.83,-5.00,-26.40,-12.00",6,10,-66.0,0.2582608695643696,-212.40195942050732,-50.95831943774607,30.869565217391305
m5_low25-35_close50-70_green,NO,flat,below>150,slope_against25-75,80,23,58.34782608695652,7.0,0.6521739130434783,0.7293478260869566,-6.1739130434782625,-24.4,"7.00,-1.67,-24.40,-8.67",6,10,-66.0,0.2582608695643696,-212.40195942050732,-50.95831943774607,30.869565217391305
m5_low25-35_close50-70_green,NO,flat,below>150,slope_against25-75,85,23,58.34782608695652,7.0,0.6086956521739131,0.6864450127877239,-6.608695652173914,-22.4,"11.17,1.67,-22.40,-19.50",5,10,-66.0,0.2582608695643696,-212.40195942050732,-50.95831943774607,30.869565217391305
m5_low25-35_close50-70_green,NO,flat,below50-150,slope_against25-75,65,26,57.53846153846154,7.0,1.0,0.885207100591716,7.461538461538459,6.666666666666662,"7.14,6.67,9.00,7.14",10,10,4.199999999999996,0.9011538461535775,-107.89636159590988,-38.377584919009955,30.26923076923077
m5_low25-35_close50-70_green,NO,flat,below50-150,slope_against25-75,70,26,57.53846153846154,7.0,0.8846153846153846,0.821978021978022,4.384615384615382,-7.857142857142857,"-7.86,11.67,14.00,2.14",8,10,-33.0,0.9011538461535775,-107.89636159590988,-38.377584919009955,30.26923076923077
m5_low25-35_close50-70_green,NO,flat,below50-150,slope_against25-75,75,26,57.53846153846154,7.0,0.8076923076923077,0.7671794871794873,3.038461538461535,-15.0,"-15.00,16.67,6.50,6.43",7,10,-31.333333333333332,0.9011538461535775,-107.89636159590988,-38.377584919009955,30.26923076923077
m5_low25-35_close50-70_green,NO,flat,below50-150,slope_against25-75,80,26,57.53846153846154,7.0,0.8076923076923077,0.7192307692307692,7.076923076923075,-12.142857142857142,"-12.14,21.67,10.67,10.71",8,10,-29.666666666666668,0.9011538461535775,-107.89636159590988,-38.377584919009955,30.26923076923077
m5_low25-35_close50-70_green,NO,flat,below50-150,slope_against25-75,85,26,57.53846153846154,7.0,0.8076923076923077,0.676923076923077,11.115384615384613,-9.285714285714286,"-9.29,26.67,14.83,15.00",8,10,-28.0,0.9011538461535775,-107.89636159590988,-38.377584919009955,30.26923076923077
m5_low25-35_close50-70_green,NO,flat,below50-150,slope_flat,65,28,56.785714285714285,7.0,0.8214285714285714,0.8736263736263736,-3.3928571428571432,-16.285714285714285,"0.14,-2.00,4.57,-16.29",6,9,-51.0,0.9674999999993555,-79.24601235559307,-17.216247946839367,31.107142857142858
m5_low25-35_close50-70_green,NO,flat,below50-150,slope_flat,70,28,56.785714285714285,7.0,0.7857142857142857,0.8112244897959183,-1.7857142857142858,-13.428571428571429,"-5.57,2.29,9.57,-13.43",5,9,-51.0,0.9674999999993555,-79.24601235559307,-17.216247946839367,31.107142857142858
m5_low25-35_close50-70_green,NO,flat,below50-150,slope_flat,75,28,56.785714285714285,7.0,0.75,0.7571428571428571,-0.5357142857142859,-10.571428571428571,"-2.00,6.57,3.86,-10.57",6,9,-51.0,0.9674999999993555,-79.24601235559307,-17.216247946839367,31.107142857142858
m5_low25-35_close50-70_green,NO,flat,below50-150,slope_flat,80,28,56.785714285714285,7.0,0.7142857142857143,0.7098214285714286,0.3571428571428569,-7.714285714285715,"1.57,10.86,-3.29,-7.71",5,9,-51.0,0.9674999999993555,-79.24601235559307,-17.216247946839367,31.107142857142858
m5_low25-35_close50-70_green,NO,flat,below50-150,slope_flat,85,28,56.785714285714285,7.0,0.6071428571428571,0.6680672268907563,-5.178571428571429,-9.14285714285714,"-7.00,-9.14,0.29,-4.86",3,9,-51.0,0.9674999999993555,-79.24601235559307,-17.216247946839367,31.107142857142858
m5_low25-35_close50-70_green,NO,flat,below0-50,slope_flat,65,51,59.19607843137255,7.0,0.7647058823529411,0.910708898944193,-9.490196078431374,-10.846153846153848,"-10.15,-10.85,-9.50,-7.46",4,8,-31.600000000000005,0.8733333333330652,-21.433017487438253,-5.204990356965544,30.862745098039216
m5_low25-35_close50-70_green,NO,flat,below0-50,slope_flat,70,51,59.19607843137255,7.0,0.7058823529411765,0.8456582633053221,-9.784313725490197,-17.07692307692308,"-17.08,-7.00,-11.58,-3.62",3,8,-43.6,0.8733333333330652,-21.433017487438253,-5.204990356965544,30.862745098039216
m5_low25-35_close50-70_green,NO,flat,below0-50,slope_flat,75,51,59.19607843137255,7.0,0.6274509803921569,0.7892810457516339,-12.137254901960784,-27.0,"-19.77,-3.15,-27.00,0.23",2,8,-42.6,0.8733333333330652,-21.433017487438253,-5.204990356965544,30.862745098039216
m5_low25-35_close50-70_green,NO,flat,below0-50,slope_flat,80,51,59.19607843137255,7.0,0.6078431372549019,0.7399509803921569,-10.568627450980392,-24.916666666666668,"-17.08,-5.46,-24.92,4.08",2,8,-41.6,0.8733333333330652,-21.433017487438253,-5.204990356965544,30.862745098039216
m5_low25-35_close50-70_green,NO,flat,below0-50,slope_flat,85,51,59.19607843137255,7.0,0.5882352941176471,0.6964244521337947,-9.196078431372548,-29.916666666666668,"-14.38,-2.00,-29.92,7.92",2,8,-40.6,0.8733333333330652,-21.433017487438253,-5.204990356965544,30.862745098039216
m5_low25-35_close50-70_green,NO,flat,above0-50,slope_flat,65,51,58.294117647058826,7.0,0.8235294117647058,0.8968325791855204,-4.764705882352941,-13.30769230769231,"-13.31,-5.31,1.08,-1.08",3,10,-23.500000000000004,2.5284313725492478,24.574917060573437,3.5205285274473592,30.725490196078432
m5_low25-35_close50-70_green,NO,flat,above0-50,slope_flat,70,51,58.294117647058826,7.0,0.7843137254901961,0.8327731092436975,-3.392156862745098,-9.846153846153848,"-9.85,-1.08,-6.00,3.15",4,10,-21.000000000000004,2.5284313725492478,24.574917060573437,3.5205285274473592,30.725490196078432
m5_low25-35_close50-70_green,NO,flat,above0-50,slope_flat,75,51,58.294117647058826,7.0,0.7843137254901961,0.7772549019607844,0.5294117647058822,-6.384615384615387,"-6.38,3.15,-2.25,7.38",6,10,-18.500000000000004,2.5284313725492478,24.574917060573437,3.5205285274473592,30.725490196078432
m5_low25-35_close50-70_green,NO,flat,above0-50,slope_flat,80,51,58.294117647058826,7.0,0.7843137254901961,0.7286764705882354,4.450980392156863,-2.923076923076925,"-2.92,7.38,1.50,11.62",6,10,-16.000000000000004,2.5284313725492478,24.574917060573437,3.5205285274473592,30.725490196078432
m5_low25-35_close50-70_green,NO,flat,above0-50,slope_flat,85,51,58.294117647058826,7.0,0.7647058823529411,0.6858131487889274,6.705882352941177,-6.000000000000002,"-6.00,11.62,5.25,15.85",7,10,-13.500000000000005,2.5284313725492478,24.574917060573437,3.5205285274473592,30.725490196078432
m5_low25-35_close50-70_green,NO,flat,above50-150,slope_flat,65,21,59.76190476190476,7.0,0.9523809523809523,0.9194139194139194,2.142857142857141,-5.400000000000003,"0.50,-5.40,9.20,4.60",7,9,-22.000000000000004,2.7200000000001245,78.14987910512475,15.35429331713593,30.285714285714292
m5_low25-35_close50-70_green,NO,flat,above50-150,slope_flat,70,21,59.76190476190476,7.0,0.8571428571428571,0.8537414965986394,0.23809523809523642,-17.833333333333332,"-17.83,-1.40,14.20,9.60",6,9,-28.999999999999993,2.7200000000001245,78.14987910512475,15.35429331713593,30.285714285714292
m5_low25-35_close50-70_green,NO,flat,above50-150,slope_flat,75,21,59.76190476190476,7.0,0.8571428571428571,0.7968253968253968,4.523809523809523,-14.5,"-14.50,2.60,19.20,14.60",6,9,-26.499999999999993,2.7200000000001245,78.14987910512475,15.35429331713593,30.285714285714292
m5_low25-35_close50-70_green,NO,flat,above50-150,slope_flat,80,21,59.76190476190476,7.0,0.7142857142857143,0.7470238095238095,-2.6190476190476204,-25.400000000000002,"-24.50,-25.40,24.20,19.60",6,9,-54.5,2.7200000000001245,78.14987910512475,15.35429331713593,30.285714285714292
m5_low25-35_close50-70_green,NO,flat,above50-150,slope_flat,85,21,59.76190476190476,7.0,0.7142857142857143,0.7030812324929971,0.9523809523809507,-23.400000000000002,"-22.00,-23.40,29.20,24.60",6,9,-54.5,2.7200000000001245,78.14987910512475,15.35429331713593,30.285714285714292
m5_low25-35_close50-70_green,NO,flat,above50-150,slope_with25-75,65,21,60.904761904761905,6.0,0.8571428571428571,0.936996336996337,-5.190476190476192,-19.800000000000004,"-5.17,1.80,-19.80,2.40",5,8,-25.250000000000004,3.1171428571428157,94.32426962424263,33.48718657896478,31.19047619047619
m5_low25-35_close50-70_green,NO,flat,above50-150,slope_with25-75,70,21,60.904761904761905,6.0,0.6666666666666666,0.8700680272108844,-14.238095238095237,-21.2,"-12.67,-21.20,-16.80,-6.60",4,8,-59.0,3.1171428571428157,94.32426962424263,33.48718657896478,31.19047619047619
m5_low25-35_close50-70_green,NO,flat,above50-150,slope_with25-75,75,21,60.904761904761905,6.0,0.6666666666666666,0.812063492063492,-10.904761904761907,-18.2,"-9.33,-18.20,-13.80,-2.60",4,8,-59.0,3.1171428571428157,94.32426962424263,33.48718657896478,31.19047619047619
m5_low25-35_close50-70_green,NO,flat,above50-150,slope_with25-75,80,21,60.904761904761905,6.0,0.6666666666666666,0.7613095238095238,-7.571428571428573,-15.2,"-6.00,-15.20,-10.80,1.40",4,8,-59.0,3.1171428571428157,94.32426962424263,33.48718657896478,31.19047619047619
m5_low25-35_close50-70_green,NO,flat,above50-150,slope_with25-75,85,21,60.904761904761905,6.0,0.6190476190476191,0.7165266106442577,-8.285714285714286,-12.200000000000001,"-2.67,-12.20,-7.80,-11.60",4,8,-69.0,3.1171428571428157,94.32426962424263,33.48718657896478,31.19047619047619
m5_low25-35_close50-70_green,YES,flat,below>150,slope_against>75,65,21,58.857142857142854,6.0,0.9047619047619048,0.9054945054945055,-0.04761904761904965,-10.2,"7.33,4.20,-10.20,-3.00",6,8,-29.0,1.5242857142868507,-431.39686461423463,-133.79682504446168,30.714285714285715
m5_low25-35_close50-70_green,YES,flat,below>150,slope_against>75,70,21,58.857142857142854,6.0,0.8095238095238095,0.8408163265306122,-2.1904761904761925,-20.2,"0.67,9.20,-20.20,1.00",4,8,-61.0,1.5242857142868507,-431.39686461423463,-133.79682504446168,30.714285714285715
m5_low25-35_close50-70_green,YES,flat,below>150,slope_against>75,75,21,58.857142857142854,6.0,0.8095238095238095,0.7847619047619048,1.8571428571428565,-17.2,"4.83,14.20,-17.20,5.00",4,8,-61.0,1.5242857142868507,-431.39686461423463,-133.79682504446168,30.714285714285715
m5_low25-35_close50-70_green,YES,flat,below>150,slope_against>75,80,21,58.857142857142854,6.0,0.7142857142857143,0.7357142857142857,-1.7142857142857164,-17.66666666666667,"-17.67,19.20,-14.20,9.00",3,8,-61.0,1.5242857142868507,-431.39686461423463,-133.79682504446168,30.714285714285715
m5_low25-35_close50-70_green,YES,flat,below>150,slope_against>75,85,21,58.857142857142854,6.0,0.7142857142857143,0.692436974789916,1.8571428571428554,-15.166666666666671,"-15.17,24.20,-11.20,13.00",4,8,-61.0,1.5242857142868507,-431.39686461423463,-133.79682504446168,30.714285714285715
m5_low25-35_close50-70_green,YES,flat,below>150,slope_against25-75,65,21,57.666666666666664,7.0,0.8571428571428571,0.8871794871794871,-1.952380952380953,-9.2,"-2.67,7.60,-3.40,-9.20",7,9,-58.0,1.0357142857139392,-195.8396980317595,-50.30092385804199,29.952380952380953
m5_low25-35_close50-70_green,YES,flat,below>150,slope_against25-75,70,21,57.666666666666664,7.0,0.8571428571428571,0.8238095238095238,2.333333333333332,-5.199999999999998,"1.50,12.60,0.60,-5.20",7,9,-58.0,1.0357142857139392,-195.8396980317595,-50.30092385804199,29.952380952380953
m5_low25-35_close50-70_green,YES,flat,below>150,slope_against25-75,75,21,57.666666666666664,7.0,0.7619047619047619,0.7688888888888888,-0.5238095238095248,-16.2,"5.67,2.60,4.60,-16.20",5,9,-58.0,1.0357142857139392,-195.8396980317595,-50.30092385804199,29.952380952380953
m5_low25-35_close50-70_green,YES,flat,below>150,slope_against25-75,80,21,57.666666666666664,7.0,0.7619047619047619,0.7208333333333333,3.2857142857142843,-13.2,"9.83,6.60,8.60,-13.20",5,9,-58.0,1.0357142857139392,-195.8396980317595,-50.30092385804199,29.952380952380953
m5_low25-35_close50-70_green,YES,flat,below>150,slope_against25-75,85,21,57.666666666666664,7.0,0.5714285714285714,0.6784313725490195,-9.095238095238097,-27.2,"-14.33,10.60,-4.40,-27.20",4,9,-58.0,1.0357142857139392,-195.8396980317595,-50.30092385804199,29.952380952380953
m5_low25-35_close50-70_green,YES,flat,below50-150,slope_against25-75,65,24,56.75,7.0,0.875,0.8730769230769231,0.1250000000000003,-22.5,"8.33,6.17,-22.50,8.50",6,9,-25.0,0.2550000000004123,-98.74911021226035,-37.63390589693154,29.416666666666668
m5_low25-35_close50-70_green,YES,flat,below50-150,slope_against25-75,70,24,56.75,7.0,0.875,0.8107142857142857,4.5,-20.0,"13.33,11.17,-20.00,13.50",7,9,-22.5,0.2550000000004123,-98.74911021226035,-37.63390589693154,29.416666666666668
m5_low25-35_close50-70_green,YES,flat,below50-150,slope_against25-75,75,24,56.75,7.0,0.7083333333333334,0.7566666666666667,-3.6249999999999996,-17.5,"-6.67,3.67,-17.50,6.00",4,9,-20.0,0.2550000000004123,-98.74911021226035,-37.63390589693154,29.416666666666668
m5_low25-35_close50-70_green,YES,flat,below50-150,slope_against25-75,80,24,56.75,7.0,0.625,0.709375,-6.75,-16.5,"-3.33,7.83,-15.00,-16.50",5,9,-39.0,0.2550000000004123,-98.74911021226035,-37.63390589693154,29.416666666666668
m5_low25-35_close50-70_green,YES,flat,below50-150,slope_against25-75,85,24,56.75,7.0,0.625,0.6676470588235294,-3.625,-14.0,"0.00,12.00,-12.50,-14.00",5,9,-37.75,0.2550000000004123,-98.74911021226035,-37.63390589693154,29.416666666666668
m5_low25-35_close50-70_green,YES,flat,below50-150,slope_flat,65,22,57.18181818181818,7.0,0.9545454545454546,0.8797202797202797,4.863636363636362,-0.16666666666666785,"-0.17,6.40,9.20,5.00",6,7,-12.333333333333336,-2.953181818181871,-80.46705490744716,-13.448220628914648,30.818181818181817
m5_low25-35_close50-70_green,YES,flat,below50-150,slope_flat,70,22,57.18181818181818,7.0,0.8636363636363636,0.8168831168831169,3.2727272727272716,-16.6,"4.00,-16.60,14.20,10.00",4,7,-18.500000000000004,-2.953181818181871,-80.46705490744716,-13.448220628914648,30.818181818181817
m5_low25-35_close50-70_green,YES,flat,below50-150,slope_flat,75,22,57.18181818181818,7.0,0.7727272727272727,0.7624242424242424,0.772727272727272,-13.6,"-4.33,-13.60,4.20,15.00",4,7,-22.25,-2.953181818181871,-80.46705490744716,-13.448220628914648,30.818181818181817
m5_low25-35_close50-70_green,YES,flat,below50-150,slope_flat,80,22,57.18181818181818,7.0,0.6818181818181818,0.7147727272727272,-2.6363636363636367,-14.333333333333334,"-14.33,-10.60,8.20,6.67",2,7,-19.75,-2.953181818181871,-80.46705490744716,-13.448220628914648,30.818181818181817
m5_low25-35_close50-70_green,YES,flat,below50-150,slope_flat,85,22,57.18181818181818,7.0,0.6363636363636364,0.6727272727272727,-3.090909090909091,-11.833333333333334,"-11.83,-7.60,-4.80,10.83",3,7,-22.8,-2.953181818181871,-80.46705490744716,-13.448220628914648,30.818181818181817
m5_low25-35_close50-70_green,YES,flat,below0-50,slope_flat,65,41,58.073170731707314,7.0,0.8536585365853658,0.8934333958724202,-2.585365853658537,-11.636363636363637,"-11.64,-6.50,1.40,7.30",3,9,-24.500000000000004,-0.6531707317072887,-24.76155674395456,-3.161477233475946,30.341463414634145
m5_low25-35_close50-70_green,YES,flat,below0-50,slope_flat,70,41,58.073170731707314,7.0,0.7804878048780488,0.8296167247386759,-3.4390243902439033,-14.363636363636363,"-14.36,-9.50,5.90,5.30",2,9,-65.0,-0.6531707317072887,-24.76155674395456,-3.161477233475946,30.341463414634145
m5_low25-35_close50-70_green,YES,flat,below0-50,slope_flat,75,41,58.073170731707314,7.0,0.7560975609756098,0.7743089430894309,-1.3658536585365857,-18.0,"-18.00,-6.00,10.40,9.80",2,9,-65.0,-0.6531707317072887,-24.76155674395456,-3.161477233475946,30.341463414634145
m5_low25-35_close50-70_green,YES,flat,below0-50,slope_flat,80,41,58.073170731707314,7.0,0.7073170731707317,0.7259146341463414,-1.487804878048781,-22.545454545454547,"-22.55,-10.50,14.90,14.30",3,9,-65.0,-0.6531707317072887,-24.76155674395456,-3.161477233475946,30.341463414634145
m5_low25-35_close50-70_green,YES,flat,below0-50,slope_flat,85,41,58.073170731707314,7.0,0.7073170731707317,0.6832137733142037,2.048780487804877,-20.272727272727273,"-20.27,-7.50,19.40,18.80",3,9,-65.0,-0.6531707317072887,-24.76155674395456,-3.161477233475946,30.341463414634145
m5_low25-35_close50-70_green,YES,flat,above0-50,slope_flat,65,39,59.41025641025641,7.0,0.8717948717948718,0.9140039447731755,-2.7435897435897436,-15.1,"3.10,-15.10,-1.67,2.80",6,10,-26.5,1.374871794872235,28.54492046729809,7.554191238773712,31.256410256410255
m5_low25-35_close50-70_green,YES,flat,above0-50,slope_flat,70,39,59.41025641025641,7.0,0.8205128205128205,0.8487179487179487,-1.9743589743589745,-18.6,"1.10,-18.60,2.78,7.30",8,10,-35.666666666666664,1.374871794872235,28.54492046729809,7.554191238773712,31.256410256410255
m5_low25-35_close50-70_green,YES,flat,above0-50,slope_flat,75,39,59.41025641025641,7.0,0.6923076923076923,0.7921367521367522,-7.487179487179487,-23.1,"-1.90,-23.10,-9.44,4.30",5,10,-34.0,1.374871794872235,28.54492046729809,7.554191238773712,31.256410256410255
m5_low25-35_close50-70_green,YES,flat,above0-50,slope_flat,80,39,59.41025641025641,7.0,0.6923076923076923,0.7426282051282052,-4.0256410256410255,-20.6,"2.10,-20.60,-6.11,8.30",5,10,-32.333333333333336,1.374871794872235,28.54492046729809,7.554191238773712,31.256410256410255
m5_low25-35_close50-70_green,YES,flat,above0-50,slope_flat,85,39,59.41025641025641,7.0,0.6410256410256411,0.6989441930618401,-4.923076923076923,-18.1,"6.10,-18.10,-2.78,-4.70",6,10,-30.666666666666668,1.374871794872235,28.54492046729809,7.554191238773712,31.256410256410255
m5_low25-35_close50-70_green,YES,flat,above50-150,slope_flat,65,28,57.75,6.0,0.8214285714285714,0.8884615384615384,-4.357142857142857,-11.285714285714283,"-7.43,-5.00,-11.29,6.29",4,9,-22.999999999999996,6.726785714285662,80.07140172960888,15.215726829637267,30.821428571428573
m5_low25-35_close50-70_green,YES,flat,above50-150,slope_flat,70,28,57.75,6.0,0.8214285714285714,0.825,-0.2500000000000003,-7.714285714285713,"-3.86,-0.71,-7.71,11.29",5,9,-20.499999999999996,6.726785714285662,80.07140172960888,15.215726829637267,30.821428571428573
m5_low25-35_close50-70_green,YES,flat,above50-150,slope_flat,75,28,57.75,6.0,0.7857142857142857,0.77,1.1785714285714286,-11.0,"-11.00,3.57,-4.14,16.29",6,9,-51.0,6.726785714285662,80.07140172960888,15.215726829637267,30.821428571428573
m5_low25-35_close50-70_green,YES,flat,above50-150,slope_flat,80,28,57.75,6.0,0.7857142857142857,0.721875,5.107142857142857,-8.142857142857144,"-8.14,7.86,-0.57,21.29",6,9,-51.0,6.726785714285662,80.07140172960888,15.215726829637267,30.821428571428573
m5_low25-35_close50-70_green,YES,flat,above50-150,slope_flat,85,28,57.75,6.0,0.7857142857142857,0.6794117647058824,9.035714285714286,-5.2857142857142865,"-5.29,12.14,3.00,26.29",6,9,-51.0,6.726785714285662,80.07140172960888,15.215726829637267,30.821428571428573
m5_low25-35_close50-70_green,YES,flat,above50-150,slope_with25-75,65,26,58.0,7.0,0.6923076923076923,0.8923076923076924,-13.0,-37.666666666666664,"-0.00,-3.67,-37.67,-12.86",4,9,-54.0,1.2692307692316087,108.56124821557555,37.86239277473382,31.73076923076923
m5_low25-35_close50-70_green,YES,flat,above50-150,slope_with25-75,70,26,58.0,7.0,0.6153846153846154,0.8285714285714286,-14.923076923076923,-36.0,"4.29,-11.17,-36.00,-19.29",3,9,-54.0,1.2692307692316087,108.56124821557555,37.86239277473382,31.73076923076923
m5_low25-35_close50-70_green,YES,flat,above50-150,slope_with25-75,75,26,58.0,7.0,0.5384615384615384,0.7733333333333333,-17.615384615384617,-34.333333333333336,"8.57,-32.83,-34.33,-16.43",3,9,-54.0,1.2692307692316087,108.56124821557555,37.86239277473382,31.73076923076923
m5_low25-35_close50-70_green,YES,flat,above50-150,slope_with25-75,80,26,58.0,7.0,0.5,0.725,-18.0,-32.666666666666664,"1.43,-31.17,-32.67,-13.57",3,9,-61.0,1.2692307692316087,108.56124821557555,37.86239277473382,31.73076923076923
m5_low25-35_close50-70_green,YES,flat,above50-150,slope_with25-75,85,26,58.0,7.0,0.46153846153846156,0.6823529411764706,-18.76923076923077,-45.166666666666664,"5.00,-29.50,-45.17,-10.71",3,9,-61.0,1.2692307692316087,108.56124821557555,37.86239277473382,31.73076923076923
m5_low25-35_close50-70_green,YES,flat,above>150,slope_with>75,65,20,57.15,7.0,0.9,0.8792307692307693,1.3499999999999996,-10.8,"9.00,-10.80,8.20,-1.00",6,8,-9.666666666666664,-2.4475000000009457,464.5565688307928,135.44913978298683,31.3
m5_low25-35_close50-70_green,YES,flat,above>150,slope_with>75,70,20,57.15,7.0,0.85,0.8164285714285714,2.3499999999999996,-6.8,"14.00,-6.80,-0.80,3.00",6,8,-10.285714285714286,-2.4475000000009457,464.5565688307928,135.44913978298683,31.3
m5_low25-35_close50-70_green,YES,flat,above>150,slope_with>75,75,20,57.15,7.0,0.75,0.762,-0.9000000000000004,-11.8,"19.00,-2.80,-11.80,-8.00",4,8,-55.00000000000001,-2.4475000000009457,464.5565688307928,135.44913978298683,31.3
m5_low25-35_close50-70_green,YES,flat,above>150,slope_with>75,80,20,57.15,7.0,0.65,0.714375,-5.15,-21.0,"8.00,1.20,-8.80,-21.00",4,8,-55.00000000000001,-2.4475000000009457,464.5565688307928,135.44913978298683,31.3
m5_low25-35_close50-70_green,YES,flat,above>150,slope_with>75,85,20,57.15,7.0,0.65,0.6723529411764706,-1.9,-19.0,"12.00,5.20,-5.80,-19.00",5,8,-55.00000000000001,-2.4475000000009457,464.5565688307928,135.44913978298683,31.3
m5_low30-40_close35-55_green,NO,flat,below50-150,slope_against25-75,65,22,47.13636363636363,6.0,0.6818181818181818,0.7251748251748251,-2.8181818181818183,-15.666666666666666,"-15.67,16.60,-8.00,-1.83",5,9,-50.0,-2.7054545454544,-105.0176446076009,-36.59986218329306,33.86363636363637
m5_low30-40_close35-55_green,NO,flat,below50-150,slope_against25-75,70,22,47.13636363636363,6.0,0.5909090909090909,0.6733766233766233,-5.7727272727272725,-21.833333333333332,"-13.17,21.60,-5.00,-21.83",3,9,-50.0,-2.7054545454544,-105.0176446076009,-36.59986218329306,33.86363636363637
m5_low30-40_close35-55_green,NO,flat,below50-150,slope_against25-75,75,22,47.13636363636363,6.0,0.5909090909090909,0.6284848484848484,-2.8181818181818183,-20.166666666666668,"-10.67,26.60,-2.00,-20.17",3,9,-50.0,-2.7054545454544,-105.0176446076009,-36.59986218329306,33.86363636363637
m5_low30-40_close35-55_green,NO,flat,below50-150,slope_against25-75,80,22,47.13636363636363,6.0,0.5909090909090909,0.5892045454545454,0.13636363636363635,-18.5,"-8.17,31.60,1.00,-18.50",3,9,-50.0,-2.7054545454544,-105.0176446076009,-36.59986218329306,33.86363636363637
m5_low30-40_close35-55_green,NO,flat,below50-150,slope_against25-75,85,22,47.13636363636363,6.0,0.5454545454545454,0.5545454545454545,-0.7727272727272727,-16.833333333333332,"-5.67,19.60,4.00,-16.83",3,9,-50.0,-2.7054545454544,-105.0176446076009,-36.59986218329306,33.86363636363637
m5_low30-40_close35-55_green,NO,flat,below50-150,slope_flat,65,24,46.666666666666664,6.0,0.6666666666666666,0.717948717948718,-3.3333333333333344,-13.5,"-5.17,-13.50,17.00,-11.67",4,9,-51.0,-0.2587500000008731,-77.33334777863881,-17.454565614725652,33.708333333333336
m5_low30-40_close35-55_green,NO,flat,below50-150,slope_flat,70,24,46.666666666666664,6.0,0.625,0.6666666666666666,-2.916666666666668,-22.666666666666668,"-1.83,-22.67,22.00,-9.17",5,9,-51.0,-0.2587500000008731,-77.33334777863881,-17.454565614725652,33.708333333333336
m5_low30-40_close35-55_green,NO,flat,below50-150,slope_flat,75,24,46.666666666666664,6.0,0.625,0.6222222222222222,0.20833333333333215,-21.0,"1.50,-21.00,27.00,-6.67",5,9,-51.0,-0.2587500000008731,-77.33334777863881,-17.454565614725652,33.708333333333336
m5_low30-40_close35-55_green,NO,flat,below50-150,slope_flat,80,24,46.666666666666664,6.0,0.5833333333333334,0.5833333333333333,-5.921189464667501e-16,-19.333333333333332,"4.83,-19.33,18.67,-4.17",4,9,-51.0,-0.2587500000008731,-77.33334777863881,-17.454565614725652,33.708333333333336
m5_low30-40_close35-55_green,NO,flat,below50-150,slope_flat,85,24,46.666666666666664,6.0,0.5833333333333334,0.5490196078431372,2.916666666666666,-17.666666666666668,"8.17,-17.67,22.83,-1.67",4,9,-51.0,-0.2587500000008731,-77.33334777863881,-17.454565614725652,33.708333333333336
m5_low30-40_close35-55_green,NO,flat,below0-50,slope_flat,65,37,43.86486486486486,6.0,0.5405405405405406,0.6748440748440748,-8.72972972972973,-28.333333333333332,"-5.50,7.11,-8.56,-28.33",5,8,-38.0,-3.549189189189378,-25.342159923303885,-5.008533042715745,33.67567567567568
m5_low30-40_close35-55_green,NO,flat,below0-50,slope_flat,70,37,43.86486486486486,6.0,0.4864864864864865,0.6266409266409266,-9.81081081081081,-27.22222222222222,"-2.50,-4.56,-5.78,-27.22",3,8,-38.0,-3.549189189189378,-25.342159923303885,-5.008533042715745,33.67567567567568
m5_low30-40_close35-55_green,NO,flat,below0-50,slope_flat,75,37,43.86486486486486,6.0,0.40540540540540543,0.5848648648648649,-13.45945945945946,-34.44444444444444,"0.50,-10.11,-11.33,-34.44",2,8,-38.0,-3.549189189189378,-25.342159923303885,-5.008533042715745,33.67567567567568
m5_low30-40_close35-55_green,NO,flat,below0-50,slope_flat,80,37,43.86486486486486,6.0,0.3783783783783784,0.5483108108108108,-13.594594594594595,-33.888888888888886,"3.50,-7.89,-18.00,-33.89",2,8,-38.0,-3.549189189189378,-25.342159923303885,-5.008533042715745,33.67567567567568
m5_low30-40_close35-55_green,NO,flat,below0-50,slope_flat,85,37,43.86486486486486,6.0,0.35135135135135137,0.5160572337042925,-14.0,-33.333333333333336,"-2.00,-5.67,-16.33,-33.33",3,8,-38.0,-3.549189189189378,-25.342159923303885,-5.008533042715745,33.67567567567568
m5_low30-40_close35-55_green,NO,flat,above0-50,slope_flat,65,38,46.28947368421053,6.0,0.5263157894736842,0.7121457489878543,-12.078947368421053,-23.444444444444443,"-6.90,-9.22,-23.44,-9.60",4,9,-41.0,-0.6118421052627749,22.16553194719458,6.044122127158947,33.94736842105263
m5_low30-40_close35-55_green,NO,flat,above0-50,slope_flat,70,38,46.28947368421053,6.0,0.47368421052631576,0.6612781954887218,-13.131578947368421,-22.0,"-3.90,-22.00,-21.78,-6.60",3,9,-41.0,-0.6118421052627749,22.16553194719458,6.044122127158947,33.94736842105263
m5_low30-40_close35-55_green,NO,flat,above0-50,slope_flat,75,38,46.28947368421053,6.0,0.4473684210526316,0.6171929824561404,-12.736842105263158,-28.444444444444443,"-0.90,-20.33,-28.44,-3.60",3,9,-41.0,-0.6118421052627749,22.16553194719458,6.044122127158947,33.94736842105263
m5_low30-40_close35-55_green,NO,flat,above0-50,slope_flat,80,38,46.28947368421053,6.0,0.42105263157894735,0.5786184210526316,-12.605263157894736,-27.333333333333332,"-5.90,-18.67,-27.33,-0.60",2,9,-41.0,-0.6118421052627749,22.16553194719458,6.044122127158947,33.94736842105263
m5_low30-40_close35-55_green,NO,flat,above0-50,slope_flat,85,38,46.28947368421053,6.0,0.42105263157894735,0.5445820433436532,-10.5,-26.22222222222222,"-3.40,-17.00,-26.22,2.40",2,9,-41.0,-0.6118421052627749,22.16553194719458,6.044122127158947,33.94736842105263
m5_low30-40_close35-55_green,YES,flat,below0-50,slope_flat,65,32,44.9375,6.0,0.59375,0.6913461538461538,-6.34375,-19.0,"-19.00,-13.88,10.88,-3.38",4,9,-42.5,-2.7568749999995816,-24.145588769017877,-5.739160507550878,34.875
m5_low30-40_close35-55_green,YES,flat,below0-50,slope_flat,70,32,44.9375,6.0,0.5,0.6419642857142858,-9.9375,-25.875,"-25.88,-20.12,6.50,-0.25",2,9,-44.0,-2.7568749999995816,-24.145588769017877,-5.739160507550878,34.875
m5_low30-40_close35-55_green,YES,flat,below0-50,slope_flat,75,32,44.9375,6.0,0.5,0.5991666666666666,-7.4375,-24.625,"-24.62,-18.25,10.25,2.88",2,9,-44.0,-2.7568749999995816,-24.145588769017877,-5.739160507550878,34.875
m5_low30-40_close35-55_green,YES,flat,below0-50,slope_flat,80,32,44.9375,6.0,0.5,0.56171875,-4.9375,-23.375,"-23.38,-16.38,14.00,6.00",2,9,-44.0,-2.7568749999995816,-24.145588769017877,-5.739160507550878,34.875
m5_low30-40_close35-55_green,YES,flat,below0-50,slope_flat,85,32,44.9375,6.0,0.5,0.5286764705882353,-2.4375,-22.125,"-22.12,-14.50,17.75,9.12",2,9,-44.0,-2.7568749999995816,-24.145588769017877,-5.739160507550878,34.875
m5_low30-40_close35-55_green,YES,flat,above0-50,slope_flat,65,29,48.06896551724138,6.0,0.6896551724137931,0.7395225464190982,-3.2413793103448274,-20.571428571428573,"1.00,-20.57,7.71,-1.71",6,10,-50.0,-0.6186206896550018,23.716933590763173,9.153999501295841,35.689655172413794
m5_low30-40_close35-55_green,YES,flat,above0-50,slope_flat,70,29,48.06896551724138,6.0,0.6551724137931034,0.6866995073891626,-2.206896551724138,-28.428571428571427,"4.75,-28.43,12.00,1.86",6,10,-50.0,-0.6186206896550018,23.716933590763173,9.153999501295841,35.689655172413794
m5_low30-40_close35-55_green,YES,flat,above0-50,slope_flat,75,29,48.06896551724138,6.0,0.4827586206896552,0.6409195402298851,-11.862068965517242,-27.0,"-10.25,-27.00,5.57,-16.00",3,10,-50.0,-0.6186206896550018,23.716933590763173,9.153999501295841,35.689655172413794
m5_low30-40_close35-55_green,YES,flat,above0-50,slope_flat,80,29,48.06896551724138,6.0,0.4482758620689655,0.6008620689655173,-12.206896551724139,-25.571428571428573,"-7.75,-25.57,-2.29,-13.86",3,10,-50.0,-0.6186206896550018,23.716933590763173,9.153999501295841,35.689655172413794
m5_low30-40_close35-55_green,YES,flat,above0-50,slope_flat,85,29,48.06896551724138,6.0,0.4482758620689655,0.5655172413793104,-9.96551724137931,-24.142857142857142,"-5.25,-24.14,0.57,-11.71",3,10,-50.0,-0.6186206896550018,23.716933590763173,9.153999501295841,35.689655172413794
m5_low30-40_close35-55_green,YES,flat,above50-150,slope_flat,65,22,46.13636363636363,6.0,0.5,0.7097902097902098,-13.636363636363637,-21.4,"-13.50,2.40,-21.40,-20.67",4,10,-50.0,-0.915454545454519,77.70151893031355,13.27506867501804,34.5
m5_low30-40_close35-55_green,YES,flat,above50-150,slope_flat,70,22,46.13636363636363,6.0,0.5,0.6590909090909091,-11.136363636363637,-19.4,"-11.00,6.40,-19.40,-19.00",4,10,-50.0,-0.915454545454519,77.70151893031355,13.27506867501804,34.5
m5_low30-40_close35-55_green,YES,flat,above50-150,slope_flat,75,22,46.13636363636363,6.0,0.5,0.6151515151515151,-8.636363636363637,-17.4,"-8.50,10.40,-17.40,-17.33",4,10,-50.0,-0.915454545454519,77.70151893031355,13.27506867501804,34.5
m5_low30-40_close35-55_green,YES,flat,above50-150,slope_flat,80,22,46.13636363636363,6.0,0.45454545454545453,0.5767045454545454,-9.772727272727273,-15.666666666666666,"-6.00,-1.60,-15.40,-15.67",5,10,-51.5,-0.915454545454519,77.70151893031355,13.27506867501804,34.5
m5_low30-40_close35-55_green,YES,flat,above50-150,slope_flat,85,22,46.13636363636363,6.0,0.45454545454545453,0.5427807486631016,-7.5,-14.0,"-3.50,1.40,-13.40,-14.00",5,10,-51.5,-0.915454545454519,77.70151893031355,13.27506867501804,34.5
m5_low30-40_close40-60_green,NO,flat,below>150,slope_against25-75,65,20,49.7,6.0,0.7,0.7646153846153847,-4.200000000000001,-20.2,"-11.20,-0.60,15.20,-20.20",4,9,-46.0,-2.050000000000364,-219.79324374678836,-52.98722718018071,33.3
m5_low30-40_close40-60_green,NO,flat,below>150,slope_against25-75,70,20,49.7,6.0,0.65,0.7100000000000001,-4.200000000000001,-18.2,"-8.20,-10.60,20.20,-18.20",4,9,-46.0,-2.050000000000364,-219.79324374678836,-52.98722718018071,33.3
m5_low30-40_close40-60_green,NO,flat,below>150,slope_against25-75,75,20,49.7,6.0,0.55,0.6626666666666667,-8.450000000000001,-22.600000000000005,"-5.20,-22.60,10.20,-16.20",4,9,-46.0,-2.050000000000364,-219.79324374678836,-52.98722718018071,33.3
m5_low30-40_close40-60_green,NO,flat,below>150,slope_against25-75,80,20,49.7,6.0,0.5,0.6212500000000001,-9.700000000000001,-36.60000000000001,"-2.20,-36.60,14.20,-14.20",4,9,-52.00000000000001,-2.050000000000364,-219.79324374678836,-52.98722718018071,33.3
m5_low30-40_close40-60_green,NO,flat,below>150,slope_against25-75,85,20,49.7,6.0,0.5,0.5847058823529412,-7.200000000000001,-35.60000000000001,"0.80,-35.60,18.20,-12.20",4,9,-52.00000000000001,-2.050000000000364,-219.79324374678836,-52.98722718018071,33.3
m5_low30-40_close40-60_green,NO,flat,below50-150,slope_against25-75,65,30,50.7,6.0,0.7666666666666667,0.78,-0.8666666666666688,-9.625000000000004,"-9.63,13.71,-3.86,-2.25",4,9,-20.000000000000004,-0.25399999999960227,-108.28822555255222,-37.132425657890415,34.36666666666667
m5_low30-40_close40-60_green,NO,flat,below50-150,slope_against25-75,70,30,50.7,6.0,0.7,0.7242857142857143,-1.7000000000000022,-16.000000000000004,"-6.50,18.71,-0.29,-16.00",4,9,-47.0,-0.25399999999960227,-108.28822555255222,-37.132425657890415,34.36666666666667
m5_low30-40_close40-60_green,NO,flat,below50-150,slope_against25-75,75,30,50.7,6.0,0.7,0.676,1.7999999999999978,-13.500000000000004,"-3.38,23.71,3.29,-13.50",4,9,-47.0,-0.25399999999960227,-108.28822555255222,-37.132425657890415,34.36666666666667
m5_low30-40_close40-60_green,NO,flat,below50-150,slope_against25-75,80,30,50.7,6.0,0.7,0.63375,5.299999999999998,-11.000000000000004,"-0.25,28.71,6.86,-11.00",4,9,-47.0,-0.25399999999960227,-108.28822555255222,-37.132425657890415,34.36666666666667
m5_low30-40_close40-60_green,NO,flat,below50-150,slope_against25-75,85,30,50.7,6.0,0.6666666666666666,0.5964705882352942,5.966666666666667,-8.500000000000004,"2.87,21.57,10.43,-8.50",6,9,-47.0,-0.25399999999960227,-108.28822555255222,-37.132425657890415,34.36666666666667
m5_low30-40_close40-60_green,NO,flat,below50-150,slope_flat,65,32,49.53125,6.0,0.75,0.7620192307692307,-0.7812500000000024,-6.750000000000001,"-5.13,2.50,6.25,-6.75",4,9,-51.0,-0.559687500001246,-75.60334794668233,-15.536855357847571,34.1875
m5_low30-40_close40-60_green,NO,flat,below50-150,slope_flat,70,32,49.53125,6.0,0.65625,0.7075892857142857,-3.5937500000000013,-11.25,"-10.13,-11.25,10.62,-3.63",4,9,-51.0,-0.559687500001246,-75.60334794668233,-15.536855357847571,34.1875
m5_low30-40_close40-60_green,NO,flat,below50-150,slope_flat,75,32,49.53125,6.0,0.65625,0.6604166666666667,-0.31250000000000133,-8.75,"-7.00,-8.75,15.00,-0.50",4,9,-51.0,-0.559687500001246,-75.60334794668233,-15.536855357847571,34.1875
m5_low30-40_close40-60_green,NO,flat,below50-150,slope_flat,80,32,49.53125,6.0,0.625,0.619140625,0.46874999999999867,-6.250000000000001,"-3.88,-6.25,9.37,2.62",4,9,-51.0,-0.559687500001246,-75.60334794668233,-15.536855357847571,34.1875
m5_low30-40_close40-60_green,NO,flat,below50-150,slope_flat,85,32,49.53125,6.0,0.625,0.5827205882352942,3.5937499999999996,-3.750000000000001,"-0.75,-3.75,13.12,5.75",6,9,-51.0,-0.559687500001246,-75.60334794668233,-15.536855357847571,34.1875
m5_low30-40_close40-60_green,NO,flat,below0-50,slope_flat,65,45,50.266666666666666,6.0,0.6888888888888889,0.7733333333333333,-5.488888888888892,-16.272727272727277,"-6.75,2.82,-1.64,-16.27",6,9,-24.000000000000007,-0.9137777777779976,-22.639056341121453,-4.918945426683058,34.022222222222226
m5_low30-40_close40-60_green,NO,flat,below0-50,slope_flat,70,45,50.266666666666666,6.0,0.6,0.7180952380952381,-8.266666666666667,-17.09090909090909,"-9.25,6.91,-17.09,-13.55",3,9,-21.500000000000007,-0.9137777777779976,-22.639056341121453,-4.918945426683058,34.022222222222226
m5_low30-40_close40-60_green,NO,flat,below0-50,slope_flat,75,45,50.266666666666666,6.0,0.5555555555555556,0.6702222222222222,-8.6,-21.636363636363637,"-6.33,11.00,-21.64,-17.64",3,9,-22.384615384615383,-0.9137777777779976,-22.639056341121453,-4.918945426683058,34.022222222222226
m5_low30-40_close40-60_green,NO,flat,below0-50,slope_flat,80,45,50.266666666666666,6.0,0.5111111111111111,0.6283333333333333,-9.377777777777778,-27.09090909090909,"-3.42,7.82,-27.09,-15.36",2,9,-24.666666666666668,-0.9137777777779976,-22.639056341121453,-4.918945426683058,34.022222222222226
m5_low30-40_close40-60_green,NO,flat,below0-50,slope_flat,85,45,50.266666666666666,6.0,0.4888888888888889,0.5913725490196078,-8.71111111111111,-25.727272727272727,"-7.58,11.45,-25.73,-13.09",5,9,-23.0,-0.9137777777779976,-22.639056341121453,-4.918945426683058,34.022222222222226
m5_low30-40_close40-60_green,NO,flat,above0-50,slope_flat,65,46,49.32608695652174,6.0,0.6521739130434783,0.7588628762541807,-6.934782608695655,-8.636363636363638,"-6.67,-5.27,-8.64,-7.17",4,9,-41.0,0.2626086956526864,23.543842569871114,6.18414167324195,34.54347826086956
m5_low30-40_close40-60_green,NO,flat,above0-50,slope_flat,70,46,49.32608695652174,6.0,0.6086956521739131,0.7046583850931677,-6.717391304347826,-11.818181818181818,"-3.33,-8.45,-11.82,-3.83",3,9,-41.0,0.2626086956526864,23.543842569871114,6.18414167324195,34.54347826086956
m5_low30-40_close40-60_green,NO,flat,above0-50,slope_flat,75,46,49.32608695652174,6.0,0.5869565217391305,0.6576811594202899,-5.304347826086958,-15.909090909090908,"-0.00,-5.73,-15.91,-0.50",4,9,-41.0,0.2626086956526864,23.543842569871114,6.18414167324195,34.54347826086956
m5_low30-40_close40-60_green,NO,flat,above0-50,slope_flat,80,46,49.32608695652174,6.0,0.5434782608695652,0.6165760869565218,-5.847826086956523,-13.636363636363637,"-3.33,-10.27,-13.64,2.83",3,9,-48.0,0.2626086956526864,23.543842569871114,6.18414167324195,34.54347826086956
m5_low30-40_close40-60_green,NO,flat,above0-50,slope_flat,85,46,49.32608695652174,6.0,0.5434782608695652,0.5803069053708441,-3.1304347826086967,-11.363636363636365,"-0.42,-8.00,-11.36,6.17",3,9,-48.0,0.2626086956526864,23.543842569871114,6.18414167324195,34.54347826086956
m5_low30-40_close40-60_green,NO,flat,above50-150,slope_flat,65,21,49.857142857142854,6.0,0.7619047619047619,0.767032967032967,-0.33333333333333404,-23.2,"4.50,14.20,-23.20,2.20",6,10,-53.0,0.5466666666664727,69.1150381229669,11.426432856802421,33.095238095238095
m5_low30-40_close40-60_green,NO,flat,above50-150,slope_flat,70,21,49.857142857142854,6.0,0.7142857142857143,0.7122448979591837,0.14285714285714218,-21.2,"-3.00,19.20,-21.20,6.20",6,10,-53.0,0.5466666666664727,69.1150381229669,11.426432856802421,33.095238095238095
m5_low30-40_close40-60_green,NO,flat,above50-150,slope_flat,75,21,49.857142857142854,6.0,0.7142857142857143,0.6647619047619048,3.714285714285713,-19.2,"0.33,24.20,-19.20,10.20",6,10,-53.0,0.5466666666664727,69.1150381229669,11.426432856802421,33.095238095238095
m5_low30-40_close40-60_green,NO,flat,above50-150,slope_flat,80,21,49.857142857142854,6.0,0.6190476190476191,0.6232142857142857,-0.3333333333333347,-17.2,"-9.67,13.20,-17.20,14.20",5,10,-53.0,0.5466666666664727,69.1150381229669,11.426432856802421,33.095238095238095
m5_low30-40_close40-60_green,NO,flat,above50-150,slope_flat,85,21,49.857142857142854,6.0,0.6190476190476191,0.5865546218487394,2.7619047619047605,-15.2,"-7.17,17.20,-15.20,18.20",5,10,-53.0,0.5466666666664727,69.1150381229669,11.426432856802421,33.095238095238095
m5_low30-40_close40-60_green,NO,flat,above>150,slope_with>75,65,25,49.6,6.0,0.72,0.7630769230769231,-2.8000000000000025,-18.16666666666667,"-14.29,3.17,20.00,-18.17",3,8,-18.000000000000007,0.007999999999301509,426.98073610688704,141.8918128513865,34.48
m5_low30-40_close40-60_green,NO,flat,above>150,slope_with>75,70,25,49.6,6.0,0.68,0.7085714285714286,-2.0000000000000018,-21.428571428571427,"-21.43,7.33,25.00,-15.67",3,8,-17.333333333333332,0.007999999999301509,426.98073610688704,141.8918128513865,34.48
m5_low30-40_close40-60_green,NO,flat,above>150,slope_with>75,75,25,49.6,6.0,0.64,0.6613333333333333,-1.6000000000000014,-19.285714285714285,"-19.29,11.50,17.50,-13.17",2,8,-14.833333333333334,0.007999999999301509,426.98073610688704,141.8918128513865,34.48
m5_low30-40_close40-60_green,NO,flat,above>150,slope_with>75,80,25,49.6,6.0,0.64,0.62,1.5999999999999985,-17.142857142857146,"-17.14,15.67,21.67,-10.67",3,8,-12.333333333333334,0.007999999999301509,426.98073610688704,141.8918128513865,34.48
m5_low30-40_close40-60_green,NO,flat,above>150,slope_with>75,85,25,49.6,6.0,0.64,0.5835294117647059,4.799999999999999,-15.000000000000002,"-15.00,19.83,25.83,-8.17",4,8,-9.833333333333334,0.007999999999301509,426.98073610688704,141.8918128513865,34.48
m5_low30-40_close40-60_green,YES,flat,below0-50,slope_flat,65,37,48.16216216216216,6.0,0.6216216216216216,0.740956340956341,-7.756756756756757,-18.444444444444443,"-14.40,-18.44,0.11,2.44",4,10,-46.5,-0.7548648648644795,-25.027972002187273,-4.903878192189213,34.891891891891895
m5_low30-40_close40-60_green,YES,flat,below0-50,slope_flat,70,37,48.16216216216216,6.0,0.5405405405405406,0.688030888030888,-10.324324324324325,-24.0,"-18.90,-24.00,-3.78,6.33",3,10,-46.5,-0.7548648648644795,-25.027972002187273,-4.903878192189213,34.891891891891895
m5_low30-40_close40-60_green,YES,flat,below0-50,slope_flat,75,37,48.16216216216216,6.0,0.5405405405405406,0.6421621621621622,-7.621621621621622,-22.333333333333332,"-16.90,-22.33,-0.44,10.22",4,10,-46.5,-0.7548648648644795,-25.027972002187273,-4.903878192189213,34.891891891891895
m5_low30-40_close40-60_green,YES,flat,below0-50,slope_flat,80,37,48.16216216216216,6.0,0.5405405405405406,0.602027027027027,-4.918918918918919,-20.666666666666668,"-14.90,-20.67,2.89,14.11",4,10,-46.5,-0.7548648648644795,-25.027972002187273,-4.903878192189213,34.891891891891895
m5_low30-40_close40-60_green,YES,flat,below0-50,slope_flat,85,37,48.16216216216216,6.0,0.5405405405405406,0.5666136724960255,-2.216216216216216,-19.0,"-12.90,-19.00,6.22,18.00",4,10,-46.5,-0.7548648648644795,-25.027972002187273,-4.903878192189213,34.891891891891895
m5_low30-40_close40-60_green,YES,flat,above0-50,slope_flat,65,37,51.0,6.0,0.7297297297297297,0.7846153846153846,-3.5675675675675675,-13.222222222222221,"-5.70,-13.22,4.89,0.00",5,10,-50.0,-0.10567567567537677,26.072288604224113,9.584782122587745,35.513513513513516
m5_low30-40_close40-60_green,YES,flat,above0-50,slope_flat,70,37,51.0,6.0,0.6756756756756757,0.7285714285714285,-3.7027027027027026,-26.0,"-2.20,-26.00,9.33,3.89",5,10,-50.0,-0.10567567567537677,26.072288604224113,9.584782122587745,35.513513513513516
m5_low30-40_close40-60_green,YES,flat,above0-50,slope_flat,75,37,51.0,6.0,0.5135135135135135,0.68,-12.486486486486486,-24.333333333333332,"-13.70,-24.33,-2.89,-8.89",3,10,-50.0,-0.10567567567537677,26.072288604224113,9.584782122587745,35.513513513513516
m5_low30-40_close40-60_green,YES,flat,above0-50,slope_flat,80,37,51.0,6.0,0.4594594594594595,0.6375,-14.243243243243244,-22.666666666666668,"-11.20,-22.67,-8.44,-15.00",4,10,-50.0,-0.10567567567537677,26.072288604224113,9.584782122587745,35.513513513513516
m5_low30-40_close40-60_green,YES,flat,above0-50,slope_flat,85,37,51.0,6.0,0.4594594594594595,0.6,-11.945945945945946,-21.0,"-8.70,-21.00,-5.67,-12.78",4,10,-50.0,-0.10567567567537677,26.072288604224113,9.584782122587745,35.513513513513516
m5_low30-40_close40-60_green,YES,flat,above50-150,slope_flat,65,25,49.8,6.0,0.6,0.7661538461538461,-10.8,-21.333333333333332,"-6.57,3.50,-19.50,-21.33",4,9,-40.0,1.360000000000291,80.31409336568439,13.945224504034268,35.44
m5_low30-40_close40-60_green,YES,flat,above50-150,slope_flat,70,25,49.8,6.0,0.6,0.7114285714285714,-7.8,-19.666666666666668,"-3.00,7.67,-17.00,-19.67",4,9,-40.0,1.360000000000291,80.31409336568439,13.945224504034268,35.44
m5_low30-40_close40-60_green,YES,flat,above50-150,slope_flat,75,25,49.8,6.0,0.6,0.6639999999999999,-4.8,-18.0,"0.57,11.83,-14.50,-18.00",4,9,-40.0,1.360000000000291,80.31409336568439,13.945224504034268,35.44
m5_low30-40_close40-60_green,YES,flat,above50-150,slope_flat,80,25,49.8,6.0,0.52,0.6224999999999999,-8.2,-25.333333333333332,"4.14,2.67,-25.33,-16.33",3,9,-40.0,1.360000000000291,80.31409336568439,13.945224504034268,35.44
m5_low30-40_close40-60_green,YES,flat,above50-150,slope_flat,85,25,49.8,6.0,0.52,0.5858823529411764,-5.6,-23.666666666666668,"7.71,6.00,-23.67,-14.67",3,9,-40.0,1.360000000000291,80.31409336568439,13.945224504034268,35.44
m5_low30-40_close40-60_green,YES,flat,above50-150,slope_with25-75,65,23,53.130434782608695,7.0,0.5652173913043478,0.817391304347826,-16.391304347826086,-27.0,"-9.50,-10.17,-27.00,-20.67",2,8,-55.0,-0.9113043478254162,115.28672108984377,40.14419468073111,35.0
m5_low30-40_close40-60_green,YES,flat,above50-150,slope_with25-75,70,23,53.130434782608695,7.0,0.5652173913043478,0.7590062111801242,-13.565217391304348,-24.999999999999996,"-6.17,-6.83,-25.00,-18.17",2,8,-55.0,-0.9113043478254162,115.28672108984377,40.14419468073111,35.0
m5_low30-40_close40-60_green,YES,flat,above50-150,slope_with25-75,75,23,53.130434782608695,7.0,0.5217391304347826,0.7084057971014492,-14.0,-22.999999999999996,"-2.83,-16.00,-23.00,-15.67",2,8,-55.0,-0.9113043478254162,115.28672108984377,40.14419468073111,35.0
m5_low30-40_close40-60_green,YES,flat,above50-150,slope_with25-75,80,23,53.130434782608695,7.0,0.43478260869565216,0.6641304347826087,-18.347826086956523,-37.0,"0.50,-26.83,-37.00,-13.17",2,8,-55.0,-0.9113043478254162,115.28672108984377,40.14419468073111,35.0
m5_low30-40_close40-60_green,YES,flat,above50-150,slope_with25-75,85,23,53.130434782608695,7.0,0.43478260869565216,0.6250639386189258,-16.17391304347826,-36.0,"3.83,-25.17,-36.00,-10.67",3,8,-55.0,-0.9113043478254162,115.28672108984377,40.14419468073111,35.0
m5_low30-40_close40-60_green,YES,flat,above>150,slope_with>75,65,24,50.666666666666664,6.0,0.875,0.7794871794871795,6.208333333333333,-3.4999999999999987,"12.00,-3.50,10.50,5.83",5,7,-44.0,-0.4529166666667758,485.85272411373563,150.96931293164107,34.708333333333336
m5_low30-40_close40-60_green,YES,flat,above>150,slope_with>75,70,24,50.666666666666664,6.0,0.8333333333333334,0.7238095238095238,7.666666666666667,-0.1666666666666655,"17.00,-0.17,3.83,10.00",5,7,-44.0,-0.4529166666667758,485.85272411373563,150.96931293164107,34.708333333333336
m5_low30-40_close40-60_green,YES,flat,above>150,slope_with>75,75,24,50.666666666666664,6.0,0.75,0.6755555555555556,5.583333333333333,-4.499999999999999,"9.50,3.17,-4.50,14.17",4,7,-52.0,-0.4529166666667758,485.85272411373563,150.96931293164107,34.708333333333336
m5_low30-40_close40-60_green,YES,flat,above>150,slope_with>75,80,24,50.666666666666664,6.0,0.7083333333333334,0.6333333333333333,6.0,-1.1666666666666654,"13.67,6.50,-1.17,5.00",4,7,-52.0,-0.4529166666667758,485.85272411373563,150.96931293164107,34.708333333333336
m5_low30-40_close40-60_green,YES,flat,above>150,slope_with>75,85,24,50.666666666666664,6.0,0.7083333333333334,0.596078431372549,9.541666666666666,2.166666666666668,"17.83,9.83,2.17,8.33",4,7,-52.0,-0.4529166666667758,485.85272411373563,150.96931293164107,34.708333333333336
m5_low30-40_close45-65_green,NO,flat,below>150,slope_against25-75,65,20,56.15,6.0,0.9,0.8638461538461538,2.3499999999999988,-7.200000000000001,"-0.20,5.00,11.80,-7.20",8,10,-46.0,3.4629999999990106,-217.2976192349317,-52.952442466756835,34.25
m5_low30-40_close45-65_green,NO,flat,below>150,slope_against25-75,70,20,56.15,6.0,0.85,0.8021428571428572,3.3499999999999988,-4.000000000000003,"3.80,-4.00,16.80,-3.20",8,10,-46.0,3.4629999999990106,-217.2976192349317,-52.952442466756835,34.25
m5_low30-40_close45-65_green,NO,flat,below>150,slope_against25-75,75,20,56.15,6.0,0.7,0.7486666666666667,-3.6500000000000012,-15.000000000000004,"7.80,-15.00,6.80,-14.20",6,10,-64.0,3.4629999999990106,-217.2976192349317,-52.952442466756835,34.25
m5_low30-40_close45-65_green,NO,flat,below>150,slope_against25-75,80,20,56.15,6.0,0.6,0.701875,-8.150000000000002,-44.0,"11.80,-44.00,10.80,-11.20",6,10,-64.0,3.4629999999990106,-217.2976192349317,-52.952442466756835,34.25
m5_low30-40_close45-65_green,NO,flat,below>150,slope_against25-75,85,20,56.15,6.0,0.6,0.6605882352941176,-5.150000000000001,-43.0,"15.80,-43.00,14.80,-8.20",6,10,-64.0,3.4629999999990106,-217.2976192349317,-52.952442466756835,34.25
m5_low30-40_close45-65_green,NO,flat,below50-150,slope_against25-75,65,34,54.85294117647059,6.0,0.8823529411764706,0.8438914027149321,2.4999999999999982,0.9999999999999977,"2.44,2.87,3.87,1.00",6,9,-20.000000000000004,2.4329411764704085,-108.46914145777255,-38.71436229310669,35.029411764705884
m5_low30-40_close45-65_green,NO,flat,below50-150,slope_against25-75,70,34,54.85294117647059,6.0,0.7647058823529411,0.7836134453781513,-1.3235294117647078,-10.111111111111114,"-8.67,7.25,8.25,-10.11",3,9,-54.0,2.4329411764704085,-108.46914145777255,-38.71436229310669,35.029411764705884
m5_low30-40_close45-65_green,NO,flat,below50-150,slope_against25-75,75,34,54.85294117647059,6.0,0.7352941176470589,0.7313725490196078,0.29411764705882165,-13.666666666666668,"-13.67,11.62,12.62,-6.78",3,9,-54.0,2.4329411764704085,-108.46914145777255,-38.71436229310669,35.029411764705884
m5_low30-40_close45-65_green,NO,flat,below50-150,slope_against25-75,80,34,54.85294117647059,6.0,0.7352941176470589,0.6856617647058824,3.970588235294116,-10.888888888888891,"-10.89,16.00,17.00,-3.44",3,9,-54.0,2.4329411764704085,-108.46914145777255,-38.71436229310669,35.029411764705884
m5_low30-40_close45-65_green,NO,flat,below50-150,slope_against25-75,85,34,54.85294117647059,6.0,0.7058823529411765,0.6453287197231834,5.147058823529411,-8.111111111111112,"-8.11,9.75,21.38,-0.11",3,9,-54.0,2.4329411764704085,-108.46914145777255,-38.71436229310669,35.029411764705884
m5_low30-40_close45-65_green,NO,flat,below50-150,slope_flat,65,35,54.2,6.0,0.8,0.8338461538461539,-2.200000000000002,-8.0,"-4.11,-3.78,8.25,-8.00",4,9,-23.5,0.19428571428434224,-76.42471353701029,-15.917395037888491,34.457142857142856
m5_low30-40_close45-65_green,NO,flat,below50-150,slope_flat,70,35,54.2,6.0,0.6857142857142857,0.7742857142857144,-6.200000000000002,-23.222222222222225,"-8.00,-23.22,13.25,-4.67",3,9,-21.000000000000004,0.19428571428434224,-76.42471353701029,-15.917395037888491,34.457142857142856
m5_low30-40_close45-65_green,NO,flat,below50-150,slope_flat,75,35,54.2,6.0,0.6571428571428571,0.7226666666666667,-4.9142857142857155,-21.000000000000004,"-13.00,-21.00,18.25,-1.33",3,9,-56.0,0.19428571428434224,-76.42471353701029,-15.917395037888491,34.457142857142856
m5_low30-40_close45-65_green,NO,flat,below50-150,slope_flat,80,35,54.2,6.0,0.6285714285714286,0.6775,-3.914285714285716,-18.777777777777782,"-10.22,-18.78,13.25,2.00",3,9,-56.0,0.19428571428434224,-76.42471353701029,-15.917395037888491,34.457142857142856
m5_low30-40_close45-65_green,NO,flat,below50-150,slope_flat,85,35,54.2,6.0,0.6,0.6376470588235295,-3.2000000000000015,-16.555555555555557,"-7.44,-16.56,7.00,5.33",5,9,-56.0,0.19428571428434224,-76.42471353701029,-15.917395037888491,34.457142857142856
m5_low30-40_close45-65_green,NO,flat,below0-50,slope_flat,65,55,56.872727272727275,6.0,0.7636363636363637,0.874965034965035,-7.236363636363638,-13.42857142857143,"-8.29,0.86,-8.15,-13.43",4,9,-21.25,0.973090909090454,-22.721125646773327,-3.862624589076123,34.07272727272727
m5_low30-40_close45-65_green,NO,flat,below0-50,slope_flat,70,55,56.872727272727275,6.0,0.7090909090909091,0.8124675324675324,-7.236363636363637,-15.076923076923078,"-9.71,5.50,-15.08,-10.21",2,9,-18.75,0.973090909090454,-22.721125646773327,-3.862624589076123,34.07272727272727
m5_low30-40_close45-65_green,NO,flat,below0-50,slope_flat,75,55,56.872727272727275,6.0,0.6181818181818182,0.7583030303030304,-10.50909090909091,-29.307692307692307,"-11.86,10.14,-29.31,-12.36",2,9,-35.0,0.973090909090454,-22.721125646773327,-3.862624589076123,34.07272727272727
m5_low30-40_close45-65_green,NO,flat,below0-50,slope_flat,80,55,56.872727272727275,6.0,0.5818181818181818,0.7109090909090909,-10.327272727272728,-33.53846153846154,"-9.00,9.07,-33.54,-9.50",2,9,-33.75,0.973090909090454,-22.721125646773327,-3.862624589076123,34.07272727272727
m5_low30-40_close45-65_green,NO,flat,below0-50,slope_flat,85,55,56.872727272727275,6.0,0.5454545454545454,0.6690909090909091,-10.509090909090911,-32.0,"-12.21,7.29,-32.00,-6.64",3,9,-32.5,0.973090909090454,-22.721125646773327,-3.862624589076123,34.07272727272727
m5_low30-40_close45-65_green,NO,flat,above0-50,slope_flat,65,53,55.16981132075472,6.0,0.7735849056603774,0.848766328011611,-4.88679245283019,-8.53846153846154,"-4.64,-0.85,-5.54,-8.54",5,10,-26.000000000000004,1.740566037735849,23.854720081140634,4.7522408374297465,34.84905660377358
m5_low30-40_close45-65_green,NO,flat,above0-50,slope_flat,70,53,55.16981132075472,6.0,0.7169811320754716,0.7881401617250674,-4.981132075471699,-7.076923076923079,"-5.71,-2.00,-7.08,-5.08",3,10,-23.500000000000004,1.740566037735849,23.854720081140634,4.7522408374297465,34.84905660377358
m5_low30-40_close45-65_green,NO,flat,above0-50,slope_flat,75,53,55.16981132075472,6.0,0.6981132075471698,0.7355974842767296,-2.811320754716982,-9.384615384615387,"-2.14,1.85,-9.38,-1.62",5,10,-21.000000000000004,1.740566037735849,23.854720081140634,4.7522408374297465,34.84905660377358
m5_low30-40_close45-65_green,NO,flat,above0-50,slope_flat,80,53,55.16981132075472,6.0,0.660377358490566,0.689622641509434,-2.339622641509435,-6.30769230769231,"-4.29,-0.46,-6.31,1.85",3,10,-18.500000000000004,1.740566037735849,23.854720081140634,4.7522408374297465,34.84905660377358
m5_low30-40_close45-65_green,NO,flat,above0-50,slope_flat,85,53,55.16981132075472,6.0,0.660377358490566,0.6490566037735849,0.9622641509433957,-3.2307692307692326,"-1.07,3.00,-3.23,5.31",4,10,-16.000000000000004,1.740566037735849,23.854720081140634,4.7522408374297465,34.84905660377358
m5_low30-40_close45-65_green,NO,flat,above50-150,slope_flat,65,23,55.26086956521739,6.0,0.8695652173913043,0.8501672240802676,1.2608695652173894,-14.0,"0.33,9.33,-14.00,6.83",6,9,-53.0,1.6039130434779192,75.370545041525,13.12505519135764,33.56521739130435
m5_low30-40_close45-65_green,NO,flat,above50-150,slope_flat,70,23,55.26086956521739,6.0,0.8260869565217391,0.7894409937888198,2.5652173913043463,-11.000000000000002,"-7.17,14.33,-11.00,11.83",5,9,-53.0,1.6039130434779192,75.370545041525,13.12505519135764,33.56521739130435
m5_low30-40_close45-65_green,NO,flat,above50-150,slope_flat,75,23,55.26086956521739,6.0,0.8260869565217391,0.7368115942028985,6.695652173913042,-8.000000000000002,"-3.83,19.33,-8.00,16.83",6,9,-53.0,1.6039130434779192,75.370545041525,13.12505519135764,33.56521739130435
m5_low30-40_close45-65_green,NO,flat,above50-150,slope_flat,80,23,55.26086956521739,6.0,0.7391304347826086,0.6907608695652174,3.869565217391302,-13.833333333333336,"-13.83,11.00,-5.00,21.83",5,9,-53.0,1.6039130434779192,75.370545041525,13.12505519135764,33.56521739130435
m5_low30-40_close45-65_green,NO,flat,above50-150,slope_flat,85,23,55.26086956521739,6.0,0.6956521739130435,0.6501278772378517,3.8695652173913033,-11.333333333333336,"-11.33,1.00,-2.00,26.83",6,9,-53.0,1.6039130434779192,75.370545041525,13.12505519135764,33.56521739130435
m5_low30-40_close45-65_green,NO,flat,above50-150,slope_with25-75,65,23,58.130434782608695,6.0,0.8260869565217391,0.894314381270903,-4.434782608695655,-14.333333333333337,"-3.50,-14.33,5.80,-4.00",5,8,-24.250000000000004,3.7234782608692236,96.48496901347654,36.02932604781571,34.52173913043478
m5_low30-40_close45-65_green,NO,flat,above50-150,slope_with25-75,70,23,58.130434782608695,6.0,0.6956521739130435,0.8304347826086956,-9.434782608695654,-22.66666666666667,"0.67,-22.67,-3.20,-11.50",4,8,-23.25,3.7234782608692236,96.48496901347654,36.02932604781571,34.52173913043478
m5_low30-40_close45-65_green,NO,flat,above50-150,slope_with25-75,75,23,58.130434782608695,6.0,0.6956521739130435,0.7750724637681159,-5.956521739130436,-20.16666666666667,"4.83,-20.17,0.80,-8.17",4,8,-20.75,3.7234782608692236,96.48496901347654,36.02932604781571,34.52173913043478
m5_low30-40_close45-65_green,NO,flat,above50-150,slope_with25-75,80,23,58.130434782608695,6.0,0.6956521739130435,0.7266304347826087,-2.478260869565219,-17.66666666666667,"9.00,-17.67,4.80,-4.83",5,8,-18.25,3.7234782608692236,96.48496901347654,36.02932604781571,34.52173913043478
m5_low30-40_close45-65_green,NO,flat,above50-150,slope_with25-75,85,23,58.130434782608695,6.0,0.6521739130434783,0.6838874680306906,-2.6956521739130452,-15.166666666666671,"13.17,-15.17,-8.20,-1.50",4,8,-55.00000000000001,3.7234782608692236,96.48496901347654,36.02932604781571,34.52173913043478
m5_low30-40_close45-65_green,NO,flat,above>150,slope_with25-75,65,20,56.35,6.0,0.95,0.8669230769230769,5.399999999999997,-2.8000000000000056,"-2.80,5.40,8.40,10.60",8,9,-24.500000000000007,-0.8620000000006257,212.38511229171235,49.25529066856179,35.35
m5_low30-40_close45-65_green,NO,flat,above>150,slope_with25-75,70,20,56.35,6.0,0.95,0.805,10.149999999999997,1.1999999999999944,"1.20,10.40,13.40,15.60",8,9,-22.000000000000007,-0.8620000000006257,212.38511229171235,49.25529066856179,35.35
m5_low30-40_close45-65_green,NO,flat,above>150,slope_with25-75,75,20,56.35,6.0,0.95,0.7513333333333333,14.899999999999997,5.199999999999994,"5.20,15.40,18.40,20.60",8,9,-19.500000000000007,-0.8620000000006257,212.38511229171235,49.25529066856179,35.35
m5_low30-40_close45-65_green,NO,flat,above>150,slope_with25-75,80,20,56.35,6.0,0.9,0.704375,15.649999999999997,-6.800000000000006,"-6.80,20.40,23.40,25.60",7,9,-17.000000000000007,-0.8620000000006257,212.38511229171235,49.25529066856179,35.35
m5_low30-40_close45-65_green,NO,flat,above>150,slope_with25-75,85,20,56.35,6.0,0.85,0.6629411764705883,15.899999999999997,-3.8000000000000056,"-3.80,8.40,28.40,30.60",6,9,-52.0,-0.8620000000006257,212.38511229171235,49.25529066856179,35.35
m5_low30-40_close45-65_green,NO,flat,above>150,slope_with>75,65,20,55.0,6.0,0.85,0.8461538461538461,0.24999999999999822,-3.2000000000000015,"-2.80,9.20,-3.20,-2.20",4,7,-22.500000000000004,2.5994999999991704,434.3456317709148,137.1995236161798,35.4
m5_low30-40_close45-65_green,NO,flat,above>150,slope_with>75,70,20,55.0,6.0,0.75,0.7857142857142857,-2.5000000000000013,-12.800000000000002,"-12.80,0.20,0.80,1.80",3,7,-20.000000000000004,2.5994999999991704,434.3456317709148,137.1995236161798,35.4
m5_low30-40_close45-65_green,NO,flat,above>150,slope_with>75,75,20,55.0,6.0,0.7,0.7333333333333333,-2.5000000000000027,-10.200000000000001,"-9.80,4.20,-10.20,5.80",4,7,-17.500000000000004,2.5994999999991704,434.3456317709148,137.1995236161798,35.4
m5_low30-40_close45-65_green,NO,flat,above>150,slope_with>75,80,20,55.0,6.0,0.7,0.6875,0.9999999999999976,-7.200000000000001,"-6.80,8.20,-7.20,9.80",4,7,-15.000000000000004,2.5994999999991704,434.3456317709148,137.1995236161798,35.4
m5_low30-40_close45-65_green,NO,flat,above>150,slope_with>75,85,20,55.0,6.0,0.7,0.6470588235294118,4.499999999999998,-4.200000000000001,"-3.80,12.20,-4.20,13.80",5,7,-12.500000000000004,2.5994999999991704,434.3456317709148,137.1995236161798,35.4
m5_low30-40_close45-65_green,YES,flat,below50-150,slope_flat,65,21,53.523809523809526,7.0,0.5714285714285714,0.8234432234432235,-16.38095238095238,-29.0,"-29.00,-18.80,-0.20,-15.00",3,7,-52.0,1.3252380952381784,-79.69546440852302,-14.504953481129807,35.333333333333336
m5_low30-40_close45-65_green,YES,flat,below50-150,slope_flat,70,21,53.523809523809526,7.0,0.5238095238095238,0.7646258503401361,-16.857142857142858,-27.333333333333332,"-27.33,-15.80,-10.20,-12.00",2,7,-55.00000000000001,1.3252380952381784,-79.69546440852302,-14.504953481129807,35.333333333333336
m5_low30-40_close45-65_green,YES,flat,below50-150,slope_flat,75,21,53.523809523809526,7.0,0.47619047619047616,0.7136507936507936,-17.80952380952381,-25.666666666666668,"-25.67,-12.80,-22.20,-9.00",1,7,-55.00000000000001,1.3252380952381784,-79.69546440852302,-14.504953481129807,35.333333333333336
m5_low30-40_close45-65_green,YES,flat,below50-150,slope_flat,80,21,53.523809523809526,7.0,0.38095238095238093,0.6690476190476191,-23.047619047619047,-37.333333333333336,"-37.33,-9.80,-20.20,-22.00",0,7,-55.00000000000001,1.3252380952381784,-79.69546440852302,-14.504953481129807,35.333333333333336
m5_low30-40_close45-65_green,YES,flat,below50-150,slope_flat,85,21,53.523809523809526,7.0,0.3333333333333333,0.6296918767507003,-25.19047619047619,-36.5,"-36.50,-6.80,-35.20,-20.00",0,7,-55.00000000000001,1.3252380952381784,-79.69546440852302,-14.504953481129807,35.333333333333336
m5_low30-40_close45-65_green,YES,flat,below0-50,slope_flat,65,39,54.23076923076923,6.0,0.6923076923076923,0.834319526627219,-9.23076923076923,-22.4,"-22.40,-11.30,-2.78,0.20",4,10,-46.5,1.1369230769233605,-23.357262787867885,-5.136029367405288,35.333333333333336
m5_low30-40_close45-65_green,YES,flat,below0-50,slope_flat,70,39,54.23076923076923,6.0,0.5897435897435898,0.7747252747252747,-12.948717948717949,-33.9,"-33.90,-14.80,-6.67,4.20",3,10,-50.666666666666664,1.1369230769233605,-23.357262787867885,-5.136029367405288,35.333333333333336
m5_low30-40_close45-65_green,YES,flat,below0-50,slope_flat,75,39,54.23076923076923,6.0,0.5897435897435898,0.7230769230769231,-10.0,-32.4,"-32.40,-11.80,-3.33,8.20",3,10,-50.666666666666664,1.1369230769233605,-23.357262787867885,-5.136029367405288,35.333333333333336
m5_low30-40_close45-65_green,YES,flat,below0-50,slope_flat,80,39,54.23076923076923,6.0,0.5897435897435898,0.6778846153846154,-7.051282051282051,-30.9,"-30.90,-8.80,0.00,12.20",4,10,-50.666666666666664,1.1369230769233605,-23.357262787867885,-5.136029367405288,35.333333333333336
m5_low30-40_close45-65_green,YES,flat,below0-50,slope_flat,85,39,54.23076923076923,6.0,0.5897435897435898,0.6380090497737557,-4.102564102564102,-29.4,"-29.40,-5.80,3.33,16.20",5,10,-50.666666666666664,1.1369230769233605,-23.357262787867885,-5.136029367405288,35.333333333333336
m5_low30-40_close45-65_green,YES,flat,above0-50,slope_flat,65,43,55.093023255813954,6.0,0.7906976744186046,0.8475849731663685,-3.697674418604651,-24.363636363636363,"3.36,-24.36,9.80,-2.36",4,10,-50.0,0.6983720930235672,23.943506910988344,7.7658931131135915,35.86046511627907
m5_low30-40_close45-65_green,YES,flat,above0-50,slope_flat,70,43,55.093023255813954,6.0,0.6976744186046512,0.7870431893687707,-6.255813953488372,-34.81818181818182,"7.91,-34.82,7.80,-4.64",4,10,-50.0,0.6983720930235672,23.943506910988344,7.7658931131135915,35.86046511627907
m5_low30-40_close45-65_green,YES,flat,above0-50,slope_flat,75,43,55.093023255813954,6.0,0.5813953488372093,0.7345736434108527,-11.488372093023257,-40.27272727272727,"5.64,-40.27,-2.70,-7.82",3,10,-50.0,0.6983720930235672,23.943506910988344,7.7658931131135915,35.86046511627907
m5_low30-40_close45-65_green,YES,flat,above0-50,slope_flat,80,43,55.093023255813954,6.0,0.5348837209302325,0.6886627906976744,-12.30232558139535,-39.36363636363637,"9.73,-39.36,-7.20,-11.91",4,10,-50.0,0.6983720930235672,23.943506910988344,7.7658931131135915,35.86046511627907
m5_low30-40_close45-65_green,YES,flat,above0-50,slope_flat,85,43,55.093023255813954,6.0,0.5348837209302325,0.6481532147742818,-9.627906976744185,-38.45454545454545,"13.82,-38.45,-4.20,-9.18",4,10,-50.0,0.6983720930235672,23.943506910988344,7.7658931131135915,35.86046511627907
m5_low30-40_close45-65_green,YES,flat,above50-150,slope_flat,65,32,55.09375,6.0,0.75,0.8475961538461538,-6.34375,-18.0,"-14.25,-0.87,7.75,-18.00",3,8,-32.333333333333336,2.661875000000691,78.03315142573683,12.708778121912246,35.65625
m5_low30-40_close45-65_green,YES,flat,above50-150,slope_flat,70,32,55.09375,6.0,0.75,0.7870535714285715,-2.5937499999999996,-15.5,"-11.12,3.50,12.75,-15.50",4,8,-30.666666666666668,2.661875000000691,78.03315142573683,12.708778121912246,35.65625
m5_low30-40_close45-65_green,YES,flat,above50-150,slope_flat,75,32,55.09375,6.0,0.75,0.7345833333333334,1.1562500000000004,-13.0,"-8.00,7.88,17.75,-13.00",4,8,-29.0,2.661875000000691,78.03315142573683,12.708778121912246,35.65625
m5_low30-40_close45-65_green,YES,flat,above50-150,slope_flat,80,32,55.09375,6.0,0.6875,0.688671875,-0.09375,-10.5,"-4.88,2.25,12.75,-10.50",3,8,-27.333333333333332,2.661875000000691,78.03315142573683,12.708778121912246,35.65625
m5_low30-40_close45-65_green,YES,flat,above50-150,slope_flat,85,32,55.09375,6.0,0.65625,0.6481617647058824,0.6875000000000004,-7.999999999999999,"-1.75,6.00,6.50,-8.00",4,8,-25.666666666666668,2.661875000000691,78.03315142573683,12.708778121912246,35.65625
m5_low30-40_close45-65_green,YES,flat,above50-150,slope_with25-75,65,32,55.59375,6.5,0.6875,0.8552884615384615,-10.90625,-16.125,"0.37,-13.75,-16.12,-14.12",3,9,-55.0,1.9053125000009459,110.16572885766391,39.281300939381026,35.53125
m5_low30-40_close45-65_green,YES,flat,above50-150,slope_with25-75,70,32,55.59375,6.5,0.625,0.7941964285714286,-11.84375,-21.75,"4.75,-19.38,-21.75,-11.00",3,9,-55.0,1.9053125000009459,110.16572885766391,39.281300939381026,35.53125
m5_low30-40_close45-65_green,YES,flat,above50-150,slope_with25-75,75,32,55.59375,6.5,0.59375,0.74125,-11.0625,-26.25,"9.12,-26.25,-19.25,-7.88",3,9,-55.0,1.9053125000009459,110.16572885766391,39.281300939381026,35.53125
m5_low30-40_close45-65_green,YES,flat,above50-150,slope_with25-75,80,32,55.59375,6.5,0.5,0.694921875,-15.59375,-36.75,"13.50,-34.38,-36.75,-4.75",4,9,-55.0,1.9053125000009459,110.16572885766391,39.281300939381026,35.53125
m5_low30-40_close45-65_green,YES,flat,above50-150,slope_with25-75,85,32,55.59375,6.5,0.46875,0.6540441176470588,-15.75,-46.125,"17.88,-33.12,-46.12,-1.62",4,9,-55.0,1.9053125000009459,110.16572885766391,39.281300939381026,35.53125
m5_low30-40_close45-65_green,YES,flat,above>150,slope_with>75,65,29,54.44827586206897,6.0,0.896551724137931,0.8376657824933688,3.827586206896552,-7.857142857142857,"11.00,-7.86,10.00,1.14",6,8,-17.8,0.4137931034475232,482.7551442980051,146.50131759022094,35.10344827586207
m5_low30-40_close45-65_green,YES,flat,above>150,slope_with>75,70,29,54.44827586206897,6.0,0.8620689655172413,0.777832512315271,5.896551724137932,-14.285714285714286,"16.00,-14.29,15.00,5.43",6,8,-28.8,0.4137931034475232,482.7551442980051,146.50131759022094,35.10344827586207
m5_low30-40_close45-65_green,YES,flat,above>150,slope_with>75,75,29,54.44827586206897,6.0,0.7931034482758621,0.7259770114942529,5.0344827586206895,-11.428571428571429,"11.62,-11.43,9.29,9.71",6,8,-52.0,0.4137931034475232,482.7551442980051,146.50131759022094,35.10344827586207
m5_low30-40_close45-65_green,YES,flat,above>150,slope_with>75,80,29,54.44827586206897,6.0,0.7586206896551724,0.680603448275862,6.241379310344827,-8.571428571428571,"16.00,-8.57,2.14,14.00",5,8,-52.0,0.4137931034475232,482.7551442980051,146.50131759022094,35.10344827586207
m5_low30-40_close45-65_green,YES,flat,above>150,slope_with>75,85,29,54.44827586206897,6.0,0.7586206896551724,0.6405679513184585,10.03448275862069,-5.714285714285714,"20.38,-5.71,5.71,18.29",5,8,-52.0,0.4137931034475232,482.7551442980051,146.50131759022094,35.10344827586207
m5_low30-40_close50-70_green,NO,flat,below>150,slope_against25-75,65,23,59.82608695652174,6.0,1.0,0.9204013377926422,5.17391304347826,0.8333333333333321,"7.00,5.67,7.60,0.83",8,9,-2.0,1.9560869565213341,-209.71359156763515,-52.04792272192508,34.82608695652174
m5_low30-40_close50-70_green,NO,flat,below>150,slope_against25-75,70,23,59.82608695652174,6.0,0.9130434782608695,0.8546583850931677,4.086956521739129,-5.833333333333335,"12.00,-1.00,12.60,-5.83",7,9,-20.333333333333332,1.9560869565213341,-209.71359156763515,-52.04792272192508,34.82608695652174
m5_low30-40_close50-70_green,NO,flat,below>150,slope_against25-75,75,23,59.82608695652174,6.0,0.782608695652174,0.7976811594202899,-1.130434782608697,-14.166666666666666,"17.00,-9.33,2.60,-14.17",6,9,-42.0,1.9560869565213341,-209.71359156763515,-52.04792272192508,34.82608695652174
m5_low30-40_close50-70_green,NO,flat,below>150,slope_against25-75,80,23,59.82608695652174,6.0,0.6956521739130435,0.7478260869565218,-4.1739130434782625,-19.333333333333332,"8.67,-19.33,6.60,-10.83",7,9,-40.333333333333336,1.9560869565213341,-209.71359156763515,-52.04792272192508,34.82608695652174
m5_low30-40_close50-70_green,NO,flat,below>150,slope_against25-75,85,23,59.82608695652174,6.0,0.6956521739130435,0.70383631713555,-0.6956521739130447,-16.833333333333332,"12.83,-16.83,10.60,-7.50",7,9,-38.666666666666664,1.9560869565213341,-209.71359156763515,-52.04792272192508,34.82608695652174
m5_low30-40_close50-70_green,NO,flat,below50-150,slope_against25-75,65,37,59.21621621621622,6.0,0.9459459459459459,0.911018711018711,2.270270270270269,-2.444444444444447,"5.60,5.11,-2.44,0.44",7,9,-20.000000000000004,3.001081081080515,-105.39686630013642,-37.51932355615163,35.189189189189186
m5_low30-40_close50-70_green,NO,flat,below50-150,slope_against25-75,70,37,59.21621621621622,6.0,0.8108108108108109,0.845945945945946,-2.459459459459462,-10.66666666666667,"-10.40,10.11,2.00,-10.67",3,9,-54.0,3.001081081080515,-105.39686630013642,-37.51932355615163,35.189189189189186
m5_low30-40_close50-70_green,NO,flat,below50-150,slope_against25-75,75,37,59.21621621621622,6.0,0.7567567567567568,0.7895495495495496,-2.459459459459461,-14.4,"-14.40,6.78,6.44,-7.33",3,9,-54.0,3.001081081080515,-105.39686630013642,-37.51932355615163,35.189189189189186
m5_low30-40_close50-70_green,NO,flat,below50-150,slope_against25-75,80,37,59.21621621621622,6.0,0.7567567567567568,0.7402027027027027,1.3243243243243226,-11.400000000000002,"-11.40,11.22,10.89,-4.00",3,9,-54.0,3.001081081080515,-105.39686630013642,-37.51932355615163,35.189189189189186
m5_low30-40_close50-70_green,NO,flat,below50-150,slope_against25-75,85,37,59.21621621621622,6.0,0.7297297297297297,0.6966613672496026,2.810810810810809,-8.400000000000002,"-8.40,6.22,15.33,-0.67",3,9,-54.0,3.001081081080515,-105.39686630013642,-37.51932355615163,35.189189189189186
m5_low30-40_close50-70_green,NO,flat,below50-150,slope_flat,65,34,56.55882352941177,7.0,0.8529411764705882,0.8701357466063349,-1.1176470588235317,-5.666666666666668,"-4.11,-0.00,6.25,-5.67",5,9,-23.5,1.0214705882341042,-78.3867747481944,-15.866574500470854,34.64705882352941
m5_low30-40_close50-70_green,NO,flat,below50-150,slope_flat,70,34,56.55882352941177,7.0,0.7352941176470589,0.8079831932773109,-5.0882352941176485,-21.875000000000004,"-8.00,-21.88,11.25,-1.78",3,9,-22.000000000000004,1.0214705882341042,-78.3867747481944,-15.866574500470854,34.64705882352941
m5_low30-40_close50-70_green,NO,flat,below50-150,slope_flat,75,34,56.55882352941177,7.0,0.7058823529411765,0.7541176470588236,-3.617647058823531,-19.375000000000004,"-13.00,-19.38,16.25,2.11",4,9,-56.0,1.0214705882341042,-78.3867747481944,-15.866574500470854,34.64705882352941
m5_low30-40_close50-70_green,NO,flat,below50-150,slope_flat,80,34,56.55882352941177,7.0,0.6764705882352942,0.7069852941176471,-2.4411764705882364,-16.875000000000004,"-10.22,-16.88,11.25,6.00",5,9,-56.0,1.0214705882341042,-78.3867747481944,-15.866574500470854,34.64705882352941
m5_low30-40_close50-70_green,NO,flat,below50-150,slope_flat,85,34,56.55882352941177,7.0,0.6470588235294118,0.6653979238754326,-1.5588235294117663,-14.375000000000004,"-7.44,-14.38,5.00,9.89",6,9,-56.0,1.0214705882341042,-78.3867747481944,-15.866574500470854,34.64705882352941
m5_low30-40_close50-70_green,NO,flat,below0-50,slope_flat,65,58,59.793103448275865,7.0,0.8275862068965517,0.919893899204244,-6.000000000000002,-13.142857142857142,"-7.20,3.79,-13.14,-7.27",3,9,-16.999999999999996,1.1413793103440246,-23.652072137428558,-4.889463636104508,34.172413793103445
m5_low30-40_close50-70_green,NO,flat,below0-50,slope_flat,70,58,59.793103448275865,7.0,0.7586206896551724,0.8541871921182267,-6.689655172413795,-19.571428571428573,"-12.53,8.79,-19.57,-3.27",2,9,-24.33333333333334,1.1413793103440246,-23.652072137428558,-4.889463636104508,34.172413793103445
m5_low30-40_close50-70_green,NO,flat,below0-50,slope_flat,75,58,59.793103448275865,7.0,0.6724137931034483,0.7972413793103449,-9.362068965517244,-27.428571428571427,"-14.20,13.79,-27.43,-9.27",3,9,-26.727272727272727,1.1413793103440246,-23.652072137428558,-4.889463636104508,34.172413793103445
m5_low30-40_close50-70_green,NO,flat,below0-50,slope_flat,80,58,59.793103448275865,7.0,0.6551724137931034,0.7474137931034484,-7.379310344827587,-25.285714285714285,"-11.20,13.07,-25.29,-5.93",2,9,-24.454545454545453,1.1413793103440246,-23.652072137428558,-4.889463636104508,34.172413793103445
m5_low30-40_close50-70_green,NO,flat,below0-50,slope_flat,85,58,59.793103448275865,7.0,0.6206896551724138,0.703448275862069,-7.03448275862069,-23.142857142857142,"-13.87,11.64,-23.14,-2.60",2,9,-22.181818181818183,1.1413793103440246,-23.652072137428558,-4.889463636104508,34.172413793103445
m5_low30-40_close50-70_green,NO,flat,above0-50,slope_flat,65,61,59.377049180327866,7.0,0.8524590163934426,0.9134930643127364,-3.967213114754099,-6.562500000000002,"-6.56,-4.13,0.93,-5.93",5,10,-26.000000000000004,1.8140983606555563,23.484518925952305,3.9115416661352653,35.09836065573771
m5_low30-40_close50-70_green,NO,flat,above0-50,slope_flat,70,61,59.377049180327866,7.0,0.8032786885245902,0.8482435597189695,-3.147540983606558,-6.875000000000002,"-6.88,0.20,-3.73,-1.93",3,10,-23.500000000000004,1.8140983606555563,23.484518925952305,3.9115416661352653,35.09836065573771
m5_low30-40_close50-70_green,NO,flat,above0-50,slope_flat,75,61,59.377049180327866,7.0,0.8032786885245902,0.7916939890710382,0.868852459016393,-3.1250000000000018,"-3.13,4.53,0.27,2.07",6,10,-21.000000000000004,1.8140983606555563,23.484518925952305,3.9115416661352653,35.09836065573771
m5_low30-40_close50-70_green,NO,flat,above0-50,slope_flat,80,61,59.377049180327866,7.0,0.7868852459016393,0.7422131147540983,3.5737704918032787,-1.066666666666667,"0.62,8.87,-1.07,6.07",7,10,-18.500000000000004,1.8140983606555563,23.484518925952305,3.9115416661352653,35.09836065573771
m5_low30-40_close50-70_green,NO,flat,above0-50,slope_flat,85,61,59.377049180327866,7.0,0.7704918032786885,0.6985535197685632,6.114754098360656,2.5999999999999996,"4.37,13.20,2.60,4.40",7,10,-16.000000000000004,1.8140983606555563,23.484518925952305,3.9115416661352653,35.09836065573771
m5_low30-40_close50-70_green,NO,flat,above50-150,slope_flat,65,25,59.44,6.0,0.92,0.9144615384615384,0.3599999999999977,-4.166666666666668,"-4.14,5.83,-4.17,4.67",7,10,-53.0,2.2295999999999183,75.14496173963533,14.89660713582416,33.76
m5_low30-40_close50-70_green,NO,flat,above50-150,slope_flat,70,25,59.44,6.0,0.8,0.8491428571428571,-3.440000000000002,-19.85714285714286,"-19.86,10.83,-11.67,9.67",6,10,-53.0,2.2295999999999183,75.14496173963533,14.89660713582416,33.76
m5_low30-40_close50-70_green,NO,flat,above50-150,slope_flat,75,25,59.44,6.0,0.8,0.7925333333333333,0.559999999999998,-17.000000000000004,"-17.00,15.83,-8.33,14.67",6,10,-53.0,2.2295999999999183,75.14496173963533,14.89660713582416,33.76
m5_low30-40_close50-70_green,NO,flat,above50-150,slope_flat,80,25,59.44,6.0,0.72,0.743,-1.8400000000000012,-25.571428571428577,"-25.57,7.50,-5.00,19.67",6,10,-53.0,2.2295999999999183,75.14496173963533,14.89660713582416,33.76
m5_low30-40_close50-70_green,NO,flat,above50-150,slope_flat,85,25,59.44,6.0,0.68,0.6992941176470588,-1.6400000000000017,-23.428571428571434,"-23.43,-2.50,-1.67,24.67",5,10,-53.0,2.2295999999999183,75.14496173963533,14.89660713582416,33.76
m5_low30-40_close50-70_green,NO,flat,above50-150,slope_with25-75,65,24,60.083333333333336,6.0,0.875,0.9243589743589744,-3.2083333333333353,-6.500000000000001,"-6.50,-5.67,-4.33,3.67",6,8,-24.250000000000004,5.499999999999697,93.96255795672975,35.461280433683896,34.875
m5_low30-40_close50-70_green,NO,flat,above50-150,slope_with25-75,70,24,60.083333333333336,6.0,0.75,0.8583333333333334,-7.583333333333335,-13.16666666666667,"-2.33,-13.17,-11.83,-3.00",4,8,-23.25,5.499999999999697,93.96255795672975,35.461280433683896,34.875
m5_low30-40_close50-70_green,NO,flat,above50-150,slope_with25-75,75,24,60.083333333333336,6.0,0.75,0.8011111111111111,-3.8333333333333344,-9.833333333333336,"1.83,-9.83,-8.50,1.17",4,8,-20.75,5.499999999999697,93.96255795672975,35.461280433683896,34.875
m5_low30-40_close50-70_green,NO,flat,above50-150,slope_with25-75,80,24,60.083333333333336,6.0,0.75,0.7510416666666667,-0.08333333333333452,-6.500000000000003,"6.00,-6.50,-5.17,5.33",6,8,-18.25,5.499999999999697,93.96255795672975,35.461280433683896,34.875
m5_low30-40_close50-70_green,NO,flat,above50-150,slope_with25-75,85,24,60.083333333333336,6.0,0.7083333333333334,0.7068627450980393,0.1249999999999994,-16.000000000000004,"10.17,-3.17,-16.00,9.50",5,8,-55.00000000000001,5.499999999999697,93.96255795672975,35.461280433683896,34.875
m5_low30-40_close50-70_green,NO,flat,above>150,slope_with25-75,65,22,58.72727272727273,6.0,0.9545454545454546,0.9034965034965035,3.318181818181817,-5.000000000000004,"-5.00,5.40,6.80,7.00",8,9,-24.500000000000007,0.6749999999989417,211.09791944665795,49.815069064121914,35.5
m5_low30-40_close50-70_green,NO,flat,above>150,slope_with25-75,70,22,58.72727272727273,6.0,0.9090909090909091,0.8389610389610389,4.909090909090907,-0.833333333333338,"-0.83,10.40,11.80,0.33",7,9,-22.000000000000007,0.6749999999989417,211.09791944665795,49.815069064121914,35.5
m5_low30-40_close50-70_green,NO,flat,above>150,slope_with25-75,75,22,58.72727272727273,6.0,0.9090909090909091,0.7830303030303031,9.454545454545453,3.3333333333333286,"3.33,15.40,16.80,4.50",8,9,-19.500000000000007,0.6749999999989417,211.09791944665795,49.815069064121914,35.5
m5_low30-40_close50-70_green,NO,flat,above>150,slope_with25-75,80,22,58.72727272727273,6.0,0.8636363636363636,0.7340909090909091,10.363636363636362,-5.833333333333338,"-5.83,20.40,21.80,8.67",7,9,-18.500000000000004,0.6749999999989417,211.09791944665795,49.815069064121914,35.5
m5_low30-40_close50-70_green,NO,flat,above>150,slope_with25-75,85,22,58.72727272727273,6.0,0.8181818181818182,0.6909090909090909,10.818181818181817,-2.500000000000005,"-2.50,8.40,26.80,12.83",6,9,-52.0,0.6749999999989417,211.09791944665795,49.815069064121914,35.5
m5_low30-40_close50-70_green,NO,flat,above>150,slope_with>75,65,22,57.5,6.0,0.8636363636363636,0.8846153846153846,-1.3636363636363646,-5.200000000000001,"-2.50,-5.20,7.20,-4.17",4,7,-22.500000000000004,1.690909090908297,412.86087444189286,133.16317671300104,35.45454545454545
m5_low30-40_close50-70_green,NO,flat,above>150,slope_with>75,70,22,57.5,6.0,0.7727272727272727,0.8214285714285714,-3.4090909090909105,-15.2,"-10.00,-15.20,12.20,-0.00",3,7,-20.000000000000004,1.690909090908297,412.86087444189286,133.16317671300104,35.45454545454545
m5_low30-40_close50-70_green,NO,flat,above>150,slope_with>75,75,22,57.5,6.0,0.6818181818181818,0.7666666666666667,-6.363636363636363,-12.8,"-6.67,-12.20,-12.80,4.17",2,7,-20.499999999999993,1.690909090908297,412.86087444189286,133.16317671300104,35.45454545454545
m5_low30-40_close50-70_green,NO,flat,above>150,slope_with>75,80,22,57.5,6.0,0.6818181818181818,0.71875,-2.9545454545454546,-9.8,"-3.33,-9.20,-9.80,8.33",2,7,-17.999999999999993,1.690909090908297,412.86087444189286,133.16317671300104,35.45454545454545
m5_low30-40_close50-70_green,NO,flat,above>150,slope_with>75,85,22,57.5,6.0,0.6818181818181818,0.6764705882352942,0.4545454545454536,-6.8,"0.00,-6.20,-6.80,12.50",2,7,-15.499999999999993,1.690909090908297,412.86087444189286,133.16317671300104,35.45454545454545
m5_low30-40_close50-70_green,NO,with20-50,below>150,slope_against>75,65,20,61.0,6.0,0.95,0.9384615384615385,0.7500000000000021,-6.999999999999997,"0.60,-7.00,2.40,7.00",7,9,-24.5,32.208999999999286,-460.5126810715854,-142.06007343468954,34.85
m5_low30-40_close50-70_green,NO,with20-50,below>150,slope_against>75,70,20,61.0,6.0,0.9,0.8714285714285714,2.0000000000000027,-2.9999999999999973,"5.60,-3.00,7.40,-2.00",7,9,-22.0,32.208999999999286,-460.5126810715854,-142.06007343468954,34.85
m5_low30-40_close50-70_green,NO,with20-50,below>150,slope_against>75,75,20,61.0,6.0,0.85,0.8133333333333334,2.7500000000000027,-13.999999999999996,"10.60,-14.00,12.40,2.00",6,9,-19.5,32.208999999999286,-460.5126810715854,-142.06007343468954,34.85
m5_low30-40_close50-70_green,NO,with20-50,below>150,slope_against>75,80,20,61.0,6.0,0.85,0.7625,7.000000000000003,-10.999999999999996,"15.60,-11.00,17.40,6.00",6,9,-17.0,32.208999999999286,-460.5126810715854,-142.06007343468954,34.85
m5_low30-40_close50-70_green,NO,with20-50,below>150,slope_against>75,85,20,61.0,6.0,0.7,0.7176470588235294,-1.4999999999999987,-24.999999999999996,"3.60,-25.00,5.40,10.00",5,9,-63.0,32.208999999999286,-460.5126810715854,-142.06007343468954,34.85
m5_low30-40_close50-70_green,YES,flat,below>150,slope_against>75,65,20,60.55,6.0,0.95,0.9315384615384615,1.1999999999999986,-6.400000000000003,"-6.40,4.00,4.60,2.60",5,8,-16.666666666666668,-0.4335000000002765,-426.1639515866573,-132.35894447518984,35.0
m5_low30-40_close50-70_green,YES,flat,below>150,slope_against>75,70,20,60.55,6.0,0.85,0.865,-1.0500000000000014,-5.000000000000002,"-2.40,-5.00,-4.40,7.60",5,8,-13.333333333333334,-0.4335000000002765,-426.1639515866573,-132.35894447518984,35.0
m5_low30-40_close50-70_green,YES,flat,below>150,slope_against>75,75,20,60.55,6.0,0.85,0.8073333333333333,3.1999999999999984,-1.0000000000000013,"1.60,-1.00,-0.40,12.60",5,8,-10.0,-0.4335000000002765,-426.1639515866573,-132.35894447518984,35.0
m5_low30-40_close50-70_green,YES,flat,below>150,slope_against>75,80,20,60.55,6.0,0.85,0.756875,7.449999999999998,2.9999999999999987,"5.60,3.00,3.60,17.60",7,8,-6.666666666666667,-0.4335000000002765,-426.1639515866573,-132.35894447518984,35.0
m5_low30-40_close50-70_green,YES,flat,below>150,slope_against>75,85,20,60.55,6.0,0.85,0.7123529411764705,11.7,6.999999999999998,"9.60,7.00,7.60,22.60",7,8,-3.3333333333333335,-0.4335000000002765,-426.1639515866573,-132.35894447518984,35.0
m5_low30-40_close50-70_green,YES,flat,below50-150,slope_against25-75,65,20,59.95,6.0,0.85,0.9223076923076924,-4.7,-8.2,"-8.20,-7.80,-3.80,1.00",3,8,-12.25,-3.8085000000002767,-108.00897768376781,-33.691194113335584,35.8
m5_low30-40_close50-70_green,YES,flat,below50-150,slope_against25-75,70,20,59.95,6.0,0.8,0.8564285714285714,-3.9500000000000006,-18.2,"-18.20,-3.80,0.20,6.00",5,8,-26.0,-3.8085000000002767,-108.00897768376781,-33.691194113335584,35.8
m5_low30-40_close50-70_green,YES,flat,below50-150,slope_against25-75,75,20,59.95,6.0,0.75,0.7993333333333333,-3.7000000000000006,-15.2,"-15.20,-14.80,4.20,11.00",5,8,-23.5,-3.8085000000002767,-108.00897768376781,-33.691194113335584,35.8
m5_low30-40_close50-70_green,YES,flat,below50-150,slope_against25-75,80,20,59.95,6.0,0.65,0.749375,-7.95,-16.0,"-12.20,-11.80,8.20,-16.00",4,8,-22.75,-3.8085000000002767,-108.00897768376781,-33.691194113335584,35.8
m5_low30-40_close50-70_green,YES,flat,below50-150,slope_against25-75,85,20,59.95,6.0,0.65,0.7052941176470588,-4.700000000000001,-13.0,"-9.20,-8.80,12.20,-13.00",5,8,-20.25,-3.8085000000002767,-108.00897768376781,-33.691194113335584,35.8
m5_low30-40_close50-70_green,YES,flat,below0-50,slope_flat,65,41,60.0,7.0,0.8048780487804879,0.9230769230769231,-7.682926829268292,-18.636363636363637,"-18.64,-8.20,-6.40,3.60",4,9,-58.5,1.8682926829262614,-23.287197955948457,-5.02931423074223,35.8780487804878
m5_low30-40_close50-70_green,YES,flat,below0-50,slope_flat,70,41,60.0,7.0,0.7317073170731707,0.8571428571428571,-8.78048780487805,-21.818181818181817,"-21.82,-11.20,-9.40,8.60",3,9,-58.5,1.8682926829262614,-23.287197955948457,-5.02931423074223,35.8780487804878
m5_low30-40_close50-70_green,YES,flat,below0-50,slope_flat,75,41,60.0,7.0,0.7073170731707317,0.8,-6.951219512195122,-19.09090909090909,"-19.09,-7.70,-13.40,13.60",4,9,-58.5,1.8682926829262614,-23.287197955948457,-5.02931423074223,35.8780487804878
m5_low30-40_close50-70_green,YES,flat,below0-50,slope_flat,80,41,60.0,7.0,0.7073170731707317,0.75,-3.4146341463414633,-16.363636363636363,"-16.36,-4.20,-10.40,18.60",5,9,-58.5,1.8682926829262614,-23.287197955948457,-5.02931423074223,35.8780487804878
m5_low30-40_close50-70_green,YES,flat,below0-50,slope_flat,85,41,60.0,7.0,0.6829268292682927,0.7058823529411765,-1.951219512195122,-13.636363636363637,"-13.64,-9.20,-7.40,23.60",5,9,-58.5,1.8682926829262614,-23.287197955948457,-5.02931423074223,35.8780487804878
m5_low30-40_close50-70_green,YES,flat,above0-50,slope_flat,65,53,59.735849056603776,6.0,0.8301886792452831,0.9190130624092888,-5.773584905660377,-18.692307692307693,"-0.71,-18.69,0.54,-4.62",4,10,-50.0,3.4186792452834744,22.45964769726108,5.505472444392546,35.77358490566038
m5_low30-40_close50-70_green,YES,flat,above0-50,slope_flat,70,53,59.735849056603776,6.0,0.7547169811320755,0.8533692722371968,-6.90566037735849,-26.384615384615383,"3.93,-26.38,-0.23,-5.77",4,10,-50.0,3.4186792452834744,22.45964769726108,5.505472444392546,35.77358490566038
m5_low30-40_close50-70_green,YES,flat,above0-50,slope_flat,75,53,59.735849056603776,6.0,0.6415094339622641,0.7964779874213836,-11.622641509433961,-29.846153846153847,"3.21,-29.85,-13.31,-7.69",2,10,-50.0,3.4186792452834744,22.45964769726108,5.505472444392546,35.77358490566038
m5_low30-40_close50-70_green,YES,flat,above0-50,slope_flat,80,53,59.735849056603776,6.0,0.6037735849056604,0.7466981132075472,-11.433962264150944,-27.923076923076923,"7.50,-27.92,-10.23,-16.54",3,10,-50.0,3.4186792452834744,22.45964769726108,5.505472444392546,35.77358490566038
m5_low30-40_close50-70_green,YES,flat,above0-50,slope_flat,85,53,59.735849056603776,6.0,0.5660377358490566,0.7027746947835738,-11.622641509433961,-32.53846153846154,"11.79,-32.54,-7.15,-20.38",4,10,-50.0,3.4186792452834744,22.45964769726108,5.505472444392546,35.77358490566038
m5_low30-40_close50-70_green,YES,flat,above50-150,slope_flat,65,34,58.3235294117647,6.0,0.8235294117647058,0.8972850678733031,-4.794117647058823,-13.11111111111111,"-13.11,-1.25,4.75,-8.11",3,8,-32.333333333333336,4.340588235295025,77.09453966136446,12.63621556908209,35.94117647058823
m5_low30-40_close50-70_green,YES,flat,above50-150,slope_flat,70,34,58.3235294117647,6.0,0.7941176470588235,0.8331932773109243,-2.735294117647059,-9.777777777777779,"-9.78,-5.62,9.75,-4.22",4,8,-30.666666666666668,4.340588235295025,77.09453966136446,12.63621556908209,35.94117647058823
m5_low30-40_close50-70_green,YES,flat,above50-150,slope_flat,75,34,58.3235294117647,6.0,0.7941176470588235,0.7776470588235294,1.2352941176470589,-6.4444444444444455,"-6.44,-1.87,14.75,-0.33",5,8,-29.0,4.340588235295025,77.09453966136446,12.63621556908209,35.94117647058823
m5_low30-40_close50-70_green,YES,flat,above50-150,slope_flat,80,34,58.3235294117647,6.0,0.7352941176470589,0.7290441176470588,0.5,-8.125,"-3.11,-8.12,9.75,3.56",4,8,-36.25,4.340588235295025,77.09453966136446,12.63621556908209,35.94117647058823
m5_low30-40_close50-70_green,YES,flat,above50-150,slope_flat,85,34,58.3235294117647,6.0,0.7058823529411765,0.686159169550173,1.6764705882352942,-5.0,"0.22,-5.00,3.50,7.44",4,8,-35.0,4.340588235295025,77.09453966136446,12.63621556908209,35.94117647058823
m5_low30-40_close50-70_green,YES,flat,above50-150,slope_with25-75,65,33,59.333333333333336,7.0,0.7878787878787878,0.9128205128205129,-8.121212121212121,-16.0,"3.33,-8.88,-12.38,-16.00",5,9,-55.0,2.309393939394795,108.52398404384131,39.09336538517307,35.39393939393939
m5_low30-40_close50-70_green,YES,flat,above50-150,slope_with25-75,70,33,59.333333333333336,7.0,0.7272727272727273,0.8476190476190476,-8.424242424242424,-21.625,"8.33,-13.88,-8.62,-21.62",5,9,-55.0,2.309393939394795,108.52398404384131,39.09336538517307,35.39393939393939
m5_low30-40_close50-70_green,YES,flat,above50-150,slope_with25-75,75,33,59.333333333333336,7.0,0.6666666666666666,0.7911111111111111,-9.333333333333334,-29.5,"13.33,-29.50,-4.87,-19.12",5,9,-55.0,2.309393939394795,108.52398404384131,39.09336538517307,35.39393939393939
m5_low30-40_close50-70_green,YES,flat,above50-150,slope_with25-75,80,33,59.333333333333336,7.0,0.5454545454545454,0.7416666666666667,-15.696969696969697,-37.625,"9.44,-37.62,-21.12,-16.62",3,9,-55.0,2.309393939394795,108.52398404384131,39.09336538517307,35.39393939393939
m5_low30-40_close50-70_green,YES,flat,above50-150,slope_with25-75,85,33,59.333333333333336,7.0,0.5151515151515151,0.6980392156862746,-15.545454545454545,-36.375,"13.89,-36.38,-29.25,-14.12",4,9,-55.0,2.309393939394795,108.52398404384131,39.09336538517307,35.39393939393939
m5_low30-40_close50-70_green,YES,flat,above>150,slope_with25-75,65,20,60.0,6.0,0.85,0.9230769230769231,-4.75,-8.2,"-6.20,2.40,-7.00,-8.20",6,9,-56.00000000000001,4.045500000000902,205.04479756254915,52.46850249319541,36.2
m5_low30-40_close50-70_green,YES,flat,above>150,slope_with25-75,70,20,60.0,6.0,0.85,0.8571428571428571,-0.49999999999999967,-4.2,"-2.20,7.40,-3.00,-4.20",6,9,-56.00000000000001,4.045500000000902,205.04479756254915,52.46850249319541,36.2
m5_low30-40_close50-70_green,YES,flat,above>150,slope_with25-75,75,20,60.0,6.0,0.7,0.8,-7.5,-15.2,"1.80,-2.60,-14.00,-15.20",3,9,-57.99999999999999,4.045500000000902,205.04479756254915,52.46850249319541,36.2
m5_low30-40_close50-70_green,YES,flat,above>150,slope_with25-75,80,20,60.0,6.0,0.7,0.75,-4.0,-12.2,"5.80,1.40,-11.00,-12.20",3,9,-57.99999999999999,4.045500000000902,205.04479756254915,52.46850249319541,36.2
m5_low30-40_close50-70_green,YES,flat,above>150,slope_with25-75,85,20,60.0,6.0,0.7,0.7058823529411765,-0.5,-9.2,"9.80,5.40,-8.00,-9.20",3,9,-57.99999999999999,4.045500000000902,205.04479756254915,52.46850249319541,36.2
m5_low30-40_close50-70_green,YES,flat,above>150,slope_with>75,65,30,58.36666666666667,6.0,0.9,0.897948717948718,0.13333333333333333,-14.285714285714286,"8.12,-14.29,6.00,-0.38",6,9,-15.333333333333334,1.2486666666656674,480.7297872711412,143.93984425340872,35.3
m5_low30-40_close50-70_green,YES,flat,above>150,slope_with>75,70,30,58.36666666666667,6.0,0.8666666666666667,0.8338095238095238,2.3,-20.714285714285715,"13.12,-20.71,11.00,4.00",7,9,-23.666666666666668,1.2486666666656674,480.7297872711412,143.93984425340872,35.3
m5_low30-40_close50-70_green,YES,flat,above>150,slope_with>75,75,30,58.36666666666667,6.0,0.8,0.7782222222222223,1.6333333333333333,-17.857142857142858,"8.75,-17.86,5.29,8.38",6,9,-52.0,1.2486666666656674,480.7297872711412,143.93984425340872,35.3
m5_low30-40_close50-70_green,YES,flat,above>150,slope_with>75,80,30,58.36666666666667,6.0,0.7333333333333333,0.7295833333333334,0.29999999999999977,-15.0,"13.12,-15.00,9.57,-7.25",6,9,-52.0,1.2486666666656674,480.7297872711412,143.93984425340872,35.3
m5_low30-40_close50-70_green,YES,flat,above>150,slope_with>75,85,30,58.36666666666667,6.0,0.7,0.6866666666666666,1.133333333333333,-12.142857142857142,"17.50,-12.14,1.71,-4.13",6,9,-52.0,1.2486666666656674,480.7297872711412,143.93984425340872,35.3
m6_low0-20_close35-55_green,NO,flat,below50-150,slope_flat,65,24,42.708333333333336,7.0,0.5,0.657051282051282,-10.208333333333334,-21.666666666666668,"2.00,-11.00,-21.67,-10.17",1,9,-46.0,-7.488749999998315,-89.50682108978738,-13.723748197381004,14.404166666666663
m6_low0-20_close35-55_green,NO,flat,below50-150,slope_flat,70,24,42.708333333333336,7.0,0.5,0.6101190476190477,-7.708333333333333,-20.0,"5.33,-8.50,-20.00,-7.67",2,9,-46.0,-7.488749999998315,-89.50682108978738,-13.723748197381004,14.404166666666663
m6_low0-20_close35-55_green,NO,flat,below50-150,slope_flat,75,24,42.708333333333336,7.0,0.5,0.5694444444444445,-5.208333333333334,-18.333333333333332,"8.67,-6.00,-18.33,-5.17",2,9,-46.0,-7.488749999998315,-89.50682108978738,-13.723748197381004,14.404166666666663
m6_low0-20_close35-55_green,NO,flat,below50-150,slope_flat,80,24,42.708333333333336,7.0,0.4583333333333333,0.5338541666666667,-6.041666666666667,-16.666666666666668,"-1.33,-3.50,-16.67,-2.67",2,9,-46.0,-7.488749999998315,-89.50682108978738,-13.723748197381004,14.404166666666663
m6_low0-20_close35-55_green,NO,flat,below50-150,slope_flat,85,24,42.708333333333336,7.0,0.4166666666666667,0.5024509803921569,-7.291666666666667,-29.166666666666668,"1.17,-1.00,-29.17,-0.17",4,9,-46.0,-7.488749999998315,-89.50682108978738,-13.723748197381004,14.404166666666663
m6_low0-20_close35-55_green,NO,flat,above50-150,slope_with25-75,65,24,43.75,7.5,0.5416666666666666,0.6730769230769231,-8.541666666666666,-23.333333333333332,"-3.83,-23.33,-8.83,1.83",3,9,-41.0,-0.8908333333326178,100.2754762908374,40.276316402275675,14.316666666666665
m6_low0-20_close35-55_green,NO,flat,above50-150,slope_with25-75,70,24,43.75,7.5,0.5,0.625,-8.75,-33.333333333333336,"-0.50,-33.33,-6.33,5.17",4,9,-41.0,-0.8908333333326178,100.2754762908374,40.276316402275675,14.316666666666665
m6_low0-20_close35-55_green,NO,flat,above50-150,slope_with25-75,75,24,43.75,7.5,0.4583333333333333,0.5833333333333334,-9.375,-32.5,"2.83,-32.50,-3.83,-4.00",4,9,-41.0,-0.8908333333326178,100.2754762908374,40.276316402275675,14.316666666666665
m6_low0-20_close35-55_green,NO,flat,above50-150,slope_with25-75,80,24,43.75,7.5,0.4583333333333333,0.546875,-7.083333333333333,-31.666666666666668,"6.17,-31.67,-1.33,-1.50",5,9,-41.0,-0.8908333333326178,100.2754762908374,40.276316402275675,14.316666666666665
m6_low0-20_close35-55_green,NO,flat,above50-150,slope_with25-75,85,24,43.75,7.5,0.4166666666666667,0.5147058823529411,-8.333333333333334,-30.833333333333332,"-4.67,-30.83,1.17,1.00",4,9,-41.0,-0.8908333333326178,100.2754762908374,40.276316402275675,14.316666666666665
m6_low0-20_close40-60_green,NO,flat,above50-150,slope_with25-75,65,23,47.04347826086956,7.0,0.6086956521739131,0.7237458193979933,-7.4782608695652195,-23.666666666666668,"2.67,-23.67,-8.60,-0.50",3,8,-23.333333333333332,-1.746086956520942,101.76279869810526,39.27144202125403,14.391304347826088
m6_low0-20_close40-60_green,NO,flat,above50-150,slope_with25-75,70,23,47.04347826086956,7.0,0.5652173913043478,0.6720496894409937,-7.478260869565218,-33.666666666666664,"6.83,-33.67,-5.60,2.83",5,8,-33.333333333333336,-1.746086956520942,101.76279869810526,39.27144202125403,14.391304347826088
m6_low0-20_close40-60_green,NO,flat,above50-150,slope_with25-75,75,23,47.04347826086956,7.0,0.5217391304347826,0.6272463768115941,-7.913043478260869,-32.833333333333336,"11.00,-32.83,-2.60,-6.33",4,8,-32.5,-1.746086956520942,101.76279869810526,39.27144202125403,14.391304347826088
m6_low0-20_close40-60_green,NO,flat,above50-150,slope_with25-75,80,23,47.04347826086956,7.0,0.5217391304347826,0.5880434782608696,-5.304347826086956,-32.0,"15.17,-32.00,0.40,-3.83",4,8,-31.666666666666668,-1.746086956520942,101.76279869810526,39.27144202125403,14.391304347826088
m6_low0-20_close40-60_green,NO,flat,above50-150,slope_with25-75,85,23,47.04347826086956,7.0,0.4782608695652174,0.5534526854219949,-6.391304347826087,-31.166666666666668,"5.17,-31.17,3.40,-1.33",3,8,-30.833333333333332,-1.746086956520942,101.76279869810526,39.27144202125403,14.391304347826088
m6_low15-25_close35-55_green,NO,flat,below50-150,slope_flat,65,21,42.904761904761905,8.0,0.47619047619047616,0.6600732600732601,-11.952380952380953,-16.8,"-12.00,-16.60,-16.80,-2.40",1,8,-39.0,-7.8347619047615025,-77.52073569961864,-10.539519230853156,20.714285714285715
m6_low15-25_close35-55_green,NO,flat,below50-150,slope_flat,70,21,42.904761904761905,8.0,0.47619047619047616,0.6129251700680273,-9.571428571428571,-14.8,"-9.50,-14.60,-14.80,0.60",1,8,-39.0,-7.8347619047615025,-77.52073569961864,-10.539519230853156,20.714285714285715
m6_low15-25_close35-55_green,NO,flat,below50-150,slope_flat,75,21,42.904761904761905,8.0,0.47619047619047616,0.572063492063492,-7.190476190476191,-12.8,"-7.00,-12.60,-12.80,3.60",1,8,-39.0,-7.8347619047615025,-77.52073569961864,-10.539519230853156,20.714285714285715
m6_low15-25_close35-55_green,NO,flat,below50-150,slope_flat,80,21,42.904761904761905,8.0,0.47619047619047616,0.5363095238095238,-4.809523809523809,-10.8,"-4.50,-10.60,-10.80,6.60",1,8,-39.0,-7.8347619047615025,-77.52073569961864,-10.539519230853156,20.714285714285715
m6_low15-25_close35-55_green,NO,flat,below50-150,slope_flat,85,21,42.904761904761905,8.0,0.47619047619047616,0.5047619047619047,-2.4285714285714284,-8.8,"-2.00,-8.60,-8.80,9.60",2,8,-39.0,-7.8347619047615025,-77.52073569961864,-10.539519230853156,20.714285714285715
m6_low15-25_close35-55_green,NO,flat,below0-50,slope_flat,65,25,44.24,7.0,0.68,0.6806153846153846,-0.039999999999999716,-10.166666666666668,"12.14,-2.17,-10.17,-2.00",6,10,-19.0,-0.9343999999994412,-24.55765327149129,-3.368359632859356,20.72
m6_low15-25_close35-55_green,NO,flat,below0-50,slope_flat,70,25,44.24,7.0,0.64,0.632,0.5600000000000003,-10.333333333333334,"16.43,1.17,-7.67,-10.33",7,10,-29.0,-0.9343999999994412,-24.55765327149129,-3.368359632859356,20.72
m6_low15-25_close35-55_green,NO,flat,below0-50,slope_flat,75,25,44.24,7.0,0.56,0.5898666666666667,-2.24,-17.666666666666668,"10.00,4.50,-17.67,-7.83",7,10,-28.166666666666668,-0.9343999999994412,-24.55765327149129,-3.368359632859356,20.72
m6_low15-25_close35-55_green,NO,flat,below0-50,slope_flat,80,25,44.24,7.0,0.52,0.553,-2.64,-16.0,"2.14,7.83,-16.00,-5.33",6,10,-38.0,-0.9343999999994412,-24.55765327149129,-3.368359632859356,20.72
m6_low15-25_close35-55_green,NO,flat,below0-50,slope_flat,85,25,44.24,7.0,0.52,0.5204705882352941,-0.040000000000000285,-14.333333333333334,"5.00,11.17,-14.33,-2.83",6,10,-38.0,-0.9343999999994412,-24.55765327149129,-3.368359632859356,20.72
m6_low15-25_close35-55_green,NO,flat,above0-50,slope_flat,65,30,44.03333333333333,7.5,0.5333333333333333,0.6774358974358974,-9.366666666666667,-14.75,"-14.75,-6.57,-5.71,-9.62",3,9,-52.0,-0.31600000000059175,27.891740388399192,5.4326697352310775,20.133333333333333
m6_low15-25_close35-55_green,NO,flat,above0-50,slope_flat,70,30,44.03333333333333,7.5,0.5333333333333333,0.629047619047619,-6.7,-12.25,"-12.25,-3.71,-2.86,-7.12",3,9,-52.0,-0.31600000000059175,27.891740388399192,5.4326697352310775,20.133333333333333
m6_low15-25_close35-55_green,NO,flat,above0-50,slope_flat,75,30,44.03333333333333,7.5,0.5,0.5871111111111111,-6.533333333333333,-11.571428571428568,"-9.75,-11.57,-0.00,-4.62",3,9,-52.0,-0.31600000000059175,27.891740388399192,5.4326697352310775,20.133333333333333
m6_low15-25_close35-55_green,NO,flat,above0-50,slope_flat,80,30,44.03333333333333,7.5,0.4666666666666667,0.5504166666666667,-6.7,-9.428571428571425,"-7.25,-9.43,-8.57,-2.12",4,9,-52.0,-0.31600000000059175,27.891740388399192,5.4326697352310775,20.133333333333333
m6_low15-25_close35-55_green,NO,flat,above0-50,slope_flat,85,30,44.03333333333333,7.5,0.4666666666666667,0.5180392156862745,-4.366666666666666,-7.285714285714282,"-4.75,-7.29,-6.43,0.38",4,9,-52.0,-0.31600000000059175,27.891740388399192,5.4326697352310775,20.133333333333333
m6_low15-25_close35-55_green,NO,flat,above50-150,slope_with25-75,65,23,43.43478260869565,7.0,0.5652173913043478,0.6682274247491639,-6.695652173913044,-21.666666666666668,"-21.17,-21.67,5.60,12.50",3,9,-40.0,-0.33217391304282023,104.04116217872671,36.935259028990515,19.47826086956522
m6_low15-25_close35-55_green,NO,flat,above50-150,slope_with25-75,70,23,43.43478260869565,7.0,0.5217391304347826,0.6204968944099378,-6.913043478260869,-31.666666666666668,"-19.50,-31.67,9.60,16.67",4,9,-40.0,-0.33217391304282023,104.04116217872671,36.935259028990515,19.47826086956522
m6_low15-25_close35-55_green,NO,flat,above50-150,slope_with25-75,75,23,43.43478260869565,7.0,0.4782608695652174,0.5791304347826086,-7.565217391304348,-30.833333333333332,"-17.83,-30.83,-1.40,20.83",4,9,-40.0,-0.33217391304282023,104.04116217872671,36.935259028990515,19.47826086956522
m6_low15-25_close35-55_green,NO,flat,above50-150,slope_with25-75,80,23,43.43478260869565,7.0,0.43478260869565216,0.5429347826086957,-8.652173913043478,-30.0,"-16.17,-30.00,1.60,11.67",4,9,-40.0,-0.33217391304282023,104.04116217872671,36.935259028990515,19.47826086956522
m6_low15-25_close35-55_green,NO,flat,above50-150,slope_with25-75,85,23,43.43478260869565,7.0,0.391304347826087,0.5109974424552429,-10.173913043478262,-29.166666666666668,"-14.50,-29.17,-12.40,15.00",3,9,-52.0,-0.33217391304282023,104.04116217872671,36.935259028990515,19.47826086956522
m6_low15-25_close35-55_green,YES,flat,below50-150,slope_flat,65,23,45.91304347826087,7.0,0.9130434782608695,0.7063545150501672,13.434782608695652,5.6,"21.17,16.83,5.60,8.83",8,8,4.2,0.4199999999998355,-77.88301890631524,-15.70257838843036,20.043478260869566
m6_low15-25_close35-55_green,YES,flat,below50-150,slope_flat,70,23,45.91304347826087,7.0,0.8260869565217391,0.6559006211180124,11.91304347826087,-4.4,"14.50,21.83,-4.40,13.00",6,8,-9.5,0.4199999999998355,-77.88301890631524,-15.70257838843036,20.043478260869566
m6_low15-25_close35-55_green,YES,flat,below50-150,slope_flat,75,23,45.91304347826087,7.0,0.782608695652174,0.6121739130434782,12.782608695652174,-16.4,"18.67,26.83,-16.40,17.17",6,8,-17.8,0.4199999999998355,-77.88301890631524,-15.70257838843036,20.043478260869566
m6_low15-25_close35-55_green,YES,flat,below50-150,slope_flat,80,23,45.91304347826087,7.0,0.6956521739130435,0.5739130434782609,9.73913043478261,-30.4,"22.83,31.83,-30.40,8.00",6,8,-31.8,0.4199999999998355,-77.88301890631524,-15.70257838843036,20.043478260869566
m6_low15-25_close35-55_green,YES,flat,below50-150,slope_flat,85,23,45.91304347826087,7.0,0.6956521739130435,0.5401534526854219,13.217391304347826,-29.4,"27.00,36.83,-29.40,11.33",6,8,-30.8,0.4199999999998355,-77.88301890631524,-15.70257838843036,20.043478260869566
m6_low15-25_close35-55_green,YES,flat,above50-150,slope_flat,65,21,45.333333333333336,8.0,0.6666666666666666,0.6974358974358975,-2.0,-4.666666666666667,"-4.67,-4.60,5.80,-4.00",5,9,-45.0,2.255714285714757,79.94146295829047,15.099373286807566,21.38095238095238
m6_low15-25_close35-55_green,YES,flat,above50-150,slope_flat,70,21,45.333333333333336,8.0,0.6190476190476191,0.6476190476190476,-2.0,-13.0,"-13.00,-1.60,9.80,-1.00",4,9,-45.0,2.255714285714757,79.94146295829047,15.099373286807566,21.38095238095238
m6_low15-25_close35-55_green,YES,flat,above50-150,slope_flat,75,21,45.333333333333336,8.0,0.6190476190476191,0.6044444444444445,1.0952380952380953,-10.5,"-10.50,1.40,13.80,2.00",4,9,-45.0,2.255714285714757,79.94146295829047,15.099373286807566,21.38095238095238
m6_low15-25_close35-55_green,YES,flat,above50-150,slope_flat,80,21,45.333333333333336,8.0,0.5714285714285714,0.5666666666666667,0.38095238095238093,-8.0,"-8.00,4.40,1.80,5.00",4,9,-45.0,2.255714285714757,79.94146295829047,15.099373286807566,21.38095238095238
m6_low15-25_close35-55_green,YES,flat,above50-150,slope_flat,85,21,45.333333333333336,8.0,0.5238095238095238,0.5333333333333333,-0.8095238095238095,-9.0,"-5.50,7.40,4.80,-9.00",3,9,-45.0,2.255714285714757,79.94146295829047,15.099373286807566,21.38095238095238
m6_low15-25_close40-60_green,NO,flat,below0-50,slope_flat,65,22,47.68181818181818,7.0,0.6818181818181818,0.7335664335664336,-3.3636363636363638,-12.8,"5.67,-12.80,-6.40,-2.00",5,9,-19.0,0.2754545454547703,-25.93667149030741,-3.538846899651782,20.818181818181817
m6_low15-25_close40-60_green,NO,flat,below0-50,slope_flat,70,22,47.68181818181818,7.0,0.6363636363636364,0.6811688311688311,-3.1363636363636362,-10.333333333333334,"9.83,-9.80,-3.40,-10.33",6,9,-29.0,0.2754545454547703,-25.93667149030741,-3.538846899651782,20.818181818181817
m6_low15-25_close40-60_green,NO,flat,below0-50,slope_flat,75,22,47.68181818181818,7.0,0.5454545454545454,0.6357575757575757,-6.7727272727272725,-15.400000000000002,"1.50,-6.80,-15.40,-7.83",5,9,-28.0,0.2754545454547703,-25.93667149030741,-3.538846899651782,20.818181818181817
m6_low15-25_close40-60_green,NO,flat,below0-50,slope_flat,80,22,47.68181818181818,7.0,0.5454545454545454,0.5960227272727272,-4.045454545454546,-13.400000000000002,"4.83,-3.80,-13.40,-5.33",5,9,-27.0,0.2754545454547703,-25.93667149030741,-3.538846899651782,20.818181818181817
m6_low15-25_close40-60_green,NO,flat,below0-50,slope_flat,85,22,47.68181818181818,7.0,0.5454545454545454,0.5609625668449197,-1.3181818181818181,-11.400000000000002,"8.17,-0.80,-11.40,-2.83",5,9,-26.0,0.2754545454547703,-25.93667149030741,-3.538846899651782,20.818181818181817
m6_low15-25_close40-60_green,NO,flat,above0-50,slope_flat,65,28,47.392857142857146,7.0,0.6071428571428571,0.7291208791208792,-7.928571428571429,-21.0,"-21.00,-9.86,-7.86,7.00",3,9,-52.0,0.767857142856883,28.297149136635976,5.335282435659402,20.714285714285715
m6_low15-25_close40-60_green,NO,flat,above0-50,slope_flat,70,28,47.392857142857146,7.0,0.6071428571428571,0.6770408163265307,-4.892857142857143,-18.857142857142858,"-18.86,-7.00,-5.00,11.29",4,9,-52.0,0.767857142856883,28.297149136635976,5.335282435659402,20.714285714285715
m6_low15-25_close40-60_green,NO,flat,above0-50,slope_flat,75,28,47.392857142857146,7.0,0.5714285714285714,0.631904761904762,-4.535714285714286,-16.714285714285715,"-16.71,-14.86,-2.14,15.57",3,9,-52.0,0.767857142856883,28.297149136635976,5.335282435659402,20.714285714285715
m6_low15-25_close40-60_green,NO,flat,above0-50,slope_flat,80,28,47.392857142857146,7.0,0.5357142857142857,0.5924107142857143,-4.535714285714286,-14.571428571428571,"-14.57,-12.71,-10.71,19.86",4,9,-52.0,0.767857142856883,28.297149136635976,5.335282435659402,20.714285714285715
m6_low15-25_close40-60_green,NO,flat,above0-50,slope_flat,85,28,47.392857142857146,7.0,0.5357142857142857,0.557563025210084,-1.8571428571428572,-12.428571428571429,"-12.43,-10.57,-8.57,24.14",4,9,-52.0,0.767857142856883,28.297149136635976,5.335282435659402,20.714285714285715
m6_low15-25_close40-60_green,NO,flat,above50-150,slope_with25-75,65,22,47.04545454545455,7.0,0.6818181818181818,0.7237762237762237,-2.7272727272727297,-19.8,"-7.17,-19.80,-8.00,20.33",4,9,-43.00000000000001,-1.1772727272718013,102.9058250362617,36.25148490518966,19.545454545454547
m6_low15-25_close40-60_green,NO,flat,above50-150,slope_with25-75,70,22,47.04545454545455,7.0,0.6363636363636364,0.672077922077922,-2.5000000000000027,-31.8,"-3.83,-31.80,-5.00,25.33",4,9,-43.00000000000001,-1.1772727272718013,102.9058250362617,36.25148490518966,19.545454545454547
m6_low15-25_close40-60_green,NO,flat,above50-150,slope_with25-75,75,22,47.04545454545455,7.0,0.5909090909090909,0.6272727272727273,-2.7272727272727297,-30.8,"-0.50,-30.80,-2.00,17.83",6,9,-43.00000000000001,-1.1772727272718013,102.9058250362617,36.25148490518966,19.545454545454547
m6_low15-25_close40-60_green,NO,flat,above50-150,slope_with25-75,80,22,47.04545454545455,7.0,0.5454545454545454,0.5880681818181819,-3.4090909090909105,-29.8,"2.83,-29.80,1.00,8.67",5,9,-43.00000000000001,-1.1772727272718013,102.9058250362617,36.25148490518966,19.545454545454547
m6_low15-25_close40-60_green,NO,flat,above50-150,slope_with25-75,85,22,47.04545454545455,7.0,0.5,0.553475935828877,-4.545454545454548,-28.8,"6.17,-28.80,-13.00,12.00",4,9,-52.0,-1.1772727272718013,102.9058250362617,36.25148490518966,19.545454545454547
m6_low15-25_close40-60_green,YES,flat,below50-150,slope_flat,65,21,48.42857142857143,7.0,0.9047619047619048,0.7450549450549451,10.380952380952381,3.0000000000000013,"17.00,17.00,3.00,3.20",8,8,0.75,0.6352380952375825,-72.32343799384952,-15.3352227378744,19.857142857142858
m6_low15-25_close40-60_green,YES,flat,below50-150,slope_flat,70,21,48.42857142857143,7.0,0.8095238095238095,0.6918367346938776,8.238095238095237,-6.999999999999998,"10.33,22.00,-7.00,7.20",6,8,-52.0,0.6352380952375825,-72.32343799384952,-15.3352227378744,19.857142857142858
m6_low15-25_close40-60_green,YES,flat,below50-150,slope_flat,75,21,48.42857142857143,7.0,0.7619047619047619,0.6457142857142858,8.714285714285714,-19.0,"14.50,27.00,-19.00,11.20",6,8,-52.0,0.6352380952375825,-72.32343799384952,-15.3352227378744,19.857142857142858
m6_low15-25_close40-60_green,YES,flat,below50-150,slope_flat,80,21,48.42857142857143,7.0,0.6666666666666666,0.6053571428571429,4.904761904761905,-33.0,"18.67,32.00,-33.00,-0.80",5,8,-52.0,0.6352380952375825,-72.32343799384952,-15.3352227378744,19.857142857142858
m6_low15-25_close40-60_green,YES,flat,below50-150,slope_flat,85,21,48.42857142857143,7.0,0.6666666666666666,0.5697478991596638,8.238095238095237,-32.0,"22.83,37.00,-32.00,2.20",5,8,-52.0,0.6352380952375825,-72.32343799384952,-15.3352227378744,19.857142857142858
m6_low15-25_close40-60_green,YES,flat,above0-50,slope_flat,65,20,48.5,7.0,0.75,0.7461538461538462,0.24999999999999928,-8.2,"-6.80,-8.20,2.60,13.40",5,9,-17.0,-2.2849999999994908,29.043086503344238,6.211563632603429,21.05
m6_low15-25_close40-60_green,YES,flat,above0-50,slope_flat,70,20,48.5,7.0,0.75,0.6928571428571428,4.0,-5.2,"-3.80,-5.20,6.60,18.40",5,9,-14.500000000000002,-2.2849999999994908,29.043086503344238,6.211563632603429,21.05
m6_low15-25_close40-60_green,YES,flat,above0-50,slope_flat,75,20,48.5,7.0,0.65,0.6466666666666666,0.24999999999999928,-19.4,"-0.80,-2.20,-19.40,23.40",5,9,-30.75,-2.2849999999994908,29.043086503344238,6.211563632603429,21.05
m6_low15-25_close40-60_green,YES,flat,above0-50,slope_flat,80,20,48.5,7.0,0.55,0.60625,-4.500000000000001,-17.4,"2.20,0.80,-17.40,-3.60",3,9,-55.00000000000001,-2.2849999999994908,29.043086503344238,6.211563632603429,21.05
m6_low15-25_close40-60_green,YES,flat,above0-50,slope_flat,85,20,48.5,7.0,0.45,0.5705882352941176,-10.25,-15.4,"-11.80,-13.20,-15.40,-0.60",2,9,-55.00000000000001,-2.2849999999994908,29.043086503344238,6.211563632603429,21.05
m6_low15-25_close45-65_green,NO,flat,above0-50,slope_flat,65,20,53.95,7.0,0.7,0.8300000000000001,-8.45,-25.8,"-25.00,6.60,-25.80,10.40",3,7,-50.0,3.231999999999607,27.29488984277159,4.091560037961608,20.35
m6_low15-25_close45-65_green,NO,flat,above0-50,slope_flat,70,20,53.95,7.0,0.7,0.7707142857142858,-4.95,-23.8,"-23.00,11.60,-23.80,15.40",3,7,-50.0,3.231999999999607,27.29488984277159,4.091560037961608,20.35
m6_low15-25_close45-65_green,NO,flat,above0-50,slope_flat,75,20,53.95,7.0,0.65,0.7193333333333334,-5.2,-21.8,"-21.00,1.60,-21.80,20.40",2,7,-50.0,3.231999999999607,27.29488984277159,4.091560037961608,20.35
m6_low15-25_close45-65_green,NO,flat,above0-50,slope_flat,80,20,53.95,7.0,0.65,0.6743750000000001,-1.95,-19.8,"-19.00,5.60,-19.80,25.40",3,7,-50.0,3.231999999999607,27.29488984277159,4.091560037961608,20.35
m6_low15-25_close45-65_green,NO,flat,above0-50,slope_flat,85,20,53.95,7.0,0.65,0.6347058823529412,1.2999999999999996,-17.8,"-17.00,9.60,-17.80,30.40",3,7,-50.0,3.231999999999607,27.29488984277159,4.091560037961608,20.35
m6_low15-25_close45-65_green,NO,flat,above50-150,slope_with25-75,65,20,54.55,7.5,0.75,0.8392307692307692,-5.800000000000002,-25.4,"8.00,-25.40,-17.80,12.00",5,8,-62.0,-3.3249999999989086,99.53616497950898,37.09050360822293,19.65
m6_low15-25_close45-65_green,NO,flat,above50-150,slope_with25-75,70,20,54.55,7.5,0.7,0.7792857142857142,-5.550000000000002,-37.4,"13.00,-37.40,-14.80,17.00",5,8,-62.0,-3.3249999999989086,99.53616497950898,37.09050360822293,19.65
m6_low15-25_close45-65_green,NO,flat,above50-150,slope_with25-75,75,20,54.55,7.5,0.65,0.7273333333333333,-5.800000000000002,-36.4,"18.00,-36.40,-26.80,22.00",4,8,-62.0,-3.3249999999989086,99.53616497950898,37.09050360822293,19.65
m6_low15-25_close45-65_green,NO,flat,above50-150,slope_with25-75,80,20,54.55,7.5,0.65,0.681875,-2.5500000000000016,-35.4,"23.00,-35.40,-24.80,27.00",4,8,-62.0,-3.3249999999989086,99.53616497950898,37.09050360822293,19.65
m6_low15-25_close45-65_green,NO,flat,above50-150,slope_with25-75,85,20,54.55,7.5,0.6,0.6417647058823529,-3.55,-39.8,"28.00,-34.40,-39.80,32.00",3,8,-62.0,-3.3249999999989086,99.53616497950898,37.09050360822293,19.65
m6_low15-25_close45-65_green,YES,flat,below50-150,slope_flat,65,22,51.77272727272727,8.0,0.9090909090909091,0.7965034965034965,7.318181818181818,2.842170943040401e-15,"11.67,15.00,0.00,2.67",8,10,-1.3999999999999972,0.11681818181783786,-76.41304257418166,-15.633586182969752,20.5
m6_low15-25_close45-65_green,YES,flat,below50-150,slope_flat,70,22,51.77272727272727,8.0,0.8181818181818182,0.7396103896103896,5.5,-9.999999999999996,"5.00,20.00,-10.00,6.83",8,10,-22.0,0.11681818181783786,-76.41304257418166,-15.633586182969752,20.5
m6_low15-25_close45-65_green,YES,flat,below50-150,slope_flat,75,22,51.77272727272727,8.0,0.7727272727272727,0.6903030303030303,6.181818181818182,-21.999999999999996,"9.17,25.00,-22.00,11.00",8,10,-23.4,0.11681818181783786,-76.41304257418166,-15.633586182969752,20.5
m6_low15-25_close45-65_green,YES,flat,below50-150,slope_flat,80,22,51.77272727272727,8.0,0.7272727272727273,0.647159090909091,6.409090909090909,-19.999999999999996,"13.33,30.00,-20.00,1.83",7,10,-21.4,0.11681818181783786,-76.41304257418166,-15.633586182969752,20.5
m6_low15-25_close45-65_green,YES,flat,below50-150,slope_flat,85,22,51.77272727272727,8.0,0.6818181818181818,0.6090909090909091,6.181818181818182,-17.999999999999996,"3.33,35.00,-18.00,5.17",6,10,-61.0,0.11681818181783786,-76.41304257418166,-15.633586182969752,20.5
m6_low15-25_close50-70_green,NO,flat,below0-50,slope_flat,65,21,58.61904761904762,8.0,0.9047619047619048,0.9018315018315018,0.19047619047619013,-9.2,"7.17,8.40,-9.20,-7.00",8,10,-61.0,-0.6928571428565885,-24.23101486665733,-3.8795773494310284,20.238095238095237
m6_low15-25_close50-70_green,NO,flat,below0-50,slope_flat,70,21,58.61904761904762,8.0,0.9047619047619048,0.8374149659863945,4.714285714285714,-5.2,"12.17,13.40,-5.20,-3.00",8,10,-61.0,-0.6928571428565885,-24.23101486665733,-3.8795773494310284,20.238095238095237
m6_low15-25_close50-70_green,NO,flat,below0-50,slope_flat,75,21,58.61904761904762,8.0,0.8095238095238095,0.7815873015873016,2.0952380952380953,-14.0,"4.67,18.40,-1.20,-14.00",8,10,-61.0,-0.6928571428565885,-24.23101486665733,-3.8795773494310284,20.238095238095237
m6_low15-25_close50-70_green,NO,flat,below0-50,slope_flat,80,21,58.61904761904762,8.0,0.7619047619047619,0.7327380952380953,2.3333333333333335,-11.0,"-4.50,23.40,2.80,-11.00",7,10,-62.0,-0.6928571428565885,-24.23101486665733,-3.8795773494310284,20.238095238095237
m6_low15-25_close50-70_green,NO,flat,below0-50,slope_flat,85,21,58.61904761904762,8.0,0.7619047619047619,0.6896358543417367,6.142857142857143,-8.0,"-1.17,28.40,6.80,-8.00",7,10,-62.0,-0.6928571428565885,-24.23101486665733,-3.8795773494310284,20.238095238095237
m6_low15-25_close50-70_green,NO,flat,above0-50,slope_flat,65,21,56.285714285714285,7.0,0.7619047619047619,0.865934065934066,-6.761904761904762,-24.0,"-24.00,5.00,-15.00,10.40",3,8,-50.0,2.0757142857141195,27.143025387758307,4.262026165256906,20.333333333333332
m6_low15-25_close50-70_green,NO,flat,above0-50,slope_flat,70,21,56.285714285714285,7.0,0.7619047619047619,0.8040816326530612,-2.9523809523809526,-21.5,"-21.50,10.00,-12.00,15.40",4,8,-50.0,2.0757142857141195,27.143025387758307,4.262026165256906,20.333333333333332
m6_low15-25_close50-70_green,NO,flat,above0-50,slope_flat,75,21,56.285714285714285,7.0,0.7142857142857143,0.7504761904761904,-2.7142857142857144,-24.0,"-19.00,15.00,-24.00,20.40",3,8,-50.0,2.0757142857141195,27.143025387758307,4.262026165256906,20.333333333333332
m6_low15-25_close50-70_green,NO,flat,above0-50,slope_flat,80,21,56.285714285714285,7.0,0.7142857142857143,0.7035714285714285,0.8571428571428568,-22.0,"-16.50,20.00,-22.00,25.40",3,8,-50.0,2.0757142857141195,27.143025387758307,4.262026165256906,20.333333333333332
m6_low15-25_close50-70_green,NO,flat,above0-50,slope_flat,85,21,56.285714285714285,7.0,0.7142857142857143,0.6621848739495798,4.428571428571428,-20.0,"-14.00,25.00,-20.00,30.40",4,8,-50.0,2.0757142857141195,27.143025387758307,4.262026165256906,20.333333333333332
m6_low20-30_close35-55_green,NO,flat,below0-50,slope_flat,65,27,44.51851851851852,7.0,0.6296296296296297,0.6849002849002849,-3.5925925925925926,-15.000000000000002,"12.29,-15.00,-14.33,1.14",3,8,-23.666666666666668,-1.6888888888891045,-24.095756085280165,-5.043621190149106,25.296296296296298
m6_low20-30_close35-55_green,NO,flat,below0-50,slope_flat,70,27,44.51851851851852,7.0,0.6296296296296297,0.635978835978836,-0.4444444444444444,-12.85714285714286,"16.57,-12.86,-11.83,4.71",4,8,-22.0,-1.6888888888891045,-24.095756085280165,-5.043621190149106,25.296296296296298
m6_low20-30_close35-55_green,NO,flat,below0-50,slope_flat,75,27,44.51851851851852,7.0,0.5555555555555556,0.5935802469135802,-2.8518518518518516,-21.833333333333332,"20.86,-10.71,-21.83,-2.43",2,8,-20.333333333333336,-1.6888888888891045,-24.095756085280165,-5.043621190149106,25.296296296296298
m6_low20-30_close35-55_green,NO,flat,below0-50,slope_flat,80,27,44.51851851851852,7.0,0.5555555555555556,0.5564814814814815,-0.07407407407407407,-20.166666666666668,"25.14,-8.57,-20.17,0.43",3,8,-18.666666666666668,-1.6888888888891045,-24.095756085280165,-5.043621190149106,25.296296296296298
m6_low20-30_close35-55_green,NO,flat,below0-50,slope_flat,85,27,44.51851851851852,7.0,0.5555555555555556,0.5237472766884531,2.7037037037037037,-18.5,"29.43,-6.43,-18.50,3.29",4,8,-17.000000000000004,-1.6888888888891045,-24.095756085280165,-5.043621190149106,25.296296296296298
m6_low20-30_close35-55_green,NO,flat,above0-50,slope_flat,65,29,43.37931034482759,7.0,0.5517241379310345,0.6673740053050398,-7.517241379310345,-18.5,"-18.50,2.86,-8.57,-4.29",2,8,-47.0,-2.1717241379316468,24.908189306948646,4.5011906606031795,24.896551724137932
m6_low20-30_close35-55_green,NO,flat,above0-50,slope_flat,70,29,43.37931034482759,7.0,0.5517241379310345,0.619704433497537,-4.758620689655173,-16.625,"-16.62,6.43,-5.71,-1.43",2,8,-47.0,-2.1717241379316468,24.908189306948646,4.5011906606031795,24.896551724137932
m6_low20-30_close35-55_green,NO,flat,above0-50,slope_flat,75,29,43.37931034482759,7.0,0.4827586206896552,0.5783908045977012,-7.172413793103448,-24.125,"-24.12,-0.71,-2.86,1.43",3,8,-47.0,-2.1717241379316468,24.908189306948646,4.5011906606031795,24.896551724137932
m6_low20-30_close35-55_green,NO,flat,above0-50,slope_flat,80,29,43.37931034482759,7.0,0.4482758620689655,0.5422413793103449,-7.517241379310345,-22.875,"-22.88,-9.29,0.00,4.29",2,8,-47.0,-2.1717241379316468,24.908189306948646,4.5011906606031795,24.896551724137932
m6_low20-30_close35-55_green,NO,flat,above0-50,slope_flat,85,29,43.37931034482759,7.0,0.4482758620689655,0.5103448275862069,-5.275862068965517,-21.625,"-21.62,-7.14,2.86,7.14",3,8,-47.0,-2.1717241379316468,24.908189306948646,4.5011906606031795,24.896551724137932
m6_low20-30_close35-55_green,YES,flat,below50-150,slope_flat,65,21,44.76190476190476,7.0,0.9047619047619048,0.6886446886446886,14.047619047619047,6.8,"9.00,6.80,16.00,25.40",7,8,-2.6666666666666665,-2.43476190476178,-83.55768697865071,-12.67791819946433,25.476190476190474
m6_low20-30_close35-55_green,YES,flat,below50-150,slope_flat,70,21,44.76190476190476,7.0,0.8095238095238095,0.6394557823129251,11.904761904761905,1.5,"1.50,10.80,7.00,30.40",6,8,-2.3333333333333335,-2.43476190476178,-83.55768697865071,-12.67791819946433,25.476190476190474
m6_low20-30_close35-55_green,YES,flat,below50-150,slope_flat,75,21,44.76190476190476,7.0,0.7142857142857143,0.5968253968253968,8.80952380952381,-4.0,"4.83,14.80,-4.00,20.40",7,8,-24.0,-2.43476190476178,-83.55768697865071,-12.67791819946433,25.476190476190474
m6_low20-30_close35-55_green,YES,flat,below50-150,slope_flat,80,21,44.76190476190476,7.0,0.7142857142857143,0.5595238095238095,12.380952380952381,-1.0,"8.17,18.80,-1.00,24.40",7,8,-22.333333333333332,-2.43476190476178,-83.55768697865071,-12.67791819946433,25.476190476190474
m6_low20-30_close35-55_green,YES,flat,below50-150,slope_flat,85,21,44.76190476190476,7.0,0.6666666666666666,0.5266106442577031,11.904761904761905,-15.0,"11.50,22.80,-15.00,28.40",7,8,-49.0,-2.43476190476178,-83.55768697865071,-12.67791819946433,25.476190476190474
m6_low20-30_close35-55_green,YES,flat,below0-50,slope_flat,65,32,44.40625,8.0,0.71875,0.6831730769230769,2.3125,-11.625,"5.62,12.50,-11.62,2.75",7,9,-22.666666666666668,-2.2278125000000273,-25.690610403622486,-1.977389543606023,26.0
m6_low20-30_close35-55_green,YES,flat,below0-50,slope_flat,70,32,44.40625,8.0,0.65625,0.634375,1.53125,-9.125,"0.62,8.12,-9.12,6.50",6,9,-21.0,-2.2278125000000273,-25.690610403622486,-1.977389543606023,26.0
m6_low20-30_close35-55_green,YES,flat,below0-50,slope_flat,75,32,44.40625,8.0,0.59375,0.5920833333333333,0.125,-6.625,"-5.62,11.88,-6.62,0.88",4,9,-46.0,-2.2278125000000273,-25.690610403622486,-1.977389543606023,26.0
m6_low20-30_close35-55_green,YES,flat,below0-50,slope_flat,80,32,44.40625,8.0,0.5625,0.555078125,0.59375,-13.125,"-13.12,15.62,-4.12,4.00",4,9,-49.0,-2.2278125000000273,-25.690610403622486,-1.977389543606023,26.0
m6_low20-30_close35-55_green,YES,flat,below0-50,slope_flat,85,32,44.40625,8.0,0.5625,0.5224264705882353,3.40625,-11.25,"-11.25,19.38,-1.62,7.12",4,9,-49.0,-2.2278125000000273,-25.690610403622486,-1.977389543606023,26.0
m6_low20-30_close35-55_green,YES,flat,above0-50,slope_flat,65,28,44.035714285714285,7.0,0.6071428571428571,0.6774725274725275,-4.571428571428571,-16.142857142857142,"4.29,-6.29,-16.14,-0.14",5,10,-42.0,-4.258928571428571,25.93539934301017,7.53340646824524,26.428571428571427
m6_low20-30_close35-55_green,YES,flat,above0-50,slope_flat,70,28,44.035714285714285,7.0,0.6071428571428571,0.6290816326530612,-1.5357142857142858,-14.0,"7.86,-3.43,-14.00,3.43",5,10,-42.0,-4.258928571428571,25.93539934301017,7.53340646824524,26.428571428571427
m6_low20-30_close35-55_green,YES,flat,above0-50,slope_flat,75,28,44.035714285714285,7.0,0.6071428571428571,0.5871428571428571,1.5,-11.857142857142858,"11.43,-0.57,-11.86,7.00",6,10,-42.0,-4.258928571428571,25.93539934301017,7.53340646824524,26.428571428571427
m6_low20-30_close35-55_green,YES,flat,above0-50,slope_flat,80,28,44.035714285714285,7.0,0.5714285714285714,0.5504464285714286,1.6785714285714286,-21.142857142857142,"15.00,2.29,-21.14,10.57",5,10,-51.0,-4.258928571428571,25.93539934301017,7.53340646824524,26.428571428571427
m6_low20-30_close35-55_green,YES,flat,above0-50,slope_flat,85,28,44.035714285714285,7.0,0.5714285714285714,0.5180672268907562,4.535714285714286,-19.714285714285715,"18.57,5.14,-19.71,14.14",6,10,-51.0,-4.258928571428571,25.93539934301017,7.53340646824524,26.428571428571427
m6_low20-30_close35-55_green,YES,flat,above50-150,slope_flat,65,22,45.77272727272727,7.5,0.5909090909090909,0.7041958041958042,-7.363636363636363,-23.166666666666668,"-12.83,4.20,6.60,-23.17",2,9,-50.0,0.7145454545455074,78.17733090454799,14.540487893035872,24.681818181818183
m6_low20-30_close35-55_green,YES,flat,above50-150,slope_flat,70,22,45.77272727272727,7.5,0.5909090909090909,0.6538961038961039,-4.409090909090909,-21.5,"-10.33,8.20,10.60,-21.50",4,9,-50.0,0.7145454545455074,78.17733090454799,14.540487893035872,24.681818181818183
m6_low20-30_close35-55_green,YES,flat,above50-150,slope_flat,75,22,45.77272727272727,7.5,0.5909090909090909,0.6103030303030303,-1.4545454545454546,-19.833333333333332,"-7.83,12.20,14.60,-19.83",4,9,-50.0,0.7145454545455074,78.17733090454799,14.540487893035872,24.681818181818183
m6_low20-30_close35-55_green,YES,flat,above50-150,slope_flat,80,22,45.77272727272727,7.5,0.5454545454545454,0.5721590909090909,-2.1363636363636362,-18.166666666666668,"-5.33,16.20,2.60,-18.17",4,9,-50.0,0.7145454545455074,78.17733090454799,14.540487893035872,24.681818181818183
m6_low20-30_close35-55_green,YES,flat,above50-150,slope_flat,85,22,45.77272727272727,7.5,0.45454545454545453,0.5385026737967914,-7.136363636363637,-30.666666666666668,"-17.00,20.20,5.60,-30.67",2,9,-50.0,0.7145454545455074,78.17733090454799,14.540487893035872,24.681818181818183
m6_low20-30_close35-55_green,YES,flat,above50-150,slope_with25-75,65,25,45.24,7.0,0.64,0.6960000000000001,-3.64,-12.666666666666666,"9.43,-8.17,-5.33,-12.67",4,10,-50.0,-4.670400000000663,98.73565790105117,38.230097165244516,25.6
m6_low20-30_close35-55_green,YES,flat,above50-150,slope_with25-75,70,25,45.24,7.0,0.6,0.6462857142857144,-3.24,-13.666666666666666,"13.71,-5.67,-13.67,-10.17",6,10,-50.0,-4.670400000000663,98.73565790105117,38.230097165244516,25.6
m6_low20-30_close35-55_green,YES,flat,above50-150,slope_with25-75,75,25,45.24,7.0,0.48,0.6032000000000001,-9.24,-23.666666666666668,"18.00,-15.67,-23.67,-20.17",5,10,-50.0,-4.670400000000663,98.73565790105117,38.230097165244516,25.6
m6_low20-30_close35-55_green,YES,flat,above50-150,slope_with25-75,80,25,45.24,7.0,0.48,0.5655,-6.84,-22.0,"22.29,-14.00,-22.00,-18.50",5,10,-50.0,-4.670400000000663,98.73565790105117,38.230097165244516,25.6
m6_low20-30_close35-55_green,YES,flat,above50-150,slope_with25-75,85,25,45.24,7.0,0.48,0.532235294117647,-4.44,-20.333333333333332,"26.57,-12.33,-20.33,-16.83",5,10,-50.0,-4.670400000000663,98.73565790105117,38.230097165244516,25.6
m6_low20-30_close35-55_green,YES,flat,above>150,slope_with>75,65,20,45.75,7.0,0.65,0.7038461538461539,-3.5,-8.6,"-3.40,-8.60,-7.60,5.60",4,10,-36.0,-2.861999999999898,382.6499857480634,116.35135828260209,25.8
m6_low20-30_close35-55_green,YES,flat,above>150,slope_with>75,70,20,45.75,7.0,0.65,0.6535714285714286,-0.25,-5.6,"-0.40,-5.60,-4.60,9.60",4,10,-36.0,-2.861999999999898,382.6499857480634,116.35135828260209,25.8
m6_low20-30_close35-55_green,YES,flat,above>150,slope_with>75,75,20,45.75,7.0,0.6,0.61,-0.75,-2.6,"2.60,-2.60,-1.60,-1.40",4,10,-43.0,-2.861999999999898,382.6499857480634,116.35135828260209,25.8
m6_low20-30_close35-55_green,YES,flat,above>150,slope_with>75,80,20,45.75,7.0,0.55,0.571875,-1.75,-14.6,"5.60,0.40,-14.60,1.60",4,10,-51.0,-2.861999999999898,382.6499857480634,116.35135828260209,25.8
m6_low20-30_close35-55_green,YES,flat,above>150,slope_with>75,85,20,45.75,7.0,0.55,0.538235294117647,1.0,-12.6,"8.60,3.40,-12.60,4.60",4,10,-51.0,-2.861999999999898,382.6499857480634,116.35135828260209,25.8
m6_low20-30_close40-60_green,NO,flat,below0-50,slope_flat,65,24,47.166666666666664,7.0,0.625,0.7256410256410256,-6.541666666666667,-14.333333333333334,"3.17,-12.00,-14.33,-3.00",4,9,-23.666666666666668,-1.116666666666788,-25.364324844355906,-4.1813469401431576,25.041666666666668
m6_low20-30_close40-60_green,NO,flat,below0-50,slope_flat,70,24,47.166666666666664,7.0,0.625,0.6738095238095237,-3.4166666666666665,-11.833333333333334,"7.33,-9.50,-11.83,0.33",5,9,-22.0,-1.116666666666788,-25.364324844355906,-4.1813469401431576,25.041666666666668
m6_low20-30_close40-60_green,NO,flat,below0-50,slope_flat,75,24,47.166666666666664,7.0,0.5416666666666666,0.6288888888888888,-6.541666666666667,-21.833333333333332,"11.50,-7.00,-21.83,-8.83",3,9,-20.333333333333336,-1.116666666666788,-25.364324844355906,-4.1813469401431576,25.041666666666668
m6_low20-30_close40-60_green,NO,flat,below0-50,slope_flat,80,24,47.166666666666664,7.0,0.5416666666666666,0.5895833333333333,-3.8333333333333335,-20.166666666666668,"15.67,-4.50,-20.17,-6.33",4,9,-18.666666666666668,-1.116666666666788,-25.364324844355906,-4.1813469401431576,25.041666666666668
m6_low20-30_close40-60_green,NO,flat,below0-50,slope_flat,85,24,47.166666666666664,7.0,0.5416666666666666,0.5549019607843138,-1.1250000000000007,-18.5,"19.83,-2.00,-18.50,-3.83",4,9,-17.000000000000004,-1.116666666666788,-25.364324844355906,-4.1813469401431576,25.041666666666668
m6_low20-30_close40-60_green,NO,flat,above0-50,slope_flat,65,31,47.193548387096776,8.0,0.6451612903225806,0.7260545905707196,-5.258064516129033,-22.125,"-22.12,3.00,-6.57,4.50",3,8,-47.0,-1.4345161290325303,25.251584195849464,4.726283723669176,24.967741935483872
m6_low20-30_close40-60_green,NO,flat,above0-50,slope_flat,70,31,47.193548387096776,8.0,0.6451612903225806,0.6741935483870968,-2.03225806451613,-20.25,"-20.25,6.75,-3.00,8.25",3,8,-47.0,-1.4345161290325303,25.251584195849464,4.726283723669176,24.967741935483872
m6_low20-30_close40-60_green,NO,flat,above0-50,slope_flat,75,31,47.193548387096776,8.0,0.6129032258064516,0.629247311827957,-1.2258064516129041,-27.75,"-27.75,10.50,0.57,12.00",3,8,-47.0,-1.4345161290325303,25.251584195849464,4.726283723669176,24.967741935483872
m6_low20-30_close40-60_green,NO,flat,above0-50,slope_flat,80,31,47.193548387096776,8.0,0.5806451612903226,0.5899193548387097,-0.7419354838709686,-26.5,"-26.50,4.25,4.14,15.75",3,8,-47.0,-1.4345161290325303,25.251584195849464,4.726283723669176,24.967741935483872
m6_low20-30_close40-60_green,NO,flat,above0-50,slope_flat,85,31,47.193548387096776,8.0,0.5806451612903226,0.5552182163187857,2.161290322580644,-25.25,"-25.25,7.37,7.71,19.50",4,8,-47.0,-1.4345161290325303,25.251584195849464,4.726283723669176,24.967741935483872
m6_low20-30_close40-60_green,YES,flat,below50-150,slope_flat,65,21,48.0,7.0,0.8571428571428571,0.7384615384615385,7.714285714285714,-8.6,"4.33,-8.60,15.80,20.00",6,9,-59.0,-3.5604761904763844,-85.92405417934476,-12.46942526670353,25.61904761904762
m6_low20-30_close40-60_green,YES,flat,below50-150,slope_flat,70,21,48.0,7.0,0.7619047619047619,0.6857142857142857,5.333333333333333,-5.6,"-3.17,-5.60,6.80,25.00",6,9,-59.0,-3.5604761904763844,-85.92405417934476,-12.46942526670353,25.61904761904762
m6_low20-30_close40-60_green,YES,flat,below50-150,slope_flat,75,21,48.0,7.0,0.6666666666666666,0.64,1.9999999999999996,-4.200000000000001,"0.17,-2.60,-4.20,15.00",5,9,-59.0,-3.5604761904763844,-85.92405417934476,-12.46942526670353,25.61904761904762
m6_low20-30_close40-60_green,YES,flat,below50-150,slope_flat,80,21,48.0,7.0,0.6666666666666666,0.6,5.333333333333333,-1.2000000000000015,"3.50,0.40,-1.20,19.00",5,9,-59.0,-3.5604761904763844,-85.92405417934476,-12.46942526670353,25.61904761904762
m6_low20-30_close40-60_green,YES,flat,below50-150,slope_flat,85,21,48.0,7.0,0.6190476190476191,0.5647058823529412,4.619047619047619,-15.2,"6.83,3.40,-15.20,23.00",6,9,-59.0,-3.5604761904763844,-85.92405417934476,-12.46942526670353,25.61904761904762
m6_low20-30_close40-60_green,YES,flat,below0-50,slope_flat,65,39,47.94871794871795,8.0,0.7435897435897436,0.73767258382643,0.3846153846153848,-8.88888888888889,"-6.50,11.50,-8.89,4.50",6,10,-25.499999999999996,-1.3841025641024596,-25.038668808699114,-2.9384693756866724,26.102564102564102
m6_low20-30_close40-60_green,YES,flat,below0-50,slope_flat,70,39,47.94871794871795,8.0,0.6923076923076923,0.684981684981685,0.512820512820513,-13.88888888888889,"-3.00,9.00,-13.89,8.50",5,10,-22.999999999999996,-1.3841025641024596,-25.038668808699114,-2.9384693756866724,26.102564102564102
m6_low20-30_close40-60_green,YES,flat,below0-50,slope_flat,75,39,47.94871794871795,8.0,0.6153846153846154,0.6393162393162393,-1.794871794871795,-14.5,"-14.50,13.00,-11.67,5.00",4,10,-52.5,-1.3841025641024596,-25.038668808699114,-2.9384693756866724,26.102564102564102
m6_low20-30_close40-60_green,YES,flat,below0-50,slope_flat,80,39,47.94871794871795,8.0,0.5897435897435898,0.5993589743589743,-0.769230769230769,-20.0,"-20.00,17.00,-9.44,8.50",3,10,-52.5,-1.3841025641024596,-25.038668808699114,-2.9384693756866724,26.102564102564102
m6_low20-30_close40-60_green,YES,flat,below0-50,slope_flat,85,39,47.94871794871795,8.0,0.5897435897435898,0.5641025641025641,2.1794871794871793,-18.0,"-18.00,21.00,-7.22,12.00",3,10,-52.5,-1.3841025641024596,-25.038668808699114,-2.9384693756866724,26.102564102564102
m6_low20-30_close40-60_green,YES,flat,above0-50,slope_flat,65,33,49.45454545454545,7.0,0.696969696969697,0.7608391608391608,-4.151515151515151,-7.874999999999999,"-5.56,-7.87,-4.12,1.12",4,10,-42.0,-3.2003030303028273,27.343829260505807,7.155173242796798,26.87878787878788
m6_low20-30_close40-60_green,YES,flat,above0-50,slope_flat,70,33,49.45454545454545,7.0,0.6666666666666666,0.7064935064935065,-2.787878787878788,-13.5,"-2.22,-13.50,-0.37,4.87",5,10,-52.0,-3.2003030303028273,27.343829260505807,7.155173242796798,26.87878787878788
m6_low20-30_close40-60_green,YES,flat,above0-50,slope_flat,75,33,49.45454545454545,7.0,0.6363636363636364,0.6593939393939394,-1.7272727272727273,-11.0,"-7.22,-11.00,3.38,8.62",4,10,-52.0,-3.2003030303028273,27.343829260505807,7.155173242796798,26.87878787878788
m6_low20-30_close40-60_green,YES,flat,above0-50,slope_flat,80,33,49.45454545454545,7.0,0.5757575757575758,0.6181818181818182,-3.3939393939393936,-8.5,"-4.44,-8.50,-2.87,2.37",4,10,-52.0,-3.2003030303028273,27.343829260505807,7.155173242796798,26.87878787878788
m6_low20-30_close40-60_green,YES,flat,above0-50,slope_flat,85,33,49.45454545454545,7.0,0.5757575757575758,0.5818181818181818,-0.5151515151515151,-5.999999999999999,"-1.67,-6.00,0.25,5.50",5,10,-52.0,-3.2003030303028273,27.343829260505807,7.155173242796798,26.87878787878788
m6_low20-30_close40-60_green,YES,flat,above50-150,slope_flat,65,22,48.77272727272727,7.5,0.6363636363636364,0.7503496503496504,-7.409090909090909,-15.666666666666666,"-15.67,4.20,0.40,-15.33",2,9,-50.0,3.0081818181818316,79.90141366363241,15.11250246811059,24.818181818181817
m6_low20-30_close40-60_green,YES,flat,above50-150,slope_flat,70,22,48.77272727272727,7.5,0.6363636363636364,0.6967532467532468,-4.2272727272727275,-13.166666666666666,"-13.17,8.20,4.40,-12.83",2,9,-50.0,3.0081818181818316,79.90141366363241,15.11250246811059,24.818181818181817
m6_low20-30_close40-60_green,YES,flat,above50-150,slope_flat,75,22,48.77272727272727,7.5,0.6363636363636364,0.6503030303030303,-1.0454545454545459,-10.666666666666666,"-10.67,12.20,8.40,-10.33",3,9,-50.0,3.0081818181818316,79.90141366363241,15.11250246811059,24.818181818181817
m6_low20-30_close40-60_green,YES,flat,above50-150,slope_flat,80,22,48.77272727272727,7.5,0.5909090909090909,0.6096590909090909,-1.5000000000000002,-8.166666666666668,"-8.17,16.20,-3.60,-7.83",3,9,-50.0,3.0081818181818316,79.90141366363241,15.11250246811059,24.818181818181817
m6_low20-30_close40-60_green,YES,flat,above50-150,slope_flat,85,22,48.77272727272727,7.5,0.5,0.5737967914438503,-6.2727272727272725,-19.833333333333332,"-19.83,20.20,-0.60,-19.50",2,9,-50.0,3.0081818181818316,79.90141366363241,15.11250246811059,24.818181818181817
m6_low20-30_close40-60_green,YES,flat,above50-150,slope_with25-75,65,22,49.31818181818182,7.0,0.7272727272727273,0.7587412587412588,-2.0454545454545454,-26.5,"13.33,4.40,2.40,-26.50",5,10,-50.0,-3.7959090909091837,100.52618546135471,37.68891738770419,25.636363636363637
m6_low20-30_close40-60_green,YES,flat,above50-150,slope_with25-75,70,22,49.31818181818182,7.0,0.6818181818181818,0.7045454545454546,-1.5909090909090908,-24.833333333333332,"18.33,8.40,-7.60,-24.83",6,10,-50.0,-3.7959090909091837,100.52618546135471,37.68891738770419,25.636363636363637
m6_low20-30_close40-60_green,YES,flat,above50-150,slope_with25-75,75,22,49.31818181818182,7.0,0.5454545454545454,0.6575757575757576,-8.409090909090908,-35.666666666666664,"23.33,-2.60,-19.60,-35.67",5,10,-50.0,-3.7959090909091837,100.52618546135471,37.68891738770419,25.636363636363637
m6_low20-30_close40-60_green,YES,flat,above50-150,slope_with25-75,80,22,49.31818181818182,7.0,0.5454545454545454,0.6164772727272727,-5.681818181818182,-34.833333333333336,"28.33,0.40,-17.60,-34.83",5,10,-50.0,-3.7959090909091837,100.52618546135471,37.68891738770419,25.636363636363637
m6_low20-30_close40-60_green,YES,flat,above50-150,slope_with25-75,85,22,49.31818181818182,7.0,0.5454545454545454,0.5802139037433155,-2.9545454545454546,-34.0,"33.33,3.40,-15.60,-34.00",5,10,-50.0,-3.7959090909091837,100.52618546135471,37.68891738770419,25.636363636363637
m6_low20-30_close40-60_green,YES,flat,above>150,slope_with>75,65,22,47.63636363636363,7.0,0.6818181818181818,0.7328671328671328,-3.3181818181818183,-10.666666666666666,"-10.67,1.60,-10.40,5.83",4,10,-41.0,-2.152727272727299,389.547049746966,117.5694043753303,25.772727272727273
m6_low20-30_close40-60_green,YES,flat,above>150,slope_with>75,70,22,47.63636363636363,7.0,0.6818181818181818,0.6805194805194805,0.09090909090909091,-8.166666666666666,"-8.17,5.60,-7.40,10.00",5,10,-41.0,-2.152727272727299,389.547049746966,117.5694043753303,25.772727272727273
m6_low20-30_close40-60_green,YES,flat,above>150,slope_with>75,75,22,47.63636363636363,7.0,0.6363636363636364,0.6351515151515151,0.09090909090909091,-5.666666666666667,"-5.67,9.60,-4.40,1.67",4,10,-43.0,-2.152727272727299,389.547049746966,117.5694043753303,25.772727272727273
m6_low20-30_close40-60_green,YES,flat,above>150,slope_with>75,80,22,47.63636363636363,7.0,0.5909090909090909,0.5954545454545455,-0.36363636363636365,-17.4,"-3.17,13.60,-17.40,5.00",5,10,-51.0,-2.152727272727299,389.547049746966,117.5694043753303,25.772727272727273
m6_low20-30_close40-60_green,YES,flat,above>150,slope_with>75,85,22,47.63636363636363,7.0,0.5909090909090909,0.560427807486631,2.590909090909091,-15.4,"-0.67,17.60,-15.40,8.33",5,10,-51.0,-2.152727272727299,389.547049746966,117.5694043753303,25.772727272727273
m6_low20-30_close45-65_green,NO,flat,below0-50,slope_flat,65,20,53.95,8.0,0.7,0.8300000000000001,-8.45,-16.2,"-5.40,-16.20,-3.00,-9.20",5,9,-33.0,-0.8514999999999417,-24.752684051580946,-4.405600921069708,25.45
m6_low20-30_close45-65_green,NO,flat,below0-50,slope_flat,70,20,53.95,8.0,0.7,0.7707142857142858,-4.950000000000001,-13.2,"-1.40,-13.20,1.00,-6.20",5,9,-31.333333333333332,-0.8514999999999417,-24.752684051580946,-4.405600921069708,25.45
m6_low20-30_close45-65_green,NO,flat,below0-50,slope_flat,75,20,53.95,8.0,0.65,0.7193333333333334,-5.2,-10.200000000000001,"2.60,-10.20,-10.00,-3.20",5,9,-53.0,-0.8514999999999417,-24.752684051580946,-4.405600921069708,25.45
m6_low20-30_close45-65_green,NO,flat,below0-50,slope_flat,80,20,53.95,8.0,0.65,0.6743750000000001,-1.9500000000000015,-7.200000000000001,"6.60,-7.20,-7.00,-0.20",5,9,-53.0,-0.8514999999999417,-24.752684051580946,-4.405600921069708,25.45
m6_low20-30_close45-65_green,NO,flat,below0-50,slope_flat,85,20,53.95,8.0,0.65,0.6347058823529412,1.299999999999999,-4.200000000000001,"10.60,-4.20,-4.00,2.80",5,9,-53.0,-0.8514999999999417,-24.752684051580946,-4.405600921069708,25.45
m6_low20-30_close45-65_green,NO,flat,above0-50,slope_flat,65,25,55.72,7.0,0.72,0.8572307692307692,-8.920000000000002,-21.833333333333332,"-11.14,-21.83,-0.33,-2.00",5,9,-51.0,1.8499999999994179,21.186302330344624,3.2901588713479577,25.24
m6_low20-30_close45-65_green,NO,flat,above0-50,slope_flat,70,25,55.72,7.0,0.72,0.7959999999999999,-5.320000000000001,-19.333333333333332,"-7.57,-19.33,3.83,2.17",5,9,-51.0,1.8499999999994179,21.186302330344624,3.2901588713479577,25.24
m6_low20-30_close45-65_green,NO,flat,above0-50,slope_flat,75,25,55.72,7.0,0.68,0.7429333333333333,-4.72,-16.833333333333332,"-14.71,-16.83,8.00,6.33",5,9,-51.0,1.8499999999994179,21.186302330344624,3.2901588713479577,25.24
m6_low20-30_close45-65_green,NO,flat,above0-50,slope_flat,80,25,55.72,7.0,0.68,0.6965,-1.3200000000000005,-14.333333333333334,"-11.86,-14.33,12.17,10.50",5,9,-51.0,1.8499999999994179,21.186302330344624,3.2901588713479577,25.24
m6_low20-30_close45-65_green,NO,flat,above0-50,slope_flat,85,25,55.72,7.0,0.64,0.6555294117647059,-1.3200000000000005,-21.142857142857142,"-21.14,-11.83,16.33,14.67",5,9,-55.5,1.8499999999994179,21.186302330344624,3.2901588713479577,25.24
m6_low20-30_close45-65_green,YES,flat,below50-150,slope_flat,65,21,53.714285714285715,8.0,0.9047619047619048,0.8263736263736264,5.095238095238095,-2.4,"1.00,-2.40,12.60,10.00",7,9,-7.333333333333333,-2.9657142857142302,-88.23332208195296,-13.73976199008584,24.857142857142858
m6_low20-30_close45-65_green,YES,flat,below50-150,slope_flat,70,21,53.714285714285715,8.0,0.7619047619047619,0.7673469387755102,-0.38095238095238126,-12.4,"-6.50,-12.40,3.60,15.00",5,9,-26.5,-2.9657142857142302,-88.23332208195296,-13.73976199008584,24.857142857142858
m6_low20-30_close45-65_green,YES,flat,below50-150,slope_flat,75,21,53.714285714285715,8.0,0.7142857142857143,0.7161904761904762,-0.14285714285714318,-9.4,"-3.17,-9.40,-7.40,20.00",5,9,-28.333333333333332,-2.9657142857142302,-88.23332208195296,-13.73976199008584,24.857142857142858
m6_low20-30_close45-65_green,YES,flat,below50-150,slope_flat,80,21,53.714285714285715,8.0,0.7142857142857143,0.6714285714285715,3.4285714285714284,-6.4,"0.17,-6.40,-4.40,25.00",6,9,-26.666666666666668,-2.9657142857142302,-88.23332208195296,-13.73976199008584,24.857142857142858
m6_low20-30_close45-65_green,YES,flat,below50-150,slope_flat,85,21,53.714285714285715,8.0,0.6190476190476191,0.6319327731092437,-1.0952380952380956,-20.4,"3.50,-20.40,-18.40,30.00",6,9,-61.5,-2.9657142857142302,-88.23332208195296,-13.73976199008584,24.857142857142858
m6_low20-30_close45-65_green,YES,flat,below0-50,slope_flat,65,36,53.5,8.0,0.8333333333333334,0.823076923076923,0.6666666666666669,-4.000000000000001,"1.56,-4.00,-0.33,5.44",7,10,-25.499999999999996,-1.3499999999999597,-23.384821934953127,-3.063672727142855,25.916666666666668
m6_low20-30_close45-65_green,YES,flat,below0-50,slope_flat,70,36,53.5,8.0,0.8055555555555556,0.7642857142857142,2.888888888888889,-7.888888888888889,"6.00,-7.89,3.56,9.89",7,10,-22.999999999999996,-1.3499999999999597,-23.384821934953127,-3.063672727142855,25.916666666666668
m6_low20-30_close45-65_green,YES,flat,below0-50,slope_flat,75,36,53.5,8.0,0.7222222222222222,0.7133333333333334,0.6666666666666671,-12.88888888888889,"2.11,-12.89,7.44,6.00",5,10,-52.5,-1.3499999999999597,-23.384821934953127,-3.063672727142855,25.916666666666668
m6_low20-30_close45-65_green,YES,flat,below0-50,slope_flat,80,36,53.5,8.0,0.6944444444444444,0.66875,2.0555555555555554,-10.11111111111111,"-2.89,-10.11,11.33,9.89",4,10,-52.5,-1.3499999999999597,-23.384821934953127,-3.063672727142855,25.916666666666668
m6_low20-30_close45-65_green,YES,flat,below0-50,slope_flat,85,36,53.5,8.0,0.6944444444444444,0.6294117647058823,5.527777777777778,-7.333333333333333,"0.44,-7.33,15.22,13.78",6,10,-52.5,-1.3499999999999597,-23.384821934953127,-3.063672727142855,25.916666666666668
m6_low20-30_close45-65_green,YES,flat,above0-50,slope_flat,65,35,53.22857142857143,8.0,0.8,0.8189010989010989,-1.2285714285714284,-10.333333333333332,"-1.00,-10.33,1.38,5.33",5,10,-26.999999999999996,-2.173428571428563,25.526555480496402,5.309826435466779,26.914285714285715
m6_low20-30_close45-65_green,YES,flat,above0-50,slope_flat,70,35,53.22857142857143,8.0,0.7714285714285715,0.7604081632653061,0.7714285714285715,-14.777777777777779,"2.89,-14.78,5.75,9.78",6,10,-31.333333333333332,-2.173428571428563,25.526555480496402,5.309826435466779,26.914285714285715
m6_low20-30_close45-65_green,YES,flat,above0-50,slope_flat,75,35,53.22857142857143,8.0,0.7142857142857143,0.7097142857142857,0.34285714285714286,-11.999999999999998,"-1.56,-12.00,10.13,5.89",6,10,-29.666666666666668,-2.173428571428563,25.526555480496402,5.309826435466779,26.914285714285715
m6_low20-30_close45-65_green,YES,flat,above0-50,slope_flat,80,35,53.22857142857143,8.0,0.6285714285714286,0.6653571428571429,-2.942857142857143,-18.11111111111111,"1.78,-18.11,4.50,0.89",4,10,-54.666666666666664,-2.173428571428563,25.526555480496402,5.309826435466779,26.914285714285715
m6_low20-30_close45-65_green,YES,flat,above0-50,slope_flat,85,35,53.22857142857143,8.0,0.6285714285714286,0.626218487394958,0.2,-15.88888888888889,"5.11,-15.89,8.25,4.22",6,10,-54.666666666666664,-2.173428571428563,25.526555480496402,5.309826435466779,26.914285714285715
m6_low20-30_close45-65_green,YES,flat,above50-150,slope_flat,65,22,52.5,8.0,0.7727272727272727,0.8076923076923077,-2.272727272727273,-7.500000000000001,"-7.50,-1.20,-2.20,2.00",3,8,-50.0,3.200909090909342,80.29130428331997,13.206149445044998,24.863636363636363
m6_low20-30_close45-65_green,YES,flat,above50-150,slope_flat,70,22,52.5,8.0,0.7727272727272727,0.75,1.5909090909090908,-4.166666666666668,"-4.17,2.80,1.80,6.17",4,8,-50.0,3.200909090909342,80.29130428331997,13.206149445044998,24.863636363636363
m6_low20-30_close45-65_green,YES,flat,above50-150,slope_flat,75,22,52.5,8.0,0.7727272727272727,0.7,5.454545454545454,-0.8333333333333345,"-0.83,6.80,5.80,10.33",4,8,-50.0,3.200909090909342,80.29130428331997,13.206149445044998,24.863636363636363
m6_low20-30_close45-65_green,YES,flat,above50-150,slope_flat,80,22,52.5,8.0,0.7272727272727273,0.65625,5.681818181818182,1.1666666666666667,"2.50,10.80,9.80,1.17",6,8,-50.0,3.200909090909342,80.29130428331997,13.206149445044998,24.863636363636363
m6_low20-30_close45-65_green,YES,flat,above50-150,slope_flat,85,22,52.5,8.0,0.5909090909090909,0.6176470588235294,-2.272727272727273,-9.666666666666666,"-8.33,-2.20,13.80,-9.67",3,8,-50.0,3.200909090909342,80.29130428331997,13.206149445044998,24.863636363636363
m6_low20-30_close45-65_green,YES,flat,above>150,slope_with>75,65,22,53.54545454545455,7.5,0.8181818181818182,0.8237762237762238,-0.36363636363636365,-12.6,"-8.67,9.00,-12.60,10.33",5,9,-18.5,-2.251363636364245,439.37927950504405,127.24648333434611,26.5
m6_low20-30_close45-65_green,YES,flat,above>150,slope_with>75,70,22,53.54545454545455,7.5,0.8181818181818182,0.7649350649350649,3.727272727272727,-9.6,"-5.33,14.00,-9.60,15.33",6,9,-16.0,-2.251363636364245,439.37927950504405,127.24648333434611,26.5
m6_low20-30_close45-65_green,YES,flat,above>150,slope_with>75,75,22,53.54545454545455,7.5,0.7727272727272727,0.713939393939394,4.409090909090909,-6.6,"-2.00,19.00,-6.60,7.83",6,9,-55.00000000000001,-2.251363636364245,439.37927950504405,127.24648333434611,26.5
m6_low20-30_close45-65_green,YES,flat,above>150,slope_with>75,80,22,53.54545454545455,7.5,0.7272727272727273,0.6693181818181818,4.636363636363637,-19.6,"1.33,24.00,-19.60,12.00",6,9,-55.00000000000001,-2.251363636364245,439.37927950504405,127.24648333434611,26.5
m6_low20-30_close45-65_green,YES,flat,above>150,slope_with>75,85,22,53.54545454545455,7.5,0.7272727272727273,0.6299465240641712,8.272727272727273,-17.6,"4.67,29.00,-17.60,16.17",7,9,-55.00000000000001,-2.251363636364245,439.37927950504405,127.24648333434611,26.5
m6_low20-30_close50-70_green,NO,flat,above0-50,slope_flat,65,26,57.19230769230769,7.5,0.7692307692307693,0.8798816568047337,-7.192307692307693,-14.428571428571429,"-14.43,-12.83,-1.33,-0.14",5,10,-33.333333333333336,0.9830769230762738,20.711755440172755,3.210557204547513,25.346153846153847
m6_low20-30_close50-70_green,NO,flat,above0-50,slope_flat,70,26,57.19230769230769,7.5,0.7692307692307693,0.817032967032967,-3.346153846153847,-10.857142857142858,"-10.86,-9.50,2.83,4.14",6,10,-31.666666666666668,0.9830769230762738,20.711755440172755,3.210557204547513,25.346153846153847
m6_low20-30_close50-70_green,NO,flat,above0-50,slope_flat,75,26,57.19230769230769,7.5,0.7307692307692307,0.7625641025641026,-2.384615384615386,-18.666666666666668,"-7.29,-18.67,7.00,8.43",6,10,-30.0,0.9830769230762738,20.711755440172755,3.210557204547513,25.346153846153847
m6_low20-30_close50-70_green,NO,flat,above0-50,slope_flat,80,26,57.19230769230769,7.5,0.7307692307692307,0.7149038461538462,1.269230769230768,-16.166666666666668,"-3.71,-16.17,11.17,12.71",6,10,-28.333333333333332,0.9830769230762738,20.711755440172755,3.210557204547513,25.346153846153847
m6_low20-30_close50-70_green,NO,flat,above0-50,slope_flat,85,26,57.19230769230769,7.5,0.6923076923076923,0.6728506787330317,1.6538461538461529,-13.66666666666667,"-12.29,-13.67,15.33,17.00",6,10,-58.0,0.9830769230762738,20.711755440172755,3.210557204547513,25.346153846153847
m6_low20-30_close50-70_green,YES,flat,below50-150,slope_against25-75,65,20,59.35,7.5,0.95,0.9130769230769231,2.4,-6.199999999999998,"2.20,8.20,-6.20,5.40",7,10,-22.499999999999996,2.8125000000003637,-108.99573520252052,-40.55750535203951,25.95
m6_low20-30_close50-70_green,YES,flat,below50-150,slope_against25-75,70,20,59.35,7.5,0.95,0.8478571428571429,7.15,-2.1999999999999984,"7.20,13.20,-2.20,10.40",9,10,-19.999999999999996,2.8125000000003637,-108.99573520252052,-40.55750535203951,25.95
m6_low20-30_close50-70_green,YES,flat,below50-150,slope_against25-75,75,20,59.35,7.5,0.85,0.7913333333333333,4.4,-11.8,"12.20,-11.80,1.80,15.40",7,10,-17.499999999999996,2.8125000000003637,-108.99573520252052,-40.55750535203951,25.95
m6_low20-30_close50-70_green,YES,flat,below50-150,slope_against25-75,80,20,59.35,7.5,0.8,0.7418750000000001,4.65,-8.8,"17.20,-8.80,5.80,4.40",7,10,-61.0,2.8125000000003637,-108.99573520252052,-40.55750535203951,25.95
m6_low20-30_close50-70_green,YES,flat,below50-150,slope_against25-75,85,20,59.35,7.5,0.75,0.6982352941176471,4.4,-8.6,"22.20,-5.80,9.80,-8.60",6,10,-61.0,2.8125000000003637,-108.99573520252052,-40.55750535203951,25.95
m6_low20-30_close50-70_green,YES,flat,below50-150,slope_flat,65,20,55.9,8.0,0.95,0.86,5.85,-3.6,"8.20,-3.60,12.60,6.20",7,8,-7.333333333333333,-1.5844999999997527,-87.1145179581974,-13.104514944169205,25.25
m6_low20-30_close50-70_green,YES,flat,below50-150,slope_flat,70,20,55.9,8.0,0.8,0.7985714285714286,0.09999999999999964,-13.6,"-0.80,-13.60,3.60,11.20",4,8,-26.5,-1.5844999999997527,-87.1145179581974,-13.104514944169205,25.25
m6_low20-30_close50-70_green,YES,flat,below50-150,slope_flat,75,20,55.9,8.0,0.75,0.7453333333333333,0.34999999999999964,-10.6,"3.20,-10.60,-7.40,16.20",5,8,-28.333333333333332,-1.5844999999997527,-87.1145179581974,-13.104514944169205,25.25
m6_low20-30_close50-70_green,YES,flat,below50-150,slope_flat,80,20,55.9,8.0,0.75,0.69875,4.1,-7.6,"7.20,-7.60,-4.40,21.20",6,8,-26.666666666666668,-1.5844999999997527,-87.1145179581974,-13.104514944169205,25.25
m6_low20-30_close50-70_green,YES,flat,below50-150,slope_flat,85,20,55.9,8.0,0.65,0.6576470588235294,-0.6500000000000004,-21.6,"11.20,-21.60,-18.40,26.20",6,8,-61.5,-1.5844999999997527,-87.1145179581974,-13.104514944169205,25.25
m6_low20-30_close50-70_green,YES,flat,below0-50,slope_flat,65,33,58.54545454545455,8.0,0.8484848484848485,0.9006993006993007,-3.393939393939394,-9.125,"-1.89,-4.13,-9.12,1.38",6,10,-25.499999999999996,-0.3403030303026863,-23.528830559518113,-3.438016854601852,26.060606060606062
m6_low20-30_close50-70_green,YES,flat,below0-50,slope_flat,70,33,58.54545454545455,8.0,0.7878787878787878,0.8363636363636364,-3.393939393939394,-8.5,"2.56,-8.50,-5.38,-3.00",5,10,-22.999999999999996,-0.3403030303026863,-23.528830559518113,-3.438016854601852,26.060606060606062
m6_low20-30_close50-70_green,YES,flat,below0-50,slope_flat,75,33,58.54545454545455,8.0,0.7272727272727273,0.7806060606060606,-4.0,-9.666666666666666,"-9.67,-4.75,-1.63,0.75",4,10,-56.0,-0.3403030303026863,-23.528830559518113,-3.438016854601852,26.060606060606062
m6_low20-30_close50-70_green,YES,flat,below0-50,slope_flat,80,33,58.54545454545455,8.0,0.696969696969697,0.7318181818181818,-2.787878787878788,-15.222222222222221,"-15.22,-1.00,2.12,4.50",4,10,-59.0,-0.3403030303026863,-23.528830559518113,-3.438016854601852,26.060606060606062
m6_low20-30_close50-70_green,YES,flat,below0-50,slope_flat,85,33,58.54545454545455,8.0,0.696969696969697,0.6887700534759359,0.696969696969697,-12.444444444444445,"-12.44,2.75,5.87,8.25",5,10,-59.0,-0.3403030303026863,-23.528830559518113,-3.438016854601852,26.060606060606062
m6_low20-30_close50-70_green,YES,flat,above0-50,slope_flat,65,33,58.27272727272727,8.0,0.8484848484848485,0.8965034965034965,-3.121212121212121,-14.888888888888893,"-14.89,-2.50,0.38,6.00",6,10,-25.0,-0.1072727272731947,27.65317088247133,5.44106259239528,27.151515151515152
m6_low20-30_close50-70_green,YES,flat,above0-50,slope_flat,70,33,58.27272727272727,8.0,0.8181818181818182,0.8324675324675325,-1.0000000000000002,-11.555555555555559,"-11.56,-6.87,4.75,11.00",6,10,-23.999999999999996,-0.1072727272731947,27.65317088247133,5.44106259239528,27.151515151515152
m6_low20-30_close50-70_green,YES,flat,above0-50,slope_flat,75,33,58.27272727272727,8.0,0.7575757575757576,0.776969696969697,-1.4545454545454553,-16.555555555555557,"-16.56,-3.12,9.13,6.62",5,10,-21.499999999999996,-0.1072727272731947,27.65317088247133,5.44106259239528,27.151515151515152
m6_low20-30_close50-70_green,YES,flat,above0-50,slope_flat,80,33,58.27272727272727,8.0,0.6666666666666666,0.7284090909090909,-4.93939393939394,-13.77777777777778,"-13.78,-9.37,3.50,1.00",4,10,-59.0,-0.1072727272731947,27.65317088247133,5.44106259239528,27.151515151515152
m6_low20-30_close50-70_green,YES,flat,above0-50,slope_flat,85,33,58.27272727272727,8.0,0.6666666666666666,0.6855614973262032,-1.6060606060606069,-11.000000000000004,"-11.00,-6.25,7.25,4.75",5,10,-59.0,-0.1072727272731947,27.65317088247133,5.44106259239528,27.151515151515152
m6_low20-30_close50-70_green,YES,flat,above>150,slope_with>75,65,20,57.25,8.0,0.95,0.8807692307692307,4.5,-5.6,"10.00,4.20,-5.60,9.40",8,9,-18.5,-3.2239999999997964,431.7390951561953,123.39914349669452,26.35
m6_low20-30_close50-70_green,YES,flat,above>150,slope_with>75,70,20,57.25,8.0,0.95,0.8178571428571428,9.25,-1.6,"15.00,9.20,-1.60,14.40",8,9,-16.0,-3.2239999999997964,431.7390951561953,123.39914349669452,26.35
m6_low20-30_close50-70_green,YES,flat,above>150,slope_with>75,75,20,57.25,8.0,0.9,0.7633333333333333,10.25,2.4,"20.00,14.20,2.40,4.40",7,9,-55.00000000000001,-3.2239999999997964,431.7390951561953,123.39914349669452,26.35
m6_low20-30_close50-70_green,YES,flat,above>150,slope_with>75,80,20,57.25,8.0,0.85,0.715625,10.75,-9.6,"25.00,19.20,-9.60,8.40",7,9,-55.00000000000001,-3.2239999999997964,431.7390951561953,123.39914349669452,26.35
m6_low20-30_close50-70_green,YES,flat,above>150,slope_with>75,85,20,57.25,8.0,0.85,0.6735294117647059,15.0,-6.6,"30.00,24.20,-6.60,12.40",7,9,-55.00000000000001,-3.2239999999997964,431.7390951561953,123.39914349669452,26.35
m6_low25-35_close35-55_green,NO,flat,below0-50,slope_flat,65,35,45.6,7.0,0.5428571428571428,0.7015384615384616,-10.314285714285715,-24.555555555555557,"-2.00,-24.56,-5.75,-8.44",4,10,-54.0,-5.675714285714327,-24.857655783798172,-5.406076350145407,30.714285714285715
m6_low25-35_close35-55_green,NO,flat,below0-50,slope_flat,70,35,45.6,7.0,0.5428571428571428,0.6514285714285715,-7.6,-22.88888888888889,"1.33,-22.89,-2.62,-5.67",5,10,-54.0,-5.675714285714327,-24.857655783798172,-5.406076350145407,30.714285714285715
m6_low25-35_close35-55_green,NO,flat,below0-50,slope_flat,75,35,45.6,7.0,0.5142857142857142,0.608,-7.0285714285714285,-21.22222222222222,"4.67,-21.22,0.50,-11.22",5,10,-54.0,-5.675714285714327,-24.857655783798172,-5.406076350145407,30.714285714285715
m6_low25-35_close35-55_green,NO,flat,below0-50,slope_flat,80,35,45.6,7.0,0.45714285714285713,0.5700000000000001,-9.028571428571428,-19.555555555555557,"-0.89,-19.56,-6.37,-9.00",3,10,-54.0,-5.675714285714327,-24.857655783798172,-5.406076350145407,30.714285714285715
m6_low25-35_close35-55_green,NO,flat,below0-50,slope_flat,85,35,45.6,7.0,0.4,0.5364705882352941,-11.6,-17.88888888888889,"-7.56,-17.89,-3.87,-16.22",2,10,-54.0,-5.675714285714327,-24.857655783798172,-5.406076350145407,30.714285714285715
m6_low25-35_close35-55_green,NO,flat,above0-50,slope_flat,65,35,44.08571428571429,7.0,0.5714285714285714,0.6782417582417583,-6.942857142857143,-11.555555555555555,"-11.56,-5.89,-4.38,-5.67",3,10,-54.0,-3.0040000000001914,21.437998108021358,4.616639373760179,30.714285714285715
m6_low25-35_close35-55_green,NO,flat,above0-50,slope_flat,70,35,44.08571428571429,7.0,0.5428571428571428,0.6297959183673469,-6.085714285714285,-10.0,"-8.78,-3.11,-10.00,-2.89",2,10,-54.0,-3.0040000000001914,21.437998108021358,4.616639373760179,30.714285714285715
m6_low25-35_close35-55_green,NO,flat,above0-50,slope_flat,75,35,44.08571428571429,7.0,0.4857142857142857,0.5878095238095239,-7.6571428571428575,-16.875,"-6.00,-8.67,-16.88,-0.11",4,10,-54.0,-3.0040000000001914,21.437998108021358,4.616639373760179,30.714285714285715
m6_low25-35_close35-55_green,NO,flat,above0-50,slope_flat,80,35,44.08571428571429,7.0,0.4857142857142857,0.5510714285714287,-5.228571428571429,-15.0,"-3.22,-6.44,-15.00,2.67",5,10,-54.0,-3.0040000000001914,21.437998108021358,4.616639373760179,30.714285714285715
m6_low25-35_close35-55_green,NO,flat,above0-50,slope_flat,85,35,44.08571428571429,7.0,0.4857142857142857,0.518655462184874,-2.8,-13.125,"-0.44,-4.22,-13.12,5.44",5,10,-54.0,-3.0040000000001914,21.437998108021358,4.616639373760179,30.714285714285715
m6_low25-35_close35-55_green,YES,flat,below50-150,slope_flat,65,23,44.21739130434783,7.0,0.6521739130434783,0.6802675585284281,-1.826086956521739,-25.166666666666668,"-1.83,-25.17,7.20,14.00",5,8,-45.333333333333336,-0.3891304347827985,-81.90574052384498,-11.34096620035764,30.956521739130434
m6_low25-35_close35-55_green,YES,flat,below50-150,slope_flat,70,23,44.21739130434783,7.0,0.6521739130434783,0.6316770186335404,1.434782608695652,-23.5,"1.50,-23.50,11.20,18.17",5,8,-45.333333333333336,-0.3891304347827985,-81.90574052384498,-11.34096620035764,30.956521739130434
m6_low25-35_close35-55_green,YES,flat,below50-150,slope_flat,75,23,44.21739130434783,7.0,0.5652173913043478,0.5895652173913044,-1.826086956521739,-21.833333333333332,"4.83,-21.83,0.20,9.83",5,8,-45.333333333333336,-0.3891304347827985,-81.90574052384498,-11.34096620035764,30.956521739130434
m6_low25-35_close35-55_green,YES,flat,below50-150,slope_flat,80,23,44.21739130434783,7.0,0.4782608695652174,0.5527173913043478,-5.956521739130435,-20.166666666666668,"-5.17,-20.17,3.20,-0.17",4,8,-45.333333333333336,-0.3891304347827985,-81.90574052384498,-11.34096620035764,30.956521739130434
m6_low25-35_close35-55_green,YES,flat,below50-150,slope_flat,85,23,44.21739130434783,7.0,0.43478260869565216,0.5202046035805626,-7.260869565217392,-18.5,"-2.67,-18.50,-10.80,2.33",4,8,-45.333333333333336,-0.3891304347827985,-81.90574052384498,-11.34096620035764,30.956521739130434
m6_low25-35_close35-55_green,YES,flat,below0-50,slope_flat,65,34,44.23529411764706,7.0,0.7058823529411765,0.6805429864253394,1.6470588235294117,-2.7777777777777777,"-2.78,7.88,1.75,0.44",4,9,-16.0,-2.136470588234849,-27.147803318880023,-3.132280839733165,30.264705882352942
m6_low25-35_close35-55_green,YES,flat,below0-50,slope_flat,70,34,44.23529411764706,7.0,0.6176470588235294,0.6319327731092437,-1.0,-7.222222222222222,"-7.22,-5.88,5.50,3.78",5,9,-43.5,-2.136470588234849,-27.147803318880023,-3.132280839733165,30.264705882352942
m6_low25-35_close35-55_green,YES,flat,below0-50,slope_flat,75,34,44.23529411764706,7.0,0.5,0.5898039215686275,-6.735294117647059,-12.777777777777779,"-12.78,-3.38,-0.12,-9.56",3,9,-46.0,-2.136470588234849,-27.147803318880023,-3.132280839733165,30.264705882352942
m6_low25-35_close35-55_green,YES,flat,below0-50,slope_flat,80,34,44.23529411764706,7.0,0.4411764705882353,0.5529411764705883,-8.941176470588236,-19.444444444444443,"-19.44,-10.88,3.00,-7.33",2,9,-46.0,-2.136470588234849,-27.147803318880023,-3.132280839733165,30.264705882352942
m6_low25-35_close35-55_green,YES,flat,below0-50,slope_flat,85,34,44.23529411764706,7.0,0.4411764705882353,0.5204152249134948,-6.735294117647059,-17.77777777777778,"-17.78,-9.00,6.12,-5.11",3,9,-46.0,-2.136470588234849,-27.147803318880023,-3.132280839733165,30.264705882352942
m6_low25-35_close35-55_green,YES,flat,above0-50,slope_flat,65,31,44.935483870967744,7.0,0.6129032258064516,0.6913151364764268,-5.096774193548387,-14.125,"2.75,-10.88,2.86,-14.12",3,9,-20.666666666666668,-2.4012903225804854,26.735712965802502,8.247832927159775,29.516129032258064
m6_low25-35_close35-55_green,YES,flat,above0-50,slope_flat,70,31,44.935483870967744,7.0,0.6129032258064516,0.6419354838709678,-2.032258064516129,-11.625,"6.50,-8.38,6.43,-11.62",4,9,-19.0,-2.4012903225804854,26.735712965802502,8.247832927159775,29.516129032258064
m6_low25-35_close35-55_green,YES,flat,above0-50,slope_flat,75,31,44.935483870967744,7.0,0.5806451612903226,0.5991397849462365,-1.3870967741935485,-9.125,"0.88,-5.88,10.00,-9.12",4,9,-17.333333333333332,-2.4012903225804854,26.735712965802502,8.247832927159775,29.516129032258064
m6_low25-35_close35-55_green,YES,flat,above0-50,slope_flat,80,31,44.935483870967744,7.0,0.5806451612903226,0.5616935483870968,1.5161290322580645,-6.625,"4.00,-3.38,13.57,-6.62",4,9,-15.666666666666666,-2.4012903225804854,26.735712965802502,8.247832927159775,29.516129032258064
m6_low25-35_close35-55_green,YES,flat,above0-50,slope_flat,85,31,44.935483870967744,7.0,0.5806451612903226,0.5286527514231499,4.419354838709677,-4.125,"7.12,-0.88,17.14,-4.12",4,9,-14.0,-2.4012903225804854,26.735712965802502,8.247832927159775,29.516129032258064
m6_low25-35_close35-55_green,YES,flat,above50-150,slope_with25-75,65,22,46.27272727272727,7.0,0.5454545454545454,0.7118881118881119,-10.818181818181818,-25.666666666666668,"8.00,-8.20,-18.20,-25.67",5,10,-54.0,-6.808181818182757,102.68538075210977,38.161397392580426,29.681818181818183
m6_low25-35_close35-55_green,YES,flat,above50-150,slope_with25-75,70,22,46.27272727272727,7.0,0.5,0.6610389610389611,-11.272727272727273,-35.666666666666664,"12.17,-5.20,-16.20,-35.67",5,10,-54.0,-6.808181818182757,102.68538075210977,38.161397392580426,29.681818181818183
m6_low25-35_close35-55_green,YES,flat,above50-150,slope_with25-75,75,22,46.27272727272727,7.0,0.45454545454545453,0.616969696969697,-12.181818181818182,-34.833333333333336,"16.33,-2.20,-29.20,-34.83",5,10,-54.0,-6.808181818182757,102.68538075210977,38.161397392580426,29.681818181818183
m6_low25-35_close35-55_green,YES,flat,above50-150,slope_with25-75,80,22,46.27272727272727,7.0,0.45454545454545453,0.5784090909090909,-9.909090909090908,-34.0,"20.50,0.80,-28.20,-34.00",5,10,-54.0,-6.808181818182757,102.68538075210977,38.161397392580426,29.681818181818183
m6_low25-35_close35-55_green,YES,flat,above50-150,slope_with25-75,85,22,46.27272727272727,7.0,0.45454545454545453,0.544385026737968,-7.636363636363637,-33.166666666666664,"24.67,3.80,-27.20,-33.17",5,10,-54.0,-6.808181818182757,102.68538075210977,38.161397392580426,29.681818181818183
m6_low25-35_close40-60_green,NO,flat,below>150,slope_against25-75,65,20,51.0,7.0,0.85,0.7846153846153846,4.249999999999997,-13.4,"12.20,16.40,-13.40,1.80",7,9,-46.0,-5.529499999999461,-204.9163466169848,-49.53666523021493,31.15
m6_low25-35_close40-60_green,NO,flat,below>150,slope_against25-75,70,20,51.0,7.0,0.7,0.7285714285714285,-2.0000000000000013,-10.400000000000002,"17.20,-6.60,-10.40,-8.20",6,9,-46.0,-5.529499999999461,-204.9163466169848,-49.53666523021493,31.15
m6_low25-35_close40-60_green,NO,flat,below>150,slope_against25-75,75,20,51.0,7.0,0.55,0.68,-9.750000000000004,-37.4,"7.20,-3.60,-37.40,-5.20",4,9,-56.00000000000001,-5.529499999999461,-204.9163466169848,-49.53666523021493,31.15
m6_low25-35_close40-60_green,NO,flat,below>150,slope_against25-75,80,20,51.0,7.0,0.55,0.6375,-7.000000000000003,-36.4,"11.20,-0.60,-36.40,-2.20",4,9,-56.00000000000001,-5.529499999999461,-204.9163466169848,-49.53666523021493,31.15
m6_low25-35_close40-60_green,NO,flat,below>150,slope_against25-75,85,20,51.0,7.0,0.55,0.6,-4.250000000000003,-35.4,"15.20,2.40,-35.40,0.80",4,9,-56.00000000000001,-5.529499999999461,-204.9163466169848,-49.53666523021493,31.15
m6_low25-35_close40-60_green,NO,flat,below50-150,slope_flat,65,22,50.40909090909091,7.0,0.5909090909090909,0.7755244755244755,-12.0,-29.833333333333332,"-3.33,-13.80,0.80,-29.83",4,9,-44.99999999999999,-1.8700000000003043,-74.55291250223209,-15.971834038233448,30.59090909090909
m6_low25-35_close40-60_green,NO,flat,below50-150,slope_flat,70,22,50.40909090909091,7.0,0.5909090909090909,0.7201298701298701,-9.045454545454547,-28.166666666666668,"-0.00,-10.80,4.80,-28.17",4,9,-44.99999999999999,-1.8700000000003043,-74.55291250223209,-15.971834038233448,30.59090909090909
m6_low25-35_close40-60_green,NO,flat,below50-150,slope_flat,75,22,50.40909090909091,7.0,0.5909090909090909,0.6721212121212121,-6.090909090909093,-26.5,"3.33,-7.80,8.80,-26.50",5,9,-44.99999999999999,-1.8700000000003043,-74.55291250223209,-15.971834038233448,30.59090909090909
m6_low25-35_close40-60_green,NO,flat,below50-150,slope_flat,80,22,50.40909090909091,7.0,0.5909090909090909,0.6301136363636364,-3.1363636363636376,-24.833333333333332,"6.67,-4.80,12.80,-24.83",6,9,-44.99999999999999,-1.8700000000003043,-74.55291250223209,-15.971834038233448,30.59090909090909
m6_low25-35_close40-60_green,NO,flat,below50-150,slope_flat,85,22,50.40909090909091,7.0,0.5454545454545454,0.593048128342246,-4.045454545454548,-23.166666666666668,"-4.17,-1.80,16.80,-23.17",5,9,-44.99999999999999,-1.8700000000003043,-74.55291250223209,-15.971834038233448,30.59090909090909
m6_low25-35_close40-60_green,NO,flat,below0-50,slope_flat,65,40,49.075,7.0,0.625,0.755,-8.45,-15.299999999999997,"-7.50,-7.80,-15.30,-3.20",3,10,-24.000000000000007,-3.928249999999571,-24.181980592822036,-5.791108326218454,30.975
m6_low25-35_close40-60_green,NO,flat,below0-50,slope_flat,70,40,49.075,7.0,0.625,0.7010714285714286,-5.325000000000001,-12.799999999999997,"-4.00,-4.80,-12.80,0.30",4,10,-21.500000000000007,-3.928249999999571,-24.181980592822036,-5.791108326218454,30.975
m6_low25-35_close40-60_green,NO,flat,below0-50,slope_flat,75,40,49.075,7.0,0.6,0.6543333333333333,-4.075000000000001,-10.299999999999997,"-0.50,-1.80,-10.30,-3.70",4,10,-19.666666666666668,-3.928249999999571,-24.181980592822036,-5.791108326218454,30.975
m6_low25-35_close40-60_green,NO,flat,below0-50,slope_flat,80,40,49.075,7.0,0.55,0.6134375000000001,-5.075,-15.799999999999997,"-5.00,1.20,-15.80,-0.70",2,10,-18.0,-3.928249999999571,-24.181980592822036,-5.791108326218454,30.975
m6_low25-35_close40-60_green,NO,flat,below0-50,slope_flat,85,40,49.075,7.0,0.5,0.5773529411764706,-6.575,-13.799999999999997,"-10.50,4.20,-13.80,-6.20",1,10,-47.0,-3.928249999999571,-24.181980592822036,-5.791108326218454,30.975
m6_low25-35_close40-60_green,NO,flat,above0-50,slope_flat,65,40,48.45,7.0,0.675,0.7453846153846154,-4.575000000000001,-14.6,"-10.40,-14.60,8.40,-1.70",3,10,-22.000000000000004,-1.225999999999658,23.304168594207475,4.13216255468833,30.75
m6_low25-35_close40-60_green,NO,flat,above0-50,slope_flat,70,40,48.45,7.0,0.65,0.6921428571428572,-2.9500000000000006,-12.1,"-7.40,-12.10,5.90,1.80",5,10,-19.500000000000004,-1.225999999999658,23.304168594207475,4.13216255468833,30.75
m6_low25-35_close40-60_green,NO,flat,above0-50,slope_flat,75,40,48.45,7.0,0.625,0.646,-1.5750000000000006,-9.6,"-4.40,-9.60,2.40,5.30",6,10,-17.666666666666668,-1.225999999999658,23.304168594207475,4.13216255468833,30.75
m6_low25-35_close40-60_green,NO,flat,above0-50,slope_flat,80,40,48.45,7.0,0.625,0.6056250000000001,1.5499999999999996,-7.1,"-1.40,-7.10,5.90,8.80",6,10,-16.0,-1.225999999999658,23.304168594207475,4.13216255468833,30.75
m6_low25-35_close40-60_green,NO,flat,above0-50,slope_flat,85,40,48.45,7.0,0.625,0.5700000000000001,4.675,-4.6,"1.60,-4.60,9.40,12.30",6,10,-14.333333333333334,-1.225999999999658,23.304168594207475,4.13216255468833,30.75
m6_low25-35_close40-60_green,NO,flat,above50-150,slope_flat,65,21,50.19047619047619,7.0,0.6190476190476191,0.7721611721611722,-9.952380952380954,-22.8,"-7.00,-2.00,-22.80,-8.60",2,8,-50.0,0.22380952380973168,76.27223867648995,14.258465763829355,30.142857142857142
m6_low25-35_close40-60_green,NO,flat,above50-150,slope_flat,70,21,50.19047619047619,7.0,0.5714285714285714,0.7170068027210884,-10.190476190476192,-20.8,"-15.33,2.00,-20.80,-5.60",1,8,-50.0,0.22380952380973168,76.27223867648995,14.258465763829355,30.142857142857142
m6_low25-35_close40-60_green,NO,flat,above50-150,slope_flat,75,21,50.19047619047619,7.0,0.5238095238095238,0.6692063492063492,-10.904761904761907,-33.8,"-12.83,6.00,-33.80,-2.60",2,8,-50.0,0.22380952380973168,76.27223867648995,14.258465763829355,30.142857142857142
m6_low25-35_close40-60_green,NO,flat,above50-150,slope_flat,80,21,50.19047619047619,7.0,0.38095238095238093,0.6273809523809524,-19.714285714285715,-37.0,"-37.00,-6.00,-32.80,0.40",1,8,-53.0,0.22380952380973168,76.27223867648995,14.258465763829355,30.142857142857142
m6_low25-35_close40-60_green,NO,flat,above50-150,slope_flat,85,21,50.19047619047619,7.0,0.38095238095238093,0.5904761904761905,-17.80952380952381,-36.166666666666664,"-36.17,-3.00,-31.80,3.40",1,8,-53.0,0.22380952380973168,76.27223867648995,14.258465763829355,30.142857142857142
m6_low25-35_close40-60_green,YES,flat,below50-150,slope_flat,65,25,47.32,7.0,0.68,0.728,-3.1200000000000006,-14.833333333333334,"-12.57,-14.83,8.33,8.17",4,8,-48.75,-0.6,-85.27392689156113,-11.142719001114019,30.96
m6_low25-35_close40-60_green,YES,flat,below50-150,slope_flat,70,25,47.32,7.0,0.64,0.676,-2.52,-24.0,"-9.71,-24.00,12.50,12.33",5,8,-48.75,-0.6,-85.27392689156113,-11.142719001114019,30.96
m6_low25-35_close40-60_green,YES,flat,below50-150,slope_flat,75,25,47.32,7.0,0.56,0.6309333333333333,-5.32,-22.333333333333332,"-6.86,-22.33,4.17,4.00",4,8,-48.75,-0.6,-85.27392689156113,-11.142719001114019,30.96
m6_low25-35_close40-60_green,YES,flat,below50-150,slope_flat,80,25,47.32,7.0,0.48,0.5915,-8.92,-20.666666666666668,"-15.43,-20.67,-5.83,7.33",2,8,-48.75,-0.6,-85.27392689156113,-11.142719001114019,30.96
m6_low25-35_close40-60_green,YES,flat,below50-150,slope_flat,85,25,47.32,7.0,0.44,0.5567058823529412,-9.92,-19.0,"-13.29,-19.00,-17.50,10.67",4,8,-48.75,-0.6,-85.27392689156113,-11.142719001114019,30.96
m6_low25-35_close40-60_green,YES,flat,below0-50,slope_flat,65,42,49.5,7.0,0.7380952380952381,0.7615384615384615,-1.5238095238095235,-8.2,"-4.91,2.30,-8.20,4.45",3,10,-25.499999999999996,-0.5845238095235323,-25.165427577018168,-4.12447938514344,29.952380952380953
m6_low25-35_close40-60_green,YES,flat,below0-50,slope_flat,70,42,49.5,7.0,0.6666666666666666,0.7071428571428572,-2.8333333333333326,-12.2,"-7.64,-0.70,-12.20,8.55",4,10,-43.5,-0.5845238095235323,-25.165427577018168,-4.12447938514344,29.952380952380953
m6_low25-35_close40-60_green,YES,flat,below0-50,slope_flat,75,42,49.5,7.0,0.5714285714285714,0.66,-6.642857142857143,-11.272727272727273,"-11.27,-4.70,-9.70,-1.00",3,10,-52.5,-0.5845238095235323,-25.165427577018168,-4.12447938514344,29.952380952380953
m6_low25-35_close40-60_green,YES,flat,below0-50,slope_flat,80,42,49.5,7.0,0.5238095238095238,0.61875,-7.595238095238095,-15.818181818181818,"-15.82,-1.70,-15.20,2.18",3,10,-52.5,-0.5845238095235323,-25.165427577018168,-4.12447938514344,29.952380952380953
m6_low25-35_close40-60_green,YES,flat,below0-50,slope_flat,85,42,49.5,7.0,0.5,0.5823529411764706,-7.0,-13.545454545454545,"-13.55,1.30,-13.20,-2.36",3,10,-52.5,-0.5845238095235323,-25.165427577018168,-4.12447938514344,29.952380952380953
m6_low25-35_close40-60_green,YES,flat,above0-50,slope_flat,65,40,50.1,7.0,0.725,0.7707692307692308,-2.975,-4.300000000000002,"-4.30,-3.40,-1.80,-2.40",4,10,-55.00000000000001,-1.8152499999998326,27.836089461861228,8.736558861870071,30.075
m6_low25-35_close40-60_green,YES,flat,above0-50,slope_flat,70,40,50.1,7.0,0.7,0.7157142857142857,-1.1,-6.9,"-0.80,-6.90,2.20,1.10",4,10,-55.00000000000001,-1.8152499999998326,27.836089461861228,8.736558861870071,30.075
m6_low25-35_close40-60_green,YES,flat,above0-50,slope_flat,75,40,50.1,7.0,0.575,0.668,-6.975,-12.3,"-12.30,-11.40,-1.30,-2.90",2,10,-57.0,-1.8152499999998326,27.836089461861228,8.736558861870071,30.075
m6_low25-35_close40-60_green,YES,flat,above0-50,slope_flat,80,40,50.1,7.0,0.575,0.62625,-4.1,-9.8,"-9.80,-8.90,2.20,0.10",2,10,-57.0,-1.8152499999998326,27.836089461861228,8.736558861870071,30.075
m6_low25-35_close40-60_green,YES,flat,above0-50,slope_flat,85,40,50.1,7.0,0.575,0.5894117647058824,-1.225,-7.300000000000002,"-7.30,-6.40,5.70,3.10",4,10,-57.0,-1.8152499999998326,27.836089461861228,8.736558861870071,30.075
m6_low25-35_close40-60_green,YES,flat,above50-150,slope_with25-75,65,21,50.714285714285715,7.0,0.7142857142857143,0.7802197802197802,-4.285714285714286,-26.0,"13.83,2.00,-10.60,-26.00",4,10,-54.0,-7.076666666667041,106.56979579981375,37.555079552590975,30.19047619047619
m6_low25-35_close40-60_green,YES,flat,above50-150,slope_with25-75,70,21,50.714285714285715,7.0,0.6666666666666666,0.7244897959183674,-4.0476190476190474,-38.0,"18.83,6.00,-7.60,-38.00",4,10,-54.0,-7.076666666667041,106.56979579981375,37.555079552590975,30.19047619047619
m6_low25-35_close40-60_green,YES,flat,above50-150,slope_with25-75,75,21,50.714285714285715,7.0,0.6190476190476191,0.6761904761904762,-4.285714285714286,-37.0,"23.83,10.00,-19.60,-37.00",4,10,-54.0,-7.076666666667041,106.56979579981375,37.555079552590975,30.19047619047619
m6_low25-35_close40-60_green,YES,flat,above50-150,slope_with25-75,80,21,50.714285714285715,7.0,0.6190476190476191,0.6339285714285714,-1.1904761904761905,-36.0,"28.83,14.00,-17.60,-36.00",4,10,-54.0,-7.076666666667041,106.56979579981375,37.555079552590975,30.19047619047619
m6_low25-35_close40-60_green,YES,flat,above50-150,slope_with25-75,85,21,50.714285714285715,7.0,0.6190476190476191,0.5966386554621849,1.9047619047619047,-35.0,"33.83,18.00,-15.60,-35.00",4,10,-54.0,-7.076666666667041,106.56979579981375,37.555079552590975,30.19047619047619
m6_low25-35_close45-65_green,NO,flat,below>150,slope_against25-75,65,22,53.72727272727273,7.0,0.8636363636363636,0.8265734265734266,2.409090909090908,-15.2,"6.17,13.80,-15.20,3.83",8,10,-46.0,-3.7640909090917956,-205.53579325721049,-50.749148477220096,32.0
m6_low25-35_close45-65_green,NO,flat,below>150,slope_against25-75,70,22,53.72727272727273,7.0,0.7272727272727273,0.7675324675324675,-2.8181818181818197,-12.200000000000001,"11.17,-9.20,-12.20,-3.67",7,10,-46.0,-3.7640909090917956,-205.53579325721049,-50.749148477220096,32.0
m6_low25-35_close45-65_green,NO,flat,below>150,slope_against25-75,75,22,53.72727272727273,7.0,0.5909090909090909,0.7163636363636363,-9.40909090909091,-24.2,"16.17,-21.20,-24.20,-12.83",5,10,-56.00000000000001,-3.7640909090917956,-205.53579325721049,-50.749148477220096,32.0
m6_low25-35_close45-65_green,NO,flat,below>150,slope_against25-75,80,22,53.72727272727273,7.0,0.5909090909090909,0.6715909090909091,-6.454545454545456,-22.2,"21.17,-19.20,-22.20,-10.33",5,10,-56.00000000000001,-3.7640909090917956,-205.53579325721049,-50.749148477220096,32.0
m6_low25-35_close45-65_green,NO,flat,below>150,slope_against25-75,85,22,53.72727272727273,7.0,0.5909090909090909,0.6320855614973262,-3.5000000000000013,-20.2,"26.17,-17.20,-20.20,-7.83",6,10,-56.00000000000001,-3.7640909090917956,-205.53579325721049,-50.749148477220096,32.0
m6_low25-35_close45-65_green,NO,flat,below50-150,slope_flat,65,23,54.608695652173914,7.0,0.7391304347826086,0.8401337792642141,-6.56521739130435,-29.833333333333332,"-3.67,-0.67,10.80,-29.83",6,9,-24.0,-1.6482608695663183,-73.98357105779819,-16.1315137592572,30.26086956521739
m6_low25-35_close45-65_green,NO,flat,below50-150,slope_flat,70,23,54.608695652173914,7.0,0.7391304347826086,0.7801242236024845,-2.8695652173913055,-28.166666666666668,"0.50,3.50,15.80,-28.17",7,9,-21.5,-1.6482608695663183,-73.98357105779819,-16.1315137592572,30.26086956521739
m6_low25-35_close45-65_green,NO,flat,below50-150,slope_flat,75,23,54.608695652173914,7.0,0.7391304347826086,0.7281159420289856,0.8260869565217376,-26.5,"4.67,7.67,20.80,-26.50",7,9,-19.285714285714285,-1.6482608695663183,-73.98357105779819,-16.1315137592572,30.26086956521739
m6_low25-35_close45-65_green,NO,flat,below50-150,slope_flat,80,23,54.608695652173914,7.0,0.6956521739130435,0.682608695652174,1.0434782608695636,-24.833333333333332,"-4.50,11.83,25.80,-24.83",6,9,-17.142857142857146,-1.6482608695663183,-73.98357105779819,-16.1315137592572,30.26086956521739
m6_low25-35_close45-65_green,NO,flat,below50-150,slope_flat,85,23,54.608695652173914,7.0,0.6086956521739131,0.6424552429667519,-2.8695652173913055,-23.166666666666668,"-15.33,1.83,30.80,-23.17",5,9,-62.0,-1.6482608695663183,-73.98357105779819,-16.1315137592572,30.26086956521739
m6_low25-35_close45-65_green,NO,flat,below0-50,slope_flat,65,44,55.36363636363637,7.0,0.6818181818181818,0.8517482517482518,-11.045454545454547,-14.545454545454545,"-8.73,-10.64,-14.55,-10.27",3,10,-24.000000000000007,-1.4565909090906644,-24.419089994448356,-5.840247651793603,31.25
m6_low25-35_close45-65_green,NO,flat,below0-50,slope_flat,70,44,55.36363636363637,7.0,0.6818181818181818,0.790909090909091,-7.636363636363638,-11.363636363636363,"-5.09,-7.00,-11.36,-7.09",3,10,-21.500000000000007,-1.4565909090906644,-24.419089994448356,-5.840247651793603,31.25
m6_low25-35_close45-65_green,NO,flat,below0-50,slope_flat,75,44,55.36363636363637,7.0,0.6818181818181818,0.7381818181818183,-4.2272727272727275,-8.181818181818182,"-1.45,-3.36,-8.18,-3.91",3,10,-19.000000000000007,-1.4565909090906644,-24.419089994448356,-5.840247651793603,31.25
m6_low25-35_close45-65_green,NO,flat,below0-50,slope_flat,80,44,55.36363636363637,7.0,0.6363636363636364,0.6920454545454546,-4.454545454545455,-12.272727272727273,"-5.09,0.27,-12.27,-0.73",3,10,-16.500000000000007,-1.4565909090906644,-24.419089994448356,-5.840247651793603,31.25
m6_low25-35_close45-65_green,NO,flat,below0-50,slope_flat,85,44,55.36363636363637,7.0,0.5909090909090909,0.651336898395722,-5.136363636363637,-9.636363636363638,"-9.64,3.91,-9.55,-5.27",2,10,-14.000000000000005,-1.4565909090906644,-24.419089994448356,-5.840247651793603,31.25
m6_low25-35_close45-65_green,NO,flat,above0-50,slope_flat,65,37,54.86486486486486,7.0,0.7567567567567568,0.844074844074844,-5.675675675675677,-17.88888888888889,"-8.50,-17.89,9.22,-5.22",3,9,-22.5,1.6562162162163814,21.492101884853117,3.9212865347026553,30.594594594594593
m6_low25-35_close45-65_green,NO,flat,above0-50,slope_flat,70,37,54.86486486486486,7.0,0.7297297297297297,0.7837837837837838,-3.783783783783785,-15.11111111111111,"-5.00,-15.11,6.44,-1.33",3,9,-20.0,1.6562162162163814,21.492101884853117,3.9212865347026553,30.594594594594593
m6_low25-35_close45-65_green,NO,flat,above0-50,slope_flat,75,37,54.86486486486486,7.0,0.7027027027027027,0.7315315315315315,-2.1621621621621636,-12.333333333333334,"-1.50,-12.33,2.56,2.56",4,9,-17.5,1.6562162162163814,21.492101884853117,3.9212865347026553,30.594594594594593
m6_low25-35_close45-65_green,NO,flat,above0-50,slope_flat,80,37,54.86486486486486,7.0,0.7027027027027027,0.6858108108108107,1.35135135135135,-9.555555555555555,"2.00,-9.56,6.44,6.44",5,9,-15.0,1.6562162162163814,21.492101884853117,3.9212865347026553,30.594594594594593
m6_low25-35_close45-65_green,NO,flat,above0-50,slope_flat,85,37,54.86486486486486,7.0,0.6756756756756757,0.6454689984101749,2.5675675675675675,-6.777777777777779,"-3.00,-6.78,10.33,10.33",5,9,-12.5,1.6562162162163814,21.492101884853117,3.9212865347026553,30.594594594594593
m6_low25-35_close45-65_green,NO,flat,above50-150,slope_flat,65,20,55.35,7.0,0.75,0.8515384615384616,-6.600000000000003,-16.200000000000003,"-13.40,-3.60,6.80,-16.20",5,9,-50.0,1.9319999999996071,76.23473518489882,12.809630346207268,30.45
m6_low25-35_close45-65_green,NO,flat,above50-150,slope_flat,70,20,55.35,7.0,0.75,0.7907142857142857,-2.850000000000003,-13.200000000000003,"-10.40,0.40,11.80,-13.20",5,9,-50.0,1.9319999999996071,76.23473518489882,12.809630346207268,30.45
m6_low25-35_close45-65_green,NO,flat,above50-150,slope_flat,75,20,55.35,7.0,0.7,0.738,-2.8500000000000005,-10.200000000000003,"-7.40,4.40,1.80,-10.20",4,9,-50.0,1.9319999999996071,76.23473518489882,12.809630346207268,30.45
m6_low25-35_close45-65_green,NO,flat,above50-150,slope_flat,80,20,55.35,7.0,0.55,0.691875,-11.35,-20.4,"-20.40,-7.60,-10.20,-7.20",3,9,-53.0,1.9319999999996071,76.23473518489882,12.809630346207268,30.45
m6_low25-35_close45-65_green,NO,flat,above50-150,slope_flat,85,20,55.35,7.0,0.55,0.6511764705882354,-8.6,-18.4,"-18.40,-4.60,-7.20,-4.20",4,9,-53.0,1.9319999999996071,76.23473518489882,12.809630346207268,30.45
m6_low25-35_close45-65_green,NO,flat,above>150,slope_with25-75,65,20,53.75,7.0,0.85,0.8269230769230769,1.4999999999999976,-2.200000000000004,"-2.20,-1.20,9.20,0.20",6,9,-55.00000000000001,-2.820999999999549,223.8037948827885,51.59055910620482,29.8
m6_low25-35_close45-65_green,NO,flat,above>150,slope_with25-75,70,20,53.75,7.0,0.85,0.7678571428571429,5.749999999999997,1.7999999999999958,"1.80,2.80,14.20,4.20",6,9,-55.00000000000001,-2.820999999999549,223.8037948827885,51.59055910620482,29.8
m6_low25-35_close45-65_green,NO,flat,above>150,slope_with25-75,75,20,53.75,7.0,0.8,0.7166666666666667,6.249999999999997,4.199999999999998,"5.80,6.80,4.20,8.20",7,9,-55.00000000000001,-2.820999999999549,223.8037948827885,51.59055910620482,29.8
m6_low25-35_close45-65_green,NO,flat,above>150,slope_with25-75,80,20,53.75,7.0,0.65,0.671875,-1.7500000000000013,-7.800000000000002,"-6.20,-5.20,-7.80,12.20",4,9,-55.00000000000001,-2.820999999999549,223.8037948827885,51.59055910620482,29.8
m6_low25-35_close45-65_green,NO,flat,above>150,slope_with25-75,85,20,53.75,7.0,0.65,0.6323529411764706,1.4999999999999971,-4.800000000000002,"-3.20,-2.20,-4.80,16.20",4,9,-55.00000000000001,-2.820999999999549,223.8037948827885,51.59055910620482,29.8
m6_low25-35_close45-65_green,YES,flat,below50-150,slope_flat,65,23,52.73913043478261,7.0,0.782608695652174,0.811371237458194,-1.8695652173913047,-10.000000000000002,"1.67,-10.00,-0.20,1.33",4,7,-50.0,1.0143478260873489,-88.67878515690562,-10.498494843463288,31.391304347826086
m6_low25-35_close45-65_green,YES,flat,below50-150,slope_flat,70,23,52.73913043478261,7.0,0.6956521739130435,0.753416149068323,-4.043478260869565,-30.0,"5.83,-30.00,3.80,5.50",3,7,-50.0,1.0143478260873489,-88.67878515690562,-10.498494843463288,31.391304347826086
m6_low25-35_close45-65_green,YES,flat,below50-150,slope_flat,75,23,52.73913043478261,7.0,0.6521739130434783,0.7031884057971015,-3.8260869565217392,-28.333333333333332,"10.00,-28.33,-7.20,9.67",5,7,-50.0,1.0143478260873489,-88.67878515690562,-10.498494843463288,31.391304347826086
m6_low25-35_close45-65_green,YES,flat,below50-150,slope_flat,80,23,52.73913043478261,7.0,0.5652173913043478,0.6592391304347827,-7.521739130434782,-26.666666666666668,"0.83,-26.67,-4.20,0.50",3,7,-50.0,1.0143478260873489,-88.67878515690562,-10.498494843463288,31.391304347826086
m6_low25-35_close45-65_green,YES,flat,below50-150,slope_flat,85,23,52.73913043478261,7.0,0.5217391304347826,0.620460358056266,-8.391304347826088,-25.0,"4.17,-25.00,-18.20,3.83",4,7,-50.0,1.0143478260873489,-88.67878515690562,-10.498494843463288,31.391304347826086
m6_low25-35_close45-65_green,YES,flat,below0-50,slope_flat,65,40,53.725,7.5,0.8,0.8265384615384616,-1.7249999999999992,-6.000000000000001,"-3.90,-2.70,-6.00,5.70",3,10,-25.499999999999996,-0.2709999999999127,-24.80806124598512,-4.330021272428167,29.925
m6_low25-35_close45-65_green,YES,flat,below0-50,slope_flat,70,40,53.725,7.5,0.75,0.7675000000000001,-1.2249999999999999,-6.899999999999999,"-6.90,-5.70,-2.50,10.20",4,10,-45.0,-0.2709999999999127,-24.80806124598512,-4.330021272428167,29.925
m6_low25-35_close45-65_green,YES,flat,below0-50,slope_flat,75,40,53.725,7.5,0.65,0.7163333333333334,-4.975,-10.899999999999999,"-10.90,-9.70,1.00,-0.30",3,10,-52.5,-0.2709999999999127,-24.80806124598512,-4.330021272428167,29.925
m6_low25-35_close45-65_green,YES,flat,below0-50,slope_flat,80,40,53.725,7.5,0.6,0.6715625000000001,-5.725,-14.7,"-7.90,-14.70,-3.50,3.20",3,10,-52.5,-0.2709999999999127,-24.80806124598512,-4.330021272428167,29.925
m6_low25-35_close45-65_green,YES,flat,below0-50,slope_flat,85,40,53.725,7.5,0.575,0.6320588235294118,-4.85,-12.2,"-4.90,-12.20,-0.50,-1.80",3,10,-52.5,-0.2709999999999127,-24.80806124598512,-4.330021272428167,29.925
m6_low25-35_close45-65_green,YES,flat,above0-50,slope_flat,65,42,52.976190476190474,7.0,0.8095238095238095,0.815018315018315,-0.357142857142857,-7.7,"-5.09,4.10,-7.70,7.00",5,10,-61.0,-1.2466666666666806,26.31001122461835,6.987550858199982,30.214285714285715
m6_low25-35_close45-65_green,YES,flat,above0-50,slope_flat,70,42,52.976190476190474,7.0,0.7619047619047619,0.7568027210884354,0.35714285714285715,-11.2,"-1.45,1.60,-11.20,11.55",5,10,-61.0,-1.2466666666666806,26.31001122461835,6.987550858199982,30.214285714285715
m6_low25-35_close45-65_green,YES,flat,above0-50,slope_flat,75,42,52.976190476190474,7.0,0.6428571428571429,0.7063492063492063,-4.761904761904762,-11.454545454545455,"-11.45,-1.90,-8.20,2.45",4,10,-61.0,-1.2466666666666806,26.31001122461835,6.987550858199982,30.214285714285715
m6_low25-35_close45-65_green,YES,flat,above0-50,slope_flat,80,42,52.976190476190474,7.0,0.6190476190476191,0.6622023809523809,-3.4523809523809526,-8.727272727272727,"-8.73,-6.40,-5.20,6.09",5,10,-61.0,-1.2466666666666806,26.31001122461835,6.987550858199982,30.214285714285715
m6_low25-35_close45-65_green,YES,flat,above0-50,slope_flat,85,42,52.976190476190474,7.0,0.5952380952380952,0.623249299719888,-2.380952380952381,-11.899999999999999,"-6.00,-11.90,-2.20,9.73",6,10,-61.0,-1.2466666666666806,26.31001122461835,6.987550858199982,30.214285714285715
m6_low25-35_close45-65_green,YES,flat,above50-150,slope_with25-75,65,21,52.666666666666664,7.0,0.7619047619047619,0.8102564102564103,-3.142857142857143,-26.0,"12.33,-1.00,-1.00,-26.00",4,9,-54.0,-4.765714285714369,103.23607758443784,36.72173168044364,30.285714285714285
m6_low25-35_close45-65_green,YES,flat,above50-150,slope_with25-75,70,21,52.666666666666664,7.0,0.7142857142857143,0.7523809523809524,-2.6666666666666665,-38.0,"17.33,3.00,3.00,-38.00",3,9,-54.0,-4.765714285714369,103.23607758443784,36.72173168044364,30.285714285714285
m6_low25-35_close45-65_green,YES,flat,above50-150,slope_with25-75,75,21,52.666666666666664,7.0,0.6666666666666666,0.7022222222222222,-2.6666666666666665,-37.0,"22.33,7.00,-8.00,-37.00",3,9,-54.0,-4.765714285714369,103.23607758443784,36.72173168044364,30.285714285714285
m6_low25-35_close45-65_green,YES,flat,above50-150,slope_with25-75,80,21,52.666666666666664,7.0,0.6666666666666666,0.6583333333333333,0.6666666666666666,-36.0,"27.33,11.00,-5.00,-36.00",3,9,-54.0,-4.765714285714369,103.23607758443784,36.72173168044364,30.285714285714285
m6_low25-35_close45-65_green,YES,flat,above50-150,slope_with25-75,85,21,52.666666666666664,7.0,0.6190476190476191,0.6196078431372549,-0.047619047619047616,-35.0,"32.33,15.00,-19.00,-35.00",3,9,-54.0,-4.765714285714369,103.23607758443784,36.72173168044364,30.285714285714285
m6_low25-35_close45-65_green,YES,flat,above>150,slope_with>75,65,22,54.27272727272727,8.0,0.8181818181818182,0.8349650349650349,-1.0909090909090913,-7.666666666666668,"-7.67,-4.60,-1.80,9.00",6,9,-17.5,-3.644545454545468,519.7730840010951,151.42471353162875,30.227272727272727
m6_low25-35_close45-65_green,YES,flat,above>150,slope_with>75,70,22,54.27272727272727,8.0,0.8181818181818182,0.7753246753246753,3.0,-4.333333333333335,"-4.33,-0.60,2.20,14.00",6,9,-15.0,-3.644545454545468,519.7730840010951,151.42471353162875,30.227272727272727
m6_low25-35_close45-65_green,YES,flat,above>150,slope_with>75,75,22,54.27272727272727,8.0,0.7272727272727273,0.7236363636363636,0.27272727272727243,-11.6,"-1.00,-11.60,6.20,6.50",4,9,-63.0,-3.644545454545468,519.7730840010951,151.42471353162875,30.227272727272727
m6_low25-35_close45-65_green,YES,flat,above>150,slope_with>75,80,22,54.27272727272727,8.0,0.6818181818181818,0.678409090909091,0.2727272727272727,-8.6,"2.33,-8.60,-5.80,10.67",4,9,-63.0,-3.644545454545468,519.7730840010951,151.42471353162875,30.227272727272727
m6_low25-35_close45-65_green,YES,flat,above>150,slope_with>75,85,22,54.27272727272727,8.0,0.6818181818181818,0.6385026737967915,3.6818181818181817,-5.6,"5.67,-5.60,-2.80,14.83",4,9,-63.0,-3.644545454545468,519.7730840010951,151.42471353162875,30.227272727272727
m6_low25-35_close50-70_green,NO,flat,below>150,slope_against25-75,65,23,58.69565217391305,7.0,0.9130434782608695,0.9030100334448161,0.6521739130434774,-18.6,"4.50,9.67,-18.60,3.83",8,10,-10.666666666666666,-2.979565217392203,-207.56820716692576,-50.68121178963591,31.91304347826087
m6_low25-35_close50-70_green,NO,flat,below>150,slope_against25-75,70,23,58.69565217391305,7.0,0.782608695652174,0.8385093167701864,-3.913043478260871,-15.6,"9.50,-8.67,-15.60,-2.83",8,10,-30.666666666666668,-2.979565217392203,-207.56820716692576,-50.68121178963591,31.91304347826087
m6_low25-35_close50-70_green,NO,flat,below>150,slope_against25-75,75,23,58.69565217391305,7.0,0.6521739130434783,0.782608695652174,-9.782608695652174,-27.6,"14.50,-17.83,-27.60,-11.17",5,10,-56.00000000000001,-2.979565217392203,-207.56820716692576,-50.68121178963591,31.91304347826087
m6_low25-35_close50-70_green,NO,flat,below>150,slope_against25-75,80,23,58.69565217391305,7.0,0.6521739130434783,0.7336956521739131,-6.521739130434782,-25.6,"19.50,-15.33,-25.60,-7.83",5,10,-56.00000000000001,-2.979565217392203,-207.56820716692576,-50.68121178963591,31.91304347826087
m6_low25-35_close50-70_green,NO,flat,below>150,slope_against25-75,85,23,58.69565217391305,7.0,0.6521739130434783,0.690537084398977,-3.260869565217391,-23.6,"24.50,-12.83,-23.60,-4.50",5,10,-56.00000000000001,-2.979565217392203,-207.56820716692576,-50.68121178963591,31.91304347826087
m6_low25-35_close50-70_green,NO,flat,below50-150,slope_flat,65,24,58.5,7.0,0.8333333333333334,0.9,-4.333333333333335,-10.500000000000004,"-5.33,-5.00,3.50,-10.50",5,9,-24.0,0.4033333333321328,-75.64082213430659,-16.658681709784105,30.125
m6_low25-35_close50-70_green,NO,flat,below50-150,slope_flat,70,24,58.5,7.0,0.7916666666666666,0.8357142857142857,-3.0833333333333344,-7.1666666666666705,"-1.17,-0.83,-3.17,-7.17",5,9,-67.0,0.4033333333321328,-75.64082213430659,-16.658681709784105,30.125
m6_low25-35_close50-70_green,NO,flat,below50-150,slope_flat,75,24,58.5,7.0,0.75,0.78,-2.2500000000000013,-11.5,"3.00,3.33,-11.50,-3.83",6,9,-67.0,0.4033333333321328,-75.64082213430659,-16.658681709784105,30.125
m6_low25-35_close50-70_green,NO,flat,below50-150,slope_flat,80,24,58.5,7.0,0.7083333333333334,0.73125,-1.8333333333333341,-8.166666666666666,"-6.17,7.50,-8.17,-0.50",5,9,-67.0,0.4033333333321328,-75.64082213430659,-16.658681709784105,30.125
m6_low25-35_close50-70_green,NO,flat,below50-150,slope_flat,85,24,58.5,7.0,0.5833333333333334,0.6882352941176471,-8.916666666666668,-19.0,"-17.00,-2.50,-19.00,2.83",4,9,-67.0,0.4033333333321328,-75.64082213430659,-16.658681709784105,30.125
m6_low25-35_close50-70_green,NO,flat,below0-50,slope_flat,65,43,58.7906976744186,8.0,0.7674418604651163,0.9044722719141324,-8.906976744186048,-14.545454545454545,"-1.18,-14.55,-10.40,-9.64",3,10,-24.000000000000007,-1.042790697673999,-25.00640957942385,-6.784962966133229,31.441860465116278
m6_low25-35_close50-70_green,NO,flat,below0-50,slope_flat,70,43,58.7906976744186,8.0,0.7441860465116279,0.8398671096345515,-6.697674418604652,-10.909090909090908,"-3.00,-10.91,-6.90,-6.00",4,10,-21.500000000000007,-1.042790697673999,-25.00640957942385,-6.784962966133229,31.441860465116278
m6_low25-35_close50-70_green,NO,flat,below0-50,slope_flat,75,43,58.7906976744186,8.0,0.7441860465116279,0.783875968992248,-2.976744186046513,-7.2727272727272725,"1.09,-7.27,-3.40,-2.36",4,10,-19.000000000000007,-1.042790697673999,-25.00640957942385,-6.784962966133229,31.441860465116278
m6_low25-35_close50-70_green,NO,flat,below0-50,slope_flat,80,43,58.7906976744186,8.0,0.7209302325581395,0.7348837209302326,-1.1162790697674427,-10.909090909090908,"5.18,-10.91,0.10,1.27",4,10,-16.500000000000007,-1.042790697673999,-25.00640957942385,-6.784962966133229,31.441860465116278
m6_low25-35_close50-70_green,NO,flat,below0-50,slope_flat,85,43,58.7906976744186,8.0,0.6976744186046512,0.6916552667578659,0.5116279069767439,-7.7272727272727275,"1.55,-7.73,3.60,4.91",4,10,-14.000000000000005,-1.042790697673999,-25.00640957942385,-6.784962966133229,31.441860465116278
m6_low25-35_close50-70_green,NO,flat,above0-50,slope_flat,65,39,58.69230769230769,8.0,0.7948717948717948,0.9029585798816568,-7.0256410256410255,-14.1,"-6.20,-14.10,-1.89,-5.40",4,10,-24.0,1.8912820512821036,21.028341524000542,2.015422070091098,30.615384615384617
m6_low25-35_close50-70_green,NO,flat,above0-50,slope_flat,70,39,58.69230769230769,8.0,0.7948717948717948,0.8384615384615385,-3.051282051282052,-10.599999999999998,"-2.20,-10.60,2.56,-1.40",5,10,-21.5,1.8912820512821036,21.028341524000542,2.015422070091098,30.615384615384617
m6_low25-35_close50-70_green,NO,flat,above0-50,slope_flat,75,39,58.69230769230769,8.0,0.7948717948717948,0.7825641025641026,0.9230769230769226,-7.099999999999999,"1.80,-7.10,7.00,2.60",5,10,-19.0,1.8912820512821036,21.028341524000542,2.015422070091098,30.615384615384617
m6_low25-35_close50-70_green,NO,flat,above0-50,slope_flat,80,39,58.69230769230769,8.0,0.7948717948717948,0.7336538461538462,4.897435897435898,-3.5999999999999988,"5.80,-3.60,11.44,6.60",5,10,-16.5,1.8912820512821036,21.028341524000542,2.015422070091098,30.615384615384617
m6_low25-35_close50-70_green,NO,flat,above0-50,slope_flat,85,39,58.69230769230769,8.0,0.7692307692307693,0.6904977375565611,6.6923076923076925,-0.09999999999999858,"1.30,-0.10,15.89,10.60",6,10,-14.0,1.8912820512821036,21.028341524000542,2.015422070091098,30.615384615384617
m6_low25-35_close50-70_green,NO,flat,above50-150,slope_flat,65,24,58.541666666666664,7.0,0.8333333333333334,0.9006410256410255,-4.375000000000002,-11.833333333333337,"-4.67,-3.67,2.67,-11.83",5,8,-50.0,3.2179166666668,78.08852196133073,13.698698269206943,30.125
m6_low25-35_close50-70_green,NO,flat,above50-150,slope_flat,70,24,58.541666666666664,7.0,0.7083333333333334,0.8363095238095237,-8.958333333333334,-12.166666666666666,"-12.17,-11.17,-4.00,-8.50",2,8,-50.0,3.2179166666668,78.08852196133073,13.698698269206943,30.125
m6_low25-35_close50-70_green,NO,flat,above50-150,slope_flat,75,24,58.541666666666664,7.0,0.6666666666666666,0.7805555555555556,-8.54166666666667,-17.66666666666667,"-8.83,-7.83,0.17,-17.67",3,8,-50.0,3.2179166666668,78.08852196133073,13.698698269206943,30.125
m6_low25-35_close50-70_green,NO,flat,above50-150,slope_flat,80,24,58.541666666666664,7.0,0.5416666666666666,0.7317708333333333,-15.208333333333334,-18.833333333333332,"-18.83,-17.83,-9.00,-15.17",2,8,-53.0,3.2179166666668,78.08852196133073,13.698698269206943,30.125
m6_low25-35_close50-70_green,NO,flat,above50-150,slope_flat,85,24,58.541666666666664,7.0,0.5416666666666666,0.6887254901960784,-12.5,-16.333333333333332,"-16.33,-15.33,-5.67,-12.67",4,8,-53.0,3.2179166666668,78.08852196133073,13.698698269206943,30.125
m6_low25-35_close50-70_green,NO,flat,above>150,slope_with25-75,65,24,59.375,7.0,0.9166666666666666,0.9134615384615384,0.20833333333333215,-5.0000000000000036,"-1.17,0.67,6.33,-5.00",4,9,-55.00000000000001,-1.5574999999998909,225.55036223010362,49.89841823150073,30.583333333333332
m6_low25-35_close50-70_green,NO,flat,above>150,slope_with25-75,70,24,59.375,7.0,0.9166666666666666,0.8482142857142857,4.791666666666665,-0.8333333333333369,"3.00,5.67,11.33,-0.83",7,9,-55.00000000000001,-1.5574999999998909,225.55036223010362,49.89841823150073,30.583333333333332
m6_low25-35_close50-70_green,NO,flat,above>150,slope_with25-75,75,24,59.375,7.0,0.875,0.7916666666666666,6.249999999999997,3.33333333333333,"7.17,10.67,3.83,3.33",7,9,-55.00000000000001,-1.5574999999998909,225.55036223010362,49.89841823150073,30.583333333333332
m6_low25-35_close50-70_green,NO,flat,above>150,slope_with25-75,80,24,59.375,7.0,0.75,0.7421875,0.6249999999999988,-15.333333333333337,"-15.33,15.67,-5.33,7.50",4,9,-55.00000000000001,-1.5574999999998909,225.55036223010362,49.89841823150073,30.583333333333332
m6_low25-35_close50-70_green,NO,flat,above>150,slope_with25-75,85,24,59.375,7.0,0.7083333333333334,0.6985294117647058,0.8333333333333321,-16.166666666666668,"-12.83,20.67,-16.17,11.67",5,9,-55.00000000000001,-1.5574999999998909,225.55036223010362,49.89841823150073,30.583333333333332
m6_low25-35_close50-70_green,YES,flat,below50-150,slope_flat,65,20,57.2,7.5,0.95,0.88,4.55,-2.6,"7.00,6.40,-2.60,7.40",6,8,-50.0,0.6030000000002473,-86.94632815999285,-10.146632620963283,31.45
m6_low25-35_close50-70_green,YES,flat,below50-150,slope_flat,70,20,57.2,7.5,0.85,0.8171428571428572,2.2999999999999994,-16.6,"12.00,-16.60,1.40,12.40",5,8,-50.0,0.6030000000002473,-86.94632815999285,-10.146632620963283,31.45
m6_low25-35_close50-70_green,YES,flat,below50-150,slope_flat,75,20,57.2,7.5,0.8,0.7626666666666667,2.8,-13.6,"17.00,-13.60,-9.60,17.40",5,8,-50.0,0.6030000000002473,-86.94632815999285,-10.146632620963283,31.45
m6_low25-35_close50-70_green,YES,flat,below50-150,slope_flat,80,20,57.2,7.5,0.7,0.7150000000000001,-1.2,-10.600000000000001,"6.00,-10.60,-6.60,6.40",5,8,-50.0,0.6030000000002473,-86.94632815999285,-10.146632620963283,31.45
m6_low25-35_close50-70_green,YES,flat,below50-150,slope_flat,85,20,57.2,7.5,0.65,0.6729411764705883,-1.9500000000000004,-20.6,"10.00,-7.60,-20.60,10.40",5,8,-53.666666666666664,0.6030000000002473,-86.94632815999285,-10.146632620963283,31.45
m6_low25-35_close50-70_green,YES,flat,below0-50,slope_flat,65,41,58.63414634146341,8.0,0.8780487804878049,0.9020637898686679,-1.5609756097560974,-7.636363636363637,"-7.64,2.50,-6.60,6.10",3,10,-23.5,1.4475609756098982,-25.03029196328418,-3.983316395951722,30.170731707317074
m6_low25-35_close50-70_green,YES,flat,below0-50,slope_flat,70,41,58.63414634146341,8.0,0.8292682926829268,0.8376306620209059,-0.5853658536585369,-3.545454545454545,"-3.55,0.00,-2.60,4.10",4,10,-65.0,1.4475609756098982,-25.03029196328418,-3.983316395951722,30.170731707317074
m6_low25-35_close50-70_green,YES,flat,below0-50,slope_flat,75,41,58.63414634146341,8.0,0.7317073170731707,0.7817886178861788,-3.7560975609756095,-13.090909090909092,"-13.09,-3.50,1.40,1.10",4,10,-65.0,1.4475609756098982,-25.03029196328418,-3.983316395951722,30.170731707317074
m6_low25-35_close50-70_green,YES,flat,below0-50,slope_flat,80,41,58.63414634146341,8.0,0.6829268292682927,0.7329268292682927,-4.0,-9.909090909090908,"-9.91,-8.00,-2.60,5.10",4,10,-65.0,1.4475609756098982,-25.03029196328418,-3.983316395951722,30.170731707317074
m6_low25-35_close50-70_green,YES,flat,below0-50,slope_flat,85,41,58.63414634146341,8.0,0.6585365853658537,0.6898134863701578,-2.658536585365854,-6.7272727272727275,"-6.73,-5.00,0.90,0.60",4,10,-65.0,1.4475609756098982,-25.03029196328418,-3.983316395951722,30.170731707317074
m6_low25-35_close50-70_green,YES,flat,above0-50,slope_flat,65,44,59.31818181818182,8.0,0.8636363636363636,0.9125874125874126,-3.1818181818181817,-12.909090909090908,"-12.91,0.55,-8.00,7.64",5,10,-61.0,1.941590909090585,28.84484591196666,6.634218542310257,30.568181818181817
m6_low25-35_close50-70_green,YES,flat,above0-50,slope_flat,70,44,59.31818181818182,8.0,0.8181818181818182,0.8474025974025974,-2.0454545454545454,-10.272727272727273,"-9.27,-1.27,-10.27,12.64",6,10,-61.0,1.941590909090585,28.84484591196666,6.634218542310257,30.568181818181817
m6_low25-35_close50-70_green,YES,flat,above0-50,slope_flat,75,44,59.31818181818182,8.0,0.7045454545454546,0.7909090909090909,-6.4772727272727275,-19.272727272727273,"-19.27,-4.00,-6.64,4.00",4,10,-61.0,1.941590909090585,28.84484591196666,6.634218542310257,30.568181818181817
m6_low25-35_close50-70_green,YES,flat,above0-50,slope_flat,80,44,59.31818181818182,8.0,0.6818181818181818,0.7414772727272727,-4.7727272727272725,-16.545454545454547,"-16.55,-7.64,-3.00,8.09",6,10,-61.0,1.941590909090585,28.84484591196666,6.634218542310257,30.568181818181817
m6_low25-35_close50-70_green,YES,flat,above0-50,slope_flat,85,44,59.31818181818182,8.0,0.6590909090909091,0.6978609625668449,-3.2954545454545454,-13.818181818181818,"-13.82,-12.18,0.64,12.18",6,10,-61.0,1.941590909090585,28.84484591196666,6.634218542310257,30.568181818181817
m6_low25-35_close50-70_green,YES,flat,above50-150,slope_flat,65,24,59.875,7.0,0.875,0.9211538461538461,-3.0,-20.166666666666668,"-20.17,-0.33,3.33,5.17",4,8,-50.5,3.3204166666670667,77.45304297508483,13.745835974745509,31.208333333333332
m6_low25-35_close50-70_green,YES,flat,above50-150,slope_flat,70,24,59.875,7.0,0.875,0.8553571428571428,1.3749999999999998,-17.666666666666668,"-17.67,4.67,8.33,10.17",6,8,-50.5,3.3204166666670667,77.45304297508483,13.745835974745509,31.208333333333332
m6_low25-35_close50-70_green,YES,flat,above50-150,slope_flat,75,24,59.875,7.0,0.875,0.7983333333333333,5.75,-15.16666666666667,"-15.17,9.67,13.33,15.17",6,8,-50.5,3.3204166666670667,77.45304297508483,13.745835974745509,31.208333333333332
m6_low25-35_close50-70_green,YES,flat,above50-150,slope_flat,80,24,59.875,7.0,0.8333333333333334,0.7484375,6.791666666666667,-12.66666666666667,"-12.67,14.67,5.00,20.17",5,8,-50.5,3.3204166666670667,77.45304297508483,13.745835974745509,31.208333333333332
m6_low25-35_close50-70_green,YES,flat,above50-150,slope_flat,85,24,59.875,7.0,0.75,0.7044117647058824,3.875,-24.333333333333332,"-24.33,5.50,9.17,25.17",4,8,-50.5,3.3204166666670667,77.45304297508483,13.745835974745509,31.208333333333332
m6_low25-35_close50-70_green,YES,flat,above50-150,slope_with25-75,65,24,58.041666666666664,7.0,0.7916666666666666,0.8929487179487179,-6.583333333333333,-25.333333333333332,"6.33,-0.67,-6.67,-25.33",4,9,-54.0,-3.864583333332424,103.89866062587225,36.320726667158546,30.875
m6_low25-35_close50-70_green,YES,flat,above50-150,slope_with25-75,70,24,58.041666666666664,7.0,0.6666666666666666,0.8291666666666666,-11.375,-25.833333333333332,"11.33,-8.17,-25.83,-22.83",3,9,-54.0,-3.864583333332424,103.89866062587225,36.320726667158546,30.875
m6_low25-35_close50-70_green,YES,flat,above50-150,slope_with25-75,75,24,58.041666666666664,7.0,0.5833333333333334,0.7738888888888888,-14.291666666666666,-35.833333333333336,"16.33,-17.33,-35.83,-20.33",3,9,-54.0,-3.864583333332424,103.89866062587225,36.320726667158546,30.875
m6_low25-35_close50-70_green,YES,flat,above50-150,slope_with25-75,80,24,58.041666666666664,7.0,0.5833333333333334,0.7255208333333333,-11.375,-34.166666666666664,"21.33,-14.83,-34.17,-17.83",3,9,-54.0,-3.864583333332424,103.89866062587225,36.320726667158546,30.875
m6_low25-35_close50-70_green,YES,flat,above50-150,slope_with25-75,85,24,58.041666666666664,7.0,0.5416666666666666,0.682843137254902,-12.0,-46.666666666666664,"26.33,-12.33,-46.67,-15.33",3,9,-54.0,-3.864583333332424,103.89866062587225,36.320726667158546,30.875
m6_low25-35_close50-70_green,YES,flat,above>150,slope_with>75,65,21,56.714285714285715,8.0,0.9047619047619048,0.8725274725274725,2.095238095238095,-7.2,"9.50,-7.20,0.20,4.40",7,9,-14.333333333333334,-2.6676190476188952,515.6024687782781,147.72939954655678,30.476190476190474
m6_low25-35_close50-70_green,YES,flat,above>150,slope_with>75,70,21,56.714285714285715,8.0,0.9047619047619048,0.8102040816326531,6.619047619047619,-3.2,"14.50,-3.20,4.20,9.40",7,9,-11.0,-2.6676190476188952,515.6024687782781,147.72939954655678,30.476190476190474
m6_low25-35_close50-70_green,YES,flat,above>150,slope_with>75,75,21,56.714285714285715,8.0,0.8095238095238095,0.7561904761904762,4.0,-14.2,"19.50,-14.20,8.20,-0.60",5,9,-63.0,-2.6676190476188952,515.6024687782781,147.72939954655678,30.476190476190474
m6_low25-35_close50-70_green,YES,flat,above>150,slope_with>75,80,21,56.714285714285715,8.0,0.7619047619047619,0.7089285714285715,4.238095238095238,-11.2,"24.50,-11.20,-3.80,3.40",5,9,-63.0,-2.6676190476188952,515.6024687782781,147.72939954655678,30.476190476190474
m6_low25-35_close50-70_green,YES,flat,above>150,slope_with>75,85,21,56.714285714285715,8.0,0.7619047619047619,0.6672268907563025,8.047619047619047,-8.2,"29.50,-8.20,-0.80,7.40",5,9,-63.0,-2.6676190476188952,515.6024687782781,147.72939954655678,30.476190476190474
m6_low30-40_close35-55_green,NO,flat,below50-150,slope_flat,65,21,46.904761904761905,7.0,0.5714285714285714,0.7216117216117216,-9.761904761904763,-33.8,"10.83,-23.20,3.00,-33.80",3,8,-31.25,-5.23904761904816,-76.13312298909712,-15.394987042718206,34.80952380952381
m6_low30-40_close35-55_green,NO,flat,below50-150,slope_flat,70,21,46.904761904761905,7.0,0.47619047619047616,0.6700680272108843,-13.571428571428571,-32.8,"3.33,-21.20,-7.00,-32.80",3,8,-30.0,-5.23904761904816,-76.13312298909712,-15.394987042718206,34.80952380952381
m6_low30-40_close35-55_green,NO,flat,below50-150,slope_flat,75,21,46.904761904761905,7.0,0.42857142857142855,0.6253968253968254,-14.761904761904763,-31.8,"6.67,-19.20,-19.00,-31.80",3,8,-48.0,-5.23904761904816,-76.13312298909712,-15.394987042718206,34.80952380952381
m6_low30-40_close35-55_green,NO,flat,below50-150,slope_flat,80,21,46.904761904761905,7.0,0.42857142857142855,0.5863095238095238,-12.619047619047619,-30.8,"10.00,-17.20,-17.00,-30.80",4,8,-48.0,-5.23904761904816,-76.13312298909712,-15.394987042718206,34.80952380952381
m6_low30-40_close35-55_green,NO,flat,below50-150,slope_flat,85,21,46.904761904761905,7.0,0.38095238095238093,0.5518207282913166,-14.523809523809524,-29.8,"-0.83,-15.20,-15.00,-29.80",4,8,-48.0,-5.23904761904816,-76.13312298909712,-15.394987042718206,34.80952380952381
m6_low30-40_close35-55_green,NO,flat,below0-50,slope_flat,65,29,47.310344827586206,7.0,0.5517241379310345,0.7278514588859416,-11.448275862068966,-27.857142857142858,"-13.38,-2.86,-1.43,-27.86",3,8,-54.0,-5.245862068965176,-27.610461726296215,-7.133618348639896,33.86206896551724
m6_low30-40_close35-55_green,NO,flat,below0-50,slope_flat,70,29,47.310344827586206,7.0,0.5172413793103449,0.6758620689655173,-11.10344827586207,-26.428571428571427,"-10.88,0.71,-7.86,-26.43",3,8,-54.0,-5.245862068965176,-27.610461726296215,-7.133618348639896,33.86206896551724
m6_low30-40_close35-55_green,NO,flat,below0-50,slope_flat,75,29,47.310344827586206,7.0,0.5172413793103449,0.6308045977011494,-8.517241379310345,-25.0,"-8.38,4.29,-5.00,-25.00",3,8,-54.0,-5.245862068965176,-27.610461726296215,-7.133618348639896,33.86206896551724
m6_low30-40_close35-55_green,NO,flat,below0-50,slope_flat,80,29,47.310344827586206,7.0,0.4482758620689655,0.5913793103448276,-11.448275862068966,-23.571428571428573,"-15.88,-3.57,-2.14,-23.57",2,8,-54.0,-5.245862068965176,-27.610461726296215,-7.133618348639896,33.86206896551724
m6_low30-40_close35-55_green,NO,flat,below0-50,slope_flat,85,29,47.310344827586206,7.0,0.3793103448275862,0.5565922920892495,-15.068965517241379,-24.625,"-24.62,-0.71,-11.43,-22.14",1,8,-54.0,-5.245862068965176,-27.610461726296215,-7.133618348639896,33.86206896551724
m6_low30-40_close35-55_green,NO,flat,above0-50,slope_flat,65,30,45.833333333333336,7.0,0.5333333333333333,0.7051282051282052,-11.166666666666666,-29.571428571428573,"-7.63,-16.14,-29.57,5.75",1,8,-52.5,-3.5439999999995053,21.488110278822568,5.5327141689628965,33.93333333333333
m6_low30-40_close35-55_green,NO,flat,above0-50,slope_flat,70,30,45.833333333333336,7.0,0.4666666666666667,0.6547619047619048,-13.166666666666666,-28.142857142857142,"-4.50,-24.00,-28.14,0.75",2,8,-52.5,-3.5439999999995053,21.488110278822568,5.5327141689628965,33.93333333333333
m6_low30-40_close35-55_green,NO,flat,above0-50,slope_flat,75,30,45.833333333333336,7.0,0.43333333333333335,0.6111111111111112,-13.333333333333334,-37.42857142857143,"-1.38,-22.57,-37.43,3.87",4,8,-52.5,-3.5439999999995053,21.488110278822568,5.5327141689628965,33.93333333333333
m6_low30-40_close35-55_green,NO,flat,above0-50,slope_flat,80,30,45.833333333333336,7.0,0.43333333333333335,0.5729166666666667,-11.166666666666666,-36.714285714285715,"1.75,-21.14,-36.71,7.00",4,8,-52.5,-3.5439999999995053,21.488110278822568,5.5327141689628965,33.93333333333333
m6_low30-40_close35-55_green,NO,flat,above0-50,slope_flat,85,30,45.833333333333336,7.0,0.43333333333333335,0.5392156862745099,-9.0,-36.0,"4.87,-19.71,-36.00,10.12",4,8,-52.5,-3.5439999999995053,21.488110278822568,5.5327141689628965,33.93333333333333
m6_low30-40_close35-55_green,YES,flat,below0-50,slope_flat,65,26,45.76923076923077,8.0,0.6923076923076923,0.7041420118343195,-0.7692307692307693,-14.714285714285714,"-8.43,16.00,7.67,-14.71",5,9,-50.0,-2.984999999998903,-22.8363000649862,-3.117618398441734,35.0
m6_low30-40_close35-55_green,YES,flat,below0-50,slope_flat,70,26,45.76923076923077,8.0,0.6538461538461539,0.6538461538461539,0.0,-15.571428571428571,"-15.57,21.00,11.83,-12.57",4,9,-50.0,-2.984999999998903,-22.8363000649862,-3.117618398441734,35.0
m6_low30-40_close35-55_green,YES,flat,below0-50,slope_flat,75,26,45.76923076923077,8.0,0.5769230769230769,0.6102564102564102,-2.5,-21.142857142857142,"-13.43,26.00,3.50,-21.14",4,9,-50.0,-2.984999999998903,-22.8363000649862,-3.117618398441734,35.0
m6_low30-40_close35-55_green,YES,flat,below0-50,slope_flat,80,26,45.76923076923077,8.0,0.5384615384615384,0.5721153846153846,-2.6923076923076925,-19.714285714285715,"-11.29,31.00,-6.50,-19.71",3,9,-50.0,-2.984999999998903,-22.8363000649862,-3.117618398441734,35.0
m6_low30-40_close35-55_green,YES,flat,below0-50,slope_flat,85,26,45.76923076923077,8.0,0.5,0.5384615384615384,-3.269230769230769,-21.285714285714285,"-21.29,36.00,-4.00,-18.29",3,9,-50.0,-2.984999999998903,-22.8363000649862,-3.117618398441734,35.0
m6_low30-40_close35-55_green,YES,flat,above0-50,slope_flat,65,23,47.0,7.0,0.6521739130434783,0.7230769230769231,-4.608695652173913,-15.833333333333334,"9.33,-15.83,-10.40,-2.50",3,7,-16.0,1.030869565217986,27.635965644457546,8.985570715268334,35.391304347826086
m6_low30-40_close35-55_green,YES,flat,above0-50,slope_flat,70,23,47.0,7.0,0.5652173913043478,0.6714285714285714,-7.434782608695652,-25.0,"13.50,-25.00,-21.40,0.83",4,7,-31.0,1.030869565217986,27.635965644457546,8.985570715268334,35.391304347826086
m6_low30-40_close35-55_green,YES,flat,above0-50,slope_flat,75,23,47.0,7.0,0.4782608695652174,0.6266666666666667,-11.130434782608695,-23.333333333333332,"5.17,-23.33,-19.40,-8.33",3,7,-29.75,1.030869565217986,27.635965644457546,8.985570715268334,35.391304347826086
m6_low30-40_close35-55_green,YES,flat,above0-50,slope_flat,80,23,47.0,7.0,0.43478260869565216,0.5875,-12.217391304347826,-21.666666666666668,"-4.83,-21.67,-17.40,-5.83",2,7,-49.0,1.030869565217986,27.635965644457546,8.985570715268334,35.391304347826086
m6_low30-40_close35-55_green,YES,flat,above0-50,slope_flat,85,23,47.0,7.0,0.43478260869565216,0.5529411764705883,-10.043478260869565,-20.0,"-2.33,-20.00,-15.40,-3.33",2,7,-49.0,1.030869565217986,27.635965644457546,8.985570715268334,35.391304347826086
m6_low30-40_close40-60_green,NO,flat,below>150,slope_against25-75,65,22,51.0,7.0,0.8636363636363636,0.7846153846153846,5.136363636363634,-10.200000000000001,"14.00,11.80,-10.20,3.50",7,9,-46.0,-4.168181818181025,-194.48363052667662,-49.81362715886842,34.31818181818182
m6_low30-40_close40-60_green,NO,flat,below>150,slope_against25-75,70,22,51.0,7.0,0.7272727272727273,0.7285714285714285,-0.0909090909090922,-21.2,"19.00,2.80,-21.20,-4.00",5,9,-46.0,-4.168181818181025,-194.48363052667662,-49.81362715886842,34.31818181818182
m6_low30-40_close40-60_green,NO,flat,below>150,slope_against25-75,75,22,51.0,7.0,0.5909090909090909,0.68,-6.681818181818183,-25.666666666666668,"24.00,-8.20,-19.20,-25.67",3,9,-49.0,-4.168181818181025,-194.48363052667662,-49.81362715886842,34.31818181818182
m6_low30-40_close40-60_green,NO,flat,below>150,slope_against25-75,80,22,51.0,7.0,0.5454545454545454,0.6375,-7.363636363636363,-24.0,"29.00,-21.20,-17.20,-24.00",3,9,-49.0,-4.168181818181025,-194.48363052667662,-49.81362715886842,34.31818181818182
m6_low30-40_close40-60_green,NO,flat,below>150,slope_against25-75,85,22,51.0,7.0,0.5454545454545454,0.6,-4.636363636363637,-22.333333333333332,"34.00,-19.20,-15.20,-22.33",3,9,-49.0,-4.168181818181025,-194.48363052667662,-49.81362715886842,34.31818181818182
m6_low30-40_close40-60_green,NO,flat,below50-150,slope_flat,65,27,49.96296296296296,7.0,0.6296296296296297,0.7686609686609687,-9.03703703703704,-32.0,"5.86,-11.86,3.67,-32.00",3,8,-30.0,-3.8766666666671408,-72.53150906208936,-15.043882832879953,34.74074074074074
m6_low30-40_close40-60_green,NO,flat,below50-150,slope_flat,70,27,49.96296296296296,7.0,0.5555555555555556,0.7137566137566137,-11.074074074074076,-30.571428571428573,"10.14,-19.00,-3.83,-30.57",3,8,-28.333333333333332,-3.8766666666671408,-72.53150906208936,-15.043882832879953,34.74074074074074
m6_low30-40_close40-60_green,NO,flat,below50-150,slope_flat,75,27,49.96296296296296,7.0,0.5185185185185185,0.6661728395061728,-11.074074074074076,-29.142857142857142,"14.43,-16.86,-13.00,-29.14",4,8,-48.0,-3.8766666666671408,-72.53150906208936,-15.043882832879953,34.74074074074074
m6_low30-40_close40-60_green,NO,flat,below50-150,slope_flat,80,27,49.96296296296296,7.0,0.5185185185185185,0.624537037037037,-8.481481481481483,-27.714285714285715,"18.71,-14.71,-10.50,-27.71",4,8,-48.0,-3.8766666666671408,-72.53150906208936,-15.043882832879953,34.74074074074074
m6_low30-40_close40-60_green,NO,flat,below50-150,slope_flat,85,27,49.96296296296296,7.0,0.48148148148148145,0.5877995642701525,-9.037037037037036,-26.285714285714285,"10.86,-12.57,-8.00,-26.29",4,8,-48.0,-3.8766666666671408,-72.53150906208936,-15.043882832879953,34.74074074074074
m6_low30-40_close40-60_green,NO,flat,below0-50,slope_flat,65,39,50.41025641025641,7.0,0.6153846153846154,0.7755424063116371,-10.41025641025641,-11.888888888888888,"-7.90,-10.90,-11.89,-11.10",3,9,-18.5,-3.672564102563998,-24.658236722434083,-6.642796867941051,33.76923076923077
m6_low30-40_close40-60_green,NO,flat,below0-50,slope_flat,70,39,50.41025641025641,7.0,0.5897435897435898,0.7201465201465201,-9.128205128205128,-15.1,"-4.40,-7.90,-9.11,-15.10",3,9,-17.615384615384617,-3.672564102563998,-24.658236722434083,-6.642796867941051,33.76923076923077
m6_low30-40_close40-60_green,NO,flat,below0-50,slope_flat,75,39,50.41025641025641,7.0,0.5897435897435898,0.6721367521367522,-6.17948717948718,-12.6,"-0.90,-4.90,-6.33,-12.60",4,9,-15.307692307692308,-3.672564102563998,-24.658236722434083,-6.642796867941051,33.76923076923077
m6_low30-40_close40-60_green,NO,flat,below0-50,slope_flat,80,39,50.41025641025641,7.0,0.5384615384615384,0.6301282051282051,-7.333333333333333,-12.444444444444443,"-5.40,-1.90,-12.44,-10.10",3,9,-22.666666666666668,-3.672564102563998,-24.658236722434083,-6.642796867941051,33.76923076923077
m6_low30-40_close40-60_green,NO,flat,below0-50,slope_flat,85,39,50.41025641025641,7.0,0.48717948717948717,0.5930618401206637,-9.0,-19.666666666666668,"-10.90,1.10,-19.67,-7.60",2,9,-47.0,-3.672564102563998,-24.658236722434083,-6.642796867941051,33.76923076923077
m6_low30-40_close40-60_green,NO,flat,above0-50,slope_flat,65,37,49.7027027027027,7.0,0.6216216216216216,0.7646569646569646,-9.297297297297296,-19.0,"-10.80,-19.00,-14.89,7.67",2,8,-34.0,-1.81027027026957,22.286040366649498,4.731134226231842,34.189189189189186
m6_low30-40_close40-60_green,NO,flat,above0-50,slope_flat,70,37,49.7027027027027,7.0,0.5675675675675675,0.71003861003861,-9.972972972972974,-24.555555555555557,"-7.80,-24.56,-19.89,12.11",2,8,-47.0,-1.81027027026957,22.286040366649498,4.731134226231842,34.189189189189186
m6_low30-40_close40-60_green,NO,flat,above0-50,slope_flat,75,37,49.7027027027027,7.0,0.5135135135135135,0.6627027027027027,-11.18918918918919,-31.22222222222222,"-4.80,-31.22,-26.00,16.56",3,8,-54.333333333333336,-1.81027027026957,22.286040366649498,4.731134226231842,34.189189189189186
m6_low30-40_close40-60_green,NO,flat,above0-50,slope_flat,80,37,49.7027027027027,7.0,0.5135135135135135,0.6212837837837838,-8.621621621621621,-30.11111111111111,"-1.80,-30.11,-24.33,21.00",3,8,-54.333333333333336,-1.81027027026957,22.286040366649498,4.731134226231842,34.189189189189186
m6_low30-40_close40-60_green,NO,flat,above0-50,slope_flat,85,37,49.7027027027027,7.0,0.5135135135135135,0.5847376788553259,-6.054054054054054,-29.0,"1.20,-29.00,-22.67,25.44",3,8,-54.333333333333336,-1.81027027026957,22.286040366649498,4.731134226231842,34.189189189189186
m6_low30-40_close40-60_green,YES,flat,below50-150,slope_flat,65,20,49.25,7.0,0.6,0.7576923076923077,-10.25,-22.4,"-12.40,-22.40,-10.20,4.00",4,9,-53.5,-0.613999999999578,-83.46195427290658,-12.619618864337827,35.0
m6_low30-40_close40-60_green,YES,flat,below50-150,slope_flat,70,20,49.25,7.0,0.55,0.7035714285714286,-10.75,-21.200000000000003,"-9.40,-20.40,-21.20,8.00",3,9,-53.5,-0.613999999999578,-83.46195427290658,-12.619618864337827,35.0
m6_low30-40_close40-60_green,YES,flat,below50-150,slope_flat,75,20,49.25,7.0,0.45,0.6566666666666666,-15.5,-21.4,"-21.40,-18.40,-19.20,-3.00",3,9,-53.5,-0.613999999999578,-83.46195427290658,-12.619618864337827,35.0
m6_low30-40_close40-60_green,YES,flat,below50-150,slope_flat,80,20,49.25,7.0,0.35,0.615625,-21.25,-35.4,"-35.40,-16.40,-17.20,-16.00",1,9,-53.5,-0.613999999999578,-83.46195427290658,-12.619618864337827,35.0
m6_low30-40_close40-60_green,YES,flat,below50-150,slope_flat,85,20,49.25,7.0,0.35,0.5794117647058824,-19.5,-34.4,"-34.40,-14.40,-15.20,-14.00",2,9,-53.5,-0.613999999999578,-83.46195427290658,-12.619618864337827,35.0
m6_low30-40_close40-60_green,YES,flat,below0-50,slope_flat,65,29,50.0,7.0,0.7241379310344828,0.7692307692307693,-2.9310344827586206,-9.75,"-9.75,6.00,-2.00,-5.00",4,9,-45.0,-1.3244827586200574,-21.53769244991016,-3.7909524078249572,35.06896551724138
m6_low30-40_close40-60_green,YES,flat,below0-50,slope_flat,70,29,50.0,7.0,0.6896551724137931,0.7142857142857143,-1.7241379310344827,-15.375,"-15.38,10.29,1.57,-1.43",5,9,-45.0,-1.3244827586200574,-21.53769244991016,-3.7909524078249572,35.06896551724138
m6_low30-40_close40-60_green,YES,flat,below0-50,slope_flat,75,29,50.0,7.0,0.6551724137931034,0.6666666666666666,-0.8620689655172419,-12.875,"-12.88,14.57,5.14,-8.57",4,9,-45.0,-1.3244827586200574,-21.53769244991016,-3.7909524078249572,35.06896551724138
m6_low30-40_close40-60_green,YES,flat,below0-50,slope_flat,80,29,50.0,7.0,0.6206896551724138,0.625,-0.344827586206897,-10.375,"-10.38,18.86,-2.71,-5.71",3,9,-45.0,-1.3244827586200574,-21.53769244991016,-3.7909524078249572,35.06896551724138
m6_low30-40_close40-60_green,YES,flat,below0-50,slope_flat,85,29,50.0,7.0,0.5517241379310345,0.5882352941176471,-3.103448275862069,-15.0,"-7.88,11.00,0.14,-15.00",3,9,-45.0,-1.3244827586200574,-21.53769244991016,-3.7909524078249572,35.06896551724138
m6_low30-40_close40-60_green,YES,flat,above0-50,slope_flat,65,32,50.59375,7.0,0.75,0.7783653846153846,-1.8437500000000002,-8.750000000000002,"-1.38,-8.75,-2.75,5.50",4,8,-23.000000000000007,-0.48718749999989086,28.42904672926511,10.217689779882903,35.40625
m6_low30-40_close40-60_green,YES,flat,above0-50,slope_flat,70,32,50.59375,7.0,0.65625,0.7227678571428572,-4.65625,-16.5,"2.37,-5.63,-16.50,1.13",5,8,-22.0,-0.48718749999989086,28.42904672926511,10.217689779882903,35.40625
m6_low30-40_close40-60_green,YES,flat,above0-50,slope_flat,75,32,50.59375,7.0,0.5,0.6745833333333333,-13.09375,-23.375,"-12.62,-2.50,-23.38,-13.88",3,8,-55.50000000000001,-0.48718749999989086,28.42904672926511,10.217689779882903,35.40625
m6_low30-40_close40-60_green,YES,flat,above0-50,slope_flat,80,32,50.59375,7.0,0.46875,0.632421875,-13.09375,-21.5,"-20.12,0.62,-21.50,-11.38",2,8,-55.50000000000001,-0.48718749999989086,28.42904672926511,10.217689779882903,35.40625
m6_low30-40_close40-60_green,YES,flat,above0-50,slope_flat,85,32,50.59375,7.0,0.46875,0.5952205882352941,-10.75,-19.625,"-18.25,3.75,-19.62,-8.88",3,8,-55.50000000000001,-0.48718749999989086,28.42904672926511,10.217689779882903,35.40625
m6_low30-40_close45-65_green,NO,flat,below>150,slope_against25-75,65,28,54.892857142857146,7.0,0.8928571428571429,0.8445054945054945,3.142857142857142,-6.42857142857143,"4.71,11.14,-6.43,3.14",8,10,-22.5,-2.5357142857145454,-197.58221702344807,-49.81750419189666,34.82142857142857
m6_low30-40_close45-65_green,NO,flat,below>150,slope_against25-75,70,28,54.892857142857146,7.0,0.75,0.7841836734693878,-2.3928571428571437,-12.857142857142858,"9.71,-3.86,-12.86,-2.57",6,10,-23.0,-2.5357142857145454,-197.58221702344807,-49.81750419189666,34.82142857142857
m6_low30-40_close45-65_green,NO,flat,below>150,slope_against25-75,75,28,54.892857142857146,7.0,0.6428571428571429,0.731904761904762,-6.67857142857143,-20.428571428571427,"14.71,-11.00,-10.00,-20.43",4,10,-25.6,-2.5357142857145454,-197.58221702344807,-49.81750419189666,34.82142857142857
m6_low30-40_close45-65_green,NO,flat,below>150,slope_against25-75,80,28,54.892857142857146,7.0,0.6071428571428571,0.6861607142857143,-6.321428571428571,-19.571428571428573,"19.71,-19.57,-7.14,-18.29",4,10,-39.6,-2.5357142857145454,-197.58221702344807,-49.81750419189666,34.82142857142857
m6_low30-40_close45-65_green,NO,flat,below>150,slope_against25-75,85,28,54.892857142857146,7.0,0.6071428571428571,0.6457983193277311,-3.285714285714286,-17.42857142857143,"24.71,-17.43,-4.29,-16.14",4,10,-38.6,-2.5357142857145454,-197.58221702344807,-49.81750419189666,34.82142857142857
m6_low30-40_close45-65_green,NO,flat,below50-150,slope_flat,65,27,54.148148148148145,7.0,0.7407407407407407,0.833048433048433,-6.000000000000002,-25.571428571428573,"0.29,1.71,0.50,-25.57",4,7,-30.0,-2.750000000001078,-70.8395393296596,-14.808638629224905,35.0
m6_low30-40_close45-65_green,NO,flat,below50-150,slope_flat,70,27,54.148148148148145,7.0,0.6666666666666666,0.7735449735449735,-7.481481481481483,-23.428571428571427,"4.57,-4.00,-7.00,-23.43",3,7,-28.333333333333332,-2.750000000001078,-70.8395393296596,-14.808638629224905,35.0
m6_low30-40_close45-65_green,NO,flat,below50-150,slope_flat,75,27,54.148148148148145,7.0,0.5925925925925926,0.7219753086419752,-9.703703703703704,-21.285714285714285,"-1.86,-0.43,-16.17,-21.29",2,7,-26.666666666666668,-2.750000000001078,-70.8395393296596,-14.808638629224905,35.0
m6_low30-40_close45-65_green,NO,flat,below50-150,slope_flat,80,27,54.148148148148145,7.0,0.5555555555555556,0.6768518518518518,-9.703703703703704,-19.142857142857142,"-9.71,3.14,-13.67,-19.14",2,7,-25.0,-2.750000000001078,-70.8395393296596,-14.808638629224905,35.0
m6_low30-40_close45-65_green,NO,flat,below50-150,slope_flat,85,27,54.148148148148145,7.0,0.5185185185185185,0.637037037037037,-10.074074074074074,-17.000000000000004,"-6.86,-5.43,-11.17,-17.00",4,7,-30.142857142857142,-2.750000000001078,-70.8395393296596,-14.808638629224905,35.0
m6_low30-40_close45-65_green,NO,flat,below0-50,slope_flat,65,47,55.42553191489362,7.0,0.7021276595744681,0.8527004909983633,-9.787234042553193,-14.41666666666667,"-8.25,-3.50,-13.27,-14.42",4,10,-17.600000000000005,-0.19382978723374533,-24.06120152113742,-6.177133235405602,33.638297872340424
m6_low30-40_close45-65_green,NO,flat,below0-50,slope_flat,70,47,55.42553191489362,7.0,0.6382978723404256,0.7917933130699089,-10.74468085106383,-17.333333333333336,"-10.33,-5.17,-10.09,-17.33",3,10,-15.923076923076925,-0.19382978723374533,-24.06120152113742,-6.177133235405602,33.638297872340424
m6_low30-40_close45-65_green,NO,flat,below0-50,slope_flat,75,47,55.42553191489362,7.0,0.6170212765957447,0.7390070921985816,-9.148936170212767,-21.083333333333336,"-7.00,-1.42,-6.91,-21.08",3,10,-19.000000000000004,-0.19382978723374533,-24.06120152113742,-6.177133235405602,33.638297872340424
m6_low30-40_close45-65_green,NO,flat,below0-50,slope_flat,80,47,55.42553191489362,7.0,0.574468085106383,0.6928191489361702,-9.46808510638298,-19.000000000000004,"-10.33,2.33,-11.00,-19.00",3,10,-30.333333333333332,-0.19382978723374533,-24.06120152113742,-6.177133235405602,33.638297872340424
m6_low30-40_close45-65_green,NO,flat,below0-50,slope_flat,85,47,55.42553191489362,7.0,0.5319148936170213,0.6520650813516896,-10.212765957446809,-24.0,"-14.50,6.08,-8.27,-24.00",3,10,-29.666666666666668,-0.19382978723374533,-24.06120152113742,-6.177133235405602,33.638297872340424
m6_low30-40_close45-65_green,NO,flat,above0-50,slope_flat,65,41,55.63414634146341,7.0,0.7560975609756098,0.8559099437148218,-6.487804878048782,-11.909090909090908,"-11.91,0.30,-11.20,-2.60",2,8,-23.500000000000004,1.149268292683168,22.51233232167472,3.909856144822076,34.8780487804878
m6_low30-40_close45-65_green,NO,flat,above0-50,slope_flat,70,41,55.63414634146341,7.0,0.6829268292682927,0.794773519163763,-7.8292682926829285,-15.090909090909092,"-15.09,-2.20,-7.70,-5.60",1,8,-56.0,1.149268292683168,22.51233232167472,3.909856144822076,34.8780487804878
m6_low30-40_close45-65_green,NO,flat,above0-50,slope_flat,75,41,55.63414634146341,7.0,0.6341463414634146,0.7417886178861789,-8.073170731707316,-12.363636363636363,"-12.36,-5.70,-11.70,-2.10",3,8,-56.0,1.149268292683168,22.51233232167472,3.909856144822076,34.8780487804878
m6_low30-40_close45-65_green,NO,flat,above0-50,slope_flat,80,41,55.63414634146341,7.0,0.6097560975609756,0.6954268292682927,-6.853658536585366,-10.200000000000001,"-9.64,-10.20,-8.70,1.40",3,8,-56.0,1.149268292683168,22.51233232167472,3.909856144822076,34.8780487804878
m6_low30-40_close45-65_green,NO,flat,above0-50,slope_flat,85,41,55.63414634146341,7.0,0.5853658536585366,0.654519368723099,-5.878048780487805,-15.7,"-6.91,-15.70,-5.70,4.90",2,8,-56.0,1.149268292683168,22.51233232167472,3.909856144822076,34.8780487804878
m6_low30-40_close45-65_green,YES,flat,below50-150,slope_flat,65,21,54.142857142857146,7.0,0.7619047619047619,0.832967032967033,-4.619047619047619,-15.4,"-11.17,-15.40,8.20,1.20",5,8,-35.0,1.7666666666672903,-86.02368574683351,-11.316424267921233,34.76190476190476
m6_low30-40_close45-65_green,YES,flat,below50-150,slope_flat,70,21,54.142857142857146,7.0,0.7142857142857143,0.7734693877551021,-4.142857142857143,-12.4,"-7.83,-12.40,-0.80,5.20",4,8,-33.333333333333336,1.7666666666672903,-86.02368574683351,-11.316424267921233,34.76190476190476
m6_low30-40_close45-65_green,YES,flat,below50-150,slope_flat,75,21,54.142857142857146,7.0,0.6190476190476191,0.7219047619047619,-7.714285714285714,-16.999999999999996,"-17.00,-9.40,3.20,-5.80",4,8,-56.99999999999999,1.7666666666672903,-86.02368574683351,-11.316424267921233,34.76190476190476
m6_low30-40_close45-65_green,YES,flat,below50-150,slope_flat,80,21,54.142857142857146,7.0,0.5238095238095238,0.6767857142857143,-12.238095238095237,-27.833333333333332,"-27.83,-6.40,7.20,-18.80",2,8,-56.99999999999999,1.7666666666672903,-86.02368574683351,-11.316424267921233,34.76190476190476
m6_low30-40_close45-65_green,YES,flat,below50-150,slope_flat,85,21,54.142857142857146,7.0,0.5238095238095238,0.6369747899159665,-9.619047619047619,-26.166666666666668,"-26.17,-3.40,11.20,-16.80",2,8,-56.99999999999999,1.7666666666672903,-86.02368574683351,-11.316424267921233,34.76190476190476
m6_low30-40_close45-65_green,YES,flat,below0-50,slope_flat,65,34,54.26470588235294,7.0,0.7647058823529411,0.834841628959276,-4.5588235294117645,-14.333333333333334,"-14.33,4.62,-4.38,-3.11",4,9,-45.0,-0.04735294117605971,-21.97505699630796,-3.417526218727075,35.64705882352941
m6_low30-40_close45-65_green,YES,flat,below0-50,slope_flat,70,34,54.26470588235294,7.0,0.7352941176470589,0.7752100840336135,-2.794117647058824,-18.77777777777778,"-18.78,9.00,-0.63,0.78",4,9,-54.5,-0.04735294117605971,-21.97505699630796,-3.417526218727075,35.64705882352941
m6_low30-40_close45-65_green,YES,flat,below0-50,slope_flat,75,34,54.26470588235294,7.0,0.7058823529411765,0.7235294117647059,-1.3235294117647063,-16.0,"-16.00,13.38,3.12,-3.67",3,9,-54.5,-0.04735294117605971,-21.97505699630796,-3.417526218727075,35.64705882352941
m6_low30-40_close45-65_green,YES,flat,below0-50,slope_flat,80,34,54.26470588235294,7.0,0.6470588235294118,0.6783088235294118,-2.5,-13.222222222222221,"-13.22,17.75,-13.12,-0.33",4,9,-54.5,-0.04735294117605971,-21.97505699630796,-3.417526218727075,35.64705882352941
m6_low30-40_close45-65_green,YES,flat,below0-50,slope_flat,85,34,54.26470588235294,7.0,0.5882352941176471,0.6384083044982699,-4.264705882352941,-10.625,"-10.44,11.50,-10.62,-6.44",4,9,-54.5,-0.04735294117605971,-21.97505699630796,-3.417526218727075,35.64705882352941
m6_low30-40_close45-65_green,YES,flat,above0-50,slope_flat,65,38,53.578947368421055,7.0,0.8157894736842105,0.8242914979757086,-0.5526315789473688,-9.555555555555559,"9.00,-9.56,-7.56,4.30",4,9,-24.5,0.4163157894734851,27.215057803697594,7.705728869862038,35.55263157894737
m6_low30-40_close45-65_green,YES,flat,above0-50,slope_flat,70,38,53.578947368421055,7.0,0.6842105263157895,0.7654135338345865,-5.68421052631579,-27.555555555555557,"14.00,-14.00,-27.56,1.80",4,9,-28.666666666666668,0.4163157894734851,27.215057803697594,7.705728869862038,35.55263157894737
m6_low30-40_close45-65_green,YES,flat,above0-50,slope_flat,75,38,53.578947368421055,7.0,0.5526315789473685,0.7143859649122807,-12.131578947368421,-25.88888888888889,"11.50,-19.56,-25.89,-16.70",3,9,-32.66666666666667,0.4163157894734851,27.215057803697594,7.705728869862038,35.55263157894737
m6_low30-40_close45-65_green,YES,flat,above0-50,slope_flat,80,38,53.578947368421055,7.0,0.5263157894736842,0.6697368421052632,-11.473684210526315,-24.22222222222222,"8.00,-17.33,-24.22,-14.20",2,9,-31.000000000000004,0.4163157894734851,27.215057803697594,7.705728869862038,35.55263157894737
m6_low30-40_close45-65_green,YES,flat,above0-50,slope_flat,85,38,53.578947368421055,7.0,0.5,0.6303405572755418,-11.078947368421053,-22.555555555555557,"3.50,-15.11,-22.56,-11.70",1,9,-29.33333333333334,0.4163157894734851,27.215057803697594,7.705728869862038,35.55263157894737
m6_low30-40_close45-65_green,YES,flat,above50-150,slope_with25-75,65,21,53.904761904761905,7.0,0.7619047619047619,0.8293040293040294,-4.380952380952381,-25.6,"6.83,0.00,-25.60,-1.00",5,9,-54.0,-1.3061904761908365,107.92142597905435,36.16556199906024,35.714285714285715
m6_low30-40_close45-65_green,YES,flat,above50-150,slope_with25-75,70,21,53.904761904761905,7.0,0.7142857142857143,0.7700680272108844,-3.9047619047619047,-23.6,"11.83,4.00,-23.60,-11.00",4,9,-54.0,-1.3061904761908365,107.92142597905435,36.16556199906024,35.714285714285715
m6_low30-40_close45-65_green,YES,flat,above50-150,slope_with25-75,75,21,53.904761904761905,7.0,0.6666666666666666,0.7187301587301588,-3.9047619047619047,-36.6,"16.83,8.00,-36.60,-8.00",4,9,-54.0,-1.3061904761908365,107.92142597905435,36.16556199906024,35.714285714285715
m6_low30-40_close45-65_green,YES,flat,above50-150,slope_with25-75,80,21,53.904761904761905,7.0,0.6666666666666666,0.6738095238095239,-0.5714285714285717,-35.6,"21.83,12.00,-35.60,-5.00",4,9,-54.0,-1.3061904761908365,107.92142597905435,36.16556199906024,35.714285714285715
m6_low30-40_close45-65_green,YES,flat,above50-150,slope_with25-75,85,21,53.904761904761905,7.0,0.6190476190476191,0.6341736694677871,-1.285714285714286,-51.6,"26.83,16.00,-51.60,-2.00",4,9,-54.0,-1.3061904761908365,107.92142597905435,36.16556199906024,35.714285714285715
m6_low30-40_close50-70_green,NO,flat,below>150,slope_against>75,65,23,60.26086956521739,7.0,1.0,0.9270903010033444,4.7391304347826075,3.833333333333332,"4.17,6.67,4.20,3.83",6,7,0.0,-0.9513043478269221,-409.574209869099,-127.48399085796922,34.869565217391305
m6_low30-40_close50-70_green,NO,flat,below>150,slope_against>75,70,23,60.26086956521739,7.0,0.8695652173913043,0.8608695652173913,0.6086956521739121,-11.666666666666666,"9.17,-11.67,9.20,-2.83",4,7,-11.250000000000002,-0.9513043478269221,-409.574209869099,-127.48399085796922,34.869565217391305
m6_low30-40_close50-70_green,NO,flat,below>150,slope_against>75,75,23,60.26086956521739,7.0,0.8260869565217391,0.8034782608695652,1.6956521739130426,-8.333333333333334,"14.17,-8.33,-0.80,1.33",5,7,-24.249999999999996,-0.9513043478269221,-409.574209869099,-127.48399085796922,34.869565217391305
m6_low30-40_close50-70_green,NO,flat,below>150,slope_against>75,80,23,60.26086956521739,7.0,0.8260869565217391,0.7532608695652174,5.826086956521739,-5.0,"19.17,-5.00,3.20,5.50",5,7,-21.749999999999996,-0.9513043478269221,-409.574209869099,-127.48399085796922,34.869565217391305
m6_low30-40_close50-70_green,NO,flat,below>150,slope_against>75,85,23,60.26086956521739,7.0,0.6956521739130435,0.7089514066496163,-1.1304347826086962,-15.833333333333334,"10.00,-15.83,7.20,-4.50",3,7,-19.249999999999996,-0.9513043478269221,-409.574209869099,-127.48399085796922,34.869565217391305
m6_low30-40_close50-70_green,NO,flat,below>150,slope_against25-75,65,33,59.303030303030305,7.0,0.9393939393939394,0.9123543123543124,1.7575757575757576,-6.125000000000002,"5.11,3.63,-6.13,4.00",8,10,-11.333333333333334,-3.847878787879326,-206.3130146010819,-50.72519965113205,35.39393939393939
m6_low30-40_close50-70_green,NO,flat,below>150,slope_against25-75,70,33,59.303030303030305,7.0,0.8181818181818182,0.8471861471861472,-2.03030303030303,-11.125000000000002,"10.11,-8.88,-11.13,0.25",7,10,-25.0,-3.847878787879326,-206.3130146010819,-50.72519965113205,35.39393939393939
m6_low30-40_close50-70_green,NO,flat,below>150,slope_against25-75,75,33,59.303030303030305,7.0,0.7272727272727273,0.7907070707070707,-4.757575757575758,-17.375,"15.11,-5.12,-17.38,-14.12",5,10,-25.499999999999993,-3.847878787879326,-206.3130146010819,-50.72519965113205,35.39393939393939
m6_low30-40_close50-70_green,NO,flat,below>150,slope_against25-75,80,33,59.303030303030305,7.0,0.6666666666666666,0.7412878787878788,-5.96969696969697,-21.375,"20.11,-21.38,-14.88,-11.00",5,10,-25.22222222222222,-3.847878787879326,-206.3130146010819,-50.72519965113205,35.39393939393939
m6_low30-40_close50-70_green,NO,flat,below>150,slope_against25-75,85,33,59.303030303030305,7.0,0.6666666666666666,0.6976827094474154,-2.636363636363636,-18.875,"25.11,-18.88,-12.38,-7.88",5,10,-23.0,-3.847878787879326,-206.3130146010819,-50.72519965113205,35.39393939393939
m6_low30-40_close50-70_green,NO,flat,below50-150,slope_against25-75,65,21,60.61904761904762,7.0,0.9047619047619048,0.9326007326007326,-1.8095238095238106,-10.000000000000002,"-10.00,-8.60,6.40,6.60",6,8,-19.66666666666666,2.4400000000002495,-96.42574710177931,-36.05061038592283,35.285714285714285
m6_low30-40_close50-70_green,NO,flat,below50-150,slope_against25-75,70,21,60.61904761904762,7.0,0.8095238095238095,0.8659863945578231,-3.952380952380954,-18.599999999999998,"-5.83,-18.60,11.40,-2.40",5,8,-54.0,2.4400000000002495,-96.42574710177931,-36.05061038592283,35.285714285714285
m6_low30-40_close50-70_green,NO,flat,below50-150,slope_against25-75,75,21,60.61904761904762,7.0,0.8095238095238095,0.8082539682539682,0.09523809523809422,-15.599999999999998,"-1.67,-15.60,16.40,1.60",5,8,-54.0,2.4400000000002495,-96.42574710177931,-36.05061038592283,35.285714285714285
m6_low30-40_close50-70_green,NO,flat,below50-150,slope_against25-75,80,21,60.61904761904762,7.0,0.7619047619047619,0.7577380952380952,0.3333333333333323,-12.599999999999998,"2.50,-12.60,5.40,5.60",4,8,-54.0,2.4400000000002495,-96.42574710177931,-36.05061038592283,35.285714285714285
m6_low30-40_close50-70_green,NO,flat,below50-150,slope_against25-75,85,21,60.61904761904762,7.0,0.7619047619047619,0.7131652661064426,4.142857142857143,-9.599999999999998,"6.67,-9.60,9.40,9.60",4,8,-54.0,2.4400000000002495,-96.42574710177931,-36.05061038592283,35.285714285714285
m6_low30-40_close50-70_green,NO,flat,below50-150,slope_flat,65,27,57.592592592592595,7.0,0.8148148148148148,0.886039886039886,-4.6296296296296315,-13.000000000000002,"-3.14,-9.43,9.00,-13.00",4,7,-18.000000000000004,0.04333333333219074,-71.63473977240021,-14.555820346141884,35.44444444444444
m6_low30-40_close50-70_green,NO,flat,below50-150,slope_flat,70,27,57.592592592592595,7.0,0.6666666666666666,0.8227513227513228,-10.925925925925926,-19.428571428571427,"-8.86,-15.86,2.33,-19.43",2,7,-28.857142857142858,0.04333333333219074,-71.63473977240021,-14.555820346141884,35.44444444444444
m6_low30-40_close50-70_green,NO,flat,below50-150,slope_flat,75,27,57.592592592592595,7.0,0.5925925925925926,0.7679012345679013,-13.148148148148149,-16.571428571428573,"-16.00,-13.00,-6.00,-16.57",2,7,-36.0,0.04333333333219074,-71.63473977240021,-14.555820346141884,35.44444444444444
m6_low30-40_close50-70_green,NO,flat,below50-150,slope_flat,80,27,57.592592592592595,7.0,0.5555555555555556,0.7199074074074074,-13.148148148148149,-24.571428571428573,"-24.57,-10.14,-2.67,-13.71",3,7,-36.0,0.04333333333219074,-71.63473977240021,-14.555820346141884,35.44444444444444
m6_low30-40_close50-70_green,NO,flat,below50-150,slope_flat,85,27,57.592592592592595,7.0,0.5185185185185185,0.6775599128540305,-13.518518518518519,-22.428571428571427,"-22.43,-7.29,-13.50,-10.86",2,7,-34.57142857142857,0.04333333333219074,-71.63473977240021,-14.555820346141884,35.44444444444444
m6_low30-40_close50-70_green,NO,flat,below0-50,slope_flat,65,50,59.28,7.0,0.8,0.912,-7.280000000000001,-14.5,"-7.23,-1.00,-14.50,-6.46",5,10,-16.25,0.5924000000001979,-24.661144304098414,-7.1082739646510165,34.06
m6_low30-40_close50-70_green,NO,flat,below0-50,slope_flat,70,50,59.28,7.0,0.7,0.8468571428571429,-10.28,-19.153846153846157,"-19.15,3.58,-17.00,-8.00",4,10,-30.0,0.5924000000001979,-24.661144304098414,-7.1082739646510165,34.06
m6_low30-40_close50-70_green,NO,flat,below0-50,slope_flat,75,50,59.28,7.0,0.68,0.7904,-8.280000000000001,-16.07692307692308,"-16.08,8.17,-14.08,-10.31",4,10,-27.5,0.5924000000001979,-24.661144304098414,-7.1082739646510165,34.06
m6_low30-40_close50-70_green,NO,flat,below0-50,slope_flat,80,50,59.28,7.0,0.66,0.741,-6.48,-13.000000000000002,"-13.00,6.08,-11.17,-7.23",4,10,-25.0,0.5924000000001979,-24.661144304098414,-7.1082739646510165,34.06
m6_low30-40_close50-70_green,NO,flat,below0-50,slope_flat,85,50,59.28,7.0,0.64,0.6974117647058824,-4.88,-16.461538461538463,"-16.46,10.25,-8.25,-4.15",4,10,-30.666666666666668,0.5924000000001979,-24.661144304098414,-7.1082739646510165,34.06
m6_low30-40_close50-70_green,NO,flat,above0-50,slope_flat,65,46,59.32608695652174,7.0,0.8043478260869565,0.9127090301003344,-7.043478260869565,-12.272727272727273,"-8.83,-2.55,-12.27,-4.58",2,10,-23.500000000000004,1.7619565217391937,22.80001814709739,1.9548703545219526,35.08695652173913
m6_low30-40_close50-70_green,NO,flat,above0-50,slope_flat,70,46,59.32608695652174,7.0,0.7608695652173914,0.8475155279503106,-6.065217391304348,-10.916666666666666,"-10.92,-4.36,-8.64,-0.42",5,10,-56.0,1.7619565217391937,22.80001814709739,1.9548703545219526,35.08695652173913
m6_low30-40_close50-70_green,NO,flat,above0-50,slope_flat,75,46,59.32608695652174,7.0,0.7391304347826086,0.7910144927536232,-3.891304347826087,-7.583333333333333,"-7.58,-7.09,-5.00,3.75",5,10,-56.0,1.7619565217391937,22.80001814709739,1.9548703545219526,35.08695652173913
m6_low30-40_close50-70_green,NO,flat,above0-50,slope_flat,80,46,59.32608695652174,7.0,0.717391304347826,0.7415760869565218,-1.9347826086956519,-8.636363636363637,"-4.25,-3.45,-8.64,7.92",6,10,-56.0,1.7619565217391937,22.80001814709739,1.9548703545219526,35.08695652173913
m6_low30-40_close50-70_green,NO,flat,above0-50,slope_flat,85,46,59.32608695652174,7.0,0.6739130434782609,0.6979539641943734,-2.043478260869565,-7.545454545454546,"-0.92,-7.55,-5.45,5.00",5,10,-56.0,1.7619565217391937,22.80001814709739,1.9548703545219526,35.08695652173913
m6_low30-40_close50-70_green,NO,flat,above50-150,slope_flat,65,23,59.34782608695652,7.0,0.782608695652174,0.9130434782608696,-8.478260869565217,-35.333333333333336,"-4.00,4.00,3.40,-35.33",4,9,-51.0,2.266086956521853,71.49704110993606,12.975787129134202,33.65217391304348
m6_low30-40_close50-70_green,NO,flat,above50-150,slope_flat,70,23,59.34782608695652,7.0,0.6956521739130435,0.8478260869565217,-10.652173913043478,-33.666666666666664,"-11.50,-2.67,8.40,-33.67",3,9,-51.0,2.266086956521853,71.49704110993606,12.975787129134202,33.65217391304348
m6_low30-40_close50-70_green,NO,flat,above50-150,slope_flat,75,23,59.34782608695652,7.0,0.6956521739130435,0.7913043478260869,-7.173913043478261,-32.0,"-8.17,1.50,13.40,-32.00",4,9,-51.0,2.266086956521853,71.49704110993606,12.975787129134202,33.65217391304348
m6_low30-40_close50-70_green,NO,flat,above50-150,slope_flat,80,23,59.34782608695652,7.0,0.6086956521739131,0.7418478260869565,-10.652173913043478,-30.333333333333332,"-18.17,-7.67,18.40,-30.33",4,9,-51.0,2.266086956521853,71.49704110993606,12.975787129134202,33.65217391304348
m6_low30-40_close50-70_green,NO,flat,above50-150,slope_flat,85,23,59.34782608695652,7.0,0.5652173913043478,0.6982097186700768,-11.304347826086957,-28.666666666666668,"-15.67,-18.50,23.40,-28.67",3,9,-51.0,2.266086956521853,71.49704110993606,12.975787129134202,33.65217391304348
m6_low30-40_close50-70_green,NO,flat,above50-150,slope_with25-75,65,20,58.85,7.0,0.85,0.9053846153846155,-3.6,-7.4,"-4.80,4.40,-6.60,-7.40",5,8,-15.333333333333334,0.8549999999988358,100.42953139215024,41.46826439080578,34.8
m6_low30-40_close50-70_green,NO,flat,above50-150,slope_with25-75,70,20,58.85,7.0,0.8,0.8407142857142857,-2.85,-4.600000000000001,"-0.80,-4.60,-2.60,-3.40",5,8,-23.75,0.8549999999988358,100.42953139215024,41.46826439080578,34.8
m6_low30-40_close50-70_green,NO,flat,above50-150,slope_with25-75,75,20,58.85,7.0,0.8,0.7846666666666667,1.15,-0.6000000000000014,"3.20,-0.60,1.40,0.60",5,8,-21.25,0.8549999999988358,100.42953139215024,41.46826439080578,34.8
m6_low30-40_close50-70_green,NO,flat,above50-150,slope_with25-75,80,20,58.85,7.0,0.8,0.735625,5.15,3.3999999999999986,"7.20,3.40,5.40,4.60",6,8,-18.75,0.8549999999988358,100.42953139215024,41.46826439080578,34.8
m6_low30-40_close50-70_green,NO,flat,above50-150,slope_with25-75,85,20,58.85,7.0,0.75,0.6923529411764706,4.9,-7.599999999999997,"11.20,7.40,-7.60,8.60",5,8,-55.00000000000001,0.8549999999988358,100.42953139215024,41.46826439080578,34.8
m6_low30-40_close50-70_green,NO,flat,above>150,slope_with25-75,65,25,60.04,7.0,0.92,0.9236923076923077,-0.24000000000000113,-6.333333333333332,"4.29,-6.33,3.17,-2.83",5,9,-15.333333333333336,-2.946800000000512,226.96810227261915,52.568165852241215,34.36
m6_low30-40_close50-70_green,NO,flat,above>150,slope_with25-75,70,25,60.04,7.0,0.92,0.8577142857142857,4.3599999999999985,-2.1666666666666656,"9.29,-2.17,8.17,1.33",7,9,-12.000000000000002,-2.946800000000512,226.96810227261915,52.568165852241215,34.36
m6_low30-40_close50-70_green,NO,flat,above>150,slope_with25-75,75,25,60.04,7.0,0.84,0.8005333333333333,2.959999999999999,-10.499999999999998,"14.29,-10.50,0.67,5.50",7,9,-33.666666666666664,-2.946800000000512,226.96810227261915,52.568165852241215,34.36
m6_low30-40_close50-70_green,NO,flat,above>150,slope_with25-75,80,25,60.04,7.0,0.76,0.7505,0.7599999999999995,-8.5,"7.86,-7.17,-8.50,9.67",5,9,-60.0,-2.946800000000512,226.96810227261915,52.568165852241215,34.36
m6_low30-40_close50-70_green,NO,flat,above>150,slope_with25-75,85,25,60.04,7.0,0.68,0.7063529411764706,-2.24,-19.333333333333332,"12.14,-18.00,-19.33,13.83",3,9,-60.0,-2.946800000000512,226.96810227261915,52.568165852241215,34.36
m6_low30-40_close50-70_green,YES,flat,below0-50,slope_flat,65,34,59.76470588235294,7.0,0.8823529411764706,0.9194570135746607,-2.411764705882353,-18.555555555555557,"-18.56,6.25,8.62,-3.78",5,9,-32.0,2.5647058823530697,-22.912002130975665,-3.7044447641834695,35.55882352941177
m6_low30-40_close50-70_green,YES,flat,below0-50,slope_flat,70,34,59.76470588235294,7.0,0.8823529411764706,0.853781512605042,2.0,-15.222222222222221,"-15.22,11.25,13.62,0.67",7,9,-29.5,2.5647058823530697,-22.912002130975665,-3.7044447641834695,35.55882352941177
m6_low30-40_close50-70_green,YES,flat,below0-50,slope_flat,75,34,59.76470588235294,7.0,0.8235294117647058,0.7968627450980392,2.0,-20.22222222222222,"-20.22,16.25,18.62,-3.22",6,9,-27.0,2.5647058823530697,-22.912002130975665,-3.7044447641834695,35.55882352941177
m6_low30-40_close50-70_green,YES,flat,below0-50,slope_flat,80,34,59.76470588235294,7.0,0.7647058823529411,0.7470588235294118,1.411764705882353,-17.444444444444443,"-17.44,21.25,3.62,0.67",6,9,-58.5,2.5647058823530697,-22.912002130975665,-3.7044447641834695,35.55882352941177
m6_low30-40_close50-70_green,YES,flat,below0-50,slope_flat,85,34,59.76470588235294,7.0,0.6764705882352942,0.7031141868512111,-2.264705882352941,-14.666666666666666,"-14.67,5.00,7.37,-4.89",3,9,-58.5,2.5647058823530697,-22.912002130975665,-3.7044447641834695,35.55882352941177
m6_low30-40_close50-70_green,YES,flat,above0-50,slope_flat,65,41,59.02439024390244,7.0,0.8780487804878049,0.9080675422138836,-1.9512195121951226,-8.200000000000003,"5.18,-8.20,-7.00,1.50",4,9,-17.0,3.631951219511748,27.459397323449462,6.918995148203621,35.390243902439025
m6_low30-40_close50-70_green,YES,flat,above0-50,slope_flat,70,41,59.02439024390244,7.0,0.7560975609756098,0.8432055749128919,-6.097560975609756,-24.0,"10.18,-4.20,-24.00,-8.00",3,9,-23.833333333333332,3.631951219511748,27.459397323449462,6.918995148203621,35.390243902439025
m6_low30-40_close50-70_green,YES,flat,above0-50,slope_flat,75,41,59.02439024390244,7.0,0.6585365853658537,0.7869918699186992,-9.634146341463415,-21.5,"8.36,-7.70,-21.50,-19.50",3,9,-26.6,3.631951219511748,27.459397323449462,6.918995148203621,35.390243902439025
m6_low30-40_close50-70_green,YES,flat,above0-50,slope_flat,80,41,59.02439024390244,7.0,0.6341463414634146,0.7378048780487805,-8.292682926829269,-19.0,"5.64,-4.20,-19.00,-17.00",2,9,-24.6,3.631951219511748,27.459397323449462,6.918995148203621,35.390243902439025
m6_low30-40_close50-70_green,YES,flat,above0-50,slope_flat,85,41,59.02439024390244,7.0,0.6097560975609756,0.6944045911047345,-7.195121951219512,-16.5,"2.00,-0.70,-16.50,-14.50",1,9,-22.6,3.631951219511748,27.459397323449462,6.918995148203621,35.390243902439025
m6_low30-40_close50-70_green,YES,flat,above50-150,slope_flat,65,26,61.07692307692308,7.0,0.9230769230769231,0.9396449704142013,-1.0769230769230766,-5.428571428571428,"-4.71,1.17,6.00,-5.43",5,8,-51.0,1.844230769231217,80.11148626412782,13.242611184188718,34.76923076923077
m6_low30-40_close50-70_green,YES,flat,above50-150,slope_flat,70,26,61.07692307692308,7.0,0.8846153846153846,0.8725274725274725,0.8461538461538461,-5.499999999999999,"-0.43,-5.50,11.00,-1.14",5,8,-51.0,1.844230769231217,80.11148626412782,13.242611184188718,34.76923076923077
m6_low30-40_close50-70_green,YES,flat,above50-150,slope_flat,75,26,61.07692307692308,7.0,0.8846153846153846,0.8143589743589744,5.269230769230769,-1.3333333333333321,"3.86,-1.33,16.00,3.14",5,8,-51.0,1.844230769231217,80.11148626412782,13.242611184188718,34.76923076923077
m6_low30-40_close50-70_green,YES,flat,above50-150,slope_flat,80,26,61.07692307692308,7.0,0.8076923076923077,0.7634615384615385,3.5384615384615383,-10.499999999999998,"8.14,-10.50,21.00,-4.00",4,8,-51.0,1.844230769231217,80.11148626412782,13.242611184188718,34.76923076923077
m6_low30-40_close50-70_green,YES,flat,above50-150,slope_flat,85,26,61.07692307692308,7.0,0.7307692307692307,0.718552036199095,1.0384615384615385,-21.333333333333332,"0.29,-21.33,26.00,-0.43",4,8,-51.0,1.844230769231217,80.11148626412782,13.242611184188718,34.76923076923077
m6_low30-40_close50-70_green,YES,flat,above50-150,slope_with25-75,65,21,58.57142857142857,7.0,0.8571428571428571,0.9010989010989011,-2.8571428571428577,-7.0,"3.33,-3.40,-7.00,-5.60",5,9,-54.0,-0.1742857142841482,106.89266237198692,35.83160410226507,34.476190476190474
m6_low30-40_close50-70_green,YES,flat,above50-150,slope_with25-75,70,21,58.57142857142857,7.0,0.7142857142857143,0.836734693877551,-8.571428571428571,-17.0,"8.33,-13.40,-17.00,-15.60",5,9,-54.0,-0.1742857142841482,106.89266237198692,35.83160410226507,34.476190476190474
m6_low30-40_close50-70_green,YES,flat,above50-150,slope_with25-75,75,21,58.57142857142857,7.0,0.6190476190476191,0.780952380952381,-12.142857142857142,-44.0,"13.33,-10.40,-44.00,-12.60",5,9,-61.666666666666664,-0.1742857142841482,106.89266237198692,35.83160410226507,34.476190476190474
m6_low30-40_close50-70_green,YES,flat,above50-150,slope_with25-75,80,21,58.57142857142857,7.0,0.6190476190476191,0.7321428571428571,-9.047619047619047,-43.0,"18.33,-7.40,-43.00,-9.60",5,9,-61.666666666666664,-0.1742857142841482,106.89266237198692,35.83160410226507,34.476190476190474
m6_low30-40_close50-70_green,YES,flat,above50-150,slope_with25-75,85,21,58.57142857142857,7.0,0.5714285714285714,0.6890756302521008,-10.0,-59.0,"23.33,-4.40,-59.00,-6.60",4,9,-61.666666666666664,-0.1742857142841482,106.89266237198692,35.83160410226507,34.476190476190474
