model,edge,cost_low,cost_high,target_c,discovery_trades,discovery_avg_pnl_c,discovery_profit_factor,discovery_win_rate,discovery_yes_share,validation_trades,validation_avg_pnl_c,validation_profit_factor,validation_win_rate,validation_yes_share
p_hist_gb,0.06999999999999999,0.6,0.9,100,104,0.8846153846153846,1.05282802182027,0.7788461538461539,0.7788461538461539,253,-8.887351778656127,0.618833700627225,0.6996047430830039,0.30434782608695654
p_hist_gb,0.06999999999999999,0.5,0.8,100,198,0.696969696969697,1.0331770645510279,0.6717171717171717,0.7171717171717171,261,-6.159003831417625,0.7470495672698663,0.6551724137931034,0.29118773946360155
p_hist_gb,0.06,0.5,0.8,100,244,0.6311475409836066,1.0302881305929787,0.6762295081967213,0.7008196721311475,308,-5.383116883116883,0.7746670290839902,0.6623376623376623,0.3181818181818182
p_hist_gb,0.06999999999999999,0.5,0.8,99,198,0.5252525252525253,1.0253473068486474,0.6767676767676768,0.7171717171717171,261,-6.055555555555555,0.7454091494845361,0.6628352490421456,0.29118773946360155
p_hist_gb,0.06,0.5,0.8,99,244,0.36065573770491804,1.0175019888623706,0.680327868852459,0.7008196721311475,308,-5.402597402597403,0.7692414366939399,0.6688311688311688,0.3181818181818182
p_hist_gb,0.06999999999999999,0.6,0.9,99,104,0.10576923076923077,1.006316393913293,0.7788461538461539,0.7788461538461539,253,-8.021739130434783,0.6358988159311088,0.7154150197628458,0.30434782608695654
p_hist_gb,0.06,0.6,0.9,100,145,0.05172413793103458,1.0030662305805396,0.7793103448275862,0.7448275862068966,302,-8.062913907284768,0.6388044203812208,0.7119205298013245,0.33112582781456956
p_btc_signal,0.06,0.6,0.9,100,196,0.035714285714286004,1.0021221767470063,0.7704081632653061,0.6785714285714286,364,-3.8736263736263736,0.8035664530509892,0.7417582417582418,0.32967032967032966
p_kalshi_signal,0.09999999999999999,0.4,0.7,100,116,-3.062684205862501e-16,1.0,0.5603448275862069,0.6551724137931034,101,-10.193069306930694,0.6440179806362379,0.5445544554455446,0.2871287128712871
p_btc_signal,0.06,0.5,0.8,100,313,-0.2476038338658147,0.9881444087501913,0.6805111821086262,0.6677316293929713,402,-2.818407960199005,0.8692893401015228,0.6915422885572139,0.30845771144278605
p_kalshi_signal,0.09999999999999999,0.4,0.7,99,116,-0.5603448275862072,0.9762730425260084,0.5603448275862069,0.6551724137931034,101,-10.737623762376238,0.625,0.5445544554455446,0.2871287128712871
p_btc_signal,0.06,0.5,0.8,99,313,-0.6118210862619807,0.970417857418707,0.6837060702875399,0.6677316293929713,402,-2.5248756218905473,0.8789793728389174,0.7014925373134329,0.30845771144278605
p_hist_gb,0.049999999999999996,0.5,0.8,100,321,-0.6682242990654206,0.9686518085495067,0.6728971962616822,0.6822429906542056,358,-4.737430167597766,0.796752351848523,0.6675977653631285,0.33519553072625696
p_hist_gb,0.049999999999999996,0.6,0.9,100,221,-0.5452488687782805,0.9673795343800758,0.7828054298642534,0.7058823529411765,357,-6.19187675070028,0.7024498586620003,0.7310924369747899,0.3641456582633053
p_lightgbm,0.09999999999999999,0.4,0.7,100,175,-0.8828571428571429,0.963492438563327,0.5657142857142857,0.6971428571428572,136,3.110294117647059,1.1572783045175683,0.6838235294117647,0.2426470588235294
p_lightgbm,0.06,0.5,0.8,99,259,-0.8166023166023166,0.9612140106363469,0.6756756756756757,0.6872586872586872,337,-4.0044510385756675,0.8184325597040026,0.6824925816023739,0.3086053412462908
p_lightgbm,0.06,0.5,0.8,100,259,-0.9131274131274131,0.9576088904821652,0.667953667953668,0.6872586872586872,337,-3.9154302670623147,0.8259119994722607,0.6765578635014837,0.3086053412462908
p_hist_gb,0.09,0.5,0.8,99,117,-0.9615384615384616,0.9569213095921884,0.6495726495726496,0.6837606837606838,178,-4.426966292134831,0.806411988699177,0.6685393258426966,0.21910112359550563
p_hist_gb,0.06,0.6,0.9,99,145,-0.7275862068965516,0.9568683565004088,0.7793103448275862,0.7448275862068966,302,-7.4635761589403975,0.6487181485233383,0.7251655629139073,0.33112582781456956
p_btc_signal,0.06,0.6,0.9,99,196,-0.7346938775510201,0.956343792633015,0.7704081632653061,0.6785714285714286,364,-3.2554945054945055,0.8259272860815278,0.7554945054945055,0.32967032967032966
p_kalshi_signal,0.09999999999999999,0.4,0.7,90,116,-0.9482758620689655,0.9545172627661774,0.6120689655172413,0.6551724137931034,101,-10.292079207920793,0.5858565737051793,0.6039603960396039,0.2871287128712871
p_hist_gb,0.049999999999999996,0.5,0.8,99,321,-1.0327102803738317,0.9511494252873564,0.67601246105919,0.6822429906542056,358,-4.851955307262569,0.7881061299176578,0.6731843575418994,0.33519553072625696
p_hist_gb,0.09999999999999999,0.4,0.7,90,172,-1.063953488372093,0.9492442102343641,0.622093023255814,0.6627906976744186,132,-1.3030303030303025,0.9301664636622006,0.696969696969697,0.23484848484848486
p_lightgbm,0.09,0.4,0.7,100,213,-1.2417840375586855,0.9492273730684326,0.5633802816901409,0.6619718309859155,169,0.2869822485207099,1.0130534248418785,0.650887573964497,0.23668639053254437
p_lightgbm,0.09999999999999999,0.3,0.6,100,308,-1.2629870129870129,0.9491037550699987,0.461038961038961,0.724025974025974,69,-2.195652173913045,0.9109085563069685,0.5507246376811594,0.14492753623188406
p_hist_gb,0.09,0.5,0.8,100,117,-1.1666666666666667,0.9488380809595203,0.6410256410256411,0.6837606837606838,178,-4.882022471910112,0.7939537640782454,0.6573033707865169,0.21910112359550563
p_lightgbm,0.09,0.3,0.6,100,363,-1.334710743801653,0.9463811420982736,0.465564738292011,0.6859504132231405,88,-2.477272727272727,0.9014911884319927,0.5454545454545454,0.13636363636363635
p_btc_signal,0.06999999999999999,0.5,0.8,100,255,-1.268627450980392,0.9420198942557577,0.6666666666666666,0.7098039215686275,374,-3.4732620320855614,0.8427360774818402,0.6844919786096256,0.28342245989304815
p_lightgbm,0.09999999999999999,0.4,0.7,99,175,-1.4485714285714286,0.9400992438563327,0.5657142857142857,0.6971428571428572,136,2.426470588235294,1.1226993865030674,0.6838235294117647,0.2426470588235294
p_lightgbm,0.09999999999999999,0.5,0.8,100,100,-1.45,0.9365704286964129,0.64,0.77,178,2.6123595505617976,1.146364494806421,0.7415730337078652,0.23595505617977527
p_ensemble,0.039999999999999994,0.6,0.9,100,216,-1.0509259259259258,0.9361821759910036,0.7870370370370371,0.7962962962962963,406,-6.182266009852217,0.6990046768197625,0.7339901477832512,0.3448275862068966
p_lightgbm,0.09999999999999999,0.3,0.6,99,308,-1.724025974025974,0.9305246630904095,0.461038961038961,0.724025974025974,69,-2.746376811594204,0.8885621875918848,0.5507246376811594,0.14492753623188406
p_lightgbm,0.12999999999999998,0.3,0.6,100,164,-1.8353658536585367,0.9278090898189232,0.4451219512195122,0.7987804878048781,37,-13.95945945945946,0.5568425568425568,0.43243243243243246,0.13513513513513514
p_lightgbm,0.09,0.3,0.6,99,363,-1.800275482093664,0.9276781761841523,0.465564738292011,0.6859504132231405,88,-3.022727272727273,0.8798011748757343,0.5454545454545454,0.13636363636363635
p_btc_signal,0.039999999999999994,0.5,0.8,100,460,-1.5847826086956522,0.9271145770845831,0.6695652173913044,0.6434782608695652,459,-3.227668845315904,0.8527335984095428,0.6862745098039216,0.3289760348583878
p_lightgbm,0.09,0.4,0.7,99,213,-1.8051643192488263,0.9261925328726365,0.5633802816901409,0.6619718309859155,169,-0.3639053254437872,0.9834477190149374,0.650887573964497,0.23668639053254437
p_ensemble,0.09,0.3,0.6,100,210,-1.8761904761904762,0.9256323140807852,0.44761904761904764,0.7571428571428571,52,-2.5961538461538485,0.8953082590151221,0.5576923076923077,0.09615384615384616
p_lightgbm,0.06999999999999999,0.5,0.8,99,209,-1.6626794258373205,0.9237938596491229,0.6650717703349283,0.6842105263157895,301,-1.649501661129568,0.9194581880120042,0.7043189368770764,0.29900332225913623
p_btc_signal,0.09999999999999999,0.5,0.8,100,140,-1.8285714285714285,0.9208165790287659,0.6428571428571429,0.7714285714285715,292,-4.037671232876712,0.822346116175695,0.6746575342465754,0.2636986301369863
p_hist_gb,0.049999999999999996,0.6,0.9,99,221,-1.3280542986425339,0.9205468327016784,0.7828054298642534,0.7058823529411765,357,-5.813725490196078,0.7078406531531531,0.742296918767507,0.3641456582633053
p_btc_signal,0.06999999999999999,0.4,0.7,100,338,-1.9881656804733727,0.9196027995453729,0.5710059171597633,0.650887573964497,298,-4.194630872483222,0.8288374640558674,0.6040268456375839,0.2651006711409396
p_logit,0.06999999999999999,0.6,0.9,100,108,-1.5833333333333333,0.9178674351585014,0.7407407407407407,0.7962962962962963,185,-5.127027027027027,0.7505916381803839,0.7297297297297297,0.1945945945945946
p_ensemble,0.039999999999999994,0.5,0.8,100,304,-1.828947368421053,0.9164663461538461,0.6644736842105263,0.743421052631579,395,-5.19873417721519,0.7776514536300146,0.6683544303797468,0.30632911392405066
p_lightgbm,0.07999999999999999,0.5,0.8,100,157,-1.9267515923566878,0.9155853216129483,0.6496815286624203,0.7197452229299363,259,-2.241312741312741,0.8946938775510204,0.694980694980695,0.29343629343629346
p_residual_lightgbm,0.06999999999999999,0.6,0.9,100,235,-1.3680851063829786,0.9147101737630986,0.7914893617021277,0.574468085106383,69,-5.77536231884058,0.7277075503928937,0.7246376811594203,0.391304347826087
p_btc_signal,0.07999999999999999,0.5,0.8,100,218,-1.9541284403669725,0.9130168453292496,0.6559633027522935,0.7385321100917431,351,-4.138176638176638,0.8168232549341068,0.6780626780626781,0.27635327635327633
p_btc_signal,0.049999999999999996,0.5,0.8,100,395,-1.9075949367088607,0.9128549123922974,0.6683544303797468,0.6556962025316456,431,-3.1218097447795823,0.8571883458048082,0.6867749419953596,0.32018561484918795
p_lightgbm,0.06999999999999999,0.5,0.8,100,209,-1.9545454545454546,0.9128254374733248,0.6555023923444976,0.6842105263157895,301,-1.6096345514950166,0.9232353640180623,0.6976744186046512,0.29900332225913623
p_btc_signal,0.06999999999999999,0.5,0.8,99,255,-1.9352941176470588,0.9115512142665113,0.6666666666666666,0.7098039215686275,374,-3.0989304812834226,0.8547437022183231,0.6951871657754011,0.28342245989304815
p_lightgbm,0.12999999999999998,0.3,0.6,99,164,-2.2804878048780486,0.9103009953231802,0.4451219512195122,0.7987804878048781,37,-14.391891891891891,0.5431145431145431,0.43243243243243246,0.13513513513513514
p_hist_gb,0.06999999999999999,0.4,0.7,100,332,-2.216867469879518,0.9102220053671627,0.5542168674698795,0.6716867469879518,215,-3.281395348837209,0.8658617739328833,0.6139534883720931,0.25116279069767444
p_lightgbm,0.06,0.6,0.9,100,166,-1.5903614457831325,0.9098206660973527,0.7650602409638554,0.7349397590361446,337,-5.425816023738872,0.7293516873889876,0.7388724035608308,0.33827893175074186
p_lightgbm,0.09999999999999999,0.5,0.8,99,100,-2.09,0.9085739282589677,0.64,0.77,178,2.4269662921348316,1.1394673123486683,0.7471910112359551,0.23595505617977527
p_hist_gb,0.09999999999999999,0.3,0.6,90,305,-2.0704918032786885,0.9082788671023965,0.5081967213114754,0.7049180327868853,78,-2.2820512820512833,0.8971098265895954,0.5897435897435898,0.15384615384615385
p_btc_signal,0.06999999999999999,0.6,0.9,100,148,-1.6824324324324325,0.9079992610382412,0.75,0.7364864864864865,334,-3.8922155688622753,0.8039067803001735,0.7395209580838323,0.31736526946107785
p_ensemble,0.09,0.3,0.6,99,210,-2.323809523809524,0.9078897697244243,0.44761904761904764,0.7571428571428571,52,-3.153846153846156,0.8728189220628151,0.5576923076923077,0.09615384615384616
p_kalshi_signal,0.02,0.5,0.8,100,581,-2.012908777969019,0.9072119961916851,0.6695352839931153,0.6024096385542169,457,-5.392778993435448,0.7715728983223654,0.6630196936542669,0.3851203501094092
p_logit,0.06999999999999999,0.5,0.8,100,169,-2.032544378698225,0.9067083107007061,0.6686390532544378,0.7100591715976331,205,-4.709756097560976,0.7974192194712547,0.6682926829268293,0.18536585365853658
p_btc_signal,0.02,0.6,0.9,100,443,-1.6422121896162525,0.9058678915701623,0.7674943566591422,0.6388261851015802,474,-4.440928270042194,0.7751068376068376,0.7426160337552743,0.39662447257383965
p_btc_signal,0.039999999999999994,0.5,0.8,99,460,-2.0391304347826087,0.9056195602958192,0.6717391304347826,0.6434782608695652,459,-3.05119825708061,0.8567849473361284,0.6949891067538126,0.3289760348583878
p_xgboost,0.03,0.5,0.8,100,487,-2.064681724845996,0.9050025981387878,0.6735112936344969,0.6652977412731006,476,-4.743697478991597,0.7950347206463033,0.6701680672268907,0.36764705882352944
p_lightgbm,0.09999999999999999,0.0,1.0,100,450,-2.281555555555556,0.9023882413340685,0.43333333333333335,0.7311111111111112,231,-0.300865800865801,0.9839362070958049,0.7012987012987013,0.20346320346320346
p_hist_gb,0.07999999999999999,0.4,0.7,100,268,-2.5111940298507465,0.9010148551257537,0.5447761194029851,0.6604477611940298,187,-1.5213903743315509,0.9348000458347657,0.6310160427807486,0.24064171122994651
p_ensemble,0.039999999999999994,0.5,0.8,99,304,-2.167763157894737,0.9001439502992651,0.6677631578947368,0.743421052631579,395,-5.115189873417721,0.7760226139008979,0.6759493670886076,0.30632911392405066
p_ensemble,0.06,0.5,0.8,100,175,-2.2714285714285714,0.899633884610529,0.6514285714285715,0.7485714285714286,294,-4.374149659863946,0.8072108537590885,0.6768707482993197,0.2687074829931973
p_kalshi_signal,0.03,0.5,0.8,100,487,-2.2104722792607805,0.8994911535409178,0.6652977412731006,0.6242299794661191,416,-5.050480769230769,0.7828872584478661,0.6682692307692307,0.38221153846153844
p_hist_gb,0.09999999999999999,0.3,0.6,100,305,-2.5622950819672132,0.8993625651921963,0.4524590163934426,0.7049180327868853,78,-1.5128205128205132,0.9396419437340153,0.5384615384615384,0.15384615384615385
p_btc_signal,0.039999999999999994,0.6,0.9,100,295,-1.808474576271186,0.899311125790318,0.7593220338983051,0.6576271186440678,421,-4.195961995249406,0.7871686746987951,0.7434679334916865,0.35391923990498814
p_hist_gb,0.06999999999999999,0.4,0.7,99,332,-2.4728915662650603,0.8991586317017749,0.5572289156626506,0.6716867469879518,215,-3.4348837209302325,0.8577619414483821,0.6186046511627907,0.25116279069767444
p_xgboost,0.03,0.6,0.9,100,433,-1.592378752886836,0.8991295442908346,0.7990762124711316,0.6697459584295612,482,-5.622406639004149,0.7186023570946473,0.7406639004149378,0.42323651452282157
p_hist_gb,0.02,0.6,0.9,100,455,-1.6406593406593406,0.8985389058783554,0.7912087912087912,0.6483516483516484,460,-4.780434782608696,0.7539167412712623,0.7478260869565218,0.4152173913043478
p_kalshi_signal,0.02,0.5,0.8,99,581,-2.1695352839931155,0.8984655040476862,0.6746987951807228,0.6024096385542169,457,-5.189277899343545,0.77425035697287,0.6717724288840262,0.3851203501094092
p_lightgbm,0.06,0.6,0.9,99,166,-1.7590361445783131,0.8978306508047585,0.7710843373493976,0.7349397590361446,337,-4.989614243323442,0.7385321100917431,0.7507418397626113,0.33827893175074186
p_kalshi_signal,0.02,0.6,0.9,100,516,-1.6162790697674418,0.8969734403953058,0.7984496124031008,0.6414728682170543,470,-6.31063829787234,0.6900407566098861,0.7361702127659574,0.4425531914893617
p_lightgbm,0.07999999999999999,0.4,0.7,100,251,-2.5836653386454183,0.8969489909423168,0.5537848605577689,0.6812749003984063,196,-1.2295918367346939,0.9466755172032304,0.6377551020408163,0.25510204081632654
p_lightgbm,0.09,0.4,0.7,90,213,-2.227699530516432,0.8966230936819172,0.6150234741784038,0.6619718309859155,169,-0.36390532544378734,0.9794863242161441,0.7159763313609467,0.23668639053254437
p_btc_signal,0.06999999999999999,0.4,0.7,99,338,-2.559171597633136,0.8965125321528983,0.5710059171597633,0.650887573964497,298,-3.802013422818792,0.8404562416390904,0.6140939597315436,0.2651006711409396
p_hist_gb,0.02,0.5,0.8,100,550,-2.292727272727273,0.8961071060762101,0.6636363636363637,0.6436363636363637,476,-3.600840336134454,0.8404393967603798,0.6764705882352942,0.3739495798319328
p_market_blend,0.02,0.5,0.8,100,139,-2.420863309352518,0.8937983272842038,0.6474820143884892,0.762589928057554,268,-4.3059701492537314,0.8104000657192146,0.6753731343283582,0.26865671641791045
p_hist_gb,0.09999999999999999,0.3,0.6,99,305,-2.6901639344262294,0.8935659618627578,0.4557377049180328,0.7049180327868853,78,-2.0512820512820515,0.9181585677749361,0.5384615384615384,0.15384615384615385
p_hist_gb,0.07999999999999999,0.4,0.7,99,268,-2.6865671641791047,0.8932146829810901,0.5485074626865671,0.6604477611940298,187,-1.6229946524064172,0.929352886405959,0.6363636363636364,0.24064171122994651
p_btc_signal,0.049999999999999996,0.5,0.8,99,395,-2.3253164556962025,0.8929861353838984,0.6708860759493671,0.6556962025316456,431,-2.8897911832946637,0.8637383075324107,0.6960556844547564,0.32018561484918795
p_btc_signal,0.09999999999999999,0.5,0.8,99,140,-2.4714285714285715,0.8929786575935663,0.6428571428571429,0.7714285714285715,292,-4.034246575342466,0.8188110436053219,0.6815068493150684,0.2636986301369863
p_xgboost,0.03,0.5,0.8,99,487,-2.3316221765913756,0.8914902766496249,0.6776180698151951,0.6652977412731006,476,-4.581932773109243,0.7969746334652082,0.6785714285714286,0.36764705882352944
p_lightgbm,0.09,0.5,0.8,100,126,-2.611111111111111,0.8909693454846728,0.626984126984127,0.7222222222222222,218,-1.3394495412844036,0.9355052457205963,0.7018348623853211,0.24770642201834864
p_hist_gb,0.03,0.5,0.8,100,462,-2.461038961038961,0.8904413181730584,0.658008658008658,0.6753246753246753,446,-4.23542600896861,0.8147857633101284,0.672645739910314,0.3654708520179372
p_lightgbm,0.09,0.3,0.6,90,363,-2.5192837465564737,0.8897129763627593,0.5041322314049587,0.6859504132231405,88,-1.795454545454546,0.9153722549544724,0.6136363636363636,0.13636363636363635
p_lightgbm,0.11999999999999998,0.3,0.6,100,199,-2.8467336683417086,0.8890086206896551,0.4371859296482412,0.7788944723618091,47,-10.22340425531915,0.6511796733212342,0.46808510638297873,0.14893617021276595
p_lightgbm,0.07999999999999999,0.4,0.7,90,251,-2.3844621513944224,0.8885267275097783,0.6175298804780877,0.6812749003984063,196,-1.6377551020408165,0.9123190385140671,0.7040816326530612,0.25510204081632654
p_ensemble,0.039999999999999994,0.6,0.9,99,216,-1.837962962962963,0.8883890919314029,0.7870370370370371,0.7962962962962963,406,-5.697044334975369,0.7089284590700309,0.7463054187192119,0.3448275862068966
p_ensemble,0.049999999999999996,0.5,0.8,100,228,-2.543859649122807,0.8883756735950731,0.6491228070175439,0.7543859649122807,344,-5.517441860465116,0.7655777187673686,0.6656976744186046,0.29069767441860467
p_lightgbm,0.12999999999999998,0.0,1.0,100,220,-2.768181818181818,0.8883183568677792,0.41818181818181815,0.7954545454545454,93,-7.919354838709677,0.6861282761559769,0.6021505376344086,0.23655913978494625
p_lightgbm,0.09999999999999999,0.4,0.7,90,175,-2.4257142857142857,0.8877578001057641,0.6114285714285714,0.6971428571428572,136,0.9044117647058817,1.0549107142857144,0.7352941176470589,0.2426470588235294
p_lightgbm,0.07999999999999999,0.5,0.8,99,157,-2.5764331210191083,0.8871215292311986,0.6496815286624203,0.7197452229299363,259,-2.554054054054054,0.8782440640530094,0.6988416988416989,0.29343629343629346
p_kalshi_signal,0.03,0.5,0.8,99,487,-2.4671457905544147,0.886484954414474,0.6694045174537988,0.6242299794661191,416,-5.0048076923076925,0.7799038004122839,0.6754807692307693,0.38221153846153844
p_btc_signal,0.039999999999999994,0.4,0.7,100,564,-2.8404255319148937,0.8863587997446265,0.5673758865248227,0.5957446808510638,375,-4.473333333333334,0.820242177453922,0.5946666666666667,0.312
p_lightgbm,0.10999999999999999,0.3,0.6,100,251,-2.9302788844621515,0.886268749033555,0.44223107569721115,0.7609561752988048,57,-6.4298245614035086,0.7610821382007823,0.5087719298245614,0.12280701754385964
p_hist_gb,0.09,0.4,0.7,90,210,-2.5095238095238095,0.8850725111765347,0.6047619047619047,0.6523809523809524,161,-1.6428571428571432,0.9127494639617351,0.6956521739130435,0.21739130434782608
p_hist_gb,0.09,0.5,0.8,90,117,-2.1923076923076925,0.8849517829109665,0.7008547008547008,0.6837606837606838,178,-3.365168539325843,0.8069921056871274,0.7471910112359551,0.21910112359550563
p_btc_signal,0.049999999999999996,0.6,0.9,100,255,-2.131372549019608,0.8845949676186432,0.7529411764705882,0.6627450980392157,390,-4.3,0.7852752880921895,0.7384615384615385,0.3435897435897436
p_lightgbm,0.09999999999999999,0.0,1.0,99,450,-2.714888888888889,0.8838489475385521,0.43333333333333335,0.7311111111111112,231,-0.14502164502164527,0.9919442106528796,0.70995670995671,0.20346320346320346
p_btc_signal,0.07999999999999999,0.5,0.8,99,218,-2.610091743119266,0.8838182746299132,0.6559633027522935,0.7385321100917431,351,-3.97008547008547,0.8193778353856125,0.6866096866096866,0.27635327635327633
p_lightgbm,0.06999999999999999,0.4,0.7,90,313,-2.4936102236421727,0.8836984056027418,0.6166134185303515,0.6773162939297125,241,-1.3547717842323652,0.9269002574722938,0.7053941908713693,0.26141078838174275
p_residual_lightgbm,0.02,0.5,0.8,100,752,-2.533244680851064,0.8834185000458983,0.6821808510638298,0.5305851063829787,330,-3.2848484848484847,0.8517606837606838,0.6818181818181818,0.45454545454545453
p_hist_gb,0.09999999999999999,0.4,0.7,100,172,-2.9825581395348837,0.8831568158524086,0.5406976744186046,0.6627906976744186,132,-2.6666666666666665,0.8900171848148727,0.6136363636363636,0.23484848484848486
p_hist_gb,0.09999999999999999,0.4,0.7,99,172,-2.947674418604651,0.8830179972311952,0.5465116279069767,0.6627906976744186,132,-2.5303030303030303,0.8933929141398022,0.6212121212121212,0.23484848484848486
p_hist_gb,0.07999999999999999,0.4,0.7,90,268,-2.5858208955223883,0.8824228028503563,0.6044776119402985,0.6604477611940298,187,-1.5748663101604279,0.9156160458452722,0.7005347593582888,0.24064171122994651
p_hist_gb,0.02,0.5,0.8,99,550,-2.5945454545454547,0.8812565009361348,0.6672727272727272,0.6436363636363637,476,-3.4453781512605044,0.8433320596102407,0.6848739495798319,0.3739495798319328
p_residual_lightgbm,0.06,0.6,0.9,100,316,-1.990506329113924,0.8800762631077217,0.7848101265822784,0.5348101265822784,105,-4.204761904761905,0.7905100830367734,0.7428571428571429,0.37142857142857144
p_logit,0.06999999999999999,0.6,0.9,99,108,-2.324074074074074,0.8794428434197886,0.7407407407407407,0.7962962962962963,185,-4.786486486486487,0.7571976967370442,0.7405405405405405,0.1945945945945946
p_hist_gb,0.03,0.5,0.8,99,462,-2.688311688311688,0.8789237668161435,0.6623376623376623,0.6753246753246753,446,-4.020179372197309,0.8193450881612091,0.6816143497757847,0.3654708520179372
p_market_blend,0.02,0.4,0.7,100,213,-3.1056338028169015,0.8780982216898553,0.5446009389671361,0.7089201877934272,205,-4.553658536585366,0.8173189823874756,0.6097560975609756,0.2146341463414634
p_ensemble,0.049999999999999996,0.5,0.8,99,228,-2.758771929824561,0.8776145539449363,0.6535087719298246,0.7543859649122807,344,-5.607558139534884,0.7573432291339078,0.6715116279069767,0.29069767441860467
p_btc_signal,0.07999999999999999,0.4,0.7,100,293,-3.1109215017064846,0.8774783251562605,0.5597269624573379,0.689419795221843,277,-3.6299638989169676,0.8502159988082825,0.6101083032490975,0.259927797833935
p_btc_signal,0.049999999999999996,0.4,0.7,100,484,-3.080578512396694,0.8772890004526562,0.5640495867768595,0.5991735537190083,350,-4.085714285714285,0.833595159131902,0.6028571428571429,0.3057142857142857
p_ensemble,0.11999999999999998,0.0,1.0,90,107,-2.8738317757009346,0.8772210021960472,0.42990654205607476,0.794392523364486,57,-4.973684210526316,0.7319148936170212,0.7017543859649122,0.22807017543859648
p_btc_signal,0.02,0.5,0.8,100,636,-2.75314465408805,0.8764508731698712,0.6619496855345912,0.6210691823899371,505,-3.5712871287128714,0.8396532562791732,0.6811881188118812,0.3702970297029703
p_logit,0.06999999999999999,0.5,0.8,99,169,-2.701183431952663,0.8760184682237914,0.6686390532544378,0.7100591715976331,205,-4.8951219512195125,0.7864211982547622,0.6731707317073171,0.18536585365853658
p_xgboost,0.06999999999999999,0.6,0.9,100,129,-2.182170542635659,0.8757722859664607,0.7674418604651163,0.8294573643410853,296,-7.3074324324324325,0.659959125923597,0.722972972972973,0.34121621621621623
p_btc_signal,0.06,0.4,0.7,100,407,-3.1314496314496316,0.875500634951646,0.5626535626535627,0.6240786240786241,323,-3.7724458204334366,0.8445691689521015,0.6068111455108359,0.29721362229102166
p_lightgbm,0.07999999999999999,0.4,0.7,99,251,-3.137450199203187,0.874860956618465,0.5537848605577689,0.6812749003984063,196,-1.8673469387755102,0.9190175904414205,0.6377551020408163,0.25510204081632654
p_lightgbm,0.049999999999999996,0.5,0.8,99,327,-2.7752293577981653,0.8746633519784546,0.6605504587155964,0.7064220183486238,377,-4.582228116710875,0.7963934233013141,0.6790450928381963,0.3183023872679045
p_ensemble,0.09,0.3,0.6,90,210,-2.9238095238095236,0.8745402533714752,0.4857142857142857,0.7571428571428571,52,-2.980769230769233,0.8604860486048604,0.6153846153846154,0.09615384615384616
p_hist_gb,0.039999999999999994,0.5,0.8,100,394,-2.8781725888324874,0.874237551292004,0.649746192893401,0.6852791878172588,396,-4.633838383838384,0.7990252450577734,0.6691919191919192,0.3484848484848485
p_ensemble,0.09,0.0,1.0,100,296,-3.09054054054054,0.8741470394012767,0.42567567567567566,0.7668918918918919,187,-2.874331550802139,0.8615404430705822,0.6898395721925134,0.1711229946524064
p_residual_lightgbm,0.02,0.5,0.8,99,752,-2.6888297872340425,0.8739833598205105,0.6875,0.5305851063829787,330,-3.066666666666667,0.8574447105226088,0.6909090909090909,0.45454545454545453
p_ensemble,0.03,0.5,0.8,100,397,-2.8350125944584383,0.8739359318996416,0.6574307304785895,0.707808564231738,447,-4.564876957494407,0.8021812893843917,0.6733780760626398,0.3333333333333333
p_btc_signal,0.02,0.6,0.9,99,443,-2.1862302483069977,0.8734483209199007,0.7697516930022573,0.6388261851015802,474,-3.930379746835443,0.7906976744186046,0.7552742616033755,0.39662447257383965
p_lightgbm,0.11999999999999998,0.3,0.6,99,199,-3.2839195979899496,0.8719631661442007,0.4371859296482412,0.7788944723618091,47,-10.691489361702128,0.6352087114337568,0.46808510638297873,0.14893617021276595
p_ensemble,0.02,0.6,0.9,100,420,-2.1142857142857143,0.8716484787164848,0.7880952380952381,0.7,487,-5.684804928131417,0.7167919799498746,0.7392197125256673,0.406570841889117
p_lightgbm,0.12999999999999998,0.0,1.0,99,220,-3.1863636363636365,0.8714469099578214,0.41818181818181815,0.7954545454545454,93,-8.521505376344086,0.6622629448114212,0.6021505376344086,0.23655913978494625
p_ensemble,0.11999999999999998,0.0,1.0,100,107,-3.2476635514018692,0.8714391416944136,0.38317757009345793,0.794392523364486,57,-3.219298245614035,0.8548259493670886,0.6491228070175439,0.22807017543859648
p_btc_signal,0.03,0.6,0.9,100,365,-2.3547945205479452,0.8708586883029074,0.7561643835616438,0.6493150684931507,449,-3.8429844097995547,0.80131268351661,0.7483296213808464,0.37861915367483295
p_ensemble,0.06,0.5,0.8,99,175,-2.922857142857143,0.8708496401969449,0.6514285714285715,0.7485714285714286,294,-4.377551020408164,0.8027132674177972,0.6836734693877551,0.2687074829931973
p_hist_gb,0.07999999999999999,0.5,0.8,100,152,-3.118421052631579,0.8706861274041741,0.625,0.6973684210526315,222,-5.342342342342342,0.7750165986910746,0.6621621621621622,0.2747747747747748
p_hist_gb,0.06999999999999999,0.5,0.8,90,198,-2.3838383838383836,0.8702762127250241,0.7121212121212122,0.7171717171717171,261,-5.469348659003831,0.7063663478350304,0.735632183908046,0.29118773946360155
p_btc_signal,0.039999999999999994,0.4,0.7,99,564,-3.232269503546099,0.8700965546727474,0.5691489361702128,0.5957446808510638,375,-4.276,0.8243798258583868,0.6026666666666667,0.312
p_lightgbm,0.06999999999999999,0.4,0.7,99,313,-3.269968051118211,0.8698002798626129,0.5527156549520766,0.6773162939297125,241,-1.5788381742738589,0.9309249341926115,0.6390041493775933,0.26141078838174275
p_hist_gb,0.07999999999999999,0.5,0.8,99,152,-3.092105263157895,0.8697700193959546,0.631578947368421,0.6973684210526315,222,-5.112612612612613,0.7785149770709338,0.6711711711711712,0.2747747747747748
p_market_blend,0.03,0.3,0.6,100,183,-3.3961748633879782,0.8691441204337299,0.4262295081967213,0.7595628415300546,49,-1.316326530612246,0.9451763705907352,0.5714285714285714,0.10204081632653061
p_lightgbm,0.10999999999999999,0.3,0.6,99,251,-3.3725099601593627,0.8691046853254987,0.44223107569721115,0.7609561752988048,57,-6.93859649122807,0.7421773142112125,0.5087719298245614,0.12280701754385964
p_lightgbm,0.06999999999999999,0.4,0.7,100,313,-3.356230031948882,0.8684737698760486,0.5463258785942492,0.6773162939297125,241,-1.3547717842323652,0.9414454806312769,0.6348547717842323,0.26141078838174275
p_xgboost,0.02,0.5,0.8,100,593,-2.9165261382799326,0.8683639684895536,0.6677908937605397,0.6441821247892074,518,-4.727799227799228,0.7965693400340574,0.6698841698841699,0.3764478764478765
p_lightgbm,0.02,0.6,0.9,100,473,-2.199788583509514,0.867881404355279,0.7864693446088795,0.6913319238900634,486,-5.837448559670782,0.7097549746790117,0.7386831275720165,0.42592592592592593
p_hist_gb,0.06,0.4,0.7,100,397,-3.341309823677582,0.8677665354134476,0.5440806045340051,0.6675062972292192,250,-2.176,0.9089082384460817,0.624,0.268
p_ensemble,0.03,0.6,0.9,100,304,-2.2697368421052633,0.8671671960727693,0.7796052631578947,0.7467105263157895,452,-5.966814159292035,0.7080536912751678,0.7345132743362832,0.37610619469026546
p_ensemble,0.06999999999999999,0.5,0.8,100,125,-3.092,0.8671593057226328,0.64,0.744,249,-4.234939759036145,0.8136431916585668,0.6746987951807228,0.26506024096385544
p_btc_signal,0.06999999999999999,0.6,0.9,99,148,-2.4324324324324325,0.8669868834287826,0.75,0.7364864864864865,334,-3.1497005988023954,0.8319220322735261,0.7544910179640718,0.31736526946107785
p_btc_signal,0.03,0.5,0.8,100,554,-3.027075812274368,0.8666136408828793,0.6552346570397112,0.6245487364620939,481,-2.946985446985447,0.8647165489597252,0.6881496881496881,0.3492723492723493
p_lightgbm,0.049999999999999996,0.5,0.8,100,327,-3.032110091743119,0.8665545087483176,0.6513761467889908,0.7064220183486238,377,-4.69893899204244,0.7963324902276385,0.6710875331564987,0.3183023872679045
p_lightgbm,0.07999999999999999,0.3,0.6,100,410,-3.451219512195122,0.866193853427896,0.44390243902439025,0.6829268292682927,106,-2.028301886792453,0.9196261682242991,0.5471698113207547,0.1509433962264151
p_hist_gb,0.039999999999999994,0.5,0.8,99,394,-3.0228426395939088,0.8661346521299315,0.6548223350253807,0.6852791878172588,396,-4.303030303030303,0.8075989386326426,0.6792929292929293,0.3484848484848485
p_logit,0.02,0.6,0.9,100,468,-2.3376068376068377,0.8660134721371708,0.7735042735042735,0.6688034188034188,429,-7.299533799533799,0.6606339745326469,0.717948717948718,0.3356643356643357
p_residual_lightgbm,0.03,0.5,0.8,100,649,-2.9545454545454546,0.8655329593267882,0.6764252696456087,0.5300462249614792,281,-0.6032028469750891,0.9703048353188507,0.708185053380783,0.4555160142348754
p_hist_gb,0.06,0.5,0.8,90,244,-2.442622950819672,0.8655082929030802,0.7172131147540983,0.7008196721311475,308,-4.701298701298701,0.7401991567237822,0.7435064935064936,0.3181818181818182
p_market_blend,0.02,0.5,0.8,99,139,-3.068345323741007,0.8653937194255957,0.6474820143884892,0.762589928057554,268,-4.242537313432836,0.8085697449280242,0.6828358208955224,0.26865671641791045
p_btc_signal,0.06999999999999999,0.4,0.7,90,338,-2.905325443786982,0.8653780245390362,0.6242603550295858,0.650887573964497,298,-2.9865771812080535,0.8457271624198301,0.6845637583892618,0.2651006711409396
p_residual_lightgbm,0.06999999999999999,0.6,0.9,99,235,-2.1595744680851063,0.8653667595171773,0.7914893617021277,0.574468085106383,69,-5.065217391304348,0.7458181818181818,0.7391304347826086,0.391304347826087
p_ensemble,0.03,0.5,0.8,99,397,-2.9937027707808563,0.8650658492279746,0.6624685138539043,0.707808564231738,447,-4.573825503355705,0.7975842780060393,0.680089485458613,0.3333333333333333
p_lightgbm,0.09,0.5,0.8,99,126,-3.238095238095238,0.8647887323943662,0.626984126984127,0.7222222222222222,218,-1.5871559633027523,0.9222122302158273,0.7064220183486238,0.24770642201834864
p_ensemble,0.07999999999999999,0.3,0.6,100,269,-3.54089219330855,0.863548456414297,0.4312267657992565,0.7397769516728625,77,-6.6948051948051965,0.7569542668552569,0.5064935064935064,0.1038961038961039
p_btc_signal,0.09999999999999999,0.4,0.7,100,204,-3.5294117647058822,0.8627656532926713,0.553921568627451,0.75,232,-4.211206896551724,0.827977814948499,0.6077586206896551,0.24568965517241378
p_xgboost,0.03,0.4,0.7,100,557,-3.464093357271095,0.862546749777382,0.5601436265709157,0.6535008976660682,359,-3.149025069637883,0.8701321079839173,0.6211699164345403,0.2924791086350975
p_lightgbm,0.09,0.0,1.0,100,546,-3.2560439560439556,0.8622906629072488,0.4249084249084249,0.7051282051282052,286,-4.062937062937063,0.8139609349983989,0.6643356643356644,0.2097902097902098
p_btc_signal,0.049999999999999996,0.4,0.7,99,484,-3.440082644628099,0.8622486969471332,0.5661157024793388,0.5991735537190083,350,-3.84,0.8398474737845567,0.6114285714285714,0.3057142857142857
p_btc_signal,0.02,0.4,0.7,100,761,-3.5013140604467807,0.862007354083588,0.5637319316688568,0.568988173455979,420,-3.9214285714285713,0.840623185600929,0.6,0.34523809523809523
p_btc_signal,0.06,0.4,0.7,99,407,-3.4508599508599507,0.8619452499139922,0.5651105651105651,0.6240786240786241,323,-3.459752321981424,0.8536920659858602,0.6160990712074303,0.29721362229102166
p_xgboost,0.039999999999999994,0.6,0.9,100,341,-2.3211143695014664,0.8611525304797825,0.7859237536656891,0.6920821114369502,448,-5.401785714285714,0.7274314354902292,0.7433035714285714,0.40848214285714285
p_hist_gb,0.09,0.4,0.7,100,210,-3.604761904761905,0.8608711633890829,0.5333333333333333,0.6523809523809524,161,-2.760869565217391,0.8861715749039693,0.6149068322981367,0.21739130434782608
p_btc_signal,0.06,0.5,0.8,90,313,-2.452076677316294,0.8604291689398073,0.731629392971246,0.6677316293929713,402,-3.689054726368159,0.7807024029574862,0.7587064676616916,0.30845771144278605
p_lightgbm,0.09999999999999999,0.3,0.6,90,308,-3.2435064935064934,0.860387114806792,0.4902597402597403,0.724025974025974,69,-1.1811594202898563,0.9425651867512332,0.6231884057971014,0.14492753623188406
p_lightgbm,0.049999999999999996,0.6,0.9,100,225,-2.522222222222222,0.8597899938233478,0.7644444444444445,0.7555555555555555,378,-5.894179894179894,0.7100468505986466,0.7354497354497355,0.3492063492063492
p_market_blend,0.02,0.3,0.6,100,365,-3.658904109589041,0.8594284511341508,0.4383561643835616,0.7095890410958904,98,-5.336734693877551,0.8027531585894776,0.5204081632653061,0.09183673469387756
p_btc_signal,0.02,0.5,0.8,99,636,-3.1037735849056602,0.8593365874514555,0.6650943396226415,0.6210691823899371,505,-3.4683168316831683,0.840286326539917,0.689108910891089,0.3702970297029703
p_xgboost,0.02,0.5,0.8,99,593,-3.081787521079258,0.8588694107653101,0.6728499156829679,0.6441821247892074,518,-4.633204633204633,0.795996429937524,0.6776061776061776,0.3764478764478765
p_lightgbm,0.02,0.5,0.8,100,573,-3.2137870855148343,0.8575792730085073,0.6579406631762653,0.6649214659685864,489,-4.025562372188139,0.823839992840843,0.6748466257668712,0.37627811860940696
p_xgboost,0.039999999999999994,0.5,0.8,100,395,-3.221518987341772,0.8572790489008524,0.660759493670886,0.6886075949367089,441,-4.109977324263038,0.8179855392649127,0.6780045351473923,0.36507936507936506
p_hist_gb,0.09,0.3,0.6,100,357,-3.7016806722689077,0.8571891716647755,0.4425770308123249,0.6834733893557423,94,-2.425531914893617,0.9046822742474916,0.5319148936170213,0.13829787234042554
p_kalshi_signal,0.02,0.6,0.9,99,516,-2.2228682170542635,0.8570805557286151,0.8003875968992248,0.6414728682170543,470,-5.782978723404256,0.7015482595805425,0.7489361702127659,0.4425531914893617
p_btc_signal,0.039999999999999994,0.6,0.9,99,295,-2.5677966101694913,0.8570350099084647,0.7593220338983051,0.6576271186440678,421,-3.763657957244656,0.8001765558988587,0.7553444180522565,0.35391923990498814
p_hist_gb,0.09,0.4,0.7,99,210,-3.6666666666666665,0.856996935648621,0.5380952380952381,0.6523809523809524,161,-2.760869565217391,0.8841693811074919,0.6211180124223602,0.21739130434782608
p_ensemble,0.09,0.0,1.0,99,296,-3.516216216216216,0.8568126788465771,0.42567567567567566,0.7668918918918919,187,-1.9759358288770053,0.8986699574934869,0.7058823529411765,0.1711229946524064
p_market_blend,0.02,0.4,0.7,99,213,-3.6502347417840375,0.8567216437851285,0.5446009389671361,0.7089201877934272,205,-4.680487804878049,0.8097174020823005,0.6146341463414634,0.2146341463414634
p_hist_gb,0.07999999999999999,0.3,0.6,100,434,-3.705069124423963,0.8567164179104477,0.4447004608294931,0.6912442396313364,106,-1.471698113207547,0.9416495230970637,0.5377358490566038,0.1509433962264151
p_lightgbm,0.06,0.4,0.7,100,389,-3.6619537275064267,0.8565963658327881,0.5449871465295629,0.6760925449871465,267,-3.49250936329588,0.8575792287132493,0.6142322097378277,0.2696629213483146
p_lightgbm,0.039999999999999994,0.6,0.9,100,290,-2.527586206896552,0.8565838387791039,0.7724137931034483,0.7275862068965517,407,-5.91031941031941,0.7084772465612313,0.7371007371007371,0.36609336609336607
p_ensemble,0.06999999999999999,0.3,0.6,100,346,-3.745664739884393,0.8562794566121431,0.43641618497109824,0.7109826589595376,91,-6.730769230769231,0.7584302898836521,0.5054945054945055,0.0989010989010989
p_ensemble,0.11999999999999998,0.0,1.0,99,107,-3.630841121495327,0.8562708102108768,0.38317757009345793,0.794392523364486,57,-2.1315789473684212,0.8984538236523193,0.6666666666666666,0.22807017543859648
p_hist_gb,0.06999999999999999,0.4,0.7,90,332,-3.1506024096385543,0.8555547883725747,0.6054216867469879,0.6716867469879518,215,-3.141860465116279,0.8410214168039539,0.6837209302325581,0.25116279069767444
p_btc_signal,0.07999999999999999,0.4,0.7,99,293,-3.6706484641638224,0.855433832918879,0.5597269624573379,0.689419795221843,277,-3.5252707581227436,0.8515506232897537,0.6173285198555957,0.259927797833935
p_hist_gb,0.10999999999999999,0.3,0.6,90,246,-3.3902439024390243,0.8553590010405827,0.4878048780487805,0.7154471544715447,62,-4.983870967741937,0.7868230424284236,0.5645161290322581,0.12903225806451613
p_hist_gb,0.06,0.4,0.7,99,397,-3.636020151133501,0.8552882205513784,0.5465994962216625,0.6675062972292192,250,-2.404,0.8982132271995935,0.628,0.268
p_hist_gb,0.10999999999999999,0.3,0.6,100,246,-3.796747967479675,0.8549126213592233,0.4349593495934959,0.7154471544715447,62,-2.5645161290322585,0.8988227807826917,0.532258064516129,0.12903225806451613
p_residual_lightgbm,0.03,0.5,0.8,99,649,-3.1733436055469952,0.8534007189379649,0.6810477657935285,0.5300462249614792,281,-0.2544483985765126,0.986986986986987,0.7188612099644128,0.4555160142348754
p_lightgbm,0.06,0.4,0.7,99,389,-3.697943444730077,0.8533265358144277,0.5501285347043702,0.6760925449871465,267,-3.735955056179775,0.8460648148148148,0.6179775280898876,0.2696629213483146
p_xgboost,0.03,0.4,0.7,99,557,-3.6687612208258527,0.8531704688342016,0.5637342908438061,0.6535008976660682,359,-2.9428969359331476,0.8758592327125316,0.6295264623955432,0.2924791086350975
p_xgboost,0.06,0.5,0.8,100,239,-3.3242677824267783,0.8527885862516212,0.6569037656903766,0.7280334728033473,344,-4.953488372093023,0.7853769129038353,0.6715116279069767,0.3372093023255814
p_market_blend,0.03,0.3,0.6,99,183,-3.8224043715846996,0.852721339088325,0.4262295081967213,0.7595628415300546,49,-1.8877551020408174,0.9213769655758606,0.5714285714285714,0.10204081632653061
p_btc_signal,0.07999999999999999,0.6,0.9,100,118,-2.9237288135593222,0.851931330472103,0.7288135593220338,0.7796610169491526,308,-4.646103896103896,0.7738800663664376,0.7305194805194806,0.30194805194805197
p_lightgbm,0.12999999999999998,0.3,0.6,90,164,-3.542682926829268,0.8512925518300486,0.47560975609756095,0.7987804878048781,37,-10.986486486486486,0.5959244532803181,0.5135135135135135,0.13513513513513514
p_hist_gb,0.09,0.3,0.6,99,357,-3.8669467787114846,0.8498967054474285,0.44537815126050423,0.6834733893557423,94,-2.9574468085106385,0.8837792642140468,0.5319148936170213,0.13829787234042554
p_residual_lightgbm,0.02,0.4,0.7,100,798,-3.7844611528822054,0.8497213375796179,0.5714285714285714,0.5200501253132832,280,-4.6,0.81602628195972,0.5928571428571429,0.4035714285714286
p_hist_gb,0.02,0.6,0.9,99,455,-2.4318681318681317,0.8496092422697927,0.7912087912087912,0.6483516483516484,460,-4.452173913043478,0.7602855972376661,0.758695652173913,0.4152173913043478
p_residual_lightgbm,0.06,0.6,0.9,99,316,-2.462025316455696,0.8492101947863165,0.7879746835443038,0.5348101265822784,105,-4.004761904761905,0.79172857850421,0.7523809523809524,0.37142857142857144
p_lightgbm,0.02,0.5,0.8,99,573,-3.3534031413612566,0.8491817432596837,0.6631762652705061,0.6649214659685864,489,-3.890593047034765,0.825482731734165,0.6830265848670757,0.37627811860940696
p_lightgbm,0.07999999999999999,0.3,0.6,99,410,-3.895121951219512,0.848983451536643,0.44390243902439025,0.6829268292682927,106,-2.575471698113208,0.8979439252336449,0.5471698113207547,0.1509433962264151
p_btc_signal,0.02,0.4,0.7,99,761,-3.804862023653088,0.8489567031820553,0.5663600525624178,0.568988173455979,420,-3.8142857142857145,0.8418948926720947,0.6071428571428571,0.34523809523809523
p_lightgbm,0.06,0.5,0.8,90,259,-2.727799227799228,0.8487799657534246,0.722007722007722,0.6872586872586872,337,-3.470326409495549,0.794572281749517,0.7566765578635015,0.3086053412462908
p_xgboost,0.03,0.6,0.9,99,433,-2.3914549653579678,0.8485114475897886,0.7990762124711316,0.6697459584295612,482,-5.33609958506224,0.7215847586057588,0.7510373443983402,0.42323651452282157
p_xgboost,0.039999999999999994,0.5,0.8,99,395,-3.381012658227848,0.8481696225557072,0.6658227848101266,0.6886075949367089,441,-3.8900226757369616,0.822852127220157,0.6870748299319728,0.36507936507936506
p_kalshi_signal,0.03,0.4,0.7,100,619,-3.9232633279483036,0.8477572642071278,0.5492730210016155,0.6042003231017771,334,-5.158682634730539,0.7979833509203893,0.592814371257485,0.32335329341317365
p_hist_gb,0.07999999999999999,0.3,0.6,99,434,-3.921658986175115,0.8475729894322049,0.4470046082949309,0.6912442396313364,106,-2.009433962264151,0.9203291565363756,0.5377358490566038,0.1509433962264151
p_lightgbm,0.06,0.4,0.7,90,389,-3.327763496143959,0.8474366529169122,0.609254498714653,0.6760925449871465,267,-2.556179775280899,0.8678350116189001,0.6928838951310862,0.2696629213483146
p_lightgbm,0.039999999999999994,0.5,0.8,99,403,-3.435483870967742,0.8473623284273193,0.6550868486352357,0.6873449131513648,407,-4.042997542997543,0.8181667495441737,0.683046683046683,0.33415233415233414
p_hist_gb,0.049999999999999996,0.4,0.7,100,488,-3.8913934426229506,0.8472551779609894,0.5430327868852459,0.6557377049180327,288,-2.2430555555555554,0.9053202403634765,0.625,0.2847222222222222
p_ensemble,0.07999999999999999,0.3,0.6,99,269,-3.9721189591078065,0.8469307356206576,0.4312267657992565,0.7397769516728625,77,-7.201298701298703,0.7385667138142386,0.5064935064935064,0.1038961038961039
p_lightgbm,0.039999999999999994,0.5,0.8,100,403,-3.5248138957816377,0.8465982721382289,0.6476426799007444,0.6873449131513648,407,-4.097051597051597,0.8199827269783008,0.6756756756756757,0.33415233415233414
p_hist_gb,0.09,0.3,0.6,90,357,-3.589635854341737,0.8461861609554102,0.49299719887955185,0.6834733893557423,94,-2.957446808510639,0.8680275338238784,0.5851063829787234,0.13829787234042554
p_hist_gb,0.07999999999999999,0.3,0.6,90,434,-3.589861751152074,0.8461462499382808,0.49539170506912444,0.6912442396313364,106,-2.6037735849056602,0.8844221105527639,0.5849056603773585,0.1509433962264151
p_btc_signal,0.03,0.5,0.8,99,554,-3.503610108303249,0.8448317211607642,0.6570397111913358,0.6245487364620939,481,-2.811850311850312,0.8673629498872217,0.6964656964656964,0.3492723492723493
p_ensemble,0.09999999999999999,0.3,0.6,100,163,-4.095092024539877,0.8447132720716529,0.4171779141104294,0.7607361963190185,45,-2.5888888888888903,0.8956093189964157,0.5555555555555556,0.1111111111111111
p_btc_signal,0.03,0.4,0.7,100,668,-3.9910179640718564,0.8443257131178652,0.5583832335329342,0.5718562874251497,395,-3.8974683544303796,0.8412559290575377,0.6,0.3240506329113924
p_lightgbm,0.09,0.0,1.0,99,546,-3.6809523809523803,0.844319819052193,0.4249084249084249,0.7051282051282052,286,-4.034965034965035,0.8101349128002633,0.6713286713286714,0.2097902097902098
p_btc_signal,0.049999999999999996,0.6,0.9,99,255,-2.884313725490196,0.8438263085253211,0.7529411764705882,0.6627450980392157,390,-3.769230769230769,0.8024060756771288,0.7512820512820513,0.3435897435897436
p_market_blend,0.02,0.3,0.6,99,365,-4.097260273972603,0.8425872322509341,0.4383561643835616,0.7095890410958904,98,-5.857142857142857,0.7835187629643598,0.5204081632653061,0.09183673469387756
p_ensemble,0.049999999999999996,0.6,0.9,100,142,-2.964788732394366,0.8424106307317986,0.7535211267605634,0.8380281690140845,352,-6.275568181818182,0.6972313596491229,0.7329545454545454,0.3210227272727273
p_lightgbm,0.06999999999999999,0.5,0.8,90,209,-2.911483253588517,0.8419275230549422,0.7177033492822966,0.6842105263157895,301,-2.0083056478405314,0.873442897519104,0.770764119601329,0.29900332225913623
p_btc_signal,0.09999999999999999,0.4,0.7,99,204,-4.083333333333333,0.8412274849899933,0.553921568627451,0.75,232,-3.9655172413793105,0.8340697988998106,0.6163793103448276,0.24568965517241378
p_lightgbm,0.07999999999999999,0.3,0.6,90,410,-3.7195121951219514,0.8410216314829294,0.4902439024390244,0.6829268292682927,106,-1.5566037735849065,0.9271040424121935,0.6132075471698113,0.1509433962264151
p_hist_gb,0.09999999999999999,0.0,1.0,100,450,-3.8808888888888893,0.8406554804332157,0.4111111111111111,0.7044444444444444,197,-4.479695431472082,0.807103825136612,0.6243654822335025,0.20812182741116753
p_xgboost,0.06,0.5,0.8,99,239,-3.566945606694561,0.8403707518022657,0.6610878661087866,0.7280334728033473,344,-4.761627906976744,0.7879611650485437,0.6802325581395349,0.3372093023255814
p_ensemble,0.06999999999999999,0.5,0.8,99,125,-3.732,0.839663172366386,0.64,0.744,249,-4.114457831325301,0.8141159393994375,0.6827309236947792,0.26506024096385544
p_ensemble,0.02,0.5,0.8,100,507,-3.7110453648915187,0.8396539969319925,0.6489151873767258,0.6962524654832347,485,-4.075257731958763,0.821397912619166,0.6762886597938145,0.35051546391752575
p_ensemble,0.06999999999999999,0.3,0.6,99,346,-4.182080924855492,0.8395342389797615,0.43641618497109824,0.7109826589595376,91,-7.236263736263736,0.740287911654506,0.5054945054945055,0.0989010989010989
p_residual_lightgbm,0.09999999999999999,0.0,1.0,100,250,-3.6168,0.839259048567162,0.552,0.564,26,-8.846153846153847,0.6530920060331825,0.6153846153846154,0.34615384615384615
p_ensemble,0.06999999999999999,0.4,0.7,100,200,-4.22,0.8390541571319603,0.53,0.705,192,-4.71875,0.8106780900637341,0.609375,0.21875
p_lightgbm,0.049999999999999996,0.6,0.9,99,225,-2.8466666666666667,0.8389894419306184,0.7688888888888888,0.7555555555555555,378,-5.3201058201058204,0.7242372300308536,0.7486772486772487,0.3492063492063492
p_residual_lightgbm,0.03,0.6,0.9,100,645,-2.76046511627907,0.8388541949497692,0.7798449612403101,0.5410852713178295,272,-2.886029411764706,0.8444312326595323,0.7573529411764706,0.4485294117647059
p_hist_gb,0.10999999999999999,0.3,0.6,99,246,-4.2317073170731705,0.8382912621359223,0.4349593495934959,0.7154471544715447,62,-3.0967741935483875,0.8778237352847598,0.532258064516129,0.12903225806451613
p_kalshi_signal,0.02,0.4,0.7,100,729,-4.195473251028806,0.8378012886802959,0.5486968449931413,0.5857338820301783,377,-5.56631299734748,0.7838603357709342,0.5862068965517241,0.3209549071618037
p_lightgbm,0.03,0.5,0.8,100,476,-3.7436974789915967,0.8377714051618189,0.6491596638655462,0.680672268907563,450,-4.591111111111111,0.8028720003816612,0.6688888888888889,0.3511111111111111
p_residual_lightgbm,0.039999999999999994,0.6,0.9,100,531,-2.774952919020716,0.8377291999339244,0.7796610169491526,0.5348399246704332,211,-3.618483412322275,0.8112251205340586,0.7488151658767772,0.41706161137440756
p_kalshi_signal,0.03,0.4,0.7,99,619,-4.151050080775445,0.8376354617547629,0.5525040387722132,0.6042003231017771,334,-5.158682634730539,0.7946609462519366,0.5988023952095808,0.32335329341317365
p_xgboost,0.02,0.6,0.9,100,555,-2.663963963963964,0.8367290596874828,0.7927927927927928,0.6342342342342342,519,-5.910404624277457,0.7072158060513506,0.7379576107899807,0.441233140655106
p_ensemble,0.06,0.3,0.6,100,428,-4.285046728971962,0.8366729005254252,0.43457943925233644,0.7009345794392523,109,-4.573394495412844,0.8283993115318417,0.5229357798165137,0.09174311926605505
p_ensemble,0.02,0.6,0.9,99,420,-2.6666666666666665,0.8364724777339758,0.7904761904761904,0.7,487,-5.204312114989733,0.7279557773842108,0.7515400410677618,0.406570841889117
p_btc_signal,0.06999999999999999,0.5,0.8,90,255,-2.9941176470588236,0.8364220674879486,0.7215686274509804,0.7098039215686275,374,-3.820855614973262,0.7751199937052482,0.7566844919786097,0.28342245989304815
p_residual_lightgbm,0.02,0.4,0.7,99,798,-4.1077694235588975,0.8358537806710065,0.5739348370927319,0.5200501253132832,280,-4.485714285714286,0.8170962574632299,0.6,0.4035714285714286
p_hist_gb,0.03,0.6,0.9,100,357,-2.872549019607843,0.8358149215497919,0.7759103641456583,0.6750700280112045,439,-4.982915717539863,0.7468757232122194,0.744874715261959,0.4031890660592255
p_residual_lightgbm,0.039999999999999994,0.5,0.8,100,536,-3.707089552238806,0.8357240295977842,0.6660447761194029,0.5242537313432836,224,-0.4598214285714287,0.9775403401657218,0.7053571428571429,0.41964285714285715
p_ensemble,0.02,0.5,0.8,99,507,-3.774161735700197,0.834250075793668,0.6548323471400395,0.6962524654832347,485,-3.9350515463917524,0.8230494645588985,0.6845360824742268,0.35051546391752575
p_btc_signal,0.10999999999999999,0.5,0.8,100,104,-4.038461538461538,0.8341232227488151,0.6153846153846154,0.8269230769230769,264,-4.09469696969697,0.821984355701935,0.6704545454545454,0.2537878787878788
p_lightgbm,0.11999999999999998,0.0,1.0,100,276,-4.118840579710144,0.8339662324005375,0.4057971014492754,0.782608695652174,125,-3.58,0.8380969609261939,0.648,0.2
p_lightgbm,0.03,0.5,0.8,99,476,-3.76890756302521,0.8338119499768412,0.6554621848739496,0.680672268907563,450,-4.6,0.7983831693776177,0.6755555555555556,0.3511111111111111
p_xgboost,0.07999999999999999,0.3,0.6,100,272,-4.345588235294118,0.8336148648648649,0.4264705882352941,0.7242647058823529,71,-2.9788732394366195,0.8844577984157334,0.5633802816901409,0.11267605633802817
p_lightgbm,0.06999999999999999,0.6,0.9,100,120,-3.2333333333333334,0.8334406525005366,0.7416666666666667,0.725,293,-4.691126279863481,0.7625053995680345,0.7440273037542662,0.31399317406143346
p_hist_gb,0.039999999999999994,0.6,0.9,100,288,-2.9652777777777777,0.833430856251219,0.7708333333333334,0.6840277777777778,396,-4.974747474747475,0.7469980093752007,0.7449494949494949,0.38636363636363635
p_hist_gb,0.049999999999999996,0.4,0.7,99,488,-4.23155737704918,0.8331447963800905,0.5450819672131147,0.6557377049180327,288,-2.5243055555555554,0.8923839834209163,0.6284722222222222,0.2847222222222222
p_lightgbm,0.06999999999999999,0.6,0.9,99,120,-3.15,0.8327433628318585,0.75,0.725,293,-4.083617747440273,0.7809610983981693,0.757679180887372,0.31399317406143346
p_xgboost,0.06999999999999999,0.6,0.9,99,129,-2.949612403100775,0.8320829655781112,0.7674418604651163,0.8294573643410853,296,-6.6925675675675675,0.6718025182239894,0.7364864864864865,0.34121621621621623
p_hist_gb,0.09999999999999999,0.0,1.0,99,450,-4.072,0.8319423299154393,0.41333333333333333,0.7044444444444444,197,-3.0939086294416245,0.8565882352941177,0.6446700507614214,0.20812182741116753
p_xgboost,0.039999999999999994,0.4,0.7,100,458,-4.316593886462882,0.8319091952557072,0.5524017467248908,0.6812227074235808,331,-2.460725075528701,0.8966698382492864,0.6283987915407855,0.29607250755287007
p_lightgbm,0.02,0.6,0.9,99,473,-2.7769556025369977,0.8317320010248527,0.7885835095137421,0.6913319238900634,486,-5.55761316872428,0.7121389747415539,0.7489711934156379,0.42592592592592593
p_xgboost,0.06,0.6,0.9,100,179,-2.952513966480447,0.8316074557909829,0.770949720670391,0.7821229050279329,356,-6.132022471910112,0.6997248968363137,0.7359550561797753,0.3707865168539326
p_market_blend,0.02,0.0,1.0,100,598,-3.9583612040133778,0.8311541945746223,0.4197324414715719,0.717391304347826,374,-6.976203208556149,0.6995405184425993,0.660427807486631,0.2192513368983957
p_residual_lightgbm,0.09,0.0,1.0,100,337,-3.7777448071216613,0.8310238645111625,0.5548961424332344,0.5311572700296736,37,-5.878378378378378,0.758869179600887,0.6216216216216216,0.35135135135135137
p_kalshi_signal,0.02,0.4,0.7,99,729,-4.3353909465020575,0.830690523383511,0.5528120713305898,0.5857338820301783,377,-5.364721485411141,0.7872060602872324,0.5941644562334217,0.3209549071618037
p_residual_lightgbm,0.09999999999999999,0.0,1.0,99,250,-3.7728,0.8306247418607575,0.556,0.564,26,-5.653846153846154,0.7441253263707572,0.6538461538461539,0.34615384615384615
p_ensemble,0.10999999999999999,0.0,1.0,100,159,-4.437106918238993,0.8300409539869911,0.3836477987421384,0.7987421383647799,91,-1.7967032967032968,0.9145544813169585,0.6813186813186813,0.18681318681318682
p_lightgbm,0.039999999999999994,0.6,0.9,99,290,-2.9586206896551723,0.8298125557869681,0.7758620689655172,0.7275862068965517,407,-5.431203931203931,0.718765903307888,0.7493857493857494,0.36609336609336607
p_btc_signal,0.03,0.6,0.9,99,365,-3.110958904109589,0.8293892269551498,0.7561643835616438,0.6493150684931507,449,-3.2683741648106905,0.8215913926205094,0.7616926503340757,0.37861915367483295
p_hist_gb,0.15999999999999998,0.0,1.0,90,102,-4.098039215686274,0.8290738090370068,0.4215686274509804,0.7352941176470589,37,-5.337837837837838,0.7375415282392026,0.6486486486486487,0.24324324324324326
p_ensemble,0.09999999999999999,0.3,0.6,99,163,-4.512269938650307,0.8288938001628475,0.4171779141104294,0.7607361963190185,45,-3.1444444444444457,0.8732078853046595,0.5555555555555556,0.1111111111111111
p_market_blend,0.02,0.3,0.6,90,365,-4.097260273972603,0.827935339124432,0.4821917808219178,0.7095890410958904,98,-5.030612244897959,0.7841978551105274,0.5816326530612245,0.09183673469387756
p_btc_signal,0.03,0.4,0.7,99,668,-4.401197604790419,0.8276872582346736,0.5598802395209581,0.5718562874251497,395,-3.7455696202531645,0.8442057600168483,0.6075949367088608,0.3240506329113924
p_market_blend,0.02,0.4,0.7,90,213,-3.903755868544601,0.8274538285951443,0.596244131455399,0.7089201877934272,205,-3.626829268292683,0.8161928306551298,0.6878048780487804,0.2146341463414634
p_ensemble,0.06,0.4,0.7,100,259,-4.530888030888031,0.8269046389851759,0.5328185328185329,0.7065637065637066,225,-3.6555555555555554,0.8505903723887375,0.6177777777777778,0.21333333333333335
p_lightgbm,0.10999999999999999,0.0,1.0,100,354,-4.297740112994351,0.8266981056852225,0.4096045197740113,0.7598870056497176,172,-1.494186046511628,0.9259899208063355,0.6802325581395349,0.18023255813953487
p_ensemble,0.07999999999999999,0.3,0.6,90,269,-4.172862453531598,0.8259420065126376,0.4721189591078067,0.7397769516728625,77,-5.915584415584416,0.7486896551724138,0.5714285714285714,0.1038961038961039
p_xgboost,0.039999999999999994,0.4,0.7,99,458,-4.436681222707423,0.8254520465575742,0.5567685589519651,0.6812227074235808,331,-2.191842900302115,0.9056321540062435,0.6374622356495468,0.29607250755287007
p_ensemble,0.06,0.6,0.9,100,103,-3.325242718446602,0.8254332313965341,0.7475728155339806,0.8349514563106796,300,-6.25,0.7010761259465923,0.73,0.2733333333333333
p_market_blend,0.03,0.0,1.0,100,265,-4.394716981132076,0.8252427184466019,0.4037735849056604,0.7660377358490567,156,-3.378205128205128,0.8432946773713946,0.6794871794871795,0.15384615384615385
p_logit,0.02,0.5,0.8,100,577,-4.0528596187175046,0.8252111518050677,0.6533795493934142,0.6429809358752167,447,-5.450782997762864,0.7696090019384426,0.6621923937360179,0.31543624161073824
p_ensemble,0.09,0.0,1.0,90,296,-4.0027027027027025,0.8247415055544872,0.46283783783783783,0.7668918918918919,187,-3.9973262032085564,0.7541522775859234,0.7165775401069518,0.1711229946524064
p_lightgbm,0.12999999999999998,0.0,1.0,90,220,-4.086363636363636,0.8244312078898545,0.45,0.7954545454545454,93,-8.134408602150538,0.6153063818967709,0.6666666666666666,0.23655913978494625
p_residual_lightgbm,0.06,0.5,0.8,100,339,-4.0811209439528024,0.8237467354608574,0.6548672566371682,0.5162241887905604,111,1.0945945945945943,1.0561071346109443,0.7207207207207207,0.40540540540540543
p_logit,0.03,0.6,0.9,100,367,-3.2384196185286105,0.8234813604633893,0.7602179836512262,0.6757493188010899,393,-8.342239185750635,0.6275066749985798,0.7073791348600509,0.3104325699745547
p_ensemble,0.10999999999999999,0.0,1.0,90,159,-4.311320754716981,0.8228910993411704,0.4276729559748428,0.7987421383647799,91,-5.642857142857143,0.6991798476859988,0.7142857142857143,0.18681318681318682
p_ensemble,0.07999999999999999,0.0,1.0,100,404,-4.311138613861385,0.8227944692583963,0.4158415841584158,0.7524752475247525,257,-6.169260700389105,0.7323598919648886,0.6498054474708171,0.16342412451361868
p_lightgbm,0.049999999999999996,0.4,0.7,99,476,-4.5966386554621845,0.8220342429541665,0.5441176470588235,0.6848739495798319,301,-2.935215946843854,0.8766492146596858,0.6245847176079734,0.26578073089701
p_ensemble,0.10999999999999999,0.3,0.6,100,117,-4.730769230769231,0.821853878339234,0.4017094017094017,0.8034188034188035,31,0.3387096774193548,1.0145530145530146,0.5806451612903226,0.0967741935483871
p_logit,0.02,0.6,0.9,99,468,-3.111111111111111,0.8216778934476424,0.7735042735042735,0.6688034188034188,429,-6.863636363636363,0.6675886204560849,0.7296037296037297,0.3356643356643357
p_ensemble,0.03,0.6,0.9,99,304,-3.049342105263158,0.8215420155934161,0.7796052631578947,0.7467105263157895,452,-5.606194690265487,0.7135266519699283,0.745575221238938,0.37610619469026546
p_lightgbm,0.049999999999999996,0.4,0.7,100,476,-4.682773109243698,0.8214514578660685,0.5378151260504201,0.6848739495798319,301,-2.975083056478405,0.8772699239361338,0.6179401993355482,0.26578073089701
p_logit,0.06,0.5,0.8,100,221,-4.169683257918552,0.8211200621178297,0.6515837104072398,0.669683257918552,261,-5.300766283524904,0.7736234966865745,0.6666666666666666,0.20306513409961685
p_residual_lightgbm,0.03,0.4,0.7,100,687,-4.596069868995633,0.8209729545841129,0.5662299854439592,0.5167394468704513,235,-2.9851063829787234,0.8744519015659955,0.6127659574468085,0.40425531914893614
p_residual_lightgbm,0.039999999999999994,0.5,0.8,99,536,-4.003731343283582,0.8204709917597356,0.6697761194029851,0.5242537313432836,224,0.1607142857142856,1.0082332761578046,0.71875,0.41964285714285715
p_residual_lightgbm,0.02,0.6,0.9,100,758,-3.1108179419525066,0.8203702292983927,0.7783641160949868,0.5329815303430079,327,-4.726299694189603,0.7594926859632742,0.7431192660550459,0.4525993883792049
p_ensemble,0.06,0.3,0.6,99,428,-4.719626168224299,0.8201086472526494,0.43457943925233644,0.7009345794392523,109,-5.0963302752293576,0.8087779690189328,0.5229357798165137,0.09174311926605505
p_ensemble,0.06999999999999999,0.0,1.0,100,545,-4.324220183486238,0.8200745140553664,0.42018348623853213,0.726605504587156,343,-7.024781341107872,0.6994511662716727,0.6559766763848397,0.21574344023323616
p_hist_gb,0.09999999999999999,0.0,1.0,90,450,-3.992,0.8192374646555107,0.45555555555555555,0.7044444444444444,197,-2.9568527918781724,0.8280442804428044,0.6903553299492385,0.20812182741116753
p_residual_lightgbm,0.09999999999999999,0.4,0.7,99,133,-4.68796992481203,0.8191967522111063,0.556390977443609,0.518796992481203,15,-4.900000000000001,0.803475935828877,0.6,0.4666666666666667
p_ensemble,0.09999999999999999,0.0,1.0,100,231,-4.681818181818182,0.8190109614258221,0.39826839826839827,0.7748917748917749,131,-3.0877862595419847,0.8579954361944884,0.6717557251908397,0.16793893129770993
p_ensemble,0.06999999999999999,0.4,0.7,99,200,-4.75,0.8188405797101449,0.53,0.705,192,-4.8125,0.8041543026706232,0.6145833333333334,0.21875
p_xgboost,0.06,0.4,0.7,100,297,-4.765993265993266,0.8182576876163574,0.5387205387205387,0.7003367003367004,246,-3.2845528455284554,0.8642929123278468,0.6260162601626016,0.2764227642276423
p_residual_lightgbm,0.09,0.0,1.0,99,337,-4.038872403560831,0.8179787902697354,0.5578635014836796,0.5311572700296736,37,-3.824324324324324,0.826060233558697,0.6486486486486487,0.35135135135135137
p_lightgbm,0.11999999999999998,0.0,1.0,99,276,-4.52463768115942,0.8176082257404919,0.4057971014492754,0.782608695652174,125,-4.228,0.8087916063675832,0.648,0.2
p_residual_lightgbm,0.06,0.5,0.8,99,339,-4.151917404129794,0.817385663314953,0.6607669616519174,0.5162241887905604,111,0.37387387387387366,1.0191641653197876,0.7207207207207207,0.40540540540540543
p_xgboost,0.07999999999999999,0.3,0.6,99,272,-4.772058823529412,0.817286036036036,0.4264705882352941,0.7242647058823529,71,-3.5422535211267605,0.8626058453974323,0.5633802816901409,0.11267605633802817
p_btc_signal,0.07999999999999999,0.4,0.7,90,293,-4.100682593856655,0.8167886550777677,0.6109215017064846,0.689419795221843,277,-2.583032490974729,0.8649490373725934,0.6895306859205776,0.259927797833935
p_hist_gb,0.039999999999999994,0.4,0.7,100,575,-4.806086956521739,0.8161772042438554,0.5356521739130434,0.6660869565217391,322,-2.829192546583851,0.8826257810990144,0.6180124223602484,0.2919254658385093
p_ensemble,0.049999999999999996,0.4,0.7,100,344,-4.811046511627907,0.8161213265929671,0.5319767441860465,0.7093023255813954,262,-2.66412213740458,0.8886939881996492,0.6259541984732825,0.23282442748091603
p_hist_gb,0.10999999999999999,0.4,0.7,90,131,-4.316793893129771,0.8154072139709483,0.5801526717557252,0.6564885496183206,111,-2.364864864864865,0.8777078965758212,0.6846846846846847,0.22522522522522523
p_ensemble,0.10999999999999999,0.0,1.0,99,159,-4.820754716981132,0.815345699831366,0.3836477987421384,0.7987421383647799,91,-1.39010989010989,0.9314734561213435,0.6923076923076923,0.18681318681318682
p_residual_lightgbm,0.09,0.6,0.9,100,117,-3.1837606837606836,0.815136476426799,0.7777777777777778,0.5982905982905983,23,-12.152173913043478,0.5357142857142857,0.6521739130434783,0.391304347826087
p_logit,0.039999999999999994,0.6,0.9,100,279,-3.471326164874552,0.8150835322195704,0.7526881720430108,0.6989247311827957,344,-7.729651162790698,0.6495551894563427,0.7122093023255814,0.27325581395348836
p_btc_signal,0.07999999999999999,0.6,0.9,99,118,-3.652542372881356,0.8150214592274678,0.7288135593220338,0.7796610169491526,308,-4.090909090909091,0.7908540127811436,0.7435064935064936,0.30194805194805197
p_ensemble,0.039999999999999994,0.4,0.7,100,443,-4.840857787810384,0.8149618188877864,0.5327313769751693,0.6952595936794582,308,-3.892857142857143,0.8426715654113633,0.6103896103896104,0.24025974025974026
p_residual_lightgbm,0.09999999999999999,0.4,0.7,100,133,-4.883458646616542,0.8146932952924394,0.5488721804511278,0.518796992481203,15,-4.300000000000001,0.8275401069518716,0.6,0.4666666666666667
p_btc_signal,0.09,0.5,0.8,100,170,-4.5588235294117645,0.8144157088122606,0.6235294117647059,0.7647058823529411,324,-4.395061728395062,0.8090384873273434,0.6728395061728395,0.27469135802469136
p_xgboost,0.039999999999999994,0.6,0.9,99,341,-3.1070381231671553,0.814139110604333,0.7859237536656891,0.6920821114369502,448,-5.040178571428571,0.7339146830073061,0.7544642857142857,0.40848214285714285
p_kalshi_signal,0.03,0.4,0.7,90,619,-4.165589660743134,0.8135777030690814,0.6074313408723748,0.6042003231017771,334,-3.811377245508982,0.8113934365508556,0.6736526946107785,0.32335329341317365
p_xgboost,0.02,0.4,0.7,100,674,-4.869436201780416,0.8134909359549923,0.5459940652818991,0.6379821958456974,396,-2.2803030303030303,0.9042519351076238,0.6262626262626263,0.3005050505050505
p_market_blend,0.02,0.0,1.0,99,598,-4.378093645484951,0.8132503049367659,0.4197324414715719,0.717391304347826,374,-6.577807486631015,0.705683898213837,0.6711229946524064,0.2192513368983957
p_btc_signal,0.09999999999999999,0.4,0.7,90,204,-4.215686274509804,0.8131247283789657,0.6078431372549019,0.75,232,-2.9181034482758625,0.8480700179533214,0.6896551724137931,0.24568965517241378
p_lightgbm,0.049999999999999996,0.4,0.7,90,476,-4.199579831932773,0.8131164399569952,0.6029411764705882,0.6848739495798319,301,-1.6794019933554818,0.9107048224695283,0.7009966777408638,0.26578073089701
p_lightgbm,0.11999999999999998,0.3,0.6,90,199,-4.505025125628141,0.8129954109303296,0.46733668341708545,0.7788944723618091,47,-7.24468085106383,0.7055771725032426,0.5531914893617021,0.14893617021276595
p_residual_lightgbm,0.06,0.0,1.0,100,797,-4.0109159347553325,0.8127540680170102,0.5846925972396487,0.5219573400250941,172,-3.941860465116279,0.8158859470468431,0.6569767441860465,0.3488372093023256
p_xgboost,0.02,0.4,0.7,99,674,-4.826409495548962,0.8125612215499856,0.5519287833827893,0.6379821958456974,396,-2.1565656565656566,0.907540735126942,0.6338383838383839,0.3005050505050505
p_logit,0.03,0.5,0.8,100,473,-4.4048625792811835,0.8123818099954975,0.6490486257928119,0.6553911205073996,406,-6.275862068965517,0.7413460562379454,0.6551724137931034,0.30295566502463056
p_lightgbm,0.03,0.6,0.9,100,378,-3.3253968253968256,0.8122759856630825,0.7724867724867724,0.7116402116402116,445,-6.538202247191011,0.6847095795405288,0.7303370786516854,0.39101123595505616
p_residual_lightgbm,0.06999999999999999,0.5,0.8,100,250,-4.376,0.811865864144454,0.648,0.556,69,-1.3695652173913044,0.9348051052086926,0.6956521739130435,0.391304347826087
p_logit,0.07999999999999999,0.5,0.8,100,121,-4.400826446280992,0.8116710875331565,0.6446280991735537,0.7272727272727273,162,-3.1604938271604937,0.8591084204733076,0.6790123456790124,0.16666666666666666
p_btc_signal,0.09999999999999999,0.5,0.8,90,140,-3.757142857142857,0.8114357411722531,0.6928571428571428,0.7714285714285715,292,-4.61986301369863,0.7419910108061586,0.7431506849315068,0.2636986301369863
p_btc_signal,0.07999999999999999,0.5,0.8,90,218,-3.5596330275229358,0.811306990881459,0.7110091743119266,0.7385321100917431,351,-4.252136752136752,0.7549462277317133,0.7521367521367521,0.27635327635327633
p_residual_lightgbm,0.049999999999999996,0.5,0.8,100,434,-4.380184331797235,0.811118287048537,0.6566820276497696,0.5161290322580645,160,0.4125,1.0206314473272897,0.7125,0.425
p_residual_lightgbm,0.07999999999999999,0.6,0.9,100,164,-3.225609756097561,0.810868787987129,0.7804878048780488,0.573170731707317,45,-4.055555555555555,0.7994505494505495,0.7333333333333333,0.4222222222222222
p_lightgbm,0.10999999999999999,0.0,1.0,99,354,-4.707344632768362,0.8101812299946463,0.4096045197740113,0.7598870056497176,172,-1.5988372093023255,0.9187352245862884,0.686046511627907,0.18023255813953487
p_ensemble,0.03,0.4,0.7,100,563,-5.0079928952042625,0.8098080879624945,0.5328596802841918,0.6838365896980462,351,-2.4857549857549857,0.8959699534994634,0.6239316239316239,0.2706552706552707
p_btc_signal,0.06999999999999999,0.3,0.6,100,447,-5.0212527964205815,0.8095056227455972,0.4429530201342282,0.6510067114093959,174,-5.74712643678161,0.7897613791653527,0.5,0.23563218390804597
p_market_blend,0.03,0.0,1.0,99,265,-4.798490566037736,0.8091865368166744,0.4037735849056604,0.7660377358490567,156,-2.7884615384615383,0.8643592142188962,0.6923076923076923,0.15384615384615385
p_xgboost,0.03,0.4,0.7,90,557,-4.218132854578097,0.8090846300735384,0.6140035906642729,0.6535008976660682,359,-2.0905292479108635,0.8891023272995936,0.7019498607242339,0.2924791086350975
p_lightgbm,0.06999999999999999,0.3,0.6,100,495,-5.061616161616161,0.8090756686733217,0.4303030303030303,0.6787878787878788,129,-1.0038759689922483,0.9591804570527975,0.5581395348837209,0.14728682170542637
p_xgboost,0.06,0.4,0.7,99,297,-4.9713804713804715,0.8090403517847905,0.5420875420875421,0.7003367003367004,246,-3.105691056910569,0.8687059632239217,0.6341463414634146,0.2764227642276423
p_btc_signal,0.10999999999999999,0.5,0.8,99,104,-4.653846153846154,0.8088467614533965,0.6153846153846154,0.8269230769230769,264,-4.015151515151516,0.8214736842105264,0.678030303030303,0.2537878787878788
p_residual_lightgbm,0.03,0.4,0.7,99,687,-4.874090247452693,0.8087773399577408,0.5691411935953421,0.5167394468704513,235,-2.75531914893617,0.8812689098743925,0.6212765957446809,0.40425531914893614
p_residual_lightgbm,0.03,0.6,0.9,99,645,-3.2333333333333334,0.8085643473471635,0.7829457364341085,0.5410852713178295,272,-1.8235294117647058,0.8934364593404233,0.7757352941176471,0.4485294117647059
p_hist_gb,0.06999999999999999,0.3,0.6,100,515,-5.076699029126214,0.8081452944413869,0.43106796116504853,0.6873786407766991,121,-2.0206611570247937,0.9201762977473066,0.5371900826446281,0.1487603305785124
p_hist_gb,0.039999999999999994,0.4,0.7,99,575,-4.995652173913044,0.8073892781707849,0.5391304347826087,0.6660869565217391,322,-2.5248447204968945,0.8925597991277917,0.6273291925465838,0.2919254658385093
p_market_blend,0.03,0.3,0.6,90,183,-4.7076502732240435,0.8068602174644098,0.45901639344262296,0.7595628415300546,49,-1.520408163265308,0.9253507014028056,0.6326530612244898,0.10204081632653061
p_lightgbm,0.02,0.4,0.7,100,775,-5.103870967741935,0.8067282321899736,0.535483870967742,0.6412903225806451,406,-2.5049261083743843,0.8955315870570107,0.6157635467980296,0.31773399014778325
p_ensemble,0.10999999999999999,0.3,0.6,99,117,-5.132478632478633,0.80672674605729,0.4017094017094017,0.8034188034188035,31,-0.24193548387096775,0.9896049896049897,0.5806451612903226,0.0967741935483871
p_ensemble,0.06,0.4,0.7,99,259,-5.063706563706564,0.8065491555424441,0.5328185328185329,0.7065637065637066,225,-3.8333333333333335,0.8413793103448276,0.6222222222222222,0.21333333333333335
p_xgboost,0.07999999999999999,0.3,0.6,90,272,-4.639705882352941,0.8062039312039312,0.47058823529411764,0.7242647058823529,71,0.26056338028168896,1.0132237312365975,0.6619718309859155,0.11267605633802817
p_residual_lightgbm,0.049999999999999996,0.6,0.9,100,419,-3.4069212410501195,0.8061120543293718,0.7732696897374701,0.5202863961813843,146,-2.808219178082192,0.8524118070554355,0.7534246575342466,0.410958904109589
p_ensemble,0.07999999999999999,0.0,1.0,99,404,-4.726980198019802,0.8057016696002522,0.4158415841584158,0.7524752475247525,257,-5.663424124513619,0.7441328997099411,0.6614785992217899,0.16342412451361868
p_residual_lightgbm,0.07999999999999999,0.0,1.0,100,452,-4.342477876106195,0.8056672145106036,0.5663716814159292,0.5309734513274337,72,-3.7916666666666665,0.8291614518147684,0.6388888888888888,0.3333333333333333
p_ensemble,0.049999999999999996,0.4,0.7,99,344,-5.055232558139535,0.8055679785330948,0.5348837209302325,0.7093023255813954,262,-2.9122137404580153,0.8770049165793503,0.6297709923664122,0.23282442748091603
p_lightgbm,0.06999999999999999,0.3,0.6,90,495,-4.637373737373737,0.8051192800747092,0.48282828282828283,0.6787878787878788,129,-0.30620155038759733,0.985071806500378,0.627906976744186,0.14728682170542637
p_btc_signal,0.06,0.4,0.7,90,407,-4.335380835380835,0.8049629711506576,0.6117936117936118,0.6240786240786241,323,-3.153250773993808,0.8384743477916105,0.6811145510835913,0.29721362229102166
p_ensemble,0.06999999999999999,0.3,0.6,90,346,-4.728323699421965,0.8046800382043935,0.47398843930635837,0.7109826589595376,91,-5.851648351648351,0.7544385519944662,0.5714285714285714,0.0989010989010989
p_residual_lightgbm,0.039999999999999994,0.4,0.7,100,563,-5.089698046181172,0.8043559894855427,0.5612788632326821,0.5168738898756661,190,-3.705263157894737,0.8477673261974268,0.6052631578947368,0.37894736842105264
p_lightgbm,0.07999999999999999,0.5,0.8,90,157,-3.837579617834395,0.8041605720786608,0.7006369426751592,0.7197452229299363,259,-2.588803088803089,0.8394396551724138,0.7683397683397684,0.29343629343629346
p_ensemble,0.06,0.0,1.0,100,701,-4.67888730385164,0.8039673906546971,0.42653352353780316,0.7104136947218259,417,-6.368585131894484,0.7193655423112688,0.6642685851318945,0.22062350119904076
p_xgboost,0.07999999999999999,0.4,0.7,100,161,-5.232919254658385,0.803955788248982,0.5341614906832298,0.7329192546583851,163,-3.911042944785276,0.8394408764639214,0.6257668711656442,0.26380368098159507
p_ensemble,0.09999999999999999,0.0,1.0,99,231,-5.08008658008658,0.803614760271107,0.39826839826839827,0.7748917748917749,131,-2.2480916030534353,0.8906220984215413,0.6870229007633588,0.16793893129770993
p_xgboost,0.09,0.3,0.6,100,196,-5.163265306122449,0.803609547836212,0.40816326530612246,0.7602040816326531,53,-2.7452830188679247,0.8926595352268536,0.5660377358490566,0.09433962264150944
p_lightgbm,0.02,0.4,0.7,99,775,-5.128387096774193,0.8034955008405024,0.5406451612903226,0.6412903225806451,406,-2.3891625615763545,0.8983388356128491,0.6231527093596059,0.31773399014778325
p_hist_gb,0.09,0.0,1.0,100,539,-4.81113172541744,0.803324940084337,0.40816326530612246,0.6846011131725418,254,-6.5,0.7323064450749899,0.6181102362204725,0.19291338582677164
p_ensemble,0.06999999999999999,0.0,1.0,99,545,-4.74440366972477,0.8025911957368188,0.42018348623853213,0.726605504587156,343,-6.526239067055394,0.7089833593343734,0.6676384839650146,0.21574344023323616
p_kalshi_signal,0.03,0.6,0.9,100,424,-3.4292452830188678,0.8024724901507947,0.7783018867924528,0.6768867924528302,433,-5.853348729792148,0.7075351950150012,0.7413394919168591,0.44110854503464203
p_ensemble,0.049999999999999996,0.6,0.9,99,142,-3.7183098591549295,0.80235822571589,0.7535211267605634,0.8380281690140845,352,-5.8835227272727275,0.7029120642662459,0.7443181818181818,0.3210227272727273
p_ensemble,0.039999999999999994,0.4,0.7,99,443,-5.150112866817156,0.8021763634787132,0.5349887133182845,0.6952595936794582,308,-3.8603896103896105,0.841170184344109,0.6168831168831169,0.24025974025974026
p_hist_gb,0.06,0.4,0.7,90,397,-4.474811083123425,0.8013530135301353,0.5919395465994962,0.6675062972292192,250,-1.936,0.8986175115207373,0.696,0.268
p_ensemble,0.03,0.4,0.7,99,563,-5.1891651865008885,0.8013193240164576,0.5364120781527532,0.6838365896980462,351,-2.5455840455840457,0.8917232186136694,0.6296296296296297,0.2706552706552707
p_residual_lightgbm,0.039999999999999994,0.6,0.9,99,531,-3.3681732580037664,0.8011673151750973,0.7815442561205274,0.5348399246704332,211,-2.490521327014218,0.8595858383433533,0.7677725118483413,0.41706161137440756
p_residual_lightgbm,0.09999999999999999,0.3,0.6,99,137,-5.339416058394161,0.801006528835691,0.4744525547445255,0.5036496350364964,8,-3.2500000000000018,0.8737864077669902,0.5,0.0
p_btc_signal,0.09,0.4,0.7,100,241,-5.329875518672199,0.8006054020490531,0.5352697095435685,0.7385892116182573,256,-3.19140625,0.8669381107491857,0.6171875,0.25
p_lightgbm,0.07999999999999999,0.0,1.0,100,653,-4.796324655436448,0.8005946506904696,0.4165390505359878,0.6937212863705973,353,-5.063739376770538,0.774902405238635,0.660056657223796,0.24362606232294617
p_lightgbm,0.09999999999999999,0.0,1.0,90,450,-4.414888888888889,0.8005561578926234,0.45555555555555555,0.7311111111111112,231,-1.8593073593073592,0.8741391941391942,0.7359307359307359,0.20346320346320346
p_lightgbm,0.10999999999999999,0.3,0.6,90,251,-4.842629482071713,0.8005251497497333,0.4701195219123506,0.7609561752988048,57,-5.201754385964913,0.7741812642802742,0.5789473684210527,0.12280701754385964
p_hist_gb,0.06999999999999999,0.6,0.9,90,104,-2.576923076923077,0.8004467609828742,0.75,0.7788461538461539,253,-7.701581027667984,0.5290065264684554,0.7075098814229249,0.30434782608695654
p_kalshi_signal,0.039999999999999994,0.6,0.9,100,306,-3.5751633986928106,0.8003831767174527,0.7679738562091504,0.7026143790849673,388,-5.048969072164948,0.740426659599841,0.7474226804123711,0.4175257731958763
p_residual_lightgbm,0.06,0.4,0.7,100,376,-5.242021276595745,0.7999086340794883,0.5558510638297872,0.5106382978723404,96,1.0624999999999998,1.050135168346031,0.65625,0.375
p_residual_lightgbm,0.049999999999999996,0.5,0.8,99,434,-4.580645161290323,0.799647266313933,0.6612903225806451,0.5161290322580645,160,0.9375,1.0491480996068152,0.725,0.425
p_lightgbm,0.06999999999999999,0.3,0.6,99,495,-5.291919191919192,0.7995255041518387,0.43232323232323233,0.6787878787878788,129,-1.562015503875969,0.9364854215918046,0.5581395348837209,0.14728682170542637
p_logit,0.11999999999999998,0.0,1.0,100,152,-4.9605263157894735,0.7993613624268228,0.42105263157894735,0.7039473684210527,63,-6.785714285714286,0.7224025974025974,0.5555555555555556,0.15873015873015872
p_btc_signal,0.10999999999999999,0.4,0.7,100,157,-5.39171974522293,0.7992886781268524,0.535031847133758,0.8089171974522293,212,-3.339622641509434,0.8609993128497104,0.6179245283018868,0.25
p_lightgbm,0.10999999999999999,0.4,0.7,100,136,-5.426470588235294,0.799129014697877,0.5147058823529411,0.7205882352941176,113,1.0398230088495575,1.0498726655348047,0.6637168141592921,0.20353982300884957
p_residual_lightgbm,0.06999999999999999,0.5,0.8,99,250,-4.628,0.7990796214291916,0.652,0.556,69,-2.0652173913043477,0.901690238013108,0.6956521739130435,0.391304347826087
p_lightgbm,0.03,0.4,0.7,100,667,-5.33808095952024,0.799023481598555,0.5322338830584707,0.6611694152923538,370,-2.175675675675676,0.9085539020788368,0.6216216216216216,0.3027027027027027
p_ensemble,0.06,0.3,0.6,90,428,-4.845794392523365,0.7988360814742967,0.4766355140186916,0.7009345794392523,109,-3.197247706422018,0.8568788501026694,0.5963302752293578,0.09174311926605505
p_hist_gb,0.06999999999999999,0.0,1.0,100,829,-4.795416164053076,0.7987587575426235,0.41737032569360677,0.6851628468033776,383,-7.142297650130549,0.7029213727193745,0.6344647519582245,0.24804177545691905
p_ensemble,0.09999999999999999,0.3,0.6,90,163,-4.95398773006135,0.7986033171218356,0.4539877300613497,0.7607361963190185,45,-4.144444444444446,0.81312625250501,0.6,0.1111111111111111
p_kalshi_signal,0.11999999999999998,0.3,0.6,100,142,-5.422535211267606,0.7985084390945963,0.4014084507042254,0.7394366197183099,29,-4.879310344827587,0.8204314720812182,0.5172413793103449,0.06896551724137931
p_hist_gb,0.06999999999999999,0.3,0.6,99,515,-5.315533980582524,0.7982831036769582,0.4330097087378641,0.6873786407766991,121,-2.557851239669422,0.8989552726085537,0.5371900826446281,0.1487603305785124
p_residual_lightgbm,0.09,0.3,0.6,99,171,-5.435672514619883,0.7982637004883343,0.4678362573099415,0.49707602339181284,13,-0.8846153846153851,0.9616666666666667,0.5384615384615384,0.23076923076923078
p_hist_gb,0.07999999999999999,0.0,1.0,100,659,-4.953717754172989,0.797870034983437,0.41274658573596357,0.6858877086494689,322,-5.366459627329193,0.7677263256939311,0.6428571428571429,0.2329192546583851
p_xgboost,0.02,0.6,0.9,99,555,-3.2783783783783784,0.7975183618962831,0.7945945945945946,0.6342342342342342,519,-5.694605009633912,0.7069264713173682,0.7475915221579962,0.441233140655106
p_logit,0.02,0.5,0.8,99,577,-4.706239168110918,0.797032663128784,0.6533795493934142,0.6429809358752167,447,-5.227069351230425,0.7730341444460634,0.6711409395973155,0.31543624161073824
p_kalshi_signal,0.09999999999999999,0.3,0.6,100,229,-5.395196506550218,0.7968428841568692,0.4104803493449782,0.6855895196506551,58,-12.086206896551724,0.6122787610619469,0.4482758620689655,0.1206896551724138
p_residual_lightgbm,0.09,0.3,0.6,100,171,-5.552631578947368,0.7964193825042881,0.4619883040935672,0.49707602339181284,13,-0.3461538461538467,0.985,0.5384615384615384,0.23076923076923078
p_xgboost,0.049999999999999996,0.4,0.7,100,371,-5.402964959568733,0.796155997355977,0.5390835579514824,0.6954177897574124,280,-2.8464285714285715,0.8816102198455139,0.6285714285714286,0.2857142857142857
p_logit,0.06,0.6,0.9,100,150,-4.286666666666667,0.7959377975245954,0.72,0.7533333333333333,244,-6.44672131147541,0.7003809523809523,0.7213114754098361,0.20491803278688525
p_kalshi_signal,0.02,0.4,0.7,90,729,-4.606995884773663,0.7958234543133321,0.6049382716049383,0.5857338820301783,377,-4.26657824933687,0.7922371480237664,0.6657824933687002,0.3209549071618037
p_residual_lightgbm,0.06,0.0,1.0,99,797,-4.347176913425345,0.795375620127569,0.5821831869510665,0.5219573400250941,172,-4.023255813953488,0.8074943667065402,0.6569767441860465,0.3488372093023256
p_hist_gb,0.02,0.4,0.7,100,752,-5.449468085106383,0.7947819119635435,0.5319148936170213,0.6436170212765957,406,-1.9729064039408868,0.9164232053422371,0.6206896551724138,0.32019704433497537
p_residual_lightgbm,0.09999999999999999,0.3,0.6,100,137,-5.594890510948905,0.7946416610850636,0.46715328467153283,0.5036496350364964,8,-2.7500000000000018,0.8932038834951457,0.5,0.0
p_residual_lightgbm,0.02,0.6,0.9,99,758,-3.4973614775725594,0.7943127594367071,0.7823218997361477,0.5329815303430079,327,-3.95565749235474,0.7856491838594747,0.7584097859327217,0.4525993883792049
p_btc_signal,0.06,0.3,0.6,100,527,-5.48292220113852,0.7942977148145511,0.43833017077798864,0.6394686907020873,194,-4.438144329896907,0.8335105868703471,0.5103092783505154,0.25257731958762886
p_btc_signal,0.039999999999999994,0.5,0.8,90,460,-3.7804347826086957,0.7942133601562038,0.7195652173913043,0.6434782608695652,459,-4.208061002178649,0.7567686689333837,0.7516339869281046,0.3289760348583878
p_lightgbm,0.03,0.4,0.7,99,667,-5.425037481259371,0.7935412090263315,0.5367316341829086,0.6611694152923538,370,-2.2621621621621624,0.9034490714038528,0.6270270270270271,0.3027027027027027
p_kalshi_signal,0.03,0.3,0.6,100,827,-5.544740024183797,0.7934831561880742,0.4365175332527207,0.6082224909310762,197,-6.804568527918781,0.7551598173515982,0.48223350253807107,0.18781725888324874
p_kalshi_signal,0.09,0.4,0.7,100,169,-5.56508875739645,0.7934782608695652,0.514792899408284,0.6449704142011834,133,-9.11654135338346,0.6718982546340143,0.556390977443609,0.2857142857142857
p_xgboost,0.049999999999999996,0.4,0.7,99,371,-5.408355795148248,0.7934318216914603,0.5444743935309974,0.6954177897574124,280,-2.767857142857143,0.8825223586478702,0.6357142857142857,0.2857142857142857
p_hist_gb,0.09,0.0,1.0,99,539,-5.035621521335806,0.7932620899251258,0.4100185528756957,0.6846011131725418,254,-5.559055118110236,0.7583226358579376,0.6338582677165354,0.19291338582677164
p_logit,0.06,0.5,0.8,99,221,-4.821266968325792,0.7931670387265845,0.6515837104072398,0.669683257918552,261,-5.588122605363985,0.7586863004632693,0.6704980842911877,0.20306513409961685
p_residual_lightgbm,0.09,0.4,0.7,100,167,-5.505988023952096,0.7929986492570914,0.5449101796407185,0.5149700598802395,22,-0.5454545454545454,0.9757575757575757,0.6363636363636364,0.45454545454545453
p_kalshi_signal,0.039999999999999994,0.4,0.7,100,526,-5.55893536121673,0.7929764939110734,0.5285171102661597,0.6197718631178707,303,-5.79042904290429,0.7764256132526283,0.5874587458745875,0.3069306930693069
p_btc_signal,0.06999999999999999,0.3,0.6,99,447,-5.46420581655481,0.7927010396774878,0.4429530201342282,0.6510067114093959,174,-6.247126436781609,0.7714706191527384,0.5,0.23563218390804597
p_residual_lightgbm,0.09999999999999999,0.3,0.6,90,137,-5.010948905109489,0.7925041559619163,0.5255474452554745,0.5036496350364964,8,3.4999999999999982,1.1872909698996656,0.625,0.0
p_residual_lightgbm,0.09,0.4,0.7,99,167,-5.458083832335329,0.7921559685326645,0.5508982035928144,0.5149700598802395,22,-1.1818181818181819,0.9474747474747475,0.6363636363636364,0.45454545454545453
p_btc_signal,0.049999999999999996,0.5,0.8,90,395,-3.8063291139240505,0.7921045353982301,0.7215189873417721,0.6556962025316456,431,-3.7250580046403714,0.7801437863745293,0.7563805104408353,0.32018561484918795
p_kalshi_signal,0.039999999999999994,0.5,0.8,100,382,-4.984293193717278,0.7920034957395674,0.6335078534031413,0.6492146596858639,380,-4.684210526315789,0.7956723870745567,0.6710526315789473,0.37105263157894736
p_logit,0.049999999999999996,0.5,0.8,100,283,-5.001766784452297,0.7919300308687344,0.6395759717314488,0.6855123674911661,309,-5.694174757281553,0.759269393897934,0.6634304207119741,0.2524271844660194
p_ensemble,0.02,0.4,0.7,100,696,-5.537356321839081,0.7918837918837919,0.5301724137931034,0.6695402298850575,384,-2.234375,0.9058177826564215,0.625,0.2838541666666667
p_lightgbm,0.09999999999999999,0.5,0.8,90,100,-4.25,0.7918707149853085,0.68,0.77,178,0.7584269662921345,1.0560514843263442,0.8033707865168539,0.23595505617977527
p_xgboost,0.049999999999999996,0.6,0.9,100,248,-3.782258064516129,0.7917869034406215,0.7661290322580645,0.7298387096774194,407,-5.846437346437346,0.7072285450630575,0.742014742014742,0.40294840294840295
p_hist_gb,0.03,0.6,0.9,99,357,-3.6484593837535013,0.7914665385846942,0.7759103641456583,0.6750700280112045,439,-4.600227790432802,0.7551972846839202,0.7562642369020501,0.4031890660592255
p_xgboost,0.049999999999999996,0.5,0.8,100,310,-4.974193548387097,0.7904464225045865,0.6419354838709678,0.7129032258064516,384,-5.143229166666667,0.7787982303858431,0.6692708333333334,0.3541666666666667
p_residual_lightgbm,0.049999999999999996,0.0,1.0,100,1031,-4.491076624636276,0.7904035488762645,0.5809893307468477,0.5169738118331717,246,-5.1451219512195125,0.7660962448255471,0.6300813008130082,0.3699186991869919
p_hist_gb,0.039999999999999994,0.6,0.9,99,288,-3.736111111111111,0.7901306807099668,0.7708333333333334,0.6840277777777778,396,-4.46969696969697,0.7606167162564241,0.7575757575757576,0.38636363636363635
p_ensemble,0.07999999999999999,0.4,0.7,100,143,-5.681818181818182,0.790078801188477,0.5174825174825175,0.7342657342657343,154,-2.25974025974026,0.9027797178376868,0.6298701298701299,0.19480519480519481
p_ensemble,0.10999999999999999,0.0,1.0,80,159,-4.562893081761007,0.7898015355642475,0.4779874213836478,0.7987421383647799,91,-2.2362637362637363,0.7818863879957128,0.6263736263736264,0.18681318681318682
p_residual_lightgbm,0.039999999999999994,0.0,1.0,100,1309,-4.39747899159664,0.7896873241700828,0.5775401069518716,0.5317035905271199,356,-5.455898876404495,0.748657427177556,0.6292134831460674,0.3792134831460674
p_residual_lightgbm,0.06999999999999999,0.0,1.0,100,602,-4.604983388704318,0.789365711333313,0.5714285714285714,0.5382059800664452,110,-5.798181818181818,0.7486997635933806,0.6363636363636364,0.3181818181818182
p_btc_signal,0.09,0.5,0.8,99,170,-5.182352941176471,0.7890325670498084,0.6235294117647059,0.7647058823529411,324,-4.45679012345679,0.8027861240098334,0.6790123456790124,0.27469135802469136
p_residual_lightgbm,0.07999999999999999,0.0,1.0,99,452,-4.689823008849558,0.7889423220526299,0.5685840707964602,0.5309734513274337,72,-3.0555555555555554,0.8542563762835376,0.6527777777777778,0.3333333333333333
p_residual_lightgbm,0.039999999999999994,0.4,0.7,99,563,-5.475133214920071,0.7887251542152159,0.5630550621669627,0.5168738898756661,190,-3.268421052631579,0.8617080503284712,0.6157894736842106,0.37894736842105264
p_xgboost,0.09,0.3,0.6,99,196,-5.571428571428571,0.7880846109062682,0.40816326530612246,0.7602040816326531,53,-3.311320754716981,0.8705274806344522,0.5660377358490566,0.09433962264150944
p_hist_gb,0.02,0.4,0.7,99,752,-5.585106382978723,0.7878627168724903,0.535904255319149,0.6436170212765957,406,-1.8620689655172413,0.9194845305926833,0.6280788177339901,0.32019704433497537
p_hist_gb,0.03,0.4,0.7,100,652,-5.656441717791411,0.7876432314159038,0.5276073619631901,0.661042944785276,367,-2.393732970027248,0.8993411629905471,0.6212534059945504,0.3106267029972752
p_xgboost,0.06,0.6,0.9,99,179,-3.723463687150838,0.7876374064043333,0.770949720670391,0.7821229050279329,356,-5.477528089887641,0.7164667393675027,0.75,0.3707865168539326
p_btc_signal,0.049999999999999996,0.3,0.6,100,611,-5.689852700490999,0.7875714154776817,0.4386252045826514,0.6170212765957447,214,-4.004672897196262,0.8490133897110641,0.514018691588785,0.24766355140186916
p_residual_lightgbm,0.06,0.4,0.7,99,376,-5.534574468085107,0.787522973248928,0.5585106382978723,0.5106382978723404,96,0.4062499999999997,1.0191693290734825,0.65625,0.375
p_residual_lightgbm,0.09,0.5,0.8,99,135,-5.07037037037037,0.7874553640739016,0.6370370370370371,0.5777777777777777,23,-9.41304347826087,0.6577075098814229,0.6086956521739131,0.391304347826087
p_lightgbm,0.039999999999999994,0.4,0.7,100,573,-5.693717277486911,0.7873623150622434,0.5287958115183246,0.675392670157068,330,-1.809090909090909,0.9232992869531702,0.6272727272727273,0.28484848484848485
p_residual_lightgbm,0.09,0.5,0.8,100,135,-5.174074074074074,0.7868477265791883,0.6296296296296297,0.5777777777777777,23,-8.804347826086957,0.6798418972332015,0.6086956521739131,0.391304347826087
p_xgboost,0.049999999999999996,0.5,0.8,99,310,-4.97741935483871,0.7868342888720039,0.6483870967741936,0.7129032258064516,384,-5.0390625,0.7779435391324305,0.6770833333333334,0.3541666666666667
p_ensemble,0.09999999999999999,0.0,1.0,90,231,-5.158008658008658,0.7865460408455751,0.43722943722943725,0.7748917748917749,131,-4.996183206106871,0.7222575854020794,0.7175572519083969,0.16793893129770993
p_residual_lightgbm,0.049999999999999996,0.4,0.7,100,461,-5.654013015184382,0.7864574799279043,0.5531453362255966,0.5054229934924078,142,-2.2464788732394365,0.9029805352798054,0.6197183098591549,0.36619718309859156
p_hist_gb,0.07999999999999999,0.0,1.0,99,659,-5.216236722306525,0.7864110848763515,0.4142640364188164,0.6858877086494689,322,-4.779503105590062,0.7836812144212524,0.65527950310559,0.2329192546583851
p_kalshi_signal,0.10999999999999999,0.3,0.6,100,176,-5.778409090909091,0.7862771881895555,0.4034090909090909,0.7159090909090909,38,-6.921052631578948,0.7568192325473879,0.5,0.10526315789473684
p_btc_signal,0.049999999999999996,0.4,0.7,90,484,-4.816115702479339,0.7862056314775749,0.6074380165289256,0.5991735537190083,350,-3.4285714285714284,0.8268023381684347,0.6771428571428572,0.3057142857142857
p_ensemble,0.06,0.6,0.9,99,103,-4.072815533980583,0.7861875637104995,0.7475728155339806,0.8349514563106796,300,-5.66,0.7145018915510719,0.7433333333333333,0.2733333333333333
p_ensemble,0.06,0.0,1.0,99,701,-5.105420827389444,0.7860968000286885,0.42653352353780316,0.7104136947218259,417,-6.0832134292565945,0.7224070385852793,0.6738609112709832,0.22062350119904076
p_hist_gb,0.049999999999999996,0.5,0.8,90,321,-4.0327102803738315,0.7859799950400926,0.7102803738317757,0.6822429906542056,358,-4.625698324022347,0.7420962466905466,0.7430167597765364,0.33519553072625696
p_ensemble,0.02,0.4,0.7,99,696,-5.640804597701149,0.7858039172895411,0.5344827586206896,0.6695402298850575,384,-2.0859375,0.9100858730425998,0.6328125,0.2838541666666667
p_hist_gb,0.11999999999999998,0.3,0.6,100,196,-5.862244897959184,0.7857142857142857,0.40816326530612246,0.7244897959183674,48,-3.7291666666666674,0.8560514676316847,0.5208333333333334,0.16666666666666666
p_hist_gb,0.06999999999999999,0.0,1.0,99,829,-5.093365500603136,0.7856421242873606,0.41857659831121835,0.6851628468033776,383,-6.742819843342037,0.7092761454463582,0.6449086161879896,0.24804177545691905
p_kalshi_signal,0.039999999999999994,0.4,0.7,99,526,-5.7091254752851714,0.7854693527646807,0.532319391634981,0.6197718631178707,303,-5.724422442244224,0.7750178351384656,0.594059405940594,0.3069306930693069
p_btc_signal,0.039999999999999994,0.4,0.7,90,564,-4.843971631205674,0.7850934119960669,0.6081560283687943,0.5957446808510638,375,-3.94,0.8060132606840412,0.6666666666666666,0.312
p_hist_gb,0.06999999999999999,0.3,0.6,90,515,-5.193203883495146,0.785051235684147,0.47766990291262135,0.6873786407766991,121,-2.929752066115703,0.8694771723122239,0.5867768595041323,0.1487603305785124
p_kalshi_signal,0.07999999999999999,0.3,0.6,100,365,-5.782191780821917,0.7850267379679144,0.41643835616438357,0.6547945205479452,86,-9.953488372093023,0.664576802507837,0.46511627906976744,0.19767441860465115
p_logit,0.03,0.5,0.8,99,473,-5.053911205073995,0.7847366051328231,0.6490486257928119,0.6553911205073996,406,-5.955665024630542,0.7473354231974921,0.6650246305418719,0.30295566502463056
p_hist_gb,0.06,0.3,0.6,100,588,-5.792517006802721,0.7843826164023676,0.4268707482993197,0.6785714285714286,149,0.23154362416107344,1.0096100278551532,0.5570469798657718,0.15436241610738255
p_kalshi_signal,0.039999999999999994,0.5,0.8,99,382,-5.096858638743456,0.7843376163048295,0.6387434554973822,0.6492146596858639,380,-4.573684210526316,0.7953849776312691,0.6789473684210526,0.37105263157894736
p_lightgbm,0.039999999999999994,0.4,0.7,99,573,-5.704188481675392,0.7843072557494968,0.5340314136125655,0.675392670157068,330,-1.8363636363636364,0.9207791358912347,0.6333333333333333,0.28484848484848485
p_xgboost,0.07999999999999999,0.4,0.7,90,161,-4.984472049689441,0.7843031850557721,0.5962732919254659,0.7329192546583851,163,-0.7822085889570553,0.9551214361140443,0.7300613496932515,0.26380368098159507
p_hist_gb,0.15999999999999998,0.0,1.0,100,102,-5.764705882352941,0.7841805835933199,0.3627450980392157,0.7352941176470589,37,-4.256756756756757,0.823331463825014,0.5945945945945946,0.24324324324324326
p_ensemble,0.06,0.4,0.7,90,259,-4.994208494208494,0.7841108236668614,0.5868725868725869,0.7065637065637066,225,-2.2333333333333334,0.8812758417011223,0.7022222222222222,0.21333333333333335
p_logit,0.07999999999999999,0.5,0.8,99,121,-5.045454545454546,0.7840848806366048,0.6446280991735537,0.7272727272727273,162,-3.228395061728395,0.8533576335342773,0.6851851851851852,0.16666666666666666
p_xgboost,0.07999999999999999,0.4,0.7,99,161,-5.767080745341615,0.7839441535776615,0.5341614906832298,0.7329192546583851,163,-3.9294478527607364,0.8358954650269024,0.6319018404907976,0.26380368098159507
p_btc_signal,0.06,0.3,0.6,99,527,-5.733396584440228,0.7839239103228806,0.44022770398481975,0.6394686907020873,194,-4.948453608247423,0.8143672048728609,0.5103092783505154,0.25257731958762886
p_kalshi_signal,0.11999999999999998,0.3,0.6,99,142,-5.823943661971831,0.78359283004056,0.4014084507042254,0.7394366197183099,29,-5.396551724137932,0.8013959390862944,0.5172413793103449,0.06896551724137931
p_logit,0.039999999999999994,0.5,0.8,100,360,-5.219444444444444,0.7833256457564576,0.6388888888888888,0.6666666666666666,351,-6.072649572649572,0.7477813276535321,0.6581196581196581,0.2678062678062678
p_lightgbm,0.07999999999999999,0.0,1.0,99,653,-5.212863705972435,0.7832772001757212,0.4165390505359878,0.6937212863705973,353,-4.88243626062323,0.7756881629465738,0.6685552407932012,0.24362606232294617
p_hist_gb,0.03,0.4,0.7,99,652,-5.726993865030675,0.7828627918471782,0.5322085889570553,0.661042944785276,367,-2.2057220708446867,0.9051330130083206,0.6294277929155313,0.3106267029972752
p_logit,0.02,0.4,0.7,100,723,-5.8070539419087135,0.7825794257010434,0.5338865836791148,0.6127247579529738,360,-6.238888888888889,0.7632674571805007,0.5805555555555556,0.2777777777777778
p_xgboost,0.06,0.4,0.7,90,297,-5.001683501683502,0.7824080855426981,0.5959595959595959,0.7003367003367004,246,-1.8617886178861789,0.8991522624683475,0.7113821138211383,0.2764227642276423
p_logit,0.11999999999999998,0.0,1.0,99,152,-5.381578947368421,0.7823310271420969,0.42105263157894735,0.7039473684210527,63,-5.76984126984127,0.7531409168081494,0.5714285714285714,0.15873015873015872
p_logit,0.03,0.4,0.7,100,618,-5.841423948220065,0.7821758281542267,0.5307443365695793,0.6326860841423948,321,-6.487538940809969,0.7556754854226551,0.5794392523364486,0.27414330218068533
p_logit,0.03,0.6,0.9,99,367,-3.9986376021798367,0.7820436655279964,0.7602179836512262,0.6757493188010899,393,-7.790076335877862,0.636918880455408,0.7201017811704835,0.3104325699745547
p_lightgbm,0.09,0.5,0.8,90,126,-4.595238095238095,0.7817976257772753,0.6746031746031746,0.7222222222222222,218,-1.7522935779816513,0.8879272407217251,0.7752293577981652,0.24770642201834864
p_residual_lightgbm,0.09999999999999999,0.4,0.7,90,133,-4.958646616541353,0.7815501821795297,0.6090225563909775,0.518796992481203,15,1.699999999999999,1.1024096385542168,0.7333333333333333,0.4666666666666667
p_kalshi_signal,0.09999999999999999,0.3,0.6,99,229,-5.8056768558951966,0.7813861711748746,0.4104803493449782,0.6855895196506551,58,-12.53448275862069,0.5978982300884956,0.4482758620689655,0.1206896551724138
p_xgboost,0.039999999999999994,0.4,0.7,90,458,-4.927947598253275,0.7812984496124031,0.6069868995633187,0.6812227074235808,331,-1.1314199395770395,0.9377027364218581,0.7129909365558912,0.29607250755287007
p_lightgbm,0.03,0.6,0.9,99,378,-3.835978835978836,0.7811816192560175,0.7751322751322751,0.7116402116402116,445,-6.156179775280899,0.6899790641090929,0.7415730337078652,0.39101123595505616
p_kalshi_signal,0.03,0.3,0.6,99,827,-5.860338573155985,0.7811716898069759,0.437726723095526,0.6082224909310762,197,-7.286802030456853,0.7378082191780821,0.48223350253807107,0.18781725888324874
p_btc_signal,0.09,0.4,0.7,99,241,-5.865145228215767,0.7805805650419124,0.5352697095435685,0.7385892116182573,256,-3.03515625,0.8706078268109908,0.625,0.25
p_lightgbm,0.09,0.0,1.0,90,546,-4.867765567765568,0.7802980830433237,0.44871794871794873,0.7051282051282052,286,-4.0979020979020975,0.7560620251847227,0.7027972027972028,0.2097902097902098
p_lightgbm,0.10999999999999999,0.4,0.7,99,136,-5.9411764705882355,0.7800762112139358,0.5147058823529411,0.7205882352941176,113,0.37610619469026535,1.0180390492359932,0.6637168141592921,0.20353982300884957
p_hist_gb,0.06,0.3,0.6,99,588,-5.88265306122449,0.7796183619508776,0.4302721088435374,0.6785714285714286,149,-0.3255033557046983,0.9864902506963789,0.5570469798657718,0.15436241610738255
p_btc_signal,0.10999999999999999,0.4,0.7,99,157,-5.926751592356688,0.7793716656787196,0.535031847133758,0.8089171974522293,212,-3.0235849056603774,0.8707270343853988,0.6273584905660378,0.25
p_logit,0.12999999999999998,0.0,1.0,100,114,-5.464912280701754,0.7789604399503282,0.41228070175438597,0.6666666666666666,41,-7.621951219512195,0.6985045827303425,0.5365853658536586,0.21951219512195122
p_hist_gb,0.10999999999999999,0.0,1.0,100,357,-5.651540616246498,0.7786530043554104,0.38935574229691877,0.711484593837535,158,-4.651898734177215,0.8010286951813752,0.620253164556962,0.20253164556962025
p_residual_lightgbm,0.10999999999999999,0.4,0.7,100,102,-5.921568627450981,0.7784705666605538,0.5392156862745098,0.5588235294117647,12,3.2499999999999987,1.1645569620253164,0.6666666666666666,0.3333333333333333
p_hist_gb,0.06,0.6,0.9,90,145,-2.7758620689655173,0.7777471010491441,0.7517241379310344,0.7448275862068966,302,-7.433774834437086,0.5305311585110832,0.6887417218543046,0.33112582781456956
p_residual_lightgbm,0.09,0.3,0.6,90,171,-5.435672514619883,0.7774452292589489,0.5146198830409356,0.49707602339181284,13,8.115384615384613,1.5582010582010581,0.6923076923076923,0.23076923076923078
p_ensemble,0.049999999999999996,0.3,0.6,100,530,-6.018867924528302,0.7774444483203684,0.4207547169811321,0.6943396226415094,136,-2.4044117647058822,0.9065447270648757,0.5441176470588235,0.11764705882352941
p_lightgbm,0.06,0.3,0.6,90,577,-5.390814558058925,0.7773602462243218,0.47660311958405543,0.6672443674176777,145,-2.244827586206897,0.8970913689535251,0.6,0.16551724137931034
p_lightgbm,0.06,0.3,0.6,100,577,-5.99740034662045,0.7773380947784962,0.42287694974003465,0.6672443674176777,145,-3.141379310344828,0.8784685165421559,0.5310344827586206,0.16551724137931034
p_hist_gb,0.049999999999999996,0.4,0.7,90,488,-5.079918032786885,0.777248629706173,0.5901639344262295,0.6557377049180327,288,-2.5555555555555554,0.8677804724692356,0.6909722222222222,0.2847222222222222
p_btc_signal,0.039999999999999994,0.3,0.6,100,705,-5.985106382978723,0.7770527316918525,0.43829787234042555,0.6085106382978723,237,-4.635021097046414,0.8278078219296183,0.5063291139240507,0.25738396624472576
p_hist_gb,0.10999999999999999,0.4,0.7,100,131,-6.148854961832061,0.7769007062733694,0.5038167938931297,0.6564885496183206,111,-2.725225225225225,0.8870214752567693,0.6126126126126126,0.22522522522522523
p_btc_signal,0.07999999999999999,0.3,0.6,100,390,-5.98974358974359,0.7767690764011659,0.43333333333333335,0.676923076923077,160,-4.75,0.822637106184364,0.5125,0.24375
p_kalshi_signal,0.039999999999999994,0.4,0.7,90,526,-5.178707224334601,0.7766755482680877,0.591254752851711,0.6197718631178707,303,-4.833333333333333,0.769587791063562,0.6633663366336634,0.3069306930693069
p_btc_signal,0.049999999999999996,0.3,0.6,99,611,-5.966448445171849,0.7763771316402895,0.4402618657937807,0.6170212765957447,214,-4.518691588785047,0.8296335447498239,0.514018691588785,0.24766355140186916
p_ensemble,0.049999999999999996,0.4,0.7,90,344,-5.159883720930233,0.7762793042601462,0.5872093023255814,0.7093023255813954,262,-1.7099236641221374,0.9081119885139985,0.7061068702290076,0.23282442748091603
p_hist_gb,0.07999999999999999,0.5,0.8,90,152,-4.631578947368421,0.776117029734457,0.6776315789473685,0.6973684210526315,222,-5.072072072072072,0.723680981595092,0.7387387387387387,0.2747747747747748
p_hist_gb,0.06,0.0,1.0,100,995,-5.331959798994975,0.7754607977991748,0.41608040201005025,0.6673366834170854,464,-5.969181034482758,0.7413598289241458,0.6487068965517241,0.2650862068965517
p_logit,0.039999999999999994,0.6,0.9,99,279,-4.224014336917563,0.7749880668257757,0.7526881720430108,0.6989247311827957,344,-7.290697674418604,0.6557073237696479,0.7238372093023255,0.27325581395348836
p_kalshi_signal,0.09,0.4,0.7,99,169,-6.079881656804734,0.7743741765480896,0.514792899408284,0.6449704142011834,133,-8.928571428571429,0.6726846747519294,0.5639097744360902,0.2857142857142857
p_residual_lightgbm,0.049999999999999996,0.3,0.6,100,446,-6.186098654708521,0.7743149284253579,0.452914798206278,0.5044843049327354,89,-9.331460674157304,0.6720631786771964,0.449438202247191,0.3146067415730337
p_residual_lightgbm,0.049999999999999996,0.0,1.0,99,1031,-4.789815712900097,0.7741118028332655,0.5761396702230844,0.5169738118331717,246,-4.576016260162602,0.7826162521242083,0.6382113821138211,0.3699186991869919
p_ensemble,0.10999999999999999,0.3,0.6,90,117,-5.670940170940171,0.7736267485499829,0.4358974358974359,0.8034188034188035,31,-2.564516129032258,0.8804511278195488,0.6129032258064516,0.0967741935483871
p_hist_gb,0.09,0.0,1.0,90,539,-5.052319109461967,0.7734103276697009,0.4452690166975881,0.6846011131725418,254,-5.24015748031496,0.7152027388466887,0.65748031496063,0.19291338582677164
p_btc_signal,0.06999999999999999,0.3,0.6,90,447,-5.423937360178971,0.773358261275999,0.48769574944071586,0.6510067114093959,174,-5.057471264367817,0.7866666666666666,0.5632183908045977,0.23563218390804597
p_residual_lightgbm,0.049999999999999996,0.6,0.9,99,419,-3.943914081145585,0.7729146626357015,0.7756563245823389,0.5202863961813843,146,-1.5273972602739727,0.9122910521140609,0.773972602739726,0.410958904109589
p_market_blend,0.03,0.0,1.0,90,265,-5.375849056603773,0.7728128089815967,0.4377358490566038,0.7660377358490567,156,-4.980769230769231,0.7171459774299236,0.717948717948718,0.15384615384615385
p_kalshi_signal,0.039999999999999994,0.6,0.9,99,306,-4.019607843137255,0.7726852707447791,0.7712418300653595,0.7026143790849673,388,-4.520618556701031,0.7547367685101027,0.7603092783505154,0.4175257731958763
p_residual_lightgbm,0.02,0.3,0.6,100,776,-6.185567010309279,0.7726680717042791,0.4497422680412371,0.520618556701031,194,-6.474226804123711,0.7650140318054256,0.4639175257731959,0.36082474226804123
p_residual_lightgbm,0.049999999999999996,0.4,0.7,99,461,-5.992407809110629,0.7726243878348903,0.5553145336225597,0.5054229934924078,142,-2.1690140845070425,0.904362676603012,0.6267605633802817,0.36619718309859156
p_kalshi_signal,0.03,0.5,0.8,90,487,-4.222792607802875,0.7724355427686179,0.7166324435318275,0.6242299794661191,416,-3.7283653846153846,0.7796405484123038,0.7572115384615384,0.38221153846153844
p_btc_signal,0.02,0.3,0.6,100,919,-6.168117519042437,0.7722899552091912,0.43743199129488575,0.5875952121871599,269,-3.2769516728624537,0.8751239552344525,0.516728624535316,0.27137546468401486
p_xgboost,0.09,0.3,0.6,90,196,-5.571428571428571,0.7719774483190646,0.4489795918367347,0.7602040816326531,53,1.7830188679245282,1.0955027791814047,0.6792452830188679,0.09433962264150944
p_dual_stack,0.039999999999999994,0.6,0.9,100,148,-4.337837837837838,0.7718144659676559,0.75,0.9864864864864865,392,-6.408163265306122,0.6847982934939457,0.7372448979591837,0.22704081632653061
p_lightgbm,0.049999999999999996,0.3,0.6,90,671,-5.55812220566319,0.7716655952490281,0.4798807749627422,0.6721311475409836,170,-0.788235294117648,0.9626532887402452,0.611764705882353,0.17058823529411765
p_kalshi_signal,0.10999999999999999,0.3,0.6,99,176,-6.181818181818182,0.7713565199117369,0.4034090909090909,0.7159090909090909,38,-7.421052631578948,0.739251040221914,0.5,0.10526315789473684
p_ensemble,0.039999999999999994,0.4,0.7,90,443,-5.292325056433409,0.7710337418819279,0.5869074492099323,0.6952595936794582,308,-2.6915584415584415,0.8611041300159169,0.6915584415584416,0.24025974025974026
p_kalshi_signal,0.03,0.0,1.0,100,1674,-5.164396654719234,0.7710038513903679,0.4659498207885305,0.6236559139784946,662,-6.377945619335347,0.7144557535589896,0.6510574018126888,0.3474320241691843
p_ensemble,0.07999999999999999,0.4,0.7,99,143,-6.199300699300699,0.7709598243121044,0.5174825174825175,0.7342657342657343,154,-2.246753246753247,0.9014806378132119,0.6363636363636364,0.19480519480519481
p_hist_gb,0.11999999999999998,0.3,0.6,99,196,-6.270408163265306,0.7707944796717643,0.40816326530612246,0.7244897959183674,48,-4.250000000000001,0.8359469240048251,0.5208333333333334,0.16666666666666666
p_residual_lightgbm,0.02,0.4,0.7,90,798,-5.1002506265664165,0.7707494296899203,0.6203007518796992,0.5200501253132832,280,-3.7785714285714285,0.8141087586752175,0.6678571428571428,0.4035714285714286
p_hist_gb,0.15999999999999998,0.0,1.0,99,102,-6.127450980392157,0.7706001101119472,0.3627450980392157,0.7352941176470589,37,-4.851351351351352,0.7986539540100953,0.5945945945945946,0.24324324324324326
p_residual_lightgbm,0.039999999999999994,0.0,1.0,99,1309,-4.761879297173416,0.7704404252890071,0.5729564553093965,0.5317035905271199,356,-4.978370786516854,0.7614573939728387,0.6320224719101124,0.3792134831460674
p_residual_lightgbm,0.10999999999999999,0.0,1.0,100,186,-5.456989247311828,0.7703360108609572,0.543010752688172,0.5698924731182796,20,-3.95,0.8238573021181717,0.65,0.25
p_xgboost,0.02,0.4,0.7,90,674,-5.240356083086054,0.770321238132397,0.6023738872403561,0.6379821958456974,396,-1.7247474747474747,0.907926664869237,0.702020202020202,0.3005050505050505
p_ensemble,0.06999999999999999,0.4,0.7,90,200,-5.47,0.7701439226809539,0.575,0.705,192,-3.78125,0.8083927157561361,0.6875,0.21875
p_residual_lightgbm,0.09,0.6,0.9,99,117,-3.9615384615384617,0.7699751861042183,0.7777777777777778,0.5982905982905983,23,-8.5,0.6192794547224927,0.6956521739130435,0.391304347826087
p_btc_signal,0.02,0.4,0.7,90,761,-5.235873850197109,0.7698616686400785,0.607095926412615,0.568988173455979,420,-3.7071428571428573,0.8165537555228277,0.669047619047619,0.34523809523809523
p_residual_lightgbm,0.06999999999999999,0.0,1.0,99,602,-5.011960132890366,0.7697619937884881,0.5730897009966778,0.5382059800664452,110,-5.534545454545454,0.7514594815268423,0.6454545454545455,0.3181818181818182
p_logit,0.09999999999999999,0.0,1.0,100,261,-5.655555555555555,0.7696509105663145,0.41379310344827586,0.7049808429118773,131,-5.522900763358779,0.762825766267825,0.6106870229007634,0.183206106870229
p_kalshi_signal,0.07999999999999999,0.3,0.6,99,365,-6.198630136986301,0.7695441813088872,0.41643835616438357,0.6547945205479452,86,-10.418604651162791,0.6489028213166145,0.46511627906976744,0.19767441860465115
p_ensemble,0.049999999999999996,0.3,0.6,90,530,-5.6415094339622645,0.7693790975703818,0.4716981132075472,0.6943396226415094,136,-1.2279411764705885,0.9425326909841707,0.6176470588235294,0.11764705882352941
p_kalshi_signal,0.03,0.6,0.9,99,424,-3.974056603773585,0.7689090036343688,0.7806603773584906,0.6768867924528302,433,-5.451501154734411,0.7145879934707696,0.7528868360277137,0.44110854503464203
p_kalshi_signal,0.03,0.3,0.6,90,827,-5.653567110036276,0.7683274285855858,0.4836759371221282,0.6082224909310762,197,-6.144670050761422,0.7455328988858524,0.5431472081218274,0.18781725888324874
p_ensemble,0.03,0.4,0.7,90,563,-5.380994671403197,0.7680854321365689,0.5879218472468917,0.6838365896980462,351,-2.0584045584045585,0.8915002252590479,0.698005698005698,0.2706552706552707
p_ensemble,0.049999999999999996,0.3,0.6,99,530,-6.252830188679245,0.7678784058275548,0.4226415094339623,0.6943396226415094,136,-2.948529411764706,0.8853958273792513,0.5441176470588235,0.11764705882352941
p_kalshi_signal,0.02,0.3,0.6,100,937,-6.324973319103522,0.7677430732452875,0.43223052294557096,0.5933831376734259,231,-7.2229437229437226,0.7414981795646448,0.47619047619047616,0.2077922077922078
p_xgboost,0.07999999999999999,0.0,1.0,100,434,-5.62004608294931,0.7676959122252276,0.4400921658986175,0.7350230414746544,304,-6.934210526315789,0.6993296248751961,0.6710526315789473,0.26973684210526316
p_ensemble,0.049999999999999996,0.0,1.0,100,901,-5.579245283018868,0.7674723038138631,0.41731409544950054,0.7069922308546059,501,-5.797205588822354,0.7401774851499321,0.6726546906187625,0.25948103792415167
p_lightgbm,0.06,0.3,0.6,99,577,-6.248700173310225,0.7671617694543106,0.4246100519930676,0.6672443674176777,145,-3.6724137931034484,0.8579242262540021,0.5310344827586206,0.16551724137931034
p_btc_signal,0.11999999999999998,0.4,0.7,100,124,-6.411290322580645,0.7670329670329671,0.5241935483870968,0.8467741935483871,196,-2.8520408163265305,0.8798624543305394,0.6224489795918368,0.24489795918367346
p_lightgbm,0.03,0.4,0.7,90,667,-5.398050974512744,0.7665726603779701,0.5907046476761619,0.6611694152923538,370,-1.5810810810810811,0.9160206718346253,0.6972972972972973,0.3027027027027027
p_hist_gb,0.049999999999999996,0.0,1.0,100,1222,-5.476595744680851,0.7661104024324182,0.4247135842880524,0.6505728314238952,548,-5.703284671532847,0.7467404604276904,0.6514598540145985,0.2864963503649635
p_residual_lightgbm,0.02,0.0,1.0,100,1962,-4.866870540265035,0.7659699619622761,0.5570846075433231,0.5412844036697247,594,-5.942087542087542,0.7295491464124806,0.6026936026936027,0.4107744107744108
p_logit,0.049999999999999996,0.5,0.8,99,283,-5.641342756183746,0.7653241217110098,0.6395759717314488,0.6855123674911661,309,-5.3964401294498385,0.7649587708788498,0.6731391585760518,0.2524271844660194
p_hist_gb,0.06,0.0,1.0,99,995,-5.549045226130653,0.7653157078188426,0.41809045226130653,0.6673366834170854,464,-5.7644396551724135,0.7424135905313134,0.6573275862068966,0.2650862068965517
p_btc_signal,0.039999999999999994,0.3,0.6,99,705,-6.282978723404256,0.765168986083499,0.4397163120567376,0.6085106382978723,237,-5.141350210970464,0.8089975703425033,0.5063291139240507,0.25738396624472576
p_residual_lightgbm,0.09999999999999999,0.5,0.8,99,106,-5.7924528301886795,0.7651109410864575,0.6226415094339622,0.5660377358490566,16,-15.0,0.5076923076923077,0.5625,0.4375
p_residual_lightgbm,0.07999999999999999,0.6,0.9,99,164,-4.0060975609756095,0.7651054701465856,0.7804878048780488,0.573170731707317,45,-2.588888888888889,0.8581862446743761,0.7555555555555555,0.4222222222222222
p_ensemble,0.07999999999999999,0.0,1.0,90,404,-5.350742574257425,0.7648588086846799,0.44801980198019803,0.7524752475247525,257,-6.363813229571984,0.6474835650393361,0.6770428015564203,0.16342412451361868
p_residual_lightgbm,0.049999999999999996,0.3,0.6,99,446,-6.417040358744394,0.7648025639972059,0.4551569506726457,0.5044843049327354,89,-9.780898876404494,0.6562685093780849,0.449438202247191,0.3146067415730337
p_residual_lightgbm,0.039999999999999994,0.3,0.6,100,542,-6.470479704797048,0.7647966198316622,0.4483394833948339,0.507380073800738,122,-7.950819672131147,0.7138643067846607,0.45901639344262296,0.3524590163934426
p_hist_gb,0.07999999999999999,0.0,1.0,90,659,-5.257207890743551,0.7647677892449756,0.44764795144157815,0.6858877086494689,322,-5.645962732919255,0.690579525146796,0.6677018633540373,0.2329192546583851
p_residual_lightgbm,0.07999999999999999,0.3,0.6,90,221,-5.839366515837104,0.764721969006381,0.5113122171945701,0.5067873303167421,26,-3.7307692307692317,0.8318890814558059,0.5384615384615384,0.15384615384615385
p_kalshi_signal,0.02,0.0,1.0,100,1962,-5.212844036697247,0.7646761063738731,0.46992864424057085,0.6085626911314985,749,-6.851401869158879,0.695250933838507,0.6381842456608812,0.35246995994659547
p_kalshi_signal,0.02,0.5,0.8,90,581,-4.353700516351119,0.7645443544633715,0.7177280550774526,0.6024096385542169,457,-3.948577680525164,0.7703760259591526,0.7527352297592997,0.3851203501094092
p_lightgbm,0.049999999999999996,0.3,0.6,100,671,-6.4225037257824145,0.7643472317156528,0.4232488822652757,0.6721311475409836,170,-1.729411764705883,0.9314045730284648,0.5411764705882353,0.17058823529411765
p_hist_gb,0.09999999999999999,0.3,0.6,80,305,-5.054098360655738,0.7640440838818308,0.5344262295081967,0.7049180327868853,78,-3.051282051282052,0.8388079918726719,0.6538461538461539,0.15384615384615385
p_residual_lightgbm,0.07999999999999999,0.3,0.6,100,221,-6.608597285067873,0.7639214418491878,0.45248868778280543,0.5067873303167421,26,-6.038461538461541,0.7718023255813954,0.46153846153846156,0.15384615384615385
p_market_blend,0.02,0.0,1.0,90,598,-5.145652173913043,0.7637688280182409,0.44481605351170567,0.717391304347826,374,-6.601871657754011,0.6248765591528539,0.6577540106951871,0.2192513368983957
p_residual_lightgbm,0.03,0.0,1.0,100,1633,-4.932088181261482,0.763520199187863,0.5664421310471525,0.5358236374770361,468,-4.7675213675213675,0.774227169238553,0.6217948717948718,0.405982905982906
p_hist_gb,0.10999999999999999,0.0,1.0,99,357,-6.040896358543417,0.763403583065463,0.38935574229691877,0.711484593837535,158,-3.392405063291139,0.8450195171317045,0.6392405063291139,0.20253164556962025
p_btc_signal,0.09999999999999999,0.3,0.6,100,265,-6.40188679245283,0.7626442812172088,0.43018867924528303,0.7132075471698113,133,-4.612781954887218,0.8256111426947129,0.518796992481203,0.21052631578947367
p_ensemble,0.09,0.4,0.7,100,102,-6.5588235294117645,0.7625975869410929,0.5098039215686274,0.7549019607843137,116,0.09482758620689655,1.004425668879501,0.6637931034482759,0.19827586206896552
p_logit,0.02,0.4,0.7,99,723,-6.340940525587828,0.7625903006136557,0.5338865836791148,0.6127247579529738,360,-5.9944444444444445,0.7676071505492139,0.5888888888888889,0.2777777777777778
p_logit,0.03,0.4,0.7,99,618,-6.372168284789644,0.7623846014602064,0.5307443365695793,0.6326860841423948,321,-6.141744548286605,0.763097813025715,0.5887850467289719,0.27414330218068533
p_lightgbm,0.11999999999999998,0.0,1.0,90,276,-5.568115942028985,0.7623554153522607,0.43478260869565216,0.782608695652174,125,-5.02,0.7298170075349839,0.704,0.2
p_kalshi_signal,0.09,0.3,0.6,100,292,-6.469178082191781,0.762315193457062,0.4075342465753425,0.6712328767123288,72,-10.73611111111111,0.6433679354094579,0.4583333333333333,0.16666666666666666
p_logit,0.12999999999999998,0.0,1.0,99,114,-5.87719298245614,0.7622849033173674,0.41228070175438597,0.6666666666666666,41,-5.7439024390243905,0.7569659442724458,0.5609756097560976,0.21951219512195122
p_dual_stack,0.02,0.5,0.8,100,419,-5.693317422434368,0.7621872196191806,0.6467780429594272,0.8210023866348448,510,-5.180392156862745,0.7746214544679036,0.6725490196078432,0.2784313725490196
p_logit,0.06,0.6,0.9,99,150,-5.006666666666667,0.7616629641383688,0.72,0.7533333333333333,244,-6.35655737704918,0.6955241460541813,0.7295081967213115,0.20491803278688525
p_logit,0.09999999999999999,0.4,0.7,100,114,-6.359649122807017,0.7616307742890022,0.5175438596491229,0.6666666666666666,86,-4.104651162790698,0.831704410011919,0.5930232558139535,0.1744186046511628
p_residual_lightgbm,0.07999999999999999,0.3,0.6,99,221,-6.613122171945701,0.7615823817292007,0.45701357466063347,0.5067873303167421,26,-6.500000000000002,0.7543604651162791,0.46153846153846156,0.15384615384615385
p_xgboost,0.03,0.0,1.0,100,1532,-5.227023498694517,0.7612526795643528,0.47127937336814624,0.6364229765013055,708,-5.583615819209039,0.740831552309649,0.673728813559322,0.3403954802259887
p_kalshi_signal,0.07999999999999999,0.4,0.7,100,217,-6.629032258064516,0.7610663566148991,0.5069124423963134,0.6221198156682027,162,-8.74074074074074,0.6843161297514212,0.5617283950617284,0.30246913580246915
p_hist_gb,0.12999999999999998,0.3,0.6,100,160,-6.60625,0.760751471253961,0.4,0.70625,36,-6.222222222222222,0.7757757757757757,0.5,0.16666666666666666
p_residual_lightgbm,0.06,0.3,0.6,100,368,-6.605978260869565,0.7607401210570346,0.4483695652173913,0.5108695652173914,59,-4.161016949152542,0.8372555518727213,0.5084745762711864,0.3050847457627119
p_lightgbm,0.09,0.3,0.6,80,363,-5.136363636363637,0.7606700468519351,0.5344352617079889,0.6859504132231405,88,-4.295454545454546,0.7713248638838476,0.6590909090909091,0.13636363636363635
p_btc_signal,0.07999999999999999,0.3,0.6,99,390,-6.423076923076923,0.7606192364661475,0.43333333333333335,0.676923076923077,160,-5.2625,0.8035005834305717,0.5125,0.24375
p_xgboost,0.06999999999999999,0.4,0.7,100,214,-6.537383177570093,0.7602810143934201,0.5233644859813084,0.7242990654205608,203,-4.022167487684729,0.8361593257750577,0.6206896551724138,0.26108374384236455
p_residual_lightgbm,0.02,0.3,0.6,99,776,-6.507731958762887,0.7601861525311046,0.45103092783505155,0.520618556701031,194,-6.938144329896907,0.748175865294668,0.4639175257731959,0.36082474226804123
p_btc_signal,0.02,0.3,0.6,99,919,-6.497823721436344,0.7595046314941603,0.4385201305767138,0.5875952121871599,269,-3.7936802973977697,0.8554327808471455,0.516728624535316,0.27137546468401486
p_hist_gb,0.06,0.3,0.6,90,588,-5.928571428571429,0.7590544650262648,0.47278911564625853,0.6785714285714286,149,-0.5067114093959736,0.975832266325224,0.610738255033557,0.15436241610738255
p_hist_gb,0.10999999999999999,0.4,0.7,99,131,-6.652671755725191,0.7586206896551724,0.5038167938931297,0.6564885496183206,111,-2.445945945945946,0.8959770114942529,0.6216216216216216,0.22522522522522523
p_kalshi_signal,0.02,0.3,0.6,99,937,-6.544823906083244,0.758534472575501,0.4343649946638207,0.5933831376734259,231,-7.699134199134199,0.724455806026803,0.47619047619047616,0.2077922077922078
p_residual_lightgbm,0.10999999999999999,0.4,0.7,99,102,-6.46078431372549,0.7582981844856043,0.5392156862745098,0.5588235294117647,12,2.583333333333332,1.130801687763713,0.6666666666666666,0.3333333333333333
p_kalshi_signal,0.09999999999999999,0.3,0.6,90,229,-5.962882096069869,0.7582758010267304,0.4497816593886463,0.6855895196506551,58,-10.362068965517242,0.6174411203055379,0.5172413793103449,0.1206896551724138
p_lightgbm,0.049999999999999996,0.3,0.6,99,671,-6.550670640834575,0.7580569698637677,0.4262295081967213,0.6721311475409836,170,-2.2705882352941185,0.9099393373775082,0.5411764705882353,0.17058823529411765
p_btc_signal,0.03,0.3,0.6,100,813,-6.597170971709717,0.7580521472392638,0.43419434194341944,0.5879458794587946,253,-3.5869565217391304,0.8644207066557108,0.5138339920948617,0.25691699604743085
p_ensemble,0.039999999999999994,0.5,0.8,90,304,-4.625,0.7579826146828471,0.7072368421052632,0.743421052631579,395,-3.9075949367088607,0.7715364120781527,0.7569620253164557,0.30632911392405066
p_lightgbm,0.039999999999999994,0.4,0.7,90,573,-5.641361256544503,0.757973944294699,0.5881326352530541,0.675392670157068,330,-0.990909090909091,0.9463098267794106,0.706060606060606,0.28484848484848485
p_btc_signal,0.10999999999999999,0.5,0.8,90,104,-5.0,0.7576887232059646,0.6730769230769231,0.8269230769230769,264,-3.981060606060606,0.7746811019401865,0.7462121212121212,0.2537878787878788
p_kalshi_signal,0.07999999999999999,0.3,0.6,90,365,-6.001369863013698,0.7573525339241207,0.4602739726027397,0.6547945205479452,86,-9.372093023255815,0.642492792193391,0.5232558139534884,0.19767441860465115
p_residual_lightgbm,0.09999999999999999,0.5,0.8,100,106,-6.113207547169812,0.7573488110840667,0.6132075471698113,0.5660377358490566,16,-14.4375,0.5261538461538462,0.5625,0.4375
p_ensemble,0.039999999999999994,0.3,0.6,100,641,-6.64820592823713,0.7569301848049281,0.41965678627145087,0.6786271450858035,165,-3.657575757575758,0.8608485127968641,0.5272727272727272,0.12727272727272726
p_logit,0.039999999999999994,0.5,0.8,99,360,-5.858333333333333,0.7568035055350554,0.6388888888888888,0.6666666666666666,351,-5.884615384615385,0.7492260061919505,0.6666666666666666,0.2678062678062678
p_residual_lightgbm,0.09,0.4,0.7,90,167,-5.565868263473054,0.7568027210884354,0.6047904191616766,0.5149700598802395,22,9.454545454545455,1.8353413654618473,0.8181818181818182,0.45454545454545453
p_kalshi_signal,0.03,0.0,1.0,99,1674,-5.452329749103942,0.7567960776999121,0.46774193548387094,0.6236559139784946,662,-6.133232628398791,0.7172070346508794,0.6601208459214502,0.3474320241691843
p_xgboost,0.03,0.3,0.6,100,724,-6.633977900552487,0.7567547036033526,0.42955801104972374,0.6464088397790055,196,-4.076530612244898,0.8444466076121873,0.5255102040816326,0.1683673469387755
p_residual_lightgbm,0.07999999999999999,0.4,0.7,100,218,-6.660550458715596,0.7562736046999581,0.536697247706422,0.518348623853211,42,0.35714285714285715,1.016638935108153,0.6428571428571429,0.38095238095238093
p_residual_lightgbm,0.09999999999999999,0.0,1.0,90,250,-4.8168,0.7558988080758939,0.528,0.564,26,-4.615384615384615,0.738562091503268,0.6153846153846154,0.34615384615384615
p_lightgbm,0.02,0.4,0.7,90,775,-5.6974193548387095,0.7555297179082578,0.5883870967741935,0.6412903225806451,406,-2.0123152709359604,0.8951084863268712,0.6896551724137931,0.31773399014778325
p_hist_gb,0.049999999999999996,0.3,0.6,100,673,-6.688707280832095,0.7554064333840469,0.42050520059435365,0.662704309063893,170,-1.8352941176470587,0.9273827534039334,0.5352941176470588,0.1588235294117647
p_btc_signal,0.06,0.3,0.6,90,527,-5.938330170777989,0.7554027121028567,0.4819734345351044,0.6394686907020873,194,-4.438144329896907,0.810352422907489,0.5670103092783505,0.25257731958762886
p_lightgbm,0.07999999999999999,0.0,1.0,90,653,-5.378254211332313,0.7553584987147962,0.450229709035222,0.6937212863705973,353,-4.525495750708215,0.7309020466604902,0.6968838526912181,0.24362606232294617
p_residual_lightgbm,0.06999999999999999,0.4,0.7,100,288,-6.621527777777778,0.7552932118567945,0.5416666666666666,0.53125,64,-1.765625,0.9226557152635181,0.625,0.3125
p_xgboost,0.049999999999999996,0.4,0.7,90,371,-5.699460916442049,0.7550961315728515,0.5956873315363881,0.6954177897574124,280,-1.7392857142857145,0.906084273454826,0.7107142857142857,0.2857142857142857
p_ensemble,0.039999999999999994,0.0,1.0,100,1162,-5.733476764199656,0.7550904124897531,0.4268502581755594,0.6927710843373494,592,-6.046452702702703,0.7281089539087898,0.6655405405405406,0.27364864864864863
p_lightgbm,0.06999999999999999,0.0,1.0,100,815,-5.9611042944785275,0.75503711024162,0.4134969325153374,0.6760736196319018,433,-4.178983833718245,0.8047793721005502,0.6720554272517321,0.2586605080831409
p_kalshi_signal,0.09,0.4,0.7,90,169,-5.920118343195266,0.7546290619251993,0.5680473372781065,0.6449704142011834,133,-7.913533834586466,0.6546349466776046,0.631578947368421,0.2857142857142857
p_logit,0.11999999999999998,0.0,1.0,90,152,-5.618421052631579,0.7545271629778671,0.4605263157894737,0.7039473684210527,63,-10.912698412698413,0.533106960950764,0.5714285714285714,0.15873015873015872
p_hist_gb,0.10999999999999999,0.0,1.0,90,357,-5.763585434173669,0.7542753415496322,0.43137254901960786,0.711484593837535,158,-4.5886075949367084,0.7512864493996569,0.6835443037974683,0.20253164556962025
p_residual_lightgbm,0.039999999999999994,0.3,0.6,99,542,-6.736162361623617,0.7542076208428706,0.45018450184501846,0.507380073800738,122,-8.40983606557377,0.6973451327433628,0.45901639344262296,0.3524590163934426
p_logit,0.049999999999999996,0.4,0.7,100,393,-6.739185750636132,0.7540740052927248,0.5190839694656488,0.6463104325699746,239,-6.341004184100418,0.7590045320823726,0.5857740585774058,0.2301255230125523
p_hist_gb,0.049999999999999996,0.0,1.0,99,1222,-5.7392798690671025,0.7540236738272686,0.42635024549918166,0.6505728314238952,548,-5.632116788321168,0.7431360636500577,0.6587591240875912,0.2864963503649635
p_ensemble,0.049999999999999996,0.0,1.0,99,901,-5.886681465038846,0.7540163250162323,0.4184239733629301,0.7069922308546059,501,-5.67944111776447,0.7378333056922255,0.6806387225548902,0.25948103792415167
p_btc_signal,0.03,0.4,0.7,90,668,-5.667664670658683,0.753948138038604,0.6017964071856288,0.5718562874251497,395,-3.517721518987342,0.8246023731380965,0.6708860759493671,0.3240506329113924
p_logit,0.12999999999999998,0.0,1.0,90,114,-5.640350877192983,0.7537342014553811,0.45614035087719296,0.6666666666666666,41,-10.792682926829269,0.5433436532507739,0.5609756097560976,0.21951219512195122
p_xgboost,0.06999999999999999,0.5,0.8,100,176,-5.954545454545454,0.7534697718183957,0.6363636363636364,0.75,286,-5.674825174825175,0.7598757212605415,0.6643356643356644,0.32867132867132864
p_residual_lightgbm,0.06,0.3,0.6,99,368,-6.7853260869565215,0.7528701504354711,0.45108695652173914,0.5108695652173914,59,-4.66949152542373,0.8173682466025853,0.5084745762711864,0.3050847457627119
p_logit,0.09999999999999999,0.0,1.0,99,261,-6.069348659003831,0.7527972409918696,0.41379310344827586,0.7049808429118773,131,-5.377862595419847,0.7638283607106939,0.6183206106870229,0.183206106870229
p_kalshi_signal,0.039999999999999994,0.3,0.6,100,725,-6.835172413793104,0.7526640213620823,0.4193103448275862,0.6137931034482759,174,-7.396551724137931,0.7376146788990826,0.4827586206896552,0.1781609195402299
p_hist_gb,0.039999999999999994,0.3,0.6,100,773,-6.794954721862872,0.7524332477081517,0.4243208279430789,0.6597671410090556,194,-2.551546391752577,0.901,0.5257731958762887,0.17525773195876287
p_dual_stack,0.02,0.6,0.9,100,381,-4.599737532808399,0.7523668220997598,0.7585301837270341,0.8320209973753281,533,-4.935272045028142,0.7428892581370345,0.7523452157598499,0.399624765478424
p_hist_gb,0.06999999999999999,0.0,1.0,90,829,-5.3864897466827495,0.7523610933955933,0.44752714113389624,0.6851628468033776,383,-6.43733681462141,0.6514701724625389,0.6553524804177546,0.24804177545691905
p_ensemble,0.02,0.4,0.7,90,696,-5.795977011494253,0.7519217760285345,0.5862068965517241,0.6695402298850575,384,-1.921875,0.8982209350434422,0.6979166666666666,0.2838541666666667
p_hist_gb,0.11999999999999998,0.3,0.6,90,196,-6.270408163265306,0.7517673197333872,0.4489795918367347,0.7244897959183674,48,-5.187500000000001,0.7779759251003121,0.5625,0.16666666666666666
p_residual_lightgbm,0.03,0.3,0.6,100,654,-6.856269113149847,0.751709626512362,0.44495412844036697,0.5091743119266054,152,-5.927631578947368,0.781734496124031,0.47368421052631576,0.35526315789473684
p_kalshi_signal,0.10999999999999999,0.3,0.6,90,176,-6.232954545454546,0.7513599274705349,0.4431818181818182,0.7159090909090909,38,-4.815789473684211,0.7980132450331126,0.5789473684210527,0.10526315789473684
p_kalshi_signal,0.02,0.0,1.0,99,1962,-5.4804281345565755,0.7509525210249474,0.47145769622833844,0.6085626911314985,749,-6.568357810413885,0.6990217610747781,0.6461949265687583,0.35246995994659547
p_kalshi_signal,0.11999999999999998,0.3,0.6,90,142,-6.267605633802817,0.7509095997760985,0.43661971830985913,0.7394366197183099,29,-3.8448275862068977,0.8343239227340268,0.5862068965517241,0.06896551724137931
p_residual_lightgbm,0.07999999999999999,0.4,0.7,99,218,-6.743119266055046,0.7508896797153025,0.5412844036697247,0.518348623853211,42,-0.2857142857142857,0.9866888519134775,0.6428571428571429,0.38095238095238093
p_xgboost,0.09999999999999999,0.3,0.6,100,144,-6.694444444444445,0.750582147477361,0.3888888888888889,0.7847222222222222,40,-3.85,0.8524904214559387,0.55,0.075
p_hist_gb,0.13999999999999999,0.0,1.0,90,172,-6.191860465116279,0.75,0.4069767441860465,0.6976744186046512,65,-6.546153846153846,0.6809148856392951,0.6461538461538462,0.26153846153846155
p_residual_lightgbm,0.02,0.0,1.0,99,1962,-5.14413863404689,0.7499374397625436,0.5530071355759429,0.5412844036697247,594,-5.721548821548821,0.7317155961130101,0.6026936026936027,0.4107744107744108
p_xgboost,0.049999999999999996,0.6,0.9,99,248,-4.548387096774194,0.7496115427302996,0.7661290322580645,0.7298387096774194,407,-5.372235872235872,0.7173238526179703,0.7542997542997543,0.40294840294840295
p_xgboost,0.03,0.3,0.6,99,724,-6.790055248618785,0.7495095666352449,0.43232044198895025,0.6464088397790055,196,-4.096938775510204,0.8418357297616703,0.5306122448979592,0.1683673469387755
p_xgboost,0.07999999999999999,0.0,1.0,99,434,-6.060138248847927,0.74950474303783,0.4400921658986175,0.7350230414746544,304,-6.302631578947368,0.7134310499551301,0.6842105263157895,0.26973684210526316
p_hist_gb,0.049999999999999996,0.3,0.6,99,673,-6.815007429420505,0.7494126645905043,0.4234769687964339,0.662704309063893,170,-2.3705882352941177,0.9062027231467473,0.5352941176470588,0.1588235294117647
p_hist_gb,0.039999999999999994,0.3,0.6,99,773,-6.833764553686934,0.7490737222116663,0.4282018111254851,0.6597671410090556,194,-2.5670103092783507,0.8992004857807914,0.5309278350515464,0.17525773195876287
p_lightgbm,0.049999999999999996,0.5,0.8,90,327,-4.86697247706422,0.7487964643674533,0.7033639143730887,0.7064220183486238,377,-3.7705570291777186,0.7795440446650124,0.7559681697612732,0.3183023872679045
p_logit,0.06999999999999999,0.0,1.0,100,586,-6.2540955631399315,0.748678210183439,0.4232081911262799,0.6808873720136519,287,-5.569686411149826,0.7574171029668412,0.6411149825783972,0.17073170731707318
p_hist_gb,0.039999999999999994,0.0,1.0,100,1456,-5.89326923076923,0.7485398454419441,0.42994505494505497,0.6394230769230769,624,-4.800320512820513,0.7780560454053733,0.6602564102564102,0.3060897435897436
p_hist_gb,0.13999999999999999,0.0,1.0,100,172,-6.773255813953488,0.7484344633988339,0.36046511627906974,0.6976744186046512,65,-4.7,0.8017521090201168,0.6,0.26153846153846155
p_kalshi_signal,0.02,0.3,0.6,90,937,-6.218249733191035,0.7479887543252595,0.4813233724653148,0.5933831376734259,231,-6.91991341991342,0.7187719915552427,0.5324675324675324,0.2077922077922078
p_btc_signal,0.11999999999999998,0.4,0.7,99,124,-6.935483870967742,0.747985347985348,0.5241935483870968,0.8467741935483871,196,-2.4642857142857144,0.8930942895086321,0.6326530612244898,0.24489795918367346
p_dual_stack,0.03,0.6,0.9,100,286,-4.72027972027972,0.7477342801083808,0.7587412587412588,0.9335664335664335,472,-5.298728813559322,0.7268159475696341,0.75,0.3305084745762712
p_lightgbm,0.03,0.3,0.6,100,876,-6.968036529680365,0.7476799702374801,0.4235159817351598,0.636986301369863,222,-0.5900900900900902,0.9758703260268926,0.5495495495495496,0.22072072072072071
p_logit,0.09999999999999999,0.0,1.0,90,261,-5.655555555555555,0.7476148138015934,0.4559386973180077,0.7049808429118773,131,-6.820610687022901,0.6567422205147906,0.6641221374045801,0.183206106870229
p_residual_lightgbm,0.10999999999999999,0.0,1.0,99,186,-6.0,0.7474827469170721,0.543010752688172,0.5698924731182796,20,0.35,1.0194444444444444,0.7,0.25
p_kalshi_signal,0.09,0.3,0.6,99,292,-6.876712328767123,0.7473419314249764,0.4075342465753425,0.6712328767123288,72,-11.194444444444445,0.6281430219146482,0.4583333333333333,0.16666666666666666
p_lightgbm,0.06,0.0,1.0,100,985,-6.049644670050761,0.7470895069457119,0.4182741116751269,0.6730964467005076,497,-5.331991951710261,0.7563890421033278,0.6619718309859155,0.2796780684104628
p_btc_signal,0.06,0.0,1.0,100,1228,-5.62842019543974,0.7470567353824873,0.3786644951140065,0.6359934853420195,585,-4.130769230769231,0.8124039312497089,0.6427350427350428,0.2923076923076923
p_hist_gb,0.12999999999999998,0.0,1.0,100,230,-6.713913043478261,0.7466946622486139,0.3652173913043478,0.7,85,-4.064705882352941,0.8240387063916476,0.611764705882353,0.27058823529411763
p_btc_signal,0.09999999999999999,0.3,0.6,99,265,-6.832075471698113,0.746694648478489,0.43018867924528303,0.7132075471698113,133,-5.131578947368421,0.8059977259806709,0.518796992481203,0.21052631578947367
p_xgboost,0.039999999999999994,0.0,1.0,100,1251,-5.691686650679457,0.7465679557224465,0.4596322941646683,0.6554756195043965,638,-4.881818181818182,0.7708235224864611,0.6865203761755486,0.3322884012539185
p_lightgbm,0.06999999999999999,0.0,1.0,99,815,-6.131656441717792,0.7464174802606207,0.41595092024539876,0.6760736196319018,433,-3.9364896073903,0.809425313059034,0.6812933025404158,0.2586605080831409
p_ensemble,0.039999999999999994,0.3,0.6,99,641,-6.913416536661466,0.7464164115475952,0.42121684867394693,0.6786271450858035,165,-4.1848484848484855,0.8407885635231727,0.5272727272727272,0.12727272727272726
p_xgboost,0.03,0.5,0.8,90,487,-4.734086242299795,0.7462719418918176,0.7186858316221766,0.6652977412731006,476,-3.69327731092437,0.7835508495444472,0.7563025210084033,0.36764705882352944
p_hist_gb,0.12999999999999998,0.3,0.6,99,160,-7.00625,0.7462652784065188,0.4,0.70625,36,-6.722222222222222,0.7577577577577578,0.5,0.16666666666666666
p_residual_lightgbm,0.06999999999999999,0.4,0.7,99,288,-6.819444444444445,0.7461384346926905,0.5451388888888888,0.53125,64,-2.390625,0.8952772073921971,0.625,0.3125
p_xgboost,0.09,0.4,0.7,100,100,-6.99,0.7460951689066473,0.52,0.78,127,-2.3661417322834644,0.8977369406159605,0.6456692913385826,0.2677165354330709
p_xgboost,0.09,0.0,1.0,100,305,-6.286229508196721,0.7460294331924815,0.419672131147541,0.7672131147540984,233,-3.8605150214592276,0.8139991728701406,0.6995708154506438,0.27467811158798283
p_ensemble,0.06999999999999999,0.0,1.0,90,545,-5.7187155963302745,0.7460150596518678,0.44587155963302755,0.726605504587156,343,-6.762390670553936,0.6214606283149735,0.6647230320699709,0.21574344023323616
p_btc_signal,0.03,0.3,0.6,99,813,-6.909594095940959,0.7458662263340043,0.4354243542435424,0.5879458794587946,253,-4.100790513833992,0.8449988795099723,0.5138339920948617,0.25691699604743085
p_ensemble,0.049999999999999996,0.5,0.8,90,228,-5.087719298245614,0.7457812842428228,0.6929824561403509,0.7543859649122807,344,-4.587209302325581,0.7397757255936676,0.75,0.29069767441860467
p_residual_lightgbm,0.02,0.3,0.6,90,776,-6.275773195876289,0.7455390965854168,0.49871134020618557,0.520618556701031,194,-5.546391752577319,0.7702327567798419,0.5257731958762887,0.36082474226804123
p_residual_lightgbm,0.03,0.0,1.0,99,1633,-5.275015309246785,0.7450416292994496,0.5609308022045315,0.5358236374770361,468,-4.342307692307692,0.7860391661402399,0.6260683760683761,0.405982905982906
p_xgboost,0.03,0.0,1.0,99,1532,-5.569060052219321,0.744716629414528,0.4725848563968668,0.6364229765013055,708,-5.419774011299435,0.7407840249677433,0.6807909604519774,0.3403954802259887
p_btc_signal,0.09,0.3,0.6,100,328,-7.012195121951219,0.7446430554013544,0.42073170731707316,0.7103658536585366,143,-3.1503496503496504,0.8771977647539867,0.5314685314685315,0.22377622377622378
p_residual_lightgbm,0.03,0.4,0.7,90,687,-5.804221251819505,0.7441778405081158,0.6157205240174672,0.5167394468704513,235,-2.2191489361702126,0.8836846213895394,0.6893617021276596,0.40425531914893614
p_ensemble,0.039999999999999994,0.3,0.6,90,641,-6.35179407176287,0.744172164624568,0.46957878315132606,0.6786271450858035,165,-2.930303030303031,0.8691297875219921,0.593939393939394,0.12727272727272726
p_ensemble,0.09,0.4,0.7,99,102,-7.068627450980392,0.7441447835344216,0.5098039215686274,0.7549019607843137,116,0.28448275862068967,1.0136476426799008,0.6724137931034483,0.19827586206896552
p_kalshi_signal,0.049999999999999996,0.4,0.7,100,428,-7.093457943925234,0.744132147823522,0.5116822429906542,0.6261682242990654,265,-5.273584905660377,0.7936050804903264,0.5924528301886792,0.3132075471698113
p_xgboost,0.039999999999999994,0.3,0.6,100,610,-7.039344262295082,0.7440314744716998,0.42131147540983604,0.6655737704918033,171,-1.798245614035088,0.9284717376133985,0.5555555555555556,0.16374269005847952
p_dual_stack,0.02,0.5,0.8,99,419,-6.101431980906921,0.7435164283922749,0.649164677804296,0.8210023866348448,510,-4.688235294117647,0.7886221986473942,0.6843137254901961,0.2784313725490196
p_lightgbm,0.039999999999999994,0.3,0.6,100,769,-7.109882964889467,0.7432556173839544,0.4213263979193758,0.6618985695708712,192,-0.005208333333333333,0.9997855227882038,0.5572916666666666,0.203125
p_xgboost,0.06,0.3,0.6,100,438,-7.04337899543379,0.7429702145386378,0.4132420091324201,0.6735159817351598,111,-1.6981981981981995,0.9324614833393049,0.5675675675675675,0.0990990990990991
p_xgboost,0.07999999999999999,0.5,0.8,100,124,-6.403225806451613,0.7428756476683938,0.6290322580645161,0.7903225806451613,231,-5.4480519480519485,0.7667068310316063,0.6666666666666666,0.3203463203463203
p_kalshi_signal,0.039999999999999994,0.3,0.6,90,725,-6.421379310344828,0.7428042649577371,0.4703448275862069,0.6137931034482759,174,-6.017241379310345,0.7499402913780749,0.5517241379310345,0.1781609195402299
p_kalshi_signal,0.07999999999999999,0.4,0.7,99,217,-7.135944700460829,0.7427954488829831,0.5069124423963134,0.6221198156682027,162,-8.691358024691358,0.6813037573562698,0.5679012345679012,0.30246913580246915
p_logit,0.049999999999999996,0.6,0.9,100,199,-5.5201005025125625,0.7424384525205159,0.7185929648241206,0.7336683417085427,305,-7.073770491803279,0.6729078229229837,0.7180327868852459,0.25901639344262295
p_hist_gb,0.03,0.4,0.7,90,652,-6.085889570552148,0.7423627568743304,0.5812883435582822,0.661042944785276,367,-2.2302452316076296,0.8833630210188814,0.6920980926430518,0.3106267029972752
p_kalshi_signal,0.13999999999999999,0.0,1.0,100,114,-6.7105263157894735,0.7423374873694847,0.3508771929824561,0.7543859649122807,32,-3.3125,0.860983606557377,0.59375,0.28125
p_logit,0.09999999999999999,0.4,0.7,99,114,-6.87719298245614,0.7422324510932106,0.5175438596491229,0.6666666666666666,86,-3.546511627906977,0.8497536945812808,0.6046511627906976,0.1744186046511628
p_hist_gb,0.039999999999999994,0.4,0.7,90,575,-6.075652173913044,0.7422246817930271,0.5808695652173913,0.6660869565217391,322,-2.580745341614907,0.8666559691912709,0.6894409937888198,0.2919254658385093
p_hist_gb,0.09999999999999999,0.4,0.7,80,172,-4.959302325581396,0.7421402660217654,0.6511627906976745,0.6627906976744186,132,-4.03030303030303,0.7347294938917975,0.75,0.23484848484848486
p_xgboost,0.049999999999999996,0.3,0.6,100,519,-7.116570327552987,0.7420830278272407,0.4161849710982659,0.6666666666666666,133,-1.5000000000000004,0.9401799100449775,0.5639097744360902,0.12781954887218044
p_hist_gb,0.02,0.4,0.7,90,752,-6.087765957446808,0.7418881966566121,0.5837765957446809,0.6436170212765957,406,-1.751231527093596,0.9077042902576751,0.6921182266009852,0.32019704433497537
p_kalshi_signal,0.039999999999999994,0.3,0.6,99,725,-7.116551724137931,0.7417538415336102,0.4206896551724138,0.6137931034482759,174,-7.879310344827586,0.7204892966360856,0.4827586206896552,0.1781609195402299
p_ensemble,0.06,0.5,0.8,90,175,-5.185714285714286,0.7413055872291904,0.6914285714285714,0.7485714285714286,294,-3.489795918367347,0.7914210205326286,0.7619047619047619,0.2687074829931973
p_kalshi_signal,0.039999999999999994,0.0,1.0,100,1368,-6.092105263157895,0.7412901964071186,0.44298245614035087,0.6366959064327485,587,-6.0860306643952296,0.7252958500257597,0.6575809199318569,0.33049403747870526
p_xgboost,0.06999999999999999,0.4,0.7,99,214,-7.0607476635514015,0.7410897875257025,0.5233644859813084,0.7242990654205608,203,-4.155172413793103,0.8284174125305126,0.625615763546798,0.26108374384236455
p_residual_lightgbm,0.09,0.0,1.0,90,337,-5.053709198813057,0.7408985105962179,0.516320474777448,0.5311572700296736,37,2.5,1.1855566700100302,0.7027027027027027,0.35135135135135137
p_btc_signal,0.10999999999999999,0.4,0.7,90,157,-6.156050955414012,0.740710932260228,0.5859872611464968,0.8089171974522293,212,-1.8773584905660377,0.8985340981516889,0.7028301886792453,0.25
p_lightgbm,0.10999999999999999,0.0,1.0,90,354,-6.105649717514124,0.7406963073157857,0.4350282485875706,0.7598870056497176,172,-3.5872093023255816,0.7854659248956884,0.7209302325581395,0.18023255813953487
p_kalshi_signal,0.049999999999999996,0.3,0.6,100,618,-7.233009708737864,0.740538657998607,0.4110032362459547,0.6197411003236246,151,-7.970198675496689,0.7200186111434221,0.4768211920529801,0.19205298013245034
p_residual_lightgbm,0.03,0.3,0.6,99,654,-7.149847094801223,0.7402655113036716,0.44648318042813456,0.5091743119266054,152,-6.401315789473684,0.7642926356589147,0.47368421052631576,0.35526315789473684
p_kalshi_signal,0.06999999999999999,0.3,0.6,100,437,-7.177345537757437,0.740076240987818,0.40503432494279173,0.631578947368421,110,-8.345454545454546,0.7099067783220098,0.4818181818181818,0.15454545454545454
p_ensemble,0.039999999999999994,0.0,1.0,99,1162,-6.075129087779691,0.7399563849616527,0.42771084337349397,0.6927710843373494,592,-5.875844594594595,0.7276613402021499,0.6739864864864865,0.27364864864864863
p_btc_signal,0.049999999999999996,0.3,0.6,90,611,-6.3936170212765955,0.7398095111229519,0.4795417348608838,0.6170212765957447,214,-4.098130841121496,0.824001605458559,0.5700934579439252,0.24766355140186916
p_residual_lightgbm,0.11999999999999998,0.0,1.0,100,119,-6.30672268907563,0.7396808879639265,0.5294117647058824,0.5798319327731093,11,-14.045454545454545,0.5194401244167963,0.5454545454545454,0.2727272727272727
p_ensemble,0.09,0.4,0.7,90,102,-6.362745098039215,0.7396710790212595,0.5686274509803921,0.7549019607843137,116,-1.1120689655172413,0.9366093366093367,0.7241379310344828,0.19827586206896552
p_kalshi_signal,0.049999999999999996,0.4,0.7,99,428,-7.142523364485982,0.7395970867583799,0.5163551401869159,0.6261682242990654,265,-5.118867924528302,0.7954922357907432,0.6,0.3132075471698113
p_lightgbm,0.03,0.3,0.6,99,876,-7.165525114155251,0.7392351951477889,0.4257990867579909,0.636986301369863,222,-1.1396396396396395,0.9533984159145331,0.5495495495495496,0.22072072072072071
p_hist_gb,0.11999999999999998,0.0,1.0,100,278,-6.924100719424461,0.7391699074513205,0.3669064748201439,0.7158273381294964,117,-3.175213675213675,0.8592269799166351,0.6239316239316239,0.23076923076923078
p_btc_signal,0.03,0.5,0.8,90,554,-5.030685920577618,0.7391060145097121,0.7057761732851986,0.6245487364620939,481,-3.8409563409563408,0.7752433090024331,0.7546777546777547,0.3492723492723493
p_dual_stack,0.03,0.5,0.8,100,298,-6.302013422818792,0.7390035438815926,0.6476510067114094,0.8959731543624161,429,-5.707459207459207,0.7538206314096119,0.6736596736596736,0.22843822843822845
p_btc_signal,0.07999999999999999,0.3,0.6,90,390,-6.4,0.7389667433591299,0.47692307692307695,0.676923076923077,160,-4.250000000000001,0.8165137614678899,0.575,0.24375
p_ensemble,0.06,0.0,1.0,90,701,-5.734522111269615,0.7387368065304424,0.44935805991440797,0.7104136947218259,417,-5.457314148681054,0.6751413235881917,0.6642685851318945,0.22062350119904076
p_xgboost,0.039999999999999994,0.3,0.6,99,610,-7.136065573770492,0.738644892077692,0.4245901639344262,0.6655737704918033,171,-1.774853801169591,0.9284113692652436,0.5614035087719298,0.16374269005847952
p_xgboost,0.049999999999999996,0.3,0.6,99,519,-7.151252408477842,0.7386359635224112,0.42003853564547206,0.6666666666666666,133,-2.0639097744360906,0.9176911544227886,0.5639097744360902,0.12781954887218044
p_logit,0.09,0.0,1.0,100,335,-6.561791044776119,0.7384558639808678,0.41492537313432837,0.6985074626865672,175,-4.808571428571429,0.7899663047547735,0.6285714285714286,0.16
p_lightgbm,0.039999999999999994,0.3,0.6,90,769,-6.524707412223667,0.7383175132992594,0.47464239271781533,0.6618985695708712,192,0.5156249999999994,1.0253391348861018,0.625,0.203125
p_hist_gb,0.039999999999999994,0.0,1.0,99,1456,-6.118543956043955,0.7376629189660352,0.4320054945054945,0.6394230769230769,624,-4.508653846153846,0.7843179344076293,0.6698717948717948,0.3060897435897436
p_hist_gb,0.12999999999999998,0.3,0.6,90,160,-6.66875,0.7372891788747999,0.44375,0.70625,36,-6.222222222222222,0.7445838084378563,0.5555555555555556,0.16666666666666666
p_kalshi_signal,0.12999999999999998,0.0,1.0,100,159,-6.9547169811320755,0.7370148401826484,0.3522012578616352,0.7358490566037735,43,-6.337209302325581,0.7542831379621281,0.5813953488372093,0.27906976744186046
p_ensemble,0.03,0.3,0.6,100,769,-7.291937581274382,0.7369038402890187,0.41612483745123535,0.6684005201560468,191,-1.316753926701571,0.9471083070452155,0.5497382198952879,0.15706806282722513
p_lightgbm,0.06,0.0,1.0,99,985,-6.266903553299492,0.7365982086851887,0.4203045685279188,0.6730964467005076,497,-5.197183098591549,0.75523547806311,0.670020120724346,0.2796780684104628
p_lightgbm,0.03,0.3,0.6,90,876,-6.579908675799087,0.7363944022683618,0.4748858447488584,0.636986301369863,222,-0.8153153153153155,0.9612709960415107,0.6081081081081081,0.22072072072072071
p_ensemble,0.07999999999999999,0.4,0.7,90,143,-6.451048951048951,0.7361270022883295,0.5664335664335665,0.7342657342657343,154,-2.12987012987013,0.8852745715285064,0.7012987012987013,0.19480519480519481
p_xgboost,0.09999999999999999,0.3,0.6,99,144,-7.083333333333333,0.7360931435963778,0.3888888888888889,0.7847222222222222,40,-4.4,0.8314176245210728,0.55,0.075
p_ensemble,0.09,0.3,0.6,80,210,-5.876190476190477,0.7359580614100781,0.5095238095238095,0.7571428571428571,52,-2.980769230769233,0.8272017837235228,0.6923076923076923,0.09615384615384616
p_xgboost,0.09999999999999999,0.0,1.0,100,211,-6.670616113744076,0.7359534752837444,0.3981042654028436,0.7725118483412322,176,-3.1931818181818183,0.8436065117573397,0.6988636363636364,0.2727272727272727
p_lightgbm,0.039999999999999994,0.3,0.6,99,769,-7.27373211963589,0.735850393143019,0.42392717815344605,0.6618985695708712,192,-0.5625,0.9768364611260053,0.5572916666666666,0.203125
p_logit,0.039999999999999994,0.4,0.7,100,501,-7.338323353293413,0.7357127453094673,0.5129740518962076,0.6407185628742516,273,-6.1300366300366305,0.7662872704420083,0.5860805860805861,0.2454212454212454
p_ensemble,0.03,0.5,0.8,90,397,-5.102015113350126,0.7354535362110625,0.7052896725440806,0.707808564231738,447,-4.050335570469799,0.766688144329897,0.7539149888143176,0.3333333333333333
p_hist_gb,0.02,0.3,0.6,100,962,-7.356548856548857,0.7352413019079685,0.42203742203742206,0.6382536382536382,267,-3.237827715355805,0.8743915728296404,0.5168539325842697,0.23220973782771537
p_logit,0.049999999999999996,0.4,0.7,99,393,-7.258269720101781,0.7351316217094572,0.5190839694656488,0.6463104325699746,239,-6.098326359832636,0.7631429267896319,0.5941422594142259,0.2301255230125523
p_hist_gb,0.13999999999999999,0.0,1.0,99,172,-7.133720930232558,0.7350464262578277,0.36046511627906974,0.6976744186046512,65,-5.3,0.7764438676184295,0.6,0.26153846153846155
p_kalshi_signal,0.049999999999999996,0.3,0.6,90,618,-6.68284789644013,0.7349675928896875,0.4627831715210356,0.6197411003236246,151,-6.7781456953642385,0.7230415370044649,0.543046357615894,0.19205298013245034
p_lightgbm,0.09999999999999999,0.3,0.6,80,308,-5.808441558441558,0.7349236923988739,0.5194805194805194,0.724025974025974,69,-2.7753623188405805,0.8410788381742739,0.6811594202898551,0.14492753623188406
p_xgboost,0.06,0.3,0.6,99,438,-7.230593607305936,0.7348903398627156,0.4155251141552511,0.6735159817351598,111,-2.265765765765767,0.9098889286993909,0.5675675675675675,0.0990990990990991
p_logit,0.03,0.3,0.6,100,746,-7.423592493297587,0.734712941007401,0.4222520107238606,0.6206434316353887,200,-5.51,0.7956420955030135,0.495,0.22
p_residual_lightgbm,0.039999999999999994,0.3,0.6,90,542,-6.636531365313653,0.7344113412338021,0.496309963099631,0.507380073800738,122,-8.114754098360656,0.6763648251062438,0.5081967213114754,0.3524590163934426
p_kalshi_signal,0.11999999999999998,0.0,1.0,100,206,-6.842233009708738,0.73423211087018,0.3592233009708738,0.7135922330097088,62,-5.161290322580645,0.7890573500329597,0.6129032258064516,0.27419354838709675
p_logit,0.049999999999999996,0.3,0.6,100,504,-7.450396825396825,0.734093403675247,0.4146825396825397,0.623015873015873,139,-6.974820143884892,0.749483204134367,0.48201438848920863,0.16546762589928057
p_lightgbm,0.02,0.3,0.6,100,990,-7.424242424242424,0.7333816994649497,0.4212121212121212,0.6262626262626263,248,-1.3629032258064522,0.9453074433656958,0.5403225806451613,0.23387096774193547
p_lightgbm,0.049999999999999996,0.0,1.0,100,1196,-6.3545986622073585,0.7333270174773768,0.4230769230769231,0.6747491638795987,568,-5.447007042253521,0.7535467631056978,0.6602112676056338,0.2852112676056338
p_kalshi_signal,0.06999999999999999,0.4,0.7,100,274,-7.4489051094890515,0.7332200509770603,0.5072992700729927,0.6277372262773723,207,-7.384057971014493,0.7249415152060464,0.5748792270531401,0.28502415458937197
p_btc_signal,0.06,0.0,1.0,99,1228,-5.926465798045603,0.7330420811691171,0.3794788273615635,0.6359934853420195,585,-3.927350427350427,0.8163601339631841,0.6512820512820513,0.2923076923076923
p_residual_lightgbm,0.049999999999999996,0.3,0.6,90,446,-6.679372197309417,0.7329688060236644,0.4977578475336323,0.5044843049327354,89,-10.792134831460674,0.5930084745762711,0.48314606741573035,0.3146067415730337
p_hist_gb,0.12999999999999998,0.0,1.0,99,230,-7.079130434782609,0.7329155867589646,0.3652173913043478,0.7,85,-4.676470588235294,0.7975553857906799,0.611764705882353,0.27058823529411763
p_hist_gb,0.02,0.3,0.6,99,962,-7.365904365904366,0.732755044314539,0.4261954261954262,0.6382536382536382,267,-3.3838951310861423,0.8675802432947384,0.5205992509363296,0.23220973782771537
p_residual_lightgbm,0.10999999999999999,0.3,0.6,100,106,-7.5,0.7326832548755884,0.4528301886792453,0.5471698113207547,8,-2.7500000000000018,0.8932038834951457,0.5,0.0
p_residual_lightgbm,0.06,0.3,0.6,90,368,-6.6875,0.7324854611663677,0.49728260869565216,0.5108695652173914,59,-4.669491525423731,0.7937874251497006,0.559322033898305,0.3050847457627119
p_xgboost,0.06,0.3,0.6,90,438,-6.655251141552512,0.7324337968699802,0.4634703196347032,0.6735159817351598,111,-1.6981981981981995,0.9201101928374655,0.6306306306306306,0.0990990990990991
p_dual_stack,0.039999999999999994,0.6,0.9,99,148,-5.087837837837838,0.7323618269059889,0.75,0.9864864864864865,392,-6.135204081632653,0.6853947282359867,0.7474489795918368,0.22704081632653061
p_kalshi_signal,0.06999999999999999,0.3,0.6,99,437,-7.355835240274599,0.7323591857125016,0.4073226544622426,0.631578947368421,110,-8.827272727272728,0.6931584768525834,0.4818181818181818,0.15454545454545454
p_xgboost,0.039999999999999994,0.0,1.0,99,1251,-5.993045563549161,0.732004789905453,0.4612310151878497,0.6554756195043965,638,-4.63730407523511,0.7748127625890521,0.6959247648902821,0.3322884012539185
p_logit,0.06999999999999999,0.0,1.0,99,586,-6.677303754266211,0.7316715240870907,0.4232081911262799,0.6808873720136519,287,-5.520905923344948,0.7537110437553431,0.6480836236933798,0.17073170731707318
p_btc_signal,0.02,0.5,0.8,90,636,-5.127358490566038,0.7312621039185793,0.7091194968553459,0.6210691823899371,505,-4.323762376237624,0.7530117074826085,0.7485148514851485,0.3702970297029703
p_lightgbm,0.10999999999999999,0.4,0.7,90,136,-6.602941176470588,0.7309766327142001,0.5588235294117647,0.7205882352941176,113,-0.8185840707964605,0.952974072191154,0.7168141592920354,0.20353982300884957
p_kalshi_signal,0.10999999999999999,0.0,1.0,100,257,-6.8599221789883265,0.7308602396763606,0.36186770428015563,0.7003891050583657,97,-7.036082474226804,0.7214285714285714,0.6082474226804123,0.29896907216494845
p_kalshi_signal,0.049999999999999996,0.3,0.6,99,618,-7.483818770226537,0.7306583583262964,0.41262135922330095,0.6197411003236246,151,-8.447019867549669,0.7032685820635105,0.4768211920529801,0.19205298013245034
p_hist_gb,0.049999999999999996,0.3,0.6,90,673,-6.7481426448737,0.7306426262566353,0.46656760772659733,0.662704309063893,170,-2.4235294117647066,0.8907741251325557,0.5882352941176471,0.1588235294117647
p_xgboost,0.10999999999999999,0.3,0.6,100,109,-7.334862385321101,0.7304450438300741,0.3761467889908257,0.8073394495412844,28,1.1785714285714286,1.0502665651180503,0.6071428571428571,0.07142857142857142
p_xgboost,0.02,0.0,1.0,100,1869,-5.94258962011771,0.7303236834501631,0.47458533975387907,0.6185125735687533,780,-5.337051282051282,0.7511789844894056,0.6717948717948717,0.358974358974359
p_xgboost,0.03,0.3,0.6,90,724,-6.70303867403315,0.7300063979526551,0.47651933701657456,0.6464088397790055,196,-3.8214285714285716,0.8305238149111891,0.5867346938775511,0.1683673469387755
p_kalshi_signal,0.06999999999999999,0.5,0.8,100,180,-7.055555555555555,0.729902169289664,0.6,0.6722222222222223,256,-5.68359375,0.7577624240406227,0.66015625,0.3515625
p_ensemble,0.03,0.3,0.6,90,769,-6.771781534460338,0.7297542748903708,0.4681404421326398,0.6684005201560468,191,-1.6308900523560212,0.9242553191489362,0.6073298429319371,0.15706806282722513
p_hist_gb,0.10999999999999999,0.3,0.6,80,246,-5.991869918699187,0.7297148620152196,0.516260162601626,0.7154471544715447,62,-5.467741935483872,0.7256171590449211,0.6290322580645161,0.12903225806451613
p_ensemble,0.03,0.3,0.6,99,769,-7.450585175552666,0.7296576780616698,0.4187256176853056,0.6684005201560468,191,-1.8664921465968591,0.9250262881177708,0.5497382198952879,0.15706806282722513
p_xgboost,0.02,0.3,0.6,100,844,-7.497630331753554,0.7295032914422501,0.42417061611374407,0.6362559241706162,226,-2.7610619469026547,0.8911849332984567,0.5353982300884956,0.19911504424778761
p_btc_signal,0.09,0.3,0.6,99,328,-7.432926829268292,0.7293216387254358,0.42073170731707316,0.7103658536585366,143,-3.6818181818181817,0.856480850483849,0.5314685314685315,0.22377622377622378
p_xgboost,0.049999999999999996,0.3,0.6,90,519,-6.769749518304431,0.7291995837989903,0.4662813102119461,0.6666666666666666,133,-1.7255639097744373,0.9192754132958143,0.6240601503759399,0.12781954887218044
p_xgboost,0.09,0.0,1.0,99,305,-6.705901639344262,0.7290742188017433,0.419672131147541,0.7672131147540984,233,-3.2854077253218885,0.8332425661692626,0.7124463519313304,0.27467811158798283
p_kalshi_signal,0.13999999999999999,0.0,1.0,99,114,-7.06140350877193,0.7288649376894577,0.3508771929824561,0.7543859649122807,32,-3.90625,0.8360655737704918,0.59375,0.28125
p_kalshi_signal,0.049999999999999996,0.4,0.7,90,428,-6.5327102803738315,0.7285963890506698,0.5747663551401869,0.6261682242990654,265,-4.40566037735849,0.7862895844773934,0.6679245283018868,0.3132075471698113
p_lightgbm,0.039999999999999994,0.5,0.8,90,403,-5.311414392059554,0.7285868255880302,0.6997518610421837,0.6873449131513648,407,-3.5565110565110567,0.7918913090360147,0.7567567567567568,0.33415233415233414
p_kalshi_signal,0.09,0.3,0.6,90,292,-6.845890410958904,0.728378286568381,0.4486301369863014,0.6712328767123288,72,-9.069444444444445,0.6508021390374331,0.5277777777777778,0.16666666666666666
p_hist_gb,0.06,0.0,1.0,90,995,-5.87467336683417,0.7280686655346468,0.4442211055276382,0.6673366834170854,464,-5.473491379310344,0.6896635995943156,0.646551724137931,0.2650862068965517
p_btc_signal,0.06999999999999999,0.0,1.0,100,1026,-6.13869395711501,0.7279352051835853,0.36744639376218324,0.6588693957115009,527,-4.729411764705882,0.7887957698141668,0.6394686907020873,0.2827324478178368
p_kalshi_signal,0.07999999999999999,0.4,0.7,90,217,-6.721198156682028,0.7277648156789548,0.5622119815668203,0.6221198156682027,162,-6.580246913580247,0.7000140706345857,0.6481481481481481,0.30246913580246915
p_kalshi_signal,0.039999999999999994,0.0,1.0,99,1368,-6.389619883040936,0.7275903227716538,0.4444444444444444,0.6366959064327485,587,-5.731686541737649,0.7324432003435416,0.6678023850085179,0.33049403747870526
p_ensemble,0.03,0.0,1.0,100,1477,-6.374949221394719,0.7273532784321901,0.4265402843601896,0.6770480704129993,672,-5.15922619047619,0.7615953240501977,0.6696428571428571,0.3020833333333333
p_lightgbm,0.02,0.3,0.6,99,990,-7.545454545454546,0.7273424097528927,0.42424242424242425,0.6262626262626263,248,-1.5040322580645165,0.9390572665631893,0.5443548387096774,0.23387096774193547
p_xgboost,0.09,0.4,0.7,99,100,-7.51,0.7272066836178714,0.52,0.78,127,-2.2322834645669296,0.9012539184952978,0.6535433070866141,0.2677165354330709
p_xgboost,0.06999999999999999,0.5,0.8,99,176,-6.590909090909091,0.7271230298753234,0.6363636363636364,0.75,286,-5.646853146853147,0.7557471264367817,0.6713286713286714,0.32867132867132864
p_btc_signal,0.09,0.4,0.7,90,241,-6.574688796680498,0.7266925398878827,0.5809128630705395,0.7385892116182573,256,-1.9804687500000002,0.8940770918207458,0.69921875,0.25
p_hist_gb,0.02,0.5,0.8,90,550,-5.310909090909091,0.7265621343318511,0.7036363636363636,0.6436363636363637,476,-3.7478991596638656,0.7842413980770394,0.75,0.3739495798319328
p_xgboost,0.09999999999999999,0.3,0.6,90,144,-6.833333333333333,0.726514730405781,0.4305555555555556,0.7847222222222222,40,-0.35000000000000037,0.9826517967781908,0.65,0.075
p_xgboost,0.049999999999999996,0.0,1.0,100,997,-6.352156469408225,0.7264236931570285,0.44433299899699097,0.6649949849548646,554,-5.314981949458484,0.7514329852522814,0.6913357400722022,0.3285198555956679
p_kalshi_signal,0.06999999999999999,0.4,0.7,99,274,-7.594890510948905,0.7259678693705557,0.5109489051094891,0.6277372262773723,207,-7.002415458937198,0.732515224211109,0.5845410628019324,0.28502415458937197
p_hist_gb,0.03,0.3,0.6,100,859,-7.642025611175786,0.7259310287241149,0.4179278230500582,0.6565774155995343,223,-2.890134529147982,0.8879325334724396,0.5246636771300448,0.2062780269058296
p_hist_gb,0.11999999999999998,0.0,1.0,99,278,-7.291007194244605,0.7253485819591051,0.3669064748201439,0.7158273381294964,117,-2.952991452991453,0.8650126977925376,0.6324786324786325,0.23076923076923078
p_hist_gb,0.03,0.3,0.6,99,859,-7.5977881257275905,0.725049500779374,0.42258440046565776,0.6565774155995343,223,-2.9708520179372195,0.8835983484143021,0.5291479820627802,0.2062780269058296
p_lightgbm,0.02,0.0,1.0,100,2050,-6.27229268292683,0.7250359256851542,0.43902439024390244,0.6258536585365854,789,-5.005069708491762,0.7667302659948373,0.6539923954372624,0.34980988593155893
p_xgboost,0.02,0.3,0.6,99,844,-7.568720379146919,0.7249101048597205,0.4277251184834123,0.6362559241706162,226,-2.8584070796460175,0.8861674008810573,0.5398230088495575,0.19911504424778761
p_lightgbm,0.06999999999999999,0.0,1.0,90,815,-6.010184049079755,0.724788322480237,0.449079754601227,0.6760736196319018,433,-4.2482678983833715,0.7392074856454243,0.6789838337182448,0.2586605080831409
p_kalshi_signal,0.06999999999999999,0.5,0.8,99,180,-7.105555555555555,0.7246797976536433,0.6055555555555555,0.6722222222222223,256,-5.18359375,0.7707721540853343,0.671875,0.3515625
p_xgboost,0.039999999999999994,0.5,0.8,90,395,-5.272151898734177,0.7242087140776056,0.7113924050632912,0.6886075949367089,441,-3.134920634920635,0.8102785782901056,0.764172335600907,0.36507936507936506
p_lightgbm,0.049999999999999996,0.0,1.0,99,1196,-6.529347826086956,0.7241594902190728,0.42558528428093645,0.6747491638795987,568,-5.235739436619718,0.7554800940619295,0.6690140845070423,0.2852112676056338
p_xgboost,0.06999999999999999,0.3,0.6,100,342,-7.669590643274854,0.7238947368421053,0.39766081871345027,0.6988304093567251,89,-3.6123595505617985,0.8614821197759587,0.550561797752809,0.10112359550561797
p_hist_gb,0.039999999999999994,0.3,0.6,90,773,-6.95019404915912,0.7237931211762891,0.46959896507115134,0.6597671410090556,194,-3.1701030927835063,0.860733695652174,0.5773195876288659,0.17525773195876287
p_kalshi_signal,0.12999999999999998,0.0,1.0,99,159,-7.306918238993711,0.7236967275494672,0.3522012578616352,0.7358490566037735,43,-6.9186046511627906,0.7317403065825068,0.5813953488372093,0.27906976744186046
p_market_blend,0.02,0.5,0.8,90,139,-5.658273381294964,0.7235500878734622,0.6834532374100719,0.762589928057554,268,-4.007462686567164,0.7677837837837838,0.753731343283582,0.26865671641791045
p_kalshi_signal,0.07999999999999999,0.5,0.8,100,128,-7.4921875,0.7231923798527926,0.5859375,0.6484375,203,-6.396551724137931,0.7324886691388546,0.6551724137931034,0.35960591133004927
p_btc_signal,0.049999999999999996,0.0,1.0,100,1439,-6.235927727588603,0.7231648701511048,0.38151494093120225,0.6198749131341209,639,-4.263536776212833,0.8072367583171778,0.6384976525821596,0.297339593114241
p_hist_gb,0.03,0.5,0.8,90,462,-5.512987012987013,0.7228509249183895,0.696969696969697,0.6753246753246753,446,-4.1008968609865475,0.7653323069027457,0.7488789237668162,0.3654708520179372
p_hist_gb,0.12999999999999998,0.0,1.0,90,230,-6.844347826086957,0.722348625147715,0.4043478260869565,0.7,85,-4.8882352941176475,0.7441502463054187,0.6705882352941176,0.27058823529411763
p_logit,0.10999999999999999,0.0,1.0,100,195,-7.077435897435897,0.7222635889798957,0.38974358974358975,0.6923076923076923,87,-8.14367816091954,0.677073837739289,0.5632183908045977,0.19540229885057472
p_logit,0.09,0.0,1.0,99,335,-6.976716417910447,0.7219174985424821,0.41492537313432837,0.6985074626865672,175,-4.871428571428571,0.7835745112972836,0.6342857142857142,0.16
p_residual_lightgbm,0.06,0.4,0.7,90,376,-6.492021276595745,0.7217758021314185,0.6037234042553191,0.5106382978723404,96,1.9999999999999993,1.1266908611019466,0.7395833333333334,0.375
p_lightgbm,0.09,0.4,0.7,80,213,-5.373239436619718,0.7216682879377432,0.6525821596244131,0.6619718309859155,169,-3.2633136094674557,0.7691985771081816,0.7692307692307693,0.23668639053254437
p_logit,0.03,0.0,1.0,100,1495,-6.547959866220737,0.7215354068646137,0.45752508361204014,0.6548494983277592,634,-7.258201892744479,0.6886135565465115,0.6277602523659306,0.27287066246056785
p_xgboost,0.11999999999999998,0.0,1.0,100,125,-7.3952,0.7215159366150509,0.368,0.8,82,-0.6951219512195121,0.9649984648449493,0.7195121951219512,0.3170731707317073
p_xgboost,0.039999999999999994,0.3,0.6,90,610,-6.973770491803279,0.7212319790301441,0.46885245901639344,0.6655737704918033,171,-1.5643274853801177,0.9261763488340002,0.6198830409356725,0.16374269005847952
p_kalshi_signal,0.09999999999999999,0.0,1.0,100,336,-7.065476190476191,0.7210996240601504,0.375,0.6964285714285714,153,-7.290849673202614,0.6974505017629509,0.6209150326797386,0.24183006535947713
p_logit,0.06,0.4,0.7,100,306,-7.7973856209150325,0.7210335554776102,0.5098039215686274,0.6405228758169934,203,-5.66256157635468,0.7810267644537575,0.5911330049261084,0.17733990147783252
p_lightgbm,0.039999999999999994,0.0,1.0,100,1437,-6.601739735560195,0.7210015675225792,0.42519137091162146,0.6631871955462769,628,-4.85891719745223,0.7754044545200277,0.6656050955414012,0.30095541401273884
p_logit,0.06,0.0,1.0,100,732,-7.000136612021858,0.7209627794265798,0.4207650273224044,0.6775956284153005,371,-7.187870619946091,0.6994996732099794,0.633423180592992,0.18328840970350405
p_btc_signal,0.039999999999999994,0.3,0.6,90,705,-6.921276595744681,0.7206686321092252,0.4765957446808511,0.6085106382978723,237,-4.761603375527426,0.7997693399574166,0.5611814345991561,0.25738396624472576
p_kalshi_signal,0.11999999999999998,0.0,1.0,99,206,-7.201456310679611,0.7202790609974545,0.3592233009708738,0.7135922330097088,62,-5.774193548387097,0.7640079103493738,0.6129032258064516,0.27419354838709675
p_xgboost,0.09999999999999999,0.0,1.0,99,211,-7.068720379146919,0.7201951036488135,0.3981042654028436,0.7725118483412322,176,-2.2045454545454546,0.8841099163679809,0.7159090909090909,0.2727272727272727
p_lightgbm,0.02,0.5,0.8,90,573,-5.395287958115183,0.7200995925758261,0.7068062827225131,0.6649214659685864,489,-3.596114519427403,0.7913007358177071,0.754601226993865,0.37627811860940696
p_lightgbm,0.12999999999999998,0.3,0.6,80,164,-6.347560975609756,0.7200107584722969,0.5,0.7987804878048781,37,-9.635135135135135,0.5733093955715141,0.5945945945945946,0.13513513513513514
p_residual_lightgbm,0.07999999999999999,0.0,1.0,90,452,-5.426548672566372,0.7199936071599808,0.504424778761062,0.5309734513274337,72,-1.4305555555555556,0.9088898717381689,0.6805555555555556,0.3333333333333333
p_ensemble,0.11999999999999998,0.0,1.0,80,107,-6.425233644859813,0.719959266802444,0.4392523364485981,0.794392523364486,57,-4.973684210526316,0.6252478519497686,0.5964912280701754,0.22807017543859648
p_residual_lightgbm,0.03,0.3,0.6,90,654,-7.039755351681957,0.719780888618381,0.4923547400611621,0.5091743119266054,152,-4.151315789473684,0.8213223842559819,0.5460526315789473,0.35526315789473684
p_logit,0.09,0.3,0.6,100,195,-7.982051282051282,0.7197262987305303,0.4,0.6256410256410256,70,-6.92857142857143,0.7460732984293194,0.4857142857142857,0.12857142857142856
p_logit,0.039999999999999994,0.3,0.6,100,628,-7.931528662420382,0.7197197760459162,0.4124203821656051,0.6194267515923567,164,-6.085365853658536,0.7770330652368186,0.4878048780487805,0.17682926829268292
p_logit,0.03,0.3,0.6,99,746,-7.845844504021447,0.7196234820722857,0.4222520107238606,0.6206434316353887,200,-6.005,0.7772832637923042,0.495,0.22
p_btc_signal,0.02,0.0,1.0,100,2160,-6.265416666666666,0.7195595277812891,0.4013888888888889,0.5902777777777778,818,-4.60158924205379,0.7888587230891774,0.628361858190709,0.33496332518337407
p_logit,0.06999999999999999,0.3,0.6,100,337,-7.921364985163205,0.7194282411056808,0.4035608308605341,0.6231454005934718,98,-6.500000000000001,0.7647710487444609,0.4897959183673469,0.12244897959183673
p_logit,0.049999999999999996,0.3,0.6,99,504,-7.865079365079365,0.7192932762100344,0.4146825396825397,0.623015873015873,139,-7.456834532374101,0.732170542635659,0.48201438848920863,0.16546762589928057
p_btc_signal,0.02,0.3,0.6,90,919,-7.016866158868335,0.7190624523493149,0.4766050054406964,0.5875952121871599,269,-3.425650557620818,0.8515983573556647,0.5724907063197026,0.27137546468401486
p_residual_lightgbm,0.07999999999999999,0.4,0.7,90,218,-6.660550458715596,0.7190402476780186,0.5963302752293578,0.518348623853211,42,4.642857142857142,1.332197614991482,0.7619047619047619,0.38095238095238093
p_btc_signal,0.09999999999999999,0.3,0.6,90,265,-6.967924528301887,0.7189497716894977,0.4716981132075472,0.7132075471698113,133,-4.387218045112783,0.8092513893429225,0.5789473684210527,0.21052631578947367
p_hist_gb,0.03,0.0,1.0,100,1711,-6.570134424313267,0.718930879723969,0.4243132670952659,0.6364699006428989,703,-4.776813655761024,0.7786617276789835,0.6586059743954481,0.32574679943101
p_lightgbm,0.03,0.5,0.8,90,476,-5.508403361344538,0.7187902187902188,0.7016806722689075,0.680672268907563,450,-3.68,0.7874606943464031,0.7533333333333333,0.3511111111111111
p_btc_signal,0.039999999999999994,0.0,1.0,100,1645,-6.31063829787234,0.7187841158129418,0.38480243161094224,0.6115501519756839,705,-4.560283687943262,0.793563549037486,0.6354609929078014,0.30638297872340425
p_hist_gb,0.03,0.3,0.6,90,859,-7.094877764842841,0.7187002377051072,0.470314318975553,0.6565774155995343,223,-3.2937219730941703,0.8547844998022934,0.57847533632287,0.2062780269058296
p_xgboost,0.02,0.0,1.0,99,1869,-6.1517924023542,0.7185089250520863,0.4772605671482076,0.6185125735687533,780,-5.249871794871795,0.7484983232812098,0.676923076923077,0.358974358974359
p_hist_gb,0.02,0.0,1.0,100,2015,-6.41786600496278,0.7184362018062583,0.4317617866004963,0.6178660049627791,778,-4.690745501285347,0.7818088331131132,0.6478149100257069,0.3380462724935733
p_logit,0.06,0.3,0.6,100,403,-7.9689826302729525,0.718165862220272,0.4044665012406948,0.6129032258064516,120,-7.975,0.7200526546731022,0.475,0.14166666666666666
p_residual_lightgbm,0.11999999999999998,0.0,1.0,99,119,-6.836134453781512,0.7178286507110648,0.5294117647058824,0.5798319327731093,11,-14.590909090909092,0.5007776049766719,0.5454545454545454,0.2727272727272727
p_xgboost,0.07999999999999999,0.5,0.8,99,124,-7.032258064516129,0.7176165803108808,0.6290322580645161,0.7903225806451613,231,-5.257575757575758,0.7685564554549785,0.6753246753246753,0.3203463203463203
p_logit,0.039999999999999994,0.4,0.7,99,501,-7.851297405189621,0.7172381568542879,0.5129740518962076,0.6407185628742516,273,-5.990842490842491,0.7672051811258985,0.5934065934065934,0.2454212454212454
p_kalshi_signal,0.049999999999999996,0.5,0.8,100,297,-7.271043771043771,0.7171022466758368,0.6060606060606061,0.6599326599326599,334,-4.748502994011976,0.7928963175763907,0.6706586826347305,0.36826347305389223
p_lightgbm,0.03,0.0,1.0,100,1738,-6.600978135788262,0.716887776757776,0.43095512082853854,0.6415420023014959,704,-5.417187500000001,0.7533900223091596,0.6534090909090909,0.3224431818181818
p_ensemble,0.02,0.5,0.8,90,507,-5.5848126232741615,0.7167083541770886,0.7001972386587771,0.6962524654832347,485,-3.415463917525773,0.7985160858724077,0.7587628865979381,0.35051546391752575
p_kalshi_signal,0.10999999999999999,0.0,1.0,99,257,-7.221789883268483,0.7166628501641096,0.36186770428015563,0.7003891050583657,97,-7.644329896907217,0.6973469387755102,0.6082474226804123,0.29896907216494845
p_xgboost,0.10999999999999999,0.3,0.6,99,109,-7.7110091743119265,0.716621712744437,0.3761467889908257,0.8073394495412844,28,0.5714285714285714,1.0243716679360244,0.6071428571428571,0.07142857142857142
p_residual_lightgbm,0.10999999999999999,0.3,0.6,99,106,-7.952830188679245,0.7165433759246805,0.4528301886792453,0.5471698113207547,8,-3.2500000000000018,0.8737864077669902,0.5,0.0
p_hist_gb,0.02,0.3,0.6,90,962,-7.169438669438669,0.7163770946848977,0.4708939708939709,0.6382536382536382,267,-3.6872659176029963,0.8382751540041068,0.5692883895131086,0.23220973782771537
p_lightgbm,0.02,0.0,1.0,99,2050,-6.421560975609756,0.716313860197698,0.4419512195121951,0.6258536585365854,789,-4.90874524714829,0.7649978459652806,0.6577946768060836,0.34980988593155893
p_ensemble,0.03,0.0,1.0,99,1477,-6.600406228842247,0.7159208793258193,0.42857142857142855,0.6770480704129993,672,-5.095238095238095,0.7580553985302431,0.6755952380952381,0.3020833333333333
p_xgboost,0.06,0.0,1.0,100,785,-6.6676433121019105,0.7155040276554805,0.4369426751592357,0.6828025477707006,474,-5.534177215189873,0.745720323374886,0.6877637130801688,0.30168776371308015
p_logit,0.06999999999999999,0.4,0.7,100,250,-7.992,0.7153035052721574,0.504,0.664,168,-5.791666666666667,0.7768092671177887,0.5892857142857143,0.16071428571428573
p_kalshi_signal,0.049999999999999996,0.5,0.8,99,297,-7.21043771043771,0.7147519147519148,0.6127946127946128,0.6599326599326599,334,-4.529940119760479,0.7966534507089578,0.6796407185628742,0.36826347305389223
p_ensemble,0.049999999999999996,0.0,1.0,90,901,-6.256270810210877,0.7146451351624987,0.4406215316315205,0.7069922308546059,501,-5.158483033932136,0.6889038688398295,0.6586826347305389,0.25948103792415167
p_kalshi_signal,0.03,0.0,1.0,90,1674,-5.624372759856631,0.7144668087984205,0.45818399044205493,0.6236559139784946,662,-5.834138972809668,0.6566689186786615,0.6163141993957704,0.3474320241691843
p_xgboost,0.049999999999999996,0.0,1.0,99,997,-6.5978936810431295,0.7143595332902,0.4463390170511535,0.6649949849548646,554,-5.112815884476534,0.752693523320586,0.7003610108303249,0.3285198555956679
p_logit,0.09999999999999999,0.4,0.7,90,114,-6.798245614035087,0.7141803429835885,0.5701754385964912,0.6666666666666666,86,-3.755813953488372,0.8131327740815736,0.6627906976744186,0.1744186046511628
p_logit,0.06999999999999999,0.5,0.8,90,169,-5.523668639053255,0.7140012254901961,0.7041420118343196,0.7100591715976331,205,-4.368292682926829,0.7557283142389526,0.7463414634146341,0.18536585365853658
p_lightgbm,0.06,0.0,1.0,90,985,-6.120710659898477,0.7139216960942949,0.4467005076142132,0.6730964467005076,497,-5.251509054325956,0.687668282175552,0.6539235412474849,0.2796780684104628
p_btc_signal,0.03,0.0,1.0,100,1905,-6.464566929133858,0.7138502076125371,0.3910761154855643,0.5921259842519685,762,-4.078871391076115,0.8113662157323281,0.636482939632546,0.32020997375328086
p_kalshi_signal,0.12999999999999998,0.0,1.0,90,159,-7.080503144654088,0.713813615333774,0.389937106918239,0.7358490566037735,43,-5.872093023255814,0.719600222098834,0.6511627906976745,0.27906976744186046
p_btc_signal,0.03,0.3,0.6,90,813,-7.175276752767528,0.7131582829325859,0.47601476014760147,0.5879458794587946,253,-3.389328063241107,0.8532683093771389,0.5731225296442688,0.25691699604743085
p_kalshi_signal,0.049999999999999996,0.6,0.9,100,217,-5.799539170506913,0.7130315813476229,0.7373271889400922,0.728110599078341,340,-5.014705882352941,0.7425249169435216,0.7470588235294118,0.3941176470588235
p_lightgbm,0.02,0.3,0.6,90,990,-7.2727272727272725,0.7129701608563057,0.4696969696969697,0.6262626262626263,248,-1.3225806451612903,0.9382936694572477,0.6008064516129032,0.23387096774193547
p_hist_gb,0.07999999999999999,0.3,0.6,80,434,-6.331797235023042,0.712927657351789,0.5230414746543779,0.6912442396313364,106,-4.679245283018869,0.7676270789412041,0.6320754716981132,0.1509433962264151
p_xgboost,0.02,0.5,0.8,90,593,-5.479763912310287,0.7127640767258906,0.7133220910623946,0.6441821247892074,518,-3.781853281853282,0.7800729722144261,0.7548262548262549,0.3764478764478765
p_residual_lightgbm,0.039999999999999994,0.4,0.7,90,563,-6.7060390763765545,0.7127586731588558,0.605683836589698,0.5168738898756661,190,-3.6,0.8193343898573693,0.6736842105263158,0.37894736842105264
p_dual_stack,0.03,0.5,0.8,99,298,-6.946308724832215,0.7123202001250781,0.6476510067114094,0.8959731543624161,429,-5.458041958041958,0.7577340920848422,0.682983682983683,0.22843822843822845
p_btc_signal,0.06999999999999999,0.0,1.0,99,1026,-6.506140350877193,0.7116501079913607,0.36744639376218324,0.6588693957115009,527,-4.4296015180265655,0.7957726763717805,0.6489563567362429,0.2827324478178368
p_dual_stack,0.02,0.6,0.9,99,381,-5.358267716535433,0.7115303094531581,0.7585301837270341,0.8320209973753281,533,-4.387429643527205,0.7589548008039994,0.7654784240150094,0.399624765478424
p_xgboost,0.06999999999999999,0.0,1.0,100,584,-6.966438356164383,0.7110244553829543,0.4315068493150685,0.7054794520547946,390,-6.776923076923077,0.7010350093320513,0.6743589743589744,0.28205128205128205
p_btc_signal,0.10999999999999999,0.3,0.6,100,208,-8.076923076923077,0.7107188979767542,0.40865384615384615,0.7596153846153846,118,-2.0932203389830515,0.9161147902869757,0.5508474576271186,0.211864406779661
p_ensemble,0.09999999999999999,0.0,1.0,80,231,-6.413419913419913,0.7103616813294232,0.47186147186147187,0.7748917748917749,131,-3.0877862595419856,0.7168358417920896,0.6259541984732825,0.16793893129770993
p_residual_lightgbm,0.10999999999999999,0.4,0.7,90,102,-6.901960784313726,0.7101687937422808,0.5882352941176471,0.5588235294117647,12,4.083333333333332,1.2714681440443214,0.75,0.3333333333333333
p_lightgbm,0.039999999999999994,0.0,1.0,99,1437,-6.820250521920668,0.7101516567494351,0.42727905358385526,0.6631871955462769,628,-4.736305732484077,0.7745761555776183,0.6735668789808917,0.30095541401273884
p_ensemble,0.02,0.3,0.6,100,903,-8.184385382059801,0.7096127777450345,0.4119601328903654,0.6533776301218162,221,-0.8665158371040733,0.964723220042369,0.5520361990950227,0.167420814479638
p_xgboost,0.06999999999999999,0.3,0.6,99,342,-8.067251461988304,0.7095789473684211,0.39766081871345027,0.6988304093567251,89,-4.162921348314607,0.8403705299439896,0.550561797752809,0.10112359550561797
p_ensemble,0.02,0.0,1.0,100,1833,-6.6931260229132565,0.7095367408736746,0.4353518821603928,0.6541189307146754,749,-4.800934579439253,0.7736149584487535,0.6688918558077437,0.32176234979973295
p_hist_gb,0.03,0.0,1.0,99,1711,-6.762419637638808,0.7091414135066175,0.4266510812390415,0.6364699006428989,703,-4.590469416785206,0.7807646843027759,0.6657183499288762,0.32574679943101
p_ensemble,0.09,0.0,1.0,80,296,-6.198648648648648,0.7089836315188428,0.4797297297297297,0.7668918918918919,187,-3.836898395721925,0.6481980877666095,0.5882352941176471,0.1711229946524064
p_dual_stack,0.02,0.4,0.7,100,388,-8.056701030927835,0.708965645656829,0.5412371134020618,0.7783505154639175,335,-4.7477611940298505,0.8088800769045903,0.6179104477611941,0.16119402985074627
p_logit,0.049999999999999996,0.6,0.9,99,199,-6.238693467336684,0.7089097303634232,0.7185929648241206,0.7336683417085427,305,-6.49344262295082,0.685285237565549,0.7311475409836066,0.25901639344262295
p_logit,0.049999999999999996,0.3,0.6,90,504,-7.490079365079365,0.708764079617343,0.4603174603174603,0.623015873015873,139,-3.3776978417266195,0.8483282183815216,0.5755395683453237,0.16546762589928057
p_hist_gb,0.039999999999999994,0.5,0.8,90,394,-5.9238578680203045,0.7087414987209084,0.6878172588832487,0.6852791878172588,396,-4.28030303030303,0.7555523507355062,0.7474747474747475,0.3484848484848485
p_btc_signal,0.049999999999999996,0.0,1.0,99,1439,-6.54864489228631,0.7087116048604221,0.3822098679638638,0.6198749131341209,639,-4.127386541471049,0.8083688757456641,0.6463223787167449,0.297339593114241
p_logit,0.10999999999999999,0.0,1.0,90,195,-6.82102564102564,0.7086053542479077,0.4358974358974359,0.6923076923076923,87,-10.672413793103448,0.5323596071518509,0.5977011494252874,0.19540229885057472
p_hist_gb,0.02,0.0,1.0,99,2015,-6.603473945409429,0.7083079405304208,0.43424317617866004,0.6178660049627791,778,-4.576349614395887,0.7812403996215147,0.6529562982005142,0.3380462724935733
p_lightgbm,0.07999999999999999,0.3,0.6,80,410,-6.475609756097561,0.7079529204707953,0.5170731707317073,0.6829268292682927,106,-4.669811320754717,0.7584776774823128,0.6509433962264151,0.1509433962264151
p_xgboost,0.02,0.3,0.6,90,844,-7.355450236966824,0.7079481570343189,0.4727488151658768,0.6362559241706162,226,-3.336283185840708,0.8497259591429995,0.588495575221239,0.19911504424778761
p_xgboost,0.11999999999999998,0.0,1.0,99,125,-7.7632,0.7076580104838224,0.368,0.8,82,-0.2073170731707317,0.9891095451633568,0.7317073170731707,0.3170731707317073
p_hist_gb,0.09,0.3,0.6,80,357,-6.502801120448179,0.7075091344336651,0.5182072829131653,0.6834733893557423,94,-4.553191489361703,0.7690232056125202,0.6382978723404256,0.13829787234042554
p_hist_gb,0.15999999999999998,0.0,1.0,80,102,-6.745098039215686,0.7074207952370827,0.4411764705882353,0.7352941176470589,37,-3.1756756756756763,0.7645290581162325,0.6756756756756757,0.24324324324324326
p_btc_signal,0.11999999999999998,0.3,0.6,100,168,-8.226190476190476,0.7072654098707901,0.40476190476190477,0.8154761904761905,108,-0.7037037037037039,0.9708085269829076,0.5648148148148148,0.2037037037037037
p_dual_stack,0.03,0.6,0.9,99,286,-5.479020979020979,0.7071849014295057,0.7587412587412588,0.9335664335664335,472,-4.790254237288136,0.7399954001839927,0.7627118644067796,0.3305084745762712
p_logit,0.10999999999999999,0.0,1.0,99,195,-7.467179487179487,0.706969068845465,0.38974358974358975,0.6923076923076923,87,-7.568965517241379,0.6903362332471197,0.5747126436781609,0.19540229885057472
p_xgboost,0.07999999999999999,0.0,1.0,90,434,-6.495622119815669,0.7068049214256743,0.4700460829493088,0.7350230414746544,304,-5.355263157894737,0.6765027322404371,0.7006578947368421,0.26973684210526316
p_btc_signal,0.02,0.0,1.0,99,2160,-6.529305555555555,0.7067725919395884,0.4027777777777778,0.5902777777777778,818,-4.38520782396088,0.7930921109553722,0.6344743276283619,0.33496332518337407
p_hist_gb,0.09999999999999999,0.0,1.0,80,450,-6.058666666666667,0.7065041875686267,0.47555555555555556,0.7044444444444444,197,-3.972081218274112,0.6979930528753377,0.6040609137055838,0.20812182741116753
p_btc_signal,0.039999999999999994,0.0,1.0,99,1645,-6.575075987841945,0.7063239722289348,0.3860182370820669,0.6115501519756839,705,-4.353191489361702,0.7976768102948156,0.6439716312056738,0.30638297872340425
p_kalshi_signal,0.09999999999999999,0.0,1.0,99,336,-7.440476190476191,0.706296992481203,0.375,0.6964285714285714,153,-7.911764705882353,0.6716842961757526,0.6209150326797386,0.24183006535947713
p_lightgbm,0.03,0.0,1.0,99,1738,-6.804085155350978,0.7060943391068132,0.4332566168009206,0.6415420023014959,704,-5.370312500000001,0.7492072968490879,0.6605113636363636,0.3224431818181818
p_hist_gb,0.049999999999999996,0.0,1.0,90,1222,-6.262193126022914,0.7060838838531264,0.44189852700491,0.6505728314238952,548,-5.812773722627737,0.6688050406013787,0.6368613138686131,0.2864963503649635
p_kalshi_signal,0.10999999999999999,0.0,1.0,90,257,-6.976653696498055,0.7060414788097386,0.40077821011673154,0.7003891050583657,97,-6.623711340206185,0.6812205408087323,0.6804123711340206,0.29896907216494845
p_kalshi_signal,0.06999999999999999,0.3,0.6,90,437,-7.520594965675057,0.706011271133375,0.4462242562929062,0.631578947368421,110,-7.4363636363636365,0.7014598540145985,0.5454545454545454,0.15454545454545454
p_btc_signal,0.07999999999999999,0.0,1.0,100,867,-6.796885813148789,0.7060076629881662,0.35986159169550175,0.6839677047289504,485,-5.000824742268041,0.7794268772906265,0.6371134020618556,0.27628865979381445
p_xgboost,0.06999999999999999,0.4,0.7,90,214,-7.144859813084112,0.7058766952005386,0.5747663551401869,0.7242990654205608,203,-1.8054187192118232,0.9013193322563274,0.7142857142857143,0.26108374384236455
p_logit,0.09,0.4,0.7,100,147,-8.241496598639456,0.7056965869063525,0.5034013605442177,0.673469387755102,112,-2.830357142857143,0.8802191573776686,0.6160714285714286,0.16071428571428573
p_kalshi_signal,0.039999999999999994,0.5,0.8,90,382,-5.87434554973822,0.705685618729097,0.693717277486911,0.6492146596858639,380,-4.7631578947368425,0.7323079198402721,0.7447368421052631,0.37105263157894736
p_logit,0.09,0.3,0.6,99,195,-8.382051282051282,0.7056811020077428,0.4,0.6256410256410256,70,-7.414285714285715,0.7282722513089005,0.4857142857142857,0.12857142857142856
p_kalshi_signal,0.12999999999999998,0.3,0.6,100,114,-8.429824561403509,0.7056210752029407,0.35964912280701755,0.7719298245614035,22,-5.954545454545454,0.7847165160230074,0.5,0.045454545454545456
p_dual_stack,0.03,0.4,0.7,100,253,-8.124505928853756,0.7052835328697398,0.5454545454545454,0.8142292490118577,260,-5.076923076923077,0.7968918295122327,0.6230769230769231,0.11153846153846154
p_logit,0.039999999999999994,0.3,0.6,99,628,-8.343949044585987,0.7051458796387474,0.4124203821656051,0.6194267515923567,164,-6.573170731707317,0.7591599642537981,0.4878048780487805,0.17682926829268292
p_logit,0.06999999999999999,0.3,0.6,99,337,-8.32492581602374,0.7051342687477009,0.4035608308605341,0.6231454005934718,98,-6.989795918367348,0.7470457902511078,0.4897959183673469,0.12244897959183673
p_lightgbm,0.06,0.6,0.9,90,166,-3.819277108433735,0.7051162790697675,0.7228915662650602,0.7349397590361446,337,-5.870919881305638,0.5902878442741768,0.7032640949554896,0.33827893175074186
p_residual_lightgbm,0.07999999999999999,0.5,0.8,100,182,-7.554945054945055,0.7050938337801609,0.6098901098901099,0.554945054945055,44,-0.8636363636363636,0.95858310626703,0.7045454545454546,0.4318181818181818
p_logit,0.02,0.3,0.6,100,856,-8.38551401869159,0.7046394403867915,0.4147196261682243,0.610981308411215,234,-6.3247863247863245,0.7676061867001649,0.4829059829059829,0.21367521367521367
p_lightgbm,0.09999999999999999,0.4,0.7,80,175,-5.797142857142857,0.7042274052478135,0.6457142857142857,0.6971428571428572,136,-1.7426470588235299,0.8611599297012302,0.7941176470588235,0.2426470588235294
p_logit,0.06,0.0,1.0,99,732,-7.420901639344262,0.7041903776513192,0.4207650273224044,0.6775956284153005,371,-7.287601078167115,0.6898786446743593,0.6388140161725068,0.18328840970350405
p_logit,0.039999999999999994,0.0,1.0,100,1198,-7.180968280467445,0.7041830717122569,0.44407345575959933,0.666110183639399,534,-7.152621722846442,0.6932596631839317,0.6348314606741573,0.24344569288389514
p_logit,0.02,0.0,1.0,100,1831,-6.794156198798471,0.7041051512405363,0.4571272528672856,0.6444565811032222,719,-6.795271210013907,0.7005938118554016,0.627260083449235,0.28929068150208626
p_logit,0.03,0.0,1.0,99,1495,-6.941939799331104,0.7040077119649539,0.4561872909698997,0.6548494983277592,634,-7.10993690851735,0.6872476236730729,0.6293375394321766,0.27287066246056785
p_logit,0.06,0.3,0.6,99,403,-8.373449131513647,0.7038613426941641,0.4044665012406948,0.6129032258064516,120,-8.45,0.7033786748573936,0.475,0.14166666666666666
p_residual_lightgbm,0.06999999999999999,0.4,0.7,90,288,-7.038194444444445,0.7037848896682741,0.5972222222222222,0.53125,64,1.828125,1.1152141802067947,0.734375,0.3125
p_hist_gb,0.11999999999999998,0.0,1.0,90,278,-7.355755395683453,0.7035904274594501,0.4028776978417266,0.7158273381294964,117,-4.02991452991453,0.7808505693702068,0.6837606837606838,0.23076923076923078
p_logit,0.06999999999999999,0.3,0.6,90,337,-7.683976261127596,0.7028515692237076,0.45103857566765576,0.6231454005934718,98,-3.1326530612244903,0.8589478520560533,0.5816326530612245,0.12244897959183673
p_logit,0.049999999999999996,0.0,1.0,100,937,-7.445570971184631,0.7028330216768116,0.4247598719316969,0.6766275346851655,459,-6.8880174291939005,0.7048681446907817,0.6405228758169934,0.23093681917211328
p_logit,0.06,0.4,0.7,99,306,-8.30718954248366,0.702794341166842,0.5098039215686274,0.6405228758169934,203,-5.766009852216749,0.7741219606329602,0.5960591133004927,0.17733990147783252
p_lightgbm,0.11999999999999998,0.3,0.6,80,199,-6.766331658291457,0.7026937513799956,0.49748743718592964,0.7788944723618091,47,-5.968085106382978,0.7023872679045093,0.6382978723404256,0.14893617021276595
p_kalshi_signal,0.049999999999999996,0.0,1.0,100,1100,-7.335545454545455,0.7021472154856427,0.4172727272727273,0.6445454545454545,507,-6.197830374753452,0.7221146278265638,0.6587771203155819,0.3214990138067061
p_xgboost,0.11999999999999998,0.0,1.0,90,125,-7.4752,0.7015554632853173,0.408,0.8,82,-4.597560975609756,0.7348804500703235,0.7560975609756098,0.3170731707317073
p_kalshi_signal,0.07999999999999999,0.5,0.8,99,128,-8.078125,0.701544234377255,0.5859375,0.6484375,203,-6.564039408866995,0.7216128695288834,0.6600985221674877,0.35960591133004927
p_btc_signal,0.11999999999999998,0.4,0.7,90,124,-7.298387096774194,0.7014679201715323,0.5725806451612904,0.8467741935483871,196,-2.188775510204082,0.8836610169491526,0.6989795918367347,0.24489795918367346
p_ensemble,0.02,0.3,0.6,99,903,-8.377076411960132,0.7013679161485166,0.4141749723145072,0.6533776301218162,221,-1.418552036199096,0.9422492401215805,0.5520361990950227,0.167420814479638
p_logit,0.09,0.3,0.6,90,195,-7.828205128205128,0.7013304637057327,0.4461538461538462,0.6256410256410256,70,-6.642857142857143,0.7243627741553053,0.5428571428571428,0.12857142857142856
p_xgboost,0.06,0.0,1.0,99,785,-6.978471337579618,0.7013243336077595,0.43821656050955415,0.6828025477707006,474,-5.1776371308016875,0.7526930479559035,0.6983122362869199,0.30168776371308015
p_residual_lightgbm,0.02,0.5,0.8,90,752,-5.644946808510638,0.7009088987529064,0.723404255319149,0.5305851063829787,330,-3.5575757575757576,0.7912332177469548,0.7545454545454545,0.45454545454545453
p_btc_signal,0.03,0.0,1.0,99,1905,-6.751706036745407,0.7005487533729591,0.3921259842519685,0.5921259842519685,762,-3.807217847769028,0.8185054271325346,0.6443569553805775,0.32020997375328086
p_residual_lightgbm,0.09,0.5,0.8,90,135,-6.137037037037037,0.6999275624773633,0.6888888888888889,0.5777777777777777,23,0.760869565217391,1.0482758620689656,0.782608695652174,0.391304347826087
p_kalshi_signal,0.02,0.0,1.0,90,1962,-5.870336391437308,0.6990837385140732,0.45565749235474007,0.6085626911314985,749,-6.304005340453938,0.6353955923460641,0.5994659546061415,0.35246995994659547
p_residual_lightgbm,0.07999999999999999,0.5,0.8,99,182,-7.6208791208791204,0.6988710377768128,0.6153846153846154,0.554945054945055,44,-1.5681818181818181,0.9247956403269755,0.7045454545454546,0.4318181818181818
p_hist_gb,0.14999999999999997,0.0,1.0,90,133,-7.7556390977443606,0.698656149576395,0.38345864661654133,0.7142857142857143,47,-5.5212765957446805,0.7303896103896104,0.6382978723404256,0.23404255319148937
p_ensemble,0.02,0.0,1.0,99,1833,-6.912438625204583,0.6979661792679962,0.43753409710856517,0.6541189307146754,749,-4.680774365821095,0.772769107124339,0.6728971962616822,0.32176234979973295
p_ensemble,0.02,0.3,0.6,90,903,-7.719269102990033,0.6979525511862203,0.4629014396456257,0.6533776301218162,221,-1.500000000000001,0.9297892618871122,0.6063348416289592,0.167420814479638
p_xgboost,0.10999999999999999,0.3,0.6,90,109,-7.793577981651376,0.6975792096831612,0.41284403669724773,0.8073394495412844,28,1.5357142857142836,1.0798514391829153,0.6785714285714286,0.07142857142857142
p_logit,0.06999999999999999,0.4,0.7,99,250,-8.496,0.6973496722713024,0.504,0.664,168,-5.791666666666667,0.7732991612301957,0.5952380952380952,0.16071428571428573
p_ensemble,0.09999999999999999,0.3,0.6,80,163,-7.039877300613497,0.6971496437054632,0.48466257668711654,0.7607361963190185,45,-3.0333333333333345,0.8258928571428571,0.6888888888888889,0.1111111111111111
p_hist_gb,0.14999999999999997,0.0,1.0,100,133,-8.43233082706767,0.6970556455969746,0.3383458646616541,0.7142857142857143,47,-3.393617021276596,0.8551974580118021,0.5957446808510638,0.23404255319148937
p_kalshi_signal,0.039999999999999994,0.0,1.0,90,1368,-6.304093567251462,0.6969590487100379,0.4510233918128655,0.6366959064327485,587,-6.5289608177172065,0.6301032718849532,0.6218057921635435,0.33049403747870526
p_kalshi_signal,0.06,0.3,0.6,100,529,-8.64366729678639,0.696944591728526,0.3950850661625709,0.6162570888468809,124,-7.669354838709678,0.7293682413204325,0.4838709677419355,0.16129032258064516
p_dual_stack,0.02,0.4,0.7,99,388,-8.34020618556701,0.6969328026223367,0.5438144329896907,0.7783505154639175,335,-3.888059701492537,0.836993930292222,0.6328358208955224,0.16119402985074627
p_logit,0.06999999999999999,0.0,1.0,90,586,-6.953754266211604,0.6968057798049092,0.4590443686006826,0.6808873720136519,287,-5.395470383275262,0.6988818667963053,0.662020905923345,0.17073170731707318
p_btc_signal,0.10999999999999999,0.3,0.6,99,208,-8.485576923076923,0.6960826517434352,0.40865384615384615,0.7596153846153846,118,-2.6440677966101704,0.8940397350993378,0.5508474576271186,0.211864406779661
p_hist_gb,0.049999999999999996,0.6,0.9,90,221,-3.8936651583710407,0.695775145837016,0.7149321266968326,0.7058823529411765,357,-6.696078431372549,0.5576834119715052,0.6946778711484594,0.3641456582633053
p_residual_lightgbm,0.10999999999999999,0.3,0.6,90,106,-7.783018867924528,0.6955157778187857,0.5,0.5471698113207547,8,3.4999999999999982,1.1872909698996656,0.625,0.0
p_kalshi_signal,0.06999999999999999,0.0,1.0,100,702,-7.887179487179486,0.6952024441936638,0.39886039886039887,0.6566951566951567,359,-7.33008356545961,0.6910841110524153,0.6406685236768802,0.3008356545961003
p_kalshi_signal,0.11999999999999998,0.0,1.0,90,206,-7.37621359223301,0.69518555667001,0.3932038834951456,0.7135922330097088,62,-5.483870967741935,0.728,0.6774193548387096,0.27419354838709675
p_residual_lightgbm,0.049999999999999996,0.4,0.7,90,461,-7.280911062906725,0.694697107513189,0.596529284164859,0.5054229934924078,142,-2.73943661971831,0.8560059226355728,0.6830985915492958,0.36619718309859156
p_btc_signal,0.09,0.5,0.8,90,170,-6.5588235294117645,0.6945205479452055,0.6705882352941176,0.7647058823529411,324,-4.45679012345679,0.7492620246570585,0.7469135802469136,0.27469135802469136
p_dual_stack,0.02,0.3,0.6,100,365,-8.76027397260274,0.6944869099942671,0.4301369863013699,0.7643835616438356,146,-6.821917808219179,0.7555228276877761,0.5342465753424658,0.0
p_logit,0.07999999999999999,0.0,1.0,100,431,-7.855916473317865,0.6944381774043625,0.4037122969837587,0.6983758700696056,222,-5.261261261261262,0.7699428796533386,0.6306306306306306,0.15765765765765766
p_lightgbm,0.13999999999999999,0.3,0.6,100,127,-8.76771653543307,0.6943453197913807,0.3700787401574803,0.8031496062992126,29,-12.293103448275861,0.6012304250559284,0.4482758620689655,0.10344827586206896
p_kalshi_signal,0.049999999999999996,0.6,0.9,99,217,-6.080645161290323,0.6942771084337349,0.7419354838709677,0.728110599078341,340,-4.305882352941176,0.7648759335099976,0.7617647058823529,0.3941176470588235
p_lightgbm,0.10999999999999999,0.3,0.6,80,251,-6.99402390438247,0.6942436645475921,0.50199203187251,0.7609561752988048,57,-5.37719298245614,0.7211101000909919,0.6491228070175439,0.12280701754385964
p_xgboost,0.09999999999999999,0.0,1.0,90,211,-7.239336492890996,0.694102333032943,0.43601895734597157,0.7725118483412322,176,-5.068181818181818,0.6917760884588804,0.7272727272727273,0.2727272727272727
p_lightgbm,0.12999999999999998,0.0,1.0,80,220,-6.7681818181818185,0.6939677319905457,0.4681818181818182,0.7954545454545454,93,-6.198924731182796,0.5594191822697746,0.6021505376344086,0.23655913978494625
p_residual_lightgbm,0.06999999999999999,0.3,0.6,100,280,-8.778571428571428,0.6938597583758874,0.42857142857142855,0.5178571428571429,39,-7.884615384615385,0.7138203815728246,0.46153846153846156,0.1794871794871795
p_market_blend,0.02,0.3,0.6,80,365,-6.946575342465754,0.6937062092292824,0.5068493150684932,0.7095890410958904,98,-6.76530612244898,0.6714568880079287,0.6326530612244898,0.09183673469387756
p_ensemble,0.039999999999999994,0.0,1.0,90,1162,-6.516609294320137,0.693694531863082,0.4397590361445783,0.6927710843373494,592,-5.4045608108108105,0.6755400060845757,0.643581081081081,0.27364864864864863
p_residual_lightgbm,0.11999999999999998,0.0,1.0,90,119,-6.30672268907563,0.6936109410083691,0.5546218487394958,0.5798319327731093,11,-11.318181818181818,0.5345794392523364,0.5454545454545454,0.2727272727272727
p_xgboost,0.06999999999999999,0.0,1.0,99,584,-7.397945205479451,0.6931250754686156,0.4315068493150685,0.7054794520547946,390,-6.435897435897436,0.7052433797193354,0.6846153846153846,0.28205128205128205
p_kalshi_signal,0.12999999999999998,0.3,0.6,99,114,-8.789473684210526,0.6930617246132639,0.35964912280701755,0.7719298245614035,22,-6.454545454545454,0.7666392769104355,0.5,0.045454545454545456
p_market_blend,0.03,0.3,0.6,80,183,-7.112021857923497,0.6930424528301887,0.48633879781420764,0.7595628415300546,49,-1.3163265306122467,0.9177295918367347,0.7142857142857143,0.10204081632653061
p_btc_signal,0.11999999999999998,0.3,0.6,99,168,-8.630952380952381,0.6928616818470663,0.40476190476190477,0.8154761904761905,108,-1.2685185185185188,0.9473785289033992,0.5648148148148148,0.2037037037037037
p_residual_lightgbm,0.03,0.5,0.8,90,649,-5.835901386748844,0.6928472954342714,0.7195685670261941,0.5300462249614792,281,-1.9199288256227758,0.879144265232975,0.7722419928825622,0.4555160142348754
p_logit,0.049999999999999996,0.4,0.7,90,393,-7.578880407124682,0.6927797833935018,0.5674300254452926,0.6463104325699746,239,-3.5376569037656904,0.8244029075804776,0.6820083682008368,0.2301255230125523
p_kalshi_signal,0.07999999999999999,0.0,1.0,100,558,-8.039784946236558,0.6926418196766236,0.38530465949820786,0.6738351254480287,280,-8.553571428571429,0.6530242665700833,0.625,0.3
p_ensemble,0.10999999999999999,0.3,0.6,80,117,-7.294871794871795,0.6916546242774566,0.4700854700854701,0.8034188034188035,31,-0.9516129032258085,0.9403437815975733,0.7096774193548387,0.0967741935483871
p_kalshi_signal,0.06,0.3,0.6,90,529,-8.000945179584122,0.6916098947138329,0.44612476370510395,0.6162570888468809,124,-6.701612903225806,0.725289256198347,0.5483870967741935,0.16129032258064516
p_lightgbm,0.07999999999999999,0.4,0.7,80,251,-6.00996015936255,0.6915763647515846,0.649402390438247,0.6812749003984063,196,-5.005102040816326,0.6786240786240786,0.75,0.25510204081632654
p_lightgbm,0.09999999999999999,0.0,1.0,80,450,-6.326,0.6915550643609413,0.4777777777777778,0.7311111111111112,231,-3.2445887445887447,0.6956345177664974,0.5627705627705628,0.20346320346320346
p_kalshi_signal,0.049999999999999996,0.0,1.0,99,1100,-7.572818181818183,0.6910761768076277,0.41909090909090907,0.6445454545454545,507,-5.880276134122289,0.7267970382317365,0.6686390532544378,0.3214990138067061
p_hist_gb,0.07999999999999999,0.4,0.7,80,268,-6.242537313432836,0.6909863317325452,0.6343283582089553,0.6604477611940298,187,-4.729946524064171,0.6930418184973104,0.7486631016042781,0.24064171122994651
p_residual_lightgbm,0.06999999999999999,0.3,0.6,90,280,-7.921428571428572,0.6905260220454863,0.4857142857142857,0.5178571428571429,39,-5.5769230769230775,0.758869179600887,0.5384615384615384,0.1794871794871795
p_btc_signal,0.07999999999999999,0.0,1.0,99,867,-7.15674740484429,0.6904422182754285,0.35986159169550175,0.6839677047289504,485,-4.821443298969072,0.7812923802130585,0.6453608247422681,0.27628865979381445
p_kalshi_signal,0.06,0.4,0.7,100,357,-8.88655462184874,0.6902309232046087,0.49299719887955185,0.6190476190476191,229,-6.163755458515284,0.7647303941995166,0.5851528384279476,0.2925764192139738
p_kalshi_signal,0.06,0.5,0.8,99,242,-8.082644628099173,0.6900895191317437,0.5991735537190083,0.6611570247933884,289,-4.752595155709343,0.7869386488792368,0.6782006920415224,0.3633217993079585
p_logit,0.02,0.3,0.6,99,856,-8.800233644859814,0.6900318897232794,0.4147196261682243,0.610981308411215,234,-6.8076923076923075,0.7498626050090288,0.4829059829059829,0.21367521367521367
p_logit,0.09,0.0,1.0,90,335,-7.218507462686566,0.6895644248173871,0.4507462686567164,0.6985074626865672,175,-6.465714285714285,0.6691036701272116,0.6742857142857143,0.16
p_xgboost,0.09,0.4,0.7,90,100,-7.69,0.6893556857200566,0.57,0.78,127,-1.0275590551181102,0.9413483146067416,0.7322834645669292,0.2677165354330709
p_xgboost,0.07999999999999999,0.3,0.6,80,272,-6.992647058823529,0.6892156862745098,0.5,0.7242647058823529,71,-2.9788732394366213,0.8278388278388278,0.704225352112676,0.11267605633802817
p_residual_lightgbm,0.06999999999999999,0.3,0.6,99,280,-8.853571428571428,0.6890561304484164,0.43214285714285716,0.5178571428571429,39,-8.346153846153847,0.6970684039087948,0.46153846153846156,0.1794871794871795
p_lightgbm,0.049999999999999996,0.0,1.0,90,1196,-6.672324414715719,0.6889031830497242,0.44481605351170567,0.6747491638795987,568,-4.918838028169014,0.7049549073858956,0.6496478873239436,0.2852112676056338
p_logit,0.049999999999999996,0.0,1.0,99,937,-7.764674493062967,0.6888032473448508,0.4258271077908218,0.6766275346851655,459,-6.665795206971677,0.7060761804121235,0.6470588235294118,0.23093681917211328
p_kalshi_signal,0.06,0.4,0.7,99,357,-8.824929971988796,0.6885472789283772,0.49859943977591037,0.6190476190476191,229,-5.884279475982533,0.7701100400921266,0.5938864628820961,0.2925764192139738
p_kalshi_signal,0.06,0.3,0.6,99,529,-8.851606805293006,0.6884875095632506,0.39697542533081287,0.6162570888468809,124,-8.153225806451614,0.7122936824132043,0.4838709677419355,0.16129032258064516
p_logit,0.039999999999999994,0.0,1.0,99,1198,-7.5424040066777955,0.6882497645260678,0.44407345575959933,0.666110183639399,534,-7.049625468164794,0.6901901078100567,0.6385767790262172,0.24344569288389514
p_lightgbm,0.09,0.0,1.0,80,546,-6.332967032967034,0.6880452531959618,0.47435897435897434,0.7051282051282052,286,-4.7622377622377625,0.6052745978843646,0.541958041958042,0.2097902097902098
p_hist_gb,0.09,0.4,0.7,80,210,-6.271428571428571,0.6878777106292214,0.6333333333333333,0.6523809523809524,161,-4.624223602484473,0.7020212127276366,0.7453416149068323,0.21739130434782608
p_logit,0.09,0.4,0.7,99,147,-8.744897959183673,0.6877201506133852,0.5034013605442177,0.673469387755102,112,-2.5625,0.8887165568049632,0.625,0.16071428571428573
p_kalshi_signal,0.06,0.5,0.8,100,242,-8.309917355371901,0.6876116504854369,0.5909090909090909,0.6611570247933884,289,-5.112456747404845,0.7782863145258103,0.6678200692041523,0.3633217993079585
p_kalshi_signal,0.09999999999999999,0.0,1.0,90,336,-7.333333333333333,0.687567361947632,0.41369047619047616,0.6964285714285714,153,-8.794117647058824,0.5804490177736202,0.6339869281045751,0.24183006535947713
p_dual_stack,0.02,0.3,0.6,99,365,-8.916438356164383,0.6871425138187935,0.4328767123287671,0.7643835616438356,146,-6.678082191780823,0.7571304022916926,0.541095890410959,0.0
p_xgboost,0.09,0.0,1.0,90,305,-7.23704918032787,0.6867433972439437,0.4459016393442623,0.7672131147540984,233,-5.448497854077253,0.6728514366705322,0.721030042918455,0.27467811158798283
p_dual_stack,0.02,0.0,1.0,100,997,-6.899799398194584,0.6861652866169393,0.5115346038114343,0.7813440320962889,708,-5.3193502824858765,0.7402725479648558,0.71045197740113,0.3135593220338983
p_logit,0.06,0.3,0.6,90,403,-8.21712158808933,0.6860988672448931,0.4466501240694789,0.6129032258064516,120,-4.4750000000000005,0.8054347826086956,0.5666666666666667,0.14166666666666666
p_btc_signal,0.09999999999999999,0.0,1.0,100,599,-7.364273789649417,0.6856709207122854,0.34056761268781305,0.7228714524207012,380,-5.499736842105263,0.7656773817399007,0.6263157894736842,0.25526315789473686
p_dual_stack,0.03,0.4,0.7,99,253,-8.66600790513834,0.6856405477095132,0.5454545454545454,0.8142292490118577,260,-4.5576923076923075,0.8118300913060739,0.6346153846153846,0.11153846153846154
p_logit,0.02,0.0,1.0,99,1831,-7.207045330420535,0.6855510916031626,0.454396504642272,0.6444565811032222,719,-6.739638386648123,0.6962909109141732,0.6258692628650904,0.28929068150208626
p_hist_gb,0.14999999999999997,0.0,1.0,99,133,-8.770676691729323,0.6849000540248514,0.3383458646616541,0.7142857142857143,47,-3.9893617021276597,0.8297775760326827,0.5957446808510638,0.23404255319148937
p_kalshi_signal,0.09999999999999999,0.4,0.7,80,116,-6.379310344827586,0.6845694799658995,0.6206896551724138,0.6551724137931034,101,-10.787128712871286,0.46814742494508177,0.6732673267326733,0.2871287128712871
p_kalshi_signal,0.06999999999999999,0.0,1.0,99,702,-8.145014245014243,0.6842564470705175,0.40028490028490027,0.6566951566951567,359,-6.867688022284122,0.6997869101978691,0.6518105849582173,0.3008356545961003
p_hist_gb,0.039999999999999994,0.0,1.0,90,1456,-6.724313186813186,0.6840936883915579,0.43543956043956045,0.6394230769230769,624,-5.200961538461539,0.6931905198574385,0.6298076923076923,0.3060897435897436
p_lightgbm,0.13999999999999999,0.0,1.0,100,168,-8.785714285714286,0.6839061998072599,0.3392857142857143,0.7916666666666666,63,-6.325396825396825,0.7423213708373747,0.6031746031746031,0.2698412698412698
p_kalshi_signal,0.06999999999999999,0.4,0.7,90,274,-7.923357664233577,0.6835507616062969,0.5583941605839416,0.6277372262773723,207,-5.741545893719807,0.7315640880858272,0.6570048309178744,0.28502415458937197
p_logit,0.02,0.4,0.7,90,723,-7.784923928077455,0.683079954954955,0.5712309820193637,0.6127247579529738,360,-5.044444444444444,0.763094383927989,0.6583333333333333,0.2777777777777778
p_xgboost,0.10999999999999999,0.0,1.0,100,152,-8.50592105263158,0.6825993027937349,0.3618421052631579,0.7763157894736842,123,-5.573170731707317,0.7563965884861408,0.6747967479674797,0.3008130081300813
p_xgboost,0.06999999999999999,0.3,0.6,90,342,-8.225146198830409,0.682057078270698,0.43567251461988304,0.6988304093567251,89,-2.0393258426966296,0.9039428420216988,0.6292134831460674,0.10112359550561797
p_lightgbm,0.13999999999999999,0.3,0.6,99,127,-9.137795275590552,0.6814438649464727,0.3700787401574803,0.8031496062992126,29,-12.741379310344827,0.5866890380313199,0.4482758620689655,0.10344827586206896
p_btc_signal,0.09,0.3,0.6,90,328,-8.201219512195122,0.6808826146272021,0.45426829268292684,0.7103658536585366,143,-2.800699300699301,0.8728974928594098,0.5944055944055944,0.22377622377622378
p_residual_lightgbm,0.06999999999999999,0.0,1.0,90,602,-6.133222591362126,0.680776746035863,0.5049833887043189,0.5382059800664452,110,-4.798181818181818,0.7295829490726509,0.6545454545454545,0.3181818181818182
p_ensemble,0.07999999999999999,0.3,0.6,80,269,-7.407063197026022,0.6800995424259453,0.49070631970260226,0.7397769516728625,77,-7.474025974025974,0.6399749765405067,0.6233766233766234,0.1038961038961039
p_residual_lightgbm,0.06,0.0,1.0,90,797,-6.131367628607278,0.679753853413023,0.5106649937264742,0.5219573400250941,172,-3.7093023255813953,0.771326164874552,0.6511627906976745,0.3488372093023256
p_logit,0.03,0.3,0.6,90,746,-8.388739946380698,0.6796847008240774,0.4584450402144772,0.6206434316353887,200,-4.61,0.8003464703334777,0.56,0.22
p_market_blend,0.03,0.0,1.0,80,265,-7.03622641509434,0.6791589235322458,0.46037735849056605,0.7660377358490567,156,-3.6346153846153846,0.6690983367376714,0.5961538461538461,0.15384615384615385
p_logit,0.07999999999999999,0.0,1.0,99,431,-8.259628770301623,0.6787354817749461,0.4037122969837587,0.6983758700696056,222,-5.0,0.7744360902255639,0.6396396396396397,0.15765765765765766
p_logit,0.039999999999999994,0.3,0.6,90,628,-8.472929936305732,0.6780030257186082,0.45222929936305734,0.6194267515923567,164,-3.8292682926829267,0.8303390517357828,0.5670731707317073,0.17682926829268292
p_kalshi_signal,0.07999999999999999,0.0,1.0,99,558,-8.425089605734767,0.6779117566456563,0.38530465949820786,0.6738351254480287,280,-8.471428571428572,0.6484102868153857,0.6321428571428571,0.3
p_hist_gb,0.13999999999999999,0.0,1.0,80,172,-7.47093023255814,0.6778641263474555,0.4418604651162791,0.6976744186046512,65,-1.9307692307692308,0.8441961514587213,0.676923076923077,0.26153846153846155
p_lightgbm,0.06999999999999999,0.4,0.7,80,313,-6.359424920127796,0.6772074920943809,0.645367412140575,0.6773162939297125,241,-4.757261410788382,0.6931209850107066,0.7510373443983402,0.26141078838174275
p_xgboost,0.06,0.5,0.8,90,239,-6.50418410041841,0.6771211963859175,0.694560669456067,0.7280334728033473,344,-4.0813953488372094,0.7616298811544991,0.7558139534883721,0.3372093023255814
p_kalshi_signal,0.09,0.0,1.0,100,440,-8.507954545454545,0.6766014427022591,0.37272727272727274,0.6840909090909091,212,-7.731132075471698,0.6796951338675005,0.6226415094339622,0.27358490566037735
p_btc_signal,0.09,0.0,1.0,100,731,-7.68454172366621,0.67642450634778,0.34062927496580025,0.7017783857729138,431,-5.74106728538283,0.7559979883442298,0.62877030162413,0.26450116009280744
p_logit,0.03,0.4,0.7,90,618,-8.090614886731391,0.6751875791730276,0.5647249190938511,0.6326860841423948,321,-4.711838006230529,0.7765878877400295,0.6635514018691588,0.27414330218068533
p_residual_lightgbm,0.06999999999999999,0.5,0.8,90,250,-6.536,0.6744371388722853,0.696,0.556,69,0.8043478260869557,1.0566326530612244,0.7971014492753623,0.391304347826087
p_btc_signal,0.06999999999999999,0.4,0.7,80,338,-6.3076923076923075,0.6727802931471107,0.6597633136094675,0.650887573964497,298,-4.731543624161074,0.691026624301523,0.7483221476510067,0.2651006711409396
p_lightgbm,0.13999999999999999,0.0,1.0,99,168,-9.125,0.6716993254095728,0.3392857142857143,0.7916666666666666,63,-6.928571428571429,0.7177497575169738,0.6031746031746031,0.2698412698412698
p_logit,0.07999999999999999,0.3,0.6,90,250,-8.696,0.6716756022049385,0.436,0.632,84,-6.166666666666667,0.7417746759720838,0.5476190476190477,0.10714285714285714
p_xgboost,0.03,0.0,1.0,90,1532,-6.415013054830287,0.6716295232049183,0.4601827676240209,0.6364229765013055,708,-5.470621468926553,0.6664255201874052,0.6299435028248588,0.3403954802259887
p_kalshi_signal,0.06,0.4,0.7,90,357,-8.2703081232493,0.6714881780250348,0.5546218487394958,0.6190476190476191,229,-4.941048034934497,0.7645406305275205,0.6637554585152838,0.2925764192139738
p_btc_signal,0.11999999999999998,0.0,1.0,100,392,-7.767091836734695,0.6712590561128086,0.3163265306122449,0.7704081632653061,291,-4.5237113402061855,0.8057948778472797,0.6254295532646048,0.2508591065292096
p_logit,0.07999999999999999,0.3,0.6,100,250,-9.536,0.6711724137931034,0.384,0.632,84,-9.023809523809524,0.6858031088082902,0.4642857142857143,0.10714285714285714
p_btc_signal,0.09999999999999999,0.0,1.0,99,599,-7.70484140233723,0.6711344834220483,0.34056761268781305,0.7228714524207012,380,-5.344473684210526,0.7664128634523372,0.6342105263157894,0.25526315789473686
p_ensemble,0.03,0.0,1.0,90,1477,-6.92335815842925,0.670710147774368,0.43263371699390657,0.6770480704129993,672,-5.322916666666667,0.6814072589623692,0.6383928571428571,0.3020833333333333
p_residual_lightgbm,0.06,0.5,0.8,90,339,-6.647492625368732,0.6705890951615261,0.6991150442477876,0.5162241887905604,111,1.1846846846846844,1.0853896103896103,0.8018018018018018,0.40540540540540543
p_btc_signal,0.10999999999999999,0.0,1.0,100,479,-7.761795407098121,0.6705712437643431,0.3277661795407098,0.7411273486430062,328,-5.237500000000001,0.7784612607036006,0.625,0.25
p_ensemble,0.06,0.3,0.6,80,428,-7.55607476635514,0.6702523578893704,0.5023364485981309,0.7009345794392523,109,-5.490825688073395,0.724002766889555,0.6422018348623854,0.09174311926605505
p_kalshi_signal,0.12999999999999998,0.3,0.6,90,114,-8.868421052631579,0.6699853109188836,0.39473684210526316,0.7719298245614035,22,-6.863636363636366,0.7264492753623188,0.5454545454545454,0.045454545454545456
p_dual_stack,0.02,0.0,1.0,99,997,-7.212738214643932,0.6695463965847628,0.5105315947843531,0.7813440320962889,708,-4.915395480225989,0.7499263453647882,0.7161016949152542,0.3135593220338983
p_xgboost,0.10999999999999999,0.0,1.0,99,152,-8.867763157894737,0.6690970687877449,0.3618421052631579,0.7763157894736842,123,-4.638211382113822,0.7852841550621001,0.6910569105691057,0.3008130081300813
p_kalshi_signal,0.049999999999999996,0.0,1.0,90,1100,-7.253727272727273,0.6688263175807482,0.43454545454545457,0.6445454545454545,507,-6.57258382642998,0.6260800287259589,0.6291913214990138,0.3214990138067061
p_residual_lightgbm,0.09999999999999999,0.5,0.8,90,106,-7.150943396226415,0.6687786759886388,0.6698113207547169,0.5660377358490566,16,-8.8125,0.6110344827586207,0.6875,0.4375
p_xgboost,0.039999999999999994,0.0,1.0,90,1251,-6.6189448441247,0.6686422025691304,0.46203037569944044,0.6554756195043965,638,-4.693730407523511,0.7040938330648906,0.6536050156739812,0.3322884012539185
p_residual_lightgbm,0.10999999999999999,0.0,1.0,90,186,-7.016129032258065,0.6684872348532961,0.521505376344086,0.5698924731182796,20,-1.45,0.9066022544283414,0.65,0.25
p_lightgbm,0.06999999999999999,0.3,0.6,80,495,-7.526262626262627,0.6683137464387464,0.5070707070707071,0.6787878787878788,129,-3.4844961240310086,0.8112534117153055,0.6666666666666666,0.14728682170542637
p_xgboost,0.07999999999999999,0.4,0.7,80,161,-6.475155279503106,0.6669329073482428,0.6521739130434783,0.7329192546583851,163,-3.665644171779142,0.7328414934048737,0.7852760736196319,0.26380368098159507
p_lightgbm,0.039999999999999994,0.0,1.0,90,1437,-7.095824634655533,0.6668126194716292,0.4363256784968685,0.6631871955462769,628,-4.779299363057325,0.7119273627734213,0.6385350318471338,0.30095541401273884
p_kalshi_signal,0.06,0.0,1.0,100,892,-8.648766816143498,0.6657524869155316,0.39798206278026904,0.6524663677130045,425,-6.2865882352941185,0.7195402298850575,0.6588235294117647,0.31058823529411766
p_hist_gb,0.10999999999999999,0.4,0.7,80,131,-7.064885496183206,0.6654013015184381,0.6183206106870229,0.6564885496183206,111,-4.166666666666667,0.7261693309650681,0.7477477477477478,0.22522522522522523
p_logit,0.09999999999999999,0.3,0.6,90,155,-8.887096774193548,0.6653304178814383,0.432258064516129,0.6258064516129033,56,-10.0,0.6221322537112011,0.5,0.14285714285714285
p_logit,0.09999999999999999,0.3,0.6,100,155,-9.725806451612904,0.6652231845436376,0.38064516129032255,0.6258064516129033,56,-10.357142857142858,0.6468797564687976,0.44642857142857145,0.14285714285714285
p_hist_gb,0.06999999999999999,0.3,0.6,80,515,-7.639805825242719,0.6646923470257372,0.5067961165048543,0.6873786407766991,121,-4.830578512396694,0.7574688796680498,0.6363636363636364,0.1487603305785124
p_lightgbm,0.03,0.0,1.0,90,1738,-6.974971231300345,0.6644662182734091,0.4298043728423475,0.6415420023014959,704,-5.331960227272727,0.6865176796779743,0.6235795454545454,0.3224431818181818
p_btc_signal,0.12999999999999998,0.3,0.6,100,137,-9.63138686131387,0.6640784114052953,0.38686131386861317,0.8175182481751825,92,2.108695652173913,1.0950747365841706,0.5978260869565217,0.1956521739130435
p_btc_signal,0.10999999999999999,0.3,0.6,90,208,-8.701923076923077,0.6638499396415638,0.44711538461538464,0.7596153846153846,118,-2.2627118644067803,0.8947990543735225,0.6101694915254238,0.211864406779661
p_residual_lightgbm,0.039999999999999994,0.0,1.0,90,1309,-6.253857906799083,0.6630847237198428,0.49732620320855614,0.5317035905271199,356,-6.495224719101124,0.6395928800773092,0.6039325842696629,0.3792134831460674
p_ensemble,0.06999999999999999,0.3,0.6,80,346,-7.8497109826589595,0.6627134430301149,0.49421965317919075,0.7109826589595376,91,-7.170329670329671,0.6569400630914827,0.6263736263736264,0.0989010989010989
p_lightgbm,0.02,0.0,1.0,90,2050,-6.886926829268293,0.6625975652306912,0.4292682926829268,0.6258536585365854,789,-5.2965779467680605,0.686496624156039,0.6083650190114068,0.34980988593155893
p_kalshi_signal,0.09,0.0,1.0,99,440,-8.880681818181818,0.662433588181936,0.37272727272727274,0.6840909090909091,212,-7.419811320754717,0.6829268292682927,0.6320754716981132,0.27358490566037735
p_residual_lightgbm,0.049999999999999996,0.0,1.0,90,1031,-6.4309408341416106,0.6622587398694941,0.5024248302618817,0.5169738118331717,246,-6.039430894308944,0.6625096542637773,0.6219512195121951,0.3699186991869919
p_btc_signal,0.09,0.0,1.0,99,731,-8.02517099863201,0.6620815188590125,0.34062927496580025,0.7017783857729138,431,-5.680742459396752,0.7530958815699246,0.6357308584686775,0.26450116009280744
p_xgboost,0.049999999999999996,0.0,1.0,90,997,-7.004112337011033,0.6620202988195323,0.4583751253761284,0.6649949849548646,554,-5.080324909747293,0.678581625078513,0.6534296028880866,0.3285198555956679
p_ensemble,0.06999999999999999,0.5,0.8,90,125,-7.332,0.6616832779623477,0.664,0.744,249,-4.114457831325301,0.7641031545014967,0.751004016064257,0.26506024096385544
p_xgboost,0.10999999999999999,0.0,1.0,90,152,-8.57171052631579,0.6612676788685524,0.40131578947368424,0.7763157894736842,123,-7.199186991869919,0.6169154228855721,0.7317073170731707,0.3008130081300813
p_hist_gb,0.13999999999999999,0.3,0.6,100,121,-10.037190082644628,0.6608015640273704,0.36363636363636365,0.7272727272727273,30,-6.666666666666668,0.7553516819571865,0.5,0.16666666666666666
p_btc_signal,0.06,0.0,1.0,90,1228,-7.069788273615636,0.6605940005707784,0.3998371335504886,0.6359934853420195,585,-4.711965811965812,0.7325214691184319,0.6598290598290598,0.2923076923076923
p_hist_gb,0.06999999999999999,0.4,0.7,80,332,-6.795180722891566,0.6605732340329497,0.6355421686746988,0.6716867469879518,215,-5.513953488372093,0.655977945443993,0.7395348837209302,0.25116279069767444
p_hist_gb,0.07999999999999999,0.0,1.0,80,659,-7.017450682852807,0.6604999449399845,0.4613050075872534,0.6858877086494689,322,-6.546583850931677,0.5380738468280925,0.5248447204968945,0.2329192546583851
p_hist_gb,0.03,0.0,1.0,90,1711,-7.177966101694915,0.6602580948560838,0.42314436002337813,0.6364699006428989,703,-5.21778093883357,0.6929201095009669,0.6258890469416786,0.32574679943101
p_hist_gb,0.13999999999999999,0.3,0.6,90,121,-9.210743801652892,0.6601616100015246,0.4132231404958678,0.7272727272727273,30,-8.666666666666668,0.6583442838370565,0.5333333333333333,0.16666666666666666
p_kalshi_signal,0.13999999999999999,0.0,1.0,90,114,-8.640350877192983,0.6598756906077348,0.3684210526315789,0.7543859649122807,32,-3.625,0.813953488372093,0.65625,0.28125
p_logit,0.11999999999999998,0.3,0.6,100,100,-9.82,0.6598545202632491,0.38,0.63,36,-13.63888888888889,0.5594436967249888,0.4166666666666667,0.1111111111111111
p_logit,0.07999999999999999,0.0,1.0,90,431,-8.134338747099767,0.6584907314507251,0.4431554524361949,0.6983758700696056,222,-5.891891891891892,0.6844010133912414,0.6801801801801802,0.15765765765765766
p_logit,0.07999999999999999,0.4,0.7,100,185,-9.991891891891893,0.6584126397486834,0.4864864864864865,0.6648648648648648,136,-3.588235294117647,0.8515589353612167,0.6102941176470589,0.15441176470588236
p_logit,0.07999999999999999,0.3,0.6,99,250,-9.92,0.6579310344827586,0.384,0.632,84,-9.488095238095237,0.6696373056994819,0.4642857142857143,0.10714285714285714
p_btc_signal,0.11999999999999998,0.0,1.0,99,392,-8.083418367346939,0.6578705853137112,0.3163265306122449,0.7704081632653061,291,-4.12852233676976,0.8166892995010605,0.6357388316151202,0.2508591065292096
p_dual_stack,0.039999999999999994,0.5,0.8,100,171,-9.026315789473685,0.657760532150776,0.6140350877192983,0.9239766081871345,331,-7.47583081570997,0.6879177702106193,0.6676737160120846,0.17522658610271905
p_hist_gb,0.12999999999999998,0.3,0.6,80,160,-8.10625,0.6576481457041046,0.48125,0.70625,36,-2.8888888888888897,0.8431372549019608,0.6666666666666666,0.16666666666666666
p_hist_gb,0.09,0.0,1.0,80,539,-7.185899814471243,0.6573056573056573,0.45640074211502785,0.6846011131725418,254,-5.318897637795276,0.6076096427534127,0.5590551181102362,0.19291338582677164
p_logit,0.06999999999999999,0.4,0.7,90,250,-8.712,0.6571698410199905,0.552,0.664,168,-4.184523809523809,0.797552195824334,0.6726190476190477,0.16071428571428573
p_kalshi_signal,0.06,0.0,1.0,99,892,-8.824775784753363,0.657078258142088,0.40022421524663676,0.6524663677130045,425,-5.780705882352942,0.7309385609462271,0.6705882352941176,0.31058823529411766
p_residual_lightgbm,0.039999999999999994,0.5,0.8,90,536,-6.8414179104477615,0.6567764882066641,0.7052238805970149,0.5242537313432836,224,-1.4866071428571428,0.9058124734832415,0.7723214285714286,0.41964285714285715
p_btc_signal,0.10999999999999999,0.0,1.0,99,479,-8.08956158663883,0.6566600802771599,0.3277661795407098,0.7411273486430062,328,-4.957012195121951,0.7840741576913373,0.6341463414634146,0.25
p_logit,0.06,0.0,1.0,90,732,-8.011065573770493,0.6562842522961859,0.4494535519125683,0.6775956284153005,371,-6.2444743935309965,0.6548523583921814,0.6495956873315364,0.18328840970350405
p_lightgbm,0.11999999999999998,0.0,1.0,80,276,-7.597101449275363,0.6562791993836369,0.4601449275362319,0.782608695652174,125,-3.74,0.6864520456069751,0.616,0.2
p_xgboost,0.049999999999999996,0.5,0.8,90,310,-7.038709677419355,0.6561613614875512,0.6903225806451613,0.7129032258064516,384,-4.1015625,0.7607110300820419,0.7552083333333334,0.3541666666666667
p_lightgbm,0.07999999999999999,0.0,1.0,80,653,-7.001531393568147,0.6551177894951232,0.45941807044410415,0.6937212863705973,353,-6.026912181303116,0.535175879396985,0.5127478753541076,0.24362606232294617
p_kalshi_signal,0.03,0.3,0.6,80,827,-7.866384522370012,0.6546607920161376,0.5163240628778718,0.6082224909310762,197,-5.8908629441624365,0.7076089695137314,0.6142131979695431,0.18781725888324874
p_btc_signal,0.11999999999999998,0.3,0.6,90,168,-9.05952380952381,0.6546403449058317,0.44047619047619047,0.8154761904761905,108,-1.3518518518518532,0.9354410789299138,0.6203703703703703,0.2037037037037037
p_xgboost,0.03,0.4,0.7,80,557,-6.623877917414721,0.6545250245798024,0.6606822262118492,0.6535008976660682,359,-4.876044568245125,0.683739837398374,0.754874651810585,0.2924791086350975
p_logit,0.02,0.3,0.6,90,856,-9.16822429906542,0.6541741027166369,0.45210280373831774,0.610981308411215,234,-6.153846153846154,0.7425813371469432,0.5384615384615384,0.21367521367521367
p_kalshi_signal,0.07999999999999999,0.0,1.0,90,558,-8.344444444444445,0.6540713224368498,0.4175627240143369,0.6738351254480287,280,-8.053571428571429,0.5863903154805576,0.6571428571428571,0.3
p_market_blend,0.02,0.0,1.0,80,598,-7.001839464882944,0.6538385224623423,0.44481605351170567,0.717391304347826,374,-7.136631016042781,0.46210273875979924,0.4919786096256685,0.2192513368983957
p_xgboost,0.06,0.0,1.0,90,785,-7.368280254777069,0.6525398274743494,0.45222929936305734,0.6828025477707006,474,-5.00675105485232,0.6852185908319185,0.6708860759493671,0.30168776371308015
p_hist_gb,0.10999999999999999,0.0,1.0,80,357,-7.61232492997199,0.6524408179969562,0.4565826330532213,0.711484593837535,158,-4.39873417721519,0.6682577565632458,0.6075949367088608,0.20253164556962025
p_logit,0.039999999999999994,0.4,0.7,90,501,-8.875249500998004,0.6522640181434269,0.5528942115768463,0.6407185628742516,273,-4.0787545787545785,0.80156820814399,0.673992673992674,0.2454212454212454
p_logit,0.09999999999999999,0.3,0.6,99,155,-10.106451612903227,0.6521208083499889,0.38064516129032255,0.6258064516129033,56,-10.803571428571429,0.6316590563165906,0.44642857142857145,0.14285714285714285
p_kalshi_signal,0.03,0.4,0.7,80,619,-6.863489499192245,0.6519477327653299,0.6494345718901454,0.6042003231017771,334,-5.278443113772455,0.6690755513843266,0.7395209580838323,0.32335329341317365
p_hist_gb,0.11999999999999998,0.3,0.6,80,196,-8.311224489795919,0.6517742625053442,0.47959183673469385,0.7244897959183674,48,-4.145833333333335,0.7807162534435261,0.6458333333333334,0.16666666666666666
p_ensemble,0.07999999999999999,0.0,1.0,80,404,-7.479455445544554,0.6515647701851894,0.452970297029703,0.7524752475247525,257,-6.714007782101167,0.49898373983739835,0.5330739299610895,0.16342412451361868
p_btc_signal,0.06999999999999999,0.0,1.0,90,1026,-7.357017543859649,0.6514453269301811,0.3908382066276803,0.6588693957115009,527,-4.8053130929791275,0.727358856207743,0.6679316888045541,0.2827324478178368
p_logit,0.049999999999999996,0.0,1.0,90,937,-7.947171824973319,0.6509038573330583,0.44610458911419426,0.6766275346851655,459,-5.842265795206972,0.667773427821002,0.644880174291939,0.23093681917211328
p_btc_signal,0.12999999999999998,0.3,0.6,99,137,-10.018248175182482,0.6505855397148677,0.38686131386861317,0.8175182481751825,92,1.5108695652173914,1.0681205586865965,0.5978260869565217,0.1956521739130435
p_residual_lightgbm,0.02,0.0,1.0,90,1962,-6.446890927624873,0.6502523122865714,0.47706422018348627,0.5412844036697247,594,-6.160942760942761,0.6555865080560156,0.5757575757575758,0.4107744107744108
p_dual_stack,0.03,0.0,1.0,100,578,-8.03114186851211,0.6496312901448422,0.5536332179930796,0.8477508650519031,589,-5.580814940577249,0.7283163897842798,0.7181663837011885,0.26825127334465193
p_market_blend,0.02,0.4,0.7,80,213,-7.237089201877934,0.6494599204093234,0.6291079812206573,0.7089201877934272,205,-5.821951219512195,0.6316358024691358,0.7463414634146341,0.2146341463414634
p_kalshi_signal,0.06,0.6,0.9,100,155,-7.964516129032258,0.6492897727272727,0.7032258064516129,0.7741935483870968,291,-5.630584192439863,0.7200580898684436,0.738831615120275,0.3848797250859107
p_hist_gb,0.06,0.3,0.6,80,588,-8.071428571428571,0.6492628311717105,0.5051020408163265,0.6785714285714286,149,-2.855704697986578,0.8456375838926175,0.6577181208053692,0.15436241610738255
p_xgboost,0.06,0.4,0.7,80,297,-6.920875420875421,0.6492620083610613,0.6464646464646465,0.7003367003367004,246,-5.073170731707317,0.6683937823834197,0.7601626016260162,0.2764227642276423
p_hist_gb,0.13999999999999999,0.3,0.6,99,121,-10.400826446280991,0.6485127775450356,0.36363636363636365,0.7272727272727273,30,-7.166666666666668,0.7370030581039755,0.5,0.16666666666666666
p_xgboost,0.02,0.0,1.0,90,1869,-6.830765115034779,0.6479171550309566,0.4521134296415195,0.6185125735687533,780,-5.503717948717949,0.6673047413859912,0.6269230769230769,0.358974358974359
p_hist_gb,0.12999999999999998,0.0,1.0,80,230,-8.105217391304349,0.6478455522602339,0.4391304347826087,0.7,85,-3.123529411764706,0.7603790613718412,0.6470588235294118,0.27058823529411763
p_btc_signal,0.12999999999999998,0.0,1.0,100,316,-8.420569620253165,0.6476282543634293,0.30063291139240506,0.7848101265822784,255,-4.283921568627451,0.8148913817060359,0.6274509803921569,0.23529411764705882
p_ensemble,0.02,0.0,1.0,90,1833,-7.31505728314239,0.646922669784417,0.42825968357883254,0.6541189307146754,749,-5.161415220293725,0.6874373403188772,0.6261682242990654,0.32176234979973295
p_residual_lightgbm,0.03,0.0,1.0,90,1633,-6.487507654623393,0.6467644273729978,0.483159828536436,0.5358236374770361,468,-5.515384615384615,0.6839359839347595,0.6047008547008547,0.405982905982906
p_logit,0.11999999999999998,0.3,0.6,99,100,-10.2,0.6466920678905438,0.38,0.63,36,-14.055555555555555,0.5459847465231046,0.4166666666666667,0.1111111111111111
p_hist_gb,0.02,0.0,1.0,90,2015,-7.291315136476427,0.6465762980960056,0.42034739454094294,0.6178660049627791,778,-5.282005141388176,0.692810262083813,0.6118251928020566,0.3380462724935733
p_kalshi_signal,0.06999999999999999,0.0,1.0,90,702,-8.414245014245015,0.6460980797459633,0.42450142450142453,0.6566951566951567,359,-7.218662952646239,0.6139867431295152,0.6629526462395543,0.3008356545961003
p_residual_lightgbm,0.049999999999999996,0.5,0.8,90,434,-7.214285714285714,0.6459146169069834,0.6981566820276498,0.5161290322580645,160,-0.525,0.965382237791057,0.78125,0.425
p_logit,0.09,0.4,0.7,90,147,-8.989795918367347,0.645805414098097,0.5510204081632653,0.673469387755102,112,-3.3660714285714284,0.8297968397291197,0.6785714285714286,0.16071428571428573
p_lightgbm,0.10999999999999999,0.0,1.0,80,354,-7.74406779661017,0.6457178304191059,0.4604519774011299,0.7598870056497176,172,-2.5406976744186047,0.7557977088572226,0.5988372093023255,0.18023255813953487
p_kalshi_signal,0.02,0.3,0.6,80,937,-8.117929562433298,0.6450702253744576,0.5176093916755603,0.5933831376734259,231,-6.703463203463204,0.6764521521103217,0.6017316017316018,0.2077922077922078
p_kalshi_signal,0.02,0.4,0.7,80,729,-7.021262002743485,0.6440913673817057,0.6502057613168725,0.5857338820301783,377,-5.8315649867374,0.6459742351046699,0.7294429708222812,0.3209549071618037
p_lightgbm,0.06,0.3,0.6,80,577,-8.2157712305026,0.6440264323796651,0.5008665511265165,0.6672443674176777,145,-4.934482758620691,0.7480633802816902,0.6413793103448275,0.16551724137931034
p_hist_gb,0.09,0.5,0.8,80,117,-5.782051282051282,0.6437598736176935,0.6752136752136753,0.6837606837606838,178,-4.54494382022472,0.6201877934272301,0.6629213483146067,0.21910112359550563
p_lightgbm,0.14999999999999997,0.0,1.0,100,129,-10.12015503875969,0.6435008192244676,0.3178294573643411,0.8062015503875969,38,-8.973684210526315,0.6802625410220347,0.5526315789473685,0.18421052631578946
p_lightgbm,0.06,0.4,0.7,80,389,-7.158097686375322,0.6433557476785142,0.6375321336760925,0.6760925449871465,267,-5.889513108614232,0.6405714285714286,0.7378277153558053,0.2696629213483146
p_btc_signal,0.049999999999999996,0.3,0.6,80,611,-8.046644844517186,0.6432148040638607,0.5188216039279869,0.6170212765957447,214,-5.313084112149533,0.7372920517560074,0.6261682242990654,0.24766355140186916
p_btc_signal,0.049999999999999996,0.0,1.0,90,1439,-7.48679638637943,0.6423033888794818,0.4030576789437109,0.6198749131341209,639,-4.592175273865415,0.7377049180327869,0.6541471048513302,0.297339593114241
p_xgboost,0.09,0.3,0.6,80,196,-8.428571428571429,0.6418039895923677,0.46938775510204084,0.7602040816326531,53,-0.4811320754716988,0.9688644688644689,0.7358490566037735,0.09433962264150944
p_logit,0.07999999999999999,0.4,0.7,99,185,-10.478378378378379,0.641781391481105,0.4864864864864865,0.6648648648648648,136,-3.4705882352941178,0.853416149068323,0.6176470588235294,0.15441176470588236
p_lightgbm,0.13999999999999999,0.0,1.0,90,168,-9.5,0.641267700606878,0.36904761904761907,0.7916666666666666,63,-3.7857142857142856,0.7955422203171881,0.6984126984126984,0.2698412698412698
p_kalshi_signal,0.039999999999999994,0.3,0.6,80,725,-8.352413793103448,0.6409321355510095,0.5048275862068966,0.6137931034482759,174,-5.557471264367816,0.7205606126282329,0.6264367816091954,0.1781609195402299
p_btc_signal,0.06,0.6,0.9,90,196,-5.372448979591836,0.64,0.7653061224489796,0.6785714285714286,364,-4.862637362637362,0.6629213483146067,0.7417582417582418,0.32967032967032966
p_btc_signal,0.06999999999999999,0.3,0.6,80,447,-8.15324384787472,0.6394975023492754,0.5145413870246085,0.6510067114093959,174,-5.6321839080459775,0.7213138063415327,0.6264367816091954,0.23563218390804597
p_kalshi_signal,0.06,0.6,0.9,99,155,-8.029032258064516,0.6393276336762788,0.7096774193548387,0.7741935483870968,291,-4.668384879725086,0.7510765002290426,0.7560137457044673,0.3848797250859107
p_lightgbm,0.049999999999999996,0.3,0.6,80,671,-8.330104321907601,0.6392707324943531,0.5052160953800298,0.6721311475409836,170,-3.1411764705882366,0.8315457413249211,0.6588235294117647,0.17058823529411765
p_btc_signal,0.07999999999999999,0.0,1.0,90,867,-7.800346020761245,0.6387320445087847,0.3886966551326413,0.6839677047289504,485,-4.877113402061856,0.7247262274668622,0.6701030927835051,0.27628865979381445
p_btc_signal,0.049999999999999996,0.4,0.7,80,484,-7.088842975206612,0.6376023237391075,0.6549586776859504,0.5991735537190083,350,-5.171428571428572,0.6728422955264347,0.74,0.3057142857142857
p_residual_lightgbm,0.049999999999999996,0.3,0.6,80,446,-8.248878923766815,0.6375905038664237,0.5403587443946188,0.5044843049327354,89,-10.230337078651685,0.5582241630276564,0.550561797752809,0.3146067415730337
p_btc_signal,0.07999999999999999,0.4,0.7,80,293,-7.206484641638225,0.6375418419019827,0.6484641638225256,0.689419795221843,277,-3.990974729241877,0.7298717165546732,0.7581227436823105,0.259927797833935
p_ensemble,0.06999999999999999,0.0,1.0,80,545,-7.590275229357798,0.6372811209413662,0.44403669724770645,0.726605504587156,343,-7.0830903790087465,0.46727332529327925,0.5014577259475219,0.21574344023323616
p_xgboost,0.11999999999999998,0.0,1.0,80,125,-8.3552,0.6372225502796207,0.44,0.8,82,-3.3780487804878048,0.6660638939119952,0.573170731707317,0.3170731707317073
p_btc_signal,0.03,0.0,1.0,90,1905,-7.587926509186352,0.6371800696272908,0.405249343832021,0.5921259842519685,762,-4.4332020997375325,0.7417473204593061,0.636482939632546,0.32020997375328086
p_residual_lightgbm,0.07999999999999999,0.3,0.6,80,221,-8.418552036199095,0.6370110233147985,0.5429864253393665,0.5067873303167421,26,-6.038461538461539,0.7084493964716806,0.5769230769230769,0.15384615384615385
p_logit,0.06,0.4,0.7,90,306,-9.366013071895425,0.6366632860040567,0.5490196078431373,0.6405228758169934,203,-4.480295566502463,0.7852673828355566,0.6699507389162561,0.17733990147783252
p_kalshi_signal,0.049999999999999996,0.5,0.8,90,297,-7.877104377104377,0.6366389687038907,0.6666666666666666,0.6599326599326599,334,-4.718562874251497,0.7336713138994507,0.7455089820359282,0.36826347305389223
p_btc_signal,0.039999999999999994,0.0,1.0,90,1645,-7.587234042553192,0.6364743164051123,0.4024316109422492,0.6115501519756839,705,-4.914893617021277,0.7207334273624824,0.6397163120567376,0.30638297872340425
p_btc_signal,0.039999999999999994,0.4,0.7,80,564,-7.095744680851064,0.6362479549172878,0.6560283687943262,0.5957446808510638,375,-5.486666666666666,0.6621788030539365,0.7306666666666667,0.312
p_btc_signal,0.02,0.0,1.0,90,2160,-7.529305555555555,0.6358378396533773,0.4097222222222222,0.5902777777777778,818,-4.858312958435208,0.7193253808504778,0.6210268948655256,0.33496332518337407
p_lightgbm,0.06999999999999999,0.6,0.9,90,120,-5.4,0.6355455568053994,0.7333333333333333,0.725,293,-5.373720136518771,0.6181641809142718,0.7235494880546075,0.31399317406143346
p_lightgbm,0.049999999999999996,0.4,0.7,80,476,-7.371848739495798,0.6350494019760791,0.6386554621848739,0.6848739495798319,301,-4.96843853820598,0.6847596964586846,0.7475083056478405,0.26578073089701
p_btc_signal,0.12999999999999998,0.0,1.0,99,316,-8.72120253164557,0.6350478057049024,0.30063291139240506,0.7848101265822784,255,-3.7466666666666666,0.8317039229156759,0.6392156862745098,0.23529411764705882
p_dual_stack,0.039999999999999994,0.5,0.8,99,171,-9.634502923976608,0.63470066518847,0.6140350877192983,0.9239766081871345,331,-7.545317220543807,0.6790670778720124,0.6737160120845922,0.17522658610271905
p_kalshi_signal,0.09,0.0,1.0,90,440,-8.9625,0.6346919870310329,0.4068181818181818,0.6840909090909091,212,-8.014150943396226,0.5961972667855021,0.6556603773584906,0.27358490566037735
p_ensemble,0.049999999999999996,0.3,0.6,80,530,-8.547169811320755,0.6346479554802806,0.49433962264150944,0.6943396226415094,136,-3.875000000000001,0.7954192546583851,0.6617647058823529,0.11764705882352941
p_kalshi_signal,0.06,0.0,1.0,90,892,-8.49181614349776,0.634616126729311,0.42713004484304934,0.6524663677130045,425,-6.7336470588235295,0.6208431595961738,0.6447058823529411,0.31058823529411766
p_hist_gb,0.06999999999999999,0.0,1.0,80,829,-7.449215922798553,0.6339180385205913,0.4499396863691194,0.6851628468033776,383,-6.881201044386423,0.513431182497923,0.5065274151436031,0.24804177545691905
p_xgboost,0.039999999999999994,0.4,0.7,80,458,-7.155021834061135,0.6333631684940703,0.6550218340611353,0.6812227074235808,331,-4.63595166163142,0.6956564855216184,0.7583081570996979,0.29607250755287007
p_dual_stack,0.02,0.3,0.6,90,365,-9.82876712328767,0.6331987117223046,0.4657534246575342,0.7643835616438356,146,-6.000000000000002,0.7470401386081432,0.6027397260273972,0.0
p_residual_lightgbm,0.06,0.3,0.6,80,368,-8.39945652173913,0.6328542582254425,0.5380434782608695,0.5108695652173914,59,-7.5508474576271185,0.6395631067961165,0.5932203389830508,0.3050847457627119
p_lightgbm,0.14999999999999997,0.0,1.0,99,129,-10.437984496124031,0.6323047515019116,0.3178294573643411,0.8062015503875969,38,-9.526315789473685,0.6605719643694328,0.5526315789473685,0.18421052631578946
p_ensemble,0.039999999999999994,0.6,0.9,90,216,-4.75462962962963,0.6318336619465854,0.6990740740740741,0.7962962962962963,406,-5.985221674876847,0.5826176571624871,0.6945812807881774,0.3448275862068966
p_residual_lightgbm,0.09999999999999999,0.3,0.6,80,137,-8.514598540145986,0.6314375987361769,0.5474452554744526,0.5036496350364964,8,7.249999999999998,1.5225225225225223,0.75,0.0
p_kalshi_signal,0.049999999999999996,0.3,0.6,80,618,-8.72168284789644,0.630644829712876,0.49514563106796117,0.6197411003236246,151,-6.910596026490066,0.6681507393862299,0.609271523178808,0.19205298013245034
p_logit,0.049999999999999996,0.5,0.8,90,283,-7.8992932862190814,0.6305874576551268,0.6784452296819788,0.6855123674911661,309,-4.464401294498382,0.7462521843097581,0.7508090614886731,0.2524271844660194
p_dual_stack,0.03,0.0,1.0,99,578,-8.411764705882353,0.6303027077171077,0.5553633217993079,0.8477508650519031,589,-5.292190152801358,0.7322332082019741,0.7266553480475382,0.26825127334465193
p_logit,0.02,0.5,0.8,90,577,-7.779029462738301,0.6302413707883681,0.6845753899480069,0.6429809358752167,447,-5.02572706935123,0.7233374384236453,0.7404921700223713,0.31543624161073824
p_btc_signal,0.06,0.3,0.6,80,527,-8.481024667931688,0.6293946932006633,0.5104364326375711,0.6394686907020873,194,-5.15979381443299,0.7423423423423423,0.6288659793814433,0.25257731958762886
p_kalshi_signal,0.039999999999999994,0.4,0.7,80,526,-7.574144486692015,0.6293608707786771,0.6349809885931559,0.6197718631178707,303,-5.922442244224422,0.6407766990291263,0.7326732673267327,0.3069306930693069
p_residual_lightgbm,0.039999999999999994,0.3,0.6,80,542,-8.5,0.6290958859995169,0.5350553505535055,0.507380073800738,122,-5.983606557377049,0.7075906268776286,0.5983606557377049,0.3524590163934426
p_btc_signal,0.09999999999999999,0.4,0.7,80,204,-7.549019607843137,0.6277945619335348,0.6421568627450981,0.75,232,-4.297413793103448,0.7115162037037037,0.7586206896551724,0.24568965517241378
p_ensemble,0.06,0.0,1.0,80,701,-7.617546362339515,0.6266822335167331,0.442225392296719,0.7104136947218259,417,-6.608393285371702,0.4892784995459347,0.4940047961630695,0.22062350119904076
p_xgboost,0.06999999999999999,0.0,1.0,90,584,-8.353424657534246,0.6263251424719651,0.4469178082191781,0.7054794520547946,390,-5.443589743589744,0.6656166325405576,0.6820512820512821,0.28205128205128205
p_residual_lightgbm,0.09,0.3,0.6,80,171,-8.710526315789474,0.6255185417976116,0.5380116959064327,0.49707602339181284,13,7.346153846153845,1.6345514950166113,0.7692307692307693,0.23076923076923078
p_logit,0.039999999999999994,0.0,1.0,90,1198,-8.391318864774624,0.6252814265905262,0.4348914858096828,0.666110183639399,534,-6.628277153558052,0.633193429711384,0.6179775280898876,0.24344569288389514
p_logit,0.03,0.0,1.0,90,1495,-8.200133779264215,0.6251135282910973,0.4367892976588629,0.6548494983277592,634,-7.195110410094637,0.6125681574969,0.6009463722397477,0.27287066246056785
p_lightgbm,0.03,0.3,0.6,80,876,-8.771689497716896,0.6240704500978473,0.5068493150684932,0.636986301369863,222,-3.292792792792794,0.8231094978826377,0.6531531531531531,0.22072072072072071
p_lightgbm,0.13999999999999999,0.3,0.6,90,127,-10.34251968503937,0.6239083750894775,0.3937007874015748,0.8031496062992126,29,-7.465517241379311,0.7052416609938734,0.5517241379310345,0.10344827586206896
p_btc_signal,0.06,0.4,0.7,80,407,-7.504914004914005,0.6224117683416774,0.6486486486486487,0.6240786240786241,323,-4.7631578947368425,0.6913741223671013,0.7461300309597523,0.29721362229102166
p_hist_gb,0.06,0.4,0.7,80,397,-7.77455919395466,0.6220072255220134,0.6246851385390428,0.6675062972292192,250,-4.416,0.7122752150117279,0.752,0.268
p_dual_stack,0.03,0.3,0.6,100,208,-11.360576923076923,0.6219502439804816,0.4182692307692308,0.7644230769230769,100,-6.250000000000003,0.7726859428987088,0.55,0.0
p_kalshi_signal,0.09999999999999999,0.3,0.6,80,229,-9.063318777292576,0.6214663505380267,0.4672489082969432,0.6855895196506551,58,-10.017241379310347,0.5709010339734121,0.5862068965517241,0.1206896551724138
p_logit,0.06999999999999999,0.6,0.9,90,108,-6.4907407407407405,0.6212857914640735,0.7592592592592593,0.7962962962962963,185,-6.5864864864864865,0.578008658008658,0.7135135135135136,0.1945945945945946
p_xgboost,0.09999999999999999,0.0,1.0,80,211,-8.187203791469196,0.6211207369229083,0.44549763033175355,0.7725118483412322,176,-4.443181818181818,0.5845949535192563,0.5284090909090909,0.2727272727272727
p_hist_gb,0.06,0.5,0.8,80,244,-5.680327868852459,0.6211044286495353,0.680327868852459,0.7008196721311475,308,-6.162337662337662,0.5269781931464175,0.6266233766233766,0.3181818181818182
p_kalshi_signal,0.02,0.6,0.9,90,516,-4.1937984496124034,0.6204174706191896,0.6705426356589147,0.6414728682170543,470,-5.821276595744681,0.581267217630854,0.6808510638297872,0.4425531914893617
p_kalshi_signal,0.07999999999999999,0.3,0.6,80,365,-9.06986301369863,0.6203990368077056,0.4794520547945205,0.6547945205479452,86,-9.023255813953488,0.596778383995843,0.5930232558139535,0.19767441860465115
p_xgboost,0.06,0.3,0.6,80,438,-8.915525114155251,0.6191358626743392,0.4931506849315068,0.6735159817351598,111,-3.680180180180181,0.7973207640783925,0.6846846846846847,0.0990990990990991
p_btc_signal,0.02,0.4,0.7,80,761,-7.52233902759527,0.6190396965361196,0.6544021024967148,0.568988173455979,420,-5.254761904761905,0.6739066193853428,0.7333333333333333,0.34523809523809523
p_hist_gb,0.06999999999999999,0.5,0.8,80,198,-5.8686868686868685,0.618766404199475,0.6868686868686869,0.7171717171717171,261,-6.695402298850575,0.4992119214787219,0.6206896551724138,0.29118773946360155
p_dual_stack,0.039999999999999994,0.0,1.0,100,306,-9.542156862745099,0.618682581555097,0.5392156862745098,0.8790849673202614,449,-7.198886414253898,0.665077868385332,0.7126948775055679,0.19821826280623608
p_residual_lightgbm,0.02,0.3,0.6,80,776,-8.788659793814434,0.6184722105675365,0.529639175257732,0.520618556701031,194,-5.443298969072165,0.7389046853752009,0.5927835051546392,0.36082474226804123
p_xgboost,0.03,0.3,0.6,80,724,-8.816298342541437,0.6184356039094958,0.5096685082872928,0.6464088397790055,196,-5.198979591836735,0.7315595363540569,0.6428571428571429,0.1683673469387755
p_xgboost,0.049999999999999996,0.3,0.6,80,519,-8.966281310211945,0.6178608088688154,0.49710982658959535,0.6666666666666666,133,-3.154135338345866,0.8237394957983193,0.6842105263157895,0.12781954887218044
p_kalshi_signal,0.10999999999999999,0.3,0.6,80,176,-9.301136363636363,0.6177466433158202,0.4602272727272727,0.7159090909090909,38,-10.605263157894736,0.5551876379690949,0.5789473684210527,0.10526315789473684
p_logit,0.09999999999999999,0.0,1.0,80,261,-8.107662835249041,0.6173140914351851,0.4559386973180077,0.7049808429118773,131,-6.744274809160306,0.5481973919713629,0.5954198473282443,0.183206106870229
p_lightgbm,0.06999999999999999,0.0,1.0,80,815,-7.752515337423313,0.6172768462880404,0.4404907975460123,0.6760736196319018,433,-6.16512702078522,0.527271117407473,0.5057736720554272,0.2586605080831409
p_ensemble,0.039999999999999994,0.3,0.6,80,641,-9.050702028081123,0.6167085095137421,0.49453978159126366,0.6786271450858035,165,-4.0212121212121215,0.7885932770431735,0.6545454545454545,0.12727272727272726
p_hist_gb,0.049999999999999996,0.3,0.6,80,673,-9.036404160475483,0.6165148027871489,0.4962852897473997,0.662704309063893,170,-3.1294117647058823,0.8332026963473899,0.6529411764705882,0.1588235294117647
p_btc_signal,0.02,0.6,0.9,90,443,-5.457110609480813,0.6163916217073945,0.7200902934537246,0.6388261851015802,474,-5.031645569620253,0.6415151059672328,0.7257383966244726,0.39662447257383965
p_ensemble,0.06,0.4,0.7,80,259,-8.083011583011583,0.6158715596330275,0.6216216216216216,0.7065637065637066,225,-4.988888888888889,0.6725018234865062,0.7555555555555555,0.21333333333333335
p_logit,0.06,0.5,0.8,90,221,-8.2420814479638,0.6151896059997888,0.6787330316742082,0.669683257918552,261,-5.07088122605364,0.7199238175854407,0.7432950191570882,0.20306513409961685
p_btc_signal,0.09999999999999999,0.0,1.0,90,599,-8.51619365609349,0.61480608916274,0.3656093489148581,0.7228714524207012,380,-5.368157894736842,0.7125038757504862,0.6815789473684211,0.25526315789473686
p_btc_signal,0.07999999999999999,0.3,0.6,80,390,-8.912820512820513,0.6146555069009478,0.5051282051282051,0.676923076923077,160,-4.500000000000001,0.7675544794188862,0.64375,0.24375
p_hist_gb,0.02,0.3,0.6,80,962,-9.04054054054054,0.6145544795798524,0.5062370062370062,0.6382536382536382,267,-3.6872659176029963,0.8054347826086956,0.6404494382022472,0.23220973782771537
p_xgboost,0.049999999999999996,0.4,0.7,80,371,-7.774932614555256,0.6144747393744988,0.6442048517520216,0.6954177897574124,280,-4.8464285714285715,0.6835723446426489,0.7607142857142857,0.2857142857142857
p_btc_signal,0.039999999999999994,0.3,0.6,80,705,-8.850354609929077,0.6141788276032649,0.5120567375886524,0.6085106382978723,237,-5.985232067510548,0.712067390642444,0.6160337552742616,0.25738396624472576
p_btc_signal,0.02,0.3,0.6,80,919,-8.910228509249183,0.6141685906799227,0.5125136017410229,0.5875952121871599,269,-4.392193308550186,0.7786416861826698,0.6319702602230484,0.27137546468401486
p_hist_gb,0.06,0.0,1.0,80,995,-7.78422110552764,0.6137103812872498,0.43618090452261304,0.6673366834170854,464,-6.529525862068965,0.5296373346581382,0.5021551724137931,0.2650862068965517
p_btc_signal,0.039999999999999994,0.6,0.9,90,295,-5.740677966101695,0.6134002967697751,0.7457627118644068,0.6576271186440678,421,-5.003562945368171,0.6475656683955161,0.7339667458432304,0.35391923990498814
p_lightgbm,0.14999999999999997,0.0,1.0,90,129,-10.507751937984496,0.6132667617689016,0.3488372093023256,0.8062015503875969,38,-7.394736842105265,0.6728754365541327,0.631578947368421,0.18421052631578946
p_kalshi_signal,0.11999999999999998,0.3,0.6,80,142,-9.507042253521126,0.6129587155963303,0.4507042253521127,0.7394366197183099,29,-9.70689655172414,0.5817236255572066,0.5862068965517241,0.06896551724137931
p_hist_gb,0.11999999999999998,0.0,1.0,80,278,-9.082374100719425,0.6129175673396803,0.4316546762589928,0.7158273381294964,117,-3.3461538461538463,0.7396941489361702,0.6581196581196581,0.23076923076923078
p_xgboost,0.07999999999999999,0.0,1.0,80,434,-7.7859447004608295,0.6119589807191007,0.45161290322580644,0.7350230414746544,304,-6.144736842105263,0.49294245385450597,0.5,0.26973684210526316
p_ensemble,0.06999999999999999,0.4,0.7,80,200,-8.42,0.611802674043338,0.61,0.705,192,-6.072916666666667,0.6185179126451824,0.7447916666666666,0.21875
p_dual_stack,0.039999999999999994,0.4,0.7,100,150,-11.466666666666667,0.611518915866742,0.5133333333333333,0.8733333333333333,185,-8.321621621621622,0.6897107729517283,0.6054054054054054,0.08648648648648649
p_lightgbm,0.039999999999999994,0.3,0.6,80,769,-9.190507152145644,0.6110774818401937,0.5006501950585176,0.6618985695708712,192,-1.984375,0.8887753612611298,0.671875,0.203125
p_xgboost,0.09,0.0,1.0,80,305,-8.122295081967213,0.6108117449295399,0.4459016393442623,0.7672131147540984,233,-5.148068669527897,0.5380319661082226,0.5064377682403434,0.27467811158798283
p_kalshi_signal,0.06999999999999999,0.6,0.9,100,106,-9.433962264150944,0.6105919003115264,0.6792452830188679,0.7924528301886793,244,-6.774590163934426,0.683757413430266,0.7213114754098361,0.3729508196721312
p_lightgbm,0.02,0.6,0.9,90,473,-4.736786469344609,0.6101105020447228,0.6596194503171248,0.6913319238900634,486,-6.372427983539095,0.5620138594258238,0.6748971193415638,0.42592592592592593
p_ensemble,0.03,0.3,0.6,80,769,-9.26853055916775,0.60934502603453,0.49544863459037713,0.6684005201560468,191,-2.6780104712041886,0.8513729478425105,0.6701570680628273,0.15706806282722513
p_xgboost,0.039999999999999994,0.3,0.6,80,610,-9.170491803278688,0.6087975104024617,0.5,0.6655737704918033,171,-3.552631578947369,0.8051010587102984,0.672514619883041,0.16374269005847952
p_lightgbm,0.03,0.4,0.7,80,667,-8.066716641679161,0.608605513930312,0.631184407796102,0.6611694152923538,370,-4.878378378378378,0.6917954409630326,0.7432432432432432,0.3027027027027027
p_xgboost,0.09999999999999999,0.3,0.6,80,144,-9.472222222222221,0.6085521595637825,0.4513888888888889,0.7847222222222222,40,-0.8500000000000014,0.9465828750981933,0.725,0.075
p_hist_gb,0.049999999999999996,0.4,0.7,80,488,-8.030737704918034,0.6084132693844924,0.6270491803278688,0.6557377049180327,288,-4.743055555555555,0.6932405120143723,0.75,0.2847222222222222
p_dual_stack,0.03,0.3,0.6,99,208,-11.774038461538462,0.6081913446924246,0.4182692307692308,0.7644230769230769,100,-6.800000000000001,0.7526823058737953,0.55,0.0
p_btc_signal,0.03,0.3,0.6,80,813,-9.081795817958179,0.6079800366348987,0.5116851168511685,0.5879458794587946,253,-4.377470355731226,0.7797991848096232,0.6324110671936759,0.25691699604743085
p_xgboost,0.02,0.4,0.7,80,674,-7.925816023738872,0.6079553794216939,0.6439169139465876,0.6379821958456974,396,-4.502525252525253,0.7056055477586065,0.7550505050505051,0.3005050505050505
p_dual_stack,0.02,0.4,0.7,90,388,-9.963917525773196,0.607612281146917,0.5798969072164949,0.7783505154639175,335,-3.6731343283582087,0.8110846703001459,0.6985074626865672,0.16119402985074627
p_ensemble,0.03,0.4,0.7,80,563,-8.134103019538188,0.6074489970855478,0.6269982238010657,0.6838365896980462,351,-4.48005698005698,0.7076594162483733,0.7549857549857549,0.2706552706552707
p_xgboost,0.10999999999999999,0.3,0.6,80,109,-9.720183486238533,0.6069374884066036,0.44036697247706424,0.8073394495412844,28,-2.3928571428571455,0.8586497890295357,0.7142857142857143,0.07142857142857142
p_residual_lightgbm,0.03,0.3,0.6,80,654,-9.149847094801224,0.6065616884184227,0.5275229357798165,0.5091743119266054,152,-3.8223684210526314,0.8043112158976087,0.618421052631579,0.35526315789473684
p_logit,0.07999999999999999,0.4,0.7,90,185,-10.478378378378379,0.6058357055713705,0.5351351351351351,0.6648648648648648,136,-3.073529411764706,0.8435921421889616,0.6838235294117647,0.15441176470588236
p_hist_gb,0.039999999999999994,0.3,0.6,80,773,-9.356403622250971,0.6057508857999455,0.49805950840879687,0.6597671410090556,194,-3.5824742268041248,0.8131971509205752,0.6443298969072165,0.17525773195876287
p_ensemble,0.049999999999999996,0.4,0.7,80,344,-8.241279069767442,0.605427974947808,0.622093023255814,0.7093023255813954,262,-4.801526717557252,0.686049413526329,0.7557251908396947,0.23282442748091603
p_kalshi_signal,0.12999999999999998,0.0,1.0,80,159,-9.470440251572327,0.6051189258647366,0.4088050314465409,0.7358490566037735,43,-6.8023255813953485,0.5903361344537815,0.627906976744186,0.27906976744186046
p_btc_signal,0.10999999999999999,0.0,1.0,90,479,-8.784759916492693,0.6048883088104113,0.35281837160751567,0.7411273486430062,328,-4.3533536585365855,0.7611368540791917,0.6951219512195121,0.25
p_residual_lightgbm,0.07999999999999999,0.5,0.8,90,182,-8.708791208791208,0.6047874329884054,0.6648351648351648,0.554945054945055,44,2.3181818181818175,1.1761658031088082,0.8181818181818182,0.4318181818181818
p_dual_stack,0.03,0.4,0.7,90,253,-9.982213438735178,0.6046802848869062,0.5849802371541502,0.8142292490118577,260,-3.6923076923076925,0.8093725178713265,0.7076923076923077,0.11153846153846154
p_hist_gb,0.03,0.3,0.6,80,859,-9.364959254947614,0.6046637344275991,0.5005820721769499,0.6565774155995343,223,-3.3385650224215246,0.8223998091603053,0.6502242152466368,0.2062780269058296
p_logit,0.039999999999999994,0.5,0.8,90,360,-8.608333333333333,0.6044671346522017,0.6722222222222223,0.6666666666666666,351,-5.217948717948718,0.7149194489843568,0.7407407407407407,0.2678062678062678
p_logit,0.02,0.0,1.0,90,1831,-8.465374112506828,0.6044328752440379,0.4270890223921354,0.6444565811032222,719,-7.2403337969401935,0.6072961535270022,0.588317107093185,0.28929068150208626
p_lightgbm,0.02,0.4,0.7,80,775,-8.17483870967742,0.603956991935988,0.6309677419354839,0.6412903225806451,406,-4.573891625615763,0.7088885405235931,0.7438423645320197,0.31773399014778325
p_ensemble,0.049999999999999996,0.0,1.0,80,901,-8.065371809101,0.6039081023628485,0.4306326304106548,0.7069922308546059,501,-7.114570858283432,0.47454079075389927,0.4870259481037924,0.25948103792415167
p_btc_signal,0.11999999999999998,0.0,1.0,90,392,-8.864030612244898,0.6037608903890891,0.3392857142857143,0.7704081632653061,291,-3.9738831615120276,0.7816217849454243,0.7010309278350515,0.2508591065292096
p_hist_gb,0.02,0.4,0.7,80,752,-8.188829787234043,0.6037323037323037,0.6303191489361702,0.6436170212765957,406,-3.7463054187192117,0.7514705882352941,0.7536945812807881,0.32019704433497537
p_ensemble,0.039999999999999994,0.4,0.7,80,443,-8.272009029345373,0.6034734621003084,0.6230248306997742,0.6952595936794582,308,-4.931818181818182,0.6837722494014781,0.75,0.24025974025974026
p_hist_gb,0.14999999999999997,0.0,1.0,80,133,-9.785714285714286,0.6033825994209965,0.40601503759398494,0.7142857142857143,47,-1.6914893617021283,0.8672787979966611,0.7021276595744681,0.23404255319148937
p_logit,0.03,0.5,0.8,90,473,-8.612050739957716,0.6032820412933385,0.6744186046511628,0.6553911205073996,406,-5.512315270935961,0.7033207397096838,0.7364532019704434,0.30295566502463056
p_btc_signal,0.13999999999999999,0.0,1.0,100,252,-9.725793650793651,0.6032473208793344,0.28174603174603174,0.7936507936507936,209,-3.757894736842106,0.8353251981381307,0.6220095693779905,0.2535885167464115
p_kalshi_signal,0.06,0.5,0.8,90,242,-9.012396694214877,0.6032020376603293,0.6487603305785123,0.6611570247933884,289,-4.6280276816609,0.7359589379133353,0.7474048442906575,0.3633217993079585
p_btc_signal,0.03,0.4,0.7,80,668,-7.973053892215569,0.603085292692924,0.6482035928143712,0.5718562874251497,395,-5.163291139240506,0.6780329939221722,0.7341772151898734,0.3240506329113924
p_logit,0.11999999999999998,0.3,0.6,90,100,-10.92,0.6028368794326241,0.41,0.63,36,-17.805555555555557,0.42485419470614627,0.4166666666666667,0.1111111111111111
p_btc_signal,0.049999999999999996,0.6,0.9,90,255,-6.131372549019608,0.6028197637495237,0.7529411764705882,0.6627450980392157,390,-4.7615384615384615,0.6660372268680874,0.7410256410256411,0.3435897435897436
p_ensemble,0.02,0.4,0.7,80,696,-8.209770114942529,0.602366040361865,0.6293103448275862,0.6695402298850575,384,-4.526041666666667,0.706046511627907,0.7526041666666666,0.2838541666666667
p_dual_stack,0.02,0.5,0.8,90,419,-8.270883054892602,0.6023066330043608,0.6897374701670644,0.8210023866348448,510,-4.670588235294118,0.7291950886766713,0.7529411764705882,0.2784313725490196
p_dual_stack,0.049999999999999996,0.0,1.0,100,128,-11.0390625,0.602139940870055,0.4921875,0.8671875,290,-8.427586206896551,0.6172878170999061,0.7172413793103448,0.12758620689655173
p_kalshi_signal,0.09,0.3,0.6,80,292,-9.688356164383562,0.6015773537074854,0.4691780821917808,0.6712328767123288,72,-7.680555555555557,0.6409090909090909,0.6111111111111112,0.16666666666666666
p_kalshi_signal,0.10999999999999999,0.0,1.0,80,257,-9.116731517509727,0.6015644928152368,0.4163424124513619,0.7003891050583657,97,-6.829896907216495,0.5587745587745587,0.5773195876288659,0.29896907216494845
p_lightgbm,0.02,0.3,0.6,80,990,-9.464646464646465,0.6010559032656363,0.501010101010101,0.6262626262626263,248,-2.8145161290322585,0.8464077456265816,0.657258064516129,0.23387096774193547
p_hist_gb,0.13999999999999999,0.3,0.6,80,121,-10.037190082644628,0.6010183968462549,0.45454545454545453,0.7272727272727273,30,-3.3333333333333344,0.8171846435100548,0.6666666666666666,0.16666666666666666
p_residual_lightgbm,0.06999999999999999,0.6,0.9,90,235,-5.0702127659574465,0.600569896077774,0.6340425531914894,0.574468085106383,69,-5.195652173913044,0.6557849255880941,0.7246376811594203,0.391304347826087
p_btc_signal,0.09,0.0,1.0,90,731,-8.99781121751026,0.6005684129981963,0.36388508891928867,0.7017783857729138,431,-5.137819025522042,0.7183557183557184,0.6728538283062645,0.26450116009280744
p_kalshi_signal,0.03,0.6,0.9,90,424,-4.632075471698113,0.5999592626540381,0.6674528301886793,0.6768867924528302,433,-5.784064665127021,0.5825833333333333,0.6812933025404158,0.44110854503464203
p_xgboost,0.02,0.3,0.6,80,844,-9.417061611374407,0.5991021664018562,0.5059241706161137,0.6362559241706162,226,-4.265486725663718,0.7736823570841648,0.6504424778761062,0.19911504424778761
p_btc_signal,0.12999999999999998,0.3,0.6,90,137,-10.872262773722628,0.5989499192245558,0.41605839416058393,0.8175182481751825,92,1.0217391304347814,1.0536223616657159,0.6521739130434783,0.1956521739130435
p_logit,0.12999999999999998,0.0,1.0,80,114,-8.798245614035087,0.5987197439487898,0.4473684210526316,0.6666666666666666,41,-12.5,0.37385461209529625,0.5853658536585366,0.21951219512195122
p_kalshi_signal,0.11999999999999998,0.0,1.0,80,206,-9.366504854368932,0.5985226799833542,0.41262135922330095,0.7135922330097088,62,-7.096774193548387,0.5615346287992028,0.5645161290322581,0.27419354838709675
p_xgboost,0.10999999999999999,0.0,1.0,80,152,-9.426973684210527,0.5982222969941677,0.4276315789473684,0.7763157894736842,123,-5.4105691056910565,0.5396056727775856,0.5528455284552846,0.3008130081300813
p_kalshi_signal,0.07999999999999999,0.5,0.8,90,128,-9.8359375,0.597892047269243,0.625,0.6484375,203,-5.411330049261084,0.7014540019024323,0.7389162561576355,0.35960591133004927
p_lightgbm,0.09,0.5,0.8,80,126,-6.896825396825397,0.5973123262279889,0.6984126984126984,0.7222222222222222,218,-3.63302752293578,0.6602316602316602,0.6330275229357798,0.24770642201834864
p_logit,0.09,0.0,1.0,80,335,-8.412537313432836,0.597267673664204,0.45671641791044776,0.6985074626865672,175,-6.865714285714286,0.5349332301141861,0.5942857142857143,0.16
p_dual_stack,0.039999999999999994,0.0,1.0,99,306,-10.0781045751634,0.5972653903413692,0.5392156862745098,0.8790849673202614,449,-7.029621380846326,0.6615554530929991,0.7216035634743875,0.19821826280623608
p_lightgbm,0.06,0.0,1.0,80,985,-8.08010152284264,0.5970075191777007,0.43248730964467,0.6730964467005076,497,-7.464788732394366,0.46867167919799496,0.48490945674044267,0.2796780684104628
p_residual_lightgbm,0.02,0.4,0.7,80,798,-7.894736842105263,0.5956224525819186,0.6629072681704261,0.5200501253132832,280,-6.171428571428572,0.6341308490366293,0.7214285714285714,0.4035714285714286
p_dual_stack,0.02,0.3,0.6,80,365,-9.417808219178083,0.5955406518413932,0.5287671232876713,0.7643835616438356,146,-6.5479452054794525,0.6658511010136317,0.6712328767123288,0.0
p_ensemble,0.09,0.4,0.7,80,102,-8.911764705882353,0.5947391885867143,0.6078431372549019,0.7549019607843137,116,-2.836206896551724,0.7809587217043942,0.7931034482758621,0.19827586206896552
p_kalshi_signal,0.06999999999999999,0.5,0.8,90,180,-9.555555555555555,0.5944830838146882,0.6388888888888888,0.6722222222222223,256,-4.90234375,0.7244785949506037,0.7421875,0.3515625
p_dual_stack,0.039999999999999994,0.4,0.7,99,150,-11.973333333333333,0.5943534726143421,0.5133333333333333,0.8733333333333333,185,-8.391891891891891,0.6827748263179403,0.6108108108108108,0.08648648648648649
p_xgboost,0.06999999999999999,0.4,0.7,80,214,-8.406542056074766,0.5927560837577815,0.6308411214953271,0.7242990654205608,203,-4.613300492610837,0.6873643799031881,0.7684729064039408,0.26108374384236455
p_btc_signal,0.13999999999999999,0.3,0.6,100,110,-12.163636363636364,0.5925700365408039,0.36363636363636365,0.8454545454545455,79,2.132911392405063,1.096120935539076,0.5949367088607594,0.20253164556962025
p_logit,0.06999999999999999,0.0,1.0,80,586,-8.43839590443686,0.592270714633201,0.4522184300341297,0.6808873720136519,287,-6.963414634146342,0.513510223953262,0.5470383275261324,0.17073170731707318
p_hist_gb,0.03,0.4,0.7,80,652,-8.570552147239264,0.5919380750693735,0.6226993865030674,0.661042944785276,367,-4.137602179836512,0.7264456854620789,0.7547683923705722,0.3106267029972752
p_btc_signal,0.13999999999999999,0.0,1.0,99,252,-10.007539682539683,0.591753812283485,0.28174603174603174,0.7936507936507936,209,-3.4325358851674643,0.845201104781633,0.631578947368421,0.2535885167464115
p_residual_lightgbm,0.06999999999999999,0.3,0.6,80,280,-9.635714285714286,0.5914906503141797,0.525,0.5178571428571429,39,-8.91025641025641,0.5975680370584829,0.5641025641025641,0.1794871794871795
p_ensemble,0.02,0.3,0.6,80,903,-9.779069767441861,0.5914075513603554,0.4950166112956811,0.6533776301218162,221,-2.8574660633484172,0.841808617234469,0.665158371040724,0.167420814479638
p_ensemble,0.02,0.6,0.9,90,420,-5.066666666666666,0.5912408759124088,0.6666666666666666,0.7,487,-6.05441478439425,0.5789360942520528,0.6858316221765913,0.406570841889117
p_ensemble,0.03,0.6,0.9,90,304,-5.328947368421052,0.5909090909090909,0.6776315789473685,0.7467105263157895,452,-6.342920353982301,0.5693902072694503,0.6902654867256637,0.37610619469026546
p_kalshi_signal,0.09999999999999999,0.0,1.0,80,336,-9.089285714285714,0.5908634201888942,0.4255952380952381,0.6964285714285714,153,-7.683006535947713,0.5009552112078115,0.5359477124183006,0.24183006535947713
p_kalshi_signal,0.06999999999999999,0.3,0.6,80,437,-9.969107551487415,0.5907276058058152,0.47139588100686497,0.631578947368421,110,-7.800000000000001,0.635591420683797,0.6090909090909091,0.15454545454545454
p_kalshi_signal,0.039999999999999994,0.0,1.0,80,1368,-7.919590643274854,0.5907095526289942,0.4144736842105263,0.6366959064327485,587,-7.653321976149915,0.46498749553411933,0.47189097103918226,0.33049403747870526
p_xgboost,0.03,0.6,0.9,90,433,-4.802540415704388,0.5904883812524616,0.6812933025404158,0.6697459584295612,482,-5.746887966804979,0.5913851600531052,0.6846473029045643,0.42323651452282157
p_kalshi_signal,0.049999999999999996,0.4,0.7,80,428,-8.728971962616823,0.590328417128132,0.6191588785046729,0.6261682242990654,265,-6.556603773584905,0.6135883464917158,0.7245283018867924,0.3132075471698113
p_btc_signal,0.07999999999999999,0.5,0.8,80,218,-6.26605504587156,0.5902204889755512,0.6651376146788991,0.7385321100917431,351,-5.847578347578348,0.5305352241537054,0.6410256410256411,0.27635327635327633
p_lightgbm,0.039999999999999994,0.6,0.9,90,290,-5.596551724137931,0.5899962106858658,0.6793103448275862,0.7275862068965517,407,-6.426289926289926,0.5617826924687945,0.687960687960688,0.36609336609336607
p_xgboost,0.07999999999999999,0.5,0.8,90,124,-9.064516129032258,0.5898558657179347,0.6693548387096774,0.7903225806451613,231,-3.9329004329004333,0.769533231861999,0.7575757575757576,0.3203463203463203
p_logit,0.10999999999999999,0.0,1.0,80,195,-9.128717948717949,0.5896590673336253,0.441025641025641,0.6923076923076923,87,-10.21264367816092,0.4457267623206488,0.5632183908045977,0.19540229885057472
p_lightgbm,0.06999999999999999,0.5,0.8,80,209,-6.260765550239235,0.5896189430766818,0.6507177033492823,0.6842105263157895,301,-5.1976744186046515,0.5717218724336162,0.6345514950166113,0.29900332225913623
p_btc_signal,0.03,0.6,0.9,90,365,-6.217808219178083,0.5890076059398769,0.7205479452054795,0.6493150684931507,449,-4.711581291759465,0.6589278516727126,0.734966592427617,0.37861915367483295
p_kalshi_signal,0.03,0.0,1.0,80,1674,-7.637514934289128,0.5888051253023208,0.4038231780167264,0.6236559139784946,662,-7.586404833836859,0.4670953502684578,0.46827794561933533,0.3474320241691843
p_kalshi_signal,0.06,0.3,0.6,80,529,-10.042533081285445,0.5887362105670602,0.4763705103969754,0.6162570888468809,124,-7.669354838709677,0.6397044894866452,0.6048387096774194,0.16129032258064516
p_logit,0.09,0.3,0.6,80,195,-10.238461538461538,0.5880532342927887,0.4717948717948718,0.6256410256410256,70,-6.357142857142858,0.6858453935757147,0.6142857142857143,0.12857142857142856
p_xgboost,0.06999999999999999,0.3,0.6,80,342,-10.008771929824562,0.5873915139826422,0.4678362573099415,0.6988304093567251,89,-3.8370786516853945,0.787227414330218,0.6853932584269663,0.10112359550561797
p_logit,0.11999999999999998,0.0,1.0,80,152,-9.171052631578947,0.5872075806929227,0.4473684210526316,0.7039473684210527,63,-11.547619047619047,0.4044207941056079,0.5714285714285714,0.15873015873015872
p_hist_gb,0.049999999999999996,0.0,1.0,80,1222,-8.209819967266775,0.5871865034461475,0.4214402618657938,0.6505728314238952,548,-6.907664233576643,0.5072633552014996,0.49635036496350365,0.2864963503649635
p_lightgbm,0.039999999999999994,0.4,0.7,80,573,-8.730366492146597,0.586945751795888,0.6230366492146597,0.675392670157068,330,-4.415151515151515,0.7148727984344423,0.7515151515151515,0.28484848484848485
p_residual_lightgbm,0.03,0.6,0.9,90,645,-5.256589147286822,0.5868267121618328,0.6527131782945736,0.5410852713178295,272,-4.834558823529412,0.6557140987040189,0.7242647058823529,0.4485294117647059
p_btc_signal,0.06999999999999999,0.6,0.9,90,148,-6.75,0.5867631851085833,0.75,0.7364864864864865,334,-4.550898203592815,0.6820083682008368,0.7485029940119761,0.31736526946107785
p_lightgbm,0.10999999999999999,0.4,0.7,80,136,-9.25,0.5862522611412596,0.5955882352941176,0.7205882352941176,113,-2.3230088495575227,0.8169456066945606,0.7876106194690266,0.20353982300884957
p_hist_gb,0.02,0.6,0.9,90,455,-5.201098901098901,0.5862400559489466,0.6461538461538462,0.6483516483516484,460,-5.606521739130435,0.6,0.6934782608695652,0.4152173913043478
p_residual_lightgbm,0.06,0.4,0.7,80,376,-8.273936170212766,0.5856695744822534,0.6569148936170213,0.5106382978723404,96,-3.7291666666666665,0.740297424737033,0.7604166666666666,0.375
p_lightgbm,0.09999999999999999,0.5,0.8,80,100,-7.05,0.5845609899823218,0.7,0.77,178,-1.8820224719101124,0.7935285053929122,0.6573033707865169,0.23595505617977527
p_dual_stack,0.049999999999999996,0.0,1.0,99,128,-11.53125,0.5844009573419682,0.4921875,0.8671875,290,-8.120689655172415,0.6164807426105366,0.7275862068965517,0.12758620689655173
p_lightgbm,0.06,0.5,0.8,80,259,-6.241312741312742,0.5840195573854864,0.6602316602316602,0.6872586872586872,337,-6.526706231454006,0.5057303370786517,0.6201780415430267,0.3086053412462908
p_hist_gb,0.039999999999999994,0.4,0.7,80,575,-8.806086956521739,0.5836451095670764,0.6191304347826087,0.6660869565217391,322,-4.5062111801242235,0.7060372771474879,0.7515527950310559,0.2919254658385093
p_btc_signal,0.12999999999999998,0.0,1.0,90,316,-9.433227848101266,0.5836092137060163,0.3227848101265823,0.7848101265822784,255,-3.4996078431372553,0.8040576146144388,0.7058823529411765,0.23529411764705882
p_dual_stack,0.03,0.3,0.6,90,208,-11.600961538461538,0.5836065573770491,0.46153846153846156,0.7644230769230769,100,-3.6500000000000017,0.8339399454049136,0.64,0.0
p_btc_signal,0.07999999999999999,0.6,0.9,90,118,-7.161016949152542,0.5833333333333334,0.7627118644067796,0.7796610169491526,308,-4.938311688311688,0.6646825396825397,0.7467532467532467,0.30194805194805197
p_kalshi_signal,0.06999999999999999,0.6,0.9,99,106,-10.11320754716981,0.5825545171339563,0.6792452830188679,0.7924528301886793,244,-5.872950819672131,0.7087990245884983,0.7377049180327869,0.3729508196721312
p_xgboost,0.09,0.4,0.7,80,100,-8.59,0.58209681342739,0.63,0.78,127,-2.6811023622047245,0.7898796667695156,0.8031496062992126,0.2677165354330709
p_xgboost,0.039999999999999994,0.6,0.9,90,341,-5.165689149560118,0.5819886093972473,0.7008797653958945,0.6920821114369502,448,-5.602678571428571,0.5965278894068478,0.6919642857142857,0.40848214285714285
p_ensemble,0.039999999999999994,0.0,1.0,80,1162,-8.349655765920826,0.5807655911748312,0.4165232358003442,0.6927710843373494,592,-7.330236486486487,0.4680029422581832,0.4847972972972973,0.27364864864864863
p_btc_signal,0.13999999999999999,0.3,0.6,99,110,-12.527272727272727,0.5803897685749086,0.36363636363636365,0.8454545454545455,79,1.5379746835443038,1.0693097547062178,0.5949367088607594,0.20253164556962025
p_btc_signal,0.06,0.5,0.8,80,313,-6.1900958466453675,0.5803097584750352,0.6645367412140575,0.6677316293929713,402,-5.902985074626866,0.5251150690414249,0.6368159203980099,0.30845771144278605
p_kalshi_signal,0.13999999999999999,0.0,1.0,80,114,-10.219298245614034,0.5802558097640065,0.39473684210526316,0.7543859649122807,32,-5.1875,0.6760975609756098,0.65625,0.28125
p_kalshi_signal,0.039999999999999994,0.6,0.9,90,306,-5.372549019607843,0.5801838610827375,0.6797385620915033,0.7026143790849673,388,-6.956185567010309,0.534494653328734,0.6804123711340206,0.4175257731958763
p_logit,0.049999999999999996,0.3,0.6,80,504,-10.347222222222221,0.5799943623404341,0.48214285714285715,0.623015873015873,139,-4.528776978417267,0.7640996814689901,0.6330935251798561,0.16546762589928057
p_lightgbm,0.07999999999999999,0.5,0.8,80,157,-6.767515923566879,0.5799565131448903,0.6751592356687898,0.7197452229299363,259,-5.3301158301158305,0.5566795118818241,0.6138996138996139,0.29343629343629346
p_logit,0.07999999999999999,0.5,0.8,90,121,-9.359504132231406,0.5798553144129104,0.6611570247933884,0.7272727272727273,162,-3.8395061728395063,0.7846633200623161,0.7469135802469136,0.16666666666666666
p_hist_gb,0.07999999999999999,0.5,0.8,80,152,-7.197368421052632,0.5791498365070206,0.6644736842105263,0.6973684210526315,222,-6.693693693693693,0.5010911532650663,0.6261261261261262,0.2747747747747748
p_dual_stack,0.03,0.5,0.8,90,298,-8.818791946308725,0.5791159513132608,0.6912751677852349,0.8959731543624161,429,-5.101398601398602,0.7059850876603748,0.7552447552447552,0.22843822843822845
p_btc_signal,0.06999999999999999,0.5,0.8,80,255,-6.4450980392156865,0.5787517621427656,0.6588235294117647,0.7098039215686275,374,-5.82620320855615,0.5308934337997847,0.6417112299465241,0.28342245989304815
p_kalshi_signal,0.07999999999999999,0.4,0.7,80,217,-9.394009216589861,0.5786046511627907,0.5990783410138248,0.6221198156682027,162,-8.123456790123457,0.5475330926594465,0.7098765432098766,0.30246913580246915
p_lightgbm,0.049999999999999996,0.6,0.9,90,225,-6.166666666666667,0.5776255707762558,0.6977777777777778,0.7555555555555555,378,-6.105820105820106,0.5781392798391519,0.6984126984126984,0.3492063492063492
p_lightgbm,0.049999999999999996,0.0,1.0,80,1196,-8.39473244147157,0.5775382168419192,0.4230769230769231,0.6747491638795987,568,-6.961091549295774,0.49570174991071886,0.49119718309859156,0.2852112676056338
p_dual_stack,0.02,0.0,1.0,90,997,-8.223771313941828,0.5769756631118403,0.4543630892678034,0.7813440320962889,708,-5.60183615819209,0.6333659961544151,0.6483050847457628,0.3135593220338983
p_btc_signal,0.09999999999999999,0.5,0.8,80,140,-7.257142857142857,0.576931084738705,0.6785714285714286,0.7714285714285715,292,-6.571917808219178,0.508074852601897,0.6506849315068494,0.2636986301369863
p_logit,0.09999999999999999,0.4,0.7,80,114,-8.991228070175438,0.5764462809917356,0.6140350877192983,0.6666666666666666,86,-4.8023255813953485,0.6930509104422148,0.7325581395348837,0.1744186046511628
p_xgboost,0.06999999999999999,0.5,0.8,90,176,-9.25,0.5763726255529534,0.6704545454545454,0.75,286,-3.8216783216783217,0.7747552807831015,0.7587412587412588,0.32867132867132864
p_residual_lightgbm,0.06999999999999999,0.4,0.7,80,288,-8.565972222222221,0.5759711240976281,0.6527777777777778,0.53125,64,-5.515625,0.6523879862136879,0.734375,0.3125
p_residual_lightgbm,0.09,0.4,0.7,80,167,-8.739520958083832,0.5757267441860465,0.6407185628742516,0.5149700598802395,22,1.2727272727272718,1.1124497991967872,0.8181818181818182,0.45454545454545453
p_logit,0.06999999999999999,0.3,0.6,80,337,-10.532640949554896,0.5756724447101016,0.47181008902077154,0.6231454005934718,98,-4.867346938775511,0.7497376705141658,0.6326530612244898,0.12244897959183673
p_residual_lightgbm,0.03,0.4,0.7,80,687,-8.467976710334788,0.5752409462616822,0.6593886462882096,0.5167394468704513,235,-4.687234042553191,0.6986320109439125,0.7446808510638298,0.40425531914893614
p_logit,0.10999999999999999,0.3,0.6,100,120,-12.933333333333334,0.575143717492472,0.35,0.6083333333333333,43,-13.174418604651162,0.574859287054409,0.4186046511627907,0.13953488372093023
p_logit,0.07999999999999999,0.0,1.0,80,431,-9.062412993039443,0.5750484148225515,0.45011600928074247,0.6983758700696056,222,-7.063063063063063,0.5165716047479575,0.5720720720720721,0.15765765765765766
p_btc_signal,0.09,0.4,0.7,80,241,-9.064315352697095,0.5750413383912071,0.6224066390041494,0.7385892116182573,256,-3.3476562500000004,0.7648511455618054,0.76953125,0.25
p_kalshi_signal,0.02,0.0,1.0,80,1962,-7.832619775739041,0.5750204641490232,0.39602446483180426,0.6085626911314985,749,-8.373431241655542,0.4406360928274558,0.45794392523364486,0.35246995994659547
p_lightgbm,0.03,0.6,0.9,90,378,-5.574074074074074,0.5736543909348442,0.656084656084656,0.7116402116402116,445,-6.560674157303371,0.5569130368796479,0.6808988764044944,0.39101123595505616
p_kalshi_signal,0.049999999999999996,0.0,1.0,80,1100,-8.626454545454546,0.5732627583601662,0.4163636363636364,0.6445454545454545,507,-8.012426035502958,0.44619851948795547,0.46548323471400394,0.3214990138067061
p_btc_signal,0.09999999999999999,0.3,0.6,80,265,-10.175471698113208,0.5730345974190484,0.49056603773584906,0.7132075471698113,133,-4.161654135338347,0.7798329355608592,0.6541353383458647,0.21052631578947367
p_btc_signal,0.039999999999999994,0.5,0.8,80,460,-6.280434782608696,0.5728858663512715,0.6478260869565218,0.6434782608695652,459,-6.321350762527233,0.5082620116939243,0.6274509803921569,0.3289760348583878
p_logit,0.06,0.0,1.0,80,732,-8.858060109289617,0.5720461475507213,0.4426229508196721,0.6775956284153005,371,-7.780862533692722,0.4661377422695665,0.5148247978436657,0.18328840970350405
p_logit,0.09,0.4,0.7,80,147,-9.0578231292517,0.5715894465894465,0.6190476190476191,0.673469387755102,112,-5.151785714285714,0.6737348035057958,0.7410714285714286,0.16071428571428573
p_dual_stack,0.02,0.4,0.7,80,388,-8.314432989690722,0.5715518958762202,0.6726804123711341,0.7783505154639175,335,-5.882089552238806,0.6202177893418136,0.7582089552238805,0.16119402985074627
p_logit,0.049999999999999996,0.4,0.7,80,393,-9.181933842239186,0.5701096020967358,0.6183206106870229,0.6463104325699746,239,-5.336820083682008,0.6665795320873088,0.7447698744769874,0.2301255230125523
p_residual_lightgbm,0.09,0.6,0.9,90,117,-5.576923076923077,0.5693069306930693,0.6239316239316239,0.5982905982905983,23,-3.0217391304347827,0.7754442649434572,0.6956521739130435,0.391304347826087
p_btc_signal,0.049999999999999996,0.5,0.8,80,395,-6.3632911392405065,0.5669365954514128,0.6455696202531646,0.6556962025316456,431,-6.091647331786543,0.5200621515400786,0.6357308584686775,0.32018561484918795
p_hist_gb,0.039999999999999994,0.0,1.0,80,1456,-8.654258241758242,0.56667102267647,0.40865384615384615,0.6394230769230769,624,-6.723397435897435,0.5162354134956875,0.48717948717948717,0.3060897435897436
p_residual_lightgbm,0.09999999999999999,0.4,0.7,80,133,-9.24436090225564,0.566543275163053,0.631578947368421,0.518796992481203,15,-5.633333333333334,0.6606425702811245,0.7333333333333333,0.4666666666666667
p_logit,0.03,0.3,0.6,80,746,-10.72117962466488,0.5663512890720308,0.4865951742627346,0.6206434316353887,200,-5.41,0.7269056032306915,0.62,0.22
p_logit,0.02,0.6,0.9,90,468,-6.226495726495727,0.5651070815610776,0.6688034188034188,0.6688034188034188,429,-7.765734265734266,0.5166134648868254,0.6783216783216783,0.3356643356643357
p_logit,0.06,0.3,0.6,80,403,-10.897022332506204,0.5650257527733756,0.46898263027295284,0.6129032258064516,120,-6.141666666666667,0.6968325791855203,0.6166666666666667,0.14166666666666666
p_kalshi_signal,0.07999999999999999,0.0,1.0,80,558,-9.72437275985663,0.5649643229375451,0.42473118279569894,0.6738351254480287,280,-7.339285714285714,0.47729874093857305,0.48928571428571427,0.3
p_logit,0.02,0.4,0.7,80,723,-9.181881051175656,0.5648739881362043,0.6251728907330567,0.6127247579529738,360,-6.738888888888889,0.6117468192366168,0.7194444444444444,0.2777777777777778
p_ensemble,0.07999999999999999,0.4,0.7,80,143,-9.877622377622378,0.564849044978435,0.5944055944055944,0.7342657342657343,154,-4.467532467532467,0.6948325571080062,0.7597402597402597,0.19480519480519481
p_residual_lightgbm,0.09,0.0,1.0,80,337,-7.99139465875371,0.564758549356778,0.4540059347181009,0.5311572700296736,37,-1.0135135135135136,0.9149659863945578,0.6216216216216216,0.35135135135135137
p_hist_gb,0.039999999999999994,0.6,0.9,90,288,-5.986111111111111,0.56398583712696,0.6597222222222222,0.6840277777777778,396,-5.606060606060606,0.6012931034482759,0.702020202020202,0.38636363636363635
p_logit,0.10999999999999999,0.3,0.6,99,120,-13.283333333333333,0.5636463180947167,0.35,0.6083333333333333,43,-13.593023255813954,0.5613508442776736,0.4186046511627907,0.13953488372093023
p_logit,0.049999999999999996,0.0,1.0,80,937,-8.854322305229456,0.5636016474412586,0.43649946638207043,0.6766275346851655,459,-7.498039215686275,0.4770876382642518,0.5010893246187363,0.23093681917211328
p_residual_lightgbm,0.06,0.6,0.9,90,316,-5.85126582278481,0.5635548211967426,0.6424050632911392,0.5348101265822784,105,-3.0619047619047617,0.7629929966826391,0.7428571428571429,0.37142857142857144
p_hist_gb,0.049999999999999996,0.5,0.8,80,321,-6.649532710280374,0.563541560167672,0.6542056074766355,0.6822429906542056,358,-6.245810055865922,0.5233425708804093,0.6368715083798883,0.33519553072625696
p_residual_lightgbm,0.049999999999999996,0.4,0.7,80,461,-8.907809110629067,0.5634865798564975,0.6507592190889371,0.5054229934924078,142,-5.063380281690141,0.6723627249943039,0.7394366197183099,0.36619718309859156
p_kalshi_signal,0.12999999999999998,0.3,0.6,80,114,-11.412280701754385,0.5632029545073023,0.41228070175438597,0.7719298245614035,22,-12.31818181818182,0.5090579710144928,0.5454545454545454,0.045454545454545456
p_btc_signal,0.10999999999999999,0.4,0.7,80,157,-9.468152866242038,0.5626654898499559,0.6178343949044586,0.8089171974522293,212,-4.0,0.7276814386640976,0.7641509433962265,0.25
p_logit,0.039999999999999994,0.3,0.6,80,628,-10.957006369426752,0.5619708447386849,0.47770700636942676,0.6194267515923567,164,-4.621951219512195,0.7599366587490103,0.6280487804878049,0.17682926829268292
p_residual_lightgbm,0.039999999999999994,0.4,0.7,80,563,-8.926287744227354,0.5606888412955112,0.6536412078152753,0.5168738898756661,190,-4.863157894736842,0.6875739644970414,0.7421052631578947,0.37894736842105264
p_btc_signal,0.14999999999999997,0.0,1.0,100,202,-10.935643564356436,0.5596092503987241,0.26732673267326734,0.7821782178217822,180,-2.643888888888889,0.8819370363938575,0.6222222222222222,0.22777777777777777
p_logit,0.07999999999999999,0.3,0.6,80,250,-11.136,0.558900419868494,0.46,0.632,84,-6.880952380952382,0.6669547680783636,0.6071428571428571,0.10714285714285714
p_btc_signal,0.09,0.3,0.6,80,328,-10.792682926829269,0.5583556858586489,0.47865853658536583,0.7103658536585366,143,-3.1503496503496504,0.8271297006907138,0.6643356643356644,0.22377622377622378
p_ensemble,0.03,0.0,1.0,80,1477,-8.731076506431958,0.557587276320123,0.3994583615436696,0.6770480704129993,672,-7.302083333333333,0.474174882126018,0.4880952380952381,0.3020833333333333
p_residual_lightgbm,0.07999999999999999,0.4,0.7,80,218,-9.321100917431192,0.5572502451247413,0.6376146788990825,0.518348623853211,42,-2.9761904761904763,0.787052810902896,0.7619047619047619,0.38095238095238093
p_kalshi_signal,0.09,0.4,0.7,80,169,-10.180473372781066,0.5569147566314705,0.5857988165680473,0.6449704142011834,133,-8.81578947368421,0.5258794985847149,0.6992481203007519,0.2857142857142857
p_residual_lightgbm,0.09999999999999999,0.0,1.0,80,250,-8.576799999999999,0.555854754852207,0.468,0.564,26,-5.769230769230769,0.6183206106870229,0.5384615384615384,0.34615384615384615
p_logit,0.02,0.3,0.6,80,856,-10.978971962616823,0.555671126660678,0.48598130841121495,0.610981308411215,234,-7.094017094017095,0.6600102406554019,0.594017094017094,0.21367521367521367
p_xgboost,0.02,0.6,0.9,90,555,-5.2405405405405405,0.5556489191047285,0.6630630630630631,0.6342342342342342,519,-6.006743737957611,0.5790575209289766,0.6840077071290944,0.441233140655106
p_kalshi_signal,0.06999999999999999,0.0,1.0,80,702,-9.71054131054131,0.5556337798637594,0.42450142450142453,0.6566951566951567,359,-7.664345403899722,0.46442822384428223,0.48467966573816157,0.3008356545961003
p_logit,0.10999999999999999,0.3,0.6,90,120,-12.683333333333334,0.5555555555555556,0.39166666666666666,0.6083333333333333,43,-17.36046511627907,0.4397748592870544,0.4186046511627907,0.13953488372093023
p_logit,0.03,0.4,0.7,80,618,-9.59546925566343,0.5551554705374893,0.616504854368932,0.6326860841423948,321,-6.113707165109035,0.6371452343533327,0.7289719626168224,0.27414330218068533
p_lightgbm,0.13999999999999999,0.0,1.0,80,168,-11.285714285714286,0.5549295774647888,0.39285714285714285,0.7916666666666666,63,-4.420634920634921,0.6793321819228555,0.6349206349206349,0.2698412698412698
p_lightgbm,0.03,0.0,1.0,80,1738,-8.683831990794015,0.5542636231271985,0.3958573072497123,0.6415420023014959,704,-7.860369318181819,0.4672577788046827,0.4786931818181818,0.3224431818181818
p_hist_gb,0.03,0.0,1.0,80,1711,-8.826125073056692,0.5525043930221325,0.3962594973699591,0.6364699006428989,703,-6.796728307254623,0.515263109839608,0.48933143669985774,0.32574679943101
p_hist_gb,0.03,0.6,0.9,90,357,-6.093837535014005,0.5522280539261089,0.6386554621848739,0.6750700280112045,439,-5.66628701594533,0.5988550233833253,0.6993166287015945,0.4031890660592255
p_lightgbm,0.14999999999999997,0.0,1.0,80,129,-11.515503875968992,0.5520205066344994,0.3798449612403101,0.8062015503875969,38,-5.2894736842105265,0.6734362307067425,0.6578947368421053,0.18421052631578946
p_btc_signal,0.13999999999999999,0.3,0.6,90,110,-12.527272727272727,0.5511400651465798,0.4,0.8454545454545455,79,1.879746835443038,1.1013306038894575,0.6582278481012658,0.20253164556962025
p_lightgbm,0.039999999999999994,0.0,1.0,80,1437,-8.926026443980515,0.5510304803774694,0.40640222686151706,0.6631871955462769,628,-7.0882165605095535,0.49538621987439635,0.4840764331210191,0.30095541401273884
p_btc_signal,0.11999999999999998,0.4,0.7,80,124,-9.798387096774194,0.5504994450610433,0.6129032258064516,0.8467741935483871,196,-4.280612244897959,0.7144801769610345,0.7602040816326531,0.24489795918367346
p_residual_lightgbm,0.039999999999999994,0.6,0.9,90,531,-5.995291902071563,0.5501942776404097,0.647834274952919,0.5348399246704332,211,-4.708530805687204,0.6656570755510685,0.7203791469194313,0.41706161137440756
p_kalshi_signal,0.06,0.4,0.7,80,357,-10.007002801120448,0.5495523893582146,0.6022408963585434,0.6190476190476191,229,-7.037117903930131,0.5930555555555556,0.7205240174672489,0.2925764192139738
p_residual_lightgbm,0.07999999999999999,0.0,1.0,80,452,-8.236283185840708,0.5494232840734421,0.4446902654867257,0.5309734513274337,72,-5.458333333333333,0.6171456405260595,0.5694444444444444,0.3333333333333333
p_kalshi_signal,0.06999999999999999,0.4,0.7,80,274,-10.003649635036496,0.5489179626429688,0.6021897810218978,0.6277372262773723,207,-8.060386473429952,0.5523209015293802,0.7101449275362319,0.28502415458937197
p_btc_signal,0.14999999999999997,0.0,1.0,99,202,-11.202970297029703,0.5488437001594896,0.26732673267326734,0.7821782178217822,180,-2.716111111111111,0.8766463137710047,0.6277777777777778,0.22777777777777777
p_lightgbm,0.13999999999999999,0.3,0.6,80,127,-11.759842519685039,0.5479037384592099,0.4251968503937008,0.8031496062992126,29,-4.706896551724139,0.7579787234042553,0.6551724137931034,0.10344827586206896
p_residual_lightgbm,0.02,0.6,0.9,90,758,-6.0263852242744065,0.5477451611306371,0.6424802110817942,0.5329815303430079,327,-5.551987767584098,0.610950391085396,0.709480122324159,0.4525993883792049
p_xgboost,0.049999999999999996,0.0,1.0,80,997,-8.659077231695086,0.5458247186755261,0.4002006018054162,0.6649949849548646,554,-7.156137184115524,0.44899235580264074,0.4675090252707581,0.3285198555956679
p_kalshi_signal,0.09,0.0,1.0,80,440,-10.507954545454545,0.5447742824792006,0.41818181818181815,0.6840909090909091,212,-7.35377358490566,0.49571405466601975,0.5235849056603774,0.27358490566037735
p_logit,0.09999999999999999,0.3,0.6,80,155,-11.661290322580646,0.544767661503589,0.45161290322580644,0.6258064516129033,56,-9.285714285714286,0.592156862745098,0.5714285714285714,0.14285714285714285
p_btc_signal,0.06,0.0,1.0,80,1228,-8.967182410423453,0.5446945045130719,0.3802931596091205,0.6359934853420195,585,-6.182051282051282,0.5589634146341463,0.535042735042735,0.2923076923076923
p_kalshi_signal,0.06,0.0,1.0,80,892,-9.702578475336324,0.5445206380616062,0.4147982062780269,0.6524663677130045,425,-7.604235294117648,0.4540693942362918,0.46588235294117647,0.31058823529411766
p_logit,0.06999999999999999,0.4,0.7,80,250,-10.072,0.5437992571790923,0.604,0.664,168,-5.6726190476190474,0.6518085495067593,0.7380952380952381,0.16071428571428573
p_logit,0.039999999999999994,0.6,0.9,90,279,-7.127240143369176,0.5434508093215474,0.6594982078853047,0.6989247311827957,344,-8.049418604651162,0.5087812666311868,0.6802325581395349,0.27325581395348836
p_ensemble,0.049999999999999996,0.6,0.9,90,142,-7.330985915492958,0.5434210526315789,0.6901408450704225,0.8380281690140845,352,-6.4460227272727275,0.5631918375204543,0.6960227272727273,0.3210227272727273
p_xgboost,0.06,0.0,1.0,80,785,-8.884203821656051,0.5423608695937479,0.4050955414012739,0.6828025477707006,474,-6.968776371308016,0.45574375535490674,0.4810126582278481,0.30168776371308015
p_logit,0.039999999999999994,0.4,0.7,80,501,-10.092814371257486,0.541921456719663,0.6067864271457086,0.6407185628742516,273,-5.250915750915751,0.6713663457129757,0.7435897435897436,0.2454212454212454
p_lightgbm,0.02,0.0,1.0,80,2050,-8.84790243902439,0.5415536655334959,0.3878048780487805,0.6258536585365854,789,-7.692015209125476,0.4763815193477417,0.4752851711026616,0.34980988593155893
p_ensemble,0.06,0.6,0.9,90,103,-7.305825242718447,0.5412983846388296,0.6990291262135923,0.8349514563106796,300,-6.05,0.5874531196726901,0.7033333333333334,0.2733333333333333
p_residual_lightgbm,0.10999999999999999,0.3,0.6,80,106,-11.273584905660377,0.5408261287223823,0.5188679245283019,0.5471698113207547,8,7.249999999999998,1.5225225225225223,0.75,0.0
p_dual_stack,0.03,0.3,0.6,80,208,-11.16826923076923,0.5402276100940129,0.5240384615384616,0.7644230769230769,100,-4.450000000000003,0.7480894424002265,0.71,0.0
p_btc_signal,0.13999999999999999,0.0,1.0,90,252,-10.757539682539683,0.5398937524397902,0.30158730158730157,0.7936507936507936,209,-3.0880382775119624,0.8270817704426107,0.6985645933014354,0.2535885167464115
p_residual_lightgbm,0.07999999999999999,0.6,0.9,90,164,-6.091463414634147,0.5382482089207303,0.6036585365853658,0.573170731707317,45,-1.3888888888888888,0.8870822041553749,0.7555555555555555,0.4222222222222222
p_btc_signal,0.049999999999999996,0.0,1.0,80,1439,-8.97394023627519,0.5379917569443451,0.3801250868658791,0.6198749131341209,639,-6.391862284820031,0.5514556496337539,0.5273865414710485,0.297339593114241
p_hist_gb,0.02,0.0,1.0,80,2015,-8.929032258064517,0.5378454535880423,0.38660049627791565,0.6178660049627791,778,-6.9786632390745496,0.5170389346996505,0.487146529562982,0.3380462724935733
p_logit,0.06,0.4,0.7,80,306,-10.15032679738562,0.5373845695561513,0.6078431372549019,0.6405228758169934,203,-6.056650246305419,0.6352714328092555,0.7339901477832512,0.17733990147783252
p_xgboost,0.06999999999999999,0.6,0.9,90,129,-7.065891472868217,0.5361323155216285,0.7209302325581395,0.8294573643410853,296,-6.327702702702703,0.5676860934795153,0.706081081081081,0.34121621621621623
p_xgboost,0.039999999999999994,0.0,1.0,80,1251,-8.681294964028776,0.5360035888233786,0.39168665067945646,0.6554756195043965,638,-7.201567398119122,0.4613346464078034,0.4827586206896552,0.3322884012539185
p_xgboost,0.03,0.0,1.0,80,1532,-8.542950391644908,0.5351303736276227,0.38642297650130547,0.6364229765013055,708,-7.900000000000001,0.43683357330567774,0.4759887005649718,0.3403954802259887
p_btc_signal,0.03,0.5,0.8,80,554,-7.17870036101083,0.5344181690470616,0.6353790613718412,0.6245487364620939,481,-5.899168399168399,0.5307590540764016,0.6382536382536382,0.3492723492723493
p_btc_signal,0.10999999999999999,0.3,0.6,80,208,-11.634615384615385,0.5341226297044951,0.46634615384615385,0.7596153846153846,118,-2.2627118644067807,0.8694695673429479,0.6864406779661016,0.211864406779661
p_logit,0.049999999999999996,0.6,0.9,90,199,-8.183417085427136,0.5331135321100917,0.6984924623115578,0.7336683417085427,305,-7.172131147540983,0.5426510558227055,0.6983606557377049,0.25901639344262295
p_btc_signal,0.06999999999999999,0.0,1.0,80,1026,-9.355068226120856,0.5326337829283733,0.37524366471734893,0.6588693957115009,527,-6.43719165085389,0.5410962610248363,0.5426944971537002,0.2827324478178368
p_logit,0.03,0.6,0.9,90,367,-7.162125340599455,0.5324617573817146,0.662125340599455,0.6757493188010899,393,-8.545801526717558,0.4907891744371162,0.6717557251908397,0.3104325699745547
p_dual_stack,0.03,0.0,1.0,90,578,-9.346020761245676,0.5314952776597314,0.5051903114186851,0.8477508650519031,589,-5.750594227504244,0.6189174289218168,0.6621392190152802,0.26825127334465193
p_ensemble,0.02,0.0,1.0,80,1833,-9.159028914348063,0.5314832851007303,0.386797599563557,0.6541189307146754,749,-7.471161548731642,0.46932640423332606,0.48064085447263016,0.32176234979973295
p_btc_signal,0.02,0.5,0.8,80,636,-7.061320754716981,0.5309660574412532,0.6320754716981132,0.6210691823899371,505,-6.264356435643564,0.5160624139513539,0.6396039603960396,0.3702970297029703
p_xgboost,0.06999999999999999,0.0,1.0,80,584,-9.56917808219178,0.5300785388742201,0.4126712328767123,0.7054794520547946,390,-6.725641025641026,0.46305015353121803,0.48717948717948717,0.28205128205128205
p_btc_signal,0.09,0.5,0.8,80,170,-8.088235294117647,0.5297537619699042,0.6588235294117647,0.7647058823529411,324,-6.0,0.5314533622559653,0.654320987654321,0.27469135802469136
p_logit,0.039999999999999994,0.0,1.0,80,1198,-9.584974958263773,0.5291251983712033,0.41903171953255425,0.666110183639399,534,-7.939138576779026,0.46003948290135643,0.49063670411985016,0.24344569288389514
p_btc_signal,0.03,0.0,1.0,80,1905,-9.162729658792651,0.5289231217648044,0.3795275590551181,0.5921259842519685,762,-6.336089238845145,0.5553867263401202,0.5091863517060368,0.32020997375328086
p_kalshi_signal,0.049999999999999996,0.6,0.9,90,217,-6.951612903225806,0.5288146181477432,0.6543778801843319,0.728110599078341,340,-6.661764705882353,0.5466373098478783,0.6882352941176471,0.3941176470588235
p_kalshi_signal,0.03,0.5,0.8,80,487,-7.261806981519507,0.5282465150403521,0.6201232032854209,0.6242299794661191,416,-5.915865384615385,0.5299398338267596,0.6274038461538461,0.38221153846153844
p_ensemble,0.049999999999999996,0.5,0.8,80,228,-7.807017543859649,0.5272244355909694,0.6491228070175439,0.7543859649122807,344,-6.97093023255814,0.477787456445993,0.6162790697674418,0.29069767441860467
p_dual_stack,0.039999999999999994,0.5,0.8,90,171,-10.897660818713451,0.526790248857288,0.6608187134502924,0.9239766081871345,331,-7.0830815709969785,0.6129271916790491,0.7462235649546828,0.17522658610271905
p_lightgbm,0.049999999999999996,0.5,0.8,80,327,-7.496941896024465,0.5266917656144415,0.6422018348623854,0.7064220183486238,377,-6.449602122015915,0.5049877850162866,0.623342175066313,0.3183023872679045
p_residual_lightgbm,0.10999999999999999,0.4,0.7,80,102,-10.431372549019608,0.5263743601157356,0.6176470588235294,0.5588235294117647,12,-3.416666666666668,0.7728531855955678,0.75,0.3333333333333333
p_logit,0.07999999999999999,0.4,0.7,80,185,-10.64054054054054,0.5260052973753913,0.6,0.6648648648648648,136,-5.205882352941177,0.6707742385491746,0.7426470588235294,0.15441176470588236
p_hist_gb,0.02,0.5,0.8,80,550,-7.383636363636364,0.5258887397116339,0.6309090909090909,0.6436363636363637,476,-5.869747899159663,0.5479330151282259,0.6407563025210085,0.3739495798319328
p_btc_signal,0.039999999999999994,0.0,1.0,80,1645,-9.240729483282674,0.5254640469010471,0.3768996960486322,0.6115501519756839,705,-6.716312056737588,0.536556719193501,0.5106382978723404,0.30638297872340425
p_btc_signal,0.11999999999999998,0.3,0.6,80,168,-12.035714285714286,0.5250733998825602,0.4583333333333333,0.8154761904761905,108,-1.6296296296296313,0.9037462400875034,0.6944444444444444,0.2037037037037037
p_btc_signal,0.07999999999999999,0.0,1.0,80,867,-9.657324106113036,0.5248987142095168,0.37831603229527105,0.6839677047289504,485,-6.196701030927835,0.5516937901818345,0.5505154639175258,0.27628865979381445
p_btc_signal,0.02,0.0,1.0,80,2160,-9.145046296296298,0.5245061105801982,0.37916666666666665,0.5902777777777778,818,-6.850977995110025,0.5306291668062582,0.5,0.33496332518337407
p_btc_signal,0.10999999999999999,0.5,0.8,80,104,-8.653846153846153,0.5231788079470199,0.6634615384615384,0.8269230769230769,264,-6.291666666666667,0.5296616168766813,0.6704545454545454,0.2537878787878788
p_residual_lightgbm,0.049999999999999996,0.6,0.9,90,419,-6.628878281622912,0.5224791541304908,0.6348448687350835,0.5202863961813843,146,-2.9452054794520546,0.7725469452525787,0.7465753424657534,0.410958904109589
p_logit,0.03,0.0,1.0,80,1495,-9.598127090301004,0.5221329710000133,0.40936454849498327,0.6548494983277592,634,-8.551577287066246,0.44279665371729254,0.4810725552050473,0.27287066246056785
p_dual_stack,0.03,0.4,0.7,80,253,-9.784584980237154,0.5206235476374903,0.6600790513833992,0.8142292490118577,260,-5.538461538461538,0.6290094035810898,0.7730769230769231,0.11153846153846154
p_residual_lightgbm,0.06999999999999999,0.0,1.0,80,602,-8.591694352159468,0.5196560082468865,0.4435215946843854,0.5382059800664452,110,-7.616363636363636,0.49961177805650125,0.5181818181818182,0.3181818181818182
p_logit,0.06,0.6,0.9,90,150,-9.086666666666666,0.5193935119887165,0.72,0.7533333333333333,244,-7.020491803278689,0.5527415143603133,0.7049180327868853,0.20491803278688525
p_xgboost,0.049999999999999996,0.6,0.9,90,248,-6.725806451612903,0.5189617880317231,0.7056451612903226,0.7298387096774194,407,-5.969287469287469,0.5737345381173787,0.683046683046683,0.40294840294840295
p_ensemble,0.06,0.5,0.8,80,175,-7.985714285714286,0.5186843464783881,0.64,0.7485714285714286,294,-5.666666666666667,0.533398683657751,0.6224489795918368,0.2687074829931973
p_kalshi_signal,0.02,0.5,0.8,80,581,-7.382960413080895,0.5184124845627035,0.6110154905335629,0.6024096385542169,457,-6.574398249452954,0.5046574890775699,0.6258205689277899,0.3851203501094092
p_hist_gb,0.03,0.5,0.8,80,462,-7.785714285714286,0.5174726675162653,0.6298701298701299,0.6753246753246753,446,-6.0291479820627805,0.5333622559652929,0.6345291479820628,0.3654708520179372
p_dual_stack,0.039999999999999994,0.3,0.6,100,129,-15.709302325581396,0.5170975813177648,0.37209302325581395,0.7906976744186046,49,-11.071428571428571,0.6351714862138532,0.5102040816326531,0.0
p_btc_signal,0.15999999999999998,0.0,1.0,100,165,-12.406060606060606,0.5159039848646092,0.24848484848484848,0.8242424242424242,142,-2.21056338028169,0.9015030280209608,0.6197183098591549,0.18309859154929578
p_xgboost,0.06,0.5,0.8,80,239,-7.424686192468619,0.5158253751705321,0.606694560669456,0.7280334728033473,344,-6.523255813953488,0.49527665317139,0.6104651162790697,0.3372093023255814
p_residual_lightgbm,0.06,0.0,1.0,80,797,-8.678419071518194,0.5155592287273161,0.44416562107904645,0.5219573400250941,172,-6.848837209302325,0.5124172185430463,0.5116279069767442,0.3488372093023256
p_xgboost,0.03,0.5,0.8,80,487,-7.32135523613963,0.5151947787069141,0.6078028747433265,0.6652977412731006,476,-6.550420168067227,0.5046862589356632,0.6302521008403361,0.36764705882352944
p_ensemble,0.039999999999999994,0.5,0.8,80,304,-7.75,0.5127197518097207,0.6381578947368421,0.743421052631579,395,-6.413924050632912,0.5045467879143444,0.6278481012658228,0.30632911392405066
p_xgboost,0.02,0.0,1.0,80,1869,-9.003049759229533,0.5117133430255335,0.3697164258962012,0.6185125735687533,780,-7.747307692307692,0.4505905135968142,0.47692307692307695,0.358974358974359
p_dual_stack,0.02,0.6,0.9,90,381,-6.988188976377953,0.510929463629684,0.6482939632545932,0.8320209973753281,533,-5.366791744840525,0.5985263157894737,0.6960600375234521,0.399624765478424
p_dual_stack,0.039999999999999994,0.4,0.7,90,150,-13.533333333333333,0.5089501693275278,0.5466666666666666,0.8733333333333333,185,-6.105405405405405,0.7034654765030192,0.6972972972972973,0.08648648648648649
p_xgboost,0.06,0.6,0.9,90,179,-7.14245810055866,0.5082692307692308,0.6983240223463687,0.7821229050279329,356,-5.907303370786517,0.5826966961008037,0.6938202247191011,0.3707865168539326
p_btc_signal,0.15999999999999998,0.0,1.0,99,165,-12.654545454545454,0.5062078751330259,0.24848484848484848,0.8242424242424242,142,-2.1330985915492957,0.9028979932038212,0.6267605633802817,0.18309859154929578
p_dual_stack,0.039999999999999994,0.3,0.6,99,129,-16.073643410852714,0.5058977719528178,0.37209302325581395,0.7906976744186046,49,-11.581632653061224,0.6183591123066575,0.5102040816326531,0.0
p_logit,0.06999999999999999,0.5,0.8,80,169,-7.3579881656804735,0.5052715337179232,0.650887573964497,0.7100591715976331,205,-5.978048780487805,0.5345613368780858,0.6585365853658537,0.18536585365853658
p_market_blend,0.02,0.5,0.8,80,139,-8.464028776978417,0.5050483803113168,0.6402877697841727,0.762589928057554,268,-5.873134328358209,0.5288130519383326,0.6231343283582089,0.26865671641791045
p_hist_gb,0.039999999999999994,0.5,0.8,80,394,-8.309644670050762,0.5050268349837478,0.631979695431472,0.6852791878172588,396,-6.098484848484849,0.5260989010989011,0.6313131313131313,0.3484848484848485
p_dual_stack,0.049999999999999996,0.0,1.0,90,128,-12.4453125,0.503815605045943,0.5234375,0.8671875,290,-8.772413793103448,0.45987261146496816,0.6758620689655173,0.12758620689655173
p_ensemble,0.02,0.5,0.8,80,507,-8.010848126232741,0.501411735821262,0.6252465483234714,0.6962524654832347,485,-6.054639175257732,0.5311352387034968,0.6371134020618556,0.35051546391752575
p_dual_stack,0.03,0.6,0.9,90,286,-7.2727272727272725,0.5012588418654838,0.6468531468531469,0.9335664335664335,472,-6.125,0.5592315901814301,0.690677966101695,0.3305084745762712
p_residual_lightgbm,0.049999999999999996,0.0,1.0,80,1031,-8.855771096023277,0.5011800828243316,0.4219204655674103,0.5169738118331717,246,-7.502845528455285,0.49115019850022057,0.516260162601626,0.3699186991869919
p_btc_signal,0.14999999999999997,0.0,1.0,90,202,-11.826732673267326,0.5011484652328252,0.2871287128712871,0.7821782178217822,180,-2.3661111111111115,0.8670059955033724,0.6944444444444444,0.22777777777777777
p_xgboost,0.039999999999999994,0.5,0.8,80,395,-7.727848101265823,0.5009808729769495,0.610126582278481,0.6886075949367089,441,-6.241496598639456,0.5140360169491526,0.6235827664399093,0.36507936507936506
p_logit,0.02,0.0,1.0,80,1831,-9.929055161114144,0.4995774783578084,0.3954123429819771,0.6444565811032222,719,-8.992767732962449,0.42905834981633223,0.47009735744089015,0.28929068150208626
p_lightgbm,0.03,0.5,0.8,80,476,-8.155462184873949,0.4962693829883864,0.615546218487395,0.680672268907563,450,-6.591111111111111,0.5126920233303212,0.6288888888888889,0.3511111111111111
p_ensemble,0.03,0.5,0.8,80,397,-8.124685138539043,0.49530589892035676,0.6171284634760705,0.707808564231738,447,-6.399328859060403,0.5103141316442694,0.6308724832214765,0.3333333333333333
p_btc_signal,0.09999999999999999,0.0,1.0,80,599,-10.703171953255426,0.4951691772246588,0.3639398998330551,0.7228714524207012,380,-6.447105263157895,0.5521124700634381,0.5842105263157895,0.25526315789473686
p_kalshi_signal,0.06,0.6,0.9,90,155,-8.609677419354838,0.4941243366186505,0.6774193548387096,0.7741935483870968,291,-6.833333333333333,0.544496621234681,0.7010309278350515,0.3848797250859107
p_btc_signal,0.11999999999999998,0.0,1.0,80,392,-10.828316326530613,0.4940883411599246,0.3494897959183674,0.7704081632653061,291,-5.760824742268041,0.5970579751946928,0.6323024054982818,0.2508591065292096
p_btc_signal,0.10999999999999999,0.0,1.0,80,479,-10.809812108559498,0.4936732378940782,0.35490605427974947,0.7411273486430062,328,-6.030182926829268,0.5772272571819426,0.6189024390243902,0.25
p_btc_signal,0.09,0.0,1.0,80,731,-10.776196990424076,0.4935906501922162,0.3625170998632011,0.7017783857729138,431,-6.065893271461717,0.5621797233479586,0.5754060324825986,0.26450116009280744
p_lightgbm,0.039999999999999994,0.5,0.8,80,403,-8.338709677419354,0.49309902707594844,0.6203473945409429,0.6873449131513648,407,-6.406633906633907,0.5148385896362452,0.6240786240786241,0.33415233415233414
p_residual_lightgbm,0.10999999999999999,0.0,1.0,80,186,-10.295698924731182,0.4926480328520334,0.45698924731182794,0.5698924731182796,20,-0.95,0.9189765458422174,0.55,0.25
p_residual_lightgbm,0.11999999999999998,0.0,1.0,80,119,-10.172268907563025,0.49181360201511337,0.46218487394957986,0.5798319327731093,11,-10.409090909090908,0.4441747572815534,0.45454545454545453,0.2727272727272727
p_kalshi_signal,0.039999999999999994,0.5,0.8,80,382,-8.387434554973822,0.491751269035533,0.6178010471204188,0.6492146596858639,380,-6.526315789473684,0.5044459986012588,0.618421052631579,0.37105263157894736
p_logit,0.06999999999999999,0.6,0.9,80,108,-4.546296296296297,0.4917184265010352,0.6296296296296297,0.7962962962962963,185,-8.045945945945945,0.2990346126677655,0.5081081081081081,0.1945945945945946
p_lightgbm,0.02,0.5,0.8,80,573,-8.135253054101222,0.4897936846713731,0.6108202443280978,0.6649214659685864,489,-6.234151329243354,0.5293345684730585,0.6359918200408998,0.37627811860940696
p_btc_signal,0.12999999999999998,0.3,0.6,80,137,-13.281021897810218,0.4895497264693505,0.43795620437956206,0.8175182481751825,92,-0.2826086956521749,0.9817158931082982,0.717391304347826,0.1956521739130435
p_logit,0.049999999999999996,0.5,0.8,80,283,-7.8992932862190814,0.4875644699140401,0.6431095406360424,0.6855123674911661,309,-6.794498381877022,0.48855054811205845,0.6310679611650486,0.2524271844660194
p_dual_stack,0.039999999999999994,0.6,0.9,90,148,-8.18918918918919,0.4873096446700508,0.6756756756756757,0.9864864864864865,392,-7.3520408163265305,0.5103219777419081,0.6811224489795918,0.22704081632653061
p_residual_lightgbm,0.039999999999999994,0.0,1.0,80,1309,-9.25614973262032,0.4815624625601177,0.4087089381207028,0.5317035905271199,356,-7.1412921348314615,0.5045022218757309,0.5028089887640449,0.3792134831460674
p_btc_signal,0.12999999999999998,0.0,1.0,80,316,-11.395253164556962,0.4783874612509778,0.33860759493670883,0.7848101265822784,255,-5.852549019607843,0.5906634850105598,0.6392156862745098,0.23529411764705882
p_residual_lightgbm,0.02,0.0,1.0,80,1962,-9.250152905198776,0.4765876449212666,0.3929663608562691,0.5412844036697247,594,-8.096969696969698,0.48621422696050676,0.45286195286195285,0.4107744107744108
p_dual_stack,0.039999999999999994,0.0,1.0,90,306,-11.96045751633987,0.47572662550673983,0.5163398692810458,0.8790849673202614,449,-7.109799554565702,0.5475316428784035,0.6636971046770601,0.19821826280623608
p_xgboost,0.02,0.5,0.8,80,593,-8.279089376053962,0.4745826198630137,0.581787521079258,0.6441821247892074,518,-6.388030888030888,0.5140969162995594,0.6293436293436293,0.3764478764478765
p_btc_signal,0.16999999999999996,0.0,1.0,100,129,-13.632558139534883,0.4740399569326475,0.23255813953488372,0.8372093023255814,110,-3.608181818181819,0.8480998124689042,0.6,0.16363636363636364
p_logit,0.11999999999999998,0.3,0.6,80,100,-14.22,0.47333333333333333,0.42,0.63,36,-17.52777777777778,0.3674185463659148,0.4722222222222222,0.1111111111111111
p_residual_lightgbm,0.09,0.5,0.8,80,135,-8.877777777777778,0.47283923466021555,0.6370370370370371,0.5777777777777777,23,-3.5869565217391304,0.7135416666666666,0.7391304347826086,0.391304347826087
p_logit,0.06,0.5,0.8,80,221,-8.15158371040724,0.47278314310798947,0.6380090497737556,0.669683257918552,261,-6.680076628352491,0.49346310284718187,0.632183908045977,0.20306513409961685
p_logit,0.02,0.5,0.8,80,577,-8.385615251299827,0.4713755052988091,0.6256499133448874,0.6429809358752167,447,-7.240492170022371,0.48016382910375843,0.6286353467561522,0.31543624161073824
p_xgboost,0.049999999999999996,0.5,0.8,80,310,-8.522580645161291,0.47107107107107105,0.6,0.7129032258064516,384,-6.653645833333333,0.49042680494615076,0.609375,0.3541666666666667
p_ensemble,0.06999999999999999,0.5,0.8,80,125,-9.492,0.4705488621151272,0.616,0.744,249,-5.841365461847389,0.5323151125401929,0.6305220883534136,0.26506024096385544
p_residual_lightgbm,0.02,0.5,0.8,80,752,-7.772606382978723,0.47012963466594143,0.6117021276595744,0.5305851063829787,330,-6.739393939393939,0.5043458881212391,0.6242424242424243,0.45454545454545453
p_residual_lightgbm,0.06999999999999999,0.5,0.8,80,250,-8.376,0.46987341772151897,0.648,0.556,69,-6.007246376811594,0.5504338394793926,0.6811594202898551,0.391304347826087
p_xgboost,0.07999999999999999,0.5,0.8,80,124,-8.661290322580646,0.46818519435503836,0.6209677419354839,0.7903225806451613,231,-5.967532467532467,0.5202714459718114,0.6147186147186147,0.3203463203463203
p_logit,0.10999999999999999,0.3,0.6,80,120,-14.6,0.4656907593778591,0.4166666666666667,0.6083333333333333,43,-14.104651162790697,0.4611283873833852,0.5116279069767442,0.13953488372093023
p_btc_signal,0.16999999999999996,0.0,1.0,99,129,-13.865116279069767,0.4650675918172031,0.23255813953488372,0.8372093023255814,110,-3.308181818181819,0.8570362222047615,0.6090909090909091,0.16363636363636364
p_dual_stack,0.039999999999999994,0.3,0.6,90,129,-16.56201550387597,0.4617710039047739,0.40310077519379844,0.7906976744186046,49,-5.153061224489799,0.7729316546762588,0.6326530612244898,0.0
p_dual_stack,0.02,0.0,1.0,80,997,-9.427382146439319,0.46084746832175577,0.3881644934804413,0.7813440320962889,708,-8.426694915254238,0.3603135118907212,0.4505649717514124,0.3135593220338983
p_logit,0.039999999999999994,0.5,0.8,80,360,-8.66388888888889,0.45916421016126235,0.6333333333333333,0.6666666666666666,351,-6.699430199430199,0.4986140724946695,0.6353276353276354,0.2678062678062678
p_btc_signal,0.15999999999999998,0.0,1.0,90,165,-13.254545454545454,0.4586633663366337,0.26666666666666666,0.8242424242424242,142,-2.703521126760563,0.8527652067193372,0.6830985915492958,0.18309859154929578
p_residual_lightgbm,0.03,0.0,1.0,80,1633,-9.733067973055725,0.4586220051364847,0.3949785670545009,0.5358236374770361,468,-7.5025641025641026,0.49927269615812436,0.4829059829059829,0.405982905982906
p_kalshi_signal,0.06999999999999999,0.5,0.8,80,180,-10.166666666666666,0.45568114217727546,0.6222222222222222,0.6722222222222223,256,-7.32421875,0.4659641127883794,0.5859375,0.3515625
p_kalshi_signal,0.049999999999999996,0.5,0.8,80,297,-9.695286195286196,0.4553106970585454,0.6127946127946128,0.6599326599326599,334,-6.904191616766467,0.4857270294380018,0.6047904191616766,0.36826347305389223
p_logit,0.03,0.5,0.8,80,473,-8.929175475687103,0.45231148285028855,0.6131078224101479,0.6553911205073996,406,-7.16256157635468,0.48274635361081464,0.6305418719211823,0.30295566502463056
p_dual_stack,0.02,0.5,0.8,80,419,-8.4618138424821,0.45209395765724,0.6085918854415274,0.8210023866348448,510,-7.180392156862745,0.45691828562954173,0.6039215686274509,0.2784313725490196
p_residual_lightgbm,0.06,0.5,0.8,80,339,-8.918879056047198,0.45196664854087365,0.640117994100295,0.5162241887905604,111,-3.9504504504504503,0.6580896686159844,0.6846846846846847,0.40540540540540543
p_kalshi_signal,0.07999999999999999,0.5,0.8,80,128,-11.0859375,0.4497867390461419,0.609375,0.6484375,203,-6.495073891625616,0.49482758620689654,0.5862068965517241,0.35960591133004927
p_kalshi_signal,0.06,0.5,0.8,80,242,-10.210743801652892,0.44590200695145193,0.6074380165289256,0.6611570247933884,289,-6.5657439446366785,0.4925113666755817,0.5916955017301038,0.3633217993079585
p_residual_lightgbm,0.049999999999999996,0.5,0.8,80,434,-8.850230414746544,0.44466131714017204,0.6105990783410138,0.5161290322580645,160,-3.8375,0.6652126499454744,0.6875,0.425
p_dual_stack,0.039999999999999994,0.3,0.6,80,129,-14.934108527131784,0.4436904418134565,0.4728682170542636,0.7906976744186046,49,-8.214285714285717,0.591784989858012,0.673469387755102,0.0
p_xgboost,0.06999999999999999,0.5,0.8,80,176,-9.136363636363637,0.4411815812337098,0.5965909090909091,0.75,286,-6.094405594405594,0.5150925024342746,0.6188811188811189,0.32867132867132864
p_residual_lightgbm,0.03,0.5,0.8,80,649,-8.717257318952234,0.439879213900302,0.6070878274268104,0.5300462249614792,281,-5.371886120996441,0.5712865663163874,0.6512455516014235,0.4555160142348754
p_hist_gb,0.06999999999999999,0.6,0.9,80,104,-5.461538461538462,0.43622828784119105,0.5865384615384616,0.7788461538461539,253,-7.701581027667984,0.3063367746529014,0.45454545454545453,0.30434782608695654
p_btc_signal,0.13999999999999999,0.0,1.0,80,252,-12.821031746031746,0.4359856155296418,0.3134920634920635,0.7936507936507936,209,-5.863157894736842,0.5970271958959519,0.645933014354067,0.2535885167464115
p_kalshi_signal,0.06999999999999999,0.6,0.9,90,106,-11.132075471698114,0.43418844401822104,0.6509433962264151,0.7924528301886793,244,-7.348360655737705,0.537648272305312,0.7213114754098361,0.3729508196721312
p_logit,0.07999999999999999,0.5,0.8,80,121,-9.359504132231406,0.43389152711822043,0.6446280991735537,0.7272727272727273,162,-5.382716049382716,0.5720245398773006,0.6851851851851852,0.16666666666666666
p_residual_lightgbm,0.09999999999999999,0.5,0.8,80,106,-10.830188679245284,0.43083787803668816,0.6226415094339622,0.5660377358490566,16,-10.6875,0.40625,0.625,0.4375
p_dual_stack,0.039999999999999994,0.4,0.7,80,150,-13.066666666666666,0.42832142336298673,0.62,0.8733333333333333,185,-7.889189189189189,0.5069256756756757,0.7621621621621621,0.08648648648648649
p_residual_lightgbm,0.039999999999999994,0.5,0.8,80,536,-9.26679104477612,0.4266089466089466,0.6063432835820896,0.5242537313432836,224,-3.8526785714285716,0.6609037328094303,0.6785714285714286,0.41964285714285715
p_btc_signal,0.13999999999999999,0.3,0.6,80,110,-15.8,0.4230705394190871,0.4090909090909091,0.8454545454545455,79,-0.6518987341772167,0.9585179218687072,0.7088607594936709,0.20253164556962025
p_logit,0.049999999999999996,0.6,0.9,80,199,-5.419597989949748,0.42248995983935744,0.5628140703517588,0.7336683417085427,305,-8.844262295081966,0.2629781420765027,0.4557377049180328,0.25901639344262295
p_btc_signal,0.16999999999999996,0.0,1.0,90,129,-14.56279069767442,0.4177772268022067,0.24806201550387597,0.8372093023255814,110,-4.69909090909091,0.7680918838889138,0.6545454545454545,0.16363636363636364
p_logit,0.06,0.6,0.9,80,150,-5.886666666666667,0.4154253558424363,0.5933333333333334,0.7533333333333333,244,-8.413934426229508,0.2755822159491884,0.47540983606557374,0.20491803278688525
p_residual_lightgbm,0.07999999999999999,0.5,0.8,80,182,-10.521978021978022,0.4145521247324977,0.6153846153846154,0.554945054945055,44,-4.045454545454546,0.65234375,0.7272727272727273,0.4318181818181818
p_btc_signal,0.14999999999999997,0.0,1.0,80,202,-13.509900990099009,0.41000972867798074,0.30198019801980197,0.7821782178217822,180,-5.310555555555556,0.6371469784391133,0.6611111111111111,0.22777777777777777
p_dual_stack,0.03,0.5,0.8,80,298,-9.791946308724832,0.397543098998658,0.587248322147651,0.8959731543624161,429,-7.059440559440559,0.44966381973469016,0.5990675990675991,0.22843822843822845
p_dual_stack,0.03,0.0,1.0,80,578,-10.764705882352942,0.39195528105699323,0.4031141868512111,0.8477508650519031,589,-8.161460101867572,0.34859612987153776,0.4431239388794567,0.26825127334465193
p_dual_stack,0.049999999999999996,0.0,1.0,80,128,-13.3828125,0.39017443930224277,0.5,0.8671875,290,-8.703448275862069,0.23037048330538193,0.3758620689655172,0.12758620689655173
p_hist_gb,0.06,0.6,0.9,80,145,-6.155172413793103,0.38743994509265617,0.5310344827586206,0.7448275862068966,302,-7.996688741721854,0.2898103220114689,0.44039735099337746,0.33112582781456956
p_btc_signal,0.15999999999999998,0.0,1.0,80,165,-14.466666666666667,0.38423835934476974,0.28484848484848485,0.8242424242424242,142,-5.590845070422536,0.6313272034921519,0.6690140845070423,0.18309859154929578
p_dual_stack,0.039999999999999994,0.5,0.8,80,171,-11.365497076023392,0.3738724226804124,0.5789473684210527,0.9239766081871345,331,-8.503021148036254,0.35624428179322964,0.5649546827794562,0.17522658610271905
p_dual_stack,0.039999999999999994,0.0,1.0,80,306,-12.679411764705883,0.3664848801515251,0.4215686274509804,0.8790849673202614,449,-8.980623608017817,0.2849010427750585,0.4209354120267261,0.19821826280623608
p_lightgbm,0.06999999999999999,0.6,0.9,80,120,-6.733333333333333,0.3627760252365931,0.5166666666666667,0.725,293,-7.011945392491468,0.31630615640599,0.447098976109215,0.31399317406143346
p_logit,0.039999999999999994,0.6,0.9,80,279,-6.482078853046595,0.35456816559600285,0.5053763440860215,0.6989247311827957,344,-9.18313953488372,0.2537207654145996,0.45348837209302323,0.27325581395348836
p_btc_signal,0.16999999999999996,0.0,1.0,80,129,-15.803100775193798,0.3504747339578156,0.26356589147286824,0.8372093023255814,110,-6.880909090909092,0.590067157712305,0.6636363636363637,0.16363636363636364
p_lightgbm,0.06,0.6,0.9,80,166,-6.771084337349397,0.34953703703703703,0.5060240963855421,0.7349397590361446,337,-8.096439169139465,0.27846092820309404,0.4332344213649852,0.33827893175074186
p_hist_gb,0.049999999999999996,0.6,0.9,80,221,-6.789592760180995,0.3427507665352606,0.4841628959276018,0.7058823529411765,357,-8.0406162464986,0.2850560398505604,0.44537815126050423,0.3641456582633053
p_ensemble,0.049999999999999996,0.6,0.9,80,142,-7.894366197183099,0.30994152046783624,0.5,0.8380281690140845,352,-8.207386363636363,0.2711907164480323,0.4318181818181818,0.3210227272727273
p_logit,0.03,0.6,0.9,80,367,-7.76158038147139,0.2960583220066724,0.46321525885558584,0.6757493188010899,393,-9.665394402035624,0.23991995997999,0.44783715012722647,0.3104325699745547
p_lightgbm,0.049999999999999996,0.6,0.9,80,225,-7.855555555555555,0.29525518341307816,0.4666666666666667,0.7555555555555555,378,-8.116402116402117,0.27358825618562804,0.4365079365079365,0.3492063492063492
p_btc_signal,0.07999999999999999,0.6,0.9,80,118,-9.364406779661017,0.29505582137161085,0.5677966101694916,0.7796610169491526,308,-6.788961038961039,0.3577023498694517,0.5227272727272727,0.30194805194805197
p_ensemble,0.06,0.6,0.9,80,103,-8.179611650485437,0.2917192097519966,0.5048543689320388,0.8349514563106796,300,-6.983333333333333,0.31758957654723124,0.44666666666666666,0.2733333333333333
p_kalshi_signal,0.06,0.6,0.9,80,155,-8.609677419354838,0.2912904938927244,0.47096774193548385,0.7741935483870968,291,-7.761168384879725,0.2753088400449222,0.41237113402061853,0.3848797250859107
p_ensemble,0.039999999999999994,0.6,0.9,80,216,-7.532407407407407,0.2898297686599738,0.4537037037037037,0.7962962962962963,406,-8.251231527093596,0.2713431212615552,0.43596059113300495,0.3448275862068966
p_kalshi_signal,0.06999999999999999,0.6,0.9,80,106,-9.433962264150944,0.2867332382310984,0.5094339622641509,0.7924528301886793,244,-8.086065573770492,0.274898934215362,0.4262295081967213,0.3729508196721312
p_logit,0.02,0.6,0.9,80,468,-7.8931623931623935,0.28493999225706546,0.452991452991453,0.6688034188034188,429,-9.537296037296038,0.2432257467862758,0.44755244755244755,0.3356643356643357
p_btc_signal,0.02,0.6,0.9,80,443,-8.32392776523702,0.27978515625,0.4717832957110609,0.6388261851015802,474,-7.4789029535864975,0.3116504854368932,0.4810126582278481,0.39662447257383965
p_lightgbm,0.039999999999999994,0.6,0.9,80,290,-8.044827586206896,0.27343506695733416,0.42758620689655175,0.7275862068965517,407,-8.662162162162161,0.2587258200168209,0.4250614250614251,0.36609336609336607
p_btc_signal,0.06,0.6,0.9,80,196,-9.25,0.27086265835511764,0.5255102040816326,0.6785714285714286,364,-6.84065934065934,0.3473132372214941,0.5054945054945055,0.32967032967032966
p_residual_lightgbm,0.06999999999999999,0.6,0.9,80,235,-8.006382978723405,0.27002909796314256,0.425531914893617,0.574468085106383,69,-7.5144927536231885,0.34574132492113563,0.4927536231884058,0.391304347826087
p_xgboost,0.06999999999999999,0.6,0.9,80,129,-8.228682170542635,0.26994497936726275,0.4573643410852713,0.8294573643410853,296,-7.712837837837838,0.2835399340969716,0.42905405405405406,0.34121621621621623
p_btc_signal,0.039999999999999994,0.6,0.9,80,295,-8.859322033898305,0.269564002235886,0.4915254237288136,0.6576271186440678,421,-7.093824228028503,0.32744060353563786,0.4845605700712589,0.35391923990498814
p_btc_signal,0.03,0.6,0.9,80,365,-8.93013698630137,0.2694979829672792,0.4794520547945205,0.6493150684931507,449,-7.05011135857461,0.32648936170212767,0.48329621380846327,0.37861915367483295
p_kalshi_signal,0.049999999999999996,0.6,0.9,80,217,-8.748847926267281,0.266280193236715,0.43317972350230416,0.728110599078341,340,-8.661764705882353,0.24949031600407748,0.4117647058823529,0.3941176470588235
p_ensemble,0.03,0.6,0.9,80,304,-8.125,0.264114404886042,0.41118421052631576,0.7467105263157895,452,-8.621681415929203,0.2643005474797055,0.43805309734513276,0.37610619469026546
p_hist_gb,0.039999999999999994,0.6,0.9,80,288,-8.659722222222221,0.2620210090250037,0.4201388888888889,0.6840277777777778,396,-7.55050505050505,0.29506070965460335,0.44191919191919193,0.38636363636363635
p_btc_signal,0.049999999999999996,0.6,0.9,80,255,-9.347058823529412,0.26047161030096183,0.4980392156862745,0.6627450980392157,390,-6.966666666666667,0.3418917282305922,0.5,0.3435897435897436
p_btc_signal,0.06999999999999999,0.6,0.9,80,148,-10.195945945945946,0.2599313388916135,0.527027027027027,0.7364864864864865,334,-6.706586826347305,0.3586256263421618,0.5179640718562875,0.31736526946107785
p_hist_gb,0.03,0.6,0.9,80,357,-8.530812324929972,0.2558338423946243,0.40336134453781514,0.6750700280112045,439,-7.853075170842825,0.28660113812726334,0.4419134396355353,0.4031890660592255
p_xgboost,0.06,0.6,0.9,80,179,-8.09217877094972,0.25122770741793743,0.4022346368715084,0.7821229050279329,356,-8.042134831460674,0.2709447415329768,0.42134831460674155,0.3707865168539326
p_kalshi_signal,0.039999999999999994,0.6,0.9,80,306,-8.477124183006536,0.2502890173410405,0.39869281045751637,0.7026143790849673,388,-8.657216494845361,0.25089206066012487,0.4175257731958763,0.4175257731958763
p_hist_gb,0.02,0.6,0.9,80,455,-8.497802197802198,0.2482745212404005,0.3912087912087912,0.6483516483516484,460,-8.084782608695653,0.2796823552198334,0.4391304347826087,0.4152173913043478
p_residual_lightgbm,0.09,0.6,0.9,80,117,-8.482905982905983,0.24753601213040183,0.4017094017094017,0.5982905982905983,23,-7.804347826086956,0.38209982788296043,0.5217391304347826,0.391304347826087
p_lightgbm,0.02,0.6,0.9,80,473,-8.457716701902749,0.24468988954970264,0.38477801268498946,0.6913319238900634,486,-9.088477366255145,0.24957526333673122,0.4279835390946502,0.42592592592592593
p_ensemble,0.02,0.6,0.9,80,420,-8.542857142857143,0.24279835390946503,0.3880952380952381,0.7,487,-8.641683778234086,0.2619256401262715,0.433264887063655,0.406570841889117
p_lightgbm,0.03,0.6,0.9,80,378,-8.828042328042327,0.24167708214975572,0.3888888888888889,0.7116402116402116,445,-9.1,0.25099417367982985,0.42696629213483145,0.39101123595505616
p_residual_lightgbm,0.06,0.6,0.9,80,316,-9.079113924050633,0.23868913360753616,0.4208860759493671,0.5348101265822784,105,-6.109523809523809,0.384652278177458,0.49523809523809526,0.37142857142857144
p_residual_lightgbm,0.02,0.6,0.9,80,758,-8.651715039577837,0.23659856818578662,0.3839050131926121,0.5329815303430079,327,-8.3348623853211,0.28539590980597795,0.4434250764525994,0.4525993883792049
p_xgboost,0.039999999999999994,0.6,0.9,80,341,-8.4208211143695,0.2363031914893617,0.3724340175953079,0.6920821114369502,448,-8.303571428571429,0.26343926343926344,0.4263392857142857,0.40848214285714285
p_xgboost,0.049999999999999996,0.6,0.9,80,248,-8.459677419354838,0.23556203315722354,0.3911290322580645,0.7298387096774194,407,-8.303439803439803,0.257986606652761,0.40786240786240785,0.40294840294840295
p_kalshi_signal,0.03,0.6,0.9,80,424,-8.429245283018869,0.23073611708996986,0.3584905660377358,0.6768867924528302,433,-8.301385681293302,0.25985792237207866,0.42032332563510394,0.44110854503464203
p_dual_stack,0.02,0.6,0.9,80,381,-9.061679790026247,0.2299542767926843,0.4094488188976378,0.8320209973753281,533,-8.424953095684803,0.24478641103262697,0.4146341463414634,0.399624765478424
p_kalshi_signal,0.02,0.6,0.9,80,516,-8.282945736434108,0.22907647907647907,0.3488372093023256,0.6414728682170543,470,-8.778723404255318,0.24947703501591634,0.41914893617021276,0.4425531914893617
p_residual_lightgbm,0.03,0.6,0.9,80,645,-9.179069767441861,0.2284485567211833,0.3875968992248062,0.5410852713178295,272,-7.738970588235294,0.31377343113284434,0.4742647058823529,0.4485294117647059
p_residual_lightgbm,0.07999999999999999,0.6,0.9,80,164,-9.079268292682928,0.2268951194184839,0.3902439024390244,0.573170731707317,45,-6.277777777777778,0.42110655737704916,0.5555555555555556,0.4222222222222222
p_residual_lightgbm,0.049999999999999996,0.6,0.9,80,419,-9.325775656324582,0.22262011339898538,0.38663484486873506,0.5202863961813843,146,-5.273972602739726,0.4315245478036176,0.5273972602739726,0.410958904109589
p_xgboost,0.03,0.6,0.9,80,433,-8.520785219399539,0.2208025343189018,0.34872979214780603,0.6697459584295612,482,-8.485477178423237,0.26392513272743634,0.4336099585062241,0.42323651452282157
p_residual_lightgbm,0.039999999999999994,0.6,0.9,80,531,-9.629943502824858,0.21590124971248945,0.384180790960452,0.5348399246704332,211,-6.462085308056872,0.36255259467040674,0.4976303317535545,0.41706161137440756
p_dual_stack,0.039999999999999994,0.6,0.9,80,148,-10.68918918918919,0.21449851042701093,0.4189189189189189,0.9864864864864865,392,-8.908163265306122,0.226578073089701,0.3979591836734694,0.22704081632653061
p_dual_stack,0.03,0.6,0.9,80,286,-9.825174825174825,0.20744605838386687,0.3951048951048951,0.9335664335664335,472,-8.603813559322035,0.23550451807228914,0.4025423728813559,0.3305084745762712
p_xgboost,0.02,0.6,0.9,80,555,-9.15045045045045,0.19510262302876616,0.3171171171171171,0.6342342342342342,519,-8.646435452793835,0.25863208326449694,0.4296724470134875,0.441233140655106
