rule,side,target_c,trades,hit_rate,breakeven_hit_rate,avg_pnl_c,min_quartile_ev_c,quartile_ev_c,positive_weeks,weeks,min_week_ev_c,settle_win_rate,touch_ema_after_entry,avg_entry_minute,avg_signal_ext_bps,avg_entry_ext_bps,avg_further_ext_bps,yes_share,table
ext10bps_further0bps_entry20c,NO,45,533,0.13133208255159476,0.4444444444444444,-14.090056285178237,-15.970149253731343,"-15.97,-13.57,-14.25,-12.56",0,10,-16.25,0.06191369606003752,0.150093808630394,5.637898686679175,14.901963451427738,16.38952046947893,1.4875570180511941,0.0,rule_side
ext10bps_further0bps_entry20c,NO,50,533,0.11819887429643527,0.4,-14.090056285178237,-15.895522388059701,"-15.90,-13.23,-14.36,-12.86",0,10,-16.323529411764707,0.06191369606003752,0.150093808630394,5.637898686679175,14.901963451427738,16.38952046947893,1.4875570180511941,0.0,rule_side
ext10bps_further0bps_entry20c,NO,55,533,0.11069418386491557,0.36363636363636365,-13.911819887429644,-15.895522388059701,"-15.90,-12.56,-13.80,-13.38",0,10,-17.708333333333332,0.06191369606003752,0.150093808630394,5.637898686679175,14.901963451427738,16.38952046947893,1.4875570180511941,0.0,rule_side
ext10bps_further0bps_entry20c,NO,60,533,0.10318949343339587,0.3333333333333333,-13.808630393996248,-15.522388059701493,"-15.52,-12.78,-13.68,-13.23",0,10,-17.5,0.06191369606003752,0.150093808630394,5.637898686679175,14.901963451427738,16.38952046947893,1.4875570180511941,0.0,rule_side
ext10bps_further0bps_entry20c,NO,65,533,0.08818011257035648,0.3076923076923077,-14.268292682926829,-15.634328358208956,"-15.63,-13.65,-13.65,-14.14",0,10,-17.291666666666668,0.06191369606003752,0.150093808630394,5.637898686679175,14.901963451427738,16.38952046947893,1.4875570180511941,0.0,rule_side
ext10bps_further0bps_entry20c,NO,70,533,0.08067542213883677,0.2857142857142857,-14.352720450281426,-15.298507462686567,"-15.30,-13.68,-14.74,-13.68",0,10,-17.083333333333332,0.06191369606003752,0.150093808630394,5.637898686679175,14.901963451427738,16.38952046947893,1.4875570180511941,0.0,rule_side
ext10bps_further0bps_entry20c,NO,75,533,0.07692307692307693,0.26666666666666666,-14.23076923076923,-14.962686567164178,"-14.96,-14.36,-14.36,-13.23",0,10,-16.875,0.06191369606003752,0.150093808630394,5.637898686679175,14.901963451427738,16.38952046947893,1.4875570180511941,0.0,rule_side
ext10bps_further0bps_entry20c,NO,80,533,0.07317073170731707,0.25,-14.146341463414634,-14.626865671641792,"-14.63,-13.98,-14.59,-13.38",0,10,-16.666666666666668,0.06191369606003752,0.150093808630394,5.637898686679175,14.901963451427738,16.38952046947893,1.4875570180511941,0.0,rule_side
ext10bps_further0bps_entry20c,NO,85,533,0.07129455909943715,0.23529411764705882,-13.939962476547842,-14.291044776119403,"-14.29,-14.25,-14.25,-12.97",0,10,-17.017543859649123,0.06191369606003752,0.150093808630394,5.637898686679175,14.901963451427738,16.38952046947893,1.4875570180511941,0.0,rule_side
ext10bps_further0bps_entry20c,NO,99,533,0.06378986866791744,0.20202020202020202,-13.684803001876173,-14.789473684210526,"-14.09,-13.30,-14.79,-12.56",0,10,-16.526315789473685,0.06191369606003752,0.150093808630394,5.637898686679175,14.901963451427738,16.38952046947893,1.4875570180511941,0.0,rule_side
ext10bps_further0bps_entry20c,YES,45,547,0.1206581352833638,0.4444444444444444,-14.570383912248628,-16.715328467153284,"-12.77,-12.45,-16.72,-16.36",0,10,-20.0,0.07312614259597806,0.14625228519195613,5.6361974405850095,14.809511848557054,16.25461669092304,1.4451048423659862,1.0,rule_side
ext10bps_further0bps_entry20c,YES,50,547,0.11517367458866545,0.4,-14.241316270566728,-16.715328467153284,"-11.97,-12.34,-16.72,-15.96",0,10,-20.0,0.07312614259597806,0.14625228519195613,5.6361974405850095,14.809511848557054,16.25461669092304,1.4451048423659862,1.0,rule_side
ext10bps_further0bps_entry20c,YES,55,547,0.10786106032906764,0.36363636363636365,-14.06764168190128,-16.78832116788321,"-11.97,-11.97,-16.79,-15.55",0,10,-20.0,0.07312614259597806,0.14625228519195613,5.6361974405850095,14.809511848557054,16.25461669092304,1.4451048423659862,1.0,rule_side
ext10bps_further0bps_entry20c,YES,60,547,0.09872029250457039,0.3333333333333333,-14.076782449725776,-16.934306569343065,"-12.99,-11.24,-16.93,-15.15",0,10,-20.0,0.07312614259597806,0.14625228519195613,5.6361974405850095,14.809511848557054,16.25461669092304,1.4451048423659862,1.0,rule_side
ext10bps_further0bps_entry20c,YES,65,547,0.09323583180987204,0.3076923076923077,-13.939670932358318,-16.67883211678832,"-13.36,-10.99,-16.68,-14.74",0,10,-20.0,0.07312614259597806,0.14625228519195613,5.6361974405850095,14.809511848557054,16.25461669092304,1.4451048423659862,1.0,rule_side
ext10bps_further0bps_entry20c,YES,70,547,0.09140767824497258,0.2857142857142857,-13.60146252285192,-16.423357664233578,"-12.85,-10.29,-16.42,-14.85",0,10,-20.0,0.07312614259597806,0.14625228519195613,5.6361974405850095,14.809511848557054,16.25461669092304,1.4451048423659862,1.0,rule_side
ext10bps_further0bps_entry20c,YES,75,547,0.08775137111517367,0.26666666666666666,-13.418647166361975,-16.715328467153284,"-12.34,-10.15,-16.72,-14.49",0,10,-20.0,0.07312614259597806,0.14625228519195613,5.6361974405850095,14.809511848557054,16.25461669092304,1.4451048423659862,1.0,rule_side
ext10bps_further0bps_entry20c,YES,80,547,0.08592321755027423,0.25,-13.126142595978061,-16.496350364963504,"-12.41,-9.49,-16.50,-14.12",0,10,-20.0,0.07312614259597806,0.14625228519195613,5.6361974405850095,14.809511848557054,16.25461669092304,1.4451048423659862,1.0,rule_side
ext10bps_further0bps_entry20c,YES,85,547,0.08226691042047532,0.23529411764705882,-13.007312614259599,-16.277372262773724,"-11.93,-9.45,-16.28,-14.38",0,10,-20.0,0.07312614259597806,0.14625228519195613,5.6361974405850095,14.809511848557054,16.25461669092304,1.4451048423659862,1.0,rule_side
ext10bps_further0bps_entry20c,YES,99,547,0.07312614259597806,0.20202020202020202,-12.760511882998172,-16.386861313868614,"-11.33,-9.16,-16.39,-14.18",0,10,-20.0,0.07312614259597806,0.14625228519195613,5.6361974405850095,14.809511848557054,16.25461669092304,1.4451048423659862,1.0,rule_side
ext10bps_further0bps_entry21c,NO,45,579,0.14507772020725387,0.4666666666666667,-14.471502590673575,-15.724137931034482,"-15.72,-14.79,-14.48,-12.88",0,10,-16.135135135135137,0.06735751295336788,0.15198618307426598,5.478411053540587,14.915410832652716,16.402009719551558,1.486598886898839,0.0,rule_side
ext10bps_further0bps_entry21c,NO,50,579,0.13298791018998274,0.42,-14.350604490500864,-15.482758620689655,"-15.48,-14.45,-14.45,-13.01",0,10,-16.27027027027027,0.06735751295336788,0.15198618307426598,5.478411053540587,14.915410832652716,16.402009719551558,1.486598886898839,0.0,rule_side
ext10bps_further0bps_entry21c,NO,55,579,0.12607944732297063,0.38181818181818183,-14.065630397236616,-15.310344827586206,"-15.31,-13.79,-13.79,-13.36",0,10,-16.6,0.06735751295336788,0.15198618307426598,5.478411053540587,14.915410832652716,16.402009719551558,1.486598886898839,0.0,rule_side
ext10bps_further0bps_entry21c,NO,60,579,0.11744386873920552,0.35,-13.953367875647668,-15.206896551724139,"-15.21,-13.97,-13.55,-13.08",0,10,-16.2,0.06735751295336788,0.15198618307426598,5.478411053540587,14.915410832652716,16.402009719551558,1.486598886898839,0.0,rule_side
ext10bps_further0bps_entry21c,NO,65,579,0.10189982728842832,0.3230769230769231,-14.376511226252159,-15.620689655172415,"-15.62,-14.72,-13.38,-13.78",0,10,-16.149253731343283,0.06735751295336788,0.15198618307426598,5.478411053540587,14.915410832652716,16.402009719551558,1.486598886898839,0.0,rule_side
ext10bps_further0bps_entry21c,NO,70,579,0.09326424870466321,0.3,-14.471502590673575,-15.689655172413794,"-15.69,-14.72,-14.24,-13.22",0,10,-16.88235294117647,0.06735751295336788,0.15198618307426598,5.478411053540587,14.915410832652716,16.402009719551558,1.486598886898839,0.0,rule_side
ext10bps_further0bps_entry21c,NO,75,579,0.08635578583765112,0.28,-14.523316062176166,-15.827586206896552,"-15.31,-15.83,-14.28,-12.67",0,10,-16.58823529411765,0.06735751295336788,0.15198618307426598,5.478411053540587,14.915410832652716,16.402009719551558,1.486598886898839,0.0,rule_side
ext10bps_further0bps_entry21c,NO,80,579,0.08290155440414508,0.2625,-14.367875647668393,-15.482758620689655,"-14.93,-15.48,-14.38,-12.67",0,10,-16.294117647058822,0.06735751295336788,0.15198618307426598,5.478411053540587,14.915410832652716,16.402009719551558,1.486598886898839,0.0,rule_side
ext10bps_further0bps_entry21c,NO,85,579,0.07599309153713299,0.24705882352941178,-14.540587219343696,-15.724137931034482,"-15.14,-15.72,-14.55,-12.74",0,10,-16.887096774193548,0.06735751295336788,0.15198618307426598,5.478411053540587,14.915410832652716,16.402009719551558,1.486598886898839,0.0,rule_side
ext10bps_further0bps_entry21c,NO,99,579,0.0690846286701209,0.21212121212121213,-14.160621761658032,-14.855172413793104,"-14.86,-14.86,-14.86,-12.06",0,10,-17.11764705882353,0.06735751295336788,0.15198618307426598,5.478411053540587,14.915410832652716,16.402009719551558,1.486598886898839,0.0,rule_side
ext10bps_further0bps_entry21c,YES,45,588,0.14285714285714285,0.4666666666666667,-14.571428571428571,-17.020408163265305,"-12.43,-12.12,-16.71,-17.02",0,10,-21.0,0.08503401360544217,0.15476190476190477,5.496598639455782,14.834983073574623,16.270893023052977,1.435909949478352,1.0,rule_side
ext10bps_further0bps_entry21c,YES,50,588,0.1377551020408163,0.42,-14.112244897959183,-16.578231292517007,"-11.48,-11.82,-16.58,-16.58",0,10,-21.0,0.08503401360544217,0.15476190476190477,5.496598639455782,14.834983073574623,16.270893023052977,1.435909949478352,1.0,rule_side
ext10bps_further0bps_entry21c,YES,55,588,0.1292517006802721,0.38181818181818183,-13.891156462585034,-16.510204081632654,"-11.65,-11.27,-16.51,-16.14",0,10,-21.0,0.08503401360544217,0.15476190476190477,5.496598639455782,14.834983073574623,16.270893023052977,1.435909949478352,1.0,rule_side
ext10bps_further0bps_entry21c,YES,60,588,0.11734693877551021,0.35,-13.959183673469388,-16.510204081632654,"-13.24,-10.39,-16.51,-15.69",0,10,-21.0,0.08503401360544217,0.15476190476190477,5.496598639455782,14.834983073574623,16.270893023052977,1.435909949478352,1.0,rule_side
ext10bps_further0bps_entry21c,YES,65,588,0.11224489795918367,0.3230769230769231,-13.704081632653061,-16.13605442176871,"-13.48,-9.95,-16.14,-15.25",0,10,-21.0,0.08503401360544217,0.15476190476190477,5.496598639455782,14.834983073574623,16.270893023052977,1.435909949478352,1.0,rule_side
ext10bps_further0bps_entry21c,YES,70,588,0.10714285714285714,0.3,-13.5,-16.238095238095237,"-13.38,-9.10,-16.24,-15.29",0,10,-21.0,0.08503401360544217,0.15476190476190477,5.496598639455782,14.834983073574623,16.270893023052977,1.435909949478352,1.0,rule_side
ext10bps_further0bps_entry21c,YES,75,588,0.10204081632653061,0.28,-13.346938775510203,-16.408163265306122,"-12.84,-9.27,-16.41,-14.88",0,10,-21.0,0.08503401360544217,0.15476190476190477,5.496598639455782,14.834983073574623,16.270893023052977,1.435909949478352,1.0,rule_side
ext10bps_further0bps_entry21c,YES,80,588,0.09863945578231292,0.2625,-13.108843537414966,-16.102040816326532,"-12.84,-9.03,-16.10,-14.47",0,10,-21.0,0.08503401360544217,0.15476190476190477,5.496598639455782,14.834983073574623,16.270893023052977,1.435909949478352,1.0,rule_side
ext10bps_further0bps_entry21c,YES,85,588,0.09523809523809523,0.24705882352941178,-12.904761904761905,-15.795918367346939,"-12.33,-8.86,-15.80,-14.64",0,10,-21.0,0.08503401360544217,0.15476190476190477,5.496598639455782,14.834983073574623,16.270893023052977,1.435909949478352,1.0,rule_side
ext10bps_further0bps_entry21c,YES,99,588,0.08503401360544217,0.21212121212121213,-12.581632653061224,-16.285714285714285,"-11.57,-8.20,-16.29,-14.27",0,10,-21.0,0.08503401360544217,0.15476190476190477,5.496598639455782,14.834983073574623,16.270893023052977,1.435909949478352,1.0,rule_side
ext10bps_further0bps_entry22c,NO,45,605,0.1537190082644628,0.4888888888888889,-15.082644628099173,-16.07894736842105,"-16.08,-15.15,-15.15,-13.95",0,10,-16.873417721518987,0.06942148760330578,0.15702479338842976,5.404958677685951,14.934442700662283,16.43192101556368,1.4974783149014017,0.0,rule_side
ext10bps_further0bps_entry22c,NO,50,605,0.14049586776859505,0.44,-14.975206611570249,-15.75,"-15.75,-14.72,-15.38,-14.05",0,10,-17.569620253164558,0.06942148760330578,0.15702479338842976,5.404958677685951,14.934442700662283,16.43192101556368,1.4974783149014017,0.0,rule_side
ext10bps_further0bps_entry22c,NO,55,605,0.13388429752066117,0.4,-14.636363636363637,-15.486842105263158,"-15.49,-13.99,-14.72,-14.35",0,10,-17.76923076923077,0.06942148760330578,0.15702479338842976,5.404958677685951,14.934442700662283,16.43192101556368,1.4974783149014017,0.0,rule_side
ext10bps_further0bps_entry22c,NO,60,605,0.12396694214876033,0.36666666666666664,-14.561983471074381,-15.289473684210526,"-15.29,-14.05,-14.85,-14.05",0,10,-17.384615384615383,0.06942148760330578,0.15702479338842976,5.404958677685951,14.934442700662283,16.43192101556368,1.4974783149014017,0.0,rule_side
ext10bps_further0bps_entry22c,NO,65,605,0.10743801652892562,0.3384615384615385,-15.016528925619834,-16.013157894736842,"-16.01,-14.68,-14.68,-14.68",0,10,-17.0,0.06942148760330578,0.15702479338842976,5.404958677685951,14.934442700662283,16.43192101556368,1.4974783149014017,0.0,rule_side
ext10bps_further0bps_entry22c,NO,70,605,0.09917355371900827,0.3142857142857143,-15.057851239669422,-16.013157894736842,"-16.01,-14.58,-15.51,-14.12",0,10,-17.96153846153846,0.06942148760330578,0.15702479338842976,5.404958677685951,14.934442700662283,16.43192101556368,1.4974783149014017,0.0,rule_side
ext10bps_further0bps_entry22c,NO,75,605,0.09090909090909091,0.29333333333333333,-15.181818181818182,-16.07894736842105,"-16.08,-15.54,-15.54,-13.56",0,10,-17.673076923076923,0.06942148760330578,0.15702479338842976,5.404958677685951,14.934442700662283,16.43192101556368,1.4974783149014017,0.0,rule_side
ext10bps_further0bps_entry22c,NO,80,605,0.08760330578512397,0.275,-14.991735537190083,-15.68421052631579,"-15.68,-15.11,-15.64,-13.52",0,10,-17.384615384615383,0.06942148760330578,0.15702479338842976,5.404958677685951,14.934442700662283,16.43192101556368,1.4974783149014017,0.0,rule_side
ext10bps_further0bps_entry22c,NO,85,605,0.07768595041322314,0.25882352941176473,-15.396694214876034,-16.370860927152318,"-15.85,-16.37,-15.81,-13.56",0,10,-18.25,0.06942148760330578,0.15702479338842976,5.404958677685951,14.934442700662283,16.43192101556368,1.4974783149014017,0.0,rule_side
ext10bps_further0bps_entry22c,NO,99,605,0.07107438016528926,0.2222222222222222,-14.963636363636363,-16.09933774834437,"-14.84,-16.10,-16.10,-12.82",0,10,-18.192307692307693,0.06942148760330578,0.15702479338842976,5.404958677685951,14.934442700662283,16.43192101556368,1.4974783149014017,0.0,rule_side
ext10bps_further0bps_entry22c,YES,45,613,0.14845024469820556,0.4888888888888889,-15.31973898858075,-17.58823529411765,"-13.23,-12.88,-17.59,-17.59",0,10,-20.875,0.0864600326264274,0.1598694942903752,5.419249592169657,14.873251352466296,16.21948118896672,1.3462298365004246,1.0,rule_side
ext10bps_further0bps_entry22c,YES,50,613,0.14192495921696574,0.44,-14.903752039151714,-17.424836601307188,"-12.26,-12.85,-17.42,-17.10",0,10,-20.75,0.0864600326264274,0.1598694942903752,5.419249592169657,14.873251352466296,16.21948118896672,1.3462298365004246,1.0,rule_side
ext10bps_further0bps_entry22c,YES,55,613,0.13376835236541598,0.4,-14.64274061990212,-17.326797385620914,"-12.36,-12.29,-17.33,-16.61",0,10,-20.625,0.0864600326264274,0.1598694942903752,5.419249592169657,14.873251352466296,16.21948118896672,1.3462298365004246,1.0,rule_side
ext10bps_further0bps_entry22c,YES,60,613,0.12234910277324633,0.36666666666666664,-14.65905383360522,-17.294117647058822,"-13.82,-11.41,-17.29,-16.12",0,10,-20.5,0.0864600326264274,0.1598694942903752,5.419249592169657,14.873251352466296,16.21948118896672,1.3462298365004246,1.0,rule_side
ext10bps_further0bps_entry22c,YES,65,613,0.11745513866231648,0.3384615384615385,-14.36541598694943,-16.901960784313726,"-13.98,-10.95,-16.90,-15.63",0,10,-20.375,0.0864600326264274,0.1598694942903752,5.419249592169657,14.873251352466296,16.21948118896672,1.3462298365004246,1.0,rule_side
ext10bps_further0bps_entry22c,YES,70,613,0.11256117455138662,0.3142857142857143,-14.120717781402936,-16.96732026143791,"-13.82,-10.10,-16.97,-15.59",0,10,-20.25,0.0864600326264274,0.1598694942903752,5.419249592169657,14.873251352466296,16.21948118896672,1.3462298365004246,1.0,rule_side
ext10bps_further0bps_entry22c,YES,75,613,0.10766721044045677,0.29333333333333333,-13.924959216965743,-17.098039215686274,"-13.23,-10.24,-17.10,-15.14",0,10,-20.125,0.0864600326264274,0.1598694942903752,5.419249592169657,14.873251352466296,16.21948118896672,1.3462298365004246,1.0,rule_side
ext10bps_further0bps_entry22c,YES,80,613,0.10114192495921696,0.275,-13.908646003262643,-16.77124183006536,"-13.69,-9.97,-16.77,-15.20",0,10,-20.0,0.0864600326264274,0.1598694942903752,5.419249592169657,14.873251352466296,16.21948118896672,1.3462298365004246,1.0,rule_side
ext10bps_further0bps_entry22c,YES,85,613,0.09787928221859707,0.25882352941176473,-13.68026101141925,-16.444444444444443,"-13.17,-9.78,-16.44,-15.33",0,10,-19.875,0.0864600326264274,0.1598694942903752,5.419249592169657,14.873251352466296,16.21948118896672,1.3462298365004246,1.0,rule_side
ext10bps_further0bps_entry22c,YES,99,613,0.0864600326264274,0.2222222222222222,-13.440456769983687,-16.823529411764707,"-12.36,-9.71,-16.82,-14.88",0,10,-19.525,0.0864600326264274,0.1598694942903752,5.419249592169657,14.873251352466296,16.21948118896672,1.3462298365004246,1.0,rule_side
ext10bps_further0bps_entry23c,NO,45,633,0.15955766192733017,0.5111111111111111,-15.819905213270141,-16.49056603773585,"-16.49,-16.16,-15.31,-15.31",0,10,-18.0,0.07109004739336493,0.16587677725118483,5.278041074249605,14.84416506867695,16.27875539346137,1.434590324784417,0.0,rule_side
ext10bps_further0bps_entry23c,NO,50,633,0.14691943127962084,0.46,-15.654028436018958,-16.08176100628931,"-16.08,-15.72,-15.41,-15.41",0,10,-17.51219512195122,0.07109004739336493,0.16587677725118483,5.278041074249605,14.84416506867695,16.27875539346137,1.434590324784417,0.0,rule_side
ext10bps_further0bps_entry23c,NO,55,633,0.13902053712480253,0.41818181818181815,-15.35387045813586,-15.735849056603774,"-15.74,-14.99,-14.99,-15.69",0,10,-18.925925925925927,0.07109004739336493,0.16587677725118483,5.278041074249605,14.84416506867695,16.27875539346137,1.434590324784417,0.0,rule_side
ext10bps_further0bps_entry23c,NO,60,633,0.12796208530805686,0.38333333333333336,-15.322274881516588,-15.452830188679245,"-15.45,-15.03,-15.41,-15.41",0,10,-18.555555555555557,0.07109004739336493,0.16587677725118483,5.278041074249605,14.84416506867695,16.27875539346137,1.434590324784417,0.0,rule_side
ext10bps_further0bps_entry23c,NO,65,633,0.10900473933649289,0.35384615384615387,-15.914691943127963,-16.867924528301888,"-16.87,-15.59,-15.18,-16.01",0,10,-18.272727272727273,0.07109004739336493,0.16587677725118483,5.278041074249605,14.84416506867695,16.27875539346137,1.434590324784417,0.0,rule_side
ext10bps_further0bps_entry23c,NO,70,633,0.10110584518167456,0.32857142857142857,-15.92259083728278,-16.836477987421382,"-16.84,-15.47,-15.91,-15.47",0,10,-19.181818181818183,0.07109004739336493,0.16587677725118483,5.278041074249605,14.84416506867695,16.27875539346137,1.434590324784417,0.0,rule_side
ext10bps_further0bps_entry23c,NO,75,633,0.09320695102685624,0.30666666666666664,-16.009478672985782,-16.829113924050635,"-16.40,-16.83,-15.88,-14.93",0,10,-18.90909090909091,0.07109004739336493,0.16587677725118483,5.278041074249605,14.84416506867695,16.27875539346137,1.434590324784417,0.0,rule_side
ext10bps_further0bps_entry23c,NO,80,633,0.08846761453396525,0.2875,-15.92259083728278,-16.417721518987342,"-15.96,-16.42,-16.42,-14.90",0,10,-18.636363636363637,0.07109004739336493,0.16587677725118483,5.278041074249605,14.84416506867695,16.27875539346137,1.434590324784417,0.0,rule_side
ext10bps_further0bps_entry23c,NO,85,633,0.07898894154818326,0.27058823529411763,-16.285939968404424,-17.620253164556964,"-16.05,-17.62,-16.54,-14.93",0,10,-19.357142857142858,0.07109004739336493,0.16587677725118483,5.278041074249605,14.84416506867695,16.27875539346137,1.434590324784417,0.0,rule_side
ext10bps_further0bps_entry23c,NO,99,633,0.07266982622432859,0.23232323232323232,-15.80568720379147,-17.360759493670887,"-14.91,-17.36,-16.73,-14.23",0,10,-19.4,0.07109004739336493,0.16587677725118483,5.278041074249605,14.84416506867695,16.27875539346137,1.434590324784417,0.0,rule_side
ext10bps_further0bps_entry23c,YES,45,657,0.1628614916286149,0.5111111111111111,-15.67123287671233,-18.0609756097561,"-13.73,-13.12,-18.06,-17.79",0,10,-21.902439024390244,0.0898021308980213,0.1704718417047184,5.322678843226789,14.841491432286123,16.113969122979025,1.2724776906929023,1.0,rule_side
ext10bps_further0bps_entry23c,YES,50,657,0.1552511415525114,0.46,-15.237442922374429,-17.817073170731707,"-12.70,-12.94,-17.82,-17.51",0,10,-21.78048780487805,0.0898021308980213,0.1704718417047184,5.322678843226789,14.841491432286123,16.113969122979025,1.2724776906929023,1.0,rule_side
ext10bps_further0bps_entry23c,YES,55,657,0.1461187214611872,0.41818181818181815,-14.963470319634704,-17.634146341463413,"-13.00,-12.27,-17.63,-16.96",0,10,-21.658536585365855,0.0898021308980213,0.1704718417047184,5.322678843226789,14.841491432286123,16.113969122979025,1.2724776906929023,1.0,rule_side
ext10bps_further0bps_entry23c,YES,60,657,0.1339421613394216,0.38333333333333336,-14.963470319634704,-17.51219512195122,"-14.64,-11.29,-17.51,-16.41",0,10,-21.536585365853657,0.0898021308980213,0.1704718417047184,5.322678843226789,14.841491432286123,16.113969122979025,1.2724776906929023,1.0,rule_side
ext10bps_further0bps_entry23c,YES,65,657,0.1263318112633181,0.35384615384615387,-14.788432267884323,-17.054878048780488,"-14.73,-11.11,-17.05,-16.26",0,10,-21.414634146341463,0.0898021308980213,0.1704718417047184,5.322678843226789,14.841491432286123,16.113969122979025,1.2724776906929023,1.0,rule_side
ext10bps_further0bps_entry23c,YES,70,657,0.121765601217656,0.32857142857142857,-14.47640791476408,-17.024390243902438,"-14.52,-10.20,-17.02,-16.17",0,10,-21.29268292682927,0.0898021308980213,0.1704718417047184,5.322678843226789,14.841491432286123,16.113969122979025,1.2724776906929023,1.0,rule_side
ext10bps_further0bps_entry23c,YES,75,657,0.1141552511415525,0.30666666666666664,-14.438356164383562,-17.054878048780488,"-14.82,-10.20,-17.05,-15.68",0,10,-21.170731707317074,0.0898021308980213,0.1704718417047184,5.322678843226789,14.841491432286123,16.113969122979025,1.2724776906929023,1.0,rule_side
ext10bps_further0bps_entry23c,YES,80,657,0.106544901065449,0.2875,-14.47640791476408,-16.658536585365855,"-15.24,-10.32,-16.66,-15.68",0,10,-21.048780487804876,0.0898021308980213,0.1704718417047184,5.322678843226789,14.841491432286123,16.113969122979025,1.2724776906929023,1.0,rule_side
ext10bps_further0bps_entry23c,YES,85,657,0.1019786910197869,0.27058823529411763,-14.331811263318112,-16.78048780487805,"-14.76,-10.04,-16.78,-15.74",0,10,-20.926829268292682,0.0898021308980213,0.1704718417047184,5.322678843226789,14.841491432286123,16.113969122979025,1.2724776906929023,1.0,rule_side
ext10bps_further0bps_entry23c,YES,99,657,0.0898021308980213,0.23232323232323232,-14.10958904109589,-17.567073170731707,"-14.00,-9.72,-17.57,-15.15",0,10,-20.585365853658537,0.0898021308980213,0.1704718417047184,5.322678843226789,14.841491432286123,16.113969122979025,1.2724776906929023,1.0,rule_side
ext10bps_further0bps_entry24c,NO,45,656,0.1722560975609756,0.5333333333333333,-16.2484756097561,-17.140243902439025,"-17.14,-15.77,-15.77,-16.32",0,10,-19.178571428571427,0.07774390243902439,0.1722560975609756,5.210365853658536,14.84265936159656,16.280275623923615,1.437616262327057,0.0,rule_side
ext10bps_further0bps_entry24c,NO,50,656,0.15701219512195122,0.48,-16.149390243902438,-16.682926829268293,"-16.68,-15.77,-15.77,-16.38",0,10,-18.642857142857142,0.07774390243902439,0.1722560975609756,5.210365853658536,14.84265936159656,16.280275623923615,1.437616262327057,0.0,rule_side
ext10bps_further0bps_entry24c,NO,55,656,0.14634146341463414,0.43636363636363634,-15.951219512195122,-16.95731707317073,"-16.29,-15.28,-15.28,-16.96",0,10,-20.071428571428573,0.07774390243902439,0.1722560975609756,5.210365853658536,14.84265936159656,16.280275623923615,1.437616262327057,0.0,rule_side
ext10bps_further0bps_entry24c,NO,60,656,0.13414634146341464,0.4,-15.951219512195122,-16.682926829268293,"-16.32,-15.22,-15.59,-16.68",0,10,-19.714285714285715,0.07774390243902439,0.1722560975609756,5.210365853658536,14.84265936159656,16.280275623923615,1.437616262327057,0.0,rule_side
ext10bps_further0bps_entry24c,NO,65,656,0.11585365853658537,0.36923076923076925,-16.46951219512195,-17.658536585365855,"-17.66,-15.68,-15.28,-17.26",0,10,-19.357142857142858,0.07774390243902439,0.1722560975609756,5.210365853658536,14.84265936159656,16.280275623923615,1.437616262327057,0.0,rule_side
ext10bps_further0bps_entry24c,NO,70,656,0.10823170731707317,0.34285714285714286,-16.423780487804876,-17.597560975609756,"-17.60,-15.46,-15.89,-16.74",0,10,-19.0,0.07774390243902439,0.1722560975609756,5.210365853658536,14.84265936159656,16.280275623923615,1.437616262327057,0.0,rule_side
ext10bps_further0bps_entry24c,NO,75,656,0.10060975609756098,0.32,-16.454268292682926,-17.597560975609756,"-17.60,-16.23,-15.77,-16.23",0,10,-18.642857142857142,0.07774390243902439,0.1722560975609756,5.210365853658536,14.84265936159656,16.280275623923615,1.437616262327057,0.0,rule_side
ext10bps_further0bps_entry24c,NO,80,656,0.09603658536585366,0.3,-16.317073170731707,-17.170731707317074,"-17.17,-15.71,-16.20,-16.20",0,10,-18.285714285714285,0.07774390243902439,0.1722560975609756,5.210365853658536,14.84265936159656,16.280275623923615,1.437616262327057,0.0,rule_side
ext10bps_further0bps_entry24c,NO,85,656,0.08536585365853659,0.2823529411764706,-16.74390243902439,-17.26219512195122,"-17.26,-16.74,-16.74,-16.23",0,10,-18.17808219178082,0.07774390243902439,0.1722560975609756,5.210365853658536,14.84265936159656,16.280275623923615,1.437616262327057,0.0,rule_side
ext10bps_further0bps_entry24c,NO,99,656,0.07926829268292683,0.24242424242424243,-16.152439024390244,-16.75609756097561,"-16.15,-16.15,-16.76,-15.55",0,10,-18.879310344827587,0.07774390243902439,0.1722560975609756,5.210365853658536,14.84265936159656,16.280275623923615,1.437616262327057,0.0,rule_side
ext10bps_further0bps_entry24c,YES,45,686,0.16326530612244897,0.5333333333333333,-16.653061224489797,-19.0,"-14.58,-14.53,-18.51,-19.00",0,10,-22.928571428571427,0.08746355685131195,0.17346938775510204,5.24198250728863,14.86915831592708,16.06841035590635,1.1992520399792677,1.0,rule_side
ext10bps_further0bps_entry24c,YES,50,686,0.15597667638483964,0.48,-16.20116618075802,-18.736842105263158,"-13.53,-14.35,-18.19,-18.74",0,10,-22.80952380952381,0.08746355685131195,0.17346938775510204,5.24198250728863,14.86915831592708,16.06841035590635,1.1992520399792677,1.0,rule_side
ext10bps_further0bps_entry24c,YES,55,686,0.14723032069970846,0.43636363636363634,-15.902332361516034,-18.210526315789473,"-13.77,-13.71,-17.92,-18.21",0,10,-22.69047619047619,0.08746355685131195,0.17346938775510204,5.24198250728863,14.86915831592708,16.06841035590635,1.1992520399792677,1.0,rule_side
ext10bps_further0bps_entry24c,YES,60,686,0.13556851311953352,0.4,-15.86588921282799,-17.72093023255814,"-15.28,-12.77,-17.72,-17.68",0,10,-22.571428571428573,0.08746355685131195,0.17346938775510204,5.24198250728863,14.86915831592708,16.06841035590635,1.1992520399792677,1.0,rule_side
ext10bps_further0bps_entry24c,YES,65,686,0.1282798833819242,0.36923076923076925,-15.661807580174926,-17.538011695906434,"-15.31,-12.60,-17.20,-17.54",0,10,-22.452380952380953,0.08746355685131195,0.17346938775510204,5.24198250728863,14.86915831592708,16.06841035590635,1.1992520399792677,1.0,rule_side
ext10bps_further0bps_entry24c,YES,70,686,0.12099125364431487,0.34285714285714286,-15.53061224489796,-17.488372093023255,"-15.45,-11.72,-17.49,-17.45",0,10,-22.333333333333332,0.08746355685131195,0.17346938775510204,5.24198250728863,14.86915831592708,16.06841035590635,1.1992520399792677,1.0,rule_side
ext10bps_further0bps_entry24c,YES,75,686,0.11370262390670553,0.32,-15.472303206997085,-17.459302325581394,"-15.72,-11.72,-17.46,-16.98",0,10,-22.214285714285715,0.08746355685131195,0.17346938775510204,5.24198250728863,14.86915831592708,16.06841035590635,1.1992520399792677,1.0,rule_side
ext10bps_further0bps_entry24c,YES,80,686,0.10641399416909621,0.3,-15.486880466472304,-17.023255813953487,"-16.09,-11.84,-17.02,-16.98",0,10,-22.095238095238095,0.08746355685131195,0.17346938775510204,5.24198250728863,14.86915831592708,16.06841035590635,1.1992520399792677,1.0,rule_side
ext10bps_further0bps_entry24c,YES,85,686,0.10058309037900874,0.2823529411764706,-15.450437317784257,-17.575581395348838,"-15.60,-11.57,-17.58,-17.04",0,10,-21.976190476190474,0.08746355685131195,0.17346938775510204,5.24198250728863,14.86915831592708,16.06841035590635,1.1992520399792677,1.0,rule_side
ext10bps_further0bps_entry24c,YES,99,686,0.08746355685131195,0.24242424242424243,-15.341107871720117,-18.24418604651163,"-14.79,-11.84,-18.24,-16.47",0,10,-21.642857142857142,0.08746355685131195,0.17346938775510204,5.24198250728863,14.86915831592708,16.06841035590635,1.1992520399792677,1.0,rule_side
ext10bps_further0bps_entry25c,NO,45,685,0.1854014598540146,0.5555555555555556,-16.656934306569344,-17.936046511627907,"-17.94,-15.79,-17.11,-15.79",0,10,-19.0,0.08613138686131387,0.17956204379562044,5.081751824817518,14.809985434820385,16.168974095254367,1.3589886604339776,0.0,rule_side
ext10bps_further0bps_entry25c,NO,50,685,0.1678832116788321,0.5,-16.605839416058394,-17.441860465116278,"-17.44,-15.64,-17.11,-16.23",0,10,-18.75,0.08613138686131387,0.17956204379562044,5.081751824817518,14.809985434820385,16.168974095254367,1.3589886604339776,0.0,rule_side
ext10bps_further0bps_entry25c,NO,55,685,0.15766423357664233,0.45454545454545453,-16.32846715328467,-17.00581395348837,"-17.01,-15.03,-16.64,-16.64",0,10,-19.5,0.08613138686131387,0.17956204379562044,5.081751824817518,14.809985434820385,16.168974095254367,1.3589886604339776,0.0,rule_side
ext10bps_further0bps_entry25c,NO,60,685,0.145985401459854,0.4166666666666667,-16.240875912408757,-16.976744186046513,"-16.98,-14.82,-16.93,-16.23",0,10,-19.0,0.08613138686131387,0.17956204379562044,5.081751824817518,14.809985434820385,16.168974095254367,1.3589886604339776,0.0,rule_side
ext10bps_further0bps_entry25c,NO,65,685,0.12700729927007298,0.38461538461538464,-16.744525547445257,-18.197674418604652,"-18.20,-15.12,-16.64,-17.02",0,10,-20.666666666666668,0.08613138686131387,0.17956204379562044,5.081751824817518,14.809985434820385,16.168974095254367,1.3589886604339776,0.0,rule_side
ext10bps_further0bps_entry25c,NO,70,685,0.11824817518248175,0.35714285714285715,-16.722627737226276,-18.08139534883721,"-18.08,-15.18,-17.22,-16.40",0,10,-20.333333333333332,0.08613138686131387,0.17956204379562044,5.081751824817518,14.809985434820385,16.168974095254367,1.3589886604339776,0.0,rule_side
ext10bps_further0bps_entry25c,NO,75,685,0.10802919708029197,0.3333333333333333,-16.8978102189781,-18.459302325581394,"-18.46,-16.23,-17.11,-15.79",0,10,-20.0,0.08613138686131387,0.17956204379562044,5.081751824817518,14.809985434820385,16.168974095254367,1.3589886604339776,0.0,rule_side
ext10bps_further0bps_entry25c,NO,80,685,0.10364963503649635,0.3125,-16.708029197080293,-18.023255813953487,"-18.02,-15.64,-17.51,-15.64",0,10,-19.666666666666668,0.08613138686131387,0.17956204379562044,5.081751824817518,14.809985434820385,16.168974095254367,1.3589886604339776,0.0,rule_side
ext10bps_further0bps_entry25c,NO,85,685,0.09343065693430656,0.29411764705882354,-17.05839416058394,-18.08139534883721,"-18.08,-16.55,-18.04,-15.56",0,10,-19.333333333333332,0.08613138686131387,0.17956204379562044,5.081751824817518,14.809985434820385,16.168974095254367,1.3589886604339776,0.0,rule_side
ext10bps_further0bps_entry25c,NO,99,685,0.08759124087591241,0.25252525252525254,-16.32846715328467,-18.05263157894737,"-16.94,-15.74,-18.05,-14.58",0,10,-19.879310344827587,0.08613138686131387,0.17956204379562044,5.081751824817518,14.809985434820385,16.168974095254367,1.3589886604339776,0.0,rule_side
ext10bps_further0bps_entry25c,YES,45,720,0.1736111111111111,0.5555555555555556,-17.1875,-19.0,"-15.75,-15.00,-19.00,-19.00",0,10,-23.928571428571427,0.09027777777777778,0.18194444444444444,5.123611111111111,14.940565122687051,16.09382708187939,1.1532619591923343,1.0,rule_side
ext10bps_further0bps_entry25c,YES,50,720,0.16666666666666666,0.5,-16.666666666666668,-18.61111111111111,"-14.72,-14.72,-18.61,-18.61",0,10,-23.80952380952381,0.09027777777777778,0.18194444444444444,5.123611111111111,14.940565122687051,16.09382708187939,1.1532619591923343,1.0,rule_side
ext10bps_further0bps_entry25c,YES,55,720,0.15694444444444444,0.45454545454545453,-16.368055555555557,-18.27777777777778,"-14.92,-14.31,-18.28,-17.97",0,10,-23.69047619047619,0.09027777777777778,0.18194444444444444,5.123611111111111,14.940565122687051,16.09382708187939,1.1532619591923343,1.0,rule_side
ext10bps_further0bps_entry25c,YES,60,720,0.14583333333333334,0.4166666666666667,-16.25,-18.0,"-16.33,-13.33,-18.00,-17.33",0,10,-23.571428571428573,0.09027777777777778,0.18194444444444444,5.123611111111111,14.940565122687051,16.09382708187939,1.1532619591923343,1.0,rule_side
ext10bps_further0bps_entry25c,YES,65,720,0.1375,0.38461538461538464,-16.0625,-17.416666666666668,"-16.33,-13.08,-17.42,-17.42",0,10,-23.452380952380953,0.09027777777777778,0.18194444444444444,5.123611111111111,14.940565122687051,16.09382708187939,1.1532619591923343,1.0,rule_side
ext10bps_further0bps_entry25c,YES,70,720,0.12916666666666668,0.35714285714285715,-15.958333333333334,-17.61111111111111,"-16.44,-12.56,-17.61,-17.22",0,10,-23.333333333333332,0.09027777777777778,0.18194444444444444,5.123611111111111,14.940565122687051,16.09382708187939,1.1532619591923343,1.0,rule_side
ext10bps_further0bps_entry25c,YES,75,720,0.11805555555555555,0.3333333333333333,-16.145833333333332,-17.916666666666668,"-16.67,-12.92,-17.92,-17.08",0,10,-23.214285714285715,0.09027777777777778,0.18194444444444444,5.123611111111111,14.940565122687051,16.09382708187939,1.1532619591923343,1.0,rule_side
ext10bps_further0bps_entry25c,YES,80,720,0.1111111111111111,0.3125,-16.11111111111111,-17.444444444444443,"-17.00,-13.00,-17.44,-17.00",0,10,-23.095238095238095,0.09027777777777778,0.18194444444444444,5.123611111111111,14.940565122687051,16.09382708187939,1.1532619591923343,1.0,rule_side
ext10bps_further0bps_entry25c,YES,85,720,0.10555555555555556,0.29411764705882354,-16.02777777777778,-17.916666666666668,"-16.50,-12.72,-17.92,-16.97",0,10,-22.976190476190474,0.09027777777777778,0.18194444444444444,5.123611111111111,14.940565122687051,16.09382708187939,1.1532619591923343,1.0,rule_side
ext10bps_further0bps_entry25c,YES,99,720,0.09027777777777778,0.25252525252525254,-16.0625,-18.95,"-16.20,-12.90,-18.95,-16.20",0,10,-22.642857142857142,0.09027777777777778,0.18194444444444444,5.123611111111111,14.940565122687051,16.09382708187939,1.1532619591923343,1.0,rule_side
ext10bps_further10bps_entry20c,NO,45,39,0.05128205128205128,0.4444444444444444,-17.692307692307693,-20.0,"-20.00,-15.50,-15.50,-20.00",0,9,-20.0,0.05128205128205128,0.07692307692307693,5.230769230769231,21.485132418116766,39.53879406062319,18.053661642506427,0.0,rule_side
ext10bps_further10bps_entry20c,NO,50,39,0.05128205128205128,0.4,-17.435897435897434,-20.0,"-20.00,-15.00,-15.00,-20.00",0,9,-20.0,0.05128205128205128,0.07692307692307693,5.230769230769231,21.485132418116766,39.53879406062319,18.053661642506427,0.0,rule_side
ext10bps_further10bps_entry20c,NO,55,39,0.05128205128205128,0.36363636363636365,-17.17948717948718,-20.0,"-20.00,-14.50,-14.50,-20.00",0,9,-20.0,0.05128205128205128,0.07692307692307693,5.230769230769231,21.485132418116766,39.53879406062319,18.053661642506427,0.0,rule_side
ext10bps_further10bps_entry20c,NO,60,39,0.05128205128205128,0.3333333333333333,-16.923076923076923,-20.0,"-20.00,-14.00,-14.00,-20.00",0,9,-20.0,0.05128205128205128,0.07692307692307693,5.230769230769231,21.485132418116766,39.53879406062319,18.053661642506427,0.0,rule_side
ext10bps_further10bps_entry20c,NO,65,39,0.05128205128205128,0.3076923076923077,-16.666666666666668,-20.0,"-20.00,-13.50,-13.50,-20.00",0,9,-20.0,0.05128205128205128,0.07692307692307693,5.230769230769231,21.485132418116766,39.53879406062319,18.053661642506427,0.0,rule_side
ext10bps_further10bps_entry20c,NO,70,39,0.05128205128205128,0.2857142857142857,-16.41025641025641,-20.0,"-20.00,-13.00,-13.00,-20.00",0,9,-20.0,0.05128205128205128,0.07692307692307693,5.230769230769231,21.485132418116766,39.53879406062319,18.053661642506427,0.0,rule_side
ext10bps_further10bps_entry20c,NO,75,39,0.05128205128205128,0.26666666666666666,-16.153846153846153,-20.0,"-20.00,-12.50,-12.50,-20.00",0,9,-20.0,0.05128205128205128,0.07692307692307693,5.230769230769231,21.485132418116766,39.53879406062319,18.053661642506427,0.0,rule_side
ext10bps_further10bps_entry20c,NO,80,39,0.05128205128205128,0.25,-15.897435897435898,-20.0,"-20.00,-12.00,-12.00,-20.00",0,9,-20.0,0.05128205128205128,0.07692307692307693,5.230769230769231,21.485132418116766,39.53879406062319,18.053661642506427,0.0,rule_side
ext10bps_further10bps_entry20c,NO,85,39,0.05128205128205128,0.23529411764705882,-15.64102564102564,-20.0,"-20.00,-11.50,-11.50,-20.00",0,9,-20.0,0.05128205128205128,0.07692307692307693,5.230769230769231,21.485132418116766,39.53879406062319,18.053661642506427,0.0,rule_side
ext10bps_further10bps_entry20c,NO,99,39,0.05128205128205128,0.20202020202020202,-14.923076923076923,-20.0,"-20.00,-10.10,-10.10,-20.00",0,9,-20.0,0.05128205128205128,0.07692307692307693,5.230769230769231,21.485132418116766,39.53879406062319,18.053661642506427,0.0,rule_side
ext10bps_further10bps_entry20c,YES,45,27,0.037037037037037035,0.4444444444444444,-18.333333333333332,-20.0,"-20.00,-13.57,-20.00,-20.00",1,9,-20.0,0.0,0.14814814814814814,4.592592592592593,18.676891882031573,33.694708357513946,15.017816475482379,1.0,rule_side
ext10bps_further10bps_entry20c,YES,50,27,0.037037037037037035,0.4,-18.14814814814815,-20.0,"-20.00,-12.86,-20.00,-20.00",1,9,-20.0,0.0,0.14814814814814814,4.592592592592593,18.676891882031573,33.694708357513946,15.017816475482379,1.0,rule_side
ext10bps_further10bps_entry20c,YES,55,27,0.0,0.36363636363636365,-20.0,-20.0,"-20.00,-20.00,-20.00,-20.00",0,9,-20.0,0.0,0.14814814814814814,4.592592592592593,18.676891882031573,33.694708357513946,15.017816475482379,1.0,rule_side
ext10bps_further10bps_entry20c,YES,60,27,0.0,0.3333333333333333,-20.0,-20.0,"-20.00,-20.00,-20.00,-20.00",0,9,-20.0,0.0,0.14814814814814814,4.592592592592593,18.676891882031573,33.694708357513946,15.017816475482379,1.0,rule_side
ext10bps_further10bps_entry20c,YES,65,27,0.0,0.3076923076923077,-20.0,-20.0,"-20.00,-20.00,-20.00,-20.00",0,9,-20.0,0.0,0.14814814814814814,4.592592592592593,18.676891882031573,33.694708357513946,15.017816475482379,1.0,rule_side
ext10bps_further10bps_entry20c,YES,70,27,0.0,0.2857142857142857,-20.0,-20.0,"-20.00,-20.00,-20.00,-20.00",0,9,-20.0,0.0,0.14814814814814814,4.592592592592593,18.676891882031573,33.694708357513946,15.017816475482379,1.0,rule_side
ext10bps_further10bps_entry20c,YES,75,27,0.0,0.26666666666666666,-20.0,-20.0,"-20.00,-20.00,-20.00,-20.00",0,9,-20.0,0.0,0.14814814814814814,4.592592592592593,18.676891882031573,33.694708357513946,15.017816475482379,1.0,rule_side
ext10bps_further10bps_entry20c,YES,80,27,0.0,0.25,-20.0,-20.0,"-20.00,-20.00,-20.00,-20.00",0,9,-20.0,0.0,0.14814814814814814,4.592592592592593,18.676891882031573,33.694708357513946,15.017816475482379,1.0,rule_side
ext10bps_further10bps_entry20c,YES,85,27,0.0,0.23529411764705882,-20.0,-20.0,"-20.00,-20.00,-20.00,-20.00",0,9,-20.0,0.0,0.14814814814814814,4.592592592592593,18.676891882031573,33.694708357513946,15.017816475482379,1.0,rule_side
ext10bps_further10bps_entry20c,YES,99,27,0.0,0.20202020202020202,-20.0,-20.0,"-20.00,-20.00,-20.00,-20.00",0,9,-20.0,0.0,0.14814814814814814,4.592592592592593,18.676891882031573,33.694708357513946,15.017816475482379,1.0,rule_side
ext10bps_further10bps_entry21c,NO,45,40,0.05,0.4666666666666667,-18.75,-21.0,"-21.00,-16.50,-16.50,-21.00",0,9,-21.0,0.05,0.075,5.15,21.20001313987683,39.08607818781867,17.88606504794184,0.0,rule_side
ext10bps_further10bps_entry21c,NO,50,40,0.05,0.42,-18.5,-21.0,"-21.00,-16.00,-16.00,-21.00",0,9,-21.0,0.05,0.075,5.15,21.20001313987683,39.08607818781867,17.88606504794184,0.0,rule_side
ext10bps_further10bps_entry21c,NO,55,40,0.05,0.38181818181818183,-18.25,-21.0,"-21.00,-15.50,-15.50,-21.00",0,9,-21.0,0.05,0.075,5.15,21.20001313987683,39.08607818781867,17.88606504794184,0.0,rule_side
ext10bps_further10bps_entry21c,NO,60,40,0.05,0.35,-18.0,-21.0,"-21.00,-15.00,-15.00,-21.00",0,9,-21.0,0.05,0.075,5.15,21.20001313987683,39.08607818781867,17.88606504794184,0.0,rule_side
ext10bps_further10bps_entry21c,NO,65,40,0.05,0.3230769230769231,-17.75,-21.0,"-21.00,-14.50,-14.50,-21.00",0,9,-21.0,0.05,0.075,5.15,21.20001313987683,39.08607818781867,17.88606504794184,0.0,rule_side
ext10bps_further10bps_entry21c,NO,70,40,0.05,0.3,-17.5,-21.0,"-21.00,-14.00,-14.00,-21.00",0,9,-21.0,0.05,0.075,5.15,21.20001313987683,39.08607818781867,17.88606504794184,0.0,rule_side
ext10bps_further10bps_entry21c,NO,75,40,0.05,0.28,-17.25,-21.0,"-21.00,-13.50,-13.50,-21.00",0,9,-21.0,0.05,0.075,5.15,21.20001313987683,39.08607818781867,17.88606504794184,0.0,rule_side
ext10bps_further10bps_entry21c,NO,80,40,0.05,0.2625,-17.0,-21.0,"-21.00,-13.00,-13.00,-21.00",0,9,-21.0,0.05,0.075,5.15,21.20001313987683,39.08607818781867,17.88606504794184,0.0,rule_side
ext10bps_further10bps_entry21c,NO,85,40,0.05,0.24705882352941178,-16.75,-21.0,"-21.00,-12.50,-12.50,-21.00",0,9,-21.0,0.05,0.075,5.15,21.20001313987683,39.08607818781867,17.88606504794184,0.0,rule_side
ext10bps_further10bps_entry21c,NO,99,40,0.05,0.21212121212121213,-16.05,-21.0,"-21.00,-11.10,-11.10,-21.00",0,9,-21.0,0.05,0.075,5.15,21.20001313987683,39.08607818781867,17.88606504794184,0.0,rule_side
ext10bps_further10bps_entry21c,YES,45,30,0.06666666666666667,0.4666666666666667,-18.0,-21.0,"-15.38,-14.57,-21.00,-21.00",1,9,-21.0,0.0,0.13333333333333333,4.866666666666666,18.39963549182483,33.393876073611985,14.994240581787144,1.0,rule_side
ext10bps_further10bps_entry21c,YES,50,30,0.06666666666666667,0.42,-17.666666666666668,-21.0,"-14.75,-13.86,-21.00,-21.00",1,9,-21.0,0.0,0.13333333333333333,4.866666666666666,18.39963549182483,33.393876073611985,14.994240581787144,1.0,rule_side
ext10bps_further10bps_entry21c,YES,55,30,0.03333333333333333,0.38181818181818183,-19.166666666666668,-21.0,"-14.12,-21.00,-21.00,-21.00",0,9,-21.0,0.0,0.13333333333333333,4.866666666666666,18.39963549182483,33.393876073611985,14.994240581787144,1.0,rule_side
ext10bps_further10bps_entry21c,YES,60,30,0.0,0.35,-21.0,-21.0,"-21.00,-21.00,-21.00,-21.00",0,9,-21.0,0.0,0.13333333333333333,4.866666666666666,18.39963549182483,33.393876073611985,14.994240581787144,1.0,rule_side
ext10bps_further10bps_entry21c,YES,65,30,0.0,0.3230769230769231,-21.0,-21.0,"-21.00,-21.00,-21.00,-21.00",0,9,-21.0,0.0,0.13333333333333333,4.866666666666666,18.39963549182483,33.393876073611985,14.994240581787144,1.0,rule_side
ext10bps_further10bps_entry21c,YES,70,30,0.0,0.3,-21.0,-21.0,"-21.00,-21.00,-21.00,-21.00",0,9,-21.0,0.0,0.13333333333333333,4.866666666666666,18.39963549182483,33.393876073611985,14.994240581787144,1.0,rule_side
ext10bps_further10bps_entry21c,YES,75,30,0.0,0.28,-21.0,-21.0,"-21.00,-21.00,-21.00,-21.00",0,9,-21.0,0.0,0.13333333333333333,4.866666666666666,18.39963549182483,33.393876073611985,14.994240581787144,1.0,rule_side
ext10bps_further10bps_entry21c,YES,80,30,0.0,0.2625,-21.0,-21.0,"-21.00,-21.00,-21.00,-21.00",0,9,-21.0,0.0,0.13333333333333333,4.866666666666666,18.39963549182483,33.393876073611985,14.994240581787144,1.0,rule_side
ext10bps_further10bps_entry21c,YES,85,30,0.0,0.24705882352941178,-21.0,-21.0,"-21.00,-21.00,-21.00,-21.00",0,9,-21.0,0.0,0.13333333333333333,4.866666666666666,18.39963549182483,33.393876073611985,14.994240581787144,1.0,rule_side
ext10bps_further10bps_entry21c,YES,99,30,0.0,0.21212121212121213,-21.0,-21.0,"-21.00,-21.00,-21.00,-21.00",0,9,-21.0,0.0,0.13333333333333333,4.866666666666666,18.39963549182483,33.393876073611985,14.994240581787144,1.0,rule_side
ext10bps_further10bps_entry22c,NO,45,41,0.04878048780487805,0.4888888888888889,-19.804878048780488,-22.0,"-22.00,-17.50,-17.50,-22.00",0,9,-22.0,0.04878048780487805,0.07317073170731707,5.097560975609756,21.859629035080392,41.36150882369155,19.501879788611163,0.0,rule_side
ext10bps_further10bps_entry22c,NO,50,41,0.04878048780487805,0.44,-19.5609756097561,-22.0,"-22.00,-17.00,-17.00,-22.00",0,9,-22.0,0.04878048780487805,0.07317073170731707,5.097560975609756,21.859629035080392,41.36150882369155,19.501879788611163,0.0,rule_side
ext10bps_further10bps_entry22c,NO,55,41,0.04878048780487805,0.4,-19.317073170731707,-22.0,"-22.00,-16.50,-16.50,-22.00",0,9,-22.0,0.04878048780487805,0.07317073170731707,5.097560975609756,21.859629035080392,41.36150882369155,19.501879788611163,0.0,rule_side
ext10bps_further10bps_entry22c,NO,60,41,0.04878048780487805,0.36666666666666664,-19.073170731707318,-22.0,"-22.00,-16.00,-16.00,-22.00",0,9,-22.0,0.04878048780487805,0.07317073170731707,5.097560975609756,21.859629035080392,41.36150882369155,19.501879788611163,0.0,rule_side
ext10bps_further10bps_entry22c,NO,65,41,0.04878048780487805,0.3384615384615385,-18.829268292682926,-22.0,"-22.00,-15.50,-15.50,-22.00",0,9,-22.0,0.04878048780487805,0.07317073170731707,5.097560975609756,21.859629035080392,41.36150882369155,19.501879788611163,0.0,rule_side
ext10bps_further10bps_entry22c,NO,70,41,0.04878048780487805,0.3142857142857143,-18.585365853658537,-22.0,"-22.00,-15.00,-15.00,-22.00",0,9,-22.0,0.04878048780487805,0.07317073170731707,5.097560975609756,21.859629035080392,41.36150882369155,19.501879788611163,0.0,rule_side
ext10bps_further10bps_entry22c,NO,75,41,0.04878048780487805,0.29333333333333333,-18.341463414634145,-22.0,"-22.00,-14.50,-14.50,-22.00",0,9,-22.0,0.04878048780487805,0.07317073170731707,5.097560975609756,21.859629035080392,41.36150882369155,19.501879788611163,0.0,rule_side
ext10bps_further10bps_entry22c,NO,80,41,0.04878048780487805,0.275,-18.097560975609756,-22.0,"-22.00,-14.00,-14.00,-22.00",0,9,-22.0,0.04878048780487805,0.07317073170731707,5.097560975609756,21.859629035080392,41.36150882369155,19.501879788611163,0.0,rule_side
ext10bps_further10bps_entry22c,NO,85,41,0.04878048780487805,0.25882352941176473,-17.853658536585368,-22.0,"-22.00,-13.50,-13.50,-22.00",0,9,-22.0,0.04878048780487805,0.07317073170731707,5.097560975609756,21.859629035080392,41.36150882369155,19.501879788611163,0.0,rule_side
ext10bps_further10bps_entry22c,NO,99,41,0.04878048780487805,0.2222222222222222,-17.170731707317074,-22.0,"-22.00,-12.10,-12.10,-22.00",0,9,-22.0,0.04878048780487805,0.07317073170731707,5.097560975609756,21.859629035080392,41.36150882369155,19.501879788611163,0.0,rule_side
ext10bps_further10bps_entry22c,YES,45,32,0.0625,0.4888888888888889,-19.1875,-22.0,"-16.38,-16.38,-22.00,-22.00",1,9,-22.0,0.0,0.125,4.9375,18.607897135020057,33.412691642354716,14.804794507334663,1.0,rule_side
ext10bps_further10bps_entry22c,YES,50,32,0.0625,0.44,-18.875,-22.0,"-15.75,-15.75,-22.00,-22.00",1,9,-22.0,0.0,0.125,4.9375,18.607897135020057,33.412691642354716,14.804794507334663,1.0,rule_side
ext10bps_further10bps_entry22c,YES,55,32,0.03125,0.4,-20.28125,-22.0,"-15.12,-22.00,-22.00,-22.00",0,9,-22.0,0.0,0.125,4.9375,18.607897135020057,33.412691642354716,14.804794507334663,1.0,rule_side
ext10bps_further10bps_entry22c,YES,60,32,0.0,0.36666666666666664,-22.0,-22.0,"-22.00,-22.00,-22.00,-22.00",0,9,-22.0,0.0,0.125,4.9375,18.607897135020057,33.412691642354716,14.804794507334663,1.0,rule_side
ext10bps_further10bps_entry22c,YES,65,32,0.0,0.3384615384615385,-22.0,-22.0,"-22.00,-22.00,-22.00,-22.00",0,9,-22.0,0.0,0.125,4.9375,18.607897135020057,33.412691642354716,14.804794507334663,1.0,rule_side
ext10bps_further10bps_entry22c,YES,70,32,0.0,0.3142857142857143,-22.0,-22.0,"-22.00,-22.00,-22.00,-22.00",0,9,-22.0,0.0,0.125,4.9375,18.607897135020057,33.412691642354716,14.804794507334663,1.0,rule_side
ext10bps_further10bps_entry22c,YES,75,32,0.0,0.29333333333333333,-22.0,-22.0,"-22.00,-22.00,-22.00,-22.00",0,9,-22.0,0.0,0.125,4.9375,18.607897135020057,33.412691642354716,14.804794507334663,1.0,rule_side
ext10bps_further10bps_entry22c,YES,80,32,0.0,0.275,-22.0,-22.0,"-22.00,-22.00,-22.00,-22.00",0,9,-22.0,0.0,0.125,4.9375,18.607897135020057,33.412691642354716,14.804794507334663,1.0,rule_side
ext10bps_further10bps_entry22c,YES,85,32,0.0,0.25882352941176473,-22.0,-22.0,"-22.00,-22.00,-22.00,-22.00",0,9,-22.0,0.0,0.125,4.9375,18.607897135020057,33.412691642354716,14.804794507334663,1.0,rule_side
ext10bps_further10bps_entry22c,YES,99,32,0.0,0.2222222222222222,-22.0,-22.0,"-22.00,-22.00,-22.00,-22.00",0,9,-22.0,0.0,0.125,4.9375,18.607897135020057,33.412691642354716,14.804794507334663,1.0,rule_side
ext10bps_further10bps_entry23c,NO,45,41,0.04878048780487805,0.5111111111111111,-20.804878048780488,-23.0,"-23.00,-18.50,-18.50,-23.00",0,9,-23.0,0.04878048780487805,0.07317073170731707,5.097560975609756,21.859629035080392,41.36150882369155,19.501879788611163,0.0,rule_side
ext10bps_further10bps_entry23c,NO,50,41,0.04878048780487805,0.46,-20.5609756097561,-23.0,"-23.00,-18.00,-18.00,-23.00",0,9,-23.0,0.04878048780487805,0.07317073170731707,5.097560975609756,21.859629035080392,41.36150882369155,19.501879788611163,0.0,rule_side
ext10bps_further10bps_entry23c,NO,55,41,0.04878048780487805,0.41818181818181815,-20.317073170731707,-23.0,"-23.00,-17.50,-17.50,-23.00",0,9,-23.0,0.04878048780487805,0.07317073170731707,5.097560975609756,21.859629035080392,41.36150882369155,19.501879788611163,0.0,rule_side
ext10bps_further10bps_entry23c,NO,60,41,0.04878048780487805,0.38333333333333336,-20.073170731707318,-23.0,"-23.00,-17.00,-17.00,-23.00",0,9,-23.0,0.04878048780487805,0.07317073170731707,5.097560975609756,21.859629035080392,41.36150882369155,19.501879788611163,0.0,rule_side
ext10bps_further10bps_entry23c,NO,65,41,0.04878048780487805,0.35384615384615387,-19.829268292682926,-23.0,"-23.00,-16.50,-16.50,-23.00",0,9,-23.0,0.04878048780487805,0.07317073170731707,5.097560975609756,21.859629035080392,41.36150882369155,19.501879788611163,0.0,rule_side
ext10bps_further10bps_entry23c,NO,70,41,0.04878048780487805,0.32857142857142857,-19.585365853658537,-23.0,"-23.00,-16.00,-16.00,-23.00",0,9,-23.0,0.04878048780487805,0.07317073170731707,5.097560975609756,21.859629035080392,41.36150882369155,19.501879788611163,0.0,rule_side
ext10bps_further10bps_entry23c,NO,75,41,0.04878048780487805,0.30666666666666664,-19.341463414634145,-23.0,"-23.00,-15.50,-15.50,-23.00",0,9,-23.0,0.04878048780487805,0.07317073170731707,5.097560975609756,21.859629035080392,41.36150882369155,19.501879788611163,0.0,rule_side
ext10bps_further10bps_entry23c,NO,80,41,0.04878048780487805,0.2875,-19.097560975609756,-23.0,"-23.00,-15.00,-15.00,-23.00",0,9,-23.0,0.04878048780487805,0.07317073170731707,5.097560975609756,21.859629035080392,41.36150882369155,19.501879788611163,0.0,rule_side
ext10bps_further10bps_entry23c,NO,85,41,0.04878048780487805,0.27058823529411763,-18.853658536585368,-23.0,"-23.00,-14.50,-14.50,-23.00",0,9,-23.0,0.04878048780487805,0.07317073170731707,5.097560975609756,21.859629035080392,41.36150882369155,19.501879788611163,0.0,rule_side
ext10bps_further10bps_entry23c,NO,99,41,0.04878048780487805,0.23232323232323232,-18.170731707317074,-23.0,"-23.00,-13.10,-13.10,-23.00",0,9,-23.0,0.04878048780487805,0.07317073170731707,5.097560975609756,21.859629035080392,41.36150882369155,19.501879788611163,0.0,rule_side
ext10bps_further10bps_entry23c,YES,45,32,0.0625,0.5111111111111111,-20.1875,-23.0,"-17.38,-17.38,-23.00,-23.00",0,9,-23.0,0.0,0.125,4.9375,18.607897135020057,33.412691642354716,14.804794507334663,1.0,rule_side
ext10bps_further10bps_entry23c,YES,50,32,0.0625,0.46,-19.875,-23.0,"-16.75,-16.75,-23.00,-23.00",1,9,-23.0,0.0,0.125,4.9375,18.607897135020057,33.412691642354716,14.804794507334663,1.0,rule_side
ext10bps_further10bps_entry23c,YES,55,32,0.03125,0.41818181818181815,-21.28125,-23.0,"-16.12,-23.00,-23.00,-23.00",0,9,-23.0,0.0,0.125,4.9375,18.607897135020057,33.412691642354716,14.804794507334663,1.0,rule_side
ext10bps_further10bps_entry23c,YES,60,32,0.0,0.38333333333333336,-23.0,-23.0,"-23.00,-23.00,-23.00,-23.00",0,9,-23.0,0.0,0.125,4.9375,18.607897135020057,33.412691642354716,14.804794507334663,1.0,rule_side
ext10bps_further10bps_entry23c,YES,65,32,0.0,0.35384615384615387,-23.0,-23.0,"-23.00,-23.00,-23.00,-23.00",0,9,-23.0,0.0,0.125,4.9375,18.607897135020057,33.412691642354716,14.804794507334663,1.0,rule_side
ext10bps_further10bps_entry23c,YES,70,32,0.0,0.32857142857142857,-23.0,-23.0,"-23.00,-23.00,-23.00,-23.00",0,9,-23.0,0.0,0.125,4.9375,18.607897135020057,33.412691642354716,14.804794507334663,1.0,rule_side
ext10bps_further10bps_entry23c,YES,75,32,0.0,0.30666666666666664,-23.0,-23.0,"-23.00,-23.00,-23.00,-23.00",0,9,-23.0,0.0,0.125,4.9375,18.607897135020057,33.412691642354716,14.804794507334663,1.0,rule_side
ext10bps_further10bps_entry23c,YES,80,32,0.0,0.2875,-23.0,-23.0,"-23.00,-23.00,-23.00,-23.00",0,9,-23.0,0.0,0.125,4.9375,18.607897135020057,33.412691642354716,14.804794507334663,1.0,rule_side
ext10bps_further10bps_entry23c,YES,85,32,0.0,0.27058823529411763,-23.0,-23.0,"-23.00,-23.00,-23.00,-23.00",0,9,-23.0,0.0,0.125,4.9375,18.607897135020057,33.412691642354716,14.804794507334663,1.0,rule_side
ext10bps_further10bps_entry23c,YES,99,32,0.0,0.23232323232323232,-23.0,-23.0,"-23.00,-23.00,-23.00,-23.00",0,9,-23.0,0.0,0.125,4.9375,18.607897135020057,33.412691642354716,14.804794507334663,1.0,rule_side
ext10bps_further10bps_entry24c,NO,45,44,0.09090909090909091,0.5333333333333333,-19.90909090909091,-24.0,"-19.91,-19.91,-15.82,-24.00",0,9,-24.0,0.06818181818181818,0.11363636363636363,5.0,21.73849919080488,40.99531059248577,19.256811401680892,0.0,rule_side
ext10bps_further10bps_entry24c,NO,50,44,0.09090909090909091,0.48,-19.454545454545453,-24.0,"-19.45,-19.45,-14.91,-24.00",0,9,-24.0,0.06818181818181818,0.11363636363636363,5.0,21.73849919080488,40.99531059248577,19.256811401680892,0.0,rule_side
ext10bps_further10bps_entry24c,NO,55,44,0.09090909090909091,0.43636363636363634,-19.0,-24.0,"-19.00,-19.00,-14.00,-24.00",0,9,-24.0,0.06818181818181818,0.11363636363636363,5.0,21.73849919080488,40.99531059248577,19.256811401680892,0.0,rule_side
ext10bps_further10bps_entry24c,NO,60,44,0.06818181818181818,0.4,-19.90909090909091,-24.0,"-24.00,-18.55,-13.09,-24.00",0,9,-24.0,0.06818181818181818,0.11363636363636363,5.0,21.73849919080488,40.99531059248577,19.256811401680892,0.0,rule_side
ext10bps_further10bps_entry24c,NO,65,44,0.06818181818181818,0.36923076923076925,-19.568181818181817,-24.0,"-24.00,-18.09,-12.18,-24.00",0,9,-24.0,0.06818181818181818,0.11363636363636363,5.0,21.73849919080488,40.99531059248577,19.256811401680892,0.0,rule_side
ext10bps_further10bps_entry24c,NO,70,44,0.06818181818181818,0.34285714285714286,-19.227272727272727,-24.0,"-24.00,-17.64,-11.27,-24.00",0,9,-24.0,0.06818181818181818,0.11363636363636363,5.0,21.73849919080488,40.99531059248577,19.256811401680892,0.0,rule_side
ext10bps_further10bps_entry24c,NO,75,44,0.06818181818181818,0.32,-18.886363636363637,-24.0,"-24.00,-17.18,-10.36,-24.00",0,9,-24.0,0.06818181818181818,0.11363636363636363,5.0,21.73849919080488,40.99531059248577,19.256811401680892,0.0,rule_side
ext10bps_further10bps_entry24c,NO,80,44,0.06818181818181818,0.3,-18.545454545454547,-24.0,"-24.00,-16.73,-9.45,-24.00",0,9,-24.0,0.06818181818181818,0.11363636363636363,5.0,21.73849919080488,40.99531059248577,19.256811401680892,0.0,rule_side
ext10bps_further10bps_entry24c,NO,85,44,0.06818181818181818,0.2823529411764706,-18.204545454545453,-24.0,"-24.00,-16.27,-8.55,-24.00",0,9,-24.0,0.06818181818181818,0.11363636363636363,5.0,21.73849919080488,40.99531059248577,19.256811401680892,0.0,rule_side
ext10bps_further10bps_entry24c,NO,99,44,0.06818181818181818,0.24242424242424243,-17.25,-24.0,"-24.00,-15.00,-6.00,-24.00",1,9,-24.0,0.06818181818181818,0.11363636363636363,5.0,21.73849919080488,40.99531059248577,19.256811401680892,0.0,rule_side
ext10bps_further10bps_entry24c,YES,45,32,0.0625,0.5333333333333333,-21.1875,-24.0,"-18.38,-18.38,-24.00,-24.00",0,9,-24.0,0.0,0.125,4.9375,18.607897135020057,33.412691642354716,14.804794507334663,1.0,rule_side
ext10bps_further10bps_entry24c,YES,50,32,0.0625,0.48,-20.875,-24.0,"-17.75,-17.75,-24.00,-24.00",1,9,-24.0,0.0,0.125,4.9375,18.607897135020057,33.412691642354716,14.804794507334663,1.0,rule_side
ext10bps_further10bps_entry24c,YES,55,32,0.03125,0.43636363636363634,-22.28125,-24.0,"-17.12,-24.00,-24.00,-24.00",0,9,-24.0,0.0,0.125,4.9375,18.607897135020057,33.412691642354716,14.804794507334663,1.0,rule_side
ext10bps_further10bps_entry24c,YES,60,32,0.0,0.4,-24.0,-24.0,"-24.00,-24.00,-24.00,-24.00",0,9,-24.0,0.0,0.125,4.9375,18.607897135020057,33.412691642354716,14.804794507334663,1.0,rule_side
ext10bps_further10bps_entry24c,YES,65,32,0.0,0.36923076923076925,-24.0,-24.0,"-24.00,-24.00,-24.00,-24.00",0,9,-24.0,0.0,0.125,4.9375,18.607897135020057,33.412691642354716,14.804794507334663,1.0,rule_side
ext10bps_further10bps_entry24c,YES,70,32,0.0,0.34285714285714286,-24.0,-24.0,"-24.00,-24.00,-24.00,-24.00",0,9,-24.0,0.0,0.125,4.9375,18.607897135020057,33.412691642354716,14.804794507334663,1.0,rule_side
ext10bps_further10bps_entry24c,YES,75,32,0.0,0.32,-24.0,-24.0,"-24.00,-24.00,-24.00,-24.00",0,9,-24.0,0.0,0.125,4.9375,18.607897135020057,33.412691642354716,14.804794507334663,1.0,rule_side
ext10bps_further10bps_entry24c,YES,80,32,0.0,0.3,-24.0,-24.0,"-24.00,-24.00,-24.00,-24.00",0,9,-24.0,0.0,0.125,4.9375,18.607897135020057,33.412691642354716,14.804794507334663,1.0,rule_side
ext10bps_further10bps_entry24c,YES,85,32,0.0,0.2823529411764706,-24.0,-24.0,"-24.00,-24.00,-24.00,-24.00",0,9,-24.0,0.0,0.125,4.9375,18.607897135020057,33.412691642354716,14.804794507334663,1.0,rule_side
ext10bps_further10bps_entry24c,YES,99,32,0.0,0.24242424242424243,-24.0,-24.0,"-24.00,-24.00,-24.00,-24.00",0,9,-24.0,0.0,0.125,4.9375,18.607897135020057,33.412691642354716,14.804794507334663,1.0,rule_side
ext10bps_further10bps_entry25c,NO,45,45,0.08888888888888889,0.5555555555555556,-21.0,-25.0,"-21.25,-20.91,-16.82,-25.00",0,9,-25.0,0.06666666666666667,0.1111111111111111,4.933333333333334,21.589965799874488,40.707327841668516,19.11736204179403,0.0,rule_side
ext10bps_further10bps_entry25c,NO,50,45,0.08888888888888889,0.5,-20.555555555555557,-25.0,"-20.83,-20.45,-15.91,-25.00",0,9,-25.0,0.06666666666666667,0.1111111111111111,4.933333333333334,21.589965799874488,40.707327841668516,19.11736204179403,0.0,rule_side
ext10bps_further10bps_entry25c,NO,55,45,0.08888888888888889,0.45454545454545453,-20.11111111111111,-25.0,"-20.42,-20.00,-15.00,-25.00",0,9,-25.0,0.06666666666666667,0.1111111111111111,4.933333333333334,21.589965799874488,40.707327841668516,19.11736204179403,0.0,rule_side
ext10bps_further10bps_entry25c,NO,60,45,0.06666666666666667,0.4166666666666667,-21.0,-25.0,"-25.00,-19.55,-14.09,-25.00",0,9,-25.0,0.06666666666666667,0.1111111111111111,4.933333333333334,21.589965799874488,40.707327841668516,19.11736204179403,0.0,rule_side
ext10bps_further10bps_entry25c,NO,65,45,0.06666666666666667,0.38461538461538464,-20.666666666666668,-25.0,"-25.00,-19.09,-13.18,-25.00",0,9,-25.0,0.06666666666666667,0.1111111111111111,4.933333333333334,21.589965799874488,40.707327841668516,19.11736204179403,0.0,rule_side
ext10bps_further10bps_entry25c,NO,70,45,0.06666666666666667,0.35714285714285715,-20.333333333333332,-25.0,"-25.00,-18.64,-12.27,-25.00",0,9,-25.0,0.06666666666666667,0.1111111111111111,4.933333333333334,21.589965799874488,40.707327841668516,19.11736204179403,0.0,rule_side
ext10bps_further10bps_entry25c,NO,75,45,0.06666666666666667,0.3333333333333333,-20.0,-25.0,"-25.00,-18.18,-11.36,-25.00",0,9,-25.0,0.06666666666666667,0.1111111111111111,4.933333333333334,21.589965799874488,40.707327841668516,19.11736204179403,0.0,rule_side
ext10bps_further10bps_entry25c,NO,80,45,0.06666666666666667,0.3125,-19.666666666666668,-25.0,"-25.00,-17.73,-10.45,-25.00",0,9,-25.0,0.06666666666666667,0.1111111111111111,4.933333333333334,21.589965799874488,40.707327841668516,19.11736204179403,0.0,rule_side
ext10bps_further10bps_entry25c,NO,85,45,0.06666666666666667,0.29411764705882354,-19.333333333333332,-25.0,"-25.00,-17.27,-9.55,-25.00",0,9,-25.0,0.06666666666666667,0.1111111111111111,4.933333333333334,21.589965799874488,40.707327841668516,19.11736204179403,0.0,rule_side
ext10bps_further10bps_entry25c,NO,99,45,0.06666666666666667,0.25252525252525254,-18.4,-25.0,"-25.00,-16.00,-7.00,-25.00",0,9,-25.0,0.06666666666666667,0.1111111111111111,4.933333333333334,21.589965799874488,40.707327841668516,19.11736204179403,0.0,rule_side
ext10bps_further10bps_entry25c,YES,45,32,0.0625,0.5555555555555556,-22.1875,-25.0,"-19.38,-19.38,-25.00,-25.00",0,9,-25.0,0.0,0.125,4.9375,18.607897135020057,33.412691642354716,14.804794507334663,1.0,rule_side
ext10bps_further10bps_entry25c,YES,50,32,0.0625,0.5,-21.875,-25.0,"-18.75,-18.75,-25.00,-25.00",0,9,-25.0,0.0,0.125,4.9375,18.607897135020057,33.412691642354716,14.804794507334663,1.0,rule_side
ext10bps_further10bps_entry25c,YES,55,32,0.03125,0.45454545454545453,-23.28125,-25.0,"-18.12,-25.00,-25.00,-25.00",0,9,-25.0,0.0,0.125,4.9375,18.607897135020057,33.412691642354716,14.804794507334663,1.0,rule_side
ext10bps_further10bps_entry25c,YES,60,32,0.0,0.4166666666666667,-25.0,-25.0,"-25.00,-25.00,-25.00,-25.00",0,9,-25.0,0.0,0.125,4.9375,18.607897135020057,33.412691642354716,14.804794507334663,1.0,rule_side
ext10bps_further10bps_entry25c,YES,65,32,0.0,0.38461538461538464,-25.0,-25.0,"-25.00,-25.00,-25.00,-25.00",0,9,-25.0,0.0,0.125,4.9375,18.607897135020057,33.412691642354716,14.804794507334663,1.0,rule_side
ext10bps_further10bps_entry25c,YES,70,32,0.0,0.35714285714285715,-25.0,-25.0,"-25.00,-25.00,-25.00,-25.00",0,9,-25.0,0.0,0.125,4.9375,18.607897135020057,33.412691642354716,14.804794507334663,1.0,rule_side
ext10bps_further10bps_entry25c,YES,75,32,0.0,0.3333333333333333,-25.0,-25.0,"-25.00,-25.00,-25.00,-25.00",0,9,-25.0,0.0,0.125,4.9375,18.607897135020057,33.412691642354716,14.804794507334663,1.0,rule_side
ext10bps_further10bps_entry25c,YES,80,32,0.0,0.3125,-25.0,-25.0,"-25.00,-25.00,-25.00,-25.00",0,9,-25.0,0.0,0.125,4.9375,18.607897135020057,33.412691642354716,14.804794507334663,1.0,rule_side
ext10bps_further10bps_entry25c,YES,85,32,0.0,0.29411764705882354,-25.0,-25.0,"-25.00,-25.00,-25.00,-25.00",0,9,-25.0,0.0,0.125,4.9375,18.607897135020057,33.412691642354716,14.804794507334663,1.0,rule_side
ext10bps_further10bps_entry25c,YES,99,32,0.0,0.25252525252525254,-25.0,-25.0,"-25.00,-25.00,-25.00,-25.00",0,9,-25.0,0.0,0.125,4.9375,18.607897135020057,33.412691642354716,14.804794507334663,1.0,rule_side
ext10bps_further5bps_entry20c,NO,45,83,0.07228915662650602,0.4444444444444444,-16.746987951807228,-20.0,"-20.00,-13.57,-17.86,-15.50",0,9,-20.0,0.04819277108433735,0.08433734939759036,5.855421686746988,18.126579593463674,30.469038281470837,12.342458688007163,0.0,rule_side
ext10bps_further5bps_entry20c,NO,50,83,0.07228915662650602,0.4,-16.3855421686747,-20.0,"-20.00,-12.86,-17.62,-15.00",0,9,-20.0,0.04819277108433735,0.08433734939759036,5.855421686746988,18.126579593463674,30.469038281470837,12.342458688007163,0.0,rule_side
ext10bps_further5bps_entry20c,NO,55,83,0.07228915662650602,0.36363636363636365,-16.02409638554217,-20.0,"-20.00,-12.14,-17.38,-14.50",0,9,-20.0,0.04819277108433735,0.08433734939759036,5.855421686746988,18.126579593463674,30.469038281470837,12.342458688007163,0.0,rule_side
ext10bps_further5bps_entry20c,NO,60,83,0.07228915662650602,0.3333333333333333,-15.662650602409638,-20.0,"-20.00,-11.43,-17.14,-14.00",0,9,-20.0,0.04819277108433735,0.08433734939759036,5.855421686746988,18.126579593463674,30.469038281470837,12.342458688007163,0.0,rule_side
ext10bps_further5bps_entry20c,NO,65,83,0.060240963855421686,0.3076923076923077,-16.08433734939759,-20.0,"-20.00,-13.81,-16.90,-13.50",0,9,-20.0,0.04819277108433735,0.08433734939759036,5.855421686746988,18.126579593463674,30.469038281470837,12.342458688007163,0.0,rule_side
ext10bps_further5bps_entry20c,NO,70,83,0.060240963855421686,0.2857142857142857,-15.783132530120483,-20.0,"-20.00,-13.33,-16.67,-13.00",0,9,-20.0,0.04819277108433735,0.08433734939759036,5.855421686746988,18.126579593463674,30.469038281470837,12.342458688007163,0.0,rule_side
ext10bps_further5bps_entry20c,NO,75,83,0.060240963855421686,0.26666666666666666,-15.481927710843374,-20.0,"-20.00,-12.86,-16.43,-12.50",0,9,-20.0,0.04819277108433735,0.08433734939759036,5.855421686746988,18.126579593463674,30.469038281470837,12.342458688007163,0.0,rule_side
ext10bps_further5bps_entry20c,NO,80,83,0.04819277108433735,0.25,-16.14457831325301,-20.0,"-20.00,-12.38,-16.19,-16.00",0,9,-20.0,0.04819277108433735,0.08433734939759036,5.855421686746988,18.126579593463674,30.469038281470837,12.342458688007163,0.0,rule_side
ext10bps_further5bps_entry20c,NO,85,83,0.04819277108433735,0.23529411764705882,-15.903614457831326,-20.0,"-20.00,-11.90,-15.95,-15.75",0,9,-20.0,0.04819277108433735,0.08433734939759036,5.855421686746988,18.126579593463674,30.469038281470837,12.342458688007163,0.0,rule_side
ext10bps_further5bps_entry20c,NO,99,83,0.04819277108433735,0.20202020202020202,-15.228915662650602,-20.0,"-20.00,-10.57,-15.29,-15.05",0,9,-20.0,0.04819277108433735,0.08433734939759036,5.855421686746988,18.126579593463674,30.469038281470837,12.342458688007163,0.0,rule_side
ext10bps_further5bps_entry20c,YES,45,87,0.13793103448275862,0.4444444444444444,-13.793103448275861,-17.857142857142858,"-13.86,-7.73,-15.91,-17.86",0,10,-20.0,0.08045977011494253,0.14942528735632185,4.873563218390805,16.74562983680524,26.170765253501507,9.425135416696264,1.0,rule_side
ext10bps_further5bps_entry20c,YES,50,87,0.12643678160919541,0.4,-13.67816091954023,-17.727272727272727,"-13.18,-6.36,-17.73,-17.62",0,10,-20.0,0.08045977011494253,0.14942528735632185,4.873563218390805,16.74562983680524,26.170765253501507,9.425135416696264,1.0,rule_side
ext10bps_further5bps_entry20c,YES,55,87,0.10344827586206896,0.36363636363636365,-14.310344827586206,-17.5,"-12.50,-10.00,-17.50,-17.38",0,10,-20.0,0.08045977011494253,0.14942528735632185,4.873563218390805,16.74562983680524,26.170765253501507,9.425135416696264,1.0,rule_side
ext10bps_further5bps_entry20c,YES,60,87,0.08045977011494253,0.3333333333333333,-15.172413793103448,-17.272727272727273,"-14.55,-11.82,-17.27,-17.14",0,10,-20.0,0.08045977011494253,0.14942528735632185,4.873563218390805,16.74562983680524,26.170765253501507,9.425135416696264,1.0,rule_side
ext10bps_further5bps_entry20c,YES,65,87,0.08045977011494253,0.3076923076923077,-14.770114942528735,-17.045454545454547,"-14.09,-11.14,-17.05,-16.90",0,10,-20.0,0.08045977011494253,0.14942528735632185,4.873563218390805,16.74562983680524,26.170765253501507,9.425135416696264,1.0,rule_side
ext10bps_further5bps_entry20c,YES,70,87,0.08045977011494253,0.2857142857142857,-14.367816091954023,-16.818181818181817,"-13.64,-10.45,-16.82,-16.67",0,10,-20.0,0.08045977011494253,0.14942528735632185,4.873563218390805,16.74562983680524,26.170765253501507,9.425135416696264,1.0,rule_side
ext10bps_further5bps_entry20c,YES,75,87,0.08045977011494253,0.26666666666666666,-13.96551724137931,-16.59090909090909,"-13.18,-9.77,-16.59,-16.43",0,10,-20.0,0.08045977011494253,0.14942528735632185,4.873563218390805,16.74562983680524,26.170765253501507,9.425135416696264,1.0,rule_side
ext10bps_further5bps_entry20c,YES,80,87,0.08045977011494253,0.25,-13.563218390804598,-16.363636363636363,"-12.73,-9.09,-16.36,-16.19",0,10,-20.0,0.08045977011494253,0.14942528735632185,4.873563218390805,16.74562983680524,26.170765253501507,9.425135416696264,1.0,rule_side
ext10bps_further5bps_entry20c,YES,85,87,0.08045977011494253,0.23529411764705882,-13.160919540229886,-16.136363636363637,"-12.27,-8.41,-16.14,-15.95",0,10,-20.0,0.08045977011494253,0.14942528735632185,4.873563218390805,16.74562983680524,26.170765253501507,9.425135416696264,1.0,rule_side
ext10bps_further5bps_entry20c,YES,99,87,0.08045977011494253,0.20202020202020202,-12.03448275862069,-15.5,"-11.00,-6.50,-15.50,-15.29",0,10,-20.0,0.08045977011494253,0.14942528735632185,4.873563218390805,16.74562983680524,26.170765253501507,9.425135416696264,1.0,rule_side
ext10bps_further5bps_entry21c,NO,45,89,0.06741573033707865,0.4666666666666667,-17.96629213483146,-21.0,"-21.00,-14.86,-18.95,-16.91",0,9,-21.0,0.0449438202247191,0.07865168539325842,5.685393258426966,18.241416623293247,30.278242086555554,12.036825463262305,0.0,rule_side
ext10bps_further5bps_entry21c,NO,50,89,0.06741573033707865,0.42,-17.629213483146067,-21.0,"-21.00,-14.18,-18.73,-16.45",0,9,-21.0,0.0449438202247191,0.07865168539325842,5.685393258426966,18.241416623293247,30.278242086555554,12.036825463262305,0.0,rule_side
ext10bps_further5bps_entry21c,NO,55,89,0.06741573033707865,0.38181818181818183,-17.292134831460675,-21.0,"-21.00,-13.50,-18.50,-16.00",0,9,-21.0,0.0449438202247191,0.07865168539325842,5.685393258426966,18.241416623293247,30.278242086555554,12.036825463262305,0.0,rule_side
ext10bps_further5bps_entry21c,NO,60,89,0.06741573033707865,0.35,-16.95505617977528,-21.0,"-21.00,-12.82,-18.27,-15.55",0,9,-21.0,0.0449438202247191,0.07865168539325842,5.685393258426966,18.241416623293247,30.278242086555554,12.036825463262305,0.0,rule_side
ext10bps_further5bps_entry21c,NO,65,89,0.056179775280898875,0.3230769230769231,-17.348314606741575,-21.0,"-21.00,-15.09,-18.05,-15.09",0,9,-21.0,0.0449438202247191,0.07865168539325842,5.685393258426966,18.241416623293247,30.278242086555554,12.036825463262305,0.0,rule_side
ext10bps_further5bps_entry21c,NO,70,89,0.056179775280898875,0.3,-17.06741573033708,-21.0,"-21.00,-14.64,-17.82,-14.64",0,9,-21.0,0.0449438202247191,0.07865168539325842,5.685393258426966,18.241416623293247,30.278242086555554,12.036825463262305,0.0,rule_side
ext10bps_further5bps_entry21c,NO,75,89,0.056179775280898875,0.28,-16.786516853932586,-21.0,"-21.00,-14.18,-17.59,-14.18",0,9,-21.0,0.0449438202247191,0.07865168539325842,5.685393258426966,18.241416623293247,30.278242086555554,12.036825463262305,0.0,rule_side
ext10bps_further5bps_entry21c,NO,80,89,0.0449438202247191,0.2625,-17.40449438202247,-21.0,"-21.00,-13.73,-17.36,-17.36",0,9,-21.0,0.0449438202247191,0.07865168539325842,5.685393258426966,18.241416623293247,30.278242086555554,12.036825463262305,0.0,rule_side
ext10bps_further5bps_entry21c,NO,85,89,0.0449438202247191,0.24705882352941178,-17.179775280898877,-21.0,"-21.00,-13.27,-17.14,-17.14",0,9,-21.0,0.0449438202247191,0.07865168539325842,5.685393258426966,18.241416623293247,30.278242086555554,12.036825463262305,0.0,rule_side
ext10bps_further5bps_entry21c,NO,99,89,0.0449438202247191,0.21212121212121213,-16.55056179775281,-21.0,"-21.00,-12.00,-16.50,-16.50",0,9,-21.0,0.0449438202247191,0.07865168539325842,5.685393258426966,18.241416623293247,30.278242086555554,12.036825463262305,0.0,rule_side
ext10bps_further5bps_entry21c,YES,45,93,0.13978494623655913,0.4666666666666667,-14.709677419354838,-19.043478260869566,"-13.50,-9.26,-17.09,-19.04",0,10,-21.0,0.07526881720430108,0.15053763440860216,4.913978494623656,16.608563008987197,26.21257307228392,9.60401006329672,1.0,rule_side
ext10bps_further5bps_entry21c,YES,50,93,0.12903225806451613,0.42,-14.548387096774194,-18.82608695652174,"-12.67,-7.96,-18.83,-18.83",0,10,-21.0,0.07526881720430108,0.15053763440860216,4.913978494623656,16.608563008987197,26.21257307228392,9.60401006329672,1.0,rule_side
ext10bps_further5bps_entry21c,YES,55,93,0.10752688172043011,0.38181818181818183,-15.086021505376344,-18.608695652173914,"-11.83,-11.43,-18.61,-18.61",0,10,-21.0,0.07526881720430108,0.15053763440860216,4.913978494623656,16.608563008987197,26.21257307228392,9.60401006329672,1.0,rule_side
ext10bps_further5bps_entry21c,YES,60,93,0.07526881720430108,0.35,-16.483870967741936,-18.391304347826086,"-16.00,-13.17,-18.39,-18.39",0,10,-21.0,0.07526881720430108,0.15053763440860216,4.913978494623656,16.608563008987197,26.21257307228392,9.60401006329672,1.0,rule_side
ext10bps_further5bps_entry21c,YES,65,93,0.07526881720430108,0.3230769230769231,-16.107526881720432,-18.17391304347826,"-15.58,-12.52,-18.17,-18.17",0,10,-21.0,0.07526881720430108,0.15053763440860216,4.913978494623656,16.608563008987197,26.21257307228392,9.60401006329672,1.0,rule_side
ext10bps_further5bps_entry21c,YES,70,93,0.07526881720430108,0.3,-15.731182795698924,-17.956521739130434,"-15.17,-11.87,-17.96,-17.96",0,10,-21.0,0.07526881720430108,0.15053763440860216,4.913978494623656,16.608563008987197,26.21257307228392,9.60401006329672,1.0,rule_side
ext10bps_further5bps_entry21c,YES,75,93,0.07526881720430108,0.28,-15.35483870967742,-17.73913043478261,"-14.75,-11.22,-17.74,-17.74",0,10,-21.0,0.07526881720430108,0.15053763440860216,4.913978494623656,16.608563008987197,26.21257307228392,9.60401006329672,1.0,rule_side
ext10bps_further5bps_entry21c,YES,80,93,0.07526881720430108,0.2625,-14.978494623655914,-17.52173913043478,"-14.33,-10.57,-17.52,-17.52",0,10,-21.0,0.07526881720430108,0.15053763440860216,4.913978494623656,16.608563008987197,26.21257307228392,9.60401006329672,1.0,rule_side
ext10bps_further5bps_entry21c,YES,85,93,0.07526881720430108,0.24705882352941178,-14.602150537634408,-17.304347826086957,"-13.92,-9.91,-17.30,-17.30",0,10,-21.0,0.07526881720430108,0.15053763440860216,4.913978494623656,16.608563008987197,26.21257307228392,9.60401006329672,1.0,rule_side
ext10bps_further5bps_entry21c,YES,99,93,0.07526881720430108,0.21212121212121213,-13.548387096774194,-16.695652173913043,"-12.75,-8.09,-16.70,-16.70",0,10,-21.0,0.07526881720430108,0.15053763440860216,4.913978494623656,16.608563008987197,26.21257307228392,9.60401006329672,1.0,rule_side
ext10bps_further5bps_entry22c,NO,45,91,0.06593406593406594,0.4888888888888889,-19.032967032967033,-22.0,"-22.00,-16.13,-20.04,-17.91",0,9,-22.0,0.04395604395604396,0.07692307692307693,5.681318681318682,18.48815295427023,31.255708450354756,12.767555496084531,0.0,rule_side
ext10bps_further5bps_entry22c,NO,50,91,0.06593406593406594,0.44,-18.703296703296704,-22.0,"-22.00,-15.48,-19.83,-17.45",0,9,-22.0,0.04395604395604396,0.07692307692307693,5.681318681318682,18.48815295427023,31.255708450354756,12.767555496084531,0.0,rule_side
ext10bps_further5bps_entry22c,NO,55,91,0.06593406593406594,0.4,-18.373626373626372,-22.0,"-22.00,-14.83,-19.61,-17.00",0,9,-22.0,0.04395604395604396,0.07692307692307693,5.681318681318682,18.48815295427023,31.255708450354756,12.767555496084531,0.0,rule_side
ext10bps_further5bps_entry22c,NO,60,91,0.06593406593406594,0.36666666666666664,-18.043956043956044,-22.0,"-22.00,-14.17,-19.39,-16.55",0,9,-22.0,0.04395604395604396,0.07692307692307693,5.681318681318682,18.48815295427023,31.255708450354756,12.767555496084531,0.0,rule_side
ext10bps_further5bps_entry22c,NO,65,91,0.054945054945054944,0.3384615384615385,-18.428571428571427,-22.0,"-22.00,-16.35,-19.17,-16.09",0,9,-22.0,0.04395604395604396,0.07692307692307693,5.681318681318682,18.48815295427023,31.255708450354756,12.767555496084531,0.0,rule_side
ext10bps_further5bps_entry22c,NO,70,91,0.054945054945054944,0.3142857142857143,-18.153846153846153,-22.0,"-22.00,-15.91,-18.96,-15.64",0,9,-22.0,0.04395604395604396,0.07692307692307693,5.681318681318682,18.48815295427023,31.255708450354756,12.767555496084531,0.0,rule_side
ext10bps_further5bps_entry22c,NO,75,91,0.054945054945054944,0.29333333333333333,-17.87912087912088,-22.0,"-22.00,-15.48,-18.74,-15.18",0,9,-22.0,0.04395604395604396,0.07692307692307693,5.681318681318682,18.48815295427023,31.255708450354756,12.767555496084531,0.0,rule_side
ext10bps_further5bps_entry22c,NO,80,91,0.04395604395604396,0.275,-18.483516483516482,-22.0,"-22.00,-15.04,-18.52,-18.36",0,9,-22.0,0.04395604395604396,0.07692307692307693,5.681318681318682,18.48815295427023,31.255708450354756,12.767555496084531,0.0,rule_side
ext10bps_further5bps_entry22c,NO,85,91,0.04395604395604396,0.25882352941176473,-18.263736263736263,-22.0,"-22.00,-14.61,-18.30,-18.14",0,9,-22.0,0.04395604395604396,0.07692307692307693,5.681318681318682,18.48815295427023,31.255708450354756,12.767555496084531,0.0,rule_side
ext10bps_further5bps_entry22c,NO,99,91,0.04395604395604396,0.2222222222222222,-17.64835164835165,-22.0,"-22.00,-13.39,-17.70,-17.50",0,9,-22.0,0.04395604395604396,0.07692307692307693,5.681318681318682,18.48815295427023,31.255708450354756,12.767555496084531,0.0,rule_side
ext10bps_further5bps_entry22c,YES,45,97,0.13402061855670103,0.4888888888888889,-15.969072164948454,-20.125,"-14.80,-10.75,-18.25,-20.12",0,10,-22.0,0.07216494845360824,0.14432989690721648,4.876288659793815,17.046077835265905,26.68444210894583,9.638364273679928,1.0,rule_side
ext10bps_further5bps_entry22c,YES,50,97,0.12371134020618557,0.44,-15.814432989690722,-19.916666666666668,"-14.00,-9.50,-19.92,-19.92",0,10,-22.0,0.07216494845360824,0.14432989690721648,4.876288659793815,17.046077835265905,26.68444210894583,9.638364273679928,1.0,rule_side
ext10bps_further5bps_entry22c,YES,55,97,0.10309278350515463,0.4,-16.329896907216494,-19.708333333333332,"-13.20,-12.83,-19.71,-19.71",0,10,-22.0,0.07216494845360824,0.14432989690721648,4.876288659793815,17.046077835265905,26.68444210894583,9.638364273679928,1.0,rule_side
ext10bps_further5bps_entry22c,YES,60,97,0.07216494845360824,0.36666666666666664,-17.670103092783506,-19.5,"-17.20,-14.50,-19.50,-19.50",0,10,-22.0,0.07216494845360824,0.14432989690721648,4.876288659793815,17.046077835265905,26.68444210894583,9.638364273679928,1.0,rule_side
ext10bps_further5bps_entry22c,YES,65,97,0.07216494845360824,0.3384615384615385,-17.309278350515463,-19.291666666666668,"-16.80,-13.88,-19.29,-19.29",0,10,-22.0,0.07216494845360824,0.14432989690721648,4.876288659793815,17.046077835265905,26.68444210894583,9.638364273679928,1.0,rule_side
ext10bps_further5bps_entry22c,YES,70,97,0.07216494845360824,0.3142857142857143,-16.948453608247423,-19.083333333333332,"-16.40,-13.25,-19.08,-19.08",0,10,-22.0,0.07216494845360824,0.14432989690721648,4.876288659793815,17.046077835265905,26.68444210894583,9.638364273679928,1.0,rule_side
ext10bps_further5bps_entry22c,YES,75,97,0.07216494845360824,0.29333333333333333,-16.587628865979383,-18.875,"-16.00,-12.62,-18.88,-18.88",0,10,-22.0,0.07216494845360824,0.14432989690721648,4.876288659793815,17.046077835265905,26.68444210894583,9.638364273679928,1.0,rule_side
ext10bps_further5bps_entry22c,YES,80,97,0.07216494845360824,0.275,-16.22680412371134,-18.666666666666668,"-15.60,-12.00,-18.67,-18.67",0,10,-22.0,0.07216494845360824,0.14432989690721648,4.876288659793815,17.046077835265905,26.68444210894583,9.638364273679928,1.0,rule_side
ext10bps_further5bps_entry22c,YES,85,97,0.07216494845360824,0.25882352941176473,-15.8659793814433,-18.458333333333332,"-15.20,-11.38,-18.46,-18.46",0,10,-22.0,0.07216494845360824,0.14432989690721648,4.876288659793815,17.046077835265905,26.68444210894583,9.638364273679928,1.0,rule_side
ext10bps_further5bps_entry22c,YES,99,97,0.07216494845360824,0.2222222222222222,-14.855670103092784,-17.875,"-14.08,-9.62,-17.88,-17.88",0,10,-22.0,0.07216494845360824,0.14432989690721648,4.876288659793815,17.046077835265905,26.68444210894583,9.638364273679928,1.0,rule_side
ext10bps_further5bps_entry23c,NO,45,94,0.07446808510638298,0.5111111111111111,-19.648936170212767,-23.0,"-23.00,-17.13,-19.25,-19.09",0,9,-23.0,0.05319148936170213,0.0851063829787234,5.585106382978723,18.32159277982702,30.932614857740056,12.611022077913029,0.0,rule_side
ext10bps_further5bps_entry23c,NO,50,94,0.07446808510638298,0.46,-19.27659574468085,-23.0,"-23.00,-16.48,-18.83,-18.65",0,9,-23.0,0.05319148936170213,0.0851063829787234,5.585106382978723,18.32159277982702,30.932614857740056,12.611022077913029,0.0,rule_side
ext10bps_further5bps_entry23c,NO,55,94,0.07446808510638298,0.41818181818181815,-18.904255319148938,-23.0,"-23.00,-15.83,-18.42,-18.22",0,9,-23.0,0.05319148936170213,0.0851063829787234,5.585106382978723,18.32159277982702,30.932614857740056,12.611022077913029,0.0,rule_side
ext10bps_further5bps_entry23c,NO,60,94,0.07446808510638298,0.38333333333333336,-18.53191489361702,-23.0,"-23.00,-15.17,-18.00,-17.78",0,9,-23.0,0.05319148936170213,0.0851063829787234,5.585106382978723,18.32159277982702,30.932614857740056,12.611022077913029,0.0,rule_side
ext10bps_further5bps_entry23c,NO,65,94,0.06382978723404255,0.35384615384615387,-18.851063829787233,-23.0,"-23.00,-17.35,-17.58,-17.35",0,9,-23.0,0.05319148936170213,0.0851063829787234,5.585106382978723,18.32159277982702,30.932614857740056,12.611022077913029,0.0,rule_side
ext10bps_further5bps_entry23c,NO,70,94,0.06382978723404255,0.32857142857142857,-18.53191489361702,-23.0,"-23.00,-16.91,-17.17,-16.91",0,9,-23.0,0.05319148936170213,0.0851063829787234,5.585106382978723,18.32159277982702,30.932614857740056,12.611022077913029,0.0,rule_side
ext10bps_further5bps_entry23c,NO,75,94,0.06382978723404255,0.30666666666666664,-18.21276595744681,-23.0,"-23.00,-16.48,-16.75,-16.48",0,9,-23.0,0.05319148936170213,0.0851063829787234,5.585106382978723,18.32159277982702,30.932614857740056,12.611022077913029,0.0,rule_side
ext10bps_further5bps_entry23c,NO,80,94,0.05319148936170213,0.2875,-18.74468085106383,-23.0,"-23.00,-16.04,-16.33,-19.52",0,9,-23.0,0.05319148936170213,0.0851063829787234,5.585106382978723,18.32159277982702,30.932614857740056,12.611022077913029,0.0,rule_side
ext10bps_further5bps_entry23c,NO,85,94,0.05319148936170213,0.27058823529411763,-18.47872340425532,-23.0,"-23.00,-15.61,-15.92,-19.30",0,9,-23.0,0.05319148936170213,0.0851063829787234,5.585106382978723,18.32159277982702,30.932614857740056,12.611022077913029,0.0,rule_side
ext10bps_further5bps_entry23c,NO,99,94,0.05319148936170213,0.23232323232323232,-17.73404255319149,-23.0,"-23.00,-14.39,-14.75,-18.70",0,9,-23.0,0.05319148936170213,0.0851063829787234,5.585106382978723,18.32159277982702,30.932614857740056,12.611022077913029,0.0,rule_side
ext10bps_further5bps_entry23c,YES,45,101,0.12871287128712872,0.5111111111111111,-17.207920792079207,-21.2,"-16.08,-12.20,-19.40,-21.20",0,10,-23.0,0.06930693069306931,0.1485148514851485,4.861386138613861,16.838079361532102,26.35742441899034,9.519345057458237,1.0,rule_side
ext10bps_further5bps_entry23c,YES,50,101,0.1188118811881188,0.46,-17.059405940594058,-21.0,"-15.31,-11.00,-21.00,-21.00",0,10,-23.0,0.06930693069306931,0.1485148514851485,4.861386138613861,16.838079361532102,26.35742441899034,9.519345057458237,1.0,rule_side
ext10bps_further5bps_entry23c,YES,55,101,0.09900990099009901,0.41818181818181815,-17.554455445544555,-20.8,"-14.54,-14.20,-20.80,-20.80",0,10,-23.0,0.06930693069306931,0.1485148514851485,4.861386138613861,16.838079361532102,26.35742441899034,9.519345057458237,1.0,rule_side
ext10bps_further5bps_entry23c,YES,60,101,0.06930693069306931,0.38333333333333336,-18.84158415841584,-20.6,"-18.38,-15.80,-20.60,-20.60",0,10,-23.0,0.06930693069306931,0.1485148514851485,4.861386138613861,16.838079361532102,26.35742441899034,9.519345057458237,1.0,rule_side
ext10bps_further5bps_entry23c,YES,65,101,0.06930693069306931,0.35384615384615387,-18.495049504950494,-20.4,"-18.00,-15.20,-20.40,-20.40",0,10,-23.0,0.06930693069306931,0.1485148514851485,4.861386138613861,16.838079361532102,26.35742441899034,9.519345057458237,1.0,rule_side
ext10bps_further5bps_entry23c,YES,70,101,0.06930693069306931,0.32857142857142857,-18.14851485148515,-20.2,"-17.62,-14.60,-20.20,-20.20",0,10,-23.0,0.06930693069306931,0.1485148514851485,4.861386138613861,16.838079361532102,26.35742441899034,9.519345057458237,1.0,rule_side
ext10bps_further5bps_entry23c,YES,75,101,0.06930693069306931,0.30666666666666664,-17.801980198019802,-20.0,"-17.23,-14.00,-20.00,-20.00",0,10,-23.0,0.06930693069306931,0.1485148514851485,4.861386138613861,16.838079361532102,26.35742441899034,9.519345057458237,1.0,rule_side
ext10bps_further5bps_entry23c,YES,80,101,0.06930693069306931,0.2875,-17.455445544554454,-19.8,"-16.85,-13.40,-19.80,-19.80",0,10,-23.0,0.06930693069306931,0.1485148514851485,4.861386138613861,16.838079361532102,26.35742441899034,9.519345057458237,1.0,rule_side
ext10bps_further5bps_entry23c,YES,85,101,0.06930693069306931,0.27058823529411763,-17.10891089108911,-19.6,"-16.46,-12.80,-19.60,-19.60",0,10,-23.0,0.06930693069306931,0.1485148514851485,4.861386138613861,16.838079361532102,26.35742441899034,9.519345057458237,1.0,rule_side
ext10bps_further5bps_entry23c,YES,99,101,0.06930693069306931,0.23232323232323232,-16.138613861386137,-19.04,"-15.38,-11.12,-19.04,-19.04",0,10,-23.0,0.06930693069306931,0.1485148514851485,4.861386138613861,16.838079361532102,26.35742441899034,9.519345057458237,1.0,rule_side
ext10bps_further5bps_entry24c,NO,45,98,0.09183673469387756,0.5333333333333333,-19.867346938775512,-22.2,"-22.20,-18.38,-18.60,-20.25",0,9,-24.0,0.061224489795918366,0.10204081632653061,5.489795918367347,18.363512103009953,31.02021888530711,12.656706782297155,0.0,rule_side
ext10bps_further5bps_entry24c,NO,50,98,0.09183673469387756,0.48,-19.408163265306122,-22.0,"-22.00,-17.75,-18.00,-19.83",0,9,-24.0,0.061224489795918366,0.10204081632653061,5.489795918367347,18.363512103009953,31.02021888530711,12.656706782297155,0.0,rule_side
ext10bps_further5bps_entry24c,NO,55,98,0.09183673469387756,0.43636363636363634,-18.948979591836736,-21.8,"-21.80,-17.12,-17.40,-19.42",0,9,-24.0,0.061224489795918366,0.10204081632653061,5.489795918367347,18.363512103009953,31.02021888530711,12.656706782297155,0.0,rule_side
ext10bps_further5bps_entry24c,NO,60,98,0.08163265306122448,0.4,-19.102040816326532,-24.0,"-24.00,-16.50,-16.80,-19.00",0,9,-24.0,0.061224489795918366,0.10204081632653061,5.489795918367347,18.363512103009953,31.02021888530711,12.656706782297155,0.0,rule_side
ext10bps_further5bps_entry24c,NO,65,98,0.07142857142857142,0.36923076923076925,-19.357142857142858,-24.0,"-24.00,-18.58,-16.20,-18.58",0,9,-24.0,0.061224489795918366,0.10204081632653061,5.489795918367347,18.363512103009953,31.02021888530711,12.656706782297155,0.0,rule_side
ext10bps_further5bps_entry24c,NO,70,98,0.07142857142857142,0.34285714285714286,-19.0,-24.0,"-24.00,-18.17,-15.60,-18.17",0,9,-24.0,0.061224489795918366,0.10204081632653061,5.489795918367347,18.363512103009953,31.02021888530711,12.656706782297155,0.0,rule_side
ext10bps_further5bps_entry24c,NO,75,98,0.07142857142857142,0.32,-18.642857142857142,-24.0,"-24.00,-17.75,-15.00,-17.75",0,9,-24.0,0.061224489795918366,0.10204081632653061,5.489795918367347,18.363512103009953,31.02021888530711,12.656706782297155,0.0,rule_side
ext10bps_further5bps_entry24c,NO,80,98,0.061224489795918366,0.3,-19.102040816326532,-24.0,"-24.00,-17.33,-14.40,-20.67",0,9,-24.0,0.061224489795918366,0.10204081632653061,5.489795918367347,18.363512103009953,31.02021888530711,12.656706782297155,0.0,rule_side
ext10bps_further5bps_entry24c,NO,85,98,0.061224489795918366,0.2823529411764706,-18.79591836734694,-24.0,"-24.00,-16.92,-13.80,-20.46",0,9,-24.0,0.061224489795918366,0.10204081632653061,5.489795918367347,18.363512103009953,31.02021888530711,12.656706782297155,0.0,rule_side
ext10bps_further5bps_entry24c,NO,99,98,0.061224489795918366,0.24242424242424243,-17.93877551020408,-24.0,"-24.00,-15.75,-12.12,-19.88",0,9,-24.0,0.061224489795918366,0.10204081632653061,5.489795918367347,18.363512103009953,31.02021888530711,12.656706782297155,0.0,rule_side
ext10bps_further5bps_entry24c,YES,45,103,0.1262135922330097,0.5333333333333333,-18.320388349514563,-22.2,"-17.08,-13.62,-20.54,-22.20",0,10,-24.0,0.06796116504854369,0.14563106796116504,4.815533980582524,17.023295715824094,26.49388581463825,9.470590098814156,1.0,rule_side
ext10bps_further5bps_entry24c,YES,50,103,0.11650485436893204,0.48,-18.174757281553397,-22.076923076923077,"-16.31,-12.46,-22.08,-22.00",0,10,-24.0,0.06796116504854369,0.14563106796116504,4.815533980582524,17.023295715824094,26.49388581463825,9.470590098814156,1.0,rule_side
ext10bps_further5bps_entry24c,YES,55,103,0.0970873786407767,0.43636363636363634,-18.660194174757283,-21.884615384615383,"-15.54,-15.54,-21.88,-21.80",0,10,-24.0,0.06796116504854369,0.14563106796116504,4.815533980582524,17.023295715824094,26.49388581463825,9.470590098814156,1.0,rule_side
ext10bps_further5bps_entry24c,YES,60,103,0.06796116504854369,0.4,-19.92233009708738,-21.692307692307693,"-19.38,-17.08,-21.69,-21.60",0,10,-24.0,0.06796116504854369,0.14563106796116504,4.815533980582524,17.023295715824094,26.49388581463825,9.470590098814156,1.0,rule_side
ext10bps_further5bps_entry24c,YES,65,103,0.06796116504854369,0.36923076923076925,-19.58252427184466,-21.5,"-19.00,-16.50,-21.50,-21.40",0,10,-24.0,0.06796116504854369,0.14563106796116504,4.815533980582524,17.023295715824094,26.49388581463825,9.470590098814156,1.0,rule_side
ext10bps_further5bps_entry24c,YES,70,103,0.06796116504854369,0.34285714285714286,-19.24271844660194,-21.307692307692307,"-18.62,-15.92,-21.31,-21.20",0,10,-24.0,0.06796116504854369,0.14563106796116504,4.815533980582524,17.023295715824094,26.49388581463825,9.470590098814156,1.0,rule_side
ext10bps_further5bps_entry24c,YES,75,103,0.06796116504854369,0.32,-18.902912621359224,-21.115384615384617,"-18.23,-15.35,-21.12,-21.00",0,10,-24.0,0.06796116504854369,0.14563106796116504,4.815533980582524,17.023295715824094,26.49388581463825,9.470590098814156,1.0,rule_side
ext10bps_further5bps_entry24c,YES,80,103,0.06796116504854369,0.3,-18.563106796116504,-20.923076923076923,"-17.85,-14.77,-20.92,-20.80",0,10,-24.0,0.06796116504854369,0.14563106796116504,4.815533980582524,17.023295715824094,26.49388581463825,9.470590098814156,1.0,rule_side
ext10bps_further5bps_entry24c,YES,85,103,0.06796116504854369,0.2823529411764706,-18.223300970873787,-20.73076923076923,"-17.46,-14.19,-20.73,-20.60",0,10,-24.0,0.06796116504854369,0.14563106796116504,4.815533980582524,17.023295715824094,26.49388581463825,9.470590098814156,1.0,rule_side
ext10bps_further5bps_entry24c,YES,99,103,0.06796116504854369,0.24242424242424243,-17.271844660194176,-20.192307692307693,"-16.38,-12.58,-20.19,-20.04",0,10,-24.0,0.06796116504854369,0.14563106796116504,4.815533980582524,17.023295715824094,26.49388581463825,9.470590098814156,1.0,rule_side
ext10bps_further5bps_entry25c,NO,45,101,0.09900990099009901,0.5555555555555556,-20.544554455445546,-23.26923076923077,"-23.27,-17.80,-19.60,-21.40",0,10,-25.0,0.0594059405940594,0.09900990099009901,5.396039603960396,18.201173502340154,30.751128442689208,12.549954940349057,0.0,rule_side
ext10bps_further5bps_entry25c,NO,50,101,0.09900990099009901,0.5,-20.04950495049505,-23.076923076923077,"-23.08,-17.00,-19.00,-21.00",0,10,-25.0,0.0594059405940594,0.09900990099009901,5.396039603960396,18.201173502340154,30.751128442689208,12.549954940349057,0.0,rule_side
ext10bps_further5bps_entry25c,NO,55,101,0.09900990099009901,0.45454545454545453,-19.554455445544555,-22.884615384615383,"-22.88,-16.20,-18.40,-20.60",0,10,-25.0,0.0594059405940594,0.09900990099009901,5.396039603960396,18.201173502340154,30.751128442689208,12.549954940349057,0.0,rule_side
ext10bps_further5bps_entry25c,NO,60,101,0.0891089108910891,0.4166666666666667,-19.653465346534652,-25.0,"-25.00,-15.40,-17.80,-20.20",0,10,-25.0,0.0594059405940594,0.09900990099009901,5.396039603960396,18.201173502340154,30.751128442689208,12.549954940349057,0.0,rule_side
ext10bps_further5bps_entry25c,NO,65,101,0.07920792079207921,0.38461538461538464,-19.85148514851485,-25.0,"-25.00,-17.20,-17.20,-19.80",0,10,-25.0,0.0594059405940594,0.09900990099009901,5.396039603960396,18.201173502340154,30.751128442689208,12.549954940349057,0.0,rule_side
ext10bps_further5bps_entry25c,NO,70,101,0.06930693069306931,0.35714285714285715,-20.14851485148515,-25.0,"-25.00,-19.40,-16.60,-19.40",0,10,-25.0,0.0594059405940594,0.09900990099009901,5.396039603960396,18.201173502340154,30.751128442689208,12.549954940349057,0.0,rule_side
ext10bps_further5bps_entry25c,NO,75,101,0.06930693069306931,0.3333333333333333,-19.801980198019802,-25.0,"-25.00,-19.00,-16.00,-19.00",0,10,-25.0,0.0594059405940594,0.09900990099009901,5.396039603960396,18.201173502340154,30.751128442689208,12.549954940349057,0.0,rule_side
ext10bps_further5bps_entry25c,NO,80,101,0.0594059405940594,0.3125,-20.247524752475247,-25.0,"-25.00,-18.60,-15.40,-21.80",0,10,-25.0,0.0594059405940594,0.09900990099009901,5.396039603960396,18.201173502340154,30.751128442689208,12.549954940349057,0.0,rule_side
ext10bps_further5bps_entry25c,NO,85,101,0.0594059405940594,0.29411764705882354,-19.95049504950495,-25.0,"-25.00,-18.20,-14.80,-21.60",0,10,-25.0,0.0594059405940594,0.09900990099009901,5.396039603960396,18.201173502340154,30.751128442689208,12.549954940349057,0.0,rule_side
ext10bps_further5bps_entry25c,NO,99,101,0.0594059405940594,0.25252525252525254,-19.11881188118812,-25.0,"-25.00,-17.08,-13.12,-21.04",0,10,-25.0,0.0594059405940594,0.09900990099009901,5.396039603960396,18.201173502340154,30.751128442689208,12.549954940349057,0.0,rule_side
ext10bps_further5bps_entry25c,YES,45,104,0.125,0.5555555555555556,-19.375,-23.26923076923077,"-18.08,-14.62,-21.54,-23.27",0,10,-25.0,0.0673076923076923,0.14423076923076922,4.788461538461538,16.978651503974426,26.41339187028723,9.434740366312807,1.0,rule_side
ext10bps_further5bps_entry25c,YES,50,104,0.11538461538461539,0.5,-19.23076923076923,-23.076923076923077,"-17.31,-13.46,-23.08,-23.08",0,10,-25.0,0.0673076923076923,0.14423076923076922,4.788461538461538,16.978651503974426,26.41339187028723,9.434740366312807,1.0,rule_side
ext10bps_further5bps_entry25c,YES,55,104,0.09615384615384616,0.45454545454545453,-19.71153846153846,-22.884615384615383,"-16.54,-16.54,-22.88,-22.88",0,10,-25.0,0.0673076923076923,0.14423076923076922,4.788461538461538,16.978651503974426,26.41339187028723,9.434740366312807,1.0,rule_side
ext10bps_further5bps_entry25c,YES,60,104,0.0673076923076923,0.4166666666666667,-20.96153846153846,-22.692307692307693,"-20.38,-18.08,-22.69,-22.69",0,10,-25.0,0.0673076923076923,0.14423076923076922,4.788461538461538,16.978651503974426,26.41339187028723,9.434740366312807,1.0,rule_side
ext10bps_further5bps_entry25c,YES,65,104,0.0673076923076923,0.38461538461538464,-20.625,-22.5,"-20.00,-17.50,-22.50,-22.50",0,10,-25.0,0.0673076923076923,0.14423076923076922,4.788461538461538,16.978651503974426,26.41339187028723,9.434740366312807,1.0,rule_side
ext10bps_further5bps_entry25c,YES,70,104,0.0673076923076923,0.35714285714285715,-20.28846153846154,-22.307692307692307,"-19.62,-16.92,-22.31,-22.31",0,10,-25.0,0.0673076923076923,0.14423076923076922,4.788461538461538,16.978651503974426,26.41339187028723,9.434740366312807,1.0,rule_side
ext10bps_further5bps_entry25c,YES,75,104,0.0673076923076923,0.3333333333333333,-19.951923076923077,-22.115384615384617,"-19.23,-16.35,-22.12,-22.12",0,10,-25.0,0.0673076923076923,0.14423076923076922,4.788461538461538,16.978651503974426,26.41339187028723,9.434740366312807,1.0,rule_side
ext10bps_further5bps_entry25c,YES,80,104,0.0673076923076923,0.3125,-19.615384615384617,-21.923076923076923,"-18.85,-15.77,-21.92,-21.92",0,10,-25.0,0.0673076923076923,0.14423076923076922,4.788461538461538,16.978651503974426,26.41339187028723,9.434740366312807,1.0,rule_side
ext10bps_further5bps_entry25c,YES,85,104,0.0673076923076923,0.29411764705882354,-19.278846153846153,-21.73076923076923,"-18.46,-15.19,-21.73,-21.73",0,10,-25.0,0.0673076923076923,0.14423076923076922,4.788461538461538,16.978651503974426,26.41339187028723,9.434740366312807,1.0,rule_side
ext10bps_further5bps_entry25c,YES,99,104,0.0673076923076923,0.25252525252525254,-18.33653846153846,-21.192307692307693,"-17.38,-13.58,-21.19,-21.19",0,10,-25.0,0.0673076923076923,0.14423076923076922,4.788461538461538,16.978651503974426,26.41339187028723,9.434740366312807,1.0,rule_side
ext15bps_further0bps_entry20c,NO,45,398,0.09798994974874371,0.4444444444444444,-15.590452261306533,-16.85,"-16.85,-13.18,-15.95,-16.36",0,10,-20.0,0.05025125628140704,0.11055276381909548,5.6457286432160805,20.417926102372878,21.74910373063453,1.331177628261644,0.0,rule_side
ext15bps_further0bps_entry20c,NO,50,398,0.09547738693467336,0.4,-15.226130653266331,-17.0,"-17.00,-12.42,-15.50,-15.96",0,10,-20.0,0.05025125628140704,0.11055276381909548,5.6457286432160805,20.417926102372878,21.74910373063453,1.331177628261644,0.0,rule_side
ext15bps_further0bps_entry20c,NO,55,398,0.09547738693467336,0.36363636363636365,-14.748743718592964,-16.7,"-16.70,-11.67,-15.05,-15.56",0,10,-20.0,0.05025125628140704,0.11055276381909548,5.6457286432160805,20.417926102372878,21.74910373063453,1.331177628261644,0.0,rule_side
ext15bps_further0bps_entry20c,NO,60,398,0.08542713567839195,0.3333333333333333,-14.874371859296483,-16.4,"-16.40,-11.52,-15.80,-15.76",0,10,-20.0,0.05025125628140704,0.11055276381909548,5.6457286432160805,20.417926102372878,21.74910373063453,1.331177628261644,0.0,rule_side
ext15bps_further0bps_entry20c,NO,65,398,0.08040201005025126,0.3076923076923077,-14.773869346733669,-16.1,"-16.10,-11.46,-15.45,-16.06",0,10,-20.0,0.05025125628140704,0.11055276381909548,5.6457286432160805,20.417926102372878,21.74910373063453,1.331177628261644,0.0,rule_side
ext15bps_further0bps_entry20c,NO,70,398,0.07035175879396985,0.2857142857142857,-15.075376884422111,-16.5,"-15.80,-12.22,-16.50,-15.76",0,10,-20.0,0.05025125628140704,0.11055276381909548,5.6457286432160805,20.417926102372878,21.74910373063453,1.331177628261644,0.0,rule_side
ext15bps_further0bps_entry20c,NO,75,398,0.06281407035175879,0.26666666666666666,-15.28894472361809,-17.0,"-15.50,-13.18,-17.00,-15.45",0,10,-20.0,0.05025125628140704,0.11055276381909548,5.6457286432160805,20.417926102372878,21.74910373063453,1.331177628261644,0.0,rule_side
ext15bps_further0bps_entry20c,NO,80,398,0.05778894472361809,0.25,-15.376884422110553,-16.8,"-15.20,-13.54,-16.80,-15.96",0,10,-20.0,0.05025125628140704,0.11055276381909548,5.6457286432160805,20.417926102372878,21.74910373063453,1.331177628261644,0.0,rule_side
ext15bps_further0bps_entry20c,NO,85,398,0.05527638190954774,0.23529411764705882,-15.301507537688442,-16.6,"-15.75,-13.13,-16.60,-15.71",0,10,-20.0,0.05025125628140704,0.11055276381909548,5.6457286432160805,20.417926102372878,21.74910373063453,1.331177628261644,0.0,rule_side
ext15bps_further0bps_entry20c,NO,99,398,0.05025125628140704,0.20202020202020202,-15.025125628140703,-17.03,"-15.05,-13.00,-17.03,-15.00",0,10,-20.0,0.05025125628140704,0.11055276381909548,5.6457286432160805,20.417926102372878,21.74910373063453,1.331177628261644,0.0,rule_side
ext15bps_further0bps_entry20c,YES,45,393,0.1297709923664122,0.4444444444444444,-14.16030534351145,-15.86734693877551,"-14.09,-12.65,-15.87,-14.03",0,10,-17.5,0.07888040712468193,0.13231552162849872,5.511450381679389,19.93852252430397,21.17462246704265,1.2360999427386803,1.0,rule_side
ext15bps_further0bps_entry20c,YES,50,393,0.12468193384223919,0.4,-13.76590330788804,-15.918367346938776,"-13.43,-12.35,-15.92,-13.37",0,10,-17.22222222222222,0.07888040712468193,0.13231552162849872,5.511450381679389,19.93852252430397,21.17462246704265,1.2360999427386803,1.0,rule_side
ext15bps_further0bps_entry20c,YES,55,393,0.11704834605597965,0.36363636363636365,-13.56234096692112,-15.510204081632653,"-13.33,-12.70,-15.51,-12.70",0,10,-16.944444444444443,0.07888040712468193,0.13231552162849872,5.511450381679389,19.93852252430397,21.17462246704265,1.2360999427386803,1.0,rule_side
ext15bps_further0bps_entry20c,YES,60,393,0.10178117048346055,0.3333333333333333,-13.893129770992367,-15.714285714285714,"-13.94,-12.65,-15.71,-13.27",0,10,-17.0,0.07888040712468193,0.13231552162849872,5.511450381679389,19.93852252430397,21.17462246704265,1.2360999427386803,1.0,rule_side
ext15bps_further0bps_entry20c,YES,65,393,0.10178117048346055,0.3076923076923077,-13.384223918575064,-15.357142857142858,"-13.43,-12.04,-15.36,-12.70",0,10,-16.75,0.07888040712468193,0.13231552162849872,5.511450381679389,19.93852252430397,21.17462246704265,1.2360999427386803,1.0,rule_side
ext15bps_further0bps_entry20c,YES,70,393,0.09669211195928754,0.2857142857142857,-13.231552162849873,-15.0,"-13.64,-11.43,-15.00,-12.86",0,10,-16.5,0.07888040712468193,0.13231552162849872,5.511450381679389,19.93852252430397,21.17462246704265,1.2360999427386803,1.0,rule_side
ext15bps_further0bps_entry20c,YES,75,393,0.0916030534351145,0.26666666666666666,-13.129770992366412,-14.642857142857142,"-13.18,-11.58,-14.64,-13.11",0,10,-17.413793103448278,0.07888040712468193,0.13231552162849872,5.511450381679389,19.93852252430397,21.17462246704265,1.2360999427386803,1.0,rule_side
ext15bps_further0bps_entry20c,YES,80,393,0.089058524173028,0.25,-12.87531806615776,-14.285714285714286,"-12.73,-11.84,-14.29,-12.65",0,10,-17.24137931034483,0.07888040712468193,0.13231552162849872,5.511450381679389,19.93852252430397,21.17462246704265,1.2360999427386803,1.0,rule_side
ext15bps_further0bps_entry20c,YES,85,393,0.08651399491094147,0.23529411764705882,-12.646310432569974,-14.795918367346939,"-12.27,-11.33,-14.80,-12.19",0,10,-17.06896551724138,0.07888040712468193,0.13231552162849872,5.511450381679389,19.93852252430397,21.17462246704265,1.2360999427386803,1.0,rule_side
ext15bps_further0bps_entry20c,YES,99,393,0.07888040712468193,0.20202020202020202,-12.19083969465649,-14.948979591836734,"-11.00,-10.91,-14.95,-11.92",0,10,-17.08823529411765,0.07888040712468193,0.13231552162849872,5.511450381679389,19.93852252430397,21.17462246704265,1.2360999427386803,1.0,rule_side
ext15bps_further0bps_entry21c,NO,45,425,0.12,0.4666666666666667,-15.6,-16.330188679245282,"-15.95,-14.21,-16.33,-15.91",0,10,-18.0,0.058823529411764705,0.11529411764705882,5.503529411764706,20.400621751450505,21.74990399733827,1.3492822458877596,0.0,rule_side
ext15bps_further0bps_entry21c,NO,50,425,0.11764705882352941,0.42,-15.117647058823529,-15.85981308411215,"-15.86,-13.45,-15.81,-15.34",0,10,-17.666666666666668,0.058823529411764705,0.11529411764705882,5.503529411764706,20.400621751450505,21.74990399733827,1.3492822458877596,0.0,rule_side
ext15bps_further0bps_entry21c,NO,55,425,0.11764705882352941,0.38181818181818183,-14.529411764705882,-15.345794392523365,"-15.35,-12.70,-15.29,-14.77",0,10,-17.333333333333332,0.058823529411764705,0.11529411764705882,5.503529411764706,20.400621751450505,21.74990399733827,1.3492822458877596,0.0,rule_side
ext15bps_further0bps_entry21c,NO,60,425,0.10588235294117647,0.35,-14.647058823529411,-15.90566037735849,"-15.39,-12.51,-15.91,-14.77",0,10,-19.333333333333332,0.058823529411764705,0.11529411764705882,5.503529411764706,20.400621751450505,21.74990399733827,1.3492822458877596,0.0,rule_side
ext15bps_further0bps_entry21c,NO,65,425,0.0988235294117647,0.3230769230769231,-14.576470588235294,-15.532710280373832,"-15.53,-12.42,-15.48,-14.87",0,10,-19.194444444444443,0.058823529411764705,0.11529411764705882,5.503529411764706,20.400621751450505,21.74990399733827,1.3492822458877596,0.0,rule_side
ext15bps_further0bps_entry21c,NO,70,425,0.08705882352941176,0.3,-14.905882352941177,-16.37735849056604,"-15.77,-13.08,-16.38,-14.40",0,10,-21.0,0.058823529411764705,0.11529411764705882,5.503529411764706,20.400621751450505,21.74990399733827,1.3492822458877596,0.0,rule_side
ext15bps_further0bps_entry21c,NO,75,425,0.07764705882352942,0.28,-15.176470588235293,-16.754716981132077,"-16.09,-13.92,-16.75,-13.92",0,10,-21.0,0.058823529411764705,0.11529411764705882,5.503529411764706,20.400621751450505,21.74990399733827,1.3492822458877596,0.0,rule_side
ext15bps_further0bps_entry21c,NO,80,425,0.07294117647058823,0.2625,-15.16470588235294,-16.471698113207548,"-15.77,-14.21,-16.47,-14.21",0,10,-21.0,0.058823529411764705,0.11529411764705882,5.503529411764706,20.400621751450505,21.74990399733827,1.3492822458877596,0.0,rule_side
ext15bps_further0bps_entry21c,NO,85,425,0.06352941176470588,0.24705882352941178,-15.6,-17.02803738317757,"-17.03,-13.78,-16.99,-14.58",0,10,-21.0,0.058823529411764705,0.11529411764705882,5.503529411764706,20.400621751450505,21.74990399733827,1.3492822458877596,0.0,rule_side
ext15bps_further0bps_entry21c,NO,99,425,0.058823529411764705,0.21212121212121213,-15.176470588235293,-17.264150943396228,"-16.37,-13.53,-17.26,-13.53",0,10,-21.0,0.058823529411764705,0.11529411764705882,5.503529411764706,20.400621751450505,21.74990399733827,1.3492822458877596,0.0,rule_side
ext15bps_further0bps_entry21c,YES,45,412,0.1407766990291262,0.4666666666666667,-14.66504854368932,-16.631067961165048,"-14.45,-13.14,-16.63,-14.45",0,10,-18.5,0.08495145631067962,0.13592233009708737,5.461165048543689,19.9563991230871,21.256912912298432,1.3005137892113359,1.0,rule_side
ext15bps_further0bps_entry21c,YES,50,412,0.13592233009708737,0.42,-14.20388349514563,-16.631067961165048,"-13.72,-12.75,-16.63,-13.72",0,10,-18.22222222222222,0.08495145631067962,0.13592233009708737,5.461165048543689,19.9563991230871,21.256912912298432,1.3005137892113359,1.0,rule_side
ext15bps_further0bps_entry21c,YES,55,412,0.1262135922330097,0.38181818181818183,-14.058252427184467,-16.194174757281555,"-14.06,-12.99,-16.19,-12.99",0,10,-17.944444444444443,0.08495145631067962,0.13592233009708737,5.461165048543689,19.9563991230871,21.256912912298432,1.3005137892113359,1.0,rule_side
ext15bps_further0bps_entry21c,YES,60,412,0.10922330097087378,0.35,-14.446601941747574,-16.339805825242717,"-15.17,-12.84,-16.34,-13.43",0,10,-18.0,0.08495145631067962,0.13592233009708737,5.461165048543689,19.9563991230871,21.256912912298432,1.3005137892113359,1.0,rule_side
ext15bps_further0bps_entry21c,YES,65,412,0.10922330097087378,0.3230769230769231,-13.900485436893204,-15.951456310679612,"-14.69,-12.17,-15.95,-12.80",0,10,-17.75,0.08495145631067962,0.13592233009708737,5.461165048543689,19.9563991230871,21.256912912298432,1.3005137892113359,1.0,rule_side
ext15bps_further0bps_entry21c,YES,70,412,0.10436893203883495,0.3,-13.694174757281553,-15.563106796116505,"-14.88,-11.49,-15.56,-12.84",0,10,-17.5,0.08495145631067962,0.13592233009708737,5.461165048543689,19.9563991230871,21.256912912298432,1.3005137892113359,1.0,rule_side
ext15bps_further0bps_entry21c,YES,75,412,0.09951456310679611,0.28,-13.53640776699029,-15.174757281553399,"-14.45,-11.53,-15.17,-12.99",0,10,-18.413793103448278,0.08495145631067962,0.13592233009708737,5.461165048543689,19.9563991230871,21.256912912298432,1.3005137892113359,1.0,rule_side
ext15bps_further0bps_entry21c,YES,80,412,0.09466019417475728,0.2625,-13.427184466019417,-14.78640776699029,"-14.01,-12.46,-14.79,-12.46",0,10,-18.24137931034483,0.08495145631067962,0.13592233009708737,5.461165048543689,19.9563991230871,21.256912912298432,1.3005137892113359,1.0,rule_side
ext15bps_further0bps_entry21c,YES,85,412,0.09223300970873786,0.24705882352941178,-13.160194174757281,-15.223300970873787,"-13.57,-11.92,-15.22,-11.92",0,10,-18.06896551724138,0.08495145631067962,0.13592233009708737,5.461165048543689,19.9563991230871,21.256912912298432,1.3005137892113359,1.0,rule_side
ext15bps_further0bps_entry21c,YES,99,412,0.08495145631067962,0.21212121212121213,-12.589805825242719,-15.233009708737864,"-12.35,-11.39,-15.23,-11.39",0,10,-18.25,0.08495145631067962,0.13592233009708737,5.461165048543689,19.9563991230871,21.256912912298432,1.3005137892113359,1.0,rule_side
ext15bps_further0bps_entry22c,NO,45,442,0.12895927601809956,0.4888888888888889,-16.19683257918552,-17.135135135135137,"-15.92,-14.64,-17.14,-17.09",0,10,-19.0,0.06108597285067873,0.11538461538461539,5.452488687782806,20.427247676771053,21.883044462382145,1.455796785611096,0.0,rule_side
ext15bps_further0bps_entry22c,NO,50,442,0.1244343891402715,0.44,-15.778280542986426,-17.045045045045047,"-15.69,-13.82,-17.05,-16.55",0,10,-18.666666666666668,0.06108597285067873,0.11538461538461539,5.452488687782806,20.427247676771053,21.883044462382145,1.455796785611096,0.0,rule_side
ext15bps_further0bps_entry22c,NO,55,442,0.1244343891402715,0.4,-15.156108597285067,-16.54954954954955,"-15.06,-13.00,-16.55,-16.00",0,10,-18.333333333333332,0.06108597285067873,0.11538461538461539,5.452488687782806,20.427247676771053,21.883044462382145,1.455796785611096,0.0,rule_side
ext15bps_further0bps_entry22c,NO,60,442,0.11312217194570136,0.36666666666666664,-15.212669683257918,-17.135135135135137,"-14.97,-12.73,-17.14,-16.00",0,10,-20.37837837837838,0.06108597285067873,0.11538461538461539,5.452488687782806,20.427247676771053,21.883044462382145,1.455796785611096,0.0,rule_side
ext15bps_further0bps_entry22c,NO,65,442,0.10407239819004525,0.3384615384615385,-15.235294117647058,-16.72972972972973,"-15.56,-12.55,-16.73,-16.09",0,10,-20.243243243243242,0.06108597285067873,0.11538461538461539,5.452488687782806,20.427247676771053,21.883044462382145,1.455796785611096,0.0,rule_side
ext15bps_further0bps_entry22c,NO,70,442,0.09276018099547512,0.3142857142857143,-15.506787330316742,-17.585585585585587,"-15.69,-13.09,-17.59,-15.64",0,10,-22.0,0.06108597285067873,0.11538461538461539,5.452488687782806,20.427247676771053,21.883044462382145,1.455796785611096,0.0,rule_side
ext15bps_further0bps_entry22c,NO,75,442,0.08144796380090498,0.29333333333333333,-15.891402714932127,-17.945945945945947,"-15.92,-14.50,-17.95,-15.18",0,10,-22.0,0.06108597285067873,0.11538461538461539,5.452488687782806,20.427247676771053,21.883044462382145,1.455796785611096,0.0,rule_side
ext15bps_further0bps_entry22c,NO,80,442,0.07692307692307693,0.275,-15.846153846153847,-17.675675675675677,"-15.51,-14.73,-17.68,-15.45",0,10,-22.0,0.06108597285067873,0.11538461538461539,5.452488687782806,20.427247676771053,21.883044462382145,1.455796785611096,0.0,rule_side
ext15bps_further0bps_entry22c,NO,85,442,0.06561085972850679,0.25882352941176473,-16.423076923076923,-18.17117117117117,"-16.64,-15.05,-18.17,-15.82",0,10,-22.0,0.06108597285067873,0.11538461538461539,5.452488687782806,20.427247676771053,21.883044462382145,1.455796785611096,0.0,rule_side
ext15bps_further0bps_entry22c,NO,99,442,0.06108597285067873,0.2222222222222222,-15.952488687782806,-18.43243243243243,"-15.76,-14.80,-18.43,-14.80",0,10,-22.0,0.06108597285067873,0.11538461538461539,5.452488687782806,20.427247676771053,21.883044462382145,1.455796785611096,0.0,rule_side
ext15bps_further0bps_entry22c,YES,45,426,0.1431924882629108,0.4888888888888889,-15.556338028169014,-17.373831775700936,"-15.27,-14.36,-17.37,-15.21",0,10,-18.44736842105263,0.08685446009389672,0.13615023474178403,5.387323943661972,19.969933415514188,21.16017122600101,1.1902378104868294,1.0,rule_side
ext15bps_further0bps_entry22c,YES,50,426,0.13615023474178403,0.44,-15.192488262910798,-17.327102803738317,"-14.52,-14.45,-17.33,-14.45",0,10,-19.36842105263158,0.08685446009389672,0.13615023474178403,5.387323943661972,19.969933415514188,21.16017122600101,1.1902378104868294,1.0,rule_side
ext15bps_further0bps_entry22c,YES,55,426,0.1267605633802817,0.4,-15.028169014084508,-16.85981308411215,"-14.80,-14.74,-16.86,-13.70",0,10,-19.105263157894736,0.08685446009389672,0.13615023474178403,5.387323943661972,19.969933415514188,21.16017122600101,1.1902378104868294,1.0,rule_side
ext15bps_further0bps_entry22c,YES,60,426,0.11032863849765258,0.36666666666666664,-15.380281690140846,-16.953271028037385,"-15.83,-14.64,-16.95,-14.08",0,10,-19.0,0.08685446009389672,0.13615023474178403,5.387323943661972,19.969933415514188,21.16017122600101,1.1902378104868294,1.0,rule_side
ext15bps_further0bps_entry22c,YES,65,426,0.11032863849765258,0.3384615384615385,-14.828638497652582,-16.53271028037383,"-15.32,-14.03,-16.53,-13.42",0,10,-18.75,0.08685446009389672,0.13615023474178403,5.387323943661972,19.969933415514188,21.16017122600101,1.1902378104868294,1.0,rule_side
ext15bps_further0bps_entry22c,YES,70,426,0.1056338028169014,0.3142857142857143,-14.605633802816902,-16.11214953271028,"-15.46,-13.42,-16.11,-13.42",0,10,-18.5,0.08685446009389672,0.13615023474178403,5.387323943661972,19.969933415514188,21.16017122600101,1.1902378104868294,1.0,rule_side
ext15bps_further0bps_entry22c,YES,75,426,0.10093896713615023,0.29333333333333333,-14.429577464788732,-15.69158878504673,"-14.99,-13.51,-15.69,-13.51",0,10,-18.25,0.08685446009389672,0.13615023474178403,5.387323943661972,19.969933415514188,21.16017122600101,1.1902378104868294,1.0,rule_side
ext15bps_further0bps_entry22c,YES,80,426,0.09624413145539906,0.275,-14.300469483568076,-15.271028037383177,"-14.52,-14.45,-15.27,-12.94",0,10,-18.0,0.08685446009389672,0.13615023474178403,5.387323943661972,19.969933415514188,21.16017122600101,1.1902378104868294,1.0,rule_side
ext15bps_further0bps_entry22c,YES,85,426,0.09389671361502347,0.25882352941176473,-14.018779342723004,-15.644859813084112,"-14.06,-13.98,-15.64,-12.38",0,10,-17.75,0.08685446009389672,0.13615023474178403,5.387323943661972,19.969933415514188,21.16017122600101,1.1902378104868294,1.0,rule_side
ext15bps_further0bps_entry22c,YES,99,426,0.08685446009389672,0.2222222222222222,-13.401408450704226,-15.523364485981308,"-12.75,-13.59,-15.52,-11.73",0,10,-19.394736842105264,0.08685446009389672,0.13615023474178403,5.387323943661972,19.969933415514188,21.16017122600101,1.1902378104868294,1.0,rule_side
ext15bps_further0bps_entry23c,NO,45,454,0.13215859030837004,0.5111111111111111,-17.05286343612335,-18.221238938053098,"-17.08,-15.43,-17.47,-18.22",0,10,-20.1875,0.06167400881057269,0.11894273127753303,5.3744493392070485,20.349886765545218,21.66944007014658,1.319553304601365,0.0,rule_side
ext15bps_further0bps_entry23c,NO,50,454,0.1277533039647577,0.46,-16.612334801762113,-17.690265486725664,"-16.86,-14.59,-17.30,-17.69",0,10,-19.875,0.06167400881057269,0.11894273127753303,5.3744493392070485,20.349886765545218,21.66944007014658,1.319553304601365,0.0,rule_side
ext15bps_further0bps_entry23c,NO,55,454,0.1277533039647577,0.41818181818181815,-15.973568281938325,-17.15929203539823,"-16.25,-13.75,-16.73,-17.16",0,10,-19.5625,0.06167400881057269,0.11894273127753303,5.3744493392070485,20.349886765545218,21.66944007014658,1.319553304601365,0.0,rule_side
ext15bps_further0bps_entry23c,NO,60,454,0.11674008810572688,0.38333333333333336,-15.995594713656388,-17.210526315789473,"-16.16,-13.44,-17.21,-17.16",0,10,-21.46153846153846,0.06167400881057269,0.11894273127753303,5.3744493392070485,20.349886765545218,21.66944007014658,1.319553304601365,0.0,rule_side
ext15bps_further0bps_entry23c,NO,65,454,0.10792951541850221,0.35384615384615387,-15.984581497797357,-17.24778761061947,"-16.73,-13.22,-16.73,-17.25",0,10,-21.333333333333332,0.06167400881057269,0.11894273127753303,5.3744493392070485,20.349886765545218,21.66944007014658,1.319553304601365,0.0,rule_side
ext15bps_further0bps_entry23c,NO,70,454,0.09691629955947137,0.32857142857142857,-16.215859030837006,-17.473684210526315,"-16.86,-13.71,-17.47,-16.81",0,10,-23.0,0.06167400881057269,0.11894273127753303,5.3744493392070485,20.349886765545218,21.66944007014658,1.319553304601365,0.0,rule_side
ext15bps_further0bps_entry23c,NO,75,454,0.08370044052863436,0.30666666666666664,-16.722466960352424,-18.394736842105264,"-17.08,-15.04,-18.39,-16.36",0,10,-23.0,0.06167400881057269,0.11894273127753303,5.3744493392070485,20.349886765545218,21.66944007014658,1.319553304601365,0.0,rule_side
ext15bps_further0bps_entry23c,NO,80,454,0.07709251101321586,0.2875,-16.83259911894273,-18.789473684210527,"-16.68,-15.21,-18.79,-16.63",0,10,-23.0,0.06167400881057269,0.11894273127753303,5.3744493392070485,20.349886765545218,21.66944007014658,1.319553304601365,0.0,rule_side
ext15bps_further0bps_entry23c,NO,85,454,0.06607929515418502,0.27058823529411763,-17.383259911894275,-19.271929824561404,"-17.78,-15.48,-19.27,-16.98",0,10,-23.0,0.06167400881057269,0.11894273127753303,5.3744493392070485,20.349886765545218,21.66944007014658,1.319553304601365,0.0,rule_side
ext15bps_further0bps_entry23c,NO,99,454,0.06167400881057269,0.23232323232323232,-16.894273127753305,-19.526315789473685,"-16.92,-15.12,-19.53,-15.99",0,10,-23.0,0.06167400881057269,0.11894273127753303,5.3744493392070485,20.349886765545218,21.66944007014658,1.319553304601365,0.0,rule_side
ext15bps_further0bps_entry23c,YES,45,446,0.1547085201793722,0.5111111111111111,-16.03811659192825,-17.776785714285715,"-15.37,-15.30,-17.78,-15.70",0,10,-18.5,0.08968609865470852,0.1412556053811659,5.329596412556054,19.93329512533909,20.996528100538228,1.0632329751991418,1.0,rule_side
ext15bps_further0bps_entry23c,YES,50,446,0.14798206278026907,0.46,-15.600896860986547,-17.642857142857142,"-14.52,-15.34,-17.64,-14.89",0,10,-19.25,0.08968609865470852,0.1412556053811659,5.329596412556054,19.93329512533909,20.996528100538228,1.0632329751991418,1.0,rule_side
ext15bps_further0bps_entry23c,YES,55,446,0.13901345291479822,0.41818181818181815,-15.354260089686099,-17.107142857142858,"-14.65,-15.57,-17.11,-14.08",0,10,-18.875,0.08968609865470852,0.1412556053811659,5.329596412556054,19.93329512533909,20.996528100538228,1.0632329751991418,1.0,rule_side
ext15bps_further0bps_entry23c,YES,60,446,0.12331838565022421,0.38333333333333336,-15.600896860986547,-17.107142857142858,"-15.50,-15.43,-17.11,-14.35",0,10,-20.0,0.08968609865470852,0.1412556053811659,5.329596412556054,19.93329512533909,20.996528100538228,1.0632329751991418,1.0,rule_side
ext15bps_further0bps_entry23c,YES,65,446,0.11883408071748879,0.35384615384615387,-15.27578475336323,-17.196428571428573,"-14.88,-14.80,-17.20,-14.22",0,10,-19.75,0.08968609865470852,0.1412556053811659,5.329596412556054,19.93329512533909,20.996528100538228,1.0632329751991418,1.0,rule_side
ext15bps_further0bps_entry23c,YES,70,446,0.11434977578475336,0.32857142857142857,-14.995515695067265,-16.75,"-14.88,-14.17,-16.75,-14.17",0,10,-19.5,0.08968609865470852,0.1412556053811659,5.329596412556054,19.93329512533909,20.996528100538228,1.0632329751991418,1.0,rule_side
ext15bps_further0bps_entry23c,YES,75,446,0.10538116591928251,0.30666666666666664,-15.096412556053812,-16.303571428571427,"-15.63,-14.22,-16.30,-14.22",0,10,-19.25,0.08968609865470852,0.1412556053811659,5.329596412556054,19.93329512533909,20.996528100538228,1.0632329751991418,1.0,rule_side
ext15bps_further0bps_entry23c,YES,80,446,0.10089686098654709,0.2875,-14.928251121076233,-15.857142857142858,"-15.14,-15.07,-15.86,-13.63",0,10,-19.0,0.08968609865470852,0.1412556053811659,5.329596412556054,19.93329512533909,20.996528100538228,1.0632329751991418,1.0,rule_side
ext15bps_further0bps_entry23c,YES,85,446,0.09641255605381166,0.27058823529411763,-14.804932735426009,-16.169642857142858,"-14.65,-14.58,-16.17,-13.81",0,10,-18.75,0.08968609865470852,0.1412556053811659,5.329596412556054,19.93329512533909,20.996528100538228,1.0632329751991418,1.0,rule_side
ext15bps_further0bps_entry23c,YES,99,446,0.08968609865470852,0.23232323232323232,-14.121076233183857,-15.928571428571429,"-13.28,-14.08,-15.93,-13.19",0,10,-18.05,0.08968609865470852,0.1412556053811659,5.329596412556054,19.93329512533909,20.996528100538228,1.0632329751991418,1.0,rule_side
ext15bps_further0bps_entry24c,NO,45,464,0.13793103448275862,0.5333333333333333,-17.79310344827586,-19.344827586206897,"-17.79,-16.24,-17.79,-19.34",0,10,-21.352941176470587,0.0668103448275862,0.12284482758620689,5.301724137931035,20.371832669968914,21.644645294950045,1.272812624981134,0.0,rule_side
ext15bps_further0bps_entry24c,NO,50,464,0.1336206896551724,0.48,-17.31896551724138,-18.82758620689655,"-17.53,-15.38,-17.53,-18.83",0,10,-21.058823529411764,0.0668103448275862,0.12284482758620689,5.301724137931035,20.371832669968914,21.644645294950045,1.272812624981134,0.0,rule_side
ext15bps_further0bps_entry24c,NO,55,464,0.1336206896551724,0.43636363636363634,-16.650862068965516,-18.310344827586206,"-16.89,-14.52,-16.89,-18.31",0,10,-20.764705882352942,0.0668103448275862,0.12284482758620689,5.301724137931035,20.371832669968914,21.644645294950045,1.272812624981134,0.0,rule_side
ext15bps_further0bps_entry24c,NO,60,464,0.1206896551724138,0.4,-16.75862068965517,-18.310344827586206,"-17.28,-14.17,-17.28,-18.31",0,10,-21.0,0.0668103448275862,0.12284482758620689,5.301724137931035,20.371832669968914,21.644645294950045,1.272812624981134,0.0,rule_side
ext15bps_further0bps_entry24c,NO,65,464,0.11206896551724138,0.36923076923076925,-16.71551724137931,-18.396551724137932,"-17.84,-13.91,-16.72,-18.40",0,10,-20.75,0.0668103448275862,0.12284482758620689,5.301724137931035,20.371832669968914,21.644645294950045,1.272812624981134,0.0,rule_side
ext15bps_further0bps_entry24c,NO,70,464,0.10129310344827586,0.34285714285714286,-16.90948275862069,-17.96551724137931,"-17.97,-14.34,-17.36,-17.97",0,10,-22.25,0.0668103448275862,0.12284482758620689,5.301724137931035,20.371832669968914,21.644645294950045,1.272812624981134,0.0,rule_side
ext15bps_further0bps_entry24c,NO,75,464,0.08836206896551724,0.32,-17.372844827586206,-18.18103448275862,"-18.18,-15.59,-18.18,-17.53",0,10,-22.125,0.0668103448275862,0.12284482758620689,5.301724137931035,20.371832669968914,21.644645294950045,1.272812624981134,0.0,rule_side
ext15bps_further0bps_entry24c,NO,80,464,0.08189655172413793,0.3,-17.448275862068964,-18.482758620689655,"-17.79,-15.72,-18.48,-17.79",0,10,-22.0,0.0668103448275862,0.12284482758620689,5.301724137931035,20.371832669968914,21.644645294950045,1.272812624981134,0.0,rule_side
ext15bps_further0bps_entry24c,NO,85,464,0.07112068965517242,0.2823529411764706,-17.954741379310345,-18.870689655172413,"-18.87,-15.94,-18.87,-18.14",0,10,-21.875,0.0668103448275862,0.12284482758620689,5.301724137931035,20.371832669968914,21.644645294950045,1.272812624981134,0.0,rule_side
ext15bps_further0bps_entry24c,NO,99,464,0.0668103448275862,0.24242424242424243,-17.385775862068964,-18.879310344827587,"-18.03,-15.47,-18.88,-17.17",0,10,-21.525,0.0668103448275862,0.12284482758620689,5.301724137931035,20.371832669968914,21.644645294950045,1.272812624981134,0.0,rule_side
ext15bps_further0bps_entry24c,YES,45,460,0.1608695652173913,0.5333333333333333,-16.76086956521739,-18.91304347826087,"-16.17,-15.78,-18.91,-16.17",0,10,-19.5,0.09130434782608696,0.14347826086956522,5.273913043478261,20.011404234033193,21.06328421930561,1.0518799852724168,1.0,rule_side
ext15bps_further0bps_entry24c,YES,50,460,0.15434782608695652,0.48,-16.282608695652176,-18.782608695652176,"-15.30,-15.74,-18.78,-15.30",0,10,-20.25,0.09130434782608696,0.14347826086956522,5.273913043478261,20.011404234033193,21.06328421930561,1.0518799852724168,1.0,rule_side
ext15bps_further0bps_entry24c,YES,55,460,0.14565217391304347,0.43636363636363634,-15.98913043478261,-18.26086956521739,"-15.39,-15.87,-18.26,-14.43",0,10,-19.875,0.09130434782608696,0.14347826086956522,5.273913043478261,20.011404234033193,21.06328421930561,1.0518799852724168,1.0,rule_side
ext15bps_further0bps_entry24c,YES,60,460,0.13043478260869565,0.4,-16.17391304347826,-18.26086956521739,"-16.17,-15.65,-18.26,-14.61",0,10,-21.0,0.09130434782608696,0.14347826086956522,5.273913043478261,20.011404234033193,21.06328421930561,1.0518799852724168,1.0,rule_side
ext15bps_further0bps_entry24c,YES,65,460,0.12608695652173912,0.36923076923076925,-15.804347826086957,-18.347826086956523,"-15.52,-14.96,-18.35,-14.39",0,10,-20.75,0.09130434782608696,0.14347826086956522,5.273913043478261,20.011404234033193,21.06328421930561,1.0518799852724168,1.0,rule_side
ext15bps_further0bps_entry24c,YES,70,460,0.11956521739130435,0.34285714285714286,-15.630434782608695,-17.91304347826087,"-15.48,-14.26,-17.91,-14.87",0,10,-20.5,0.09130434782608696,0.14347826086956522,5.273913043478261,20.011404234033193,21.06328421930561,1.0518799852724168,1.0,rule_side
ext15bps_further0bps_entry24c,YES,75,460,0.1108695652173913,0.32,-15.684782608695652,-17.47826086956522,"-16.17,-14.22,-17.48,-14.87",0,10,-20.25,0.09130434782608696,0.14347826086956522,5.273913043478261,20.011404234033193,21.06328421930561,1.0518799852724168,1.0,rule_side
ext15bps_further0bps_entry24c,YES,80,460,0.10652173913043478,0.3,-15.478260869565217,-17.043478260869566,"-15.65,-14.96,-17.04,-14.26",0,10,-20.0,0.09130434782608696,0.14347826086956522,5.273913043478261,20.011404234033193,21.06328421930561,1.0518799852724168,1.0,rule_side
ext15bps_further0bps_entry24c,YES,85,460,0.1,0.2823529411764706,-15.5,-17.347826086956523,"-15.13,-14.39,-17.35,-15.13",0,10,-19.75,0.09130434782608696,0.14347826086956522,5.273913043478261,20.011404234033193,21.06328421930561,1.0518799852724168,1.0,rule_side
ext15bps_further0bps_entry24c,YES,99,460,0.09130434782608696,0.24242424242424243,-14.960869565217392,-17.11304347826087,"-13.67,-14.53,-17.11,-14.53",0,10,-19.05,0.09130434782608696,0.14347826086956522,5.273913043478261,20.011404234033193,21.06328421930561,1.0518799852724168,1.0,rule_side
ext15bps_further0bps_entry25c,NO,45,472,0.13983050847457626,0.5555555555555556,-18.70762711864407,-20.04237288135593,"-18.90,-16.99,-18.90,-20.04",0,10,-22.5,0.06991525423728813,0.1228813559322034,5.237288135593221,20.362121871810892,21.57177188103942,1.209650009228531,0.0,rule_side
ext15bps_further0bps_entry25c,NO,50,472,0.13559322033898305,0.5,-18.220338983050848,-19.491525423728813,"-18.64,-16.10,-18.64,-19.49",0,10,-22.22222222222222,0.06991525423728813,0.1228813559322034,5.237288135593221,20.362121871810892,21.57177188103942,1.209650009228531,0.0,rule_side
ext15bps_further0bps_entry25c,NO,55,472,0.13559322033898305,0.45454545454545453,-17.54237288135593,-18.940677966101696,"-18.01,-15.21,-18.01,-18.94",0,10,-21.944444444444443,0.06991525423728813,0.1228813559322034,5.237288135593221,20.362121871810892,21.57177188103942,1.209650009228531,0.0,rule_side
ext15bps_further0bps_entry25c,NO,60,472,0.1228813559322034,0.4166666666666667,-17.627118644067796,-18.89830508474576,"-18.39,-14.83,-18.39,-18.90",0,10,-22.0,0.06991525423728813,0.1228813559322034,5.237288135593221,20.362121871810892,21.57177188103942,1.209650009228531,0.0,rule_side
ext15bps_further0bps_entry25c,NO,65,472,0.11440677966101695,0.38461538461538464,-17.5635593220339,-18.940677966101696,"-18.94,-14.53,-17.84,-18.94",0,10,-21.75,0.06991525423728813,0.1228813559322034,5.237288135593221,20.362121871810892,21.57177188103942,1.209650009228531,0.0,rule_side
ext15bps_further0bps_entry25c,NO,70,472,0.1038135593220339,0.35714285714285715,-17.733050847457626,-19.06779661016949,"-19.07,-14.92,-18.47,-18.47",0,10,-23.25,0.06991525423728813,0.1228813559322034,5.237288135593221,20.362121871810892,21.57177188103942,1.209650009228531,0.0,rule_side
ext15bps_further0bps_entry25c,NO,75,472,0.09110169491525423,0.3333333333333333,-18.16737288135593,-19.279661016949152,"-19.28,-16.10,-19.28,-18.01",0,10,-23.125,0.06991525423728813,0.1228813559322034,5.237288135593221,20.362121871810892,21.57177188103942,1.209650009228531,0.0,rule_side
ext15bps_further0bps_entry25c,NO,80,472,0.0847457627118644,0.3125,-18.220338983050848,-19.576271186440678,"-18.90,-16.19,-19.58,-18.22",0,10,-23.0,0.06991525423728813,0.1228813559322034,5.237288135593221,20.362121871810892,21.57177188103942,1.209650009228531,0.0,rule_side
ext15bps_further0bps_entry25c,NO,85,472,0.07415254237288135,0.29411764705882354,-18.697033898305083,-19.95762711864407,"-19.96,-16.36,-19.96,-18.52",0,10,-22.875,0.06991525423728813,0.1228813559322034,5.237288135593221,20.362121871810892,21.57177188103942,1.209650009228531,0.0,rule_side
ext15bps_further0bps_entry25c,NO,99,472,0.06991525423728813,0.25252525252525254,-18.078389830508474,-19.966101694915253,"-19.13,-15.77,-19.97,-17.45",0,10,-22.525,0.06991525423728813,0.1228813559322034,5.237288135593221,20.362121871810892,21.57177188103942,1.209650009228531,0.0,rule_side
ext15bps_further0bps_entry25c,YES,45,486,0.1748971193415638,0.5555555555555556,-17.12962962962963,-17.991803278688526,"-16.15,-16.82,-17.99,-17.56",0,10,-20.5,0.09465020576131687,0.1522633744855967,5.1646090534979425,20.03276834743163,21.01751371019774,0.9847453627661059,1.0,rule_side
ext15bps_further0bps_entry25c,YES,50,486,0.16872427983539096,0.5,-16.56378600823045,-17.62295081967213,"-15.16,-16.74,-17.62,-16.74",0,10,-20.0,0.09465020576131687,0.1522633744855967,5.1646090534979425,20.03276834743163,21.01751371019774,0.9847453627661059,1.0,rule_side
ext15bps_further0bps_entry25c,YES,55,486,0.15843621399176955,0.45454545454545453,-16.286008230452676,-17.33606557377049,"-15.08,-16.82,-17.34,-15.91",0,10,-20.11111111111111,0.09465020576131687,0.1522633744855967,5.1646090534979425,20.03276834743163,21.01751371019774,0.9847453627661059,1.0,rule_side
ext15bps_further0bps_entry25c,YES,60,486,0.1440329218106996,0.4166666666666667,-16.358024691358025,-17.131147540983605,"-15.66,-16.57,-17.13,-16.07",0,10,-22.0,0.09465020576131687,0.1522633744855967,5.1646090534979425,20.03276834743163,21.01751371019774,0.9847453627661059,1.0,rule_side
ext15bps_further0bps_entry25c,YES,65,486,0.13991769547325103,0.38461538461538464,-15.905349794238683,-17.008196721311474,"-14.88,-15.87,-17.01,-15.87",0,10,-21.75,0.09465020576131687,0.1522633744855967,5.1646090534979425,20.03276834743163,21.01751371019774,0.9847453627661059,1.0,rule_side
ext15bps_further0bps_entry25c,YES,70,486,0.13168724279835392,0.35714285714285715,-15.781893004115226,-16.9672131147541,"-14.67,-15.17,-16.97,-16.32",0,10,-21.5,0.09465020576131687,0.1522633744855967,5.1646090534979425,20.03276834743163,21.01751371019774,0.9847453627661059,1.0,rule_side
ext15bps_further0bps_entry25c,YES,75,486,0.11728395061728394,0.3333333333333333,-16.203703703703702,-17.62295081967213,"-15.78,-15.08,-17.62,-16.32",0,10,-21.25,0.09465020576131687,0.1522633744855967,5.1646090534979425,20.03276834743163,21.01751371019774,0.9847453627661059,1.0,rule_side
ext15bps_further0bps_entry25c,YES,80,486,0.11316872427983539,0.3125,-15.946502057613168,-17.131147540983605,"-15.16,-15.74,-17.13,-15.74",0,10,-21.0,0.09465020576131687,0.1522633744855967,5.1646090534979425,20.03276834743163,21.01751371019774,0.9847453627661059,1.0,rule_side
ext15bps_further0bps_entry25c,YES,85,486,0.10493827160493827,0.29411764705882354,-16.080246913580247,-17.33606557377049,"-15.25,-15.17,-17.34,-16.57",0,10,-20.75,0.09465020576131687,0.1522633744855967,5.1646090534979425,20.03276834743163,21.01751371019774,0.9847453627661059,1.0,rule_side
ext15bps_further0bps_entry25c,YES,99,486,0.09465020576131687,0.25252525252525254,-15.62962962962963,-16.885245901639344,"-14.45,-15.18,-16.89,-16.00",0,10,-20.05,0.09465020576131687,0.1522633744855967,5.1646090534979425,20.03276834743163,21.01751371019774,0.9847453627661059,1.0,rule_side
ext15bps_further10bps_entry20c,NO,45,29,0.034482758620689655,0.4444444444444444,-18.448275862068964,-20.0,"-20.00,-20.00,-13.57,-20.00",0,9,-20.0,0.034482758620689655,0.034482758620689655,4.896551724137931,26.600125275517964,45.01738624515881,18.417260969640843,0.0,rule_side
ext15bps_further10bps_entry20c,NO,50,29,0.034482758620689655,0.4,-18.275862068965516,-20.0,"-20.00,-20.00,-12.86,-20.00",0,9,-20.0,0.034482758620689655,0.034482758620689655,4.896551724137931,26.600125275517964,45.01738624515881,18.417260969640843,0.0,rule_side
ext15bps_further10bps_entry20c,NO,55,29,0.034482758620689655,0.36363636363636365,-18.103448275862068,-20.0,"-20.00,-20.00,-12.14,-20.00",0,9,-20.0,0.034482758620689655,0.034482758620689655,4.896551724137931,26.600125275517964,45.01738624515881,18.417260969640843,0.0,rule_side
ext15bps_further10bps_entry20c,NO,60,29,0.034482758620689655,0.3333333333333333,-17.93103448275862,-20.0,"-20.00,-20.00,-11.43,-20.00",0,9,-20.0,0.034482758620689655,0.034482758620689655,4.896551724137931,26.600125275517964,45.01738624515881,18.417260969640843,0.0,rule_side
ext15bps_further10bps_entry20c,NO,65,29,0.034482758620689655,0.3076923076923077,-17.75862068965517,-20.0,"-20.00,-20.00,-10.71,-20.00",0,9,-20.0,0.034482758620689655,0.034482758620689655,4.896551724137931,26.600125275517964,45.01738624515881,18.417260969640843,0.0,rule_side
ext15bps_further10bps_entry20c,NO,70,29,0.034482758620689655,0.2857142857142857,-17.586206896551722,-20.0,"-20.00,-20.00,-10.00,-20.00",0,9,-20.0,0.034482758620689655,0.034482758620689655,4.896551724137931,26.600125275517964,45.01738624515881,18.417260969640843,0.0,rule_side
ext15bps_further10bps_entry20c,NO,75,29,0.034482758620689655,0.26666666666666666,-17.413793103448278,-20.0,"-20.00,-20.00,-9.29,-20.00",0,9,-20.0,0.034482758620689655,0.034482758620689655,4.896551724137931,26.600125275517964,45.01738624515881,18.417260969640843,0.0,rule_side
ext15bps_further10bps_entry20c,NO,80,29,0.034482758620689655,0.25,-17.24137931034483,-20.0,"-20.00,-20.00,-8.57,-20.00",0,9,-20.0,0.034482758620689655,0.034482758620689655,4.896551724137931,26.600125275517964,45.01738624515881,18.417260969640843,0.0,rule_side
ext15bps_further10bps_entry20c,NO,85,29,0.034482758620689655,0.23529411764705882,-17.06896551724138,-20.0,"-20.00,-20.00,-7.86,-20.00",0,9,-20.0,0.034482758620689655,0.034482758620689655,4.896551724137931,26.600125275517964,45.01738624515881,18.417260969640843,0.0,rule_side
ext15bps_further10bps_entry20c,NO,99,29,0.034482758620689655,0.20202020202020202,-16.586206896551722,-20.0,"-20.00,-20.00,-5.86,-20.00",0,9,-20.0,0.034482758620689655,0.034482758620689655,4.896551724137931,26.600125275517964,45.01738624515881,18.417260969640843,0.0,rule_side
ext15bps_further10bps_entry21c,NO,45,30,0.03333333333333333,0.4666666666666667,-19.5,-21.0,"-21.00,-21.00,-15.38,-21.00",0,9,-21.0,0.03333333333333333,0.03333333333333333,4.833333333333333,26.444117977557838,44.77357737428403,18.329459396726186,0.0,rule_side
ext15bps_further10bps_entry21c,NO,50,30,0.03333333333333333,0.42,-19.333333333333332,-21.0,"-21.00,-21.00,-14.75,-21.00",0,9,-21.0,0.03333333333333333,0.03333333333333333,4.833333333333333,26.444117977557838,44.77357737428403,18.329459396726186,0.0,rule_side
ext15bps_further10bps_entry21c,NO,55,30,0.03333333333333333,0.38181818181818183,-19.166666666666668,-21.0,"-21.00,-21.00,-14.12,-21.00",0,9,-21.0,0.03333333333333333,0.03333333333333333,4.833333333333333,26.444117977557838,44.77357737428403,18.329459396726186,0.0,rule_side
ext15bps_further10bps_entry21c,NO,60,30,0.03333333333333333,0.35,-19.0,-21.0,"-21.00,-21.00,-13.50,-21.00",0,9,-21.0,0.03333333333333333,0.03333333333333333,4.833333333333333,26.444117977557838,44.77357737428403,18.329459396726186,0.0,rule_side
ext15bps_further10bps_entry21c,NO,65,30,0.03333333333333333,0.3230769230769231,-18.833333333333332,-21.0,"-21.00,-21.00,-12.88,-21.00",0,9,-21.0,0.03333333333333333,0.03333333333333333,4.833333333333333,26.444117977557838,44.77357737428403,18.329459396726186,0.0,rule_side
ext15bps_further10bps_entry21c,NO,70,30,0.03333333333333333,0.3,-18.666666666666668,-21.0,"-21.00,-21.00,-12.25,-21.00",0,9,-21.0,0.03333333333333333,0.03333333333333333,4.833333333333333,26.444117977557838,44.77357737428403,18.329459396726186,0.0,rule_side
ext15bps_further10bps_entry21c,NO,75,30,0.03333333333333333,0.28,-18.5,-21.0,"-21.00,-21.00,-11.62,-21.00",0,9,-21.0,0.03333333333333333,0.03333333333333333,4.833333333333333,26.444117977557838,44.77357737428403,18.329459396726186,0.0,rule_side
ext15bps_further10bps_entry21c,NO,80,30,0.03333333333333333,0.2625,-18.333333333333332,-21.0,"-21.00,-21.00,-11.00,-21.00",0,9,-21.0,0.03333333333333333,0.03333333333333333,4.833333333333333,26.444117977557838,44.77357737428403,18.329459396726186,0.0,rule_side
ext15bps_further10bps_entry21c,NO,85,30,0.03333333333333333,0.24705882352941178,-18.166666666666668,-21.0,"-21.00,-21.00,-10.38,-21.00",0,9,-21.0,0.03333333333333333,0.03333333333333333,4.833333333333333,26.444117977557838,44.77357737428403,18.329459396726186,0.0,rule_side
ext15bps_further10bps_entry21c,NO,99,30,0.03333333333333333,0.21212121212121213,-17.7,-21.0,"-21.00,-21.00,-8.62,-21.00",0,9,-21.0,0.03333333333333333,0.03333333333333333,4.833333333333333,26.444117977557838,44.77357737428403,18.329459396726186,0.0,rule_side
ext15bps_further10bps_entry21c,YES,45,25,0.08,0.4666666666666667,-17.4,-21.0,"-14.57,-21.00,-13.50,-21.00",0,8,-21.0,0.0,0.12,4.96,21.662323264533924,38.787635762715425,17.1253124981815,1.0,rule_side
ext15bps_further10bps_entry21c,YES,50,25,0.08,0.42,-17.0,-21.0,"-13.86,-21.00,-12.67,-21.00",0,8,-21.0,0.0,0.12,4.96,21.662323264533924,38.787635762715425,17.1253124981815,1.0,rule_side
ext15bps_further10bps_entry21c,YES,55,25,0.04,0.38181818181818183,-18.8,-21.0,"-13.14,-21.00,-21.00,-21.00",0,8,-21.0,0.0,0.12,4.96,21.662323264533924,38.787635762715425,17.1253124981815,1.0,rule_side
ext15bps_further10bps_entry21c,YES,60,25,0.0,0.35,-21.0,-21.0,"-21.00,-21.00,-21.00,-21.00",0,8,-21.0,0.0,0.12,4.96,21.662323264533924,38.787635762715425,17.1253124981815,1.0,rule_side
ext15bps_further10bps_entry21c,YES,65,25,0.0,0.3230769230769231,-21.0,-21.0,"-21.00,-21.00,-21.00,-21.00",0,8,-21.0,0.0,0.12,4.96,21.662323264533924,38.787635762715425,17.1253124981815,1.0,rule_side
ext15bps_further10bps_entry21c,YES,70,25,0.0,0.3,-21.0,-21.0,"-21.00,-21.00,-21.00,-21.00",0,8,-21.0,0.0,0.12,4.96,21.662323264533924,38.787635762715425,17.1253124981815,1.0,rule_side
ext15bps_further10bps_entry21c,YES,75,25,0.0,0.28,-21.0,-21.0,"-21.00,-21.00,-21.00,-21.00",0,8,-21.0,0.0,0.12,4.96,21.662323264533924,38.787635762715425,17.1253124981815,1.0,rule_side
ext15bps_further10bps_entry21c,YES,80,25,0.0,0.2625,-21.0,-21.0,"-21.00,-21.00,-21.00,-21.00",0,8,-21.0,0.0,0.12,4.96,21.662323264533924,38.787635762715425,17.1253124981815,1.0,rule_side
ext15bps_further10bps_entry21c,YES,85,25,0.0,0.24705882352941178,-21.0,-21.0,"-21.00,-21.00,-21.00,-21.00",0,8,-21.0,0.0,0.12,4.96,21.662323264533924,38.787635762715425,17.1253124981815,1.0,rule_side
ext15bps_further10bps_entry21c,YES,99,25,0.0,0.21212121212121213,-21.0,-21.0,"-21.00,-21.00,-21.00,-21.00",0,8,-21.0,0.0,0.12,4.96,21.662323264533924,38.787635762715425,17.1253124981815,1.0,rule_side
ext15bps_further10bps_entry22c,NO,45,31,0.03225806451612903,0.4888888888888889,-20.548387096774192,-22.0,"-22.00,-22.00,-16.38,-22.00",0,9,-22.0,0.03225806451612903,0.03225806451612903,4.774193548387097,27.147348521611544,47.59955017700412,20.452201655392567,0.0,rule_side
ext15bps_further10bps_entry22c,NO,50,31,0.03225806451612903,0.44,-20.387096774193548,-22.0,"-22.00,-22.00,-15.75,-22.00",0,9,-22.0,0.03225806451612903,0.03225806451612903,4.774193548387097,27.147348521611544,47.59955017700412,20.452201655392567,0.0,rule_side
ext15bps_further10bps_entry22c,NO,55,31,0.03225806451612903,0.4,-20.225806451612904,-22.0,"-22.00,-22.00,-15.12,-22.00",0,9,-22.0,0.03225806451612903,0.03225806451612903,4.774193548387097,27.147348521611544,47.59955017700412,20.452201655392567,0.0,rule_side
ext15bps_further10bps_entry22c,NO,60,31,0.03225806451612903,0.36666666666666664,-20.06451612903226,-22.0,"-22.00,-22.00,-14.50,-22.00",0,9,-22.0,0.03225806451612903,0.03225806451612903,4.774193548387097,27.147348521611544,47.59955017700412,20.452201655392567,0.0,rule_side
ext15bps_further10bps_entry22c,NO,65,31,0.03225806451612903,0.3384615384615385,-19.903225806451612,-22.0,"-22.00,-22.00,-13.88,-22.00",0,9,-22.0,0.03225806451612903,0.03225806451612903,4.774193548387097,27.147348521611544,47.59955017700412,20.452201655392567,0.0,rule_side
ext15bps_further10bps_entry22c,NO,70,31,0.03225806451612903,0.3142857142857143,-19.741935483870968,-22.0,"-22.00,-22.00,-13.25,-22.00",0,9,-22.0,0.03225806451612903,0.03225806451612903,4.774193548387097,27.147348521611544,47.59955017700412,20.452201655392567,0.0,rule_side
ext15bps_further10bps_entry22c,NO,75,31,0.03225806451612903,0.29333333333333333,-19.580645161290324,-22.0,"-22.00,-22.00,-12.62,-22.00",0,9,-22.0,0.03225806451612903,0.03225806451612903,4.774193548387097,27.147348521611544,47.59955017700412,20.452201655392567,0.0,rule_side
ext15bps_further10bps_entry22c,NO,80,31,0.03225806451612903,0.275,-19.419354838709676,-22.0,"-22.00,-22.00,-12.00,-22.00",0,9,-22.0,0.03225806451612903,0.03225806451612903,4.774193548387097,27.147348521611544,47.59955017700412,20.452201655392567,0.0,rule_side
ext15bps_further10bps_entry22c,NO,85,31,0.03225806451612903,0.25882352941176473,-19.258064516129032,-22.0,"-22.00,-22.00,-11.38,-22.00",0,9,-22.0,0.03225806451612903,0.03225806451612903,4.774193548387097,27.147348521611544,47.59955017700412,20.452201655392567,0.0,rule_side
ext15bps_further10bps_entry22c,NO,99,31,0.03225806451612903,0.2222222222222222,-18.806451612903224,-22.0,"-22.00,-22.00,-9.62,-22.00",0,9,-22.0,0.03225806451612903,0.03225806451612903,4.774193548387097,27.147348521611544,47.59955017700412,20.452201655392567,0.0,rule_side
ext15bps_further10bps_entry22c,YES,45,26,0.07692307692307693,0.4888888888888889,-18.53846153846154,-22.0,"-15.57,-22.00,-15.57,-22.00",0,8,-22.0,0.0,0.11538461538461539,4.923076923076923,22.029999443740795,38.97285477940848,16.94285533566769,1.0,rule_side
ext15bps_further10bps_entry22c,YES,50,26,0.07692307692307693,0.44,-18.153846153846153,-22.0,"-14.86,-22.00,-14.86,-22.00",0,8,-22.0,0.0,0.11538461538461539,4.923076923076923,22.029999443740795,38.97285477940848,16.94285533566769,1.0,rule_side
ext15bps_further10bps_entry22c,YES,55,26,0.038461538461538464,0.4,-19.884615384615383,-22.0,"-14.14,-22.00,-22.00,-22.00",0,8,-22.0,0.0,0.11538461538461539,4.923076923076923,22.029999443740795,38.97285477940848,16.94285533566769,1.0,rule_side
ext15bps_further10bps_entry22c,YES,60,26,0.0,0.36666666666666664,-22.0,-22.0,"-22.00,-22.00,-22.00,-22.00",0,8,-22.0,0.0,0.11538461538461539,4.923076923076923,22.029999443740795,38.97285477940848,16.94285533566769,1.0,rule_side
ext15bps_further10bps_entry22c,YES,65,26,0.0,0.3384615384615385,-22.0,-22.0,"-22.00,-22.00,-22.00,-22.00",0,8,-22.0,0.0,0.11538461538461539,4.923076923076923,22.029999443740795,38.97285477940848,16.94285533566769,1.0,rule_side
ext15bps_further10bps_entry22c,YES,70,26,0.0,0.3142857142857143,-22.0,-22.0,"-22.00,-22.00,-22.00,-22.00",0,8,-22.0,0.0,0.11538461538461539,4.923076923076923,22.029999443740795,38.97285477940848,16.94285533566769,1.0,rule_side
ext15bps_further10bps_entry22c,YES,75,26,0.0,0.29333333333333333,-22.0,-22.0,"-22.00,-22.00,-22.00,-22.00",0,8,-22.0,0.0,0.11538461538461539,4.923076923076923,22.029999443740795,38.97285477940848,16.94285533566769,1.0,rule_side
ext15bps_further10bps_entry22c,YES,80,26,0.0,0.275,-22.0,-22.0,"-22.00,-22.00,-22.00,-22.00",0,8,-22.0,0.0,0.11538461538461539,4.923076923076923,22.029999443740795,38.97285477940848,16.94285533566769,1.0,rule_side
ext15bps_further10bps_entry22c,YES,85,26,0.0,0.25882352941176473,-22.0,-22.0,"-22.00,-22.00,-22.00,-22.00",0,8,-22.0,0.0,0.11538461538461539,4.923076923076923,22.029999443740795,38.97285477940848,16.94285533566769,1.0,rule_side
ext15bps_further10bps_entry22c,YES,99,26,0.0,0.2222222222222222,-22.0,-22.0,"-22.00,-22.00,-22.00,-22.00",0,8,-22.0,0.0,0.11538461538461539,4.923076923076923,22.029999443740795,38.97285477940848,16.94285533566769,1.0,rule_side
ext15bps_further10bps_entry23c,NO,45,31,0.03225806451612903,0.5111111111111111,-21.548387096774192,-23.0,"-23.00,-23.00,-17.38,-23.00",0,9,-23.0,0.03225806451612903,0.03225806451612903,4.774193548387097,27.147348521611544,47.59955017700412,20.452201655392567,0.0,rule_side
ext15bps_further10bps_entry23c,NO,50,31,0.03225806451612903,0.46,-21.387096774193548,-23.0,"-23.00,-23.00,-16.75,-23.00",0,9,-23.0,0.03225806451612903,0.03225806451612903,4.774193548387097,27.147348521611544,47.59955017700412,20.452201655392567,0.0,rule_side
ext15bps_further10bps_entry23c,NO,55,31,0.03225806451612903,0.41818181818181815,-21.225806451612904,-23.0,"-23.00,-23.00,-16.12,-23.00",0,9,-23.0,0.03225806451612903,0.03225806451612903,4.774193548387097,27.147348521611544,47.59955017700412,20.452201655392567,0.0,rule_side
ext15bps_further10bps_entry23c,NO,60,31,0.03225806451612903,0.38333333333333336,-21.06451612903226,-23.0,"-23.00,-23.00,-15.50,-23.00",0,9,-23.0,0.03225806451612903,0.03225806451612903,4.774193548387097,27.147348521611544,47.59955017700412,20.452201655392567,0.0,rule_side
ext15bps_further10bps_entry23c,NO,65,31,0.03225806451612903,0.35384615384615387,-20.903225806451612,-23.0,"-23.00,-23.00,-14.88,-23.00",0,9,-23.0,0.03225806451612903,0.03225806451612903,4.774193548387097,27.147348521611544,47.59955017700412,20.452201655392567,0.0,rule_side
ext15bps_further10bps_entry23c,NO,70,31,0.03225806451612903,0.32857142857142857,-20.741935483870968,-23.0,"-23.00,-23.00,-14.25,-23.00",0,9,-23.0,0.03225806451612903,0.03225806451612903,4.774193548387097,27.147348521611544,47.59955017700412,20.452201655392567,0.0,rule_side
ext15bps_further10bps_entry23c,NO,75,31,0.03225806451612903,0.30666666666666664,-20.580645161290324,-23.0,"-23.00,-23.00,-13.62,-23.00",0,9,-23.0,0.03225806451612903,0.03225806451612903,4.774193548387097,27.147348521611544,47.59955017700412,20.452201655392567,0.0,rule_side
ext15bps_further10bps_entry23c,NO,80,31,0.03225806451612903,0.2875,-20.419354838709676,-23.0,"-23.00,-23.00,-13.00,-23.00",0,9,-23.0,0.03225806451612903,0.03225806451612903,4.774193548387097,27.147348521611544,47.59955017700412,20.452201655392567,0.0,rule_side
ext15bps_further10bps_entry23c,NO,85,31,0.03225806451612903,0.27058823529411763,-20.258064516129032,-23.0,"-23.00,-23.00,-12.38,-23.00",0,9,-23.0,0.03225806451612903,0.03225806451612903,4.774193548387097,27.147348521611544,47.59955017700412,20.452201655392567,0.0,rule_side
ext15bps_further10bps_entry23c,NO,99,31,0.03225806451612903,0.23232323232323232,-19.806451612903224,-23.0,"-23.00,-23.00,-10.62,-23.00",0,9,-23.0,0.03225806451612903,0.03225806451612903,4.774193548387097,27.147348521611544,47.59955017700412,20.452201655392567,0.0,rule_side
ext15bps_further10bps_entry23c,YES,45,26,0.07692307692307693,0.5111111111111111,-19.53846153846154,-23.0,"-16.57,-23.00,-16.57,-23.00",0,8,-23.0,0.0,0.11538461538461539,4.923076923076923,22.029999443740795,38.97285477940848,16.94285533566769,1.0,rule_side
ext15bps_further10bps_entry23c,YES,50,26,0.07692307692307693,0.46,-19.153846153846153,-23.0,"-15.86,-23.00,-15.86,-23.00",0,8,-23.0,0.0,0.11538461538461539,4.923076923076923,22.029999443740795,38.97285477940848,16.94285533566769,1.0,rule_side
ext15bps_further10bps_entry23c,YES,55,26,0.038461538461538464,0.41818181818181815,-20.884615384615383,-23.0,"-15.14,-23.00,-23.00,-23.00",0,8,-23.0,0.0,0.11538461538461539,4.923076923076923,22.029999443740795,38.97285477940848,16.94285533566769,1.0,rule_side
ext15bps_further10bps_entry23c,YES,60,26,0.0,0.38333333333333336,-23.0,-23.0,"-23.00,-23.00,-23.00,-23.00",0,8,-23.0,0.0,0.11538461538461539,4.923076923076923,22.029999443740795,38.97285477940848,16.94285533566769,1.0,rule_side
ext15bps_further10bps_entry23c,YES,65,26,0.0,0.35384615384615387,-23.0,-23.0,"-23.00,-23.00,-23.00,-23.00",0,8,-23.0,0.0,0.11538461538461539,4.923076923076923,22.029999443740795,38.97285477940848,16.94285533566769,1.0,rule_side
ext15bps_further10bps_entry23c,YES,70,26,0.0,0.32857142857142857,-23.0,-23.0,"-23.00,-23.00,-23.00,-23.00",0,8,-23.0,0.0,0.11538461538461539,4.923076923076923,22.029999443740795,38.97285477940848,16.94285533566769,1.0,rule_side
ext15bps_further10bps_entry23c,YES,75,26,0.0,0.30666666666666664,-23.0,-23.0,"-23.00,-23.00,-23.00,-23.00",0,8,-23.0,0.0,0.11538461538461539,4.923076923076923,22.029999443740795,38.97285477940848,16.94285533566769,1.0,rule_side
ext15bps_further10bps_entry23c,YES,80,26,0.0,0.2875,-23.0,-23.0,"-23.00,-23.00,-23.00,-23.00",0,8,-23.0,0.0,0.11538461538461539,4.923076923076923,22.029999443740795,38.97285477940848,16.94285533566769,1.0,rule_side
ext15bps_further10bps_entry23c,YES,85,26,0.0,0.27058823529411763,-23.0,-23.0,"-23.00,-23.00,-23.00,-23.00",0,8,-23.0,0.0,0.11538461538461539,4.923076923076923,22.029999443740795,38.97285477940848,16.94285533566769,1.0,rule_side
ext15bps_further10bps_entry23c,YES,99,26,0.0,0.23232323232323232,-23.0,-23.0,"-23.00,-23.00,-23.00,-23.00",0,8,-23.0,0.0,0.11538461538461539,4.923076923076923,22.029999443740795,38.97285477940848,16.94285533566769,1.0,rule_side
ext15bps_further10bps_entry24c,NO,45,33,0.09090909090909091,0.5333333333333333,-19.90909090909091,-24.0,"-24.00,-18.38,-18.38,-18.38",0,9,-24.0,0.06060606060606061,0.09090909090909091,4.696969696969697,27.001256694569605,47.342845363015094,20.3415886684455,0.0,rule_side
ext15bps_further10bps_entry24c,NO,50,33,0.09090909090909091,0.48,-19.454545454545453,-24.0,"-24.00,-17.75,-17.75,-17.75",1,9,-24.0,0.06060606060606061,0.09090909090909091,4.696969696969697,27.001256694569605,47.342845363015094,20.3415886684455,0.0,rule_side
ext15bps_further10bps_entry24c,NO,55,33,0.09090909090909091,0.43636363636363634,-19.0,-24.0,"-24.00,-17.12,-17.12,-17.12",1,9,-24.0,0.06060606060606061,0.09090909090909091,4.696969696969697,27.001256694569605,47.342845363015094,20.3415886684455,0.0,rule_side
ext15bps_further10bps_entry24c,NO,60,33,0.06060606060606061,0.4,-20.363636363636363,-24.0,"-24.00,-24.00,-16.50,-16.50",1,9,-24.0,0.06060606060606061,0.09090909090909091,4.696969696969697,27.001256694569605,47.342845363015094,20.3415886684455,0.0,rule_side
ext15bps_further10bps_entry24c,NO,65,33,0.06060606060606061,0.36923076923076925,-20.060606060606062,-24.0,"-24.00,-24.00,-15.88,-15.88",1,9,-24.0,0.06060606060606061,0.09090909090909091,4.696969696969697,27.001256694569605,47.342845363015094,20.3415886684455,0.0,rule_side
ext15bps_further10bps_entry24c,NO,70,33,0.06060606060606061,0.34285714285714286,-19.757575757575758,-24.0,"-24.00,-24.00,-15.25,-15.25",1,9,-24.0,0.06060606060606061,0.09090909090909091,4.696969696969697,27.001256694569605,47.342845363015094,20.3415886684455,0.0,rule_side
ext15bps_further10bps_entry24c,NO,75,33,0.06060606060606061,0.32,-19.454545454545453,-24.0,"-24.00,-24.00,-14.62,-14.62",1,9,-24.0,0.06060606060606061,0.09090909090909091,4.696969696969697,27.001256694569605,47.342845363015094,20.3415886684455,0.0,rule_side
ext15bps_further10bps_entry24c,NO,80,33,0.06060606060606061,0.3,-19.151515151515152,-24.0,"-24.00,-24.00,-14.00,-14.00",1,9,-24.0,0.06060606060606061,0.09090909090909091,4.696969696969697,27.001256694569605,47.342845363015094,20.3415886684455,0.0,rule_side
ext15bps_further10bps_entry24c,NO,85,33,0.06060606060606061,0.2823529411764706,-18.848484848484848,-24.0,"-24.00,-24.00,-13.38,-13.38",1,9,-24.0,0.06060606060606061,0.09090909090909091,4.696969696969697,27.001256694569605,47.342845363015094,20.3415886684455,0.0,rule_side
ext15bps_further10bps_entry24c,NO,99,33,0.06060606060606061,0.24242424242424243,-18.0,-24.0,"-24.00,-24.00,-11.62,-11.62",1,9,-24.0,0.06060606060606061,0.09090909090909091,4.696969696969697,27.001256694569605,47.342845363015094,20.3415886684455,0.0,rule_side
ext15bps_further10bps_entry24c,YES,45,26,0.07692307692307693,0.5333333333333333,-20.53846153846154,-24.0,"-17.57,-24.00,-17.57,-24.00",0,8,-24.0,0.0,0.11538461538461539,4.923076923076923,22.029999443740795,38.97285477940848,16.94285533566769,1.0,rule_side
ext15bps_further10bps_entry24c,YES,50,26,0.07692307692307693,0.48,-20.153846153846153,-24.0,"-16.86,-24.00,-16.86,-24.00",0,8,-24.0,0.0,0.11538461538461539,4.923076923076923,22.029999443740795,38.97285477940848,16.94285533566769,1.0,rule_side
ext15bps_further10bps_entry24c,YES,55,26,0.038461538461538464,0.43636363636363634,-21.884615384615383,-24.0,"-16.14,-24.00,-24.00,-24.00",0,8,-24.0,0.0,0.11538461538461539,4.923076923076923,22.029999443740795,38.97285477940848,16.94285533566769,1.0,rule_side
ext15bps_further10bps_entry24c,YES,60,26,0.0,0.4,-24.0,-24.0,"-24.00,-24.00,-24.00,-24.00",0,8,-24.0,0.0,0.11538461538461539,4.923076923076923,22.029999443740795,38.97285477940848,16.94285533566769,1.0,rule_side
ext15bps_further10bps_entry24c,YES,65,26,0.0,0.36923076923076925,-24.0,-24.0,"-24.00,-24.00,-24.00,-24.00",0,8,-24.0,0.0,0.11538461538461539,4.923076923076923,22.029999443740795,38.97285477940848,16.94285533566769,1.0,rule_side
ext15bps_further10bps_entry24c,YES,70,26,0.0,0.34285714285714286,-24.0,-24.0,"-24.00,-24.00,-24.00,-24.00",0,8,-24.0,0.0,0.11538461538461539,4.923076923076923,22.029999443740795,38.97285477940848,16.94285533566769,1.0,rule_side
ext15bps_further10bps_entry24c,YES,75,26,0.0,0.32,-24.0,-24.0,"-24.00,-24.00,-24.00,-24.00",0,8,-24.0,0.0,0.11538461538461539,4.923076923076923,22.029999443740795,38.97285477940848,16.94285533566769,1.0,rule_side
ext15bps_further10bps_entry24c,YES,80,26,0.0,0.3,-24.0,-24.0,"-24.00,-24.00,-24.00,-24.00",0,8,-24.0,0.0,0.11538461538461539,4.923076923076923,22.029999443740795,38.97285477940848,16.94285533566769,1.0,rule_side
ext15bps_further10bps_entry24c,YES,85,26,0.0,0.2823529411764706,-24.0,-24.0,"-24.00,-24.00,-24.00,-24.00",0,8,-24.0,0.0,0.11538461538461539,4.923076923076923,22.029999443740795,38.97285477940848,16.94285533566769,1.0,rule_side
ext15bps_further10bps_entry24c,YES,99,26,0.0,0.24242424242424243,-24.0,-24.0,"-24.00,-24.00,-24.00,-24.00",0,8,-24.0,0.0,0.11538461538461539,4.923076923076923,22.029999443740795,38.97285477940848,16.94285533566769,1.0,rule_side
ext15bps_further10bps_entry25c,NO,45,34,0.08823529411764706,0.5555555555555556,-21.029411764705884,-25.0,"-25.00,-19.38,-20.00,-19.38",0,9,-25.0,0.058823529411764705,0.08823529411764706,4.617647058823529,26.649881397639234,46.774999523094344,20.12511812545511,0.0,rule_side
ext15bps_further10bps_entry25c,NO,50,34,0.08823529411764706,0.5,-20.58823529411765,-25.0,"-25.00,-18.75,-19.44,-18.75",0,9,-25.0,0.058823529411764705,0.08823529411764706,4.617647058823529,26.649881397639234,46.774999523094344,20.12511812545511,0.0,rule_side
ext15bps_further10bps_entry25c,NO,55,34,0.08823529411764706,0.45454545454545453,-20.147058823529413,-25.0,"-25.00,-18.12,-18.89,-18.12",1,9,-25.0,0.058823529411764705,0.08823529411764706,4.617647058823529,26.649881397639234,46.774999523094344,20.12511812545511,0.0,rule_side
ext15bps_further10bps_entry25c,NO,60,34,0.058823529411764705,0.4166666666666667,-21.470588235294116,-25.0,"-25.00,-25.00,-18.33,-17.50",1,9,-25.0,0.058823529411764705,0.08823529411764706,4.617647058823529,26.649881397639234,46.774999523094344,20.12511812545511,0.0,rule_side
ext15bps_further10bps_entry25c,NO,65,34,0.058823529411764705,0.38461538461538464,-21.176470588235293,-25.0,"-25.00,-25.00,-17.78,-16.88",1,9,-25.0,0.058823529411764705,0.08823529411764706,4.617647058823529,26.649881397639234,46.774999523094344,20.12511812545511,0.0,rule_side
ext15bps_further10bps_entry25c,NO,70,34,0.058823529411764705,0.35714285714285715,-20.88235294117647,-25.0,"-25.00,-25.00,-17.22,-16.25",1,9,-25.0,0.058823529411764705,0.08823529411764706,4.617647058823529,26.649881397639234,46.774999523094344,20.12511812545511,0.0,rule_side
ext15bps_further10bps_entry25c,NO,75,34,0.058823529411764705,0.3333333333333333,-20.58823529411765,-25.0,"-25.00,-25.00,-16.67,-15.62",1,9,-25.0,0.058823529411764705,0.08823529411764706,4.617647058823529,26.649881397639234,46.774999523094344,20.12511812545511,0.0,rule_side
ext15bps_further10bps_entry25c,NO,80,34,0.058823529411764705,0.3125,-20.294117647058822,-25.0,"-25.00,-25.00,-16.11,-15.00",1,9,-25.0,0.058823529411764705,0.08823529411764706,4.617647058823529,26.649881397639234,46.774999523094344,20.12511812545511,0.0,rule_side
ext15bps_further10bps_entry25c,NO,85,34,0.058823529411764705,0.29411764705882354,-20.0,-25.0,"-25.00,-25.00,-15.56,-14.38",1,9,-25.0,0.058823529411764705,0.08823529411764706,4.617647058823529,26.649881397639234,46.774999523094344,20.12511812545511,0.0,rule_side
ext15bps_further10bps_entry25c,NO,99,34,0.058823529411764705,0.25252525252525254,-19.176470588235293,-25.0,"-25.00,-25.00,-14.00,-12.62",1,9,-25.0,0.058823529411764705,0.08823529411764706,4.617647058823529,26.649881397639234,46.774999523094344,20.12511812545511,0.0,rule_side
ext15bps_further10bps_entry25c,YES,45,26,0.07692307692307693,0.5555555555555556,-21.53846153846154,-25.0,"-18.57,-25.00,-18.57,-25.00",0,8,-25.0,0.0,0.11538461538461539,4.923076923076923,22.029999443740795,38.97285477940848,16.94285533566769,1.0,rule_side
ext15bps_further10bps_entry25c,YES,50,26,0.07692307692307693,0.5,-21.153846153846153,-25.0,"-17.86,-25.00,-17.86,-25.00",0,8,-25.0,0.0,0.11538461538461539,4.923076923076923,22.029999443740795,38.97285477940848,16.94285533566769,1.0,rule_side
ext15bps_further10bps_entry25c,YES,55,26,0.038461538461538464,0.45454545454545453,-22.884615384615383,-25.0,"-17.14,-25.00,-25.00,-25.00",0,8,-25.0,0.0,0.11538461538461539,4.923076923076923,22.029999443740795,38.97285477940848,16.94285533566769,1.0,rule_side
ext15bps_further10bps_entry25c,YES,60,26,0.0,0.4166666666666667,-25.0,-25.0,"-25.00,-25.00,-25.00,-25.00",0,8,-25.0,0.0,0.11538461538461539,4.923076923076923,22.029999443740795,38.97285477940848,16.94285533566769,1.0,rule_side
ext15bps_further10bps_entry25c,YES,65,26,0.0,0.38461538461538464,-25.0,-25.0,"-25.00,-25.00,-25.00,-25.00",0,8,-25.0,0.0,0.11538461538461539,4.923076923076923,22.029999443740795,38.97285477940848,16.94285533566769,1.0,rule_side
ext15bps_further10bps_entry25c,YES,70,26,0.0,0.35714285714285715,-25.0,-25.0,"-25.00,-25.00,-25.00,-25.00",0,8,-25.0,0.0,0.11538461538461539,4.923076923076923,22.029999443740795,38.97285477940848,16.94285533566769,1.0,rule_side
ext15bps_further10bps_entry25c,YES,75,26,0.0,0.3333333333333333,-25.0,-25.0,"-25.00,-25.00,-25.00,-25.00",0,8,-25.0,0.0,0.11538461538461539,4.923076923076923,22.029999443740795,38.97285477940848,16.94285533566769,1.0,rule_side
ext15bps_further10bps_entry25c,YES,80,26,0.0,0.3125,-25.0,-25.0,"-25.00,-25.00,-25.00,-25.00",0,8,-25.0,0.0,0.11538461538461539,4.923076923076923,22.029999443740795,38.97285477940848,16.94285533566769,1.0,rule_side
ext15bps_further10bps_entry25c,YES,85,26,0.0,0.29411764705882354,-25.0,-25.0,"-25.00,-25.00,-25.00,-25.00",0,8,-25.0,0.0,0.11538461538461539,4.923076923076923,22.029999443740795,38.97285477940848,16.94285533566769,1.0,rule_side
ext15bps_further10bps_entry25c,YES,99,26,0.0,0.25252525252525254,-25.0,-25.0,"-25.00,-25.00,-25.00,-25.00",0,8,-25.0,0.0,0.11538461538461539,4.923076923076923,22.029999443740795,38.97285477940848,16.94285533566769,1.0,rule_side
ext15bps_further5bps_entry20c,NO,45,58,0.08620689655172414,0.4444444444444444,-16.120689655172413,-20.0,"-20.00,-13.57,-20.00,-10.36",1,10,-20.0,0.05172413793103448,0.034482758620689655,5.241379310344827,23.32046912289409,36.267496599512846,12.94702747661876,0.0,rule_side
ext15bps_further5bps_entry20c,NO,50,58,0.08620689655172414,0.4,-15.689655172413794,-20.0,"-20.00,-12.86,-20.00,-9.29",1,10,-20.0,0.05172413793103448,0.034482758620689655,5.241379310344827,23.32046912289409,36.267496599512846,12.94702747661876,0.0,rule_side
ext15bps_further5bps_entry20c,NO,55,58,0.08620689655172414,0.36363636363636365,-15.258620689655173,-20.0,"-20.00,-12.14,-20.00,-8.21",1,10,-20.0,0.05172413793103448,0.034482758620689655,5.241379310344827,23.32046912289409,36.267496599512846,12.94702747661876,0.0,rule_side
ext15bps_further5bps_entry20c,NO,60,58,0.08620689655172414,0.3333333333333333,-14.827586206896552,-20.0,"-20.00,-11.43,-20.00,-7.14",1,10,-20.0,0.05172413793103448,0.034482758620689655,5.241379310344827,23.32046912289409,36.267496599512846,12.94702747661876,0.0,rule_side
ext15bps_further5bps_entry20c,NO,65,58,0.08620689655172414,0.3076923076923077,-14.39655172413793,-20.0,"-20.00,-10.71,-20.00,-6.07",1,10,-20.0,0.05172413793103448,0.034482758620689655,5.241379310344827,23.32046912289409,36.267496599512846,12.94702747661876,0.0,rule_side
ext15bps_further5bps_entry20c,NO,70,58,0.06896551724137931,0.2857142857142857,-15.172413793103448,-20.0,"-20.00,-15.00,-20.00,-5.00",1,10,-20.0,0.05172413793103448,0.034482758620689655,5.241379310344827,23.32046912289409,36.267496599512846,12.94702747661876,0.0,rule_side
ext15bps_further5bps_entry20c,NO,75,58,0.06896551724137931,0.26666666666666666,-14.827586206896552,-20.0,"-20.00,-14.64,-20.00,-3.93",1,10,-20.0,0.05172413793103448,0.034482758620689655,5.241379310344827,23.32046912289409,36.267496599512846,12.94702747661876,0.0,rule_side
ext15bps_further5bps_entry20c,NO,80,58,0.05172413793103448,0.25,-15.862068965517242,-20.0,"-20.00,-14.29,-20.00,-8.57",1,10,-20.0,0.05172413793103448,0.034482758620689655,5.241379310344827,23.32046912289409,36.267496599512846,12.94702747661876,0.0,rule_side
ext15bps_further5bps_entry20c,NO,85,58,0.05172413793103448,0.23529411764705882,-15.60344827586207,-20.0,"-20.00,-13.93,-20.00,-7.86",1,10,-20.0,0.05172413793103448,0.034482758620689655,5.241379310344827,23.32046912289409,36.267496599512846,12.94702747661876,0.0,rule_side
ext15bps_further5bps_entry20c,NO,99,58,0.05172413793103448,0.20202020202020202,-14.879310344827585,-20.0,"-20.00,-12.93,-20.00,-5.86",1,10,-20.0,0.05172413793103448,0.034482758620689655,5.241379310344827,23.32046912289409,36.267496599512846,12.94702747661876,0.0,rule_side
ext15bps_further5bps_entry20c,YES,45,68,0.08823529411764706,0.4444444444444444,-16.029411764705884,-20.0,"-17.35,-9.41,-20.00,-17.35",0,10,-20.0,0.058823529411764705,0.10294117647058823,5.382352941176471,20.62816803923326,31.100545481211753,10.472377441978484,1.0,rule_side
ext15bps_further5bps_entry20c,YES,50,68,0.08823529411764706,0.4,-15.588235294117647,-20.0,"-17.06,-8.24,-20.00,-17.06",0,10,-20.0,0.058823529411764705,0.10294117647058823,5.382352941176471,20.62816803923326,31.100545481211753,10.472377441978484,1.0,rule_side
ext15bps_further5bps_entry20c,YES,55,68,0.07352941176470588,0.36363636363636365,-15.955882352941176,-20.0,"-16.76,-10.29,-20.00,-16.76",0,10,-20.0,0.058823529411764705,0.10294117647058823,5.382352941176471,20.62816803923326,31.100545481211753,10.472377441978484,1.0,rule_side
ext15bps_further5bps_entry20c,YES,60,68,0.058823529411764705,0.3333333333333333,-16.470588235294116,-20.0,"-20.00,-9.41,-20.00,-16.47",0,10,-20.0,0.058823529411764705,0.10294117647058823,5.382352941176471,20.62816803923326,31.100545481211753,10.472377441978484,1.0,rule_side
ext15bps_further5bps_entry20c,YES,65,68,0.058823529411764705,0.3076923076923077,-16.176470588235293,-20.0,"-20.00,-8.53,-20.00,-16.18",0,10,-20.0,0.058823529411764705,0.10294117647058823,5.382352941176471,20.62816803923326,31.100545481211753,10.472377441978484,1.0,rule_side
ext15bps_further5bps_entry20c,YES,70,68,0.058823529411764705,0.2857142857142857,-15.882352941176471,-20.0,"-20.00,-7.65,-20.00,-15.88",0,10,-20.0,0.058823529411764705,0.10294117647058823,5.382352941176471,20.62816803923326,31.100545481211753,10.472377441978484,1.0,rule_side
ext15bps_further5bps_entry20c,YES,75,68,0.058823529411764705,0.26666666666666666,-15.588235294117647,-20.0,"-20.00,-6.76,-20.00,-15.59",0,10,-20.0,0.058823529411764705,0.10294117647058823,5.382352941176471,20.62816803923326,31.100545481211753,10.472377441978484,1.0,rule_side
ext15bps_further5bps_entry20c,YES,80,68,0.058823529411764705,0.25,-15.294117647058824,-20.0,"-20.00,-5.88,-20.00,-15.29",0,10,-20.0,0.058823529411764705,0.10294117647058823,5.382352941176471,20.62816803923326,31.100545481211753,10.472377441978484,1.0,rule_side
ext15bps_further5bps_entry20c,YES,85,68,0.058823529411764705,0.23529411764705882,-15.0,-20.0,"-20.00,-5.00,-20.00,-15.00",1,10,-20.0,0.058823529411764705,0.10294117647058823,5.382352941176471,20.62816803923326,31.100545481211753,10.472377441978484,1.0,rule_side
ext15bps_further5bps_entry20c,YES,99,68,0.058823529411764705,0.20202020202020202,-14.176470588235293,-20.0,"-20.00,-2.53,-20.00,-14.18",1,10,-20.0,0.058823529411764705,0.10294117647058823,5.382352941176471,20.62816803923326,31.100545481211753,10.472377441978484,1.0,rule_side
ext15bps_further5bps_entry21c,NO,45,63,0.07936507936507936,0.4666666666666667,-17.428571428571427,-21.0,"-21.00,-15.38,-21.00,-12.00",1,10,-21.0,0.047619047619047616,0.031746031746031744,5.079365079365079,23.359512752006463,35.94611054689666,12.586597794890194,0.0,rule_side
ext15bps_further5bps_entry21c,NO,50,63,0.07936507936507936,0.42,-17.03174603174603,-21.0,"-21.00,-14.75,-21.00,-11.00",1,10,-21.0,0.047619047619047616,0.031746031746031744,5.079365079365079,23.359512752006463,35.94611054689666,12.586597794890194,0.0,rule_side
ext15bps_further5bps_entry21c,NO,55,63,0.07936507936507936,0.38181818181818183,-16.634920634920636,-21.0,"-21.00,-14.12,-21.00,-10.00",1,10,-21.0,0.047619047619047616,0.031746031746031744,5.079365079365079,23.359512752006463,35.94611054689666,12.586597794890194,0.0,rule_side
ext15bps_further5bps_entry21c,NO,60,63,0.07936507936507936,0.35,-16.238095238095237,-21.0,"-21.00,-13.50,-21.00,-9.00",1,10,-21.0,0.047619047619047616,0.031746031746031744,5.079365079365079,23.359512752006463,35.94611054689666,12.586597794890194,0.0,rule_side
ext15bps_further5bps_entry21c,NO,65,63,0.07936507936507936,0.3230769230769231,-15.841269841269842,-21.0,"-21.00,-12.88,-21.00,-8.00",1,10,-21.0,0.047619047619047616,0.031746031746031744,5.079365079365079,23.359512752006463,35.94611054689666,12.586597794890194,0.0,rule_side
ext15bps_further5bps_entry21c,NO,70,63,0.06349206349206349,0.3,-16.555555555555557,-21.0,"-21.00,-16.62,-21.00,-7.00",1,10,-21.0,0.047619047619047616,0.031746031746031744,5.079365079365079,23.359512752006463,35.94611054689666,12.586597794890194,0.0,rule_side
ext15bps_further5bps_entry21c,NO,75,63,0.06349206349206349,0.28,-16.238095238095237,-21.0,"-21.00,-16.31,-21.00,-6.00",1,10,-21.0,0.047619047619047616,0.031746031746031744,5.079365079365079,23.359512752006463,35.94611054689666,12.586597794890194,0.0,rule_side
ext15bps_further5bps_entry21c,NO,80,63,0.047619047619047616,0.2625,-17.19047619047619,-21.0,"-21.00,-16.00,-21.00,-10.33",1,10,-21.0,0.047619047619047616,0.031746031746031744,5.079365079365079,23.359512752006463,35.94611054689666,12.586597794890194,0.0,rule_side
ext15bps_further5bps_entry21c,NO,85,63,0.047619047619047616,0.24705882352941178,-16.952380952380953,-21.0,"-21.00,-15.69,-21.00,-9.67",1,10,-21.0,0.047619047619047616,0.031746031746031744,5.079365079365079,23.359512752006463,35.94611054689666,12.586597794890194,0.0,rule_side
ext15bps_further5bps_entry21c,NO,99,63,0.047619047619047616,0.21212121212121213,-16.285714285714285,-21.0,"-21.00,-14.81,-21.00,-7.80",1,10,-21.0,0.047619047619047616,0.031746031746031744,5.079365079365079,23.359512752006463,35.94611054689666,12.586597794890194,0.0,rule_side
ext15bps_further5bps_entry21c,YES,45,73,0.0958904109589041,0.4666666666666667,-16.684931506849313,-21.0,"-13.89,-13.50,-21.00,-18.50",0,10,-21.0,0.0547945205479452,0.0958904109589041,5.424657534246576,20.35684798065011,30.861190342015753,10.50434236136564,1.0,rule_side
ext15bps_further5bps_entry21c,YES,50,73,0.0958904109589041,0.42,-16.205479452054796,-21.0,"-13.11,-12.67,-21.00,-18.22",0,10,-21.0,0.0547945205479452,0.0958904109589041,5.424657534246576,20.35684798065011,30.861190342015753,10.50434236136564,1.0,rule_side
ext15bps_further5bps_entry21c,YES,55,73,0.0821917808219178,0.38181818181818183,-16.47945205479452,-21.0,"-12.32,-14.89,-21.00,-17.94",0,10,-21.0,0.0547945205479452,0.0958904109589041,5.424657534246576,20.35684798065011,30.861190342015753,10.50434236136564,1.0,rule_side
ext15bps_further5bps_entry21c,YES,60,73,0.0547945205479452,0.35,-17.71232876712329,-21.0,"-17.84,-14.33,-21.00,-17.67",0,10,-21.0,0.0547945205479452,0.0958904109589041,5.424657534246576,20.35684798065011,30.861190342015753,10.50434236136564,1.0,rule_side
ext15bps_further5bps_entry21c,YES,65,73,0.0547945205479452,0.3230769230769231,-17.438356164383563,-21.0,"-17.58,-13.78,-21.00,-17.39",0,10,-21.0,0.0547945205479452,0.0958904109589041,5.424657534246576,20.35684798065011,30.861190342015753,10.50434236136564,1.0,rule_side
ext15bps_further5bps_entry21c,YES,70,73,0.0547945205479452,0.3,-17.164383561643834,-21.0,"-17.32,-13.22,-21.00,-17.11",0,10,-21.0,0.0547945205479452,0.0958904109589041,5.424657534246576,20.35684798065011,30.861190342015753,10.50434236136564,1.0,rule_side
ext15bps_further5bps_entry21c,YES,75,73,0.0547945205479452,0.28,-16.89041095890411,-21.0,"-17.05,-12.67,-21.00,-16.83",0,10,-21.0,0.0547945205479452,0.0958904109589041,5.424657534246576,20.35684798065011,30.861190342015753,10.50434236136564,1.0,rule_side
ext15bps_further5bps_entry21c,YES,80,73,0.0547945205479452,0.2625,-16.616438356164384,-21.0,"-16.79,-12.11,-21.00,-16.56",0,10,-21.0,0.0547945205479452,0.0958904109589041,5.424657534246576,20.35684798065011,30.861190342015753,10.50434236136564,1.0,rule_side
ext15bps_further5bps_entry21c,YES,85,73,0.0547945205479452,0.24705882352941178,-16.34246575342466,-21.0,"-16.53,-11.56,-21.00,-16.28",1,10,-21.0,0.0547945205479452,0.0958904109589041,5.424657534246576,20.35684798065011,30.861190342015753,10.50434236136564,1.0,rule_side
ext15bps_further5bps_entry21c,YES,99,73,0.0547945205479452,0.21212121212121213,-15.575342465753424,-21.0,"-15.79,-10.00,-21.00,-15.50",1,10,-21.0,0.0547945205479452,0.0958904109589041,5.424657534246576,20.35684798065011,30.861190342015753,10.50434236136564,1.0,rule_side
ext15bps_further5bps_entry22c,NO,45,64,0.078125,0.4888888888888889,-18.484375,-22.0,"-22.00,-16.38,-22.00,-13.56",1,10,-22.0,0.046875,0.03125,5.046875,23.74833700343172,37.45287029239213,13.704533288960409,0.0,rule_side
ext15bps_further5bps_entry22c,NO,50,64,0.078125,0.44,-18.09375,-22.0,"-22.00,-15.75,-22.00,-12.62",1,10,-22.0,0.046875,0.03125,5.046875,23.74833700343172,37.45287029239213,13.704533288960409,0.0,rule_side
ext15bps_further5bps_entry22c,NO,55,64,0.078125,0.4,-17.703125,-22.0,"-22.00,-15.12,-22.00,-11.69",1,10,-22.0,0.046875,0.03125,5.046875,23.74833700343172,37.45287029239213,13.704533288960409,0.0,rule_side
ext15bps_further5bps_entry22c,NO,60,64,0.078125,0.36666666666666664,-17.3125,-22.0,"-22.00,-14.50,-22.00,-10.75",1,10,-22.0,0.046875,0.03125,5.046875,23.74833700343172,37.45287029239213,13.704533288960409,0.0,rule_side
ext15bps_further5bps_entry22c,NO,65,64,0.078125,0.3384615384615385,-16.921875,-22.0,"-22.00,-13.88,-22.00,-9.81",1,10,-22.0,0.046875,0.03125,5.046875,23.74833700343172,37.45287029239213,13.704533288960409,0.0,rule_side
ext15bps_further5bps_entry22c,NO,70,64,0.0625,0.3142857142857143,-17.625,-22.0,"-22.00,-17.62,-22.00,-8.88",1,10,-22.0,0.046875,0.03125,5.046875,23.74833700343172,37.45287029239213,13.704533288960409,0.0,rule_side
ext15bps_further5bps_entry22c,NO,75,64,0.0625,0.29333333333333333,-17.3125,-22.0,"-22.00,-17.31,-22.00,-7.94",1,10,-22.0,0.046875,0.03125,5.046875,23.74833700343172,37.45287029239213,13.704533288960409,0.0,rule_side
ext15bps_further5bps_entry22c,NO,80,64,0.046875,0.275,-18.25,-22.0,"-22.00,-17.00,-22.00,-12.00",1,10,-22.0,0.046875,0.03125,5.046875,23.74833700343172,37.45287029239213,13.704533288960409,0.0,rule_side
ext15bps_further5bps_entry22c,NO,85,64,0.046875,0.25882352941176473,-18.015625,-22.0,"-22.00,-16.69,-22.00,-11.38",1,10,-22.0,0.046875,0.03125,5.046875,23.74833700343172,37.45287029239213,13.704533288960409,0.0,rule_side
ext15bps_further5bps_entry22c,NO,99,64,0.046875,0.2222222222222222,-17.359375,-22.0,"-22.00,-15.81,-22.00,-9.62",1,10,-22.0,0.046875,0.03125,5.046875,23.74833700343172,37.45287029239213,13.704533288960409,0.0,rule_side
ext15bps_further5bps_entry22c,YES,45,77,0.09090909090909091,0.4888888888888889,-17.90909090909091,-19.63157894736842,"-15.25,-17.26,-19.63,-19.63",0,10,-22.0,0.05194805194805195,0.09090909090909091,5.285714285714286,20.791905598739074,31.231217063528756,10.43931146478968,1.0,rule_side
ext15bps_further5bps_entry22c,YES,50,77,0.09090909090909091,0.44,-17.454545454545453,-19.36842105263158,"-14.50,-16.74,-19.37,-19.37",0,10,-22.0,0.05194805194805195,0.09090909090909091,5.285714285714286,20.791905598739074,31.231217063528756,10.43931146478968,1.0,rule_side
ext15bps_further5bps_entry22c,YES,55,77,0.07792207792207792,0.4,-17.714285714285715,-19.105263157894736,"-13.75,-19.11,-19.11,-19.11",0,10,-22.0,0.05194805194805195,0.09090909090909091,5.285714285714286,20.791905598739074,31.231217063528756,10.43931146478968,1.0,rule_side
ext15bps_further5bps_entry22c,YES,60,77,0.05194805194805195,0.36666666666666664,-18.883116883116884,-19.0,"-19.00,-18.84,-18.84,-18.84",0,10,-22.0,0.05194805194805195,0.09090909090909091,5.285714285714286,20.791905598739074,31.231217063528756,10.43931146478968,1.0,rule_side
ext15bps_further5bps_entry22c,YES,65,77,0.05194805194805195,0.3384615384615385,-18.623376623376622,-18.75,"-18.75,-18.58,-18.58,-18.58",0,10,-22.0,0.05194805194805195,0.09090909090909091,5.285714285714286,20.791905598739074,31.231217063528756,10.43931146478968,1.0,rule_side
ext15bps_further5bps_entry22c,YES,70,77,0.05194805194805195,0.3142857142857143,-18.363636363636363,-18.5,"-18.50,-18.32,-18.32,-18.32",0,10,-22.0,0.05194805194805195,0.09090909090909091,5.285714285714286,20.791905598739074,31.231217063528756,10.43931146478968,1.0,rule_side
ext15bps_further5bps_entry22c,YES,75,77,0.05194805194805195,0.29333333333333333,-18.103896103896105,-18.25,"-18.25,-18.05,-18.05,-18.05",0,10,-22.0,0.05194805194805195,0.09090909090909091,5.285714285714286,20.791905598739074,31.231217063528756,10.43931146478968,1.0,rule_side
ext15bps_further5bps_entry22c,YES,80,77,0.05194805194805195,0.275,-17.844155844155843,-18.0,"-18.00,-17.79,-17.79,-17.79",0,10,-22.0,0.05194805194805195,0.09090909090909091,5.285714285714286,20.791905598739074,31.231217063528756,10.43931146478968,1.0,rule_side
ext15bps_further5bps_entry22c,YES,85,77,0.05194805194805195,0.25882352941176473,-17.584415584415584,-17.75,"-17.75,-17.53,-17.53,-17.53",0,10,-22.0,0.05194805194805195,0.09090909090909091,5.285714285714286,20.791905598739074,31.231217063528756,10.43931146478968,1.0,rule_side
ext15bps_further5bps_entry22c,YES,99,77,0.05194805194805195,0.2222222222222222,-16.857142857142858,-17.05,"-17.05,-16.79,-16.79,-16.79",1,10,-22.0,0.05194805194805195,0.09090909090909091,5.285714285714286,20.791905598739074,31.231217063528756,10.43931146478968,1.0,rule_side
ext15bps_further5bps_entry23c,NO,45,64,0.078125,0.5111111111111111,-19.484375,-23.0,"-23.00,-17.38,-23.00,-14.56",0,10,-23.0,0.046875,0.03125,5.046875,23.74833700343172,37.45287029239213,13.704533288960409,0.0,rule_side
ext15bps_further5bps_entry23c,NO,50,64,0.078125,0.46,-19.09375,-23.0,"-23.00,-16.75,-23.00,-13.62",1,10,-23.0,0.046875,0.03125,5.046875,23.74833700343172,37.45287029239213,13.704533288960409,0.0,rule_side
ext15bps_further5bps_entry23c,NO,55,64,0.078125,0.41818181818181815,-18.703125,-23.0,"-23.00,-16.12,-23.00,-12.69",1,10,-23.0,0.046875,0.03125,5.046875,23.74833700343172,37.45287029239213,13.704533288960409,0.0,rule_side
ext15bps_further5bps_entry23c,NO,60,64,0.078125,0.38333333333333336,-18.3125,-23.0,"-23.00,-15.50,-23.00,-11.75",1,10,-23.0,0.046875,0.03125,5.046875,23.74833700343172,37.45287029239213,13.704533288960409,0.0,rule_side
ext15bps_further5bps_entry23c,NO,65,64,0.078125,0.35384615384615387,-17.921875,-23.0,"-23.00,-14.88,-23.00,-10.81",1,10,-23.0,0.046875,0.03125,5.046875,23.74833700343172,37.45287029239213,13.704533288960409,0.0,rule_side
ext15bps_further5bps_entry23c,NO,70,64,0.0625,0.32857142857142857,-18.625,-23.0,"-23.00,-18.62,-23.00,-9.88",1,10,-23.0,0.046875,0.03125,5.046875,23.74833700343172,37.45287029239213,13.704533288960409,0.0,rule_side
ext15bps_further5bps_entry23c,NO,75,64,0.0625,0.30666666666666664,-18.3125,-23.0,"-23.00,-18.31,-23.00,-8.94",1,10,-23.0,0.046875,0.03125,5.046875,23.74833700343172,37.45287029239213,13.704533288960409,0.0,rule_side
ext15bps_further5bps_entry23c,NO,80,64,0.046875,0.2875,-19.25,-23.0,"-23.00,-18.00,-23.00,-13.00",1,10,-23.0,0.046875,0.03125,5.046875,23.74833700343172,37.45287029239213,13.704533288960409,0.0,rule_side
ext15bps_further5bps_entry23c,NO,85,64,0.046875,0.27058823529411763,-19.015625,-23.0,"-23.00,-17.69,-23.00,-12.38",1,10,-23.0,0.046875,0.03125,5.046875,23.74833700343172,37.45287029239213,13.704533288960409,0.0,rule_side
ext15bps_further5bps_entry23c,NO,99,64,0.046875,0.23232323232323232,-18.359375,-23.0,"-23.00,-16.81,-23.00,-10.62",1,10,-23.0,0.046875,0.03125,5.046875,23.74833700343172,37.45287029239213,13.704533288960409,0.0,rule_side
ext15bps_further5bps_entry23c,YES,45,77,0.09090909090909091,0.5111111111111111,-18.90909090909091,-20.63157894736842,"-16.25,-18.26,-20.63,-20.63",0,10,-23.0,0.05194805194805195,0.09090909090909091,5.285714285714286,20.791905598739074,31.231217063528756,10.43931146478968,1.0,rule_side
ext15bps_further5bps_entry23c,YES,50,77,0.09090909090909091,0.46,-18.454545454545453,-20.36842105263158,"-15.50,-17.74,-20.37,-20.37",0,10,-23.0,0.05194805194805195,0.09090909090909091,5.285714285714286,20.791905598739074,31.231217063528756,10.43931146478968,1.0,rule_side
ext15bps_further5bps_entry23c,YES,55,77,0.07792207792207792,0.41818181818181815,-18.714285714285715,-20.105263157894736,"-14.75,-20.11,-20.11,-20.11",0,10,-23.0,0.05194805194805195,0.09090909090909091,5.285714285714286,20.791905598739074,31.231217063528756,10.43931146478968,1.0,rule_side
ext15bps_further5bps_entry23c,YES,60,77,0.05194805194805195,0.38333333333333336,-19.883116883116884,-20.0,"-20.00,-19.84,-19.84,-19.84",0,10,-23.0,0.05194805194805195,0.09090909090909091,5.285714285714286,20.791905598739074,31.231217063528756,10.43931146478968,1.0,rule_side
ext15bps_further5bps_entry23c,YES,65,77,0.05194805194805195,0.35384615384615387,-19.623376623376622,-19.75,"-19.75,-19.58,-19.58,-19.58",0,10,-23.0,0.05194805194805195,0.09090909090909091,5.285714285714286,20.791905598739074,31.231217063528756,10.43931146478968,1.0,rule_side
ext15bps_further5bps_entry23c,YES,70,77,0.05194805194805195,0.32857142857142857,-19.363636363636363,-19.5,"-19.50,-19.32,-19.32,-19.32",0,10,-23.0,0.05194805194805195,0.09090909090909091,5.285714285714286,20.791905598739074,31.231217063528756,10.43931146478968,1.0,rule_side
ext15bps_further5bps_entry23c,YES,75,77,0.05194805194805195,0.30666666666666664,-19.103896103896105,-19.25,"-19.25,-19.05,-19.05,-19.05",0,10,-23.0,0.05194805194805195,0.09090909090909091,5.285714285714286,20.791905598739074,31.231217063528756,10.43931146478968,1.0,rule_side
ext15bps_further5bps_entry23c,YES,80,77,0.05194805194805195,0.2875,-18.844155844155843,-19.0,"-19.00,-18.79,-18.79,-18.79",0,10,-23.0,0.05194805194805195,0.09090909090909091,5.285714285714286,20.791905598739074,31.231217063528756,10.43931146478968,1.0,rule_side
ext15bps_further5bps_entry23c,YES,85,77,0.05194805194805195,0.27058823529411763,-18.584415584415584,-18.75,"-18.75,-18.53,-18.53,-18.53",0,10,-23.0,0.05194805194805195,0.09090909090909091,5.285714285714286,20.791905598739074,31.231217063528756,10.43931146478968,1.0,rule_side
ext15bps_further5bps_entry23c,YES,99,77,0.05194805194805195,0.23232323232323232,-17.857142857142858,-18.05,"-18.05,-17.79,-17.79,-17.79",1,10,-23.0,0.05194805194805195,0.09090909090909091,5.285714285714286,20.791905598739074,31.231217063528756,10.43931146478968,1.0,rule_side
ext15bps_further5bps_entry24c,NO,45,67,0.1044776119402985,0.5333333333333333,-19.29850746268657,-24.0,"-24.00,-16.06,-21.35,-15.56",0,10,-24.0,0.05970149253731343,0.05970149253731343,4.955223880597015,23.679291429919186,37.43366253791012,13.754371107990941,0.0,rule_side
ext15bps_further5bps_entry24c,NO,50,67,0.1044776119402985,0.48,-18.776119402985074,-24.0,"-24.00,-15.18,-21.06,-14.62",1,10,-24.0,0.05970149253731343,0.05970149253731343,4.955223880597015,23.679291429919186,37.43366253791012,13.754371107990941,0.0,rule_side
ext15bps_further5bps_entry24c,NO,55,67,0.1044776119402985,0.43636363636363634,-18.253731343283583,-24.0,"-24.00,-14.29,-20.76,-13.69",1,10,-24.0,0.05970149253731343,0.05970149253731343,4.955223880597015,23.679291429919186,37.43366253791012,13.754371107990941,0.0,rule_side
ext15bps_further5bps_entry24c,NO,60,67,0.08955223880597014,0.4,-18.62686567164179,-24.0,"-24.00,-16.94,-20.47,-12.75",1,10,-24.0,0.05970149253731343,0.05970149253731343,4.955223880597015,23.679291429919186,37.43366253791012,13.754371107990941,0.0,rule_side
ext15bps_further5bps_entry24c,NO,65,67,0.08955223880597014,0.36923076923076925,-18.17910447761194,-24.0,"-24.00,-16.35,-20.18,-11.81",1,10,-24.0,0.05970149253731343,0.05970149253731343,4.955223880597015,23.679291429919186,37.43366253791012,13.754371107990941,0.0,rule_side
ext15bps_further5bps_entry24c,NO,70,67,0.07462686567164178,0.34285714285714286,-18.776119402985074,-24.0,"-24.00,-19.88,-19.88,-10.88",1,10,-24.0,0.05970149253731343,0.05970149253731343,4.955223880597015,23.679291429919186,37.43366253791012,13.754371107990941,0.0,rule_side
ext15bps_further5bps_entry24c,NO,75,67,0.07462686567164178,0.32,-18.402985074626866,-24.0,"-24.00,-19.59,-19.59,-9.94",1,10,-24.0,0.05970149253731343,0.05970149253731343,4.955223880597015,23.679291429919186,37.43366253791012,13.754371107990941,0.0,rule_side
ext15bps_further5bps_entry24c,NO,80,67,0.05970149253731343,0.3,-19.223880597014926,-24.0,"-24.00,-19.29,-19.29,-14.00",1,10,-24.0,0.05970149253731343,0.05970149253731343,4.955223880597015,23.679291429919186,37.43366253791012,13.754371107990941,0.0,rule_side
ext15bps_further5bps_entry24c,NO,85,67,0.05970149253731343,0.2823529411764706,-18.925373134328357,-24.0,"-24.00,-19.00,-19.00,-13.38",1,10,-24.0,0.05970149253731343,0.05970149253731343,4.955223880597015,23.679291429919186,37.43366253791012,13.754371107990941,0.0,rule_side
ext15bps_further5bps_entry24c,NO,99,67,0.05970149253731343,0.24242424242424243,-18.08955223880597,-24.0,"-24.00,-18.18,-18.18,-11.62",2,10,-24.0,0.05970149253731343,0.05970149253731343,4.955223880597015,23.679291429919186,37.43366253791012,13.754371107990941,0.0,rule_side
ext15bps_further5bps_entry24c,YES,45,80,0.1,0.5333333333333333,-19.5,-21.75,"-19.50,-15.00,-21.75,-21.75",0,10,-24.0,0.0625,0.0875,5.2625,20.92138245769708,31.265684114295794,10.344301656598711,1.0,rule_side
ext15bps_further5bps_entry24c,YES,50,80,0.1,0.48,-19.0,-21.5,"-19.00,-14.00,-21.50,-21.50",0,10,-24.0,0.0625,0.0875,5.2625,20.92138245769708,31.265684114295794,10.344301656598711,1.0,rule_side
ext15bps_further5bps_entry24c,YES,55,80,0.0875,0.43636363636363634,-19.1875,-21.25,"-18.50,-15.75,-21.25,-21.25",0,10,-24.0,0.0625,0.0875,5.2625,20.92138245769708,31.265684114295794,10.344301656598711,1.0,rule_side
ext15bps_further5bps_entry24c,YES,60,80,0.0625,0.4,-20.25,-21.0,"-21.00,-18.00,-21.00,-21.00",0,10,-24.0,0.0625,0.0875,5.2625,20.92138245769708,31.265684114295794,10.344301656598711,1.0,rule_side
ext15bps_further5bps_entry24c,YES,65,80,0.0625,0.36923076923076925,-19.9375,-20.75,"-20.75,-17.50,-20.75,-20.75",0,10,-24.0,0.0625,0.0875,5.2625,20.92138245769708,31.265684114295794,10.344301656598711,1.0,rule_side
ext15bps_further5bps_entry24c,YES,70,80,0.0625,0.34285714285714286,-19.625,-20.5,"-20.50,-17.00,-20.50,-20.50",0,10,-24.0,0.0625,0.0875,5.2625,20.92138245769708,31.265684114295794,10.344301656598711,1.0,rule_side
ext15bps_further5bps_entry24c,YES,75,80,0.0625,0.32,-19.3125,-20.25,"-20.25,-16.50,-20.25,-20.25",0,10,-24.0,0.0625,0.0875,5.2625,20.92138245769708,31.265684114295794,10.344301656598711,1.0,rule_side
ext15bps_further5bps_entry24c,YES,80,80,0.0625,0.3,-19.0,-20.0,"-20.00,-16.00,-20.00,-20.00",0,10,-24.0,0.0625,0.0875,5.2625,20.92138245769708,31.265684114295794,10.344301656598711,1.0,rule_side
ext15bps_further5bps_entry24c,YES,85,80,0.0625,0.2823529411764706,-18.6875,-19.75,"-19.75,-15.50,-19.75,-19.75",0,10,-24.0,0.0625,0.0875,5.2625,20.92138245769708,31.265684114295794,10.344301656598711,1.0,rule_side
ext15bps_further5bps_entry24c,YES,99,80,0.0625,0.24242424242424243,-17.8125,-19.05,"-19.05,-14.10,-19.05,-19.05",1,10,-24.0,0.0625,0.0875,5.2625,20.92138245769708,31.265684114295794,10.344301656598711,1.0,rule_side
ext15bps_further5bps_entry25c,NO,45,68,0.10294117647058823,0.5555555555555556,-20.36764705882353,-25.0,"-25.00,-17.06,-22.35,-17.06",0,10,-25.0,0.058823529411764705,0.058823529411764705,4.911764705882353,23.55245621181651,37.29546289478953,13.743006682973014,0.0,rule_side
ext15bps_further5bps_entry25c,NO,50,68,0.10294117647058823,0.5,-19.852941176470587,-25.0,"-25.00,-16.18,-22.06,-16.18",0,10,-25.0,0.058823529411764705,0.058823529411764705,4.911764705882353,23.55245621181651,37.29546289478953,13.743006682973014,0.0,rule_side
ext15bps_further5bps_entry25c,NO,55,68,0.10294117647058823,0.45454545454545453,-19.33823529411765,-25.0,"-25.00,-15.29,-21.76,-15.29",1,10,-25.0,0.058823529411764705,0.058823529411764705,4.911764705882353,23.55245621181651,37.29546289478953,13.743006682973014,0.0,rule_side
ext15bps_further5bps_entry25c,NO,60,68,0.08823529411764706,0.4166666666666667,-19.705882352941178,-25.0,"-25.00,-17.94,-21.47,-14.41",1,10,-25.0,0.058823529411764705,0.058823529411764705,4.911764705882353,23.55245621181651,37.29546289478953,13.743006682973014,0.0,rule_side
ext15bps_further5bps_entry25c,NO,65,68,0.08823529411764706,0.38461538461538464,-19.264705882352942,-25.0,"-25.00,-17.35,-21.18,-13.53",1,10,-25.0,0.058823529411764705,0.058823529411764705,4.911764705882353,23.55245621181651,37.29546289478953,13.743006682973014,0.0,rule_side
ext15bps_further5bps_entry25c,NO,70,68,0.07352941176470588,0.35714285714285715,-19.852941176470587,-25.0,"-25.00,-20.88,-20.88,-12.65",1,10,-25.0,0.058823529411764705,0.058823529411764705,4.911764705882353,23.55245621181651,37.29546289478953,13.743006682973014,0.0,rule_side
ext15bps_further5bps_entry25c,NO,75,68,0.07352941176470588,0.3333333333333333,-19.485294117647058,-25.0,"-25.00,-20.59,-20.59,-11.76",1,10,-25.0,0.058823529411764705,0.058823529411764705,4.911764705882353,23.55245621181651,37.29546289478953,13.743006682973014,0.0,rule_side
ext15bps_further5bps_entry25c,NO,80,68,0.058823529411764705,0.3125,-20.294117647058822,-25.0,"-25.00,-20.29,-20.29,-15.59",1,10,-25.0,0.058823529411764705,0.058823529411764705,4.911764705882353,23.55245621181651,37.29546289478953,13.743006682973014,0.0,rule_side
ext15bps_further5bps_entry25c,NO,85,68,0.058823529411764705,0.29411764705882354,-20.0,-25.0,"-25.00,-20.00,-20.00,-15.00",1,10,-25.0,0.058823529411764705,0.058823529411764705,4.911764705882353,23.55245621181651,37.29546289478953,13.743006682973014,0.0,rule_side
ext15bps_further5bps_entry25c,NO,99,68,0.058823529411764705,0.25252525252525254,-19.176470588235293,-25.0,"-25.00,-19.18,-19.18,-13.35",1,10,-25.0,0.058823529411764705,0.058823529411764705,4.911764705882353,23.55245621181651,37.29546289478953,13.743006682973014,0.0,rule_side
ext15bps_further5bps_entry25c,YES,45,80,0.1,0.5555555555555556,-20.5,-22.75,"-20.50,-16.00,-22.75,-22.75",0,10,-25.0,0.0625,0.0875,5.2625,20.92138245769708,31.265684114295794,10.344301656598711,1.0,rule_side
ext15bps_further5bps_entry25c,YES,50,80,0.1,0.5,-20.0,-22.5,"-20.00,-15.00,-22.50,-22.50",0,10,-25.0,0.0625,0.0875,5.2625,20.92138245769708,31.265684114295794,10.344301656598711,1.0,rule_side
ext15bps_further5bps_entry25c,YES,55,80,0.0875,0.45454545454545453,-20.1875,-22.25,"-19.50,-16.75,-22.25,-22.25",0,10,-25.0,0.0625,0.0875,5.2625,20.92138245769708,31.265684114295794,10.344301656598711,1.0,rule_side
ext15bps_further5bps_entry25c,YES,60,80,0.0625,0.4166666666666667,-21.25,-22.0,"-22.00,-19.00,-22.00,-22.00",0,10,-25.0,0.0625,0.0875,5.2625,20.92138245769708,31.265684114295794,10.344301656598711,1.0,rule_side
ext15bps_further5bps_entry25c,YES,65,80,0.0625,0.38461538461538464,-20.9375,-21.75,"-21.75,-18.50,-21.75,-21.75",0,10,-25.0,0.0625,0.0875,5.2625,20.92138245769708,31.265684114295794,10.344301656598711,1.0,rule_side
ext15bps_further5bps_entry25c,YES,70,80,0.0625,0.35714285714285715,-20.625,-21.5,"-21.50,-18.00,-21.50,-21.50",0,10,-25.0,0.0625,0.0875,5.2625,20.92138245769708,31.265684114295794,10.344301656598711,1.0,rule_side
ext15bps_further5bps_entry25c,YES,75,80,0.0625,0.3333333333333333,-20.3125,-21.25,"-21.25,-17.50,-21.25,-21.25",0,10,-25.0,0.0625,0.0875,5.2625,20.92138245769708,31.265684114295794,10.344301656598711,1.0,rule_side
ext15bps_further5bps_entry25c,YES,80,80,0.0625,0.3125,-20.0,-21.0,"-21.00,-17.00,-21.00,-21.00",0,10,-25.0,0.0625,0.0875,5.2625,20.92138245769708,31.265684114295794,10.344301656598711,1.0,rule_side
ext15bps_further5bps_entry25c,YES,85,80,0.0625,0.29411764705882354,-19.6875,-20.75,"-20.75,-16.50,-20.75,-20.75",0,10,-25.0,0.0625,0.0875,5.2625,20.92138245769708,31.265684114295794,10.344301656598711,1.0,rule_side
ext15bps_further5bps_entry25c,YES,99,80,0.0625,0.25252525252525254,-18.8125,-20.05,"-20.05,-15.10,-20.05,-20.05",0,10,-25.0,0.0625,0.0875,5.2625,20.92138245769708,31.265684114295794,10.344301656598711,1.0,rule_side
ext20bps_further0bps_entry20c,NO,45,262,0.08396946564885496,0.4444444444444444,-16.221374045801525,-17.272727272727273,"-17.27,-14.46,-16.59,-16.54",0,10,-20.0,0.04580152671755725,0.0648854961832061,5.633587786259542,26.633254014039164,28.007463295636025,1.3742092815968623,0.0,rule_side
ext20bps_further0bps_entry20c,NO,50,262,0.07633587786259542,0.4,-16.18320610687023,-17.727272727272727,"-17.73,-14.62,-16.21,-16.15",0,10,-20.0,0.04580152671755725,0.0648854961832061,5.633587786259542,26.633254014039164,28.007463295636025,1.3742092815968623,0.0,rule_side
ext20bps_further0bps_entry20c,NO,55,262,0.07251908396946564,0.36363636363636365,-16.01145038167939,-18.333333333333332,"-18.33,-14.08,-15.83,-15.77",0,10,-20.0,0.04580152671755725,0.0648854961832061,5.633587786259542,26.633254014039164,28.007463295636025,1.3742092815968623,0.0,rule_side
ext20bps_further0bps_entry20c,NO,60,262,0.06870229007633588,0.3333333333333333,-15.877862595419847,-18.181818181818183,"-18.18,-13.54,-16.36,-15.38",0,10,-20.0,0.04580152671755725,0.0648854961832061,5.633587786259542,26.633254014039164,28.007463295636025,1.3742092815968623,0.0,rule_side
ext20bps_further0bps_entry20c,NO,65,262,0.0648854961832061,0.3076923076923077,-15.782442748091603,-18.03030303030303,"-18.03,-13.00,-16.06,-16.00",0,10,-20.0,0.04580152671755725,0.0648854961832061,5.633587786259542,26.633254014039164,28.007463295636025,1.3742092815968623,0.0,rule_side
ext20bps_further0bps_entry20c,NO,70,262,0.05725190839694656,0.2857142857142857,-15.992366412213741,-17.87878787878788,"-17.88,-13.54,-15.76,-16.77",0,10,-20.0,0.04580152671755725,0.0648854961832061,5.633587786259542,26.633254014039164,28.007463295636025,1.3742092815968623,0.0,rule_side
ext20bps_further0bps_entry20c,NO,75,262,0.05343511450381679,0.26666666666666666,-15.992366412213741,-17.727272727272727,"-17.73,-13.08,-16.59,-16.54",0,10,-20.0,0.04580152671755725,0.0648854961832061,5.633587786259542,26.633254014039164,28.007463295636025,1.3742092815968623,0.0,rule_side
ext20bps_further0bps_entry20c,NO,80,262,0.04961832061068702,0.25,-16.03053435114504,-17.575757575757574,"-17.58,-12.62,-16.36,-17.54",0,10,-20.0,0.04580152671755725,0.0648854961832061,5.633587786259542,26.633254014039164,28.007463295636025,1.3742092815968623,0.0,rule_side
ext20bps_further0bps_entry20c,NO,85,262,0.04961832061068702,0.23529411764705882,-15.782442748091603,-17.424242424242426,"-17.42,-12.15,-16.14,-17.38",0,10,-20.0,0.04580152671755725,0.0648854961832061,5.633587786259542,26.633254014039164,28.007463295636025,1.3742092815968623,0.0,rule_side
ext20bps_further0bps_entry20c,NO,99,262,0.04580152671755725,0.20202020202020202,-15.465648854961833,-17.0,"-17.00,-12.38,-15.50,-16.95",0,10,-20.0,0.04580152671755725,0.0648854961832061,5.633587786259542,26.633254014039164,28.007463295636025,1.3742092815968623,0.0,rule_side
ext20bps_further0bps_entry20c,YES,45,274,0.08759124087591241,0.4444444444444444,-16.05839416058394,-17.391304347826086,"-16.09,-14.71,-17.39,-16.03",0,10,-18.333333333333332,0.05474452554744526,0.10583941605839416,5.700729927007299,25.63780861149848,26.83838531234633,1.2005767008478478,1.0,rule_side
ext20bps_further0bps_entry20c,YES,50,274,0.08759124087591241,0.4,-15.620437956204379,-17.10144927536232,"-15.65,-14.12,-17.10,-15.59",0,10,-18.14814814814815,0.05474452554744526,0.10583941605839416,5.700729927007299,25.63780861149848,26.83838531234633,1.2005767008478478,1.0,rule_side
ext20bps_further0bps_entry20c,YES,55,274,0.08394160583941605,0.36363636363636365,-15.383211678832117,-16.81159420289855,"-15.22,-14.34,-16.81,-15.15",0,10,-17.962962962962962,0.05474452554744526,0.10583941605839416,5.700729927007299,25.63780861149848,26.83838531234633,1.2005767008478478,1.0,rule_side
ext20bps_further0bps_entry20c,YES,60,274,0.08029197080291971,0.3333333333333333,-15.182481751824817,-16.52173913043478,"-15.65,-13.82,-16.52,-14.71",0,10,-17.77777777777778,0.05474452554744526,0.10583941605839416,5.700729927007299,25.63780861149848,26.83838531234633,1.2005767008478478,1.0,rule_side
ext20bps_further0bps_entry20c,YES,65,274,0.08029197080291971,0.3076923076923077,-14.781021897810218,-16.231884057971016,"-15.29,-13.31,-16.23,-14.26",0,10,-17.59259259259259,0.05474452554744526,0.10583941605839416,5.700729927007299,25.63780861149848,26.83838531234633,1.2005767008478478,1.0,rule_side
ext20bps_further0bps_entry20c,YES,70,274,0.07664233576642336,0.2857142857142857,-14.635036496350365,-15.942028985507246,"-14.93,-12.79,-15.94,-14.85",0,10,-17.40740740740741,0.05474452554744526,0.10583941605839416,5.700729927007299,25.63780861149848,26.83838531234633,1.2005767008478478,1.0,rule_side
ext20bps_further0bps_entry20c,YES,75,274,0.06934306569343066,0.26666666666666666,-14.799270072992702,-15.652173913043478,"-14.57,-13.38,-15.65,-15.59",0,10,-20.0,0.05474452554744526,0.10583941605839416,5.700729927007299,25.63780861149848,26.83838531234633,1.2005767008478478,1.0,rule_side
ext20bps_further0bps_entry20c,YES,80,274,0.06934306569343066,0.25,-14.452554744525548,-15.36231884057971,"-14.20,-12.94,-15.36,-15.29",0,10,-20.0,0.05474452554744526,0.10583941605839416,5.700729927007299,25.63780861149848,26.83838531234633,1.2005767008478478,1.0,rule_side
ext20bps_further0bps_entry20c,YES,85,274,0.058394160583941604,0.23529411764705882,-15.036496350364963,-16.304347826086957,"-15.07,-12.50,-16.30,-16.25",0,10,-20.0,0.05474452554744526,0.10583941605839416,5.700729927007299,25.63780861149848,26.83838531234633,1.2005767008478478,1.0,rule_side
ext20bps_further0bps_entry20c,YES,99,274,0.05474452554744526,0.20202020202020202,-14.58029197080292,-15.695652173913043,"-15.70,-11.26,-15.70,-15.63",0,10,-20.0,0.05474452554744526,0.10583941605839416,5.700729927007299,25.63780861149848,26.83838531234633,1.2005767008478478,1.0,rule_side
ext20bps_further0bps_entry21c,NO,45,278,0.09712230215827339,0.4666666666666667,-16.6294964028777,-17.73913043478261,"-17.14,-15.78,-15.86,-17.74",0,10,-21.0,0.050359712230215826,0.06474820143884892,5.514388489208633,26.481007136944015,27.898554909725448,1.4175477727814363,0.0,rule_side
ext20bps_further0bps_entry21c,NO,50,278,0.08992805755395683,0.42,-16.503597122302157,-17.428571428571427,"-17.43,-15.93,-15.29,-17.38",0,10,-21.0,0.050359712230215826,0.06474820143884892,5.514388489208633,26.481007136944015,27.898554909725448,1.4175477727814363,0.0,rule_side
ext20bps_further0bps_entry21c,NO,55,278,0.08633093525179857,0.38181818181818183,-16.25179856115108,-17.857142857142858,"-17.86,-15.42,-14.71,-17.01",0,10,-21.0,0.050359712230215826,0.06474820143884892,5.514388489208633,26.481007136944015,27.898554909725448,1.4175477727814363,0.0,rule_side
ext20bps_further0bps_entry21c,NO,60,278,0.08273381294964029,0.35,-16.035971223021583,-17.571428571428573,"-17.57,-14.91,-15.00,-16.65",0,10,-21.0,0.050359712230215826,0.06474820143884892,5.514388489208633,26.481007136944015,27.898554909725448,1.4175477727814363,0.0,rule_side
ext20bps_further0bps_entry21c,NO,65,278,0.07553956834532374,0.3230769230769231,-16.08992805755396,-18.214285714285715,"-18.21,-14.41,-14.50,-17.23",0,10,-21.0,0.050359712230215826,0.06474820143884892,5.514388489208633,26.481007136944015,27.898554909725448,1.4175477727814363,0.0,rule_side
ext20bps_further0bps_entry21c,NO,70,278,0.06474820143884892,0.3,-16.467625899280577,-19.0,"-19.00,-14.91,-14.00,-17.96",0,10,-21.0,0.050359712230215826,0.06474820143884892,5.514388489208633,26.481007136944015,27.898554909725448,1.4175477727814363,0.0,rule_side
ext20bps_further0bps_entry21c,NO,75,278,0.06115107913669065,0.28,-16.413669064748202,-18.857142857142858,"-18.86,-14.48,-14.57,-17.74",0,10,-21.0,0.050359712230215826,0.06474820143884892,5.514388489208633,26.481007136944015,27.898554909725448,1.4175477727814363,0.0,rule_side
ext20bps_further0bps_entry21c,NO,80,278,0.05755395683453238,0.2625,-16.39568345323741,-18.714285714285715,"-18.71,-14.04,-14.14,-18.68",0,10,-21.0,0.050359712230215826,0.06474820143884892,5.514388489208633,26.481007136944015,27.898554909725448,1.4175477727814363,0.0,rule_side
ext20bps_further0bps_entry21c,NO,85,278,0.0539568345323741,0.24705882352941178,-16.413669064748202,-18.571428571428573,"-18.57,-13.61,-14.93,-18.54",0,10,-21.0,0.050359712230215826,0.06474820143884892,5.514388489208633,26.481007136944015,27.898554909725448,1.4175477727814363,0.0,rule_side
ext20bps_further0bps_entry21c,NO,99,278,0.050359712230215826,0.21212121212121213,-16.014388489208635,-18.17142857142857,"-18.17,-13.83,-13.93,-18.13",0,10,-21.0,0.050359712230215826,0.06474820143884892,5.514388489208633,26.481007136944015,27.898554909725448,1.4175477727814363,0.0,rule_side
ext20bps_further0bps_entry21c,YES,45,286,0.0979020979020979,0.4666666666666667,-16.594405594405593,-18.5,"-16.00,-15.93,-18.50,-15.93",0,10,-19.333333333333332,0.06293706293706294,0.10839160839160839,5.660839160839161,25.587439811432137,26.708036262218332,1.1205964507861919,1.0,rule_side
ext20bps_further0bps_entry21c,YES,50,286,0.0979020979020979,0.42,-16.104895104895103,-18.22222222222222,"-15.44,-15.37,-18.22,-15.37",0,10,-19.14814814814815,0.06293706293706294,0.10839160839160839,5.660839160839161,25.587439811432137,26.708036262218332,1.1205964507861919,1.0,rule_side
ext20bps_further0bps_entry21c,YES,55,286,0.0944055944055944,0.38181818181818183,-15.807692307692308,-17.944444444444443,"-14.89,-15.58,-17.94,-14.80",0,10,-18.962962962962962,0.06293706293706294,0.10839160839160839,5.660839160839161,25.587439811432137,26.708036262218332,1.1205964507861919,1.0,rule_side
ext20bps_further0bps_entry21c,YES,60,286,0.08741258741258741,0.35,-15.755244755244755,-17.666666666666668,"-16.00,-15.08,-17.67,-14.24",0,10,-18.77777777777778,0.06293706293706294,0.10839160839160839,5.660839160839161,25.587439811432137,26.708036262218332,1.1205964507861919,1.0,rule_side
ext20bps_further0bps_entry21c,YES,65,286,0.08741258741258741,0.3230769230769231,-15.318181818181818,-17.38888888888889,"-15.58,-14.59,-17.39,-13.68",0,10,-18.59259259259259,0.06293706293706294,0.10839160839160839,5.660839160839161,25.587439811432137,26.708036262218332,1.1205964507861919,1.0,rule_side
ext20bps_further0bps_entry21c,YES,70,286,0.08391608391608392,0.3,-15.125874125874127,-17.11111111111111,"-15.17,-14.10,-17.11,-14.10",0,10,-18.40740740740741,0.06293706293706294,0.10839160839160839,5.660839160839161,25.587439811432137,26.708036262218332,1.1205964507861919,1.0,rule_side
ext20bps_further0bps_entry21c,YES,75,286,0.07692307692307693,0.28,-15.23076923076923,-16.833333333333332,"-14.75,-14.66,-16.83,-14.66",0,10,-21.0,0.06293706293706294,0.10839160839160839,5.660839160839161,25.587439811432137,26.708036262218332,1.1205964507861919,1.0,rule_side
ext20bps_further0bps_entry21c,YES,80,286,0.07692307692307693,0.2625,-14.846153846153847,-16.555555555555557,"-14.33,-14.24,-16.56,-14.24",0,10,-21.0,0.06293706293706294,0.10839160839160839,5.660839160839161,25.587439811432137,26.708036262218332,1.1205964507861919,1.0,rule_side
ext20bps_further0bps_entry21c,YES,85,286,0.06643356643356643,0.24705882352941178,-15.353146853146853,-17.458333333333332,"-15.10,-13.82,-17.46,-15.01",0,10,-21.0,0.06293706293706294,0.10839160839160839,5.660839160839161,25.587439811432137,26.708036262218332,1.1205964507861919,1.0,rule_side
ext20bps_further0bps_entry21c,YES,99,286,0.06293706293706294,0.21212121212121213,-14.76923076923077,-16.875,"-15.50,-12.63,-16.88,-14.03",0,10,-21.0,0.06293706293706294,0.10839160839160839,5.660839160839161,25.587439811432137,26.708036262218332,1.1205964507861919,1.0,rule_side
ext20bps_further0bps_entry22c,NO,45,287,0.10104529616724739,0.4888888888888889,-17.45296167247387,-18.197183098591548,"-17.62,-17.00,-17.00,-18.20",0,10,-22.0,0.05574912891986063,0.0627177700348432,5.512195121951219,26.51160876129209,28.088962578712923,1.577353817420831,0.0,rule_side
ext20bps_further0bps_entry22c,NO,50,287,0.09407665505226481,0.44,-17.29616724738676,-17.833333333333332,"-17.83,-17.14,-16.44,-17.77",0,10,-22.0,0.05574912891986063,0.0627177700348432,5.512195121951219,26.51160876129209,28.088962578712923,1.577353817420831,0.0,rule_side
ext20bps_further0bps_entry22c,NO,55,287,0.09059233449477352,0.4,-17.017421602787458,-18.180555555555557,"-18.18,-16.65,-15.89,-17.35",0,10,-22.0,0.05574912891986063,0.0627177700348432,5.512195121951219,26.51160876129209,28.088962578712923,1.577353817420831,0.0,rule_side
ext20bps_further0bps_entry22c,NO,60,287,0.08710801393728224,0.36666666666666664,-16.773519163763066,-17.833333333333332,"-17.83,-16.17,-16.17,-16.93",0,10,-22.0,0.05574912891986063,0.0627177700348432,5.512195121951219,26.51160876129209,28.088962578712923,1.577353817420831,0.0,rule_side
ext20bps_further0bps_entry22c,NO,65,287,0.08013937282229965,0.3384615384615385,-16.790940766550523,-18.38888888888889,"-18.39,-15.68,-15.68,-17.42",0,10,-22.0,0.05574912891986063,0.0627177700348432,5.512195121951219,26.51160876129209,28.088962578712923,1.577353817420831,0.0,rule_side
ext20bps_further0bps_entry22c,NO,70,287,0.06968641114982578,0.3142857142857143,-17.121951219512194,-19.083333333333332,"-19.08,-16.17,-15.19,-18.06",0,10,-22.0,0.05574912891986063,0.0627177700348432,5.512195121951219,26.51160876129209,28.088962578712923,1.577353817420831,0.0,rule_side
ext20bps_further0bps_entry22c,NO,75,287,0.06620209059233449,0.29333333333333333,-17.034843205574912,-18.875,"-18.88,-15.75,-15.75,-17.77",0,10,-22.0,0.05574912891986063,0.0627177700348432,5.512195121951219,26.51160876129209,28.088962578712923,1.577353817420831,0.0,rule_side
ext20bps_further0bps_entry22c,NO,80,287,0.0627177700348432,0.275,-16.982578397212542,-18.666666666666668,"-18.67,-15.33,-15.33,-18.62",0,10,-22.0,0.05574912891986063,0.0627177700348432,5.512195121951219,26.51160876129209,28.088962578712923,1.577353817420831,0.0,rule_side
ext20bps_further0bps_entry22c,NO,85,287,0.059233449477351915,0.25882352941176473,-16.965156794425088,-18.458333333333332,"-18.46,-14.92,-16.10,-18.41",0,10,-22.0,0.05574912891986063,0.0627177700348432,5.512195121951219,26.51160876129209,28.088962578712923,1.577353817420831,0.0,rule_side
ext20bps_further0bps_entry22c,NO,99,287,0.05574912891986063,0.2222222222222222,-16.480836236933797,-17.875,"-17.88,-15.12,-15.12,-17.82",0,10,-22.0,0.05574912891986063,0.0627177700348432,5.512195121951219,26.51160876129209,28.088962578712923,1.577353817420831,0.0,rule_side
ext20bps_further0bps_entry22c,YES,45,293,0.09897610921501707,0.4888888888888889,-17.546075085324233,-19.534246575342465,"-16.53,-17.07,-19.53,-17.07",0,10,-20.392857142857142,0.06143344709897611,0.10580204778156997,5.597269624573379,25.597558388705156,26.590604931852162,0.993046543147007,1.0,rule_side
ext20bps_further0bps_entry22c,YES,50,293,0.09897610921501707,0.44,-17.051194539249146,-19.26027397260274,"-15.92,-16.52,-19.26,-16.52",0,10,-20.214285714285715,0.06143344709897611,0.10580204778156997,5.597269624573379,25.597558388705156,26.590604931852162,0.993046543147007,1.0,rule_side
ext20bps_further0bps_entry22c,YES,55,293,0.09556313993174062,0.4,-16.744027303754265,-18.986301369863014,"-15.31,-16.73,-18.99,-15.97",0,10,-20.035714285714285,0.06143344709897611,0.10580204778156997,5.597269624573379,25.597558388705156,26.590604931852162,0.993046543147007,1.0,rule_side
ext20bps_further0bps_entry22c,YES,60,293,0.08873720136518772,0.36666666666666664,-16.675767918088738,-18.71232876712329,"-16.32,-16.25,-18.71,-15.42",0,10,-19.857142857142858,0.06143344709897611,0.10580204778156997,5.597269624573379,25.597558388705156,26.590604931852162,0.993046543147007,1.0,rule_side
ext20bps_further0bps_entry22c,YES,65,293,0.08532423208191127,0.3384615384615385,-16.453924914675767,-18.438356164383563,"-16.73,-15.77,-18.44,-14.88",0,10,-19.678571428571427,0.06143344709897611,0.10580204778156997,5.597269624573379,25.597558388705156,26.590604931852162,0.993046543147007,1.0,rule_side
ext20bps_further0bps_entry22c,YES,70,293,0.08191126279863481,0.3142857142857143,-16.266211604095563,-18.164383561643834,"-16.32,-15.29,-18.16,-15.29",0,10,-19.5,0.06143344709897611,0.10580204778156997,5.597269624573379,25.597558388705156,26.590604931852162,0.993046543147007,1.0,rule_side
ext20bps_further0bps_entry22c,YES,75,293,0.07508532423208192,0.29333333333333333,-16.368600682593858,-17.89041095890411,"-15.92,-15.84,-17.89,-15.84",0,10,-22.0,0.06143344709897611,0.10580204778156997,5.597269624573379,25.597558388705156,26.590604931852162,0.993046543147007,1.0,rule_side
ext20bps_further0bps_entry22c,YES,80,293,0.07508532423208192,0.275,-15.993174061433447,-17.616438356164384,"-15.51,-15.42,-17.62,-15.42",0,10,-22.0,0.06143344709897611,0.10580204778156997,5.597269624573379,25.597558388705156,26.590604931852162,0.993046543147007,1.0,rule_side
ext20bps_further0bps_entry22c,YES,85,293,0.06484641638225255,0.25882352941176473,-16.488054607508534,-18.506849315068493,"-16.26,-15.01,-18.51,-16.18",0,10,-22.0,0.06143344709897611,0.10580204778156997,5.597269624573379,25.597558388705156,26.590604931852162,0.993046543147007,1.0,rule_side
ext20bps_further0bps_entry22c,YES,99,293,0.06143344709897611,0.2222222222222222,-15.918088737201366,-17.931506849315067,"-16.65,-13.86,-17.93,-15.22",0,10,-22.0,0.06143344709897611,0.10580204778156997,5.597269624573379,25.597558388705156,26.590604931852162,0.993046543147007,1.0,rule_side
ext20bps_further0bps_entry23c,NO,45,295,0.10508474576271186,0.5111111111111111,-18.271186440677965,-19.301369863013697,"-18.14,-17.53,-18.14,-19.30",0,10,-23.0,0.05423728813559322,0.061016949152542375,5.461016949152542,26.46373286046948,27.855097884026147,1.3913650235566664,0.0,rule_side
ext20bps_further0bps_entry23c,NO,50,295,0.09491525423728814,0.46,-18.25423728813559,-18.945945945945947,"-18.95,-17.59,-17.59,-18.89",0,10,-23.0,0.05423728813559322,0.061016949152542375,5.461016949152542,26.46373286046948,27.855097884026147,1.3913650235566664,0.0,rule_side
ext20bps_further0bps_entry23c,NO,55,295,0.09152542372881356,0.41818181818181815,-17.966101694915253,-19.283783783783782,"-19.28,-17.05,-17.05,-18.48",0,10,-23.0,0.05423728813559322,0.061016949152542375,5.461016949152542,26.46373286046948,27.855097884026147,1.3913650235566664,0.0,rule_side
ext20bps_further0bps_entry23c,NO,60,295,0.08813559322033898,0.38333333333333336,-17.71186440677966,-18.945945945945947,"-18.95,-16.51,-17.32,-18.07",0,10,-23.0,0.05423728813559322,0.061016949152542375,5.461016949152542,26.46373286046948,27.855097884026147,1.3913650235566664,0.0,rule_side
ext20bps_further0bps_entry23c,NO,65,295,0.07796610169491526,0.35384615384615387,-17.93220338983051,-19.486486486486488,"-19.49,-16.85,-16.85,-18.55",0,10,-23.0,0.05423728813559322,0.061016949152542375,5.461016949152542,26.46373286046948,27.855097884026147,1.3913650235566664,0.0,rule_side
ext20bps_further0bps_entry23c,NO,70,295,0.06779661016949153,0.32857142857142857,-18.25423728813559,-20.16216216216216,"-20.16,-17.32,-16.38,-19.16",0,10,-23.0,0.05423728813559322,0.061016949152542375,5.461016949152542,26.46373286046948,27.855097884026147,1.3913650235566664,0.0,rule_side
ext20bps_further0bps_entry23c,NO,75,295,0.06440677966101695,0.30666666666666664,-18.16949152542373,-19.95945945945946,"-19.96,-16.92,-16.92,-18.89",0,10,-23.0,0.05423728813559322,0.061016949152542375,5.461016949152542,26.46373286046948,27.855097884026147,1.3913650235566664,0.0,rule_side
ext20bps_further0bps_entry23c,NO,80,295,0.061016949152542375,0.2875,-18.11864406779661,-19.756756756756758,"-19.76,-16.51,-16.51,-19.71",0,10,-23.0,0.05423728813559322,0.061016949152542375,5.461016949152542,26.46373286046948,27.855097884026147,1.3913650235566664,0.0,rule_side
ext20bps_further0bps_entry23c,NO,85,295,0.0576271186440678,0.27058823529411763,-18.10169491525424,-19.554054054054053,"-19.55,-16.11,-17.26,-19.51",0,10,-23.0,0.05423728813559322,0.061016949152542375,5.461016949152542,26.46373286046948,27.855097884026147,1.3913650235566664,0.0,rule_side
ext20bps_further0bps_entry23c,NO,99,295,0.05423728813559322,0.23232323232323232,-17.63050847457627,-18.986486486486488,"-18.99,-16.31,-16.31,-18.93",0,10,-23.0,0.05423728813559322,0.061016949152542375,5.461016949152542,26.46373286046948,27.855097884026147,1.3913650235566664,0.0,rule_side
ext20bps_further0bps_entry23c,YES,45,300,0.10666666666666667,0.5111111111111111,-18.2,-18.8,"-17.60,-18.20,-18.80,-18.20",0,10,-20.954545454545453,0.06333333333333334,0.11,5.553333333333334,25.57056023000489,26.46862373515222,0.8980635051473249,1.0,rule_side
ext20bps_further0bps_entry23c,YES,50,300,0.10666666666666667,0.46,-17.666666666666668,-18.333333333333332,"-17.00,-17.67,-18.33,-17.67",0,10,-20.727272727272727,0.06333333333333334,0.11,5.553333333333334,25.57056023000489,26.46862373515222,0.8980635051473249,1.0,rule_side
ext20bps_further0bps_entry23c,YES,55,300,0.10333333333333333,0.41818181818181815,-17.316666666666666,-17.866666666666667,"-16.40,-17.87,-17.87,-17.13",0,10,-20.5,0.06333333333333334,0.11,5.553333333333334,25.57056023000489,26.46862373515222,0.8980635051473249,1.0,rule_side
ext20bps_further0bps_entry23c,YES,60,300,0.09666666666666666,0.38333333333333336,-17.2,-17.4,"-17.40,-17.40,-17.40,-16.60",0,10,-20.272727272727273,0.06333333333333334,0.11,5.553333333333334,25.57056023000489,26.46862373515222,0.8980635051473249,1.0,rule_side
ext20bps_further0bps_entry23c,YES,65,300,0.09,0.35384615384615387,-17.15,-17.8,"-17.80,-16.93,-17.80,-16.07",0,10,-20.045454545454547,0.06333333333333334,0.11,5.553333333333334,25.57056023000489,26.46862373515222,0.8980635051473249,1.0,rule_side
ext20bps_further0bps_entry23c,YES,70,300,0.08666666666666667,0.32857142857142857,-16.933333333333334,-17.4,"-17.40,-16.47,-17.40,-16.47",0,10,-19.818181818181817,0.06333333333333334,0.11,5.553333333333334,25.57056023000489,26.46862373515222,0.8980635051473249,1.0,rule_side
ext20bps_further0bps_entry23c,YES,75,300,0.07666666666666666,0.30666666666666664,-17.25,-18.0,"-17.00,-17.00,-18.00,-17.00",0,10,-23.0,0.06333333333333334,0.11,5.553333333333334,25.57056023000489,26.46862373515222,0.8980635051473249,1.0,rule_side
ext20bps_further0bps_entry23c,YES,80,300,0.07666666666666666,0.2875,-16.866666666666667,-17.666666666666668,"-16.60,-16.60,-17.67,-16.60",0,10,-23.0,0.06333333333333334,0.11,5.553333333333334,25.57056023000489,26.46862373515222,0.8980635051473249,1.0,rule_side
ext20bps_further0bps_entry23c,YES,85,300,0.06666666666666667,0.27058823529411763,-17.333333333333332,-18.466666666666665,"-17.33,-16.20,-18.47,-17.33",0,10,-23.0,0.06333333333333334,0.11,5.553333333333334,25.57056023000489,26.46862373515222,0.8980635051473249,1.0,rule_side
ext20bps_further0bps_entry23c,YES,99,300,0.06333333333333334,0.23232323232323232,-16.73,-17.72,"-17.72,-15.08,-17.72,-16.40",0,10,-23.0,0.06333333333333334,0.11,5.553333333333334,25.57056023000489,26.46862373515222,0.8980635051473249,1.0,rule_side
ext20bps_further0bps_entry24c,NO,45,301,0.11295681063122924,0.5333333333333333,-18.916943521594686,-20.4,"-18.67,-18.60,-18.00,-20.40",0,10,-24.0,0.059800664451827246,0.06976744186046512,5.398671096345515,26.445288977831204,27.866449597528153,1.421160619696949,0.0,rule_side
ext20bps_further0bps_entry24c,NO,50,301,0.10299003322259136,0.48,-18.85049833887043,-20.0,"-19.39,-18.67,-17.33,-20.00",0,10,-24.0,0.059800664451827246,0.06976744186046512,5.398671096345515,26.445288977831204,27.866449597528153,1.421160619696949,0.0,rule_side
ext20bps_further0bps_entry24c,NO,55,301,0.09966777408637874,0.43636363636363634,-18.51827242524917,-19.657894736842106,"-19.66,-18.13,-16.67,-19.60",0,10,-24.0,0.059800664451827246,0.06976744186046512,5.398671096345515,26.445288977831204,27.866449597528153,1.421160619696949,0.0,rule_side
ext20bps_further0bps_entry24c,NO,60,301,0.09302325581395349,0.4,-18.41860465116279,-20.05263157894737,"-20.05,-17.60,-16.80,-19.20",0,10,-24.0,0.059800664451827246,0.06976744186046512,5.398671096345515,26.445288977831204,27.866449597528153,1.421160619696949,0.0,rule_side
ext20bps_further0bps_entry24c,NO,65,301,0.08305647840531562,0.36923076923076925,-18.601328903654483,-20.57894736842105,"-20.58,-17.93,-16.20,-19.67",0,10,-24.0,0.059800664451827246,0.06976744186046512,5.398671096345515,26.445288977831204,27.866449597528153,1.421160619696949,0.0,rule_side
ext20bps_further0bps_entry24c,NO,70,301,0.07308970099667775,0.34285714285714286,-18.88372093023256,-21.236842105263158,"-21.24,-18.40,-15.60,-20.27",0,10,-24.0,0.059800664451827246,0.06976744186046512,5.398671096345515,26.445288977831204,27.866449597528153,1.421160619696949,0.0,rule_side
ext20bps_further0bps_entry24c,NO,75,301,0.06976744186046512,0.32,-18.767441860465116,-21.039473684210527,"-21.04,-18.00,-16.00,-20.00",0,10,-24.0,0.059800664451827246,0.06976744186046512,5.398671096345515,26.445288977831204,27.866449597528153,1.421160619696949,0.0,rule_side
ext20bps_further0bps_entry24c,NO,80,301,0.0664451827242525,0.3,-18.6843853820598,-20.842105263157894,"-20.84,-17.60,-15.47,-20.80",0,10,-24.0,0.059800664451827246,0.06976744186046512,5.398671096345515,26.445288977831204,27.866449597528153,1.421160619696949,0.0,rule_side
ext20bps_further0bps_entry24c,NO,85,301,0.06312292358803986,0.2823529411764706,-18.634551495016613,-20.644736842105264,"-20.64,-17.20,-16.07,-20.60",0,10,-24.0,0.059800664451827246,0.06976744186046512,5.398671096345515,26.445288977831204,27.866449597528153,1.421160619696949,0.0,rule_side
ext20bps_further0bps_entry24c,NO,99,301,0.059800664451827246,0.24242424242424243,-18.079734219269103,-20.092105263157894,"-20.09,-17.40,-14.76,-20.04",0,10,-24.0,0.059800664451827246,0.06976744186046512,5.398671096345515,26.445288977831204,27.866449597528153,1.421160619696949,0.0,rule_side
ext20bps_further0bps_entry24c,YES,45,312,0.11538461538461539,0.5333333333333333,-18.807692307692307,-19.96153846153846,"-18.23,-18.23,-19.96,-18.81",0,10,-22.125,0.0673076923076923,0.11217948717948718,5.4743589743589745,25.576599007501006,26.405714696625047,0.8291156891240442,1.0,rule_side
ext20bps_further0bps_entry24c,YES,50,312,0.11538461538461539,0.48,-18.23076923076923,-19.512820512820515,"-17.59,-17.59,-19.51,-18.23",0,10,-21.916666666666668,0.0673076923076923,0.11217948717948718,5.4743589743589745,25.576599007501006,26.405714696625047,0.8291156891240442,1.0,rule_side
ext20bps_further0bps_entry24c,YES,55,312,0.11217948717948718,0.43636363636363634,-17.830128205128204,-19.064102564102566,"-16.95,-17.65,-19.06,-17.65",0,10,-21.708333333333332,0.0673076923076923,0.11217948717948718,5.4743589743589745,25.576599007501006,26.405714696625047,0.8291156891240442,1.0,rule_side
ext20bps_further0bps_entry24c,YES,60,312,0.10576923076923077,0.4,-17.653846153846153,-18.615384615384617,"-17.85,-17.08,-18.62,-17.08",0,10,-21.5,0.0673076923076923,0.11217948717948718,5.4743589743589745,25.576599007501006,26.405714696625047,0.8291156891240442,1.0,rule_side
ext20bps_further0bps_entry24c,YES,65,312,0.09935897435897435,0.36923076923076925,-17.541666666666668,-19.0,"-18.17,-16.50,-19.00,-16.50",0,10,-21.291666666666668,0.0673076923076923,0.11217948717948718,5.4743589743589745,25.576599007501006,26.405714696625047,0.8291156891240442,1.0,rule_side
ext20bps_further0bps_entry24c,YES,70,312,0.09615384615384616,0.34285714285714286,-17.26923076923077,-18.615384615384617,"-17.72,-15.92,-18.62,-16.82",0,10,-21.083333333333332,0.0673076923076923,0.11217948717948718,5.4743589743589745,25.576599007501006,26.405714696625047,0.8291156891240442,1.0,rule_side
ext20bps_further0bps_entry24c,YES,75,312,0.08653846153846154,0.32,-17.509615384615383,-19.192307692307693,"-17.27,-16.31,-19.19,-17.27",0,10,-24.0,0.0673076923076923,0.11217948717948718,5.4743589743589745,25.576599007501006,26.405714696625047,0.8291156891240442,1.0,rule_side
ext20bps_further0bps_entry24c,YES,80,312,0.08653846153846154,0.3,-17.076923076923077,-18.871794871794872,"-16.82,-15.79,-18.87,-16.82",0,10,-24.0,0.0673076923076923,0.11217948717948718,5.4743589743589745,25.576599007501006,26.405714696625047,0.8291156891240442,1.0,rule_side
ext20bps_further0bps_entry24c,YES,85,312,0.07371794871794872,0.2823529411764706,-17.733974358974358,-19.641025641025642,"-17.46,-15.28,-19.64,-18.55",0,10,-24.0,0.0673076923076923,0.11217948717948718,5.4743589743589745,25.576599007501006,26.405714696625047,0.8291156891240442,1.0,rule_side
ext20bps_further0bps_entry24c,YES,99,312,0.0673076923076923,0.24242424242424243,-17.33653846153846,-18.923076923076923,"-17.65,-15.12,-18.92,-17.65",0,10,-24.0,0.0673076923076923,0.11217948717948718,5.4743589743589745,25.576599007501006,26.405714696625047,0.8291156891240442,1.0,rule_side
ext20bps_further0bps_entry25c,NO,45,307,0.11400651465798045,0.5555555555555556,-19.86970684039088,-21.44736842105263,"-19.16,-19.74,-19.16,-21.45",0,10,-25.0,0.06188925081433225,0.07166123778501629,5.3452768729641695,26.44200436490559,27.748702293737168,1.3066979288315792,0.0,rule_side
ext20bps_further0bps_entry25c,NO,50,307,0.10423452768729642,0.5,-19.78827361563518,-21.05263157894737,"-19.81,-19.81,-18.51,-21.05",0,10,-25.0,0.06188925081433225,0.07166123778501629,5.3452768729641695,26.44200436490559,27.748702293737168,1.3066979288315792,0.0,rule_side
ext20bps_further0bps_entry25c,NO,55,307,0.10097719869706841,0.45454545454545453,-19.446254071661237,-20.657894736842106,"-20.00,-19.29,-17.86,-20.66",0,10,-25.0,0.06188925081433225,0.07166123778501629,5.3452768729641695,26.44200436490559,27.748702293737168,1.3066979288315792,0.0,rule_side
ext20bps_further0bps_entry25c,NO,60,307,0.09446254071661238,0.4166666666666667,-19.332247557003257,-20.324675324675326,"-20.32,-18.77,-17.99,-20.26",0,10,-25.0,0.06188925081433225,0.07166123778501629,5.3452768729641695,26.44200436490559,27.748702293737168,1.3066979288315792,0.0,rule_side
ext20bps_further0bps_entry25c,NO,65,307,0.08469055374592833,0.38461538461538464,-19.495114006514658,-20.77922077922078,"-20.78,-19.09,-17.40,-20.72",0,10,-25.0,0.06188925081433225,0.07166123778501629,5.3452768729641695,26.44200436490559,27.748702293737168,1.3066979288315792,0.0,rule_side
ext20bps_further0bps_entry25c,NO,70,307,0.0749185667752443,0.35714285714285715,-19.7557003257329,-21.363636363636363,"-21.36,-19.55,-16.82,-21.32",0,10,-25.0,0.06188925081433225,0.07166123778501629,5.3452768729641695,26.44200436490559,27.748702293737168,1.3066979288315792,0.0,rule_side
ext20bps_further0bps_entry25c,NO,75,307,0.07166123778501629,0.3333333333333333,-19.62540716612378,-21.103896103896105,"-21.10,-19.16,-17.21,-21.05",0,10,-25.0,0.06188925081433225,0.07166123778501629,5.3452768729641695,26.44200436490559,27.748702293737168,1.3066979288315792,0.0,rule_side
ext20bps_further0bps_entry25c,NO,80,307,0.06840390879478828,0.3125,-19.52768729641694,-21.842105263157894,"-20.84,-18.77,-16.69,-21.84",0,10,-25.0,0.06188925081433225,0.07166123778501629,5.3452768729641695,26.44200436490559,27.748702293737168,1.3066979288315792,0.0,rule_side
ext20bps_further0bps_entry25c,NO,85,307,0.06514657980456026,0.29411764705882354,-19.462540716612377,-21.644736842105264,"-20.58,-18.38,-17.27,-21.64",0,10,-25.0,0.06188925081433225,0.07166123778501629,5.3452768729641695,26.44200436490559,27.748702293737168,1.3066979288315792,0.0,rule_side
ext20bps_further0bps_entry25c,NO,99,307,0.06188925081433225,0.25252525252525254,-18.872964169381106,-21.092105263157894,"-19.86,-18.57,-16.00,-21.09",0,10,-25.0,0.06188925081433225,0.07166123778501629,5.3452768729641695,26.44200436490559,27.748702293737168,1.3066979288315792,0.0,rule_side
ext20bps_further0bps_entry25c,YES,45,322,0.12732919254658384,0.5555555555555556,-19.270186335403725,-19.9375,"-18.89,-18.81,-19.44,-19.94",0,10,-23.125,0.07453416149068323,0.11490683229813664,5.409937888198757,25.601008098258117,26.346748297171906,0.745740198913782,1.0,rule_side
ext20bps_further0bps_entry25c,YES,50,322,0.12732919254658384,0.5,-18.633540372670808,-19.375,"-18.21,-18.12,-18.83,-19.38",0,10,-22.916666666666668,0.07453416149068323,0.11490683229813664,5.409937888198757,25.601008098258117,26.346748297171906,0.745740198913782,1.0,rule_side
ext20bps_further0bps_entry25c,YES,55,322,0.12111801242236025,0.45454545454545453,-18.338509316770185,-18.88888888888889,"-17.53,-18.12,-18.89,-18.81",0,10,-22.708333333333332,0.07453416149068323,0.11490683229813664,5.409937888198757,25.601008098258117,26.346748297171906,0.745740198913782,1.0,rule_side
ext20bps_further0bps_entry25c,YES,60,322,0.11490683229813664,0.4166666666666667,-18.1055900621118,-18.333333333333332,"-18.33,-17.50,-18.33,-18.25",0,10,-22.5,0.07453416149068323,0.11490683229813664,5.409937888198757,25.601008098258117,26.346748297171906,0.745740198913782,1.0,rule_side
ext20bps_further0bps_entry25c,YES,65,322,0.10869565217391304,0.38461538461538464,-17.934782608695652,-18.580246913580247,"-18.58,-16.88,-18.58,-17.69",0,10,-22.291666666666668,0.07453416149068323,0.11490683229813664,5.409937888198757,25.601008098258117,26.346748297171906,0.745740198913782,1.0,rule_side
ext20bps_further0bps_entry25c,YES,70,322,0.10559006211180125,0.35714285714285715,-17.608695652173914,-18.08641975308642,"-18.09,-16.25,-18.09,-18.00",0,10,-22.083333333333332,0.07453416149068323,0.11490683229813664,5.409937888198757,25.601008098258117,26.346748297171906,0.745740198913782,1.0,rule_side
ext20bps_further0bps_entry25c,YES,75,322,0.09316770186335403,0.3333333333333333,-18.012422360248447,-19.444444444444443,"-17.59,-16.56,-19.44,-18.44",0,10,-25.0,0.07453416149068323,0.11490683229813664,5.409937888198757,25.601008098258117,26.346748297171906,0.745740198913782,1.0,rule_side
ext20bps_further0bps_entry25c,YES,80,322,0.09316770186335403,0.3125,-17.546583850931675,-19.074074074074073,"-17.10,-16.00,-19.07,-18.00",0,10,-25.0,0.07453416149068323,0.11490683229813664,5.409937888198757,25.601008098258117,26.346748297171906,0.745740198913782,1.0,rule_side
ext20bps_further0bps_entry25c,YES,85,322,0.08074534161490683,0.29411764705882354,-18.13664596273292,-19.753086419753085,"-17.65,-15.44,-19.75,-19.69",0,10,-25.0,0.07453416149068323,0.11490683229813664,5.409937888198757,25.601008098258117,26.346748297171906,0.745740198913782,1.0,rule_side
ext20bps_further0bps_entry25c,YES,99,322,0.07453416149068323,0.25252525252525254,-17.62111801242236,-18.88888888888889,"-17.67,-15.10,-18.89,-18.81",0,10,-25.0,0.07453416149068323,0.11490683229813664,5.409937888198757,25.601008098258117,26.346748297171906,0.745740198913782,1.0,rule_side
ext20bps_further10bps_entry24c,NO,45,26,0.15384615384615385,0.5333333333333333,-17.076923076923077,-24.0,"-24.00,-16.50,-11.14,-16.50",0,9,-24.0,0.07692307692307693,0.15384615384615385,4.538461538461538,31.337983467775548,51.94455554210355,20.606572074327996,0.0,rule_side
ext20bps_further10bps_entry24c,NO,50,26,0.11538461538461539,0.48,-18.23076923076923,-24.0,"-24.00,-15.67,-16.86,-15.67",0,9,-24.0,0.07692307692307693,0.15384615384615385,4.538461538461538,31.337983467775548,51.94455554210355,20.606572074327996,0.0,rule_side
ext20bps_further10bps_entry24c,NO,55,26,0.11538461538461539,0.43636363636363634,-17.653846153846153,-24.0,"-24.00,-14.83,-16.14,-14.83",0,9,-24.0,0.07692307692307693,0.15384615384615385,4.538461538461538,31.337983467775548,51.94455554210355,20.606572074327996,0.0,rule_side
ext20bps_further10bps_entry24c,NO,60,26,0.07692307692307693,0.4,-19.384615384615383,-24.0,"-24.00,-24.00,-15.43,-14.00",0,9,-24.0,0.07692307692307693,0.15384615384615385,4.538461538461538,31.337983467775548,51.94455554210355,20.606572074327996,0.0,rule_side
ext20bps_further10bps_entry24c,NO,65,26,0.07692307692307693,0.36923076923076925,-19.0,-24.0,"-24.00,-24.00,-14.71,-13.17",0,9,-24.0,0.07692307692307693,0.15384615384615385,4.538461538461538,31.337983467775548,51.94455554210355,20.606572074327996,0.0,rule_side
ext20bps_further10bps_entry24c,NO,70,26,0.07692307692307693,0.34285714285714286,-18.615384615384617,-24.0,"-24.00,-24.00,-14.00,-12.33",0,9,-24.0,0.07692307692307693,0.15384615384615385,4.538461538461538,31.337983467775548,51.94455554210355,20.606572074327996,0.0,rule_side
ext20bps_further10bps_entry24c,NO,75,26,0.07692307692307693,0.32,-18.23076923076923,-24.0,"-24.00,-24.00,-13.29,-11.50",1,9,-24.0,0.07692307692307693,0.15384615384615385,4.538461538461538,31.337983467775548,51.94455554210355,20.606572074327996,0.0,rule_side
ext20bps_further10bps_entry24c,NO,80,26,0.07692307692307693,0.3,-17.846153846153847,-24.0,"-24.00,-24.00,-12.57,-10.67",1,9,-24.0,0.07692307692307693,0.15384615384615385,4.538461538461538,31.337983467775548,51.94455554210355,20.606572074327996,0.0,rule_side
ext20bps_further10bps_entry24c,NO,85,26,0.07692307692307693,0.2823529411764706,-17.46153846153846,-24.0,"-24.00,-24.00,-11.86,-9.83",1,9,-24.0,0.07692307692307693,0.15384615384615385,4.538461538461538,31.337983467775548,51.94455554210355,20.606572074327996,0.0,rule_side
ext20bps_further10bps_entry24c,NO,99,26,0.07692307692307693,0.24242424242424243,-16.384615384615383,-24.0,"-24.00,-24.00,-9.86,-7.50",1,9,-24.0,0.07692307692307693,0.15384615384615385,4.538461538461538,31.337983467775548,51.94455554210355,20.606572074327996,0.0,rule_side
ext20bps_further10bps_entry25c,NO,45,26,0.15384615384615385,0.5555555555555556,-18.076923076923077,-25.0,"-25.00,-17.50,-12.14,-17.50",0,9,-25.0,0.07692307692307693,0.15384615384615385,4.538461538461538,31.337983467775548,51.94455554210355,20.606572074327996,0.0,rule_side
ext20bps_further10bps_entry25c,NO,50,26,0.11538461538461539,0.5,-19.23076923076923,-25.0,"-25.00,-16.67,-17.86,-16.67",0,9,-25.0,0.07692307692307693,0.15384615384615385,4.538461538461538,31.337983467775548,51.94455554210355,20.606572074327996,0.0,rule_side
ext20bps_further10bps_entry25c,NO,55,26,0.11538461538461539,0.45454545454545453,-18.653846153846153,-25.0,"-25.00,-15.83,-17.14,-15.83",0,9,-25.0,0.07692307692307693,0.15384615384615385,4.538461538461538,31.337983467775548,51.94455554210355,20.606572074327996,0.0,rule_side
ext20bps_further10bps_entry25c,NO,60,26,0.07692307692307693,0.4166666666666667,-20.384615384615383,-25.0,"-25.00,-25.00,-16.43,-15.00",0,9,-25.0,0.07692307692307693,0.15384615384615385,4.538461538461538,31.337983467775548,51.94455554210355,20.606572074327996,0.0,rule_side
ext20bps_further10bps_entry25c,NO,65,26,0.07692307692307693,0.38461538461538464,-20.0,-25.0,"-25.00,-25.00,-15.71,-14.17",0,9,-25.0,0.07692307692307693,0.15384615384615385,4.538461538461538,31.337983467775548,51.94455554210355,20.606572074327996,0.0,rule_side
ext20bps_further10bps_entry25c,NO,70,26,0.07692307692307693,0.35714285714285715,-19.615384615384617,-25.0,"-25.00,-25.00,-15.00,-13.33",0,9,-25.0,0.07692307692307693,0.15384615384615385,4.538461538461538,31.337983467775548,51.94455554210355,20.606572074327996,0.0,rule_side
ext20bps_further10bps_entry25c,NO,75,26,0.07692307692307693,0.3333333333333333,-19.23076923076923,-25.0,"-25.00,-25.00,-14.29,-12.50",0,9,-25.0,0.07692307692307693,0.15384615384615385,4.538461538461538,31.337983467775548,51.94455554210355,20.606572074327996,0.0,rule_side
ext20bps_further10bps_entry25c,NO,80,26,0.07692307692307693,0.3125,-18.846153846153847,-25.0,"-25.00,-25.00,-13.57,-11.67",1,9,-25.0,0.07692307692307693,0.15384615384615385,4.538461538461538,31.337983467775548,51.94455554210355,20.606572074327996,0.0,rule_side
ext20bps_further10bps_entry25c,NO,85,26,0.07692307692307693,0.29411764705882354,-18.46153846153846,-25.0,"-25.00,-25.00,-12.86,-10.83",1,9,-25.0,0.07692307692307693,0.15384615384615385,4.538461538461538,31.337983467775548,51.94455554210355,20.606572074327996,0.0,rule_side
ext20bps_further10bps_entry25c,NO,99,26,0.07692307692307693,0.25252525252525254,-17.384615384615383,-25.0,"-25.00,-25.00,-10.86,-8.50",1,9,-25.0,0.07692307692307693,0.15384615384615385,4.538461538461538,31.337983467775548,51.94455554210355,20.606572074327996,0.0,rule_side
ext20bps_further5bps_entry20c,NO,45,44,0.13636363636363635,0.4444444444444444,-13.863636363636363,-20.0,"-20.00,-7.73,-15.91,-11.82",0,9,-20.0,0.06818181818181818,0.06818181818181818,5.204545454545454,27.604781223015905,40.35185913585168,12.74707791283579,0.0,rule_side
ext20bps_further5bps_entry20c,NO,50,44,0.11363636363636363,0.4,-14.318181818181818,-20.0,"-20.00,-10.91,-15.45,-10.91",0,9,-20.0,0.06818181818181818,0.06818181818181818,5.204545454545454,27.604781223015905,40.35185913585168,12.74707791283579,0.0,rule_side
ext20bps_further5bps_entry20c,NO,55,44,0.11363636363636363,0.36363636363636365,-13.75,-20.0,"-20.00,-10.00,-15.00,-10.00",0,9,-20.0,0.06818181818181818,0.06818181818181818,5.204545454545454,27.604781223015905,40.35185913585168,12.74707791283579,0.0,rule_side
ext20bps_further5bps_entry20c,NO,60,44,0.11363636363636363,0.3333333333333333,-13.181818181818182,-20.0,"-20.00,-9.09,-14.55,-9.09",0,9,-20.0,0.06818181818181818,0.06818181818181818,5.204545454545454,27.604781223015905,40.35185913585168,12.74707791283579,0.0,rule_side
ext20bps_further5bps_entry20c,NO,65,44,0.11363636363636363,0.3076923076923077,-12.613636363636363,-20.0,"-20.00,-8.18,-14.09,-8.18",2,9,-20.0,0.06818181818181818,0.06818181818181818,5.204545454545454,27.604781223015905,40.35185913585168,12.74707791283579,0.0,rule_side
ext20bps_further5bps_entry20c,NO,70,44,0.09090909090909091,0.2857142857142857,-13.636363636363637,-20.0,"-20.00,-13.64,-13.64,-7.27",2,9,-20.0,0.06818181818181818,0.06818181818181818,5.204545454545454,27.604781223015905,40.35185913585168,12.74707791283579,0.0,rule_side
ext20bps_further5bps_entry20c,NO,75,44,0.09090909090909091,0.26666666666666666,-13.181818181818182,-20.0,"-20.00,-13.18,-13.18,-6.36",2,9,-20.0,0.06818181818181818,0.06818181818181818,5.204545454545454,27.604781223015905,40.35185913585168,12.74707791283579,0.0,rule_side
ext20bps_further5bps_entry20c,NO,80,44,0.06818181818181818,0.25,-14.545454545454545,-20.0,"-20.00,-12.73,-12.73,-12.73",1,9,-20.0,0.06818181818181818,0.06818181818181818,5.204545454545454,27.604781223015905,40.35185913585168,12.74707791283579,0.0,rule_side
ext20bps_further5bps_entry20c,NO,85,44,0.06818181818181818,0.23529411764705882,-14.204545454545455,-20.0,"-20.00,-12.27,-12.27,-12.27",2,9,-20.0,0.06818181818181818,0.06818181818181818,5.204545454545454,27.604781223015905,40.35185913585168,12.74707791283579,0.0,rule_side
ext20bps_further5bps_entry20c,NO,99,44,0.06818181818181818,0.20202020202020202,-13.25,-20.0,"-20.00,-11.00,-11.00,-11.00",2,9,-20.0,0.06818181818181818,0.06818181818181818,5.204545454545454,27.604781223015905,40.35185913585168,12.74707791283579,0.0,rule_side
ext20bps_further5bps_entry20c,YES,45,47,0.1276595744680851,0.4444444444444444,-14.25531914893617,-20.0,"-12.50,-12.50,-20.00,-11.82",0,9,-20.0,0.0851063829787234,0.1276595744680851,5.25531914893617,25.78281299942578,36.279895996172634,10.497082996746862,1.0,rule_side
ext20bps_further5bps_entry20c,YES,50,47,0.1276595744680851,0.4,-13.617021276595745,-20.0,"-11.67,-11.67,-20.00,-10.91",0,9,-20.0,0.0851063829787234,0.1276595744680851,5.25531914893617,25.78281299942578,36.279895996172634,10.497082996746862,1.0,rule_side
ext20bps_further5bps_entry20c,YES,55,47,0.10638297872340426,0.36363636363636365,-14.148936170212766,-20.0,"-10.83,-15.42,-20.00,-10.00",1,9,-20.0,0.0851063829787234,0.1276595744680851,5.25531914893617,25.78281299942578,36.279895996172634,10.497082996746862,1.0,rule_side
ext20bps_further5bps_entry20c,YES,60,47,0.0851063829787234,0.3333333333333333,-14.893617021276595,-20.0,"-15.00,-15.00,-20.00,-9.09",0,9,-20.0,0.0851063829787234,0.1276595744680851,5.25531914893617,25.78281299942578,36.279895996172634,10.497082996746862,1.0,rule_side
ext20bps_further5bps_entry20c,YES,65,47,0.0851063829787234,0.3076923076923077,-14.46808510638298,-20.0,"-14.58,-14.58,-20.00,-8.18",0,9,-20.0,0.0851063829787234,0.1276595744680851,5.25531914893617,25.78281299942578,36.279895996172634,10.497082996746862,1.0,rule_side
ext20bps_further5bps_entry20c,YES,70,47,0.0851063829787234,0.2857142857142857,-14.042553191489361,-20.0,"-14.17,-14.17,-20.00,-7.27",0,9,-20.0,0.0851063829787234,0.1276595744680851,5.25531914893617,25.78281299942578,36.279895996172634,10.497082996746862,1.0,rule_side
ext20bps_further5bps_entry20c,YES,75,47,0.0851063829787234,0.26666666666666666,-13.617021276595745,-20.0,"-13.75,-13.75,-20.00,-6.36",0,9,-20.0,0.0851063829787234,0.1276595744680851,5.25531914893617,25.78281299942578,36.279895996172634,10.497082996746862,1.0,rule_side
ext20bps_further5bps_entry20c,YES,80,47,0.0851063829787234,0.25,-13.191489361702128,-20.0,"-13.33,-13.33,-20.00,-5.45",0,9,-20.0,0.0851063829787234,0.1276595744680851,5.25531914893617,25.78281299942578,36.279895996172634,10.497082996746862,1.0,rule_side
ext20bps_further5bps_entry20c,YES,85,47,0.0851063829787234,0.23529411764705882,-12.76595744680851,-20.0,"-12.92,-12.92,-20.00,-4.55",3,9,-20.0,0.0851063829787234,0.1276595744680851,5.25531914893617,25.78281299942578,36.279895996172634,10.497082996746862,1.0,rule_side
ext20bps_further5bps_entry20c,YES,99,47,0.0851063829787234,0.20202020202020202,-11.574468085106384,-20.0,"-11.75,-11.75,-20.00,-2.00",3,9,-20.0,0.0851063829787234,0.1276595744680851,5.25531914893617,25.78281299942578,36.279895996172634,10.497082996746862,1.0,rule_side
ext20bps_further5bps_entry21c,NO,45,48,0.125,0.4666666666666667,-15.375,-21.0,"-21.00,-13.50,-13.50,-13.50",0,9,-21.0,0.0625,0.0625,5.0625,27.398892095508398,39.82544183910177,12.426549743593375,0.0,rule_side
ext20bps_further5bps_entry21c,NO,50,48,0.10416666666666667,0.42,-15.791666666666666,-21.0,"-21.00,-12.67,-16.83,-12.67",0,9,-21.0,0.0625,0.0625,5.0625,27.398892095508398,39.82544183910177,12.426549743593375,0.0,rule_side
ext20bps_further5bps_entry21c,NO,55,48,0.10416666666666667,0.38181818181818183,-15.270833333333334,-21.0,"-21.00,-11.83,-16.42,-11.83",0,9,-21.0,0.0625,0.0625,5.0625,27.398892095508398,39.82544183910177,12.426549743593375,0.0,rule_side
ext20bps_further5bps_entry21c,NO,60,48,0.10416666666666667,0.35,-14.75,-21.0,"-21.00,-11.00,-16.00,-11.00",0,9,-21.0,0.0625,0.0625,5.0625,27.398892095508398,39.82544183910177,12.426549743593375,0.0,rule_side
ext20bps_further5bps_entry21c,NO,65,48,0.10416666666666667,0.3230769230769231,-14.229166666666666,-21.0,"-21.00,-10.17,-15.58,-10.17",1,9,-21.0,0.0625,0.0625,5.0625,27.398892095508398,39.82544183910177,12.426549743593375,0.0,rule_side
ext20bps_further5bps_entry21c,NO,70,48,0.08333333333333333,0.3,-15.166666666666666,-21.0,"-21.00,-15.17,-15.17,-9.33",1,9,-21.0,0.0625,0.0625,5.0625,27.398892095508398,39.82544183910177,12.426549743593375,0.0,rule_side
ext20bps_further5bps_entry21c,NO,75,48,0.08333333333333333,0.28,-14.75,-21.0,"-21.00,-14.75,-14.75,-8.50",1,9,-21.0,0.0625,0.0625,5.0625,27.398892095508398,39.82544183910177,12.426549743593375,0.0,rule_side
ext20bps_further5bps_entry21c,NO,80,48,0.0625,0.2625,-16.0,-21.0,"-21.00,-14.33,-14.33,-14.33",1,9,-21.0,0.0625,0.0625,5.0625,27.398892095508398,39.82544183910177,12.426549743593375,0.0,rule_side
ext20bps_further5bps_entry21c,NO,85,48,0.0625,0.24705882352941178,-15.6875,-21.0,"-21.00,-13.92,-13.92,-13.92",2,9,-21.0,0.0625,0.0625,5.0625,27.398892095508398,39.82544183910177,12.426549743593375,0.0,rule_side
ext20bps_further5bps_entry21c,NO,99,48,0.0625,0.21212121212121213,-14.8125,-21.0,"-21.00,-12.75,-12.75,-12.75",2,9,-21.0,0.0625,0.0625,5.0625,27.398892095508398,39.82544183910177,12.426549743593375,0.0,rule_side
ext20bps_further5bps_entry21c,YES,45,48,0.14583333333333334,0.4666666666666667,-14.4375,-21.0,"-9.75,-13.50,-21.00,-13.50",0,9,-21.0,0.08333333333333333,0.125,5.291666666666667,25.671076782140645,36.36344114298824,10.6923643608476,1.0,rule_side
ext20bps_further5bps_entry21c,YES,50,48,0.14583333333333334,0.42,-13.708333333333334,-21.0,"-8.50,-12.67,-21.00,-12.67",0,9,-21.0,0.08333333333333333,0.125,5.291666666666667,25.671076782140645,36.36344114298824,10.6923643608476,1.0,rule_side
ext20bps_further5bps_entry21c,YES,55,48,0.125,0.38181818181818183,-14.125,-21.0,"-7.25,-16.42,-21.00,-11.83",0,9,-21.0,0.08333333333333333,0.125,5.291666666666667,25.671076782140645,36.36344114298824,10.6923643608476,1.0,rule_side
ext20bps_further5bps_entry21c,YES,60,48,0.08333333333333333,0.35,-16.0,-21.0,"-16.00,-16.00,-21.00,-11.00",0,9,-21.0,0.08333333333333333,0.125,5.291666666666667,25.671076782140645,36.36344114298824,10.6923643608476,1.0,rule_side
ext20bps_further5bps_entry21c,YES,65,48,0.08333333333333333,0.3230769230769231,-15.583333333333334,-21.0,"-15.58,-15.58,-21.00,-10.17",0,9,-21.0,0.08333333333333333,0.125,5.291666666666667,25.671076782140645,36.36344114298824,10.6923643608476,1.0,rule_side
ext20bps_further5bps_entry21c,YES,70,48,0.08333333333333333,0.3,-15.166666666666666,-21.0,"-15.17,-15.17,-21.00,-9.33",0,9,-21.0,0.08333333333333333,0.125,5.291666666666667,25.671076782140645,36.36344114298824,10.6923643608476,1.0,rule_side
ext20bps_further5bps_entry21c,YES,75,48,0.08333333333333333,0.28,-14.75,-21.0,"-14.75,-14.75,-21.00,-8.50",0,9,-21.0,0.08333333333333333,0.125,5.291666666666667,25.671076782140645,36.36344114298824,10.6923643608476,1.0,rule_side
ext20bps_further5bps_entry21c,YES,80,48,0.08333333333333333,0.2625,-14.333333333333334,-21.0,"-14.33,-14.33,-21.00,-7.67",0,9,-21.0,0.08333333333333333,0.125,5.291666666666667,25.671076782140645,36.36344114298824,10.6923643608476,1.0,rule_side
ext20bps_further5bps_entry21c,YES,85,48,0.08333333333333333,0.24705882352941178,-13.916666666666666,-21.0,"-13.92,-13.92,-21.00,-6.83",3,9,-21.0,0.08333333333333333,0.125,5.291666666666667,25.671076782140645,36.36344114298824,10.6923643608476,1.0,rule_side
ext20bps_further5bps_entry21c,YES,99,48,0.08333333333333333,0.21212121212121213,-12.75,-21.0,"-12.75,-12.75,-21.00,-4.50",3,9,-21.0,0.08333333333333333,0.125,5.291666666666667,25.671076782140645,36.36344114298824,10.6923643608476,1.0,rule_side
ext20bps_further5bps_entry22c,NO,45,49,0.12244897959183673,0.4888888888888889,-16.489795918367346,-22.0,"-22.00,-14.50,-14.50,-14.50",0,9,-22.0,0.061224489795918366,0.061224489795918366,5.020408163265306,27.82430786586992,41.71428454154065,13.889976675670738,0.0,rule_side
ext20bps_further5bps_entry22c,NO,50,49,0.10204081632653061,0.44,-16.897959183673468,-22.0,"-22.00,-13.67,-17.83,-13.67",0,9,-22.0,0.061224489795918366,0.061224489795918366,5.020408163265306,27.82430786586992,41.71428454154065,13.889976675670738,0.0,rule_side
ext20bps_further5bps_entry22c,NO,55,49,0.10204081632653061,0.4,-16.387755102040817,-22.0,"-22.00,-12.83,-17.42,-12.83",0,9,-22.0,0.061224489795918366,0.061224489795918366,5.020408163265306,27.82430786586992,41.71428454154065,13.889976675670738,0.0,rule_side
ext20bps_further5bps_entry22c,NO,60,49,0.10204081632653061,0.36666666666666664,-15.877551020408163,-22.0,"-22.00,-12.00,-17.00,-12.00",0,9,-22.0,0.061224489795918366,0.061224489795918366,5.020408163265306,27.82430786586992,41.71428454154065,13.889976675670738,0.0,rule_side
ext20bps_further5bps_entry22c,NO,65,49,0.10204081632653061,0.3384615384615385,-15.36734693877551,-22.0,"-22.00,-11.17,-16.58,-11.17",0,9,-22.0,0.061224489795918366,0.061224489795918366,5.020408163265306,27.82430786586992,41.71428454154065,13.889976675670738,0.0,rule_side
ext20bps_further5bps_entry22c,NO,70,49,0.08163265306122448,0.3142857142857143,-16.285714285714285,-22.0,"-22.00,-16.17,-16.17,-10.33",1,9,-22.0,0.061224489795918366,0.061224489795918366,5.020408163265306,27.82430786586992,41.71428454154065,13.889976675670738,0.0,rule_side
ext20bps_further5bps_entry22c,NO,75,49,0.08163265306122448,0.29333333333333333,-15.877551020408163,-22.0,"-22.00,-15.75,-15.75,-9.50",1,9,-22.0,0.061224489795918366,0.061224489795918366,5.020408163265306,27.82430786586992,41.71428454154065,13.889976675670738,0.0,rule_side
ext20bps_further5bps_entry22c,NO,80,49,0.061224489795918366,0.275,-17.102040816326532,-22.0,"-22.00,-15.33,-15.33,-15.33",1,9,-22.0,0.061224489795918366,0.061224489795918366,5.020408163265306,27.82430786586992,41.71428454154065,13.889976675670738,0.0,rule_side
ext20bps_further5bps_entry22c,NO,85,49,0.061224489795918366,0.25882352941176473,-16.79591836734694,-22.0,"-22.00,-14.92,-14.92,-14.92",1,9,-22.0,0.061224489795918366,0.061224489795918366,5.020408163265306,27.82430786586992,41.71428454154065,13.889976675670738,0.0,rule_side
ext20bps_further5bps_entry22c,NO,99,49,0.061224489795918366,0.2222222222222222,-15.938775510204081,-22.0,"-22.00,-13.75,-13.75,-13.75",2,9,-22.0,0.061224489795918366,0.061224489795918366,5.020408163265306,27.82430786586992,41.71428454154065,13.889976675670738,0.0,rule_side
ext20bps_further5bps_entry22c,YES,45,51,0.13725490196078433,0.4888888888888889,-15.823529411764707,-22.0,"-11.62,-15.08,-22.00,-14.50",0,9,-22.0,0.0784313725490196,0.11764705882352941,5.137254901960785,26.055747766387242,36.71137732467687,10.65562955828962,1.0,rule_side
ext20bps_further5bps_entry22c,YES,50,51,0.13725490196078433,0.44,-15.137254901960784,-22.0,"-10.46,-14.31,-22.00,-13.67",0,9,-22.0,0.0784313725490196,0.11764705882352941,5.137254901960785,26.055747766387242,36.71137732467687,10.65562955828962,1.0,rule_side
ext20bps_further5bps_entry22c,YES,55,51,0.11764705882352941,0.4,-15.529411764705882,-22.0,"-9.31,-17.77,-22.00,-12.83",0,9,-22.0,0.0784313725490196,0.11764705882352941,5.137254901960785,26.055747766387242,36.71137732467687,10.65562955828962,1.0,rule_side
ext20bps_further5bps_entry22c,YES,60,51,0.0784313725490196,0.36666666666666664,-17.294117647058822,-22.0,"-17.38,-17.38,-22.00,-12.00",0,9,-22.0,0.0784313725490196,0.11764705882352941,5.137254901960785,26.055747766387242,36.71137732467687,10.65562955828962,1.0,rule_side
ext20bps_further5bps_entry22c,YES,65,51,0.0784313725490196,0.3384615384615385,-16.901960784313726,-22.0,"-17.00,-17.00,-22.00,-11.17",0,9,-22.0,0.0784313725490196,0.11764705882352941,5.137254901960785,26.055747766387242,36.71137732467687,10.65562955828962,1.0,rule_side
ext20bps_further5bps_entry22c,YES,70,51,0.0784313725490196,0.3142857142857143,-16.50980392156863,-22.0,"-16.62,-16.62,-22.00,-10.33",0,9,-22.0,0.0784313725490196,0.11764705882352941,5.137254901960785,26.055747766387242,36.71137732467687,10.65562955828962,1.0,rule_side
ext20bps_further5bps_entry22c,YES,75,51,0.0784313725490196,0.29333333333333333,-16.11764705882353,-22.0,"-16.23,-16.23,-22.00,-9.50",0,9,-22.0,0.0784313725490196,0.11764705882352941,5.137254901960785,26.055747766387242,36.71137732467687,10.65562955828962,1.0,rule_side
ext20bps_further5bps_entry22c,YES,80,51,0.0784313725490196,0.275,-15.72549019607843,-22.0,"-15.85,-15.85,-22.00,-8.67",0,9,-22.0,0.0784313725490196,0.11764705882352941,5.137254901960785,26.055747766387242,36.71137732467687,10.65562955828962,1.0,rule_side
ext20bps_further5bps_entry22c,YES,85,51,0.0784313725490196,0.25882352941176473,-15.333333333333334,-22.0,"-15.46,-15.46,-22.00,-7.83",0,9,-22.0,0.0784313725490196,0.11764705882352941,5.137254901960785,26.055747766387242,36.71137732467687,10.65562955828962,1.0,rule_side
ext20bps_further5bps_entry22c,YES,99,51,0.0784313725490196,0.2222222222222222,-14.235294117647058,-22.0,"-14.38,-14.38,-22.00,-5.50",1,9,-22.0,0.0784313725490196,0.11764705882352941,5.137254901960785,26.055747766387242,36.71137732467687,10.65562955828962,1.0,rule_side
ext20bps_further5bps_entry23c,NO,45,49,0.12244897959183673,0.5111111111111111,-17.489795918367346,-23.0,"-23.00,-15.50,-15.50,-15.50",0,9,-23.0,0.061224489795918366,0.061224489795918366,5.020408163265306,27.82430786586992,41.71428454154065,13.889976675670738,0.0,rule_side
ext20bps_further5bps_entry23c,NO,50,49,0.10204081632653061,0.46,-17.897959183673468,-23.0,"-23.00,-14.67,-18.83,-14.67",0,9,-23.0,0.061224489795918366,0.061224489795918366,5.020408163265306,27.82430786586992,41.71428454154065,13.889976675670738,0.0,rule_side
ext20bps_further5bps_entry23c,NO,55,49,0.10204081632653061,0.41818181818181815,-17.387755102040817,-23.0,"-23.00,-13.83,-18.42,-13.83",0,9,-23.0,0.061224489795918366,0.061224489795918366,5.020408163265306,27.82430786586992,41.71428454154065,13.889976675670738,0.0,rule_side
ext20bps_further5bps_entry23c,NO,60,49,0.10204081632653061,0.38333333333333336,-16.877551020408163,-23.0,"-23.00,-13.00,-18.00,-13.00",0,9,-23.0,0.061224489795918366,0.061224489795918366,5.020408163265306,27.82430786586992,41.71428454154065,13.889976675670738,0.0,rule_side
ext20bps_further5bps_entry23c,NO,65,49,0.10204081632653061,0.35384615384615387,-16.367346938775512,-23.0,"-23.00,-12.17,-17.58,-12.17",0,9,-23.0,0.061224489795918366,0.061224489795918366,5.020408163265306,27.82430786586992,41.71428454154065,13.889976675670738,0.0,rule_side
ext20bps_further5bps_entry23c,NO,70,49,0.08163265306122448,0.32857142857142857,-17.285714285714285,-23.0,"-23.00,-17.17,-17.17,-11.33",1,9,-23.0,0.061224489795918366,0.061224489795918366,5.020408163265306,27.82430786586992,41.71428454154065,13.889976675670738,0.0,rule_side
ext20bps_further5bps_entry23c,NO,75,49,0.08163265306122448,0.30666666666666664,-16.877551020408163,-23.0,"-23.00,-16.75,-16.75,-10.50",1,9,-23.0,0.061224489795918366,0.061224489795918366,5.020408163265306,27.82430786586992,41.71428454154065,13.889976675670738,0.0,rule_side
ext20bps_further5bps_entry23c,NO,80,49,0.061224489795918366,0.2875,-18.102040816326532,-23.0,"-23.00,-16.33,-16.33,-16.33",1,9,-23.0,0.061224489795918366,0.061224489795918366,5.020408163265306,27.82430786586992,41.71428454154065,13.889976675670738,0.0,rule_side
ext20bps_further5bps_entry23c,NO,85,49,0.061224489795918366,0.27058823529411763,-17.79591836734694,-23.0,"-23.00,-15.92,-15.92,-15.92",1,9,-23.0,0.061224489795918366,0.061224489795918366,5.020408163265306,27.82430786586992,41.71428454154065,13.889976675670738,0.0,rule_side
ext20bps_further5bps_entry23c,NO,99,49,0.061224489795918366,0.23232323232323232,-16.93877551020408,-23.0,"-23.00,-14.75,-14.75,-14.75",2,9,-23.0,0.061224489795918366,0.061224489795918366,5.020408163265306,27.82430786586992,41.71428454154065,13.889976675670738,0.0,rule_side
ext20bps_further5bps_entry23c,YES,45,51,0.13725490196078433,0.5111111111111111,-16.823529411764707,-23.0,"-12.62,-16.08,-23.00,-15.50",0,9,-23.0,0.0784313725490196,0.11764705882352941,5.137254901960785,26.055747766387242,36.71137732467687,10.65562955828962,1.0,rule_side
ext20bps_further5bps_entry23c,YES,50,51,0.13725490196078433,0.46,-16.137254901960784,-23.0,"-11.46,-15.31,-23.00,-14.67",0,9,-23.0,0.0784313725490196,0.11764705882352941,5.137254901960785,26.055747766387242,36.71137732467687,10.65562955828962,1.0,rule_side
ext20bps_further5bps_entry23c,YES,55,51,0.11764705882352941,0.41818181818181815,-16.529411764705884,-23.0,"-10.31,-18.77,-23.00,-13.83",0,9,-23.0,0.0784313725490196,0.11764705882352941,5.137254901960785,26.055747766387242,36.71137732467687,10.65562955828962,1.0,rule_side
ext20bps_further5bps_entry23c,YES,60,51,0.0784313725490196,0.38333333333333336,-18.294117647058822,-23.0,"-18.38,-18.38,-23.00,-13.00",0,9,-23.0,0.0784313725490196,0.11764705882352941,5.137254901960785,26.055747766387242,36.71137732467687,10.65562955828962,1.0,rule_side
ext20bps_further5bps_entry23c,YES,65,51,0.0784313725490196,0.35384615384615387,-17.901960784313726,-23.0,"-18.00,-18.00,-23.00,-12.17",0,9,-23.0,0.0784313725490196,0.11764705882352941,5.137254901960785,26.055747766387242,36.71137732467687,10.65562955828962,1.0,rule_side
ext20bps_further5bps_entry23c,YES,70,51,0.0784313725490196,0.32857142857142857,-17.50980392156863,-23.0,"-17.62,-17.62,-23.00,-11.33",0,9,-23.0,0.0784313725490196,0.11764705882352941,5.137254901960785,26.055747766387242,36.71137732467687,10.65562955828962,1.0,rule_side
ext20bps_further5bps_entry23c,YES,75,51,0.0784313725490196,0.30666666666666664,-17.11764705882353,-23.0,"-17.23,-17.23,-23.00,-10.50",0,9,-23.0,0.0784313725490196,0.11764705882352941,5.137254901960785,26.055747766387242,36.71137732467687,10.65562955828962,1.0,rule_side
ext20bps_further5bps_entry23c,YES,80,51,0.0784313725490196,0.2875,-16.725490196078432,-23.0,"-16.85,-16.85,-23.00,-9.67",0,9,-23.0,0.0784313725490196,0.11764705882352941,5.137254901960785,26.055747766387242,36.71137732467687,10.65562955828962,1.0,rule_side
ext20bps_further5bps_entry23c,YES,85,51,0.0784313725490196,0.27058823529411763,-16.333333333333332,-23.0,"-16.46,-16.46,-23.00,-8.83",0,9,-23.0,0.0784313725490196,0.11764705882352941,5.137254901960785,26.055747766387242,36.71137732467687,10.65562955828962,1.0,rule_side
ext20bps_further5bps_entry23c,YES,99,51,0.0784313725490196,0.23232323232323232,-15.235294117647058,-23.0,"-15.38,-15.38,-23.00,-6.50",1,9,-23.0,0.0784313725490196,0.11764705882352941,5.137254901960785,26.055747766387242,36.71137732467687,10.65562955828962,1.0,rule_side
ext20bps_further5bps_entry24c,NO,45,51,0.1568627450980392,0.5333333333333333,-16.941176470588236,-24.0,"-24.00,-13.62,-17.08,-12.75",0,9,-24.0,0.0784313725490196,0.09803921568627451,4.96078431372549,27.70323043487186,41.778976157409076,14.075745722537215,0.0,rule_side
ext20bps_further5bps_entry24c,NO,50,51,0.13725490196078433,0.48,-17.137254901960784,-24.0,"-24.00,-12.46,-20.15,-11.50",0,9,-24.0,0.0784313725490196,0.09803921568627451,4.96078431372549,27.70323043487186,41.778976157409076,14.075745722537215,0.0,rule_side
ext20bps_further5bps_entry24c,NO,55,51,0.13725490196078433,0.43636363636363634,-16.45098039215686,-24.0,"-24.00,-11.31,-19.77,-10.25",0,9,-24.0,0.0784313725490196,0.09803921568627451,4.96078431372549,27.70323043487186,41.778976157409076,14.075745722537215,0.0,rule_side
ext20bps_further5bps_entry24c,NO,60,51,0.11764705882352941,0.4,-16.941176470588236,-24.0,"-24.00,-14.77,-19.38,-9.00",0,9,-24.0,0.0784313725490196,0.09803921568627451,4.96078431372549,27.70323043487186,41.778976157409076,14.075745722537215,0.0,rule_side
ext20bps_further5bps_entry24c,NO,65,51,0.11764705882352941,0.36923076923076925,-16.352941176470587,-24.0,"-24.00,-14.00,-19.00,-7.75",0,9,-24.0,0.0784313725490196,0.09803921568627451,4.96078431372549,27.70323043487186,41.778976157409076,14.075745722537215,0.0,rule_side
ext20bps_further5bps_entry24c,NO,70,51,0.09803921568627451,0.34285714285714286,-17.137254901960784,-24.0,"-24.00,-18.62,-18.62,-6.50",0,9,-24.0,0.0784313725490196,0.09803921568627451,4.96078431372549,27.70323043487186,41.778976157409076,14.075745722537215,0.0,rule_side
ext20bps_further5bps_entry24c,NO,75,51,0.09803921568627451,0.32,-16.647058823529413,-24.0,"-24.00,-18.23,-18.23,-5.25",1,9,-24.0,0.0784313725490196,0.09803921568627451,4.96078431372549,27.70323043487186,41.778976157409076,14.075745722537215,0.0,rule_side
ext20bps_further5bps_entry24c,NO,80,51,0.0784313725490196,0.3,-17.725490196078432,-24.0,"-24.00,-17.85,-17.85,-10.67",1,9,-24.0,0.0784313725490196,0.09803921568627451,4.96078431372549,27.70323043487186,41.778976157409076,14.075745722537215,0.0,rule_side
ext20bps_further5bps_entry24c,NO,85,51,0.0784313725490196,0.2823529411764706,-17.333333333333332,-24.0,"-24.00,-17.46,-17.46,-9.83",1,9,-24.0,0.0784313725490196,0.09803921568627451,4.96078431372549,27.70323043487186,41.778976157409076,14.075745722537215,0.0,rule_side
ext20bps_further5bps_entry24c,NO,99,51,0.0784313725490196,0.24242424242424243,-16.235294117647058,-24.0,"-24.00,-16.38,-16.38,-7.50",3,9,-24.0,0.0784313725490196,0.09803921568627451,4.96078431372549,27.70323043487186,41.778976157409076,14.075745722537215,0.0,rule_side
ext20bps_further5bps_entry24c,YES,45,53,0.1320754716981132,0.5333333333333333,-18.056603773584907,-24.0,"-14.36,-17.08,-24.00,-17.08",0,9,-24.0,0.07547169811320754,0.11320754716981132,5.037735849056604,26.345380620867115,36.907211354783485,10.56183073391637,1.0,rule_side
ext20bps_further5bps_entry24c,YES,50,53,0.1320754716981132,0.48,-17.39622641509434,-24.0,"-13.29,-16.31,-24.00,-16.31",0,9,-24.0,0.07547169811320754,0.11320754716981132,5.037735849056604,26.345380620867115,36.907211354783485,10.56183073391637,1.0,rule_side
ext20bps_further5bps_entry24c,YES,55,53,0.11320754716981132,0.43636363636363634,-17.77358490566038,-24.0,"-12.21,-19.77,-24.00,-15.54",0,9,-24.0,0.07547169811320754,0.11320754716981132,5.037735849056604,26.345380620867115,36.907211354783485,10.56183073391637,1.0,rule_side
ext20bps_further5bps_entry24c,YES,60,53,0.07547169811320754,0.4,-19.471698113207548,-24.0,"-19.71,-19.38,-24.00,-14.77",0,9,-24.0,0.07547169811320754,0.11320754716981132,5.037735849056604,26.345380620867115,36.907211354783485,10.56183073391637,1.0,rule_side
ext20bps_further5bps_entry24c,YES,65,53,0.07547169811320754,0.36923076923076925,-19.09433962264151,-24.0,"-19.36,-19.00,-24.00,-14.00",0,9,-24.0,0.07547169811320754,0.11320754716981132,5.037735849056604,26.345380620867115,36.907211354783485,10.56183073391637,1.0,rule_side
ext20bps_further5bps_entry24c,YES,70,53,0.07547169811320754,0.34285714285714286,-18.71698113207547,-24.0,"-19.00,-18.62,-24.00,-13.23",0,9,-24.0,0.07547169811320754,0.11320754716981132,5.037735849056604,26.345380620867115,36.907211354783485,10.56183073391637,1.0,rule_side
ext20bps_further5bps_entry24c,YES,75,53,0.07547169811320754,0.32,-18.339622641509433,-24.0,"-18.64,-18.23,-24.00,-12.46",0,9,-24.0,0.07547169811320754,0.11320754716981132,5.037735849056604,26.345380620867115,36.907211354783485,10.56183073391637,1.0,rule_side
ext20bps_further5bps_entry24c,YES,80,53,0.07547169811320754,0.3,-17.962264150943398,-24.0,"-18.29,-17.85,-24.00,-11.69",0,9,-24.0,0.07547169811320754,0.11320754716981132,5.037735849056604,26.345380620867115,36.907211354783485,10.56183073391637,1.0,rule_side
ext20bps_further5bps_entry24c,YES,85,53,0.07547169811320754,0.2823529411764706,-17.58490566037736,-24.0,"-17.93,-17.46,-24.00,-10.92",0,9,-24.0,0.07547169811320754,0.11320754716981132,5.037735849056604,26.345380620867115,36.907211354783485,10.56183073391637,1.0,rule_side
ext20bps_further5bps_entry24c,YES,99,53,0.07547169811320754,0.24242424242424243,-16.528301886792452,-24.0,"-16.93,-16.38,-24.00,-8.77",1,9,-24.0,0.07547169811320754,0.11320754716981132,5.037735849056604,26.345380620867115,36.907211354783485,10.56183073391637,1.0,rule_side
ext20bps_further5bps_entry25c,NO,45,51,0.1568627450980392,0.5555555555555556,-17.941176470588236,-25.0,"-25.00,-14.62,-18.08,-13.75",0,9,-25.0,0.0784313725490196,0.09803921568627451,4.96078431372549,27.70323043487186,41.778976157409076,14.075745722537215,0.0,rule_side
ext20bps_further5bps_entry25c,NO,50,51,0.13725490196078433,0.5,-18.137254901960784,-25.0,"-25.00,-13.46,-21.15,-12.50",0,9,-25.0,0.0784313725490196,0.09803921568627451,4.96078431372549,27.70323043487186,41.778976157409076,14.075745722537215,0.0,rule_side
ext20bps_further5bps_entry25c,NO,55,51,0.13725490196078433,0.45454545454545453,-17.45098039215686,-25.0,"-25.00,-12.31,-20.77,-11.25",0,9,-25.0,0.0784313725490196,0.09803921568627451,4.96078431372549,27.70323043487186,41.778976157409076,14.075745722537215,0.0,rule_side
ext20bps_further5bps_entry25c,NO,60,51,0.11764705882352941,0.4166666666666667,-17.941176470588236,-25.0,"-25.00,-15.77,-20.38,-10.00",0,9,-25.0,0.0784313725490196,0.09803921568627451,4.96078431372549,27.70323043487186,41.778976157409076,14.075745722537215,0.0,rule_side
ext20bps_further5bps_entry25c,NO,65,51,0.11764705882352941,0.38461538461538464,-17.352941176470587,-25.0,"-25.00,-15.00,-20.00,-8.75",0,9,-25.0,0.0784313725490196,0.09803921568627451,4.96078431372549,27.70323043487186,41.778976157409076,14.075745722537215,0.0,rule_side
ext20bps_further5bps_entry25c,NO,70,51,0.09803921568627451,0.35714285714285715,-18.137254901960784,-25.0,"-25.00,-19.62,-19.62,-7.50",0,9,-25.0,0.0784313725490196,0.09803921568627451,4.96078431372549,27.70323043487186,41.778976157409076,14.075745722537215,0.0,rule_side
ext20bps_further5bps_entry25c,NO,75,51,0.09803921568627451,0.3333333333333333,-17.647058823529413,-25.0,"-25.00,-19.23,-19.23,-6.25",0,9,-25.0,0.0784313725490196,0.09803921568627451,4.96078431372549,27.70323043487186,41.778976157409076,14.075745722537215,0.0,rule_side
ext20bps_further5bps_entry25c,NO,80,51,0.0784313725490196,0.3125,-18.725490196078432,-25.0,"-25.00,-18.85,-18.85,-11.67",1,9,-25.0,0.0784313725490196,0.09803921568627451,4.96078431372549,27.70323043487186,41.778976157409076,14.075745722537215,0.0,rule_side
ext20bps_further5bps_entry25c,NO,85,51,0.0784313725490196,0.29411764705882354,-18.333333333333332,-25.0,"-25.00,-18.46,-18.46,-10.83",1,9,-25.0,0.0784313725490196,0.09803921568627451,4.96078431372549,27.70323043487186,41.778976157409076,14.075745722537215,0.0,rule_side
ext20bps_further5bps_entry25c,NO,99,51,0.0784313725490196,0.25252525252525254,-17.235294117647058,-25.0,"-25.00,-17.38,-17.38,-8.50",1,9,-25.0,0.0784313725490196,0.09803921568627451,4.96078431372549,27.70323043487186,41.778976157409076,14.075745722537215,0.0,rule_side
ext20bps_further5bps_entry25c,YES,45,53,0.1320754716981132,0.5555555555555556,-19.056603773584907,-25.0,"-15.36,-18.08,-25.00,-18.08",0,9,-25.0,0.07547169811320754,0.11320754716981132,5.037735849056604,26.345380620867115,36.907211354783485,10.56183073391637,1.0,rule_side
ext20bps_further5bps_entry25c,YES,50,53,0.1320754716981132,0.5,-18.39622641509434,-25.0,"-14.29,-17.31,-25.00,-17.31",0,9,-25.0,0.07547169811320754,0.11320754716981132,5.037735849056604,26.345380620867115,36.907211354783485,10.56183073391637,1.0,rule_side
ext20bps_further5bps_entry25c,YES,55,53,0.11320754716981132,0.45454545454545453,-18.77358490566038,-25.0,"-13.21,-20.77,-25.00,-16.54",0,9,-25.0,0.07547169811320754,0.11320754716981132,5.037735849056604,26.345380620867115,36.907211354783485,10.56183073391637,1.0,rule_side
ext20bps_further5bps_entry25c,YES,60,53,0.07547169811320754,0.4166666666666667,-20.471698113207548,-25.0,"-20.71,-20.38,-25.00,-15.77",0,9,-25.0,0.07547169811320754,0.11320754716981132,5.037735849056604,26.345380620867115,36.907211354783485,10.56183073391637,1.0,rule_side
ext20bps_further5bps_entry25c,YES,65,53,0.07547169811320754,0.38461538461538464,-20.09433962264151,-25.0,"-20.36,-20.00,-25.00,-15.00",0,9,-25.0,0.07547169811320754,0.11320754716981132,5.037735849056604,26.345380620867115,36.907211354783485,10.56183073391637,1.0,rule_side
ext20bps_further5bps_entry25c,YES,70,53,0.07547169811320754,0.35714285714285715,-19.71698113207547,-25.0,"-20.00,-19.62,-25.00,-14.23",0,9,-25.0,0.07547169811320754,0.11320754716981132,5.037735849056604,26.345380620867115,36.907211354783485,10.56183073391637,1.0,rule_side
ext20bps_further5bps_entry25c,YES,75,53,0.07547169811320754,0.3333333333333333,-19.339622641509433,-25.0,"-19.64,-19.23,-25.00,-13.46",0,9,-25.0,0.07547169811320754,0.11320754716981132,5.037735849056604,26.345380620867115,36.907211354783485,10.56183073391637,1.0,rule_side
ext20bps_further5bps_entry25c,YES,80,53,0.07547169811320754,0.3125,-18.962264150943398,-25.0,"-19.29,-18.85,-25.00,-12.69",0,9,-25.0,0.07547169811320754,0.11320754716981132,5.037735849056604,26.345380620867115,36.907211354783485,10.56183073391637,1.0,rule_side
ext20bps_further5bps_entry25c,YES,85,53,0.07547169811320754,0.29411764705882354,-18.58490566037736,-25.0,"-18.93,-18.46,-25.00,-11.92",0,9,-25.0,0.07547169811320754,0.11320754716981132,5.037735849056604,26.345380620867115,36.907211354783485,10.56183073391637,1.0,rule_side
ext20bps_further5bps_entry25c,YES,99,53,0.07547169811320754,0.25252525252525254,-17.528301886792452,-25.0,"-17.93,-17.38,-25.00,-9.77",0,9,-25.0,0.07547169811320754,0.11320754716981132,5.037735849056604,26.345380620867115,36.907211354783485,10.56183073391637,1.0,rule_side
ext25bps_further0bps_entry20c,NO,45,178,0.06179775280898876,0.4444444444444444,-17.219101123595507,-19.0,"-19.00,-14.89,-17.00,-17.95",0,10,-20.0,0.0449438202247191,0.03932584269662921,5.612359550561798,32.38864741430959,33.649433331772116,1.2607859174625353,0.0,rule_side
ext25bps_further0bps_entry20c,NO,50,178,0.056179775280898875,0.4,-17.191011235955056,-18.88888888888889,"-18.89,-15.45,-16.67,-17.73",0,10,-20.0,0.0449438202247191,0.03932584269662921,5.612359550561798,32.38864741430959,33.649433331772116,1.2607859174625353,0.0,rule_side
ext25bps_further0bps_entry20c,NO,55,178,0.056179775280898875,0.36363636363636365,-16.910112359550563,-18.77777777777778,"-18.78,-15.00,-16.33,-17.50",0,10,-20.0,0.0449438202247191,0.03932584269662921,5.612359550561798,32.38864741430959,33.649433331772116,1.2607859174625353,0.0,rule_side
ext25bps_further0bps_entry20c,NO,60,178,0.056179775280898875,0.3333333333333333,-16.629213483146067,-18.666666666666668,"-18.67,-14.55,-16.00,-17.27",0,10,-20.0,0.0449438202247191,0.03932584269662921,5.612359550561798,32.38864741430959,33.649433331772116,1.2607859174625353,0.0,rule_side
ext25bps_further0bps_entry20c,NO,65,178,0.056179775280898875,0.3076923076923077,-16.348314606741575,-18.555555555555557,"-18.56,-14.09,-15.67,-17.05",0,10,-20.0,0.0449438202247191,0.03932584269662921,5.612359550561798,32.38864741430959,33.649433331772116,1.2607859174625353,0.0,rule_side
ext25bps_further0bps_entry20c,NO,70,178,0.05056179775280899,0.2857142857142857,-16.46067415730337,-18.444444444444443,"-18.44,-15.23,-15.33,-16.82",0,10,-20.0,0.0449438202247191,0.03932584269662921,5.612359550561798,32.38864741430959,33.649433331772116,1.2607859174625353,0.0,rule_side
ext25bps_further0bps_entry20c,NO,75,178,0.05056179775280899,0.26666666666666666,-16.207865168539325,-18.333333333333332,"-18.33,-14.89,-15.00,-16.59",0,10,-20.0,0.0449438202247191,0.03932584269662921,5.612359550561798,32.38864741430959,33.649433331772116,1.2607859174625353,0.0,rule_side
ext25bps_further0bps_entry20c,NO,80,178,0.0449438202247191,0.25,-16.40449438202247,-18.22222222222222,"-18.22,-14.55,-14.67,-18.18",0,10,-20.0,0.0449438202247191,0.03932584269662921,5.612359550561798,32.38864741430959,33.649433331772116,1.2607859174625353,0.0,rule_side
ext25bps_further0bps_entry20c,NO,85,178,0.0449438202247191,0.23529411764705882,-16.179775280898877,-18.11111111111111,"-18.11,-14.20,-14.33,-18.07",0,10,-20.0,0.0449438202247191,0.03932584269662921,5.612359550561798,32.38864741430959,33.649433331772116,1.2607859174625353,0.0,rule_side
ext25bps_further0bps_entry20c,NO,99,178,0.0449438202247191,0.20202020202020202,-15.55056179775281,-17.8,"-17.80,-13.25,-13.40,-17.75",0,10,-20.0,0.0449438202247191,0.03932584269662921,5.612359550561798,32.38864741430959,33.649433331772116,1.2607859174625353,0.0,rule_side
ext25bps_further0bps_entry20c,YES,45,164,0.08536585365853659,0.4444444444444444,-16.158536585365855,-17.804878048780488,"-17.80,-12.32,-16.71,-17.80",0,10,-20.0,0.06097560975609756,0.08536585365853659,5.560975609756097,32.100848989940815,32.981679949925876,0.8808309599850577,1.0,rule_side
ext25bps_further0bps_entry20c,YES,50,164,0.08536585365853659,0.4,-15.731707317073171,-17.5609756097561,"-17.56,-11.46,-16.34,-17.56",0,10,-20.0,0.06097560975609756,0.08536585365853659,5.560975609756097,32.100848989940815,32.981679949925876,0.8808309599850577,1.0,rule_side
ext25bps_further0bps_entry20c,YES,55,164,0.07926829268292683,0.36363636363636365,-15.640243902439025,-17.317073170731707,"-17.32,-11.95,-15.98,-17.32",0,10,-20.0,0.06097560975609756,0.08536585365853659,5.560975609756097,32.100848989940815,32.981679949925876,0.8808309599850577,1.0,rule_side
ext25bps_further0bps_entry20c,YES,60,164,0.07317073170731707,0.3333333333333333,-15.609756097560975,-17.073170731707318,"-17.07,-12.68,-15.61,-17.07",0,10,-20.0,0.06097560975609756,0.08536585365853659,5.560975609756097,32.100848989940815,32.981679949925876,0.8808309599850577,1.0,rule_side
ext25bps_further0bps_entry20c,YES,65,164,0.07317073170731707,0.3076923076923077,-15.24390243902439,-16.829268292682926,"-16.83,-12.07,-15.24,-16.83",0,10,-20.0,0.06097560975609756,0.08536585365853659,5.560975609756097,32.100848989940815,32.981679949925876,0.8808309599850577,1.0,rule_side
ext25bps_further0bps_entry20c,YES,70,164,0.07317073170731707,0.2857142857142857,-14.878048780487806,-16.585365853658537,"-16.59,-11.46,-14.88,-16.59",0,10,-20.0,0.06097560975609756,0.08536585365853659,5.560975609756097,32.100848989940815,32.981679949925876,0.8808309599850577,1.0,rule_side
ext25bps_further0bps_entry20c,YES,75,164,0.07317073170731707,0.26666666666666666,-14.512195121951219,-16.341463414634145,"-16.34,-10.85,-14.51,-16.34",0,10,-20.0,0.06097560975609756,0.08536585365853659,5.560975609756097,32.100848989940815,32.981679949925876,0.8808309599850577,1.0,rule_side
ext25bps_further0bps_entry20c,YES,80,164,0.07317073170731707,0.25,-14.146341463414634,-16.097560975609756,"-16.10,-10.24,-14.15,-16.10",0,10,-20.0,0.06097560975609756,0.08536585365853659,5.560975609756097,32.100848989940815,32.981679949925876,0.8808309599850577,1.0,rule_side
ext25bps_further0bps_entry20c,YES,85,164,0.06707317073170732,0.23529411764705882,-14.298780487804878,-15.853658536585366,"-15.85,-9.63,-15.85,-15.85",1,10,-20.0,0.06097560975609756,0.08536585365853659,5.560975609756097,32.100848989940815,32.981679949925876,0.8808309599850577,1.0,rule_side
ext25bps_further0bps_entry20c,YES,99,164,0.06097560975609756,0.20202020202020202,-13.963414634146341,-17.585365853658537,"-17.59,-7.93,-15.17,-15.17",1,10,-20.0,0.06097560975609756,0.08536585365853659,5.560975609756097,32.100848989940815,32.981679949925876,0.8808309599850577,1.0,rule_side
ext25bps_further0bps_entry21c,NO,45,186,0.08064516129032258,0.4666666666666667,-17.370967741935484,-19.043478260869566,"-18.13,-16.11,-16.21,-19.04",0,10,-21.0,0.053763440860215055,0.043010752688172046,5.510752688172043,32.17927876875811,33.27480453614639,1.0955257673882854,0.0,rule_side
ext25bps_further0bps_entry21c,NO,50,186,0.07526881720430108,0.42,-17.236559139784948,-18.82608695652174,"-17.81,-16.65,-15.68,-18.83",0,10,-21.0,0.053763440860215055,0.043010752688172046,5.510752688172043,32.17927876875811,33.27480453614639,1.0955257673882854,0.0,rule_side
ext25bps_further0bps_entry21c,NO,55,186,0.07526881720430108,0.38181818181818183,-16.86021505376344,-18.608695652173914,"-17.49,-16.22,-15.15,-18.61",0,10,-21.0,0.053763440860215055,0.043010752688172046,5.510752688172043,32.17927876875811,33.27480453614639,1.0955257673882854,0.0,rule_side
ext25bps_further0bps_entry21c,NO,60,186,0.07526881720430108,0.35,-16.483870967741936,-18.391304347826086,"-17.17,-15.78,-14.62,-18.39",0,10,-21.0,0.053763440860215055,0.043010752688172046,5.510752688172043,32.17927876875811,33.27480453614639,1.0955257673882854,0.0,rule_side
ext25bps_further0bps_entry21c,NO,65,186,0.06989247311827956,0.3230769230769231,-16.456989247311828,-18.23404255319149,"-18.23,-15.35,-14.09,-18.17",0,10,-21.0,0.053763440860215055,0.043010752688172046,5.510752688172043,32.17927876875811,33.27480453614639,1.0955257673882854,0.0,rule_side
ext25bps_further0bps_entry21c,NO,70,186,0.05913978494623656,0.3,-16.86021505376344,-19.51063829787234,"-19.51,-16.43,-13.55,-17.96",0,10,-21.0,0.053763440860215055,0.043010752688172046,5.510752688172043,32.17927876875811,33.27480453614639,1.0955257673882854,0.0,rule_side
ext25bps_further0bps_entry21c,NO,75,186,0.05913978494623656,0.28,-16.56451612903226,-19.404255319148938,"-19.40,-16.11,-13.02,-17.74",0,10,-21.0,0.053763440860215055,0.043010752688172046,5.510752688172043,32.17927876875811,33.27480453614639,1.0955257673882854,0.0,rule_side
ext25bps_further0bps_entry21c,NO,80,186,0.053763440860215055,0.2625,-16.698924731182796,-19.29787234042553,"-19.30,-15.78,-12.49,-19.26",0,10,-21.0,0.053763440860215055,0.043010752688172046,5.510752688172043,32.17927876875811,33.27480453614639,1.0955257673882854,0.0,rule_side
ext25bps_further0bps_entry21c,NO,85,186,0.053763440860215055,0.24705882352941178,-16.43010752688172,-19.19148936170213,"-19.19,-15.46,-11.96,-19.15",0,10,-21.0,0.053763440860215055,0.043010752688172046,5.510752688172043,32.17927876875811,33.27480453614639,1.0955257673882854,0.0,rule_side
ext25bps_further0bps_entry21c,NO,99,186,0.053763440860215055,0.21212121212121213,-15.67741935483871,-18.893617021276597,"-18.89,-14.54,-10.47,-18.85",0,10,-21.0,0.053763440860215055,0.043010752688172046,5.510752688172043,32.17927876875811,33.27480453614639,1.0955257673882854,0.0,rule_side
ext25bps_further0bps_entry21c,YES,45,168,0.09523809523809523,0.4666666666666667,-16.714285714285715,-17.785714285714285,"-17.79,-13.50,-17.79,-17.79",0,10,-21.0,0.06547619047619048,0.08928571428571429,5.494047619047619,32.17975754430384,32.93372508523388,0.753967540930047,1.0,rule_side
ext25bps_further0bps_entry21c,YES,50,168,0.09523809523809523,0.42,-16.238095238095237,-17.428571428571427,"-17.43,-12.67,-17.43,-17.43",0,10,-21.0,0.06547619047619048,0.08928571428571429,5.494047619047619,32.17975754430384,32.93372508523388,0.753967540930047,1.0,rule_side
ext25bps_further0bps_entry21c,YES,55,168,0.08928571428571429,0.38181818181818183,-16.089285714285715,-17.071428571428573,"-17.07,-13.14,-17.07,-17.07",0,10,-21.0,0.06547619047619048,0.08928571428571429,5.494047619047619,32.17975754430384,32.93372508523388,0.753967540930047,1.0,rule_side
ext25bps_further0bps_entry21c,YES,60,168,0.07738095238095238,0.35,-16.357142857142858,-18.142857142857142,"-18.14,-13.86,-16.71,-16.71",0,10,-21.0,0.06547619047619048,0.08928571428571429,5.494047619047619,32.17975754430384,32.93372508523388,0.753967540930047,1.0,rule_side
ext25bps_further0bps_entry21c,YES,65,168,0.07738095238095238,0.3230769230769231,-15.970238095238095,-17.904761904761905,"-17.90,-13.26,-16.36,-16.36",0,10,-21.0,0.06547619047619048,0.08928571428571429,5.494047619047619,32.17975754430384,32.93372508523388,0.753967540930047,1.0,rule_side
ext25bps_further0bps_entry21c,YES,70,168,0.07738095238095238,0.3,-15.583333333333334,-17.666666666666668,"-17.67,-12.67,-16.00,-16.00",0,10,-21.0,0.06547619047619048,0.08928571428571429,5.494047619047619,32.17975754430384,32.93372508523388,0.753967540930047,1.0,rule_side
ext25bps_further0bps_entry21c,YES,75,168,0.07738095238095238,0.28,-15.196428571428571,-17.428571428571427,"-17.43,-12.07,-15.64,-15.64",0,10,-21.0,0.06547619047619048,0.08928571428571429,5.494047619047619,32.17975754430384,32.93372508523388,0.753967540930047,1.0,rule_side
ext25bps_further0bps_entry21c,YES,80,168,0.07738095238095238,0.2625,-14.80952380952381,-17.19047619047619,"-17.19,-11.48,-15.29,-15.29",0,10,-21.0,0.06547619047619048,0.08928571428571429,5.494047619047619,32.17975754430384,32.93372508523388,0.753967540930047,1.0,rule_side
ext25bps_further0bps_entry21c,YES,85,168,0.07142857142857142,0.24705882352941178,-14.928571428571429,-16.952380952380953,"-16.95,-10.88,-16.95,-14.93",1,10,-21.0,0.06547619047619048,0.08928571428571429,5.494047619047619,32.17975754430384,32.93372508523388,0.753967540930047,1.0,rule_side
ext25bps_further0bps_entry21c,YES,99,168,0.06547619047619048,0.21212121212121213,-14.517857142857142,-18.642857142857142,"-18.64,-9.21,-16.29,-13.93",1,10,-21.0,0.06547619047619048,0.08928571428571429,5.494047619047619,32.17975754430384,32.93372508523388,0.753967540930047,1.0,rule_side
ext25bps_further0bps_entry22c,NO,45,190,0.08421052631578947,0.4888888888888889,-18.210526315789473,-20.085106382978722,"-18.25,-17.21,-17.31,-20.09",0,10,-22.0,0.05789473684210526,0.042105263157894736,5.505263157894737,32.303976042794666,33.8225676039005,1.5185915611058274,0.0,rule_side
ext25bps_further0bps_entry22c,NO,50,190,0.07894736842105263,0.44,-18.05263157894737,-19.872340425531913,"-17.83,-17.74,-16.79,-19.87",0,10,-22.0,0.05789473684210526,0.042105263157894736,5.505263157894737,32.303976042794666,33.8225676039005,1.5185915611058274,0.0,rule_side
ext25bps_further0bps_entry22c,NO,55,190,0.07894736842105263,0.4,-17.657894736842106,-19.659574468085108,"-17.42,-17.32,-16.27,-19.66",0,10,-22.0,0.05789473684210526,0.042105263157894736,5.505263157894737,32.303976042794666,33.8225676039005,1.5185915611058274,0.0,rule_side
ext25bps_further0bps_entry22c,NO,60,190,0.07894736842105263,0.36666666666666664,-17.263157894736842,-19.4468085106383,"-17.00,-16.89,-15.75,-19.45",0,10,-22.0,0.05789473684210526,0.042105263157894736,5.505263157894737,32.303976042794666,33.8225676039005,1.5185915611058274,0.0,rule_side
ext25bps_further0bps_entry22c,NO,65,190,0.07368421052631578,0.3384615384615385,-17.210526315789473,-19.23404255319149,"-17.94,-16.47,-15.23,-19.23",0,10,-22.0,0.05789473684210526,0.042105263157894736,5.505263157894737,32.303976042794666,33.8225676039005,1.5185915611058274,0.0,rule_side
ext25bps_further0bps_entry22c,NO,70,190,0.06315789473684211,0.3142857142857143,-17.57894736842105,-19.083333333333332,"-19.08,-17.53,-14.71,-19.02",0,10,-22.0,0.05789473684210526,0.042105263157894736,5.505263157894737,32.303976042794666,33.8225676039005,1.5185915611058274,0.0,rule_side
ext25bps_further0bps_entry22c,NO,75,190,0.06315789473684211,0.29333333333333333,-17.263157894736842,-18.875,"-18.88,-17.21,-14.19,-18.81",0,10,-22.0,0.05789473684210526,0.042105263157894736,5.505263157894737,32.303976042794666,33.8225676039005,1.5185915611058274,0.0,rule_side
ext25bps_further0bps_entry22c,NO,80,190,0.05789473684210526,0.275,-17.36842105263158,-20.29787234042553,"-18.67,-16.89,-13.67,-20.30",0,10,-22.0,0.05789473684210526,0.042105263157894736,5.505263157894737,32.303976042794666,33.8225676039005,1.5185915611058274,0.0,rule_side
ext25bps_further0bps_entry22c,NO,85,190,0.05789473684210526,0.25882352941176473,-17.07894736842105,-20.19148936170213,"-18.46,-16.57,-13.15,-20.19",0,10,-22.0,0.05789473684210526,0.042105263157894736,5.505263157894737,32.303976042794666,33.8225676039005,1.5185915611058274,0.0,rule_side
ext25bps_further0bps_entry22c,NO,99,190,0.05789473684210526,0.2222222222222222,-16.268421052631577,-19.893617021276597,"-17.88,-15.68,-11.69,-19.89",0,10,-22.0,0.05789473684210526,0.042105263157894736,5.505263157894737,32.303976042794666,33.8225676039005,1.5185915611058274,0.0,rule_side
ext25bps_further0bps_entry22c,YES,45,172,0.09883720930232558,0.4888888888888889,-17.552325581395348,-18.86046511627907,"-18.86,-13.63,-18.86,-18.86",0,10,-22.0,0.06976744186046512,0.0872093023255814,5.424418604651163,32.20727048726883,32.898759482141294,0.6914889948724686,1.0,rule_side
ext25bps_further0bps_entry22c,YES,50,172,0.09883720930232558,0.44,-17.058139534883722,-18.511627906976745,"-18.51,-12.70,-18.51,-18.51",0,10,-22.0,0.06976744186046512,0.0872093023255814,5.424418604651163,32.20727048726883,32.898759482141294,0.6914889948724686,1.0,rule_side
ext25bps_further0bps_entry22c,YES,55,172,0.09302325581395349,0.4,-16.88372093023256,-18.162790697674417,"-18.16,-13.05,-18.16,-18.16",0,10,-22.0,0.06976744186046512,0.0872093023255814,5.424418604651163,32.20727048726883,32.898759482141294,0.6914889948724686,1.0,rule_side
ext25bps_further0bps_entry22c,YES,60,172,0.08139534883720931,0.36666666666666664,-17.11627906976744,-19.209302325581394,"-19.21,-13.63,-17.81,-17.81",0,10,-22.0,0.06976744186046512,0.0872093023255814,5.424418604651163,32.20727048726883,32.898759482141294,0.6914889948724686,1.0,rule_side
ext25bps_further0bps_entry22c,YES,65,172,0.08139534883720931,0.3384615384615385,-16.709302325581394,-18.976744186046513,"-18.98,-12.93,-17.47,-17.47",0,10,-22.0,0.06976744186046512,0.0872093023255814,5.424418604651163,32.20727048726883,32.898759482141294,0.6914889948724686,1.0,rule_side
ext25bps_further0bps_entry22c,YES,70,172,0.08139534883720931,0.3142857142857143,-16.302325581395348,-18.74418604651163,"-18.74,-12.23,-17.12,-17.12",0,10,-22.0,0.06976744186046512,0.0872093023255814,5.424418604651163,32.20727048726883,32.898759482141294,0.6914889948724686,1.0,rule_side
ext25bps_further0bps_entry22c,YES,75,172,0.08139534883720931,0.29333333333333333,-15.895348837209303,-18.511627906976745,"-18.51,-11.53,-16.77,-16.77",0,10,-22.0,0.06976744186046512,0.0872093023255814,5.424418604651163,32.20727048726883,32.898759482141294,0.6914889948724686,1.0,rule_side
ext25bps_further0bps_entry22c,YES,80,172,0.08139534883720931,0.275,-15.488372093023257,-18.27906976744186,"-18.28,-10.84,-16.42,-16.42",0,10,-22.0,0.06976744186046512,0.0872093023255814,5.424418604651163,32.20727048726883,32.898759482141294,0.6914889948724686,1.0,rule_side
ext25bps_further0bps_entry22c,YES,85,172,0.0755813953488372,0.25882352941176473,-15.575581395348838,-18.046511627906977,"-18.05,-10.14,-18.05,-16.07",0,10,-22.0,0.06976744186046512,0.0872093023255814,5.424418604651163,32.20727048726883,32.898759482141294,0.6914889948724686,1.0,rule_side
ext25bps_further0bps_entry22c,YES,99,172,0.06976744186046512,0.2222222222222222,-15.093023255813954,-19.697674418604652,"-19.70,-8.19,-17.40,-15.09",1,10,-22.0,0.06976744186046512,0.0872093023255814,5.424418604651163,32.20727048726883,32.898759482141294,0.6914889948724686,1.0,rule_side
ext25bps_further0bps_entry23c,NO,45,193,0.08808290155440414,0.5111111111111111,-19.036269430051814,-21.125,"-19.33,-17.38,-18.31,-21.12",0,10,-23.0,0.06217616580310881,0.046632124352331605,5.466321243523316,32.286427143504845,33.7643443678023,1.4779172242974523,0.0,rule_side
ext25bps_further0bps_entry23c,NO,50,193,0.08290155440414508,0.46,-18.854922279792746,-20.916666666666668,"-18.92,-17.79,-17.79,-20.92",0,10,-23.0,0.06217616580310881,0.046632124352331605,5.466321243523316,32.286427143504845,33.7643443678023,1.4779172242974523,0.0,rule_side
ext25bps_further0bps_entry23c,NO,55,193,0.08290155440414508,0.41818181818181815,-18.440414507772022,-20.708333333333332,"-18.51,-17.27,-17.27,-20.71",0,10,-23.0,0.06217616580310881,0.046632124352331605,5.466321243523316,32.286427143504845,33.7643443678023,1.4779172242974523,0.0,rule_side
ext25bps_further0bps_entry23c,NO,60,193,0.08290155440414508,0.38333333333333336,-18.025906735751295,-20.5,"-18.10,-16.75,-16.75,-20.50",0,10,-23.0,0.06217616580310881,0.046632124352331605,5.466321243523316,32.286427143504845,33.7643443678023,1.4779172242974523,0.0,rule_side
ext25bps_further0bps_entry23c,NO,65,193,0.07772020725388601,0.35384615384615387,-17.94818652849741,-20.291666666666668,"-19.02,-16.23,-16.23,-20.29",0,10,-23.0,0.06217616580310881,0.046632124352331605,5.466321243523316,32.286427143504845,33.7643443678023,1.4779172242974523,0.0,rule_side
ext25bps_further0bps_entry23c,NO,70,193,0.06735751295336788,0.32857142857142857,-18.28497409326425,-20.142857142857142,"-20.14,-17.17,-15.71,-20.08",0,10,-23.0,0.06217616580310881,0.046632124352331605,5.466321243523316,32.286427143504845,33.7643443678023,1.4779172242974523,0.0,rule_side
ext25bps_further0bps_entry23c,NO,75,193,0.06735751295336788,0.30666666666666664,-17.94818652849741,-19.93877551020408,"-19.94,-16.75,-15.19,-19.88",0,10,-23.0,0.06217616580310881,0.046632124352331605,5.466321243523316,32.286427143504845,33.7643443678023,1.4779172242974523,0.0,rule_side
ext25bps_further0bps_entry23c,NO,80,193,0.06217616580310881,0.2875,-18.025906735751295,-21.333333333333332,"-19.73,-16.33,-14.67,-21.33",0,10,-23.0,0.06217616580310881,0.046632124352331605,5.466321243523316,32.286427143504845,33.7643443678023,1.4779172242974523,0.0,rule_side
ext25bps_further0bps_entry23c,NO,85,193,0.06217616580310881,0.27058823529411763,-17.71502590673575,-21.229166666666668,"-19.53,-15.92,-14.15,-21.23",0,10,-23.0,0.06217616580310881,0.046632124352331605,5.466321243523316,32.286427143504845,33.7643443678023,1.4779172242974523,0.0,rule_side
ext25bps_further0bps_entry23c,NO,99,193,0.06217616580310881,0.23232323232323232,-16.844559585492227,-20.9375,"-18.96,-14.75,-12.69,-20.94",0,10,-23.0,0.06217616580310881,0.046632124352331605,5.466321243523316,32.286427143504845,33.7643443678023,1.4779172242974523,0.0,rule_side
ext25bps_further0bps_entry23c,YES,45,176,0.10227272727272728,0.5111111111111111,-18.397727272727273,-19.931818181818183,"-19.93,-14.82,-18.91,-19.93",0,10,-23.0,0.06818181818181818,0.08522727272727272,5.403409090909091,32.10909339088864,32.848957920137245,0.7398645292485972,1.0,rule_side
ext25bps_further0bps_entry23c,YES,50,176,0.10227272727272728,0.46,-17.886363636363637,-19.59090909090909,"-19.59,-13.91,-18.45,-19.59",0,10,-23.0,0.06818181818181818,0.08522727272727272,5.403409090909091,32.10909339088864,32.848957920137245,0.7398645292485972,1.0,rule_side
ext25bps_further0bps_entry23c,YES,55,176,0.09659090909090909,0.41818181818181815,-17.6875,-19.25,"-19.25,-14.25,-18.00,-19.25",0,10,-23.0,0.06818181818181818,0.08522727272727272,5.403409090909091,32.10909339088864,32.848957920137245,0.7398645292485972,1.0,rule_side
ext25bps_further0bps_entry23c,YES,60,176,0.08522727272727272,0.38333333333333336,-17.886363636363637,-20.272727272727273,"-20.27,-14.82,-17.55,-18.91",0,10,-23.0,0.06818181818181818,0.08522727272727272,5.403409090909091,32.10909339088864,32.848957920137245,0.7398645292485972,1.0,rule_side
ext25bps_further0bps_entry23c,YES,65,176,0.07954545454545454,0.35384615384615387,-17.829545454545453,-20.045454545454547,"-20.05,-14.14,-18.57,-18.57",0,10,-23.0,0.06818181818181818,0.08522727272727272,5.403409090909091,32.10909339088864,32.848957920137245,0.7398645292485972,1.0,rule_side
ext25bps_further0bps_entry23c,YES,70,176,0.07954545454545454,0.32857142857142857,-17.431818181818183,-19.818181818181817,"-19.82,-13.45,-18.23,-18.23",0,10,-23.0,0.06818181818181818,0.08522727272727272,5.403409090909091,32.10909339088864,32.848957920137245,0.7398645292485972,1.0,rule_side
ext25bps_further0bps_entry23c,YES,75,176,0.07954545454545454,0.30666666666666664,-17.03409090909091,-19.59090909090909,"-19.59,-12.77,-17.89,-17.89",0,10,-23.0,0.06818181818181818,0.08522727272727272,5.403409090909091,32.10909339088864,32.848957920137245,0.7398645292485972,1.0,rule_side
ext25bps_further0bps_entry23c,YES,80,176,0.07954545454545454,0.2875,-16.636363636363637,-19.363636363636363,"-19.36,-12.09,-17.55,-17.55",0,10,-23.0,0.06818181818181818,0.08522727272727272,5.403409090909091,32.10909339088864,32.848957920137245,0.7398645292485972,1.0,rule_side
ext25bps_further0bps_entry23c,YES,85,176,0.07386363636363637,0.27058823529411763,-16.72159090909091,-19.136363636363637,"-19.14,-11.41,-19.14,-17.20",0,10,-23.0,0.06818181818181818,0.08522727272727272,5.403409090909091,32.10909339088864,32.848957920137245,0.7398645292485972,1.0,rule_side
ext25bps_further0bps_entry23c,YES,99,176,0.06818181818181818,0.23232323232323232,-16.25,-20.75,"-20.75,-9.50,-18.50,-16.25",1,10,-23.0,0.06818181818181818,0.08522727272727272,5.403409090909091,32.10909339088864,32.848957920137245,0.7398645292485972,1.0,rule_side
ext25bps_further0bps_entry24c,NO,45,197,0.10152284263959391,0.5333333333333333,-19.431472081218274,-22.163265306122447,"-20.40,-17.57,-17.57,-22.16",0,10,-24.0,0.07106598984771574,0.06091370558375635,5.401015228426396,32.27309480418354,33.788657540993995,1.5155627368104447,0.0,rule_side
ext25bps_further0bps_entry24c,NO,50,197,0.09644670050761421,0.48,-19.17766497461929,-21.959183673469386,"-20.00,-17.88,-16.86,-21.96",0,10,-24.0,0.07106598984771574,0.06091370558375635,5.401015228426396,32.27309480418354,33.788657540993995,1.5155627368104447,0.0,rule_side
ext25bps_further0bps_entry24c,NO,55,197,0.09644670050761421,0.43636363636363634,-18.695431472081218,-21.755102040816325,"-19.60,-17.27,-16.14,-21.76",0,10,-24.0,0.07106598984771574,0.06091370558375635,5.401015228426396,32.27309480418354,33.788657540993995,1.5155627368104447,0.0,rule_side
ext25bps_further0bps_entry24c,NO,60,197,0.09137055837563451,0.4,-18.517766497461928,-21.551020408163264,"-19.20,-17.88,-15.43,-21.55",0,10,-24.0,0.07106598984771574,0.06091370558375635,5.401015228426396,32.27309480418354,33.788657540993995,1.5155627368104447,0.0,rule_side
ext25bps_further0bps_entry24c,NO,65,197,0.08629441624365482,0.36923076923076925,-18.390862944162436,-21.346938775510203,"-20.10,-17.37,-14.71,-21.35",0,10,-24.0,0.07106598984771574,0.06091370558375635,5.401015228426396,32.27309480418354,33.788657540993995,1.5155627368104447,0.0,rule_side
ext25bps_further0bps_entry24c,NO,70,197,0.07614213197969544,0.34285714285714286,-18.67005076142132,-21.2,"-21.20,-18.29,-14.00,-21.14",0,10,-24.0,0.07106598984771574,0.06091370558375635,5.401015228426396,32.27309480418354,33.788657540993995,1.5155627368104447,0.0,rule_side
ext25bps_further0bps_entry24c,NO,75,197,0.07614213197969544,0.32,-18.289340101522843,-21.0,"-21.00,-17.88,-13.29,-20.94",0,10,-24.0,0.07106598984771574,0.06091370558375635,5.401015228426396,32.27309480418354,33.788657540993995,1.5155627368104447,0.0,rule_side
ext25bps_further0bps_entry24c,NO,80,197,0.07106598984771574,0.3,-18.314720812182742,-22.367346938775512,"-20.80,-17.47,-12.57,-22.37",0,10,-24.0,0.07106598984771574,0.06091370558375635,5.401015228426396,32.27309480418354,33.788657540993995,1.5155627368104447,0.0,rule_side
ext25bps_further0bps_entry24c,NO,85,197,0.07106598984771574,0.2823529411764706,-17.95939086294416,-22.26530612244898,"-20.60,-17.06,-11.86,-22.27",0,10,-24.0,0.07106598984771574,0.06091370558375635,5.401015228426396,32.27309480418354,33.788657540993995,1.5155627368104447,0.0,rule_side
ext25bps_further0bps_entry24c,NO,99,197,0.07106598984771574,0.24242424242424243,-16.96446700507614,-21.979591836734695,"-20.04,-15.92,-9.86,-21.98",0,10,-24.0,0.07106598984771574,0.06091370558375635,5.401015228426396,32.27309480418354,33.788657540993995,1.5155627368104447,0.0,rule_side
ext25bps_further0bps_entry24c,YES,45,182,0.11538461538461539,0.5333333333333333,-18.807692307692307,-21.0,"-20.09,-14.00,-20.09,-21.00",0,10,-24.0,0.07142857142857142,0.08791208791208792,5.346153846153846,32.049982854364046,32.85168863869067,0.8017057843266168,1.0,rule_side
ext25bps_further0bps_entry24c,YES,50,182,0.11538461538461539,0.48,-18.23076923076923,-20.666666666666668,"-19.65,-12.89,-19.65,-20.67",0,10,-24.0,0.07142857142857142,0.08791208791208792,5.346153846153846,32.049982854364046,32.85168863869067,0.8017057843266168,1.0,rule_side
ext25bps_further0bps_entry24c,YES,55,182,0.10989010989010989,0.43636363636363634,-17.956043956043956,-20.333333333333332,"-19.22,-13.00,-19.22,-20.33",0,10,-24.0,0.07142857142857142,0.08791208791208792,5.346153846153846,32.049982854364046,32.85168863869067,0.8017057843266168,1.0,rule_side
ext25bps_further0bps_entry24c,YES,60,182,0.0989010989010989,0.4,-18.065934065934066,-20.08695652173913,"-20.09,-13.33,-18.78,-20.00",0,10,-24.0,0.07142857142857142,0.08791208791208792,5.346153846153846,32.049982854364046,32.85168863869067,0.8017057843266168,1.0,rule_side
ext25bps_further0bps_entry24c,YES,65,182,0.09340659340659341,0.36923076923076925,-17.928571428571427,-19.76086956521739,"-19.76,-12.44,-19.76,-19.67",0,10,-24.0,0.07142857142857142,0.08791208791208792,5.346153846153846,32.049982854364046,32.85168863869067,0.8017057843266168,1.0,rule_side
ext25bps_further0bps_entry24c,YES,70,182,0.09340659340659341,0.34285714285714286,-17.46153846153846,-19.434782608695652,"-19.43,-11.56,-19.43,-19.33",0,10,-24.0,0.07142857142857142,0.08791208791208792,5.346153846153846,32.049982854364046,32.85168863869067,0.8017057843266168,1.0,rule_side
ext25bps_further0bps_entry24c,YES,75,182,0.08791208791208792,0.32,-17.406593406593405,-19.108695652173914,"-19.11,-12.33,-19.11,-19.00",0,10,-24.0,0.07142857142857142,0.08791208791208792,5.346153846153846,32.049982854364046,32.85168863869067,0.8017057843266168,1.0,rule_side
ext25bps_further0bps_entry24c,YES,80,182,0.08791208791208792,0.3,-16.967032967032967,-18.782608695652176,"-18.78,-11.56,-18.78,-18.67",0,10,-24.0,0.07142857142857142,0.08791208791208792,5.346153846153846,32.049982854364046,32.85168863869067,0.8017057843266168,1.0,rule_side
ext25bps_further0bps_entry24c,YES,85,182,0.08241758241758242,0.2823529411764706,-16.994505494505493,-20.304347826086957,"-18.46,-10.78,-20.30,-18.33",0,10,-24.0,0.07142857142857142,0.08791208791208792,5.346153846153846,32.049982854364046,32.85168863869067,0.8017057843266168,1.0,rule_side
ext25bps_further0bps_entry24c,YES,99,182,0.07142857142857142,0.24242424242424243,-16.928571428571427,-19.695652173913043,"-19.70,-10.80,-19.70,-17.40",1,10,-24.0,0.07142857142857142,0.08791208791208792,5.346153846153846,32.049982854364046,32.85168863869067,0.8017057843266168,1.0,rule_side
ext25bps_further0bps_entry25c,NO,45,201,0.10945273631840796,0.5555555555555556,-20.074626865671643,-23.2,"-20.59,-18.70,-17.80,-23.20",0,10,-25.0,0.07462686567164178,0.06467661691542288,5.358208955223881,32.279920915831795,33.7653232001684,1.485402284336605,0.0,rule_side
ext25bps_further0bps_entry25c,NO,50,201,0.1044776119402985,0.5,-19.776119402985074,-23.0,"-20.10,-19.00,-17.00,-23.00",0,10,-25.0,0.07462686567164178,0.06467661691542288,5.358208955223881,32.279920915831795,33.7653232001684,1.485402284336605,0.0,rule_side
ext25bps_further0bps_entry25c,NO,55,201,0.09950248756218906,0.45454545454545453,-19.5273631840796,-22.8,"-19.61,-18.40,-17.30,-22.80",0,10,-25.0,0.07462686567164178,0.06467661691542288,5.358208955223881,32.279920915831795,33.7653232001684,1.485402284336605,0.0,rule_side
ext25bps_further0bps_entry25c,NO,60,201,0.0945273631840796,0.4166666666666667,-19.328358208955223,-22.6,"-19.12,-19.00,-16.60,-22.60",0,10,-25.0,0.07462686567164178,0.06467661691542288,5.358208955223881,32.279920915831795,33.7653232001684,1.485402284336605,0.0,rule_side
ext25bps_further0bps_entry25c,NO,65,201,0.08955223880597014,0.38461538461538464,-19.17910447761194,-22.4,"-19.90,-18.50,-15.90,-22.40",0,10,-25.0,0.07462686567164178,0.06467661691542288,5.358208955223881,32.279920915831795,33.7653232001684,1.485402284336605,0.0,rule_side
ext25bps_further0bps_entry25c,NO,70,201,0.07960199004975124,0.35714285714285715,-19.427860696517413,-22.2,"-20.88,-19.40,-15.20,-22.20",0,10,-25.0,0.07462686567164178,0.06467661691542288,5.358208955223881,32.279920915831795,33.7653232001684,1.485402284336605,0.0,rule_side
ext25bps_further0bps_entry25c,NO,75,201,0.07960199004975124,0.3333333333333333,-19.029850746268657,-22.0,"-20.59,-19.00,-14.50,-22.00",0,10,-25.0,0.07462686567164178,0.06467661691542288,5.358208955223881,32.279920915831795,33.7653232001684,1.485402284336605,0.0,rule_side
ext25bps_further0bps_entry25c,NO,80,201,0.07462686567164178,0.3125,-19.029850746268657,-23.4,"-20.29,-18.60,-13.80,-23.40",0,10,-25.0,0.07462686567164178,0.06467661691542288,5.358208955223881,32.279920915831795,33.7653232001684,1.485402284336605,0.0,rule_side
ext25bps_further0bps_entry25c,NO,85,201,0.07462686567164178,0.29411764705882354,-18.65671641791045,-23.3,"-20.00,-18.20,-13.10,-23.30",0,10,-25.0,0.07462686567164178,0.06467661691542288,5.358208955223881,32.279920915831795,33.7653232001684,1.485402284336605,0.0,rule_side
ext25bps_further0bps_entry25c,NO,99,201,0.07462686567164178,0.25252525252525254,-17.611940298507463,-23.02,"-19.18,-17.08,-11.14,-23.02",0,10,-25.0,0.07462686567164178,0.06467661691542288,5.358208955223881,32.279920915831795,33.7653232001684,1.485402284336605,0.0,rule_side
ext25bps_further0bps_entry25c,YES,45,186,0.11827956989247312,0.5555555555555556,-19.677419354838708,-22.065217391304348,"-21.17,-15.22,-20.21,-22.07",0,10,-25.0,0.06989247311827956,0.08602150537634409,5.306451612903226,32.05241236981235,32.84986861468431,0.7974562448719549,1.0,rule_side
ext25bps_further0bps_entry25c,YES,50,186,0.11827956989247312,0.5,-19.086021505376344,-21.73913043478261,"-20.74,-14.13,-19.68,-21.74",0,10,-25.0,0.06989247311827956,0.08602150537634409,5.306451612903226,32.05241236981235,32.84986861468431,0.7974562448719549,1.0,rule_side
ext25bps_further0bps_entry25c,YES,55,186,0.10752688172043011,0.45454545454545453,-19.086021505376344,-21.41304347826087,"-20.32,-14.24,-20.32,-21.41",0,10,-25.0,0.06989247311827956,0.08602150537634409,5.306451612903226,32.05241236981235,32.84986861468431,0.7974562448719549,1.0,rule_side
ext25bps_further0bps_entry25c,YES,60,186,0.0967741935483871,0.4166666666666667,-19.193548387096776,-21.170212765957448,"-21.17,-14.57,-19.89,-21.09",0,10,-25.0,0.06989247311827956,0.08602150537634409,5.306451612903226,32.05241236981235,32.84986861468431,0.7974562448719549,1.0,rule_side
ext25bps_further0bps_entry25c,YES,65,186,0.0913978494623656,0.38461538461538464,-19.059139784946236,-20.851063829787233,"-20.85,-13.70,-20.85,-20.76",0,10,-25.0,0.06989247311827956,0.08602150537634409,5.306451612903226,32.05241236981235,32.84986861468431,0.7974562448719549,1.0,rule_side
ext25bps_further0bps_entry25c,YES,70,186,0.0913978494623656,0.35714285714285715,-18.602150537634408,-20.53191489361702,"-20.53,-12.83,-20.53,-20.43",0,10,-25.0,0.06989247311827956,0.08602150537634409,5.306451612903226,32.05241236981235,32.84986861468431,0.7974562448719549,1.0,rule_side
ext25bps_further0bps_entry25c,YES,75,186,0.08602150537634409,0.3333333333333333,-18.548387096774192,-20.21276595744681,"-20.21,-13.59,-20.21,-20.11",0,10,-25.0,0.06989247311827956,0.08602150537634409,5.306451612903226,32.05241236981235,32.84986861468431,0.7974562448719549,1.0,rule_side
ext25bps_further0bps_entry25c,YES,80,186,0.08602150537634409,0.3125,-18.118279569892472,-19.893617021276597,"-19.89,-12.83,-19.89,-19.78",0,10,-25.0,0.06989247311827956,0.08602150537634409,5.306451612903226,32.05241236981235,32.84986861468431,0.7974562448719549,1.0,rule_side
ext25bps_further0bps_entry25c,YES,85,186,0.08064516129032258,0.29411764705882354,-18.14516129032258,-21.382978723404257,"-19.57,-12.07,-21.38,-19.46",0,10,-25.0,0.06989247311827956,0.08602150537634409,5.306451612903226,32.05241236981235,32.84986861468431,0.7974562448719549,1.0,rule_side
ext25bps_further0bps_entry25c,YES,99,186,0.06989247311827956,0.25252525252525254,-18.080645161290324,-20.78723404255319,"-20.79,-12.09,-20.79,-18.54",0,10,-25.0,0.06989247311827956,0.08602150537634409,5.306451612903226,32.05241236981235,32.84986861468431,0.7974562448719549,1.0,rule_side
ext25bps_further5bps_entry20c,NO,45,31,0.0967741935483871,0.4444444444444444,-15.64516129032258,-20.0,"-20.00,-14.38,-14.38,-13.57",1,8,-20.0,0.06451612903225806,0.06451612903225806,5.096774193548387,32.90060351594203,46.46310086066377,13.562497344721733,0.0,rule_side
ext25bps_further5bps_entry20c,NO,50,31,0.0967741935483871,0.4,-15.161290322580646,-20.0,"-20.00,-13.75,-13.75,-12.86",1,8,-20.0,0.06451612903225806,0.06451612903225806,5.096774193548387,32.90060351594203,46.46310086066377,13.562497344721733,0.0,rule_side
ext25bps_further5bps_entry20c,NO,55,31,0.0967741935483871,0.36363636363636365,-14.67741935483871,-20.0,"-20.00,-13.12,-13.12,-12.14",1,8,-20.0,0.06451612903225806,0.06451612903225806,5.096774193548387,32.90060351594203,46.46310086066377,13.562497344721733,0.0,rule_side
ext25bps_further5bps_entry20c,NO,60,31,0.0967741935483871,0.3333333333333333,-14.193548387096774,-20.0,"-20.00,-12.50,-12.50,-11.43",1,8,-20.0,0.06451612903225806,0.06451612903225806,5.096774193548387,32.90060351594203,46.46310086066377,13.562497344721733,0.0,rule_side
ext25bps_further5bps_entry20c,NO,65,31,0.0967741935483871,0.3076923076923077,-13.709677419354838,-20.0,"-20.00,-11.88,-11.88,-10.71",2,8,-20.0,0.06451612903225806,0.06451612903225806,5.096774193548387,32.90060351594203,46.46310086066377,13.562497344721733,0.0,rule_side
ext25bps_further5bps_entry20c,NO,70,31,0.0967741935483871,0.2857142857142857,-13.225806451612904,-20.0,"-20.00,-11.25,-11.25,-10.00",2,8,-20.0,0.06451612903225806,0.06451612903225806,5.096774193548387,32.90060351594203,46.46310086066377,13.562497344721733,0.0,rule_side
ext25bps_further5bps_entry20c,NO,75,31,0.0967741935483871,0.26666666666666666,-12.741935483870968,-20.0,"-20.00,-10.62,-10.62,-9.29",2,8,-20.0,0.06451612903225806,0.06451612903225806,5.096774193548387,32.90060351594203,46.46310086066377,13.562497344721733,0.0,rule_side
ext25bps_further5bps_entry20c,NO,80,31,0.06451612903225806,0.25,-14.838709677419354,-20.0,"-20.00,-10.00,-10.00,-20.00",1,8,-20.0,0.06451612903225806,0.06451612903225806,5.096774193548387,32.90060351594203,46.46310086066377,13.562497344721733,0.0,rule_side
ext25bps_further5bps_entry20c,NO,85,31,0.06451612903225806,0.23529411764705882,-14.516129032258064,-20.0,"-20.00,-9.38,-9.38,-20.00",1,8,-20.0,0.06451612903225806,0.06451612903225806,5.096774193548387,32.90060351594203,46.46310086066377,13.562497344721733,0.0,rule_side
ext25bps_further5bps_entry20c,NO,99,31,0.06451612903225806,0.20202020202020202,-13.612903225806452,-20.0,"-20.00,-7.62,-7.62,-20.00",1,8,-20.0,0.06451612903225806,0.06451612903225806,5.096774193548387,32.90060351594203,46.46310086066377,13.562497344721733,0.0,rule_side
ext25bps_further5bps_entry20c,YES,45,27,0.037037037037037035,0.4444444444444444,-18.333333333333332,-20.0,"-20.00,-20.00,-20.00,-12.50",1,10,-20.0,0.037037037037037035,0.0,5.962962962962963,33.144077425858214,47.3269717039042,14.182894278045978,1.0,rule_side
ext25bps_further5bps_entry20c,YES,50,27,0.037037037037037035,0.4,-18.14814814814815,-20.0,"-20.00,-20.00,-20.00,-11.67",1,10,-20.0,0.037037037037037035,0.0,5.962962962962963,33.144077425858214,47.3269717039042,14.182894278045978,1.0,rule_side
ext25bps_further5bps_entry20c,YES,55,27,0.037037037037037035,0.36363636363636365,-17.962962962962962,-20.0,"-20.00,-20.00,-20.00,-10.83",1,10,-20.0,0.037037037037037035,0.0,5.962962962962963,33.144077425858214,47.3269717039042,14.182894278045978,1.0,rule_side
ext25bps_further5bps_entry20c,YES,60,27,0.037037037037037035,0.3333333333333333,-17.77777777777778,-20.0,"-20.00,-20.00,-20.00,-10.00",1,10,-20.0,0.037037037037037035,0.0,5.962962962962963,33.144077425858214,47.3269717039042,14.182894278045978,1.0,rule_side
ext25bps_further5bps_entry20c,YES,65,27,0.037037037037037035,0.3076923076923077,-17.59259259259259,-20.0,"-20.00,-20.00,-20.00,-9.17",1,10,-20.0,0.037037037037037035,0.0,5.962962962962963,33.144077425858214,47.3269717039042,14.182894278045978,1.0,rule_side
ext25bps_further5bps_entry20c,YES,70,27,0.037037037037037035,0.2857142857142857,-17.40740740740741,-20.0,"-20.00,-20.00,-20.00,-8.33",1,10,-20.0,0.037037037037037035,0.0,5.962962962962963,33.144077425858214,47.3269717039042,14.182894278045978,1.0,rule_side
ext25bps_further5bps_entry20c,YES,75,27,0.037037037037037035,0.26666666666666666,-17.22222222222222,-20.0,"-20.00,-20.00,-20.00,-7.50",1,10,-20.0,0.037037037037037035,0.0,5.962962962962963,33.144077425858214,47.3269717039042,14.182894278045978,1.0,rule_side
ext25bps_further5bps_entry20c,YES,80,27,0.037037037037037035,0.25,-17.037037037037038,-20.0,"-20.00,-20.00,-20.00,-6.67",1,10,-20.0,0.037037037037037035,0.0,5.962962962962963,33.144077425858214,47.3269717039042,14.182894278045978,1.0,rule_side
ext25bps_further5bps_entry20c,YES,85,27,0.037037037037037035,0.23529411764705882,-16.85185185185185,-20.0,"-20.00,-20.00,-20.00,-5.83",1,10,-20.0,0.037037037037037035,0.0,5.962962962962963,33.144077425858214,47.3269717039042,14.182894278045978,1.0,rule_side
ext25bps_further5bps_entry20c,YES,99,27,0.037037037037037035,0.20202020202020202,-16.333333333333332,-20.0,"-20.00,-20.00,-20.00,-3.50",1,10,-20.0,0.037037037037037035,0.0,5.962962962962963,33.144077425858214,47.3269717039042,14.182894278045978,1.0,rule_side
ext25bps_further5bps_entry21c,NO,45,32,0.09375,0.4666666666666667,-16.78125,-21.0,"-21.00,-15.38,-15.38,-15.38",1,8,-21.0,0.0625,0.0625,5.0,33.023583034180916,46.40574411896803,13.382161084787116,0.0,rule_side
ext25bps_further5bps_entry21c,NO,50,32,0.09375,0.42,-16.3125,-21.0,"-21.00,-14.75,-14.75,-14.75",1,8,-21.0,0.0625,0.0625,5.0,33.023583034180916,46.40574411896803,13.382161084787116,0.0,rule_side
ext25bps_further5bps_entry21c,NO,55,32,0.09375,0.38181818181818183,-15.84375,-21.0,"-21.00,-14.12,-14.12,-14.12",1,8,-21.0,0.0625,0.0625,5.0,33.023583034180916,46.40574411896803,13.382161084787116,0.0,rule_side
ext25bps_further5bps_entry21c,NO,60,32,0.09375,0.35,-15.375,-21.0,"-21.00,-13.50,-13.50,-13.50",1,8,-21.0,0.0625,0.0625,5.0,33.023583034180916,46.40574411896803,13.382161084787116,0.0,rule_side
ext25bps_further5bps_entry21c,NO,65,32,0.09375,0.3230769230769231,-14.90625,-21.0,"-21.00,-12.88,-12.88,-12.88",2,8,-21.0,0.0625,0.0625,5.0,33.023583034180916,46.40574411896803,13.382161084787116,0.0,rule_side
ext25bps_further5bps_entry21c,NO,70,32,0.09375,0.3,-14.4375,-21.0,"-21.00,-12.25,-12.25,-12.25",2,8,-21.0,0.0625,0.0625,5.0,33.023583034180916,46.40574411896803,13.382161084787116,0.0,rule_side
ext25bps_further5bps_entry21c,NO,75,32,0.09375,0.28,-13.96875,-21.0,"-21.00,-11.62,-11.62,-11.62",2,8,-21.0,0.0625,0.0625,5.0,33.023583034180916,46.40574411896803,13.382161084787116,0.0,rule_side
ext25bps_further5bps_entry21c,NO,80,32,0.0625,0.2625,-16.0,-21.0,"-21.00,-11.00,-11.00,-21.00",1,8,-21.0,0.0625,0.0625,5.0,33.023583034180916,46.40574411896803,13.382161084787116,0.0,rule_side
ext25bps_further5bps_entry21c,NO,85,32,0.0625,0.24705882352941178,-15.6875,-21.0,"-21.00,-10.38,-10.38,-21.00",1,8,-21.0,0.0625,0.0625,5.0,33.023583034180916,46.40574411896803,13.382161084787116,0.0,rule_side
ext25bps_further5bps_entry21c,NO,99,32,0.0625,0.21212121212121213,-14.8125,-21.0,"-21.00,-8.62,-8.62,-21.00",1,8,-21.0,0.0625,0.0625,5.0,33.023583034180916,46.40574411896803,13.382161084787116,0.0,rule_side
ext25bps_further5bps_entry21c,YES,45,27,0.037037037037037035,0.4666666666666667,-19.333333333333332,-21.0,"-21.00,-21.00,-21.00,-13.50",1,10,-21.0,0.037037037037037035,0.0,5.962962962962963,33.144077425858214,47.3269717039042,14.182894278045978,1.0,rule_side
ext25bps_further5bps_entry21c,YES,50,27,0.037037037037037035,0.42,-19.14814814814815,-21.0,"-21.00,-21.00,-21.00,-12.67",1,10,-21.0,0.037037037037037035,0.0,5.962962962962963,33.144077425858214,47.3269717039042,14.182894278045978,1.0,rule_side
ext25bps_further5bps_entry21c,YES,55,27,0.037037037037037035,0.38181818181818183,-18.962962962962962,-21.0,"-21.00,-21.00,-21.00,-11.83",1,10,-21.0,0.037037037037037035,0.0,5.962962962962963,33.144077425858214,47.3269717039042,14.182894278045978,1.0,rule_side
ext25bps_further5bps_entry21c,YES,60,27,0.037037037037037035,0.35,-18.77777777777778,-21.0,"-21.00,-21.00,-21.00,-11.00",1,10,-21.0,0.037037037037037035,0.0,5.962962962962963,33.144077425858214,47.3269717039042,14.182894278045978,1.0,rule_side
ext25bps_further5bps_entry21c,YES,65,27,0.037037037037037035,0.3230769230769231,-18.59259259259259,-21.0,"-21.00,-21.00,-21.00,-10.17",1,10,-21.0,0.037037037037037035,0.0,5.962962962962963,33.144077425858214,47.3269717039042,14.182894278045978,1.0,rule_side
ext25bps_further5bps_entry21c,YES,70,27,0.037037037037037035,0.3,-18.40740740740741,-21.0,"-21.00,-21.00,-21.00,-9.33",1,10,-21.0,0.037037037037037035,0.0,5.962962962962963,33.144077425858214,47.3269717039042,14.182894278045978,1.0,rule_side
ext25bps_further5bps_entry21c,YES,75,27,0.037037037037037035,0.28,-18.22222222222222,-21.0,"-21.00,-21.00,-21.00,-8.50",1,10,-21.0,0.037037037037037035,0.0,5.962962962962963,33.144077425858214,47.3269717039042,14.182894278045978,1.0,rule_side
ext25bps_further5bps_entry21c,YES,80,27,0.037037037037037035,0.2625,-18.037037037037038,-21.0,"-21.00,-21.00,-21.00,-7.67",1,10,-21.0,0.037037037037037035,0.0,5.962962962962963,33.144077425858214,47.3269717039042,14.182894278045978,1.0,rule_side
ext25bps_further5bps_entry21c,YES,85,27,0.037037037037037035,0.24705882352941178,-17.85185185185185,-21.0,"-21.00,-21.00,-21.00,-6.83",1,10,-21.0,0.037037037037037035,0.0,5.962962962962963,33.144077425858214,47.3269717039042,14.182894278045978,1.0,rule_side
ext25bps_further5bps_entry21c,YES,99,27,0.037037037037037035,0.21212121212121213,-17.333333333333332,-21.0,"-21.00,-21.00,-21.00,-4.50",1,10,-21.0,0.037037037037037035,0.0,5.962962962962963,33.144077425858214,47.3269717039042,14.182894278045978,1.0,rule_side
ext25bps_further5bps_entry22c,NO,45,33,0.09090909090909091,0.4888888888888889,-17.90909090909091,-22.0,"-22.00,-16.38,-16.38,-16.38",1,8,-22.0,0.06060606060606061,0.06060606060606061,4.9393939393939394,33.484815816273084,49.01098624441162,15.526170428138537,0.0,rule_side
ext25bps_further5bps_entry22c,NO,50,33,0.09090909090909091,0.44,-17.454545454545453,-22.0,"-22.00,-15.75,-15.75,-15.75",1,8,-22.0,0.06060606060606061,0.06060606060606061,4.9393939393939394,33.484815816273084,49.01098624441162,15.526170428138537,0.0,rule_side
ext25bps_further5bps_entry22c,NO,55,33,0.09090909090909091,0.4,-17.0,-22.0,"-22.00,-15.12,-15.12,-15.12",1,8,-22.0,0.06060606060606061,0.06060606060606061,4.9393939393939394,33.484815816273084,49.01098624441162,15.526170428138537,0.0,rule_side
ext25bps_further5bps_entry22c,NO,60,33,0.09090909090909091,0.36666666666666664,-16.545454545454547,-22.0,"-22.00,-14.50,-14.50,-14.50",1,8,-22.0,0.06060606060606061,0.06060606060606061,4.9393939393939394,33.484815816273084,49.01098624441162,15.526170428138537,0.0,rule_side
ext25bps_further5bps_entry22c,NO,65,33,0.09090909090909091,0.3384615384615385,-16.09090909090909,-22.0,"-22.00,-13.88,-13.88,-13.88",1,8,-22.0,0.06060606060606061,0.06060606060606061,4.9393939393939394,33.484815816273084,49.01098624441162,15.526170428138537,0.0,rule_side
ext25bps_further5bps_entry22c,NO,70,33,0.09090909090909091,0.3142857142857143,-15.636363636363637,-22.0,"-22.00,-13.25,-13.25,-13.25",2,8,-22.0,0.06060606060606061,0.06060606060606061,4.9393939393939394,33.484815816273084,49.01098624441162,15.526170428138537,0.0,rule_side
ext25bps_further5bps_entry22c,NO,75,33,0.09090909090909091,0.29333333333333333,-15.181818181818182,-22.0,"-22.00,-12.62,-12.62,-12.62",2,8,-22.0,0.06060606060606061,0.06060606060606061,4.9393939393939394,33.484815816273084,49.01098624441162,15.526170428138537,0.0,rule_side
ext25bps_further5bps_entry22c,NO,80,33,0.06060606060606061,0.275,-17.151515151515152,-22.0,"-22.00,-12.00,-12.00,-22.00",1,8,-22.0,0.06060606060606061,0.06060606060606061,4.9393939393939394,33.484815816273084,49.01098624441162,15.526170428138537,0.0,rule_side
ext25bps_further5bps_entry22c,NO,85,33,0.06060606060606061,0.25882352941176473,-16.848484848484848,-22.0,"-22.00,-11.38,-11.38,-22.00",1,8,-22.0,0.06060606060606061,0.06060606060606061,4.9393939393939394,33.484815816273084,49.01098624441162,15.526170428138537,0.0,rule_side
ext25bps_further5bps_entry22c,NO,99,33,0.06060606060606061,0.2222222222222222,-16.0,-22.0,"-22.00,-9.62,-9.62,-22.00",1,8,-22.0,0.06060606060606061,0.06060606060606061,4.9393939393939394,33.484815816273084,49.01098624441162,15.526170428138537,0.0,rule_side
ext25bps_further5bps_entry22c,YES,45,30,0.03333333333333333,0.4888888888888889,-20.5,-22.0,"-22.00,-22.00,-22.00,-15.57",1,10,-22.0,0.03333333333333333,0.0,5.633333333333334,33.05071803470569,46.82211015668326,13.771392121977579,1.0,rule_side
ext25bps_further5bps_entry22c,YES,50,30,0.03333333333333333,0.44,-20.333333333333332,-22.0,"-22.00,-22.00,-22.00,-14.86",1,10,-22.0,0.03333333333333333,0.0,5.633333333333334,33.05071803470569,46.82211015668326,13.771392121977579,1.0,rule_side
ext25bps_further5bps_entry22c,YES,55,30,0.03333333333333333,0.4,-20.166666666666668,-22.0,"-22.00,-22.00,-22.00,-14.14",1,10,-22.0,0.03333333333333333,0.0,5.633333333333334,33.05071803470569,46.82211015668326,13.771392121977579,1.0,rule_side
ext25bps_further5bps_entry22c,YES,60,30,0.03333333333333333,0.36666666666666664,-20.0,-22.0,"-22.00,-22.00,-22.00,-13.43",1,10,-22.0,0.03333333333333333,0.0,5.633333333333334,33.05071803470569,46.82211015668326,13.771392121977579,1.0,rule_side
ext25bps_further5bps_entry22c,YES,65,30,0.03333333333333333,0.3384615384615385,-19.833333333333332,-22.0,"-22.00,-22.00,-22.00,-12.71",1,10,-22.0,0.03333333333333333,0.0,5.633333333333334,33.05071803470569,46.82211015668326,13.771392121977579,1.0,rule_side
ext25bps_further5bps_entry22c,YES,70,30,0.03333333333333333,0.3142857142857143,-19.666666666666668,-22.0,"-22.00,-22.00,-22.00,-12.00",1,10,-22.0,0.03333333333333333,0.0,5.633333333333334,33.05071803470569,46.82211015668326,13.771392121977579,1.0,rule_side
ext25bps_further5bps_entry22c,YES,75,30,0.03333333333333333,0.29333333333333333,-19.5,-22.0,"-22.00,-22.00,-22.00,-11.29",1,10,-22.0,0.03333333333333333,0.0,5.633333333333334,33.05071803470569,46.82211015668326,13.771392121977579,1.0,rule_side
ext25bps_further5bps_entry22c,YES,80,30,0.03333333333333333,0.275,-19.333333333333332,-22.0,"-22.00,-22.00,-22.00,-10.57",1,10,-22.0,0.03333333333333333,0.0,5.633333333333334,33.05071803470569,46.82211015668326,13.771392121977579,1.0,rule_side
ext25bps_further5bps_entry22c,YES,85,30,0.03333333333333333,0.25882352941176473,-19.166666666666668,-22.0,"-22.00,-22.00,-22.00,-9.86",1,10,-22.0,0.03333333333333333,0.0,5.633333333333334,33.05071803470569,46.82211015668326,13.771392121977579,1.0,rule_side
ext25bps_further5bps_entry22c,YES,99,30,0.03333333333333333,0.2222222222222222,-18.7,-22.0,"-22.00,-22.00,-22.00,-7.86",1,10,-22.0,0.03333333333333333,0.0,5.633333333333334,33.05071803470569,46.82211015668326,13.771392121977579,1.0,rule_side
ext25bps_further5bps_entry23c,NO,45,34,0.11764705882352941,0.5111111111111111,-17.705882352941178,-23.0,"-18.00,-23.00,-13.00,-17.38",0,8,-23.0,0.08823529411764706,0.08823529411764706,4.882352941176471,33.310114103541096,49.031650283400694,15.721536179859603,0.0,rule_side
ext25bps_further5bps_entry23c,NO,50,34,0.11764705882352941,0.46,-17.11764705882353,-23.0,"-17.44,-23.00,-11.89,-16.75",1,8,-23.0,0.08823529411764706,0.08823529411764706,4.882352941176471,33.310114103541096,49.031650283400694,15.721536179859603,0.0,rule_side
ext25bps_further5bps_entry23c,NO,55,34,0.11764705882352941,0.41818181818181815,-16.529411764705884,-23.0,"-16.89,-23.00,-10.78,-16.12",1,8,-23.0,0.08823529411764706,0.08823529411764706,4.882352941176471,33.310114103541096,49.031650283400694,15.721536179859603,0.0,rule_side
ext25bps_further5bps_entry23c,NO,60,34,0.11764705882352941,0.38333333333333336,-15.941176470588236,-23.0,"-16.33,-23.00,-9.67,-15.50",1,8,-23.0,0.08823529411764706,0.08823529411764706,4.882352941176471,33.310114103541096,49.031650283400694,15.721536179859603,0.0,rule_side
ext25bps_further5bps_entry23c,NO,65,34,0.11764705882352941,0.35384615384615387,-15.352941176470589,-23.0,"-15.78,-23.00,-8.56,-14.88",1,8,-23.0,0.08823529411764706,0.08823529411764706,4.882352941176471,33.310114103541096,49.031650283400694,15.721536179859603,0.0,rule_side
ext25bps_further5bps_entry23c,NO,70,34,0.11764705882352941,0.32857142857142857,-14.764705882352942,-23.0,"-15.22,-23.00,-7.44,-14.25",2,8,-23.0,0.08823529411764706,0.08823529411764706,4.882352941176471,33.310114103541096,49.031650283400694,15.721536179859603,0.0,rule_side
ext25bps_further5bps_entry23c,NO,75,34,0.11764705882352941,0.30666666666666664,-14.176470588235293,-23.0,"-14.67,-23.00,-6.33,-13.62",2,8,-23.0,0.08823529411764706,0.08823529411764706,4.882352941176471,33.310114103541096,49.031650283400694,15.721536179859603,0.0,rule_side
ext25bps_further5bps_entry23c,NO,80,34,0.08823529411764706,0.2875,-15.941176470588236,-23.0,"-14.11,-23.00,-5.22,-23.00",1,8,-23.0,0.08823529411764706,0.08823529411764706,4.882352941176471,33.310114103541096,49.031650283400694,15.721536179859603,0.0,rule_side
ext25bps_further5bps_entry23c,NO,85,34,0.08823529411764706,0.27058823529411763,-15.5,-23.0,"-13.56,-23.00,-4.11,-23.00",1,8,-23.0,0.08823529411764706,0.08823529411764706,4.882352941176471,33.310114103541096,49.031650283400694,15.721536179859603,0.0,rule_side
ext25bps_further5bps_entry23c,NO,99,34,0.08823529411764706,0.23232323232323232,-14.264705882352942,-23.0,"-12.00,-23.00,-1.00,-23.00",1,8,-23.0,0.08823529411764706,0.08823529411764706,4.882352941176471,33.310114103541096,49.031650283400694,15.721536179859603,0.0,rule_side
ext25bps_further5bps_entry23c,YES,45,31,0.03225806451612903,0.5111111111111111,-21.548387096774192,-23.0,"-23.00,-23.00,-23.00,-16.57",1,10,-23.0,0.03225806451612903,0.0,5.612903225806452,32.84887230937752,46.52951778871664,13.680645479339127,1.0,rule_side
ext25bps_further5bps_entry23c,YES,50,31,0.03225806451612903,0.46,-21.387096774193548,-23.0,"-23.00,-23.00,-23.00,-15.86",1,10,-23.0,0.03225806451612903,0.0,5.612903225806452,32.84887230937752,46.52951778871664,13.680645479339127,1.0,rule_side
ext25bps_further5bps_entry23c,YES,55,31,0.03225806451612903,0.41818181818181815,-21.225806451612904,-23.0,"-23.00,-23.00,-23.00,-15.14",1,10,-23.0,0.03225806451612903,0.0,5.612903225806452,32.84887230937752,46.52951778871664,13.680645479339127,1.0,rule_side
ext25bps_further5bps_entry23c,YES,60,31,0.03225806451612903,0.38333333333333336,-21.06451612903226,-23.0,"-23.00,-23.00,-23.00,-14.43",1,10,-23.0,0.03225806451612903,0.0,5.612903225806452,32.84887230937752,46.52951778871664,13.680645479339127,1.0,rule_side
ext25bps_further5bps_entry23c,YES,65,31,0.03225806451612903,0.35384615384615387,-20.903225806451612,-23.0,"-23.00,-23.00,-23.00,-13.71",1,10,-23.0,0.03225806451612903,0.0,5.612903225806452,32.84887230937752,46.52951778871664,13.680645479339127,1.0,rule_side
ext25bps_further5bps_entry23c,YES,70,31,0.03225806451612903,0.32857142857142857,-20.741935483870968,-23.0,"-23.00,-23.00,-23.00,-13.00",1,10,-23.0,0.03225806451612903,0.0,5.612903225806452,32.84887230937752,46.52951778871664,13.680645479339127,1.0,rule_side
ext25bps_further5bps_entry23c,YES,75,31,0.03225806451612903,0.30666666666666664,-20.580645161290324,-23.0,"-23.00,-23.00,-23.00,-12.29",1,10,-23.0,0.03225806451612903,0.0,5.612903225806452,32.84887230937752,46.52951778871664,13.680645479339127,1.0,rule_side
ext25bps_further5bps_entry23c,YES,80,31,0.03225806451612903,0.2875,-20.419354838709676,-23.0,"-23.00,-23.00,-23.00,-11.57",1,10,-23.0,0.03225806451612903,0.0,5.612903225806452,32.84887230937752,46.52951778871664,13.680645479339127,1.0,rule_side
ext25bps_further5bps_entry23c,YES,85,31,0.03225806451612903,0.27058823529411763,-20.258064516129032,-23.0,"-23.00,-23.00,-23.00,-10.86",1,10,-23.0,0.03225806451612903,0.0,5.612903225806452,32.84887230937752,46.52951778871664,13.680645479339127,1.0,rule_side
ext25bps_further5bps_entry23c,YES,99,31,0.03225806451612903,0.23232323232323232,-19.806451612903224,-23.0,"-23.00,-23.00,-23.00,-8.86",1,10,-23.0,0.03225806451612903,0.0,5.612903225806452,32.84887230937752,46.52951778871664,13.680645479339127,1.0,rule_side
ext25bps_further5bps_entry24c,NO,45,35,0.14285714285714285,0.5333333333333333,-17.571428571428573,-19.0,"-19.00,-19.00,-14.00,-18.38",0,8,-24.0,0.08571428571428572,0.11428571428571428,4.8,33.185873261869595,48.98330591837159,15.797432656502005,0.0,rule_side
ext25bps_further5bps_entry24c,NO,50,35,0.14285714285714285,0.48,-16.857142857142858,-18.444444444444443,"-18.44,-18.44,-12.89,-17.75",1,8,-24.0,0.08571428571428572,0.11428571428571428,4.8,33.185873261869595,48.98330591837159,15.797432656502005,0.0,rule_side
ext25bps_further5bps_entry24c,NO,55,35,0.14285714285714285,0.43636363636363634,-16.142857142857142,-17.88888888888889,"-17.89,-17.89,-11.78,-17.12",1,8,-24.0,0.08571428571428572,0.11428571428571428,4.8,33.185873261869595,48.98330591837159,15.797432656502005,0.0,rule_side
ext25bps_further5bps_entry24c,NO,60,35,0.11428571428571428,0.4,-17.142857142857142,-24.0,"-24.00,-17.33,-10.67,-16.50",1,8,-24.0,0.08571428571428572,0.11428571428571428,4.8,33.185873261869595,48.98330591837159,15.797432656502005,0.0,rule_side
ext25bps_further5bps_entry24c,NO,65,35,0.11428571428571428,0.36923076923076925,-16.571428571428573,-24.0,"-24.00,-16.78,-9.56,-15.88",1,8,-24.0,0.08571428571428572,0.11428571428571428,4.8,33.185873261869595,48.98330591837159,15.797432656502005,0.0,rule_side
ext25bps_further5bps_entry24c,NO,70,35,0.11428571428571428,0.34285714285714286,-16.0,-24.0,"-24.00,-16.22,-8.44,-15.25",1,8,-24.0,0.08571428571428572,0.11428571428571428,4.8,33.185873261869595,48.98330591837159,15.797432656502005,0.0,rule_side
ext25bps_further5bps_entry24c,NO,75,35,0.11428571428571428,0.32,-15.428571428571429,-24.0,"-24.00,-15.67,-7.33,-14.62",2,8,-24.0,0.08571428571428572,0.11428571428571428,4.8,33.185873261869595,48.98330591837159,15.797432656502005,0.0,rule_side
ext25bps_further5bps_entry24c,NO,80,35,0.08571428571428572,0.3,-17.142857142857142,-24.0,"-24.00,-15.11,-6.22,-24.00",1,8,-24.0,0.08571428571428572,0.11428571428571428,4.8,33.185873261869595,48.98330591837159,15.797432656502005,0.0,rule_side
ext25bps_further5bps_entry24c,NO,85,35,0.08571428571428572,0.2823529411764706,-16.714285714285715,-24.0,"-24.00,-14.56,-5.11,-24.00",1,8,-24.0,0.08571428571428572,0.11428571428571428,4.8,33.185873261869595,48.98330591837159,15.797432656502005,0.0,rule_side
ext25bps_further5bps_entry24c,NO,99,35,0.08571428571428572,0.24242424242424243,-15.514285714285714,-24.0,"-24.00,-13.00,-2.00,-24.00",1,8,-24.0,0.08571428571428572,0.11428571428571428,4.8,33.185873261869595,48.98330591837159,15.797432656502005,0.0,rule_side
ext25bps_further5bps_entry24c,YES,45,33,0.030303030303030304,0.5333333333333333,-22.636363636363637,-24.0,"-24.00,-24.00,-24.00,-18.38",1,10,-24.0,0.030303030303030304,0.0,5.424242424242424,32.902335709421536,46.24900029379456,13.346664584373023,1.0,rule_side
ext25bps_further5bps_entry24c,YES,50,33,0.030303030303030304,0.48,-22.484848484848484,-24.0,"-24.00,-24.00,-24.00,-17.75",1,10,-24.0,0.030303030303030304,0.0,5.424242424242424,32.902335709421536,46.24900029379456,13.346664584373023,1.0,rule_side
ext25bps_further5bps_entry24c,YES,55,33,0.030303030303030304,0.43636363636363634,-22.333333333333332,-24.0,"-24.00,-24.00,-24.00,-17.12",1,10,-24.0,0.030303030303030304,0.0,5.424242424242424,32.902335709421536,46.24900029379456,13.346664584373023,1.0,rule_side
ext25bps_further5bps_entry24c,YES,60,33,0.030303030303030304,0.4,-22.181818181818183,-24.0,"-24.00,-24.00,-24.00,-16.50",1,10,-24.0,0.030303030303030304,0.0,5.424242424242424,32.902335709421536,46.24900029379456,13.346664584373023,1.0,rule_side
ext25bps_further5bps_entry24c,YES,65,33,0.030303030303030304,0.36923076923076925,-22.03030303030303,-24.0,"-24.00,-24.00,-24.00,-15.88",1,10,-24.0,0.030303030303030304,0.0,5.424242424242424,32.902335709421536,46.24900029379456,13.346664584373023,1.0,rule_side
ext25bps_further5bps_entry24c,YES,70,33,0.030303030303030304,0.34285714285714286,-21.87878787878788,-24.0,"-24.00,-24.00,-24.00,-15.25",1,10,-24.0,0.030303030303030304,0.0,5.424242424242424,32.902335709421536,46.24900029379456,13.346664584373023,1.0,rule_side
ext25bps_further5bps_entry24c,YES,75,33,0.030303030303030304,0.32,-21.727272727272727,-24.0,"-24.00,-24.00,-24.00,-14.62",1,10,-24.0,0.030303030303030304,0.0,5.424242424242424,32.902335709421536,46.24900029379456,13.346664584373023,1.0,rule_side
ext25bps_further5bps_entry24c,YES,80,33,0.030303030303030304,0.3,-21.575757575757574,-24.0,"-24.00,-24.00,-24.00,-14.00",1,10,-24.0,0.030303030303030304,0.0,5.424242424242424,32.902335709421536,46.24900029379456,13.346664584373023,1.0,rule_side
ext25bps_further5bps_entry24c,YES,85,33,0.030303030303030304,0.2823529411764706,-21.424242424242426,-24.0,"-24.00,-24.00,-24.00,-13.38",1,10,-24.0,0.030303030303030304,0.0,5.424242424242424,32.902335709421536,46.24900029379456,13.346664584373023,1.0,rule_side
ext25bps_further5bps_entry24c,YES,99,33,0.030303030303030304,0.24242424242424243,-21.0,-24.0,"-24.00,-24.00,-24.00,-11.62",1,10,-24.0,0.030303030303030304,0.0,5.424242424242424,32.902335709421536,46.24900029379456,13.346664584373023,1.0,rule_side
ext25bps_further5bps_entry25c,NO,45,35,0.14285714285714285,0.5555555555555556,-18.571428571428573,-20.0,"-20.00,-20.00,-15.00,-19.38",0,8,-25.0,0.08571428571428572,0.11428571428571428,4.8,33.185873261869595,48.98330591837159,15.797432656502005,0.0,rule_side
ext25bps_further5bps_entry25c,NO,50,35,0.14285714285714285,0.5,-17.857142857142858,-19.444444444444443,"-19.44,-19.44,-13.89,-18.75",0,8,-25.0,0.08571428571428572,0.11428571428571428,4.8,33.185873261869595,48.98330591837159,15.797432656502005,0.0,rule_side
ext25bps_further5bps_entry25c,NO,55,35,0.14285714285714285,0.45454545454545453,-17.142857142857142,-18.88888888888889,"-18.89,-18.89,-12.78,-18.12",1,8,-25.0,0.08571428571428572,0.11428571428571428,4.8,33.185873261869595,48.98330591837159,15.797432656502005,0.0,rule_side
ext25bps_further5bps_entry25c,NO,60,35,0.11428571428571428,0.4166666666666667,-18.142857142857142,-25.0,"-25.00,-18.33,-11.67,-17.50",1,8,-25.0,0.08571428571428572,0.11428571428571428,4.8,33.185873261869595,48.98330591837159,15.797432656502005,0.0,rule_side
ext25bps_further5bps_entry25c,NO,65,35,0.11428571428571428,0.38461538461538464,-17.571428571428573,-25.0,"-25.00,-17.78,-10.56,-16.88",1,8,-25.0,0.08571428571428572,0.11428571428571428,4.8,33.185873261869595,48.98330591837159,15.797432656502005,0.0,rule_side
ext25bps_further5bps_entry25c,NO,70,35,0.11428571428571428,0.35714285714285715,-17.0,-25.0,"-25.00,-17.22,-9.44,-16.25",1,8,-25.0,0.08571428571428572,0.11428571428571428,4.8,33.185873261869595,48.98330591837159,15.797432656502005,0.0,rule_side
ext25bps_further5bps_entry25c,NO,75,35,0.11428571428571428,0.3333333333333333,-16.428571428571427,-25.0,"-25.00,-16.67,-8.33,-15.62",1,8,-25.0,0.08571428571428572,0.11428571428571428,4.8,33.185873261869595,48.98330591837159,15.797432656502005,0.0,rule_side
ext25bps_further5bps_entry25c,NO,80,35,0.08571428571428572,0.3125,-18.142857142857142,-25.0,"-25.00,-16.11,-7.22,-25.00",1,8,-25.0,0.08571428571428572,0.11428571428571428,4.8,33.185873261869595,48.98330591837159,15.797432656502005,0.0,rule_side
ext25bps_further5bps_entry25c,NO,85,35,0.08571428571428572,0.29411764705882354,-17.714285714285715,-25.0,"-25.00,-15.56,-6.11,-25.00",1,8,-25.0,0.08571428571428572,0.11428571428571428,4.8,33.185873261869595,48.98330591837159,15.797432656502005,0.0,rule_side
ext25bps_further5bps_entry25c,NO,99,35,0.08571428571428572,0.25252525252525254,-16.514285714285716,-25.0,"-25.00,-14.00,-3.00,-25.00",1,8,-25.0,0.08571428571428572,0.11428571428571428,4.8,33.185873261869595,48.98330591837159,15.797432656502005,0.0,rule_side
ext25bps_further5bps_entry25c,YES,45,33,0.030303030303030304,0.5555555555555556,-23.636363636363637,-25.0,"-25.00,-25.00,-25.00,-19.38",1,10,-25.0,0.030303030303030304,0.0,5.424242424242424,32.902335709421536,46.24900029379456,13.346664584373023,1.0,rule_side
ext25bps_further5bps_entry25c,YES,50,33,0.030303030303030304,0.5,-23.484848484848484,-25.0,"-25.00,-25.00,-25.00,-18.75",1,10,-25.0,0.030303030303030304,0.0,5.424242424242424,32.902335709421536,46.24900029379456,13.346664584373023,1.0,rule_side
ext25bps_further5bps_entry25c,YES,55,33,0.030303030303030304,0.45454545454545453,-23.333333333333332,-25.0,"-25.00,-25.00,-25.00,-18.12",1,10,-25.0,0.030303030303030304,0.0,5.424242424242424,32.902335709421536,46.24900029379456,13.346664584373023,1.0,rule_side
ext25bps_further5bps_entry25c,YES,60,33,0.030303030303030304,0.4166666666666667,-23.181818181818183,-25.0,"-25.00,-25.00,-25.00,-17.50",1,10,-25.0,0.030303030303030304,0.0,5.424242424242424,32.902335709421536,46.24900029379456,13.346664584373023,1.0,rule_side
ext25bps_further5bps_entry25c,YES,65,33,0.030303030303030304,0.38461538461538464,-23.03030303030303,-25.0,"-25.00,-25.00,-25.00,-16.88",1,10,-25.0,0.030303030303030304,0.0,5.424242424242424,32.902335709421536,46.24900029379456,13.346664584373023,1.0,rule_side
ext25bps_further5bps_entry25c,YES,70,33,0.030303030303030304,0.35714285714285715,-22.87878787878788,-25.0,"-25.00,-25.00,-25.00,-16.25",1,10,-25.0,0.030303030303030304,0.0,5.424242424242424,32.902335709421536,46.24900029379456,13.346664584373023,1.0,rule_side
ext25bps_further5bps_entry25c,YES,75,33,0.030303030303030304,0.3333333333333333,-22.727272727272727,-25.0,"-25.00,-25.00,-25.00,-15.62",1,10,-25.0,0.030303030303030304,0.0,5.424242424242424,32.902335709421536,46.24900029379456,13.346664584373023,1.0,rule_side
ext25bps_further5bps_entry25c,YES,80,33,0.030303030303030304,0.3125,-22.575757575757574,-25.0,"-25.00,-25.00,-25.00,-15.00",1,10,-25.0,0.030303030303030304,0.0,5.424242424242424,32.902335709421536,46.24900029379456,13.346664584373023,1.0,rule_side
ext25bps_further5bps_entry25c,YES,85,33,0.030303030303030304,0.29411764705882354,-22.424242424242426,-25.0,"-25.00,-25.00,-25.00,-14.38",1,10,-25.0,0.030303030303030304,0.0,5.424242424242424,32.902335709421536,46.24900029379456,13.346664584373023,1.0,rule_side
ext25bps_further5bps_entry25c,YES,99,33,0.030303030303030304,0.25252525252525254,-22.0,-25.0,"-25.00,-25.00,-25.00,-12.62",1,10,-25.0,0.030303030303030304,0.0,5.424242424242424,32.902335709421536,46.24900029379456,13.346664584373023,1.0,rule_side
ext30bps_further0bps_entry20c,NO,45,129,0.046511627906976744,0.4444444444444444,-17.906976744186046,-20.0,"-20.00,-15.78,-17.19,-18.59",0,10,-20.0,0.031007751937984496,0.031007751937984496,5.906976744186046,38.577792863654956,39.73711650910784,1.1593236454528852,0.0,rule_side
ext30bps_further0bps_entry20c,NO,50,129,0.03875968992248062,0.4,-18.06201550387597,-20.0,"-20.00,-16.88,-16.88,-18.44",0,10,-20.0,0.031007751937984496,0.031007751937984496,5.906976744186046,38.577792863654956,39.73711650910784,1.1593236454528852,0.0,rule_side
ext30bps_further0bps_entry20c,NO,55,129,0.03875968992248062,0.36363636363636365,-17.868217054263567,-20.0,"-20.00,-16.56,-16.56,-18.28",0,10,-20.0,0.031007751937984496,0.031007751937984496,5.906976744186046,38.577792863654956,39.73711650910784,1.1593236454528852,0.0,rule_side
ext30bps_further0bps_entry20c,NO,60,129,0.03875968992248062,0.3333333333333333,-17.674418604651162,-20.0,"-20.00,-16.25,-16.25,-18.12",0,10,-20.0,0.031007751937984496,0.031007751937984496,5.906976744186046,38.577792863654956,39.73711650910784,1.1593236454528852,0.0,rule_side
ext30bps_further0bps_entry20c,NO,65,129,0.03875968992248062,0.3076923076923077,-17.48062015503876,-20.0,"-20.00,-15.94,-15.94,-17.97",0,10,-20.0,0.031007751937984496,0.031007751937984496,5.906976744186046,38.577792863654956,39.73711650910784,1.1593236454528852,0.0,rule_side
ext30bps_further0bps_entry20c,NO,70,129,0.03875968992248062,0.2857142857142857,-17.286821705426355,-20.0,"-20.00,-15.62,-15.62,-17.81",0,10,-20.0,0.031007751937984496,0.031007751937984496,5.906976744186046,38.577792863654956,39.73711650910784,1.1593236454528852,0.0,rule_side
ext30bps_further0bps_entry20c,NO,75,129,0.03875968992248062,0.26666666666666666,-17.093023255813954,-20.0,"-20.00,-15.31,-15.31,-17.66",0,10,-20.0,0.031007751937984496,0.031007751937984496,5.906976744186046,38.577792863654956,39.73711650910784,1.1593236454528852,0.0,rule_side
ext30bps_further0bps_entry20c,NO,80,129,0.031007751937984496,0.25,-17.51937984496124,-20.0,"-20.00,-15.00,-15.00,-20.00",0,10,-20.0,0.031007751937984496,0.031007751937984496,5.906976744186046,38.577792863654956,39.73711650910784,1.1593236454528852,0.0,rule_side
ext30bps_further0bps_entry20c,NO,85,129,0.031007751937984496,0.23529411764705882,-17.364341085271317,-20.0,"-20.00,-14.69,-14.69,-20.00",0,10,-20.0,0.031007751937984496,0.031007751937984496,5.906976744186046,38.577792863654956,39.73711650910784,1.1593236454528852,0.0,rule_side
ext30bps_further0bps_entry20c,NO,99,129,0.031007751937984496,0.20202020202020202,-16.930232558139537,-20.0,"-20.00,-13.81,-13.81,-20.00",0,10,-20.0,0.031007751937984496,0.031007751937984496,5.906976744186046,38.577792863654956,39.73711650910784,1.1593236454528852,0.0,rule_side
ext30bps_further0bps_entry20c,YES,45,107,0.102803738317757,0.4444444444444444,-15.373831775700934,-16.666666666666668,"-15.00,-13.33,-16.67,-16.54",0,10,-20.0,0.06542056074766354,0.037383177570093455,5.626168224299065,37.61475478686008,38.89108217940437,1.2763273925442933,1.0,rule_side
ext30bps_further0bps_entry20c,YES,50,107,0.102803738317757,0.4,-14.85981308411215,-16.296296296296298,"-14.44,-12.59,-16.30,-16.15",0,10,-20.0,0.06542056074766354,0.037383177570093455,5.626168224299065,37.61475478686008,38.89108217940437,1.2763273925442933,1.0,rule_side
ext30bps_further0bps_entry20c,YES,55,107,0.09345794392523364,0.36363636363636365,-14.85981308411215,-15.925925925925926,"-13.89,-13.89,-15.93,-15.77",0,10,-20.0,0.06542056074766354,0.037383177570093455,5.626168224299065,37.61475478686008,38.89108217940437,1.2763273925442933,1.0,rule_side
ext30bps_further0bps_entry20c,YES,60,107,0.08411214953271028,0.3333333333333333,-14.953271028037383,-15.555555555555555,"-15.56,-13.33,-15.56,-15.38",0,10,-20.0,0.06542056074766354,0.037383177570093455,5.626168224299065,37.61475478686008,38.89108217940437,1.2763273925442933,1.0,rule_side
ext30bps_further0bps_entry20c,YES,65,107,0.08411214953271028,0.3076923076923077,-14.532710280373832,-15.185185185185185,"-15.19,-12.78,-15.19,-15.00",1,10,-20.0,0.06542056074766354,0.037383177570093455,5.626168224299065,37.61475478686008,38.89108217940437,1.2763273925442933,1.0,rule_side
ext30bps_further0bps_entry20c,YES,70,107,0.08411214953271028,0.2857142857142857,-14.11214953271028,-14.814814814814815,"-14.81,-12.22,-14.81,-14.62",1,10,-20.0,0.06542056074766354,0.037383177570093455,5.626168224299065,37.61475478686008,38.89108217940437,1.2763273925442933,1.0,rule_side
ext30bps_further0bps_entry20c,YES,75,107,0.07476635514018691,0.26666666666666666,-14.392523364485982,-14.444444444444445,"-14.44,-14.44,-14.44,-14.23",1,10,-20.0,0.06542056074766354,0.037383177570093455,5.626168224299065,37.61475478686008,38.89108217940437,1.2763273925442933,1.0,rule_side
ext30bps_further0bps_entry20c,YES,80,107,0.07476635514018691,0.25,-14.018691588785046,-14.074074074074074,"-14.07,-14.07,-14.07,-13.85",1,10,-20.0,0.06542056074766354,0.037383177570093455,5.626168224299065,37.61475478686008,38.89108217940437,1.2763273925442933,1.0,rule_side
ext30bps_further0bps_entry20c,YES,85,107,0.07476635514018691,0.23529411764705882,-13.644859813084112,-13.703703703703704,"-13.70,-13.70,-13.70,-13.46",1,10,-20.0,0.06542056074766354,0.037383177570093455,5.626168224299065,37.61475478686008,38.89108217940437,1.2763273925442933,1.0,rule_side
ext30bps_further0bps_entry20c,YES,99,107,0.06542056074766354,0.20202020202020202,-13.523364485981308,-16.333333333333332,"-16.33,-12.67,-12.67,-12.38",1,10,-20.0,0.06542056074766354,0.037383177570093455,5.626168224299065,37.61475478686008,38.89108217940437,1.2763273925442933,1.0,rule_side
ext30bps_further0bps_entry21c,NO,45,132,0.06060606060606061,0.4666666666666667,-18.272727272727273,-19.636363636363637,"-19.64,-16.91,-18.27,-18.27",0,10,-21.0,0.03787878787878788,0.030303030303030304,5.8106060606060606,38.4692256943449,39.598984681545154,1.1297589872002536,0.0,rule_side
ext30bps_further0bps_entry21c,NO,50,132,0.05303030303030303,0.42,-18.348484848484848,-19.484848484848484,"-19.48,-17.97,-17.97,-17.97",0,10,-21.0,0.03787878787878788,0.030303030303030304,5.8106060606060606,38.4692256943449,39.598984681545154,1.1297589872002536,0.0,rule_side
ext30bps_further0bps_entry21c,NO,55,132,0.05303030303030303,0.38181818181818183,-18.083333333333332,-19.333333333333332,"-19.33,-17.67,-17.67,-17.67",0,10,-21.0,0.03787878787878788,0.030303030303030304,5.8106060606060606,38.4692256943449,39.598984681545154,1.1297589872002536,0.0,rule_side
ext30bps_further0bps_entry21c,NO,60,132,0.05303030303030303,0.35,-17.818181818181817,-19.181818181818183,"-19.18,-17.36,-17.36,-17.36",0,10,-21.0,0.03787878787878788,0.030303030303030304,5.8106060606060606,38.4692256943449,39.598984681545154,1.1297589872002536,0.0,rule_side
ext30bps_further0bps_entry21c,NO,65,132,0.05303030303030303,0.3230769230769231,-17.553030303030305,-19.03030303030303,"-19.03,-17.06,-17.06,-17.06",0,10,-21.0,0.03787878787878788,0.030303030303030304,5.8106060606060606,38.4692256943449,39.598984681545154,1.1297589872002536,0.0,rule_side
ext30bps_further0bps_entry21c,NO,70,132,0.045454545454545456,0.3,-17.818181818181817,-21.0,"-21.00,-16.76,-16.76,-16.76",0,10,-21.0,0.03787878787878788,0.030303030303030304,5.8106060606060606,38.4692256943449,39.598984681545154,1.1297589872002536,0.0,rule_side
ext30bps_further0bps_entry21c,NO,75,132,0.045454545454545456,0.28,-17.59090909090909,-21.0,"-21.00,-16.45,-16.45,-16.45",0,10,-21.0,0.03787878787878788,0.030303030303030304,5.8106060606060606,38.4692256943449,39.598984681545154,1.1297589872002536,0.0,rule_side
ext30bps_further0bps_entry21c,NO,80,132,0.03787878787878788,0.2625,-17.96969696969697,-21.0,"-21.00,-16.15,-16.15,-18.58",0,10,-21.0,0.03787878787878788,0.030303030303030304,5.8106060606060606,38.4692256943449,39.598984681545154,1.1297589872002536,0.0,rule_side
ext30bps_further0bps_entry21c,NO,85,132,0.03787878787878788,0.24705882352941178,-17.78030303030303,-21.0,"-21.00,-15.85,-15.85,-18.42",0,10,-21.0,0.03787878787878788,0.030303030303030304,5.8106060606060606,38.4692256943449,39.598984681545154,1.1297589872002536,0.0,rule_side
ext30bps_further0bps_entry21c,NO,99,132,0.03787878787878788,0.21212121212121213,-17.25,-21.0,"-21.00,-15.00,-15.00,-18.00",0,10,-21.0,0.03787878787878788,0.030303030303030304,5.8106060606060606,38.4692256943449,39.598984681545154,1.1297589872002536,0.0,rule_side
ext30bps_further0bps_entry21c,YES,45,109,0.11926605504587157,0.4666666666666667,-15.63302752293578,-17.666666666666668,"-14.57,-14.33,-17.67,-16.00",0,10,-21.0,0.07339449541284404,0.03669724770642202,5.577981651376147,37.72195764573026,38.811657649775555,1.0897000040453013,1.0,rule_side
ext30bps_further0bps_entry21c,YES,50,109,0.11926605504587157,0.42,-15.036697247706423,-17.296296296296298,"-13.86,-13.59,-17.30,-15.44",0,10,-21.0,0.07339449541284404,0.03669724770642202,5.577981651376147,37.72195764573026,38.811657649775555,1.0897000040453013,1.0,rule_side
ext30bps_further0bps_entry21c,YES,55,109,0.11009174311926606,0.38181818181818183,-14.944954128440367,-16.925925925925927,"-13.14,-14.89,-16.93,-14.89",0,10,-21.0,0.07339449541284404,0.03669724770642202,5.577981651376147,37.72195764573026,38.811657649775555,1.0897000040453013,1.0,rule_side
ext30bps_further0bps_entry21c,YES,60,109,0.09174311926605505,0.35,-15.495412844036696,-16.714285714285715,"-16.71,-14.33,-16.56,-14.33",0,10,-21.0,0.07339449541284404,0.03669724770642202,5.577981651376147,37.72195764573026,38.811657649775555,1.0897000040453013,1.0,rule_side
ext30bps_further0bps_entry21c,YES,65,109,0.09174311926605505,0.3230769230769231,-15.036697247706423,-16.357142857142858,"-16.36,-13.78,-16.19,-13.78",1,10,-21.0,0.07339449541284404,0.03669724770642202,5.577981651376147,37.72195764573026,38.811657649775555,1.0897000040453013,1.0,rule_side
ext30bps_further0bps_entry21c,YES,70,109,0.09174311926605505,0.3,-14.577981651376147,-16.0,"-16.00,-13.22,-15.81,-13.22",1,10,-21.0,0.07339449541284404,0.03669724770642202,5.577981651376147,37.72195764573026,38.811657649775555,1.0897000040453013,1.0,rule_side
ext30bps_further0bps_entry21c,YES,75,109,0.08256880733944955,0.28,-14.807339449541285,-15.642857142857142,"-15.64,-15.44,-15.44,-12.67",1,10,-21.0,0.07339449541284404,0.03669724770642202,5.577981651376147,37.72195764573026,38.811657649775555,1.0897000040453013,1.0,rule_side
ext30bps_further0bps_entry21c,YES,80,109,0.08256880733944955,0.2625,-14.394495412844037,-15.285714285714286,"-15.29,-15.07,-15.07,-12.11",1,10,-21.0,0.07339449541284404,0.03669724770642202,5.577981651376147,37.72195764573026,38.811657649775555,1.0897000040453013,1.0,rule_side
ext30bps_further0bps_entry21c,YES,85,109,0.08256880733944955,0.24705882352941178,-13.98165137614679,-14.928571428571429,"-14.93,-14.70,-14.70,-11.56",1,10,-21.0,0.07339449541284404,0.03669724770642202,5.577981651376147,37.72195764573026,38.811657649775555,1.0897000040453013,1.0,rule_side
ext30bps_further0bps_entry21c,YES,99,109,0.07339449541284404,0.21212121212121213,-13.73394495412844,-17.464285714285715,"-17.46,-13.67,-13.67,-10.00",1,10,-21.0,0.07339449541284404,0.03669724770642202,5.577981651376147,37.72195764573026,38.811657649775555,1.0897000040453013,1.0,rule_side
ext30bps_further0bps_entry22c,NO,45,138,0.07246376811594203,0.4888888888888889,-18.73913043478261,-19.428571428571427,"-18.14,-18.03,-19.43,-19.35",0,10,-22.0,0.043478260869565216,0.028985507246376812,5.746376811594203,38.34061570764338,40.07815404862268,1.737538340979303,0.0,rule_side
ext30bps_further0bps_entry22c,NO,50,138,0.06521739130434782,0.44,-18.73913043478261,-19.142857142857142,"-17.71,-19.06,-19.14,-19.06",0,10,-22.0,0.043478260869565216,0.028985507246376812,5.746376811594203,38.34061570764338,40.07815404862268,1.737538340979303,0.0,rule_side
ext30bps_further0bps_entry22c,NO,55,138,0.06521739130434782,0.4,-18.41304347826087,-18.857142857142858,"-17.29,-18.76,-18.86,-18.76",0,10,-22.0,0.043478260869565216,0.028985507246376812,5.746376811594203,38.34061570764338,40.07815404862268,1.737538340979303,0.0,rule_side
ext30bps_further0bps_entry22c,NO,60,138,0.06521739130434782,0.36666666666666664,-18.08695652173913,-18.571428571428573,"-16.86,-18.47,-18.57,-18.47",0,10,-22.0,0.043478260869565216,0.028985507246376812,5.746376811594203,38.34061570764338,40.07815404862268,1.737538340979303,0.0,rule_side
ext30bps_further0bps_entry22c,NO,65,138,0.057971014492753624,0.3384615384615385,-18.231884057971016,-18.285714285714285,"-18.29,-18.18,-18.29,-18.18",0,10,-22.0,0.043478260869565216,0.028985507246376812,5.746376811594203,38.34061570764338,40.07815404862268,1.737538340979303,0.0,rule_side
ext30bps_further0bps_entry22c,NO,70,138,0.050724637681159424,0.3142857142857143,-18.44927536231884,-20.0,"-20.00,-17.88,-18.00,-17.88",0,10,-22.0,0.043478260869565216,0.028985507246376812,5.746376811594203,38.34061570764338,40.07815404862268,1.737538340979303,0.0,rule_side
ext30bps_further0bps_entry22c,NO,75,138,0.050724637681159424,0.29333333333333333,-18.195652173913043,-19.857142857142858,"-19.86,-17.59,-17.71,-17.59",0,10,-22.0,0.043478260869565216,0.028985507246376812,5.746376811594203,38.34061570764338,40.07815404862268,1.737538340979303,0.0,rule_side
ext30bps_further0bps_entry22c,NO,80,138,0.043478260869565216,0.275,-18.52173913043478,-19.714285714285715,"-19.71,-17.29,-17.43,-19.65",0,10,-22.0,0.043478260869565216,0.028985507246376812,5.746376811594203,38.34061570764338,40.07815404862268,1.737538340979303,0.0,rule_side
ext30bps_further0bps_entry22c,NO,85,138,0.043478260869565216,0.25882352941176473,-18.304347826086957,-19.571428571428573,"-19.57,-17.00,-17.14,-19.50",0,10,-22.0,0.043478260869565216,0.028985507246376812,5.746376811594203,38.34061570764338,40.07815404862268,1.737538340979303,0.0,rule_side
ext30bps_further0bps_entry22c,NO,99,138,0.043478260869565216,0.2222222222222222,-17.695652173913043,-19.17142857142857,"-19.17,-16.18,-16.34,-19.09",0,10,-22.0,0.043478260869565216,0.028985507246376812,5.746376811594203,38.34061570764338,40.07815404862268,1.737538340979303,0.0,rule_side
ext30bps_further0bps_entry22c,YES,45,113,0.12389380530973451,0.4888888888888889,-16.424778761061948,-18.785714285714285,"-15.79,-13.96,-18.79,-17.18",0,10,-22.0,0.07964601769911504,0.035398230088495575,5.477876106194691,37.64729507881876,38.59318374134381,0.945888662525054,1.0,rule_side
ext30bps_further0bps_entry22c,YES,50,113,0.12389380530973451,0.44,-15.805309734513274,-18.428571428571427,"-15.10,-13.07,-18.43,-16.64",0,10,-22.0,0.07964601769911504,0.035398230088495575,5.477876106194691,37.64729507881876,38.59318374134381,0.945888662525054,1.0,rule_side
ext30bps_further0bps_entry22c,YES,55,113,0.11504424778761062,0.4,-15.672566371681416,-18.071428571428573,"-14.41,-14.14,-18.07,-16.11",0,10,-22.0,0.07964601769911504,0.035398230088495575,5.477876106194691,37.64729507881876,38.59318374134381,0.945888662525054,1.0,rule_side
ext30bps_further0bps_entry22c,YES,60,113,0.09734513274336283,0.36666666666666664,-16.15929203539823,-17.862068965517242,"-17.86,-13.43,-17.71,-15.57",0,10,-22.0,0.07964601769911504,0.035398230088495575,5.477876106194691,37.64729507881876,38.59318374134381,0.945888662525054,1.0,rule_side
ext30bps_further0bps_entry22c,YES,65,113,0.09734513274336283,0.3384615384615385,-15.672566371681416,-17.517241379310345,"-17.52,-12.71,-17.36,-15.04",0,10,-22.0,0.07964601769911504,0.035398230088495575,5.477876106194691,37.64729507881876,38.59318374134381,0.945888662525054,1.0,rule_side
ext30bps_further0bps_entry22c,YES,70,113,0.09734513274336283,0.3142857142857143,-15.185840707964601,-17.17241379310345,"-17.17,-12.00,-17.00,-14.50",1,10,-22.0,0.07964601769911504,0.035398230088495575,5.477876106194691,37.64729507881876,38.59318374134381,0.945888662525054,1.0,rule_side
ext30bps_further0bps_entry22c,YES,75,113,0.08849557522123894,0.29333333333333333,-15.36283185840708,-16.82758620689655,"-16.83,-13.96,-16.64,-13.96",1,10,-22.0,0.07964601769911504,0.035398230088495575,5.477876106194691,37.64729507881876,38.59318374134381,0.945888662525054,1.0,rule_side
ext30bps_further0bps_entry22c,YES,80,113,0.08849557522123894,0.275,-14.920353982300885,-16.482758620689655,"-16.48,-13.43,-16.29,-13.43",1,10,-22.0,0.07964601769911504,0.035398230088495575,5.477876106194691,37.64729507881876,38.59318374134381,0.945888662525054,1.0,rule_side
ext30bps_further0bps_entry22c,YES,85,113,0.08849557522123894,0.25882352941176473,-14.47787610619469,-16.137931034482758,"-16.14,-12.89,-15.93,-12.89",1,10,-22.0,0.07964601769911504,0.035398230088495575,5.477876106194691,37.64729507881876,38.59318374134381,0.945888662525054,1.0,rule_side
ext30bps_further0bps_entry22c,YES,99,113,0.07964601769911504,0.2222222222222222,-14.11504424778761,-18.586206896551722,"-18.59,-11.39,-14.93,-11.39",1,10,-22.0,0.07964601769911504,0.035398230088495575,5.477876106194691,37.64729507881876,38.59318374134381,0.945888662525054,1.0,rule_side
ext30bps_further0bps_entry23c,NO,45,141,0.07801418439716312,0.5111111111111111,-19.48936170212766,-20.428571428571427,"-19.25,-19.14,-19.14,-20.43",0,10,-23.0,0.04964539007092199,0.03546099290780142,5.702127659574468,38.34537988799211,40.04594932809952,1.700569440107403,0.0,rule_side
ext30bps_further0bps_entry23c,NO,50,141,0.07092198581560284,0.46,-19.45390070921986,-20.142857142857142,"-18.83,-18.71,-20.14,-20.14",0,10,-23.0,0.04964539007092199,0.03546099290780142,5.702127659574468,38.34537988799211,40.04594932809952,1.700569440107403,0.0,rule_side
ext30bps_further0bps_entry23c,NO,55,141,0.07092198581560284,0.41818181818181815,-19.099290780141843,-19.857142857142858,"-18.42,-18.29,-19.86,-19.86",0,10,-23.0,0.04964539007092199,0.03546099290780142,5.702127659574468,38.34537988799211,40.04594932809952,1.700569440107403,0.0,rule_side
ext30bps_further0bps_entry23c,NO,60,141,0.07092198581560284,0.38333333333333336,-18.74468085106383,-19.571428571428573,"-18.00,-17.86,-19.57,-19.57",0,10,-23.0,0.04964539007092199,0.03546099290780142,5.702127659574468,38.34537988799211,40.04594932809952,1.700569440107403,0.0,rule_side
ext30bps_further0bps_entry23c,NO,65,141,0.06382978723404255,0.35384615384615387,-18.851063829787233,-19.38888888888889,"-19.39,-17.43,-19.29,-19.29",0,10,-23.0,0.04964539007092199,0.03546099290780142,5.702127659574468,38.34537988799211,40.04594932809952,1.700569440107403,0.0,rule_side
ext30bps_further0bps_entry23c,NO,70,141,0.05673758865248227,0.32857142857142857,-19.02836879432624,-21.055555555555557,"-21.06,-17.00,-19.00,-19.00",0,10,-23.0,0.04964539007092199,0.03546099290780142,5.702127659574468,38.34537988799211,40.04594932809952,1.700569440107403,0.0,rule_side
ext30bps_further0bps_entry23c,NO,75,141,0.05673758865248227,0.30666666666666664,-18.74468085106383,-20.916666666666668,"-20.92,-16.57,-18.71,-18.71",0,10,-23.0,0.04964539007092199,0.03546099290780142,5.702127659574468,38.34537988799211,40.04594932809952,1.700569440107403,0.0,rule_side
ext30bps_further0bps_entry23c,NO,80,141,0.04964539007092199,0.2875,-19.02836879432624,-20.77777777777778,"-20.78,-16.14,-18.43,-20.71",0,10,-23.0,0.04964539007092199,0.03546099290780142,5.702127659574468,38.34537988799211,40.04594932809952,1.700569440107403,0.0,rule_side
ext30bps_further0bps_entry23c,NO,85,141,0.04964539007092199,0.27058823529411763,-18.78014184397163,-20.63888888888889,"-20.64,-15.71,-18.14,-20.57",0,10,-23.0,0.04964539007092199,0.03546099290780142,5.702127659574468,38.34537988799211,40.04594932809952,1.700569440107403,0.0,rule_side
ext30bps_further0bps_entry23c,NO,99,141,0.04964539007092199,0.23232323232323232,-18.085106382978722,-20.25,"-20.25,-14.51,-17.34,-20.17",0,10,-23.0,0.04964539007092199,0.03546099290780142,5.702127659574468,38.34537988799211,40.04594932809952,1.700569440107403,0.0,rule_side
ext30bps_further0bps_entry23c,YES,45,115,0.12173913043478261,0.5111111111111111,-17.52173913043478,-19.896551724137932,"-16.79,-15.24,-19.90,-18.18",0,10,-23.0,0.0782608695652174,0.034782608695652174,5.460869565217391,37.59937679112851,38.52881521604444,0.9294384249159227,1.0,rule_side
ext30bps_further0bps_entry23c,YES,50,115,0.12173913043478261,0.46,-16.91304347826087,-19.551724137931036,"-16.10,-14.38,-19.55,-17.64",0,10,-23.0,0.0782608695652174,0.034782608695652174,5.460869565217391,37.59937679112851,38.52881521604444,0.9294384249159227,1.0,rule_side
ext30bps_further0bps_entry23c,YES,55,115,0.11304347826086956,0.41818181818181815,-16.782608695652176,-19.20689655172414,"-15.41,-15.41,-19.21,-17.11",0,10,-23.0,0.0782608695652174,0.034782608695652174,5.460869565217391,37.59937679112851,38.52881521604444,0.9294384249159227,1.0,rule_side
ext30bps_further0bps_entry23c,YES,60,115,0.09565217391304348,0.38333333333333336,-17.26086956521739,-18.862068965517242,"-18.86,-14.72,-18.86,-16.57",0,10,-23.0,0.0782608695652174,0.034782608695652174,5.460869565217391,37.59937679112851,38.52881521604444,0.9294384249159227,1.0,rule_side
ext30bps_further0bps_entry23c,YES,65,115,0.09565217391304348,0.35384615384615387,-16.782608695652176,-18.517241379310345,"-18.52,-14.03,-18.52,-16.04",0,10,-23.0,0.0782608695652174,0.034782608695652174,5.460869565217391,37.59937679112851,38.52881521604444,0.9294384249159227,1.0,rule_side
ext30bps_further0bps_entry23c,YES,70,115,0.09565217391304348,0.32857142857142857,-16.304347826086957,-18.17241379310345,"-18.17,-13.34,-18.17,-15.50",1,10,-23.0,0.0782608695652174,0.034782608695652174,5.460869565217391,37.59937679112851,38.52881521604444,0.9294384249159227,1.0,rule_side
ext30bps_further0bps_entry23c,YES,75,115,0.08695652173913043,0.30666666666666664,-16.47826086956522,-17.82758620689655,"-17.83,-15.24,-17.83,-14.96",1,10,-23.0,0.0782608695652174,0.034782608695652174,5.460869565217391,37.59937679112851,38.52881521604444,0.9294384249159227,1.0,rule_side
ext30bps_further0bps_entry23c,YES,80,115,0.08695652173913043,0.2875,-16.043478260869566,-17.482758620689655,"-17.48,-14.72,-17.48,-14.43",1,10,-23.0,0.0782608695652174,0.034782608695652174,5.460869565217391,37.59937679112851,38.52881521604444,0.9294384249159227,1.0,rule_side
ext30bps_further0bps_entry23c,YES,85,115,0.08695652173913043,0.27058823529411763,-15.608695652173912,-17.137931034482758,"-17.14,-14.21,-17.14,-13.89",1,10,-23.0,0.0782608695652174,0.034782608695652174,5.460869565217391,37.59937679112851,38.52881521604444,0.9294384249159227,1.0,rule_side
ext30bps_further0bps_entry23c,YES,99,115,0.0782608695652174,0.23232323232323232,-15.252173913043478,-19.586206896551722,"-19.59,-12.76,-16.17,-12.39",1,10,-23.0,0.0782608695652174,0.034782608695652174,5.460869565217391,37.59937679112851,38.52881521604444,0.9294384249159227,1.0,rule_side
ext30bps_further0bps_entry24c,NO,45,144,0.09722222222222222,0.5333333333333333,-19.625,-20.25,"-20.25,-19.00,-19.00,-20.25",0,10,-24.0,0.0625,0.05555555555555555,5.638888888888889,38.35763084392852,40.02277175403369,1.6651409101051653,0.0,rule_side
ext30bps_further0bps_entry24c,NO,50,144,0.09027777777777778,0.48,-19.48611111111111,-19.833333333333332,"-19.83,-18.44,-19.83,-19.83",0,10,-24.0,0.0625,0.05555555555555555,5.638888888888889,38.35763084392852,40.02277175403369,1.6651409101051653,0.0,rule_side
ext30bps_further0bps_entry24c,NO,55,144,0.09027777777777778,0.43636363636363634,-19.03472222222222,-19.416666666666668,"-19.42,-17.89,-19.42,-19.42",0,10,-24.0,0.0625,0.05555555555555555,5.638888888888889,38.35763084392852,40.02277175403369,1.6651409101051653,0.0,rule_side
ext30bps_further0bps_entry24c,NO,60,144,0.08333333333333333,0.4,-19.0,-19.0,"-19.00,-19.00,-19.00,-19.00",0,10,-24.0,0.0625,0.05555555555555555,5.638888888888889,38.35763084392852,40.02277175403369,1.6651409101051653,0.0,rule_side
ext30bps_further0bps_entry24c,NO,65,144,0.0763888888888889,0.36923076923076925,-19.03472222222222,-20.38888888888889,"-20.39,-18.58,-18.58,-18.58",0,10,-24.0,0.0625,0.05555555555555555,5.638888888888889,38.35763084392852,40.02277175403369,1.6651409101051653,0.0,rule_side
ext30bps_further0bps_entry24c,NO,70,144,0.06944444444444445,0.34285714285714286,-19.13888888888889,-22.055555555555557,"-22.06,-18.17,-18.17,-18.17",0,10,-24.0,0.0625,0.05555555555555555,5.638888888888889,38.35763084392852,40.02277175403369,1.6651409101051653,0.0,rule_side
ext30bps_further0bps_entry24c,NO,75,144,0.06944444444444445,0.32,-18.791666666666668,-21.916666666666668,"-21.92,-17.75,-17.75,-17.75",0,10,-24.0,0.0625,0.05555555555555555,5.638888888888889,38.35763084392852,40.02277175403369,1.6651409101051653,0.0,rule_side
ext30bps_further0bps_entry24c,NO,80,144,0.0625,0.3,-19.0,-21.77777777777778,"-21.78,-17.33,-17.33,-19.56",0,10,-24.0,0.0625,0.05555555555555555,5.638888888888889,38.35763084392852,40.02277175403369,1.6651409101051653,0.0,rule_side
ext30bps_further0bps_entry24c,NO,85,144,0.0625,0.2823529411764706,-18.6875,-21.63888888888889,"-21.64,-16.92,-16.92,-19.28",0,10,-24.0,0.0625,0.05555555555555555,5.638888888888889,38.35763084392852,40.02277175403369,1.6651409101051653,0.0,rule_side
ext30bps_further0bps_entry24c,NO,99,144,0.0625,0.24242424242424243,-17.8125,-21.25,"-21.25,-15.75,-15.75,-18.50",0,10,-24.0,0.0625,0.05555555555555555,5.638888888888889,38.35763084392852,40.02277175403369,1.6651409101051653,0.0,rule_side
ext30bps_further0bps_entry24c,YES,45,118,0.1271186440677966,0.5333333333333333,-18.279661016949152,-21.0,"-18.00,-14.69,-21.00,-19.34",0,10,-24.0,0.07627118644067797,0.0423728813559322,5.372881355932203,37.57555948838026,38.54427551410497,0.9687160257247088,1.0,rule_side
ext30bps_further0bps_entry24c,YES,50,118,0.1271186440677966,0.48,-17.64406779661017,-20.666666666666668,"-17.33,-13.66,-20.67,-18.83",0,10,-24.0,0.07627118644067797,0.0423728813559322,5.372881355932203,37.57555948838026,38.54427551410497,0.9687160257247088,1.0,rule_side
ext30bps_further0bps_entry24c,YES,55,118,0.11864406779661017,0.43636363636363634,-17.47457627118644,-20.333333333333332,"-16.67,-14.52,-20.33,-18.31",0,10,-24.0,0.07627118644067797,0.0423728813559322,5.372881355932203,37.57555948838026,38.54427551410497,0.9687160257247088,1.0,rule_side
ext30bps_further0bps_entry24c,YES,60,118,0.1016949152542373,0.4,-17.89830508474576,-20.0,"-20.00,-13.66,-20.00,-17.79",0,10,-24.0,0.07627118644067797,0.0423728813559322,5.372881355932203,37.57555948838026,38.54427551410497,0.9687160257247088,1.0,rule_side
ext30bps_further0bps_entry24c,YES,65,118,0.1016949152542373,0.36923076923076925,-17.389830508474578,-19.666666666666668,"-19.67,-12.79,-19.67,-17.28",0,10,-24.0,0.07627118644067797,0.0423728813559322,5.372881355932203,37.57555948838026,38.54427551410497,0.9687160257247088,1.0,rule_side
ext30bps_further0bps_entry24c,YES,70,118,0.1016949152542373,0.34285714285714286,-16.88135593220339,-19.333333333333332,"-19.33,-11.93,-19.33,-16.76",0,10,-24.0,0.07627118644067797,0.0423728813559322,5.372881355932203,37.57555948838026,38.54427551410497,0.9687160257247088,1.0,rule_side
ext30bps_further0bps_entry24c,YES,75,118,0.09322033898305085,0.32,-17.008474576271187,-19.0,"-19.00,-13.66,-19.00,-16.24",1,10,-24.0,0.07627118644067797,0.0423728813559322,5.372881355932203,37.57555948838026,38.54427551410497,0.9687160257247088,1.0,rule_side
ext30bps_further0bps_entry24c,YES,80,118,0.09322033898305085,0.3,-16.54237288135593,-18.666666666666668,"-18.67,-12.97,-18.67,-15.72",1,10,-24.0,0.07627118644067797,0.0423728813559322,5.372881355932203,37.57555948838026,38.54427551410497,0.9687160257247088,1.0,rule_side
ext30bps_further0bps_entry24c,YES,85,118,0.09322033898305085,0.2823529411764706,-16.076271186440678,-18.333333333333332,"-18.33,-12.28,-18.33,-15.21",1,10,-24.0,0.07627118644067797,0.0423728813559322,5.372881355932203,37.57555948838026,38.54427551410497,0.9687160257247088,1.0,rule_side
ext30bps_further0bps_entry24c,YES,99,118,0.07627118644067797,0.24242424242424243,-16.449152542372882,-20.7,"-20.70,-13.76,-17.40,-13.76",1,10,-24.0,0.07627118644067797,0.0423728813559322,5.372881355932203,37.57555948838026,38.54427551410497,0.9687160257247088,1.0,rule_side
ext30bps_further0bps_entry25c,NO,45,146,0.10273972602739725,0.5555555555555556,-20.376712328767123,-21.35135135135135,"-21.35,-18.75,-20.14,-21.25",0,10,-25.0,0.06164383561643835,0.0547945205479452,5.609589041095891,38.331179284613896,39.97351004526557,1.64233076065167,0.0,rule_side
ext30bps_further0bps_entry25c,NO,50,146,0.0958904109589041,0.5,-20.205479452054796,-20.945945945945947,"-20.95,-19.44,-19.59,-20.83",0,10,-25.0,0.06164383561643835,0.0547945205479452,5.609589041095891,38.331179284613896,39.97351004526557,1.64233076065167,0.0,rule_side
ext30bps_further0bps_entry25c,NO,55,146,0.08904109589041095,0.45454545454545453,-20.102739726027398,-20.54054054054054,"-20.54,-18.89,-20.54,-20.42",0,10,-25.0,0.06164383561643835,0.0547945205479452,5.609589041095891,38.331179284613896,39.97351004526557,1.64233076065167,0.0,rule_side
ext30bps_further0bps_entry25c,NO,60,146,0.0821917808219178,0.4166666666666667,-20.068493150684933,-20.135135135135137,"-20.14,-20.00,-20.14,-20.00",0,10,-25.0,0.06164383561643835,0.0547945205479452,5.609589041095891,38.331179284613896,39.97351004526557,1.64233076065167,0.0,rule_side
ext30bps_further0bps_entry25c,NO,65,146,0.07534246575342465,0.38461538461538464,-20.102739726027398,-21.486486486486488,"-21.49,-19.58,-19.73,-19.58",0,10,-25.0,0.06164383561643835,0.0547945205479452,5.609589041095891,38.331179284613896,39.97351004526557,1.64233076065167,0.0,rule_side
ext30bps_further0bps_entry25c,NO,70,146,0.0684931506849315,0.35714285714285715,-20.205479452054796,-23.10810810810811,"-23.11,-19.17,-19.32,-19.17",0,10,-25.0,0.06164383561643835,0.0547945205479452,5.609589041095891,38.331179284613896,39.97351004526557,1.64233076065167,0.0,rule_side
ext30bps_further0bps_entry25c,NO,75,146,0.0684931506849315,0.3333333333333333,-19.863013698630137,-22.972972972972972,"-22.97,-18.75,-18.92,-18.75",0,10,-25.0,0.06164383561643835,0.0547945205479452,5.609589041095891,38.331179284613896,39.97351004526557,1.64233076065167,0.0,rule_side
ext30bps_further0bps_entry25c,NO,80,146,0.06164383561643835,0.3125,-20.068493150684933,-22.83783783783784,"-22.84,-18.33,-18.51,-20.56",0,10,-25.0,0.06164383561643835,0.0547945205479452,5.609589041095891,38.331179284613896,39.97351004526557,1.64233076065167,0.0,rule_side
ext30bps_further0bps_entry25c,NO,85,146,0.06164383561643835,0.29411764705882354,-19.76027397260274,-22.7027027027027,"-22.70,-17.92,-18.11,-20.28",0,10,-25.0,0.06164383561643835,0.0547945205479452,5.609589041095891,38.331179284613896,39.97351004526557,1.64233076065167,0.0,rule_side
ext30bps_further0bps_entry25c,NO,99,146,0.06164383561643835,0.25252525252525254,-18.897260273972602,-22.324324324324323,"-22.32,-16.75,-16.97,-19.50",0,10,-25.0,0.06164383561643835,0.0547945205479452,5.609589041095891,38.331179284613896,39.97351004526557,1.64233076065167,0.0,rule_side
ext30bps_further0bps_entry25c,YES,45,121,0.12396694214876033,0.5555555555555556,-19.421487603305785,-22.0,"-19.19,-16.00,-22.00,-20.50",0,10,-25.0,0.0743801652892562,0.04132231404958678,5.355371900826446,37.57571277748696,38.54038137115849,0.9646685936715288,1.0,rule_side
ext30bps_further0bps_entry25c,YES,50,121,0.12396694214876033,0.5,-18.801652892561982,-21.666666666666668,"-18.55,-15.00,-21.67,-20.00",0,10,-25.0,0.0743801652892562,0.04132231404958678,5.355371900826446,37.57571277748696,38.54038137115849,0.9646685936715288,1.0,rule_side
ext30bps_further0bps_entry25c,YES,55,121,0.11570247933884298,0.45454545454545453,-18.636363636363637,-21.333333333333332,"-17.90,-15.83,-21.33,-19.50",0,10,-25.0,0.0743801652892562,0.04132231404958678,5.355371900826446,37.57571277748696,38.54038137115849,0.9646685936715288,1.0,rule_side
ext30bps_further0bps_entry25c,YES,60,121,0.09917355371900827,0.4166666666666667,-19.049586776859503,-21.129032258064516,"-21.13,-15.00,-21.00,-19.00",0,10,-25.0,0.0743801652892562,0.04132231404958678,5.355371900826446,37.57571277748696,38.54038137115849,0.9646685936715288,1.0,rule_side
ext30bps_further0bps_entry25c,YES,65,121,0.09917355371900827,0.38461538461538464,-18.553719008264462,-20.806451612903224,"-20.81,-14.17,-20.67,-18.50",0,10,-25.0,0.0743801652892562,0.04132231404958678,5.355371900826446,37.57571277748696,38.54038137115849,0.9646685936715288,1.0,rule_side
ext30bps_further0bps_entry25c,YES,70,121,0.09917355371900827,0.35714285714285715,-18.05785123966942,-20.483870967741936,"-20.48,-13.33,-20.33,-18.00",0,10,-25.0,0.0743801652892562,0.04132231404958678,5.355371900826446,37.57571277748696,38.54038137115849,0.9646685936715288,1.0,rule_side
ext30bps_further0bps_entry25c,YES,75,121,0.09090909090909091,0.3333333333333333,-18.181818181818183,-20.161290322580644,"-20.16,-15.00,-20.00,-17.50",0,10,-25.0,0.0743801652892562,0.04132231404958678,5.355371900826446,37.57571277748696,38.54038137115849,0.9646685936715288,1.0,rule_side
ext30bps_further0bps_entry25c,YES,80,121,0.09090909090909091,0.3125,-17.727272727272727,-19.838709677419356,"-19.84,-14.33,-19.67,-17.00",1,10,-25.0,0.0743801652892562,0.04132231404958678,5.355371900826446,37.57571277748696,38.54038137115849,0.9646685936715288,1.0,rule_side
ext30bps_further0bps_entry25c,YES,85,121,0.09090909090909091,0.29411764705882354,-17.272727272727273,-19.516129032258064,"-19.52,-13.67,-19.33,-16.50",1,10,-25.0,0.0743801652892562,0.04132231404958678,5.355371900826446,37.57571277748696,38.54038137115849,0.9646685936715288,1.0,rule_side
ext30bps_further0bps_entry25c,YES,99,121,0.0743801652892562,0.25252525252525254,-17.636363636363637,-21.806451612903224,"-21.81,-15.10,-18.40,-15.10",1,10,-25.0,0.0743801652892562,0.04132231404958678,5.355371900826446,37.57571277748696,38.54038137115849,0.9646685936715288,1.0,rule_side
ext30bps_further5bps_entry20c,NO,45,26,0.07692307692307693,0.4444444444444444,-16.53846153846154,-20.0,"-20.00,-12.50,-20.00,-12.50",0,8,-20.0,0.038461538461538464,0.038461538461538464,5.6923076923076925,37.602985723973966,51.211068554717585,13.608082830743614,0.0,rule_side
ext30bps_further5bps_entry20c,NO,50,26,0.07692307692307693,0.4,-16.153846153846153,-20.0,"-20.00,-11.67,-20.00,-11.67",0,8,-20.0,0.038461538461538464,0.038461538461538464,5.6923076923076925,37.602985723973966,51.211068554717585,13.608082830743614,0.0,rule_side
ext30bps_further5bps_entry20c,NO,55,26,0.07692307692307693,0.36363636363636365,-15.76923076923077,-20.0,"-20.00,-10.83,-20.00,-10.83",0,8,-20.0,0.038461538461538464,0.038461538461538464,5.6923076923076925,37.602985723973966,51.211068554717585,13.608082830743614,0.0,rule_side
ext30bps_further5bps_entry20c,NO,60,26,0.07692307692307693,0.3333333333333333,-15.384615384615385,-20.0,"-20.00,-10.00,-20.00,-10.00",0,8,-20.0,0.038461538461538464,0.038461538461538464,5.6923076923076925,37.602985723973966,51.211068554717585,13.608082830743614,0.0,rule_side
ext30bps_further5bps_entry20c,NO,65,26,0.07692307692307693,0.3076923076923077,-15.0,-20.0,"-20.00,-9.17,-20.00,-9.17",0,8,-20.0,0.038461538461538464,0.038461538461538464,5.6923076923076925,37.602985723973966,51.211068554717585,13.608082830743614,0.0,rule_side
ext30bps_further5bps_entry20c,NO,70,26,0.07692307692307693,0.2857142857142857,-14.615384615384615,-20.0,"-20.00,-8.33,-20.00,-8.33",0,8,-20.0,0.038461538461538464,0.038461538461538464,5.6923076923076925,37.602985723973966,51.211068554717585,13.608082830743614,0.0,rule_side
ext30bps_further5bps_entry20c,NO,75,26,0.07692307692307693,0.26666666666666666,-14.23076923076923,-20.0,"-20.00,-7.50,-20.00,-7.50",0,8,-20.0,0.038461538461538464,0.038461538461538464,5.6923076923076925,37.602985723973966,51.211068554717585,13.608082830743614,0.0,rule_side
ext30bps_further5bps_entry20c,NO,80,26,0.038461538461538464,0.25,-16.923076923076923,-20.0,"-20.00,-6.67,-20.00,-20.00",0,8,-20.0,0.038461538461538464,0.038461538461538464,5.6923076923076925,37.602985723973966,51.211068554717585,13.608082830743614,0.0,rule_side
ext30bps_further5bps_entry20c,NO,85,26,0.038461538461538464,0.23529411764705882,-16.73076923076923,-20.0,"-20.00,-5.83,-20.00,-20.00",0,8,-20.0,0.038461538461538464,0.038461538461538464,5.6923076923076925,37.602985723973966,51.211068554717585,13.608082830743614,0.0,rule_side
ext30bps_further5bps_entry20c,NO,99,26,0.038461538461538464,0.20202020202020202,-16.192307692307693,-20.0,"-20.00,-3.50,-20.00,-20.00",0,8,-20.0,0.038461538461538464,0.038461538461538464,5.6923076923076925,37.602985723973966,51.211068554717585,13.608082830743614,0.0,rule_side
ext30bps_further5bps_entry21c,NO,45,27,0.07407407407407407,0.4666666666666667,-17.666666666666668,-21.0,"-21.00,-14.57,-21.00,-13.50",0,8,-21.0,0.037037037037037035,0.037037037037037035,5.555555555555555,37.57457692307072,50.967239538853974,13.392662615783259,0.0,rule_side
ext30bps_further5bps_entry21c,NO,50,27,0.07407407407407407,0.42,-17.296296296296298,-21.0,"-21.00,-13.86,-21.00,-12.67",0,8,-21.0,0.037037037037037035,0.037037037037037035,5.555555555555555,37.57457692307072,50.967239538853974,13.392662615783259,0.0,rule_side
ext30bps_further5bps_entry21c,NO,55,27,0.07407407407407407,0.38181818181818183,-16.925925925925927,-21.0,"-21.00,-13.14,-21.00,-11.83",0,8,-21.0,0.037037037037037035,0.037037037037037035,5.555555555555555,37.57457692307072,50.967239538853974,13.392662615783259,0.0,rule_side
ext30bps_further5bps_entry21c,NO,60,27,0.07407407407407407,0.35,-16.555555555555557,-21.0,"-21.00,-12.43,-21.00,-11.00",0,8,-21.0,0.037037037037037035,0.037037037037037035,5.555555555555555,37.57457692307072,50.967239538853974,13.392662615783259,0.0,rule_side
ext30bps_further5bps_entry21c,NO,65,27,0.07407407407407407,0.3230769230769231,-16.185185185185187,-21.0,"-21.00,-11.71,-21.00,-10.17",0,8,-21.0,0.037037037037037035,0.037037037037037035,5.555555555555555,37.57457692307072,50.967239538853974,13.392662615783259,0.0,rule_side
ext30bps_further5bps_entry21c,NO,70,27,0.07407407407407407,0.3,-15.814814814814815,-21.0,"-21.00,-11.00,-21.00,-9.33",0,8,-21.0,0.037037037037037035,0.037037037037037035,5.555555555555555,37.57457692307072,50.967239538853974,13.392662615783259,0.0,rule_side
ext30bps_further5bps_entry21c,NO,75,27,0.07407407407407407,0.28,-15.444444444444445,-21.0,"-21.00,-10.29,-21.00,-8.50",0,8,-21.0,0.037037037037037035,0.037037037037037035,5.555555555555555,37.57457692307072,50.967239538853974,13.392662615783259,0.0,rule_side
ext30bps_further5bps_entry21c,NO,80,27,0.037037037037037035,0.2625,-18.037037037037038,-21.0,"-21.00,-9.57,-21.00,-21.00",0,8,-21.0,0.037037037037037035,0.037037037037037035,5.555555555555555,37.57457692307072,50.967239538853974,13.392662615783259,0.0,rule_side
ext30bps_further5bps_entry21c,NO,85,27,0.037037037037037035,0.24705882352941178,-17.85185185185185,-21.0,"-21.00,-8.86,-21.00,-21.00",0,8,-21.0,0.037037037037037035,0.037037037037037035,5.555555555555555,37.57457692307072,50.967239538853974,13.392662615783259,0.0,rule_side
ext30bps_further5bps_entry21c,NO,99,27,0.037037037037037035,0.21212121212121213,-17.333333333333332,-21.0,"-21.00,-6.86,-21.00,-21.00",0,8,-21.0,0.037037037037037035,0.037037037037037035,5.555555555555555,37.57457692307072,50.967239538853974,13.392662615783259,0.0,rule_side
ext30bps_further5bps_entry22c,NO,45,29,0.06896551724137931,0.4888888888888889,-18.896551724137932,-22.0,"-22.00,-15.57,-22.00,-15.57",0,8,-22.0,0.034482758620689655,0.034482758620689655,5.379310344827586,37.69582555458675,53.26906213770248,15.573236583115731,0.0,rule_side
ext30bps_further5bps_entry22c,NO,50,29,0.06896551724137931,0.44,-18.551724137931036,-22.0,"-22.00,-14.86,-22.00,-14.86",0,8,-22.0,0.034482758620689655,0.034482758620689655,5.379310344827586,37.69582555458675,53.26906213770248,15.573236583115731,0.0,rule_side
ext30bps_further5bps_entry22c,NO,55,29,0.06896551724137931,0.4,-18.20689655172414,-22.0,"-22.00,-14.14,-22.00,-14.14",0,8,-22.0,0.034482758620689655,0.034482758620689655,5.379310344827586,37.69582555458675,53.26906213770248,15.573236583115731,0.0,rule_side
ext30bps_further5bps_entry22c,NO,60,29,0.06896551724137931,0.36666666666666664,-17.862068965517242,-22.0,"-22.00,-13.43,-22.00,-13.43",0,8,-22.0,0.034482758620689655,0.034482758620689655,5.379310344827586,37.69582555458675,53.26906213770248,15.573236583115731,0.0,rule_side
ext30bps_further5bps_entry22c,NO,65,29,0.06896551724137931,0.3384615384615385,-17.517241379310345,-22.0,"-22.00,-12.71,-22.00,-12.71",0,8,-22.0,0.034482758620689655,0.034482758620689655,5.379310344827586,37.69582555458675,53.26906213770248,15.573236583115731,0.0,rule_side
ext30bps_further5bps_entry22c,NO,70,29,0.06896551724137931,0.3142857142857143,-17.17241379310345,-22.0,"-22.00,-12.00,-22.00,-12.00",0,8,-22.0,0.034482758620689655,0.034482758620689655,5.379310344827586,37.69582555458675,53.26906213770248,15.573236583115731,0.0,rule_side
ext30bps_further5bps_entry22c,NO,75,29,0.06896551724137931,0.29333333333333333,-16.82758620689655,-22.0,"-22.00,-11.29,-22.00,-11.29",0,8,-22.0,0.034482758620689655,0.034482758620689655,5.379310344827586,37.69582555458675,53.26906213770248,15.573236583115731,0.0,rule_side
ext30bps_further5bps_entry22c,NO,80,29,0.034482758620689655,0.275,-19.24137931034483,-22.0,"-22.00,-10.57,-22.00,-22.00",0,8,-22.0,0.034482758620689655,0.034482758620689655,5.379310344827586,37.69582555458675,53.26906213770248,15.573236583115731,0.0,rule_side
ext30bps_further5bps_entry22c,NO,85,29,0.034482758620689655,0.25882352941176473,-19.06896551724138,-22.0,"-22.00,-9.86,-22.00,-22.00",0,8,-22.0,0.034482758620689655,0.034482758620689655,5.379310344827586,37.69582555458675,53.26906213770248,15.573236583115731,0.0,rule_side
ext30bps_further5bps_entry22c,NO,99,29,0.034482758620689655,0.2222222222222222,-18.586206896551722,-22.0,"-22.00,-7.86,-22.00,-22.00",0,8,-22.0,0.034482758620689655,0.034482758620689655,5.379310344827586,37.69582555458675,53.26906213770248,15.573236583115731,0.0,rule_side
ext30bps_further5bps_entry23c,NO,45,29,0.06896551724137931,0.5111111111111111,-19.896551724137932,-23.0,"-23.00,-16.57,-23.00,-16.57",0,8,-23.0,0.034482758620689655,0.034482758620689655,5.379310344827586,37.69582555458675,53.26906213770248,15.573236583115731,0.0,rule_side
ext30bps_further5bps_entry23c,NO,50,29,0.06896551724137931,0.46,-19.551724137931036,-23.0,"-23.00,-15.86,-23.00,-15.86",0,8,-23.0,0.034482758620689655,0.034482758620689655,5.379310344827586,37.69582555458675,53.26906213770248,15.573236583115731,0.0,rule_side
ext30bps_further5bps_entry23c,NO,55,29,0.06896551724137931,0.41818181818181815,-19.20689655172414,-23.0,"-23.00,-15.14,-23.00,-15.14",0,8,-23.0,0.034482758620689655,0.034482758620689655,5.379310344827586,37.69582555458675,53.26906213770248,15.573236583115731,0.0,rule_side
ext30bps_further5bps_entry23c,NO,60,29,0.06896551724137931,0.38333333333333336,-18.862068965517242,-23.0,"-23.00,-14.43,-23.00,-14.43",0,8,-23.0,0.034482758620689655,0.034482758620689655,5.379310344827586,37.69582555458675,53.26906213770248,15.573236583115731,0.0,rule_side
ext30bps_further5bps_entry23c,NO,65,29,0.06896551724137931,0.35384615384615387,-18.517241379310345,-23.0,"-23.00,-13.71,-23.00,-13.71",0,8,-23.0,0.034482758620689655,0.034482758620689655,5.379310344827586,37.69582555458675,53.26906213770248,15.573236583115731,0.0,rule_side
ext30bps_further5bps_entry23c,NO,70,29,0.06896551724137931,0.32857142857142857,-18.17241379310345,-23.0,"-23.00,-13.00,-23.00,-13.00",0,8,-23.0,0.034482758620689655,0.034482758620689655,5.379310344827586,37.69582555458675,53.26906213770248,15.573236583115731,0.0,rule_side
ext30bps_further5bps_entry23c,NO,75,29,0.06896551724137931,0.30666666666666664,-17.82758620689655,-23.0,"-23.00,-12.29,-23.00,-12.29",0,8,-23.0,0.034482758620689655,0.034482758620689655,5.379310344827586,37.69582555458675,53.26906213770248,15.573236583115731,0.0,rule_side
ext30bps_further5bps_entry23c,NO,80,29,0.034482758620689655,0.2875,-20.24137931034483,-23.0,"-23.00,-11.57,-23.00,-23.00",0,8,-23.0,0.034482758620689655,0.034482758620689655,5.379310344827586,37.69582555458675,53.26906213770248,15.573236583115731,0.0,rule_side
ext30bps_further5bps_entry23c,NO,85,29,0.034482758620689655,0.27058823529411763,-20.06896551724138,-23.0,"-23.00,-10.86,-23.00,-23.00",0,8,-23.0,0.034482758620689655,0.034482758620689655,5.379310344827586,37.69582555458675,53.26906213770248,15.573236583115731,0.0,rule_side
ext30bps_further5bps_entry23c,NO,99,29,0.034482758620689655,0.23232323232323232,-19.586206896551722,-23.0,"-23.00,-8.86,-23.00,-23.00",0,8,-23.0,0.034482758620689655,0.034482758620689655,5.379310344827586,37.69582555458675,53.26906213770248,15.573236583115731,0.0,rule_side
ext30bps_further5bps_entry24c,NO,45,29,0.06896551724137931,0.5333333333333333,-20.896551724137932,-24.0,"-24.00,-17.57,-24.00,-17.57",0,8,-24.0,0.034482758620689655,0.034482758620689655,5.379310344827586,37.69582555458675,53.26906213770248,15.573236583115731,0.0,rule_side
ext30bps_further5bps_entry24c,NO,50,29,0.06896551724137931,0.48,-20.551724137931036,-24.0,"-24.00,-16.86,-24.00,-16.86",0,8,-24.0,0.034482758620689655,0.034482758620689655,5.379310344827586,37.69582555458675,53.26906213770248,15.573236583115731,0.0,rule_side
ext30bps_further5bps_entry24c,NO,55,29,0.06896551724137931,0.43636363636363634,-20.20689655172414,-24.0,"-24.00,-16.14,-24.00,-16.14",0,8,-24.0,0.034482758620689655,0.034482758620689655,5.379310344827586,37.69582555458675,53.26906213770248,15.573236583115731,0.0,rule_side
ext30bps_further5bps_entry24c,NO,60,29,0.06896551724137931,0.4,-19.862068965517242,-24.0,"-24.00,-15.43,-24.00,-15.43",0,8,-24.0,0.034482758620689655,0.034482758620689655,5.379310344827586,37.69582555458675,53.26906213770248,15.573236583115731,0.0,rule_side
ext30bps_further5bps_entry24c,NO,65,29,0.06896551724137931,0.36923076923076925,-19.517241379310345,-24.0,"-24.00,-14.71,-24.00,-14.71",0,8,-24.0,0.034482758620689655,0.034482758620689655,5.379310344827586,37.69582555458675,53.26906213770248,15.573236583115731,0.0,rule_side
ext30bps_further5bps_entry24c,NO,70,29,0.06896551724137931,0.34285714285714286,-19.17241379310345,-24.0,"-24.00,-14.00,-24.00,-14.00",0,8,-24.0,0.034482758620689655,0.034482758620689655,5.379310344827586,37.69582555458675,53.26906213770248,15.573236583115731,0.0,rule_side
ext30bps_further5bps_entry24c,NO,75,29,0.06896551724137931,0.32,-18.82758620689655,-24.0,"-24.00,-13.29,-24.00,-13.29",0,8,-24.0,0.034482758620689655,0.034482758620689655,5.379310344827586,37.69582555458675,53.26906213770248,15.573236583115731,0.0,rule_side
ext30bps_further5bps_entry24c,NO,80,29,0.034482758620689655,0.3,-21.24137931034483,-24.0,"-24.00,-12.57,-24.00,-24.00",0,8,-24.0,0.034482758620689655,0.034482758620689655,5.379310344827586,37.69582555458675,53.26906213770248,15.573236583115731,0.0,rule_side
ext30bps_further5bps_entry24c,NO,85,29,0.034482758620689655,0.2823529411764706,-21.06896551724138,-24.0,"-24.00,-11.86,-24.00,-24.00",0,8,-24.0,0.034482758620689655,0.034482758620689655,5.379310344827586,37.69582555458675,53.26906213770248,15.573236583115731,0.0,rule_side
ext30bps_further5bps_entry24c,NO,99,29,0.034482758620689655,0.24242424242424243,-20.586206896551722,-24.0,"-24.00,-9.86,-24.00,-24.00",0,8,-24.0,0.034482758620689655,0.034482758620689655,5.379310344827586,37.69582555458675,53.26906213770248,15.573236583115731,0.0,rule_side
ext30bps_further5bps_entry25c,NO,45,29,0.06896551724137931,0.5555555555555556,-21.896551724137932,-25.0,"-25.00,-18.57,-25.00,-18.57",0,8,-25.0,0.034482758620689655,0.034482758620689655,5.379310344827586,37.69582555458675,53.26906213770248,15.573236583115731,0.0,rule_side
ext30bps_further5bps_entry25c,NO,50,29,0.06896551724137931,0.5,-21.551724137931036,-25.0,"-25.00,-17.86,-25.00,-17.86",0,8,-25.0,0.034482758620689655,0.034482758620689655,5.379310344827586,37.69582555458675,53.26906213770248,15.573236583115731,0.0,rule_side
ext30bps_further5bps_entry25c,NO,55,29,0.06896551724137931,0.45454545454545453,-21.20689655172414,-25.0,"-25.00,-17.14,-25.00,-17.14",0,8,-25.0,0.034482758620689655,0.034482758620689655,5.379310344827586,37.69582555458675,53.26906213770248,15.573236583115731,0.0,rule_side
ext30bps_further5bps_entry25c,NO,60,29,0.06896551724137931,0.4166666666666667,-20.862068965517242,-25.0,"-25.00,-16.43,-25.00,-16.43",0,8,-25.0,0.034482758620689655,0.034482758620689655,5.379310344827586,37.69582555458675,53.26906213770248,15.573236583115731,0.0,rule_side
ext30bps_further5bps_entry25c,NO,65,29,0.06896551724137931,0.38461538461538464,-20.517241379310345,-25.0,"-25.00,-15.71,-25.00,-15.71",0,8,-25.0,0.034482758620689655,0.034482758620689655,5.379310344827586,37.69582555458675,53.26906213770248,15.573236583115731,0.0,rule_side
ext30bps_further5bps_entry25c,NO,70,29,0.06896551724137931,0.35714285714285715,-20.17241379310345,-25.0,"-25.00,-15.00,-25.00,-15.00",0,8,-25.0,0.034482758620689655,0.034482758620689655,5.379310344827586,37.69582555458675,53.26906213770248,15.573236583115731,0.0,rule_side
ext30bps_further5bps_entry25c,NO,75,29,0.06896551724137931,0.3333333333333333,-19.82758620689655,-25.0,"-25.00,-14.29,-25.00,-14.29",0,8,-25.0,0.034482758620689655,0.034482758620689655,5.379310344827586,37.69582555458675,53.26906213770248,15.573236583115731,0.0,rule_side
ext30bps_further5bps_entry25c,NO,80,29,0.034482758620689655,0.3125,-22.24137931034483,-25.0,"-25.00,-13.57,-25.00,-25.00",0,8,-25.0,0.034482758620689655,0.034482758620689655,5.379310344827586,37.69582555458675,53.26906213770248,15.573236583115731,0.0,rule_side
ext30bps_further5bps_entry25c,NO,85,29,0.034482758620689655,0.29411764705882354,-22.06896551724138,-25.0,"-25.00,-12.86,-25.00,-25.00",0,8,-25.0,0.034482758620689655,0.034482758620689655,5.379310344827586,37.69582555458675,53.26906213770248,15.573236583115731,0.0,rule_side
ext30bps_further5bps_entry25c,NO,99,29,0.034482758620689655,0.25252525252525254,-21.586206896551722,-25.0,"-25.00,-10.86,-25.00,-25.00",0,8,-25.0,0.034482758620689655,0.034482758620689655,5.379310344827586,37.69582555458675,53.26906213770248,15.573236583115731,0.0,rule_side
ext40bps_further0bps_entry20c,NO,45,69,0.043478260869565216,0.4444444444444444,-18.043478260869566,-20.0,"-20.00,-17.35,-17.35,-17.35",0,9,-20.0,0.028985507246376812,0.014492753623188406,6.0144927536231885,49.0363621482256,50.08463952611809,1.048277377892494,0.0,rule_side
ext40bps_further0bps_entry20c,NO,50,69,0.043478260869565216,0.4,-17.82608695652174,-20.0,"-20.00,-17.06,-17.06,-17.06",0,9,-20.0,0.028985507246376812,0.014492753623188406,6.0144927536231885,49.0363621482256,50.08463952611809,1.048277377892494,0.0,rule_side
ext40bps_further0bps_entry20c,NO,55,69,0.043478260869565216,0.36363636363636365,-17.608695652173914,-20.0,"-20.00,-16.76,-16.76,-16.76",0,9,-20.0,0.028985507246376812,0.014492753623188406,6.0144927536231885,49.0363621482256,50.08463952611809,1.048277377892494,0.0,rule_side
ext40bps_further0bps_entry20c,NO,60,69,0.043478260869565216,0.3333333333333333,-17.391304347826086,-20.0,"-20.00,-16.47,-16.47,-16.47",0,9,-20.0,0.028985507246376812,0.014492753623188406,6.0144927536231885,49.0363621482256,50.08463952611809,1.048277377892494,0.0,rule_side
ext40bps_further0bps_entry20c,NO,65,69,0.043478260869565216,0.3076923076923077,-17.17391304347826,-20.0,"-20.00,-16.18,-16.18,-16.18",0,9,-20.0,0.028985507246376812,0.014492753623188406,6.0144927536231885,49.0363621482256,50.08463952611809,1.048277377892494,0.0,rule_side
ext40bps_further0bps_entry20c,NO,70,69,0.043478260869565216,0.2857142857142857,-16.956521739130434,-20.0,"-20.00,-15.88,-15.88,-15.88",0,9,-20.0,0.028985507246376812,0.014492753623188406,6.0144927536231885,49.0363621482256,50.08463952611809,1.048277377892494,0.0,rule_side
ext40bps_further0bps_entry20c,NO,75,69,0.043478260869565216,0.26666666666666666,-16.73913043478261,-20.0,"-20.00,-15.59,-15.59,-15.59",0,9,-20.0,0.028985507246376812,0.014492753623188406,6.0144927536231885,49.0363621482256,50.08463952611809,1.048277377892494,0.0,rule_side
ext40bps_further0bps_entry20c,NO,80,69,0.028985507246376812,0.25,-17.681159420289855,-20.0,"-20.00,-15.29,-15.29,-20.00",0,9,-20.0,0.028985507246376812,0.014492753623188406,6.0144927536231885,49.0363621482256,50.08463952611809,1.048277377892494,0.0,rule_side
ext40bps_further0bps_entry20c,NO,85,69,0.028985507246376812,0.23529411764705882,-17.536231884057973,-20.0,"-20.00,-15.00,-15.00,-20.00",0,9,-20.0,0.028985507246376812,0.014492753623188406,6.0144927536231885,49.0363621482256,50.08463952611809,1.048277377892494,0.0,rule_side
ext40bps_further0bps_entry20c,NO,99,69,0.028985507246376812,0.20202020202020202,-17.130434782608695,-20.0,"-20.00,-14.18,-14.18,-20.00",0,9,-20.0,0.028985507246376812,0.014492753623188406,6.0144927536231885,49.0363621482256,50.08463952611809,1.048277377892494,0.0,rule_side
ext40bps_further0bps_entry20c,YES,45,52,0.019230769230769232,0.4444444444444444,-19.134615384615383,-20.0,"-16.54,-20.00,-20.00,-20.00",0,9,-20.0,0.019230769230769232,0.038461538461538464,5.4423076923076925,51.70574294388841,52.38738524255826,0.6816422986698488,1.0,rule_side
ext40bps_further0bps_entry20c,YES,50,52,0.019230769230769232,0.4,-19.03846153846154,-20.0,"-16.15,-20.00,-20.00,-20.00",0,9,-20.0,0.019230769230769232,0.038461538461538464,5.4423076923076925,51.70574294388841,52.38738524255826,0.6816422986698488,1.0,rule_side
ext40bps_further0bps_entry20c,YES,55,52,0.019230769230769232,0.36363636363636365,-18.942307692307693,-20.0,"-15.77,-20.00,-20.00,-20.00",0,9,-20.0,0.019230769230769232,0.038461538461538464,5.4423076923076925,51.70574294388841,52.38738524255826,0.6816422986698488,1.0,rule_side
ext40bps_further0bps_entry20c,YES,60,52,0.019230769230769232,0.3333333333333333,-18.846153846153847,-20.0,"-15.38,-20.00,-20.00,-20.00",0,9,-20.0,0.019230769230769232,0.038461538461538464,5.4423076923076925,51.70574294388841,52.38738524255826,0.6816422986698488,1.0,rule_side
ext40bps_further0bps_entry20c,YES,65,52,0.019230769230769232,0.3076923076923077,-18.75,-20.0,"-15.00,-20.00,-20.00,-20.00",0,9,-20.0,0.019230769230769232,0.038461538461538464,5.4423076923076925,51.70574294388841,52.38738524255826,0.6816422986698488,1.0,rule_side
ext40bps_further0bps_entry20c,YES,70,52,0.019230769230769232,0.2857142857142857,-18.653846153846153,-20.0,"-14.62,-20.00,-20.00,-20.00",0,9,-20.0,0.019230769230769232,0.038461538461538464,5.4423076923076925,51.70574294388841,52.38738524255826,0.6816422986698488,1.0,rule_side
ext40bps_further0bps_entry20c,YES,75,52,0.019230769230769232,0.26666666666666666,-18.557692307692307,-20.0,"-14.23,-20.00,-20.00,-20.00",0,9,-20.0,0.019230769230769232,0.038461538461538464,5.4423076923076925,51.70574294388841,52.38738524255826,0.6816422986698488,1.0,rule_side
ext40bps_further0bps_entry20c,YES,80,52,0.019230769230769232,0.25,-18.46153846153846,-20.0,"-13.85,-20.00,-20.00,-20.00",0,9,-20.0,0.019230769230769232,0.038461538461538464,5.4423076923076925,51.70574294388841,52.38738524255826,0.6816422986698488,1.0,rule_side
ext40bps_further0bps_entry20c,YES,85,52,0.019230769230769232,0.23529411764705882,-18.365384615384617,-20.0,"-13.46,-20.00,-20.00,-20.00",0,9,-20.0,0.019230769230769232,0.038461538461538464,5.4423076923076925,51.70574294388841,52.38738524255826,0.6816422986698488,1.0,rule_side
ext40bps_further0bps_entry20c,YES,99,52,0.019230769230769232,0.20202020202020202,-18.096153846153847,-20.0,"-12.38,-20.00,-20.00,-20.00",0,9,-20.0,0.019230769230769232,0.038461538461538464,5.4423076923076925,51.70574294388841,52.38738524255826,0.6816422986698488,1.0,rule_side
ext40bps_further0bps_entry21c,NO,45,70,0.04285714285714286,0.4666666666666667,-19.071428571428573,-21.0,"-21.00,-18.35,-18.50,-18.35",0,9,-21.0,0.02857142857142857,0.014285714285714285,5.957142857142857,48.97338104791381,50.00668303469355,1.0333019867797442,0.0,rule_side
ext40bps_further0bps_entry21c,NO,50,70,0.04285714285714286,0.42,-18.857142857142858,-21.0,"-21.00,-18.06,-18.22,-18.06",0,9,-21.0,0.02857142857142857,0.014285714285714285,5.957142857142857,48.97338104791381,50.00668303469355,1.0333019867797442,0.0,rule_side
ext40bps_further0bps_entry21c,NO,55,70,0.04285714285714286,0.38181818181818183,-18.642857142857142,-21.0,"-21.00,-17.76,-17.94,-17.76",0,9,-21.0,0.02857142857142857,0.014285714285714285,5.957142857142857,48.97338104791381,50.00668303469355,1.0333019867797442,0.0,rule_side
ext40bps_further0bps_entry21c,NO,60,70,0.04285714285714286,0.35,-18.428571428571427,-21.0,"-21.00,-17.47,-17.67,-17.47",0,9,-21.0,0.02857142857142857,0.014285714285714285,5.957142857142857,48.97338104791381,50.00668303469355,1.0333019867797442,0.0,rule_side
ext40bps_further0bps_entry21c,NO,65,70,0.04285714285714286,0.3230769230769231,-18.214285714285715,-21.0,"-21.00,-17.18,-17.39,-17.18",0,9,-21.0,0.02857142857142857,0.014285714285714285,5.957142857142857,48.97338104791381,50.00668303469355,1.0333019867797442,0.0,rule_side
ext40bps_further0bps_entry21c,NO,70,70,0.04285714285714286,0.3,-18.0,-21.0,"-21.00,-16.88,-17.11,-16.88",0,9,-21.0,0.02857142857142857,0.014285714285714285,5.957142857142857,48.97338104791381,50.00668303469355,1.0333019867797442,0.0,rule_side
ext40bps_further0bps_entry21c,NO,75,70,0.04285714285714286,0.28,-17.785714285714285,-21.0,"-21.00,-16.59,-16.83,-16.59",0,9,-21.0,0.02857142857142857,0.014285714285714285,5.957142857142857,48.97338104791381,50.00668303469355,1.0333019867797442,0.0,rule_side
ext40bps_further0bps_entry21c,NO,80,70,0.02857142857142857,0.2625,-18.714285714285715,-21.0,"-21.00,-16.29,-16.56,-21.00",0,9,-21.0,0.02857142857142857,0.014285714285714285,5.957142857142857,48.97338104791381,50.00668303469355,1.0333019867797442,0.0,rule_side
ext40bps_further0bps_entry21c,NO,85,70,0.02857142857142857,0.24705882352941178,-18.571428571428573,-21.0,"-21.00,-16.00,-16.28,-21.00",0,9,-21.0,0.02857142857142857,0.014285714285714285,5.957142857142857,48.97338104791381,50.00668303469355,1.0333019867797442,0.0,rule_side
ext40bps_further0bps_entry21c,NO,99,70,0.02857142857142857,0.21212121212121213,-18.17142857142857,-21.0,"-21.00,-15.18,-15.50,-21.00",0,9,-21.0,0.02857142857142857,0.014285714285714285,5.957142857142857,48.97338104791381,50.00668303469355,1.0333019867797442,0.0,rule_side
ext40bps_further0bps_entry21c,YES,45,54,0.05555555555555555,0.4666666666666667,-18.5,-21.0,"-14.57,-21.00,-21.00,-17.54",0,9,-21.0,0.037037037037037035,0.037037037037037035,5.388888888888889,51.400245449495685,51.78236834666471,0.38212289716902864,1.0,rule_side
ext40bps_further0bps_entry21c,YES,50,54,0.05555555555555555,0.42,-18.22222222222222,-21.0,"-13.86,-21.00,-21.00,-17.15",0,9,-21.0,0.037037037037037035,0.037037037037037035,5.388888888888889,51.400245449495685,51.78236834666471,0.38212289716902864,1.0,rule_side
ext40bps_further0bps_entry21c,YES,55,54,0.05555555555555555,0.38181818181818183,-17.944444444444443,-21.0,"-13.14,-21.00,-21.00,-16.77",0,9,-21.0,0.037037037037037035,0.037037037037037035,5.388888888888889,51.400245449495685,51.78236834666471,0.38212289716902864,1.0,rule_side
ext40bps_further0bps_entry21c,YES,60,54,0.037037037037037035,0.35,-18.77777777777778,-21.0,"-16.71,-21.00,-21.00,-16.38",0,9,-21.0,0.037037037037037035,0.037037037037037035,5.388888888888889,51.400245449495685,51.78236834666471,0.38212289716902864,1.0,rule_side
ext40bps_further0bps_entry21c,YES,65,54,0.037037037037037035,0.3230769230769231,-18.59259259259259,-21.0,"-16.36,-21.00,-21.00,-16.00",0,9,-21.0,0.037037037037037035,0.037037037037037035,5.388888888888889,51.400245449495685,51.78236834666471,0.38212289716902864,1.0,rule_side
ext40bps_further0bps_entry21c,YES,70,54,0.037037037037037035,0.3,-18.40740740740741,-21.0,"-16.00,-21.00,-21.00,-15.62",0,9,-21.0,0.037037037037037035,0.037037037037037035,5.388888888888889,51.400245449495685,51.78236834666471,0.38212289716902864,1.0,rule_side
ext40bps_further0bps_entry21c,YES,75,54,0.037037037037037035,0.28,-18.22222222222222,-21.0,"-15.64,-21.00,-21.00,-15.23",0,9,-21.0,0.037037037037037035,0.037037037037037035,5.388888888888889,51.400245449495685,51.78236834666471,0.38212289716902864,1.0,rule_side
ext40bps_further0bps_entry21c,YES,80,54,0.037037037037037035,0.2625,-18.037037037037038,-21.0,"-15.29,-21.00,-21.00,-14.85",0,9,-21.0,0.037037037037037035,0.037037037037037035,5.388888888888889,51.400245449495685,51.78236834666471,0.38212289716902864,1.0,rule_side
ext40bps_further0bps_entry21c,YES,85,54,0.037037037037037035,0.24705882352941178,-17.85185185185185,-21.0,"-14.93,-21.00,-21.00,-14.46",0,9,-21.0,0.037037037037037035,0.037037037037037035,5.388888888888889,51.400245449495685,51.78236834666471,0.38212289716902864,1.0,rule_side
ext40bps_further0bps_entry21c,YES,99,54,0.037037037037037035,0.21212121212121213,-17.333333333333332,-21.0,"-13.93,-21.00,-21.00,-13.38",0,9,-21.0,0.037037037037037035,0.037037037037037035,5.388888888888889,51.400245449495685,51.78236834666471,0.38212289716902864,1.0,rule_side
ext40bps_further0bps_entry22c,NO,45,71,0.04225352112676056,0.4888888888888889,-20.098591549295776,-22.0,"-22.00,-19.50,-19.50,-19.35",0,9,-22.0,0.028169014084507043,0.014084507042253521,5.915492957746479,48.96311180559422,51.16685277024163,2.2037409646474098,0.0,rule_side
ext40bps_further0bps_entry22c,NO,50,71,0.04225352112676056,0.44,-19.887323943661972,-22.0,"-22.00,-19.22,-19.22,-19.06",0,9,-22.0,0.028169014084507043,0.014084507042253521,5.915492957746479,48.96311180559422,51.16685277024163,2.2037409646474098,0.0,rule_side
ext40bps_further0bps_entry22c,NO,55,71,0.04225352112676056,0.4,-19.676056338028168,-22.0,"-22.00,-18.94,-18.94,-18.76",0,9,-22.0,0.028169014084507043,0.014084507042253521,5.915492957746479,48.96311180559422,51.16685277024163,2.2037409646474098,0.0,rule_side
ext40bps_further0bps_entry22c,NO,60,71,0.04225352112676056,0.36666666666666664,-19.464788732394368,-22.0,"-22.00,-18.67,-18.67,-18.47",0,9,-22.0,0.028169014084507043,0.014084507042253521,5.915492957746479,48.96311180559422,51.16685277024163,2.2037409646474098,0.0,rule_side
ext40bps_further0bps_entry22c,NO,65,71,0.04225352112676056,0.3384615384615385,-19.253521126760564,-22.0,"-22.00,-18.39,-18.39,-18.18",0,9,-22.0,0.028169014084507043,0.014084507042253521,5.915492957746479,48.96311180559422,51.16685277024163,2.2037409646474098,0.0,rule_side
ext40bps_further0bps_entry22c,NO,70,71,0.04225352112676056,0.3142857142857143,-19.04225352112676,-22.0,"-22.00,-18.11,-18.11,-17.88",0,9,-22.0,0.028169014084507043,0.014084507042253521,5.915492957746479,48.96311180559422,51.16685277024163,2.2037409646474098,0.0,rule_side
ext40bps_further0bps_entry22c,NO,75,71,0.04225352112676056,0.29333333333333333,-18.830985915492956,-22.0,"-22.00,-17.83,-17.83,-17.59",0,9,-22.0,0.028169014084507043,0.014084507042253521,5.915492957746479,48.96311180559422,51.16685277024163,2.2037409646474098,0.0,rule_side
ext40bps_further0bps_entry22c,NO,80,71,0.028169014084507043,0.275,-19.746478873239436,-22.0,"-22.00,-17.56,-17.56,-22.00",0,9,-22.0,0.028169014084507043,0.014084507042253521,5.915492957746479,48.96311180559422,51.16685277024163,2.2037409646474098,0.0,rule_side
ext40bps_further0bps_entry22c,NO,85,71,0.028169014084507043,0.25882352941176473,-19.6056338028169,-22.0,"-22.00,-17.28,-17.28,-22.00",0,9,-22.0,0.028169014084507043,0.014084507042253521,5.915492957746479,48.96311180559422,51.16685277024163,2.2037409646474098,0.0,rule_side
ext40bps_further0bps_entry22c,NO,99,71,0.028169014084507043,0.2222222222222222,-19.211267605633804,-22.0,"-22.00,-16.50,-16.50,-22.00",0,9,-22.0,0.028169014084507043,0.014084507042253521,5.915492957746479,48.96311180559422,51.16685277024163,2.2037409646474098,0.0,rule_side
ext40bps_further0bps_entry22c,YES,45,54,0.05555555555555555,0.4888888888888889,-19.5,-22.0,"-15.57,-22.00,-22.00,-18.54",0,9,-22.0,0.037037037037037035,0.037037037037037035,5.351851851851852,51.400245449495685,51.63295856296007,0.2327131134643856,1.0,rule_side
ext40bps_further0bps_entry22c,YES,50,54,0.05555555555555555,0.44,-19.22222222222222,-22.0,"-14.86,-22.00,-22.00,-18.15",0,9,-22.0,0.037037037037037035,0.037037037037037035,5.351851851851852,51.400245449495685,51.63295856296007,0.2327131134643856,1.0,rule_side
ext40bps_further0bps_entry22c,YES,55,54,0.05555555555555555,0.4,-18.944444444444443,-22.0,"-14.14,-22.00,-22.00,-17.77",0,9,-22.0,0.037037037037037035,0.037037037037037035,5.351851851851852,51.400245449495685,51.63295856296007,0.2327131134643856,1.0,rule_side
ext40bps_further0bps_entry22c,YES,60,54,0.037037037037037035,0.36666666666666664,-19.77777777777778,-22.0,"-17.71,-22.00,-22.00,-17.38",0,9,-22.0,0.037037037037037035,0.037037037037037035,5.351851851851852,51.400245449495685,51.63295856296007,0.2327131134643856,1.0,rule_side
ext40bps_further0bps_entry22c,YES,65,54,0.037037037037037035,0.3384615384615385,-19.59259259259259,-22.0,"-17.36,-22.00,-22.00,-17.00",0,9,-22.0,0.037037037037037035,0.037037037037037035,5.351851851851852,51.400245449495685,51.63295856296007,0.2327131134643856,1.0,rule_side
ext40bps_further0bps_entry22c,YES,70,54,0.037037037037037035,0.3142857142857143,-19.40740740740741,-22.0,"-17.00,-22.00,-22.00,-16.62",0,9,-22.0,0.037037037037037035,0.037037037037037035,5.351851851851852,51.400245449495685,51.63295856296007,0.2327131134643856,1.0,rule_side
ext40bps_further0bps_entry22c,YES,75,54,0.037037037037037035,0.29333333333333333,-19.22222222222222,-22.0,"-16.64,-22.00,-22.00,-16.23",0,9,-22.0,0.037037037037037035,0.037037037037037035,5.351851851851852,51.400245449495685,51.63295856296007,0.2327131134643856,1.0,rule_side
ext40bps_further0bps_entry22c,YES,80,54,0.037037037037037035,0.275,-19.037037037037038,-22.0,"-16.29,-22.00,-22.00,-15.85",0,9,-22.0,0.037037037037037035,0.037037037037037035,5.351851851851852,51.400245449495685,51.63295856296007,0.2327131134643856,1.0,rule_side
ext40bps_further0bps_entry22c,YES,85,54,0.037037037037037035,0.25882352941176473,-18.85185185185185,-22.0,"-15.93,-22.00,-22.00,-15.46",0,9,-22.0,0.037037037037037035,0.037037037037037035,5.351851851851852,51.400245449495685,51.63295856296007,0.2327131134643856,1.0,rule_side
ext40bps_further0bps_entry22c,YES,99,54,0.037037037037037035,0.2222222222222222,-18.333333333333332,-22.0,"-14.93,-22.00,-22.00,-14.38",0,9,-22.0,0.037037037037037035,0.037037037037037035,5.351851851851852,51.400245449495685,51.63295856296007,0.2327131134643856,1.0,rule_side
ext40bps_further0bps_entry23c,NO,45,72,0.05555555555555555,0.5111111111111111,-20.5,-23.0,"-23.00,-20.50,-18.00,-20.50",0,9,-23.0,0.041666666666666664,0.027777777777777776,5.875,48.97353474676707,51.1466681980166,2.173133451249529,0.0,rule_side
ext40bps_further0bps_entry23c,NO,50,72,0.05555555555555555,0.46,-20.22222222222222,-23.0,"-23.00,-20.22,-17.44,-20.22",0,9,-23.0,0.041666666666666664,0.027777777777777776,5.875,48.97353474676707,51.1466681980166,2.173133451249529,0.0,rule_side
ext40bps_further0bps_entry23c,NO,55,72,0.05555555555555555,0.41818181818181815,-19.944444444444443,-23.0,"-23.00,-19.94,-16.89,-19.94",0,9,-23.0,0.041666666666666664,0.027777777777777776,5.875,48.97353474676707,51.1466681980166,2.173133451249529,0.0,rule_side
ext40bps_further0bps_entry23c,NO,60,72,0.05555555555555555,0.38333333333333336,-19.666666666666668,-23.0,"-23.00,-19.67,-16.33,-19.67",0,9,-23.0,0.041666666666666664,0.027777777777777776,5.875,48.97353474676707,51.1466681980166,2.173133451249529,0.0,rule_side
ext40bps_further0bps_entry23c,NO,65,72,0.05555555555555555,0.35384615384615387,-19.38888888888889,-23.0,"-23.00,-19.39,-15.78,-19.39",0,9,-23.0,0.041666666666666664,0.027777777777777776,5.875,48.97353474676707,51.1466681980166,2.173133451249529,0.0,rule_side
ext40bps_further0bps_entry23c,NO,70,72,0.05555555555555555,0.32857142857142857,-19.11111111111111,-23.0,"-23.00,-19.11,-15.22,-19.11",0,9,-23.0,0.041666666666666664,0.027777777777777776,5.875,48.97353474676707,51.1466681980166,2.173133451249529,0.0,rule_side
ext40bps_further0bps_entry23c,NO,75,72,0.05555555555555555,0.30666666666666664,-18.833333333333332,-23.0,"-23.00,-18.83,-14.67,-18.83",0,9,-23.0,0.041666666666666664,0.027777777777777776,5.875,48.97353474676707,51.1466681980166,2.173133451249529,0.0,rule_side
ext40bps_further0bps_entry23c,NO,80,72,0.041666666666666664,0.2875,-19.666666666666668,-23.0,"-23.00,-18.56,-14.11,-23.00",0,9,-23.0,0.041666666666666664,0.027777777777777776,5.875,48.97353474676707,51.1466681980166,2.173133451249529,0.0,rule_side
ext40bps_further0bps_entry23c,NO,85,72,0.041666666666666664,0.27058823529411763,-19.458333333333332,-23.0,"-23.00,-18.28,-13.56,-23.00",0,9,-23.0,0.041666666666666664,0.027777777777777776,5.875,48.97353474676707,51.1466681980166,2.173133451249529,0.0,rule_side
ext40bps_further0bps_entry23c,NO,99,72,0.041666666666666664,0.23232323232323232,-18.875,-23.0,"-23.00,-17.50,-12.00,-23.00",0,9,-23.0,0.041666666666666664,0.027777777777777776,5.875,48.97353474676707,51.1466681980166,2.173133451249529,0.0,rule_side
ext40bps_further0bps_entry23c,YES,45,54,0.05555555555555555,0.5111111111111111,-20.5,-23.0,"-16.57,-23.00,-23.00,-19.54",0,9,-23.0,0.037037037037037035,0.037037037037037035,5.351851851851852,51.400245449495685,51.63295856296007,0.2327131134643856,1.0,rule_side
ext40bps_further0bps_entry23c,YES,50,54,0.05555555555555555,0.46,-20.22222222222222,-23.0,"-15.86,-23.00,-23.00,-19.15",0,9,-23.0,0.037037037037037035,0.037037037037037035,5.351851851851852,51.400245449495685,51.63295856296007,0.2327131134643856,1.0,rule_side
ext40bps_further0bps_entry23c,YES,55,54,0.05555555555555555,0.41818181818181815,-19.944444444444443,-23.0,"-15.14,-23.00,-23.00,-18.77",0,9,-23.0,0.037037037037037035,0.037037037037037035,5.351851851851852,51.400245449495685,51.63295856296007,0.2327131134643856,1.0,rule_side
ext40bps_further0bps_entry23c,YES,60,54,0.037037037037037035,0.38333333333333336,-20.77777777777778,-23.0,"-18.71,-23.00,-23.00,-18.38",0,9,-23.0,0.037037037037037035,0.037037037037037035,5.351851851851852,51.400245449495685,51.63295856296007,0.2327131134643856,1.0,rule_side
ext40bps_further0bps_entry23c,YES,65,54,0.037037037037037035,0.35384615384615387,-20.59259259259259,-23.0,"-18.36,-23.00,-23.00,-18.00",0,9,-23.0,0.037037037037037035,0.037037037037037035,5.351851851851852,51.400245449495685,51.63295856296007,0.2327131134643856,1.0,rule_side
ext40bps_further0bps_entry23c,YES,70,54,0.037037037037037035,0.32857142857142857,-20.40740740740741,-23.0,"-18.00,-23.00,-23.00,-17.62",0,9,-23.0,0.037037037037037035,0.037037037037037035,5.351851851851852,51.400245449495685,51.63295856296007,0.2327131134643856,1.0,rule_side
ext40bps_further0bps_entry23c,YES,75,54,0.037037037037037035,0.30666666666666664,-20.22222222222222,-23.0,"-17.64,-23.00,-23.00,-17.23",0,9,-23.0,0.037037037037037035,0.037037037037037035,5.351851851851852,51.400245449495685,51.63295856296007,0.2327131134643856,1.0,rule_side
ext40bps_further0bps_entry23c,YES,80,54,0.037037037037037035,0.2875,-20.037037037037038,-23.0,"-17.29,-23.00,-23.00,-16.85",0,9,-23.0,0.037037037037037035,0.037037037037037035,5.351851851851852,51.400245449495685,51.63295856296007,0.2327131134643856,1.0,rule_side
ext40bps_further0bps_entry23c,YES,85,54,0.037037037037037035,0.27058823529411763,-19.85185185185185,-23.0,"-16.93,-23.00,-23.00,-16.46",0,9,-23.0,0.037037037037037035,0.037037037037037035,5.351851851851852,51.400245449495685,51.63295856296007,0.2327131134643856,1.0,rule_side
ext40bps_further0bps_entry23c,YES,99,54,0.037037037037037035,0.23232323232323232,-19.333333333333332,-23.0,"-15.93,-23.00,-23.00,-15.38",0,9,-23.0,0.037037037037037035,0.037037037037037035,5.351851851851852,51.400245449495685,51.63295856296007,0.2327131134643856,1.0,rule_side
ext40bps_further0bps_entry24c,NO,45,73,0.0684931506849315,0.5333333333333333,-20.91780821917808,-24.0,"-24.00,-19.00,-19.00,-21.50",0,9,-24.0,0.0410958904109589,0.0410958904109589,5.821917808219178,48.951152044857686,51.094516544720236,2.143364499862549,0.0,rule_side
ext40bps_further0bps_entry24c,NO,50,73,0.0684931506849315,0.48,-20.575342465753426,-24.0,"-24.00,-18.44,-18.44,-21.22",0,9,-24.0,0.0410958904109589,0.0410958904109589,5.821917808219178,48.951152044857686,51.094516544720236,2.143364499862549,0.0,rule_side
ext40bps_further0bps_entry24c,NO,55,73,0.0684931506849315,0.43636363636363634,-20.232876712328768,-24.0,"-24.00,-17.89,-17.89,-20.94",0,9,-24.0,0.0410958904109589,0.0410958904109589,5.821917808219178,48.951152044857686,51.094516544720236,2.143364499862549,0.0,rule_side
ext40bps_further0bps_entry24c,NO,60,73,0.0547945205479452,0.4,-20.71232876712329,-24.0,"-24.00,-20.67,-17.33,-20.67",0,9,-24.0,0.0410958904109589,0.0410958904109589,5.821917808219178,48.951152044857686,51.094516544720236,2.143364499862549,0.0,rule_side
ext40bps_further0bps_entry24c,NO,65,73,0.0547945205479452,0.36923076923076925,-20.438356164383563,-24.0,"-24.00,-20.39,-16.78,-20.39",0,9,-24.0,0.0410958904109589,0.0410958904109589,5.821917808219178,48.951152044857686,51.094516544720236,2.143364499862549,0.0,rule_side
ext40bps_further0bps_entry24c,NO,70,73,0.0547945205479452,0.34285714285714286,-20.164383561643834,-24.0,"-24.00,-20.11,-16.22,-20.11",0,9,-24.0,0.0410958904109589,0.0410958904109589,5.821917808219178,48.951152044857686,51.094516544720236,2.143364499862549,0.0,rule_side
ext40bps_further0bps_entry24c,NO,75,73,0.0547945205479452,0.32,-19.89041095890411,-24.0,"-24.00,-19.83,-15.67,-19.83",0,9,-24.0,0.0410958904109589,0.0410958904109589,5.821917808219178,48.951152044857686,51.094516544720236,2.143364499862549,0.0,rule_side
ext40bps_further0bps_entry24c,NO,80,73,0.0410958904109589,0.3,-20.71232876712329,-24.0,"-24.00,-19.56,-15.11,-24.00",0,9,-24.0,0.0410958904109589,0.0410958904109589,5.821917808219178,48.951152044857686,51.094516544720236,2.143364499862549,0.0,rule_side
ext40bps_further0bps_entry24c,NO,85,73,0.0410958904109589,0.2823529411764706,-20.506849315068493,-24.0,"-24.00,-19.28,-14.56,-24.00",0,9,-24.0,0.0410958904109589,0.0410958904109589,5.821917808219178,48.951152044857686,51.094516544720236,2.143364499862549,0.0,rule_side
ext40bps_further0bps_entry24c,NO,99,73,0.0410958904109589,0.24242424242424243,-19.931506849315067,-24.0,"-24.00,-18.50,-13.00,-24.00",0,9,-24.0,0.0410958904109589,0.0410958904109589,5.821917808219178,48.951152044857686,51.094516544720236,2.143364499862549,0.0,rule_side
ext40bps_further0bps_entry24c,YES,45,55,0.05454545454545454,0.5333333333333333,-21.545454545454547,-24.0,"-17.57,-24.00,-24.00,-20.54",0,9,-24.0,0.03636363636363636,0.03636363636363636,5.290909090909091,51.32782361628804,51.55630558223489,0.22848196594685133,1.0,rule_side
ext40bps_further0bps_entry24c,YES,50,55,0.05454545454545454,0.48,-21.272727272727273,-24.0,"-16.86,-24.00,-24.00,-20.15",0,9,-24.0,0.03636363636363636,0.03636363636363636,5.290909090909091,51.32782361628804,51.55630558223489,0.22848196594685133,1.0,rule_side
ext40bps_further0bps_entry24c,YES,55,55,0.05454545454545454,0.43636363636363634,-21.0,-24.0,"-16.14,-24.00,-24.00,-19.77",0,9,-24.0,0.03636363636363636,0.03636363636363636,5.290909090909091,51.32782361628804,51.55630558223489,0.22848196594685133,1.0,rule_side
ext40bps_further0bps_entry24c,YES,60,55,0.03636363636363636,0.4,-21.818181818181817,-24.0,"-19.71,-24.00,-24.00,-19.38",0,9,-24.0,0.03636363636363636,0.03636363636363636,5.290909090909091,51.32782361628804,51.55630558223489,0.22848196594685133,1.0,rule_side
ext40bps_further0bps_entry24c,YES,65,55,0.03636363636363636,0.36923076923076925,-21.636363636363637,-24.0,"-19.36,-24.00,-24.00,-19.00",0,9,-24.0,0.03636363636363636,0.03636363636363636,5.290909090909091,51.32782361628804,51.55630558223489,0.22848196594685133,1.0,rule_side
ext40bps_further0bps_entry24c,YES,70,55,0.03636363636363636,0.34285714285714286,-21.454545454545453,-24.0,"-19.00,-24.00,-24.00,-18.62",0,9,-24.0,0.03636363636363636,0.03636363636363636,5.290909090909091,51.32782361628804,51.55630558223489,0.22848196594685133,1.0,rule_side
ext40bps_further0bps_entry24c,YES,75,55,0.03636363636363636,0.32,-21.272727272727273,-24.0,"-18.64,-24.00,-24.00,-18.23",0,9,-24.0,0.03636363636363636,0.03636363636363636,5.290909090909091,51.32782361628804,51.55630558223489,0.22848196594685133,1.0,rule_side
ext40bps_further0bps_entry24c,YES,80,55,0.03636363636363636,0.3,-21.09090909090909,-24.0,"-18.29,-24.00,-24.00,-17.85",0,9,-24.0,0.03636363636363636,0.03636363636363636,5.290909090909091,51.32782361628804,51.55630558223489,0.22848196594685133,1.0,rule_side
ext40bps_further0bps_entry24c,YES,85,55,0.03636363636363636,0.2823529411764706,-20.90909090909091,-24.0,"-17.93,-24.00,-24.00,-17.46",0,9,-24.0,0.03636363636363636,0.03636363636363636,5.290909090909091,51.32782361628804,51.55630558223489,0.22848196594685133,1.0,rule_side
ext40bps_further0bps_entry24c,YES,99,55,0.03636363636363636,0.24242424242424243,-20.4,-24.0,"-16.93,-24.00,-24.00,-16.38",0,9,-24.0,0.03636363636363636,0.03636363636363636,5.290909090909091,51.32782361628804,51.55630558223489,0.22848196594685133,1.0,rule_side
ext40bps_further0bps_entry25c,NO,45,73,0.0684931506849315,0.5555555555555556,-21.91780821917808,-25.0,"-25.00,-20.00,-20.00,-22.50",0,9,-25.0,0.0410958904109589,0.0410958904109589,5.821917808219178,48.951152044857686,51.094516544720236,2.143364499862549,0.0,rule_side
ext40bps_further0bps_entry25c,NO,50,73,0.0684931506849315,0.5,-21.575342465753426,-25.0,"-25.00,-19.44,-19.44,-22.22",0,9,-25.0,0.0410958904109589,0.0410958904109589,5.821917808219178,48.951152044857686,51.094516544720236,2.143364499862549,0.0,rule_side
ext40bps_further0bps_entry25c,NO,55,73,0.0684931506849315,0.45454545454545453,-21.232876712328768,-25.0,"-25.00,-18.89,-18.89,-21.94",0,9,-25.0,0.0410958904109589,0.0410958904109589,5.821917808219178,48.951152044857686,51.094516544720236,2.143364499862549,0.0,rule_side
ext40bps_further0bps_entry25c,NO,60,73,0.0547945205479452,0.4166666666666667,-21.71232876712329,-25.0,"-25.00,-21.67,-18.33,-21.67",0,9,-25.0,0.0410958904109589,0.0410958904109589,5.821917808219178,48.951152044857686,51.094516544720236,2.143364499862549,0.0,rule_side
ext40bps_further0bps_entry25c,NO,65,73,0.0547945205479452,0.38461538461538464,-21.438356164383563,-25.0,"-25.00,-21.39,-17.78,-21.39",0,9,-25.0,0.0410958904109589,0.0410958904109589,5.821917808219178,48.951152044857686,51.094516544720236,2.143364499862549,0.0,rule_side
ext40bps_further0bps_entry25c,NO,70,73,0.0547945205479452,0.35714285714285715,-21.164383561643834,-25.0,"-25.00,-21.11,-17.22,-21.11",0,9,-25.0,0.0410958904109589,0.0410958904109589,5.821917808219178,48.951152044857686,51.094516544720236,2.143364499862549,0.0,rule_side
ext40bps_further0bps_entry25c,NO,75,73,0.0547945205479452,0.3333333333333333,-20.89041095890411,-25.0,"-25.00,-20.83,-16.67,-20.83",0,9,-25.0,0.0410958904109589,0.0410958904109589,5.821917808219178,48.951152044857686,51.094516544720236,2.143364499862549,0.0,rule_side
ext40bps_further0bps_entry25c,NO,80,73,0.0410958904109589,0.3125,-21.71232876712329,-25.0,"-25.00,-20.56,-16.11,-25.00",0,9,-25.0,0.0410958904109589,0.0410958904109589,5.821917808219178,48.951152044857686,51.094516544720236,2.143364499862549,0.0,rule_side
ext40bps_further0bps_entry25c,NO,85,73,0.0410958904109589,0.29411764705882354,-21.506849315068493,-25.0,"-25.00,-20.28,-15.56,-25.00",0,9,-25.0,0.0410958904109589,0.0410958904109589,5.821917808219178,48.951152044857686,51.094516544720236,2.143364499862549,0.0,rule_side
ext40bps_further0bps_entry25c,NO,99,73,0.0410958904109589,0.25252525252525254,-20.931506849315067,-25.0,"-25.00,-19.50,-14.00,-25.00",0,9,-25.0,0.0410958904109589,0.0410958904109589,5.821917808219178,48.951152044857686,51.094516544720236,2.143364499862549,0.0,rule_side
ext40bps_further0bps_entry25c,YES,45,56,0.05357142857142857,0.5555555555555556,-22.589285714285715,-25.0,"-18.57,-25.00,-25.00,-21.79",0,9,-25.0,0.03571428571428571,0.03571428571428571,5.232142857142857,51.14990716285456,51.41745925081556,0.26755208796100305,1.0,rule_side
ext40bps_further0bps_entry25c,YES,50,56,0.05357142857142857,0.5,-22.321428571428573,-25.0,"-17.86,-25.00,-25.00,-21.43",0,9,-25.0,0.03571428571428571,0.03571428571428571,5.232142857142857,51.14990716285456,51.41745925081556,0.26755208796100305,1.0,rule_side
ext40bps_further0bps_entry25c,YES,55,56,0.05357142857142857,0.45454545454545453,-22.053571428571427,-25.0,"-17.14,-25.00,-25.00,-21.07",0,9,-25.0,0.03571428571428571,0.03571428571428571,5.232142857142857,51.14990716285456,51.41745925081556,0.26755208796100305,1.0,rule_side
ext40bps_further0bps_entry25c,YES,60,56,0.03571428571428571,0.4166666666666667,-22.857142857142858,-25.0,"-20.71,-25.00,-25.00,-20.71",0,9,-25.0,0.03571428571428571,0.03571428571428571,5.232142857142857,51.14990716285456,51.41745925081556,0.26755208796100305,1.0,rule_side
ext40bps_further0bps_entry25c,YES,65,56,0.03571428571428571,0.38461538461538464,-22.678571428571427,-25.0,"-20.36,-25.00,-25.00,-20.36",0,9,-25.0,0.03571428571428571,0.03571428571428571,5.232142857142857,51.14990716285456,51.41745925081556,0.26755208796100305,1.0,rule_side
ext40bps_further0bps_entry25c,YES,70,56,0.03571428571428571,0.35714285714285715,-22.5,-25.0,"-20.00,-25.00,-25.00,-20.00",0,9,-25.0,0.03571428571428571,0.03571428571428571,5.232142857142857,51.14990716285456,51.41745925081556,0.26755208796100305,1.0,rule_side
ext40bps_further0bps_entry25c,YES,75,56,0.03571428571428571,0.3333333333333333,-22.321428571428573,-25.0,"-19.64,-25.00,-25.00,-19.64",0,9,-25.0,0.03571428571428571,0.03571428571428571,5.232142857142857,51.14990716285456,51.41745925081556,0.26755208796100305,1.0,rule_side
ext40bps_further0bps_entry25c,YES,80,56,0.03571428571428571,0.3125,-22.142857142857142,-25.0,"-19.29,-25.00,-25.00,-19.29",0,9,-25.0,0.03571428571428571,0.03571428571428571,5.232142857142857,51.14990716285456,51.41745925081556,0.26755208796100305,1.0,rule_side
ext40bps_further0bps_entry25c,YES,85,56,0.03571428571428571,0.29411764705882354,-21.964285714285715,-25.0,"-18.93,-25.00,-25.00,-18.93",0,9,-25.0,0.03571428571428571,0.03571428571428571,5.232142857142857,51.14990716285456,51.41745925081556,0.26755208796100305,1.0,rule_side
ext40bps_further0bps_entry25c,YES,99,56,0.03571428571428571,0.25252525252525254,-21.464285714285715,-25.0,"-17.93,-25.00,-25.00,-17.93",0,9,-25.0,0.03571428571428571,0.03571428571428571,5.232142857142857,51.14990716285456,51.41745925081556,0.26755208796100305,1.0,rule_side
ext50bps_further0bps_entry20c,NO,45,41,0.024390243902439025,0.4444444444444444,-18.902439024390244,-20.0,"-20.00,-20.00,-15.50,-20.00",0,8,-20.0,0.024390243902439025,0.0,5.7317073170731705,58.69898181881884,59.2817256841422,0.5827438653233743,0.0,rule_side
ext50bps_further0bps_entry20c,NO,50,41,0.024390243902439025,0.4,-18.78048780487805,-20.0,"-20.00,-20.00,-15.00,-20.00",0,8,-20.0,0.024390243902439025,0.0,5.7317073170731705,58.69898181881884,59.2817256841422,0.5827438653233743,0.0,rule_side
ext50bps_further0bps_entry20c,NO,55,41,0.024390243902439025,0.36363636363636365,-18.658536585365855,-20.0,"-20.00,-20.00,-14.50,-20.00",0,8,-20.0,0.024390243902439025,0.0,5.7317073170731705,58.69898181881884,59.2817256841422,0.5827438653233743,0.0,rule_side
ext50bps_further0bps_entry20c,NO,60,41,0.024390243902439025,0.3333333333333333,-18.536585365853657,-20.0,"-20.00,-20.00,-14.00,-20.00",0,8,-20.0,0.024390243902439025,0.0,5.7317073170731705,58.69898181881884,59.2817256841422,0.5827438653233743,0.0,rule_side
ext50bps_further0bps_entry20c,NO,65,41,0.024390243902439025,0.3076923076923077,-18.414634146341463,-20.0,"-20.00,-20.00,-13.50,-20.00",0,8,-20.0,0.024390243902439025,0.0,5.7317073170731705,58.69898181881884,59.2817256841422,0.5827438653233743,0.0,rule_side
ext50bps_further0bps_entry20c,NO,70,41,0.024390243902439025,0.2857142857142857,-18.29268292682927,-20.0,"-20.00,-20.00,-13.00,-20.00",0,8,-20.0,0.024390243902439025,0.0,5.7317073170731705,58.69898181881884,59.2817256841422,0.5827438653233743,0.0,rule_side
ext50bps_further0bps_entry20c,NO,75,41,0.024390243902439025,0.26666666666666666,-18.170731707317074,-20.0,"-20.00,-20.00,-12.50,-20.00",0,8,-20.0,0.024390243902439025,0.0,5.7317073170731705,58.69898181881884,59.2817256841422,0.5827438653233743,0.0,rule_side
ext50bps_further0bps_entry20c,NO,80,41,0.024390243902439025,0.25,-18.048780487804876,-20.0,"-20.00,-20.00,-12.00,-20.00",0,8,-20.0,0.024390243902439025,0.0,5.7317073170731705,58.69898181881884,59.2817256841422,0.5827438653233743,0.0,rule_side
ext50bps_further0bps_entry20c,NO,85,41,0.024390243902439025,0.23529411764705882,-17.926829268292682,-20.0,"-20.00,-20.00,-11.50,-20.00",0,8,-20.0,0.024390243902439025,0.0,5.7317073170731705,58.69898181881884,59.2817256841422,0.5827438653233743,0.0,rule_side
ext50bps_further0bps_entry20c,NO,99,41,0.024390243902439025,0.20202020202020202,-17.585365853658537,-20.0,"-20.00,-20.00,-10.10,-20.00",0,8,-20.0,0.024390243902439025,0.0,5.7317073170731705,58.69898181881884,59.2817256841422,0.5827438653233743,0.0,rule_side
ext50bps_further0bps_entry20c,YES,45,36,0.027777777777777776,0.4444444444444444,-18.75,-20.0,"-15.00,-20.00,-20.00,-20.00",0,8,-20.0,0.027777777777777776,0.027777777777777776,5.555555555555555,60.789827575220635,61.509340087845445,0.7195125126248156,1.0,rule_side
ext50bps_further0bps_entry20c,YES,50,36,0.027777777777777776,0.4,-18.61111111111111,-20.0,"-14.44,-20.00,-20.00,-20.00",0,8,-20.0,0.027777777777777776,0.027777777777777776,5.555555555555555,60.789827575220635,61.509340087845445,0.7195125126248156,1.0,rule_side
ext50bps_further0bps_entry20c,YES,55,36,0.027777777777777776,0.36363636363636365,-18.47222222222222,-20.0,"-13.89,-20.00,-20.00,-20.00",0,8,-20.0,0.027777777777777776,0.027777777777777776,5.555555555555555,60.789827575220635,61.509340087845445,0.7195125126248156,1.0,rule_side
ext50bps_further0bps_entry20c,YES,60,36,0.027777777777777776,0.3333333333333333,-18.333333333333332,-20.0,"-13.33,-20.00,-20.00,-20.00",0,8,-20.0,0.027777777777777776,0.027777777777777776,5.555555555555555,60.789827575220635,61.509340087845445,0.7195125126248156,1.0,rule_side
ext50bps_further0bps_entry20c,YES,65,36,0.027777777777777776,0.3076923076923077,-18.194444444444443,-20.0,"-12.78,-20.00,-20.00,-20.00",0,8,-20.0,0.027777777777777776,0.027777777777777776,5.555555555555555,60.789827575220635,61.509340087845445,0.7195125126248156,1.0,rule_side
ext50bps_further0bps_entry20c,YES,70,36,0.027777777777777776,0.2857142857142857,-18.055555555555557,-20.0,"-12.22,-20.00,-20.00,-20.00",0,8,-20.0,0.027777777777777776,0.027777777777777776,5.555555555555555,60.789827575220635,61.509340087845445,0.7195125126248156,1.0,rule_side
ext50bps_further0bps_entry20c,YES,75,36,0.027777777777777776,0.26666666666666666,-17.916666666666668,-20.0,"-11.67,-20.00,-20.00,-20.00",0,8,-20.0,0.027777777777777776,0.027777777777777776,5.555555555555555,60.789827575220635,61.509340087845445,0.7195125126248156,1.0,rule_side
ext50bps_further0bps_entry20c,YES,80,36,0.027777777777777776,0.25,-17.77777777777778,-20.0,"-11.11,-20.00,-20.00,-20.00",0,8,-20.0,0.027777777777777776,0.027777777777777776,5.555555555555555,60.789827575220635,61.509340087845445,0.7195125126248156,1.0,rule_side
ext50bps_further0bps_entry20c,YES,85,36,0.027777777777777776,0.23529411764705882,-17.63888888888889,-20.0,"-10.56,-20.00,-20.00,-20.00",0,8,-20.0,0.027777777777777776,0.027777777777777776,5.555555555555555,60.789827575220635,61.509340087845445,0.7195125126248156,1.0,rule_side
ext50bps_further0bps_entry20c,YES,99,36,0.027777777777777776,0.20202020202020202,-17.25,-20.0,"-9.00,-20.00,-20.00,-20.00",0,8,-20.0,0.027777777777777776,0.027777777777777776,5.555555555555555,60.789827575220635,61.509340087845445,0.7195125126248156,1.0,rule_side
ext50bps_further0bps_entry21c,NO,45,41,0.024390243902439025,0.4666666666666667,-19.902439024390244,-21.0,"-21.00,-21.00,-16.50,-21.00",0,8,-21.0,0.024390243902439025,0.0,5.7317073170731705,58.69898181881884,59.2817256841422,0.5827438653233743,0.0,rule_side
ext50bps_further0bps_entry21c,NO,50,41,0.024390243902439025,0.42,-19.78048780487805,-21.0,"-21.00,-21.00,-16.00,-21.00",0,8,-21.0,0.024390243902439025,0.0,5.7317073170731705,58.69898181881884,59.2817256841422,0.5827438653233743,0.0,rule_side
ext50bps_further0bps_entry21c,NO,55,41,0.024390243902439025,0.38181818181818183,-19.658536585365855,-21.0,"-21.00,-21.00,-15.50,-21.00",0,8,-21.0,0.024390243902439025,0.0,5.7317073170731705,58.69898181881884,59.2817256841422,0.5827438653233743,0.0,rule_side
ext50bps_further0bps_entry21c,NO,60,41,0.024390243902439025,0.35,-19.536585365853657,-21.0,"-21.00,-21.00,-15.00,-21.00",0,8,-21.0,0.024390243902439025,0.0,5.7317073170731705,58.69898181881884,59.2817256841422,0.5827438653233743,0.0,rule_side
ext50bps_further0bps_entry21c,NO,65,41,0.024390243902439025,0.3230769230769231,-19.414634146341463,-21.0,"-21.00,-21.00,-14.50,-21.00",0,8,-21.0,0.024390243902439025,0.0,5.7317073170731705,58.69898181881884,59.2817256841422,0.5827438653233743,0.0,rule_side
ext50bps_further0bps_entry21c,NO,70,41,0.024390243902439025,0.3,-19.29268292682927,-21.0,"-21.00,-21.00,-14.00,-21.00",0,8,-21.0,0.024390243902439025,0.0,5.7317073170731705,58.69898181881884,59.2817256841422,0.5827438653233743,0.0,rule_side
ext50bps_further0bps_entry21c,NO,75,41,0.024390243902439025,0.28,-19.170731707317074,-21.0,"-21.00,-21.00,-13.50,-21.00",0,8,-21.0,0.024390243902439025,0.0,5.7317073170731705,58.69898181881884,59.2817256841422,0.5827438653233743,0.0,rule_side
ext50bps_further0bps_entry21c,NO,80,41,0.024390243902439025,0.2625,-19.048780487804876,-21.0,"-21.00,-21.00,-13.00,-21.00",0,8,-21.0,0.024390243902439025,0.0,5.7317073170731705,58.69898181881884,59.2817256841422,0.5827438653233743,0.0,rule_side
ext50bps_further0bps_entry21c,NO,85,41,0.024390243902439025,0.24705882352941178,-18.926829268292682,-21.0,"-21.00,-21.00,-12.50,-21.00",0,8,-21.0,0.024390243902439025,0.0,5.7317073170731705,58.69898181881884,59.2817256841422,0.5827438653233743,0.0,rule_side
ext50bps_further0bps_entry21c,NO,99,41,0.024390243902439025,0.21212121212121213,-18.585365853658537,-21.0,"-21.00,-21.00,-11.10,-21.00",0,8,-21.0,0.024390243902439025,0.0,5.7317073170731705,58.69898181881884,59.2817256841422,0.5827438653233743,0.0,rule_side
ext50bps_further0bps_entry21c,YES,45,37,0.05405405405405406,0.4666666666666667,-18.56756756756757,-21.0,"-16.50,-21.00,-21.00,-16.00",0,8,-21.0,0.05405405405405406,0.02702702702702703,5.4324324324324325,60.541080462347374,60.706757789891356,0.16567732754397832,1.0,rule_side
ext50bps_further0bps_entry21c,YES,50,37,0.05405405405405406,0.42,-18.2972972972973,-21.0,"-16.00,-21.00,-21.00,-15.44",0,8,-21.0,0.05405405405405406,0.02702702702702703,5.4324324324324325,60.541080462347374,60.706757789891356,0.16567732754397832,1.0,rule_side
ext50bps_further0bps_entry21c,YES,55,37,0.05405405405405406,0.38181818181818183,-18.027027027027028,-21.0,"-15.50,-21.00,-21.00,-14.89",0,8,-21.0,0.05405405405405406,0.02702702702702703,5.4324324324324325,60.541080462347374,60.706757789891356,0.16567732754397832,1.0,rule_side
ext50bps_further0bps_entry21c,YES,60,37,0.05405405405405406,0.35,-17.756756756756758,-21.0,"-15.00,-21.00,-21.00,-14.33",0,8,-21.0,0.05405405405405406,0.02702702702702703,5.4324324324324325,60.541080462347374,60.706757789891356,0.16567732754397832,1.0,rule_side
ext50bps_further0bps_entry21c,YES,65,37,0.05405405405405406,0.3230769230769231,-17.486486486486488,-21.0,"-14.50,-21.00,-21.00,-13.78",0,8,-21.0,0.05405405405405406,0.02702702702702703,5.4324324324324325,60.541080462347374,60.706757789891356,0.16567732754397832,1.0,rule_side
ext50bps_further0bps_entry21c,YES,70,37,0.05405405405405406,0.3,-17.216216216216218,-21.0,"-14.00,-21.00,-21.00,-13.22",0,8,-21.0,0.05405405405405406,0.02702702702702703,5.4324324324324325,60.541080462347374,60.706757789891356,0.16567732754397832,1.0,rule_side
ext50bps_further0bps_entry21c,YES,75,37,0.05405405405405406,0.28,-16.945945945945947,-21.0,"-13.50,-21.00,-21.00,-12.67",0,8,-21.0,0.05405405405405406,0.02702702702702703,5.4324324324324325,60.541080462347374,60.706757789891356,0.16567732754397832,1.0,rule_side
ext50bps_further0bps_entry21c,YES,80,37,0.05405405405405406,0.2625,-16.675675675675677,-21.0,"-13.00,-21.00,-21.00,-12.11",0,8,-21.0,0.05405405405405406,0.02702702702702703,5.4324324324324325,60.541080462347374,60.706757789891356,0.16567732754397832,1.0,rule_side
ext50bps_further0bps_entry21c,YES,85,37,0.05405405405405406,0.24705882352941178,-16.405405405405407,-21.0,"-12.50,-21.00,-21.00,-11.56",0,8,-21.0,0.05405405405405406,0.02702702702702703,5.4324324324324325,60.541080462347374,60.706757789891356,0.16567732754397832,1.0,rule_side
ext50bps_further0bps_entry21c,YES,99,37,0.05405405405405406,0.21212121212121213,-15.64864864864865,-21.0,"-11.10,-21.00,-21.00,-10.00",0,8,-21.0,0.05405405405405406,0.02702702702702703,5.4324324324324325,60.541080462347374,60.706757789891356,0.16567732754397832,1.0,rule_side
ext50bps_further0bps_entry22c,NO,45,42,0.023809523809523808,0.4888888888888889,-20.928571428571427,-22.0,"-22.00,-22.00,-17.91,-22.00",0,8,-22.0,0.023809523809523808,0.0,5.666666666666667,60.45326163881379,61.022130650200886,0.5688690113871034,0.0,rule_side
ext50bps_further0bps_entry22c,NO,50,42,0.023809523809523808,0.44,-20.80952380952381,-22.0,"-22.00,-22.00,-17.45,-22.00",0,8,-22.0,0.023809523809523808,0.0,5.666666666666667,60.45326163881379,61.022130650200886,0.5688690113871034,0.0,rule_side
ext50bps_further0bps_entry22c,NO,55,42,0.023809523809523808,0.4,-20.69047619047619,-22.0,"-22.00,-22.00,-17.00,-22.00",0,8,-22.0,0.023809523809523808,0.0,5.666666666666667,60.45326163881379,61.022130650200886,0.5688690113871034,0.0,rule_side
ext50bps_further0bps_entry22c,NO,60,42,0.023809523809523808,0.36666666666666664,-20.571428571428573,-22.0,"-22.00,-22.00,-16.55,-22.00",0,8,-22.0,0.023809523809523808,0.0,5.666666666666667,60.45326163881379,61.022130650200886,0.5688690113871034,0.0,rule_side
ext50bps_further0bps_entry22c,NO,65,42,0.023809523809523808,0.3384615384615385,-20.452380952380953,-22.0,"-22.00,-22.00,-16.09,-22.00",0,8,-22.0,0.023809523809523808,0.0,5.666666666666667,60.45326163881379,61.022130650200886,0.5688690113871034,0.0,rule_side
ext50bps_further0bps_entry22c,NO,70,42,0.023809523809523808,0.3142857142857143,-20.333333333333332,-22.0,"-22.00,-22.00,-15.64,-22.00",0,8,-22.0,0.023809523809523808,0.0,5.666666666666667,60.45326163881379,61.022130650200886,0.5688690113871034,0.0,rule_side
ext50bps_further0bps_entry22c,NO,75,42,0.023809523809523808,0.29333333333333333,-20.214285714285715,-22.0,"-22.00,-22.00,-15.18,-22.00",0,8,-22.0,0.023809523809523808,0.0,5.666666666666667,60.45326163881379,61.022130650200886,0.5688690113871034,0.0,rule_side
ext50bps_further0bps_entry22c,NO,80,42,0.023809523809523808,0.275,-20.095238095238095,-22.0,"-22.00,-22.00,-14.73,-22.00",0,8,-22.0,0.023809523809523808,0.0,5.666666666666667,60.45326163881379,61.022130650200886,0.5688690113871034,0.0,rule_side
ext50bps_further0bps_entry22c,NO,85,42,0.023809523809523808,0.25882352941176473,-19.976190476190474,-22.0,"-22.00,-22.00,-14.27,-22.00",0,8,-22.0,0.023809523809523808,0.0,5.666666666666667,60.45326163881379,61.022130650200886,0.5688690113871034,0.0,rule_side
ext50bps_further0bps_entry22c,NO,99,42,0.023809523809523808,0.2222222222222222,-19.642857142857142,-22.0,"-22.00,-22.00,-13.00,-22.00",0,8,-22.0,0.023809523809523808,0.0,5.666666666666667,60.45326163881379,61.022130650200886,0.5688690113871034,0.0,rule_side
ext50bps_further0bps_entry22c,YES,45,37,0.05405405405405406,0.4888888888888889,-19.56756756756757,-22.0,"-17.50,-22.00,-22.00,-17.00",0,8,-22.0,0.05405405405405406,0.02702702702702703,5.4324324324324325,60.541080462347374,60.706757789891356,0.16567732754397832,1.0,rule_side
ext50bps_further0bps_entry22c,YES,50,37,0.05405405405405406,0.44,-19.2972972972973,-22.0,"-17.00,-22.00,-22.00,-16.44",0,8,-22.0,0.05405405405405406,0.02702702702702703,5.4324324324324325,60.541080462347374,60.706757789891356,0.16567732754397832,1.0,rule_side
ext50bps_further0bps_entry22c,YES,55,37,0.05405405405405406,0.4,-19.027027027027028,-22.0,"-16.50,-22.00,-22.00,-15.89",0,8,-22.0,0.05405405405405406,0.02702702702702703,5.4324324324324325,60.541080462347374,60.706757789891356,0.16567732754397832,1.0,rule_side
ext50bps_further0bps_entry22c,YES,60,37,0.05405405405405406,0.36666666666666664,-18.756756756756758,-22.0,"-16.00,-22.00,-22.00,-15.33",0,8,-22.0,0.05405405405405406,0.02702702702702703,5.4324324324324325,60.541080462347374,60.706757789891356,0.16567732754397832,1.0,rule_side
ext50bps_further0bps_entry22c,YES,65,37,0.05405405405405406,0.3384615384615385,-18.486486486486488,-22.0,"-15.50,-22.00,-22.00,-14.78",0,8,-22.0,0.05405405405405406,0.02702702702702703,5.4324324324324325,60.541080462347374,60.706757789891356,0.16567732754397832,1.0,rule_side
ext50bps_further0bps_entry22c,YES,70,37,0.05405405405405406,0.3142857142857143,-18.216216216216218,-22.0,"-15.00,-22.00,-22.00,-14.22",0,8,-22.0,0.05405405405405406,0.02702702702702703,5.4324324324324325,60.541080462347374,60.706757789891356,0.16567732754397832,1.0,rule_side
ext50bps_further0bps_entry22c,YES,75,37,0.05405405405405406,0.29333333333333333,-17.945945945945947,-22.0,"-14.50,-22.00,-22.00,-13.67",0,8,-22.0,0.05405405405405406,0.02702702702702703,5.4324324324324325,60.541080462347374,60.706757789891356,0.16567732754397832,1.0,rule_side
ext50bps_further0bps_entry22c,YES,80,37,0.05405405405405406,0.275,-17.675675675675677,-22.0,"-14.00,-22.00,-22.00,-13.11",0,8,-22.0,0.05405405405405406,0.02702702702702703,5.4324324324324325,60.541080462347374,60.706757789891356,0.16567732754397832,1.0,rule_side
ext50bps_further0bps_entry22c,YES,85,37,0.05405405405405406,0.25882352941176473,-17.405405405405407,-22.0,"-13.50,-22.00,-22.00,-12.56",0,8,-22.0,0.05405405405405406,0.02702702702702703,5.4324324324324325,60.541080462347374,60.706757789891356,0.16567732754397832,1.0,rule_side
ext50bps_further0bps_entry22c,YES,99,37,0.05405405405405406,0.2222222222222222,-16.64864864864865,-22.0,"-12.10,-22.00,-22.00,-11.00",0,8,-22.0,0.05405405405405406,0.02702702702702703,5.4324324324324325,60.541080462347374,60.706757789891356,0.16567732754397832,1.0,rule_side
ext50bps_further0bps_entry23c,NO,45,42,0.023809523809523808,0.5111111111111111,-21.928571428571427,-23.0,"-23.00,-23.00,-18.91,-23.00",0,8,-23.0,0.023809523809523808,0.0,5.666666666666667,60.45326163881379,61.022130650200886,0.5688690113871034,0.0,rule_side
ext50bps_further0bps_entry23c,NO,50,42,0.023809523809523808,0.46,-21.80952380952381,-23.0,"-23.00,-23.00,-18.45,-23.00",0,8,-23.0,0.023809523809523808,0.0,5.666666666666667,60.45326163881379,61.022130650200886,0.5688690113871034,0.0,rule_side
ext50bps_further0bps_entry23c,NO,55,42,0.023809523809523808,0.41818181818181815,-21.69047619047619,-23.0,"-23.00,-23.00,-18.00,-23.00",0,8,-23.0,0.023809523809523808,0.0,5.666666666666667,60.45326163881379,61.022130650200886,0.5688690113871034,0.0,rule_side
ext50bps_further0bps_entry23c,NO,60,42,0.023809523809523808,0.38333333333333336,-21.571428571428573,-23.0,"-23.00,-23.00,-17.55,-23.00",0,8,-23.0,0.023809523809523808,0.0,5.666666666666667,60.45326163881379,61.022130650200886,0.5688690113871034,0.0,rule_side
ext50bps_further0bps_entry23c,NO,65,42,0.023809523809523808,0.35384615384615387,-21.452380952380953,-23.0,"-23.00,-23.00,-17.09,-23.00",0,8,-23.0,0.023809523809523808,0.0,5.666666666666667,60.45326163881379,61.022130650200886,0.5688690113871034,0.0,rule_side
ext50bps_further0bps_entry23c,NO,70,42,0.023809523809523808,0.32857142857142857,-21.333333333333332,-23.0,"-23.00,-23.00,-16.64,-23.00",0,8,-23.0,0.023809523809523808,0.0,5.666666666666667,60.45326163881379,61.022130650200886,0.5688690113871034,0.0,rule_side
ext50bps_further0bps_entry23c,NO,75,42,0.023809523809523808,0.30666666666666664,-21.214285714285715,-23.0,"-23.00,-23.00,-16.18,-23.00",0,8,-23.0,0.023809523809523808,0.0,5.666666666666667,60.45326163881379,61.022130650200886,0.5688690113871034,0.0,rule_side
ext50bps_further0bps_entry23c,NO,80,42,0.023809523809523808,0.2875,-21.095238095238095,-23.0,"-23.00,-23.00,-15.73,-23.00",0,8,-23.0,0.023809523809523808,0.0,5.666666666666667,60.45326163881379,61.022130650200886,0.5688690113871034,0.0,rule_side
ext50bps_further0bps_entry23c,NO,85,42,0.023809523809523808,0.27058823529411763,-20.976190476190474,-23.0,"-23.00,-23.00,-15.27,-23.00",0,8,-23.0,0.023809523809523808,0.0,5.666666666666667,60.45326163881379,61.022130650200886,0.5688690113871034,0.0,rule_side
ext50bps_further0bps_entry23c,NO,99,42,0.023809523809523808,0.23232323232323232,-20.642857142857142,-23.0,"-23.00,-23.00,-14.00,-23.00",0,8,-23.0,0.023809523809523808,0.0,5.666666666666667,60.45326163881379,61.022130650200886,0.5688690113871034,0.0,rule_side
ext50bps_further0bps_entry23c,YES,45,37,0.05405405405405406,0.5111111111111111,-20.56756756756757,-23.0,"-18.50,-23.00,-23.00,-18.00",0,8,-23.0,0.05405405405405406,0.02702702702702703,5.4324324324324325,60.541080462347374,60.706757789891356,0.16567732754397832,1.0,rule_side
ext50bps_further0bps_entry23c,YES,50,37,0.05405405405405406,0.46,-20.2972972972973,-23.0,"-18.00,-23.00,-23.00,-17.44",0,8,-23.0,0.05405405405405406,0.02702702702702703,5.4324324324324325,60.541080462347374,60.706757789891356,0.16567732754397832,1.0,rule_side
ext50bps_further0bps_entry23c,YES,55,37,0.05405405405405406,0.41818181818181815,-20.027027027027028,-23.0,"-17.50,-23.00,-23.00,-16.89",0,8,-23.0,0.05405405405405406,0.02702702702702703,5.4324324324324325,60.541080462347374,60.706757789891356,0.16567732754397832,1.0,rule_side
ext50bps_further0bps_entry23c,YES,60,37,0.05405405405405406,0.38333333333333336,-19.756756756756758,-23.0,"-17.00,-23.00,-23.00,-16.33",0,8,-23.0,0.05405405405405406,0.02702702702702703,5.4324324324324325,60.541080462347374,60.706757789891356,0.16567732754397832,1.0,rule_side
ext50bps_further0bps_entry23c,YES,65,37,0.05405405405405406,0.35384615384615387,-19.486486486486488,-23.0,"-16.50,-23.00,-23.00,-15.78",0,8,-23.0,0.05405405405405406,0.02702702702702703,5.4324324324324325,60.541080462347374,60.706757789891356,0.16567732754397832,1.0,rule_side
ext50bps_further0bps_entry23c,YES,70,37,0.05405405405405406,0.32857142857142857,-19.216216216216218,-23.0,"-16.00,-23.00,-23.00,-15.22",0,8,-23.0,0.05405405405405406,0.02702702702702703,5.4324324324324325,60.541080462347374,60.706757789891356,0.16567732754397832,1.0,rule_side
ext50bps_further0bps_entry23c,YES,75,37,0.05405405405405406,0.30666666666666664,-18.945945945945947,-23.0,"-15.50,-23.00,-23.00,-14.67",0,8,-23.0,0.05405405405405406,0.02702702702702703,5.4324324324324325,60.541080462347374,60.706757789891356,0.16567732754397832,1.0,rule_side
ext50bps_further0bps_entry23c,YES,80,37,0.05405405405405406,0.2875,-18.675675675675677,-23.0,"-15.00,-23.00,-23.00,-14.11",0,8,-23.0,0.05405405405405406,0.02702702702702703,5.4324324324324325,60.541080462347374,60.706757789891356,0.16567732754397832,1.0,rule_side
ext50bps_further0bps_entry23c,YES,85,37,0.05405405405405406,0.27058823529411763,-18.405405405405407,-23.0,"-14.50,-23.00,-23.00,-13.56",0,8,-23.0,0.05405405405405406,0.02702702702702703,5.4324324324324325,60.541080462347374,60.706757789891356,0.16567732754397832,1.0,rule_side
ext50bps_further0bps_entry23c,YES,99,37,0.05405405405405406,0.23232323232323232,-17.64864864864865,-23.0,"-13.10,-23.00,-23.00,-12.00",0,8,-23.0,0.05405405405405406,0.02702702702702703,5.4324324324324325,60.541080462347374,60.706757789891356,0.16567732754397832,1.0,rule_side
ext50bps_further0bps_entry24c,NO,45,42,0.023809523809523808,0.5333333333333333,-22.928571428571427,-24.0,"-24.00,-24.00,-19.91,-24.00",0,8,-24.0,0.023809523809523808,0.0,5.666666666666667,60.45326163881379,61.022130650200886,0.5688690113871034,0.0,rule_side
ext50bps_further0bps_entry24c,NO,50,42,0.023809523809523808,0.48,-22.80952380952381,-24.0,"-24.00,-24.00,-19.45,-24.00",0,8,-24.0,0.023809523809523808,0.0,5.666666666666667,60.45326163881379,61.022130650200886,0.5688690113871034,0.0,rule_side
ext50bps_further0bps_entry24c,NO,55,42,0.023809523809523808,0.43636363636363634,-22.69047619047619,-24.0,"-24.00,-24.00,-19.00,-24.00",0,8,-24.0,0.023809523809523808,0.0,5.666666666666667,60.45326163881379,61.022130650200886,0.5688690113871034,0.0,rule_side
ext50bps_further0bps_entry24c,NO,60,42,0.023809523809523808,0.4,-22.571428571428573,-24.0,"-24.00,-24.00,-18.55,-24.00",0,8,-24.0,0.023809523809523808,0.0,5.666666666666667,60.45326163881379,61.022130650200886,0.5688690113871034,0.0,rule_side
ext50bps_further0bps_entry24c,NO,65,42,0.023809523809523808,0.36923076923076925,-22.452380952380953,-24.0,"-24.00,-24.00,-18.09,-24.00",0,8,-24.0,0.023809523809523808,0.0,5.666666666666667,60.45326163881379,61.022130650200886,0.5688690113871034,0.0,rule_side
ext50bps_further0bps_entry24c,NO,70,42,0.023809523809523808,0.34285714285714286,-22.333333333333332,-24.0,"-24.00,-24.00,-17.64,-24.00",0,8,-24.0,0.023809523809523808,0.0,5.666666666666667,60.45326163881379,61.022130650200886,0.5688690113871034,0.0,rule_side
ext50bps_further0bps_entry24c,NO,75,42,0.023809523809523808,0.32,-22.214285714285715,-24.0,"-24.00,-24.00,-17.18,-24.00",0,8,-24.0,0.023809523809523808,0.0,5.666666666666667,60.45326163881379,61.022130650200886,0.5688690113871034,0.0,rule_side
ext50bps_further0bps_entry24c,NO,80,42,0.023809523809523808,0.3,-22.095238095238095,-24.0,"-24.00,-24.00,-16.73,-24.00",0,8,-24.0,0.023809523809523808,0.0,5.666666666666667,60.45326163881379,61.022130650200886,0.5688690113871034,0.0,rule_side
ext50bps_further0bps_entry24c,NO,85,42,0.023809523809523808,0.2823529411764706,-21.976190476190474,-24.0,"-24.00,-24.00,-16.27,-24.00",0,8,-24.0,0.023809523809523808,0.0,5.666666666666667,60.45326163881379,61.022130650200886,0.5688690113871034,0.0,rule_side
ext50bps_further0bps_entry24c,NO,99,42,0.023809523809523808,0.24242424242424243,-21.642857142857142,-24.0,"-24.00,-24.00,-15.00,-24.00",0,8,-24.0,0.023809523809523808,0.0,5.666666666666667,60.45326163881379,61.022130650200886,0.5688690113871034,0.0,rule_side
ext50bps_further0bps_entry24c,YES,45,37,0.05405405405405406,0.5333333333333333,-21.56756756756757,-24.0,"-19.50,-24.00,-24.00,-19.00",0,8,-24.0,0.05405405405405406,0.02702702702702703,5.4324324324324325,60.541080462347374,60.706757789891356,0.16567732754397832,1.0,rule_side
ext50bps_further0bps_entry24c,YES,50,37,0.05405405405405406,0.48,-21.2972972972973,-24.0,"-19.00,-24.00,-24.00,-18.44",0,8,-24.0,0.05405405405405406,0.02702702702702703,5.4324324324324325,60.541080462347374,60.706757789891356,0.16567732754397832,1.0,rule_side
ext50bps_further0bps_entry24c,YES,55,37,0.05405405405405406,0.43636363636363634,-21.027027027027028,-24.0,"-18.50,-24.00,-24.00,-17.89",0,8,-24.0,0.05405405405405406,0.02702702702702703,5.4324324324324325,60.541080462347374,60.706757789891356,0.16567732754397832,1.0,rule_side
ext50bps_further0bps_entry24c,YES,60,37,0.05405405405405406,0.4,-20.756756756756758,-24.0,"-18.00,-24.00,-24.00,-17.33",0,8,-24.0,0.05405405405405406,0.02702702702702703,5.4324324324324325,60.541080462347374,60.706757789891356,0.16567732754397832,1.0,rule_side
ext50bps_further0bps_entry24c,YES,65,37,0.05405405405405406,0.36923076923076925,-20.486486486486488,-24.0,"-17.50,-24.00,-24.00,-16.78",0,8,-24.0,0.05405405405405406,0.02702702702702703,5.4324324324324325,60.541080462347374,60.706757789891356,0.16567732754397832,1.0,rule_side
ext50bps_further0bps_entry24c,YES,70,37,0.05405405405405406,0.34285714285714286,-20.216216216216218,-24.0,"-17.00,-24.00,-24.00,-16.22",0,8,-24.0,0.05405405405405406,0.02702702702702703,5.4324324324324325,60.541080462347374,60.706757789891356,0.16567732754397832,1.0,rule_side
ext50bps_further0bps_entry24c,YES,75,37,0.05405405405405406,0.32,-19.945945945945947,-24.0,"-16.50,-24.00,-24.00,-15.67",0,8,-24.0,0.05405405405405406,0.02702702702702703,5.4324324324324325,60.541080462347374,60.706757789891356,0.16567732754397832,1.0,rule_side
ext50bps_further0bps_entry24c,YES,80,37,0.05405405405405406,0.3,-19.675675675675677,-24.0,"-16.00,-24.00,-24.00,-15.11",0,8,-24.0,0.05405405405405406,0.02702702702702703,5.4324324324324325,60.541080462347374,60.706757789891356,0.16567732754397832,1.0,rule_side
ext50bps_further0bps_entry24c,YES,85,37,0.05405405405405406,0.2823529411764706,-19.405405405405407,-24.0,"-15.50,-24.00,-24.00,-14.56",0,8,-24.0,0.05405405405405406,0.02702702702702703,5.4324324324324325,60.541080462347374,60.706757789891356,0.16567732754397832,1.0,rule_side
ext50bps_further0bps_entry24c,YES,99,37,0.05405405405405406,0.24242424242424243,-18.64864864864865,-24.0,"-14.10,-24.00,-24.00,-13.00",0,8,-24.0,0.05405405405405406,0.02702702702702703,5.4324324324324325,60.541080462347374,60.706757789891356,0.16567732754397832,1.0,rule_side
ext50bps_further0bps_entry25c,NO,45,42,0.023809523809523808,0.5555555555555556,-23.928571428571427,-25.0,"-25.00,-25.00,-20.91,-25.00",0,8,-25.0,0.023809523809523808,0.0,5.666666666666667,60.45326163881379,61.022130650200886,0.5688690113871034,0.0,rule_side
ext50bps_further0bps_entry25c,NO,50,42,0.023809523809523808,0.5,-23.80952380952381,-25.0,"-25.00,-25.00,-20.45,-25.00",0,8,-25.0,0.023809523809523808,0.0,5.666666666666667,60.45326163881379,61.022130650200886,0.5688690113871034,0.0,rule_side
ext50bps_further0bps_entry25c,NO,55,42,0.023809523809523808,0.45454545454545453,-23.69047619047619,-25.0,"-25.00,-25.00,-20.00,-25.00",0,8,-25.0,0.023809523809523808,0.0,5.666666666666667,60.45326163881379,61.022130650200886,0.5688690113871034,0.0,rule_side
ext50bps_further0bps_entry25c,NO,60,42,0.023809523809523808,0.4166666666666667,-23.571428571428573,-25.0,"-25.00,-25.00,-19.55,-25.00",0,8,-25.0,0.023809523809523808,0.0,5.666666666666667,60.45326163881379,61.022130650200886,0.5688690113871034,0.0,rule_side
ext50bps_further0bps_entry25c,NO,65,42,0.023809523809523808,0.38461538461538464,-23.452380952380953,-25.0,"-25.00,-25.00,-19.09,-25.00",0,8,-25.0,0.023809523809523808,0.0,5.666666666666667,60.45326163881379,61.022130650200886,0.5688690113871034,0.0,rule_side
ext50bps_further0bps_entry25c,NO,70,42,0.023809523809523808,0.35714285714285715,-23.333333333333332,-25.0,"-25.00,-25.00,-18.64,-25.00",0,8,-25.0,0.023809523809523808,0.0,5.666666666666667,60.45326163881379,61.022130650200886,0.5688690113871034,0.0,rule_side
ext50bps_further0bps_entry25c,NO,75,42,0.023809523809523808,0.3333333333333333,-23.214285714285715,-25.0,"-25.00,-25.00,-18.18,-25.00",0,8,-25.0,0.023809523809523808,0.0,5.666666666666667,60.45326163881379,61.022130650200886,0.5688690113871034,0.0,rule_side
ext50bps_further0bps_entry25c,NO,80,42,0.023809523809523808,0.3125,-23.095238095238095,-25.0,"-25.00,-25.00,-17.73,-25.00",0,8,-25.0,0.023809523809523808,0.0,5.666666666666667,60.45326163881379,61.022130650200886,0.5688690113871034,0.0,rule_side
ext50bps_further0bps_entry25c,NO,85,42,0.023809523809523808,0.29411764705882354,-22.976190476190474,-25.0,"-25.00,-25.00,-17.27,-25.00",0,8,-25.0,0.023809523809523808,0.0,5.666666666666667,60.45326163881379,61.022130650200886,0.5688690113871034,0.0,rule_side
ext50bps_further0bps_entry25c,NO,99,42,0.023809523809523808,0.25252525252525254,-22.642857142857142,-25.0,"-25.00,-25.00,-16.00,-25.00",0,8,-25.0,0.023809523809523808,0.0,5.666666666666667,60.45326163881379,61.022130650200886,0.5688690113871034,0.0,rule_side
ext50bps_further0bps_entry25c,YES,45,37,0.05405405405405406,0.5555555555555556,-22.56756756756757,-25.0,"-20.50,-25.00,-25.00,-20.00",0,8,-25.0,0.05405405405405406,0.02702702702702703,5.4324324324324325,60.541080462347374,60.706757789891356,0.16567732754397832,1.0,rule_side
ext50bps_further0bps_entry25c,YES,50,37,0.05405405405405406,0.5,-22.2972972972973,-25.0,"-20.00,-25.00,-25.00,-19.44",0,8,-25.0,0.05405405405405406,0.02702702702702703,5.4324324324324325,60.541080462347374,60.706757789891356,0.16567732754397832,1.0,rule_side
ext50bps_further0bps_entry25c,YES,55,37,0.05405405405405406,0.45454545454545453,-22.027027027027028,-25.0,"-19.50,-25.00,-25.00,-18.89",0,8,-25.0,0.05405405405405406,0.02702702702702703,5.4324324324324325,60.541080462347374,60.706757789891356,0.16567732754397832,1.0,rule_side
ext50bps_further0bps_entry25c,YES,60,37,0.05405405405405406,0.4166666666666667,-21.756756756756758,-25.0,"-19.00,-25.00,-25.00,-18.33",0,8,-25.0,0.05405405405405406,0.02702702702702703,5.4324324324324325,60.541080462347374,60.706757789891356,0.16567732754397832,1.0,rule_side
ext50bps_further0bps_entry25c,YES,65,37,0.05405405405405406,0.38461538461538464,-21.486486486486488,-25.0,"-18.50,-25.00,-25.00,-17.78",0,8,-25.0,0.05405405405405406,0.02702702702702703,5.4324324324324325,60.541080462347374,60.706757789891356,0.16567732754397832,1.0,rule_side
ext50bps_further0bps_entry25c,YES,70,37,0.05405405405405406,0.35714285714285715,-21.216216216216218,-25.0,"-18.00,-25.00,-25.00,-17.22",0,8,-25.0,0.05405405405405406,0.02702702702702703,5.4324324324324325,60.541080462347374,60.706757789891356,0.16567732754397832,1.0,rule_side
ext50bps_further0bps_entry25c,YES,75,37,0.05405405405405406,0.3333333333333333,-20.945945945945947,-25.0,"-17.50,-25.00,-25.00,-16.67",0,8,-25.0,0.05405405405405406,0.02702702702702703,5.4324324324324325,60.541080462347374,60.706757789891356,0.16567732754397832,1.0,rule_side
ext50bps_further0bps_entry25c,YES,80,37,0.05405405405405406,0.3125,-20.675675675675677,-25.0,"-17.00,-25.00,-25.00,-16.11",0,8,-25.0,0.05405405405405406,0.02702702702702703,5.4324324324324325,60.541080462347374,60.706757789891356,0.16567732754397832,1.0,rule_side
ext50bps_further0bps_entry25c,YES,85,37,0.05405405405405406,0.29411764705882354,-20.405405405405407,-25.0,"-16.50,-25.00,-25.00,-15.56",0,8,-25.0,0.05405405405405406,0.02702702702702703,5.4324324324324325,60.541080462347374,60.706757789891356,0.16567732754397832,1.0,rule_side
ext50bps_further0bps_entry25c,YES,99,37,0.05405405405405406,0.25252525252525254,-19.64864864864865,-25.0,"-15.10,-25.00,-25.00,-14.00",0,8,-25.0,0.05405405405405406,0.02702702702702703,5.4324324324324325,60.541080462347374,60.706757789891356,0.16567732754397832,1.0,rule_side
